id,species,name,low_frequency,zero_percentage,below_52db_percentage,complete_loss,max_mfe_db,strongest_band,strongest_center_hz,first_band_is_strongest,strongest_frequency_region
221149,an arabiensis,IFA_17_26_666.wav,0,99.87373737373737,99.87373737373737,False,-50.35922219531213,0,44.37407700982649,True,<100 Hz
221149,an arabiensis,IFA_17_26_666.wav,100,99.94949494949495,99.94949494949495,False,-50.35922219531213,6,502.37884079729855,False,300-800 Hz
221149,an arabiensis,IFA_17_26_666.wav,150,99.97474747474747,99.94949494949495,False,-50.28512934338174,6,564.3726097218181,False,300-800 Hz
221149,an arabiensis,IFA_17_26_666.wav,200,99.97474747474747,99.97474747474747,False,-51.787099719419565,5,554.3806613018434,False,300-800 Hz
221149,an arabiensis,IFA_17_26_666.wav,300,99.94949494949495,99.94949494949495,False,-50.35922219531213,9,994.9271530483034,False,800-2000 Hz
221150,an arabiensis,IFA_17_26_666.wav,0,99.16666666666667,99.14141414141415,False,-46.25724139669033,0,44.37407700982649,True,<100 Hz
221150,an arabiensis,IFA_17_26_666.wav,100,99.62121212121212,99.62121212121212,False,-45.159747321844215,6,502.37884079729855,False,300-800 Hz
221150,an arabiensis,IFA_17_26_666.wav,150,99.64646464646465,99.5959595959596,False,-45.943104780761665,5,494.64394366172684,False,300-800 Hz
221150,an arabiensis,IFA_17_26_666.wav,200,99.64646464646465,99.5959595959596,False,-46.05628082820904,5,554.3806613018434,False,300-800 Hz
221150,an arabiensis,IFA_17_26_666.wav,300,99.67171717171716,99.64646464646465,False,-46.25724139669033,3,534.9813946953967,False,300-800 Hz
221145,culex pipiens complex,IFA_17_28_668.wav,0,98.58585858585859,98.53535353535354,False,-46.56526001513648,12,856.358507538126,False,800-2000 Hz
221145,culex pipiens complex,IFA_17_28_668.wav,100,98.88888888888889,98.86363636363636,False,-46.12660099144354,33,5088.525017110928,False,>=2000 Hz
221145,culex pipiens complex,IFA_17_28_668.wav,150,98.86363636363636,98.81313131313131,False,-46.31282408127287,10,886.4319670625546,False,800-2000 Hz
221145,culex pipiens complex,IFA_17_28_668.wav,200,98.7878787878788,98.73737373737373,False,-46.78295786461475,9,865.1425927882087,False,800-2000 Hz
221145,culex pipiens complex,IFA_17_28_668.wav,300,98.86363636363636,98.83838383838383,False,-47.41711652906105,32,5004.24831571783,False,>=2000 Hz
221146,culex pipiens complex,IFA_17_28_668.wav,0,98.61111111111111,98.53535353535354,False,-43.94013249703704,12,856.358507538126,False,800-2000 Hz
221146,culex pipiens complex,IFA_17_28_668.wav,100,98.66161616161617,98.66161616161617,False,-43.56112797521924,11,908.5521219032305,False,800-2000 Hz
221146,culex pipiens complex,IFA_17_28_668.wav,150,98.58585858585859,98.53535353535354,False,-43.89985821744894,10,886.4319670625546,False,800-2000 Hz
221146,culex pipiens complex,IFA_17_28_668.wav,200,98.81313131313131,98.7878787878788,False,-44.33415518979655,9,865.1425927882087,False,800-2000 Hz
221146,culex pipiens complex,IFA_17_28_668.wav,300,98.63636363636363,98.61111111111111,False,-43.850223319101204,8,907.814472208775,False,800-2000 Hz
221144,culex pipiens complex,IFA_17_28_668.wav,0,98.28282828282828,98.28282828282828,False,-32.39288884624017,0,44.37407700982649,True,<100 Hz
221144,culex pipiens complex,IFA_17_28_668.wav,100,99.64646464646465,99.5959595959596,False,-46.84559356876662,27,3382.2099706881345,False,>=2000 Hz
221144,culex pipiens complex,IFA_17_28_668.wav,150,99.5959595959596,99.57070707070706,False,-46.84559356876662,27,3461.439059913137,False,>=2000 Hz
221144,culex pipiens complex,IFA_17_28_668.wav,200,99.62121212121212,99.62121212121212,False,-46.84559356876662,28,3778.6339888939056,False,>=2000 Hz
221144,culex pipiens complex,IFA_17_28_668.wav,300,99.57070707070706,99.4949494949495,False,-47.15272547976979,26,3456.308740446091,False,>=2000 Hz
221132,culex pipiens complex,IFA_17_35_675.wav,0,99.69696969696969,99.67171717171716,False,-49.928417437857505,30,4005.299254580609,False,>=2000 Hz
221132,culex pipiens complex,IFA_17_35_675.wav,100,99.8989898989899,99.87373737373737,False,-51.04996333003651,29,3886.19867245134,False,>=2000 Hz
221132,culex pipiens complex,IFA_17_35_675.wav,150,99.92424242424242,99.87373737373737,False,-51.304155455643254,29,3961.4038001847744,False,>=2000 Hz
221132,culex pipiens complex,IFA_17_35_675.wav,200,99.79797979797979,99.77272727272727,False,-50.45415411364846,29,4033.4382048519074,False,>=2000 Hz
221132,culex pipiens complex,IFA_17_35_675.wav,300,99.87373737373737,99.87373737373737,False,-51.04996333003651,28,3918.894130890742,False,>=2000 Hz
221131,culex pipiens complex,IFA_17_35_675.wav,0,78.13131313131314,77.6010101010101,False,-28.839282302785012,27,3212.9801845162688,False,>=2000 Hz
221131,culex pipiens complex,IFA_17_35_675.wav,100,78.0050505050505,77.70202020202021,False,-29.168469575382545,26,3151.3818245654097,False,>=2000 Hz
221131,culex pipiens complex,IFA_17_35_675.wav,150,78.56060606060606,78.15656565656566,False,-28.493057629610867,18,1797.5500446410404,False,800-2000 Hz
221131,culex pipiens complex,IFA_17_35_675.wav,200,78.08080808080808,77.75252525252525,False,-28.920918187134696,17,1736.7054285722647,False,800-2000 Hz
221131,culex pipiens complex,IFA_17_35_675.wav,300,77.95454545454545,77.67676767676768,False,-29.0968681015871,16,1752.2049416525224,False,800-2000 Hz
221133,culex pipiens complex,IFA_17_38_678.wav,0,89.94949494949495,89.62121212121212,False,-26.958591596233603,38,6993.657556191134,False,>=2000 Hz
221133,culex pipiens complex,IFA_17_38_678.wav,100,90.07575757575758,89.77272727272727,False,-26.978930218111323,38,7043.93550770528,False,>=2000 Hz
221133,culex pipiens complex,IFA_17_38_678.wav,150,90.17676767676768,89.79797979797979,False,-26.978930218111323,38,7066.870533681113,False,>=2000 Hz
221133,culex pipiens complex,IFA_17_38_678.wav,200,90.02525252525253,89.77272727272727,False,-27.11282981523748,38,7088.556459474228,False,>=2000 Hz
221133,culex pipiens complex,IFA_17_38_678.wav,300,90.30303030303031,90.12626262626262,False,-26.742622118374342,38,7128.689079502165,False,>=2000 Hz
221151,culex pipiens complex,IFA_18_13_693.wav,0,98.68686868686869,98.66161616161617,False,-36.86065236149636,0,44.37407700982649,True,<100 Hz
221151,culex pipiens complex,IFA_18_13_693.wav,100,99.54545454545455,99.54545454545455,False,-37.47205956224208,32,4761.213460851244,False,>=2000 Hz
221151,culex pipiens complex,IFA_18_13_693.wav,150,99.54545454545455,99.54545454545455,False,-37.05075303557794,32,4826.198821544699,False,>=2000 Hz
221151,culex pipiens complex,IFA_18_13_693.wav,200,99.54545454545455,99.52020202020202,False,-36.9342128454264,32,4888.1767232060765,False,>=2000 Hz
221151,culex pipiens complex,IFA_18_13_693.wav,300,99.52020202020202,99.52020202020202,False,-37.52270327335929,32,5004.24831571783,False,>=2000 Hz
221128,culex pipiens complex,IFA_18_18_698.wav,0,98.83838383838383,98.7878787878788,False,-46.72047932552471,0,44.37407700982649,True,<100 Hz
221128,culex pipiens complex,IFA_18_18_698.wav,100,99.04040404040404,98.96464646464646,False,-46.71072306176943,34,5435.453615558967,False,>=2000 Hz
221128,culex pipiens complex,IFA_18_18_698.wav,150,98.98989898989899,98.98989898989899,False,-46.438770952948296,34,5490.128899271392,False,>=2000 Hz
221128,culex pipiens complex,IFA_18_18_698.wav,200,99.0909090909091,99.06565656565657,False,-46.750290825197084,34,5542.124294130725,False,>=2000 Hz
221128,culex pipiens complex,IFA_18_18_698.wav,300,99.14141414141415,99.06565656565657,False,-47.325359499628014,34,5639.114996491976,False,>=2000 Hz
221130,culex pipiens complex,IFA_18_18_698.wav,0,99.69696969696969,99.69696969696969,False,-48.73996424387518,0,44.37407700982649,True,<100 Hz
221130,culex pipiens complex,IFA_18_18_698.wav,100,99.8989898989899,99.8989898989899,False,-51.18573098934783,6,502.37884079729855,False,300-800 Hz
221130,culex pipiens complex,IFA_18_18_698.wav,150,99.94949494949495,99.94949494949495,False,-50.789587056738455,20,2097.6113795318697,False,>=2000 Hz
221130,culex pipiens complex,IFA_18_18_698.wav,200,99.8989898989899,99.8989898989899,False,-50.34306267688681,5,554.3806613018434,False,300-800 Hz
221130,culex pipiens complex,IFA_18_18_698.wav,300,99.8989898989899,99.8989898989899,False,-51.18573098934783,3,534.9813946953967,False,300-800 Hz
221129,culex pipiens complex,IFA_18_18_698.wav,0,99.62121212121212,99.62121212121212,False,-44.926999956638866,0,44.37407700982649,True,<100 Hz
221129,culex pipiens complex,IFA_18_18_698.wav,100,99.79797979797979,99.79797979797979,False,-44.926999956638866,6,502.37884079729855,False,300-800 Hz
221129,culex pipiens complex,IFA_18_18_698.wav,150,99.82323232323232,99.82323232323232,False,-44.44686514950595,6,564.3726097218181,False,300-800 Hz
221129,culex pipiens complex,IFA_18_18_698.wav,200,99.84848484848486,99.84848484848486,False,-45.480890785111455,5,554.3806613018434,False,300-800 Hz
221129,culex pipiens complex,IFA_18_18_698.wav,300,99.82323232323232,99.82323232323232,False,-44.926999956638866,3,534.9813946953967,False,300-800 Hz
221147,culex pipiens complex,IFA_18_19_699.wav,0,98.35858585858585,98.28282828282828,False,-40.46441324295539,0,44.37407700982649,True,<100 Hz
221147,culex pipiens complex,IFA_18_19_699.wav,100,99.24242424242425,99.11616161616162,False,-40.46441324295539,7,574.4420356195228,False,300-800 Hz
221147,culex pipiens complex,IFA_18_19_699.wav,150,99.21717171717171,99.16666666666667,False,-39.40111804802228,6,564.3726097218181,False,300-800 Hz
221147,culex pipiens complex,IFA_18_19_699.wav,200,99.19191919191918,99.11616161616162,False,-40.2326488723718,5,554.3806613018434,False,300-800 Hz
221147,culex pipiens complex,IFA_18_19_699.wav,300,99.26767676767678,99.16666666666667,False,-40.46441324295539,4,601.8936796253,False,300-800 Hz
221116,culex pipiens complex,IFA_18_21_701.wav,0,98.28282828282828,98.28282828282828,False,-36.44216163397048,0,44.37407700982649,True,<100 Hz
221116,culex pipiens complex,IFA_18_21_701.wav,100,98.91414141414141,98.88888888888889,False,-42.9279412527206,34,5435.453615558967,False,>=2000 Hz
221116,culex pipiens complex,IFA_18_21_701.wav,150,98.91414141414141,98.88888888888889,False,-42.9279412527206,33,5148.750552755978,False,>=2000 Hz
221116,culex pipiens complex,IFA_18_21_701.wav,200,98.98989898989899,98.96464646464646,False,-42.82380145932663,33,5206.106474135096,False,>=2000 Hz
221116,culex pipiens complex,IFA_18_21_701.wav,300,98.83838383838383,98.81313131313131,False,-42.96999692101227,37,6726.324829246307,False,>=2000 Hz
221141,culex pipiens complex,IFA_18_23_703.wav,0,98.7878787878788,98.76262626262627,False,-42.264470335461624,0,44.37407700982649,True,<100 Hz
221141,culex pipiens complex,IFA_18_23_703.wav,100,99.24242424242425,99.19191919191918,False,-42.75533175121556,34,5435.453615558967,False,>=2000 Hz
221141,culex pipiens complex,IFA_18_23_703.wav,150,99.26767676767678,99.24242424242425,False,-43.39865402206274,34,5490.128899271392,False,>=2000 Hz
221141,culex pipiens complex,IFA_18_23_703.wav,200,99.26767676767678,99.21717171717171,False,-42.81764336362586,34,5542.124294130725,False,>=2000 Hz
221141,culex pipiens complex,IFA_18_23_703.wav,300,99.21717171717171,99.21717171717171,False,-42.58715918879183,34,5639.114996491976,False,>=2000 Hz
221142,culex pipiens complex,IFA_18_23_703.wav,0,98.35858585858585,98.28282828282828,False,-40.828485086325976,0,44.37407700982649,True,<100 Hz
221142,culex pipiens complex,IFA_18_23_703.wav,100,99.67171717171716,99.64646464646465,False,-40.504942629738245,27,3382.2099706881345,False,>=2000 Hz
221142,culex pipiens complex,IFA_18_23_703.wav,150,99.62121212121212,99.62121212121212,False,-40.828485086325976,27,3461.439059913137,False,>=2000 Hz
221142,culex pipiens complex,IFA_18_23_703.wav,200,99.72222222222223,99.67171717171716,False,-40.955679217685095,27,3537.5460581518873,False,>=2000 Hz
221142,culex pipiens complex,IFA_18_23_703.wav,300,99.67171717171716,99.64646464646465,False,-41.116145197789834,26,3456.308740446091,False,>=2000 Hz
221100,culex pipiens complex,IFA_18_28_708.wav,0,99.4949494949495,99.44444444444444,False,-46.01183597257821,30,4005.299254580609,False,>=2000 Hz
221100,culex pipiens complex,IFA_18_28_708.wav,100,99.46969696969697,99.44444444444444,False,-45.02368497942751,29,3886.19867245134,False,>=2000 Hz
221100,culex pipiens complex,IFA_18_28_708.wav,150,99.4949494949495,99.46969696969697,False,-45.09012851556147,29,3961.4038001847744,False,>=2000 Hz
221100,culex pipiens complex,IFA_18_28_708.wav,200,99.57070707070706,99.54545454545455,False,-44.93049601108575,29,4033.4382048519074,False,>=2000 Hz
221100,culex pipiens complex,IFA_18_28_708.wav,300,99.54545454545455,99.4949494949495,False,-44.870686070116335,32,5004.24831571783,False,>=2000 Hz
221118,culex pipiens complex,IFA_18_31_711.wav,0,96.01010101010101,95.85858585858585,False,-34.749403036427864,9,594.2853728317884,False,300-800 Hz
221118,culex pipiens complex,IFA_18_31_711.wav,100,96.6161616161616,96.41414141414143,False,-34.749403036427864,7,574.4420356195228,False,300-800 Hz
221118,culex pipiens complex,IFA_18_31_711.wav,150,96.46464646464646,96.41414141414143,False,-34.325812503511976,6,564.3726097218181,False,300-800 Hz
221118,culex pipiens complex,IFA_18_31_711.wav,200,96.5909090909091,96.54040404040404,False,-35.42041565047715,6,625.7465022498844,False,300-800 Hz
221118,culex pipiens complex,IFA_18_31_711.wav,300,96.48989898989899,96.41414141414143,False,-34.749403036427864,4,601.8936796253,False,300-800 Hz
221117,culex pipiens complex,IFA_18_31_711.wav,0,98.58585858585859,98.45959595959596,False,-41.950476546682516,0,44.37407700982649,True,<100 Hz
221117,culex pipiens complex,IFA_18_31_711.wav,100,99.31818181818181,99.26767676767678,False,-48.01559192551264,29,3886.19867245134,False,>=2000 Hz
221117,culex pipiens complex,IFA_18_31_711.wav,150,99.26767676767678,99.24242424242425,False,-47.21509954713281,29,3961.4038001847744,False,>=2000 Hz
221117,culex pipiens complex,IFA_18_31_711.wav,200,99.26767676767678,99.24242424242425,False,-47.938829314360554,29,4033.4382048519074,False,>=2000 Hz
221117,culex pipiens complex,IFA_18_31_711.wav,300,99.41919191919192,99.36868686868688,False,-47.21509954713281,28,3918.894130890742,False,>=2000 Hz
221164,an funestus ss,IFA_18_36_716.wav,0,97.62626262626263,97.6010101010101,False,-36.08566926247955,0,44.37407700982649,True,<100 Hz
221164,an funestus ss,IFA_18_36_716.wav,100,99.41919191919192,99.39393939393939,False,-43.22289256501005,27,3382.2099706881345,False,>=2000 Hz
221164,an funestus ss,IFA_18_36_716.wav,150,99.44444444444444,99.41919191919192,False,-43.20073489324421,27,3461.439059913137,False,>=2000 Hz
221164,an funestus ss,IFA_18_36_716.wav,200,99.44444444444444,99.44444444444444,False,-43.34034793357392,29,4033.4382048519074,False,>=2000 Hz
221164,an funestus ss,IFA_18_36_716.wav,300,99.46969696969697,99.46969696969697,False,-43.55398651413702,26,3456.308740446091,False,>=2000 Hz
221201,an arabiensis,IFA_18_37_717.wav,0,96.96969696969697,96.86868686868686,False,-40.359239360559314,0,44.37407700982649,True,<100 Hz
221201,an arabiensis,IFA_18_37_717.wav,100,97.97979797979798,97.87878787878788,False,-46.885735938666826,32,4761.213460851244,False,>=2000 Hz
221201,an arabiensis,IFA_18_37_717.wav,150,98.18181818181819,98.03030303030303,False,-46.85702222075645,32,4826.198821544699,False,>=2000 Hz
221201,an arabiensis,IFA_18_37_717.wav,200,98.25757575757575,98.15656565656565,False,-46.88623521516499,32,4888.1767232060765,False,>=2000 Hz
221201,an arabiensis,IFA_18_37_717.wav,300,98.18181818181819,98.13131313131314,False,-46.95547531335716,32,5004.24831571783,False,>=2000 Hz
221200,an arabiensis,IFA_18_37_717.wav,0,99.46969696969697,99.41919191919192,False,-42.29081380316914,0,44.37407700982649,True,<100 Hz
221200,an arabiensis,IFA_18_37_717.wav,100,99.97474747474747,99.97474747474747,False,-51.75352998675979,11,908.5521219032305,False,800-2000 Hz
221200,an arabiensis,IFA_18_37_717.wav,150,99.97474747474747,99.97474747474747,False,-51.660825990476866,10,886.4319670625546,False,800-2000 Hz
221200,an arabiensis,IFA_18_37_717.wav,200,100.0,100.0,True,-52.074065059743546,9,865.1425927882087,False,800-2000 Hz
221200,an arabiensis,IFA_18_37_717.wav,300,99.97474747474747,99.97474747474747,False,-51.80663304210231,8,907.814472208775,False,800-2000 Hz
221167,an arabiensis,IFA_18_38_718.wav,0,98.33333333333333,98.30808080808082,False,-41.937884620892376,0,44.37407700982649,True,<100 Hz
221167,an arabiensis,IFA_18_38_718.wav,100,99.8989898989899,99.87373737373737,False,-49.562882697398095,35,5803.174981087622,False,>=2000 Hz
221167,an arabiensis,IFA_18_38_718.wav,150,99.94949494949495,99.92424242424242,False,-51.323320536043425,35,5851.432728061765,False,>=2000 Hz
221167,an arabiensis,IFA_18_38_718.wav,200,99.92424242424242,99.8989898989899,False,-49.475917028588825,34,5542.124294130725,False,>=2000 Hz
221167,an arabiensis,IFA_18_38_718.wav,300,99.92424242424242,99.8989898989899,False,-49.562882697398095,34,5639.114996491976,False,>=2000 Hz
221166,an arabiensis,IFA_18_38_718.wav,0,98.18181818181819,98.15656565656565,False,-37.95209323861762,0,44.37407700982649,True,<100 Hz
221166,an arabiensis,IFA_18_38_718.wav,100,99.77272727272727,99.74747474747475,False,-47.66922658863911,10,817.5967063546011,False,800-2000 Hz
221166,an arabiensis,IFA_18_38_718.wav,150,99.79797979797979,99.79797979797979,False,-50.62608296950578,34,5490.128899271392,False,>=2000 Hz
221166,an arabiensis,IFA_18_38_718.wav,200,99.84848484848486,99.84848484848486,False,-47.67845648085408,9,865.1425927882087,False,800-2000 Hz
221166,an arabiensis,IFA_18_38_718.wav,300,99.79797979797979,99.79797979797979,False,-47.66922658863911,7,825.1790452437867,False,800-2000 Hz
221165,an arabiensis,IFA_18_38_718.wav,0,99.24242424242425,99.19191919191918,False,-42.92313210646142,0,44.37407700982649,True,<100 Hz
221165,an arabiensis,IFA_18_38_718.wav,100,99.79797979797979,99.77272727272727,False,-48.498109761229955,10,817.5967063546011,False,800-2000 Hz
221165,an arabiensis,IFA_18_38_718.wav,150,99.87373737373737,99.82323232323232,False,-50.099218192406035,10,886.4319670625546,False,800-2000 Hz
221165,an arabiensis,IFA_18_38_718.wav,200,99.79797979797979,99.77272727272727,False,-48.360590021692566,9,865.1425927882087,False,800-2000 Hz
221165,an arabiensis,IFA_18_38_718.wav,300,99.82323232323232,99.79797979797979,False,-48.498109761229955,7,825.1790452437867,False,800-2000 Hz
221180,an arabiensis,IFA_18_39_719.wav,0,97.44949494949495,97.29797979797979,False,-37.14001119463036,0,44.37407700982649,True,<100 Hz
221180,an arabiensis,IFA_18_39_719.wav,100,98.68686868686869,98.61111111111111,False,-44.85607752177504,27,3382.2099706881345,False,>=2000 Hz
221180,an arabiensis,IFA_18_39_719.wav,150,98.56060606060606,98.48484848484848,False,-44.24791996142751,27,3461.439059913137,False,>=2000 Hz
221180,an arabiensis,IFA_18_39_719.wav,200,98.7121212121212,98.66161616161617,False,-44.25733837591123,27,3537.5460581518873,False,>=2000 Hz
221180,an arabiensis,IFA_18_39_719.wav,300,98.68686868686869,98.56060606060606,False,-44.506304457430026,26,3456.308740446091,False,>=2000 Hz
221181,an arabiensis,IFA_18_39_719.wav,0,97.42424242424242,97.32323232323232,False,-40.97237408407284,0,44.37407700982649,True,<100 Hz
221181,an arabiensis,IFA_18_39_719.wav,100,98.61111111111111,98.53535353535354,False,-44.21933690377668,11,908.5521219032305,False,800-2000 Hz
221181,an arabiensis,IFA_18_39_719.wav,150,98.48484848484848,98.43434343434343,False,-42.1339788787104,10,886.4319670625546,False,800-2000 Hz
221181,an arabiensis,IFA_18_39_719.wav,200,98.58585858585859,98.45959595959596,False,-42.048722554855615,10,954.1887019828487,False,800-2000 Hz
221181,an arabiensis,IFA_18_39_719.wav,300,98.68686868686869,98.63636363636363,False,-42.1339788787104,9,994.9271530483034,False,800-2000 Hz
221206,an funestus ss,IFA_19_14_734.wav,0,99.04040404040404,98.98989898989899,False,-46.638805775521234,18,1550.4472926509604,False,800-2000 Hz
221206,an funestus ss,IFA_19_14_734.wav,100,99.52020202020202,99.52020202020202,False,-48.67046242735198,17,1580.907710730555,False,800-2000 Hz
221206,an funestus ss,IFA_19_14_734.wav,150,99.36868686868688,99.31818181818181,False,-49.238968259971436,16,1529.6721664501665,False,800-2000 Hz
221206,an funestus ss,IFA_19_14_734.wav,200,99.54545454545455,99.52020202020202,False,-48.67046242735198,16,1605.5359087903153,False,800-2000 Hz
221206,an funestus ss,IFA_19_14_734.wav,300,99.36868686868688,99.26767676767678,False,-49.37428177423986,14,1506.6149479788903,False,800-2000 Hz
221205,an funestus ss,IFA_19_14_734.wav,0,96.08585858585859,95.93434343434343,False,-32.78860336992027,0,44.37407700982649,True,<100 Hz
221205,an funestus ss,IFA_19_14_734.wav,100,98.33333333333333,98.25757575757575,False,-42.98514612938678,6,502.37884079729855,False,300-800 Hz
221205,an funestus ss,IFA_19_14_734.wav,150,98.10606060606061,98.05555555555556,False,-45.69512507613083,6,564.3726097218181,False,300-800 Hz
221205,an funestus ss,IFA_19_14_734.wav,200,98.43434343434343,98.33333333333333,False,-43.03687919518151,5,554.3806613018434,False,300-800 Hz
221205,an funestus ss,IFA_19_14_734.wav,300,98.56060606060606,98.45959595959596,False,-43.09005248472796,3,534.9813946953967,False,300-800 Hz
221208,an funestus ss,IFA_19_14_734.wav,0,99.34343434343434,99.34343434343434,False,-45.76077653777615,0,44.37407700982649,True,<100 Hz
221208,an funestus ss,IFA_19_14_734.wav,100,99.97474747474747,99.97474747474747,False,-51.312655119322876,17,1580.907710730555,False,800-2000 Hz
221208,an funestus ss,IFA_19_14_734.wav,150,99.97474747474747,99.97474747474747,False,-51.700547973454285,16,1529.6721664501665,False,800-2000 Hz
221208,an funestus ss,IFA_19_14_734.wav,200,99.97474747474747,99.97474747474747,False,-51.84091915922822,16,1605.5359087903153,False,800-2000 Hz
221208,an funestus ss,IFA_19_14_734.wav,300,99.97474747474747,99.97474747474747,False,-51.746427942406655,14,1506.6149479788903,False,800-2000 Hz
221207,an funestus ss,IFA_19_14_734.wav,0,98.15656565656565,98.10606060606061,False,-45.96686756351144,8,517.1296515613235,False,300-800 Hz
221207,an funestus ss,IFA_19_14_734.wav,100,98.96464646464646,98.93939393939394,False,-46.153343143058045,6,502.37884079729855,False,300-800 Hz
221207,an funestus ss,IFA_19_14_734.wav,150,99.46969696969697,99.41919191919192,False,-48.932720186035425,6,564.3726097218181,False,300-800 Hz
221207,an funestus ss,IFA_19_14_734.wav,200,98.86363636363636,98.86363636363636,False,-46.119404233112704,5,554.3806613018434,False,300-800 Hz
221207,an funestus ss,IFA_19_14_734.wav,300,98.86363636363636,98.83838383838383,False,-46.1871023583707,3,534.9813946953967,False,300-800 Hz
221210,an arabiensis,IFA_19_19_739.wav,0,85.05050505050505,84.97474747474747,False,-21.155362727355005,32,4620.7597577448405,False,>=2000 Hz
221210,an arabiensis,IFA_19_19_739.wav,100,86.2878787878788,86.11111111111111,False,-20.35099766857759,32,4761.213460851244,False,>=2000 Hz
221210,an arabiensis,IFA_19_19_739.wav,150,86.16161616161617,86.06060606060606,False,-21.160055572107627,32,4826.198821544699,False,>=2000 Hz
221210,an arabiensis,IFA_19_19_739.wav,200,85.80808080808082,85.70707070707071,False,-22.34501494515896,32,4888.1767232060765,False,>=2000 Hz
221210,an arabiensis,IFA_19_19_739.wav,300,85.5050505050505,85.4040404040404,False,-20.525574870412303,31,4711.072079758159,False,>=2000 Hz
221196,an arabiensis,IFA_19_20_740.wav,0,64.04040404040404,63.81313131313131,False,-22.12357493667236,16,1290.134576771718,False,800-2000 Hz
221196,an arabiensis,IFA_19_20_740.wav,100,66.06060606060606,65.8080808080808,False,-22.1506233938064,15,1330.2531276925415,False,800-2000 Hz
221196,an arabiensis,IFA_19_20_740.wav,150,66.56565656565657,66.43939393939394,False,-23.241537797003218,14,1290.525867743762,False,800-2000 Hz
221196,an arabiensis,IFA_19_20_740.wav,200,66.6919191919192,66.64141414141415,False,-22.1506233938064,28,3778.6339888939056,False,>=2000 Hz
221196,an arabiensis,IFA_19_20_740.wav,300,67.67676767676768,67.5,False,-22.1506233938064,12,1285.6209592998355,False,800-2000 Hz
221197,an arabiensis,IFA_19_20_740.wav,0,93.76262626262626,93.66161616161615,False,-28.064522330939717,0,44.37407700982649,True,<100 Hz
221197,an arabiensis,IFA_19_20_740.wav,100,98.0050505050505,97.9040404040404,False,-39.46938012093752,0,147.947081154182,True,100-300 Hz
221197,an arabiensis,IFA_19_20_740.wav,150,98.66161616161617,98.63636363636363,False,-39.3684998838379,36,6233.825044478617,False,>=2000 Hz
221197,an arabiensis,IFA_19_20_740.wav,200,98.7878787878788,98.7878787878788,False,-39.37371602363116,36,6272.599048553766,False,>=2000 Hz
221197,an arabiensis,IFA_19_20_740.wav,300,98.73737373737373,98.7121212121212,False,-39.823660063686425,36,6344.640540634074,False,>=2000 Hz
221211,an arabiensis,IFA_19_21_741.wav,0,84.2929292929293,84.01515151515152,False,-27.34409790730038,0,44.37407700982649,True,<100 Hz
221211,an arabiensis,IFA_19_21_741.wav,100,88.30808080808082,88.08080808080808,False,-26.90978677553006,30,4161.067222372874,False,>=2000 Hz
221211,an arabiensis,IFA_19_21_741.wav,150,88.56060606060606,88.18181818181819,False,-28.07046517937765,29,3961.4038001847744,False,>=2000 Hz
221211,an arabiensis,IFA_19_21_741.wav,200,88.58585858585859,88.43434343434343,False,-27.488055771003662,29,4033.4382048519074,False,>=2000 Hz
221211,an arabiensis,IFA_19_21_741.wav,300,88.58585858585859,88.43434343434343,False,-26.90978677553006,29,4169.149528643879,False,>=2000 Hz
221212,an arabiensis,IFA_19_21_741.wav,0,93.08080808080808,92.92929292929293,False,-35.434033711821634,0,44.37407700982649,True,<100 Hz
221212,an arabiensis,IFA_19_21_741.wav,100,97.14646464646465,97.02020202020202,False,-38.28846887625565,10,817.5967063546011,False,800-2000 Hz
221212,an arabiensis,IFA_19_21_741.wav,150,97.27272727272728,97.12121212121212,False,-41.187592540138276,9,798.9421052862099,False,300-800 Hz
221212,an arabiensis,IFA_19_21_741.wav,200,97.19696969696969,97.14646464646465,False,-38.30425649196178,9,865.1425927882087,False,800-2000 Hz
221212,an arabiensis,IFA_19_21_741.wav,300,97.42424242424242,97.34848484848484,False,-38.28846887625565,7,825.1790452437867,False,800-2000 Hz
221195,an funestus ss,IFA_19_23_743.wav,0,96.23737373737373,96.13636363636363,False,-33.16923095130492,0,44.37407700982649,True,<100 Hz
221195,an funestus ss,IFA_19_23_743.wav,100,99.01515151515152,98.93939393939394,False,-47.709440798704925,0,147.947081154182,True,100-300 Hz
221195,an funestus ss,IFA_19_23_743.wav,150,99.34343434343434,99.26767676767678,False,-48.92245293336792,0,199.61257826278305,True,100-300 Hz
221195,an funestus ss,IFA_19_23_743.wav,200,99.36868686868688,99.34343434343434,False,-48.78887207997267,17,1736.7054285722647,False,800-2000 Hz
221195,an funestus ss,IFA_19_23_743.wav,300,99.36868686868688,99.31818181818181,False,-49.63213189208976,15,1626.1711200507493,False,800-2000 Hz
221194,an funestus ss,IFA_19_23_743.wav,0,98.48484848484848,98.45959595959596,False,-39.868671501915955,0,44.37407700982649,True,<100 Hz
221194,an funestus ss,IFA_19_23_743.wav,100,99.79797979797979,99.79797979797979,False,-50.97875839818238,37,6606.055464843051,False,>=2000 Hz
221194,an funestus ss,IFA_19_23_743.wav,150,99.79797979797979,99.79797979797979,False,-50.97875839818238,36,6233.825044478617,False,>=2000 Hz
221194,an funestus ss,IFA_19_23_743.wav,200,99.82323232323232,99.79797979797979,False,-50.97875839818238,36,6272.599048553766,False,>=2000 Hz
221194,an funestus ss,IFA_19_23_743.wav,300,99.84848484848486,99.84848484848486,False,-51.24274546726489,37,6726.324829246307,False,>=2000 Hz
221193,an funestus ss,IFA_19_23_743.wav,0,81.21212121212122,81.01010101010101,False,-27.032046821077557,0,44.37407700982649,True,<100 Hz
221193,an funestus ss,IFA_19_23_743.wav,100,84.1161616161616,83.93939393939394,False,-28.429449300091875,29,3886.19867245134,False,>=2000 Hz
221193,an funestus ss,IFA_19_23_743.wav,150,83.83838383838383,83.66161616161617,False,-27.1686971790185,28,3704.3328493787176,False,>=2000 Hz
221193,an funestus ss,IFA_19_23_743.wav,200,83.86363636363636,83.68686868686869,False,-27.788920919370387,28,3778.6339888939056,False,>=2000 Hz
221193,an funestus ss,IFA_19_23_743.wav,300,83.76262626262626,83.51010101010101,False,-27.37667102676463,27,3681.5008898112014,False,>=2000 Hz
221159,an arabiensis,IFA_19_24_744.wav,0,99.06565656565657,98.91414141414141,False,-46.36883532377417,0,44.37407700982649,True,<100 Hz
221159,an arabiensis,IFA_19_24_744.wav,100,99.97474747474747,99.94949494949495,False,-51.63658090957064,12,1004.9588458152629,False,800-2000 Hz
221159,an arabiensis,IFA_19_24_744.wav,150,99.74747474747475,99.72222222222223,False,-49.02235032302904,11,979.0284142678163,False,800-2000 Hz
221159,an arabiensis,IFA_19_24_744.wav,200,99.72222222222223,99.69696969696969,False,-49.021217734150454,10,954.1887019828487,False,800-2000 Hz
221159,an arabiensis,IFA_19_24_744.wav,300,99.74747474747475,99.69696969696969,False,-49.02235032302904,9,994.9271530483034,False,800-2000 Hz
221160,an arabiensis,IFA_19_24_744.wav,0,99.19191919191918,99.14141414141415,False,-43.02076958454046,0,44.37407700982649,True,<100 Hz
221160,an arabiensis,IFA_19_24_744.wav,100,100.0,99.97474747474747,False,-51.93720534661979,32,4761.213460851244,False,>=2000 Hz
221160,an arabiensis,IFA_19_24_744.wav,150,100.0,100.0,True,-52.932591084420224,11,979.0284142678163,False,800-2000 Hz
221160,an arabiensis,IFA_19_24_744.wav,200,100.0,100.0,True,-52.43036626500292,10,954.1887019828487,False,800-2000 Hz
221160,an arabiensis,IFA_19_24_744.wav,300,100.0,100.0,True,-52.136428413815295,9,994.9271530483034,False,800-2000 Hz
221161,an funestus ss,IFA_19_25_745.wav,0,99.16666666666667,99.14141414141415,False,-41.489365404061004,0,44.37407700982649,True,<100 Hz
221161,an funestus ss,IFA_19_25_745.wav,100,99.82323232323232,99.82323232323232,False,-49.944484881000754,36,6192.935304310192,False,>=2000 Hz
221161,an funestus ss,IFA_19_25_745.wav,150,99.84848484848486,99.84848484848486,False,-49.3366384123603,36,6233.825044478617,False,>=2000 Hz
221161,an funestus ss,IFA_19_25_745.wav,200,99.87373737373737,99.87373737373737,False,-49.16758378324987,36,6272.599048553766,False,>=2000 Hz
221161,an funestus ss,IFA_19_25_745.wav,300,99.84848484848486,99.82323232323232,False,-49.95739070062886,10,1086.7596689771533,False,800-2000 Hz
221163,an funestus ss,IFA_19_25_745.wav,0,97.87878787878788,97.85353535353535,False,-40.80376245484808,0,44.37407700982649,True,<100 Hz
221163,an funestus ss,IFA_19_25_745.wav,100,98.93939393939394,98.88888888888889,False,-43.84398847850604,29,3886.19867245134,False,>=2000 Hz
221163,an funestus ss,IFA_19_25_745.wav,150,98.88888888888889,98.88888888888889,False,-43.88616766759091,29,3961.4038001847744,False,>=2000 Hz
221163,an funestus ss,IFA_19_25_745.wav,200,98.83838383838383,98.83838383838383,False,-44.034581445910305,29,4033.4382048519074,False,>=2000 Hz
221163,an funestus ss,IFA_19_25_745.wav,300,98.93939393939394,98.93939393939394,False,-44.33462437977013,28,3918.894130890742,False,>=2000 Hz
221162,an funestus ss,IFA_19_25_745.wav,0,99.06565656565657,99.01515151515152,False,-41.57444396904228,0,44.37407700982649,True,<100 Hz
221162,an funestus ss,IFA_19_25_745.wav,100,99.8989898989899,99.8989898989899,False,-47.3045353669755,32,4761.213460851244,False,>=2000 Hz
221162,an funestus ss,IFA_19_25_745.wav,150,99.8989898989899,99.8989898989899,False,-46.99095200053137,32,4826.198821544699,False,>=2000 Hz
221162,an funestus ss,IFA_19_25_745.wav,200,99.8989898989899,99.8989898989899,False,-47.0290120387869,32,4888.1767232060765,False,>=2000 Hz
221162,an funestus ss,IFA_19_25_745.wav,300,99.8989898989899,99.87373737373737,False,-48.01637507343617,32,5004.24831571783,False,>=2000 Hz
221215,an arabiensis,IFA_19_26_746.wav,0,99.14141414141415,99.04040404040404,False,-42.3376844683202,0,44.37407700982649,True,<100 Hz
221215,an arabiensis,IFA_19_26_746.wav,100,99.46969696969697,99.46969696969697,False,-48.07657487631517,11,908.5521219032305,False,800-2000 Hz
221215,an arabiensis,IFA_19_26_746.wav,150,99.44444444444444,99.39393939393939,False,-48.979247075643364,10,886.4319670625546,False,800-2000 Hz
221215,an arabiensis,IFA_19_26_746.wav,200,99.82323232323232,99.77272727272727,False,-47.802494929988164,9,865.1425927882087,False,800-2000 Hz
221215,an arabiensis,IFA_19_26_746.wav,300,99.44444444444444,99.44444444444444,False,-48.07657487631517,8,907.814472208775,False,800-2000 Hz
221216,an arabiensis,IFA_19_26_746.wav,0,98.15656565656565,98.08080808080808,False,-43.448478664679925,12,856.358507538126,False,800-2000 Hz
221216,an arabiensis,IFA_19_26_746.wav,100,98.48484848484848,98.45959595959596,False,-43.46971808239097,11,908.5521219032305,False,800-2000 Hz
221216,an arabiensis,IFA_19_26_746.wav,150,98.53535353535354,98.48484848484848,False,-43.90863439185487,10,886.4319670625546,False,800-2000 Hz
221216,an arabiensis,IFA_19_26_746.wav,200,98.81313131313131,98.76262626262627,False,-43.448478664679925,9,865.1425927882087,False,800-2000 Hz
221216,an arabiensis,IFA_19_26_746.wav,300,98.56060606060606,98.53535353535354,False,-43.46971808239097,8,907.814472208775,False,800-2000 Hz
221214,an arabiensis,IFA_19_26_746.wav,0,99.19191919191918,99.11616161616162,False,-46.84221330771724,0,44.37407700982649,True,<100 Hz
221214,an arabiensis,IFA_19_26_746.wav,100,99.67171717171716,99.67171717171716,False,-47.737441424443304,11,908.5521219032305,False,800-2000 Hz
221214,an arabiensis,IFA_19_26_746.wav,150,99.69696969696969,99.67171717171716,False,-47.703335647639264,10,886.4319670625546,False,800-2000 Hz
221214,an arabiensis,IFA_19_26_746.wav,200,99.72222222222223,99.72222222222223,False,-49.337291712955036,10,954.1887019828487,False,800-2000 Hz
221214,an arabiensis,IFA_19_26_746.wav,300,99.72222222222223,99.69696969696969,False,-47.784576348953685,8,907.814472208775,False,800-2000 Hz
221213,an arabiensis,IFA_19_26_746.wav,0,98.88888888888889,98.83838383838383,False,-43.064647894493476,0,44.37407700982649,True,<100 Hz
221213,an arabiensis,IFA_19_26_746.wav,100,99.4949494949495,99.44444444444444,False,-48.48723943320898,11,908.5521219032305,False,800-2000 Hz
221213,an arabiensis,IFA_19_26_746.wav,150,99.62121212121212,99.62121212121212,False,-47.87121289134894,10,886.4319670625546,False,800-2000 Hz
221213,an arabiensis,IFA_19_26_746.wav,200,99.57070707070706,99.52020202020202,False,-48.85326270899779,18,1875.3376136955906,False,800-2000 Hz
221213,an arabiensis,IFA_19_26_746.wav,300,99.54545454545455,99.52020202020202,False,-48.36228256346888,16,1752.2049416525224,False,800-2000 Hz
221184,an arabiensis,IFA_19_36_756.wav,0,95.25252525252526,95.22727272727273,False,-28.046404128224232,0,44.37407700982649,True,<100 Hz
221184,an arabiensis,IFA_19_36_756.wav,100,98.38383838383838,98.35858585858585,False,-39.324734197513365,0,147.947081154182,True,100-300 Hz
221184,an arabiensis,IFA_19_36_756.wav,150,98.81313131313131,98.7878787878788,False,-39.222670621528614,21,2260.90163072702,False,>=2000 Hz
221184,an arabiensis,IFA_19_36_756.wav,200,98.81313131313131,98.81313131313131,False,-39.3574060552707,21,2340.3780686307796,False,>=2000 Hz
221184,an arabiensis,IFA_19_36_756.wav,300,98.81313131313131,98.81313131313131,False,-39.60875971348541,20,2328.427478920975,False,>=2000 Hz
221186,an arabiensis,IFA_19_36_756.wav,0,98.73737373737373,98.7121212121212,False,-37.973845048155496,0,44.37407700982649,True,<100 Hz
221186,an arabiensis,IFA_19_36_756.wav,100,99.67171717171716,99.67171717171716,False,-50.18428146168657,22,2351.4167527500604,False,>=2000 Hz
221186,an arabiensis,IFA_19_36_756.wav,150,99.72222222222223,99.72222222222223,False,-49.28697307409254,21,2260.90163072702,False,>=2000 Hz
221186,an arabiensis,IFA_19_36_756.wav,200,99.69696969696969,99.69696969696969,False,-50.18428146168657,21,2340.3780686307796,False,>=2000 Hz
221186,an arabiensis,IFA_19_36_756.wav,300,99.67171717171716,99.67171717171716,False,-50.31400899890037,20,2328.427478920975,False,>=2000 Hz
221185,an arabiensis,IFA_19_36_756.wav,0,98.86363636363636,98.81313131313131,False,-41.762131565673364,0,44.37407700982649,True,<100 Hz
221185,an arabiensis,IFA_19_36_756.wav,100,99.67171717171716,99.67171717171716,False,-46.28453014620562,24,2728.1439614922797,False,>=2000 Hz
221185,an arabiensis,IFA_19_36_756.wav,150,99.69696969696969,99.64646464646465,False,-46.28453014620562,23,2616.6310775514085,False,>=2000 Hz
221185,an arabiensis,IFA_19_36_756.wav,200,99.62121212121212,99.62121212121212,False,-44.85710519876893,21,2340.3780686307796,False,>=2000 Hz
221185,an arabiensis,IFA_19_36_756.wav,300,99.74747474747475,99.74747474747475,False,-46.28453014620562,20,2328.427478920975,False,>=2000 Hz
221191,an arabiensis,IFA_19_38_758.wav,0,98.08080808080808,98.03030303030303,False,-38.5489602029774,0,44.37407700982649,True,<100 Hz
221191,an arabiensis,IFA_19_38_758.wav,100,99.67171717171716,99.67171717171716,False,-44.42951506063012,21,2178.8747039229174,False,>=2000 Hz
221191,an arabiensis,IFA_19_38_758.wav,150,99.67171717171716,99.62121212121212,False,-46.00296368658199,20,2097.6113795318697,False,>=2000 Hz
221191,an arabiensis,IFA_19_38_758.wav,200,99.72222222222223,99.72222222222223,False,-44.42951506063012,20,2176.7124377582195,False,>=2000 Hz
221191,an arabiensis,IFA_19_38_758.wav,300,99.74747474747475,99.74747474747475,False,-44.42951506063012,19,2172.778054140427,False,>=2000 Hz
221192,an arabiensis,IFA_19_38_758.wav,0,95.93434343434343,95.85858585858585,False,-32.751063415404644,0,44.37407700982649,True,<100 Hz
221192,an arabiensis,IFA_19_38_758.wav,100,98.05555555555556,98.05555555555556,False,-33.267505723321406,34,5435.453615558967,False,>=2000 Hz
221192,an arabiensis,IFA_19_38_758.wav,150,98.28282828282828,98.20707070707071,False,-33.48708179904638,34,5490.128899271392,False,>=2000 Hz
221192,an arabiensis,IFA_19_38_758.wav,200,98.13131313131314,98.08080808080808,False,-33.81628621156039,34,5542.124294130725,False,>=2000 Hz
221192,an arabiensis,IFA_19_38_758.wav,300,98.10606060606061,98.08080808080808,False,-33.33463426699597,34,5639.114996491976,False,>=2000 Hz
220517,an arabiensis,IFA_20_12_772.wav,0,99.11616161616162,99.0909090909091,False,-46.55978418159301,19,1693.1066090376025,False,800-2000 Hz
220517,an arabiensis,IFA_20_12_772.wav,100,98.88888888888889,98.81313131313131,False,-46.55978418159301,21,2178.8747039229174,False,>=2000 Hz
220517,an arabiensis,IFA_20_12_772.wav,150,99.26767676767678,99.24242424242425,False,-47.289911077351015,17,1659.8130898129411,False,800-2000 Hz
220517,an arabiensis,IFA_20_12_772.wav,200,99.06565656565657,99.01515151515152,False,-46.55978418159301,20,2176.7124377582195,False,>=2000 Hz
220517,an arabiensis,IFA_20_12_772.wav,300,99.21717171717171,99.19191919191918,False,-46.55978418159301,15,1626.1711200507493,False,800-2000 Hz
220516,an arabiensis,IFA_20_12_772.wav,0,98.88888888888889,98.83838383838383,False,-40.7098038688149,37,6535.01859571434,False,>=2000 Hz
220516,an arabiensis,IFA_20_12_772.wav,100,98.98989898989899,98.96464646464646,False,-40.32816859459648,36,6192.935304310192,False,>=2000 Hz
220516,an arabiensis,IFA_20_12_772.wav,150,98.93939393939394,98.93939393939394,False,-40.016840562668165,36,6233.825044478617,False,>=2000 Hz
220516,an arabiensis,IFA_20_12_772.wav,200,99.01515151515152,98.98989898989899,False,-39.86504906010375,36,6272.599048553766,False,>=2000 Hz
220516,an arabiensis,IFA_20_12_772.wav,300,98.98989898989899,98.98989898989899,False,-39.820397700463964,36,6344.640540634074,False,>=2000 Hz
220520,culex pipiens complex,IFA_20_14_774.wav,0,100.0,99.97474747474747,False,-51.94320206575536,21,2006.1286971205438,False,>=2000 Hz
220520,culex pipiens complex,IFA_20_14_774.wav,100,100.0,100.0,True,-52.17608346647248,20,2016.0890276353948,False,>=2000 Hz
220520,culex pipiens complex,IFA_20_14_774.wav,150,99.97474747474747,99.92424242424242,False,-51.641734202527516,19,1943.326394117477,False,800-2000 Hz
220520,culex pipiens complex,IFA_20_14_774.wav,200,100.0,100.0,True,-52.08829748203239,18,1875.3376136955906,False,800-2000 Hz
220520,culex pipiens complex,IFA_20_14_774.wav,300,100.0,100.0,True,-52.02549118571835,17,1885.0673770439807,False,800-2000 Hz
220515,an funestus ss,IFA_20_22_782.wav,0,99.84848484848486,99.84848484848486,False,-47.83224019060232,34,5316.723457509462,False,>=2000 Hz
220515,an funestus ss,IFA_20_22_782.wav,100,99.8989898989899,99.8989898989899,False,-46.900994983742606,34,5435.453615558967,False,>=2000 Hz
220515,an funestus ss,IFA_20_22_782.wav,150,99.87373737373737,99.87373737373737,False,-47.24655681866751,34,5490.128899271392,False,>=2000 Hz
220515,an funestus ss,IFA_20_22_782.wav,200,99.8989898989899,99.8989898989899,False,-47.75785373261729,34,5542.124294130725,False,>=2000 Hz
220515,an funestus ss,IFA_20_22_782.wav,300,99.8989898989899,99.8989898989899,False,-48.32728721855474,34,5639.114996491976,False,>=2000 Hz
220518,an funestus ss,IFA_20_31_791.wav,0,100.0,100.0,True,-57.27422534094135,8,517.1296515613235,False,300-800 Hz
220518,an funestus ss,IFA_20_31_791.wav,100,100.0,100.0,True,-57.188446030335655,6,502.37884079729855,False,300-800 Hz
220518,an funestus ss,IFA_20_31_791.wav,150,100.0,100.0,True,-57.62975375651117,6,564.3726097218181,False,300-800 Hz
220518,an funestus ss,IFA_20_31_791.wav,200,100.0,100.0,True,-56.74528086590408,5,554.3806613018434,False,300-800 Hz
220518,an funestus ss,IFA_20_31_791.wav,300,100.0,100.0,True,-57.27422534094135,3,534.9813946953967,False,300-800 Hz
220519,an funestus ss,IFA_20_31_791.wav,0,100.0,100.0,True,-58.073669018103004,8,517.1296515613235,False,300-800 Hz
220519,an funestus ss,IFA_20_31_791.wav,100,100.0,100.0,True,-58.05676095124738,6,502.37884079729855,False,300-800 Hz
220519,an funestus ss,IFA_20_31_791.wav,150,100.0,100.0,True,-59.15189180197035,6,564.3726097218181,False,300-800 Hz
220519,an funestus ss,IFA_20_31_791.wav,200,100.0,100.0,True,-57.99817534336004,5,554.3806613018434,False,300-800 Hz
220519,an funestus ss,IFA_20_31_791.wav,300,100.0,100.0,True,-58.073669018103004,3,534.9813946953967,False,300-800 Hz
220512,an funestus ss,IFA_20_35_795.wav,0,100.0,100.0,True,-56.851908673104845,33,4958.050905231921,False,>=2000 Hz
220512,an funestus ss,IFA_20_35_795.wav,100,100.0,100.0,True,-56.851908673104845,33,5088.525017110928,False,>=2000 Hz
220512,an funestus ss,IFA_20_35_795.wav,150,100.0,100.0,True,-57.881556321288194,33,5148.750552755978,False,>=2000 Hz
220512,an funestus ss,IFA_20_35_795.wav,200,100.0,100.0,True,-56.851908673104845,33,5206.106474135096,False,>=2000 Hz
220512,an funestus ss,IFA_20_35_795.wav,300,100.0,100.0,True,-56.851908673104845,32,5004.24831571783,False,>=2000 Hz
220513,an funestus ss,IFA_20_35_795.wav,0,100.0,100.0,True,-60.52188280824953,35,5698.132814724254,False,>=2000 Hz
220513,an funestus ss,IFA_20_35_795.wav,100,100.0,100.0,True,-60.5400274728258,35,5803.174981087622,False,>=2000 Hz
220513,an funestus ss,IFA_20_35_795.wav,150,100.0,100.0,True,-60.935088583223525,35,5851.432728061765,False,>=2000 Hz
220513,an funestus ss,IFA_20_35_795.wav,200,100.0,100.0,True,-60.74808932780059,36,6272.599048553766,False,>=2000 Hz
220513,an funestus ss,IFA_20_35_795.wav,300,100.0,100.0,True,-61.328051104159734,34,5639.114996491976,False,>=2000 Hz
220511,an funestus ss,IFA_20_40_800.wav,0,99.44444444444444,99.39393939393939,False,-42.07954116198657,9,594.2853728317884,False,300-800 Hz
220511,an funestus ss,IFA_20_40_800.wav,100,99.46969696969697,99.46969696969697,False,-42.07954116198657,7,574.4420356195228,False,300-800 Hz
220511,an funestus ss,IFA_20_40_800.wav,150,99.62121212121212,99.5959595959596,False,-41.040742473026086,6,564.3726097218181,False,300-800 Hz
220511,an funestus ss,IFA_20_40_800.wav,200,99.57070707070706,99.54545454545455,False,-41.90734823710529,17,1736.7054285722647,False,800-2000 Hz
220511,an funestus ss,IFA_20_40_800.wav,300,99.57070707070706,99.54545454545455,False,-42.07954116198657,4,601.8936796253,False,300-800 Hz
220553,an arabiensis,IFA_21_10_810.wav,0,99.92424242424242,99.92424242424242,False,-47.82216448372206,0,44.37407700982649,True,<100 Hz
220553,an arabiensis,IFA_21_10_810.wav,100,100.0,100.0,True,-53.8081500522252,12,1004.9588458152629,False,800-2000 Hz
220553,an arabiensis,IFA_21_10_810.wav,150,100.0,100.0,True,-56.02253520412705,35,5851.432728061765,False,>=2000 Hz
220553,an arabiensis,IFA_21_10_810.wav,200,100.0,100.0,True,-54.047034678607,11,1048.3009371645,False,800-2000 Hz
220553,an arabiensis,IFA_21_10_810.wav,300,100.0,100.0,True,-54.08809496269104,34,5639.114996491976,False,>=2000 Hz
220543,an arabiensis,IFA_21_20_820.wav,0,99.77272727272727,99.77272727272727,False,-47.9744981457577,19,1693.1066090376025,False,800-2000 Hz
220543,an arabiensis,IFA_21_20_820.wav,100,99.74747474747475,99.74747474747475,False,-47.73741095419204,18,1717.6112946200515,False,800-2000 Hz
220543,an arabiensis,IFA_21_20_820.wav,150,99.79797979797979,99.79797979797979,False,-48.1141165028632,17,1659.8130898129411,False,800-2000 Hz
220543,an arabiensis,IFA_21_20_820.wav,200,99.77272727272727,99.74747474747475,False,-48.678014965690764,17,1736.7054285722647,False,800-2000 Hz
220543,an arabiensis,IFA_21_20_820.wav,300,99.87373737373737,99.87373737373737,False,-48.30793595479258,15,1626.1711200507493,False,800-2000 Hz
220538,an arabiensis,IFA_21_22_822.wav,0,100.0,100.0,True,-52.24864525082177,0,44.37407700982649,True,<100 Hz
220538,an arabiensis,IFA_21_22_822.wav,100,99.97474747474747,99.97474747474747,False,-50.72335954021226,12,1004.9588458152629,False,800-2000 Hz
220538,an arabiensis,IFA_21_22_822.wav,150,100.0,100.0,True,-52.24864525082177,27,3461.439059913137,False,>=2000 Hz
220538,an arabiensis,IFA_21_22_822.wav,200,99.94949494949495,99.94949494949495,False,-50.365459081707115,27,3537.5460581518873,False,>=2000 Hz
220538,an arabiensis,IFA_21_22_822.wav,300,100.0,100.0,True,-52.175270483114744,26,3456.308740446091,False,>=2000 Hz
220541,an arabiensis,IFA_21_27_827.wav,0,92.2979797979798,92.27272727272727,False,-29.70650600003589,31,4303.575413833522,False,>=2000 Hz
220541,an arabiensis,IFA_21_27_827.wav,100,92.02020202020202,91.9949494949495,False,-29.48295626954704,31,4452.409703131681,False,>=2000 Hz
220541,an arabiensis,IFA_21_27_827.wav,150,91.79292929292929,91.66666666666666,False,-30.4072354059512,31,4521.43543989098,False,>=2000 Hz
220541,an arabiensis,IFA_21_27_827.wav,200,91.76767676767676,91.66666666666666,False,-30.200078565110164,31,4587.361348214651,False,>=2000 Hz
220541,an arabiensis,IFA_21_27_827.wav,300,91.46464646464646,91.41414141414141,False,-29.71524916345901,30,4432.9639650607805,False,>=2000 Hz
220540,an arabiensis,IFA_21_27_827.wav,0,64.29292929292929,63.73737373737374,False,-28.388726720724947,2,141.73937073325675,False,100-300 Hz
220540,an arabiensis,IFA_21_27_827.wav,100,63.86363636363637,63.38383838383839,False,-28.719886478553484,0,147.947081154182,True,100-300 Hz
220540,an arabiensis,IFA_21_27_827.wav,150,65.20202020202021,64.74747474747474,False,-27.881623243879563,6,564.3726097218181,False,300-800 Hz
220540,an arabiensis,IFA_21_27_827.wav,200,65.55555555555556,65.17676767676768,False,-28.73405755326474,5,554.3806613018434,False,300-800 Hz
220540,an arabiensis,IFA_21_27_827.wav,300,67.0959595959596,66.54040404040404,False,-28.87038970752663,4,601.8936796253,False,300-800 Hz
220542,an arabiensis,IFA_21_27_827.wav,0,99.5959595959596,99.5959595959596,False,-44.02250648597297,0,44.37407700982649,True,<100 Hz
220542,an arabiensis,IFA_21_27_827.wav,100,99.8989898989899,99.8989898989899,False,-44.38105499913075,36,6192.935304310192,False,>=2000 Hz
220542,an arabiensis,IFA_21_27_827.wav,150,99.8989898989899,99.8989898989899,False,-44.22889111590387,36,6233.825044478617,False,>=2000 Hz
220542,an arabiensis,IFA_21_27_827.wav,200,99.8989898989899,99.8989898989899,False,-44.21585480056319,35,5897.259272926163,False,>=2000 Hz
220542,an arabiensis,IFA_21_27_827.wav,300,99.87373737373737,99.87373737373737,False,-43.87102108577456,35,5982.573343857049,False,>=2000 Hz
220552,an arabiensis,IFA_21_36_836.wav,0,99.94949494949495,99.94949494949495,False,-50.829139286419576,0,44.37407700982649,True,<100 Hz
220552,an arabiensis,IFA_21_36_836.wav,100,100.0,100.0,True,-52.422065056707524,12,1004.9588458152629,False,800-2000 Hz
220552,an arabiensis,IFA_21_36_836.wav,150,100.0,100.0,True,-53.758302253987004,12,1077.0295067481677,False,800-2000 Hz
220552,an arabiensis,IFA_21_36_836.wav,200,100.0,100.0,True,-52.65838834186785,11,1048.3009371645,False,800-2000 Hz
220552,an arabiensis,IFA_21_36_836.wav,300,100.0,100.0,True,-53.726047016151874,10,1086.7596689771533,False,800-2000 Hz
220528,an arabiensis,IFA_22_14_854.wav,0,99.77272727272727,99.77272727272727,False,-39.646412434789596,34,5316.723457509462,False,>=2000 Hz
220528,an arabiensis,IFA_22_14_854.wav,100,99.77272727272727,99.77272727272727,False,-38.589012617527,34,5435.453615558967,False,>=2000 Hz
220528,an arabiensis,IFA_22_14_854.wav,150,99.74747474747475,99.74747474747475,False,-38.710038017334846,34,5490.128899271392,False,>=2000 Hz
220528,an arabiensis,IFA_22_14_854.wav,200,99.74747474747475,99.74747474747475,False,-39.01563869637171,34,5542.124294130725,False,>=2000 Hz
220528,an arabiensis,IFA_22_14_854.wav,300,99.77272727272727,99.74747474747475,False,-40.207363248568804,34,5639.114996491976,False,>=2000 Hz
220533,an arabiensis,IFA_22_19_859.wav,0,100.0,100.0,True,-52.31938737766327,0,44.37407700982649,True,<100 Hz
220533,an arabiensis,IFA_22_19_859.wav,100,100.0,100.0,True,-54.01369817621625,6,502.37884079729855,False,300-800 Hz
220533,an arabiensis,IFA_22_19_859.wav,150,100.0,100.0,True,-53.94946723408524,5,494.64394366172684,False,300-800 Hz
220533,an arabiensis,IFA_22_19_859.wav,200,100.0,100.0,True,-53.98065938032015,5,554.3806613018434,False,300-800 Hz
220533,an arabiensis,IFA_22_19_859.wav,300,100.0,100.0,True,-54.42867642706358,3,534.9813946953967,False,300-800 Hz
220534,an arabiensis,IFA_22_19_859.wav,0,99.62121212121212,99.62121212121212,False,-46.429131618803325,0,44.37407700982649,True,<100 Hz
220534,an arabiensis,IFA_22_19_859.wav,100,99.74747474747475,99.74747474747475,False,-48.46285505578406,34,5435.453615558967,False,>=2000 Hz
220534,an arabiensis,IFA_22_19_859.wav,150,99.74747474747475,99.72222222222223,False,-48.78805114097148,34,5490.128899271392,False,>=2000 Hz
220534,an arabiensis,IFA_22_19_859.wav,200,99.74747474747475,99.72222222222223,False,-48.45051240638586,34,5542.124294130725,False,>=2000 Hz
220534,an arabiensis,IFA_22_19_859.wav,300,99.67171717171716,99.67171717171716,False,-48.05487825480994,34,5639.114996491976,False,>=2000 Hz
220527,an arabiensis,IFA_22_20_860.wav,0,99.92424242424242,99.92424242424242,False,-50.88674382928331,35,5698.132814724254,False,>=2000 Hz
220527,an arabiensis,IFA_22_20_860.wav,100,99.92424242424242,99.92424242424242,False,-51.17622619998308,35,5803.174981087622,False,>=2000 Hz
220527,an arabiensis,IFA_22_20_860.wav,150,99.92424242424242,99.92424242424242,False,-51.07962194533086,35,5851.432728061765,False,>=2000 Hz
220527,an arabiensis,IFA_22_20_860.wav,200,99.94949494949495,99.94949494949495,False,-51.12708582726545,34,5542.124294130725,False,>=2000 Hz
220527,an arabiensis,IFA_22_20_860.wav,300,99.92424242424242,99.92424242424242,False,-51.59703248524461,34,5639.114996491976,False,>=2000 Hz
220526,an arabiensis,IFA_22_20_860.wav,0,97.97979797979798,97.92929292929293,False,-29.359316672011914,28,3461.0300188671977,False,>=2000 Hz
220526,an arabiensis,IFA_22_20_860.wav,100,98.56060606060606,98.53535353535354,False,-30.158829017147575,27,3382.2099706881345,False,>=2000 Hz
220526,an arabiensis,IFA_22_20_860.wav,150,98.51010101010101,98.51010101010101,False,-29.359316672011914,27,3461.439059913137,False,>=2000 Hz
220526,an arabiensis,IFA_22_20_860.wav,200,98.61111111111111,98.61111111111111,False,-29.53508322909333,27,3537.5460581518873,False,>=2000 Hz
220526,an arabiensis,IFA_22_20_860.wav,300,98.63636363636363,98.56060606060606,False,-29.61013457711845,26,3456.308740446091,False,>=2000 Hz
220535,an arabiensis,IFA_22_23_863.wav,0,99.79797979797979,99.79797979797979,False,-46.92156947093595,8,517.1296515613235,False,300-800 Hz
220535,an arabiensis,IFA_22_23_863.wav,100,99.82323232323232,99.82323232323232,False,-47.76342661429419,6,502.37884079729855,False,300-800 Hz
220535,an arabiensis,IFA_22_23_863.wav,150,99.79797979797979,99.77272727272727,False,-47.76342661429419,6,564.3726097218181,False,300-800 Hz
220535,an arabiensis,IFA_22_23_863.wav,200,99.84848484848486,99.84848484848486,False,-47.139575809078565,5,554.3806613018434,False,300-800 Hz
220535,an arabiensis,IFA_22_23_863.wav,300,99.84848484848486,99.84848484848486,False,-47.76342661429419,3,534.9813946953967,False,300-800 Hz
220537,an arabiensis,IFA_22_23_863.wav,0,99.16666666666667,99.14141414141415,False,-36.501342689789425,34,5316.723457509462,False,>=2000 Hz
220537,an arabiensis,IFA_22_23_863.wav,100,99.29292929292929,99.29292929292929,False,-37.59910956502647,34,5435.453615558967,False,>=2000 Hz
220537,an arabiensis,IFA_22_23_863.wav,150,99.34343434343434,99.34343434343434,False,-38.561811483354916,34,5490.128899271392,False,>=2000 Hz
220537,an arabiensis,IFA_22_23_863.wav,200,99.34343434343434,99.34343434343434,False,-38.24138646686424,34,5542.124294130725,False,>=2000 Hz
220537,an arabiensis,IFA_22_23_863.wav,300,99.26767676767678,99.24242424242425,False,-36.58044150501591,33,5313.3090758650505,False,>=2000 Hz
220536,an arabiensis,IFA_22_23_863.wav,0,99.97474747474747,99.94949494949495,False,-51.63486830713862,0,44.37407700982649,True,<100 Hz
220536,an arabiensis,IFA_22_23_863.wav,100,100.0,100.0,True,-58.34826058134535,33,5088.525017110928,False,>=2000 Hz
220536,an arabiensis,IFA_22_23_863.wav,150,100.0,100.0,True,-58.10321570717796,33,5148.750552755978,False,>=2000 Hz
220536,an arabiensis,IFA_22_23_863.wav,200,100.0,100.0,True,-60.25353056852722,33,5206.106474135096,False,>=2000 Hz
220536,an arabiensis,IFA_22_23_863.wav,300,100.0,100.0,True,-58.02516730224626,33,5313.3090758650505,False,>=2000 Hz
220551,culex pipiens complex,IFA_22_25_865.wav,0,99.62121212121212,99.62121212121212,False,-46.67249730828079,0,44.37407700982649,True,<100 Hz
220551,culex pipiens complex,IFA_22_25_865.wav,100,100.0,100.0,True,-52.95588529836833,27,3382.2099706881345,False,>=2000 Hz
220551,culex pipiens complex,IFA_22_25_865.wav,150,100.0,100.0,True,-54.62588555324422,27,3461.439059913137,False,>=2000 Hz
220551,culex pipiens complex,IFA_22_25_865.wav,200,100.0,100.0,True,-54.70298511141703,17,1736.7054285722647,False,800-2000 Hz
220551,culex pipiens complex,IFA_22_25_865.wav,300,100.0,100.0,True,-54.949033002346894,34,5639.114996491976,False,>=2000 Hz
220550,culex pipiens complex,IFA_22_25_865.wav,0,99.41919191919192,99.41919191919192,False,-43.08572597140027,0,44.37407700982649,True,<100 Hz
220550,culex pipiens complex,IFA_22_25_865.wav,100,99.94949494949495,99.94949494949495,False,-51.702185623840066,33,5088.525017110928,False,>=2000 Hz
220550,culex pipiens complex,IFA_22_25_865.wav,150,99.94949494949495,99.94949494949495,False,-51.702185623840066,6,564.3726097218181,False,300-800 Hz
220550,culex pipiens complex,IFA_22_25_865.wav,200,99.94949494949495,99.94949494949495,False,-51.82465573853635,36,6272.599048553766,False,>=2000 Hz
220550,culex pipiens complex,IFA_22_25_865.wav,300,99.94949494949495,99.94949494949495,False,-51.492457073819295,32,5004.24831571783,False,>=2000 Hz
220545,an arabiensis,IFA_22_27_867.wav,0,99.82323232323232,99.79797979797979,False,-47.59529488155869,0,44.37407700982649,True,<100 Hz
220545,an arabiensis,IFA_22_27_867.wav,100,100.0,100.0,True,-53.671643439707594,11,908.5521219032305,False,800-2000 Hz
220545,an arabiensis,IFA_22_27_867.wav,150,100.0,100.0,True,-53.637386094548276,10,886.4319670625546,False,800-2000 Hz
220545,an arabiensis,IFA_22_27_867.wav,200,100.0,100.0,True,-56.38733321065956,10,954.1887019828487,False,800-2000 Hz
220545,an arabiensis,IFA_22_27_867.wav,300,100.0,100.0,True,-53.727758222551365,8,907.814472208775,False,800-2000 Hz
220544,an arabiensis,IFA_22_27_867.wav,0,98.88888888888889,98.86363636363636,False,-33.53166755088309,36,6103.720297923787,False,>=2000 Hz
220544,an arabiensis,IFA_22_27_867.wav,100,99.26767676767678,99.24242424242425,False,-33.98135597054532,36,6192.935304310192,False,>=2000 Hz
220544,an arabiensis,IFA_22_27_867.wav,150,99.19191919191918,99.16666666666667,False,-34.320667346404505,36,6233.825044478617,False,>=2000 Hz
220544,an arabiensis,IFA_22_27_867.wav,200,99.24242424242425,99.24242424242425,False,-34.68138366149909,36,6272.599048553766,False,>=2000 Hz
220544,an arabiensis,IFA_22_27_867.wav,300,99.16666666666667,99.16666666666667,False,-34.455685262361484,35,5982.573343857049,False,>=2000 Hz
220524,an arabiensis,IFA_22_28_868.wav,0,98.61111111111111,98.61111111111111,False,-33.54051680185328,0,44.37407700982649,True,<100 Hz
220524,an arabiensis,IFA_22_28_868.wav,100,99.97474747474747,99.97474747474747,False,-51.21669993547214,0,147.947081154182,True,100-300 Hz
220524,an arabiensis,IFA_22_28_868.wav,150,99.97474747474747,99.97474747474747,False,-51.48802833775687,33,5148.750552755978,False,>=2000 Hz
220524,an arabiensis,IFA_22_28_868.wav,200,100.0,100.0,True,-52.382786676247825,33,5206.106474135096,False,>=2000 Hz
220524,an arabiensis,IFA_22_28_868.wav,300,99.97474747474747,99.97474747474747,False,-51.360239484786696,33,5313.3090758650505,False,>=2000 Hz
220525,an arabiensis,IFA_22_28_868.wav,0,99.0909090909091,99.04040404040404,False,-36.28811555040738,36,6103.720297923787,False,>=2000 Hz
220525,an arabiensis,IFA_22_28_868.wav,100,99.31818181818181,99.29292929292929,False,-37.05037571304837,36,6192.935304310192,False,>=2000 Hz
220525,an arabiensis,IFA_22_28_868.wav,150,99.31818181818181,99.29292929292929,False,-36.93967063565156,36,6233.825044478617,False,>=2000 Hz
220525,an arabiensis,IFA_22_28_868.wav,200,99.31818181818181,99.29292929292929,False,-36.994451693053,36,6272.599048553766,False,>=2000 Hz
220525,an arabiensis,IFA_22_28_868.wav,300,99.34343434343434,99.34343434343434,False,-36.55312210806375,35,5982.573343857049,False,>=2000 Hz
220532,an arabiensis,IFA_22_37_877.wav,0,89.0909090909091,88.96464646464646,False,-17.906536064964087,0,44.37407700982649,True,<100 Hz
220532,an arabiensis,IFA_22_37_877.wav,100,89.29292929292929,89.21717171717172,False,-25.68979761697014,27,3382.2099706881345,False,>=2000 Hz
220532,an arabiensis,IFA_22_37_877.wav,150,89.94949494949495,89.72222222222223,False,-25.68979761697014,27,3461.439059913137,False,>=2000 Hz
220532,an arabiensis,IFA_22_37_877.wav,200,90.17676767676768,89.84848484848484,False,-25.68979761697014,39,7531.673049716309,False,>=2000 Hz
220532,an arabiensis,IFA_22_37_877.wav,300,89.94949494949495,89.84848484848484,False,-25.9906291001046,29,4169.149528643879,False,>=2000 Hz
220559,culex pipiens complex,IFA_23_14_894.wav,0,99.26767676767678,99.21717171717171,False,-42.37366271597904,0,44.37407700982649,True,<100 Hz
220559,culex pipiens complex,IFA_23_14_894.wav,100,99.72222222222223,99.72222222222223,False,-42.387255144295814,33,5088.525017110928,False,>=2000 Hz
220559,culex pipiens complex,IFA_23_14_894.wav,150,99.74747474747475,99.72222222222223,False,-42.6689437076171,32,4826.198821544699,False,>=2000 Hz
220559,culex pipiens complex,IFA_23_14_894.wav,200,99.74747474747475,99.74747474747475,False,-42.64187006137978,32,4888.1767232060765,False,>=2000 Hz
220559,culex pipiens complex,IFA_23_14_894.wav,300,99.74747474747475,99.74747474747475,False,-42.568448242544505,32,5004.24831571783,False,>=2000 Hz
220565,an arabiensis,IFA_23_17_897.wav,0,99.79797979797979,99.77272727272727,False,-49.64903438544492,0,44.37407700982649,True,<100 Hz
220565,an arabiensis,IFA_23_17_897.wav,100,100.0,100.0,True,-53.34177130419743,19,1862.5080507980697,False,800-2000 Hz
220565,an arabiensis,IFA_23_17_897.wav,150,99.97474747474747,99.97474747474747,False,-51.338018691370166,18,1797.5500446410404,False,800-2000 Hz
220565,an arabiensis,IFA_23_17_897.wav,200,100.0,100.0,True,-52.317892648692855,17,1736.7054285722647,False,800-2000 Hz
220565,an arabiensis,IFA_23_17_897.wav,300,99.97474747474747,99.97474747474747,False,-51.410810688074385,16,1752.2049416525224,False,800-2000 Hz
220566,an arabiensis,IFA_23_17_897.wav,0,98.28282828282828,98.23232323232324,False,-39.710768940263705,0,44.37407700982649,True,<100 Hz
220566,an arabiensis,IFA_23_17_897.wav,100,99.01515151515152,98.98989898989899,False,-41.11279021324271,37,6606.055464843051,False,>=2000 Hz
220566,an arabiensis,IFA_23_17_897.wav,150,98.93939393939394,98.93939393939394,False,-40.452013924901486,6,564.3726097218181,False,300-800 Hz
220566,an arabiensis,IFA_23_17_897.wav,200,98.98989898989899,98.96464646464646,False,-40.85028938810612,36,6272.599048553766,False,>=2000 Hz
220566,an arabiensis,IFA_23_17_897.wav,300,99.01515151515152,99.01515151515152,False,-40.73118810650019,36,6344.640540634074,False,>=2000 Hz
220564,culex pipiens complex,IFA_23_38_918.wav,0,95.53030303030303,95.45454545454545,False,-24.39311179834149,0,44.37407700982649,True,<100 Hz
220564,culex pipiens complex,IFA_23_38_918.wav,100,97.19696969696969,97.09595959595958,False,-39.231526563078944,35,5803.174981087622,False,>=2000 Hz
220564,culex pipiens complex,IFA_23_38_918.wav,150,97.37373737373738,97.29797979797979,False,-38.911376533500956,35,5851.432728061765,False,>=2000 Hz
220564,culex pipiens complex,IFA_23_38_918.wav,200,97.47474747474747,97.3989898989899,False,-38.45705807971956,35,5897.259272926163,False,>=2000 Hz
220564,culex pipiens complex,IFA_23_38_918.wav,300,97.44949494949495,97.32323232323232,False,-38.04547773825583,35,5982.573343857049,False,>=2000 Hz
220587,culex pipiens complex,IFA_24_12_932.wav,0,97.42424242424242,97.34848484848484,False,-35.5938398108769,0,44.37407700982649,True,<100 Hz
220587,culex pipiens complex,IFA_24_12_932.wav,100,98.63636363636363,98.61111111111111,False,-35.27570474546115,34,5435.453615558967,False,>=2000 Hz
220587,culex pipiens complex,IFA_24_12_932.wav,150,98.53535353535354,98.53535353535354,False,-35.389234946642304,34,5490.128899271392,False,>=2000 Hz
220587,culex pipiens complex,IFA_24_12_932.wav,200,98.56060606060606,98.56060606060606,False,-35.61265279434791,34,5542.124294130725,False,>=2000 Hz
220587,culex pipiens complex,IFA_24_12_932.wav,300,98.56060606060606,98.53535353535354,False,-36.51359412767682,34,5639.114996491976,False,>=2000 Hz
220589,culex pipiens complex,IFA_24_12_932.wav,0,99.36868686868688,99.34343434343434,False,-43.06281798370811,0,44.37407700982649,True,<100 Hz
220589,culex pipiens complex,IFA_24_12_932.wav,100,100.0,100.0,True,-53.50075836435556,20,2016.0890276353948,False,>=2000 Hz
220589,culex pipiens complex,IFA_24_12_932.wav,150,100.0,100.0,True,-53.233519289992664,19,1943.326394117477,False,800-2000 Hz
220589,culex pipiens complex,IFA_24_12_932.wav,200,100.0,100.0,True,-54.058669576262346,19,2021.8570397331082,False,>=2000 Hz
220589,culex pipiens complex,IFA_24_12_932.wav,300,100.0,100.0,True,-53.58372244772471,18,2025.1284060106793,False,>=2000 Hz
220588,culex pipiens complex,IFA_24_12_932.wav,0,97.02020202020202,96.94444444444444,False,-37.911111508461474,0,44.37407700982649,True,<100 Hz
220588,culex pipiens complex,IFA_24_12_932.wav,100,98.43434343434343,98.38383838383838,False,-41.98640735382839,34,5435.453615558967,False,>=2000 Hz
220588,culex pipiens complex,IFA_24_12_932.wav,150,98.45959595959596,98.35858585858585,False,-41.98640735382839,33,5148.750552755978,False,>=2000 Hz
220588,culex pipiens complex,IFA_24_12_932.wav,200,98.45959595959596,98.43434343434343,False,-41.98640735382839,33,5206.106474135096,False,>=2000 Hz
220588,culex pipiens complex,IFA_24_12_932.wav,300,98.53535353535354,98.45959595959596,False,-42.32065749233952,32,5004.24831571783,False,>=2000 Hz
220643,an arabiensis,IFA_24_20_940.wav,0,92.34848484848484,92.22222222222223,False,-30.376316621680335,0,44.37407700982649,True,<100 Hz
220643,an arabiensis,IFA_24_20_940.wav,100,94.24242424242424,94.06565656565657,False,-36.8527278438093,34,5435.453615558967,False,>=2000 Hz
220643,an arabiensis,IFA_24_20_940.wav,150,93.96464646464646,93.91414141414141,False,-37.13076123388933,34,5490.128899271392,False,>=2000 Hz
220643,an arabiensis,IFA_24_20_940.wav,200,94.04040404040404,93.83838383838385,False,-36.95382888664107,34,5542.124294130725,False,>=2000 Hz
220643,an arabiensis,IFA_24_20_940.wav,300,94.1919191919192,94.01515151515152,False,-37.4896026473372,34,5639.114996491976,False,>=2000 Hz
220642,an arabiensis,IFA_24_20_940.wav,0,98.63636363636363,98.61111111111111,False,-45.29688485777646,0,44.37407700982649,True,<100 Hz
220642,an arabiensis,IFA_24_20_940.wav,100,99.29292929292929,99.24242424242425,False,-44.6045193812859,37,6606.055464843051,False,>=2000 Hz
220642,an arabiensis,IFA_24_20_940.wav,150,99.29292929292929,99.26767676767678,False,-45.40717985860741,37,6638.536735866427,False,>=2000 Hz
220642,an arabiensis,IFA_24_20_940.wav,200,99.26767676767678,99.26767676767678,False,-46.48141548991492,37,6669.293138350332,False,>=2000 Hz
220642,an arabiensis,IFA_24_20_940.wav,300,99.29292929292929,99.26767676767678,False,-45.442407863880554,37,6726.324829246307,False,>=2000 Hz
220657,an arabiensis,IFA_24_21_941.wav,0,99.44444444444444,99.41919191919192,False,-42.41541328443759,0,44.37407700982649,True,<100 Hz
220657,an arabiensis,IFA_24_21_941.wav,100,100.0,100.0,True,-57.53167484505498,34,5435.453615558967,False,>=2000 Hz
220657,an arabiensis,IFA_24_21_941.wav,150,100.0,100.0,True,-57.373762260878316,36,6233.825044478617,False,>=2000 Hz
220657,an arabiensis,IFA_24_21_941.wav,200,100.0,100.0,True,-57.77008606081757,36,6272.599048553766,False,>=2000 Hz
220657,an arabiensis,IFA_24_21_941.wav,300,100.0,100.0,True,-58.32724972983687,34,5639.114996491976,False,>=2000 Hz
220654,an arabiensis,IFA_24_25_945.wav,0,98.96464646464646,98.96464646464646,False,-37.897062010134526,0,44.37407700982649,True,<100 Hz
220654,an arabiensis,IFA_24_25_945.wav,100,99.92424242424242,99.92424242424242,False,-49.832091877583196,35,5803.174981087622,False,>=2000 Hz
220654,an arabiensis,IFA_24_25_945.wav,150,99.92424242424242,99.92424242424242,False,-49.7599046676999,35,5851.432728061765,False,>=2000 Hz
220654,an arabiensis,IFA_24_25_945.wav,200,99.92424242424242,99.92424242424242,False,-50.22565834758797,35,5897.259272926163,False,>=2000 Hz
220654,an arabiensis,IFA_24_25_945.wav,300,99.92424242424242,99.92424242424242,False,-50.803028995601224,32,5004.24831571783,False,>=2000 Hz
220655,an arabiensis,IFA_24_25_945.wav,0,99.14141414141415,99.14141414141415,False,-43.0921961866154,0,44.37407700982649,True,<100 Hz
220655,an arabiensis,IFA_24_25_945.wav,100,100.0,100.0,True,-53.09211739108044,37,6606.055464843051,False,>=2000 Hz
220655,an arabiensis,IFA_24_25_945.wav,150,100.0,100.0,True,-53.09211739108044,38,7066.870533681113,False,>=2000 Hz
220655,an arabiensis,IFA_24_25_945.wav,200,100.0,100.0,True,-52.97004366566411,37,6669.293138350332,False,>=2000 Hz
220655,an arabiensis,IFA_24_25_945.wav,300,100.0,100.0,True,-53.40567796039978,34,5639.114996491976,False,>=2000 Hz
220656,an arabiensis,IFA_24_25_945.wav,0,98.91414141414141,98.91414141414141,False,-35.27222417596789,0,44.37407700982649,True,<100 Hz
220656,an arabiensis,IFA_24_25_945.wav,100,100.0,100.0,True,-55.293560745671954,34,5435.453615558967,False,>=2000 Hz
220656,an arabiensis,IFA_24_25_945.wav,150,100.0,100.0,True,-55.293560745671954,36,6233.825044478617,False,>=2000 Hz
220656,an arabiensis,IFA_24_25_945.wav,200,100.0,100.0,True,-55.293560745671954,36,6272.599048553766,False,>=2000 Hz
220656,an arabiensis,IFA_24_25_945.wav,300,100.0,100.0,True,-55.56927719563159,38,7128.689079502165,False,>=2000 Hz
220639,culex pipiens complex,IFA_24_36_956.wav,0,99.19191919191918,99.19191919191918,False,-38.519481359445365,0,44.37407700982649,True,<100 Hz
220639,culex pipiens complex,IFA_24_36_956.wav,100,99.67171717171716,99.67171717171716,False,-46.50029804127602,37,6606.055464843051,False,>=2000 Hz
220639,culex pipiens complex,IFA_24_36_956.wav,150,99.67171717171716,99.64646464646465,False,-46.75707171309981,38,7066.870533681113,False,>=2000 Hz
220639,culex pipiens complex,IFA_24_36_956.wav,200,99.64646464646465,99.64646464646465,False,-46.581204077205946,37,6669.293138350332,False,>=2000 Hz
220639,culex pipiens complex,IFA_24_36_956.wav,300,99.69696969696969,99.64646464646465,False,-46.40811198220466,37,6726.324829246307,False,>=2000 Hz
220640,culex pipiens complex,IFA_24_36_956.wav,0,97.57575757575758,97.57575757575758,False,-34.264469807537424,0,44.37407700982649,True,<100 Hz
220640,culex pipiens complex,IFA_24_36_956.wav,100,99.26767676767678,99.26767676767678,False,-37.83127601012177,35,5803.174981087622,False,>=2000 Hz
220640,culex pipiens complex,IFA_24_36_956.wav,150,99.21717171717171,99.19191919191918,False,-38.20368135914368,35,5851.432728061765,False,>=2000 Hz
220640,culex pipiens complex,IFA_24_36_956.wav,200,99.14141414141415,99.14141414141415,False,-38.18204596627894,34,5542.124294130725,False,>=2000 Hz
220640,culex pipiens complex,IFA_24_36_956.wav,300,99.21717171717171,99.19191919191918,False,-37.54999670654041,34,5639.114996491976,False,>=2000 Hz
220638,culex pipiens complex,IFA_24_36_956.wav,0,99.41919191919192,99.39393939393939,False,-40.83097509767984,36,6103.720297923787,False,>=2000 Hz
220638,culex pipiens complex,IFA_24_36_956.wav,100,99.62121212121212,99.62121212121212,False,-41.39848678269927,36,6192.935304310192,False,>=2000 Hz
220638,culex pipiens complex,IFA_24_36_956.wav,150,99.5959595959596,99.5959595959596,False,-41.7060218568517,36,6233.825044478617,False,>=2000 Hz
220638,culex pipiens complex,IFA_24_36_956.wav,200,99.57070707070706,99.54545454545455,False,-42.11278750714693,36,6272.599048553766,False,>=2000 Hz
220638,culex pipiens complex,IFA_24_36_956.wav,300,99.57070707070706,99.57070707070706,False,-41.36364879219221,35,5982.573343857049,False,>=2000 Hz
220668,culex pipiens complex,IFA_24_37_957.wav,0,99.77272727272727,99.72222222222223,False,-47.89129321162506,33,4958.050905231921,False,>=2000 Hz
220668,culex pipiens complex,IFA_24_37_957.wav,100,99.84848484848486,99.77272727272727,False,-48.357663499749926,33,5088.525017110928,False,>=2000 Hz
220668,culex pipiens complex,IFA_24_37_957.wav,150,99.84848484848486,99.84848484848486,False,-49.14331300048919,33,5148.750552755978,False,>=2000 Hz
220668,culex pipiens complex,IFA_24_37_957.wav,200,99.79797979797979,99.79797979797979,False,-48.53710016566958,32,4888.1767232060765,False,>=2000 Hz
220668,culex pipiens complex,IFA_24_37_957.wav,300,99.8989898989899,99.8989898989899,False,-48.15822803010383,32,5004.24831571783,False,>=2000 Hz
220667,culex pipiens complex,IFA_24_37_957.wav,0,99.82323232323232,99.77272727272727,False,-44.02054227856539,0,44.37407700982649,True,<100 Hz
220667,culex pipiens complex,IFA_24_37_957.wav,100,100.0,100.0,True,-54.24852423749935,6,502.37884079729855,False,300-800 Hz
220667,culex pipiens complex,IFA_24_37_957.wav,150,100.0,100.0,True,-54.548932755507536,6,564.3726097218181,False,300-800 Hz
220667,culex pipiens complex,IFA_24_37_957.wav,200,100.0,100.0,True,-54.24852423749935,5,554.3806613018434,False,300-800 Hz
220667,culex pipiens complex,IFA_24_37_957.wav,300,100.0,100.0,True,-54.24852423749935,3,534.9813946953967,False,300-800 Hz
220665,culex pipiens complex,IFA_24_37_957.wav,0,98.10606060606061,98.08080808080808,False,-31.471774530583687,0,44.37407700982649,True,<100 Hz
220665,culex pipiens complex,IFA_24_37_957.wav,100,100.0,100.0,True,-52.33334006365317,34,5435.453615558967,False,>=2000 Hz
220665,culex pipiens complex,IFA_24_37_957.wav,150,100.0,100.0,True,-52.58746492451284,34,5490.128899271392,False,>=2000 Hz
220665,culex pipiens complex,IFA_24_37_957.wav,200,100.0,100.0,True,-52.681140262196465,34,5542.124294130725,False,>=2000 Hz
220665,culex pipiens complex,IFA_24_37_957.wav,300,100.0,100.0,True,-53.523290746270746,34,5639.114996491976,False,>=2000 Hz
220666,culex pipiens complex,IFA_24_37_957.wav,0,98.73737373737373,98.73737373737373,False,-39.58569325495206,38,6993.657556191134,False,>=2000 Hz
220666,culex pipiens complex,IFA_24_37_957.wav,100,99.11616161616162,99.0909090909091,False,-40.40296814932849,38,7043.93550770528,False,>=2000 Hz
220666,culex pipiens complex,IFA_24_37_957.wav,150,99.0909090909091,99.06565656565657,False,-40.40296814932849,38,7066.870533681113,False,>=2000 Hz
220666,culex pipiens complex,IFA_24_37_957.wav,200,99.0909090909091,99.06565656565657,False,-40.73278992537237,37,6669.293138350332,False,>=2000 Hz
220666,culex pipiens complex,IFA_24_37_957.wav,300,99.06565656565657,99.06565656565657,False,-40.11791782478491,37,6726.324829246307,False,>=2000 Hz
220664,culex pipiens complex,IFA_24_37_957.wav,0,99.14141414141415,99.14141414141415,False,-46.24450605910496,0,44.37407700982649,True,<100 Hz
220664,culex pipiens complex,IFA_24_37_957.wav,100,99.4949494949495,99.4949494949495,False,-46.54688603930606,34,5435.453615558967,False,>=2000 Hz
220664,culex pipiens complex,IFA_24_37_957.wav,150,99.4949494949495,99.4949494949495,False,-46.54688603930606,33,5148.750552755978,False,>=2000 Hz
220664,culex pipiens complex,IFA_24_37_957.wav,200,99.44444444444444,99.44444444444444,False,-46.70195200693932,33,5206.106474135096,False,>=2000 Hz
220664,culex pipiens complex,IFA_24_37_957.wav,300,99.4949494949495,99.4949494949495,False,-46.58795619561503,38,7128.689079502165,False,>=2000 Hz
220628,culex pipiens complex,IFA_24_39_959.wav,0,99.06565656565657,99.06565656565657,False,-39.80447410059241,0,44.37407700982649,True,<100 Hz
220628,culex pipiens complex,IFA_24_39_959.wav,100,99.82323232323232,99.82323232323232,False,-44.921054115717496,34,5435.453615558967,False,>=2000 Hz
220628,culex pipiens complex,IFA_24_39_959.wav,150,99.82323232323232,99.82323232323232,False,-45.5868767641761,34,5490.128899271392,False,>=2000 Hz
220628,culex pipiens complex,IFA_24_39_959.wav,200,99.79797979797979,99.79797979797979,False,-46.30454501351088,34,5542.124294130725,False,>=2000 Hz
220628,culex pipiens complex,IFA_24_39_959.wav,300,99.77272727272727,99.77272727272727,False,-45.48167356654629,33,5313.3090758650505,False,>=2000 Hz
220627,culex pipiens complex,IFA_24_39_959.wav,0,75.58080808080808,75.37878787878788,False,-28.15445476861494,33,4958.050905231921,False,>=2000 Hz
220627,culex pipiens complex,IFA_24_39_959.wav,100,75.75757575757575,75.45454545454545,False,-27.870429427684087,15,1330.2531276925415,False,800-2000 Hz
220627,culex pipiens complex,IFA_24_39_959.wav,150,75.70707070707071,75.42929292929294,False,-27.823018883047837,32,4826.198821544699,False,>=2000 Hz
220627,culex pipiens complex,IFA_24_39_959.wav,200,75.85858585858585,75.55555555555556,False,-27.872583499297725,32,4888.1767232060765,False,>=2000 Hz
220627,culex pipiens complex,IFA_24_39_959.wav,300,75.20202020202021,74.97474747474747,False,-28.15445476861494,32,5004.24831571783,False,>=2000 Hz
220646,culex pipiens complex,IFA_25_15_975.wav,0,98.61111111111111,98.61111111111111,False,-34.38216860615295,34,5316.723457509462,False,>=2000 Hz
220646,culex pipiens complex,IFA_25_15_975.wav,100,99.4949494949495,99.44444444444444,False,-34.162688339848295,34,5435.453615558967,False,>=2000 Hz
220646,culex pipiens complex,IFA_25_15_975.wav,150,99.44444444444444,99.41919191919192,False,-34.560144758607294,34,5490.128899271392,False,>=2000 Hz
220646,culex pipiens complex,IFA_25_15_975.wav,200,99.44444444444444,99.39393939393939,False,-34.87726229999765,34,5542.124294130725,False,>=2000 Hz
220646,culex pipiens complex,IFA_25_15_975.wav,300,99.44444444444444,99.44444444444444,False,-35.02553202867868,33,5313.3090758650505,False,>=2000 Hz
220645,culex pipiens complex,IFA_25_15_975.wav,0,99.19191919191918,99.16666666666667,False,-42.52832029324275,0,44.37407700982649,True,<100 Hz
220645,culex pipiens complex,IFA_25_15_975.wav,100,99.97474747474747,99.97474747474747,False,-51.84829790805192,34,5435.453615558967,False,>=2000 Hz
220645,culex pipiens complex,IFA_25_15_975.wav,150,99.97474747474747,99.97474747474747,False,-51.628944026271306,34,5490.128899271392,False,>=2000 Hz
220645,culex pipiens complex,IFA_25_15_975.wav,200,100.0,100.0,True,-52.198451034181346,33,5206.106474135096,False,>=2000 Hz
220645,culex pipiens complex,IFA_25_15_975.wav,300,100.0,100.0,True,-53.755811517920584,33,5313.3090758650505,False,>=2000 Hz
220693,culex pipiens complex,IFA_25_18_978.wav,0,97.8030303030303,97.77777777777777,False,-23.954906187561832,0,44.37407700982649,True,<100 Hz
220693,culex pipiens complex,IFA_25_18_978.wav,100,99.19191919191918,99.19191919191918,False,-44.82964756562452,0,147.947081154182,True,100-300 Hz
220693,culex pipiens complex,IFA_25_18_978.wav,150,99.36868686868688,99.31818181818181,False,-46.83093459144159,35,5851.432728061765,False,>=2000 Hz
220693,culex pipiens complex,IFA_25_18_978.wav,200,99.39393939393939,99.39393939393939,False,-47.78687814262139,35,5897.259272926163,False,>=2000 Hz
220693,culex pipiens complex,IFA_25_18_978.wav,300,99.5959595959596,99.57070707070706,False,-46.808663551390055,34,5639.114996491976,False,>=2000 Hz
220692,culex pipiens complex,IFA_25_18_978.wav,0,99.4949494949495,99.4949494949495,False,-43.938873243103316,0,44.37407700982649,True,<100 Hz
220692,culex pipiens complex,IFA_25_18_978.wav,100,100.0,100.0,True,-53.541848048808944,36,6192.935304310192,False,>=2000 Hz
220692,culex pipiens complex,IFA_25_18_978.wav,150,100.0,100.0,True,-52.8447761507915,6,564.3726097218181,False,300-800 Hz
220692,culex pipiens complex,IFA_25_18_978.wav,200,100.0,100.0,True,-53.541848048808944,36,6272.599048553766,False,>=2000 Hz
220692,culex pipiens complex,IFA_25_18_978.wav,300,100.0,100.0,True,-53.68352801264267,36,6344.640540634074,False,>=2000 Hz
220626,culex pipiens complex,IFA_25_20_980.wav,0,97.57575757575758,97.57575757575758,False,-35.53407260883531,0,44.37407700982649,True,<100 Hz
220626,culex pipiens complex,IFA_25_20_980.wav,100,98.7878787878788,98.76262626262627,False,-39.70902122573038,37,6606.055464843051,False,>=2000 Hz
220626,culex pipiens complex,IFA_25_20_980.wav,150,98.7878787878788,98.7878787878788,False,-39.90147357797365,36,6233.825044478617,False,>=2000 Hz
220626,culex pipiens complex,IFA_25_20_980.wav,200,98.86363636363636,98.86363636363636,False,-39.913595226328646,36,6272.599048553766,False,>=2000 Hz
220626,culex pipiens complex,IFA_25_20_980.wav,300,98.83838383838383,98.81313131313131,False,-40.06927514598922,37,6726.324829246307,False,>=2000 Hz
220670,culex pipiens complex,IFA_25_22_982.wav,0,99.97474747474747,99.97474747474747,False,-51.3624745733598,0,44.37407700982649,True,<100 Hz
220670,culex pipiens complex,IFA_25_22_982.wav,100,99.97474747474747,99.97474747474747,False,-51.53078895428113,17,1580.907710730555,False,800-2000 Hz
220670,culex pipiens complex,IFA_25_22_982.wav,150,99.97474747474747,99.97474747474747,False,-51.76060116544109,17,1659.8130898129411,False,800-2000 Hz
220670,culex pipiens complex,IFA_25_22_982.wav,200,100.0,99.97474747474747,False,-51.981464100375064,16,1605.5359087903153,False,800-2000 Hz
220670,culex pipiens complex,IFA_25_22_982.wav,300,100.0,100.0,True,-52.56711272028562,15,1626.1711200507493,False,800-2000 Hz
220671,culex pipiens complex,IFA_25_22_982.wav,0,99.14141414141415,99.14141414141415,False,-40.41911466070832,0,44.37407700982649,True,<100 Hz
220671,culex pipiens complex,IFA_25_22_982.wav,100,100.0,100.0,True,-54.99565087696197,34,5435.453615558967,False,>=2000 Hz
220671,culex pipiens complex,IFA_25_22_982.wav,150,100.0,100.0,True,-54.50148022770291,34,5490.128899271392,False,>=2000 Hz
220671,culex pipiens complex,IFA_25_22_982.wav,200,100.0,100.0,True,-54.96771970109674,34,5542.124294130725,False,>=2000 Hz
220671,culex pipiens complex,IFA_25_22_982.wav,300,100.0,100.0,True,-55.3636065556704,33,5313.3090758650505,False,>=2000 Hz
220852,an arabiensis,IFA_25_30_990.wav,0,97.34848484848484,97.32323232323232,False,-42.23711817690863,20,1844.8093189835445,False,800-2000 Hz
220852,an arabiensis,IFA_25_30_990.wav,100,98.48484848484848,98.43434343434343,False,-42.23711817690863,19,1862.5080507980697,False,800-2000 Hz
220852,an arabiensis,IFA_25_30_990.wav,150,98.13131313131314,98.13131313131314,False,-43.92816021275011,19,1943.326394117477,False,800-2000 Hz
220852,an arabiensis,IFA_25_30_990.wav,200,98.45959595959596,98.43434343434343,False,-43.93752692804397,18,1875.3376136955906,False,800-2000 Hz
220852,an arabiensis,IFA_25_30_990.wav,300,97.97979797979798,97.95454545454545,False,-45.08881654859377,17,1885.0673770439807,False,800-2000 Hz
220853,an arabiensis,IFA_25_35_995.wav,0,96.31313131313132,96.21212121212122,False,-35.82456279453147,0,44.37407700982649,True,<100 Hz
220853,an arabiensis,IFA_25_35_995.wav,100,97.44949494949495,97.27272727272728,False,-36.523207694485265,9,731.7843554943794,False,300-800 Hz
220853,an arabiensis,IFA_25_35_995.wav,150,97.44949494949495,97.3989898989899,False,-36.289455355682165,9,798.9421052862099,False,300-800 Hz
220853,an arabiensis,IFA_25_35_995.wav,200,97.37373737373738,97.24747474747475,False,-36.32249068857178,7,701.1725805814766,False,300-800 Hz
220853,an arabiensis,IFA_25_35_995.wav,300,97.37373737373738,97.34848484848484,False,-36.523207694485265,6,746.7907586719966,False,300-800 Hz
220855,an arabiensis,IFA_25_35_995.wav,0,99.8989898989899,99.8989898989899,False,-49.043329049487085,0,44.37407700982649,True,<100 Hz
220855,an arabiensis,IFA_25_35_995.wav,100,100.0,100.0,True,-57.86793399792832,38,7043.93550770528,False,>=2000 Hz
220855,an arabiensis,IFA_25_35_995.wav,150,100.0,100.0,True,-58.28498292595012,38,7066.870533681113,False,>=2000 Hz
220855,an arabiensis,IFA_25_35_995.wav,200,100.0,100.0,True,-58.25445405165537,37,6669.293138350332,False,>=2000 Hz
220855,an arabiensis,IFA_25_35_995.wav,300,100.0,100.0,True,-57.780154070739414,37,6726.324829246307,False,>=2000 Hz
220854,an arabiensis,IFA_25_35_995.wav,0,99.0909090909091,99.06565656565657,False,-41.55672614891904,0,44.37407700982649,True,<100 Hz
220854,an arabiensis,IFA_25_35_995.wav,100,99.92424242424242,99.8989898989899,False,-50.17070802686153,6,502.37884079729855,False,300-800 Hz
220854,an arabiensis,IFA_25_35_995.wav,150,100.0,100.0,True,-52.303151322077824,6,564.3726097218181,False,300-800 Hz
220854,an arabiensis,IFA_25_35_995.wav,200,99.92424242424242,99.92424242424242,False,-50.275918572699574,5,554.3806613018434,False,300-800 Hz
220854,an arabiensis,IFA_25_35_995.wav,300,99.92424242424242,99.92424242424242,False,-50.310325368097786,3,534.9813946953967,False,300-800 Hz
220867,culex pipiens complex,IFA_26_16_1016.wav,0,97.12121212121212,97.12121212121212,False,-33.02658589792331,0,44.37407700982649,True,<100 Hz
220867,culex pipiens complex,IFA_26_16_1016.wav,100,98.25757575757575,98.25757575757575,False,-33.218297498874755,29,3886.19867245134,False,>=2000 Hz
220867,culex pipiens complex,IFA_26_16_1016.wav,150,98.25757575757575,98.25757575757575,False,-33.39748201269709,29,3961.4038001847744,False,>=2000 Hz
220867,culex pipiens complex,IFA_26_16_1016.wav,200,98.20707070707071,98.15656565656565,False,-33.59618874564514,28,3778.6339888939056,False,>=2000 Hz
220867,culex pipiens complex,IFA_26_16_1016.wav,300,98.15656565656565,98.13131313131314,False,-33.9490567720989,28,3918.894130890742,False,>=2000 Hz
220851,an arabiensis,IFA_26_32_1032.wav,0,98.13131313131314,98.13131313131314,False,-34.56486468083556,0,44.37407700982649,True,<100 Hz
220851,an arabiensis,IFA_26_32_1032.wav,100,99.36868686868688,99.36868686868688,False,-35.04474824639575,36,6192.935304310192,False,>=2000 Hz
220851,an arabiensis,IFA_26_32_1032.wav,150,99.34343434343434,99.34343434343434,False,-35.40161263644601,36,6233.825044478617,False,>=2000 Hz
220851,an arabiensis,IFA_26_32_1032.wav,200,99.34343434343434,99.31818181818181,False,-35.60623100490173,36,6272.599048553766,False,>=2000 Hz
220851,an arabiensis,IFA_26_32_1032.wav,300,99.31818181818181,99.31818181818181,False,-35.30650594170933,35,5982.573343857049,False,>=2000 Hz
220850,an arabiensis,IFA_26_32_1032.wav,0,95.8080808080808,95.75757575757575,False,-39.08503979637862,0,44.37407700982649,True,<100 Hz
220850,an arabiensis,IFA_26_32_1032.wav,100,98.96464646464646,98.91414141414141,False,-44.87574883136233,0,147.947081154182,True,100-300 Hz
220850,an arabiensis,IFA_26_32_1032.wav,150,99.0909090909091,99.06565656565657,False,-44.861743860005944,17,1659.8130898129411,False,800-2000 Hz
220850,an arabiensis,IFA_26_32_1032.wav,200,99.04040404040404,98.98989898989899,False,-44.87618108725747,17,1736.7054285722647,False,800-2000 Hz
220850,an arabiensis,IFA_26_32_1032.wav,300,99.11616161616162,99.0909090909091,False,-45.22668179746062,15,1626.1711200507493,False,800-2000 Hz
220849,an arabiensis,IFA_26_32_1032.wav,0,91.56565656565657,91.38888888888889,False,-38.724425373917086,29,3724.804113863501,False,>=2000 Hz
220849,an arabiensis,IFA_26_32_1032.wav,100,92.65151515151516,92.5,False,-38.561781856409716,28,3626.872536629378,False,>=2000 Hz
220849,an arabiensis,IFA_26_32_1032.wav,150,92.75252525252526,92.55050505050505,False,-38.6576167345498,28,3704.3328493787176,False,>=2000 Hz
220849,an arabiensis,IFA_26_32_1032.wav,200,92.77777777777779,92.52525252525253,False,-38.68550986302068,27,3537.5460581518873,False,>=2000 Hz
220849,an arabiensis,IFA_26_32_1032.wav,300,92.67676767676768,92.5,False,-39.34942157600588,27,3681.5008898112014,False,>=2000 Hz
220750,culex pipiens complex,IFA_27_12_1052.wav,0,98.48484848484848,98.43434343434343,False,-38.63161169790685,0,44.37407700982649,True,<100 Hz
220750,culex pipiens complex,IFA_27_12_1052.wav,100,99.46969696969697,99.39393939393939,False,-47.98116479439273,33,5088.525017110928,False,>=2000 Hz
220750,culex pipiens complex,IFA_27_12_1052.wav,150,99.46969696969697,99.39393939393939,False,-47.721354842711996,33,5148.750552755978,False,>=2000 Hz
220750,culex pipiens complex,IFA_27_12_1052.wav,200,99.46969696969697,99.36868686868688,False,-47.8736815832707,33,5206.106474135096,False,>=2000 Hz
220750,culex pipiens complex,IFA_27_12_1052.wav,300,99.44444444444444,99.39393939393939,False,-48.957669381180764,35,5982.573343857049,False,>=2000 Hz
220752,culex pipiens complex,IFA_27_14_1054.wav,0,98.48484848484848,98.48484848484848,False,-37.11724997309998,0,44.37407700982649,True,<100 Hz
220752,culex pipiens complex,IFA_27_14_1054.wav,100,99.44444444444444,99.39393939393939,False,-37.96946078156021,34,5435.453615558967,False,>=2000 Hz
220752,culex pipiens complex,IFA_27_14_1054.wav,150,99.44444444444444,99.44444444444444,False,-38.02378265610547,34,5490.128899271392,False,>=2000 Hz
220752,culex pipiens complex,IFA_27_14_1054.wav,200,99.41919191919192,99.36868686868688,False,-37.672263987018,34,5542.124294130725,False,>=2000 Hz
220752,culex pipiens complex,IFA_27_14_1054.wav,300,99.39393939393939,99.34343434343434,False,-37.516605915818715,34,5639.114996491976,False,>=2000 Hz
220751,culex pipiens complex,IFA_27_14_1054.wav,0,99.0909090909091,99.0909090909091,False,-34.801433634114,0,44.37407700982649,True,<100 Hz
220751,culex pipiens complex,IFA_27_14_1054.wav,100,99.79797979797979,99.79797979797979,False,-49.03092771250259,34,5435.453615558967,False,>=2000 Hz
220751,culex pipiens complex,IFA_27_14_1054.wav,150,99.77272727272727,99.77272727272727,False,-48.96529539026108,34,5490.128899271392,False,>=2000 Hz
220751,culex pipiens complex,IFA_27_14_1054.wav,200,99.74747474747475,99.74747474747475,False,-48.40077175775393,34,5542.124294130725,False,>=2000 Hz
220751,culex pipiens complex,IFA_27_14_1054.wav,300,99.74747474747475,99.74747474747475,False,-49.148097788197205,34,5639.114996491976,False,>=2000 Hz
220759,culex pipiens complex,IFA_27_15_1055.wav,0,99.4949494949495,99.4949494949495,False,-44.651717621324984,21,2006.1286971205438,False,>=2000 Hz
220759,culex pipiens complex,IFA_27_15_1055.wav,100,99.46969696969697,99.46969696969697,False,-44.651717621324984,20,2016.0890276353948,False,>=2000 Hz
220759,culex pipiens complex,IFA_27_15_1055.wav,150,99.4949494949495,99.4949494949495,False,-45.51706587186718,19,1943.326394117477,False,800-2000 Hz
220759,culex pipiens complex,IFA_27_15_1055.wav,200,99.44444444444444,99.41919191919192,False,-45.28615643505976,11,1048.3009371645,False,800-2000 Hz
220759,culex pipiens complex,IFA_27_15_1055.wav,300,99.52020202020202,99.52020202020202,False,-45.28615643505976,18,2025.1284060106793,False,>=2000 Hz
220756,culex pipiens complex,IFA_27_15_1055.wav,0,99.67171717171716,99.62121212121212,False,-48.582703405494115,0,44.37407700982649,True,<100 Hz
220756,culex pipiens complex,IFA_27_15_1055.wav,100,100.0,100.0,True,-52.293777826915075,6,502.37884079729855,False,300-800 Hz
220756,culex pipiens complex,IFA_27_15_1055.wav,150,99.92424242424242,99.92424242424242,False,-50.021192493671975,5,494.64394366172684,False,300-800 Hz
220756,culex pipiens complex,IFA_27_15_1055.wav,200,99.92424242424242,99.92424242424242,False,-50.16139077502437,15,1481.4273339703952,False,800-2000 Hz
220756,culex pipiens complex,IFA_27_15_1055.wav,300,99.94949494949495,99.94949494949495,False,-50.021192493671975,3,534.9813946953967,False,300-800 Hz
220758,culex pipiens complex,IFA_27_15_1055.wav,0,99.8989898989899,99.8989898989899,False,-49.533132143051134,0,44.37407700982649,True,<100 Hz
220758,culex pipiens complex,IFA_27_15_1055.wav,100,100.0,100.0,True,-54.39359948909264,6,502.37884079729855,False,300-800 Hz
220758,culex pipiens complex,IFA_27_15_1055.wav,150,100.0,100.0,True,-53.79959409229072,30,4233.479401186071,False,>=2000 Hz
220758,culex pipiens complex,IFA_27_15_1055.wav,200,100.0,100.0,True,-53.73037944278348,30,4302.739070598876,False,>=2000 Hz
220758,culex pipiens complex,IFA_27_15_1055.wav,300,100.0,100.0,True,-53.79959409229072,3,534.9813946953967,False,300-800 Hz
220757,culex pipiens complex,IFA_27_15_1055.wav,0,100.0,100.0,True,-55.38237132362064,35,5698.132814724254,False,>=2000 Hz
220757,culex pipiens complex,IFA_27_15_1055.wav,100,100.0,100.0,True,-54.66177881690997,35,5803.174981087622,False,>=2000 Hz
220757,culex pipiens complex,IFA_27_15_1055.wav,150,100.0,100.0,True,-55.46048251094894,35,5851.432728061765,False,>=2000 Hz
220757,culex pipiens complex,IFA_27_15_1055.wav,200,100.0,100.0,True,-54.66177881690997,34,5542.124294130725,False,>=2000 Hz
220757,culex pipiens complex,IFA_27_15_1055.wav,300,100.0,100.0,True,-55.25195517587066,34,5639.114996491976,False,>=2000 Hz
220761,culex pipiens complex,IFA_27_17_1057.wav,0,99.94949494949495,99.94949494949495,False,-49.45528250817744,23,2360.0945639961947,False,>=2000 Hz
220761,culex pipiens complex,IFA_27_17_1057.wav,100,100.0,100.0,True,-53.60840723820142,22,2351.4167527500604,False,>=2000 Hz
220761,culex pipiens complex,IFA_27_17_1057.wav,150,100.0,100.0,True,-52.26796550637921,21,2260.90163072702,False,>=2000 Hz
220761,culex pipiens complex,IFA_27_17_1057.wav,200,100.0,100.0,True,-53.71443453892394,21,2340.3780686307796,False,>=2000 Hz
220761,culex pipiens complex,IFA_27_17_1057.wav,300,100.0,100.0,True,-52.541754473433706,20,2328.427478920975,False,>=2000 Hz
220765,an arabiensis,IFA_27_19_1059.wav,0,100.0,100.0,True,-53.24537335329322,0,44.37407700982649,True,<100 Hz
220765,an arabiensis,IFA_27_19_1059.wav,100,100.0,100.0,True,-62.33249789706932,31,4452.409703131681,False,>=2000 Hz
220765,an arabiensis,IFA_27_19_1059.wav,150,100.0,100.0,True,-62.428489999772424,31,4521.43543989098,False,>=2000 Hz
220765,an arabiensis,IFA_27_19_1059.wav,200,100.0,100.0,True,-62.382467031784074,30,4302.739070598876,False,>=2000 Hz
220765,an arabiensis,IFA_27_19_1059.wav,300,100.0,100.0,True,-62.46315464135232,30,4432.9639650607805,False,>=2000 Hz
220764,an arabiensis,IFA_27_19_1059.wav,0,95.75757575757575,95.68181818181817,False,-39.627855272408794,34,5316.723457509462,False,>=2000 Hz
220764,an arabiensis,IFA_27_19_1059.wav,100,96.06060606060606,95.9090909090909,False,-39.650869635029466,34,5435.453615558967,False,>=2000 Hz
220764,an arabiensis,IFA_27_19_1059.wav,150,96.18686868686869,96.13636363636363,False,-40.24874297334588,34,5490.128899271392,False,>=2000 Hz
220764,an arabiensis,IFA_27_19_1059.wav,200,95.93434343434343,95.8080808080808,False,-40.872847657007824,33,5206.106474135096,False,>=2000 Hz
220764,an arabiensis,IFA_27_19_1059.wav,300,96.06060606060606,96.01010101010101,False,-40.00903960308719,33,5313.3090758650505,False,>=2000 Hz
220763,an arabiensis,IFA_27_19_1059.wav,0,99.97474747474747,99.94949494949495,False,-51.253391027461404,0,44.37407700982649,True,<100 Hz
220763,an arabiensis,IFA_27_19_1059.wav,100,100.0,100.0,True,-58.19180591646325,37,6606.055464843051,False,>=2000 Hz
220763,an arabiensis,IFA_27_19_1059.wav,150,100.0,100.0,True,-58.15380091165105,36,6233.825044478617,False,>=2000 Hz
220763,an arabiensis,IFA_27_19_1059.wav,200,100.0,100.0,True,-58.170477386629415,36,6272.599048553766,False,>=2000 Hz
220763,an arabiensis,IFA_27_19_1059.wav,300,100.0,100.0,True,-58.59926550621013,36,6344.640540634074,False,>=2000 Hz
220755,culex pipiens complex,IFA_27_20_1060.wav,0,95.60606060606061,95.5050505050505,False,-27.5233209186213,32,4620.7597577448405,False,>=2000 Hz
220755,culex pipiens complex,IFA_27_20_1060.wav,100,96.66666666666667,96.56565656565657,False,-26.84400117166829,32,4761.213460851244,False,>=2000 Hz
220755,culex pipiens complex,IFA_27_20_1060.wav,150,96.51515151515152,96.31313131313132,False,-26.886169030760442,32,4826.198821544699,False,>=2000 Hz
220755,culex pipiens complex,IFA_27_20_1060.wav,200,96.71717171717171,96.5909090909091,False,-27.18093324052948,32,4888.1767232060765,False,>=2000 Hz
220755,culex pipiens complex,IFA_27_20_1060.wav,300,96.46464646464646,96.41414141414143,False,-27.319891271017234,31,4711.072079758159,False,>=2000 Hz
220768,culex pipiens complex,IFA_27_25_1065.wav,0,99.94949494949495,99.94949494949495,False,-50.539794255050595,0,44.37407700982649,True,<100 Hz
220768,culex pipiens complex,IFA_27_25_1065.wav,100,100.0,100.0,True,-52.34149900785535,33,5088.525017110928,False,>=2000 Hz
220768,culex pipiens complex,IFA_27_25_1065.wav,150,100.0,100.0,True,-52.899630335825165,30,4233.479401186071,False,>=2000 Hz
220768,culex pipiens complex,IFA_27_25_1065.wav,200,100.0,100.0,True,-53.96916701824659,32,4888.1767232060765,False,>=2000 Hz
220768,culex pipiens complex,IFA_27_25_1065.wav,300,100.0,100.0,True,-53.12652893005436,32,5004.24831571783,False,>=2000 Hz
220777,culex pipiens complex,IFA_27_28_1068.wav,0,97.5,97.44949494949495,False,-26.153085541525066,34,5316.723457509462,False,>=2000 Hz
220777,culex pipiens complex,IFA_27_28_1068.wav,100,98.58585858585859,98.56060606060606,False,-25.629996530824044,34,5435.453615558967,False,>=2000 Hz
220777,culex pipiens complex,IFA_27_28_1068.wav,150,98.48484848484848,98.48484848484848,False,-25.86142680538138,34,5490.128899271392,False,>=2000 Hz
220777,culex pipiens complex,IFA_27_28_1068.wav,200,98.48484848484848,98.48484848484848,False,-26.171784629354274,34,5542.124294130725,False,>=2000 Hz
220777,culex pipiens complex,IFA_27_28_1068.wav,300,98.51010101010101,98.48484848484848,False,-26.837416028085705,33,5313.3090758650505,False,>=2000 Hz
220778,culex pipiens complex,IFA_27_28_1068.wav,0,100.0,100.0,True,-52.109636376991126,0,44.37407700982649,True,<100 Hz
220778,culex pipiens complex,IFA_27_28_1068.wav,100,100.0,100.0,True,-57.11502872476933,22,2351.4167527500604,False,>=2000 Hz
220778,culex pipiens complex,IFA_27_28_1068.wav,150,100.0,100.0,True,-57.26786234906861,21,2260.90163072702,False,>=2000 Hz
220778,culex pipiens complex,IFA_27_28_1068.wav,200,100.0,100.0,True,-57.388271317216834,21,2340.3780686307796,False,>=2000 Hz
220778,culex pipiens complex,IFA_27_28_1068.wav,300,100.0,100.0,True,-57.270116150126704,20,2328.427478920975,False,>=2000 Hz
220762,culex pipiens complex,IFA_27_30_1070.wav,0,99.79797979797979,99.79797979797979,False,-46.95215688549459,0,44.37407700982649,True,<100 Hz
220762,culex pipiens complex,IFA_27_30_1070.wav,100,100.0,100.0,True,-52.97143631648293,18,1717.6112946200515,False,800-2000 Hz
220762,culex pipiens complex,IFA_27_30_1070.wav,150,100.0,100.0,True,-55.85089069400286,21,2260.90163072702,False,>=2000 Hz
220762,culex pipiens complex,IFA_27_30_1070.wav,200,100.0,100.0,True,-52.954501264657736,17,1736.7054285722647,False,800-2000 Hz
220762,culex pipiens complex,IFA_27_30_1070.wav,300,100.0,100.0,True,-55.8567592174457,15,1626.1711200507493,False,800-2000 Hz
220789,culex pipiens complex,IFA_27_35_1075.wav,0,99.44444444444444,99.39393939393939,False,-48.47520046180884,0,44.37407700982649,True,<100 Hz
220789,culex pipiens complex,IFA_27_35_1075.wav,100,99.64646464646465,99.64646464646465,False,-48.81834232525268,22,2351.4167527500604,False,>=2000 Hz
220789,culex pipiens complex,IFA_27_35_1075.wav,150,99.57070707070706,99.57070707070706,False,-49.123308117120445,22,2433.72276470684,False,>=2000 Hz
220789,culex pipiens complex,IFA_27_35_1075.wav,200,99.67171717171716,99.5959595959596,False,-49.45279476842616,21,2340.3780686307796,False,>=2000 Hz
220789,culex pipiens complex,IFA_27_35_1075.wav,300,99.62121212121212,99.62121212121212,False,-49.37821446487309,20,2328.427478920975,False,>=2000 Hz
220788,culex pipiens complex,IFA_27_35_1075.wav,0,99.24242424242425,99.21717171717171,False,-35.03295582388506,34,5316.723457509462,False,>=2000 Hz
220788,culex pipiens complex,IFA_27_35_1075.wav,100,99.31818181818181,99.31818181818181,False,-34.59843407106078,34,5435.453615558967,False,>=2000 Hz
220788,culex pipiens complex,IFA_27_35_1075.wav,150,99.29292929292929,99.29292929292929,False,-34.857161039195304,34,5490.128899271392,False,>=2000 Hz
220788,culex pipiens complex,IFA_27_35_1075.wav,200,99.34343434343434,99.31818181818181,False,-34.91387707256467,34,5542.124294130725,False,>=2000 Hz
220788,culex pipiens complex,IFA_27_35_1075.wav,300,99.29292929292929,99.29292929292929,False,-35.27290922101225,34,5639.114996491976,False,>=2000 Hz
220785,an arabiensis,IFA_28_14_1094.wav,0,100.0,100.0,True,-54.44653246340734,0,44.37407700982649,True,<100 Hz
220785,an arabiensis,IFA_28_14_1094.wav,100,100.0,100.0,True,-55.977363003261786,34,5435.453615558967,False,>=2000 Hz
220785,an arabiensis,IFA_28_14_1094.wav,150,100.0,100.0,True,-55.66586049364506,34,5490.128899271392,False,>=2000 Hz
220785,an arabiensis,IFA_28_14_1094.wav,200,100.0,100.0,True,-55.6220662573757,34,5542.124294130725,False,>=2000 Hz
220785,an arabiensis,IFA_28_14_1094.wav,300,100.0,100.0,True,-55.33367690138083,34,5639.114996491976,False,>=2000 Hz
220786,an arabiensis,IFA_28_14_1094.wav,0,99.82323232323232,99.79797979797979,False,-45.684755684348566,0,44.37407700982649,True,<100 Hz
220786,an arabiensis,IFA_28_14_1094.wav,100,100.0,99.97474747474747,False,-51.99079241015682,34,5435.453615558967,False,>=2000 Hz
220786,an arabiensis,IFA_28_14_1094.wav,150,100.0,99.97474747474747,False,-51.99079241015682,21,2260.90163072702,False,>=2000 Hz
220786,an arabiensis,IFA_28_14_1094.wav,200,100.0,99.97474747474747,False,-51.99079241015682,21,2340.3780686307796,False,>=2000 Hz
220786,an arabiensis,IFA_28_14_1094.wav,300,100.0,100.0,True,-52.40541042588271,20,2328.427478920975,False,>=2000 Hz
220822,an arabiensis,IFA_28_15_1095.wav,0,100.0,100.0,True,-54.59157690819255,0,44.37407700982649,True,<100 Hz
220822,an arabiensis,IFA_28_15_1095.wav,100,100.0,100.0,True,-55.66522823288753,30,4161.067222372874,False,>=2000 Hz
220822,an arabiensis,IFA_28_15_1095.wav,150,100.0,100.0,True,-56.38066268706787,30,4233.479401186071,False,>=2000 Hz
220822,an arabiensis,IFA_28_15_1095.wav,200,100.0,100.0,True,-55.43840554454086,30,4302.739070598876,False,>=2000 Hz
220822,an arabiensis,IFA_28_15_1095.wav,300,100.0,100.0,True,-55.66522823288753,29,4169.149528643879,False,>=2000 Hz
220821,an arabiensis,IFA_28_15_1095.wav,0,99.8989898989899,99.8989898989899,False,-50.495837846059004,0,44.37407700982649,True,<100 Hz
220821,an arabiensis,IFA_28_15_1095.wav,100,100.0,100.0,True,-56.43898873711212,23,2534.299911099232,False,>=2000 Hz
220821,an arabiensis,IFA_28_15_1095.wav,150,100.0,100.0,True,-56.07832457611628,22,2433.72276470684,False,>=2000 Hz
220821,an arabiensis,IFA_28_15_1095.wav,200,100.0,100.0,True,-56.369455503423815,22,2513.3551754706027,False,>=2000 Hz
220821,an arabiensis,IFA_28_15_1095.wav,300,100.0,100.0,True,-56.43898873711212,21,2492.510114683347,False,>=2000 Hz
220820,an arabiensis,IFA_28_15_1095.wav,0,99.97474747474747,99.97474747474747,False,-49.724153934956476,0,44.37407700982649,True,<100 Hz
220820,an arabiensis,IFA_28_15_1095.wav,100,100.0,100.0,True,-54.17843982948742,16,1451.9340170387993,False,800-2000 Hz
220820,an arabiensis,IFA_28_15_1095.wav,150,100.0,100.0,True,-55.115013796723744,16,1529.6721664501665,False,800-2000 Hz
220820,an arabiensis,IFA_28_15_1095.wav,200,100.0,100.0,True,-54.17843982948742,15,1481.4273339703952,False,800-2000 Hz
220820,an arabiensis,IFA_28_15_1095.wav,300,100.0,100.0,True,-55.115013796723744,14,1506.6149479788903,False,800-2000 Hz
220795,an arabiensis,IFA_28_17_1097.wav,0,100.0,100.0,True,-55.14888855070879,31,4303.575413833522,False,>=2000 Hz
220795,an arabiensis,IFA_28_17_1097.wav,100,100.0,100.0,True,-54.76324867580591,31,4452.409703131681,False,>=2000 Hz
220795,an arabiensis,IFA_28_17_1097.wav,150,100.0,100.0,True,-55.14888855070879,30,4233.479401186071,False,>=2000 Hz
220795,an arabiensis,IFA_28_17_1097.wav,200,100.0,100.0,True,-54.76324867580591,30,4302.739070598876,False,>=2000 Hz
220795,an arabiensis,IFA_28_17_1097.wav,300,100.0,100.0,True,-55.14888855070879,30,4432.9639650607805,False,>=2000 Hz
220817,an arabiensis,IFA_28_24_1104.wav,0,100.0,100.0,True,-53.589537101973555,18,1550.4472926509604,False,800-2000 Hz
220817,an arabiensis,IFA_28_24_1104.wav,100,100.0,100.0,True,-53.76715984290428,17,1580.907710730555,False,800-2000 Hz
220817,an arabiensis,IFA_28_24_1104.wav,150,100.0,99.97474747474747,False,-51.93123244105598,17,1659.8130898129411,False,800-2000 Hz
220817,an arabiensis,IFA_28_24_1104.wav,200,100.0,100.0,True,-53.76715984290428,16,1605.5359087903153,False,800-2000 Hz
220817,an arabiensis,IFA_28_24_1104.wav,300,100.0,99.97474747474747,False,-51.93123244105598,15,1626.1711200507493,False,800-2000 Hz
220793,an arabiensis,IFA_28_27_1107.wav,0,100.0,100.0,True,-54.98166865172308,23,2360.0945639961947,False,>=2000 Hz
220793,an arabiensis,IFA_28_27_1107.wav,100,100.0,100.0,True,-55.06564936201865,22,2351.4167527500604,False,>=2000 Hz
220793,an arabiensis,IFA_28_27_1107.wav,150,100.0,100.0,True,-54.87503026911099,21,2260.90163072702,False,>=2000 Hz
220793,an arabiensis,IFA_28_27_1107.wav,200,100.0,100.0,True,-55.06564936201865,21,2340.3780686307796,False,>=2000 Hz
220793,an arabiensis,IFA_28_27_1107.wav,300,100.0,100.0,True,-55.06564936201865,20,2328.427478920975,False,>=2000 Hz
220792,an arabiensis,IFA_28_27_1107.wav,0,100.0,100.0,True,-58.07788854550285,23,2360.0945639961947,False,>=2000 Hz
220792,an arabiensis,IFA_28_27_1107.wav,100,100.0,100.0,True,-58.168514951395125,31,4452.409703131681,False,>=2000 Hz
220792,an arabiensis,IFA_28_27_1107.wav,150,100.0,100.0,True,-57.421788381908385,21,2260.90163072702,False,>=2000 Hz
220792,an arabiensis,IFA_28_27_1107.wav,200,100.0,100.0,True,-58.168514951395125,21,2340.3780686307796,False,>=2000 Hz
220792,an arabiensis,IFA_28_27_1107.wav,300,100.0,100.0,True,-58.168514951395125,20,2328.427478920975,False,>=2000 Hz
220790,an arabiensis,IFA_28_27_1107.wav,0,100.0,100.0,True,-55.458891309819094,23,2360.0945639961947,False,>=2000 Hz
220790,an arabiensis,IFA_28_27_1107.wav,100,100.0,100.0,True,-56.45755054871336,31,4452.409703131681,False,>=2000 Hz
220790,an arabiensis,IFA_28_27_1107.wav,150,100.0,100.0,True,-56.71622113852096,21,2260.90163072702,False,>=2000 Hz
220790,an arabiensis,IFA_28_27_1107.wav,200,100.0,100.0,True,-56.86675658398716,21,2340.3780686307796,False,>=2000 Hz
220790,an arabiensis,IFA_28_27_1107.wav,300,100.0,100.0,True,-56.699299966388274,20,2328.427478920975,False,>=2000 Hz
220791,an arabiensis,IFA_28_27_1107.wav,0,100.0,100.0,True,-57.412413491996254,23,2360.0945639961947,False,>=2000 Hz
220791,an arabiensis,IFA_28_27_1107.wav,100,100.0,100.0,True,-61.10880850210981,22,2351.4167527500604,False,>=2000 Hz
220791,an arabiensis,IFA_28_27_1107.wav,150,100.0,100.0,True,-60.28238371442703,21,2260.90163072702,False,>=2000 Hz
220791,an arabiensis,IFA_28_27_1107.wav,200,100.0,100.0,True,-61.10880850210981,21,2340.3780686307796,False,>=2000 Hz
220791,an arabiensis,IFA_28_27_1107.wav,300,100.0,100.0,True,-60.28238371442703,20,2328.427478920975,False,>=2000 Hz
220784,culex pipiens complex,IFA_28_39_1119.wav,0,99.97474747474747,99.97474747474747,False,-48.78828560820427,23,2360.0945639961947,False,>=2000 Hz
220784,culex pipiens complex,IFA_28_39_1119.wav,100,100.0,100.0,True,-55.82691599529915,22,2351.4167527500604,False,>=2000 Hz
220784,culex pipiens complex,IFA_28_39_1119.wav,150,100.0,100.0,True,-55.76457130777766,21,2260.90163072702,False,>=2000 Hz
220784,culex pipiens complex,IFA_28_39_1119.wav,200,100.0,100.0,True,-55.82691599529915,21,2340.3780686307796,False,>=2000 Hz
220784,culex pipiens complex,IFA_28_39_1119.wav,300,100.0,100.0,True,-55.82691599529915,20,2328.427478920975,False,>=2000 Hz
220716,culex pipiens complex,IFA_29_11_1131.wav,0,99.34343434343434,99.29292929292929,False,-47.25714418935497,18,1550.4472926509604,False,800-2000 Hz
220716,culex pipiens complex,IFA_29_11_1131.wav,100,99.39393939393939,99.34343434343434,False,-47.25714418935497,17,1580.907710730555,False,800-2000 Hz
220716,culex pipiens complex,IFA_29_11_1131.wav,150,99.11616161616162,99.0909090909091,False,-46.99230108390602,20,2097.6113795318697,False,>=2000 Hz
220716,culex pipiens complex,IFA_29_11_1131.wav,200,99.36868686868688,99.31818181818181,False,-47.27390256951069,16,1605.5359087903153,False,800-2000 Hz
220716,culex pipiens complex,IFA_29_11_1131.wav,300,99.21717171717171,99.21717171717171,False,-47.27390256951069,19,2172.778054140427,False,>=2000 Hz
220717,culex pipiens complex,IFA_29_11_1131.wav,0,98.43434343434343,98.43434343434343,False,-34.85203635668738,0,44.37407700982649,True,<100 Hz
220717,culex pipiens complex,IFA_29_11_1131.wav,100,99.8989898989899,99.8989898989899,False,-47.87854532646834,0,147.947081154182,True,100-300 Hz
220717,culex pipiens complex,IFA_29_11_1131.wav,150,99.97474747474747,99.97474747474747,False,-50.85642757091817,17,1659.8130898129411,False,800-2000 Hz
220717,culex pipiens complex,IFA_29_11_1131.wav,200,100.0,100.0,True,-53.63806822820539,16,1605.5359087903153,False,800-2000 Hz
220717,culex pipiens complex,IFA_29_11_1131.wav,300,100.0,100.0,True,-53.40151350660221,15,1626.1711200507493,False,800-2000 Hz
220732,culex pipiens complex,IFA_29_14_1134.wav,0,99.04040404040404,98.96464646464646,False,-46.508052259360994,0,44.37407700982649,True,<100 Hz
220732,culex pipiens complex,IFA_29_14_1134.wav,100,99.4949494949495,99.44444444444444,False,-46.21286430465767,29,3886.19867245134,False,>=2000 Hz
220732,culex pipiens complex,IFA_29_14_1134.wav,150,99.54545454545455,99.46969696969697,False,-46.06118915223193,35,5851.432728061765,False,>=2000 Hz
220732,culex pipiens complex,IFA_29_14_1134.wav,200,99.52020202020202,99.46969696969697,False,-46.06519027130102,35,5897.259272926163,False,>=2000 Hz
220732,culex pipiens complex,IFA_29_14_1134.wav,300,99.5959595959596,99.57070707070706,False,-46.06922341417115,35,5982.573343857049,False,>=2000 Hz
220745,culex pipiens complex,IFA_29_15_1135.wav,0,99.69696969696969,99.69696969696969,False,-41.39568982946205,0,44.37407700982649,True,<100 Hz
220745,culex pipiens complex,IFA_29_15_1135.wav,100,100.0,100.0,True,-54.81789723879004,37,6606.055464843051,False,>=2000 Hz
220745,culex pipiens complex,IFA_29_15_1135.wav,150,100.0,100.0,True,-55.0802851184772,37,6638.536735866427,False,>=2000 Hz
220745,culex pipiens complex,IFA_29_15_1135.wav,200,100.0,100.0,True,-55.639870133537755,37,6669.293138350332,False,>=2000 Hz
220745,culex pipiens complex,IFA_29_15_1135.wav,300,100.0,100.0,True,-55.8499356743488,36,6344.640540634074,False,>=2000 Hz
220730,an arabiensis,IFA_29_17_1137.wav,0,99.31818181818181,99.31818181818181,False,-33.76248906621433,0,44.37407700982649,True,<100 Hz
220730,an arabiensis,IFA_29_17_1137.wav,100,100.0,100.0,True,-56.18598060791763,34,5435.453615558967,False,>=2000 Hz
220730,an arabiensis,IFA_29_17_1137.wav,150,100.0,100.0,True,-56.1430745350158,34,5490.128899271392,False,>=2000 Hz
220730,an arabiensis,IFA_29_17_1137.wav,200,100.0,100.0,True,-55.29917224653137,34,5542.124294130725,False,>=2000 Hz
220730,an arabiensis,IFA_29_17_1137.wav,300,100.0,100.0,True,-56.12241842363032,34,5639.114996491976,False,>=2000 Hz
220729,an arabiensis,IFA_29_17_1137.wav,0,100.0,99.97474747474747,False,-51.88482873208196,13,955.0184679215481,False,800-2000 Hz
220729,an arabiensis,IFA_29_17_1137.wav,100,100.0,100.0,True,-52.44182119939059,11,908.5521219032305,False,800-2000 Hz
220729,an arabiensis,IFA_29_17_1137.wav,150,100.0,99.97474747474747,False,-51.93332194047363,11,979.0284142678163,False,800-2000 Hz
220729,an arabiensis,IFA_29_17_1137.wav,200,100.0,100.0,True,-52.00732974317286,10,954.1887019828487,False,800-2000 Hz
220729,an arabiensis,IFA_29_17_1137.wav,300,100.0,99.97474747474747,False,-51.93332194047363,9,994.9271530483034,False,800-2000 Hz
220728,an arabiensis,IFA_29_17_1137.wav,0,99.29292929292929,99.29292929292929,False,-39.710001690676215,0,44.37407700982649,True,<100 Hz
220728,an arabiensis,IFA_29_17_1137.wav,100,100.0,100.0,True,-52.52143394401553,12,1004.9588458152629,False,800-2000 Hz
220728,an arabiensis,IFA_29_17_1137.wav,150,99.97474747474747,99.97474747474747,False,-51.66853429497438,11,979.0284142678163,False,800-2000 Hz
220728,an arabiensis,IFA_29_17_1137.wav,200,100.0,99.97474747474747,False,-51.93896918255121,10,954.1887019828487,False,800-2000 Hz
220728,an arabiensis,IFA_29_17_1137.wav,300,99.97474747474747,99.97474747474747,False,-51.66853429497438,9,994.9271530483034,False,800-2000 Hz
220747,culex pipiens complex,IFA_29_19_1139.wav,0,98.18181818181819,98.18181818181819,False,-34.57210477198448,0,44.37407700982649,True,<100 Hz
220747,culex pipiens complex,IFA_29_19_1139.wav,100,98.98989898989899,98.98989898989899,False,-42.702318787185035,34,5435.453615558967,False,>=2000 Hz
220747,culex pipiens complex,IFA_29_19_1139.wav,150,98.98989898989899,98.98989898989899,False,-42.7716684091152,36,6233.825044478617,False,>=2000 Hz
220747,culex pipiens complex,IFA_29_19_1139.wav,200,98.98989898989899,98.98989898989899,False,-42.82048831080877,33,5206.106474135096,False,>=2000 Hz
220747,culex pipiens complex,IFA_29_19_1139.wav,300,98.98989898989899,98.98989898989899,False,-43.23048267388751,33,5313.3090758650505,False,>=2000 Hz
220748,culex pipiens complex,IFA_29_19_1139.wav,0,99.34343434343434,99.31818181818181,False,-33.30544219255564,0,44.37407700982649,True,<100 Hz
220748,culex pipiens complex,IFA_29_19_1139.wav,100,99.92424242424242,99.92424242424242,False,-51.138612067989904,6,502.37884079729855,False,300-800 Hz
220748,culex pipiens complex,IFA_29_19_1139.wav,150,100.0,99.97474747474747,False,-51.98185514269328,6,564.3726097218181,False,300-800 Hz
220748,culex pipiens complex,IFA_29_19_1139.wav,200,99.92424242424242,99.92424242424242,False,-51.29930186710962,5,554.3806613018434,False,300-800 Hz
220748,culex pipiens complex,IFA_29_19_1139.wav,300,99.94949494949495,99.92424242424242,False,-51.253943724694,3,534.9813946953967,False,300-800 Hz
220746,culex pipiens complex,IFA_29_19_1139.wav,0,99.06565656565657,99.04040404040404,False,-39.592183249555994,0,44.37407700982649,True,<100 Hz
220746,culex pipiens complex,IFA_29_19_1139.wav,100,99.54545454545455,99.54545454545455,False,-44.92678533058229,7,574.4420356195228,False,300-800 Hz
220746,culex pipiens complex,IFA_29_19_1139.wav,150,99.52020202020202,99.4949494949495,False,-44.49186196062445,6,564.3726097218181,False,300-800 Hz
220746,culex pipiens complex,IFA_29_19_1139.wav,200,99.57070707070706,99.57070707070706,False,-44.503045904044676,20,2176.7124377582195,False,>=2000 Hz
220746,culex pipiens complex,IFA_29_19_1139.wav,300,99.57070707070706,99.52020202020202,False,-45.74481437739945,4,601.8936796253,False,300-800 Hz
220713,culex pipiens complex,IFA_29_21_1141.wav,0,99.62121212121212,99.62121212121212,False,-40.57475459589972,0,44.37407700982649,True,<100 Hz
220713,culex pipiens complex,IFA_29_21_1141.wav,100,100.0,100.0,True,-52.14045459174537,21,2178.8747039229174,False,>=2000 Hz
220713,culex pipiens complex,IFA_29_21_1141.wav,150,100.0,100.0,True,-53.72065168519809,20,2097.6113795318697,False,>=2000 Hz
220713,culex pipiens complex,IFA_29_21_1141.wav,200,100.0,100.0,True,-52.14045459174537,20,2176.7124377582195,False,>=2000 Hz
220713,culex pipiens complex,IFA_29_21_1141.wav,300,100.0,100.0,True,-52.14045459174537,19,2172.778054140427,False,>=2000 Hz
220714,culex pipiens complex,IFA_29_21_1141.wav,0,97.62626262626263,97.62626262626263,False,-34.65567564473178,0,44.37407700982649,True,<100 Hz
220714,culex pipiens complex,IFA_29_21_1141.wav,100,98.18181818181819,98.13131313131314,False,-34.28754366637921,34,5435.453615558967,False,>=2000 Hz
220714,culex pipiens complex,IFA_29_21_1141.wav,150,98.20707070707071,98.15656565656565,False,-34.543083509640226,34,5490.128899271392,False,>=2000 Hz
220714,culex pipiens complex,IFA_29_21_1141.wav,200,98.08080808080808,98.08080808080808,False,-34.7355627901885,34,5542.124294130725,False,>=2000 Hz
220714,culex pipiens complex,IFA_29_21_1141.wav,300,98.13131313131314,98.10606060606061,False,-35.529995069561295,33,5313.3090758650505,False,>=2000 Hz
220723,culex pipiens complex,IFA_29_22_1142.wav,0,98.25757575757575,98.23232323232324,False,-35.22667445329408,34,5316.723457509462,False,>=2000 Hz
220723,culex pipiens complex,IFA_29_22_1142.wav,100,98.20707070707071,98.15656565656565,False,-34.828982109722965,34,5435.453615558967,False,>=2000 Hz
220723,culex pipiens complex,IFA_29_22_1142.wav,150,98.38383838383838,98.35858585858585,False,-35.1213246108849,17,1659.8130898129411,False,800-2000 Hz
220723,culex pipiens complex,IFA_29_22_1142.wav,200,98.33333333333333,98.20707070707071,False,-35.50468650623142,34,5542.124294130725,False,>=2000 Hz
220723,culex pipiens complex,IFA_29_22_1142.wav,300,98.38383838383838,98.38383838383838,False,-35.884693062437364,15,1626.1711200507493,False,800-2000 Hz
220742,culex pipiens complex,IFA_29_23_1143.wav,0,99.62121212121212,99.62121212121212,False,-42.57361879027706,0,44.37407700982649,True,<100 Hz
220742,culex pipiens complex,IFA_29_23_1143.wav,100,100.0,100.0,True,-55.364393816874546,6,502.37884079729855,False,300-800 Hz
220742,culex pipiens complex,IFA_29_23_1143.wav,150,100.0,100.0,True,-57.06969238270685,6,564.3726097218181,False,300-800 Hz
220742,culex pipiens complex,IFA_29_23_1143.wav,200,100.0,100.0,True,-55.26371630004665,5,554.3806613018434,False,300-800 Hz
220742,culex pipiens complex,IFA_29_23_1143.wav,300,100.0,100.0,True,-55.53641512435697,6,746.7907586719966,False,300-800 Hz
220741,culex pipiens complex,IFA_29_23_1143.wav,0,99.16666666666667,99.14141414141415,False,-38.63282742905909,0,44.37407700982649,True,<100 Hz
220741,culex pipiens complex,IFA_29_23_1143.wav,100,100.0,100.0,True,-55.34676504436537,6,502.37884079729855,False,300-800 Hz
220741,culex pipiens complex,IFA_29_23_1143.wav,150,100.0,100.0,True,-54.733101805736666,6,564.3726097218181,False,300-800 Hz
220741,culex pipiens complex,IFA_29_23_1143.wav,200,100.0,100.0,True,-54.901393711227385,5,554.3806613018434,False,300-800 Hz
220741,culex pipiens complex,IFA_29_23_1143.wav,300,100.0,100.0,True,-55.43001784850326,3,534.9813946953967,False,300-800 Hz
220739,culex pipiens complex,IFA_29_23_1143.wav,0,99.0909090909091,99.0909090909091,False,-40.14300186972882,0,44.37407700982649,True,<100 Hz
220739,culex pipiens complex,IFA_29_23_1143.wav,100,99.84848484848486,99.84848484848486,False,-50.39968367874562,6,502.37884079729855,False,300-800 Hz
220739,culex pipiens complex,IFA_29_23_1143.wav,150,99.8989898989899,99.87373737373737,False,-50.49411980175116,12,1077.0295067481677,False,800-2000 Hz
220739,culex pipiens complex,IFA_29_23_1143.wav,200,99.92424242424242,99.92424242424242,False,-50.39968367874562,11,1048.3009371645,False,800-2000 Hz
220739,culex pipiens complex,IFA_29_23_1143.wav,300,99.84848484848486,99.82323232323232,False,-50.428992145244294,10,1086.7596689771533,False,800-2000 Hz
220740,culex pipiens complex,IFA_29_23_1143.wav,0,99.14141414141415,99.11616161616162,False,-44.479036891316746,0,44.37407700982649,True,<100 Hz
220740,culex pipiens complex,IFA_29_23_1143.wav,100,99.97474747474747,99.97474747474747,False,-51.6537329522129,12,1004.9588458152629,False,800-2000 Hz
220740,culex pipiens complex,IFA_29_23_1143.wav,150,100.0,99.97474747474747,False,-51.88291862707841,34,5490.128899271392,False,>=2000 Hz
220740,culex pipiens complex,IFA_29_23_1143.wav,200,100.0,100.0,True,-52.02999148566667,11,1048.3009371645,False,800-2000 Hz
220740,culex pipiens complex,IFA_29_23_1143.wav,300,100.0,100.0,True,-53.063756367299646,10,1086.7596689771533,False,800-2000 Hz
220718,culex pipiens complex,IFA_29_24_1144.wav,0,93.86363636363636,93.71212121212122,False,-29.135421643641095,0,44.37407700982649,True,<100 Hz
220718,culex pipiens complex,IFA_29_24_1144.wav,100,94.52020202020202,94.31818181818183,False,-42.400238772293704,21,2178.8747039229174,False,>=2000 Hz
220718,culex pipiens complex,IFA_29_24_1144.wav,150,94.54545454545455,94.36868686868686,False,-42.39523569197602,20,2097.6113795318697,False,>=2000 Hz
220718,culex pipiens complex,IFA_29_24_1144.wav,200,94.77272727272728,94.39393939393939,False,-42.60957289907742,20,2176.7124377582195,False,>=2000 Hz
220718,culex pipiens complex,IFA_29_24_1144.wav,300,94.6969696969697,94.52020202020202,False,-42.71713089050634,19,2172.778054140427,False,>=2000 Hz
220719,culex pipiens complex,IFA_29_24_1144.wav,0,97.9040404040404,97.85353535353535,False,-38.68522362705579,0,44.37407700982649,True,<100 Hz
220719,culex pipiens complex,IFA_29_24_1144.wav,100,98.51010101010101,98.45959595959596,False,-43.43338481016501,6,502.37884079729855,False,300-800 Hz
220719,culex pipiens complex,IFA_29_24_1144.wav,150,98.45959595959596,98.43434343434343,False,-44.30103695848633,22,2433.72276470684,False,>=2000 Hz
220719,culex pipiens complex,IFA_29_24_1144.wav,200,98.61111111111111,98.51010101010101,False,-43.5132581250915,5,554.3806613018434,False,300-800 Hz
220719,culex pipiens complex,IFA_29_24_1144.wav,300,98.66161616161617,98.58585858585859,False,-43.51947001620893,3,534.9813946953967,False,300-800 Hz
220727,culex pipiens complex,IFA_29_25_1145.wav,0,99.94949494949495,99.8989898989899,False,-49.91434721611427,0,44.37407700982649,True,<100 Hz
220727,culex pipiens complex,IFA_29_25_1145.wav,100,100.0,99.97474747474747,False,-51.904645569488764,16,1451.9340170387993,False,800-2000 Hz
220727,culex pipiens complex,IFA_29_25_1145.wav,150,100.0,100.0,True,-52.39929673941429,11,979.0284142678163,False,800-2000 Hz
220727,culex pipiens complex,IFA_29_25_1145.wav,200,100.0,100.0,True,-52.5344934626703,15,1481.4273339703952,False,800-2000 Hz
220727,culex pipiens complex,IFA_29_25_1145.wav,300,100.0,100.0,True,-52.39929673941429,9,994.9271530483034,False,800-2000 Hz
220724,an arabiensis,IFA_29_27_1147.wav,0,98.66161616161617,98.53535353535354,False,-39.04235631427664,34,5316.723457509462,False,>=2000 Hz
220724,an arabiensis,IFA_29_27_1147.wav,100,98.7121212121212,98.7121212121212,False,-39.540680310042106,34,5435.453615558967,False,>=2000 Hz
220724,an arabiensis,IFA_29_27_1147.wav,150,98.68686868686869,98.68686868686869,False,-39.540680310042106,34,5490.128899271392,False,>=2000 Hz
220724,an arabiensis,IFA_29_27_1147.wav,200,98.73737373737373,98.7121212121212,False,-39.86356321121584,34,5542.124294130725,False,>=2000 Hz
220724,an arabiensis,IFA_29_27_1147.wav,300,98.73737373737373,98.66161616161617,False,-39.97762398029692,34,5639.114996491976,False,>=2000 Hz
220708,culex pipiens complex,IFA_29_28_1148.wav,0,99.26767676767678,99.21717171717171,False,-42.906782702941214,0,44.37407700982649,True,<100 Hz
220708,culex pipiens complex,IFA_29_28_1148.wav,100,99.72222222222223,99.64646464646465,False,-47.66738304900408,7,574.4420356195228,False,300-800 Hz
220708,culex pipiens complex,IFA_29_28_1148.wav,150,99.62121212121212,99.5959595959596,False,-48.016024317354855,6,564.3726097218181,False,300-800 Hz
220708,culex pipiens complex,IFA_29_28_1148.wav,200,99.74747474747475,99.74747474747475,False,-48.426244761582744,5,554.3806613018434,False,300-800 Hz
220708,culex pipiens complex,IFA_29_28_1148.wav,300,99.74747474747475,99.69696969696969,False,-48.349129321634834,4,601.8936796253,False,300-800 Hz
220707,culex pipiens complex,IFA_29_28_1148.wav,0,98.53535353535354,98.38383838383838,False,-43.756870416863364,0,44.37407700982649,True,<100 Hz
220707,culex pipiens complex,IFA_29_28_1148.wav,100,98.81313131313131,98.81313131313131,False,-45.06316345694772,7,574.4420356195228,False,300-800 Hz
220707,culex pipiens complex,IFA_29_28_1148.wav,150,98.7121212121212,98.61111111111111,False,-47.81167753555757,6,564.3726097218181,False,300-800 Hz
220707,culex pipiens complex,IFA_29_28_1148.wav,200,98.7878787878788,98.68686868686869,False,-45.10888625838302,12,1147.767526900907,False,800-2000 Hz
220707,culex pipiens complex,IFA_29_28_1148.wav,300,98.91414141414141,98.86363636363636,False,-47.70588633289233,10,1086.7596689771533,False,800-2000 Hz
220706,culex pipiens complex,IFA_29_28_1148.wav,0,99.92424242424242,99.92424242424242,False,-49.496427147922844,22,2177.6743588412987,False,>=2000 Hz
220706,culex pipiens complex,IFA_29_28_1148.wav,100,99.94949494949495,99.94949494949495,False,-47.93445817298277,21,2178.8747039229174,False,>=2000 Hz
220706,culex pipiens complex,IFA_29_28_1148.wav,150,99.94949494949495,99.94949494949495,False,-48.54898045990456,20,2097.6113795318697,False,>=2000 Hz
220706,culex pipiens complex,IFA_29_28_1148.wav,200,99.94949494949495,99.94949494949495,False,-48.54898045990456,20,2176.7124377582195,False,>=2000 Hz
220706,culex pipiens complex,IFA_29_28_1148.wav,300,99.94949494949495,99.94949494949495,False,-47.93445817298277,19,2172.778054140427,False,>=2000 Hz
220703,culex pipiens complex,IFA_29_29_1149.wav,0,99.4949494949495,99.46969696969697,False,-44.02863949685232,0,44.37407700982649,True,<100 Hz
220703,culex pipiens complex,IFA_29_29_1149.wav,100,99.97474747474747,99.97474747474747,False,-49.43965360614154,11,908.5521219032305,False,800-2000 Hz
220703,culex pipiens complex,IFA_29_29_1149.wav,150,99.97474747474747,99.97474747474747,False,-50.94398389661584,10,886.4319670625546,False,800-2000 Hz
220703,culex pipiens complex,IFA_29_29_1149.wav,200,99.97474747474747,99.97474747474747,False,-49.92081667667293,9,865.1425927882087,False,800-2000 Hz
220703,culex pipiens complex,IFA_29_29_1149.wav,300,99.97474747474747,99.97474747474747,False,-49.43965360614154,8,907.814472208775,False,800-2000 Hz
220702,culex pipiens complex,IFA_29_29_1149.wav,0,99.24242424242425,99.24242424242425,False,-34.90657135032662,0,44.37407700982649,True,<100 Hz
220702,culex pipiens complex,IFA_29_29_1149.wav,100,100.0,100.0,True,-52.36594124320366,15,1330.2531276925415,False,800-2000 Hz
220702,culex pipiens complex,IFA_29_29_1149.wav,150,100.0,100.0,True,-52.40311857342954,33,5148.750552755978,False,>=2000 Hz
220702,culex pipiens complex,IFA_29_29_1149.wav,200,100.0,100.0,True,-53.30543525157172,14,1363.999608615931,False,800-2000 Hz
220702,culex pipiens complex,IFA_29_29_1149.wav,300,100.0,100.0,True,-53.87946050743572,12,1285.6209592998355,False,800-2000 Hz
220701,culex pipiens complex,IFA_29_29_1149.wav,0,99.11616161616162,99.11616161616162,False,-32.7345352199532,0,44.37407700982649,True,<100 Hz
220701,culex pipiens complex,IFA_29_29_1149.wav,100,99.77272727272727,99.74747474747475,False,-48.64548416404855,10,817.5967063546011,False,800-2000 Hz
220701,culex pipiens complex,IFA_29_29_1149.wav,150,99.74747474747475,99.74747474747475,False,-48.624558302821434,9,798.9421052862099,False,300-800 Hz
220701,culex pipiens complex,IFA_29_29_1149.wav,200,99.67171717171716,99.67171717171716,False,-49.307840884767785,8,780.8898965537708,False,300-800 Hz
220701,culex pipiens complex,IFA_29_29_1149.wav,300,99.84848484848486,99.82323232323232,False,-48.64548416404855,7,825.1790452437867,False,800-2000 Hz
220715,culex pipiens complex,IFA_29_31_1151.wav,0,98.66161616161617,98.66161616161617,False,-35.05315892620941,0,44.37407700982649,True,<100 Hz
220715,culex pipiens complex,IFA_29_31_1151.wav,100,100.0,100.0,True,-53.57817879380174,0,147.947081154182,True,100-300 Hz
220715,culex pipiens complex,IFA_29_31_1151.wav,150,100.0,100.0,True,-58.16240271382326,33,5148.750552755978,False,>=2000 Hz
220715,culex pipiens complex,IFA_29_31_1151.wav,200,100.0,100.0,True,-58.26697234561904,33,5206.106474135096,False,>=2000 Hz
220715,culex pipiens complex,IFA_29_31_1151.wav,300,100.0,100.0,True,-58.72147909760514,33,5313.3090758650505,False,>=2000 Hz
220705,culex pipiens complex,IFA_29_32_1152.wav,0,97.47474747474747,97.37373737373738,False,-36.37953225621886,0,44.37407700982649,True,<100 Hz
220705,culex pipiens complex,IFA_29_32_1152.wav,100,98.58585858585859,98.56060606060606,False,-43.634556207196,7,574.4420356195228,False,300-800 Hz
220705,culex pipiens complex,IFA_29_32_1152.wav,150,98.33333333333333,98.20707070707071,False,-44.118050012158434,6,564.3726097218181,False,300-800 Hz
220705,culex pipiens complex,IFA_29_32_1152.wav,200,98.43434343434343,98.28282828282828,False,-44.110302869383275,5,554.3806613018434,False,300-800 Hz
220705,culex pipiens complex,IFA_29_32_1152.wav,300,98.43434343434343,98.4090909090909,False,-44.29448881057407,4,601.8936796253,False,300-800 Hz
220704,culex pipiens complex,IFA_29_32_1152.wav,0,99.0909090909091,99.06565656565657,False,-36.74158701090143,0,44.37407700982649,True,<100 Hz
220704,culex pipiens complex,IFA_29_32_1152.wav,100,99.69696969696969,99.64646464646465,False,-47.549410367926555,7,574.4420356195228,False,300-800 Hz
220704,culex pipiens complex,IFA_29_32_1152.wav,150,99.57070707070706,99.57070707070706,False,-47.952334970625614,6,564.3726097218181,False,300-800 Hz
220704,culex pipiens complex,IFA_29_32_1152.wav,200,99.72222222222223,99.67171717171716,False,-49.13010557076652,5,554.3806613018434,False,300-800 Hz
220704,culex pipiens complex,IFA_29_32_1152.wav,300,99.5959595959596,99.57070707070706,False,-48.73141008372094,4,601.8936796253,False,300-800 Hz
220722,culex pipiens complex,IFA_29_33_1153.wav,0,99.29292929292929,99.24242424242425,False,-36.99124516484573,0,44.37407700982649,True,<100 Hz
220722,culex pipiens complex,IFA_29_33_1153.wav,100,100.0,100.0,True,-53.16059775464716,34,5435.453615558967,False,>=2000 Hz
220722,culex pipiens complex,IFA_29_33_1153.wav,150,100.0,100.0,True,-53.12953785845728,12,1077.0295067481677,False,800-2000 Hz
220722,culex pipiens complex,IFA_29_33_1153.wav,200,100.0,100.0,True,-53.149071119312794,11,1048.3009371645,False,800-2000 Hz
220722,culex pipiens complex,IFA_29_33_1153.wav,300,100.0,100.0,True,-53.44438063416527,10,1086.7596689771533,False,800-2000 Hz
220721,culex pipiens complex,IFA_29_33_1153.wav,0,99.62121212121212,99.62121212121212,False,-43.54798495544496,0,44.37407700982649,True,<100 Hz
220721,culex pipiens complex,IFA_29_33_1153.wav,100,99.82323232323232,99.82323232323232,False,-43.257563311213644,38,7043.93550770528,False,>=2000 Hz
220721,culex pipiens complex,IFA_29_33_1153.wav,150,99.79797979797979,99.79797979797979,False,-43.257563311213644,38,7066.870533681113,False,>=2000 Hz
220721,culex pipiens complex,IFA_29_33_1153.wav,200,99.82323232323232,99.82323232323232,False,-43.30642211271442,38,7088.556459474228,False,>=2000 Hz
220721,culex pipiens complex,IFA_29_33_1153.wav,300,99.72222222222223,99.72222222222223,False,-42.748311793494835,38,7128.689079502165,False,>=2000 Hz
220731,culex pipiens complex,IFA_29_35_1155.wav,0,98.23232323232324,98.13131313131314,False,-36.79591759762312,0,44.37407700982649,True,<100 Hz
220731,culex pipiens complex,IFA_29_35_1155.wav,100,99.64646464646465,99.62121212121212,False,-42.85199959778518,0,147.947081154182,True,100-300 Hz
220731,culex pipiens complex,IFA_29_35_1155.wav,150,99.8989898989899,99.8989898989899,False,-48.58312577958843,6,564.3726097218181,False,300-800 Hz
220731,culex pipiens complex,IFA_29_35_1155.wav,200,99.97474747474747,99.97474747474747,False,-51.584286807970884,5,554.3806613018434,False,300-800 Hz
220731,culex pipiens complex,IFA_29_35_1155.wav,300,99.97474747474747,99.97474747474747,False,-51.81942504019558,4,601.8936796253,False,300-800 Hz
220733,culex pipiens complex,IFA_29_37_1157.wav,0,99.31818181818181,99.31818181818181,False,-39.67769619509089,0,44.37407700982649,True,<100 Hz
220733,culex pipiens complex,IFA_29_37_1157.wav,100,99.77272727272727,99.77272727272727,False,-44.58606245819855,34,5435.453615558967,False,>=2000 Hz
220733,culex pipiens complex,IFA_29_37_1157.wav,150,99.64646464646465,99.64646464646465,False,-44.44415371392216,34,5490.128899271392,False,>=2000 Hz
220733,culex pipiens complex,IFA_29_37_1157.wav,200,99.74747474747475,99.69696969696969,False,-44.46451058537407,34,5542.124294130725,False,>=2000 Hz
220733,culex pipiens complex,IFA_29_37_1157.wav,300,99.72222222222223,99.72222222222223,False,-44.8943408558094,34,5639.114996491976,False,>=2000 Hz
220743,culex pipiens complex,IFA_29_40_1160.wav,0,99.77272727272727,99.77272727272727,False,-44.99386465580378,0,44.37407700982649,True,<100 Hz
220743,culex pipiens complex,IFA_29_40_1160.wav,100,100.0,100.0,True,-55.732896438217836,30,4161.067222372874,False,>=2000 Hz
220743,culex pipiens complex,IFA_29_40_1160.wav,150,100.0,100.0,True,-57.797776316688626,20,2097.6113795318697,False,>=2000 Hz
220743,culex pipiens complex,IFA_29_40_1160.wav,200,100.0,100.0,True,-56.55906950965087,20,2176.7124377582195,False,>=2000 Hz
220743,culex pipiens complex,IFA_29_40_1160.wav,300,100.0,100.0,True,-55.732896438217836,29,4169.149528643879,False,>=2000 Hz
220744,culex pipiens complex,IFA_29_40_1160.wav,0,99.24242424242425,99.16666666666667,False,-39.876268802555174,0,44.37407700982649,True,<100 Hz
220744,culex pipiens complex,IFA_29_40_1160.wav,100,99.97474747474747,99.94949494949495,False,-51.72113628589928,34,5435.453615558967,False,>=2000 Hz
220744,culex pipiens complex,IFA_29_40_1160.wav,150,100.0,100.0,True,-52.7853667213214,34,5490.128899271392,False,>=2000 Hz
220744,culex pipiens complex,IFA_29_40_1160.wav,200,100.0,100.0,True,-52.03253777331588,34,5542.124294130725,False,>=2000 Hz
220744,culex pipiens complex,IFA_29_40_1160.wav,300,100.0,100.0,True,-52.31807648187135,30,4432.9639650607805,False,>=2000 Hz
220968,an funestus ss,IFA_30_11_1171.wav,0,100.0,100.0,True,-56.95346653152087,0,44.37407700982649,True,<100 Hz
220968,an funestus ss,IFA_30_11_1171.wav,100,100.0,100.0,True,-58.80944798528749,12,1004.9588458152629,False,800-2000 Hz
220968,an funestus ss,IFA_30_11_1171.wav,150,100.0,100.0,True,-58.34201788703532,11,979.0284142678163,False,800-2000 Hz
220968,an funestus ss,IFA_30_11_1171.wav,200,100.0,100.0,True,-58.91247792089773,11,1048.3009371645,False,800-2000 Hz
220968,an funestus ss,IFA_30_11_1171.wav,300,100.0,100.0,True,-58.740064384176705,9,994.9271530483034,False,800-2000 Hz
220932,an funestus ss,IFA_30_13_1173.wav,0,100.0,100.0,True,-52.73491164642963,0,44.37407700982649,True,<100 Hz
220932,an funestus ss,IFA_30_13_1173.wav,100,100.0,100.0,True,-55.99638140474813,19,1862.5080507980697,False,800-2000 Hz
220932,an funestus ss,IFA_30_13_1173.wav,150,100.0,100.0,True,-56.198266859122896,18,1797.5500446410404,False,800-2000 Hz
220932,an funestus ss,IFA_30_13_1173.wav,200,100.0,100.0,True,-56.11784222356996,17,1736.7054285722647,False,800-2000 Hz
220932,an funestus ss,IFA_30_13_1173.wav,300,100.0,100.0,True,-56.279864515280735,16,1752.2049416525224,False,800-2000 Hz
220933,an funestus ss,IFA_30_13_1173.wav,0,100.0,100.0,True,-53.50327329717602,0,44.37407700982649,True,<100 Hz
220933,an funestus ss,IFA_30_13_1173.wav,100,100.0,100.0,True,-56.68297049181891,19,1862.5080507980697,False,800-2000 Hz
220933,an funestus ss,IFA_30_13_1173.wav,150,100.0,100.0,True,-56.48998930770869,18,1797.5500446410404,False,800-2000 Hz
220933,an funestus ss,IFA_30_13_1173.wav,200,100.0,100.0,True,-58.35833390922523,17,1736.7054285722647,False,800-2000 Hz
220933,an funestus ss,IFA_30_13_1173.wav,300,100.0,100.0,True,-56.757356048563295,16,1752.2049416525224,False,800-2000 Hz
220954,culex pipiens complex,IFA_30_14_1174.wav,0,99.92424242424242,99.8989898989899,False,-51.11074941965676,13,955.0184679215481,False,800-2000 Hz
220954,culex pipiens complex,IFA_30_14_1174.wav,100,99.94949494949495,99.92424242424242,False,-50.703817030468215,12,1004.9588458152629,False,800-2000 Hz
220954,culex pipiens complex,IFA_30_14_1174.wav,150,100.0,100.0,True,-52.85441390344257,11,979.0284142678163,False,800-2000 Hz
220954,culex pipiens complex,IFA_30_14_1174.wav,200,99.94949494949495,99.92424242424242,False,-50.73260932021351,11,1048.3009371645,False,800-2000 Hz
220954,culex pipiens complex,IFA_30_14_1174.wav,300,99.97474747474747,99.97474747474747,False,-51.71853006763148,9,994.9271530483034,False,800-2000 Hz
220953,culex pipiens complex,IFA_30_14_1174.wav,0,99.92424242424242,99.8989898989899,False,-50.79657053200591,8,517.1296515613235,False,300-800 Hz
220953,culex pipiens complex,IFA_30_14_1174.wav,100,99.97474747474747,99.97474747474747,False,-51.68978767352159,6,502.37884079729855,False,300-800 Hz
220953,culex pipiens complex,IFA_30_14_1174.wav,150,99.97474747474747,99.97474747474747,False,-50.80649772468112,19,1943.326394117477,False,800-2000 Hz
220953,culex pipiens complex,IFA_30_14_1174.wav,200,99.94949494949495,99.94949494949495,False,-50.83069237019881,5,554.3806613018434,False,300-800 Hz
220953,culex pipiens complex,IFA_30_14_1174.wav,300,99.94949494949495,99.94949494949495,False,-50.80649772468112,3,534.9813946953967,False,300-800 Hz
220964,culex pipiens complex,IFA_30_15_1175.wav,0,99.97474747474747,99.97474747474747,False,-51.383511717142206,35,5698.132814724254,False,>=2000 Hz
220964,culex pipiens complex,IFA_30_15_1175.wav,100,100.0,100.0,True,-53.69258017368495,34,5435.453615558967,False,>=2000 Hz
220964,culex pipiens complex,IFA_30_15_1175.wav,150,100.0,100.0,True,-54.366764321466114,34,5490.128899271392,False,>=2000 Hz
220964,culex pipiens complex,IFA_30_15_1175.wav,200,100.0,100.0,True,-53.98276993438362,34,5542.124294130725,False,>=2000 Hz
220964,culex pipiens complex,IFA_30_15_1175.wav,300,100.0,100.0,True,-53.338227265389094,34,5639.114996491976,False,>=2000 Hz
220956,culex pipiens complex,IFA_30_17_1177.wav,0,99.77272727272727,99.74747474747475,False,-45.796403993160865,0,44.37407700982649,True,<100 Hz
220956,culex pipiens complex,IFA_30_17_1177.wav,100,100.0,100.0,True,-56.31968635797279,34,5435.453615558967,False,>=2000 Hz
220956,culex pipiens complex,IFA_30_17_1177.wav,150,100.0,100.0,True,-56.110356552197054,34,5490.128899271392,False,>=2000 Hz
220956,culex pipiens complex,IFA_30_17_1177.wav,200,100.0,100.0,True,-56.04200957990063,34,5542.124294130725,False,>=2000 Hz
220956,culex pipiens complex,IFA_30_17_1177.wav,300,100.0,100.0,True,-56.110356552197054,33,5313.3090758650505,False,>=2000 Hz
220955,culex pipiens complex,IFA_30_17_1177.wav,0,99.8989898989899,99.8989898989899,False,-48.10046816703952,0,44.37407700982649,True,<100 Hz
220955,culex pipiens complex,IFA_30_17_1177.wav,100,100.0,100.0,True,-54.80176313517342,11,908.5521219032305,False,800-2000 Hz
220955,culex pipiens complex,IFA_30_17_1177.wav,150,100.0,100.0,True,-55.05730430772274,10,886.4319670625546,False,800-2000 Hz
220955,culex pipiens complex,IFA_30_17_1177.wav,200,100.0,100.0,True,-55.525962634802255,10,954.1887019828487,False,800-2000 Hz
220955,culex pipiens complex,IFA_30_17_1177.wav,300,100.0,100.0,True,-55.05730430772274,8,907.814472208775,False,800-2000 Hz
220926,culex pipiens complex,IFA_30_18_1178.wav,0,98.93939393939394,98.91414141414141,False,-39.30468262040049,0,44.37407700982649,True,<100 Hz
220926,culex pipiens complex,IFA_30_18_1178.wav,100,99.97474747474747,99.97474747474747,False,-51.6496777891725,37,6606.055464843051,False,>=2000 Hz
220926,culex pipiens complex,IFA_30_18_1178.wav,150,99.97474747474747,99.97474747474747,False,-51.76820034782892,37,6638.536735866427,False,>=2000 Hz
220926,culex pipiens complex,IFA_30_18_1178.wav,200,99.97474747474747,99.97474747474747,False,-51.47613801164111,37,6669.293138350332,False,>=2000 Hz
220926,culex pipiens complex,IFA_30_18_1178.wav,300,99.97474747474747,99.97474747474747,False,-51.03239817142578,37,6726.324829246307,False,>=2000 Hz
220950,culex pipiens complex,IFA_30_19_1179.wav,0,99.24242424242425,99.21717171717171,False,-48.469624944026876,19,1693.1066090376025,False,800-2000 Hz
220950,culex pipiens complex,IFA_30_19_1179.wav,100,99.39393939393939,99.39393939393939,False,-48.69781060713766,18,1717.6112946200515,False,800-2000 Hz
220950,culex pipiens complex,IFA_30_19_1179.wav,150,99.62121212121212,99.62121212121212,False,-50.20143966185713,17,1659.8130898129411,False,800-2000 Hz
220950,culex pipiens complex,IFA_30_19_1179.wav,200,99.39393939393939,99.39393939393939,False,-48.611583473977205,17,1736.7054285722647,False,800-2000 Hz
220950,culex pipiens complex,IFA_30_19_1179.wav,300,99.62121212121212,99.62121212121212,False,-50.20143966185713,15,1626.1711200507493,False,800-2000 Hz
220963,culex pipiens complex,IFA_30_20_1180.wav,0,99.39393939393939,99.34343434343434,False,-49.07995819352642,8,517.1296515613235,False,300-800 Hz
220963,culex pipiens complex,IFA_30_20_1180.wav,100,99.34343434343434,99.31818181818181,False,-49.069614463092165,6,502.37884079729855,False,300-800 Hz
220963,culex pipiens complex,IFA_30_20_1180.wav,150,99.72222222222223,99.64646464646465,False,-50.03413234152433,6,564.3726097218181,False,300-800 Hz
220963,culex pipiens complex,IFA_30_20_1180.wav,200,99.31818181818181,99.29292929292929,False,-49.06568175114614,5,554.3806613018434,False,300-800 Hz
220963,culex pipiens complex,IFA_30_20_1180.wav,300,99.36868686868688,99.31818181818181,False,-49.07995819352642,3,534.9813946953967,False,300-800 Hz
220967,culex pipiens complex,IFA_30_23_1183.wav,0,99.97474747474747,99.97474747474747,False,-51.704000438943,8,517.1296515613235,False,300-800 Hz
220967,culex pipiens complex,IFA_30_23_1183.wav,100,99.97474747474747,99.97474747474747,False,-51.76687554676876,6,502.37884079729855,False,300-800 Hz
220967,culex pipiens complex,IFA_30_23_1183.wav,150,99.97474747474747,99.94949494949495,False,-51.704000438943,6,564.3726097218181,False,300-800 Hz
220967,culex pipiens complex,IFA_30_23_1183.wav,200,100.0,100.0,True,-53.440814193792185,5,554.3806613018434,False,300-800 Hz
220967,culex pipiens complex,IFA_30_23_1183.wav,300,99.97474747474747,99.97474747474747,False,-51.65297515025196,3,534.9813946953967,False,300-800 Hz
220965,culex pipiens complex,IFA_30_23_1183.wav,0,99.04040404040404,98.98989898989899,False,-48.16344906965323,9,594.2853728317884,False,300-800 Hz
220965,culex pipiens complex,IFA_30_23_1183.wav,100,99.06565656565657,98.98989898989899,False,-48.44705808213157,6,502.37884079729855,False,300-800 Hz
220965,culex pipiens complex,IFA_30_23_1183.wav,150,99.04040404040404,99.04040404040404,False,-49.454474143499624,6,564.3726097218181,False,300-800 Hz
220965,culex pipiens complex,IFA_30_23_1183.wav,200,99.06565656565657,98.93939393939394,False,-48.44705808213157,5,554.3806613018434,False,300-800 Hz
220965,culex pipiens complex,IFA_30_23_1183.wav,300,99.14141414141415,99.0909090909091,False,-49.7696239014293,4,601.8936796253,False,300-800 Hz
220966,culex pipiens complex,IFA_30_23_1183.wav,0,99.67171717171716,99.67171717171716,False,-44.08165533399175,0,44.37407700982649,True,<100 Hz
220966,culex pipiens complex,IFA_30_23_1183.wav,100,100.0,100.0,True,-52.91110919465228,17,1580.907710730555,False,800-2000 Hz
220966,culex pipiens complex,IFA_30_23_1183.wav,150,100.0,100.0,True,-55.070925072640755,16,1529.6721664501665,False,800-2000 Hz
220966,culex pipiens complex,IFA_30_23_1183.wav,200,100.0,100.0,True,-52.75013656176686,16,1605.5359087903153,False,800-2000 Hz
220966,culex pipiens complex,IFA_30_23_1183.wav,300,100.0,100.0,True,-55.012528291806866,14,1506.6149479788903,False,800-2000 Hz
220971,culex pipiens complex,IFA_30_24_1184.wav,0,100.0,100.0,True,-53.45277851987534,18,1550.4472926509604,False,800-2000 Hz
220971,culex pipiens complex,IFA_30_24_1184.wav,100,100.0,100.0,True,-54.55622535332763,36,6192.935304310192,False,>=2000 Hz
220971,culex pipiens complex,IFA_30_24_1184.wav,150,100.0,100.0,True,-54.20837081168456,36,6233.825044478617,False,>=2000 Hz
220971,culex pipiens complex,IFA_30_24_1184.wav,200,100.0,100.0,True,-54.55622535332763,36,6272.599048553766,False,>=2000 Hz
220971,culex pipiens complex,IFA_30_24_1184.wav,300,100.0,100.0,True,-54.722844541644314,14,1506.6149479788903,False,800-2000 Hz
220930,an arabiensis,IFA_30_27_1187.wav,0,100.0,100.0,True,-54.59464178093989,0,44.37407700982649,True,<100 Hz
220930,an arabiensis,IFA_30_27_1187.wav,100,100.0,100.0,True,-58.15374376538935,19,1862.5080507980697,False,800-2000 Hz
220930,an arabiensis,IFA_30_27_1187.wav,150,100.0,100.0,True,-58.20147484339833,18,1797.5500446410404,False,800-2000 Hz
220930,an arabiensis,IFA_30_27_1187.wav,200,100.0,100.0,True,-57.48234607895039,18,1875.3376136955906,False,800-2000 Hz
220930,an arabiensis,IFA_30_27_1187.wav,300,100.0,100.0,True,-58.47099299621431,17,1885.0673770439807,False,800-2000 Hz
220929,an arabiensis,IFA_30_27_1187.wav,0,100.0,100.0,True,-56.220541305625176,0,44.37407700982649,True,<100 Hz
220929,an arabiensis,IFA_30_27_1187.wav,100,100.0,100.0,True,-59.30575531626048,34,5435.453615558967,False,>=2000 Hz
220929,an arabiensis,IFA_30_27_1187.wav,150,100.0,100.0,True,-57.61190639750858,34,5490.128899271392,False,>=2000 Hz
220929,an arabiensis,IFA_30_27_1187.wav,200,100.0,100.0,True,-59.34741161894777,34,5542.124294130725,False,>=2000 Hz
220929,an arabiensis,IFA_30_27_1187.wav,300,100.0,100.0,True,-57.61190639750858,33,5313.3090758650505,False,>=2000 Hz
220961,culex pipiens complex,IFA_30_28_1188.wav,0,99.41919191919192,99.39393939393939,False,-42.177981281139296,12,856.358507538126,False,800-2000 Hz
220961,culex pipiens complex,IFA_30_28_1188.wav,100,99.46969696969697,99.44444444444444,False,-46.87095719423528,10,817.5967063546011,False,800-2000 Hz
220961,culex pipiens complex,IFA_30_28_1188.wav,150,99.36868686868688,99.34343434343434,False,-48.58662885067734,9,798.9421052862099,False,300-800 Hz
220961,culex pipiens complex,IFA_30_28_1188.wav,200,99.57070707070706,99.54545454545455,False,-46.980626314498394,9,865.1425927882087,False,800-2000 Hz
220961,culex pipiens complex,IFA_30_28_1188.wav,300,99.46969696969697,99.44444444444444,False,-46.87095719423528,7,825.1790452437867,False,800-2000 Hz
220960,culex pipiens complex,IFA_30_28_1188.wav,0,98.53535353535354,98.53535353535354,False,-42.1566683786547,0,44.37407700982649,True,<100 Hz
220960,culex pipiens complex,IFA_30_28_1188.wav,100,98.93939393939394,98.86363636363636,False,-42.17737827467517,10,817.5967063546011,False,800-2000 Hz
220960,culex pipiens complex,IFA_30_28_1188.wav,150,99.0909090909091,99.04040404040404,False,-45.06870823086838,10,886.4319670625546,False,800-2000 Hz
220960,culex pipiens complex,IFA_30_28_1188.wav,200,99.14141414141415,99.14141414141415,False,-42.1566683786547,9,865.1425927882087,False,800-2000 Hz
220960,culex pipiens complex,IFA_30_28_1188.wav,300,99.21717171717171,99.19191919191918,False,-42.17737827467517,7,825.1790452437867,False,800-2000 Hz
220962,culex pipiens complex,IFA_30_28_1188.wav,0,99.01515151515152,98.93939393939394,False,-45.06400541330878,12,856.358507538126,False,800-2000 Hz
220962,culex pipiens complex,IFA_30_28_1188.wav,100,99.36868686868688,99.36868686868688,False,-44.83588665394004,10,817.5967063546011,False,800-2000 Hz
220962,culex pipiens complex,IFA_30_28_1188.wav,150,99.06565656565657,99.01515151515152,False,-46.29708417886181,9,798.9421052862099,False,300-800 Hz
220962,culex pipiens complex,IFA_30_28_1188.wav,200,99.21717171717171,99.16666666666667,False,-45.06400541330878,9,865.1425927882087,False,800-2000 Hz
220962,culex pipiens complex,IFA_30_28_1188.wav,300,99.36868686868688,99.36868686868688,False,-44.83588665394004,7,825.1790452437867,False,800-2000 Hz
220925,culex pipiens complex,IFA_30_29_1189.wav,0,99.69696969696969,99.69696969696969,False,-44.46035009040446,30,4005.299254580609,False,>=2000 Hz
220925,culex pipiens complex,IFA_30_29_1189.wav,100,99.67171717171716,99.67171717171716,False,-45.219507222964765,7,574.4420356195228,False,300-800 Hz
220925,culex pipiens complex,IFA_30_29_1189.wav,150,99.69696969696969,99.69696969696969,False,-44.95730168210634,6,564.3726097218181,False,300-800 Hz
220925,culex pipiens complex,IFA_30_29_1189.wav,200,99.82323232323232,99.82323232323232,False,-44.432256200007274,29,4033.4382048519074,False,>=2000 Hz
220925,culex pipiens complex,IFA_30_29_1189.wav,300,99.67171717171716,99.67171717171716,False,-45.63698265992354,4,601.8936796253,False,300-800 Hz
220924,culex pipiens complex,IFA_30_29_1189.wav,0,99.31818181818181,99.29292929292929,False,-43.25326429491196,0,44.37407700982649,True,<100 Hz
220924,culex pipiens complex,IFA_30_29_1189.wav,100,99.77272727272727,99.77272727272727,False,-49.24846775656627,7,574.4420356195228,False,300-800 Hz
220924,culex pipiens complex,IFA_30_29_1189.wav,150,99.77272727272727,99.74747474747475,False,-49.241161935087845,6,564.3726097218181,False,300-800 Hz
220924,culex pipiens complex,IFA_30_29_1189.wav,200,100.0,100.0,True,-52.13789263239781,5,554.3806613018434,False,300-800 Hz
220924,culex pipiens complex,IFA_30_29_1189.wav,300,99.77272727272727,99.77272727272727,False,-49.24846775656627,4,601.8936796253,False,300-800 Hz
220959,culex pipiens complex,IFA_30_30_1190.wav,0,100.0,100.0,True,-55.86462475688205,0,44.37407700982649,True,<100 Hz
220959,culex pipiens complex,IFA_30_30_1190.wav,100,100.0,100.0,True,-57.26492010646866,35,5803.174981087622,False,>=2000 Hz
220959,culex pipiens complex,IFA_30_30_1190.wav,150,100.0,100.0,True,-58.63334155149928,35,5851.432728061765,False,>=2000 Hz
220959,culex pipiens complex,IFA_30_30_1190.wav,200,100.0,100.0,True,-57.26492010646866,34,5542.124294130725,False,>=2000 Hz
220959,culex pipiens complex,IFA_30_30_1190.wav,300,100.0,100.0,True,-58.63334155149928,34,5639.114996491976,False,>=2000 Hz
220949,an arabiensis,IFA_30_33_1193.wav,0,96.56565656565657,96.54040404040404,False,-30.195454117004598,0,44.37407700982649,True,<100 Hz
220949,an arabiensis,IFA_30_33_1193.wav,100,97.92929292929293,97.9040404040404,False,-32.325295141047654,38,7043.93550770528,False,>=2000 Hz
220949,an arabiensis,IFA_30_33_1193.wav,150,97.9040404040404,97.87878787878788,False,-32.325295141047654,38,7066.870533681113,False,>=2000 Hz
220949,an arabiensis,IFA_30_33_1193.wav,200,97.82828282828284,97.82828282828284,False,-32.66097329743319,38,7088.556459474228,False,>=2000 Hz
220949,an arabiensis,IFA_30_33_1193.wav,300,97.9040404040404,97.87878787878788,False,-32.8484177916711,37,6726.324829246307,False,>=2000 Hz
220948,an arabiensis,IFA_30_33_1193.wav,0,99.97474747474747,99.97474747474747,False,-50.855034730589246,0,44.37407700982649,True,<100 Hz
220948,an arabiensis,IFA_30_33_1193.wav,100,100.0,100.0,True,-55.36374980760314,17,1580.907710730555,False,800-2000 Hz
220948,an arabiensis,IFA_30_33_1193.wav,150,100.0,100.0,True,-55.869239776353936,36,6233.825044478617,False,>=2000 Hz
220948,an arabiensis,IFA_30_33_1193.wav,200,100.0,100.0,True,-55.36374980760314,16,1605.5359087903153,False,800-2000 Hz
220948,an arabiensis,IFA_30_33_1193.wav,300,100.0,100.0,True,-55.869239776353936,36,6344.640540634074,False,>=2000 Hz
220941,culex pipiens complex,IFA_30_34_1194.wav,0,99.46969696969697,99.44444444444444,False,-41.784017678794704,0,44.37407700982649,True,<100 Hz
220941,culex pipiens complex,IFA_30_34_1194.wav,100,99.72222222222223,99.72222222222223,False,-47.107934105947095,18,1717.6112946200515,False,800-2000 Hz
220941,culex pipiens complex,IFA_30_34_1194.wav,150,99.84848484848486,99.82323232323232,False,-47.05926864351553,17,1659.8130898129411,False,800-2000 Hz
220941,culex pipiens complex,IFA_30_34_1194.wav,200,99.74747474747475,99.74747474747475,False,-47.23468915671176,17,1736.7054285722647,False,800-2000 Hz
220941,culex pipiens complex,IFA_30_34_1194.wav,300,99.82323232323232,99.79797979797979,False,-48.14872971638691,15,1626.1711200507493,False,800-2000 Hz
220944,an funestus ss,IFA_30_35_1195.wav,0,100.0,100.0,True,-54.02447490773231,0,44.37407700982649,True,<100 Hz
220944,an funestus ss,IFA_30_35_1195.wav,100,100.0,100.0,True,-62.30795311024747,37,6606.055464843051,False,>=2000 Hz
220944,an funestus ss,IFA_30_35_1195.wav,150,100.0,100.0,True,-62.35817233740784,38,7066.870533681113,False,>=2000 Hz
220944,an funestus ss,IFA_30_35_1195.wav,200,100.0,100.0,True,-62.30766431104839,37,6669.293138350332,False,>=2000 Hz
220944,an funestus ss,IFA_30_35_1195.wav,300,100.0,100.0,True,-62.26114042322261,37,6726.324829246307,False,>=2000 Hz
220958,culex pipiens complex,IFA_30_39_1199.wav,0,99.34343434343434,99.34343434343434,False,-37.318325960558056,35,5698.132814724254,False,>=2000 Hz
220958,culex pipiens complex,IFA_30_39_1199.wav,100,99.39393939393939,99.39393939393939,False,-37.65317501941431,35,5803.174981087622,False,>=2000 Hz
220958,culex pipiens complex,IFA_30_39_1199.wav,150,99.34343434343434,99.34343434343434,False,-37.658924586309254,35,5851.432728061765,False,>=2000 Hz
220958,culex pipiens complex,IFA_30_39_1199.wav,200,99.34343434343434,99.34343434343434,False,-38.02265378322079,34,5542.124294130725,False,>=2000 Hz
220958,culex pipiens complex,IFA_30_39_1199.wav,300,99.29292929292929,99.29292929292929,False,-37.9497951728436,35,5982.573343857049,False,>=2000 Hz
220938,an arabiensis,IFA_31_11_1211.wav,0,99.97474747474747,99.97474747474747,False,-50.589679878225944,0,44.37407700982649,True,<100 Hz
220938,an arabiensis,IFA_31_11_1211.wav,100,100.0,100.0,True,-60.6717398557496,33,5088.525017110928,False,>=2000 Hz
220938,an arabiensis,IFA_31_11_1211.wav,150,100.0,100.0,True,-60.36324726261114,33,5148.750552755978,False,>=2000 Hz
220938,an arabiensis,IFA_31_11_1211.wav,200,100.0,100.0,True,-60.2557990580926,32,4888.1767232060765,False,>=2000 Hz
220938,an arabiensis,IFA_31_11_1211.wav,300,100.0,100.0,True,-60.895126754943135,32,5004.24831571783,False,>=2000 Hz
220937,an arabiensis,IFA_31_11_1211.wav,0,99.46969696969697,99.44444444444444,False,-42.09268683559046,0,44.37407700982649,True,<100 Hz
220937,an arabiensis,IFA_31_11_1211.wav,100,99.92424242424242,99.92424242424242,False,-50.180213922756224,10,817.5967063546011,False,800-2000 Hz
220937,an arabiensis,IFA_31_11_1211.wav,150,99.94949494949495,99.94949494949495,False,-49.03424757250495,9,798.9421052862099,False,300-800 Hz
220937,an arabiensis,IFA_31_11_1211.wav,200,99.92424242424242,99.92424242424242,False,-49.68984323824644,9,865.1425927882087,False,800-2000 Hz
220937,an arabiensis,IFA_31_11_1211.wav,300,99.92424242424242,99.92424242424242,False,-50.180213922756224,7,825.1790452437867,False,800-2000 Hz
220936,an arabiensis,IFA_31_11_1211.wav,0,99.4949494949495,99.46969696969697,False,-37.223593015311714,0,44.37407700982649,True,<100 Hz
220936,an arabiensis,IFA_31_11_1211.wav,100,100.0,100.0,True,-52.89987673372206,10,817.5967063546011,False,800-2000 Hz
220936,an arabiensis,IFA_31_11_1211.wav,150,100.0,100.0,True,-54.738323891500016,5,494.64394366172684,False,300-800 Hz
220936,an arabiensis,IFA_31_11_1211.wav,200,100.0,100.0,True,-53.026909891734874,9,865.1425927882087,False,800-2000 Hz
220936,an arabiensis,IFA_31_11_1211.wav,300,100.0,100.0,True,-52.89987673372206,7,825.1790452437867,False,800-2000 Hz
220935,culex pipiens complex,IFA_31_12_1212.wav,0,99.4949494949495,99.44444444444444,False,-47.58932116567381,9,594.2853728317884,False,300-800 Hz
220935,culex pipiens complex,IFA_31_12_1212.wav,100,99.67171717171716,99.62121212121212,False,-47.58932116567381,7,574.4420356195228,False,300-800 Hz
220935,culex pipiens complex,IFA_31_12_1212.wav,150,99.54545454545455,99.4949494949495,False,-47.42719367272143,6,564.3726097218181,False,300-800 Hz
220935,culex pipiens complex,IFA_31_12_1212.wav,200,99.67171717171716,99.67171717171716,False,-49.98454146738123,5,554.3806613018434,False,300-800 Hz
220935,culex pipiens complex,IFA_31_12_1212.wav,300,99.67171717171716,99.62121212121212,False,-47.58932116567381,4,601.8936796253,False,300-800 Hz
220931,culex pipiens complex,IFA_31_13_1213.wav,0,99.11616161616162,99.06565656565657,False,-43.68556278360214,0,44.37407700982649,True,<100 Hz
220931,culex pipiens complex,IFA_31_13_1213.wav,100,100.0,99.97474747474747,False,-51.98489891832112,36,6192.935304310192,False,>=2000 Hz
220931,culex pipiens complex,IFA_31_13_1213.wav,150,99.97474747474747,99.97474747474747,False,-51.69689129651368,36,6233.825044478617,False,>=2000 Hz
220931,culex pipiens complex,IFA_31_13_1213.wav,200,99.97474747474747,99.97474747474747,False,-51.44294654201928,36,6272.599048553766,False,>=2000 Hz
220931,culex pipiens complex,IFA_31_13_1213.wav,300,100.0,99.97474747474747,False,-51.91514345514929,35,5982.573343857049,False,>=2000 Hz
221036,culex pipiens complex,IFA_31_16_1216.wav,0,99.87373737373737,99.87373737373737,False,-50.8646983076777,36,6103.720297923787,False,>=2000 Hz
221036,culex pipiens complex,IFA_31_16_1216.wav,100,99.87373737373737,99.84848484848486,False,-50.43846525962181,36,6192.935304310192,False,>=2000 Hz
221036,culex pipiens complex,IFA_31_16_1216.wav,150,99.97474747474747,99.97474747474747,False,-50.9467654288111,36,6233.825044478617,False,>=2000 Hz
221036,culex pipiens complex,IFA_31_16_1216.wav,200,99.94949494949495,99.92424242424242,False,-51.060959946815714,36,6272.599048553766,False,>=2000 Hz
221036,culex pipiens complex,IFA_31_16_1216.wav,300,100.0,99.94949494949495,False,-51.9190820102633,36,6344.640540634074,False,>=2000 Hz
221034,culex pipiens complex,IFA_31_16_1216.wav,0,98.88888888888889,98.83838383838383,False,-43.35611872214173,32,4620.7597577448405,False,>=2000 Hz
221034,culex pipiens complex,IFA_31_16_1216.wav,100,98.88888888888889,98.86363636363636,False,-43.202747888451604,32,4761.213460851244,False,>=2000 Hz
221034,culex pipiens complex,IFA_31_16_1216.wav,150,99.16666666666667,99.11616161616162,False,-43.5674142197614,32,4826.198821544699,False,>=2000 Hz
221034,culex pipiens complex,IFA_31_16_1216.wav,200,98.81313131313131,98.73737373737373,False,-43.467736555768425,31,4587.361348214651,False,>=2000 Hz
221034,culex pipiens complex,IFA_31_16_1216.wav,300,98.93939393939394,98.88888888888889,False,-43.702040226527814,31,4711.072079758159,False,>=2000 Hz
221035,culex pipiens complex,IFA_31_16_1216.wav,0,99.41919191919192,99.41919191919192,False,-48.13616284320509,8,517.1296515613235,False,300-800 Hz
221035,culex pipiens complex,IFA_31_16_1216.wav,100,99.4949494949495,99.4949494949495,False,-46.51593718275302,6,502.37884079729855,False,300-800 Hz
221035,culex pipiens complex,IFA_31_16_1216.wav,150,99.79797979797979,99.77272727272727,False,-46.67353737141262,6,564.3726097218181,False,300-800 Hz
221035,culex pipiens complex,IFA_31_16_1216.wav,200,99.46969696969697,99.41919191919192,False,-47.314895092240896,5,554.3806613018434,False,300-800 Hz
221035,culex pipiens complex,IFA_31_16_1216.wav,300,99.4949494949495,99.44444444444444,False,-48.43690676874015,3,534.9813946953967,False,300-800 Hz
221041,culex pipiens complex,IFA_31_20_1220.wav,0,99.74747474747475,99.69696969696969,False,-47.675379293884305,12,856.358507538126,False,800-2000 Hz
221041,culex pipiens complex,IFA_31_20_1220.wav,100,99.74747474747475,99.69696969696969,False,-47.62650304020572,10,817.5967063546011,False,800-2000 Hz
221041,culex pipiens complex,IFA_31_20_1220.wav,150,99.72222222222223,99.72222222222223,False,-50.24223347400461,9,798.9421052862099,False,300-800 Hz
221041,culex pipiens complex,IFA_31_20_1220.wav,200,99.79797979797979,99.79797979797979,False,-47.675379293884305,9,865.1425927882087,False,800-2000 Hz
221041,culex pipiens complex,IFA_31_20_1220.wav,300,99.74747474747475,99.69696969696969,False,-47.62650304020572,7,825.1790452437867,False,800-2000 Hz
221042,culex pipiens complex,IFA_31_20_1220.wav,0,99.46969696969697,99.39393939393939,False,-48.93169762023477,12,856.358507538126,False,800-2000 Hz
221042,culex pipiens complex,IFA_31_20_1220.wav,100,99.46969696969697,99.36868686868688,False,-48.502964432456125,10,817.5967063546011,False,800-2000 Hz
221042,culex pipiens complex,IFA_31_20_1220.wav,150,99.74747474747475,99.69696969696969,False,-48.10075658954182,9,798.9421052862099,False,300-800 Hz
221042,culex pipiens complex,IFA_31_20_1220.wav,200,99.5959595959596,99.52020202020202,False,-49.07436361334998,9,865.1425927882087,False,800-2000 Hz
221042,culex pipiens complex,IFA_31_20_1220.wav,300,99.44444444444444,99.36868686868688,False,-48.502964432456125,7,825.1790452437867,False,800-2000 Hz
221027,culex pipiens complex,IFA_31_21_1221.wav,0,98.98989898989899,98.93939393939394,False,-44.843780033928,0,44.37407700982649,True,<100 Hz
221027,culex pipiens complex,IFA_31_21_1221.wav,100,99.64646464646465,99.64646464646465,False,-49.55371847549021,6,502.37884079729855,False,300-800 Hz
221027,culex pipiens complex,IFA_31_21_1221.wav,150,99.67171717171716,99.62121212121212,False,-49.581597477255514,5,494.64394366172684,False,300-800 Hz
221027,culex pipiens complex,IFA_31_21_1221.wav,200,99.69696969696969,99.69696969696969,False,-49.89220194063414,4,486.8564923820352,False,300-800 Hz
221027,culex pipiens complex,IFA_31_21_1221.wav,300,99.69696969696969,99.67171717171716,False,-49.8782338721696,2,471.5081416500546,False,300-800 Hz
221032,culex pipiens complex,IFA_31_25_1225.wav,0,99.92424242424242,99.92424242424242,False,-48.05396053923485,0,44.37407700982649,True,<100 Hz
221032,culex pipiens complex,IFA_31_25_1225.wav,100,99.87373737373737,99.87373737373737,False,-51.000730092944764,16,1451.9340170387993,False,800-2000 Hz
221032,culex pipiens complex,IFA_31_25_1225.wav,150,99.97474747474747,99.97474747474747,False,-51.80636382155114,15,1406.7083623290937,False,800-2000 Hz
221032,culex pipiens complex,IFA_31_25_1225.wav,200,99.87373737373737,99.87373737373737,False,-51.000730092944764,15,1481.4273339703952,False,800-2000 Hz
221032,culex pipiens complex,IFA_31_25_1225.wav,300,100.0,100.0,True,-52.27718109521156,13,1393.2034993786915,False,800-2000 Hz
221031,culex pipiens complex,IFA_31_25_1225.wav,0,74.26767676767678,73.7878787878788,False,-28.876470416083468,10,676.3321139842594,False,300-800 Hz
221031,culex pipiens complex,IFA_31_25_1225.wav,100,73.93939393939394,73.66161616161617,False,-29.3974087996992,8,650.8242552547106,False,300-800 Hz
221031,culex pipiens complex,IFA_31_25_1225.wav,150,74.39393939393939,73.96464646464646,False,-28.876470416083468,7,638.1711803725744,False,300-800 Hz
221031,culex pipiens complex,IFA_31_25_1225.wav,200,74.16666666666667,74.04040404040404,False,-28.458753348320926,6,625.7465022498844,False,300-800 Hz
221031,culex pipiens complex,IFA_31_25_1225.wav,300,74.19191919191918,73.83838383838383,False,-29.3974087996992,5,672.4313259523644,False,300-800 Hz
221050,culex pipiens complex,IFA_31_26_1226.wav,0,99.64646464646465,99.62121212121212,False,-47.27609535747553,34,5316.723457509462,False,>=2000 Hz
221050,culex pipiens complex,IFA_31_26_1226.wav,100,99.77272727272727,99.72222222222223,False,-47.09587025907229,34,5435.453615558967,False,>=2000 Hz
221050,culex pipiens complex,IFA_31_26_1226.wav,150,99.84848484848486,99.84848484848486,False,-47.463333407016094,34,5490.128899271392,False,>=2000 Hz
221050,culex pipiens complex,IFA_31_26_1226.wav,200,99.82323232323232,99.79797979797979,False,-47.87676275387803,34,5542.124294130725,False,>=2000 Hz
221050,culex pipiens complex,IFA_31_26_1226.wav,300,99.74747474747475,99.74747474747475,False,-47.75588816579368,33,5313.3090758650505,False,>=2000 Hz
221051,culex pipiens complex,IFA_31_26_1226.wav,0,99.97474747474747,99.97474747474747,False,-51.704489442390624,0,44.37407700982649,True,<100 Hz
221051,culex pipiens complex,IFA_31_26_1226.wav,100,100.0,100.0,True,-52.535626545692466,17,1580.907710730555,False,800-2000 Hz
221051,culex pipiens complex,IFA_31_26_1226.wav,150,100.0,100.0,True,-53.203179830724956,16,1529.6721664501665,False,800-2000 Hz
221051,culex pipiens complex,IFA_31_26_1226.wav,200,100.0,100.0,True,-52.535626545692466,16,1605.5359087903153,False,800-2000 Hz
221051,culex pipiens complex,IFA_31_26_1226.wav,300,100.0,100.0,True,-53.203179830724956,14,1506.6149479788903,False,800-2000 Hz
221049,culex pipiens complex,IFA_31_26_1226.wav,0,88.51010101010101,88.43434343434343,False,-32.970275634397815,34,5316.723457509462,False,>=2000 Hz
221049,culex pipiens complex,IFA_31_26_1226.wav,100,88.28282828282829,88.18181818181819,False,-33.487726885809586,34,5435.453615558967,False,>=2000 Hz
221049,culex pipiens complex,IFA_31_26_1226.wav,150,88.20707070707071,88.13131313131312,False,-34.315365449665165,34,5490.128899271392,False,>=2000 Hz
221049,culex pipiens complex,IFA_31_26_1226.wav,200,88.23232323232322,88.08080808080808,False,-34.64152113813864,34,5542.124294130725,False,>=2000 Hz
221049,culex pipiens complex,IFA_31_26_1226.wav,300,87.67676767676768,87.47474747474747,False,-33.10935115570934,33,5313.3090758650505,False,>=2000 Hz
221021,culex pipiens complex,IFA_31_27_1227.wav,0,99.64646464646465,99.62121212121212,False,-49.12073244061289,9,594.2853728317884,False,300-800 Hz
221021,culex pipiens complex,IFA_31_27_1227.wav,100,99.67171717171716,99.67171717171716,False,-49.12073244061289,7,574.4420356195228,False,300-800 Hz
221021,culex pipiens complex,IFA_31_27_1227.wav,150,99.64646464646465,99.64646464646465,False,-48.88000233434156,6,564.3726097218181,False,300-800 Hz
221021,culex pipiens complex,IFA_31_27_1227.wav,200,99.94949494949495,99.92424242424242,False,-51.04039857453461,5,554.3806613018434,False,300-800 Hz
221021,culex pipiens complex,IFA_31_27_1227.wav,300,99.64646464646465,99.64646464646465,False,-49.12073244061289,4,601.8936796253,False,300-800 Hz
221020,culex pipiens complex,IFA_31_27_1227.wav,0,99.01515151515152,98.93939393939394,False,-48.20867117046885,34,5316.723457509462,False,>=2000 Hz
221020,culex pipiens complex,IFA_31_27_1227.wav,100,99.16666666666667,99.0909090909091,False,-46.544646936466236,34,5435.453615558967,False,>=2000 Hz
221020,culex pipiens complex,IFA_31_27_1227.wav,150,99.0909090909091,98.98989898989899,False,-46.16932601749635,34,5490.128899271392,False,>=2000 Hz
221020,culex pipiens complex,IFA_31_27_1227.wav,200,99.21717171717171,99.14141414141415,False,-46.99509325948125,34,5542.124294130725,False,>=2000 Hz
221020,culex pipiens complex,IFA_31_27_1227.wav,300,99.06565656565657,98.96464646464646,False,-48.108565490522686,10,1086.7596689771533,False,800-2000 Hz
221019,culex pipiens complex,IFA_31_27_1227.wav,0,99.84848484848486,99.84848484848486,False,-49.57998285646959,0,44.37407700982649,True,<100 Hz
221019,culex pipiens complex,IFA_31_27_1227.wav,100,99.8989898989899,99.8989898989899,False,-49.57998285646959,7,574.4420356195228,False,300-800 Hz
221019,culex pipiens complex,IFA_31_27_1227.wav,150,99.87373737373737,99.87373737373737,False,-49.55316964947387,6,564.3726097218181,False,300-800 Hz
221019,culex pipiens complex,IFA_31_27_1227.wav,200,99.97474747474747,99.97474747474747,False,-51.37834329065644,5,554.3806613018434,False,300-800 Hz
221019,culex pipiens complex,IFA_31_27_1227.wav,300,99.8989898989899,99.8989898989899,False,-49.57998285646959,4,601.8936796253,False,300-800 Hz
221059,an funestus ss,IFA_31_28_1228.wav,0,99.92424242424242,99.92424242424242,False,-47.78838224896941,9,594.2853728317884,False,300-800 Hz
221059,an funestus ss,IFA_31_28_1228.wav,100,99.92424242424242,99.92424242424242,False,-47.78838224896941,7,574.4420356195228,False,300-800 Hz
221059,an funestus ss,IFA_31_28_1228.wav,150,99.92424242424242,99.92424242424242,False,-47.63827902267516,6,564.3726097218181,False,300-800 Hz
221059,an funestus ss,IFA_31_28_1228.wav,200,99.92424242424242,99.92424242424242,False,-50.02188529702457,5,554.3806613018434,False,300-800 Hz
221059,an funestus ss,IFA_31_28_1228.wav,300,99.92424242424242,99.92424242424242,False,-47.78838224896941,4,601.8936796253,False,300-800 Hz
221018,an funestus ss,IFA_31_29_1229.wav,0,99.31818181818181,99.31818181818181,False,-41.02716772788916,0,44.37407700982649,True,<100 Hz
221018,an funestus ss,IFA_31_29_1229.wav,100,99.97474747474747,99.97474747474747,False,-50.8177211951137,7,574.4420356195228,False,300-800 Hz
221018,an funestus ss,IFA_31_29_1229.wav,150,99.92424242424242,99.92424242424242,False,-49.553174297720744,6,564.3726097218181,False,300-800 Hz
221018,an funestus ss,IFA_31_29_1229.wav,200,99.94949494949495,99.94949494949495,False,-49.46389021692005,5,554.3806613018434,False,300-800 Hz
221018,an funestus ss,IFA_31_29_1229.wav,300,99.97474747474747,99.97474747474747,False,-50.8177211951137,4,601.8936796253,False,300-800 Hz
221017,an funestus ss,IFA_31_29_1229.wav,0,99.14141414141415,99.14141414141415,False,-43.7672265962773,0,44.37407700982649,True,<100 Hz
221017,an funestus ss,IFA_31_29_1229.wav,100,100.0,100.0,True,-52.67865887599378,6,502.37884079729855,False,300-800 Hz
221017,an funestus ss,IFA_31_29_1229.wav,150,100.0,100.0,True,-52.60279696206438,6,564.3726097218181,False,300-800 Hz
221017,an funestus ss,IFA_31_29_1229.wav,200,100.0,100.0,True,-53.24046607858318,5,554.3806613018434,False,300-800 Hz
221017,an funestus ss,IFA_31_29_1229.wav,300,100.0,100.0,True,-53.245118382023485,4,601.8936796253,False,300-800 Hz
221016,an funestus ss,IFA_31_29_1229.wav,0,99.26767676767678,99.26767676767678,False,-44.35611175948421,0,44.37407700982649,True,<100 Hz
221016,an funestus ss,IFA_31_29_1229.wav,100,99.84848484848486,99.84848484848486,False,-46.20489615580267,6,502.37884079729855,False,300-800 Hz
221016,an funestus ss,IFA_31_29_1229.wav,150,99.87373737373737,99.84848484848486,False,-47.60369946680438,6,564.3726097218181,False,300-800 Hz
221016,an funestus ss,IFA_31_29_1229.wav,200,99.87373737373737,99.87373737373737,False,-45.80639915045573,5,554.3806613018434,False,300-800 Hz
221016,an funestus ss,IFA_31_29_1229.wav,300,99.84848484848486,99.84848484848486,False,-46.299844206178875,3,534.9813946953967,False,300-800 Hz
221058,culex pipiens complex,IFA_31_30_1230.wav,0,99.01515151515152,98.98989898989899,False,-42.35823154473153,0,44.37407700982649,True,<100 Hz
221058,culex pipiens complex,IFA_31_30_1230.wav,100,100.0,100.0,True,-52.54776303278923,34,5435.453615558967,False,>=2000 Hz
221058,culex pipiens complex,IFA_31_30_1230.wav,150,99.97474747474747,99.97474747474747,False,-51.39936973615934,5,494.64394366172684,False,300-800 Hz
221058,culex pipiens complex,IFA_31_30_1230.wav,200,100.0,99.97474747474747,False,-51.94014690911506,36,6272.599048553766,False,>=2000 Hz
221058,culex pipiens complex,IFA_31_30_1230.wav,300,100.0,100.0,True,-52.574448645478896,36,6344.640540634074,False,>=2000 Hz
221057,culex pipiens complex,IFA_31_32_1232.wav,0,99.21717171717171,99.16666666666667,False,-46.933864676877235,0,44.37407700982649,True,<100 Hz
221057,culex pipiens complex,IFA_31_32_1232.wav,100,100.0,100.0,True,-53.174098933536065,6,502.37884079729855,False,300-800 Hz
221057,culex pipiens complex,IFA_31_32_1232.wav,150,100.0,100.0,True,-53.467775792586465,5,494.64394366172684,False,300-800 Hz
221057,culex pipiens complex,IFA_31_32_1232.wav,200,100.0,100.0,True,-54.09519580773224,4,486.8564923820352,False,300-800 Hz
221057,culex pipiens complex,IFA_31_32_1232.wav,300,100.0,100.0,True,-54.1922388938229,2,471.5081416500546,False,300-800 Hz
221056,culex pipiens complex,IFA_31_32_1232.wav,0,78.18181818181819,77.92929292929293,False,-29.886972469877307,30,4005.299254580609,False,>=2000 Hz
221056,culex pipiens complex,IFA_31_32_1232.wav,100,78.66161616161617,78.48484848484848,False,-29.886972469877307,15,1330.2531276925415,False,800-2000 Hz
221056,culex pipiens complex,IFA_31_32_1232.wav,150,79.11616161616162,78.73737373737374,False,-28.511075774213896,6,564.3726097218181,False,300-800 Hz
221056,culex pipiens complex,IFA_31_32_1232.wav,200,78.93939393939394,78.83838383838383,False,-28.933574450476694,5,554.3806613018434,False,300-800 Hz
221056,culex pipiens complex,IFA_31_32_1232.wav,300,78.68686868686868,78.51010101010101,False,-29.886972469877307,29,4169.149528643879,False,>=2000 Hz
221033,culex pipiens complex,IFA_31_33_1233.wav,0,99.06565656565657,99.04040404040404,False,-45.14407472830613,0,44.37407700982649,True,<100 Hz
221033,culex pipiens complex,IFA_31_33_1233.wav,100,100.0,100.0,True,-52.167270315689784,17,1580.907710730555,False,800-2000 Hz
221033,culex pipiens complex,IFA_31_33_1233.wav,150,100.0,99.97474747474747,False,-51.89939538122626,16,1529.6721664501665,False,800-2000 Hz
221033,culex pipiens complex,IFA_31_33_1233.wav,200,100.0,100.0,True,-53.218591966633745,11,1048.3009371645,False,800-2000 Hz
221033,culex pipiens complex,IFA_31_33_1233.wav,300,99.97474747474747,99.94949494949495,False,-51.82517857683497,14,1506.6149479788903,False,800-2000 Hz
221013,culex pipiens complex,IFA_31_34_1234.wav,0,35.858585858585855,35.378787878787875,False,-22.875456598526426,9,594.2853728317884,False,300-800 Hz
221013,culex pipiens complex,IFA_31_34_1234.wav,100,35.17676767676768,34.696969696969695,False,-22.616167845031455,7,574.4420356195228,False,300-800 Hz
221013,culex pipiens complex,IFA_31_34_1234.wav,150,35.75757575757576,35.32828282828283,False,-22.84933427658312,6,564.3726097218181,False,300-800 Hz
221013,culex pipiens complex,IFA_31_34_1234.wav,200,35.58080808080808,34.94949494949495,False,-23.272799347330334,5,554.3806613018434,False,300-800 Hz
221013,culex pipiens complex,IFA_31_34_1234.wav,300,36.06060606060606,35.58080808080808,False,-22.875456598526426,4,601.8936796253,False,300-800 Hz
221014,culex pipiens complex,IFA_31_34_1234.wav,0,98.7121212121212,98.51010101010101,False,-43.5424025827255,0,44.37407700982649,True,<100 Hz
221014,culex pipiens complex,IFA_31_34_1234.wav,100,99.67171717171716,99.64646464646465,False,-50.81617149045692,10,817.5967063546011,False,800-2000 Hz
221014,culex pipiens complex,IFA_31_34_1234.wav,150,99.64646464646465,99.5959595959596,False,-50.221823389731675,9,798.9421052862099,False,300-800 Hz
221014,culex pipiens complex,IFA_31_34_1234.wav,200,99.69696969696969,99.5959595959596,False,-49.65847762119082,33,5206.106474135096,False,>=2000 Hz
221014,culex pipiens complex,IFA_31_34_1234.wav,300,99.72222222222223,99.64646464646465,False,-50.70955207038283,7,825.1790452437867,False,800-2000 Hz
221053,culex pipiens complex,IFA_31_35_1235.wav,0,99.39393939393939,99.39393939393939,False,-46.551464131326426,9,594.2853728317884,False,300-800 Hz
221053,culex pipiens complex,IFA_31_35_1235.wav,100,99.41919191919192,99.41919191919192,False,-46.48793815387771,7,574.4420356195228,False,300-800 Hz
221053,culex pipiens complex,IFA_31_35_1235.wav,150,99.44444444444444,99.41919191919192,False,-48.76193349577938,6,564.3726097218181,False,300-800 Hz
221053,culex pipiens complex,IFA_31_35_1235.wav,200,99.57070707070706,99.52020202020202,False,-46.4035240036432,5,554.3806613018434,False,300-800 Hz
221053,culex pipiens complex,IFA_31_35_1235.wav,300,99.41919191919192,99.41919191919192,False,-46.551464131326426,4,601.8936796253,False,300-800 Hz
221054,culex pipiens complex,IFA_31_35_1235.wav,0,99.01515151515152,99.01515151515152,False,-32.466833675689,38,6993.657556191134,False,>=2000 Hz
221054,culex pipiens complex,IFA_31_35_1235.wav,100,99.04040404040404,99.01515151515152,False,-33.49124365683319,38,7043.93550770528,False,>=2000 Hz
221054,culex pipiens complex,IFA_31_35_1235.wav,150,98.98989898989899,98.98989898989899,False,-33.49124365683319,38,7066.870533681113,False,>=2000 Hz
221054,culex pipiens complex,IFA_31_35_1235.wav,200,98.98989898989899,98.96464646464646,False,-33.27725038255478,37,6669.293138350332,False,>=2000 Hz
221054,culex pipiens complex,IFA_31_35_1235.wav,300,98.96464646464646,98.93939393939394,False,-32.716454501887824,37,6726.324829246307,False,>=2000 Hz
221055,culex pipiens complex,IFA_31_35_1235.wav,0,99.8989898989899,99.8989898989899,False,-50.15991337885302,0,44.37407700982649,True,<100 Hz
221055,culex pipiens complex,IFA_31_35_1235.wav,100,100.0,100.0,True,-53.68627073941788,36,6192.935304310192,False,>=2000 Hz
221055,culex pipiens complex,IFA_31_35_1235.wav,150,100.0,100.0,True,-52.76859749203746,29,3961.4038001847744,False,>=2000 Hz
221055,culex pipiens complex,IFA_31_35_1235.wav,200,100.0,100.0,True,-52.60851285931693,29,4033.4382048519074,False,>=2000 Hz
221055,culex pipiens complex,IFA_31_35_1235.wav,300,100.0,100.0,True,-53.83170829412981,36,6344.640540634074,False,>=2000 Hz
221047,an arabiensis,IFA_31_36_1236.wav,0,99.97474747474747,99.97474747474747,False,-49.6057979077067,0,44.37407700982649,True,<100 Hz
221047,an arabiensis,IFA_31_36_1236.wav,100,100.0,100.0,True,-61.174082334140316,36,6192.935304310192,False,>=2000 Hz
221047,an arabiensis,IFA_31_36_1236.wav,150,100.0,100.0,True,-62.66592440939771,36,6233.825044478617,False,>=2000 Hz
221047,an arabiensis,IFA_31_36_1236.wav,200,100.0,100.0,True,-61.174082334140316,36,6272.599048553766,False,>=2000 Hz
221047,an arabiensis,IFA_31_36_1236.wav,300,100.0,100.0,True,-62.66592440939771,36,6344.640540634074,False,>=2000 Hz
221048,an arabiensis,IFA_31_36_1236.wav,0,99.87373737373737,99.87373737373737,False,-48.7717887241744,0,44.37407700982649,True,<100 Hz
221048,an arabiensis,IFA_31_36_1236.wav,100,100.0,100.0,True,-56.279660921758975,16,1451.9340170387993,False,800-2000 Hz
221048,an arabiensis,IFA_31_36_1236.wav,150,100.0,100.0,True,-57.964670213273195,15,1406.7083623290937,False,800-2000 Hz
221048,an arabiensis,IFA_31_36_1236.wav,200,100.0,100.0,True,-56.279660921758975,15,1481.4273339703952,False,800-2000 Hz
221048,an arabiensis,IFA_31_36_1236.wav,300,100.0,100.0,True,-57.37116114769612,13,1393.2034993786915,False,800-2000 Hz
221011,an funestus ss,IFA_31_37_1237.wav,0,100.0,100.0,True,-54.86653707778758,14,1059.9326349904563,False,800-2000 Hz
221011,an funestus ss,IFA_31_37_1237.wav,100,100.0,100.0,True,-54.96494788398451,13,1107.1435959963192,False,800-2000 Hz
221011,an funestus ss,IFA_31_37_1237.wav,150,100.0,100.0,True,-54.86653707778758,12,1077.0295067481677,False,800-2000 Hz
221011,an funestus ss,IFA_31_37_1237.wav,200,100.0,100.0,True,-56.77602040983906,5,554.3806613018434,False,300-800 Hz
221011,an funestus ss,IFA_31_37_1237.wav,300,100.0,100.0,True,-54.848401242601625,10,1086.7596689771533,False,800-2000 Hz
221012,an funestus ss,IFA_31_37_1237.wav,0,99.5959595959596,99.57070707070706,False,-42.82551702827858,0,44.37407700982649,True,<100 Hz
221012,an funestus ss,IFA_31_37_1237.wav,100,99.8989898989899,99.8989898989899,False,-50.09451262983725,6,502.37884079729855,False,300-800 Hz
221012,an funestus ss,IFA_31_37_1237.wav,150,99.92424242424242,99.92424242424242,False,-49.7890047226676,6,564.3726097218181,False,300-800 Hz
221012,an funestus ss,IFA_31_37_1237.wav,200,99.92424242424242,99.92424242424242,False,-49.421607177131996,5,554.3806613018434,False,300-800 Hz
221012,an funestus ss,IFA_31_37_1237.wav,300,99.87373737373737,99.87373737373737,False,-50.27527523372454,3,534.9813946953967,False,300-800 Hz
221015,culex pipiens complex,IFA_31_38_1238.wav,0,99.84848484848486,99.84848484848486,False,-40.00227380556634,0,44.37407700982649,True,<100 Hz
221015,culex pipiens complex,IFA_31_38_1238.wav,100,99.97474747474747,99.97474747474747,False,-50.88369727654755,12,1004.9588458152629,False,800-2000 Hz
221015,culex pipiens complex,IFA_31_38_1238.wav,150,99.97474747474747,99.97474747474747,False,-51.05736587976171,11,979.0284142678163,False,800-2000 Hz
221015,culex pipiens complex,IFA_31_38_1238.wav,200,99.97474747474747,99.97474747474747,False,-51.730640470871194,36,6272.599048553766,False,>=2000 Hz
221015,culex pipiens complex,IFA_31_38_1238.wav,300,100.0,100.0,True,-52.47748484546459,9,994.9271530483034,False,800-2000 Hz
221044,culex pipiens complex,IFA_31_39_1239.wav,0,99.79797979797979,99.79797979797979,False,-43.42365768030669,0,44.37407700982649,True,<100 Hz
221044,culex pipiens complex,IFA_31_39_1239.wav,100,100.0,100.0,True,-52.066239099911044,16,1451.9340170387993,False,800-2000 Hz
221044,culex pipiens complex,IFA_31_39_1239.wav,150,99.94949494949495,99.94949494949495,False,-49.96815036854284,16,1529.6721664501665,False,800-2000 Hz
221044,culex pipiens complex,IFA_31_39_1239.wav,200,99.94949494949495,99.94949494949495,False,-49.891565583627,15,1481.4273339703952,False,800-2000 Hz
221044,culex pipiens complex,IFA_31_39_1239.wav,300,99.94949494949495,99.94949494949495,False,-49.96815036854284,14,1506.6149479788903,False,800-2000 Hz
221045,culex pipiens complex,IFA_31_39_1239.wav,0,99.87373737373737,99.87373737373737,False,-48.65201367255182,0,44.37407700982649,True,<100 Hz
221045,culex pipiens complex,IFA_31_39_1239.wav,100,100.0,100.0,True,-59.2039707954452,34,5435.453615558967,False,>=2000 Hz
221045,culex pipiens complex,IFA_31_39_1239.wav,150,100.0,100.0,True,-59.10495249545578,34,5490.128899271392,False,>=2000 Hz
221045,culex pipiens complex,IFA_31_39_1239.wav,200,100.0,100.0,True,-59.15589131717822,34,5542.124294130725,False,>=2000 Hz
221045,culex pipiens complex,IFA_31_39_1239.wav,300,100.0,100.0,True,-59.5069253167351,33,5313.3090758650505,False,>=2000 Hz
221043,culex pipiens complex,IFA_31_39_1239.wav,0,98.96464646464646,98.96464646464646,False,-43.38939164522128,35,5698.132814724254,False,>=2000 Hz
221043,culex pipiens complex,IFA_31_39_1239.wav,100,98.91414141414141,98.91414141414141,False,-43.2977023781973,34,5435.453615558967,False,>=2000 Hz
221043,culex pipiens complex,IFA_31_39_1239.wav,150,98.93939393939394,98.93939393939394,False,-43.38984949811164,34,5490.128899271392,False,>=2000 Hz
221043,culex pipiens complex,IFA_31_39_1239.wav,200,98.91414141414141,98.88888888888889,False,-43.442622888631846,34,5542.124294130725,False,>=2000 Hz
221043,culex pipiens complex,IFA_31_39_1239.wav,300,98.96464646464646,98.93939393939394,False,-43.804993677446056,34,5639.114996491976,False,>=2000 Hz
221046,culex pipiens complex,IFA_31_39_1239.wav,0,99.39393939393939,99.36868686868688,False,-39.64726193035945,29,3724.804113863501,False,>=2000 Hz
221046,culex pipiens complex,IFA_31_39_1239.wav,100,99.54545454545455,99.54545454545455,False,-40.12507562333678,28,3626.872536629378,False,>=2000 Hz
221046,culex pipiens complex,IFA_31_39_1239.wav,150,99.57070707070706,99.57070707070706,False,-39.88681711413698,27,3461.439059913137,False,>=2000 Hz
221046,culex pipiens complex,IFA_31_39_1239.wav,200,99.5959595959596,99.5959595959596,False,-40.539645422153626,27,3537.5460581518873,False,>=2000 Hz
221046,culex pipiens complex,IFA_31_39_1239.wav,300,99.57070707070706,99.54545454545455,False,-40.06340010682932,26,3456.308740446091,False,>=2000 Hz
221060,an funestus ss,IFA_31_40_1240.wav,0,99.97474747474747,99.97474747474747,False,-49.01527561400244,0,44.37407700982649,True,<100 Hz
221060,an funestus ss,IFA_31_40_1240.wav,100,100.0,100.0,True,-55.58406813559601,7,574.4420356195228,False,300-800 Hz
221060,an funestus ss,IFA_31_40_1240.wav,150,100.0,100.0,True,-55.536056048395054,6,564.3726097218181,False,300-800 Hz
221060,an funestus ss,IFA_31_40_1240.wav,200,100.0,100.0,True,-57.81380194988631,5,554.3806613018434,False,300-800 Hz
221060,an funestus ss,IFA_31_40_1240.wav,300,100.0,100.0,True,-55.58406813559601,4,601.8936796253,False,300-800 Hz
221061,an funestus ss,IFA_31_40_1240.wav,0,100.0,100.0,True,-55.38868114938562,9,594.2853728317884,False,300-800 Hz
221061,an funestus ss,IFA_31_40_1240.wav,100,100.0,100.0,True,-54.340132083075815,7,574.4420356195228,False,300-800 Hz
221061,an funestus ss,IFA_31_40_1240.wav,150,100.0,100.0,True,-55.22114792714683,6,564.3726097218181,False,300-800 Hz
221061,an funestus ss,IFA_31_40_1240.wav,200,100.0,100.0,True,-54.330623721637366,5,554.3806613018434,False,300-800 Hz
221061,an funestus ss,IFA_31_40_1240.wav,300,100.0,100.0,True,-55.38868114938562,4,601.8936796253,False,300-800 Hz
221062,an funestus ss,IFA_32_12_1252.wav,0,100.0,100.0,True,-53.06426334628756,0,44.37407700982649,True,<100 Hz
221062,an funestus ss,IFA_32_12_1252.wav,100,100.0,100.0,True,-56.86763639334182,32,4761.213460851244,False,>=2000 Hz
221062,an funestus ss,IFA_32_12_1252.wav,150,100.0,100.0,True,-57.34107987335484,5,494.64394366172684,False,300-800 Hz
221062,an funestus ss,IFA_32_12_1252.wav,200,100.0,100.0,True,-57.21615379316248,4,486.8564923820352,False,300-800 Hz
221062,an funestus ss,IFA_32_12_1252.wav,300,100.0,100.0,True,-57.235832980905634,2,471.5081416500546,False,300-800 Hz
220888,an arabiensis,IFA_32_14_1254.wav,0,98.45959595959596,98.45959595959596,False,-36.36672906782537,0,44.37407700982649,True,<100 Hz
220888,an arabiensis,IFA_32_14_1254.wav,100,98.81313131313131,98.81313131313131,False,-37.182072832112496,34,5435.453615558967,False,>=2000 Hz
220888,an arabiensis,IFA_32_14_1254.wav,150,98.83838383838383,98.81313131313131,False,-37.08824447800894,33,5148.750552755978,False,>=2000 Hz
220888,an arabiensis,IFA_32_14_1254.wav,200,98.86363636363636,98.83838383838383,False,-37.21404949252277,33,5206.106474135096,False,>=2000 Hz
220888,an arabiensis,IFA_32_14_1254.wav,300,98.83838383838383,98.83838383838383,False,-37.475315072009394,33,5313.3090758650505,False,>=2000 Hz
220905,an arabiensis,IFA_32_18_1258.wav,0,99.41919191919192,99.41919191919192,False,-46.0172837974791,0,44.37407700982649,True,<100 Hz
220905,an arabiensis,IFA_32_18_1258.wav,100,100.0,100.0,True,-60.29253111575141,35,5803.174981087622,False,>=2000 Hz
220905,an arabiensis,IFA_32_18_1258.wav,150,100.0,100.0,True,-60.22222683133872,35,5851.432728061765,False,>=2000 Hz
220905,an arabiensis,IFA_32_18_1258.wav,200,100.0,100.0,True,-60.306863379013805,35,5897.259272926163,False,>=2000 Hz
220905,an arabiensis,IFA_32_18_1258.wav,300,100.0,100.0,True,-60.94503023864359,35,5982.573343857049,False,>=2000 Hz
220904,an arabiensis,IFA_32_18_1258.wav,0,99.92424242424242,99.8989898989899,False,-47.471094027559744,0,44.37407700982649,True,<100 Hz
220904,an arabiensis,IFA_32_18_1258.wav,100,100.0,100.0,True,-56.101030237803826,16,1451.9340170387993,False,800-2000 Hz
220904,an arabiensis,IFA_32_18_1258.wav,150,100.0,100.0,True,-55.2700350728712,15,1406.7083623290937,False,800-2000 Hz
220904,an arabiensis,IFA_32_18_1258.wav,200,100.0,100.0,True,-56.101030237803826,15,1481.4273339703952,False,800-2000 Hz
220904,an arabiensis,IFA_32_18_1258.wav,300,100.0,100.0,True,-55.2700350728712,13,1393.2034993786915,False,800-2000 Hz
220901,culex pipiens complex,IFA_32_19_1259.wav,0,99.34343434343434,99.31818181818181,False,-48.5512178716963,28,3461.0300188671977,False,>=2000 Hz
220901,culex pipiens complex,IFA_32_19_1259.wav,100,99.44444444444444,99.41919191919192,False,-50.17021301180159,27,3382.2099706881345,False,>=2000 Hz
220901,culex pipiens complex,IFA_32_19_1259.wav,150,99.4949494949495,99.46969696969697,False,-47.176734336829014,27,3461.439059913137,False,>=2000 Hz
220901,culex pipiens complex,IFA_32_19_1259.wav,200,99.5959595959596,99.52020202020202,False,-48.927500982563295,26,3309.436055611549,False,>=2000 Hz
220901,culex pipiens complex,IFA_32_19_1259.wav,300,99.57070707070706,99.54545454545455,False,-47.18156372687827,26,3456.308740446091,False,>=2000 Hz
220900,culex pipiens complex,IFA_32_19_1259.wav,0,98.91414141414141,98.86363636363636,False,-44.91696919467821,0,44.37407700982649,True,<100 Hz
220900,culex pipiens complex,IFA_32_19_1259.wav,100,99.5959595959596,99.5959595959596,False,-48.125278126639444,18,1717.6112946200515,False,800-2000 Hz
220900,culex pipiens complex,IFA_32_19_1259.wav,150,99.69696969696969,99.64646464646465,False,-49.6159705563085,18,1797.5500446410404,False,800-2000 Hz
220900,culex pipiens complex,IFA_32_19_1259.wav,200,99.62121212121212,99.62121212121212,False,-48.10501739359135,17,1736.7054285722647,False,800-2000 Hz
220900,culex pipiens complex,IFA_32_19_1259.wav,300,99.69696969696969,99.64646464646465,False,-49.679566843668056,16,1752.2049416525224,False,800-2000 Hz
220899,culex pipiens complex,IFA_32_19_1259.wav,0,98.7878787878788,98.7121212121212,False,-45.534240764473836,9,594.2853728317884,False,300-800 Hz
220899,culex pipiens complex,IFA_32_19_1259.wav,100,98.83838383838383,98.81313131313131,False,-45.534240764473836,7,574.4420356195228,False,300-800 Hz
220899,culex pipiens complex,IFA_32_19_1259.wav,150,98.83838383838383,98.83838383838383,False,-45.528937586324034,6,564.3726097218181,False,300-800 Hz
220899,culex pipiens complex,IFA_32_19_1259.wav,200,98.96464646464646,98.96464646464646,False,-47.21302532115122,6,625.7465022498844,False,300-800 Hz
220899,culex pipiens complex,IFA_32_19_1259.wav,300,98.91414141414141,98.88888888888889,False,-45.534240764473836,4,601.8936796253,False,300-800 Hz
220909,culex pipiens complex,IFA_32_22_1262.wav,0,99.94949494949495,99.92424242424242,False,-51.5548782821577,0,44.37407700982649,True,<100 Hz
220909,culex pipiens complex,IFA_32_22_1262.wav,100,99.97474747474747,99.97474747474747,False,-51.59669232536436,6,502.37884079729855,False,300-800 Hz
220909,culex pipiens complex,IFA_32_22_1262.wav,150,100.0,100.0,True,-53.61652142407617,5,494.64394366172684,False,300-800 Hz
220909,culex pipiens complex,IFA_32_22_1262.wav,200,99.97474747474747,99.97474747474747,False,-51.80899275345336,5,554.3806613018434,False,300-800 Hz
220909,culex pipiens complex,IFA_32_22_1262.wav,300,99.97474747474747,99.97474747474747,False,-51.80899275345336,3,534.9813946953967,False,300-800 Hz
220911,culex pipiens complex,IFA_32_22_1262.wav,0,99.72222222222223,99.69696969696969,False,-45.381742676980075,0,44.37407700982649,True,<100 Hz
220911,culex pipiens complex,IFA_32_22_1262.wav,100,99.94949494949495,99.94949494949495,False,-50.672087173604,20,2016.0890276353948,False,>=2000 Hz
220911,culex pipiens complex,IFA_32_22_1262.wav,150,99.97474747474747,99.97474747474747,False,-51.09540646051552,34,5490.128899271392,False,>=2000 Hz
220911,culex pipiens complex,IFA_32_22_1262.wav,200,99.97474747474747,99.97474747474747,False,-51.27816597931005,33,5206.106474135096,False,>=2000 Hz
220911,culex pipiens complex,IFA_32_22_1262.wav,300,99.94949494949495,99.94949494949495,False,-51.128975905177796,33,5313.3090758650505,False,>=2000 Hz
220910,culex pipiens complex,IFA_32_22_1262.wav,0,99.46969696969697,99.46969696969697,False,-45.22161364059477,0,44.37407700982649,True,<100 Hz
220910,culex pipiens complex,IFA_32_22_1262.wav,100,99.67171717171716,99.67171717171716,False,-48.54239727715371,12,1004.9588458152629,False,800-2000 Hz
220910,culex pipiens complex,IFA_32_22_1262.wav,150,99.82323232323232,99.79797979797979,False,-48.453193644911764,12,1077.0295067481677,False,800-2000 Hz
220910,culex pipiens complex,IFA_32_22_1262.wav,200,99.77272727272727,99.77272727272727,False,-48.79170083891333,11,1048.3009371645,False,800-2000 Hz
220910,culex pipiens complex,IFA_32_22_1262.wav,300,99.74747474747475,99.72222222222223,False,-49.214134185904,10,1086.7596689771533,False,800-2000 Hz
220908,culex pipiens complex,IFA_32_22_1262.wav,0,99.74747474747475,99.74747474747475,False,-47.11371190695292,0,44.37407700982649,True,<100 Hz
220908,culex pipiens complex,IFA_32_22_1262.wav,100,99.97474747474747,99.97474747474747,False,-51.654994914225874,23,2534.299911099232,False,>=2000 Hz
220908,culex pipiens complex,IFA_32_22_1262.wav,150,100.0,100.0,True,-53.198423450193424,22,2433.72276470684,False,>=2000 Hz
220908,culex pipiens complex,IFA_32_22_1262.wav,200,99.97474747474747,99.97474747474747,False,-51.654994914225874,22,2513.3551754706027,False,>=2000 Hz
220908,culex pipiens complex,IFA_32_22_1262.wav,300,99.97474747474747,99.97474747474747,False,-51.654994914225874,21,2492.510114683347,False,>=2000 Hz
220891,an arabiensis,IFA_32_26_1266.wav,0,99.87373737373737,99.87373737373737,False,-41.50585154691267,0,44.37407700982649,True,<100 Hz
220891,an arabiensis,IFA_32_26_1266.wav,100,100.0,100.0,True,-61.589532162569824,34,5435.453615558967,False,>=2000 Hz
220891,an arabiensis,IFA_32_26_1266.wav,150,100.0,100.0,True,-60.049655981860546,11,979.0284142678163,False,800-2000 Hz
220891,an arabiensis,IFA_32_26_1266.wav,200,100.0,100.0,True,-60.051248058221674,34,5542.124294130725,False,>=2000 Hz
220891,an arabiensis,IFA_32_26_1266.wav,300,100.0,100.0,True,-60.049655981860546,9,994.9271530483034,False,800-2000 Hz
220892,an arabiensis,IFA_32_26_1266.wav,0,99.97474747474747,99.97474747474747,False,-51.82024166298336,0,44.37407700982649,True,<100 Hz
220892,an arabiensis,IFA_32_26_1266.wav,100,100.0,100.0,True,-60.218671167080856,19,1862.5080507980697,False,800-2000 Hz
220892,an arabiensis,IFA_32_26_1266.wav,150,100.0,100.0,True,-60.230435788678065,19,1943.326394117477,False,800-2000 Hz
220892,an arabiensis,IFA_32_26_1266.wav,200,100.0,100.0,True,-59.686249776136165,18,1875.3376136955906,False,800-2000 Hz
220892,an arabiensis,IFA_32_26_1266.wav,300,100.0,100.0,True,-60.69087241713089,17,1885.0673770439807,False,800-2000 Hz
220893,an arabiensis,IFA_32_26_1266.wav,0,100.0,100.0,True,-52.511577961104656,0,44.37407700982649,True,<100 Hz
220893,an arabiensis,IFA_32_26_1266.wav,100,100.0,100.0,True,-57.657659779939124,6,502.37884079729855,False,300-800 Hz
220893,an arabiensis,IFA_32_26_1266.wav,150,100.0,100.0,True,-56.64188532879686,5,494.64394366172684,False,300-800 Hz
220893,an arabiensis,IFA_32_26_1266.wav,200,100.0,100.0,True,-57.38711349191816,5,554.3806613018434,False,300-800 Hz
220893,an arabiensis,IFA_32_26_1266.wav,300,100.0,100.0,True,-56.8427737608964,3,534.9813946953967,False,300-800 Hz
220897,an arabiensis,IFA_32_28_1268.wav,0,98.7121212121212,98.68686868686869,False,-43.62700497453364,0,44.37407700982649,True,<100 Hz
220897,an arabiensis,IFA_32_28_1268.wav,100,99.0909090909091,99.01515151515152,False,-44.58042673734052,36,6192.935304310192,False,>=2000 Hz
220897,an arabiensis,IFA_32_28_1268.wav,150,99.19191919191918,99.11616161616162,False,-44.86956629808078,36,6233.825044478617,False,>=2000 Hz
220897,an arabiensis,IFA_32_28_1268.wav,200,99.16666666666667,99.14141414141415,False,-45.03748356349797,36,6272.599048553766,False,>=2000 Hz
220897,an arabiensis,IFA_32_28_1268.wav,300,99.24242424242425,99.19191919191918,False,-45.91879334826365,33,5313.3090758650505,False,>=2000 Hz
220922,an arabiensis,IFA_32_32_1272.wav,0,99.94949494949495,99.94949494949495,False,-51.28133155769132,0,44.37407700982649,True,<100 Hz
220922,an arabiensis,IFA_32_32_1272.wav,100,99.94949494949495,99.94949494949495,False,-51.34933413557695,9,731.7843554943794,False,300-800 Hz
220922,an arabiensis,IFA_32_32_1272.wav,150,99.94949494949495,99.94949494949495,False,-51.15516744866837,9,798.9421052862099,False,300-800 Hz
220922,an arabiensis,IFA_32_32_1272.wav,200,99.94949494949495,99.94949494949495,False,-51.254067044250974,8,780.8898965537708,False,300-800 Hz
220922,an arabiensis,IFA_32_32_1272.wav,300,99.94949494949495,99.94949494949495,False,-51.34933413557695,6,746.7907586719966,False,300-800 Hz
220895,an arabiensis,IFA_32_37_1277.wav,0,100.0,100.0,True,-54.1356588106389,8,517.1296515613235,False,300-800 Hz
220895,an arabiensis,IFA_32_37_1277.wav,100,100.0,100.0,True,-56.93396211566548,6,502.37884079729855,False,300-800 Hz
220895,an arabiensis,IFA_32_37_1277.wav,150,100.0,100.0,True,-56.715996249545555,5,494.64394366172684,False,300-800 Hz
220895,an arabiensis,IFA_32_37_1277.wav,200,100.0,100.0,True,-56.723895013128256,5,554.3806613018434,False,300-800 Hz
220895,an arabiensis,IFA_32_37_1277.wav,300,100.0,100.0,True,-57.19951194186991,3,534.9813946953967,False,300-800 Hz
220894,an arabiensis,IFA_32_37_1277.wav,0,99.82323232323232,99.79797979797979,False,-46.52172224658476,0,44.37407700982649,True,<100 Hz
220894,an arabiensis,IFA_32_37_1277.wav,100,100.0,100.0,True,-55.287958135113264,16,1451.9340170387993,False,800-2000 Hz
220894,an arabiensis,IFA_32_37_1277.wav,150,100.0,100.0,True,-55.03283231842154,16,1529.6721664501665,False,800-2000 Hz
220894,an arabiensis,IFA_32_37_1277.wav,200,100.0,100.0,True,-55.02347183941253,15,1481.4273339703952,False,800-2000 Hz
220894,an arabiensis,IFA_32_37_1277.wav,300,100.0,100.0,True,-53.563339831842775,14,1506.6149479788903,False,800-2000 Hz
220890,culex pipiens complex,IFA_32_38_1278.wav,0,99.46969696969697,99.46969696969697,False,-42.61215839274879,0,44.37407700982649,True,<100 Hz
220890,culex pipiens complex,IFA_32_38_1278.wav,100,100.0,100.0,True,-52.64768352250104,6,502.37884079729855,False,300-800 Hz
220890,culex pipiens complex,IFA_32_38_1278.wav,150,100.0,100.0,True,-54.2688903933835,6,564.3726097218181,False,300-800 Hz
220890,culex pipiens complex,IFA_32_38_1278.wav,200,100.0,100.0,True,-52.485572694607484,5,554.3806613018434,False,300-800 Hz
220890,culex pipiens complex,IFA_32_38_1278.wav,300,100.0,100.0,True,-52.67153383473606,3,534.9813946953967,False,300-800 Hz
220916,an funestus ss,IFA_32_39_1279.wav,0,99.97474747474747,99.97474747474747,False,-49.41255764756609,0,44.37407700982649,True,<100 Hz
220916,an funestus ss,IFA_32_39_1279.wav,100,100.0,100.0,True,-58.734751312824386,32,4761.213460851244,False,>=2000 Hz
220916,an funestus ss,IFA_32_39_1279.wav,150,100.0,100.0,True,-59.168063492360844,32,4826.198821544699,False,>=2000 Hz
220916,an funestus ss,IFA_32_39_1279.wav,200,100.0,100.0,True,-59.54359975439347,31,4587.361348214651,False,>=2000 Hz
220916,an funestus ss,IFA_32_39_1279.wav,300,100.0,100.0,True,-58.398316579116454,31,4711.072079758159,False,>=2000 Hz
220915,an funestus ss,IFA_32_39_1279.wav,0,99.41919191919192,99.41919191919192,False,-39.988088382703616,0,44.37407700982649,True,<100 Hz
220915,an funestus ss,IFA_32_39_1279.wav,100,100.0,100.0,True,-59.950510001583204,7,574.4420356195228,False,300-800 Hz
220915,an funestus ss,IFA_32_39_1279.wav,150,100.0,100.0,True,-59.93678627125941,6,564.3726097218181,False,300-800 Hz
220915,an funestus ss,IFA_32_39_1279.wav,200,100.0,100.0,True,-60.170504051903734,5,554.3806613018434,False,300-800 Hz
220915,an funestus ss,IFA_32_39_1279.wav,300,100.0,100.0,True,-59.950510001583204,4,601.8936796253,False,300-800 Hz
220887,an funestus ss,IFA_33_10_1290.wav,0,99.84848484848486,99.84848484848486,False,-43.33069737355121,0,44.37407700982649,True,<100 Hz
220887,an funestus ss,IFA_33_10_1290.wav,100,100.0,100.0,True,-58.52164271659682,34,5435.453615558967,False,>=2000 Hz
220887,an funestus ss,IFA_33_10_1290.wav,150,100.0,100.0,True,-58.52164271659682,34,5490.128899271392,False,>=2000 Hz
220887,an funestus ss,IFA_33_10_1290.wav,200,100.0,100.0,True,-58.52164271659682,33,5206.106474135096,False,>=2000 Hz
220887,an funestus ss,IFA_33_10_1290.wav,300,100.0,100.0,True,-58.62557204001522,33,5313.3090758650505,False,>=2000 Hz
220977,culex pipiens complex,IFA_33_12_1292.wav,0,99.64646464646465,99.62121212121212,False,-44.80095250279574,0,44.37407700982649,True,<100 Hz
220977,culex pipiens complex,IFA_33_12_1292.wav,100,100.0,100.0,True,-52.591243826181405,26,3151.3818245654097,False,>=2000 Hz
220977,culex pipiens complex,IFA_33_12_1292.wav,150,100.0,100.0,True,-53.451371676583605,26,3231.9405779727977,False,>=2000 Hz
220977,culex pipiens complex,IFA_33_12_1292.wav,200,100.0,100.0,True,-52.654976320202834,26,3309.436055611549,False,>=2000 Hz
220977,culex pipiens complex,IFA_33_12_1292.wav,300,100.0,100.0,True,-52.51085358045258,25,3242.6905940108,False,>=2000 Hz
220980,culex pipiens complex,IFA_33_16_1296.wav,0,98.51010101010101,98.45959595959596,False,-39.35639405971011,31,4303.575413833522,False,>=2000 Hz
220980,culex pipiens complex,IFA_33_16_1296.wav,100,98.33333333333333,98.33333333333333,False,-39.66444376959747,30,4161.067222372874,False,>=2000 Hz
220980,culex pipiens complex,IFA_33_16_1296.wav,150,98.45959595959596,98.4090909090909,False,-39.990267490525156,30,4233.479401186071,False,>=2000 Hz
220980,culex pipiens complex,IFA_33_16_1296.wav,200,98.35858585858585,98.33333333333333,False,-39.673307532898086,30,4302.739070598876,False,>=2000 Hz
220980,culex pipiens complex,IFA_33_16_1296.wav,300,98.30808080808082,98.28282828282828,False,-39.9801121414535,29,4169.149528643879,False,>=2000 Hz
220981,culex pipiens complex,IFA_33_16_1296.wav,0,99.54545454545455,99.54545454545455,False,-43.173623800810326,0,44.37407700982649,True,<100 Hz
220981,culex pipiens complex,IFA_33_16_1296.wav,100,100.0,100.0,True,-60.496282643309144,30,4161.067222372874,False,>=2000 Hz
220981,culex pipiens complex,IFA_33_16_1296.wav,150,100.0,100.0,True,-60.573867827573,30,4233.479401186071,False,>=2000 Hz
220981,culex pipiens complex,IFA_33_16_1296.wav,200,100.0,100.0,True,-60.89069334669472,30,4302.739070598876,False,>=2000 Hz
220981,culex pipiens complex,IFA_33_16_1296.wav,300,100.0,100.0,True,-60.496282643309144,29,4169.149528643879,False,>=2000 Hz
220972,an arabiensis,IFA_33_18_1298.wav,0,99.67171717171716,99.67171717171716,False,-41.701536528628864,0,44.37407700982649,True,<100 Hz
220972,an arabiensis,IFA_33_18_1298.wav,100,100.0,100.0,True,-57.0800493566696,32,4761.213460851244,False,>=2000 Hz
220972,an arabiensis,IFA_33_18_1298.wav,150,100.0,100.0,True,-56.70578255131905,32,4826.198821544699,False,>=2000 Hz
220972,an arabiensis,IFA_33_18_1298.wav,200,100.0,100.0,True,-56.34305675692909,32,4888.1767232060765,False,>=2000 Hz
220972,an arabiensis,IFA_33_18_1298.wav,300,100.0,100.0,True,-56.3662446384202,31,4711.072079758159,False,>=2000 Hz
220985,an arabiensis,IFA_33_20_1300.wav,0,99.44444444444444,99.41919191919192,False,-38.170474184080284,0,44.37407700982649,True,<100 Hz
220985,an arabiensis,IFA_33_20_1300.wav,100,100.0,100.0,True,-53.576466977183074,31,4452.409703131681,False,>=2000 Hz
220985,an arabiensis,IFA_33_20_1300.wav,150,99.97474747474747,99.97474747474747,False,-50.90104669145603,9,798.9421052862099,False,300-800 Hz
220985,an arabiensis,IFA_33_20_1300.wav,200,99.97474747474747,99.97474747474747,False,-51.018668243196316,8,780.8898965537708,False,300-800 Hz
220985,an arabiensis,IFA_33_20_1300.wav,300,100.0,100.0,True,-53.576466977183074,30,4432.9639650607805,False,>=2000 Hz
220978,an arabiensis,IFA_33_21_1301.wav,0,100.0,100.0,True,-56.155457969804424,8,517.1296515613235,False,300-800 Hz
220978,an arabiensis,IFA_33_21_1301.wav,100,100.0,100.0,True,-56.43483808883581,6,502.37884079729855,False,300-800 Hz
220978,an arabiensis,IFA_33_21_1301.wav,150,100.0,100.0,True,-57.2844382389094,6,564.3726097218181,False,300-800 Hz
220978,an arabiensis,IFA_33_21_1301.wav,200,100.0,100.0,True,-58.00200788506716,5,554.3806613018434,False,300-800 Hz
220978,an arabiensis,IFA_33_21_1301.wav,300,100.0,100.0,True,-56.770595248162664,3,534.9813946953967,False,300-800 Hz
220997,an arabiensis,IFA_33_22_1302.wav,0,100.0,100.0,True,-53.95482124121127,11,763.5799242943094,False,300-800 Hz
220997,an arabiensis,IFA_33_22_1302.wav,100,100.0,100.0,True,-55.62476097006239,30,4161.067222372874,False,>=2000 Hz
220997,an arabiensis,IFA_33_22_1302.wav,150,100.0,100.0,True,-54.489801445156374,30,4233.479401186071,False,>=2000 Hz
220997,an arabiensis,IFA_33_22_1302.wav,200,100.0,100.0,True,-54.51255763453715,30,4302.739070598876,False,>=2000 Hz
220997,an arabiensis,IFA_33_22_1302.wav,300,100.0,100.0,True,-55.62476097006239,29,4169.149528643879,False,>=2000 Hz
220984,an arabiensis,IFA_33_23_1303.wav,0,99.21717171717171,99.19191919191918,False,-34.24291265334204,0,44.37407700982649,True,<100 Hz
220984,an arabiensis,IFA_33_23_1303.wav,100,99.69696969696969,99.67171717171716,False,-45.15270858128766,6,502.37884079729855,False,300-800 Hz
220984,an arabiensis,IFA_33_23_1303.wav,150,99.69696969696969,99.67171717171716,False,-44.47077310539726,6,564.3726097218181,False,300-800 Hz
220984,an arabiensis,IFA_33_23_1303.wav,200,99.67171717171716,99.67171717171716,False,-44.119881782454286,5,554.3806613018434,False,300-800 Hz
220984,an arabiensis,IFA_33_23_1303.wav,300,99.64646464646465,99.64646464646465,False,-44.50952474931137,3,534.9813946953967,False,300-800 Hz
220979,culex pipiens complex,IFA_33_24_1304.wav,0,99.26767676767678,99.26767676767678,False,-39.20743682859432,0,44.37407700982649,True,<100 Hz
220979,culex pipiens complex,IFA_33_24_1304.wav,100,99.64646464646465,99.5959595959596,False,-43.75012154711641,17,1580.907710730555,False,800-2000 Hz
220979,culex pipiens complex,IFA_33_24_1304.wav,150,99.57070707070706,99.57070707070706,False,-43.61684691529877,17,1659.8130898129411,False,800-2000 Hz
220979,culex pipiens complex,IFA_33_24_1304.wav,200,99.62121212121212,99.52020202020202,False,-43.53984398545692,16,1605.5359087903153,False,800-2000 Hz
220979,culex pipiens complex,IFA_33_24_1304.wav,300,99.64646464646465,99.62121212121212,False,-43.458833591599706,15,1626.1711200507493,False,800-2000 Hz
220976,an arabiensis,IFA_33_27_1307.wav,0,99.97474747474747,99.97474747474747,False,-51.492491642361486,0,44.37407700982649,True,<100 Hz
220976,an arabiensis,IFA_33_27_1307.wav,100,100.0,100.0,True,-58.8668781042516,36,6192.935304310192,False,>=2000 Hz
220976,an arabiensis,IFA_33_27_1307.wav,150,100.0,100.0,True,-58.6976953821592,36,6233.825044478617,False,>=2000 Hz
220976,an arabiensis,IFA_33_27_1307.wav,200,100.0,100.0,True,-58.69909909827029,36,6272.599048553766,False,>=2000 Hz
220976,an arabiensis,IFA_33_27_1307.wav,300,100.0,100.0,True,-59.40203728548208,36,6344.640540634074,False,>=2000 Hz
221002,an funestus ss,IFA_33_35_1315.wav,0,99.64646464646465,99.64646464646465,False,-43.0123931732092,0,44.37407700982649,True,<100 Hz
221002,an funestus ss,IFA_33_35_1315.wav,100,100.0,100.0,True,-54.08011567410793,33,5088.525017110928,False,>=2000 Hz
221002,an funestus ss,IFA_33_35_1315.wav,150,100.0,100.0,True,-54.75841303449105,6,564.3726097218181,False,300-800 Hz
221002,an funestus ss,IFA_33_35_1315.wav,200,100.0,100.0,True,-54.534793477558,5,554.3806613018434,False,300-800 Hz
221002,an funestus ss,IFA_33_35_1315.wav,300,100.0,100.0,True,-54.16188361000599,29,4169.149528643879,False,>=2000 Hz
221001,an funestus ss,IFA_33_35_1315.wav,0,99.62121212121212,99.62121212121212,False,-38.496659400748854,0,44.37407700982649,True,<100 Hz
221001,an funestus ss,IFA_33_35_1315.wav,100,99.82323232323232,99.82323232323232,False,-43.52976904829228,38,7043.93550770528,False,>=2000 Hz
221001,an funestus ss,IFA_33_35_1315.wav,150,99.82323232323232,99.82323232323232,False,-43.52976904829228,38,7066.870533681113,False,>=2000 Hz
221001,an funestus ss,IFA_33_35_1315.wav,200,99.79797979797979,99.79797979797979,False,-43.92444282533964,36,6272.599048553766,False,>=2000 Hz
221001,an funestus ss,IFA_33_35_1315.wav,300,99.82323232323232,99.82323232323232,False,-44.11925518477786,37,6726.324829246307,False,>=2000 Hz
220992,culex pipiens complex,IFA_34_12_1332.wav,0,99.82323232323232,99.82323232323232,False,-48.73476054469728,0,44.37407700982649,True,<100 Hz
220992,culex pipiens complex,IFA_34_12_1332.wav,100,100.0,99.97474747474747,False,-51.955777508896624,20,2016.0890276353948,False,>=2000 Hz
220992,culex pipiens complex,IFA_34_12_1332.wav,150,100.0,100.0,True,-52.45464979864895,19,1943.326394117477,False,800-2000 Hz
220992,culex pipiens complex,IFA_34_12_1332.wav,200,100.0,100.0,True,-52.056525094880904,19,2021.8570397331082,False,>=2000 Hz
220992,culex pipiens complex,IFA_34_12_1332.wav,300,100.0,100.0,True,-53.00415352478304,18,2025.1284060106793,False,>=2000 Hz
220991,culex pipiens complex,IFA_34_12_1332.wav,0,98.61111111111111,98.56060606060606,False,-37.741328065081284,0,44.37407700982649,True,<100 Hz
220991,culex pipiens complex,IFA_34_12_1332.wav,100,99.01515151515152,98.96464646464646,False,-38.29341508781003,34,5435.453615558967,False,>=2000 Hz
220991,culex pipiens complex,IFA_34_12_1332.wav,150,99.04040404040404,99.04040404040404,False,-38.29341508781003,34,5490.128899271392,False,>=2000 Hz
220991,culex pipiens complex,IFA_34_12_1332.wav,200,99.01515151515152,99.01515151515152,False,-38.61106772096459,33,5206.106474135096,False,>=2000 Hz
220991,culex pipiens complex,IFA_34_12_1332.wav,300,99.01515151515152,98.93939393939394,False,-39.09662512145805,33,5313.3090758650505,False,>=2000 Hz
220993,culex pipiens complex,IFA_34_12_1332.wav,0,98.88888888888889,98.88888888888889,False,-35.058541666957105,0,44.37407700982649,True,<100 Hz
220993,culex pipiens complex,IFA_34_12_1332.wav,100,99.69696969696969,99.69696969696969,False,-45.51040178074585,27,3382.2099706881345,False,>=2000 Hz
220993,culex pipiens complex,IFA_34_12_1332.wav,150,99.82323232323232,99.82323232323232,False,-45.741687442998504,27,3461.439059913137,False,>=2000 Hz
220993,culex pipiens complex,IFA_34_12_1332.wav,200,99.72222222222223,99.72222222222223,False,-46.639672410545316,9,865.1425927882087,False,800-2000 Hz
220993,culex pipiens complex,IFA_34_12_1332.wav,300,99.67171717171716,99.67171717171716,False,-46.26814243887493,7,825.1790452437867,False,800-2000 Hz
221000,culex pipiens complex,IFA_34_14_1334.wav,0,100.0,100.0,True,-53.65510901576726,19,1693.1066090376025,False,800-2000 Hz
221000,culex pipiens complex,IFA_34_14_1334.wav,100,100.0,100.0,True,-53.9349397125845,17,1580.907710730555,False,800-2000 Hz
221000,culex pipiens complex,IFA_34_14_1334.wav,150,100.0,100.0,True,-53.78356239666988,17,1659.8130898129411,False,800-2000 Hz
221000,culex pipiens complex,IFA_34_14_1334.wav,200,100.0,100.0,True,-53.84068513019191,16,1605.5359087903153,False,800-2000 Hz
221000,culex pipiens complex,IFA_34_14_1334.wav,300,100.0,100.0,True,-53.78356239666988,15,1626.1711200507493,False,800-2000 Hz
220982,culex pipiens complex,IFA_34_18_1338.wav,0,99.0909090909091,99.06565656565657,False,-41.42015103424832,0,44.37407700982649,True,<100 Hz
220982,culex pipiens complex,IFA_34_18_1338.wav,100,99.5959595959596,99.57070707070706,False,-47.19259383909947,33,5088.525017110928,False,>=2000 Hz
220982,culex pipiens complex,IFA_34_18_1338.wav,150,99.54545454545455,99.52020202020202,False,-46.996568831951876,32,4826.198821544699,False,>=2000 Hz
220982,culex pipiens complex,IFA_34_18_1338.wav,200,99.64646464646465,99.62121212121212,False,-47.23108767253592,32,4888.1767232060765,False,>=2000 Hz
220982,culex pipiens complex,IFA_34_18_1338.wav,300,99.62121212121212,99.62121212121212,False,-47.942874395690815,32,5004.24831571783,False,>=2000 Hz
220983,culex pipiens complex,IFA_34_18_1338.wav,0,99.31818181818181,99.29292929292929,False,-45.73867227992919,0,44.37407700982649,True,<100 Hz
220983,culex pipiens complex,IFA_34_18_1338.wav,100,99.44444444444444,99.44444444444444,False,-45.9136150479345,31,4452.409703131681,False,>=2000 Hz
220983,culex pipiens complex,IFA_34_18_1338.wav,150,99.52020202020202,99.4949494949495,False,-46.13344860592299,27,3461.439059913137,False,>=2000 Hz
220983,culex pipiens complex,IFA_34_18_1338.wav,200,99.44444444444444,99.44444444444444,False,-46.369951024576686,30,4302.739070598876,False,>=2000 Hz
220983,culex pipiens complex,IFA_34_18_1338.wav,300,99.4949494949495,99.4949494949495,False,-46.80214590126006,30,4432.9639650607805,False,>=2000 Hz
220061,culex pipiens complex,IFA_34_20_1340.wav,0,99.64646464646465,99.64646464646465,False,-42.19601868842048,0,44.37407700982649,True,<100 Hz
220061,culex pipiens complex,IFA_34_20_1340.wav,100,99.92424242424242,99.92424242424242,False,-47.60653243171208,35,5803.174981087622,False,>=2000 Hz
220061,culex pipiens complex,IFA_34_20_1340.wav,150,99.92424242424242,99.92424242424242,False,-47.722424413227046,6,564.3726097218181,False,300-800 Hz
220061,culex pipiens complex,IFA_34_20_1340.wav,200,99.92424242424242,99.92424242424242,False,-47.390933514720636,5,554.3806613018434,False,300-800 Hz
220061,culex pipiens complex,IFA_34_20_1340.wav,300,99.94949494949495,99.94949494949495,False,-47.36026923886878,34,5639.114996491976,False,>=2000 Hz
220062,culex pipiens complex,IFA_34_20_1340.wav,0,99.4949494949495,99.4949494949495,False,-36.1080682026035,0,44.37407700982649,True,<100 Hz
220062,culex pipiens complex,IFA_34_20_1340.wav,100,100.0,100.0,True,-54.59992036209714,23,2534.299911099232,False,>=2000 Hz
220062,culex pipiens complex,IFA_34_20_1340.wav,150,100.0,100.0,True,-58.46122756957071,22,2433.72276470684,False,>=2000 Hz
220062,culex pipiens complex,IFA_34_20_1340.wav,200,100.0,100.0,True,-59.925410880844055,22,2513.3551754706027,False,>=2000 Hz
220062,culex pipiens complex,IFA_34_20_1340.wav,300,100.0,100.0,True,-60.14122685608842,21,2492.510114683347,False,>=2000 Hz
220067,culex pipiens complex,IFA_34_21_1341.wav,0,99.67171717171716,99.64646464646465,False,-40.59466783973146,0,44.37407700982649,True,<100 Hz
220067,culex pipiens complex,IFA_34_21_1341.wav,100,100.0,100.0,True,-52.69616468575825,17,1580.907710730555,False,800-2000 Hz
220067,culex pipiens complex,IFA_34_21_1341.wav,150,100.0,100.0,True,-53.46910116989381,6,564.3726097218181,False,300-800 Hz
220067,culex pipiens complex,IFA_34_21_1341.wav,200,100.0,100.0,True,-52.695445070248525,5,554.3806613018434,False,300-800 Hz
220067,culex pipiens complex,IFA_34_21_1341.wav,300,100.0,100.0,True,-53.47135967086495,15,1626.1711200507493,False,800-2000 Hz
220055,culex pipiens complex,IFA_34_22_1342.wav,0,98.83838383838383,98.81313131313131,False,-40.96023159902035,0,44.37407700982649,True,<100 Hz
220055,culex pipiens complex,IFA_34_22_1342.wav,100,99.14141414141415,99.11616161616162,False,-43.57337968629764,39,7508.05938800615,False,>=2000 Hz
220055,culex pipiens complex,IFA_34_22_1342.wav,150,99.0909090909091,99.0909090909091,False,-43.57337968629764,11,979.0284142678163,False,800-2000 Hz
220055,culex pipiens complex,IFA_34_22_1342.wav,200,99.0909090909091,99.0909090909091,False,-43.57337968629764,10,954.1887019828487,False,800-2000 Hz
220055,culex pipiens complex,IFA_34_22_1342.wav,300,99.0909090909091,99.0909090909091,False,-43.86347525601617,9,994.9271530483034,False,800-2000 Hz
220044,an arabiensis,IFA_34_23_1343.wav,0,97.04545454545455,96.9949494949495,False,-33.6309527655941,9,594.2853728317884,False,300-800 Hz
220044,an arabiensis,IFA_34_23_1343.wav,100,97.27272727272728,97.27272727272728,False,-33.6309527655941,7,574.4420356195228,False,300-800 Hz
220044,an arabiensis,IFA_34_23_1343.wav,150,97.24747474747475,97.19696969696969,False,-33.25068469714868,6,564.3726097218181,False,300-800 Hz
220044,an arabiensis,IFA_34_23_1343.wav,200,97.5,97.44949494949495,False,-33.33228406580073,6,625.7465022498844,False,300-800 Hz
220044,an arabiensis,IFA_34_23_1343.wav,300,97.34848484848484,97.32323232323232,False,-33.6309527655941,4,601.8936796253,False,300-800 Hz
220058,culex pipiens complex,IFA_34_24_1344.wav,0,100.0,100.0,True,-55.10595018651911,0,44.37407700982649,True,<100 Hz
220058,culex pipiens complex,IFA_34_24_1344.wav,100,100.0,100.0,True,-62.54017943614385,21,2178.8747039229174,False,>=2000 Hz
220058,culex pipiens complex,IFA_34_24_1344.wav,150,100.0,100.0,True,-62.54017943614385,21,2260.90163072702,False,>=2000 Hz
220058,culex pipiens complex,IFA_34_24_1344.wav,200,100.0,100.0,True,-62.54017943614385,20,2176.7124377582195,False,>=2000 Hz
220058,culex pipiens complex,IFA_34_24_1344.wav,300,100.0,100.0,True,-62.54017943614385,19,2172.778054140427,False,>=2000 Hz
220059,culex pipiens complex,IFA_34_24_1344.wav,0,100.0,100.0,True,-52.69353267667053,14,1059.9326349904563,False,800-2000 Hz
220059,culex pipiens complex,IFA_34_24_1344.wav,100,100.0,100.0,True,-53.46505952894057,13,1107.1435959963192,False,800-2000 Hz
220059,culex pipiens complex,IFA_34_24_1344.wav,150,100.0,100.0,True,-52.69353267667053,12,1077.0295067481677,False,800-2000 Hz
220059,culex pipiens complex,IFA_34_24_1344.wav,200,100.0,100.0,True,-52.59053140788697,12,1147.767526900907,False,800-2000 Hz
220059,culex pipiens complex,IFA_34_24_1344.wav,300,100.0,100.0,True,-53.19635339218035,10,1086.7596689771533,False,800-2000 Hz
220066,culex pipiens complex,IFA_34_25_1345.wav,0,99.5959595959596,99.5959595959596,False,-43.54416698012295,0,44.37407700982649,True,<100 Hz
220066,culex pipiens complex,IFA_34_25_1345.wav,100,99.74747474747475,99.74747474747475,False,-44.94752334181699,11,908.5521219032305,False,800-2000 Hz
220066,culex pipiens complex,IFA_34_25_1345.wav,150,99.74747474747475,99.74747474747475,False,-44.162086737287694,10,886.4319670625546,False,800-2000 Hz
220066,culex pipiens complex,IFA_34_25_1345.wav,200,99.72222222222223,99.72222222222223,False,-44.099069076759164,10,954.1887019828487,False,800-2000 Hz
220066,culex pipiens complex,IFA_34_25_1345.wav,300,99.74747474747475,99.74747474747475,False,-44.162086737287694,9,994.9271530483034,False,800-2000 Hz
220054,culex pipiens complex,IFA_34_27_1347.wav,0,99.01515151515152,98.98989898989899,False,-43.648951526127945,0,44.37407700982649,True,<100 Hz
220054,culex pipiens complex,IFA_34_27_1347.wav,100,99.62121212121212,99.5959595959596,False,-44.16502449830594,11,908.5521219032305,False,800-2000 Hz
220054,culex pipiens complex,IFA_34_27_1347.wav,150,99.62121212121212,99.5959595959596,False,-45.51631518865541,11,979.0284142678163,False,800-2000 Hz
220054,culex pipiens complex,IFA_34_27_1347.wav,200,99.57070707070706,99.54545454545455,False,-43.99575381858273,10,954.1887019828487,False,800-2000 Hz
220054,culex pipiens complex,IFA_34_27_1347.wav,300,99.62121212121212,99.5959595959596,False,-45.51631518865541,9,994.9271530483034,False,800-2000 Hz
220070,culex pipiens complex,IFA_34_28_1348.wav,0,99.8989898989899,99.8989898989899,False,-42.24478573524473,0,44.37407700982649,True,<100 Hz
220070,culex pipiens complex,IFA_34_28_1348.wav,100,100.0,100.0,True,-53.60977195833202,34,5435.453615558967,False,>=2000 Hz
220070,culex pipiens complex,IFA_34_28_1348.wav,150,100.0,100.0,True,-53.061948300974265,6,564.3726097218181,False,300-800 Hz
220070,culex pipiens complex,IFA_34_28_1348.wav,200,100.0,100.0,True,-53.063972870240605,5,554.3806613018434,False,300-800 Hz
220070,culex pipiens complex,IFA_34_28_1348.wav,300,100.0,100.0,True,-52.99536947623115,10,1086.7596689771533,False,800-2000 Hz
220057,an arabiensis,IFA_34_30_1350.wav,0,99.97474747474747,99.97474747474747,False,-51.24746992066092,0,44.37407700982649,True,<100 Hz
220057,an arabiensis,IFA_34_30_1350.wav,100,99.97474747474747,99.97474747474747,False,-51.02562450783276,34,5435.453615558967,False,>=2000 Hz
220057,an arabiensis,IFA_34_30_1350.wav,150,99.97474747474747,99.97474747474747,False,-51.19765078509555,11,979.0284142678163,False,800-2000 Hz
220057,an arabiensis,IFA_34_30_1350.wav,200,99.97474747474747,99.97474747474747,False,-51.35812673772938,33,5206.106474135096,False,>=2000 Hz
220057,an arabiensis,IFA_34_30_1350.wav,300,100.0,100.0,True,-52.71336847677652,9,994.9271530483034,False,800-2000 Hz
220051,culex pipiens complex,IFA_34_32_1352.wav,0,98.96464646464646,98.91414141414141,False,-42.23961053595573,0,44.37407700982649,True,<100 Hz
220051,culex pipiens complex,IFA_34_32_1352.wav,100,99.39393939393939,99.31818181818181,False,-47.01548411642433,12,1004.9588458152629,False,800-2000 Hz
220051,culex pipiens complex,IFA_34_32_1352.wav,150,99.44444444444444,99.34343434343434,False,-47.20589923529264,11,979.0284142678163,False,800-2000 Hz
220051,culex pipiens complex,IFA_34_32_1352.wav,200,99.34343434343434,99.29292929292929,False,-46.22518382039245,10,954.1887019828487,False,800-2000 Hz
220051,culex pipiens complex,IFA_34_32_1352.wav,300,99.41919191919192,99.36868686868688,False,-47.01548411642433,9,994.9271530483034,False,800-2000 Hz
220045,culex pipiens complex,IFA_34_33_1353.wav,0,98.4090909090909,98.35858585858585,False,-39.02959392976356,37,6535.01859571434,False,>=2000 Hz
220045,culex pipiens complex,IFA_34_33_1353.wav,100,98.48484848484848,98.45959595959596,False,-38.99511026032988,37,6606.055464843051,False,>=2000 Hz
220045,culex pipiens complex,IFA_34_33_1353.wav,150,98.53535353535354,98.51010101010101,False,-39.24506755582507,37,6638.536735866427,False,>=2000 Hz
220045,culex pipiens complex,IFA_34_33_1353.wav,200,98.58585858585859,98.53535353535354,False,-39.46970959075818,37,6669.293138350332,False,>=2000 Hz
220045,culex pipiens complex,IFA_34_33_1353.wav,300,98.35858585858585,98.35858585858585,False,-40.09420768047164,34,5639.114996491976,False,>=2000 Hz
220063,an arabiensis,IFA_34_35_1355.wav,0,99.87373737373737,99.87373737373737,False,-49.169700144005674,0,44.37407700982649,True,<100 Hz
220063,an arabiensis,IFA_34_35_1355.wav,100,99.84848484848486,99.84848484848486,False,-49.54698624033287,34,5435.453615558967,False,>=2000 Hz
220063,an arabiensis,IFA_34_35_1355.wav,150,99.84848484848486,99.84848484848486,False,-49.82273362975627,34,5490.128899271392,False,>=2000 Hz
220063,an arabiensis,IFA_34_35_1355.wav,200,99.8989898989899,99.8989898989899,False,-49.38400195812241,34,5542.124294130725,False,>=2000 Hz
220063,an arabiensis,IFA_34_35_1355.wav,300,99.87373737373737,99.87373737373737,False,-49.30665268157625,34,5639.114996491976,False,>=2000 Hz
220049,an arabiensis,IFA_34_37_1357.wav,0,98.66161616161617,98.66161616161617,False,-32.05788052413944,0,44.37407700982649,True,<100 Hz
220049,an arabiensis,IFA_34_37_1357.wav,100,99.82323232323232,99.79797979797979,False,-37.87990462404142,35,5803.174981087622,False,>=2000 Hz
220049,an arabiensis,IFA_34_37_1357.wav,150,99.84848484848486,99.84848484848486,False,-37.919985392398395,35,5851.432728061765,False,>=2000 Hz
220049,an arabiensis,IFA_34_37_1357.wav,200,99.84848484848486,99.84848484848486,False,-38.308512906065445,35,5897.259272926163,False,>=2000 Hz
220049,an arabiensis,IFA_34_37_1357.wav,300,99.84848484848486,99.84848484848486,False,-39.12206088613233,34,5639.114996491976,False,>=2000 Hz
220068,an arabiensis,IFA_34_38_1358.wav,0,99.57070707070706,99.57070707070706,False,-42.46750681735267,0,44.37407700982649,True,<100 Hz
220068,an arabiensis,IFA_34_38_1358.wav,100,99.77272727272727,99.74747474747475,False,-41.95746237556587,15,1330.2531276925415,False,800-2000 Hz
220068,an arabiensis,IFA_34_38_1358.wav,150,99.74747474747475,99.74747474747475,False,-42.46750681735267,14,1290.525867743762,False,800-2000 Hz
220068,an arabiensis,IFA_34_38_1358.wav,200,99.69696969696969,99.69696969696969,False,-42.98166694391445,14,1363.999608615931,False,800-2000 Hz
220068,an arabiensis,IFA_34_38_1358.wav,300,99.74747474747475,99.74747474747475,False,-43.091708738912104,12,1285.6209592998355,False,800-2000 Hz
220056,an arabiensis,IFA_34_39_1359.wav,0,99.21717171717171,99.21717171717171,False,-42.03970592866539,0,44.37407700982649,True,<100 Hz
220056,an arabiensis,IFA_34_39_1359.wav,100,99.41919191919192,99.39393939393939,False,-42.09924777991635,36,6192.935304310192,False,>=2000 Hz
220056,an arabiensis,IFA_34_39_1359.wav,150,99.41919191919192,99.39393939393939,False,-42.27265638350062,36,6233.825044478617,False,>=2000 Hz
220056,an arabiensis,IFA_34_39_1359.wav,200,99.44444444444444,99.44444444444444,False,-42.410322942189865,36,6272.599048553766,False,>=2000 Hz
220056,an arabiensis,IFA_34_39_1359.wav,300,99.36868686868688,99.34343434343434,False,-42.44424917631699,31,4711.072079758159,False,>=2000 Hz
220072,an arabiensis,IFA_34_40_1360.wav,0,99.87373737373737,99.87373737373737,False,-49.189761650049384,13,955.0184679215481,False,800-2000 Hz
220072,an arabiensis,IFA_34_40_1360.wav,100,100.0,100.0,True,-52.18734995981534,12,1004.9588458152629,False,800-2000 Hz
220072,an arabiensis,IFA_34_40_1360.wav,150,99.87373737373737,99.87373737373737,False,-49.19484552122412,11,979.0284142678163,False,800-2000 Hz
220072,an arabiensis,IFA_34_40_1360.wav,200,99.87373737373737,99.87373737373737,False,-49.19227479894861,10,954.1887019828487,False,800-2000 Hz
220072,an arabiensis,IFA_34_40_1360.wav,300,99.87373737373737,99.87373737373737,False,-49.19484552122412,9,994.9271530483034,False,800-2000 Hz
220073,an arabiensis,IFA_34_40_1360.wav,0,99.24242424242425,99.24242424242425,False,-37.660092134446536,0,44.37407700982649,True,<100 Hz
220073,an arabiensis,IFA_34_40_1360.wav,100,99.92424242424242,99.92424242424242,False,-50.89084314484622,34,5435.453615558967,False,>=2000 Hz
220073,an arabiensis,IFA_34_40_1360.wav,150,99.8989898989899,99.8989898989899,False,-51.32474185300234,34,5490.128899271392,False,>=2000 Hz
220073,an arabiensis,IFA_34_40_1360.wav,200,99.8989898989899,99.8989898989899,False,-51.129265441875056,33,5206.106474135096,False,>=2000 Hz
220073,an arabiensis,IFA_34_40_1360.wav,300,99.94949494949495,99.94949494949495,False,-51.604300458238264,33,5313.3090758650505,False,>=2000 Hz
220071,an arabiensis,IFA_34_40_1360.wav,0,99.77272727272727,99.77272727272727,False,-43.56794936604693,0,44.37407700982649,True,<100 Hz
220071,an arabiensis,IFA_34_40_1360.wav,100,99.8989898989899,99.87373737373737,False,-49.43376428944575,12,1004.9588458152629,False,800-2000 Hz
220071,an arabiensis,IFA_34_40_1360.wav,150,99.94949494949495,99.94949494949495,False,-48.85547337690327,11,979.0284142678163,False,800-2000 Hz
220071,an arabiensis,IFA_34_40_1360.wav,200,99.8989898989899,99.8989898989899,False,-48.921044219329026,10,954.1887019828487,False,800-2000 Hz
220071,an arabiensis,IFA_34_40_1360.wav,300,99.94949494949495,99.94949494949495,False,-48.85547337690327,9,994.9271530483034,False,800-2000 Hz
220046,an arabiensis,IFA_35_10_1370.wav,0,99.16666666666667,99.16666666666667,False,-35.70376653172485,0,44.37407700982649,True,<100 Hz
220046,an arabiensis,IFA_35_10_1370.wav,100,99.44444444444444,99.44444444444444,False,-43.49387921695747,37,6606.055464843051,False,>=2000 Hz
220046,an arabiensis,IFA_35_10_1370.wav,150,99.44444444444444,99.44444444444444,False,-43.62318075280042,37,6638.536735866427,False,>=2000 Hz
220046,an arabiensis,IFA_35_10_1370.wav,200,99.46969696969697,99.46969696969697,False,-43.54078078094215,37,6669.293138350332,False,>=2000 Hz
220046,an arabiensis,IFA_35_10_1370.wav,300,99.46969696969697,99.44444444444444,False,-43.65432241808377,37,6726.324829246307,False,>=2000 Hz
220047,an arabiensis,IFA_35_10_1370.wav,0,100.0,100.0,True,-55.64629940201823,14,1059.9326349904563,False,800-2000 Hz
220047,an arabiensis,IFA_35_10_1370.wav,100,100.0,100.0,True,-55.64300468183241,13,1107.1435959963192,False,800-2000 Hz
220047,an arabiensis,IFA_35_10_1370.wav,150,100.0,100.0,True,-55.64629940201823,12,1077.0295067481677,False,800-2000 Hz
220047,an arabiensis,IFA_35_10_1370.wav,200,100.0,100.0,True,-58.614084330406754,5,554.3806613018434,False,300-800 Hz
220047,an arabiensis,IFA_35_10_1370.wav,300,100.0,100.0,True,-55.63945728182199,10,1086.7596689771533,False,800-2000 Hz
220048,an arabiensis,IFA_35_10_1370.wav,0,99.41919191919192,99.41919191919192,False,-36.71756066012078,37,6535.01859571434,False,>=2000 Hz
220048,an arabiensis,IFA_35_10_1370.wav,100,99.4949494949495,99.4949494949495,False,-37.39511435539065,37,6606.055464843051,False,>=2000 Hz
220048,an arabiensis,IFA_35_10_1370.wav,150,99.52020202020202,99.4949494949495,False,-37.81432580617352,37,6638.536735866427,False,>=2000 Hz
220048,an arabiensis,IFA_35_10_1370.wav,200,99.46969696969697,99.44444444444444,False,-37.7415753470182,36,6272.599048553766,False,>=2000 Hz
220048,an arabiensis,IFA_35_10_1370.wav,300,99.52020202020202,99.4949494949495,False,-37.37095355367191,36,6344.640540634074,False,>=2000 Hz
220053,an arabiensis,IFA_35_11_1371.wav,0,100.0,100.0,True,-53.09796355793492,0,44.37407700982649,True,<100 Hz
220053,an arabiensis,IFA_35_11_1371.wav,100,100.0,100.0,True,-53.59372063383444,33,5088.525017110928,False,>=2000 Hz
220053,an arabiensis,IFA_35_11_1371.wav,150,100.0,100.0,True,-53.662311313817064,33,5148.750552755978,False,>=2000 Hz
220053,an arabiensis,IFA_35_11_1371.wav,200,100.0,100.0,True,-53.82479743340062,32,4888.1767232060765,False,>=2000 Hz
220053,an arabiensis,IFA_35_11_1371.wav,300,100.0,100.0,True,-53.622297436373,32,5004.24831571783,False,>=2000 Hz
220050,an arabiensis,IFA_35_12_1372.wav,0,100.0,100.0,True,-55.18568131871302,0,44.37407700982649,True,<100 Hz
220050,an arabiensis,IFA_35_12_1372.wav,100,100.0,100.0,True,-60.8787018393629,31,4452.409703131681,False,>=2000 Hz
220050,an arabiensis,IFA_35_12_1372.wav,150,100.0,100.0,True,-60.37320651190803,12,1077.0295067481677,False,800-2000 Hz
220050,an arabiensis,IFA_35_12_1372.wav,200,100.0,100.0,True,-61.230347797052794,30,4302.739070598876,False,>=2000 Hz
220050,an arabiensis,IFA_35_12_1372.wav,300,100.0,100.0,True,-60.33227689644033,10,1086.7596689771533,False,800-2000 Hz
220065,an arabiensis,IFA_35_13_1373.wav,0,99.19191919191918,99.11616161616162,False,-43.66717756203257,13,955.0184679215481,False,800-2000 Hz
220065,an arabiensis,IFA_35_13_1373.wav,100,99.26767676767678,99.24242424242425,False,-46.01470050439703,12,1004.9588458152629,False,800-2000 Hz
220065,an arabiensis,IFA_35_13_1373.wav,150,99.19191919191918,99.11616161616162,False,-43.95798646990343,11,979.0284142678163,False,800-2000 Hz
220065,an arabiensis,IFA_35_13_1373.wav,200,99.21717171717171,99.16666666666667,False,-43.79693113733657,10,954.1887019828487,False,800-2000 Hz
220065,an arabiensis,IFA_35_13_1373.wav,300,99.19191919191918,99.11616161616162,False,-43.95798646990343,9,994.9271530483034,False,800-2000 Hz
220064,an arabiensis,IFA_35_15_1375.wav,0,99.82323232323232,99.82323232323232,False,-47.655888089360445,0,44.37407700982649,True,<100 Hz
220064,an arabiensis,IFA_35_15_1375.wav,100,100.0,100.0,True,-57.660249259627065,34,5435.453615558967,False,>=2000 Hz
220064,an arabiensis,IFA_35_15_1375.wav,150,100.0,100.0,True,-57.7970723586348,34,5490.128899271392,False,>=2000 Hz
220064,an arabiensis,IFA_35_15_1375.wav,200,100.0,100.0,True,-57.870943679706045,34,5542.124294130725,False,>=2000 Hz
220064,an arabiensis,IFA_35_15_1375.wav,300,100.0,100.0,True,-58.05626171076852,31,4711.072079758159,False,>=2000 Hz
220108,an arabiensis,IFA_35_16_1376.wav,0,99.16666666666667,99.06565656565657,False,-40.62283939403145,0,44.37407700982649,True,<100 Hz
220108,an arabiensis,IFA_35_16_1376.wav,100,99.4949494949495,99.4949494949495,False,-47.0942993384447,11,908.5521219032305,False,800-2000 Hz
220108,an arabiensis,IFA_35_16_1376.wav,150,99.41919191919192,99.41919191919192,False,-45.90418657001386,11,979.0284142678163,False,800-2000 Hz
220108,an arabiensis,IFA_35_16_1376.wav,200,99.44444444444444,99.39393939393939,False,-45.62413323633869,10,954.1887019828487,False,800-2000 Hz
220108,an arabiensis,IFA_35_16_1376.wav,300,99.41919191919192,99.41919191919192,False,-45.90418657001386,9,994.9271530483034,False,800-2000 Hz
220080,an arabiensis,IFA_35_19_1379.wav,0,97.67676767676767,97.57575757575758,False,-34.4447057347609,0,44.37407700982649,True,<100 Hz
220080,an arabiensis,IFA_35_19_1379.wav,100,98.7121212121212,98.66161616161617,False,-39.515578246799194,38,7043.93550770528,False,>=2000 Hz
220080,an arabiensis,IFA_35_19_1379.wav,150,98.7121212121212,98.68686868686869,False,-39.515578246799194,38,7066.870533681113,False,>=2000 Hz
220080,an arabiensis,IFA_35_19_1379.wav,200,98.76262626262627,98.73737373737373,False,-39.515578246799194,36,6272.599048553766,False,>=2000 Hz
220080,an arabiensis,IFA_35_19_1379.wav,300,98.83838383838383,98.81313131313131,False,-39.7828677801175,38,7128.689079502165,False,>=2000 Hz
220079,an arabiensis,IFA_35_19_1379.wav,0,99.34343434343434,99.34343434343434,False,-37.22370752785988,0,44.37407700982649,True,<100 Hz
220079,an arabiensis,IFA_35_19_1379.wav,100,99.94949494949495,99.94949494949495,False,-49.758768443081,34,5435.453615558967,False,>=2000 Hz
220079,an arabiensis,IFA_35_19_1379.wav,150,99.92424242424242,99.92424242424242,False,-50.14298914241884,34,5490.128899271392,False,>=2000 Hz
220079,an arabiensis,IFA_35_19_1379.wav,200,99.92424242424242,99.92424242424242,False,-50.552760917205184,34,5542.124294130725,False,>=2000 Hz
220079,an arabiensis,IFA_35_19_1379.wav,300,99.92424242424242,99.8989898989899,False,-51.256175113851654,34,5639.114996491976,False,>=2000 Hz
220088,an arabiensis,IFA_35_22_1382.wav,0,98.98989898989899,98.93939393939394,False,-35.28598829565339,0,44.37407700982649,True,<100 Hz
220088,an arabiensis,IFA_35_22_1382.wav,100,100.0,100.0,True,-55.85659636481669,30,4161.067222372874,False,>=2000 Hz
220088,an arabiensis,IFA_35_22_1382.wav,150,100.0,100.0,True,-55.84251209091923,30,4233.479401186071,False,>=2000 Hz
220088,an arabiensis,IFA_35_22_1382.wav,200,100.0,100.0,True,-55.82197958543978,30,4302.739070598876,False,>=2000 Hz
220088,an arabiensis,IFA_35_22_1382.wav,300,100.0,100.0,True,-56.73799744317332,29,4169.149528643879,False,>=2000 Hz
220087,an arabiensis,IFA_35_22_1382.wav,0,99.57070707070706,99.54545454545455,False,-38.59818461373109,0,44.37407700982649,True,<100 Hz
220087,an arabiensis,IFA_35_22_1382.wav,100,100.0,100.0,True,-52.49164012348586,11,908.5521219032305,False,800-2000 Hz
220087,an arabiensis,IFA_35_22_1382.wav,150,100.0,100.0,True,-52.11049704391377,10,886.4319670625546,False,800-2000 Hz
220087,an arabiensis,IFA_35_22_1382.wav,200,99.97474747474747,99.97474747474747,False,-51.8362760315965,9,865.1425927882087,False,800-2000 Hz
220087,an arabiensis,IFA_35_22_1382.wav,300,100.0,100.0,True,-52.11049704391377,8,907.814472208775,False,800-2000 Hz
220086,an arabiensis,IFA_35_22_1382.wav,0,97.77777777777777,97.75252525252526,False,-32.651305643168456,0,44.37407700982649,True,<100 Hz
220086,an arabiensis,IFA_35_22_1382.wav,100,98.98989898989899,98.93939393939394,False,-32.844083718458684,35,5803.174981087622,False,>=2000 Hz
220086,an arabiensis,IFA_35_22_1382.wav,150,98.98989898989899,98.98989898989899,False,-33.00083368419991,35,5851.432728061765,False,>=2000 Hz
220086,an arabiensis,IFA_35_22_1382.wav,200,98.98989898989899,98.98989898989899,False,-33.538598020230346,35,5897.259272926163,False,>=2000 Hz
220086,an arabiensis,IFA_35_22_1382.wav,300,98.98989898989899,98.96464646464646,False,-33.53836117081589,34,5639.114996491976,False,>=2000 Hz
220077,an arabiensis,IFA_35_23_1383.wav,0,100.0,100.0,True,-52.62138020131958,0,44.37407700982649,True,<100 Hz
220077,an arabiensis,IFA_35_23_1383.wav,100,100.0,100.0,True,-58.20895507866492,30,4161.067222372874,False,>=2000 Hz
220077,an arabiensis,IFA_35_23_1383.wav,150,100.0,100.0,True,-59.41924630361928,30,4233.479401186071,False,>=2000 Hz
220077,an arabiensis,IFA_35_23_1383.wav,200,100.0,100.0,True,-59.643761466865406,29,4033.4382048519074,False,>=2000 Hz
220077,an arabiensis,IFA_35_23_1383.wav,300,100.0,100.0,True,-58.20895507866492,29,4169.149528643879,False,>=2000 Hz
220100,an arabiensis,IFA_35_29_1389.wav,0,100.0,100.0,True,-55.261272020283194,0,44.37407700982649,True,<100 Hz
220100,an arabiensis,IFA_35_29_1389.wav,100,100.0,100.0,True,-58.939616041933846,23,2534.299911099232,False,>=2000 Hz
220100,an arabiensis,IFA_35_29_1389.wav,150,100.0,100.0,True,-58.40739972036678,16,1529.6721664501665,False,800-2000 Hz
220100,an arabiensis,IFA_35_29_1389.wav,200,100.0,100.0,True,-59.54299829331436,22,2513.3551754706027,False,>=2000 Hz
220100,an arabiensis,IFA_35_29_1389.wav,300,100.0,100.0,True,-58.40739972036678,14,1506.6149479788903,False,800-2000 Hz
220101,an arabiensis,IFA_35_29_1389.wav,0,99.84848484848486,99.82323232323232,False,-48.34004174726048,0,44.37407700982649,True,<100 Hz
220101,an arabiensis,IFA_35_29_1389.wav,100,100.0,100.0,True,-54.4241122519598,20,2016.0890276353948,False,>=2000 Hz
220101,an arabiensis,IFA_35_29_1389.wav,150,100.0,100.0,True,-56.956689884374406,19,1943.326394117477,False,800-2000 Hz
220101,an arabiensis,IFA_35_29_1389.wav,200,100.0,100.0,True,-54.50899910117579,19,2021.8570397331082,False,>=2000 Hz
220101,an arabiensis,IFA_35_29_1389.wav,300,100.0,100.0,True,-54.50899910117579,18,2025.1284060106793,False,>=2000 Hz
220102,an arabiensis,IFA_35_29_1389.wav,0,99.29292929292929,99.26767676767678,False,-38.37889703215206,11,763.5799242943094,False,300-800 Hz
220102,an arabiensis,IFA_35_29_1389.wav,100,99.4949494949495,99.4949494949495,False,-38.460263169896315,10,817.5967063546011,False,800-2000 Hz
220102,an arabiensis,IFA_35_29_1389.wav,150,99.46969696969697,99.46969696969697,False,-37.73075569558648,9,798.9421052862099,False,300-800 Hz
220102,an arabiensis,IFA_35_29_1389.wav,200,99.41919191919192,99.39393939393939,False,-38.86725763722448,8,780.8898965537708,False,300-800 Hz
220102,an arabiensis,IFA_35_29_1389.wav,300,99.4949494949495,99.4949494949495,False,-38.460263169896315,7,825.1790452437867,False,800-2000 Hz
220081,culex pipiens complex,IFA_35_31_1391.wav,0,98.48484848484848,98.45959595959596,False,-36.96887213917976,0,44.37407700982649,True,<100 Hz
220081,culex pipiens complex,IFA_35_31_1391.wav,100,99.06565656565657,99.06565656565657,False,-37.77778135248639,27,3382.2099706881345,False,>=2000 Hz
220081,culex pipiens complex,IFA_35_31_1391.wav,150,99.01515151515152,99.01515151515152,False,-37.16477631115336,26,3231.9405779727977,False,>=2000 Hz
220081,culex pipiens complex,IFA_35_31_1391.wav,200,99.01515151515152,99.01515151515152,False,-37.18222613899324,26,3309.436055611549,False,>=2000 Hz
220081,culex pipiens complex,IFA_35_31_1391.wav,300,99.01515151515152,99.01515151515152,False,-37.030134547008366,25,3242.6905940108,False,>=2000 Hz
220112,culex pipiens complex,IFA_35_32_1392.wav,0,98.91414141414141,98.91414141414141,False,-38.6955088270936,0,44.37407700982649,True,<100 Hz
220112,culex pipiens complex,IFA_35_32_1392.wav,100,99.69696969696969,99.67171717171716,False,-42.67750244232089,35,5803.174981087622,False,>=2000 Hz
220112,culex pipiens complex,IFA_35_32_1392.wav,150,99.62121212121212,99.62121212121212,False,-42.722952847853406,35,5851.432728061765,False,>=2000 Hz
220112,culex pipiens complex,IFA_35_32_1392.wav,200,99.62121212121212,99.62121212121212,False,-43.141968094762724,34,5542.124294130725,False,>=2000 Hz
220112,culex pipiens complex,IFA_35_32_1392.wav,300,99.69696969696969,99.64646464646465,False,-43.27586563751932,34,5639.114996491976,False,>=2000 Hz
220113,culex pipiens complex,IFA_35_32_1392.wav,0,100.0,100.0,True,-54.01230579413975,18,1550.4472926509604,False,800-2000 Hz
220113,culex pipiens complex,IFA_35_32_1392.wav,100,100.0,100.0,True,-52.899543314472545,17,1580.907710730555,False,800-2000 Hz
220113,culex pipiens complex,IFA_35_32_1392.wav,150,100.0,100.0,True,-53.63360001405475,16,1529.6721664501665,False,800-2000 Hz
220113,culex pipiens complex,IFA_35_32_1392.wav,200,100.0,100.0,True,-52.899543314472545,16,1605.5359087903153,False,800-2000 Hz
220113,culex pipiens complex,IFA_35_32_1392.wav,300,100.0,100.0,True,-54.000264847934034,14,1506.6149479788903,False,800-2000 Hz
220097,culex pipiens complex,IFA_35_33_1393.wav,0,100.0,100.0,True,-54.37121024212233,19,1693.1066090376025,False,800-2000 Hz
220097,culex pipiens complex,IFA_35_33_1393.wav,100,100.0,100.0,True,-55.07344986959175,18,1717.6112946200515,False,800-2000 Hz
220097,culex pipiens complex,IFA_35_33_1393.wav,150,100.0,100.0,True,-52.26005089590642,18,1797.5500446410404,False,800-2000 Hz
220097,culex pipiens complex,IFA_35_33_1393.wav,200,100.0,100.0,True,-53.91473105059905,17,1736.7054285722647,False,800-2000 Hz
220097,culex pipiens complex,IFA_35_33_1393.wav,300,100.0,100.0,True,-52.28965904385883,16,1752.2049416525224,False,800-2000 Hz
220096,culex pipiens complex,IFA_35_33_1393.wav,0,99.97474747474747,99.97474747474747,False,-51.81826360817147,19,1693.1066090376025,False,800-2000 Hz
220096,culex pipiens complex,IFA_35_33_1393.wav,100,99.97474747474747,99.97474747474747,False,-51.83770356548027,18,1717.6112946200515,False,800-2000 Hz
220096,culex pipiens complex,IFA_35_33_1393.wav,150,100.0,100.0,True,-52.67045457710415,18,1797.5500446410404,False,800-2000 Hz
220096,culex pipiens complex,IFA_35_33_1393.wav,200,99.97474747474747,99.97474747474747,False,-51.81990846232289,17,1736.7054285722647,False,800-2000 Hz
220096,culex pipiens complex,IFA_35_33_1393.wav,300,100.0,100.0,True,-52.845366731264065,16,1752.2049416525224,False,800-2000 Hz
220109,culex pipiens complex,IFA_35_34_1394.wav,0,99.31818181818181,99.31818181818181,False,-36.42100779585207,0,44.37407700982649,True,<100 Hz
220109,culex pipiens complex,IFA_35_34_1394.wav,100,99.8989898989899,99.8989898989899,False,-43.958842807045954,10,817.5967063546011,False,800-2000 Hz
220109,culex pipiens complex,IFA_35_34_1394.wav,150,99.8989898989899,99.8989898989899,False,-45.27413121891036,10,886.4319670625546,False,800-2000 Hz
220109,culex pipiens complex,IFA_35_34_1394.wav,200,99.8989898989899,99.8989898989899,False,-43.5540245138357,9,865.1425927882087,False,800-2000 Hz
220109,culex pipiens complex,IFA_35_34_1394.wav,300,99.8989898989899,99.8989898989899,False,-43.958842807045954,7,825.1790452437867,False,800-2000 Hz
220110,culex pipiens complex,IFA_35_34_1394.wav,0,100.0,100.0,True,-55.06715624287268,31,4303.575413833522,False,>=2000 Hz
220110,culex pipiens complex,IFA_35_34_1394.wav,100,100.0,100.0,True,-58.795458895286,31,4452.409703131681,False,>=2000 Hz
220110,culex pipiens complex,IFA_35_34_1394.wav,150,100.0,100.0,True,-59.51177305801895,30,4233.479401186071,False,>=2000 Hz
220110,culex pipiens complex,IFA_35_34_1394.wav,200,100.0,100.0,True,-59.69722327738302,30,4302.739070598876,False,>=2000 Hz
220110,culex pipiens complex,IFA_35_34_1394.wav,300,100.0,100.0,True,-58.85436982864122,30,4432.9639650607805,False,>=2000 Hz
220078,culex pipiens complex,IFA_35_35_1395.wav,0,99.57070707070706,99.57070707070706,False,-47.03444551637765,0,44.37407700982649,True,<100 Hz
220078,culex pipiens complex,IFA_35_35_1395.wav,100,99.72222222222223,99.72222222222223,False,-48.14963976711992,27,3382.2099706881345,False,>=2000 Hz
220078,culex pipiens complex,IFA_35_35_1395.wav,150,99.74747474747475,99.72222222222223,False,-48.3133899700031,27,3461.439059913137,False,>=2000 Hz
220078,culex pipiens complex,IFA_35_35_1395.wav,200,99.77272727272727,99.74747474747475,False,-48.21051547887158,26,3309.436055611549,False,>=2000 Hz
220078,culex pipiens complex,IFA_35_35_1395.wav,300,99.74747474747475,99.74747474747475,False,-48.24879006734817,26,3456.308740446091,False,>=2000 Hz
220092,culex pipiens complex,IFA_35_38_1398.wav,0,99.26767676767678,99.16666666666667,False,-37.34801709769069,0,44.37407700982649,True,<100 Hz
220092,culex pipiens complex,IFA_35_38_1398.wav,100,99.64646464646465,99.62121212121212,False,-46.92004036294931,17,1580.907710730555,False,800-2000 Hz
220092,culex pipiens complex,IFA_35_38_1398.wav,150,99.69696969696969,99.69696969696969,False,-46.72760346923656,17,1659.8130898129411,False,800-2000 Hz
220092,culex pipiens complex,IFA_35_38_1398.wav,200,99.67171717171716,99.64646464646465,False,-46.82771927823999,16,1605.5359087903153,False,800-2000 Hz
220092,culex pipiens complex,IFA_35_38_1398.wav,300,99.69696969696969,99.69696969696969,False,-46.60552084313896,15,1626.1711200507493,False,800-2000 Hz
220093,culex pipiens complex,IFA_35_38_1398.wav,0,99.94949494949495,99.92424242424242,False,-47.99626033660131,0,44.37407700982649,True,<100 Hz
220093,culex pipiens complex,IFA_35_38_1398.wav,100,100.0,100.0,True,-55.574290884911264,17,1580.907710730555,False,800-2000 Hz
220093,culex pipiens complex,IFA_35_38_1398.wav,150,100.0,100.0,True,-54.525606948924704,16,1529.6721664501665,False,800-2000 Hz
220093,culex pipiens complex,IFA_35_38_1398.wav,200,100.0,100.0,True,-55.574290884911264,16,1605.5359087903153,False,800-2000 Hz
220093,culex pipiens complex,IFA_35_38_1398.wav,300,100.0,100.0,True,-54.525606948924704,14,1506.6149479788903,False,800-2000 Hz
220085,culex pipiens complex,IFA_35_40_1400.wav,0,99.94949494949495,99.92424242424242,False,-47.64925739974097,0,44.37407700982649,True,<100 Hz
220085,culex pipiens complex,IFA_35_40_1400.wav,100,100.0,100.0,True,-60.59309906327527,22,2351.4167527500604,False,>=2000 Hz
220085,culex pipiens complex,IFA_35_40_1400.wav,150,100.0,100.0,True,-59.553504614719316,21,2260.90163072702,False,>=2000 Hz
220085,culex pipiens complex,IFA_35_40_1400.wav,200,100.0,100.0,True,-59.89278369492891,21,2340.3780686307796,False,>=2000 Hz
220085,culex pipiens complex,IFA_35_40_1400.wav,300,100.0,100.0,True,-60.229623024190474,20,2328.427478920975,False,>=2000 Hz
220084,culex pipiens complex,IFA_35_40_1400.wav,0,100.0,100.0,True,-54.50310353052519,13,955.0184679215481,False,800-2000 Hz
220084,culex pipiens complex,IFA_35_40_1400.wav,100,100.0,100.0,True,-55.87080107032761,11,908.5521219032305,False,800-2000 Hz
220084,culex pipiens complex,IFA_35_40_1400.wav,150,100.0,100.0,True,-55.876235912508236,11,979.0284142678163,False,800-2000 Hz
220084,culex pipiens complex,IFA_35_40_1400.wav,200,100.0,100.0,True,-55.91056361935756,10,954.1887019828487,False,800-2000 Hz
220084,culex pipiens complex,IFA_35_40_1400.wav,300,100.0,100.0,True,-55.88874997055676,20,2328.427478920975,False,>=2000 Hz
220197,an funestus ss,IFA_36_10_1410.wav,0,100.0,100.0,True,-53.22304063856309,0,44.37407700982649,True,<100 Hz
220197,an funestus ss,IFA_36_10_1410.wav,100,100.0,100.0,True,-65.30715046082763,38,7043.93550770528,False,>=2000 Hz
220197,an funestus ss,IFA_36_10_1410.wav,150,100.0,100.0,True,-65.96327680047318,38,7066.870533681113,False,>=2000 Hz
220197,an funestus ss,IFA_36_10_1410.wav,200,100.0,100.0,True,-65.29434407982394,38,7088.556459474228,False,>=2000 Hz
220197,an funestus ss,IFA_36_10_1410.wav,300,100.0,100.0,True,-66.213152761258,38,7128.689079502165,False,>=2000 Hz
220196,an funestus ss,IFA_36_10_1410.wav,0,100.0,100.0,True,-55.821224987876555,0,44.37407700982649,True,<100 Hz
220196,an funestus ss,IFA_36_10_1410.wav,100,100.0,100.0,True,-55.57769026158887,37,6606.055464843051,False,>=2000 Hz
220196,an funestus ss,IFA_36_10_1410.wav,150,100.0,100.0,True,-55.36847034724815,37,6638.536735866427,False,>=2000 Hz
220196,an funestus ss,IFA_36_10_1410.wav,200,100.0,100.0,True,-55.5114584013608,36,6272.599048553766,False,>=2000 Hz
220196,an funestus ss,IFA_36_10_1410.wav,300,100.0,100.0,True,-56.40937328977844,37,6726.324829246307,False,>=2000 Hz
220134,an funestus ss,IFA_36_11_1411.wav,0,100.0,100.0,True,-52.43977469424728,13,955.0184679215481,False,800-2000 Hz
220134,an funestus ss,IFA_36_11_1411.wav,100,99.97474747474747,99.97474747474747,False,-49.959257186122,11,908.5521219032305,False,800-2000 Hz
220134,an funestus ss,IFA_36_11_1411.wav,150,99.97474747474747,99.97474747474747,False,-50.028501059078884,10,886.4319670625546,False,800-2000 Hz
220134,an funestus ss,IFA_36_11_1411.wav,200,100.0,100.0,True,-52.4905899143409,10,954.1887019828487,False,800-2000 Hz
220134,an funestus ss,IFA_36_11_1411.wav,300,99.97474747474747,99.97474747474747,False,-50.13141730425985,8,907.814472208775,False,800-2000 Hz
220191,an funestus ss,IFA_36_12_1412.wav,0,98.7121212121212,98.66161616161617,False,-46.7640927768202,0,44.37407700982649,True,<100 Hz
220191,an funestus ss,IFA_36_12_1412.wav,100,99.69696969696969,99.69696969696969,False,-49.47040356833726,36,6192.935304310192,False,>=2000 Hz
220191,an funestus ss,IFA_36_12_1412.wav,150,99.69696969696969,99.69696969696969,False,-49.47948755441082,36,6233.825044478617,False,>=2000 Hz
220191,an funestus ss,IFA_36_12_1412.wav,200,99.67171717171716,99.67171717171716,False,-49.4843727218661,36,6272.599048553766,False,>=2000 Hz
220191,an funestus ss,IFA_36_12_1412.wav,300,99.69696969696969,99.67171717171716,False,-49.93696957266907,36,6344.640540634074,False,>=2000 Hz
220158,culex pipiens complex,IFA_36_14_1414.wav,0,98.43434343434343,98.4090909090909,False,-36.555128874423644,0,44.37407700982649,True,<100 Hz
220158,culex pipiens complex,IFA_36_14_1414.wav,100,99.34343434343434,99.34343434343434,False,-46.48816889175701,34,5435.453615558967,False,>=2000 Hz
220158,culex pipiens complex,IFA_36_14_1414.wav,150,99.34343434343434,99.34343434343434,False,-46.48816889175701,34,5490.128899271392,False,>=2000 Hz
220158,culex pipiens complex,IFA_36_14_1414.wav,200,99.34343434343434,99.34343434343434,False,-46.48816889175701,34,5542.124294130725,False,>=2000 Hz
220158,culex pipiens complex,IFA_36_14_1414.wav,300,99.29292929292929,99.29292929292929,False,-46.81032425286831,34,5639.114996491976,False,>=2000 Hz
220159,culex pipiens complex,IFA_36_14_1414.wav,0,99.74747474747475,99.74747474747475,False,-45.87797220996707,0,44.37407700982649,True,<100 Hz
220159,culex pipiens complex,IFA_36_14_1414.wav,100,99.79797979797979,99.79797979797979,False,-48.105292003317075,34,5435.453615558967,False,>=2000 Hz
220159,culex pipiens complex,IFA_36_14_1414.wav,150,99.79797979797979,99.79797979797979,False,-48.81768842532085,34,5490.128899271392,False,>=2000 Hz
220159,culex pipiens complex,IFA_36_14_1414.wav,200,99.82323232323232,99.79797979797979,False,-49.12002727238863,33,5206.106474135096,False,>=2000 Hz
220159,culex pipiens complex,IFA_36_14_1414.wav,300,99.8989898989899,99.8989898989899,False,-48.30981981463437,33,5313.3090758650505,False,>=2000 Hz
220157,culex pipiens complex,IFA_36_14_1414.wav,0,99.79797979797979,99.79797979797979,False,-40.49536084159148,0,44.37407700982649,True,<100 Hz
220157,culex pipiens complex,IFA_36_14_1414.wav,100,100.0,100.0,True,-52.21834124169243,34,5435.453615558967,False,>=2000 Hz
220157,culex pipiens complex,IFA_36_14_1414.wav,150,100.0,100.0,True,-52.53358951043502,13,1180.7507014291307,False,800-2000 Hz
220157,culex pipiens complex,IFA_36_14_1414.wav,200,100.0,100.0,True,-52.24713484133944,12,1147.767526900907,False,800-2000 Hz
220157,culex pipiens complex,IFA_36_14_1414.wav,300,100.0,100.0,True,-52.21825205876372,10,1086.7596689771533,False,800-2000 Hz
220138,an arabiensis,IFA_36_16_1416.wav,0,99.41919191919192,99.41919191919192,False,-38.44307247112104,0,44.37407700982649,True,<100 Hz
220138,an arabiensis,IFA_36_16_1416.wav,100,99.69696969696969,99.69696969696969,False,-46.61095733302197,13,1107.1435959963192,False,800-2000 Hz
220138,an arabiensis,IFA_36_16_1416.wav,150,99.67171717171716,99.67171717171716,False,-46.748677683390945,12,1077.0295067481677,False,800-2000 Hz
220138,an arabiensis,IFA_36_16_1416.wav,200,99.77272727272727,99.77272727272727,False,-47.119759288397,11,1048.3009371645,False,800-2000 Hz
220138,an arabiensis,IFA_36_16_1416.wav,300,99.64646464646465,99.64646464646465,False,-47.05702355642935,10,1086.7596689771533,False,800-2000 Hz
220155,an funestus ss,IFA_36_18_1418.wav,0,99.62121212121212,99.62121212121212,False,-43.96197154962134,0,44.37407700982649,True,<100 Hz
220155,an funestus ss,IFA_36_18_1418.wav,100,100.0,100.0,True,-57.24723132238272,35,5803.174981087622,False,>=2000 Hz
220155,an funestus ss,IFA_36_18_1418.wav,150,100.0,100.0,True,-57.24723132238272,35,5851.432728061765,False,>=2000 Hz
220155,an funestus ss,IFA_36_18_1418.wav,200,100.0,100.0,True,-57.57245886998079,35,5897.259272926163,False,>=2000 Hz
220155,an funestus ss,IFA_36_18_1418.wav,300,100.0,100.0,True,-57.75943555353404,35,5982.573343857049,False,>=2000 Hz
220175,an funestus ss,IFA_36_19_1419.wav,0,99.77272727272727,99.77272727272727,False,-44.41040579646868,0,44.37407700982649,True,<100 Hz
220175,an funestus ss,IFA_36_19_1419.wav,100,100.0,100.0,True,-57.5840878244385,27,3382.2099706881345,False,>=2000 Hz
220175,an funestus ss,IFA_36_19_1419.wav,150,100.0,100.0,True,-57.633308899654104,27,3461.439059913137,False,>=2000 Hz
220175,an funestus ss,IFA_36_19_1419.wav,200,100.0,100.0,True,-57.5840878244385,17,1736.7054285722647,False,800-2000 Hz
220175,an funestus ss,IFA_36_19_1419.wav,300,100.0,100.0,True,-57.5840878244385,26,3456.308740446091,False,>=2000 Hz
220174,an funestus ss,IFA_36_19_1419.wav,0,99.57070707070706,99.57070707070706,False,-40.55723224430643,0,44.37407700982649,True,<100 Hz
220174,an funestus ss,IFA_36_19_1419.wav,100,100.0,100.0,True,-61.08352937223742,34,5435.453615558967,False,>=2000 Hz
220174,an funestus ss,IFA_36_19_1419.wav,150,100.0,100.0,True,-61.782496239287596,34,5490.128899271392,False,>=2000 Hz
220174,an funestus ss,IFA_36_19_1419.wav,200,100.0,100.0,True,-61.08352937223742,34,5542.124294130725,False,>=2000 Hz
220174,an funestus ss,IFA_36_19_1419.wav,300,100.0,100.0,True,-61.08352937223742,34,5639.114996491976,False,>=2000 Hz
220181,an arabiensis,IFA_36_21_1421.wav,0,99.39393939393939,99.39393939393939,False,-39.33223595256283,0,44.37407700982649,True,<100 Hz
220181,an arabiensis,IFA_36_21_1421.wav,100,99.69696969696969,99.69696969696969,False,-38.652559444603526,37,6606.055464843051,False,>=2000 Hz
220181,an arabiensis,IFA_36_21_1421.wav,150,99.64646464646465,99.64646464646465,False,-38.808276171954404,37,6638.536735866427,False,>=2000 Hz
220181,an arabiensis,IFA_36_21_1421.wav,200,99.64646464646465,99.64646464646465,False,-38.683471724902766,37,6669.293138350332,False,>=2000 Hz
220181,an arabiensis,IFA_36_21_1421.wav,300,99.64646464646465,99.64646464646465,False,-38.66731097998919,37,6726.324829246307,False,>=2000 Hz
220162,an funestus ss,IFA_36_22_1422.wav,0,99.92424242424242,99.92424242424242,False,-48.76539893134664,0,44.37407700982649,True,<100 Hz
220162,an funestus ss,IFA_36_22_1422.wav,100,100.0,100.0,True,-55.39476954918872,15,1330.2531276925415,False,800-2000 Hz
220162,an funestus ss,IFA_36_22_1422.wav,150,100.0,100.0,True,-56.02292033848456,14,1290.525867743762,False,800-2000 Hz
220162,an funestus ss,IFA_36_22_1422.wav,200,100.0,100.0,True,-56.53032593919712,34,5542.124294130725,False,>=2000 Hz
220162,an funestus ss,IFA_36_22_1422.wav,300,100.0,100.0,True,-55.92897112006467,12,1285.6209592998355,False,800-2000 Hz
220161,an funestus ss,IFA_36_22_1422.wav,0,99.0909090909091,99.0909090909091,False,-38.926449440110105,0,44.37407700982649,True,<100 Hz
220161,an funestus ss,IFA_36_22_1422.wav,100,99.31818181818181,99.26767676767678,False,-38.38776378978692,34,5435.453615558967,False,>=2000 Hz
220161,an funestus ss,IFA_36_22_1422.wav,150,99.24242424242425,99.21717171717171,False,-38.720497041427876,34,5490.128899271392,False,>=2000 Hz
220161,an funestus ss,IFA_36_22_1422.wav,200,99.29292929292929,99.29292929292929,False,-39.169678035814044,34,5542.124294130725,False,>=2000 Hz
220161,an funestus ss,IFA_36_22_1422.wav,300,99.26767676767678,99.24242424242425,False,-39.5260058905526,33,5313.3090758650505,False,>=2000 Hz
220160,an funestus ss,IFA_36_22_1422.wav,0,99.36868686868688,99.34343434343434,False,-40.12262661555744,0,44.37407700982649,True,<100 Hz
220160,an funestus ss,IFA_36_22_1422.wav,100,99.52020202020202,99.4949494949495,False,-49.76456057355021,8,650.8242552547106,False,300-800 Hz
220160,an funestus ss,IFA_36_22_1422.wav,150,99.52020202020202,99.46969696969697,False,-49.680778047731884,7,638.1711803725744,False,300-800 Hz
220160,an funestus ss,IFA_36_22_1422.wav,200,99.46969696969697,99.46969696969697,False,-49.70878954935543,6,625.7465022498844,False,300-800 Hz
220160,an funestus ss,IFA_36_22_1422.wav,300,99.54545454545455,99.4949494949495,False,-49.933573551505475,5,672.4313259523644,False,300-800 Hz
220192,an arabiensis,IFA_36_23_1423.wav,0,99.16666666666667,99.14141414141415,False,-33.131850858260265,0,44.37407700982649,True,<100 Hz
220192,an arabiensis,IFA_36_23_1423.wav,100,99.69696969696969,99.69696969696969,False,-42.24306944853059,11,908.5521219032305,False,800-2000 Hz
220192,an arabiensis,IFA_36_23_1423.wav,150,99.69696969696969,99.67171717171716,False,-42.59421774788332,11,979.0284142678163,False,800-2000 Hz
220192,an arabiensis,IFA_36_23_1423.wav,200,99.62121212121212,99.62121212121212,False,-42.60940055514751,10,954.1887019828487,False,800-2000 Hz
220192,an arabiensis,IFA_36_23_1423.wav,300,99.67171717171716,99.64646464646465,False,-42.36875920230943,9,994.9271530483034,False,800-2000 Hz
220193,an funestus ss,IFA_36_24_1424.wav,0,100.0,100.0,True,-54.82601170897943,28,3461.0300188671977,False,>=2000 Hz
220193,an funestus ss,IFA_36_24_1424.wav,100,100.0,100.0,True,-57.9700866799691,27,3382.2099706881345,False,>=2000 Hz
220193,an funestus ss,IFA_36_24_1424.wav,150,100.0,100.0,True,-56.89366240140422,27,3461.439059913137,False,>=2000 Hz
220193,an funestus ss,IFA_36_24_1424.wav,200,100.0,100.0,True,-56.634408543144374,27,3537.5460581518873,False,>=2000 Hz
220193,an funestus ss,IFA_36_24_1424.wav,300,100.0,100.0,True,-58.01323687461633,26,3456.308740446091,False,>=2000 Hz
220163,an funestus ss,IFA_36_25_1425.wav,0,99.39393939393939,99.36868686868688,False,-44.61503169466969,13,955.0184679215481,False,800-2000 Hz
220163,an funestus ss,IFA_36_25_1425.wav,100,99.46969696969697,99.46969696969697,False,-44.275008234660554,11,908.5521219032305,False,800-2000 Hz
220163,an funestus ss,IFA_36_25_1425.wav,150,99.54545454545455,99.54545454545455,False,-44.368051066210334,10,886.4319670625546,False,800-2000 Hz
220163,an funestus ss,IFA_36_25_1425.wav,200,99.52020202020202,99.52020202020202,False,-44.61661377781674,10,954.1887019828487,False,800-2000 Hz
220163,an funestus ss,IFA_36_25_1425.wav,300,99.54545454545455,99.52020202020202,False,-44.39463187866856,8,907.814472208775,False,800-2000 Hz
220127,an arabiensis,IFA_36_26_1426.wav,0,99.87373737373737,99.87373737373737,False,-41.18367291168027,0,44.37407700982649,True,<100 Hz
220127,an arabiensis,IFA_36_26_1426.wav,100,100.0,100.0,True,-54.745613777399996,37,6606.055464843051,False,>=2000 Hz
220127,an arabiensis,IFA_36_26_1426.wav,150,100.0,100.0,True,-55.10864932864589,37,6638.536735866427,False,>=2000 Hz
220127,an arabiensis,IFA_36_26_1426.wav,200,100.0,100.0,True,-55.36331931556038,37,6669.293138350332,False,>=2000 Hz
220127,an arabiensis,IFA_36_26_1426.wav,300,100.0,100.0,True,-55.37902475826656,36,6344.640540634074,False,>=2000 Hz
220171,an arabiensis,IFA_36_27_1427.wav,0,100.0,100.0,True,-52.413134718731584,0,44.37407700982649,True,<100 Hz
220171,an arabiensis,IFA_36_27_1427.wav,100,100.0,100.0,True,-56.37616884607671,13,1107.1435959963192,False,800-2000 Hz
220171,an arabiensis,IFA_36_27_1427.wav,150,100.0,100.0,True,-56.3391800575928,12,1077.0295067481677,False,800-2000 Hz
220171,an arabiensis,IFA_36_27_1427.wav,200,100.0,100.0,True,-56.36758831130889,16,1605.5359087903153,False,800-2000 Hz
220171,an arabiensis,IFA_36_27_1427.wav,300,100.0,100.0,True,-56.289624205212775,10,1086.7596689771533,False,800-2000 Hz
220140,an funestus ss,IFA_36_28_1428.wav,0,99.94949494949495,99.94949494949495,False,-51.180325901580304,0,44.37407700982649,True,<100 Hz
220140,an funestus ss,IFA_36_28_1428.wav,100,100.0,100.0,True,-57.80996892423333,17,1580.907710730555,False,800-2000 Hz
220140,an funestus ss,IFA_36_28_1428.wav,150,100.0,100.0,True,-59.41882409509104,12,1077.0295067481677,False,800-2000 Hz
220140,an funestus ss,IFA_36_28_1428.wav,200,100.0,100.0,True,-57.71000102839949,11,1048.3009371645,False,800-2000 Hz
220140,an funestus ss,IFA_36_28_1428.wav,300,100.0,100.0,True,-59.373175915715564,10,1086.7596689771533,False,800-2000 Hz
220139,culex pipiens complex,IFA_36_30_1430.wav,0,99.26767676767678,99.24242424242425,False,-40.070979756165606,0,44.37407700982649,True,<100 Hz
220139,culex pipiens complex,IFA_36_30_1430.wav,100,99.94949494949495,99.94949494949495,False,-50.55595635476466,38,7043.93550770528,False,>=2000 Hz
220139,culex pipiens complex,IFA_36_30_1430.wav,150,99.94949494949495,99.94949494949495,False,-50.55595635476466,38,7066.870533681113,False,>=2000 Hz
220139,culex pipiens complex,IFA_36_30_1430.wav,200,99.94949494949495,99.94949494949495,False,-50.739991427937376,38,7088.556459474228,False,>=2000 Hz
220139,culex pipiens complex,IFA_36_30_1430.wav,300,99.97474747474747,99.97474747474747,False,-51.2645788552684,37,6726.324829246307,False,>=2000 Hz
220183,an funestus ss,IFA_36_37_1437.wav,0,99.54545454545455,99.54545454545455,False,-47.39227140233412,0,44.37407700982649,True,<100 Hz
220183,an funestus ss,IFA_36_37_1437.wav,100,99.5959595959596,99.5959595959596,False,-47.39227140233412,0,147.947081154182,True,100-300 Hz
220183,an funestus ss,IFA_36_37_1437.wav,150,99.77272727272727,99.77272727272727,False,-49.120318897531334,20,2097.6113795318697,False,>=2000 Hz
220183,an funestus ss,IFA_36_37_1437.wav,200,99.92424242424242,99.8989898989899,False,-50.063655836929144,17,1736.7054285722647,False,800-2000 Hz
220183,an funestus ss,IFA_36_37_1437.wav,300,99.94949494949495,99.92424242424242,False,-49.77052122724881,19,2172.778054140427,False,>=2000 Hz
220184,an funestus ss,IFA_36_37_1437.wav,0,100.0,100.0,True,-55.434454771336384,0,44.37407700982649,True,<100 Hz
220184,an funestus ss,IFA_36_37_1437.wav,100,100.0,100.0,True,-56.811348291374514,33,5088.525017110928,False,>=2000 Hz
220184,an funestus ss,IFA_36_37_1437.wav,150,100.0,100.0,True,-57.03779605286519,33,5148.750552755978,False,>=2000 Hz
220184,an funestus ss,IFA_36_37_1437.wav,200,100.0,100.0,True,-57.03051078619109,33,5206.106474135096,False,>=2000 Hz
220184,an funestus ss,IFA_36_37_1437.wav,300,100.0,100.0,True,-57.014151625438096,32,5004.24831571783,False,>=2000 Hz
220185,culex pipiens complex,IFA_36_38_1438.wav,0,99.69696969696969,99.69696969696969,False,-42.47713830732553,0,44.37407700982649,True,<100 Hz
220185,culex pipiens complex,IFA_36_38_1438.wav,100,100.0,100.0,True,-54.624960431753365,37,6606.055464843051,False,>=2000 Hz
220185,culex pipiens complex,IFA_36_38_1438.wav,150,100.0,100.0,True,-55.00420290385412,37,6638.536735866427,False,>=2000 Hz
220185,culex pipiens complex,IFA_36_38_1438.wav,200,100.0,100.0,True,-56.06574201811128,37,6669.293138350332,False,>=2000 Hz
220185,culex pipiens complex,IFA_36_38_1438.wav,300,100.0,100.0,True,-54.68190213332132,37,6726.324829246307,False,>=2000 Hz
220124,an funestus ss,IFA_37_11_1451.wav,0,99.67171717171716,99.67171717171716,False,-45.98237714326777,0,44.37407700982649,True,<100 Hz
220124,an funestus ss,IFA_37_11_1451.wav,100,99.79797979797979,99.79797979797979,False,-50.803354854698746,11,908.5521219032305,False,800-2000 Hz
220124,an funestus ss,IFA_37_11_1451.wav,150,99.79797979797979,99.79797979797979,False,-50.84072255117387,10,886.4319670625546,False,800-2000 Hz
220124,an funestus ss,IFA_37_11_1451.wav,200,100.0,100.0,True,-52.26835214062629,10,954.1887019828487,False,800-2000 Hz
220124,an funestus ss,IFA_37_11_1451.wav,300,99.79797979797979,99.79797979797979,False,-50.85196199064769,8,907.814472208775,False,800-2000 Hz
220145,an arabiensis,IFA_37_12_1452.wav,0,99.5959595959596,99.5959595959596,False,-38.413586979511685,0,44.37407700982649,True,<100 Hz
220145,an arabiensis,IFA_37_12_1452.wav,100,99.92424242424242,99.92424242424242,False,-50.76693996363289,12,1004.9588458152629,False,800-2000 Hz
220145,an arabiensis,IFA_37_12_1452.wav,150,99.94949494949495,99.94949494949495,False,-48.499438590788046,11,979.0284142678163,False,800-2000 Hz
220145,an arabiensis,IFA_37_12_1452.wav,200,99.94949494949495,99.94949494949495,False,-48.30384109066336,10,954.1887019828487,False,800-2000 Hz
220145,an arabiensis,IFA_37_12_1452.wav,300,99.94949494949495,99.94949494949495,False,-48.499438590788046,9,994.9271530483034,False,800-2000 Hz
220146,an arabiensis,IFA_37_12_1452.wav,0,100.0,100.0,True,-56.158556686072394,0,44.37407700982649,True,<100 Hz
220146,an arabiensis,IFA_37_12_1452.wav,100,100.0,100.0,True,-56.919391762473325,36,6192.935304310192,False,>=2000 Hz
220146,an arabiensis,IFA_37_12_1452.wav,150,100.0,100.0,True,-57.698291497525744,36,6233.825044478617,False,>=2000 Hz
220146,an arabiensis,IFA_37_12_1452.wav,200,100.0,100.0,True,-56.73869141746843,36,6272.599048553766,False,>=2000 Hz
220146,an arabiensis,IFA_37_12_1452.wav,300,100.0,100.0,True,-57.05234716347214,36,6344.640540634074,False,>=2000 Hz
220182,an arabiensis,IFA_37_15_1455.wav,0,100.0,100.0,True,-56.46073011452194,28,3461.0300188671977,False,>=2000 Hz
220182,an arabiensis,IFA_37_15_1455.wav,100,100.0,100.0,True,-58.194866826391475,27,3382.2099706881345,False,>=2000 Hz
220182,an arabiensis,IFA_37_15_1455.wav,150,100.0,100.0,True,-58.83325376757571,27,3461.439059913137,False,>=2000 Hz
220182,an arabiensis,IFA_37_15_1455.wav,200,100.0,100.0,True,-58.47060048315135,26,3309.436055611549,False,>=2000 Hz
220182,an arabiensis,IFA_37_15_1455.wav,300,100.0,100.0,True,-58.99167675177421,26,3456.308740446091,False,>=2000 Hz
220199,an arabiensis,IFA_37_16_1456.wav,0,99.24242424242425,99.24242424242425,False,-37.51848300388332,0,44.37407700982649,True,<100 Hz
220199,an arabiensis,IFA_37_16_1456.wav,100,100.0,100.0,True,-58.083056287229155,24,2728.1439614922797,False,>=2000 Hz
220199,an arabiensis,IFA_37_16_1456.wav,150,100.0,100.0,True,-57.53140310939381,18,1797.5500446410404,False,800-2000 Hz
220199,an arabiensis,IFA_37_16_1456.wav,200,100.0,100.0,True,-57.56976382825034,18,1875.3376136955906,False,800-2000 Hz
220199,an arabiensis,IFA_37_16_1456.wav,300,100.0,100.0,True,-57.92859699976866,17,1885.0673770439807,False,800-2000 Hz
220173,an arabiensis,IFA_37_17_1457.wav,0,100.0,100.0,True,-53.19618513817807,14,1059.9326349904563,False,800-2000 Hz
220173,an arabiensis,IFA_37_17_1457.wav,100,100.0,100.0,True,-54.55196294117137,12,1004.9588458152629,False,800-2000 Hz
220173,an arabiensis,IFA_37_17_1457.wav,150,100.0,100.0,True,-53.25365759497583,12,1077.0295067481677,False,800-2000 Hz
220173,an arabiensis,IFA_37_17_1457.wav,200,100.0,100.0,True,-53.871394207757184,11,1048.3009371645,False,800-2000 Hz
220173,an arabiensis,IFA_37_17_1457.wav,300,100.0,100.0,True,-53.25365759497583,10,1086.7596689771533,False,800-2000 Hz
220172,an arabiensis,IFA_37_17_1457.wav,0,99.82323232323232,99.82323232323232,False,-39.86214121311049,0,44.37407700982649,True,<100 Hz
220172,an arabiensis,IFA_37_17_1457.wav,100,99.92424242424242,99.92424242424242,False,-48.30756744723062,12,1004.9588458152629,False,800-2000 Hz
220172,an arabiensis,IFA_37_17_1457.wav,150,99.92424242424242,99.92424242424242,False,-50.617610294571705,12,1077.0295067481677,False,800-2000 Hz
220172,an arabiensis,IFA_37_17_1457.wav,200,99.92424242424242,99.92424242424242,False,-48.24692805705891,11,1048.3009371645,False,800-2000 Hz
220172,an arabiensis,IFA_37_17_1457.wav,300,99.92424242424242,99.92424242424242,False,-50.47709612454412,10,1086.7596689771533,False,800-2000 Hz
220180,culex pipiens complex,IFA_37_20_1460.wav,0,99.87373737373737,99.87373737373737,False,-43.02856766926531,0,44.37407700982649,True,<100 Hz
220180,culex pipiens complex,IFA_37_20_1460.wav,100,100.0,100.0,True,-54.242505881305505,12,1004.9588458152629,False,800-2000 Hz
220180,culex pipiens complex,IFA_37_20_1460.wav,150,100.0,100.0,True,-55.76449814392913,11,979.0284142678163,False,800-2000 Hz
220180,culex pipiens complex,IFA_37_20_1460.wav,200,100.0,100.0,True,-54.216592696626826,11,1048.3009371645,False,800-2000 Hz
220180,culex pipiens complex,IFA_37_20_1460.wav,300,100.0,100.0,True,-55.76449814392913,9,994.9271530483034,False,800-2000 Hz
220178,culex pipiens complex,IFA_37_20_1460.wav,0,99.87373737373737,99.87373737373737,False,-49.533636621586666,0,44.37407700982649,True,<100 Hz
220178,culex pipiens complex,IFA_37_20_1460.wav,100,100.0,99.97474747474747,False,-51.917888309663766,33,5088.525017110928,False,>=2000 Hz
220178,culex pipiens complex,IFA_37_20_1460.wav,150,100.0,100.0,True,-52.57357367617091,32,4826.198821544699,False,>=2000 Hz
220178,culex pipiens complex,IFA_37_20_1460.wav,200,100.0,100.0,True,-52.68257021599338,32,4888.1767232060765,False,>=2000 Hz
220178,culex pipiens complex,IFA_37_20_1460.wav,300,100.0,100.0,True,-52.57357367617091,32,5004.24831571783,False,>=2000 Hz
220179,culex pipiens complex,IFA_37_20_1460.wav,0,100.0,100.0,True,-52.979149104333054,11,763.5799242943094,False,300-800 Hz
220179,culex pipiens complex,IFA_37_20_1460.wav,100,100.0,100.0,True,-54.738742492324164,27,3382.2099706881345,False,>=2000 Hz
220179,culex pipiens complex,IFA_37_20_1460.wav,150,100.0,100.0,True,-53.01260858441212,27,3461.439059913137,False,>=2000 Hz
220179,culex pipiens complex,IFA_37_20_1460.wav,200,100.0,100.0,True,-53.50081658248464,26,3309.436055611549,False,>=2000 Hz
220179,culex pipiens complex,IFA_37_20_1460.wav,300,100.0,100.0,True,-53.01260858441212,26,3456.308740446091,False,>=2000 Hz
220125,culex pipiens complex,IFA_37_22_1462.wav,0,99.34343434343434,99.34343434343434,False,-32.96695993947469,0,44.37407700982649,True,<100 Hz
220125,culex pipiens complex,IFA_37_22_1462.wav,100,99.97474747474747,99.97474747474747,False,-51.45255002575673,7,574.4420356195228,False,300-800 Hz
220125,culex pipiens complex,IFA_37_22_1462.wav,150,99.94949494949495,99.94949494949495,False,-51.556249988353,6,564.3726097218181,False,300-800 Hz
220125,culex pipiens complex,IFA_37_22_1462.wav,200,99.97474747474747,99.97474747474747,False,-51.44402666782271,5,554.3806613018434,False,300-800 Hz
220125,culex pipiens complex,IFA_37_22_1462.wav,300,99.94949494949495,99.92424242424242,False,-51.501771065264215,4,601.8936796253,False,300-800 Hz
220126,culex pipiens complex,IFA_37_22_1462.wav,0,100.0,100.0,True,-53.30989319654741,9,594.2853728317884,False,300-800 Hz
220126,culex pipiens complex,IFA_37_22_1462.wav,100,100.0,100.0,True,-55.65421777858081,7,574.4420356195228,False,300-800 Hz
220126,culex pipiens complex,IFA_37_22_1462.wav,150,100.0,100.0,True,-55.589589731207326,6,564.3726097218181,False,300-800 Hz
220126,culex pipiens complex,IFA_37_22_1462.wav,200,100.0,100.0,True,-55.290605556691155,5,554.3806613018434,False,300-800 Hz
220126,culex pipiens complex,IFA_37_22_1462.wav,300,100.0,100.0,True,-56.03757575909536,4,601.8936796253,False,300-800 Hz
220141,an arabiensis,IFA_37_25_1465.wav,0,100.0,100.0,True,-54.08846508392521,0,44.37407700982649,True,<100 Hz
220141,an arabiensis,IFA_37_25_1465.wav,100,100.0,100.0,True,-54.91352948847556,20,2016.0890276353948,False,>=2000 Hz
220141,an arabiensis,IFA_37_25_1465.wav,150,100.0,100.0,True,-55.03304780630992,19,1943.326394117477,False,800-2000 Hz
220141,an arabiensis,IFA_37_25_1465.wav,200,100.0,100.0,True,-55.00325127956685,19,2021.8570397331082,False,>=2000 Hz
220141,an arabiensis,IFA_37_25_1465.wav,300,100.0,100.0,True,-54.92098545147955,18,2025.1284060106793,False,>=2000 Hz
220152,an arabiensis,IFA_37_26_1466.wav,0,99.04040404040404,98.93939393939394,False,-38.855217748183435,0,44.37407700982649,True,<100 Hz
220152,an arabiensis,IFA_37_26_1466.wav,100,100.0,100.0,True,-55.212611923207874,32,4761.213460851244,False,>=2000 Hz
220152,an arabiensis,IFA_37_26_1466.wav,150,100.0,100.0,True,-55.009063993999085,32,4826.198821544699,False,>=2000 Hz
220152,an arabiensis,IFA_37_26_1466.wav,200,100.0,100.0,True,-55.0970082326323,32,4888.1767232060765,False,>=2000 Hz
220152,an arabiensis,IFA_37_26_1466.wav,300,100.0,100.0,True,-55.070622451563835,32,5004.24831571783,False,>=2000 Hz
220153,an arabiensis,IFA_37_26_1466.wav,0,99.82323232323232,99.79797979797979,False,-49.10665271017879,0,44.37407700982649,True,<100 Hz
220153,an arabiensis,IFA_37_26_1466.wav,100,100.0,100.0,True,-57.756532565452545,35,5803.174981087622,False,>=2000 Hz
220153,an arabiensis,IFA_37_26_1466.wav,150,100.0,100.0,True,-57.96780921813358,35,5851.432728061765,False,>=2000 Hz
220153,an arabiensis,IFA_37_26_1466.wav,200,100.0,100.0,True,-58.54867351501078,34,5542.124294130725,False,>=2000 Hz
220153,an arabiensis,IFA_37_26_1466.wav,300,100.0,100.0,True,-58.39926833516544,34,5639.114996491976,False,>=2000 Hz
220154,an arabiensis,IFA_37_26_1466.wav,0,99.84848484848486,99.82323232323232,False,-43.111643758393754,0,44.37407700982649,True,<100 Hz
220154,an arabiensis,IFA_37_26_1466.wav,100,100.0,100.0,True,-52.639616466591804,38,7043.93550770528,False,>=2000 Hz
220154,an arabiensis,IFA_37_26_1466.wav,150,100.0,100.0,True,-52.639616466591804,38,7066.870533681113,False,>=2000 Hz
220154,an arabiensis,IFA_37_26_1466.wav,200,100.0,100.0,True,-52.944755892523986,37,6669.293138350332,False,>=2000 Hz
220154,an arabiensis,IFA_37_26_1466.wav,300,100.0,100.0,True,-53.77379144092923,37,6726.324829246307,False,>=2000 Hz
220156,an arabiensis,IFA_37_27_1467.wav,0,100.0,100.0,True,-52.15282672146584,0,44.37407700982649,True,<100 Hz
220156,an arabiensis,IFA_37_27_1467.wav,100,100.0,100.0,True,-60.0997737859911,6,502.37884079729855,False,300-800 Hz
220156,an arabiensis,IFA_37_27_1467.wav,150,100.0,100.0,True,-59.39402124220023,19,1943.326394117477,False,800-2000 Hz
220156,an arabiensis,IFA_37_27_1467.wav,200,100.0,100.0,True,-59.00172782981393,5,554.3806613018434,False,300-800 Hz
220156,an arabiensis,IFA_37_27_1467.wav,300,100.0,100.0,True,-59.17969119680823,9,994.9271530483034,False,800-2000 Hz
220198,culex pipiens complex,IFA_37_28_1468.wav,0,98.83838383838383,98.81313131313131,False,-42.62275411602953,0,44.37407700982649,True,<100 Hz
220198,culex pipiens complex,IFA_37_28_1468.wav,100,99.54545454545455,99.52020202020202,False,-46.9245327721866,11,908.5521219032305,False,800-2000 Hz
220198,culex pipiens complex,IFA_37_28_1468.wav,150,99.57070707070706,99.46969696969697,False,-47.02041004184086,10,886.4319670625546,False,800-2000 Hz
220198,culex pipiens complex,IFA_37_28_1468.wav,200,99.4949494949495,99.44444444444444,False,-48.76229398259494,10,954.1887019828487,False,800-2000 Hz
220198,culex pipiens complex,IFA_37_28_1468.wav,300,99.67171717171716,99.5959595959596,False,-46.88748902063499,9,994.9271530483034,False,800-2000 Hz
220130,an arabiensis,IFA_37_29_1469.wav,0,98.91414141414141,98.91414141414141,False,-32.48324558784716,0,44.37407700982649,True,<100 Hz
220130,an arabiensis,IFA_37_29_1469.wav,100,99.5959595959596,99.5959595959596,False,-40.2946892876808,33,5088.525017110928,False,>=2000 Hz
220130,an arabiensis,IFA_37_29_1469.wav,150,99.54545454545455,99.54545454545455,False,-40.360763224652004,33,5148.750552755978,False,>=2000 Hz
220130,an arabiensis,IFA_37_29_1469.wav,200,99.54545454545455,99.54545454545455,False,-40.52998756738673,33,5206.106474135096,False,>=2000 Hz
220130,an arabiensis,IFA_37_29_1469.wav,300,99.54545454545455,99.54545454545455,False,-40.781317959855414,32,5004.24831571783,False,>=2000 Hz
220131,an arabiensis,IFA_37_29_1469.wav,0,99.64646464646465,99.62121212121212,False,-47.243030024895525,0,44.37407700982649,True,<100 Hz
220131,an arabiensis,IFA_37_29_1469.wav,100,100.0,100.0,True,-53.67936034819593,35,5803.174981087622,False,>=2000 Hz
220131,an arabiensis,IFA_37_29_1469.wav,150,100.0,100.0,True,-53.91685542493658,35,5851.432728061765,False,>=2000 Hz
220131,an arabiensis,IFA_37_29_1469.wav,200,100.0,100.0,True,-54.5773668450133,35,5897.259272926163,False,>=2000 Hz
220131,an arabiensis,IFA_37_29_1469.wav,300,100.0,100.0,True,-54.2147633353367,34,5639.114996491976,False,>=2000 Hz
220194,an arabiensis,IFA_37_30_1470.wav,0,99.5959595959596,99.52020202020202,False,-38.69050536026894,0,44.37407700982649,True,<100 Hz
220194,an arabiensis,IFA_37_30_1470.wav,100,99.82323232323232,99.82323232323232,False,-48.69270980594038,10,817.5967063546011,False,800-2000 Hz
220194,an arabiensis,IFA_37_30_1470.wav,150,99.87373737373737,99.84848484848486,False,-46.10849550920018,9,798.9421052862099,False,300-800 Hz
220194,an arabiensis,IFA_37_30_1470.wav,200,99.8989898989899,99.84848484848486,False,-46.26034895862602,8,780.8898965537708,False,300-800 Hz
220194,an arabiensis,IFA_37_30_1470.wav,300,99.84848484848486,99.84848484848486,False,-48.69270980594038,7,825.1790452437867,False,800-2000 Hz
220195,an arabiensis,IFA_37_30_1470.wav,0,99.0909090909091,99.0909090909091,False,-40.84831542806054,0,44.37407700982649,True,<100 Hz
220195,an arabiensis,IFA_37_30_1470.wav,100,99.41919191919192,99.41919191919192,False,-41.49211509064522,35,5803.174981087622,False,>=2000 Hz
220195,an arabiensis,IFA_37_30_1470.wav,150,99.46969696969697,99.44444444444444,False,-41.753757147233685,35,5851.432728061765,False,>=2000 Hz
220195,an arabiensis,IFA_37_30_1470.wav,200,99.44444444444444,99.41919191919192,False,-42.066680375167714,34,5542.124294130725,False,>=2000 Hz
220195,an arabiensis,IFA_37_30_1470.wav,300,99.44444444444444,99.41919191919192,False,-41.356056356647485,34,5639.114996491976,False,>=2000 Hz
220117,culex pipiens complex,IFA_37_32_1472.wav,0,99.57070707070706,99.54545454545455,False,-35.585855987128134,0,44.37407700982649,True,<100 Hz
220117,culex pipiens complex,IFA_37_32_1472.wav,100,99.94949494949495,99.94949494949495,False,-50.977879632174336,18,1717.6112946200515,False,800-2000 Hz
220117,culex pipiens complex,IFA_37_32_1472.wav,150,99.8989898989899,99.8989898989899,False,-50.4870846448615,17,1659.8130898129411,False,800-2000 Hz
220117,culex pipiens complex,IFA_37_32_1472.wav,200,99.97474747474747,99.97474747474747,False,-51.031515329923195,17,1736.7054285722647,False,800-2000 Hz
220117,culex pipiens complex,IFA_37_32_1472.wav,300,99.87373737373737,99.87373737373737,False,-50.56307596202927,15,1626.1711200507493,False,800-2000 Hz
220132,an arabiensis,IFA_37_34_1474.wav,0,100.0,100.0,True,-53.81623169536653,0,44.37407700982649,True,<100 Hz
220132,an arabiensis,IFA_37_34_1474.wav,100,100.0,100.0,True,-54.72624995163212,20,2016.0890276353948,False,>=2000 Hz
220132,an arabiensis,IFA_37_34_1474.wav,150,100.0,100.0,True,-54.87443960749396,16,1529.6721664501665,False,800-2000 Hz
220132,an arabiensis,IFA_37_34_1474.wav,200,100.0,100.0,True,-54.818885806131625,19,2021.8570397331082,False,>=2000 Hz
220132,an arabiensis,IFA_37_34_1474.wav,300,100.0,100.0,True,-54.818885806131625,18,2025.1284060106793,False,>=2000 Hz
220118,culex pipiens complex,IFA_37_37_1477.wav,0,99.64646464646465,99.5959595959596,False,-41.070067316241776,0,44.37407700982649,True,<100 Hz
220118,culex pipiens complex,IFA_37_37_1477.wav,100,99.97474747474747,99.92424242424242,False,-51.79136385806604,7,574.4420356195228,False,300-800 Hz
220118,culex pipiens complex,IFA_37_37_1477.wav,150,99.97474747474747,99.94949494949495,False,-51.79136385806604,6,564.3726097218181,False,300-800 Hz
220118,culex pipiens complex,IFA_37_37_1477.wav,200,99.97474747474747,99.97474747474747,False,-51.79136385806604,5,554.3806613018434,False,300-800 Hz
220118,culex pipiens complex,IFA_37_37_1477.wav,300,100.0,99.94949494949495,False,-51.908516244578564,4,601.8936796253,False,300-800 Hz
220203,an arabiensis,IFA_38_10_1490.wav,0,100.0,100.0,True,-57.58827114279113,21,2006.1286971205438,False,>=2000 Hz
220203,an arabiensis,IFA_38_10_1490.wav,100,100.0,100.0,True,-57.58827114279113,20,2016.0890276353948,False,>=2000 Hz
220203,an arabiensis,IFA_38_10_1490.wav,150,100.0,100.0,True,-58.60310403340642,19,1943.326394117477,False,800-2000 Hz
220203,an arabiensis,IFA_38_10_1490.wav,200,100.0,100.0,True,-57.62136157034548,19,2021.8570397331082,False,>=2000 Hz
220203,an arabiensis,IFA_38_10_1490.wav,300,100.0,100.0,True,-57.62136157034548,18,2025.1284060106793,False,>=2000 Hz
220213,an arabiensis,IFA_38_14_1494.wav,0,99.92424242424242,99.92424242424242,False,-51.53130436704747,36,6103.720297923787,False,>=2000 Hz
220213,an arabiensis,IFA_38_14_1494.wav,100,99.94949494949495,99.94949494949495,False,-51.571884617063674,36,6192.935304310192,False,>=2000 Hz
220213,an arabiensis,IFA_38_14_1494.wav,150,99.97474747474747,99.94949494949495,False,-51.816326044998135,36,6233.825044478617,False,>=2000 Hz
220213,an arabiensis,IFA_38_14_1494.wav,200,99.97474747474747,99.94949494949495,False,-51.818331570794996,36,6272.599048553766,False,>=2000 Hz
220213,an arabiensis,IFA_38_14_1494.wav,300,100.0,100.0,True,-52.24857355491626,36,6344.640540634074,False,>=2000 Hz
220212,an arabiensis,IFA_38_14_1494.wav,0,99.44444444444444,99.41919191919192,False,-44.598854709035926,38,6993.657556191134,False,>=2000 Hz
220212,an arabiensis,IFA_38_14_1494.wav,100,99.39393939393939,99.34343434343434,False,-45.375291756539546,36,6192.935304310192,False,>=2000 Hz
220212,an arabiensis,IFA_38_14_1494.wav,150,99.41919191919192,99.41919191919192,False,-45.375291756539546,36,6233.825044478617,False,>=2000 Hz
220212,an arabiensis,IFA_38_14_1494.wav,200,99.41919191919192,99.39393939393939,False,-45.82514108516703,33,5206.106474135096,False,>=2000 Hz
220212,an arabiensis,IFA_38_14_1494.wav,300,99.39393939393939,99.39393939393939,False,-45.65926269341274,37,6726.324829246307,False,>=2000 Hz
220209,culex pipiens complex,IFA_38_16_1496.wav,0,99.16666666666667,99.16666666666667,False,-37.01798820748283,0,44.37407700982649,True,<100 Hz
220209,culex pipiens complex,IFA_38_16_1496.wav,100,99.41919191919192,99.41919191919192,False,-43.414804111463354,34,5435.453615558967,False,>=2000 Hz
220209,culex pipiens complex,IFA_38_16_1496.wav,150,99.41919191919192,99.41919191919192,False,-44.12850679742415,34,5490.128899271392,False,>=2000 Hz
220209,culex pipiens complex,IFA_38_16_1496.wav,200,99.41919191919192,99.41919191919192,False,-43.62318692507586,34,5542.124294130725,False,>=2000 Hz
220209,culex pipiens complex,IFA_38_16_1496.wav,300,99.39393939393939,99.39393939393939,False,-43.395543151694994,33,5313.3090758650505,False,>=2000 Hz
220208,culex pipiens complex,IFA_38_16_1496.wav,0,100.0,100.0,True,-53.31537021798964,0,44.37407700982649,True,<100 Hz
220208,culex pipiens complex,IFA_38_16_1496.wav,100,100.0,100.0,True,-59.295805566762326,34,5435.453615558967,False,>=2000 Hz
220208,culex pipiens complex,IFA_38_16_1496.wav,150,100.0,100.0,True,-58.89120085187338,33,5148.750552755978,False,>=2000 Hz
220208,culex pipiens complex,IFA_38_16_1496.wav,200,100.0,100.0,True,-58.881680670893914,33,5206.106474135096,False,>=2000 Hz
220208,culex pipiens complex,IFA_38_16_1496.wav,300,100.0,100.0,True,-58.71883942987595,33,5313.3090758650505,False,>=2000 Hz
220214,an arabiensis,IFA_38_19_1499.wav,0,99.97474747474747,99.94949494949495,False,-49.817673293130554,19,1693.1066090376025,False,800-2000 Hz
220214,an arabiensis,IFA_38_19_1499.wav,100,99.97474747474747,99.94949494949495,False,-49.817673293130554,18,1717.6112946200515,False,800-2000 Hz
220214,an arabiensis,IFA_38_19_1499.wav,150,99.5959595959596,99.4949494949495,False,-49.736505299609604,18,1797.5500446410404,False,800-2000 Hz
220214,an arabiensis,IFA_38_19_1499.wav,200,99.87373737373737,99.87373737373737,False,-51.250305052144995,17,1736.7054285722647,False,800-2000 Hz
220214,an arabiensis,IFA_38_19_1499.wav,300,99.62121212121212,99.5959595959596,False,-49.76763439067149,16,1752.2049416525224,False,800-2000 Hz
220215,an arabiensis,IFA_38_19_1499.wav,0,98.81313131313131,98.81313131313131,False,-37.93424176918631,0,44.37407700982649,True,<100 Hz
220215,an arabiensis,IFA_38_19_1499.wav,100,99.24242424242425,99.24242424242425,False,-47.002203592119685,32,4761.213460851244,False,>=2000 Hz
220215,an arabiensis,IFA_38_19_1499.wav,150,99.26767676767678,99.26767676767678,False,-47.11777889917842,32,4826.198821544699,False,>=2000 Hz
220215,an arabiensis,IFA_38_19_1499.wav,200,99.21717171717171,99.21717171717171,False,-47.213383921068434,32,4888.1767232060765,False,>=2000 Hz
220215,an arabiensis,IFA_38_19_1499.wav,300,99.24242424242425,99.24242424242425,False,-47.509335160443754,32,5004.24831571783,False,>=2000 Hz
220211,an arabiensis,IFA_38_25_1505.wav,0,99.79797979797979,99.79797979797979,False,-39.616714102465,39,7481.370346027789,False,>=2000 Hz
220211,an arabiensis,IFA_38_25_1505.wav,100,99.79797979797979,99.79797979797979,False,-39.84833108589062,34,5435.453615558967,False,>=2000 Hz
220211,an arabiensis,IFA_38_25_1505.wav,150,99.79797979797979,99.79797979797979,False,-39.84833108589062,34,5490.128899271392,False,>=2000 Hz
220211,an arabiensis,IFA_38_25_1505.wav,200,99.77272727272727,99.77272727272727,False,-39.84833108589062,34,5542.124294130725,False,>=2000 Hz
220211,an arabiensis,IFA_38_25_1505.wav,300,99.77272727272727,99.77272727272727,False,-40.50437999288769,34,5639.114996491976,False,>=2000 Hz
220219,culex pipiens complex,IFA_38_26_1506.wav,0,99.87373737373737,99.87373737373737,False,-47.63810273620586,0,44.37407700982649,True,<100 Hz
220219,culex pipiens complex,IFA_38_26_1506.wav,100,100.0,100.0,True,-53.50334563356141,6,502.37884079729855,False,300-800 Hz
220219,culex pipiens complex,IFA_38_26_1506.wav,150,100.0,100.0,True,-53.50334563356141,6,564.3726097218181,False,300-800 Hz
220219,culex pipiens complex,IFA_38_26_1506.wav,200,100.0,100.0,True,-53.4566160095808,5,554.3806613018434,False,300-800 Hz
220219,culex pipiens complex,IFA_38_26_1506.wav,300,100.0,100.0,True,-53.825813818117595,3,534.9813946953967,False,300-800 Hz
220204,culex pipiens complex,IFA_38_29_1509.wav,0,98.86363636363636,98.83838383838383,False,-44.12057114918467,11,763.5799242943094,False,300-800 Hz
220204,culex pipiens complex,IFA_38_29_1509.wav,100,98.96464646464646,98.91414141414141,False,-44.224946577356036,10,817.5967063546011,False,800-2000 Hz
220204,culex pipiens complex,IFA_38_29_1509.wav,150,99.11616161616162,99.0909090909091,False,-44.11178271416038,9,798.9421052862099,False,300-800 Hz
220204,culex pipiens complex,IFA_38_29_1509.wav,200,99.06565656565657,99.06565656565657,False,-44.12137233651095,8,780.8898965537708,False,300-800 Hz
220204,culex pipiens complex,IFA_38_29_1509.wav,300,98.98989898989899,98.93939393939394,False,-44.224946577356036,7,825.1790452437867,False,800-2000 Hz
220206,an arabiensis,IFA_38_30_1510.wav,0,98.58585858585859,98.48484848484848,False,-32.00268447327023,0,44.37407700982649,True,<100 Hz
220206,an arabiensis,IFA_38_30_1510.wav,100,98.83838383838383,98.7878787878788,False,-31.627045175993867,37,6606.055464843051,False,>=2000 Hz
220206,an arabiensis,IFA_38_30_1510.wav,150,98.91414141414141,98.88888888888889,False,-31.79878365963549,37,6638.536735866427,False,>=2000 Hz
220206,an arabiensis,IFA_38_30_1510.wav,200,98.86363636363636,98.83838383838383,False,-31.81386542244189,37,6669.293138350332,False,>=2000 Hz
220206,an arabiensis,IFA_38_30_1510.wav,300,98.83838383838383,98.76262626262627,False,-31.89707164990185,37,6726.324829246307,False,>=2000 Hz
220207,an arabiensis,IFA_38_30_1510.wav,0,98.83838383838383,98.81313131313131,False,-33.89557695399601,0,44.37407700982649,True,<100 Hz
220207,an arabiensis,IFA_38_30_1510.wav,100,99.64646464646465,99.62121212121212,False,-47.17556548024205,32,4761.213460851244,False,>=2000 Hz
220207,an arabiensis,IFA_38_30_1510.wav,150,99.69696969696969,99.69696969696969,False,-47.6360676530087,32,4826.198821544699,False,>=2000 Hz
220207,an arabiensis,IFA_38_30_1510.wav,200,99.72222222222223,99.69696969696969,False,-48.21956438386435,32,4888.1767232060765,False,>=2000 Hz
220207,an arabiensis,IFA_38_30_1510.wav,300,99.72222222222223,99.67171717171716,False,-47.371151375452236,31,4711.072079758159,False,>=2000 Hz
220202,an arabiensis,IFA_38_31_1511.wav,0,99.36868686868688,99.36868686868688,False,-43.11430183246341,0,44.37407700982649,True,<100 Hz
220202,an arabiensis,IFA_38_31_1511.wav,100,99.64646464646465,99.64646464646465,False,-43.27526749854543,36,6192.935304310192,False,>=2000 Hz
220202,an arabiensis,IFA_38_31_1511.wav,150,99.64646464646465,99.64646464646465,False,-42.97279199411346,36,6233.825044478617,False,>=2000 Hz
220202,an arabiensis,IFA_38_31_1511.wav,200,99.69696969696969,99.69696969696969,False,-42.71182232154302,36,6272.599048553766,False,>=2000 Hz
220202,an arabiensis,IFA_38_31_1511.wav,300,99.5959595959596,99.5959595959596,False,-42.58276169170388,36,6344.640540634074,False,>=2000 Hz
220201,an arabiensis,IFA_38_31_1511.wav,0,99.69696969696969,99.69696969696969,False,-45.52997696910505,36,6103.720297923787,False,>=2000 Hz
220201,an arabiensis,IFA_38_31_1511.wav,100,99.64646464646465,99.5959595959596,False,-44.99943704044359,36,6192.935304310192,False,>=2000 Hz
220201,an arabiensis,IFA_38_31_1511.wav,150,99.64646464646465,99.64646464646465,False,-44.858882567837064,36,6233.825044478617,False,>=2000 Hz
220201,an arabiensis,IFA_38_31_1511.wav,200,99.69696969696969,99.69696969696969,False,-44.90570022297441,36,6272.599048553766,False,>=2000 Hz
220201,an arabiensis,IFA_38_31_1511.wav,300,99.69696969696969,99.64646464646465,False,-45.39831901592322,36,6344.640540634074,False,>=2000 Hz
220216,culex pipiens complex,IFA_38_32_1512.wav,0,98.43434343434343,98.43434343434343,False,-33.951258021656734,0,44.37407700982649,True,<100 Hz
220216,culex pipiens complex,IFA_38_32_1512.wav,100,99.14141414141415,99.14141414141415,False,-41.82857794322974,35,5803.174981087622,False,>=2000 Hz
220216,culex pipiens complex,IFA_38_32_1512.wav,150,99.19191919191918,99.19191919191918,False,-41.724570762139976,35,5851.432728061765,False,>=2000 Hz
220216,culex pipiens complex,IFA_38_32_1512.wav,200,99.16666666666667,99.16666666666667,False,-42.13597776778571,35,5897.259272926163,False,>=2000 Hz
220216,culex pipiens complex,IFA_38_32_1512.wav,300,99.19191919191918,99.19191919191918,False,-42.655300803953295,35,5982.573343857049,False,>=2000 Hz
220218,culex pipiens complex,IFA_38_32_1512.wav,0,99.92424242424242,99.92424242424242,False,-47.29240728638443,34,5316.723457509462,False,>=2000 Hz
220218,culex pipiens complex,IFA_38_32_1512.wav,100,99.8989898989899,99.8989898989899,False,-47.71788359235251,34,5435.453615558967,False,>=2000 Hz
220218,culex pipiens complex,IFA_38_32_1512.wav,150,99.8989898989899,99.8989898989899,False,-48.60515957338977,34,5490.128899271392,False,>=2000 Hz
220218,culex pipiens complex,IFA_38_32_1512.wav,200,99.8989898989899,99.8989898989899,False,-48.29569205601662,33,5206.106474135096,False,>=2000 Hz
220218,culex pipiens complex,IFA_38_32_1512.wav,300,99.92424242424242,99.92424242424242,False,-47.653464725860786,33,5313.3090758650505,False,>=2000 Hz
220217,culex pipiens complex,IFA_38_32_1512.wav,0,99.04040404040404,99.01515151515152,False,-31.646417727260232,33,4958.050905231921,False,>=2000 Hz
220217,culex pipiens complex,IFA_38_32_1512.wav,100,99.11616161616162,99.11616161616162,False,-31.84708165799894,32,4761.213460851244,False,>=2000 Hz
220217,culex pipiens complex,IFA_38_32_1512.wav,150,99.14141414141415,99.14141414141415,False,-31.489846519397446,32,4826.198821544699,False,>=2000 Hz
220217,culex pipiens complex,IFA_38_32_1512.wav,200,99.11616161616162,99.11616161616162,False,-31.50434564174497,32,4888.1767232060765,False,>=2000 Hz
220217,culex pipiens complex,IFA_38_32_1512.wav,300,99.04040404040404,99.01515151515152,False,-32.51105603687135,32,5004.24831571783,False,>=2000 Hz
220261,culex pipiens complex,IFA_38_35_1515.wav,0,96.94444444444444,96.94444444444444,False,-26.435885952218815,0,44.37407700982649,True,<100 Hz
220261,culex pipiens complex,IFA_38_35_1515.wav,100,99.54545454545455,99.54545454545455,False,-47.68913022571523,0,147.947081154182,True,100-300 Hz
220261,culex pipiens complex,IFA_38_35_1515.wav,150,99.52020202020202,99.52020202020202,False,-47.68913022571523,0,199.61257826278305,True,100-300 Hz
220261,culex pipiens complex,IFA_38_35_1515.wav,200,99.52020202020202,99.52020202020202,False,-47.70771048315837,5,554.3806613018434,False,300-800 Hz
220261,culex pipiens complex,IFA_38_35_1515.wav,300,99.52020202020202,99.52020202020202,False,-48.011502393717926,3,534.9813946953967,False,300-800 Hz
220238,an arabiensis,IFA_38_36_1516.wav,0,99.69696969696969,99.69696969696969,False,-49.234599064327384,19,1693.1066090376025,False,800-2000 Hz
220238,an arabiensis,IFA_38_36_1516.wav,100,99.87373737373737,99.87373737373737,False,-50.85247990811412,18,1717.6112946200515,False,800-2000 Hz
220238,an arabiensis,IFA_38_36_1516.wav,150,99.77272727272727,99.74747474747475,False,-49.20521953668211,18,1797.5500446410404,False,800-2000 Hz
220238,an arabiensis,IFA_38_36_1516.wav,200,99.77272727272727,99.77272727272727,False,-50.60294173001359,17,1736.7054285722647,False,800-2000 Hz
220238,an arabiensis,IFA_38_36_1516.wav,300,99.87373737373737,99.84848484848486,False,-49.21023976966321,16,1752.2049416525224,False,800-2000 Hz
220237,an arabiensis,IFA_38_36_1516.wav,0,97.97979797979798,97.97979797979798,False,-37.13400865879631,0,44.37407700982649,True,<100 Hz
220237,an arabiensis,IFA_38_36_1516.wav,100,99.24242424242425,99.24242424242425,False,-37.61895665827473,37,6606.055464843051,False,>=2000 Hz
220237,an arabiensis,IFA_38_36_1516.wav,150,99.24242424242425,99.24242424242425,False,-37.82463095358619,37,6638.536735866427,False,>=2000 Hz
220237,an arabiensis,IFA_38_36_1516.wav,200,99.16666666666667,99.16666666666667,False,-37.65891587756486,37,6669.293138350332,False,>=2000 Hz
220237,an arabiensis,IFA_38_36_1516.wav,300,99.16666666666667,99.16666666666667,False,-37.35088389150632,37,6726.324829246307,False,>=2000 Hz
220236,an arabiensis,IFA_38_36_1516.wav,0,98.73737373737373,98.68686868686869,False,-39.411813803176344,0,44.37407700982649,True,<100 Hz
220236,an arabiensis,IFA_38_36_1516.wav,100,99.26767676767678,99.24242424242425,False,-39.14360228548418,37,6606.055464843051,False,>=2000 Hz
220236,an arabiensis,IFA_38_36_1516.wav,150,99.26767676767678,99.24242424242425,False,-39.27594712134408,37,6638.536735866427,False,>=2000 Hz
220236,an arabiensis,IFA_38_36_1516.wav,200,99.24242424242425,99.24242424242425,False,-39.07695607467786,37,6669.293138350332,False,>=2000 Hz
220236,an arabiensis,IFA_38_36_1516.wav,300,99.29292929292929,99.26767676767678,False,-38.90455450832795,37,6726.324829246307,False,>=2000 Hz
220265,an arabiensis,IFA_38_37_1517.wav,0,98.58585858585859,98.58585858585859,False,-31.23101114500923,0,44.37407700982649,True,<100 Hz
220265,an arabiensis,IFA_38_37_1517.wav,100,99.97474747474747,99.94949494949495,False,-51.290385848271605,6,502.37884079729855,False,300-800 Hz
220265,an arabiensis,IFA_38_37_1517.wav,150,100.0,100.0,True,-52.410931100184534,16,1529.6721664501665,False,800-2000 Hz
220265,an arabiensis,IFA_38_37_1517.wav,200,100.0,99.97474747474747,False,-51.97450713747233,5,554.3806613018434,False,300-800 Hz
220265,an arabiensis,IFA_38_37_1517.wav,300,100.0,100.0,True,-52.268940815209,3,534.9813946953967,False,300-800 Hz
220248,an arabiensis,IFA_38_38_1518.wav,0,99.87373737373737,99.87373737373737,False,-51.05912933116805,0,44.37407700982649,True,<100 Hz
220248,an arabiensis,IFA_38_38_1518.wav,100,100.0,100.0,True,-58.09506821355534,34,5435.453615558967,False,>=2000 Hz
220248,an arabiensis,IFA_38_38_1518.wav,150,100.0,100.0,True,-58.09506821355534,26,3231.9405779727977,False,>=2000 Hz
220248,an arabiensis,IFA_38_38_1518.wav,200,100.0,100.0,True,-58.14206509343829,26,3309.436055611549,False,>=2000 Hz
220248,an arabiensis,IFA_38_38_1518.wav,300,100.0,100.0,True,-58.40615662775668,25,3242.6905940108,False,>=2000 Hz
220249,an arabiensis,IFA_38_38_1518.wav,0,98.30808080808082,98.23232323232324,False,-45.33830495645298,26,2979.717246689166,False,>=2000 Hz
220249,an arabiensis,IFA_38_38_1518.wav,100,98.66161616161617,98.58585858585859,False,-45.142089668873126,25,2933.6058324046417,False,>=2000 Hz
220249,an arabiensis,IFA_38_38_1518.wav,150,98.76262626262627,98.68686868686869,False,-45.561486037678705,25,3015.098668063101,False,>=2000 Hz
220249,an arabiensis,IFA_38_38_1518.wav,200,98.73737373737373,98.7121212121212,False,-45.29481493805637,24,2889.3929988255404,False,>=2000 Hz
220249,an arabiensis,IFA_38_38_1518.wav,300,98.7121212121212,98.68686868686869,False,-45.085366221538344,24,3040.05159165169,False,>=2000 Hz
220251,an arabiensis,IFA_38_38_1518.wav,0,99.11616161616162,99.0909090909091,False,-41.8436587404715,0,44.37407700982649,True,<100 Hz
220251,an arabiensis,IFA_38_38_1518.wav,100,100.0,100.0,True,-56.96121080505557,32,4761.213460851244,False,>=2000 Hz
220251,an arabiensis,IFA_38_38_1518.wav,150,100.0,100.0,True,-56.96121080505557,32,4826.198821544699,False,>=2000 Hz
220251,an arabiensis,IFA_38_38_1518.wav,200,100.0,100.0,True,-59.74518098165991,29,4033.4382048519074,False,>=2000 Hz
220251,an arabiensis,IFA_38_38_1518.wav,300,100.0,100.0,True,-59.80923196341452,31,4711.072079758159,False,>=2000 Hz
220250,an arabiensis,IFA_38_38_1518.wav,0,98.45959595959596,98.38383838383838,False,-43.328674151728094,0,44.37407700982649,True,<100 Hz
220250,an arabiensis,IFA_38_38_1518.wav,100,98.91414141414141,98.91414141414141,False,-46.67320582151454,9,731.7843554943794,False,300-800 Hz
220250,an arabiensis,IFA_38_38_1518.wav,150,99.04040404040404,99.01515151515152,False,-44.61001499608119,9,798.9421052862099,False,300-800 Hz
220250,an arabiensis,IFA_38_38_1518.wav,200,99.06565656565657,99.04040404040404,False,-44.61828552212927,8,780.8898965537708,False,300-800 Hz
220250,an arabiensis,IFA_38_38_1518.wav,300,98.88888888888889,98.86363636363636,False,-46.67320582151454,6,746.7907586719966,False,300-800 Hz
220231,an arabiensis,IFA_38_39_1519.wav,0,99.62121212121212,99.5959595959596,False,-45.529768225279916,0,44.37407700982649,True,<100 Hz
220231,an arabiensis,IFA_38_39_1519.wav,100,100.0,100.0,True,-57.25082649941167,16,1451.9340170387993,False,800-2000 Hz
220231,an arabiensis,IFA_38_39_1519.wav,150,100.0,100.0,True,-57.87364792793469,16,1529.6721664501665,False,800-2000 Hz
220231,an arabiensis,IFA_38_39_1519.wav,200,100.0,100.0,True,-58.899532357652745,15,1481.4273339703952,False,800-2000 Hz
220231,an arabiensis,IFA_38_39_1519.wav,300,100.0,100.0,True,-57.25082649941167,14,1506.6149479788903,False,800-2000 Hz
220259,an arabiensis,IFA_38_40_1520.wav,0,96.96969696969697,96.91919191919192,False,-25.555311526510213,0,44.37407700982649,True,<100 Hz
220259,an arabiensis,IFA_38_40_1520.wav,100,99.46969696969697,99.44444444444444,False,-46.75980369250443,17,1580.907710730555,False,800-2000 Hz
220259,an arabiensis,IFA_38_40_1520.wav,150,99.39393939393939,99.39393939393939,False,-46.75980369250443,17,1659.8130898129411,False,800-2000 Hz
220259,an arabiensis,IFA_38_40_1520.wav,200,99.46969696969697,99.46969696969697,False,-46.75980369250443,16,1605.5359087903153,False,800-2000 Hz
220259,an arabiensis,IFA_38_40_1520.wav,300,99.41919191919192,99.41919191919192,False,-47.07102104170729,15,1626.1711200507493,False,800-2000 Hz
220258,an arabiensis,IFA_38_40_1520.wav,0,99.14141414141415,99.0909090909091,False,-38.35316438441058,0,44.37407700982649,True,<100 Hz
220258,an arabiensis,IFA_38_40_1520.wav,100,99.82323232323232,99.82323232323232,False,-49.87880950624331,17,1580.907710730555,False,800-2000 Hz
220258,an arabiensis,IFA_38_40_1520.wav,150,99.5959595959596,99.57070707070706,False,-49.32218071676683,17,1659.8130898129411,False,800-2000 Hz
220258,an arabiensis,IFA_38_40_1520.wav,200,99.84848484848486,99.84848484848486,False,-49.87880950624331,16,1605.5359087903153,False,800-2000 Hz
220258,an arabiensis,IFA_38_40_1520.wav,300,99.62121212121212,99.62121212121212,False,-49.32218071676683,15,1626.1711200507493,False,800-2000 Hz
220257,an arabiensis,IFA_39_10_1530.wav,0,99.72222222222223,99.72222222222223,False,-46.57159989292709,0,44.37407700982649,True,<100 Hz
220257,an arabiensis,IFA_39_10_1530.wav,100,99.97474747474747,99.97474747474747,False,-51.44672569160126,9,731.7843554943794,False,300-800 Hz
220257,an arabiensis,IFA_39_10_1530.wav,150,99.94949494949495,99.94949494949495,False,-50.70898111200635,9,798.9421052862099,False,300-800 Hz
220257,an arabiensis,IFA_39_10_1530.wav,200,99.97474747474747,99.97474747474747,False,-50.96882071380253,8,780.8898965537708,False,300-800 Hz
220257,an arabiensis,IFA_39_10_1530.wav,300,99.97474747474747,99.97474747474747,False,-51.44672569160126,15,1626.1711200507493,False,800-2000 Hz
220232,an funestus ss,IFA_39_11_1531.wav,0,98.10606060606061,98.05555555555556,False,-34.67088687915638,0,44.37407700982649,True,<100 Hz
220232,an funestus ss,IFA_39_11_1531.wav,100,99.46969696969697,99.46969696969697,False,-45.15485033456961,39,7508.05938800615,False,>=2000 Hz
220232,an funestus ss,IFA_39_11_1531.wav,150,99.46969696969697,99.44444444444444,False,-45.15485033456961,39,7520.205206868358,False,>=2000 Hz
220232,an funestus ss,IFA_39_11_1531.wav,200,99.41919191919192,99.41919191919192,False,-45.15485033456961,39,7531.673049716309,False,>=2000 Hz
220232,an funestus ss,IFA_39_11_1531.wav,300,99.39393939393939,99.39393939393939,False,-45.427679841187256,39,7552.853748350859,False,>=2000 Hz
220262,an arabiensis,IFA_39_12_1532.wav,0,38.611111111111114,38.03030303030303,False,-22.921311970572333,9,594.2853728317884,False,300-800 Hz
220262,an arabiensis,IFA_39_12_1532.wav,100,38.23232323232323,37.72727272727273,False,-21.415574059669243,7,574.4420356195228,False,300-800 Hz
220262,an arabiensis,IFA_39_12_1532.wav,150,38.40909090909091,37.95454545454545,False,-22.921311970572333,6,564.3726097218181,False,300-800 Hz
220262,an arabiensis,IFA_39_12_1532.wav,200,38.484848484848484,38.03030303030303,False,-21.619578696514164,5,554.3806613018434,False,300-800 Hz
220262,an arabiensis,IFA_39_12_1532.wav,300,38.88888888888889,38.45959595959596,False,-23.040859595055853,4,601.8936796253,False,300-800 Hz
220264,an arabiensis,IFA_39_12_1532.wav,0,100.0,100.0,True,-54.98315454371293,0,44.37407700982649,True,<100 Hz
220264,an arabiensis,IFA_39_12_1532.wav,100,100.0,100.0,True,-58.191994125954174,13,1107.1435959963192,False,800-2000 Hz
220264,an arabiensis,IFA_39_12_1532.wav,150,100.0,100.0,True,-58.1453708436701,12,1077.0295067481677,False,800-2000 Hz
220264,an arabiensis,IFA_39_12_1532.wav,200,100.0,100.0,True,-58.62828652296961,12,1147.767526900907,False,800-2000 Hz
220264,an arabiensis,IFA_39_12_1532.wav,300,100.0,100.0,True,-58.06504514671126,10,1086.7596689771533,False,800-2000 Hz
220263,an arabiensis,IFA_39_12_1532.wav,0,99.8989898989899,99.8989898989899,False,-50.30286031580778,0,44.37407700982649,True,<100 Hz
220263,an arabiensis,IFA_39_12_1532.wav,100,99.97474747474747,99.97474747474747,False,-51.55069840622548,17,1580.907710730555,False,800-2000 Hz
220263,an arabiensis,IFA_39_12_1532.wav,150,100.0,99.97474747474747,False,-51.99707296064788,17,1659.8130898129411,False,800-2000 Hz
220263,an arabiensis,IFA_39_12_1532.wav,200,99.97474747474747,99.97474747474747,False,-51.55069840622548,16,1605.5359087903153,False,800-2000 Hz
220263,an arabiensis,IFA_39_12_1532.wav,300,100.0,99.97474747474747,False,-51.99707296064788,15,1626.1711200507493,False,800-2000 Hz
220275,an arabiensis,IFA_39_13_1533.wav,0,100.0,100.0,True,-52.97210935063097,0,44.37407700982649,True,<100 Hz
220275,an arabiensis,IFA_39_13_1533.wav,100,100.0,100.0,True,-56.16261700899546,6,502.37884079729855,False,300-800 Hz
220275,an arabiensis,IFA_39_13_1533.wav,150,100.0,100.0,True,-56.40231597548733,6,564.3726097218181,False,300-800 Hz
220275,an arabiensis,IFA_39_13_1533.wav,200,100.0,100.0,True,-56.01477557518693,5,554.3806613018434,False,300-800 Hz
220275,an arabiensis,IFA_39_13_1533.wav,300,100.0,100.0,True,-56.20585305024632,3,534.9813946953967,False,300-800 Hz
220269,an arabiensis,IFA_39_14_1534.wav,0,97.62626262626263,97.57575757575758,False,-34.591054976115934,0,44.37407700982649,True,<100 Hz
220269,an arabiensis,IFA_39_14_1534.wav,100,99.19191919191918,99.19191919191918,False,-46.76529566847644,6,502.37884079729855,False,300-800 Hz
220269,an arabiensis,IFA_39_14_1534.wav,150,99.24242424242425,99.19191919191918,False,-47.06526067432278,6,564.3726097218181,False,300-800 Hz
220269,an arabiensis,IFA_39_14_1534.wav,200,99.21717171717171,99.21717171717171,False,-47.01559045329785,5,554.3806613018434,False,300-800 Hz
220269,an arabiensis,IFA_39_14_1534.wav,300,99.16666666666667,99.16666666666667,False,-47.08085793771222,3,534.9813946953967,False,300-800 Hz
220256,an funestus ss,IFA_39_15_1535.wav,0,99.5959595959596,99.5959595959596,False,-40.97491677379257,0,44.37407700982649,True,<100 Hz
220256,an funestus ss,IFA_39_15_1535.wav,100,100.0,100.0,True,-57.06852116637166,6,502.37884079729855,False,300-800 Hz
220256,an funestus ss,IFA_39_15_1535.wav,150,100.0,100.0,True,-57.43618978617959,36,6233.825044478617,False,>=2000 Hz
220256,an funestus ss,IFA_39_15_1535.wav,200,100.0,100.0,True,-57.66639126760901,5,554.3806613018434,False,300-800 Hz
220256,an funestus ss,IFA_39_15_1535.wav,300,100.0,100.0,True,-57.26541920980214,3,534.9813946953967,False,300-800 Hz
220255,an funestus ss,IFA_39_15_1535.wav,0,99.74747474747475,99.74747474747475,False,-39.35014565589223,0,44.37407700982649,True,<100 Hz
220255,an funestus ss,IFA_39_15_1535.wav,100,100.0,100.0,True,-58.500003789325646,6,502.37884079729855,False,300-800 Hz
220255,an funestus ss,IFA_39_15_1535.wav,150,100.0,100.0,True,-61.453437762954756,5,494.64394366172684,False,300-800 Hz
220255,an funestus ss,IFA_39_15_1535.wav,200,100.0,100.0,True,-58.499437358478474,5,554.3806613018434,False,300-800 Hz
220255,an funestus ss,IFA_39_15_1535.wav,300,100.0,100.0,True,-60.20764080575076,3,534.9813946953967,False,300-800 Hz
220254,an funestus ss,IFA_39_15_1535.wav,0,100.0,100.0,True,-54.32257717530202,8,517.1296515613235,False,300-800 Hz
220254,an funestus ss,IFA_39_15_1535.wav,100,100.0,100.0,True,-56.760623619997034,6,502.37884079729855,False,300-800 Hz
220254,an funestus ss,IFA_39_15_1535.wav,150,100.0,100.0,True,-59.20742864409036,5,494.64394366172684,False,300-800 Hz
220254,an funestus ss,IFA_39_15_1535.wav,200,100.0,100.0,True,-56.87564081132681,5,554.3806613018434,False,300-800 Hz
220254,an funestus ss,IFA_39_15_1535.wav,300,100.0,100.0,True,-56.89138172280966,3,534.9813946953967,False,300-800 Hz
220253,an funestus ss,IFA_39_15_1535.wav,0,99.97474747474747,99.97474747474747,False,-51.671126488067586,0,44.37407700982649,True,<100 Hz
220253,an funestus ss,IFA_39_15_1535.wav,100,100.0,100.0,True,-55.198670789885576,34,5435.453615558967,False,>=2000 Hz
220253,an funestus ss,IFA_39_15_1535.wav,150,100.0,100.0,True,-55.516289726413135,27,3461.439059913137,False,>=2000 Hz
220253,an funestus ss,IFA_39_15_1535.wav,200,100.0,100.0,True,-55.572058926353634,27,3537.5460581518873,False,>=2000 Hz
220253,an funestus ss,IFA_39_15_1535.wav,300,100.0,100.0,True,-55.727348174974686,26,3456.308740446091,False,>=2000 Hz
220260,an arabiensis,IFA_39_16_1536.wav,0,99.01515151515152,99.01515151515152,False,-31.546717272450685,0,44.37407700982649,True,<100 Hz
220260,an arabiensis,IFA_39_16_1536.wav,100,100.0,100.0,True,-52.02155009467905,35,5803.174981087622,False,>=2000 Hz
220260,an arabiensis,IFA_39_16_1536.wav,150,100.0,100.0,True,-53.79028171273142,35,5851.432728061765,False,>=2000 Hz
220260,an arabiensis,IFA_39_16_1536.wav,200,99.97474747474747,99.97474747474747,False,-51.845411003229515,34,5542.124294130725,False,>=2000 Hz
220260,an arabiensis,IFA_39_16_1536.wav,300,100.0,100.0,True,-53.573889499110486,34,5639.114996491976,False,>=2000 Hz
220272,an arabiensis,IFA_39_17_1537.wav,0,99.39393939393939,99.39393939393939,False,-41.90202261487389,0,44.37407700982649,True,<100 Hz
220272,an arabiensis,IFA_39_17_1537.wav,100,99.46969696969697,99.44444444444444,False,-44.643074425794936,32,4761.213460851244,False,>=2000 Hz
220272,an arabiensis,IFA_39_17_1537.wav,150,99.44444444444444,99.44444444444444,False,-44.640116678017414,32,4826.198821544699,False,>=2000 Hz
220272,an arabiensis,IFA_39_17_1537.wav,200,99.44444444444444,99.44444444444444,False,-44.74494335699018,32,4888.1767232060765,False,>=2000 Hz
220272,an arabiensis,IFA_39_17_1537.wav,300,99.4949494949495,99.4949494949495,False,-44.895682891005734,31,4711.072079758159,False,>=2000 Hz
220271,an arabiensis,IFA_39_17_1537.wav,0,99.26767676767678,99.14141414141415,False,-46.197179791442544,0,44.37407700982649,True,<100 Hz
220271,an arabiensis,IFA_39_17_1537.wav,100,99.69696969696969,99.67171717171716,False,-46.197179791442544,19,1862.5080507980697,False,800-2000 Hz
220271,an arabiensis,IFA_39_17_1537.wav,150,99.77272727272727,99.77272727272727,False,-44.37443574276998,18,1797.5500446410404,False,800-2000 Hz
220271,an arabiensis,IFA_39_17_1537.wav,200,99.64646464646465,99.62121212121212,False,-45.47522152801104,17,1736.7054285722647,False,800-2000 Hz
220271,an arabiensis,IFA_39_17_1537.wav,300,99.74747474747475,99.72222222222223,False,-44.60581729760144,16,1752.2049416525224,False,800-2000 Hz
220273,an arabiensis,IFA_39_17_1537.wav,0,98.88888888888889,98.83838383838383,False,-38.862680309894586,0,44.37407700982649,True,<100 Hz
220273,an arabiensis,IFA_39_17_1537.wav,100,100.0,100.0,True,-54.5653554331055,16,1451.9340170387993,False,800-2000 Hz
220273,an arabiensis,IFA_39_17_1537.wav,150,100.0,100.0,True,-54.5653554331055,16,1529.6721664501665,False,800-2000 Hz
220273,an arabiensis,IFA_39_17_1537.wav,200,100.0,100.0,True,-54.5653554331055,15,1481.4273339703952,False,800-2000 Hz
220273,an arabiensis,IFA_39_17_1537.wav,300,100.0,100.0,True,-54.772055629340166,14,1506.6149479788903,False,800-2000 Hz
220274,an arabiensis,IFA_39_19_1539.wav,0,100.0,100.0,True,-52.62621495644729,18,1550.4472926509604,False,800-2000 Hz
220274,an arabiensis,IFA_39_19_1539.wav,100,100.0,100.0,True,-57.12712917627261,16,1451.9340170387993,False,800-2000 Hz
220274,an arabiensis,IFA_39_19_1539.wav,150,100.0,100.0,True,-55.85938249066825,16,1529.6721664501665,False,800-2000 Hz
220274,an arabiensis,IFA_39_19_1539.wav,200,100.0,100.0,True,-57.12712917627261,15,1481.4273339703952,False,800-2000 Hz
220274,an arabiensis,IFA_39_19_1539.wav,300,100.0,100.0,True,-55.85938249066825,14,1506.6149479788903,False,800-2000 Hz
220270,an arabiensis,IFA_39_21_1541.wav,0,98.4090909090909,98.4090909090909,False,-39.19905644514273,0,44.37407700982649,True,<100 Hz
220270,an arabiensis,IFA_39_21_1541.wav,100,98.7121212121212,98.7121212121212,False,-44.44519309582538,31,4452.409703131681,False,>=2000 Hz
220270,an arabiensis,IFA_39_21_1541.wav,150,98.7878787878788,98.7878787878788,False,-44.931391298491754,31,4521.43543989098,False,>=2000 Hz
220270,an arabiensis,IFA_39_21_1541.wav,200,98.68686868686869,98.68686868686869,False,-44.84113711642793,31,4587.361348214651,False,>=2000 Hz
220270,an arabiensis,IFA_39_21_1541.wav,300,98.7121212121212,98.7121212121212,False,-44.85454518374216,30,4432.9639650607805,False,>=2000 Hz
220246,an arabiensis,IFA_39_24_1544.wav,0,99.46969696969697,99.46969696969697,False,-39.82509061326098,0,44.37407700982649,True,<100 Hz
220246,an arabiensis,IFA_39_24_1544.wav,100,99.8989898989899,99.8989898989899,False,-46.34813312543935,13,1107.1435959963192,False,800-2000 Hz
220246,an arabiensis,IFA_39_24_1544.wav,150,99.8989898989899,99.8989898989899,False,-46.30555819841162,12,1077.0295067481677,False,800-2000 Hz
220246,an arabiensis,IFA_39_24_1544.wav,200,99.82323232323232,99.82323232323232,False,-49.03505203469607,11,1048.3009371645,False,800-2000 Hz
220246,an arabiensis,IFA_39_24_1544.wav,300,99.8989898989899,99.8989898989899,False,-46.25156772499427,10,1086.7596689771533,False,800-2000 Hz
220245,an arabiensis,IFA_39_24_1544.wav,0,99.74747474747475,99.74747474747475,False,-47.153006421392256,0,44.37407700982649,True,<100 Hz
220245,an arabiensis,IFA_39_24_1544.wav,100,99.84848484848486,99.84848484848486,False,-51.2899691641432,6,502.37884079729855,False,300-800 Hz
220245,an arabiensis,IFA_39_24_1544.wav,150,99.92424242424242,99.87373737373737,False,-51.2899691641432,5,494.64394366172684,False,300-800 Hz
220245,an arabiensis,IFA_39_24_1544.wav,200,99.92424242424242,99.87373737373737,False,-51.47170895715804,4,486.8564923820352,False,300-800 Hz
220245,an arabiensis,IFA_39_24_1544.wav,300,99.94949494949495,99.8989898989899,False,-51.57869556486776,2,471.5081416500546,False,300-800 Hz
220244,an arabiensis,IFA_39_24_1544.wav,0,100.0,100.0,True,-54.296546909942634,0,44.37407700982649,True,<100 Hz
220244,an arabiensis,IFA_39_24_1544.wav,100,100.0,100.0,True,-60.64839381613183,34,5435.453615558967,False,>=2000 Hz
220244,an arabiensis,IFA_39_24_1544.wav,150,100.0,100.0,True,-60.49508551604059,34,5490.128899271392,False,>=2000 Hz
220244,an arabiensis,IFA_39_24_1544.wav,200,100.0,100.0,True,-60.41876490173509,34,5542.124294130725,False,>=2000 Hz
220244,an arabiensis,IFA_39_24_1544.wav,300,100.0,100.0,True,-60.58555869171982,34,5639.114996491976,False,>=2000 Hz
220252,an arabiensis,IFA_39_25_1545.wav,0,99.39393939393939,99.36868686868688,False,-41.91510649319489,0,44.37407700982649,True,<100 Hz
220252,an arabiensis,IFA_39_25_1545.wav,100,99.74747474747475,99.72222222222223,False,-46.417784251735235,16,1451.9340170387993,False,800-2000 Hz
220252,an arabiensis,IFA_39_25_1545.wav,150,99.74747474747475,99.67171717171716,False,-46.81491845961706,16,1529.6721664501665,False,800-2000 Hz
220252,an arabiensis,IFA_39_25_1545.wav,200,99.77272727272727,99.74747474747475,False,-48.34615455762985,15,1481.4273339703952,False,800-2000 Hz
220252,an arabiensis,IFA_39_25_1545.wav,300,99.72222222222223,99.69696969696969,False,-46.8441711942727,14,1506.6149479788903,False,800-2000 Hz
220230,an arabiensis,IFA_39_27_1547.wav,0,99.19191919191918,99.19191919191918,False,-40.109531328224364,0,44.37407700982649,True,<100 Hz
220230,an arabiensis,IFA_39_27_1547.wav,100,99.5959595959596,99.5959595959596,False,-44.721005677688936,34,5435.453615558967,False,>=2000 Hz
220230,an arabiensis,IFA_39_27_1547.wav,150,99.5959595959596,99.5959595959596,False,-44.79145181627895,34,5490.128899271392,False,>=2000 Hz
220230,an arabiensis,IFA_39_27_1547.wav,200,99.54545454545455,99.54545454545455,False,-44.85564547926941,34,5542.124294130725,False,>=2000 Hz
220230,an arabiensis,IFA_39_27_1547.wav,300,99.57070707070706,99.57070707070706,False,-45.427532734387825,14,1506.6149479788903,False,800-2000 Hz
220229,an arabiensis,IFA_39_27_1547.wav,0,99.0909090909091,99.0909090909091,False,-46.0817146148205,19,1693.1066090376025,False,800-2000 Hz
220229,an arabiensis,IFA_39_27_1547.wav,100,99.21717171717171,99.14141414141415,False,-46.0817146148205,18,1717.6112946200515,False,800-2000 Hz
220229,an arabiensis,IFA_39_27_1547.wav,150,99.31818181818181,99.29292929292929,False,-44.81652276651271,18,1797.5500446410404,False,800-2000 Hz
220229,an arabiensis,IFA_39_27_1547.wav,200,99.24242424242425,99.14141414141415,False,-46.489242881358805,17,1736.7054285722647,False,800-2000 Hz
220229,an arabiensis,IFA_39_27_1547.wav,300,99.34343434343434,99.26767676767678,False,-45.118910327438314,16,1752.2049416525224,False,800-2000 Hz
220228,an arabiensis,IFA_39_27_1547.wav,0,98.7878787878788,98.68686868686869,False,-48.127905761255334,8,517.1296515613235,False,300-800 Hz
220228,an arabiensis,IFA_39_27_1547.wav,100,98.66161616161617,98.58585858585859,False,-48.044374199344546,6,502.37884079729855,False,300-800 Hz
220228,an arabiensis,IFA_39_27_1547.wav,150,98.81313131313131,98.76262626262627,False,-49.83070317919512,5,494.64394366172684,False,300-800 Hz
220228,an arabiensis,IFA_39_27_1547.wav,200,98.7121212121212,98.58585858585859,False,-48.10738442336381,5,554.3806613018434,False,300-800 Hz
220228,an arabiensis,IFA_39_27_1547.wav,300,98.7878787878788,98.68686868686869,False,-48.127905761255334,3,534.9813946953967,False,300-800 Hz
220289,an arabiensis,IFA_39_28_1548.wav,0,100.0,100.0,True,-55.961660968125095,35,5698.132814724254,False,>=2000 Hz
220289,an arabiensis,IFA_39_28_1548.wav,100,100.0,100.0,True,-56.12855923417211,6,502.37884079729855,False,300-800 Hz
220289,an arabiensis,IFA_39_28_1548.wav,150,100.0,100.0,True,-55.81406186805043,34,5490.128899271392,False,>=2000 Hz
220289,an arabiensis,IFA_39_28_1548.wav,200,100.0,100.0,True,-56.12855923417211,5,554.3806613018434,False,300-800 Hz
220289,an arabiensis,IFA_39_28_1548.wav,300,100.0,100.0,True,-55.81406186805043,34,5639.114996491976,False,>=2000 Hz
220280,an arabiensis,IFA_39_31_1551.wav,0,98.76262626262627,98.7121212121212,False,-36.935052830168935,0,44.37407700982649,True,<100 Hz
220280,an arabiensis,IFA_39_31_1551.wav,100,99.21717171717171,99.19191919191918,False,-43.64035579416844,6,502.37884079729855,False,300-800 Hz
220280,an arabiensis,IFA_39_31_1551.wav,150,99.34343434343434,99.31818181818181,False,-43.300803443352564,6,564.3726097218181,False,300-800 Hz
220280,an arabiensis,IFA_39_31_1551.wav,200,99.29292929292929,99.29292929292929,False,-43.21834423774683,5,554.3806613018434,False,300-800 Hz
220280,an arabiensis,IFA_39_31_1551.wav,300,99.29292929292929,99.24242424242425,False,-43.87003728675328,3,534.9813946953967,False,300-800 Hz
220277,an arabiensis,IFA_39_33_1553.wav,0,98.91414141414141,98.83838383838383,False,-41.489879505111745,35,5698.132814724254,False,>=2000 Hz
220277,an arabiensis,IFA_39_33_1553.wav,100,99.24242424242425,99.14141414141415,False,-41.32967680645884,35,5803.174981087622,False,>=2000 Hz
220277,an arabiensis,IFA_39_33_1553.wav,150,99.14141414141415,99.06565656565657,False,-41.35888729648585,35,5851.432728061765,False,>=2000 Hz
220277,an arabiensis,IFA_39_33_1553.wav,200,99.11616161616162,99.11616161616162,False,-41.726889418392716,35,5897.259272926163,False,>=2000 Hz
220277,an arabiensis,IFA_39_33_1553.wav,300,99.14141414141415,99.11616161616162,False,-42.2192270329576,35,5982.573343857049,False,>=2000 Hz
220276,an arabiensis,IFA_39_33_1553.wav,0,99.24242424242425,99.21717171717171,False,-36.20873128841028,0,44.37407700982649,True,<100 Hz
220276,an arabiensis,IFA_39_33_1553.wav,100,99.74747474747475,99.74747474747475,False,-49.246655185682606,27,3382.2099706881345,False,>=2000 Hz
220276,an arabiensis,IFA_39_33_1553.wav,150,99.72222222222223,99.69696969696969,False,-49.8991650582012,26,3231.9405779727977,False,>=2000 Hz
220276,an arabiensis,IFA_39_33_1553.wav,200,99.77272727272727,99.77272727272727,False,-49.53879086467638,26,3309.436055611549,False,>=2000 Hz
220276,an arabiensis,IFA_39_33_1553.wav,300,99.74747474747475,99.72222222222223,False,-50.01985896186316,25,3242.6905940108,False,>=2000 Hz
220279,an arabiensis,IFA_39_33_1553.wav,0,99.21717171717171,99.21717171717171,False,-38.76676854045148,0,44.37407700982649,True,<100 Hz
220279,an arabiensis,IFA_39_33_1553.wav,100,99.84848484848486,99.84848484848486,False,-50.428165060042915,34,5435.453615558967,False,>=2000 Hz
220279,an arabiensis,IFA_39_33_1553.wav,150,99.87373737373737,99.87373737373737,False,-50.24790414136948,36,6233.825044478617,False,>=2000 Hz
220279,an arabiensis,IFA_39_33_1553.wav,200,99.84848484848486,99.84848484848486,False,-50.29330282255665,36,6272.599048553766,False,>=2000 Hz
220279,an arabiensis,IFA_39_33_1553.wav,300,99.84848484848486,99.84848484848486,False,-50.428165060042915,34,5639.114996491976,False,>=2000 Hz
220278,an arabiensis,IFA_39_33_1553.wav,0,100.0,100.0,True,-53.00355502062551,8,517.1296515613235,False,300-800 Hz
220278,an arabiensis,IFA_39_33_1553.wav,100,100.0,100.0,True,-52.90786888755847,6,502.37884079729855,False,300-800 Hz
220278,an arabiensis,IFA_39_33_1553.wav,150,100.0,100.0,True,-55.017578622872904,5,494.64394366172684,False,300-800 Hz
220278,an arabiensis,IFA_39_33_1553.wav,200,100.0,100.0,True,-52.9779538413886,5,554.3806613018434,False,300-800 Hz
220278,an arabiensis,IFA_39_33_1553.wav,300,100.0,100.0,True,-53.00355502062551,3,534.9813946953967,False,300-800 Hz
220285,an arabiensis,IFA_39_35_1555.wav,0,98.33333333333333,98.25757575757575,False,-45.830547763809896,9,594.2853728317884,False,300-800 Hz
220285,an arabiensis,IFA_39_35_1555.wav,100,98.30808080808082,98.25757575757575,False,-45.916496628208144,7,574.4420356195228,False,300-800 Hz
220285,an arabiensis,IFA_39_35_1555.wav,150,98.33333333333333,98.30808080808082,False,-45.541510160126684,6,564.3726097218181,False,300-800 Hz
220285,an arabiensis,IFA_39_35_1555.wav,200,98.51010101010101,98.38383838383838,False,-45.79693336672111,17,1736.7054285722647,False,800-2000 Hz
220285,an arabiensis,IFA_39_35_1555.wav,300,98.38383838383838,98.33333333333333,False,-45.916496628208144,4,601.8936796253,False,300-800 Hz
220284,an arabiensis,IFA_39_35_1555.wav,0,98.28282828282828,98.23232323232324,False,-44.90329140058164,19,1693.1066090376025,False,800-2000 Hz
220284,an arabiensis,IFA_39_35_1555.wav,100,98.58585858585859,98.51010101010101,False,-45.26488079700442,17,1580.907710730555,False,800-2000 Hz
220284,an arabiensis,IFA_39_35_1555.wav,150,98.66161616161617,98.61111111111111,False,-44.840576860624076,17,1659.8130898129411,False,800-2000 Hz
220284,an arabiensis,IFA_39_35_1555.wav,200,98.53535353535354,98.4090909090909,False,-45.26488079700442,16,1605.5359087903153,False,800-2000 Hz
220284,an arabiensis,IFA_39_35_1555.wav,300,98.66161616161617,98.61111111111111,False,-44.840576860624076,15,1626.1711200507493,False,800-2000 Hz
220286,an arabiensis,IFA_39_35_1555.wav,0,99.64646464646465,99.62121212121212,False,-48.67272831412944,9,594.2853728317884,False,300-800 Hz
220286,an arabiensis,IFA_39_35_1555.wav,100,99.5959595959596,99.57070707070706,False,-48.67272831412944,13,1107.1435959963192,False,800-2000 Hz
220286,an arabiensis,IFA_39_35_1555.wav,150,99.5959595959596,99.57070707070706,False,-49.37339565246228,6,564.3726097218181,False,300-800 Hz
220286,an arabiensis,IFA_39_35_1555.wav,200,99.64646464646465,99.62121212121212,False,-49.090950020617726,12,1147.767526900907,False,800-2000 Hz
220286,an arabiensis,IFA_39_35_1555.wav,300,99.57070707070706,99.52020202020202,False,-50.202758849671724,10,1086.7596689771533,False,800-2000 Hz
220283,an funestus ss,IFA_39_39_1559.wav,0,100.0,100.0,True,-54.78741459071638,19,1693.1066090376025,False,800-2000 Hz
220283,an funestus ss,IFA_39_39_1559.wav,100,100.0,100.0,True,-54.82924961978828,18,1717.6112946200515,False,800-2000 Hz
220283,an funestus ss,IFA_39_39_1559.wav,150,100.0,100.0,True,-56.54796059048404,18,1797.5500446410404,False,800-2000 Hz
220283,an funestus ss,IFA_39_39_1559.wav,200,100.0,100.0,True,-54.62972962481185,17,1736.7054285722647,False,800-2000 Hz
220283,an funestus ss,IFA_39_39_1559.wav,300,100.0,100.0,True,-56.61892599344362,16,1752.2049416525224,False,800-2000 Hz
220356,an squamosus,IFA_40_32_1592.wav,0,100.0,100.0,True,-53.518321023066434,13,955.0184679215481,False,800-2000 Hz
220356,an squamosus,IFA_40_32_1592.wav,100,100.0,100.0,True,-53.3812595443691,11,908.5521219032305,False,800-2000 Hz
220356,an squamosus,IFA_40_32_1592.wav,150,100.0,100.0,True,-53.67364758654717,11,979.0284142678163,False,800-2000 Hz
220356,an squamosus,IFA_40_32_1592.wav,200,100.0,100.0,True,-53.57476403650555,10,954.1887019828487,False,800-2000 Hz
220356,an squamosus,IFA_40_32_1592.wav,300,100.0,100.0,True,-53.67364758654717,9,994.9271530483034,False,800-2000 Hz
220357,an squamosus,IFA_40_32_1592.wav,0,98.20707070707071,98.18181818181819,False,-32.79566418365806,0,44.37407700982649,True,<100 Hz
220357,an squamosus,IFA_40_32_1592.wav,100,98.98989898989899,98.98989898989899,False,-44.78187280978,31,4452.409703131681,False,>=2000 Hz
220357,an squamosus,IFA_40_32_1592.wav,150,98.98989898989899,98.98989898989899,False,-44.720642521601555,30,4233.479401186071,False,>=2000 Hz
220357,an squamosus,IFA_40_32_1592.wav,200,98.98989898989899,98.98989898989899,False,-44.78025228335332,30,4302.739070598876,False,>=2000 Hz
220357,an squamosus,IFA_40_32_1592.wav,300,99.01515151515152,99.01515151515152,False,-45.03500645972329,29,4169.149528643879,False,>=2000 Hz
220345,culex pipiens complex,IFA_40_37_1597.wav,0,98.83838383838383,98.83838383838383,False,-33.33636491770537,0,44.37407700982649,True,<100 Hz
220345,culex pipiens complex,IFA_40_37_1597.wav,100,100.0,100.0,True,-52.60840564074613,31,4452.409703131681,False,>=2000 Hz
220345,culex pipiens complex,IFA_40_37_1597.wav,150,100.0,100.0,True,-52.22398945736587,30,4233.479401186071,False,>=2000 Hz
220345,culex pipiens complex,IFA_40_37_1597.wav,200,100.0,100.0,True,-52.11808510835876,30,4302.739070598876,False,>=2000 Hz
220345,culex pipiens complex,IFA_40_37_1597.wav,300,100.0,100.0,True,-52.23410215805296,29,4169.149528643879,False,>=2000 Hz
220344,culex pipiens complex,IFA_40_37_1597.wav,0,99.84848484848486,99.84848484848486,False,-49.31629344423246,35,5698.132814724254,False,>=2000 Hz
220344,culex pipiens complex,IFA_40_37_1597.wav,100,99.84848484848486,99.84848484848486,False,-49.96777931012143,37,6606.055464843051,False,>=2000 Hz
220344,culex pipiens complex,IFA_40_37_1597.wav,150,99.84848484848486,99.84848484848486,False,-50.02041225639768,37,6638.536735866427,False,>=2000 Hz
220344,culex pipiens complex,IFA_40_37_1597.wav,200,99.84848484848486,99.84848484848486,False,-49.87167767091236,34,5542.124294130725,False,>=2000 Hz
220344,culex pipiens complex,IFA_40_37_1597.wav,300,99.8989898989899,99.8989898989899,False,-49.629919234587064,34,5639.114996491976,False,>=2000 Hz
220339,an squamosus,IFA_40_40_1600.wav,0,91.11111111111111,90.98484848484848,False,-33.33742204822829,34,5316.723457509462,False,>=2000 Hz
220339,an squamosus,IFA_40_40_1600.wav,100,90.95959595959596,90.73232323232322,False,-32.888742464083045,33,5088.525017110928,False,>=2000 Hz
220339,an squamosus,IFA_40_40_1600.wav,150,90.8080808080808,90.65656565656566,False,-32.81577042718765,33,5148.750552755978,False,>=2000 Hz
220339,an squamosus,IFA_40_40_1600.wav,200,90.65656565656566,90.55555555555556,False,-32.82310764254133,33,5206.106474135096,False,>=2000 Hz
220339,an squamosus,IFA_40_40_1600.wav,300,90.58080808080808,90.35353535353535,False,-33.54272135154597,32,5004.24831571783,False,>=2000 Hz
220340,an squamosus,IFA_40_40_1600.wav,0,99.92424242424242,99.92424242424242,False,-50.619865614477874,13,955.0184679215481,False,800-2000 Hz
220340,an squamosus,IFA_40_40_1600.wav,100,99.97474747474747,99.94949494949495,False,-51.80764028168071,12,1004.9588458152629,False,800-2000 Hz
220340,an squamosus,IFA_40_40_1600.wav,150,99.94949494949495,99.94949494949495,False,-50.6321243835974,11,979.0284142678163,False,800-2000 Hz
220340,an squamosus,IFA_40_40_1600.wav,200,99.94949494949495,99.92424242424242,False,-50.6478115132613,10,954.1887019828487,False,800-2000 Hz
220340,an squamosus,IFA_40_40_1600.wav,300,99.94949494949495,99.94949494949495,False,-50.6321243835974,9,994.9271530483034,False,800-2000 Hz
220338,culex pipiens complex,IFA_41_10_1610.wav,0,99.8989898989899,99.87373737373737,False,-42.02870774375022,0,44.37407700982649,True,<100 Hz
220338,culex pipiens complex,IFA_41_10_1610.wav,100,100.0,100.0,True,-53.601982964051956,26,3151.3818245654097,False,>=2000 Hz
220338,culex pipiens complex,IFA_41_10_1610.wav,150,100.0,100.0,True,-54.04504805717056,21,2260.90163072702,False,>=2000 Hz
220338,culex pipiens complex,IFA_41_10_1610.wav,200,100.0,100.0,True,-53.7599393876301,17,1736.7054285722647,False,800-2000 Hz
220338,culex pipiens complex,IFA_41_10_1610.wav,300,100.0,100.0,True,-53.7599393876301,25,3242.6905940108,False,>=2000 Hz
220337,culex pipiens complex,IFA_41_10_1610.wav,0,99.39393939393939,99.39393939393939,False,-33.53624072456053,0,44.37407700982649,True,<100 Hz
220337,culex pipiens complex,IFA_41_10_1610.wav,100,100.0,100.0,True,-54.74210326770377,22,2351.4167527500604,False,>=2000 Hz
220337,culex pipiens complex,IFA_41_10_1610.wav,150,100.0,100.0,True,-55.02775749372581,21,2260.90163072702,False,>=2000 Hz
220337,culex pipiens complex,IFA_41_10_1610.wav,200,100.0,100.0,True,-54.74210326770377,21,2340.3780686307796,False,>=2000 Hz
220337,culex pipiens complex,IFA_41_10_1610.wav,300,100.0,100.0,True,-54.74210326770377,20,2328.427478920975,False,>=2000 Hz
220360,an arabiensis,IFA_41_12_1612.wav,0,100.0,100.0,True,-53.62275084602768,13,955.0184679215481,False,800-2000 Hz
220360,an arabiensis,IFA_41_12_1612.wav,100,100.0,100.0,True,-56.31578430969458,11,908.5521219032305,False,800-2000 Hz
220360,an arabiensis,IFA_41_12_1612.wav,150,100.0,100.0,True,-53.62704143783979,11,979.0284142678163,False,800-2000 Hz
220360,an arabiensis,IFA_41_12_1612.wav,200,100.0,100.0,True,-53.62520112320544,10,954.1887019828487,False,800-2000 Hz
220360,an arabiensis,IFA_41_12_1612.wav,300,100.0,100.0,True,-53.62704143783979,9,994.9271530483034,False,800-2000 Hz
220349,culex pipiens complex,IFA_41_13_1613.wav,0,100.0,100.0,True,-52.364696161597124,0,44.37407700982649,True,<100 Hz
220349,culex pipiens complex,IFA_41_13_1613.wav,100,100.0,100.0,True,-56.882116198507745,19,1862.5080507980697,False,800-2000 Hz
220349,culex pipiens complex,IFA_41_13_1613.wav,150,100.0,100.0,True,-57.830874898631734,37,6638.536735866427,False,>=2000 Hz
220349,culex pipiens complex,IFA_41_13_1613.wav,200,100.0,100.0,True,-56.75515256226972,18,1875.3376136955906,False,800-2000 Hz
220349,culex pipiens complex,IFA_41_13_1613.wav,300,100.0,100.0,True,-56.80153427773359,37,6726.324829246307,False,>=2000 Hz
220331,an squamosus,IFA_41_14_1614.wav,0,99.97474747474747,99.97474747474747,False,-50.085198134353234,0,44.37407700982649,True,<100 Hz
220331,an squamosus,IFA_41_14_1614.wav,100,100.0,100.0,True,-57.66129721231691,10,817.5967063546011,False,800-2000 Hz
220331,an squamosus,IFA_41_14_1614.wav,150,100.0,100.0,True,-58.9927772282924,10,886.4319670625546,False,800-2000 Hz
220331,an squamosus,IFA_41_14_1614.wav,200,100.0,100.0,True,-57.770101476863154,9,865.1425927882087,False,800-2000 Hz
220331,an squamosus,IFA_41_14_1614.wav,300,100.0,100.0,True,-57.66129721231691,7,825.1790452437867,False,800-2000 Hz
220327,an squamosus,IFA_41_18_1618.wav,0,99.97474747474747,99.97474747474747,False,-50.6906922309775,12,856.358507538126,False,800-2000 Hz
220327,an squamosus,IFA_41_18_1618.wav,100,99.94949494949495,99.94949494949495,False,-50.99019750949974,10,817.5967063546011,False,800-2000 Hz
220327,an squamosus,IFA_41_18_1618.wav,150,99.97474747474747,99.97474747474747,False,-51.46721622477614,10,886.4319670625546,False,800-2000 Hz
220327,an squamosus,IFA_41_18_1618.wav,200,99.97474747474747,99.97474747474747,False,-50.6906922309775,9,865.1425927882087,False,800-2000 Hz
220327,an squamosus,IFA_41_18_1618.wav,300,99.94949494949495,99.94949494949495,False,-50.99019750949974,7,825.1790452437867,False,800-2000 Hz
220332,culex pipiens complex,IFA_41_24_1624.wav,0,100.0,100.0,True,-56.4743324906957,36,6103.720297923787,False,>=2000 Hz
220332,culex pipiens complex,IFA_41_24_1624.wav,100,100.0,100.0,True,-57.521879827802536,36,6192.935304310192,False,>=2000 Hz
220332,culex pipiens complex,IFA_41_24_1624.wav,150,100.0,100.0,True,-57.24413742563478,36,6233.825044478617,False,>=2000 Hz
220332,culex pipiens complex,IFA_41_24_1624.wav,200,100.0,100.0,True,-56.73316267814582,36,6272.599048553766,False,>=2000 Hz
220332,culex pipiens complex,IFA_41_24_1624.wav,300,100.0,100.0,True,-55.2754950360214,35,5982.573343857049,False,>=2000 Hz
220333,culex pipiens complex,IFA_41_24_1624.wav,0,100.0,100.0,True,-56.847695110373515,34,5316.723457509462,False,>=2000 Hz
220333,culex pipiens complex,IFA_41_24_1624.wav,100,100.0,100.0,True,-56.08313003373307,34,5435.453615558967,False,>=2000 Hz
220333,culex pipiens complex,IFA_41_24_1624.wav,150,100.0,100.0,True,-55.94170720352256,33,5148.750552755978,False,>=2000 Hz
220333,culex pipiens complex,IFA_41_24_1624.wav,200,100.0,100.0,True,-56.10524897318692,33,5206.106474135096,False,>=2000 Hz
220333,culex pipiens complex,IFA_41_24_1624.wav,300,100.0,100.0,True,-57.4869770651441,33,5313.3090758650505,False,>=2000 Hz
220334,culex pipiens complex,IFA_41_25_1625.wav,0,99.94949494949495,99.94949494949495,False,-51.11190671682799,0,44.37407700982649,True,<100 Hz
220334,culex pipiens complex,IFA_41_25_1625.wav,100,100.0,100.0,True,-59.90529470100165,27,3382.2099706881345,False,>=2000 Hz
220334,culex pipiens complex,IFA_41_25_1625.wav,150,100.0,100.0,True,-61.12221248536463,27,3461.439059913137,False,>=2000 Hz
220334,culex pipiens complex,IFA_41_25_1625.wav,200,100.0,100.0,True,-61.381922422203196,26,3309.436055611549,False,>=2000 Hz
220334,culex pipiens complex,IFA_41_25_1625.wav,300,100.0,100.0,True,-61.69007651151758,25,3242.6905940108,False,>=2000 Hz
220330,culex pipiens complex,IFA_41_26_1626.wav,0,98.98989898989899,98.96464646464646,False,-40.784564754163235,11,763.5799242943094,False,300-800 Hz
220330,culex pipiens complex,IFA_41_26_1626.wav,100,99.01515151515152,99.01515151515152,False,-41.10738661371976,10,817.5967063546011,False,800-2000 Hz
220330,culex pipiens complex,IFA_41_26_1626.wav,150,98.96464646464646,98.91414141414141,False,-40.77646300651053,9,798.9421052862099,False,300-800 Hz
220330,culex pipiens complex,IFA_41_26_1626.wav,200,99.06565656565657,99.06565656565657,False,-41.65402163408986,9,865.1425927882087,False,800-2000 Hz
220330,culex pipiens complex,IFA_41_26_1626.wav,300,99.11616161616162,99.0909090909091,False,-41.10738661371976,7,825.1790452437867,False,800-2000 Hz
220423,an arabiensis,IFA_41_34_1634.wav,0,99.46969696969697,99.46969696969697,False,-43.29344715086977,0,44.37407700982649,True,<100 Hz
220423,an arabiensis,IFA_41_34_1634.wav,100,100.0,100.0,True,-58.693322529876816,30,4161.067222372874,False,>=2000 Hz
220423,an arabiensis,IFA_41_34_1634.wav,150,100.0,100.0,True,-57.548225484149064,30,4233.479401186071,False,>=2000 Hz
220423,an arabiensis,IFA_41_34_1634.wav,200,100.0,100.0,True,-57.57858021513704,30,4302.739070598876,False,>=2000 Hz
220423,an arabiensis,IFA_41_34_1634.wav,300,100.0,100.0,True,-58.693322529876816,29,4169.149528643879,False,>=2000 Hz
220422,an arabiensis,IFA_41_34_1634.wav,0,99.21717171717171,99.21717171717171,False,-37.53315876852834,0,44.37407700982649,True,<100 Hz
220422,an arabiensis,IFA_41_34_1634.wav,100,100.0,100.0,True,-56.552833544538004,30,4161.067222372874,False,>=2000 Hz
220422,an arabiensis,IFA_41_34_1634.wav,150,100.0,100.0,True,-56.93629079806183,30,4233.479401186071,False,>=2000 Hz
220422,an arabiensis,IFA_41_34_1634.wav,200,100.0,100.0,True,-56.62532464615314,30,4302.739070598876,False,>=2000 Hz
220422,an arabiensis,IFA_41_34_1634.wav,300,100.0,100.0,True,-56.552833544538004,29,4169.149528643879,False,>=2000 Hz
220421,an arabiensis,IFA_41_34_1634.wav,0,98.73737373737373,98.7121212121212,False,-34.24745271596437,0,44.37407700982649,True,<100 Hz
220421,an arabiensis,IFA_41_34_1634.wav,100,99.52020202020202,99.4949494949495,False,-37.62394195691157,39,7508.05938800615,False,>=2000 Hz
220421,an arabiensis,IFA_41_34_1634.wav,150,99.44444444444444,99.44444444444444,False,-37.62394195691157,39,7520.205206868358,False,>=2000 Hz
220421,an arabiensis,IFA_41_34_1634.wav,200,99.44444444444444,99.44444444444444,False,-37.62394195691157,39,7531.673049716309,False,>=2000 Hz
220421,an arabiensis,IFA_41_34_1634.wav,300,99.4949494949495,99.46969696969697,False,-37.695414309207706,39,7552.853748350859,False,>=2000 Hz
220384,an arabiensis,IFA_41_36_1636.wav,0,99.46969696969697,99.41919191919192,False,-46.85943756680742,30,4005.299254580609,False,>=2000 Hz
220384,an arabiensis,IFA_41_36_1636.wav,100,99.64646464646465,99.57070707070706,False,-48.07235722426235,29,3886.19867245134,False,>=2000 Hz
220384,an arabiensis,IFA_41_36_1636.wav,150,99.57070707070706,99.52020202020202,False,-47.31599270013177,29,3961.4038001847744,False,>=2000 Hz
220384,an arabiensis,IFA_41_36_1636.wav,200,99.44444444444444,99.41919191919192,False,-47.044880545142306,29,4033.4382048519074,False,>=2000 Hz
220384,an arabiensis,IFA_41_36_1636.wav,300,99.69696969696969,99.67171717171716,False,-48.07235722426235,28,3918.894130890742,False,>=2000 Hz
220374,an arabiensis,IFA_41_37_1637.wav,0,99.04040404040404,98.98989898989899,False,-34.40351164032535,0,44.37407700982649,True,<100 Hz
220374,an arabiensis,IFA_41_37_1637.wav,100,99.94949494949495,99.92424242424242,False,-50.83876680837882,37,6606.055464843051,False,>=2000 Hz
220374,an arabiensis,IFA_41_37_1637.wav,150,99.94949494949495,99.94949494949495,False,-50.94742916563503,35,5851.432728061765,False,>=2000 Hz
220374,an arabiensis,IFA_41_37_1637.wav,200,99.94949494949495,99.94949494949495,False,-51.045991732047824,37,6669.293138350332,False,>=2000 Hz
220374,an arabiensis,IFA_41_37_1637.wav,300,99.94949494949495,99.92424242424242,False,-51.256375890013146,37,6726.324829246307,False,>=2000 Hz
220373,an arabiensis,IFA_41_37_1637.wav,0,97.67676767676767,97.62626262626263,False,-28.42229914224969,0,44.37407700982649,True,<100 Hz
220373,an arabiensis,IFA_41_37_1637.wav,100,99.24242424242425,99.19191919191918,False,-39.76451605284651,37,6606.055464843051,False,>=2000 Hz
220373,an arabiensis,IFA_41_37_1637.wav,150,99.24242424242425,99.19191919191918,False,-39.828355162696546,37,6638.536735866427,False,>=2000 Hz
220373,an arabiensis,IFA_41_37_1637.wav,200,99.24242424242425,99.21717171717171,False,-39.902928220405414,37,6669.293138350332,False,>=2000 Hz
220373,an arabiensis,IFA_41_37_1637.wav,300,99.24242424242425,99.21717171717171,False,-39.77794677988409,37,6726.324829246307,False,>=2000 Hz
220424,an arabiensis,IFA_42_11_1651.wav,0,98.98989898989899,98.93939393939394,False,-37.37721320721915,0,44.37407700982649,True,<100 Hz
220424,an arabiensis,IFA_42_11_1651.wav,100,100.0,100.0,True,-53.07228854522535,30,4161.067222372874,False,>=2000 Hz
220424,an arabiensis,IFA_42_11_1651.wav,150,100.0,100.0,True,-52.350727825100456,30,4233.479401186071,False,>=2000 Hz
220424,an arabiensis,IFA_42_11_1651.wav,200,100.0,100.0,True,-52.06036147218412,30,4302.739070598876,False,>=2000 Hz
220424,an arabiensis,IFA_42_11_1651.wav,300,100.0,100.0,True,-52.57566224490646,29,4169.149528643879,False,>=2000 Hz
220425,an arabiensis,IFA_42_11_1651.wav,0,100.0,100.0,True,-53.833191236544586,0,44.37407700982649,True,<100 Hz
220425,an arabiensis,IFA_42_11_1651.wav,100,100.0,100.0,True,-59.36774994767166,30,4161.067222372874,False,>=2000 Hz
220425,an arabiensis,IFA_42_11_1651.wav,150,100.0,100.0,True,-59.02352347254868,30,4233.479401186071,False,>=2000 Hz
220425,an arabiensis,IFA_42_11_1651.wav,200,100.0,100.0,True,-59.38641627968914,30,4302.739070598876,False,>=2000 Hz
220425,an arabiensis,IFA_42_11_1651.wav,300,100.0,100.0,True,-59.36774994767166,29,4169.149528643879,False,>=2000 Hz
220426,an arabiensis,IFA_42_11_1651.wav,0,98.53535353535354,98.45959595959596,False,-39.956745537563236,0,44.37407700982649,True,<100 Hz
220426,an arabiensis,IFA_42_11_1651.wav,100,99.34343434343434,99.34343434343434,False,-46.9689360869404,31,4452.409703131681,False,>=2000 Hz
220426,an arabiensis,IFA_42_11_1651.wav,150,99.34343434343434,99.34343434343434,False,-47.227378860813864,30,4233.479401186071,False,>=2000 Hz
220426,an arabiensis,IFA_42_11_1651.wav,200,99.34343434343434,99.34343434343434,False,-47.178339242853596,30,4302.739070598876,False,>=2000 Hz
220426,an arabiensis,IFA_42_11_1651.wav,300,99.29292929292929,99.29292929292929,False,-47.54467602760819,29,4169.149528643879,False,>=2000 Hz
220381,an squamosus,IFA_42_17_1657.wav,0,98.23232323232324,98.20707070707071,False,-37.95186255299204,0,44.37407700982649,True,<100 Hz
220381,an squamosus,IFA_42_17_1657.wav,100,99.39393939393939,99.31818181818181,False,-48.195641996507284,30,4161.067222372874,False,>=2000 Hz
220381,an squamosus,IFA_42_17_1657.wav,150,99.39393939393939,99.31818181818181,False,-48.12340634812388,30,4233.479401186071,False,>=2000 Hz
220381,an squamosus,IFA_42_17_1657.wav,200,99.39393939393939,99.34343434343434,False,-48.23990717596244,30,4302.739070598876,False,>=2000 Hz
220381,an squamosus,IFA_42_17_1657.wav,300,99.34343434343434,99.34343434343434,False,-48.195641996507284,29,4169.149528643879,False,>=2000 Hz
220376,an arabiensis,IFA_42_19_1659.wav,0,98.81313131313131,98.7878787878788,False,-39.346262708031254,0,44.37407700982649,True,<100 Hz
220376,an arabiensis,IFA_42_19_1659.wav,100,99.36868686868688,99.36868686868688,False,-46.886724212047184,8,650.8242552547106,False,300-800 Hz
220376,an arabiensis,IFA_42_19_1659.wav,150,99.31818181818181,99.31818181818181,False,-46.886724212047184,7,638.1711803725744,False,300-800 Hz
220376,an arabiensis,IFA_42_19_1659.wav,200,99.34343434343434,99.29292929292929,False,-46.886724212047184,6,625.7465022498844,False,300-800 Hz
220376,an arabiensis,IFA_42_19_1659.wav,300,99.34343434343434,99.31818181818181,False,-47.22358763091989,5,672.4313259523644,False,300-800 Hz
220375,an arabiensis,IFA_42_19_1659.wav,0,99.97474747474747,99.97474747474747,False,-51.80390235643101,19,1693.1066090376025,False,800-2000 Hz
220375,an arabiensis,IFA_42_19_1659.wav,100,99.97474747474747,99.97474747474747,False,-51.80870505118815,18,1717.6112946200515,False,800-2000 Hz
220375,an arabiensis,IFA_42_19_1659.wav,150,99.97474747474747,99.97474747474747,False,-51.31676055764313,18,1797.5500446410404,False,800-2000 Hz
220375,an arabiensis,IFA_42_19_1659.wav,200,99.97474747474747,99.94949494949495,False,-51.78901723881248,17,1736.7054285722647,False,800-2000 Hz
220375,an arabiensis,IFA_42_19_1659.wav,300,99.97474747474747,99.97474747474747,False,-51.36088447622086,16,1752.2049416525224,False,800-2000 Hz
220495,an squamosus,IFA_43_10_1690.wav,0,100.0,100.0,True,-55.57483472161731,34,5316.723457509462,False,>=2000 Hz
220495,an squamosus,IFA_43_10_1690.wav,100,100.0,100.0,True,-56.224591597715744,34,5435.453615558967,False,>=2000 Hz
220495,an squamosus,IFA_43_10_1690.wav,150,100.0,100.0,True,-56.19744168129522,34,5490.128899271392,False,>=2000 Hz
220495,an squamosus,IFA_43_10_1690.wav,200,100.0,100.0,True,-55.994294486706124,36,6272.599048553766,False,>=2000 Hz
220495,an squamosus,IFA_43_10_1690.wav,300,100.0,100.0,True,-56.34808902637001,37,6726.324829246307,False,>=2000 Hz
220494,an squamosus,IFA_43_10_1690.wav,0,100.0,100.0,True,-55.11580855930215,34,5316.723457509462,False,>=2000 Hz
220494,an squamosus,IFA_43_10_1690.wav,100,100.0,100.0,True,-54.63336663609766,34,5435.453615558967,False,>=2000 Hz
220494,an squamosus,IFA_43_10_1690.wav,150,100.0,100.0,True,-54.80373046628233,34,5490.128899271392,False,>=2000 Hz
220494,an squamosus,IFA_43_10_1690.wav,200,100.0,100.0,True,-55.567983214029795,33,5206.106474135096,False,>=2000 Hz
220494,an squamosus,IFA_43_10_1690.wav,300,100.0,100.0,True,-55.7472783427822,33,5313.3090758650505,False,>=2000 Hz
220497,an squamosus,IFA_43_10_1690.wav,0,100.0,100.0,True,-59.84164486610459,12,856.358507538126,False,800-2000 Hz
220497,an squamosus,IFA_43_10_1690.wav,100,100.0,100.0,True,-59.78589745540009,34,5435.453615558967,False,>=2000 Hz
220497,an squamosus,IFA_43_10_1690.wav,150,100.0,100.0,True,-59.50526663579691,10,886.4319670625546,False,800-2000 Hz
220497,an squamosus,IFA_43_10_1690.wav,200,100.0,100.0,True,-59.84164486610459,9,865.1425927882087,False,800-2000 Hz
220497,an squamosus,IFA_43_10_1690.wav,300,100.0,100.0,True,-59.924419030638035,34,5639.114996491976,False,>=2000 Hz
220496,an squamosus,IFA_43_10_1690.wav,0,100.0,100.0,True,-61.69586120620015,37,6535.01859571434,False,>=2000 Hz
220496,an squamosus,IFA_43_10_1690.wav,100,100.0,100.0,True,-61.39733227949735,36,6192.935304310192,False,>=2000 Hz
220496,an squamosus,IFA_43_10_1690.wav,150,100.0,100.0,True,-61.451086361387446,36,6233.825044478617,False,>=2000 Hz
220496,an squamosus,IFA_43_10_1690.wav,200,100.0,100.0,True,-61.449157205968675,36,6272.599048553766,False,>=2000 Hz
220496,an squamosus,IFA_43_10_1690.wav,300,100.0,100.0,True,-61.657021144788416,36,6344.640540634074,False,>=2000 Hz
220483,an squamosus,IFA_43_15_1695.wav,0,100.0,100.0,True,-52.95220485011881,30,4005.299254580609,False,>=2000 Hz
220483,an squamosus,IFA_43_15_1695.wav,100,100.0,100.0,True,-53.185264138037795,34,5435.453615558967,False,>=2000 Hz
220483,an squamosus,IFA_43_15_1695.wav,150,100.0,100.0,True,-53.830483159187665,29,3961.4038001847744,False,>=2000 Hz
220483,an squamosus,IFA_43_15_1695.wav,200,100.0,100.0,True,-54.45085339755909,36,6272.599048553766,False,>=2000 Hz
220483,an squamosus,IFA_43_15_1695.wav,300,100.0,100.0,True,-53.455724239749685,36,6344.640540634074,False,>=2000 Hz
220484,an squamosus,IFA_43_15_1695.wav,0,99.94949494949495,99.94949494949495,False,-50.83422303302601,34,5316.723457509462,False,>=2000 Hz
220484,an squamosus,IFA_43_15_1695.wav,100,99.97474747474747,99.97474747474747,False,-51.6030897131079,34,5435.453615558967,False,>=2000 Hz
220484,an squamosus,IFA_43_15_1695.wav,150,99.97474747474747,99.97474747474747,False,-51.66545693442671,33,5148.750552755978,False,>=2000 Hz
220484,an squamosus,IFA_43_15_1695.wav,200,99.94949494949495,99.94949494949495,False,-51.10578024315149,33,5206.106474135096,False,>=2000 Hz
220484,an squamosus,IFA_43_15_1695.wav,300,99.97474747474747,99.97474747474747,False,-51.17923180742005,33,5313.3090758650505,False,>=2000 Hz
220443,an squamosus,IFA_43_23_1703.wav,0,100.0,100.0,True,-64.02992797778212,38,6993.657556191134,False,>=2000 Hz
220443,an squamosus,IFA_43_23_1703.wav,100,100.0,100.0,True,-64.56508518038247,37,6606.055464843051,False,>=2000 Hz
220443,an squamosus,IFA_43_23_1703.wav,150,100.0,100.0,True,-64.04648967016868,37,6638.536735866427,False,>=2000 Hz
220443,an squamosus,IFA_43_23_1703.wav,200,100.0,100.0,True,-64.05074583022356,37,6669.293138350332,False,>=2000 Hz
220443,an squamosus,IFA_43_23_1703.wav,300,100.0,100.0,True,-63.878171661633836,37,6726.324829246307,False,>=2000 Hz
220442,an squamosus,IFA_43_23_1703.wav,0,100.0,100.0,True,-58.357371016058664,8,517.1296515613235,False,300-800 Hz
220442,an squamosus,IFA_43_23_1703.wav,100,100.0,100.0,True,-59.522996253672666,6,502.37884079729855,False,300-800 Hz
220442,an squamosus,IFA_43_23_1703.wav,150,100.0,100.0,True,-58.38837594691788,5,494.64394366172684,False,300-800 Hz
220442,an squamosus,IFA_43_23_1703.wav,200,100.0,100.0,True,-59.522996253672666,5,554.3806613018434,False,300-800 Hz
220442,an squamosus,IFA_43_23_1703.wav,300,100.0,100.0,True,-58.38837594691788,3,534.9813946953967,False,300-800 Hz
220470,an squamosus,IFA_43_33_1713.wav,0,100.0,100.0,True,-54.756444936285675,20,1844.8093189835445,False,800-2000 Hz
220470,an squamosus,IFA_43_33_1713.wav,100,100.0,100.0,True,-54.750354582310194,19,1862.5080507980697,False,800-2000 Hz
220470,an squamosus,IFA_43_33_1713.wav,150,100.0,100.0,True,-54.94214321203714,19,1943.326394117477,False,800-2000 Hz
220470,an squamosus,IFA_43_33_1713.wav,200,100.0,100.0,True,-54.91782771405009,18,1875.3376136955906,False,800-2000 Hz
220470,an squamosus,IFA_43_33_1713.wav,300,100.0,100.0,True,-54.89778063343487,17,1885.0673770439807,False,800-2000 Hz
220469,an squamosus,IFA_43_33_1713.wav,0,100.0,100.0,True,-57.98682520301698,20,1844.8093189835445,False,800-2000 Hz
220469,an squamosus,IFA_43_33_1713.wav,100,100.0,100.0,True,-57.98682520301698,19,1862.5080507980697,False,800-2000 Hz
220469,an squamosus,IFA_43_33_1713.wav,150,100.0,100.0,True,-58.227577972356535,19,1943.326394117477,False,800-2000 Hz
220469,an squamosus,IFA_43_33_1713.wav,200,100.0,100.0,True,-56.86363578508314,18,1875.3376136955906,False,800-2000 Hz
220469,an squamosus,IFA_43_33_1713.wav,300,100.0,100.0,True,-56.90641748137631,17,1885.0673770439807,False,800-2000 Hz
220468,an squamosus,IFA_43_33_1713.wav,0,100.0,100.0,True,-60.130964765572834,23,2360.0945639961947,False,>=2000 Hz
220468,an squamosus,IFA_43_33_1713.wav,100,100.0,100.0,True,-59.86054787453451,16,1451.9340170387993,False,800-2000 Hz
220468,an squamosus,IFA_43_33_1713.wav,150,100.0,100.0,True,-59.08138429696855,19,1943.326394117477,False,800-2000 Hz
220468,an squamosus,IFA_43_33_1713.wav,200,100.0,100.0,True,-59.86054787453451,15,1481.4273339703952,False,800-2000 Hz
220468,an squamosus,IFA_43_33_1713.wav,300,100.0,100.0,True,-60.52535921545384,20,2328.427478920975,False,>=2000 Hz
220448,an squamosus,IFA_43_36_1716.wav,0,100.0,100.0,True,-60.137739118696544,34,5316.723457509462,False,>=2000 Hz
220448,an squamosus,IFA_43_36_1716.wav,100,100.0,100.0,True,-59.93925423162966,34,5435.453615558967,False,>=2000 Hz
220448,an squamosus,IFA_43_36_1716.wav,150,100.0,100.0,True,-60.310073188058254,33,5148.750552755978,False,>=2000 Hz
220448,an squamosus,IFA_43_36_1716.wav,200,100.0,100.0,True,-59.699631662526784,33,5206.106474135096,False,>=2000 Hz
220448,an squamosus,IFA_43_36_1716.wav,300,100.0,100.0,True,-60.09121451081803,33,5313.3090758650505,False,>=2000 Hz
220449,an squamosus,IFA_43_36_1716.wav,0,100.0,100.0,True,-63.48142197741892,21,2006.1286971205438,False,>=2000 Hz
220449,an squamosus,IFA_43_36_1716.wav,100,100.0,100.0,True,-63.48142197741892,20,2016.0890276353948,False,>=2000 Hz
220449,an squamosus,IFA_43_36_1716.wav,150,100.0,100.0,True,-62.25550354518756,19,1943.326394117477,False,800-2000 Hz
220449,an squamosus,IFA_43_36_1716.wav,200,100.0,100.0,True,-64.09576087097886,18,1875.3376136955906,False,800-2000 Hz
220449,an squamosus,IFA_43_36_1716.wav,300,100.0,100.0,True,-64.18589355517727,17,1885.0673770439807,False,800-2000 Hz
220450,an squamosus,IFA_43_36_1716.wav,0,100.0,100.0,True,-56.597945406321564,13,955.0184679215481,False,800-2000 Hz
220450,an squamosus,IFA_43_36_1716.wav,100,100.0,100.0,True,-59.38887584200401,12,1004.9588458152629,False,800-2000 Hz
220450,an squamosus,IFA_43_36_1716.wav,150,100.0,100.0,True,-56.63127201109832,11,979.0284142678163,False,800-2000 Hz
220450,an squamosus,IFA_43_36_1716.wav,200,100.0,100.0,True,-56.659824999504316,10,954.1887019828487,False,800-2000 Hz
220450,an squamosus,IFA_43_36_1716.wav,300,100.0,100.0,True,-56.63127201109832,9,994.9271530483034,False,800-2000 Hz
220510,an squamosus,IFA_43_37_1717.wav,0,100.0,100.0,True,-59.28708078637272,12,856.358507538126,False,800-2000 Hz
220510,an squamosus,IFA_43_37_1717.wav,100,100.0,100.0,True,-59.33643623665792,11,908.5521219032305,False,800-2000 Hz
220510,an squamosus,IFA_43_37_1717.wav,150,100.0,100.0,True,-59.545808719548546,10,886.4319670625546,False,800-2000 Hz
220510,an squamosus,IFA_43_37_1717.wav,200,100.0,100.0,True,-59.28708078637272,9,865.1425927882087,False,800-2000 Hz
220510,an squamosus,IFA_43_37_1717.wav,300,100.0,100.0,True,-59.33643623665792,8,907.814472208775,False,800-2000 Hz
220508,an squamosus,IFA_43_37_1717.wav,0,100.0,100.0,True,-58.607733491247494,35,5698.132814724254,False,>=2000 Hz
220508,an squamosus,IFA_43_37_1717.wav,100,100.0,100.0,True,-58.016904057247814,11,908.5521219032305,False,800-2000 Hz
220508,an squamosus,IFA_43_37_1717.wav,150,100.0,100.0,True,-58.16174817682712,35,5851.432728061765,False,>=2000 Hz
220508,an squamosus,IFA_43_37_1717.wav,200,100.0,100.0,True,-58.39042810035937,10,954.1887019828487,False,800-2000 Hz
220508,an squamosus,IFA_43_37_1717.wav,300,100.0,100.0,True,-58.50024749183586,34,5639.114996491976,False,>=2000 Hz
220509,an squamosus,IFA_43_37_1717.wav,0,100.0,100.0,True,-52.89572940282673,13,955.0184679215481,False,800-2000 Hz
220509,an squamosus,IFA_43_37_1717.wav,100,100.0,100.0,True,-52.87857262915167,11,908.5521219032305,False,800-2000 Hz
220509,an squamosus,IFA_43_37_1717.wav,150,100.0,100.0,True,-55.696724607293255,10,886.4319670625546,False,800-2000 Hz
220509,an squamosus,IFA_43_37_1717.wav,200,100.0,100.0,True,-52.89572940282673,10,954.1887019828487,False,800-2000 Hz
220509,an squamosus,IFA_43_37_1717.wav,300,100.0,100.0,True,-52.87857262915167,9,994.9271530483034,False,800-2000 Hz
220453,an arabiensis,IFA_44_10_1730.wav,0,98.98989898989899,98.98989898989899,False,-38.846119353364436,0,44.37407700982649,True,<100 Hz
220453,an arabiensis,IFA_44_10_1730.wav,100,99.41919191919192,99.41919191919192,False,-39.83175569823969,38,7043.93550770528,False,>=2000 Hz
220453,an arabiensis,IFA_44_10_1730.wav,150,99.41919191919192,99.41919191919192,False,-39.851323928276706,38,7066.870533681113,False,>=2000 Hz
220453,an arabiensis,IFA_44_10_1730.wav,200,99.36868686868688,99.36868686868688,False,-39.43277129956732,38,7088.556459474228,False,>=2000 Hz
220453,an arabiensis,IFA_44_10_1730.wav,300,99.36868686868688,99.36868686868688,False,-39.18629948157617,34,5639.114996491976,False,>=2000 Hz
220471,an arabiensis,IFA_44_11_1731.wav,0,100.0,100.0,True,-54.79505168848527,0,44.37407700982649,True,<100 Hz
220471,an arabiensis,IFA_44_11_1731.wav,100,100.0,100.0,True,-53.54897995134817,11,908.5521219032305,False,800-2000 Hz
220471,an arabiensis,IFA_44_11_1731.wav,150,100.0,100.0,True,-53.29005476269823,10,886.4319670625546,False,800-2000 Hz
220471,an arabiensis,IFA_44_11_1731.wav,200,100.0,100.0,True,-54.79505168848527,10,954.1887019828487,False,800-2000 Hz
220471,an arabiensis,IFA_44_11_1731.wav,300,100.0,100.0,True,-53.935424486758464,8,907.814472208775,False,800-2000 Hz
220481,an arabiensis,IFA_44_12_1732.wav,0,99.36868686868688,99.36868686868688,False,-37.313235703047155,0,44.37407700982649,True,<100 Hz
220481,an arabiensis,IFA_44_12_1732.wav,100,100.0,100.0,True,-55.733878067985714,8,650.8242552547106,False,300-800 Hz
220481,an arabiensis,IFA_44_12_1732.wav,150,100.0,100.0,True,-55.70599107720244,7,638.1711803725744,False,300-800 Hz
220481,an arabiensis,IFA_44_12_1732.wav,200,100.0,100.0,True,-55.736694738987424,6,625.7465022498844,False,300-800 Hz
220481,an arabiensis,IFA_44_12_1732.wav,300,100.0,100.0,True,-56.24681900617929,5,672.4313259523644,False,300-800 Hz
220480,an arabiensis,IFA_44_12_1732.wav,0,100.0,100.0,True,-57.740059948297926,0,44.37407700982649,True,<100 Hz
220480,an arabiensis,IFA_44_12_1732.wav,100,100.0,100.0,True,-59.713034469800554,35,5803.174981087622,False,>=2000 Hz
220480,an arabiensis,IFA_44_12_1732.wav,150,100.0,100.0,True,-60.59906108886457,35,5851.432728061765,False,>=2000 Hz
220480,an arabiensis,IFA_44_12_1732.wav,200,100.0,100.0,True,-60.989452213764366,34,5542.124294130725,False,>=2000 Hz
220480,an arabiensis,IFA_44_12_1732.wav,300,100.0,100.0,True,-60.03062460735592,34,5639.114996491976,False,>=2000 Hz
220491,an squamosus,IFA_44_13_1733.wav,0,98.58585858585859,98.58585858585859,False,-34.36762192684442,36,6103.720297923787,False,>=2000 Hz
220491,an squamosus,IFA_44_13_1733.wav,100,98.86363636363636,98.81313131313131,False,-34.34666917808932,36,6192.935304310192,False,>=2000 Hz
220491,an squamosus,IFA_44_13_1733.wav,150,98.91414141414141,98.91414141414141,False,-34.24287926769543,36,6233.825044478617,False,>=2000 Hz
220491,an squamosus,IFA_44_13_1733.wav,200,98.91414141414141,98.88888888888889,False,-34.10809251257571,36,6272.599048553766,False,>=2000 Hz
220491,an squamosus,IFA_44_13_1733.wav,300,98.76262626262627,98.76262626262627,False,-34.18978419921273,36,6344.640540634074,False,>=2000 Hz
220492,an squamosus,IFA_44_13_1733.wav,0,99.16666666666667,99.14141414141415,False,-32.157709257302244,0,44.37407700982649,True,<100 Hz
220492,an squamosus,IFA_44_13_1733.wav,100,99.8989898989899,99.8989898989899,False,-49.97263662133455,36,6192.935304310192,False,>=2000 Hz
220492,an squamosus,IFA_44_13_1733.wav,150,99.8989898989899,99.8989898989899,False,-49.95775785209776,36,6233.825044478617,False,>=2000 Hz
220492,an squamosus,IFA_44_13_1733.wav,200,99.8989898989899,99.8989898989899,False,-49.89577338866097,36,6272.599048553766,False,>=2000 Hz
220492,an squamosus,IFA_44_13_1733.wav,300,99.87373737373737,99.87373737373737,False,-50.53523716755122,36,6344.640540634074,False,>=2000 Hz
220499,an funestus ss,IFA_44_14_1734.wav,0,98.10606060606061,98.03030303030303,False,-29.231617888431852,0,44.37407700982649,True,<100 Hz
220499,an funestus ss,IFA_44_14_1734.wav,100,99.54545454545455,99.52020202020202,False,-42.152602557451374,35,5803.174981087622,False,>=2000 Hz
220499,an funestus ss,IFA_44_14_1734.wav,150,99.64646464646465,99.5959595959596,False,-41.84377131855037,35,5851.432728061765,False,>=2000 Hz
220499,an funestus ss,IFA_44_14_1734.wav,200,99.67171717171716,99.5959595959596,False,-41.59105198223254,35,5897.259272926163,False,>=2000 Hz
220499,an funestus ss,IFA_44_14_1734.wav,300,99.5959595959596,99.54545454545455,False,-41.01613859532101,35,5982.573343857049,False,>=2000 Hz
220465,an squamosus,IFA_44_15_1735.wav,0,99.69696969696969,99.67171717171716,False,-47.359246069655335,0,44.37407700982649,True,<100 Hz
220465,an squamosus,IFA_44_15_1735.wav,100,99.77272727272727,99.77272727272727,False,-49.972902556656614,38,7043.93550770528,False,>=2000 Hz
220465,an squamosus,IFA_44_15_1735.wav,150,99.79797979797979,99.79797979797979,False,-49.972902556656614,11,979.0284142678163,False,800-2000 Hz
220465,an squamosus,IFA_44_15_1735.wav,200,99.77272727272727,99.77272727272727,False,-49.972902556656614,10,954.1887019828487,False,800-2000 Hz
220465,an squamosus,IFA_44_15_1735.wav,300,99.82323232323232,99.79797979797979,False,-50.33036557633675,9,994.9271530483034,False,800-2000 Hz
220490,an squamosus,IFA_44_16_1736.wav,0,98.30808080808082,98.30808080808082,False,-33.04316934144,0,44.37407700982649,True,<100 Hz
220490,an squamosus,IFA_44_16_1736.wav,100,99.39393939393939,99.39393939393939,False,-49.07402133069073,33,5088.525017110928,False,>=2000 Hz
220490,an squamosus,IFA_44_16_1736.wav,150,99.39393939393939,99.39393939393939,False,-48.97581794980483,33,5148.750552755978,False,>=2000 Hz
220490,an squamosus,IFA_44_16_1736.wav,200,99.39393939393939,99.39393939393939,False,-49.123959235953166,33,5206.106474135096,False,>=2000 Hz
220490,an squamosus,IFA_44_16_1736.wav,300,99.34343434343434,99.34343434343434,False,-49.42114350255925,29,4169.149528643879,False,>=2000 Hz
220438,an squamosus,IFA_44_19_1739.wav,0,99.5959595959596,99.5959595959596,False,-44.09141254766873,38,6993.657556191134,False,>=2000 Hz
220438,an squamosus,IFA_44_19_1739.wav,100,99.57070707070706,99.57070707070706,False,-43.28301506163533,37,6606.055464843051,False,>=2000 Hz
220438,an squamosus,IFA_44_19_1739.wav,150,99.54545454545455,99.54545454545455,False,-43.367108518622636,37,6638.536735866427,False,>=2000 Hz
220438,an squamosus,IFA_44_19_1739.wav,200,99.54545454545455,99.54545454545455,False,-43.14084169805116,37,6669.293138350332,False,>=2000 Hz
220438,an squamosus,IFA_44_19_1739.wav,300,99.57070707070706,99.57070707070706,False,-43.11892154595292,37,6726.324829246307,False,>=2000 Hz
220437,an squamosus,IFA_44_19_1739.wav,0,99.31818181818181,99.31818181818181,False,-34.74105832248011,0,44.37407700982649,True,<100 Hz
220437,an squamosus,IFA_44_19_1739.wav,100,99.84848484848486,99.84848484848486,False,-48.853951097905224,34,5435.453615558967,False,>=2000 Hz
220437,an squamosus,IFA_44_19_1739.wav,150,99.87373737373737,99.84848484848486,False,-48.853951097905224,34,5490.128899271392,False,>=2000 Hz
220437,an squamosus,IFA_44_19_1739.wav,200,99.87373737373737,99.87373737373737,False,-48.853951097905224,34,5542.124294130725,False,>=2000 Hz
220437,an squamosus,IFA_44_19_1739.wav,300,99.8989898989899,99.87373737373737,False,-49.074852287984626,34,5639.114996491976,False,>=2000 Hz
220435,an squamosus,IFA_44_19_1739.wav,0,99.94949494949495,99.94949494949495,False,-50.87079161737633,0,44.37407700982649,True,<100 Hz
220435,an squamosus,IFA_44_19_1739.wav,100,100.0,100.0,True,-54.42410722686722,35,5803.174981087622,False,>=2000 Hz
220435,an squamosus,IFA_44_19_1739.wav,150,100.0,100.0,True,-54.57511949338942,35,5851.432728061765,False,>=2000 Hz
220435,an squamosus,IFA_44_19_1739.wav,200,100.0,100.0,True,-54.646021459728296,35,5897.259272926163,False,>=2000 Hz
220435,an squamosus,IFA_44_19_1739.wav,300,100.0,100.0,True,-54.872752841068966,34,5639.114996491976,False,>=2000 Hz
220436,an squamosus,IFA_44_19_1739.wav,0,98.93939393939394,98.93939393939394,False,-33.40522489882806,0,44.37407700982649,True,<100 Hz
220436,an squamosus,IFA_44_19_1739.wav,100,99.39393939393939,99.36868686868688,False,-49.89211176392856,11,908.5521219032305,False,800-2000 Hz
220436,an squamosus,IFA_44_19_1739.wav,150,99.39393939393939,99.39393939393939,False,-47.41147558080286,11,979.0284142678163,False,800-2000 Hz
220436,an squamosus,IFA_44_19_1739.wav,200,99.39393939393939,99.39393939393939,False,-47.41691966348039,10,954.1887019828487,False,800-2000 Hz
220436,an squamosus,IFA_44_19_1739.wav,300,99.46969696969697,99.44444444444444,False,-47.41147558080286,9,994.9271530483034,False,800-2000 Hz
220455,an squamosus,IFA_44_20_1740.wav,0,99.16666666666667,99.0909090909091,False,-37.10686782352863,35,5698.132814724254,False,>=2000 Hz
220455,an squamosus,IFA_44_20_1740.wav,100,99.06565656565657,99.06565656565657,False,-37.282867966922,35,5803.174981087622,False,>=2000 Hz
220455,an squamosus,IFA_44_20_1740.wav,150,99.14141414141415,99.14141414141415,False,-37.38833242707817,35,5851.432728061765,False,>=2000 Hz
220455,an squamosus,IFA_44_20_1740.wav,200,99.0909090909091,99.0909090909091,False,-37.87969652515621,35,5897.259272926163,False,>=2000 Hz
220455,an squamosus,IFA_44_20_1740.wav,300,99.11616161616162,99.0909090909091,False,-37.872374722638085,34,5639.114996491976,False,>=2000 Hz
220454,an squamosus,IFA_44_20_1740.wav,0,99.87373737373737,99.84848484848486,False,-47.90645936813449,13,955.0184679215481,False,800-2000 Hz
220454,an squamosus,IFA_44_20_1740.wav,100,99.87373737373737,99.84848484848486,False,-50.34136653935701,11,908.5521219032305,False,800-2000 Hz
220454,an squamosus,IFA_44_20_1740.wav,150,99.87373737373737,99.87373737373737,False,-48.14786486062954,10,886.4319670625546,False,800-2000 Hz
220454,an squamosus,IFA_44_20_1740.wav,200,99.84848484848486,99.84848484848486,False,-47.996594517102295,10,954.1887019828487,False,800-2000 Hz
220454,an squamosus,IFA_44_20_1740.wav,300,99.8989898989899,99.87373737373737,False,-48.14786486062954,9,994.9271530483034,False,800-2000 Hz
220456,an squamosus,IFA_44_21_1741.wav,0,97.97979797979798,97.97979797979798,False,-24.437097338163905,35,5698.132814724254,False,>=2000 Hz
220456,an squamosus,IFA_44_21_1741.wav,100,98.13131313131314,98.10606060606061,False,-23.781029295940122,34,5435.453615558967,False,>=2000 Hz
220456,an squamosus,IFA_44_21_1741.wav,150,98.08080808080808,98.08080808080808,False,-23.669312037901076,34,5490.128899271392,False,>=2000 Hz
220456,an squamosus,IFA_44_21_1741.wav,200,98.03030303030303,98.03030303030303,False,-23.62614036295263,34,5542.124294130725,False,>=2000 Hz
220456,an squamosus,IFA_44_21_1741.wav,300,98.0050505050505,97.97979797979798,False,-24.196033616057395,34,5639.114996491976,False,>=2000 Hz
220489,an squamosus,IFA_44_23_1743.wav,0,99.97474747474747,99.97474747474747,False,-51.481517943612474,0,44.37407700982649,True,<100 Hz
220489,an squamosus,IFA_44_23_1743.wav,100,100.0,100.0,True,-56.24597151812939,37,6606.055464843051,False,>=2000 Hz
220489,an squamosus,IFA_44_23_1743.wav,150,100.0,100.0,True,-56.703025919629546,37,6638.536735866427,False,>=2000 Hz
220489,an squamosus,IFA_44_23_1743.wav,200,100.0,100.0,True,-55.51962929674802,37,6669.293138350332,False,>=2000 Hz
220489,an squamosus,IFA_44_23_1743.wav,300,100.0,100.0,True,-56.703025919629546,37,6726.324829246307,False,>=2000 Hz
220507,an squamosus,IFA_44_25_1745.wav,0,100.0,100.0,True,-53.80797503684808,0,44.37407700982649,True,<100 Hz
220507,an squamosus,IFA_44_25_1745.wav,100,100.0,100.0,True,-53.606319868530605,31,4452.409703131681,False,>=2000 Hz
220507,an squamosus,IFA_44_25_1745.wav,150,100.0,100.0,True,-52.949896998264904,31,4521.43543989098,False,>=2000 Hz
220507,an squamosus,IFA_44_25_1745.wav,200,100.0,100.0,True,-53.67380672116991,31,4587.361348214651,False,>=2000 Hz
220507,an squamosus,IFA_44_25_1745.wav,300,100.0,100.0,True,-53.16549275309044,31,4711.072079758159,False,>=2000 Hz
220506,an squamosus,IFA_44_25_1745.wav,0,99.74747474747475,99.74747474747475,False,-36.93964216251511,0,44.37407700982649,True,<100 Hz
220506,an squamosus,IFA_44_25_1745.wav,100,100.0,100.0,True,-53.147835058206724,35,5803.174981087622,False,>=2000 Hz
220506,an squamosus,IFA_44_25_1745.wav,150,100.0,100.0,True,-53.318277689335446,35,5851.432728061765,False,>=2000 Hz
220506,an squamosus,IFA_44_25_1745.wav,200,100.0,100.0,True,-53.33486127254679,34,5542.124294130725,False,>=2000 Hz
220506,an squamosus,IFA_44_25_1745.wav,300,100.0,100.0,True,-53.5311737007439,34,5639.114996491976,False,>=2000 Hz
220458,an squamosus,IFA_44_28_1748.wav,0,100.0,100.0,True,-52.598501909418246,0,44.37407700982649,True,<100 Hz
220458,an squamosus,IFA_44_28_1748.wav,100,100.0,100.0,True,-56.50729943832681,36,6192.935304310192,False,>=2000 Hz
220458,an squamosus,IFA_44_28_1748.wav,150,100.0,100.0,True,-56.40340292011861,21,2260.90163072702,False,>=2000 Hz
220458,an squamosus,IFA_44_28_1748.wav,200,100.0,100.0,True,-56.63108624445162,36,6272.599048553766,False,>=2000 Hz
220458,an squamosus,IFA_44_28_1748.wav,300,100.0,100.0,True,-56.71504225263317,20,2328.427478920975,False,>=2000 Hz
221073,an squamosus,IFA_45_22_1782.wav,0,100.0,100.0,True,-60.652459040507225,15,1171.4974725292755,False,800-2000 Hz
221073,an squamosus,IFA_45_22_1782.wav,100,100.0,100.0,True,-61.45724893839968,13,1107.1435959963192,False,800-2000 Hz
221073,an squamosus,IFA_45_22_1782.wav,150,100.0,100.0,True,-61.30123028499712,13,1180.7507014291307,False,800-2000 Hz
221073,an squamosus,IFA_45_22_1782.wav,200,100.0,100.0,True,-61.45527493363913,12,1147.767526900907,False,800-2000 Hz
221073,an squamosus,IFA_45_22_1782.wav,300,100.0,100.0,True,-61.26389130789523,10,1086.7596689771533,False,800-2000 Hz
221079,an arabiensis,IFA_45_27_1787.wav,0,100.0,100.0,True,-64.01074304761394,13,955.0184679215481,False,800-2000 Hz
221079,an arabiensis,IFA_45_27_1787.wav,100,100.0,100.0,True,-64.12980736987139,11,908.5521219032305,False,800-2000 Hz
221079,an arabiensis,IFA_45_27_1787.wav,150,100.0,100.0,True,-64.14383433195958,11,979.0284142678163,False,800-2000 Hz
221079,an arabiensis,IFA_45_27_1787.wav,200,100.0,100.0,True,-64.14597506660938,10,954.1887019828487,False,800-2000 Hz
221079,an arabiensis,IFA_45_27_1787.wav,300,100.0,100.0,True,-64.14383433195958,9,994.9271530483034,False,800-2000 Hz
221080,an arabiensis,IFA_45_27_1787.wav,0,100.0,100.0,True,-58.693218199657494,13,955.0184679215481,False,800-2000 Hz
221080,an arabiensis,IFA_45_27_1787.wav,100,100.0,100.0,True,-59.821106782086524,11,908.5521219032305,False,800-2000 Hz
221080,an arabiensis,IFA_45_27_1787.wav,150,100.0,100.0,True,-58.75172915040458,11,979.0284142678163,False,800-2000 Hz
221080,an arabiensis,IFA_45_27_1787.wav,200,100.0,100.0,True,-58.74044100476034,10,954.1887019828487,False,800-2000 Hz
221080,an arabiensis,IFA_45_27_1787.wav,300,100.0,100.0,True,-58.75172915040458,9,994.9271530483034,False,800-2000 Hz
221078,an arabiensis,IFA_45_27_1787.wav,0,100.0,100.0,True,-61.70060701442584,13,955.0184679215481,False,800-2000 Hz
221078,an arabiensis,IFA_45_27_1787.wav,100,100.0,100.0,True,-62.40862671154984,12,1004.9588458152629,False,800-2000 Hz
221078,an arabiensis,IFA_45_27_1787.wav,150,100.0,100.0,True,-61.751799749219245,11,979.0284142678163,False,800-2000 Hz
221078,an arabiensis,IFA_45_27_1787.wav,200,100.0,100.0,True,-61.761774559808714,10,954.1887019828487,False,800-2000 Hz
221078,an arabiensis,IFA_45_27_1787.wav,300,100.0,100.0,True,-61.751799749219245,9,994.9271530483034,False,800-2000 Hz
221077,an arabiensis,IFA_45_27_1787.wav,0,99.97474747474747,99.97474747474747,False,-51.403870570205264,13,955.0184679215481,False,800-2000 Hz
221077,an arabiensis,IFA_45_27_1787.wav,100,100.0,100.0,True,-52.145221937515345,6,502.37884079729855,False,300-800 Hz
221077,an arabiensis,IFA_45_27_1787.wav,150,100.0,100.0,True,-52.51863717422498,11,979.0284142678163,False,800-2000 Hz
221077,an arabiensis,IFA_45_27_1787.wav,200,100.0,100.0,True,-52.525454148507016,5,554.3806613018434,False,300-800 Hz
221077,an arabiensis,IFA_45_27_1787.wav,300,99.97474747474747,99.97474747474747,False,-51.820975621426406,3,534.9813946953967,False,300-800 Hz
221071,an arabiensis,IFA_45_31_1791.wav,0,100.0,100.0,True,-52.523296641732166,13,955.0184679215481,False,800-2000 Hz
221071,an arabiensis,IFA_45_31_1791.wav,100,100.0,100.0,True,-54.26267017989709,11,908.5521219032305,False,800-2000 Hz
221071,an arabiensis,IFA_45_31_1791.wav,150,100.0,100.0,True,-52.573659432758376,11,979.0284142678163,False,800-2000 Hz
221071,an arabiensis,IFA_45_31_1791.wav,200,100.0,100.0,True,-52.53088867012625,10,954.1887019828487,False,800-2000 Hz
221071,an arabiensis,IFA_45_31_1791.wav,300,100.0,100.0,True,-52.573659432758376,9,994.9271530483034,False,800-2000 Hz
221094,an arabiensis,IFA_45_33_1793.wav,0,99.52020202020202,99.44444444444444,False,-48.4595894396419,13,955.0184679215481,False,800-2000 Hz
221094,an arabiensis,IFA_45_33_1793.wav,100,99.54545454545455,99.46969696969697,False,-48.247205942560754,11,908.5521219032305,False,800-2000 Hz
221094,an arabiensis,IFA_45_33_1793.wav,150,99.4949494949495,99.44444444444444,False,-48.962817836314926,10,886.4319670625546,False,800-2000 Hz
221094,an arabiensis,IFA_45_33_1793.wav,200,99.46969696969697,99.46969696969697,False,-48.51566184199875,10,954.1887019828487,False,800-2000 Hz
221094,an arabiensis,IFA_45_33_1793.wav,300,99.5959595959596,99.4949494949495,False,-48.74827478667969,8,907.814472208775,False,800-2000 Hz
221081,an arabiensis,IFA_45_35_1795.wav,0,99.77272727272727,99.77272727272727,False,-44.55436673364433,34,5316.723457509462,False,>=2000 Hz
221081,an arabiensis,IFA_45_35_1795.wav,100,99.77272727272727,99.77272727272727,False,-45.28063375443285,34,5435.453615558967,False,>=2000 Hz
221081,an arabiensis,IFA_45_35_1795.wav,150,99.72222222222223,99.72222222222223,False,-46.019874492280096,34,5490.128899271392,False,>=2000 Hz
221081,an arabiensis,IFA_45_35_1795.wav,200,99.74747474747475,99.74747474747475,False,-45.52441696185883,33,5206.106474135096,False,>=2000 Hz
221081,an arabiensis,IFA_45_35_1795.wav,300,99.74747474747475,99.74747474747475,False,-44.84987105540485,33,5313.3090758650505,False,>=2000 Hz
221082,an arabiensis,IFA_45_35_1795.wav,0,99.72222222222223,99.72222222222223,False,-45.95220035398565,14,1059.9326349904563,False,800-2000 Hz
221082,an arabiensis,IFA_45_35_1795.wav,100,99.72222222222223,99.72222222222223,False,-46.04639476969619,13,1107.1435959963192,False,800-2000 Hz
221082,an arabiensis,IFA_45_35_1795.wav,150,99.69696969696969,99.69696969696969,False,-46.000182239191304,12,1077.0295067481677,False,800-2000 Hz
221082,an arabiensis,IFA_45_35_1795.wav,200,99.74747474747475,99.74747474747475,False,-45.83640242078704,12,1147.767526900907,False,800-2000 Hz
221082,an arabiensis,IFA_45_35_1795.wav,300,99.69696969696969,99.69696969696969,False,-46.1123693413537,10,1086.7596689771533,False,800-2000 Hz
221083,an arabiensis,IFA_45_35_1795.wav,0,99.72222222222223,99.72222222222223,False,-44.940044948853675,34,5316.723457509462,False,>=2000 Hz
221083,an arabiensis,IFA_45_35_1795.wav,100,99.74747474747475,99.74747474747475,False,-45.34037182618975,34,5435.453615558967,False,>=2000 Hz
221083,an arabiensis,IFA_45_35_1795.wav,150,99.72222222222223,99.72222222222223,False,-45.38375697585615,33,5148.750552755978,False,>=2000 Hz
221083,an arabiensis,IFA_45_35_1795.wav,200,99.67171717171716,99.67171717171716,False,-45.12108230874055,33,5206.106474135096,False,>=2000 Hz
221083,an arabiensis,IFA_45_35_1795.wav,300,99.77272727272727,99.72222222222223,False,-45.719807737417774,34,5639.114996491976,False,>=2000 Hz
221084,an arabiensis,IFA_45_35_1795.wav,0,100.0,100.0,True,-53.996886899836355,14,1059.9326349904563,False,800-2000 Hz
221084,an arabiensis,IFA_45_35_1795.wav,100,100.0,100.0,True,-53.98453948429292,13,1107.1435959963192,False,800-2000 Hz
221084,an arabiensis,IFA_45_35_1795.wav,150,100.0,100.0,True,-53.996886899836355,12,1077.0295067481677,False,800-2000 Hz
221084,an arabiensis,IFA_45_35_1795.wav,200,100.0,100.0,True,-56.9224429252474,11,1048.3009371645,False,800-2000 Hz
221084,an arabiensis,IFA_45_35_1795.wav,300,100.0,100.0,True,-53.9738588809763,10,1086.7596689771533,False,800-2000 Hz
221088,culex pipiens complex,IFA_46_23_1823.wav,0,100.0,100.0,True,-56.665254969858,14,1059.9326349904563,False,800-2000 Hz
221088,culex pipiens complex,IFA_46_23_1823.wav,100,100.0,100.0,True,-54.80128816205703,13,1107.1435959963192,False,800-2000 Hz
221088,culex pipiens complex,IFA_46_23_1823.wav,150,100.0,100.0,True,-56.665254969858,12,1077.0295067481677,False,800-2000 Hz
221088,culex pipiens complex,IFA_46_23_1823.wav,200,100.0,100.0,True,-54.83249520027138,11,1048.3009371645,False,800-2000 Hz
221088,culex pipiens complex,IFA_46_23_1823.wav,300,100.0,100.0,True,-56.62588823325773,10,1086.7596689771533,False,800-2000 Hz
221089,culex pipiens complex,IFA_46_23_1823.wav,0,99.84848484848486,99.84848484848486,False,-45.20935873934245,37,6535.01859571434,False,>=2000 Hz
221089,culex pipiens complex,IFA_46_23_1823.wav,100,99.84848484848486,99.84848484848486,False,-45.67459624532155,37,6606.055464843051,False,>=2000 Hz
221089,culex pipiens complex,IFA_46_23_1823.wav,150,99.84848484848486,99.84848484848486,False,-46.037622506725526,37,6638.536735866427,False,>=2000 Hz
221089,culex pipiens complex,IFA_46_23_1823.wav,200,99.87373737373737,99.84848484848486,False,-46.27069483287233,37,6669.293138350332,False,>=2000 Hz
221089,culex pipiens complex,IFA_46_23_1823.wav,300,99.8989898989899,99.8989898989899,False,-46.17440909861642,36,6344.640540634074,False,>=2000 Hz
221087,culex pipiens complex,IFA_46_23_1823.wav,0,100.0,100.0,True,-53.23371546211437,35,5698.132814724254,False,>=2000 Hz
221087,culex pipiens complex,IFA_46_23_1823.wav,100,100.0,100.0,True,-52.888441667107635,35,5803.174981087622,False,>=2000 Hz
221087,culex pipiens complex,IFA_46_23_1823.wav,150,100.0,100.0,True,-52.6917360451224,35,5851.432728061765,False,>=2000 Hz
221087,culex pipiens complex,IFA_46_23_1823.wav,200,100.0,100.0,True,-52.30716212619917,35,5897.259272926163,False,>=2000 Hz
221087,culex pipiens complex,IFA_46_23_1823.wav,300,100.0,100.0,True,-52.76453224749807,35,5982.573343857049,False,>=2000 Hz
221306,an squamosus,IFA_46_28_1828.wav,0,98.45959595959596,98.43434343434343,False,-32.364142840396674,0,44.37407700982649,True,<100 Hz
221306,an squamosus,IFA_46_28_1828.wav,100,100.0,100.0,True,-55.760074158128845,35,5803.174981087622,False,>=2000 Hz
221306,an squamosus,IFA_46_28_1828.wav,150,100.0,100.0,True,-56.64854147127371,35,5851.432728061765,False,>=2000 Hz
221306,an squamosus,IFA_46_28_1828.wav,200,100.0,100.0,True,-55.20791443610264,34,5542.124294130725,False,>=2000 Hz
221306,an squamosus,IFA_46_28_1828.wav,300,100.0,100.0,True,-55.908565753437074,34,5639.114996491976,False,>=2000 Hz
221305,an squamosus,IFA_46_28_1828.wav,0,99.72222222222223,99.69696969696969,False,-46.76625877878054,0,44.37407700982649,True,<100 Hz
221305,an squamosus,IFA_46_28_1828.wav,100,100.0,100.0,True,-53.78265824768497,34,5435.453615558967,False,>=2000 Hz
221305,an squamosus,IFA_46_28_1828.wav,150,100.0,100.0,True,-54.39505794656643,34,5490.128899271392,False,>=2000 Hz
221305,an squamosus,IFA_46_28_1828.wav,200,100.0,100.0,True,-54.31179464443488,34,5542.124294130725,False,>=2000 Hz
221305,an squamosus,IFA_46_28_1828.wav,300,100.0,100.0,True,-53.51125843094358,34,5639.114996491976,False,>=2000 Hz
221274,an squamosus,IFA_46_34_1834.wav,0,99.67171717171716,99.64646464646465,False,-49.53359699862009,0,44.37407700982649,True,<100 Hz
221274,an squamosus,IFA_46_34_1834.wav,100,100.0,100.0,True,-59.0087635149854,11,908.5521219032305,False,800-2000 Hz
221274,an squamosus,IFA_46_34_1834.wav,150,100.0,100.0,True,-59.22140214960885,10,886.4319670625546,False,800-2000 Hz
221274,an squamosus,IFA_46_34_1834.wav,200,100.0,100.0,True,-59.46763898244661,4,486.8564923820352,False,300-800 Hz
221274,an squamosus,IFA_46_34_1834.wav,300,100.0,100.0,True,-59.26093809694926,2,471.5081416500546,False,300-800 Hz
221275,an squamosus,IFA_46_36_1836.wav,0,99.54545454545455,99.4949494949495,False,-47.502312704581115,0,44.37407700982649,True,<100 Hz
221275,an squamosus,IFA_46_36_1836.wav,100,99.69696969696969,99.67171717171716,False,-51.11549052908298,12,1004.9588458152629,False,800-2000 Hz
221275,an squamosus,IFA_46_36_1836.wav,150,99.74747474747475,99.69696969696969,False,-51.137736460910396,12,1077.0295067481677,False,800-2000 Hz
221275,an squamosus,IFA_46_36_1836.wav,200,99.74747474747475,99.69696969696969,False,-51.174678947605344,11,1048.3009371645,False,800-2000 Hz
221275,an squamosus,IFA_46_36_1836.wav,300,99.77272727272727,99.74747474747475,False,-51.39582901391621,10,1086.7596689771533,False,800-2000 Hz
221270,an squamosus,IFA_46_37_1837.wav,0,98.10606060606061,98.10606060606061,False,-28.80679119770514,0,44.37407700982649,True,<100 Hz
221270,an squamosus,IFA_46_37_1837.wav,100,99.94949494949495,99.94949494949495,False,-50.01920754683674,0,147.947081154182,True,100-300 Hz
221270,an squamosus,IFA_46_37_1837.wav,150,100.0,100.0,True,-52.64766497093207,0,199.61257826278305,True,100-300 Hz
221270,an squamosus,IFA_46_37_1837.wav,200,100.0,100.0,True,-53.1256571938279,33,5206.106474135096,False,>=2000 Hz
221270,an squamosus,IFA_46_37_1837.wav,300,100.0,100.0,True,-53.07286935737861,32,5004.24831571783,False,>=2000 Hz
221269,an squamosus,IFA_46_37_1837.wav,0,98.30808080808082,98.28282828282828,False,-28.26798710965368,0,44.37407700982649,True,<100 Hz
221269,an squamosus,IFA_46_37_1837.wav,100,99.87373737373737,99.84848484848486,False,-48.064898785292755,0,147.947081154182,True,100-300 Hz
221269,an squamosus,IFA_46_37_1837.wav,150,99.97474747474747,99.94949494949495,False,-51.11501228668678,0,199.61257826278305,True,100-300 Hz
221269,an squamosus,IFA_46_37_1837.wav,200,99.97474747474747,99.97474747474747,False,-51.11501228668678,36,6272.599048553766,False,>=2000 Hz
221269,an squamosus,IFA_46_37_1837.wav,300,99.97474747474747,99.97474747474747,False,-51.38145545031118,37,6726.324829246307,False,>=2000 Hz
221271,an squamosus,IFA_46_37_1837.wav,0,98.96464646464646,98.96464646464646,False,-30.39448989247877,0,44.37407700982649,True,<100 Hz
221271,an squamosus,IFA_46_37_1837.wav,100,99.94949494949495,99.94949494949495,False,-50.80068985105121,0,147.947081154182,True,100-300 Hz
221271,an squamosus,IFA_46_37_1837.wav,150,100.0,100.0,True,-52.818789886169306,35,5851.432728061765,False,>=2000 Hz
221271,an squamosus,IFA_46_37_1837.wav,200,100.0,100.0,True,-53.06283705944572,34,5542.124294130725,False,>=2000 Hz
221271,an squamosus,IFA_46_37_1837.wav,300,100.0,100.0,True,-53.21701735136766,34,5639.114996491976,False,>=2000 Hz
221283,an squamosus,IFA_47_14_1854.wav,0,100.0,100.0,True,-53.63558654818252,0,44.37407700982649,True,<100 Hz
221283,an squamosus,IFA_47_14_1854.wav,100,100.0,100.0,True,-56.91543119282778,34,5435.453615558967,False,>=2000 Hz
221283,an squamosus,IFA_47_14_1854.wav,150,100.0,100.0,True,-58.132741072558154,34,5490.128899271392,False,>=2000 Hz
221283,an squamosus,IFA_47_14_1854.wav,200,100.0,100.0,True,-56.84572856272905,34,5542.124294130725,False,>=2000 Hz
221283,an squamosus,IFA_47_14_1854.wav,300,100.0,100.0,True,-58.09367245953426,31,4711.072079758159,False,>=2000 Hz
221282,an squamosus,IFA_47_14_1854.wav,0,100.0,100.0,True,-57.094180481628385,0,44.37407700982649,True,<100 Hz
221282,an squamosus,IFA_47_14_1854.wav,100,100.0,100.0,True,-59.63235540048437,36,6192.935304310192,False,>=2000 Hz
221282,an squamosus,IFA_47_14_1854.wav,150,100.0,100.0,True,-59.74300306431548,36,6233.825044478617,False,>=2000 Hz
221282,an squamosus,IFA_47_14_1854.wav,200,100.0,100.0,True,-59.746477851321785,36,6272.599048553766,False,>=2000 Hz
221282,an squamosus,IFA_47_14_1854.wav,300,100.0,100.0,True,-59.93300619261422,36,6344.640540634074,False,>=2000 Hz
221290,an squamosus,IFA_47_17_1857.wav,0,99.74747474747475,99.74747474747475,False,-34.03912609704306,0,44.37407700982649,True,<100 Hz
221290,an squamosus,IFA_47_17_1857.wav,100,100.0,100.0,True,-54.65892859732808,37,6606.055464843051,False,>=2000 Hz
221290,an squamosus,IFA_47_17_1857.wav,150,100.0,100.0,True,-54.72480926594277,37,6638.536735866427,False,>=2000 Hz
221290,an squamosus,IFA_47_17_1857.wav,200,100.0,100.0,True,-54.518476455273365,37,6669.293138350332,False,>=2000 Hz
221290,an squamosus,IFA_47_17_1857.wav,300,100.0,100.0,True,-54.0743292237379,37,6726.324829246307,False,>=2000 Hz
221291,an squamosus,IFA_47_17_1857.wav,0,100.0,100.0,True,-54.33453529631257,0,44.37407700982649,True,<100 Hz
221291,an squamosus,IFA_47_17_1857.wav,100,100.0,100.0,True,-54.982102640455636,19,1862.5080507980697,False,800-2000 Hz
221291,an squamosus,IFA_47_17_1857.wav,150,100.0,100.0,True,-54.36299790970236,35,5851.432728061765,False,>=2000 Hz
221291,an squamosus,IFA_47_17_1857.wav,200,100.0,100.0,True,-54.275825168662564,18,1875.3376136955906,False,800-2000 Hz
221291,an squamosus,IFA_47_17_1857.wav,300,100.0,100.0,True,-54.35636002538615,34,5639.114996491976,False,>=2000 Hz
221262,an squamosus,IFA_47_23_1863.wav,0,99.69696969696969,99.69696969696969,False,-34.577920818682415,0,44.37407700982649,True,<100 Hz
221262,an squamosus,IFA_47_23_1863.wav,100,100.0,100.0,True,-53.764106684891985,11,908.5521219032305,False,800-2000 Hz
221262,an squamosus,IFA_47_23_1863.wav,150,100.0,100.0,True,-54.017371866494905,10,886.4319670625546,False,800-2000 Hz
221262,an squamosus,IFA_47_23_1863.wav,200,100.0,100.0,True,-53.924372399689545,9,865.1425927882087,False,800-2000 Hz
221262,an squamosus,IFA_47_23_1863.wav,300,100.0,100.0,True,-54.168643423568604,8,907.814472208775,False,800-2000 Hz
221261,an squamosus,IFA_47_23_1863.wav,0,98.7878787878788,98.73737373737373,False,-40.237540919229716,0,44.37407700982649,True,<100 Hz
221261,an squamosus,IFA_47_23_1863.wav,100,99.41919191919192,99.39393939393939,False,-47.016898504950284,37,6606.055464843051,False,>=2000 Hz
221261,an squamosus,IFA_47_23_1863.wav,150,99.41919191919192,99.39393939393939,False,-47.17486323250229,37,6638.536735866427,False,>=2000 Hz
221261,an squamosus,IFA_47_23_1863.wav,200,99.36868686868688,99.34343434343434,False,-47.17486323250229,37,6669.293138350332,False,>=2000 Hz
221261,an squamosus,IFA_47_23_1863.wav,300,99.39393939393939,99.31818181818181,False,-47.337365775810156,37,6726.324829246307,False,>=2000 Hz
221218,culex pipiens complex,IFA_47_33_1873.wav,0,96.46464646464646,96.43939393939394,False,-27.218022399116315,0,44.37407700982649,True,<100 Hz
221218,culex pipiens complex,IFA_47_33_1873.wav,100,98.18181818181819,98.13131313131314,False,-27.7220408775229,32,4761.213460851244,False,>=2000 Hz
221218,culex pipiens complex,IFA_47_33_1873.wav,150,97.95454545454545,97.9040404040404,False,-27.511658562391922,32,4826.198821544699,False,>=2000 Hz
221218,culex pipiens complex,IFA_47_33_1873.wav,200,97.87878787878788,97.87878787878788,False,-27.57144162437733,32,4888.1767232060765,False,>=2000 Hz
221218,culex pipiens complex,IFA_47_33_1873.wav,300,97.8030303030303,97.77777777777777,False,-28.48458895336797,31,4711.072079758159,False,>=2000 Hz
221217,culex pipiens complex,IFA_47_33_1873.wav,0,98.25757575757575,98.20707070707071,False,-42.28080461284126,0,44.37407700982649,True,<100 Hz
221217,culex pipiens complex,IFA_47_33_1873.wav,100,99.64646464646465,99.5959595959596,False,-48.31537256137621,34,5435.453615558967,False,>=2000 Hz
221217,culex pipiens complex,IFA_47_33_1873.wav,150,99.67171717171716,99.62121212121212,False,-49.17591573761549,32,4826.198821544699,False,>=2000 Hz
221217,culex pipiens complex,IFA_47_33_1873.wav,200,99.67171717171716,99.64646464646465,False,-48.31537256137621,32,4888.1767232060765,False,>=2000 Hz
221217,culex pipiens complex,IFA_47_33_1873.wav,300,99.74747474747475,99.72222222222223,False,-48.31537256137621,32,5004.24831571783,False,>=2000 Hz
221225,an arabiensis,IFA_48_11_1891.wav,0,99.62121212121212,99.57070707070706,False,-48.63828051708009,0,44.37407700982649,True,<100 Hz
221225,an arabiensis,IFA_48_11_1891.wav,100,99.94949494949495,99.94949494949495,False,-51.150593051425545,37,6606.055464843051,False,>=2000 Hz
221225,an arabiensis,IFA_48_11_1891.wav,150,99.94949494949495,99.94949494949495,False,-50.349268355167865,37,6638.536735866427,False,>=2000 Hz
221225,an arabiensis,IFA_48_11_1891.wav,200,99.94949494949495,99.92424242424242,False,-50.51249734033897,37,6669.293138350332,False,>=2000 Hz
221225,an arabiensis,IFA_48_11_1891.wav,300,99.94949494949495,99.94949494949495,False,-50.795182632634585,37,6726.324829246307,False,>=2000 Hz
221224,an arabiensis,IFA_48_11_1891.wav,0,99.06565656565657,99.01515151515152,False,-43.785567138814,0,44.37407700982649,True,<100 Hz
221224,an arabiensis,IFA_48_11_1891.wav,100,99.54545454545455,99.52020202020202,False,-49.26077929696667,20,2016.0890276353948,False,>=2000 Hz
221224,an arabiensis,IFA_48_11_1891.wav,150,99.54545454545455,99.4949494949495,False,-47.76343865837207,19,1943.326394117477,False,800-2000 Hz
221224,an arabiensis,IFA_48_11_1891.wav,200,99.52020202020202,99.52020202020202,False,-48.73112790362528,18,1875.3376136955906,False,800-2000 Hz
221224,an arabiensis,IFA_48_11_1891.wav,300,99.52020202020202,99.46969696969697,False,-49.24039349748395,17,1885.0673770439807,False,800-2000 Hz
221226,an arabiensis,IFA_48_11_1891.wav,0,99.94949494949495,99.94949494949495,False,-48.64106057722005,0,44.37407700982649,True,<100 Hz
221226,an arabiensis,IFA_48_11_1891.wav,100,100.0,100.0,True,-54.88491993169813,36,6192.935304310192,False,>=2000 Hz
221226,an arabiensis,IFA_48_11_1891.wav,150,100.0,100.0,True,-53.04952952607706,18,1797.5500446410404,False,800-2000 Hz
221226,an arabiensis,IFA_48_11_1891.wav,200,100.0,100.0,True,-54.76382626192536,36,6272.599048553766,False,>=2000 Hz
221226,an arabiensis,IFA_48_11_1891.wav,300,100.0,100.0,True,-53.05316851576336,16,1752.2049416525224,False,800-2000 Hz
221241,an arabiensis,IFA_48_12_1892.wav,0,98.13131313131314,97.97979797979798,False,-35.31092309574521,33,4958.050905231921,False,>=2000 Hz
221241,an arabiensis,IFA_48_12_1892.wav,100,98.45959595959596,98.43434343434343,False,-34.91079722473807,33,5088.525017110928,False,>=2000 Hz
221241,an arabiensis,IFA_48_12_1892.wav,150,98.68686868686869,98.63636363636363,False,-35.112755641160824,33,5148.750552755978,False,>=2000 Hz
221241,an arabiensis,IFA_48_12_1892.wav,200,98.68686868686869,98.66161616161617,False,-35.58786258502267,33,5206.106474135096,False,>=2000 Hz
221241,an arabiensis,IFA_48_12_1892.wav,300,98.63636363636363,98.58585858585859,False,-35.352873764843494,32,5004.24831571783,False,>=2000 Hz
221240,an arabiensis,IFA_48_12_1892.wav,0,98.35858585858585,98.33333333333333,False,-43.16414129928029,0,44.37407700982649,True,<100 Hz
221240,an arabiensis,IFA_48_12_1892.wav,100,99.34343434343434,99.31818181818181,False,-47.94805444476535,29,3886.19867245134,False,>=2000 Hz
221240,an arabiensis,IFA_48_12_1892.wav,150,99.39393939393939,99.36868686868688,False,-48.4074683084091,29,3961.4038001847744,False,>=2000 Hz
221240,an arabiensis,IFA_48_12_1892.wav,200,99.36868686868688,99.36868686868688,False,-48.40308288599598,29,4033.4382048519074,False,>=2000 Hz
221240,an arabiensis,IFA_48_12_1892.wav,300,99.36868686868688,99.34343434343434,False,-48.263387885521816,29,4169.149528643879,False,>=2000 Hz
221257,an arabiensis,IFA_48_13_1893.wav,0,98.15656565656565,98.08080808080808,False,-38.797962236832404,0,44.37407700982649,True,<100 Hz
221257,an arabiensis,IFA_48_13_1893.wav,100,98.7878787878788,98.7878787878788,False,-42.95293860644066,34,5435.453615558967,False,>=2000 Hz
221257,an arabiensis,IFA_48_13_1893.wav,150,98.86363636363636,98.86363636363636,False,-43.40409959720017,33,5148.750552755978,False,>=2000 Hz
221257,an arabiensis,IFA_48_13_1893.wav,200,98.81313131313131,98.81313131313131,False,-43.56780691834075,33,5206.106474135096,False,>=2000 Hz
221257,an arabiensis,IFA_48_13_1893.wav,300,98.88888888888889,98.86363636363636,False,-43.43669231302009,33,5313.3090758650505,False,>=2000 Hz
221256,an arabiensis,IFA_48_13_1893.wav,0,38.93939393939394,38.156565656565654,False,-23.9522851610053,9,594.2853728317884,False,300-800 Hz
221256,an arabiensis,IFA_48_13_1893.wav,100,39.31818181818182,38.535353535353536,False,-23.107402514501697,24,2728.1439614922797,False,>=2000 Hz
221256,an arabiensis,IFA_48_13_1893.wav,150,39.52020202020202,38.91414141414141,False,-24.31394606833515,6,564.3726097218181,False,300-800 Hz
221256,an arabiensis,IFA_48_13_1893.wav,200,40.15151515151515,39.46969696969697,False,-23.23158957015966,5,554.3806613018434,False,300-800 Hz
221256,an arabiensis,IFA_48_13_1893.wav,300,39.7979797979798,39.11616161616161,False,-24.31394606833515,4,601.8936796253,False,300-800 Hz
221258,an arabiensis,IFA_48_13_1893.wav,0,99.52020202020202,99.52020202020202,False,-46.74795401451131,0,44.37407700982649,True,<100 Hz
221258,an arabiensis,IFA_48_13_1893.wav,100,99.8989898989899,99.8989898989899,False,-49.277572687398504,36,6192.935304310192,False,>=2000 Hz
221258,an arabiensis,IFA_48_13_1893.wav,150,99.94949494949495,99.92424242424242,False,-51.06696426504694,36,6233.825044478617,False,>=2000 Hz
221258,an arabiensis,IFA_48_13_1893.wav,200,99.8989898989899,99.8989898989899,False,-49.1934269000047,36,6272.599048553766,False,>=2000 Hz
221258,an arabiensis,IFA_48_13_1893.wav,300,99.8989898989899,99.8989898989899,False,-49.277572687398504,36,6344.640540634074,False,>=2000 Hz
221227,an arabiensis,IFA_48_15_1895.wav,0,98.48484848484848,98.43434343434343,False,-42.51116731666737,0,44.37407700982649,True,<100 Hz
221227,an arabiensis,IFA_48_15_1895.wav,100,99.82323232323232,99.79797979797979,False,-49.697403534654505,15,1330.2531276925415,False,800-2000 Hz
221227,an arabiensis,IFA_48_15_1895.wav,150,99.87373737373737,99.84848484848486,False,-49.8159116095561,15,1406.7083623290937,False,800-2000 Hz
221227,an arabiensis,IFA_48_15_1895.wav,200,99.8989898989899,99.84848484848486,False,-51.09727474736665,14,1363.999608615931,False,800-2000 Hz
221227,an arabiensis,IFA_48_15_1895.wav,300,99.92424242424242,99.8989898989899,False,-49.82198239278232,13,1393.2034993786915,False,800-2000 Hz
221219,culex pipiens complex,IFA_48_20_1900.wav,0,96.56565656565657,96.46464646464646,False,-32.100973201238375,0,44.37407700982649,True,<100 Hz
221219,culex pipiens complex,IFA_48_20_1900.wav,100,97.87878787878788,97.67676767676767,False,-42.365968048482934,11,908.5521219032305,False,800-2000 Hz
221219,culex pipiens complex,IFA_48_20_1900.wav,150,97.87878787878788,97.72727272727273,False,-41.96254794208382,10,886.4319670625546,False,800-2000 Hz
221219,culex pipiens complex,IFA_48_20_1900.wav,200,97.75252525252526,97.57575757575758,False,-42.29967800221886,18,1875.3376136955906,False,800-2000 Hz
221219,culex pipiens complex,IFA_48_20_1900.wav,300,97.85353535353535,97.72727272727273,False,-42.37053561194295,17,1885.0673770439807,False,800-2000 Hz
221239,an arabiensis,IFA_48_22_1902.wav,0,97.9040404040404,97.9040404040404,False,-40.63609206989351,0,44.37407700982649,True,<100 Hz
221239,an arabiensis,IFA_48_22_1902.wav,100,99.34343434343434,99.29292929292929,False,-40.69340783515132,10,817.5967063546011,False,800-2000 Hz
221239,an arabiensis,IFA_48_22_1902.wav,150,99.29292929292929,99.26767676767678,False,-43.33431918731052,10,886.4319670625546,False,800-2000 Hz
221239,an arabiensis,IFA_48_22_1902.wav,200,99.34343434343434,99.31818181818181,False,-40.63609206989351,9,865.1425927882087,False,800-2000 Hz
221239,an arabiensis,IFA_48_22_1902.wav,300,99.41919191919192,99.36868686868688,False,-40.69340783515132,7,825.1790452437867,False,800-2000 Hz
221255,an arabiensis,IFA_48_24_1904.wav,0,99.77272727272727,99.77272727272727,False,-47.79196759699729,36,6103.720297923787,False,>=2000 Hz
221255,an arabiensis,IFA_48_24_1904.wav,100,99.79797979797979,99.79797979797979,False,-48.93431427341874,36,6192.935304310192,False,>=2000 Hz
221255,an arabiensis,IFA_48_24_1904.wav,150,99.79797979797979,99.77272727272727,False,-48.17787724651443,18,1797.5500446410404,False,800-2000 Hz
221255,an arabiensis,IFA_48_24_1904.wav,200,99.84848484848486,99.84848484848486,False,-47.97719561206876,18,1875.3376136955906,False,800-2000 Hz
221255,an arabiensis,IFA_48_24_1904.wav,300,99.87373737373737,99.84848484848486,False,-48.93431427341874,35,5982.573343857049,False,>=2000 Hz
221254,an arabiensis,IFA_48_24_1904.wav,0,99.82323232323232,99.79797979797979,False,-49.89873401097608,20,1844.8093189835445,False,800-2000 Hz
221254,an arabiensis,IFA_48_24_1904.wav,100,99.92424242424242,99.92424242424242,False,-49.89873401097608,15,1330.2531276925415,False,800-2000 Hz
221254,an arabiensis,IFA_48_24_1904.wav,150,99.8989898989899,99.87373737373737,False,-50.76254415860863,18,1797.5500446410404,False,800-2000 Hz
221254,an arabiensis,IFA_48_24_1904.wav,200,99.8989898989899,99.8989898989899,False,-50.83343009027119,17,1736.7054285722647,False,800-2000 Hz
221254,an arabiensis,IFA_48_24_1904.wav,300,99.87373737373737,99.84848484848486,False,-50.8662265605862,16,1752.2049416525224,False,800-2000 Hz
221253,an arabiensis,IFA_48_24_1904.wav,0,99.06565656565657,99.06565656565657,False,-47.60380335649895,35,5698.132814724254,False,>=2000 Hz
221253,an arabiensis,IFA_48_24_1904.wav,100,99.14141414141415,99.0909090909091,False,-47.662863450049784,35,5803.174981087622,False,>=2000 Hz
221253,an arabiensis,IFA_48_24_1904.wav,150,99.14141414141415,99.01515151515152,False,-48.15405644082443,35,5851.432728061765,False,>=2000 Hz
221253,an arabiensis,IFA_48_24_1904.wav,200,99.14141414141415,99.14141414141415,False,-47.83459885171018,35,5897.259272926163,False,>=2000 Hz
221253,an arabiensis,IFA_48_24_1904.wav,300,99.26767676767678,99.24242424242425,False,-47.662863450049784,35,5982.573343857049,False,>=2000 Hz
221223,culex pipiens complex,IFA_48_27_1907.wav,0,99.94949494949495,99.92424242424242,False,-50.724095600546505,0,44.37407700982649,True,<100 Hz
221223,culex pipiens complex,IFA_48_27_1907.wav,100,100.0,100.0,True,-57.17477508031051,12,1004.9588458152629,False,800-2000 Hz
221223,culex pipiens complex,IFA_48_27_1907.wav,150,100.0,100.0,True,-57.80564143410501,25,3015.098668063101,False,>=2000 Hz
221223,culex pipiens complex,IFA_48_27_1907.wav,200,100.0,100.0,True,-57.29160436951177,11,1048.3009371645,False,800-2000 Hz
221223,culex pipiens complex,IFA_48_27_1907.wav,300,100.0,100.0,True,-57.702382753595806,24,3040.05159165169,False,>=2000 Hz
221222,culex pipiens complex,IFA_48_27_1907.wav,0,99.64646464646465,99.64646464646465,False,-45.49518018806441,0,44.37407700982649,True,<100 Hz
221222,culex pipiens complex,IFA_48_27_1907.wav,100,99.97474747474747,99.97474747474747,False,-51.34946719957232,12,1004.9588458152629,False,800-2000 Hz
221222,culex pipiens complex,IFA_48_27_1907.wav,150,100.0,100.0,True,-53.37451779426847,33,5148.750552755978,False,>=2000 Hz
221222,culex pipiens complex,IFA_48_27_1907.wav,200,99.97474747474747,99.97474747474747,False,-51.62497970804162,11,1048.3009371645,False,800-2000 Hz
221222,culex pipiens complex,IFA_48_27_1907.wav,300,100.0,100.0,True,-53.37451779426847,32,5004.24831571783,False,>=2000 Hz
221245,culex pipiens complex,IFA_48_28_1908.wav,0,98.86363636363636,98.83838383838383,False,-34.45575655290797,0,44.37407700982649,True,<100 Hz
221245,culex pipiens complex,IFA_48_28_1908.wav,100,99.5959595959596,99.5959595959596,False,-47.75963183690554,6,502.37884079729855,False,300-800 Hz
221245,culex pipiens complex,IFA_48_28_1908.wav,150,99.57070707070706,99.54545454545455,False,-48.04932081849748,6,564.3726097218181,False,300-800 Hz
221245,culex pipiens complex,IFA_48_28_1908.wav,200,99.4949494949495,99.4949494949495,False,-47.587214285160414,5,554.3806613018434,False,300-800 Hz
221245,culex pipiens complex,IFA_48_28_1908.wav,300,99.5959595959596,99.5959595959596,False,-47.806863619633305,3,534.9813946953967,False,300-800 Hz
221246,culex pipiens complex,IFA_48_28_1908.wav,0,87.82828282828284,87.67676767676768,False,-30.04090851580645,34,5316.723457509462,False,>=2000 Hz
221246,culex pipiens complex,IFA_48_28_1908.wav,100,88.13131313131312,87.97979797979798,False,-30.05431490007123,33,5088.525017110928,False,>=2000 Hz
221246,culex pipiens complex,IFA_48_28_1908.wav,150,87.75252525252525,87.65151515151514,False,-31.180609234307703,33,5148.750552755978,False,>=2000 Hz
221246,culex pipiens complex,IFA_48_28_1908.wav,200,87.62626262626263,87.47474747474747,False,-30.05431490007123,33,5206.106474135096,False,>=2000 Hz
221246,culex pipiens complex,IFA_48_28_1908.wav,300,87.37373737373737,87.17171717171716,False,-30.241152481105928,33,5313.3090758650505,False,>=2000 Hz
221248,culex pipiens complex,IFA_48_29_1909.wav,0,88.30808080808082,88.08080808080808,False,-36.038230435727584,11,763.5799242943094,False,300-800 Hz
221248,culex pipiens complex,IFA_48_29_1909.wav,100,88.28282828282829,88.05555555555556,False,-35.64319914519803,9,731.7843554943794,False,300-800 Hz
221248,culex pipiens complex,IFA_48_29_1909.wav,150,88.13131313131312,88.03030303030303,False,-34.64592343751939,9,798.9421052862099,False,300-800 Hz
221248,culex pipiens complex,IFA_48_29_1909.wav,200,88.43434343434343,88.20707070707071,False,-35.869015267179,8,780.8898965537708,False,300-800 Hz
221248,culex pipiens complex,IFA_48_29_1909.wav,300,87.92929292929294,87.75252525252525,False,-34.64592343751939,6,746.7907586719966,False,300-800 Hz
221260,an arabiensis,IFA_48_30_1910.wav,0,96.56565656565657,96.48989898989899,False,-39.672140649207584,12,856.358507538126,False,800-2000 Hz
221260,an arabiensis,IFA_48_30_1910.wav,100,96.76767676767678,96.71717171717171,False,-39.627188974883104,10,817.5967063546011,False,800-2000 Hz
221260,an arabiensis,IFA_48_30_1910.wav,150,96.06060606060606,96.01010101010101,False,-40.27573414840745,10,886.4319670625546,False,800-2000 Hz
221260,an arabiensis,IFA_48_30_1910.wav,200,96.86868686868686,96.84343434343434,False,-39.672140649207584,9,865.1425927882087,False,800-2000 Hz
221260,an arabiensis,IFA_48_30_1910.wav,300,96.86868686868686,96.81818181818181,False,-39.627188974883104,7,825.1790452437867,False,800-2000 Hz
221251,culex pipiens complex,IFA_48_34_1914.wav,0,99.39393939393939,99.39393939393939,False,-48.70483095112512,13,955.0184679215481,False,800-2000 Hz
221251,culex pipiens complex,IFA_48_34_1914.wav,100,99.46969696969697,99.44444444444444,False,-50.75538196439307,12,1004.9588458152629,False,800-2000 Hz
221251,culex pipiens complex,IFA_48_34_1914.wav,150,99.57070707070706,99.54545454545455,False,-48.70960881799019,11,979.0284142678163,False,800-2000 Hz
221251,culex pipiens complex,IFA_48_34_1914.wav,200,99.62121212121212,99.57070707070706,False,-48.76514367510903,10,954.1887019828487,False,800-2000 Hz
221251,culex pipiens complex,IFA_48_34_1914.wav,300,99.62121212121212,99.5959595959596,False,-48.70960881799019,9,994.9271530483034,False,800-2000 Hz
221250,culex pipiens complex,IFA_48_34_1914.wav,0,94.72222222222221,94.64646464646465,False,-29.37914756974315,0,44.37407700982649,True,<100 Hz
221250,culex pipiens complex,IFA_48_34_1914.wav,100,96.06060606060606,95.98484848484848,False,-37.244303260299944,30,4161.067222372874,False,>=2000 Hz
221250,culex pipiens complex,IFA_48_34_1914.wav,150,96.23737373737373,96.18686868686869,False,-37.02457285033406,30,4233.479401186071,False,>=2000 Hz
221250,culex pipiens complex,IFA_48_34_1914.wav,200,96.18686868686869,96.11111111111111,False,-38.20315860200733,30,4302.739070598876,False,>=2000 Hz
221250,culex pipiens complex,IFA_48_34_1914.wav,300,96.16161616161617,96.13636363636363,False,-37.244303260299944,29,4169.149528643879,False,>=2000 Hz
221247,an funestus ss,IFA_48_36_1916.wav,0,99.26767676767678,99.16666666666667,False,-39.78106146249645,0,44.37407700982649,True,<100 Hz
221247,an funestus ss,IFA_48_36_1916.wav,100,99.62121212121212,99.62121212121212,False,-39.36440653630827,25,2933.6058324046417,False,>=2000 Hz
221247,an funestus ss,IFA_48_36_1916.wav,150,99.4949494949495,99.44444444444444,False,-38.80702519728602,24,2810.2153350852877,False,>=2000 Hz
221247,an funestus ss,IFA_48_36_1916.wav,200,99.57070707070706,99.52020202020202,False,-38.982710440773914,24,2889.3929988255404,False,>=2000 Hz
221247,an funestus ss,IFA_48_36_1916.wav,300,99.54545454545455,99.4949494949495,False,-38.80702519728602,23,2847.827447952672,False,>=2000 Hz
221220,an funestus ss,IFA_48_37_1917.wav,0,99.0909090909091,99.0909090909091,False,-43.2356589790226,0,44.37407700982649,True,<100 Hz
221220,an funestus ss,IFA_48_37_1917.wav,100,100.0,100.0,True,-56.86120478080859,14,1215.4526718144389,False,800-2000 Hz
221220,an funestus ss,IFA_48_37_1917.wav,150,100.0,100.0,True,-56.130282734607704,13,1180.7507014291307,False,800-2000 Hz
221220,an funestus ss,IFA_48_37_1917.wav,200,100.0,100.0,True,-56.12944797302984,12,1147.767526900907,False,800-2000 Hz
221220,an funestus ss,IFA_48_37_1917.wav,300,100.0,100.0,True,-56.88425537269163,11,1183.5677444553655,False,800-2000 Hz
221221,an funestus ss,IFA_48_37_1917.wav,0,99.84848484848486,99.82323232323232,False,-49.79397040397374,36,6103.720297923787,False,>=2000 Hz
221221,an funestus ss,IFA_48_37_1917.wav,100,99.8989898989899,99.87373737373737,False,-48.87117373510128,36,6192.935304310192,False,>=2000 Hz
221221,an funestus ss,IFA_48_37_1917.wav,150,99.92424242424242,99.8989898989899,False,-48.806591373384705,35,5851.432728061765,False,>=2000 Hz
221221,an funestus ss,IFA_48_37_1917.wav,200,99.8989898989899,99.87373737373737,False,-49.07922319242864,36,6272.599048553766,False,>=2000 Hz
221221,an funestus ss,IFA_48_37_1917.wav,300,99.8989898989899,99.8989898989899,False,-49.931613706706884,35,5982.573343857049,False,>=2000 Hz
221228,an funestus ss,IFA_48_40_1920.wav,0,98.91414141414141,98.88888888888889,False,-33.62842225063789,0,44.37407700982649,True,<100 Hz
221228,an funestus ss,IFA_48_40_1920.wav,100,99.84848484848486,99.84848484848486,False,-50.09396825224431,27,3382.2099706881345,False,>=2000 Hz
221228,an funestus ss,IFA_48_40_1920.wav,150,99.84848484848486,99.84848484848486,False,-50.09396825224431,19,1943.326394117477,False,800-2000 Hz
221228,an funestus ss,IFA_48_40_1920.wav,200,99.84848484848486,99.84848484848486,False,-50.09396825224431,32,4888.1767232060765,False,>=2000 Hz
221228,an funestus ss,IFA_48_40_1920.wav,300,99.87373737373737,99.87373737373737,False,-50.195909950549506,9,994.9271530483034,False,800-2000 Hz
221238,culex pipiens complex,IFA_49_11_1931.wav,0,97.04545454545455,96.91919191919192,False,-30.20928604366326,0,44.37407700982649,True,<100 Hz
221238,culex pipiens complex,IFA_49_11_1931.wav,100,98.68686868686869,98.63636363636363,False,-44.322652814688574,10,817.5967063546011,False,800-2000 Hz
221238,culex pipiens complex,IFA_49_11_1931.wav,150,98.56060606060606,98.43434343434343,False,-45.9957885111827,9,798.9421052862099,False,300-800 Hz
221238,culex pipiens complex,IFA_49_11_1931.wav,200,98.81313131313131,98.66161616161617,False,-44.29902977563997,9,865.1425927882087,False,800-2000 Hz
221238,culex pipiens complex,IFA_49_11_1931.wav,300,98.83838383838383,98.7878787878788,False,-44.322652814688574,7,825.1790452437867,False,800-2000 Hz
221235,culex pipiens complex,IFA_49_11_1931.wav,0,97.72727272727273,97.6010101010101,False,-34.27362070347961,0,44.37407700982649,True,<100 Hz
221235,culex pipiens complex,IFA_49_11_1931.wav,100,98.53535353535354,98.51010101010101,False,-46.10127344895626,34,5435.453615558967,False,>=2000 Hz
221235,culex pipiens complex,IFA_49_11_1931.wav,150,98.51010101010101,98.45959595959596,False,-46.473233808642924,34,5490.128899271392,False,>=2000 Hz
221235,culex pipiens complex,IFA_49_11_1931.wav,200,98.76262626262627,98.7121212121212,False,-47.04970415180121,34,5542.124294130725,False,>=2000 Hz
221235,culex pipiens complex,IFA_49_11_1931.wav,300,98.73737373737373,98.63636363636363,False,-47.6654204688259,33,5313.3090758650505,False,>=2000 Hz
221236,culex pipiens complex,IFA_49_11_1931.wav,0,97.47474747474747,97.37373737373738,False,-34.92873649278876,0,44.37407700982649,True,<100 Hz
221236,culex pipiens complex,IFA_49_11_1931.wav,100,98.05555555555556,97.97979797979798,False,-43.94395906448964,10,817.5967063546011,False,800-2000 Hz
221236,culex pipiens complex,IFA_49_11_1931.wav,150,97.6010101010101,97.47474747474747,False,-45.598346792324605,34,5490.128899271392,False,>=2000 Hz
221236,culex pipiens complex,IFA_49_11_1931.wav,200,98.03030303030303,98.0050505050505,False,-43.884358413591265,9,865.1425927882087,False,800-2000 Hz
221236,culex pipiens complex,IFA_49_11_1931.wav,300,98.05555555555556,97.95454545454545,False,-43.94395906448964,7,825.1790452437867,False,800-2000 Hz
221237,culex pipiens complex,IFA_49_11_1931.wav,0,96.84343434343434,96.66666666666667,False,-33.260640604039466,0,44.37407700982649,True,<100 Hz
221237,culex pipiens complex,IFA_49_11_1931.wav,100,97.3989898989899,97.32323232323232,False,-44.88623080154336,32,4761.213460851244,False,>=2000 Hz
221237,culex pipiens complex,IFA_49_11_1931.wav,150,97.75252525252526,97.67676767676767,False,-44.750303938083675,22,2433.72276470684,False,>=2000 Hz
221237,culex pipiens complex,IFA_49_11_1931.wav,200,97.3989898989899,97.27272727272728,False,-44.77812021319507,21,2340.3780686307796,False,>=2000 Hz
221237,culex pipiens complex,IFA_49_11_1931.wav,300,97.32323232323232,97.19696969696969,False,-44.91391495837377,7,825.1790452437867,False,800-2000 Hz
221330,an funestus ss,IFA_49_13_1933.wav,0,98.25757575757575,98.25757575757575,False,-27.929130065159825,0,44.37407700982649,True,<100 Hz
221330,an funestus ss,IFA_49_13_1933.wav,100,99.39393939393939,99.36868686868688,False,-45.58759737117289,21,2178.8747039229174,False,>=2000 Hz
221330,an funestus ss,IFA_49_13_1933.wav,150,99.36868686868688,99.36868686868688,False,-45.58759737117289,20,2097.6113795318697,False,>=2000 Hz
221330,an funestus ss,IFA_49_13_1933.wav,200,99.4949494949495,99.46969696969697,False,-45.775859802690285,20,2176.7124377582195,False,>=2000 Hz
221330,an funestus ss,IFA_49_13_1933.wav,300,99.44444444444444,99.44444444444444,False,-45.696340153517276,19,2172.778054140427,False,>=2000 Hz
221329,an funestus ss,IFA_49_13_1933.wav,0,96.41414141414143,96.38888888888889,False,-28.833162734272257,0,44.37407700982649,True,<100 Hz
221329,an funestus ss,IFA_49_13_1933.wav,100,97.72727272727273,97.67676767676767,False,-32.81263735850182,37,6606.055464843051,False,>=2000 Hz
221329,an funestus ss,IFA_49_13_1933.wav,150,97.67676767676767,97.67676767676767,False,-33.06154491133271,37,6638.536735866427,False,>=2000 Hz
221329,an funestus ss,IFA_49_13_1933.wav,200,97.72727272727273,97.65151515151516,False,-33.26455135814886,37,6669.293138350332,False,>=2000 Hz
221329,an funestus ss,IFA_49_13_1933.wav,300,97.70202020202021,97.67676767676767,False,-33.636393727830665,37,6726.324829246307,False,>=2000 Hz
221319,an funestus ss,IFA_49_14_1934.wav,0,97.09595959595958,96.9949494949495,False,-34.03967683055034,0,44.37407700982649,True,<100 Hz
221319,an funestus ss,IFA_49_14_1934.wav,100,98.28282828282828,98.23232323232324,False,-41.159027007587355,35,5803.174981087622,False,>=2000 Hz
221319,an funestus ss,IFA_49_14_1934.wav,150,98.30808080808082,98.23232323232324,False,-40.79206853890359,35,5851.432728061765,False,>=2000 Hz
221319,an funestus ss,IFA_49_14_1934.wav,200,98.38383838383838,98.38383838383838,False,-41.159027007587355,35,5897.259272926163,False,>=2000 Hz
221319,an funestus ss,IFA_49_14_1934.wav,300,98.45959595959596,98.35858585858585,False,-41.159027007587355,35,5982.573343857049,False,>=2000 Hz
221309,an funestus ss,IFA_49_17_1937.wav,0,99.8989898989899,99.84848484848486,False,-50.6828723965974,36,6103.720297923787,False,>=2000 Hz
221309,an funestus ss,IFA_49_17_1937.wav,100,100.0,99.94949494949495,False,-51.87856341036765,36,6192.935304310192,False,>=2000 Hz
221309,an funestus ss,IFA_49_17_1937.wav,150,99.94949494949495,99.92424242424242,False,-51.21883664896725,36,6233.825044478617,False,>=2000 Hz
221309,an funestus ss,IFA_49_17_1937.wav,200,99.97474747474747,99.94949494949495,False,-51.71234542842507,36,6272.599048553766,False,>=2000 Hz
221309,an funestus ss,IFA_49_17_1937.wav,300,99.97474747474747,99.97474747474747,False,-51.21883664896725,36,6344.640540634074,False,>=2000 Hz
221341,an arabiensis,IFA_49_19_1939.wav,0,80.35353535353535,80.0,False,-26.589371686197282,35,5698.132814724254,False,>=2000 Hz
221341,an arabiensis,IFA_49_19_1939.wav,100,80.27777777777779,79.97474747474747,False,-26.049841053585574,34,5435.453615558967,False,>=2000 Hz
221341,an arabiensis,IFA_49_19_1939.wav,150,79.87373737373737,79.52020202020202,False,-26.109633673675788,35,5851.432728061765,False,>=2000 Hz
221341,an arabiensis,IFA_49_19_1939.wav,200,79.72222222222223,79.4949494949495,False,-26.712910511434558,34,5542.124294130725,False,>=2000 Hz
221341,an arabiensis,IFA_49_19_1939.wav,300,79.01515151515152,78.68686868686868,False,-27.408811078252448,34,5639.114996491976,False,>=2000 Hz
221342,an arabiensis,IFA_49_19_1939.wav,0,89.11616161616162,88.76262626262627,False,-22.621227341403355,0,44.37407700982649,True,<100 Hz
221342,an arabiensis,IFA_49_19_1939.wav,100,91.33838383838383,91.08585858585857,False,-32.76492099793148,38,7043.93550770528,False,>=2000 Hz
221342,an arabiensis,IFA_49_19_1939.wav,150,91.56565656565657,91.38888888888889,False,-32.76492099793148,38,7066.870533681113,False,>=2000 Hz
221342,an arabiensis,IFA_49_19_1939.wav,200,91.76767676767676,91.56565656565657,False,-33.08120830097177,38,7088.556459474228,False,>=2000 Hz
221342,an arabiensis,IFA_49_19_1939.wav,300,91.9949494949495,91.64141414141415,False,-32.93426049242608,38,7128.689079502165,False,>=2000 Hz
221343,an arabiensis,IFA_49_19_1939.wav,0,97.47474747474747,97.3989898989899,False,-35.776686846187005,0,44.37407700982649,True,<100 Hz
221343,an arabiensis,IFA_49_19_1939.wav,100,99.06565656565657,98.98989898989899,False,-47.451264898096596,34,5435.453615558967,False,>=2000 Hz
221343,an arabiensis,IFA_49_19_1939.wav,150,99.04040404040404,98.98989898989899,False,-47.67641480348917,36,6233.825044478617,False,>=2000 Hz
221343,an arabiensis,IFA_49_19_1939.wav,200,99.11616161616162,99.06565656565657,False,-47.75588813467736,36,6272.599048553766,False,>=2000 Hz
221343,an arabiensis,IFA_49_19_1939.wav,300,99.04040404040404,99.01515151515152,False,-47.86025008795708,36,6344.640540634074,False,>=2000 Hz
221359,an funestus ss,IFA_49_20_1940.wav,0,96.71717171717171,96.66666666666667,False,-26.746532872177696,0,44.37407700982649,True,<100 Hz
221359,an funestus ss,IFA_49_20_1940.wav,100,99.04040404040404,99.01515151515152,False,-41.695820302502725,0,147.947081154182,True,100-300 Hz
221359,an funestus ss,IFA_49_20_1940.wav,150,99.21717171717171,99.16666666666667,False,-40.928449405012714,34,5490.128899271392,False,>=2000 Hz
221359,an funestus ss,IFA_49_20_1940.wav,200,99.19191919191918,99.16666666666667,False,-41.025694984289785,34,5542.124294130725,False,>=2000 Hz
221359,an funestus ss,IFA_49_20_1940.wav,300,99.21717171717171,99.16666666666667,False,-41.695820302502725,34,5639.114996491976,False,>=2000 Hz
221350,an funestus ss,IFA_49_21_1941.wav,0,99.01515151515152,99.01515151515152,False,-42.075868085123105,0,44.37407700982649,True,<100 Hz
221350,an funestus ss,IFA_49_21_1941.wav,100,99.29292929292929,99.26767676767678,False,-46.67508667985349,36,6192.935304310192,False,>=2000 Hz
221350,an funestus ss,IFA_49_21_1941.wav,150,99.26767676767678,99.26767676767678,False,-46.92303343506805,35,5851.432728061765,False,>=2000 Hz
221350,an funestus ss,IFA_49_21_1941.wav,200,99.24242424242425,99.24242424242425,False,-46.92303343506805,35,5897.259272926163,False,>=2000 Hz
221350,an funestus ss,IFA_49_21_1941.wav,300,99.24242424242425,99.21717171717171,False,-47.07435984323787,35,5982.573343857049,False,>=2000 Hz
221351,an funestus ss,IFA_49_21_1941.wav,0,99.79797979797979,99.77272727272727,False,-47.4283664862748,0,44.37407700982649,True,<100 Hz
221351,an funestus ss,IFA_49_21_1941.wav,100,99.94949494949495,99.92424242424242,False,-49.534530081582055,35,5803.174981087622,False,>=2000 Hz
221351,an funestus ss,IFA_49_21_1941.wav,150,99.94949494949495,99.92424242424242,False,-49.531170120831476,35,5851.432728061765,False,>=2000 Hz
221351,an funestus ss,IFA_49_21_1941.wav,200,99.94949494949495,99.94949494949495,False,-49.73696315727503,35,5897.259272926163,False,>=2000 Hz
221351,an funestus ss,IFA_49_21_1941.wav,300,99.92424242424242,99.92424242424242,False,-50.673422351088824,35,5982.573343857049,False,>=2000 Hz
221349,an funestus ss,IFA_49_21_1941.wav,0,99.82323232323232,99.82323232323232,False,-48.98877900932618,0,44.37407700982649,True,<100 Hz
221349,an funestus ss,IFA_49_21_1941.wav,100,99.87373737373737,99.87373737373737,False,-51.269915982667655,23,2534.299911099232,False,>=2000 Hz
221349,an funestus ss,IFA_49_21_1941.wav,150,99.82323232323232,99.82323232323232,False,-50.923437297697475,23,2616.6310775514085,False,>=2000 Hz
221349,an funestus ss,IFA_49_21_1941.wav,200,99.94949494949495,99.8989898989899,False,-50.6539219029601,22,2513.3551754706027,False,>=2000 Hz
221349,an funestus ss,IFA_49_21_1941.wav,300,99.84848484848486,99.84848484848486,False,-51.05477290406323,21,2492.510114683347,False,>=2000 Hz
221318,an arabiensis,IFA_49_23_1943.wav,0,97.6010101010101,97.57575757575758,False,-41.44632669258797,13,955.0184679215481,False,800-2000 Hz
221318,an arabiensis,IFA_49_23_1943.wav,100,98.23232323232324,98.13131313131314,False,-42.155258619169096,11,908.5521219032305,False,800-2000 Hz
221318,an arabiensis,IFA_49_23_1943.wav,150,98.08080808080808,98.05555555555556,False,-41.57151130728677,10,886.4319670625546,False,800-2000 Hz
221318,an arabiensis,IFA_49_23_1943.wav,200,98.0050505050505,98.0050505050505,False,-41.650646977170744,10,954.1887019828487,False,800-2000 Hz
221318,an arabiensis,IFA_49_23_1943.wav,300,98.08080808080808,98.08080808080808,False,-41.57151130728677,8,907.814472208775,False,800-2000 Hz
221313,an arabiensis,IFA_49_24_1944.wav,0,97.70202020202021,97.67676767676767,False,-39.71290098490345,13,955.0184679215481,False,800-2000 Hz
221313,an arabiensis,IFA_49_24_1944.wav,100,96.6161616161616,96.54040404040404,False,-42.45281775128835,11,908.5521219032305,False,800-2000 Hz
221313,an arabiensis,IFA_49_24_1944.wav,150,97.65151515151516,97.65151515151516,False,-39.828721474527086,11,979.0284142678163,False,800-2000 Hz
221313,an arabiensis,IFA_49_24_1944.wav,200,97.57575757575758,97.57575757575758,False,-39.777267464550064,10,954.1887019828487,False,800-2000 Hz
221313,an arabiensis,IFA_49_24_1944.wav,300,97.67676767676767,97.65151515151516,False,-39.828721474527086,9,994.9271530483034,False,800-2000 Hz
221361,an arabiensis,IFA_49_25_1945.wav,0,99.92424242424242,99.92424242424242,False,-47.50632410596539,0,44.37407700982649,True,<100 Hz
221361,an arabiensis,IFA_49_25_1945.wav,100,99.92424242424242,99.92424242424242,False,-50.08653833970429,11,908.5521219032305,False,800-2000 Hz
221361,an arabiensis,IFA_49_25_1945.wav,150,99.92424242424242,99.92424242424242,False,-49.87592577519597,10,886.4319670625546,False,800-2000 Hz
221361,an arabiensis,IFA_49_25_1945.wav,200,100.0,100.0,True,-52.290023937828266,10,954.1887019828487,False,800-2000 Hz
221361,an arabiensis,IFA_49_25_1945.wav,300,99.92424242424242,99.92424242424242,False,-50.0943488266611,8,907.814472208775,False,800-2000 Hz
221311,an arabiensis,IFA_49_26_1946.wav,0,95.83333333333334,95.73232323232324,False,-31.956145266630255,0,44.37407700982649,True,<100 Hz
221311,an arabiensis,IFA_49_26_1946.wav,100,97.82828282828284,97.82828282828284,False,-44.826206228669214,37,6606.055464843051,False,>=2000 Hz
221311,an arabiensis,IFA_49_26_1946.wav,150,97.95454545454545,97.8030303030303,False,-45.083742194227625,37,6638.536735866427,False,>=2000 Hz
221311,an arabiensis,IFA_49_26_1946.wav,200,98.0050505050505,97.85353535353535,False,-44.9251217321914,36,6272.599048553766,False,>=2000 Hz
221311,an arabiensis,IFA_49_26_1946.wav,300,98.13131313131314,97.97979797979798,False,-44.59228598222559,36,6344.640540634074,False,>=2000 Hz
221310,an arabiensis,IFA_49_26_1946.wav,0,96.56565656565657,96.51515151515152,False,-29.718625772291514,0,44.37407700982649,True,<100 Hz
221310,an arabiensis,IFA_49_26_1946.wav,100,98.81313131313131,98.76262626262627,False,-41.127552835548904,33,5088.525017110928,False,>=2000 Hz
221310,an arabiensis,IFA_49_26_1946.wav,150,98.73737373737373,98.7121212121212,False,-41.072978279216784,33,5148.750552755978,False,>=2000 Hz
221310,an arabiensis,IFA_49_26_1946.wav,200,98.68686868686869,98.68686868686869,False,-41.18875611080247,33,5206.106474135096,False,>=2000 Hz
221310,an arabiensis,IFA_49_26_1946.wav,300,98.61111111111111,98.61111111111111,False,-41.81385721333964,32,5004.24831571783,False,>=2000 Hz
221348,an arabiensis,IFA_49_27_1947.wav,0,98.96464646464646,98.96464646464646,False,-46.44816042143433,13,955.0184679215481,False,800-2000 Hz
221348,an arabiensis,IFA_49_27_1947.wav,100,99.34343434343434,99.31818181818181,False,-45.95036569487016,11,908.5521219032305,False,800-2000 Hz
221348,an arabiensis,IFA_49_27_1947.wav,150,99.31818181818181,99.29292929292929,False,-45.923324068796475,11,979.0284142678163,False,800-2000 Hz
221348,an arabiensis,IFA_49_27_1947.wav,200,99.24242424242425,99.19191919191918,False,-46.47071820235066,10,954.1887019828487,False,800-2000 Hz
221348,an arabiensis,IFA_49_27_1947.wav,300,99.31818181818181,99.29292929292929,False,-45.966704756918446,9,994.9271530483034,False,800-2000 Hz
221375,an arabiensis,IFA_49_29_1949.wav,0,99.0909090909091,99.06565656565657,False,-46.35438769399041,13,955.0184679215481,False,800-2000 Hz
221375,an arabiensis,IFA_49_29_1949.wav,100,99.0909090909091,99.06565656565657,False,-43.60858940180218,11,908.5521219032305,False,800-2000 Hz
221375,an arabiensis,IFA_49_29_1949.wav,150,99.14141414141415,99.14141414141415,False,-43.66485811449391,10,886.4319670625546,False,800-2000 Hz
221375,an arabiensis,IFA_49_29_1949.wav,200,99.06565656565657,99.04040404040404,False,-46.389973633919446,10,954.1887019828487,False,800-2000 Hz
221375,an arabiensis,IFA_49_29_1949.wav,300,99.14141414141415,99.14141414141415,False,-43.68765686534501,8,907.814472208775,False,800-2000 Hz
221357,an arabiensis,IFA_49_32_1952.wav,0,98.63636363636363,98.56060606060606,False,-38.11961991625952,13,955.0184679215481,False,800-2000 Hz
221357,an arabiensis,IFA_49_32_1952.wav,100,98.53535353535354,98.51010101010101,False,-40.557833673899665,11,908.5521219032305,False,800-2000 Hz
221357,an arabiensis,IFA_49_32_1952.wav,150,98.61111111111111,98.58585858585859,False,-38.351585389336364,11,979.0284142678163,False,800-2000 Hz
221357,an arabiensis,IFA_49_32_1952.wav,200,98.66161616161617,98.58585858585859,False,-38.18629092239097,10,954.1887019828487,False,800-2000 Hz
221357,an arabiensis,IFA_49_32_1952.wav,300,98.68686868686869,98.61111111111111,False,-38.351585389336364,9,994.9271530483034,False,800-2000 Hz
221345,an arabiensis,IFA_49_36_1956.wav,0,99.77272727272727,99.77272727272727,False,-47.6690801981988,0,44.37407700982649,True,<100 Hz
221345,an arabiensis,IFA_49_36_1956.wav,100,99.94949494949495,99.94949494949495,False,-51.26756304569176,11,908.5521219032305,False,800-2000 Hz
221345,an arabiensis,IFA_49_36_1956.wav,150,99.97474747474747,99.97474747474747,False,-51.545609043725406,11,979.0284142678163,False,800-2000 Hz
221345,an arabiensis,IFA_49_36_1956.wav,200,99.92424242424242,99.92424242424242,False,-51.47071599842999,10,954.1887019828487,False,800-2000 Hz
221345,an arabiensis,IFA_49_36_1956.wav,300,99.97474747474747,99.97474747474747,False,-51.545609043725406,9,994.9271530483034,False,800-2000 Hz
221325,an arabiensis,IFA_49_38_1958.wav,0,91.01010101010101,90.9090909090909,False,-20.01831031593801,34,5316.723457509462,False,>=2000 Hz
221325,an arabiensis,IFA_49_38_1958.wav,100,92.55050505050505,92.42424242424242,False,-20.04955961497852,31,4452.409703131681,False,>=2000 Hz
221325,an arabiensis,IFA_49_38_1958.wav,150,92.22222222222223,92.12121212121212,False,-20.33981478492148,33,5148.750552755978,False,>=2000 Hz
221325,an arabiensis,IFA_49_38_1958.wav,200,92.17171717171718,92.07070707070707,False,-19.958823507217758,33,5206.106474135096,False,>=2000 Hz
221325,an arabiensis,IFA_49_38_1958.wav,300,92.0959595959596,91.9949494949495,False,-19.473696482038445,37,6726.324829246307,False,>=2000 Hz
221324,an arabiensis,IFA_49_38_1958.wav,0,88.0050505050505,87.62626262626263,False,-24.044026265530714,37,6535.01859571434,False,>=2000 Hz
221324,an arabiensis,IFA_49_38_1958.wav,100,89.16666666666667,88.88888888888889,False,-23.87408560428732,37,6606.055464843051,False,>=2000 Hz
221324,an arabiensis,IFA_49_38_1958.wav,150,88.93939393939394,88.63636363636364,False,-24.07999508400717,37,6638.536735866427,False,>=2000 Hz
221324,an arabiensis,IFA_49_38_1958.wav,200,89.11616161616162,88.76262626262627,False,-24.171869986995908,37,6669.293138350332,False,>=2000 Hz
221324,an arabiensis,IFA_49_38_1958.wav,300,88.96464646464646,88.61111111111111,False,-24.60341712570144,37,6726.324829246307,False,>=2000 Hz
221314,an arabiensis,IFA_49_40_1960.wav,0,97.27272727272728,97.22222222222221,False,-37.75957554493003,0,44.37407700982649,True,<100 Hz
221314,an arabiensis,IFA_49_40_1960.wav,100,99.04040404040404,98.98989898989899,False,-39.078398012627346,11,908.5521219032305,False,800-2000 Hz
221314,an arabiensis,IFA_49_40_1960.wav,150,99.06565656565657,98.98989898989899,False,-39.42345593411014,10,886.4319670625546,False,800-2000 Hz
221314,an arabiensis,IFA_49_40_1960.wav,200,98.86363636363636,98.86363636363636,False,-39.79133544142283,10,954.1887019828487,False,800-2000 Hz
221314,an arabiensis,IFA_49_40_1960.wav,300,98.91414141414141,98.86363636363636,False,-39.496588533711645,8,907.814472208775,False,800-2000 Hz
221352,an arabiensis,IFA_50_10_1970.wav,0,99.52020202020202,99.4949494949495,False,-46.729463947799985,0,44.37407700982649,True,<100 Hz
221352,an arabiensis,IFA_50_10_1970.wav,100,99.67171717171716,99.64646464646465,False,-47.192015668917115,34,5435.453615558967,False,>=2000 Hz
221352,an arabiensis,IFA_50_10_1970.wav,150,99.69696969696969,99.67171717171716,False,-46.63183460424371,21,2260.90163072702,False,>=2000 Hz
221352,an arabiensis,IFA_50_10_1970.wav,200,99.69696969696969,99.69696969696969,False,-47.192015668917115,33,5206.106474135096,False,>=2000 Hz
221352,an arabiensis,IFA_50_10_1970.wav,300,99.69696969696969,99.69696969696969,False,-47.192015668917115,20,2328.427478920975,False,>=2000 Hz
221354,an arabiensis,IFA_50_10_1970.wav,0,91.16161616161617,91.01010101010101,False,-25.100871212236278,36,6103.720297923787,False,>=2000 Hz
221354,an arabiensis,IFA_50_10_1970.wav,100,91.51515151515152,91.41414141414141,False,-25.794309109221526,36,6192.935304310192,False,>=2000 Hz
221354,an arabiensis,IFA_50_10_1970.wav,150,91.5909090909091,91.51515151515152,False,-25.53457638186178,35,5851.432728061765,False,>=2000 Hz
221354,an arabiensis,IFA_50_10_1970.wav,200,91.51515151515152,91.51515151515152,False,-25.421632557264445,35,5897.259272926163,False,>=2000 Hz
221354,an arabiensis,IFA_50_10_1970.wav,300,91.21212121212122,91.18686868686868,False,-24.937303695973903,35,5982.573343857049,False,>=2000 Hz
221353,an arabiensis,IFA_50_10_1970.wav,0,93.23232323232324,93.10606060606061,False,-31.47094174214616,0,44.37407700982649,True,<100 Hz
221353,an arabiensis,IFA_50_10_1970.wav,100,95.47979797979798,95.4040404040404,False,-31.06242649363066,37,6606.055464843051,False,>=2000 Hz
221353,an arabiensis,IFA_50_10_1970.wav,150,95.3030303030303,95.22727272727273,False,-30.995983480370345,36,6233.825044478617,False,>=2000 Hz
221353,an arabiensis,IFA_50_10_1970.wav,200,95.22727272727273,95.17676767676768,False,-30.903786651362584,36,6272.599048553766,False,>=2000 Hz
221353,an arabiensis,IFA_50_10_1970.wav,300,95.25252525252526,95.07575757575758,False,-31.199202358160804,36,6344.640540634074,False,>=2000 Hz
221355,an arabiensis,IFA_50_10_1970.wav,0,98.4090909090909,98.35858585858585,False,-29.74420186471665,0,44.37407700982649,True,<100 Hz
221355,an arabiensis,IFA_50_10_1970.wav,100,99.5959595959596,99.57070707070706,False,-48.92086670973654,37,6606.055464843051,False,>=2000 Hz
221355,an arabiensis,IFA_50_10_1970.wav,150,99.64646464646465,99.62121212121212,False,-49.23865633315516,37,6638.536735866427,False,>=2000 Hz
221355,an arabiensis,IFA_50_10_1970.wav,200,99.64646464646465,99.62121212121212,False,-49.574057397664674,37,6669.293138350332,False,>=2000 Hz
221355,an arabiensis,IFA_50_10_1970.wav,300,99.64646464646465,99.62121212121212,False,-49.89461229168968,36,6344.640540634074,False,>=2000 Hz
221365,an funestus ss,IFA_50_11_1971.wav,0,98.30808080808082,98.28282828282828,False,-44.85547920020088,33,4958.050905231921,False,>=2000 Hz
221365,an funestus ss,IFA_50_11_1971.wav,100,98.53535353535354,98.45959595959596,False,-44.382307349813374,13,1107.1435959963192,False,800-2000 Hz
221365,an funestus ss,IFA_50_11_1971.wav,150,98.43434343434343,98.33333333333333,False,-44.46653660880962,13,1180.7507014291307,False,800-2000 Hz
221365,an funestus ss,IFA_50_11_1971.wav,200,98.30808080808082,98.28282828282828,False,-44.731081375473536,12,1147.767526900907,False,800-2000 Hz
221365,an funestus ss,IFA_50_11_1971.wav,300,98.53535353535354,98.48484848484848,False,-45.33498545053629,10,1086.7596689771533,False,800-2000 Hz
221366,an funestus ss,IFA_50_11_1971.wav,0,99.82323232323232,99.77272727272727,False,-50.67748319905051,0,44.37407700982649,True,<100 Hz
221366,an funestus ss,IFA_50_11_1971.wav,100,99.92424242424242,99.8989898989899,False,-51.248115277066205,21,2178.8747039229174,False,>=2000 Hz
221366,an funestus ss,IFA_50_11_1971.wav,150,99.92424242424242,99.92424242424242,False,-50.65665682725981,21,2260.90163072702,False,>=2000 Hz
221366,an funestus ss,IFA_50_11_1971.wav,200,99.8989898989899,99.87373737373737,False,-50.7120130870362,20,2176.7124377582195,False,>=2000 Hz
221366,an funestus ss,IFA_50_11_1971.wav,300,99.94949494949495,99.92424242424242,False,-50.77222050227557,25,3242.6905940108,False,>=2000 Hz
221364,an funestus ss,IFA_50_11_1971.wav,0,87.6010101010101,87.47474747474747,False,-26.845296429008915,21,2006.1286971205438,False,>=2000 Hz
221364,an funestus ss,IFA_50_11_1971.wav,100,88.33333333333333,88.08080808080808,False,-26.845296429008915,20,2016.0890276353948,False,>=2000 Hz
221364,an funestus ss,IFA_50_11_1971.wav,150,88.10606060606061,87.95454545454545,False,-26.181140792510146,19,1943.326394117477,False,800-2000 Hz
221364,an funestus ss,IFA_50_11_1971.wav,200,88.23232323232322,88.0050505050505,False,-27.102053766202793,18,1875.3376136955906,False,800-2000 Hz
221364,an funestus ss,IFA_50_11_1971.wav,300,87.82828282828284,87.52525252525253,False,-27.589813768975805,18,2025.1284060106793,False,>=2000 Hz
221367,an funestus ss,IFA_50_11_1971.wav,0,99.94949494949495,99.94949494949495,False,-49.91494589078872,0,44.37407700982649,True,<100 Hz
221367,an funestus ss,IFA_50_11_1971.wav,100,100.0,100.0,True,-52.572302277577094,7,574.4420356195228,False,300-800 Hz
221367,an funestus ss,IFA_50_11_1971.wav,150,100.0,100.0,True,-52.289071085406505,6,564.3726097218181,False,300-800 Hz
221367,an funestus ss,IFA_50_11_1971.wav,200,100.0,100.0,True,-52.693510865031314,20,2176.7124377582195,False,>=2000 Hz
221367,an funestus ss,IFA_50_11_1971.wav,300,100.0,100.0,True,-53.086379379140176,4,601.8936796253,False,300-800 Hz
221368,an funestus ss,IFA_50_11_1971.wav,0,99.8989898989899,99.8989898989899,False,-50.41973523024181,0,44.37407700982649,True,<100 Hz
221368,an funestus ss,IFA_50_11_1971.wav,100,100.0,100.0,True,-54.06238158259655,37,6606.055464843051,False,>=2000 Hz
221368,an funestus ss,IFA_50_11_1971.wav,150,100.0,100.0,True,-53.99587894531158,35,5851.432728061765,False,>=2000 Hz
221368,an funestus ss,IFA_50_11_1971.wav,200,100.0,100.0,True,-54.887148462162926,32,4888.1767232060765,False,>=2000 Hz
221368,an funestus ss,IFA_50_11_1971.wav,300,100.0,100.0,True,-53.9947192428866,15,1626.1711200507493,False,800-2000 Hz
221317,an funestus ss,IFA_50_12_1972.wav,0,98.66161616161617,98.63636363636363,False,-27.994637990014233,0,44.37407700982649,True,<100 Hz
221317,an funestus ss,IFA_50_12_1972.wav,100,99.92424242424242,99.92424242424242,False,-51.07933088643141,36,6192.935304310192,False,>=2000 Hz
221317,an funestus ss,IFA_50_12_1972.wav,150,99.94949494949495,99.94949494949495,False,-50.78046048782117,36,6233.825044478617,False,>=2000 Hz
221317,an funestus ss,IFA_50_12_1972.wav,200,99.94949494949495,99.94949494949495,False,-50.74174965270271,36,6272.599048553766,False,>=2000 Hz
221317,an funestus ss,IFA_50_12_1972.wav,300,99.97474747474747,99.97474747474747,False,-50.74254837698803,35,5982.573343857049,False,>=2000 Hz
221323,an funestus ss,IFA_50_13_1973.wav,0,97.09595959595958,97.09595959595958,False,-26.01840766587193,33,4958.050905231921,False,>=2000 Hz
221323,an funestus ss,IFA_50_13_1973.wav,100,97.17171717171718,97.14646464646465,False,-25.96558283057472,37,6606.055464843051,False,>=2000 Hz
221323,an funestus ss,IFA_50_13_1973.wav,150,97.17171717171718,97.09595959595958,False,-26.16280615853469,37,6638.536735866427,False,>=2000 Hz
221323,an funestus ss,IFA_50_13_1973.wav,200,97.17171717171718,97.14646464646465,False,-26.264323966049375,32,4888.1767232060765,False,>=2000 Hz
221323,an funestus ss,IFA_50_13_1973.wav,300,97.12121212121212,97.07070707070707,False,-26.194256372410653,37,6726.324829246307,False,>=2000 Hz
221362,an arabiensis,IFA_50_14_1974.wav,0,100.0,100.0,True,-52.12611699233097,0,44.37407700982649,True,<100 Hz
221362,an arabiensis,IFA_50_14_1974.wav,100,100.0,100.0,True,-55.645754224237784,35,5803.174981087622,False,>=2000 Hz
221362,an arabiensis,IFA_50_14_1974.wav,150,100.0,100.0,True,-55.613747429858016,35,5851.432728061765,False,>=2000 Hz
221362,an arabiensis,IFA_50_14_1974.wav,200,100.0,100.0,True,-55.52053289429138,35,5897.259272926163,False,>=2000 Hz
221362,an arabiensis,IFA_50_14_1974.wav,300,100.0,100.0,True,-55.831746274592206,34,5639.114996491976,False,>=2000 Hz
221363,an arabiensis,IFA_50_14_1974.wav,0,99.94949494949495,99.94949494949495,False,-51.65533046515489,0,44.37407700982649,True,<100 Hz
221363,an arabiensis,IFA_50_14_1974.wav,100,99.94949494949495,99.94949494949495,False,-51.04787849164686,35,5803.174981087622,False,>=2000 Hz
221363,an arabiensis,IFA_50_14_1974.wav,150,99.94949494949495,99.94949494949495,False,-50.92650161020072,35,5851.432728061765,False,>=2000 Hz
221363,an arabiensis,IFA_50_14_1974.wav,200,99.94949494949495,99.94949494949495,False,-51.53737168389142,35,5897.259272926163,False,>=2000 Hz
221363,an arabiensis,IFA_50_14_1974.wav,300,100.0,99.97474747474747,False,-51.99617814874762,35,5982.573343857049,False,>=2000 Hz
221332,an funestus ss,IFA_50_17_1977.wav,0,99.19191919191918,99.19191919191918,False,-32.90363166688452,0,44.37407700982649,True,<100 Hz
221332,an funestus ss,IFA_50_17_1977.wav,100,99.77272727272727,99.77272727272727,False,-45.8195729744791,11,908.5521219032305,False,800-2000 Hz
221332,an funestus ss,IFA_50_17_1977.wav,150,99.77272727272727,99.77272727272727,False,-43.246589746735815,11,979.0284142678163,False,800-2000 Hz
221332,an funestus ss,IFA_50_17_1977.wav,200,99.79797979797979,99.77272727272727,False,-43.14384784620194,10,954.1887019828487,False,800-2000 Hz
221332,an funestus ss,IFA_50_17_1977.wav,300,99.77272727272727,99.77272727272727,False,-43.246589746735815,9,994.9271530483034,False,800-2000 Hz
221331,an funestus ss,IFA_50_17_1977.wav,0,98.10606060606061,98.05555555555556,False,-32.97245432012319,0,44.37407700982649,True,<100 Hz
221331,an funestus ss,IFA_50_17_1977.wav,100,99.41919191919192,99.39393939393939,False,-41.39763698174935,34,5435.453615558967,False,>=2000 Hz
221331,an funestus ss,IFA_50_17_1977.wav,150,99.46969696969697,99.44444444444444,False,-41.287953506346355,34,5490.128899271392,False,>=2000 Hz
221331,an funestus ss,IFA_50_17_1977.wav,200,99.36868686868688,99.36868686868688,False,-40.932388482058585,34,5542.124294130725,False,>=2000 Hz
221331,an funestus ss,IFA_50_17_1977.wav,300,99.41919191919192,99.39393939393939,False,-40.96429082309663,34,5639.114996491976,False,>=2000 Hz
221458,an arabiensis,IFA_50_21_1981.wav,0,98.76262626262627,98.73737373737373,False,-33.577615186092814,0,44.37407700982649,True,<100 Hz
221458,an arabiensis,IFA_50_21_1981.wav,100,99.46969696969697,99.41919191919192,False,-47.23083284414135,33,5088.525017110928,False,>=2000 Hz
221458,an arabiensis,IFA_50_21_1981.wav,150,99.41919191919192,99.41919191919192,False,-47.24906709390279,33,5148.750552755978,False,>=2000 Hz
221458,an arabiensis,IFA_50_21_1981.wav,200,99.41919191919192,99.36868686868688,False,-47.243545298435556,33,5206.106474135096,False,>=2000 Hz
221458,an arabiensis,IFA_50_21_1981.wav,300,99.44444444444444,99.39393939393939,False,-47.45933978326362,7,825.1790452437867,False,800-2000 Hz
221470,an arabiensis,IFA_50_23_1983.wav,0,98.03030303030303,97.97979797979798,False,-29.302715344303344,0,44.37407700982649,True,<100 Hz
221470,an arabiensis,IFA_50_23_1983.wav,100,99.29292929292929,99.24242424242425,False,-47.32024789837831,11,908.5521219032305,False,800-2000 Hz
221470,an arabiensis,IFA_50_23_1983.wav,150,99.19191919191918,99.14141414141415,False,-47.38951884604677,10,886.4319670625546,False,800-2000 Hz
221470,an arabiensis,IFA_50_23_1983.wav,200,99.31818181818181,99.26767676767678,False,-47.548312036125886,36,6272.599048553766,False,>=2000 Hz
221470,an arabiensis,IFA_50_23_1983.wav,300,99.39393939393939,99.34343434343434,False,-47.42236585003332,8,907.814472208775,False,800-2000 Hz
221472,an arabiensis,IFA_50_23_1983.wav,0,99.87373737373737,99.87373737373737,False,-49.96201866905363,0,44.37407700982649,True,<100 Hz
221472,an arabiensis,IFA_50_23_1983.wav,100,99.94949494949495,99.94949494949495,False,-51.40496026143752,11,908.5521219032305,False,800-2000 Hz
221472,an arabiensis,IFA_50_23_1983.wav,150,99.94949494949495,99.94949494949495,False,-51.45563717922986,10,886.4319670625546,False,800-2000 Hz
221472,an arabiensis,IFA_50_23_1983.wav,200,100.0,100.0,True,-52.6471720415321,10,954.1887019828487,False,800-2000 Hz
221472,an arabiensis,IFA_50_23_1983.wav,300,99.94949494949495,99.94949494949495,False,-51.52927548366839,8,907.814472208775,False,800-2000 Hz
221471,an arabiensis,IFA_50_23_1983.wav,0,98.48484848484848,98.48484848484848,False,-46.7847121181839,36,6103.720297923787,False,>=2000 Hz
221471,an arabiensis,IFA_50_23_1983.wav,100,99.14141414141415,99.01515151515152,False,-47.170371234170794,36,6192.935304310192,False,>=2000 Hz
221471,an arabiensis,IFA_50_23_1983.wav,150,99.21717171717171,99.11616161616162,False,-46.7772148313243,36,6233.825044478617,False,>=2000 Hz
221471,an arabiensis,IFA_50_23_1983.wav,200,99.11616161616162,99.0909090909091,False,-46.87752103786954,36,6272.599048553766,False,>=2000 Hz
221471,an arabiensis,IFA_50_23_1983.wav,300,99.11616161616162,99.04040404040404,False,-46.657359111010315,36,6344.640540634074,False,>=2000 Hz
221479,an funestus ss,IFA_50_24_1984.wav,0,98.93939393939394,98.91414141414141,False,-31.95347608475126,0,44.37407700982649,True,<100 Hz
221479,an funestus ss,IFA_50_24_1984.wav,100,99.74747474747475,99.74747474747475,False,-44.929858213957054,36,6192.935304310192,False,>=2000 Hz
221479,an funestus ss,IFA_50_24_1984.wav,150,99.74747474747475,99.74747474747475,False,-44.929858213957054,36,6233.825044478617,False,>=2000 Hz
221479,an funestus ss,IFA_50_24_1984.wav,200,99.74747474747475,99.74747474747475,False,-44.929858213957054,36,6272.599048553766,False,>=2000 Hz
221479,an funestus ss,IFA_50_24_1984.wav,300,99.69696969696969,99.69696969696969,False,-45.11057528412039,35,5982.573343857049,False,>=2000 Hz
221476,an funestus ss,IFA_50_27_1987.wav,0,99.36868686868688,99.34343434343434,False,-29.194289024005926,0,44.37407700982649,True,<100 Hz
221476,an funestus ss,IFA_50_27_1987.wav,100,100.0,100.0,True,-53.2885876614572,37,6606.055464843051,False,>=2000 Hz
221476,an funestus ss,IFA_50_27_1987.wav,150,100.0,100.0,True,-53.912673918215255,36,6233.825044478617,False,>=2000 Hz
221476,an funestus ss,IFA_50_27_1987.wav,200,100.0,100.0,True,-53.973198990284,36,6272.599048553766,False,>=2000 Hz
221476,an funestus ss,IFA_50_27_1987.wav,300,100.0,100.0,True,-53.99334780487655,37,6726.324829246307,False,>=2000 Hz
221475,an funestus ss,IFA_50_27_1987.wav,0,98.56060606060606,98.53535353535354,False,-38.623556085694574,38,6993.657556191134,False,>=2000 Hz
221475,an funestus ss,IFA_50_27_1987.wav,100,98.96464646464646,98.96464646464646,False,-39.11152767229767,38,7043.93550770528,False,>=2000 Hz
221475,an funestus ss,IFA_50_27_1987.wav,150,99.04040404040404,99.01515151515152,False,-39.11152767229767,38,7066.870533681113,False,>=2000 Hz
221475,an funestus ss,IFA_50_27_1987.wav,200,98.98989898989899,98.98989898989899,False,-39.400682341899085,38,7088.556459474228,False,>=2000 Hz
221475,an funestus ss,IFA_50_27_1987.wav,300,98.96464646464646,98.96464646464646,False,-39.83883044073608,38,7128.689079502165,False,>=2000 Hz
221487,culex pipiens complex,IFA_50_29_1989.wav,0,99.04040404040404,99.04040404040404,False,-32.15252633474308,0,44.37407700982649,True,<100 Hz
221487,culex pipiens complex,IFA_50_29_1989.wav,100,99.84848484848486,99.84848484848486,False,-46.53656172244544,11,908.5521219032305,False,800-2000 Hz
221487,culex pipiens complex,IFA_50_29_1989.wav,150,99.79797979797979,99.77272727272727,False,-44.36861251415174,11,979.0284142678163,False,800-2000 Hz
221487,culex pipiens complex,IFA_50_29_1989.wav,200,99.77272727272727,99.77272727272727,False,-44.34689625306292,10,954.1887019828487,False,800-2000 Hz
221487,culex pipiens complex,IFA_50_29_1989.wav,300,99.77272727272727,99.77272727272727,False,-44.36861251415174,9,994.9271530483034,False,800-2000 Hz
221469,culex pipiens complex,IFA_50_31_1991.wav,0,99.44444444444444,99.39393939393939,False,-49.31030872377668,20,1844.8093189835445,False,800-2000 Hz
221469,culex pipiens complex,IFA_50_31_1991.wav,100,99.46969696969697,99.41919191919192,False,-49.31030872377668,19,1862.5080507980697,False,800-2000 Hz
221469,culex pipiens complex,IFA_50_31_1991.wav,150,99.67171717171716,99.67171717171716,False,-48.27104102093169,18,1797.5500446410404,False,800-2000 Hz
221469,culex pipiens complex,IFA_50_31_1991.wav,200,99.39393939393939,99.39393939393939,False,-48.426710705023694,18,1875.3376136955906,False,800-2000 Hz
221469,culex pipiens complex,IFA_50_31_1991.wav,300,99.46969696969697,99.46969696969697,False,-48.58563632078689,17,1885.0673770439807,False,800-2000 Hz
221468,culex pipiens complex,IFA_50_31_1991.wav,0,98.63636363636363,98.63636363636363,False,-36.02768668229696,0,44.37407700982649,True,<100 Hz
221468,culex pipiens complex,IFA_50_31_1991.wav,100,99.4949494949495,99.46969696969697,False,-36.12381121568894,38,7043.93550770528,False,>=2000 Hz
221468,culex pipiens complex,IFA_50_31_1991.wav,150,99.4949494949495,99.44444444444444,False,-36.216593133972296,38,7066.870533681113,False,>=2000 Hz
221468,culex pipiens complex,IFA_50_31_1991.wav,200,99.4949494949495,99.4949494949495,False,-36.27978897869201,38,7088.556459474228,False,>=2000 Hz
221468,culex pipiens complex,IFA_50_31_1991.wav,300,99.44444444444444,99.41919191919192,False,-37.08377170207288,38,7128.689079502165,False,>=2000 Hz
221473,culex pipiens complex,IFA_50_33_1993.wav,0,97.27272727272728,97.24747474747475,False,-31.53657605809013,0,44.37407700982649,True,<100 Hz
221473,culex pipiens complex,IFA_50_33_1993.wav,100,98.7878787878788,98.7878787878788,False,-47.038580326129434,17,1580.907710730555,False,800-2000 Hz
221473,culex pipiens complex,IFA_50_33_1993.wav,150,99.29292929292929,99.26767676767678,False,-46.78855853384013,17,1659.8130898129411,False,800-2000 Hz
221473,culex pipiens complex,IFA_50_33_1993.wav,200,99.06565656565657,99.04040404040404,False,-47.038580326129434,16,1605.5359087903153,False,800-2000 Hz
221473,culex pipiens complex,IFA_50_33_1993.wav,300,99.19191919191918,99.14141414141415,False,-46.78855853384013,15,1626.1711200507493,False,800-2000 Hz
221456,culex pipiens complex,IFA_50_37_1997.wav,0,98.88888888888889,98.83838383838383,False,-34.43148483766252,35,5698.132814724254,False,>=2000 Hz
221456,culex pipiens complex,IFA_50_37_1997.wav,100,98.73737373737373,98.66161616161617,False,-34.853637095835154,35,5803.174981087622,False,>=2000 Hz
221456,culex pipiens complex,IFA_50_37_1997.wav,150,98.7121212121212,98.68686868686869,False,-35.13589070327703,35,5851.432728061765,False,>=2000 Hz
221456,culex pipiens complex,IFA_50_37_1997.wav,200,98.93939393939394,98.86363636363636,False,-35.86138387599394,34,5542.124294130725,False,>=2000 Hz
221456,culex pipiens complex,IFA_50_37_1997.wav,300,98.73737373737373,98.68686868686869,False,-35.05016899080705,34,5639.114996491976,False,>=2000 Hz
221482,culex pipiens complex,IFA_50_38_1998.wav,0,96.74242424242424,96.64141414141415,False,-27.94788617992956,0,44.37407700982649,True,<100 Hz
221482,culex pipiens complex,IFA_50_38_1998.wav,100,97.97979797979798,97.85353535353535,False,-45.26289081499037,34,5435.453615558967,False,>=2000 Hz
221482,culex pipiens complex,IFA_50_38_1998.wav,150,98.08080808080808,98.0050505050505,False,-45.524985000394516,34,5490.128899271392,False,>=2000 Hz
221482,culex pipiens complex,IFA_50_38_1998.wav,200,98.13131313131314,98.08080808080808,False,-45.99644393550844,34,5542.124294130725,False,>=2000 Hz
221482,culex pipiens complex,IFA_50_38_1998.wav,300,98.30808080808082,98.25757575757575,False,-45.98400545961355,33,5313.3090758650505,False,>=2000 Hz
221457,culex pipiens complex,IFA_50_40_2000.wav,0,98.96464646464646,98.93939393939394,False,-30.92972990412725,0,44.37407700982649,True,<100 Hz
221457,culex pipiens complex,IFA_50_40_2000.wav,100,99.79797979797979,99.77272727272727,False,-40.28504852705335,34,5435.453615558967,False,>=2000 Hz
221457,culex pipiens complex,IFA_50_40_2000.wav,150,99.74747474747475,99.74747474747475,False,-40.3662273756425,34,5490.128899271392,False,>=2000 Hz
221457,culex pipiens complex,IFA_50_40_2000.wav,200,99.72222222222223,99.72222222222223,False,-39.792071447212656,32,4888.1767232060765,False,>=2000 Hz
221457,culex pipiens complex,IFA_50_40_2000.wav,300,99.72222222222223,99.72222222222223,False,-39.91556903743441,32,5004.24831571783,False,>=2000 Hz
221459,culex pipiens complex,IFA_51_13_2013.wav,0,98.96464646464646,98.91414141414141,False,-36.582789527956436,0,44.37407700982649,True,<100 Hz
221459,culex pipiens complex,IFA_51_13_2013.wav,100,99.92424242424242,99.92424242424242,False,-48.48466076643441,35,5803.174981087622,False,>=2000 Hz
221459,culex pipiens complex,IFA_51_13_2013.wav,150,99.94949494949495,99.94949494949495,False,-51.24105117617087,35,5851.432728061765,False,>=2000 Hz
221459,culex pipiens complex,IFA_51_13_2013.wav,200,99.92424242424242,99.92424242424242,False,-48.43835538111811,35,5897.259272926163,False,>=2000 Hz
221459,culex pipiens complex,IFA_51_13_2013.wav,300,99.92424242424242,99.92424242424242,False,-48.50982225760285,35,5982.573343857049,False,>=2000 Hz
221460,culex pipiens complex,IFA_51_13_2013.wav,0,97.5,97.44949494949495,False,-37.035968616305425,32,4620.7597577448405,False,>=2000 Hz
221460,culex pipiens complex,IFA_51_13_2013.wav,100,97.72727272727273,97.65151515151516,False,-36.589493596733654,32,4761.213460851244,False,>=2000 Hz
221460,culex pipiens complex,IFA_51_13_2013.wav,150,97.5,97.3989898989899,False,-36.90737547523022,32,4826.198821544699,False,>=2000 Hz
221460,culex pipiens complex,IFA_51_13_2013.wav,200,97.67676767676767,97.62626262626263,False,-37.506182050562714,32,4888.1767232060765,False,>=2000 Hz
221460,culex pipiens complex,IFA_51_13_2013.wav,300,97.65151515151516,97.6010101010101,False,-36.924298126273214,31,4711.072079758159,False,>=2000 Hz
221483,culex pipiens complex,IFA_51_14_2014.wav,0,99.39393939393939,99.39393939393939,False,-39.26528935715941,0,44.37407700982649,True,<100 Hz
221483,culex pipiens complex,IFA_51_14_2014.wav,100,99.82323232323232,99.77272727272727,False,-50.70141217683552,32,4761.213460851244,False,>=2000 Hz
221483,culex pipiens complex,IFA_51_14_2014.wav,150,99.77272727272727,99.77272727272727,False,-50.604192035159556,32,4826.198821544699,False,>=2000 Hz
221483,culex pipiens complex,IFA_51_14_2014.wav,200,99.84848484848486,99.82323232323232,False,-50.13964231593217,32,4888.1767232060765,False,>=2000 Hz
221483,culex pipiens complex,IFA_51_14_2014.wav,300,99.87373737373737,99.82323232323232,False,-51.022494497524775,26,3456.308740446091,False,>=2000 Hz
221378,an arabiensis,IFA_51_20_2020.wav,0,97.95454545454545,97.87878787878788,False,-25.834419997437998,34,5316.723457509462,False,>=2000 Hz
221378,an arabiensis,IFA_51_20_2020.wav,100,98.4090909090909,98.30808080808082,False,-26.78030836986098,34,5435.453615558967,False,>=2000 Hz
221378,an arabiensis,IFA_51_20_2020.wav,150,98.23232323232324,98.20707070707071,False,-26.249347219748294,33,5148.750552755978,False,>=2000 Hz
221378,an arabiensis,IFA_51_20_2020.wav,200,98.25757575757575,98.23232323232324,False,-25.958554524225853,33,5206.106474135096,False,>=2000 Hz
221378,an arabiensis,IFA_51_20_2020.wav,300,98.33333333333333,98.25757575757575,False,-26.38154714530878,33,5313.3090758650505,False,>=2000 Hz
221390,an arabiensis,IFA_51_24_2024.wav,0,99.69696969696969,99.67171717171716,False,-50.80721506500165,35,5698.132814724254,False,>=2000 Hz
221390,an arabiensis,IFA_51_24_2024.wav,100,99.74747474747475,99.74747474747475,False,-49.69981469018032,34,5435.453615558967,False,>=2000 Hz
221390,an arabiensis,IFA_51_24_2024.wav,150,99.77272727272727,99.77272727272727,False,-49.29718307541286,34,5490.128899271392,False,>=2000 Hz
221390,an arabiensis,IFA_51_24_2024.wav,200,99.84848484848486,99.84848484848486,False,-49.93705213417214,34,5542.124294130725,False,>=2000 Hz
221390,an arabiensis,IFA_51_24_2024.wav,300,99.79797979797979,99.79797979797979,False,-50.98726963828032,34,5639.114996491976,False,>=2000 Hz
221396,an arabiensis,IFA_51_28_2028.wav,0,99.26767676767678,99.26767676767678,False,-43.81627353380139,0,44.37407700982649,True,<100 Hz
221396,an arabiensis,IFA_51_28_2028.wav,100,99.74747474747475,99.74747474747475,False,-48.76309891185972,19,1862.5080507980697,False,800-2000 Hz
221396,an arabiensis,IFA_51_28_2028.wav,150,99.74747474747475,99.74747474747475,False,-51.11279093839184,18,1797.5500446410404,False,800-2000 Hz
221396,an arabiensis,IFA_51_28_2028.wav,200,99.79797979797979,99.77272727272727,False,-48.62429512591913,18,1875.3376136955906,False,800-2000 Hz
221396,an arabiensis,IFA_51_28_2028.wav,300,99.74747474747475,99.74747474747475,False,-48.76309891185972,17,1885.0673770439807,False,800-2000 Hz
221395,an arabiensis,IFA_51_28_2028.wav,0,96.36363636363636,96.31313131313132,False,-41.59334126224347,0,44.37407700982649,True,<100 Hz
221395,an arabiensis,IFA_51_28_2028.wav,100,97.02020202020202,96.84343434343434,False,-44.55415427446575,12,1004.9588458152629,False,800-2000 Hz
221395,an arabiensis,IFA_51_28_2028.wav,150,97.42424242424242,97.34848484848484,False,-42.17636186416183,12,1077.0295067481677,False,800-2000 Hz
221395,an arabiensis,IFA_51_28_2028.wav,200,97.04545454545455,96.84343434343434,False,-42.16872093651724,11,1048.3009371645,False,800-2000 Hz
221395,an arabiensis,IFA_51_28_2028.wav,300,97.29797979797979,97.14646464646465,False,-42.17636186416183,10,1086.7596689771533,False,800-2000 Hz
221382,an arabiensis,IFA_51_30_2030.wav,0,96.11111111111111,95.98484848484848,False,-31.36055388412985,0,44.37407700982649,True,<100 Hz
221382,an arabiensis,IFA_51_30_2030.wav,100,96.64141414141415,96.51515151515152,False,-39.55165339980203,11,908.5521219032305,False,800-2000 Hz
221382,an arabiensis,IFA_51_30_2030.wav,150,96.91919191919192,96.6919191919192,False,-36.7184656512155,11,979.0284142678163,False,800-2000 Hz
221382,an arabiensis,IFA_51_30_2030.wav,200,96.91919191919192,96.86868686868686,False,-36.67362375305959,10,954.1887019828487,False,800-2000 Hz
221382,an arabiensis,IFA_51_30_2030.wav,300,96.96969696969697,96.7929292929293,False,-36.7184656512155,9,994.9271530483034,False,800-2000 Hz
221381,an arabiensis,IFA_51_30_2030.wav,0,95.75757575757575,95.65656565656566,False,-29.37324538737174,0,44.37407700982649,True,<100 Hz
221381,an arabiensis,IFA_51_30_2030.wav,100,96.7929292929293,96.76767676767678,False,-29.803174461759625,34,5435.453615558967,False,>=2000 Hz
221381,an arabiensis,IFA_51_30_2030.wav,150,96.94444444444444,96.94444444444444,False,-29.905574295463904,35,5851.432728061765,False,>=2000 Hz
221381,an arabiensis,IFA_51_30_2030.wav,200,96.96969696969697,96.91919191919192,False,-30.125969720220134,34,5542.124294130725,False,>=2000 Hz
221381,an arabiensis,IFA_51_30_2030.wav,300,96.84343434343434,96.81818181818181,False,-30.069212577108722,34,5639.114996491976,False,>=2000 Hz
221387,an arabiensis,IFA_51_31_2031.wav,0,97.04545454545455,97.02020202020202,False,-40.63851523885691,13,955.0184679215481,False,800-2000 Hz
221387,an arabiensis,IFA_51_31_2031.wav,100,97.47474747474747,97.42424242424242,False,-40.474778482254905,11,908.5521219032305,False,800-2000 Hz
221387,an arabiensis,IFA_51_31_2031.wav,150,97.3989898989899,97.37373737373738,False,-40.57790142394482,10,886.4319670625546,False,800-2000 Hz
221387,an arabiensis,IFA_51_31_2031.wav,200,97.17171717171718,97.12121212121212,False,-40.788472096665714,10,954.1887019828487,False,800-2000 Hz
221387,an arabiensis,IFA_51_31_2031.wav,300,97.42424242424242,97.3989898989899,False,-40.582146211144845,8,907.814472208775,False,800-2000 Hz
221376,an arabiensis,IFA_51_32_2032.wav,0,97.3989898989899,97.37373737373738,False,-38.703164336428266,13,955.0184679215481,False,800-2000 Hz
221376,an arabiensis,IFA_51_32_2032.wav,100,97.6010101010101,97.57575757575758,False,-40.14837073411784,11,908.5521219032305,False,800-2000 Hz
221376,an arabiensis,IFA_51_32_2032.wav,150,98.13131313131314,98.08080808080808,False,-38.763668086849286,11,979.0284142678163,False,800-2000 Hz
221376,an arabiensis,IFA_51_32_2032.wav,200,98.13131313131314,98.03030303030303,False,-38.71814140587201,10,954.1887019828487,False,800-2000 Hz
221376,an arabiensis,IFA_51_32_2032.wav,300,98.10606060606061,98.08080808080808,False,-38.763668086849286,9,994.9271530483034,False,800-2000 Hz
221377,an arabiensis,IFA_51_32_2032.wav,0,90.6060606060606,90.37878787878788,False,-28.944362467390196,34,5316.723457509462,False,>=2000 Hz
221377,an arabiensis,IFA_51_32_2032.wav,100,91.31313131313131,91.26262626262627,False,-28.27297368780065,34,5435.453615558967,False,>=2000 Hz
221377,an arabiensis,IFA_51_32_2032.wav,150,91.46464646464646,91.26262626262627,False,-28.732430826201693,34,5490.128899271392,False,>=2000 Hz
221377,an arabiensis,IFA_51_32_2032.wav,200,91.31313131313131,91.16161616161617,False,-28.919045505369088,34,5542.124294130725,False,>=2000 Hz
221377,an arabiensis,IFA_51_32_2032.wav,300,91.16161616161617,91.08585858585857,False,-29.276661402046283,33,5313.3090758650505,False,>=2000 Hz
221385,an arabiensis,IFA_51_34_2034.wav,0,98.7878787878788,98.7878787878788,False,-35.97813581721622,13,955.0184679215481,False,800-2000 Hz
221385,an arabiensis,IFA_51_34_2034.wav,100,98.76262626262627,98.73737373737373,False,-38.211141558436154,11,908.5521219032305,False,800-2000 Hz
221385,an arabiensis,IFA_51_34_2034.wav,150,98.73737373737373,98.7121212121212,False,-36.299596569044155,11,979.0284142678163,False,800-2000 Hz
221385,an arabiensis,IFA_51_34_2034.wav,200,98.83838383838383,98.81313131313131,False,-36.05721066518327,10,954.1887019828487,False,800-2000 Hz
221385,an arabiensis,IFA_51_34_2034.wav,300,98.63636363636363,98.63636363636363,False,-36.299596569044155,9,994.9271530483034,False,800-2000 Hz
221411,an arabiensis,IFA_51_35_2035.wav,0,99.26767676767678,99.26767676767678,False,-38.390942402322366,0,44.37407700982649,True,<100 Hz
221411,an arabiensis,IFA_51_35_2035.wav,100,99.69696969696969,99.67171717171716,False,-43.76873364848636,11,908.5521219032305,False,800-2000 Hz
221411,an arabiensis,IFA_51_35_2035.wav,150,99.77272727272727,99.77272727272727,False,-43.82276067163788,11,979.0284142678163,False,800-2000 Hz
221411,an arabiensis,IFA_51_35_2035.wav,200,99.72222222222223,99.72222222222223,False,-44.04721751396271,10,954.1887019828487,False,800-2000 Hz
221411,an arabiensis,IFA_51_35_2035.wav,300,99.74747474747475,99.74747474747475,False,-43.868345509605064,9,994.9271530483034,False,800-2000 Hz
221410,an arabiensis,IFA_51_35_2035.wav,0,99.79797979797979,99.79797979797979,False,-49.56933429020178,13,955.0184679215481,False,800-2000 Hz
221410,an arabiensis,IFA_51_35_2035.wav,100,99.8989898989899,99.87373737373737,False,-49.54783895471544,12,1004.9588458152629,False,800-2000 Hz
221410,an arabiensis,IFA_51_35_2035.wav,150,99.87373737373737,99.87373737373737,False,-49.58072052212955,11,979.0284142678163,False,800-2000 Hz
221410,an arabiensis,IFA_51_35_2035.wav,200,99.82323232323232,99.79797979797979,False,-49.78825580464906,11,1048.3009371645,False,800-2000 Hz
221410,an arabiensis,IFA_51_35_2035.wav,300,99.87373737373737,99.87373737373737,False,-49.58072052212955,9,994.9271530483034,False,800-2000 Hz
221404,an arabiensis,IFA_51_36_2036.wav,0,97.29797979797979,97.14646464646465,False,-36.51272288502109,13,955.0184679215481,False,800-2000 Hz
221404,an arabiensis,IFA_51_36_2036.wav,100,97.37373737373738,97.24747474747475,False,-38.575627088853224,11,908.5521219032305,False,800-2000 Hz
221404,an arabiensis,IFA_51_36_2036.wav,150,97.29797979797979,97.22222222222221,False,-36.57093369731934,11,979.0284142678163,False,800-2000 Hz
221404,an arabiensis,IFA_51_36_2036.wav,200,97.55050505050505,97.32323232323232,False,-36.525857471499236,10,954.1887019828487,False,800-2000 Hz
221404,an arabiensis,IFA_51_36_2036.wav,300,97.27272727272728,97.19696969696969,False,-36.57093369731934,9,994.9271530483034,False,800-2000 Hz
221393,an arabiensis,IFA_51_37_2037.wav,0,98.58585858585859,98.56060606060606,False,-32.79307092231453,0,44.37407700982649,True,<100 Hz
221393,an arabiensis,IFA_51_37_2037.wav,100,99.34343434343434,99.31818181818181,False,-41.48483272812488,36,6192.935304310192,False,>=2000 Hz
221393,an arabiensis,IFA_51_37_2037.wav,150,99.26767676767678,99.24242424242425,False,-41.77710586574258,36,6233.825044478617,False,>=2000 Hz
221393,an arabiensis,IFA_51_37_2037.wav,200,99.24242424242425,99.21717171717171,False,-41.953483401292615,36,6272.599048553766,False,>=2000 Hz
221393,an arabiensis,IFA_51_37_2037.wav,300,99.26767676767678,99.26767676767678,False,-42.224930290554816,36,6344.640540634074,False,>=2000 Hz
221394,an arabiensis,IFA_51_37_2037.wav,0,98.93939393939394,98.88888888888889,False,-30.91608684319979,0,44.37407700982649,True,<100 Hz
221394,an arabiensis,IFA_51_37_2037.wav,100,99.94949494949495,99.94949494949495,False,-50.49074757608004,0,147.947081154182,True,100-300 Hz
221394,an arabiensis,IFA_51_37_2037.wav,150,100.0,100.0,True,-55.43440414030309,37,6638.536735866427,False,>=2000 Hz
221394,an arabiensis,IFA_51_37_2037.wav,200,100.0,100.0,True,-55.88078860249655,37,6669.293138350332,False,>=2000 Hz
221394,an arabiensis,IFA_51_37_2037.wav,300,100.0,100.0,True,-56.49097502623383,37,6726.324829246307,False,>=2000 Hz
221392,an arabiensis,IFA_51_37_2037.wav,0,98.83838383838383,98.81313131313131,False,-42.3646113257362,0,44.37407700982649,True,<100 Hz
221392,an arabiensis,IFA_51_37_2037.wav,100,98.88888888888889,98.86363636363636,False,-44.58197583880085,11,908.5521219032305,False,800-2000 Hz
221392,an arabiensis,IFA_51_37_2037.wav,150,99.04040404040404,98.98989898989899,False,-42.62157159644424,11,979.0284142678163,False,800-2000 Hz
221392,an arabiensis,IFA_51_37_2037.wav,200,99.06565656565657,99.04040404040404,False,-42.61320183050634,10,954.1887019828487,False,800-2000 Hz
221392,an arabiensis,IFA_51_37_2037.wav,300,99.04040404040404,98.98989898989899,False,-42.62157159644424,9,994.9271530483034,False,800-2000 Hz
221391,an arabiensis,IFA_51_37_2037.wav,0,99.24242424242425,99.16666666666667,False,-44.84347236398361,0,44.37407700982649,True,<100 Hz
221391,an arabiensis,IFA_51_37_2037.wav,100,99.64646464646465,99.64646464646465,False,-46.95830311112196,35,5803.174981087622,False,>=2000 Hz
221391,an arabiensis,IFA_51_37_2037.wav,150,99.57070707070706,99.54545454545455,False,-47.44253380918412,35,5851.432728061765,False,>=2000 Hz
221391,an arabiensis,IFA_51_37_2037.wav,200,99.69696969696969,99.67171717171716,False,-46.9250321777891,9,865.1425927882087,False,800-2000 Hz
221391,an arabiensis,IFA_51_37_2037.wav,300,99.62121212121212,99.5959595959596,False,-46.95830311112196,34,5639.114996491976,False,>=2000 Hz
221379,an arabiensis,IFA_51_38_2038.wav,0,97.3989898989899,97.27272727272728,False,-40.543864638998784,0,44.37407700982649,True,<100 Hz
221379,an arabiensis,IFA_51_38_2038.wav,100,98.13131313131314,98.0050505050505,False,-44.51908182592713,12,1004.9588458152629,False,800-2000 Hz
221379,an arabiensis,IFA_51_38_2038.wav,150,98.4090909090909,98.30808080808082,False,-41.62956457337681,11,979.0284142678163,False,800-2000 Hz
221379,an arabiensis,IFA_51_38_2038.wav,200,98.20707070707071,98.13131313131314,False,-41.605908151963405,10,954.1887019828487,False,800-2000 Hz
221379,an arabiensis,IFA_51_38_2038.wav,300,98.30808080808082,98.23232323232324,False,-41.62956457337681,9,994.9271530483034,False,800-2000 Hz
221384,an arabiensis,IFA_51_39_2039.wav,0,98.83838383838383,98.7878787878788,False,-30.3757264744435,0,44.37407700982649,True,<100 Hz
221384,an arabiensis,IFA_51_39_2039.wav,100,99.82323232323232,99.82323232323232,False,-48.818991459127346,15,1330.2531276925415,False,800-2000 Hz
221384,an arabiensis,IFA_51_39_2039.wav,150,99.79797979797979,99.77272727272727,False,-50.024137462232915,15,1406.7083623290937,False,800-2000 Hz
221384,an arabiensis,IFA_51_39_2039.wav,200,99.87373737373737,99.84848484848486,False,-48.94958670473244,14,1363.999608615931,False,800-2000 Hz
221384,an arabiensis,IFA_51_39_2039.wav,300,99.79797979797979,99.77272727272727,False,-50.037475831655755,13,1393.2034993786915,False,800-2000 Hz
221383,an arabiensis,IFA_51_39_2039.wav,0,99.97474747474747,99.97474747474747,False,-50.60749975288735,35,5698.132814724254,False,>=2000 Hz
221383,an arabiensis,IFA_51_39_2039.wav,100,99.8989898989899,99.8989898989899,False,-50.32677400182445,11,908.5521219032305,False,800-2000 Hz
221383,an arabiensis,IFA_51_39_2039.wav,150,99.8989898989899,99.8989898989899,False,-50.3501568852934,10,886.4319670625546,False,800-2000 Hz
221383,an arabiensis,IFA_51_39_2039.wav,200,100.0,100.0,True,-52.90613118298861,34,5542.124294130725,False,>=2000 Hz
221383,an arabiensis,IFA_51_39_2039.wav,300,99.8989898989899,99.8989898989899,False,-50.39843955045665,34,5639.114996491976,False,>=2000 Hz
221386,an arabiensis,IFA_51_40_2040.wav,0,98.96464646464646,98.88888888888889,False,-42.26009322874041,0,44.37407700982649,True,<100 Hz
221386,an arabiensis,IFA_51_40_2040.wav,100,99.69696969696969,99.67171717171716,False,-49.63108519973835,36,6192.935304310192,False,>=2000 Hz
221386,an arabiensis,IFA_51_40_2040.wav,150,99.69696969696969,99.69696969696969,False,-49.51532875702215,36,6233.825044478617,False,>=2000 Hz
221386,an arabiensis,IFA_51_40_2040.wav,200,99.69696969696969,99.69696969696969,False,-49.96155255330473,36,6272.599048553766,False,>=2000 Hz
221386,an arabiensis,IFA_51_40_2040.wav,300,99.74747474747475,99.72222222222223,False,-49.63108519973835,36,6344.640540634074,False,>=2000 Hz
221399,an arabiensis,IFA_52_11_2051.wav,0,99.92424242424242,99.92424242424242,False,-50.489042894883525,0,44.37407700982649,True,<100 Hz
221399,an arabiensis,IFA_52_11_2051.wav,100,100.0,100.0,True,-53.487104102434415,14,1215.4526718144389,False,800-2000 Hz
221399,an arabiensis,IFA_52_11_2051.wav,150,100.0,100.0,True,-53.22284758560781,13,1180.7507014291307,False,800-2000 Hz
221399,an arabiensis,IFA_52_11_2051.wav,200,100.0,100.0,True,-53.55899279935471,12,1147.767526900907,False,800-2000 Hz
221399,an arabiensis,IFA_52_11_2051.wav,300,100.0,100.0,True,-54.44372284782784,11,1183.5677444553655,False,800-2000 Hz
221401,an arabiensis,IFA_52_11_2051.wav,0,99.64646464646465,99.64646464646465,False,-47.57370680918555,0,44.37407700982649,True,<100 Hz
221401,an arabiensis,IFA_52_11_2051.wav,100,99.84848484848486,99.84848484848486,False,-50.125852613087154,36,6192.935304310192,False,>=2000 Hz
221401,an arabiensis,IFA_52_11_2051.wav,150,99.87373737373737,99.84848484848486,False,-49.81376701946958,36,6233.825044478617,False,>=2000 Hz
221401,an arabiensis,IFA_52_11_2051.wav,200,99.87373737373737,99.84848484848486,False,-49.78167095097355,36,6272.599048553766,False,>=2000 Hz
221401,an arabiensis,IFA_52_11_2051.wav,300,99.87373737373737,99.82323232323232,False,-49.27431323002479,37,6726.324829246307,False,>=2000 Hz
221400,an arabiensis,IFA_52_11_2051.wav,0,99.46969696969697,99.44444444444444,False,-46.1683423778224,0,44.37407700982649,True,<100 Hz
221400,an arabiensis,IFA_52_11_2051.wav,100,100.0,100.0,True,-53.729162979810994,14,1215.4526718144389,False,800-2000 Hz
221400,an arabiensis,IFA_52_11_2051.wav,150,100.0,100.0,True,-53.425932195701165,13,1180.7507014291307,False,800-2000 Hz
221400,an arabiensis,IFA_52_11_2051.wav,200,100.0,100.0,True,-53.50970628319735,12,1147.767526900907,False,800-2000 Hz
221400,an arabiensis,IFA_52_11_2051.wav,300,100.0,100.0,True,-54.24329464917988,11,1183.5677444553655,False,800-2000 Hz
221408,an arabiensis,IFA_52_13_2053.wav,0,98.05555555555556,98.05555555555556,False,-39.585240619452236,12,856.358507538126,False,800-2000 Hz
221408,an arabiensis,IFA_52_13_2053.wav,100,98.10606060606061,98.10606060606061,False,-39.93836181276274,11,908.5521219032305,False,800-2000 Hz
221408,an arabiensis,IFA_52_13_2053.wav,150,98.18181818181819,98.08080808080808,False,-39.94256464578228,10,886.4319670625546,False,800-2000 Hz
221408,an arabiensis,IFA_52_13_2053.wav,200,98.05555555555556,98.03030303030303,False,-39.6872658906425,9,865.1425927882087,False,800-2000 Hz
221408,an arabiensis,IFA_52_13_2053.wav,300,98.18181818181819,98.18181818181819,False,-39.99378651235603,8,907.814472208775,False,800-2000 Hz
221409,an arabiensis,IFA_52_13_2053.wav,0,99.04040404040404,99.01515151515152,False,-42.334436640884405,0,44.37407700982649,True,<100 Hz
221409,an arabiensis,IFA_52_13_2053.wav,100,99.26767676767678,99.26767676767678,False,-41.88600935014189,33,5088.525017110928,False,>=2000 Hz
221409,an arabiensis,IFA_52_13_2053.wav,150,99.21717171717171,99.21717171717171,False,-41.74133956612706,33,5148.750552755978,False,>=2000 Hz
221409,an arabiensis,IFA_52_13_2053.wav,200,99.19191919191918,99.19191919191918,False,-41.76152207738312,33,5206.106474135096,False,>=2000 Hz
221409,an arabiensis,IFA_52_13_2053.wav,300,99.19191919191918,99.19191919191918,False,-42.37335514854584,32,5004.24831571783,False,>=2000 Hz
221397,culex pipiens complex,IFA_52_15_2055.wav,0,98.05555555555556,97.9040404040404,False,-37.12681472331417,0,44.37407700982649,True,<100 Hz
221397,culex pipiens complex,IFA_52_15_2055.wav,100,98.68686868686869,98.58585858585859,False,-46.44549829127697,36,6192.935304310192,False,>=2000 Hz
221397,culex pipiens complex,IFA_52_15_2055.wav,150,98.53535353535354,98.4090909090909,False,-46.02369130627081,36,6233.825044478617,False,>=2000 Hz
221397,culex pipiens complex,IFA_52_15_2055.wav,200,98.61111111111111,98.48484848484848,False,-45.8535824450523,36,6272.599048553766,False,>=2000 Hz
221397,culex pipiens complex,IFA_52_15_2055.wav,300,98.68686868686869,98.61111111111111,False,-45.35925610974117,36,6344.640540634074,False,>=2000 Hz
221398,culex pipiens complex,IFA_52_15_2055.wav,0,96.51515151515152,96.33838383838383,False,-35.21132066380815,13,955.0184679215481,False,800-2000 Hz
221398,culex pipiens complex,IFA_52_15_2055.wav,100,96.08585858585859,96.01010101010101,False,-39.94969035776134,11,908.5521219032305,False,800-2000 Hz
221398,culex pipiens complex,IFA_52_15_2055.wav,150,96.74242424242424,96.71717171717171,False,-37.03549533251386,11,979.0284142678163,False,800-2000 Hz
221398,culex pipiens complex,IFA_52_15_2055.wav,200,96.86868686868686,96.81818181818181,False,-37.03004965537501,10,954.1887019828487,False,800-2000 Hz
221398,culex pipiens complex,IFA_52_15_2055.wav,300,97.09595959595958,96.9949494949495,False,-37.03549533251386,9,994.9271530483034,False,800-2000 Hz
221425,an arabiensis,IFA_52_20_2060.wav,0,97.9040404040404,97.87878787878788,False,-42.260870419687826,0,44.37407700982649,True,<100 Hz
221425,an arabiensis,IFA_52_20_2060.wav,100,99.82323232323232,99.82323232323232,False,-50.38288308527173,12,1004.9588458152629,False,800-2000 Hz
221425,an arabiensis,IFA_52_20_2060.wav,150,99.74747474747475,99.69696969696969,False,-50.23122300345825,11,979.0284142678163,False,800-2000 Hz
221425,an arabiensis,IFA_52_20_2060.wav,200,99.77272727272727,99.74747474747475,False,-50.31532609899058,10,954.1887019828487,False,800-2000 Hz
221425,an arabiensis,IFA_52_20_2060.wav,300,99.74747474747475,99.72222222222223,False,-50.23122300345825,9,994.9271530483034,False,800-2000 Hz
221443,an arabiensis,IFA_52_21_2061.wav,0,96.64141414141415,96.54040404040404,False,-38.575480372978824,0,44.37407700982649,True,<100 Hz
221443,an arabiensis,IFA_52_21_2061.wav,100,98.28282828282828,98.13131313131314,False,-44.34987052310579,13,1107.1435959963192,False,800-2000 Hz
221443,an arabiensis,IFA_52_21_2061.wav,150,98.0050505050505,97.97979797979798,False,-43.79833835154625,9,798.9421052862099,False,300-800 Hz
221443,an arabiensis,IFA_52_21_2061.wav,200,98.0050505050505,97.85353535353535,False,-43.86990965062827,12,1147.767526900907,False,800-2000 Hz
221443,an arabiensis,IFA_52_21_2061.wav,300,98.20707070707071,98.10606060606061,False,-44.15436162938053,10,1086.7596689771533,False,800-2000 Hz
221424,an arabiensis,IFA_52_24_2064.wav,0,99.19191919191918,99.01515151515152,False,-45.63295764972277,13,955.0184679215481,False,800-2000 Hz
221424,an arabiensis,IFA_52_24_2064.wav,100,99.19191919191918,99.14141414141415,False,-47.803328304728936,11,908.5521219032305,False,800-2000 Hz
221424,an arabiensis,IFA_52_24_2064.wav,150,99.19191919191918,99.04040404040404,False,-45.8388298666212,10,886.4319670625546,False,800-2000 Hz
221424,an arabiensis,IFA_52_24_2064.wav,200,99.41919191919192,99.36868686868688,False,-45.65043278804632,10,954.1887019828487,False,800-2000 Hz
221424,an arabiensis,IFA_52_24_2064.wav,300,99.26767676767678,99.11616161616162,False,-45.8388298666212,8,907.814472208775,False,800-2000 Hz
221422,an arabiensis,IFA_52_25_2065.wav,0,96.03535353535354,95.98484848484848,False,-37.96677475097289,13,955.0184679215481,False,800-2000 Hz
221422,an arabiensis,IFA_52_25_2065.wav,100,96.11111111111111,95.93434343434343,False,-39.125053390919135,34,5435.453615558967,False,>=2000 Hz
221422,an arabiensis,IFA_52_25_2065.wav,150,96.36363636363636,96.31313131313132,False,-39.03132038091765,11,979.0284142678163,False,800-2000 Hz
221422,an arabiensis,IFA_52_25_2065.wav,200,96.18686868686869,96.13636363636363,False,-38.39809659580666,34,5542.124294130725,False,>=2000 Hz
221422,an arabiensis,IFA_52_25_2065.wav,300,96.13636363636363,95.98484848484848,False,-38.075837077466936,9,994.9271530483034,False,800-2000 Hz
221453,an arabiensis,IFA_52_27_2067.wav,0,99.4949494949495,99.46969696969697,False,-45.017713443802315,0,44.37407700982649,True,<100 Hz
221453,an arabiensis,IFA_52_27_2067.wav,100,100.0,100.0,True,-52.49018157473291,11,908.5521219032305,False,800-2000 Hz
221453,an arabiensis,IFA_52_27_2067.wav,150,100.0,100.0,True,-52.4764479106197,10,886.4319670625546,False,800-2000 Hz
221453,an arabiensis,IFA_52_27_2067.wav,200,100.0,100.0,True,-52.83548248812032,10,954.1887019828487,False,800-2000 Hz
221453,an arabiensis,IFA_52_27_2067.wav,300,100.0,100.0,True,-52.53276992594644,8,907.814472208775,False,800-2000 Hz
221452,an arabiensis,IFA_52_27_2067.wav,0,99.97474747474747,99.97474747474747,False,-51.364263804722526,1,91.5610950346158,False,<100 Hz
221452,an arabiensis,IFA_52_27_2067.wav,100,100.0,100.0,True,-55.66331106133671,15,1330.2531276925415,False,800-2000 Hz
221452,an arabiensis,IFA_52_27_2067.wav,150,100.0,100.0,True,-55.69689696876003,10,886.4319670625546,False,800-2000 Hz
221452,an arabiensis,IFA_52_27_2067.wav,200,100.0,100.0,True,-56.29962692748157,14,1363.999608615931,False,800-2000 Hz
221452,an arabiensis,IFA_52_27_2067.wav,300,100.0,100.0,True,-55.47770977310235,13,1393.2034993786915,False,800-2000 Hz
221454,an arabiensis,IFA_52_29_2069.wav,0,94.92424242424242,94.67171717171718,False,-31.843281325987714,37,6535.01859571434,False,>=2000 Hz
221454,an arabiensis,IFA_52_29_2069.wav,100,95.98484848484848,95.73232323232324,False,-31.80938014583723,37,6606.055464843051,False,>=2000 Hz
221454,an arabiensis,IFA_52_29_2069.wav,150,96.28787878787878,95.98484848484848,False,-32.15895607446738,37,6638.536735866427,False,>=2000 Hz
221454,an arabiensis,IFA_52_29_2069.wav,200,95.98484848484848,95.8080808080808,False,-32.17940048340147,37,6669.293138350332,False,>=2000 Hz
221454,an arabiensis,IFA_52_29_2069.wav,300,96.51515151515152,96.31313131313132,False,-32.27234572561707,37,6726.324829246307,False,>=2000 Hz
221455,an arabiensis,IFA_52_30_2070.wav,0,98.15656565656565,98.10606060606061,False,-41.23071701170102,0,44.37407700982649,True,<100 Hz
221455,an arabiensis,IFA_52_30_2070.wav,100,98.7121212121212,98.7121212121212,False,-42.0094432186733,37,6606.055464843051,False,>=2000 Hz
221455,an arabiensis,IFA_52_30_2070.wav,150,98.7878787878788,98.7878787878788,False,-42.2259380930182,37,6638.536735866427,False,>=2000 Hz
221455,an arabiensis,IFA_52_30_2070.wav,200,98.73737373737373,98.73737373737373,False,-42.214749923875715,37,6669.293138350332,False,>=2000 Hz
221455,an arabiensis,IFA_52_30_2070.wav,300,98.81313131313131,98.7121212121212,False,-42.439164624267065,37,6726.324829246307,False,>=2000 Hz
221429,an arabiensis,IFA_52_31_2071.wav,0,97.22222222222221,97.17171717171718,False,-30.88983530492255,0,44.37407700982649,True,<100 Hz
221429,an arabiensis,IFA_52_31_2071.wav,100,98.45959595959596,98.43434343434343,False,-43.109493145225144,34,5435.453615558967,False,>=2000 Hz
221429,an arabiensis,IFA_52_31_2071.wav,150,98.43434343434343,98.38383838383838,False,-43.17670606551444,37,6638.536735866427,False,>=2000 Hz
221429,an arabiensis,IFA_52_31_2071.wav,200,98.43434343434343,98.4090909090909,False,-42.89707574499453,37,6669.293138350332,False,>=2000 Hz
221429,an arabiensis,IFA_52_31_2071.wav,300,98.51010101010101,98.48484848484848,False,-42.70715534973853,37,6726.324829246307,False,>=2000 Hz
221428,an arabiensis,IFA_52_31_2071.wav,0,98.05555555555556,98.0050505050505,False,-43.39406084194991,13,955.0184679215481,False,800-2000 Hz
221428,an arabiensis,IFA_52_31_2071.wav,100,98.28282828282828,98.23232323232324,False,-41.07102159264498,11,908.5521219032305,False,800-2000 Hz
221428,an arabiensis,IFA_52_31_2071.wav,150,98.28282828282828,98.23232323232324,False,-41.06331923585088,10,886.4319670625546,False,800-2000 Hz
221428,an arabiensis,IFA_52_31_2071.wav,200,98.18181818181819,98.18181818181819,False,-43.50970059686952,10,954.1887019828487,False,800-2000 Hz
221428,an arabiensis,IFA_52_31_2071.wav,300,98.28282828282828,98.23232323232324,False,-41.250108005099634,8,907.814472208775,False,800-2000 Hz
221448,an arabiensis,IFA_52_32_2072.wav,0,98.66161616161617,98.63636363636363,False,-41.974880300699475,13,955.0184679215481,False,800-2000 Hz
221448,an arabiensis,IFA_52_32_2072.wav,100,98.48484848484848,98.35858585858585,False,-44.77994791924398,11,908.5521219032305,False,800-2000 Hz
221448,an arabiensis,IFA_52_32_2072.wav,150,98.7878787878788,98.73737373737373,False,-42.02245981265606,11,979.0284142678163,False,800-2000 Hz
221448,an arabiensis,IFA_52_32_2072.wav,200,98.7121212121212,98.66161616161617,False,-41.997946881910934,10,954.1887019828487,False,800-2000 Hz
221448,an arabiensis,IFA_52_32_2072.wav,300,98.7878787878788,98.7121212121212,False,-42.02245981265606,9,994.9271530483034,False,800-2000 Hz
221449,an arabiensis,IFA_52_32_2072.wav,0,99.26767676767678,99.21717171717171,False,-46.92727771100071,13,955.0184679215481,False,800-2000 Hz
221449,an arabiensis,IFA_52_32_2072.wav,100,99.54545454545455,99.52020202020202,False,-45.56783337977264,11,908.5521219032305,False,800-2000 Hz
221449,an arabiensis,IFA_52_32_2072.wav,150,99.44444444444444,99.44444444444444,False,-45.785297999629215,10,886.4319670625546,False,800-2000 Hz
221449,an arabiensis,IFA_52_32_2072.wav,200,99.31818181818181,99.31818181818181,False,-46.97814116904338,10,954.1887019828487,False,800-2000 Hz
221449,an arabiensis,IFA_52_32_2072.wav,300,99.44444444444444,99.44444444444444,False,-45.82852280416858,9,994.9271530483034,False,800-2000 Hz
221450,an arabiensis,IFA_52_32_2072.wav,0,95.70707070707071,95.47979797979798,False,-27.256793750972015,34,5316.723457509462,False,>=2000 Hz
221450,an arabiensis,IFA_52_32_2072.wav,100,95.75757575757575,95.70707070707071,False,-27.3872801175918,34,5435.453615558967,False,>=2000 Hz
221450,an arabiensis,IFA_52_32_2072.wav,150,95.75757575757575,95.70707070707071,False,-27.921641209612336,33,5148.750552755978,False,>=2000 Hz
221450,an arabiensis,IFA_52_32_2072.wav,200,95.65656565656566,95.60606060606061,False,-27.597416862365286,33,5206.106474135096,False,>=2000 Hz
221450,an arabiensis,IFA_52_32_2072.wav,300,95.70707070707071,95.60606060606061,False,-27.77472584600912,33,5313.3090758650505,False,>=2000 Hz
221451,an arabiensis,IFA_52_32_2072.wav,0,95.35353535353536,95.27777777777777,False,-37.280407640486125,13,955.0184679215481,False,800-2000 Hz
221451,an arabiensis,IFA_52_32_2072.wav,100,95.02525252525253,94.92424242424242,False,-39.551459245715066,12,1004.9588458152629,False,800-2000 Hz
221451,an arabiensis,IFA_52_32_2072.wav,150,95.3030303030303,95.15151515151516,False,-37.416871435954896,11,979.0284142678163,False,800-2000 Hz
221451,an arabiensis,IFA_52_32_2072.wav,200,95.68181818181817,95.63131313131314,False,-37.29065573995952,10,954.1887019828487,False,800-2000 Hz
221451,an arabiensis,IFA_52_32_2072.wav,300,95.32828282828282,95.22727272727273,False,-37.416871435954896,9,994.9271530483034,False,800-2000 Hz
221441,an arabiensis,IFA_52_35_2075.wav,0,97.77777777777777,97.67676767676767,False,-28.930472927590607,0,44.37407700982649,True,<100 Hz
221441,an arabiensis,IFA_52_35_2075.wav,100,99.24242424242425,99.16666666666667,False,-39.90275497330809,36,6192.935304310192,False,>=2000 Hz
221441,an arabiensis,IFA_52_35_2075.wav,150,99.31818181818181,99.26767676767678,False,-39.89020413126083,36,6233.825044478617,False,>=2000 Hz
221441,an arabiensis,IFA_52_35_2075.wav,200,99.29292929292929,99.21717171717171,False,-39.962456646458946,36,6272.599048553766,False,>=2000 Hz
221441,an arabiensis,IFA_52_35_2075.wav,300,99.21717171717171,99.21717171717171,False,-40.27077897605277,36,6344.640540634074,False,>=2000 Hz
221442,an arabiensis,IFA_52_35_2075.wav,0,98.13131313131314,98.05555555555556,False,-31.91824410783039,0,44.37407700982649,True,<100 Hz
221442,an arabiensis,IFA_52_35_2075.wav,100,99.82323232323232,99.79797979797979,False,-49.424213050746395,6,502.37884079729855,False,300-800 Hz
221442,an arabiensis,IFA_52_35_2075.wav,150,99.92424242424242,99.92424242424242,False,-48.726816794037916,36,6233.825044478617,False,>=2000 Hz
221442,an arabiensis,IFA_52_35_2075.wav,200,99.82323232323232,99.82323232323232,False,-49.210735911126314,5,554.3806613018434,False,300-800 Hz
221442,an arabiensis,IFA_52_35_2075.wav,300,99.82323232323232,99.82323232323232,False,-49.66414488963184,3,534.9813946953967,False,300-800 Hz
221414,an funestus ss,IFA_52_36_2076.wav,0,98.38383838383838,98.33333333333333,False,-35.77902902864867,0,44.37407700982649,True,<100 Hz
221414,an funestus ss,IFA_52_36_2076.wav,100,99.87373737373737,99.87373737373737,False,-49.5774470030874,19,1862.5080507980697,False,800-2000 Hz
221414,an funestus ss,IFA_52_36_2076.wav,150,99.8989898989899,99.8989898989899,False,-49.82495847164083,19,1943.326394117477,False,800-2000 Hz
221414,an funestus ss,IFA_52_36_2076.wav,200,99.84848484848486,99.84848484848486,False,-49.9108539579627,18,1875.3376136955906,False,800-2000 Hz
221414,an funestus ss,IFA_52_36_2076.wav,300,99.84848484848486,99.82323232323232,False,-50.057562920154226,17,1885.0673770439807,False,800-2000 Hz
221415,an funestus ss,IFA_52_36_2076.wav,0,98.58585858585859,98.51010101010101,False,-42.260360750744475,0,44.37407700982649,True,<100 Hz
221415,an funestus ss,IFA_52_36_2076.wav,100,99.92424242424242,99.8989898989899,False,-50.682628246914625,20,2016.0890276353948,False,>=2000 Hz
221415,an funestus ss,IFA_52_36_2076.wav,150,99.97474747474747,99.97474747474747,False,-51.73857628644175,19,1943.326394117477,False,800-2000 Hz
221415,an funestus ss,IFA_52_36_2076.wav,200,99.92424242424242,99.92424242424242,False,-50.855879428797806,19,2021.8570397331082,False,>=2000 Hz
221415,an funestus ss,IFA_52_36_2076.wav,300,99.97474747474747,99.97474747474747,False,-50.855879428797806,18,2025.1284060106793,False,>=2000 Hz
221413,an funestus ss,IFA_52_36_2076.wav,0,98.56060606060606,98.56060606060606,False,-29.729725045560347,0,44.37407700982649,True,<100 Hz
221413,an funestus ss,IFA_52_36_2076.wav,100,99.69696969696969,99.69696969696969,False,-37.535973781712805,37,6606.055464843051,False,>=2000 Hz
221413,an funestus ss,IFA_52_36_2076.wav,150,99.74747474747475,99.74747474747475,False,-37.955852034329574,37,6638.536735866427,False,>=2000 Hz
221413,an funestus ss,IFA_52_36_2076.wav,200,99.69696969696969,99.69696969696969,False,-38.2999775757414,37,6669.293138350332,False,>=2000 Hz
221413,an funestus ss,IFA_52_36_2076.wav,300,99.72222222222223,99.72222222222223,False,-37.6760392223543,36,6344.640540634074,False,>=2000 Hz
221447,an arabiensis,IFA_52_38_2078.wav,0,99.94949494949495,99.94949494949495,False,-51.03594894636082,35,5698.132814724254,False,>=2000 Hz
221447,an arabiensis,IFA_52_38_2078.wav,100,100.0,100.0,True,-53.15874884203425,35,5803.174981087622,False,>=2000 Hz
221447,an arabiensis,IFA_52_38_2078.wav,150,99.97474747474747,99.97474747474747,False,-51.480454932863104,35,5851.432728061765,False,>=2000 Hz
221447,an arabiensis,IFA_52_38_2078.wav,200,99.97474747474747,99.97474747474747,False,-51.44384572569528,35,5897.259272926163,False,>=2000 Hz
221447,an arabiensis,IFA_52_38_2078.wav,300,99.97474747474747,99.97474747474747,False,-51.480454932863104,34,5639.114996491976,False,>=2000 Hz
221444,an arabiensis,IFA_52_38_2078.wav,0,99.72222222222223,99.67171717171716,False,-45.34128260769122,13,955.0184679215481,False,800-2000 Hz
221444,an arabiensis,IFA_52_38_2078.wav,100,99.5959595959596,99.57070707070706,False,-47.841524052254336,12,1004.9588458152629,False,800-2000 Hz
221444,an arabiensis,IFA_52_38_2078.wav,150,99.87373737373737,99.84848484848486,False,-45.31724293414403,12,1077.0295067481677,False,800-2000 Hz
221444,an arabiensis,IFA_52_38_2078.wav,200,99.69696969696969,99.64646464646465,False,-45.34128260769122,11,1048.3009371645,False,800-2000 Hz
221444,an arabiensis,IFA_52_38_2078.wav,300,99.8989898989899,99.84848484848486,False,-45.34128260769122,10,1086.7596689771533,False,800-2000 Hz
221446,an arabiensis,IFA_52_38_2078.wav,0,98.66161616161617,98.66161616161617,False,-43.20578774969018,13,955.0184679215481,False,800-2000 Hz
221446,an arabiensis,IFA_52_38_2078.wav,100,98.93939393939394,98.93939393939394,False,-45.238304688964135,12,1004.9588458152629,False,800-2000 Hz
221446,an arabiensis,IFA_52_38_2078.wav,150,99.01515151515152,98.98989898989899,False,-43.23399303860839,11,979.0284142678163,False,800-2000 Hz
221446,an arabiensis,IFA_52_38_2078.wav,200,98.98989898989899,98.96464646464646,False,-43.26149485739147,10,954.1887019828487,False,800-2000 Hz
221446,an arabiensis,IFA_52_38_2078.wav,300,99.01515151515152,98.98989898989899,False,-43.23399303860839,9,994.9271530483034,False,800-2000 Hz
221445,an arabiensis,IFA_52_38_2078.wav,0,98.63636363636363,98.61111111111111,False,-44.33062731041404,13,955.0184679215481,False,800-2000 Hz
221445,an arabiensis,IFA_52_38_2078.wav,100,99.06565656565657,99.04040404040404,False,-44.53303637875922,12,1004.9588458152629,False,800-2000 Hz
221445,an arabiensis,IFA_52_38_2078.wav,150,99.0909090909091,99.06565656565657,False,-44.344182051611895,11,979.0284142678163,False,800-2000 Hz
221445,an arabiensis,IFA_52_38_2078.wav,200,99.11616161616162,99.06565656565657,False,-44.246201514700054,11,1048.3009371645,False,800-2000 Hz
221445,an arabiensis,IFA_52_38_2078.wav,300,99.16666666666667,99.14141414141415,False,-44.344182051611895,9,994.9271530483034,False,800-2000 Hz
221427,an arabiensis,IFA_52_39_2079.wav,0,98.58585858585859,98.53535353535354,False,-34.0466786387899,0,44.37407700982649,True,<100 Hz
221427,an arabiensis,IFA_52_39_2079.wav,100,99.41919191919192,99.41919191919192,False,-42.17387018504854,10,817.5967063546011,False,800-2000 Hz
221427,an arabiensis,IFA_52_39_2079.wav,150,99.46969696969697,99.41919191919192,False,-45.024169624438734,9,798.9421052862099,False,300-800 Hz
221427,an arabiensis,IFA_52_39_2079.wav,200,99.46969696969697,99.41919191919192,False,-42.22345389231119,9,865.1425927882087,False,800-2000 Hz
221427,an arabiensis,IFA_52_39_2079.wav,300,99.36868686868688,99.36868686868688,False,-42.17387018504854,7,825.1790452437867,False,800-2000 Hz
221426,an arabiensis,IFA_52_39_2079.wav,0,98.7878787878788,98.76262626262627,False,-42.97545123231516,12,856.358507538126,False,800-2000 Hz
221426,an arabiensis,IFA_52_39_2079.wav,100,98.83838383838383,98.73737373737373,False,-42.94738404307068,10,817.5967063546011,False,800-2000 Hz
221426,an arabiensis,IFA_52_39_2079.wav,150,98.51010101010101,98.48484848484848,False,-45.85185119527007,10,886.4319670625546,False,800-2000 Hz
221426,an arabiensis,IFA_52_39_2079.wav,200,98.7878787878788,98.7878787878788,False,-42.97545123231516,9,865.1425927882087,False,800-2000 Hz
221426,an arabiensis,IFA_52_39_2079.wav,300,98.76262626262627,98.7121212121212,False,-42.94738404307068,7,825.1790452437867,False,800-2000 Hz
221416,an arabiensis,IFA_52_40_2080.wav,0,99.72222222222223,99.67171717171716,False,-48.84389339820939,12,856.358507538126,False,800-2000 Hz
221416,an arabiensis,IFA_52_40_2080.wav,100,99.74747474747475,99.72222222222223,False,-49.411785314038674,10,817.5967063546011,False,800-2000 Hz
221416,an arabiensis,IFA_52_40_2080.wav,150,100.0,100.0,True,-52.16929266117796,10,886.4319670625546,False,800-2000 Hz
221416,an arabiensis,IFA_52_40_2080.wav,200,99.77272727272727,99.72222222222223,False,-49.483243652258466,9,865.1425927882087,False,800-2000 Hz
221416,an arabiensis,IFA_52_40_2080.wav,300,99.74747474747475,99.72222222222223,False,-49.411785314038674,7,825.1790452437867,False,800-2000 Hz
221526,an arabiensis,IFA_53_10_2090.wav,0,99.57070707070706,99.52020202020202,False,-47.35350821284185,0,44.37407700982649,True,<100 Hz
221526,an arabiensis,IFA_53_10_2090.wav,100,100.0,100.0,True,-55.90781451073511,6,502.37884079729855,False,300-800 Hz
221526,an arabiensis,IFA_53_10_2090.wav,150,100.0,100.0,True,-57.25324320091309,34,5490.128899271392,False,>=2000 Hz
221526,an arabiensis,IFA_53_10_2090.wav,200,100.0,100.0,True,-55.746068030903224,5,554.3806613018434,False,300-800 Hz
221526,an arabiensis,IFA_53_10_2090.wav,300,100.0,100.0,True,-55.99220071931797,3,534.9813946953967,False,300-800 Hz
221528,an arabiensis,IFA_53_10_2090.wav,0,97.9040404040404,97.8030303030303,False,-37.36106616924942,0,44.37407700982649,True,<100 Hz
221528,an arabiensis,IFA_53_10_2090.wav,100,98.66161616161617,98.51010101010101,False,-47.930311520730186,35,5803.174981087622,False,>=2000 Hz
221528,an arabiensis,IFA_53_10_2090.wav,150,98.45959595959596,98.43434343434343,False,-47.43270150818581,35,5851.432728061765,False,>=2000 Hz
221528,an arabiensis,IFA_53_10_2090.wav,200,98.63636363636363,98.61111111111111,False,-46.84515303405317,34,5542.124294130725,False,>=2000 Hz
221528,an arabiensis,IFA_53_10_2090.wav,300,98.68686868686869,98.66161616161617,False,-47.16012578133121,34,5639.114996491976,False,>=2000 Hz
221527,an arabiensis,IFA_53_10_2090.wav,0,100.0,100.0,True,-53.01090533669627,0,44.37407700982649,True,<100 Hz
221527,an arabiensis,IFA_53_10_2090.wav,100,100.0,100.0,True,-55.3156593790652,6,502.37884079729855,False,300-800 Hz
221527,an arabiensis,IFA_53_10_2090.wav,150,100.0,100.0,True,-55.89823133031601,16,1529.6721664501665,False,800-2000 Hz
221527,an arabiensis,IFA_53_10_2090.wav,200,100.0,100.0,True,-55.265648305331155,5,554.3806613018434,False,300-800 Hz
221527,an arabiensis,IFA_53_10_2090.wav,300,100.0,100.0,True,-55.48332291561111,3,534.9813946953967,False,300-800 Hz
221509,an arabiensis,IFA_53_11_2091.wav,0,100.0,100.0,True,-53.53509445421932,0,44.37407700982649,True,<100 Hz
221509,an arabiensis,IFA_53_11_2091.wav,100,100.0,99.97474747474747,False,-51.91163010264837,11,908.5521219032305,False,800-2000 Hz
221509,an arabiensis,IFA_53_11_2091.wav,150,100.0,99.97474747474747,False,-51.87833945616872,10,886.4319670625546,False,800-2000 Hz
221509,an arabiensis,IFA_53_11_2091.wav,200,100.0,100.0,True,-53.33741039975106,9,865.1425927882087,False,800-2000 Hz
221509,an arabiensis,IFA_53_11_2091.wav,300,100.0,99.97474747474747,False,-51.94544098641696,8,907.814472208775,False,800-2000 Hz
221508,an arabiensis,IFA_53_11_2091.wav,0,100.0,100.0,True,-53.36753099287104,12,856.358507538126,False,800-2000 Hz
221508,an arabiensis,IFA_53_11_2091.wav,100,100.0,100.0,True,-53.449716705929475,10,817.5967063546011,False,800-2000 Hz
221508,an arabiensis,IFA_53_11_2091.wav,150,100.0,100.0,True,-56.05408687509922,35,5851.432728061765,False,>=2000 Hz
221508,an arabiensis,IFA_53_11_2091.wav,200,100.0,100.0,True,-53.36753099287104,9,865.1425927882087,False,800-2000 Hz
221508,an arabiensis,IFA_53_11_2091.wav,300,100.0,100.0,True,-53.449716705929475,7,825.1790452437867,False,800-2000 Hz
221505,an arabiensis,IFA_53_14_2094.wav,0,100.0,100.0,True,-54.09437355502001,36,6103.720297923787,False,>=2000 Hz
221505,an arabiensis,IFA_53_14_2094.wav,100,100.0,100.0,True,-53.86304708107603,36,6192.935304310192,False,>=2000 Hz
221505,an arabiensis,IFA_53_14_2094.wav,150,100.0,100.0,True,-54.19963160820772,36,6233.825044478617,False,>=2000 Hz
221505,an arabiensis,IFA_53_14_2094.wav,200,100.0,100.0,True,-54.29989644954519,36,6272.599048553766,False,>=2000 Hz
221505,an arabiensis,IFA_53_14_2094.wav,300,100.0,100.0,True,-54.236212329208314,36,6344.640540634074,False,>=2000 Hz
221532,an arabiensis,IFA_53_15_2095.wav,0,99.52020202020202,99.52020202020202,False,-46.5763624167773,0,44.37407700982649,True,<100 Hz
221532,an arabiensis,IFA_53_15_2095.wav,100,100.0,100.0,True,-53.86474961809217,37,6606.055464843051,False,>=2000 Hz
221532,an arabiensis,IFA_53_15_2095.wav,150,100.0,100.0,True,-52.73549106036319,37,6638.536735866427,False,>=2000 Hz
221532,an arabiensis,IFA_53_15_2095.wav,200,100.0,100.0,True,-53.474911214422136,5,554.3806613018434,False,300-800 Hz
221532,an arabiensis,IFA_53_15_2095.wav,300,100.0,100.0,True,-53.86474961809217,36,6344.640540634074,False,>=2000 Hz
221496,an arabiensis,IFA_53_16_2096.wav,0,99.69696969696969,99.64646464646465,False,-47.73885848667575,0,44.37407700982649,True,<100 Hz
221496,an arabiensis,IFA_53_16_2096.wav,100,100.0,100.0,True,-55.27399357855771,19,1862.5080507980697,False,800-2000 Hz
221496,an arabiensis,IFA_53_16_2096.wav,150,100.0,100.0,True,-53.8247568710917,19,1943.326394117477,False,800-2000 Hz
221496,an arabiensis,IFA_53_16_2096.wav,200,100.0,100.0,True,-55.458650847137996,18,1875.3376136955906,False,800-2000 Hz
221496,an arabiensis,IFA_53_16_2096.wav,300,100.0,100.0,True,-55.483365173726966,17,1885.0673770439807,False,800-2000 Hz
221537,culex pipiens complex,IFA_53_18_2098.wav,0,98.48484848484848,98.38383838383838,False,-47.86342824042081,13,955.0184679215481,False,800-2000 Hz
221537,culex pipiens complex,IFA_53_18_2098.wav,100,98.73737373737373,98.68686868686869,False,-47.56934575600908,12,1004.9588458152629,False,800-2000 Hz
221537,culex pipiens complex,IFA_53_18_2098.wav,150,98.58585858585859,98.53535353535354,False,-46.13719424291211,11,979.0284142678163,False,800-2000 Hz
221537,culex pipiens complex,IFA_53_18_2098.wav,200,98.61111111111111,98.51010101010101,False,-47.55884558734956,10,954.1887019828487,False,800-2000 Hz
221537,culex pipiens complex,IFA_53_18_2098.wav,300,98.53535353535354,98.45959595959596,False,-47.980698306549804,9,994.9271530483034,False,800-2000 Hz
221503,an funestus ss,IFA_53_21_2101.wav,0,100.0,100.0,True,-52.91834193047219,0,44.37407700982649,True,<100 Hz
221503,an funestus ss,IFA_53_21_2101.wav,100,100.0,100.0,True,-57.24550589043807,6,502.37884079729855,False,300-800 Hz
221503,an funestus ss,IFA_53_21_2101.wav,150,100.0,100.0,True,-57.59431176273833,33,5148.750552755978,False,>=2000 Hz
221503,an funestus ss,IFA_53_21_2101.wav,200,100.0,100.0,True,-57.220558380601794,5,554.3806613018434,False,300-800 Hz
221503,an funestus ss,IFA_53_21_2101.wav,300,100.0,100.0,True,-57.29333284578638,3,534.9813946953967,False,300-800 Hz
221541,an funestus ss,IFA_53_24_2104.wav,0,99.84848484848486,99.84848484848486,False,-48.29034449263193,0,44.37407700982649,True,<100 Hz
221541,an funestus ss,IFA_53_24_2104.wav,100,100.0,100.0,True,-56.76126114395246,19,1862.5080507980697,False,800-2000 Hz
221541,an funestus ss,IFA_53_24_2104.wav,150,100.0,100.0,True,-58.007364896810145,18,1797.5500446410404,False,800-2000 Hz
221541,an funestus ss,IFA_53_24_2104.wav,200,100.0,100.0,True,-58.043446194392594,17,1736.7054285722647,False,800-2000 Hz
221541,an funestus ss,IFA_53_24_2104.wav,300,100.0,100.0,True,-58.34854671857809,16,1752.2049416525224,False,800-2000 Hz
221542,an funestus ss,IFA_53_24_2104.wav,0,98.51010101010101,98.51010101010101,False,-31.285380536503943,0,44.37407700982649,True,<100 Hz
221542,an funestus ss,IFA_53_24_2104.wav,100,99.94949494949495,99.94949494949495,False,-50.621875472715885,37,6606.055464843051,False,>=2000 Hz
221542,an funestus ss,IFA_53_24_2104.wav,150,99.94949494949495,99.94949494949495,False,-50.621875472715885,35,5851.432728061765,False,>=2000 Hz
221542,an funestus ss,IFA_53_24_2104.wav,200,99.94949494949495,99.94949494949495,False,-50.621875472715885,37,6669.293138350332,False,>=2000 Hz
221542,an funestus ss,IFA_53_24_2104.wav,300,99.94949494949495,99.94949494949495,False,-50.916034465917306,37,6726.324829246307,False,>=2000 Hz
221525,an funestus ss,IFA_53_25_2105.wav,0,100.0,100.0,True,-55.366819157382814,0,44.37407700982649,True,<100 Hz
221525,an funestus ss,IFA_53_25_2105.wav,100,100.0,100.0,True,-56.80379851756916,37,6606.055464843051,False,>=2000 Hz
221525,an funestus ss,IFA_53_25_2105.wav,150,100.0,100.0,True,-57.1247261507569,36,6233.825044478617,False,>=2000 Hz
221525,an funestus ss,IFA_53_25_2105.wav,200,100.0,100.0,True,-56.87800725306008,5,554.3806613018434,False,300-800 Hz
221525,an funestus ss,IFA_53_25_2105.wav,300,100.0,100.0,True,-56.80379851756916,36,6344.640540634074,False,>=2000 Hz
221516,culex pipiens complex,IFA_53_28_2108.wav,0,96.94444444444444,96.91919191919192,False,-37.695223964384354,0,44.37407700982649,True,<100 Hz
221516,culex pipiens complex,IFA_53_28_2108.wav,100,97.85353535353535,97.85353535353535,False,-39.47263138490301,32,4761.213460851244,False,>=2000 Hz
221516,culex pipiens complex,IFA_53_28_2108.wav,150,98.08080808080808,97.97979797979798,False,-39.578248425423354,32,4826.198821544699,False,>=2000 Hz
221516,culex pipiens complex,IFA_53_28_2108.wav,200,98.13131313131314,98.0050505050505,False,-44.77257198977511,32,4888.1767232060765,False,>=2000 Hz
221516,culex pipiens complex,IFA_53_28_2108.wav,300,98.13131313131314,98.10606060606061,False,-44.15717701250347,31,4711.072079758159,False,>=2000 Hz
221517,culex pipiens complex,IFA_53_28_2108.wav,0,99.5959595959596,99.5959595959596,False,-40.966371552709475,0,44.37407700982649,True,<100 Hz
221517,culex pipiens complex,IFA_53_28_2108.wav,100,99.92424242424242,99.92424242424242,False,-51.23160507560844,7,574.4420356195228,False,300-800 Hz
221517,culex pipiens complex,IFA_53_28_2108.wav,150,99.92424242424242,99.8989898989899,False,-50.98292752149206,6,564.3726097218181,False,300-800 Hz
221517,culex pipiens complex,IFA_53_28_2108.wav,200,100.0,100.0,True,-52.95262762177516,5,554.3806613018434,False,300-800 Hz
221517,culex pipiens complex,IFA_53_28_2108.wav,300,99.92424242424242,99.92424242424242,False,-51.23160507560844,4,601.8936796253,False,300-800 Hz
221540,an funestus ss,IFA_53_29_2109.wav,0,99.21717171717171,99.19191919191918,False,-34.7999011743164,0,44.37407700982649,True,<100 Hz
221540,an funestus ss,IFA_53_29_2109.wav,100,99.82323232323232,99.82323232323232,False,-49.118130846093784,27,3382.2099706881345,False,>=2000 Hz
221540,an funestus ss,IFA_53_29_2109.wav,150,99.87373737373737,99.87373737373737,False,-48.53577479072331,27,3461.439059913137,False,>=2000 Hz
221540,an funestus ss,IFA_53_29_2109.wav,200,99.82323232323232,99.82323232323232,False,-49.4689970180525,27,3537.5460581518873,False,>=2000 Hz
221540,an funestus ss,IFA_53_29_2109.wav,300,99.8989898989899,99.8989898989899,False,-48.82930956615113,26,3456.308740446091,False,>=2000 Hz
221539,an funestus ss,IFA_53_29_2109.wav,0,100.0,100.0,True,-52.08767005353104,0,44.37407700982649,True,<100 Hz
221539,an funestus ss,IFA_53_29_2109.wav,100,100.0,100.0,True,-60.82002250976938,10,817.5967063546011,False,800-2000 Hz
221539,an funestus ss,IFA_53_29_2109.wav,150,100.0,100.0,True,-58.83974569061594,16,1529.6721664501665,False,800-2000 Hz
221539,an funestus ss,IFA_53_29_2109.wav,200,100.0,100.0,True,-59.11316102371481,8,780.8898965537708,False,300-800 Hz
221539,an funestus ss,IFA_53_29_2109.wav,300,100.0,100.0,True,-59.42962291421141,14,1506.6149479788903,False,800-2000 Hz
221519,an arabiensis,IFA_53_36_2116.wav,0,99.97474747474747,99.97474747474747,False,-51.502109165998405,0,44.37407700982649,True,<100 Hz
221519,an arabiensis,IFA_53_36_2116.wav,100,100.0,100.0,True,-53.241958603622436,34,5435.453615558967,False,>=2000 Hz
221519,an arabiensis,IFA_53_36_2116.wav,150,100.0,99.97474747474747,False,-51.99222686465458,29,3961.4038001847744,False,>=2000 Hz
221519,an arabiensis,IFA_53_36_2116.wav,200,99.97474747474747,99.97474747474747,False,-51.72610429500477,29,4033.4382048519074,False,>=2000 Hz
221519,an arabiensis,IFA_53_36_2116.wav,300,100.0,100.0,True,-53.241958603622436,34,5639.114996491976,False,>=2000 Hz
221506,culex pipiens complex,IFA_53_38_2118.wav,0,99.36868686868688,99.34343434343434,False,-38.980968123014826,0,44.37407700982649,True,<100 Hz
221506,culex pipiens complex,IFA_53_38_2118.wav,100,99.64646464646465,99.64646464646465,False,-45.324809481651954,10,817.5967063546011,False,800-2000 Hz
221506,culex pipiens complex,IFA_53_38_2118.wav,150,99.52020202020202,99.4949494949495,False,-48.11605291512201,10,886.4319670625546,False,800-2000 Hz
221506,culex pipiens complex,IFA_53_38_2118.wav,200,99.72222222222223,99.69696969696969,False,-45.27726652742861,9,865.1425927882087,False,800-2000 Hz
221506,culex pipiens complex,IFA_53_38_2118.wav,300,99.67171717171716,99.67171717171716,False,-45.324809481651954,7,825.1790452437867,False,800-2000 Hz
221507,culex pipiens complex,IFA_53_38_2118.wav,0,97.87878787878788,97.87878787878788,False,-30.790150487642723,0,44.37407700982649,True,<100 Hz
221507,culex pipiens complex,IFA_53_38_2118.wav,100,98.58585858585859,98.58585858585859,False,-38.02979485723504,10,817.5967063546011,False,800-2000 Hz
221507,culex pipiens complex,IFA_53_38_2118.wav,150,98.68686868686869,98.58585858585859,False,-37.840540454657585,10,886.4319670625546,False,800-2000 Hz
221507,culex pipiens complex,IFA_53_38_2118.wav,200,98.61111111111111,98.58585858585859,False,-37.85442077478134,9,865.1425927882087,False,800-2000 Hz
221507,culex pipiens complex,IFA_53_38_2118.wav,300,98.58585858585859,98.58585858585859,False,-38.02979485723504,7,825.1790452437867,False,800-2000 Hz
221498,culex pipiens complex,IFA_53_39_2119.wav,0,99.52020202020202,99.4949494949495,False,-40.72650967729075,0,44.37407700982649,True,<100 Hz
221498,culex pipiens complex,IFA_53_39_2119.wav,100,100.0,100.0,True,-56.55465893798792,11,908.5521219032305,False,800-2000 Hz
221498,culex pipiens complex,IFA_53_39_2119.wav,150,100.0,100.0,True,-56.95267104406915,11,979.0284142678163,False,800-2000 Hz
221498,culex pipiens complex,IFA_53_39_2119.wav,200,100.0,100.0,True,-56.15544102479817,10,954.1887019828487,False,800-2000 Hz
221498,culex pipiens complex,IFA_53_39_2119.wav,300,100.0,100.0,True,-56.31141204176261,9,994.9271530483034,False,800-2000 Hz
221524,an funestus ss,IFA_54_10_2130.wav,0,100.0,100.0,True,-57.46426866459343,14,1059.9326349904563,False,800-2000 Hz
221524,an funestus ss,IFA_54_10_2130.wav,100,100.0,100.0,True,-54.689424726657066,11,908.5521219032305,False,800-2000 Hz
221524,an funestus ss,IFA_54_10_2130.wav,150,100.0,100.0,True,-54.729761309820816,12,1077.0295067481677,False,800-2000 Hz
221524,an funestus ss,IFA_54_10_2130.wav,200,100.0,100.0,True,-57.47683175794137,10,954.1887019828487,False,800-2000 Hz
221524,an funestus ss,IFA_54_10_2130.wav,300,100.0,100.0,True,-54.76633907790685,10,1086.7596689771533,False,800-2000 Hz
221531,an funestus ss,IFA_54_11_2131.wav,0,99.92424242424242,99.87373737373737,False,-43.42413145166735,0,44.37407700982649,True,<100 Hz
221531,an funestus ss,IFA_54_11_2131.wav,100,100.0,99.97474747474747,False,-51.940734452573956,13,1107.1435959963192,False,800-2000 Hz
221531,an funestus ss,IFA_54_11_2131.wav,150,100.0,99.97474747474747,False,-51.98035087733852,12,1077.0295067481677,False,800-2000 Hz
221531,an funestus ss,IFA_54_11_2131.wav,200,100.0,100.0,True,-52.1302874327127,12,1147.767526900907,False,800-2000 Hz
221531,an funestus ss,IFA_54_11_2131.wav,300,100.0,100.0,True,-52.37469142751192,10,1086.7596689771533,False,800-2000 Hz
221536,an arabiensis,IFA_54_12_2132.wav,0,99.94949494949495,99.92424242424242,False,-51.047112260496675,12,856.358507538126,False,800-2000 Hz
221536,an arabiensis,IFA_54_12_2132.wav,100,99.82323232323232,99.82323232323232,False,-48.065485578992046,11,908.5521219032305,False,800-2000 Hz
221536,an arabiensis,IFA_54_12_2132.wav,150,99.82323232323232,99.79797979797979,False,-48.06709098227691,10,886.4319670625546,False,800-2000 Hz
221536,an arabiensis,IFA_54_12_2132.wav,200,99.94949494949495,99.92424242424242,False,-51.04825553492653,9,865.1425927882087,False,800-2000 Hz
221536,an arabiensis,IFA_54_12_2132.wav,300,99.82323232323232,99.82323232323232,False,-48.07470116364264,8,907.814472208775,False,800-2000 Hz
221497,an arabiensis,IFA_54_13_2133.wav,0,98.88888888888889,98.88888888888889,False,-33.961506458391995,38,6993.657556191134,False,>=2000 Hz
221497,an arabiensis,IFA_54_13_2133.wav,100,99.24242424242425,99.24242424242425,False,-34.3093808161308,38,7043.93550770528,False,>=2000 Hz
221497,an arabiensis,IFA_54_13_2133.wav,150,99.21717171717171,99.21717171717171,False,-34.3093808161308,38,7066.870533681113,False,>=2000 Hz
221497,an arabiensis,IFA_54_13_2133.wav,200,99.24242424242425,99.21717171717171,False,-34.58858741168483,38,7088.556459474228,False,>=2000 Hz
221497,an arabiensis,IFA_54_13_2133.wav,300,99.21717171717171,99.21717171717171,False,-34.712857050330726,38,7128.689079502165,False,>=2000 Hz
221549,an arabiensis,IFA_54_15_2135.wav,0,99.79797979797979,99.74747474747475,False,-45.69719985339715,0,44.37407700982649,True,<100 Hz
221549,an arabiensis,IFA_54_15_2135.wav,100,100.0,100.0,True,-53.3195505527166,35,5803.174981087622,False,>=2000 Hz
221549,an arabiensis,IFA_54_15_2135.wav,150,100.0,100.0,True,-53.30761119475331,35,5851.432728061765,False,>=2000 Hz
221549,an arabiensis,IFA_54_15_2135.wav,200,100.0,100.0,True,-53.04448365078568,34,5542.124294130725,False,>=2000 Hz
221549,an arabiensis,IFA_54_15_2135.wav,300,100.0,100.0,True,-53.46979398749237,34,5639.114996491976,False,>=2000 Hz
221520,an arabiensis,IFA_54_18_2138.wav,0,99.31818181818181,99.31818181818181,False,-36.52429200653915,0,44.37407700982649,True,<100 Hz
221520,an arabiensis,IFA_54_18_2138.wav,100,99.82323232323232,99.79797979797979,False,-48.04784321604786,11,908.5521219032305,False,800-2000 Hz
221520,an arabiensis,IFA_54_18_2138.wav,150,99.79797979797979,99.79797979797979,False,-48.04784321604786,11,979.0284142678163,False,800-2000 Hz
221520,an arabiensis,IFA_54_18_2138.wav,200,99.79797979797979,99.79797979797979,False,-48.12552395101616,10,954.1887019828487,False,800-2000 Hz
221520,an arabiensis,IFA_54_18_2138.wav,300,99.79797979797979,99.79797979797979,False,-47.61671428583796,9,994.9271530483034,False,800-2000 Hz
221521,an arabiensis,IFA_54_19_2139.wav,0,100.0,100.0,True,-56.67883309604236,0,44.37407700982649,True,<100 Hz
221521,an arabiensis,IFA_54_19_2139.wav,100,100.0,100.0,True,-59.42719082037347,11,908.5521219032305,False,800-2000 Hz
221521,an arabiensis,IFA_54_19_2139.wav,150,100.0,100.0,True,-56.7801803969246,10,886.4319670625546,False,800-2000 Hz
221521,an arabiensis,IFA_54_19_2139.wav,200,100.0,100.0,True,-56.70945967640529,10,954.1887019828487,False,800-2000 Hz
221521,an arabiensis,IFA_54_19_2139.wav,300,100.0,100.0,True,-56.7801803969246,8,907.814472208775,False,800-2000 Hz
221529,an funestus ss,IFA_54_21_2141.wav,0,100.0,100.0,True,-56.5829719635559,0,44.37407700982649,True,<100 Hz
221529,an funestus ss,IFA_54_21_2141.wav,100,100.0,100.0,True,-59.80041716689881,21,2178.8747039229174,False,>=2000 Hz
221529,an funestus ss,IFA_54_21_2141.wav,150,100.0,100.0,True,-59.4073212615018,20,2097.6113795318697,False,>=2000 Hz
221529,an funestus ss,IFA_54_21_2141.wav,200,100.0,100.0,True,-59.270910182976806,20,2176.7124377582195,False,>=2000 Hz
221529,an funestus ss,IFA_54_21_2141.wav,300,100.0,100.0,True,-59.24261010132394,19,2172.778054140427,False,>=2000 Hz
221548,an funestus ss,IFA_54_22_2142.wav,0,100.0,100.0,True,-53.56986831528737,0,44.37407700982649,True,<100 Hz
221548,an funestus ss,IFA_54_22_2142.wav,100,100.0,100.0,True,-55.623368419965765,33,5088.525017110928,False,>=2000 Hz
221548,an funestus ss,IFA_54_22_2142.wav,150,100.0,100.0,True,-55.65714465778234,32,4826.198821544699,False,>=2000 Hz
221548,an funestus ss,IFA_54_22_2142.wav,200,100.0,100.0,True,-55.03466136673595,32,4888.1767232060765,False,>=2000 Hz
221548,an funestus ss,IFA_54_22_2142.wav,300,100.0,100.0,True,-54.678095007439545,32,5004.24831571783,False,>=2000 Hz
221530,an funestus ss,IFA_54_24_2144.wav,0,100.0,100.0,True,-57.79356292575634,13,955.0184679215481,False,800-2000 Hz
221530,an funestus ss,IFA_54_24_2144.wav,100,100.0,100.0,True,-61.13046545740647,11,908.5521219032305,False,800-2000 Hz
221530,an funestus ss,IFA_54_24_2144.wav,150,100.0,100.0,True,-58.62889121312045,11,979.0284142678163,False,800-2000 Hz
221530,an funestus ss,IFA_54_24_2144.wav,200,100.0,100.0,True,-58.59860865388082,10,954.1887019828487,False,800-2000 Hz
221530,an funestus ss,IFA_54_24_2144.wav,300,100.0,100.0,True,-58.62889121312045,9,994.9271530483034,False,800-2000 Hz
221499,culex pipiens complex,IFA_54_25_2145.wav,0,99.36868686868688,99.36868686868688,False,-44.20911742311475,0,44.37407700982649,True,<100 Hz
221499,culex pipiens complex,IFA_54_25_2145.wav,100,99.8989898989899,99.8989898989899,False,-47.19901014916977,11,908.5521219032305,False,800-2000 Hz
221499,culex pipiens complex,IFA_54_25_2145.wav,150,99.84848484848486,99.79797979797979,False,-47.60997043020496,10,886.4319670625546,False,800-2000 Hz
221499,culex pipiens complex,IFA_54_25_2145.wav,200,99.74747474747475,99.69696969696969,False,-49.162754348244775,10,954.1887019828487,False,800-2000 Hz
221499,culex pipiens complex,IFA_54_25_2145.wav,300,99.79797979797979,99.74747474747475,False,-47.61256476866443,8,907.814472208775,False,800-2000 Hz
221538,culex pipiens complex,IFA_54_26_2146.wav,0,99.46969696969697,99.44444444444444,False,-46.29526681742035,12,856.358507538126,False,800-2000 Hz
221538,culex pipiens complex,IFA_54_26_2146.wav,100,99.64646464646465,99.62121212121212,False,-44.1941843314722,11,908.5521219032305,False,800-2000 Hz
221538,culex pipiens complex,IFA_54_26_2146.wav,150,99.64646464646465,99.64646464646465,False,-44.469096400807786,10,886.4319670625546,False,800-2000 Hz
221538,culex pipiens complex,IFA_54_26_2146.wav,200,99.46969696969697,99.44444444444444,False,-46.355703486410306,9,865.1425927882087,False,800-2000 Hz
221538,culex pipiens complex,IFA_54_26_2146.wav,300,99.64646464646465,99.62121212121212,False,-44.51846220059822,8,907.814472208775,False,800-2000 Hz
221518,culex pipiens complex,IFA_54_27_2147.wav,0,99.94949494949495,99.94949494949495,False,-51.283666309051185,0,44.37407700982649,True,<100 Hz
221518,culex pipiens complex,IFA_54_27_2147.wav,100,100.0,100.0,True,-54.23905450477773,11,908.5521219032305,False,800-2000 Hz
221518,culex pipiens complex,IFA_54_27_2147.wav,150,100.0,100.0,True,-54.34261909085426,10,886.4319670625546,False,800-2000 Hz
221518,culex pipiens complex,IFA_54_27_2147.wav,200,100.0,100.0,True,-56.400133903647045,9,865.1425927882087,False,800-2000 Hz
221518,culex pipiens complex,IFA_54_27_2147.wav,300,100.0,100.0,True,-54.357784523641186,8,907.814472208775,False,800-2000 Hz
221513,culex pipiens complex,IFA_54_28_2148.wav,0,99.92424242424242,99.92424242424242,False,-50.999859103997736,0,44.37407700982649,True,<100 Hz
221513,culex pipiens complex,IFA_54_28_2148.wav,100,100.0,100.0,True,-53.68172473696126,34,5435.453615558967,False,>=2000 Hz
221513,culex pipiens complex,IFA_54_28_2148.wav,150,100.0,100.0,True,-53.74389356110069,33,5148.750552755978,False,>=2000 Hz
221513,culex pipiens complex,IFA_54_28_2148.wav,200,100.0,100.0,True,-53.928321130242686,33,5206.106474135096,False,>=2000 Hz
221513,culex pipiens complex,IFA_54_28_2148.wav,300,100.0,100.0,True,-54.112893500246244,33,5313.3090758650505,False,>=2000 Hz
221512,culex pipiens complex,IFA_54_28_2148.wav,0,100.0,100.0,True,-55.00399013023586,0,44.37407700982649,True,<100 Hz
221512,culex pipiens complex,IFA_54_28_2148.wav,100,100.0,100.0,True,-56.66092644705893,37,6606.055464843051,False,>=2000 Hz
221512,culex pipiens complex,IFA_54_28_2148.wav,150,100.0,100.0,True,-56.847435290200146,37,6638.536735866427,False,>=2000 Hz
221512,culex pipiens complex,IFA_54_28_2148.wav,200,100.0,100.0,True,-56.70549126090375,37,6669.293138350332,False,>=2000 Hz
221512,culex pipiens complex,IFA_54_28_2148.wav,300,100.0,100.0,True,-56.7762906347647,37,6726.324829246307,False,>=2000 Hz
221547,culex pipiens complex,IFA_54_29_2149.wav,0,100.0,100.0,True,-53.19151740133607,0,44.37407700982649,True,<100 Hz
221547,culex pipiens complex,IFA_54_29_2149.wav,100,99.97474747474747,99.97474747474747,False,-50.890620416396324,11,908.5521219032305,False,800-2000 Hz
221547,culex pipiens complex,IFA_54_29_2149.wav,150,99.97474747474747,99.97474747474747,False,-51.12473027136791,10,886.4319670625546,False,800-2000 Hz
221547,culex pipiens complex,IFA_54_29_2149.wav,200,100.0,100.0,True,-53.23115696854589,10,954.1887019828487,False,800-2000 Hz
221547,culex pipiens complex,IFA_54_29_2149.wav,300,99.97474747474747,99.97474747474747,False,-51.13897793933176,8,907.814472208775,False,800-2000 Hz
221613,an arabiensis,IFA_54_31_2151.wav,0,100.0,100.0,True,-55.89973863807491,32,4620.7597577448405,False,>=2000 Hz
221613,an arabiensis,IFA_54_31_2151.wav,100,100.0,100.0,True,-56.837245212421166,31,4452.409703131681,False,>=2000 Hz
221613,an arabiensis,IFA_54_31_2151.wav,150,100.0,100.0,True,-57.17260590361359,31,4521.43543989098,False,>=2000 Hz
221613,an arabiensis,IFA_54_31_2151.wav,200,100.0,100.0,True,-56.454563516413984,31,4587.361348214651,False,>=2000 Hz
221613,an arabiensis,IFA_54_31_2151.wav,300,100.0,100.0,True,-56.61422930598464,30,4432.9639650607805,False,>=2000 Hz
221637,an arabiensis,IFA_54_34_2154.wav,0,100.0,100.0,True,-53.710946025185,36,6103.720297923787,False,>=2000 Hz
221637,an arabiensis,IFA_54_34_2154.wav,100,100.0,100.0,True,-55.70025306882918,36,6192.935304310192,False,>=2000 Hz
221637,an arabiensis,IFA_54_34_2154.wav,150,100.0,100.0,True,-53.8190950457941,36,6233.825044478617,False,>=2000 Hz
221637,an arabiensis,IFA_54_34_2154.wav,200,100.0,100.0,True,-53.95616970386554,36,6272.599048553766,False,>=2000 Hz
221637,an arabiensis,IFA_54_34_2154.wav,300,100.0,100.0,True,-53.8190950457941,36,6344.640540634074,False,>=2000 Hz
221584,an funestus ss,IFA_54_36_2156.wav,0,99.82323232323232,99.82323232323232,False,-43.65702502872372,0,44.37407700982649,True,<100 Hz
221584,an funestus ss,IFA_54_36_2156.wav,100,100.0,100.0,True,-58.34333661628839,32,4761.213460851244,False,>=2000 Hz
221584,an funestus ss,IFA_54_36_2156.wav,150,100.0,100.0,True,-58.529078527956095,32,4826.198821544699,False,>=2000 Hz
221584,an funestus ss,IFA_54_36_2156.wav,200,100.0,100.0,True,-58.630001801846284,32,4888.1767232060765,False,>=2000 Hz
221584,an funestus ss,IFA_54_36_2156.wav,300,100.0,100.0,True,-58.63816451263635,25,3242.6905940108,False,>=2000 Hz
221583,an funestus ss,IFA_54_36_2156.wav,0,97.72727272727273,97.67676767676767,False,-29.157567118054523,34,5316.723457509462,False,>=2000 Hz
221583,an funestus ss,IFA_54_36_2156.wav,100,97.9040404040404,97.9040404040404,False,-29.349862617134235,34,5435.453615558967,False,>=2000 Hz
221583,an funestus ss,IFA_54_36_2156.wav,150,97.92929292929293,97.92929292929293,False,-29.98796060583389,34,5490.128899271392,False,>=2000 Hz
221583,an funestus ss,IFA_54_36_2156.wav,200,97.97979797979798,97.9040404040404,False,-29.781695804951248,33,5206.106474135096,False,>=2000 Hz
221583,an funestus ss,IFA_54_36_2156.wav,300,98.0050505050505,97.97979797979798,False,-29.673269377137572,33,5313.3090758650505,False,>=2000 Hz
221606,an arabiensis,IFA_54_37_2157.wav,0,99.54545454545455,99.54545454545455,False,-36.982726104957216,0,44.37407700982649,True,<100 Hz
221606,an arabiensis,IFA_54_37_2157.wav,100,99.87373737373737,99.87373737373737,False,-50.74704479938359,11,908.5521219032305,False,800-2000 Hz
221606,an arabiensis,IFA_54_37_2157.wav,150,99.87373737373737,99.87373737373737,False,-50.727133433657876,10,886.4319670625546,False,800-2000 Hz
221606,an arabiensis,IFA_54_37_2157.wav,200,100.0,100.0,True,-52.772888119785165,10,954.1887019828487,False,800-2000 Hz
221606,an arabiensis,IFA_54_37_2157.wav,300,99.87373737373737,99.87373737373737,False,-50.77137632945188,8,907.814472208775,False,800-2000 Hz
221610,an arabiensis,IFA_54_38_2158.wav,0,99.54545454545455,99.4949494949495,False,-44.062044897364565,35,5698.132814724254,False,>=2000 Hz
221610,an arabiensis,IFA_54_38_2158.wav,100,99.57070707070706,99.57070707070706,False,-45.390050799630856,35,5803.174981087622,False,>=2000 Hz
221610,an arabiensis,IFA_54_38_2158.wav,150,99.54545454545455,99.54545454545455,False,-45.948593081345955,35,5851.432728061765,False,>=2000 Hz
221610,an arabiensis,IFA_54_38_2158.wav,200,99.52020202020202,99.4949494949495,False,-44.93702339215694,34,5542.124294130725,False,>=2000 Hz
221610,an arabiensis,IFA_54_38_2158.wav,300,99.54545454545455,99.54545454545455,False,-44.341884729543615,34,5639.114996491976,False,>=2000 Hz
221609,an arabiensis,IFA_54_38_2158.wav,0,99.29292929292929,99.26767676767678,False,-44.82829045308607,0,44.37407700982649,True,<100 Hz
221609,an arabiensis,IFA_54_38_2158.wav,100,99.74747474747475,99.74747474747475,False,-47.35934151806843,36,6192.935304310192,False,>=2000 Hz
221609,an arabiensis,IFA_54_38_2158.wav,150,99.74747474747475,99.74747474747475,False,-47.35934151806843,36,6233.825044478617,False,>=2000 Hz
221609,an arabiensis,IFA_54_38_2158.wav,200,99.79797979797979,99.79797979797979,False,-47.35934151806843,36,6272.599048553766,False,>=2000 Hz
221609,an arabiensis,IFA_54_38_2158.wav,300,99.72222222222223,99.72222222222223,False,-47.5632588423725,36,6344.640540634074,False,>=2000 Hz
221589,an funestus ss,IFA_54_39_2159.wav,0,100.0,100.0,True,-53.468691854098516,0,44.37407700982649,True,<100 Hz
221589,an funestus ss,IFA_54_39_2159.wav,100,100.0,100.0,True,-56.283859157194144,38,7043.93550770528,False,>=2000 Hz
221589,an funestus ss,IFA_54_39_2159.wav,150,100.0,100.0,True,-57.034915100193295,38,7066.870533681113,False,>=2000 Hz
221589,an funestus ss,IFA_54_39_2159.wav,200,100.0,100.0,True,-57.91693988983741,38,7088.556459474228,False,>=2000 Hz
221589,an funestus ss,IFA_54_39_2159.wav,300,100.0,100.0,True,-57.63081961359176,38,7128.689079502165,False,>=2000 Hz
221586,an funestus ss,IFA_54_40_2160.wav,0,100.0,100.0,True,-53.580887439491406,0,44.37407700982649,True,<100 Hz
221586,an funestus ss,IFA_54_40_2160.wav,100,100.0,100.0,True,-54.16830085043681,13,1107.1435959963192,False,800-2000 Hz
221586,an funestus ss,IFA_54_40_2160.wav,150,100.0,100.0,True,-54.7369398551657,12,1077.0295067481677,False,800-2000 Hz
221586,an funestus ss,IFA_54_40_2160.wav,200,100.0,100.0,True,-54.972890697438864,11,1048.3009371645,False,800-2000 Hz
221586,an funestus ss,IFA_54_40_2160.wav,300,100.0,100.0,True,-55.02104351327789,10,1086.7596689771533,False,800-2000 Hz
221633,culex pipiens complex,IFA_55_11_2171.wav,0,99.31818181818181,99.29292929292929,False,-37.66304867694582,0,44.37407700982649,True,<100 Hz
221633,culex pipiens complex,IFA_55_11_2171.wav,100,99.97474747474747,99.97474747474747,False,-51.51835500995061,12,1004.9588458152629,False,800-2000 Hz
221633,culex pipiens complex,IFA_55_11_2171.wav,150,99.97474747474747,99.97474747474747,False,-49.61267238237885,11,979.0284142678163,False,800-2000 Hz
221633,culex pipiens complex,IFA_55_11_2171.wav,200,99.97474747474747,99.97474747474747,False,-50.038190556794724,10,954.1887019828487,False,800-2000 Hz
221633,culex pipiens complex,IFA_55_11_2171.wav,300,99.97474747474747,99.97474747474747,False,-49.61267238237885,9,994.9271530483034,False,800-2000 Hz
221555,culex pipiens complex,IFA_55_12_2172.wav,0,100.0,100.0,True,-55.55275655127996,14,1059.9326349904563,False,800-2000 Hz
221555,culex pipiens complex,IFA_55_12_2172.wav,100,100.0,100.0,True,-55.78092830000533,12,1004.9588458152629,False,800-2000 Hz
221555,culex pipiens complex,IFA_55_12_2172.wav,150,100.0,100.0,True,-55.55275655127996,12,1077.0295067481677,False,800-2000 Hz
221555,culex pipiens complex,IFA_55_12_2172.wav,200,100.0,100.0,True,-56.448348181036906,11,1048.3009371645,False,800-2000 Hz
221555,culex pipiens complex,IFA_55_12_2172.wav,300,100.0,100.0,True,-55.399526547663356,10,1086.7596689771533,False,800-2000 Hz
221556,culex pipiens complex,IFA_55_12_2172.wav,0,97.12121212121212,97.09595959595958,False,-27.174988017121557,0,44.37407700982649,True,<100 Hz
221556,culex pipiens complex,IFA_55_12_2172.wav,100,98.20707070707071,98.20707070707071,False,-31.89976957692169,37,6606.055464843051,False,>=2000 Hz
221556,culex pipiens complex,IFA_55_12_2172.wav,150,98.30808080808082,98.28282828282828,False,-32.05461237302377,37,6638.536735866427,False,>=2000 Hz
221556,culex pipiens complex,IFA_55_12_2172.wav,200,98.23232323232324,98.20707070707071,False,-31.960581796031484,37,6669.293138350332,False,>=2000 Hz
221556,culex pipiens complex,IFA_55_12_2172.wav,300,98.28282828282828,98.28282828282828,False,-32.00326959197852,37,6726.324829246307,False,>=2000 Hz
221598,an funestus ss,IFA_55_13_2173.wav,0,100.0,100.0,True,-57.27652736008593,0,44.37407700982649,True,<100 Hz
221598,an funestus ss,IFA_55_13_2173.wav,100,100.0,100.0,True,-63.15842589053587,36,6192.935304310192,False,>=2000 Hz
221598,an funestus ss,IFA_55_13_2173.wav,150,100.0,100.0,True,-63.12155484065397,36,6233.825044478617,False,>=2000 Hz
221598,an funestus ss,IFA_55_13_2173.wav,200,100.0,100.0,True,-63.31744918369468,36,6272.599048553766,False,>=2000 Hz
221598,an funestus ss,IFA_55_13_2173.wav,300,100.0,100.0,True,-63.096000625743784,32,5004.24831571783,False,>=2000 Hz
221596,an funestus ss,IFA_55_13_2173.wav,0,94.0909090909091,93.98989898989899,False,-38.516389577512186,36,6103.720297923787,False,>=2000 Hz
221596,an funestus ss,IFA_55_13_2173.wav,100,94.57070707070707,94.39393939393939,False,-39.703116651006376,36,6192.935304310192,False,>=2000 Hz
221596,an funestus ss,IFA_55_13_2173.wav,150,94.2929292929293,94.16666666666667,False,-38.7973455384253,36,6233.825044478617,False,>=2000 Hz
221596,an funestus ss,IFA_55_13_2173.wav,200,94.31818181818183,94.21717171717172,False,-38.44601361964686,36,6272.599048553766,False,>=2000 Hz
221596,an funestus ss,IFA_55_13_2173.wav,300,94.41919191919192,94.26767676767676,False,-39.319172387788875,36,6344.640540634074,False,>=2000 Hz
221597,an funestus ss,IFA_55_13_2173.wav,0,100.0,100.0,True,-55.91978536467913,0,44.37407700982649,True,<100 Hz
221597,an funestus ss,IFA_55_13_2173.wav,100,100.0,100.0,True,-58.42721856786628,13,1107.1435959963192,False,800-2000 Hz
221597,an funestus ss,IFA_55_13_2173.wav,150,100.0,100.0,True,-60.96231727221091,12,1077.0295067481677,False,800-2000 Hz
221597,an funestus ss,IFA_55_13_2173.wav,200,100.0,100.0,True,-58.55910218827454,11,1048.3009371645,False,800-2000 Hz
221597,an funestus ss,IFA_55_13_2173.wav,300,100.0,100.0,True,-60.89530158502521,10,1086.7596689771533,False,800-2000 Hz
221562,an arabiensis,IFA_55_14_2174.wav,0,99.92424242424242,99.92424242424242,False,-51.32065019954748,14,1059.9326349904563,False,800-2000 Hz
221562,an arabiensis,IFA_55_14_2174.wav,100,100.0,100.0,True,-52.43429350262792,12,1004.9588458152629,False,800-2000 Hz
221562,an arabiensis,IFA_55_14_2174.wav,150,100.0,100.0,True,-53.61970877041175,12,1077.0295067481677,False,800-2000 Hz
221562,an arabiensis,IFA_55_14_2174.wav,200,100.0,100.0,True,-52.196301206955205,11,1048.3009371645,False,800-2000 Hz
221562,an arabiensis,IFA_55_14_2174.wav,300,100.0,100.0,True,-53.57818257634618,10,1086.7596689771533,False,800-2000 Hz
221612,culex pipiens complex,IFA_55_19_2179.wav,0,99.5959595959596,99.5959595959596,False,-40.505252886398175,0,44.37407700982649,True,<100 Hz
221612,culex pipiens complex,IFA_55_19_2179.wav,100,99.94949494949495,99.94949494949495,False,-50.80872544510967,37,6606.055464843051,False,>=2000 Hz
221612,culex pipiens complex,IFA_55_19_2179.wav,150,99.94949494949495,99.94949494949495,False,-51.03821507407705,37,6638.536735866427,False,>=2000 Hz
221612,culex pipiens complex,IFA_55_19_2179.wav,200,99.94949494949495,99.94949494949495,False,-51.133859683058134,37,6669.293138350332,False,>=2000 Hz
221612,culex pipiens complex,IFA_55_19_2179.wav,300,99.94949494949495,99.94949494949495,False,-51.56214377410252,37,6726.324829246307,False,>=2000 Hz
221611,culex pipiens complex,IFA_55_19_2179.wav,0,99.77272727272727,99.77272727272727,False,-45.92030908243722,0,44.37407700982649,True,<100 Hz
221611,culex pipiens complex,IFA_55_19_2179.wav,100,100.0,100.0,True,-54.95660810888904,11,908.5521219032305,False,800-2000 Hz
221611,culex pipiens complex,IFA_55_19_2179.wav,150,100.0,100.0,True,-54.95660810888904,11,979.0284142678163,False,800-2000 Hz
221611,culex pipiens complex,IFA_55_19_2179.wav,200,100.0,100.0,True,-55.20622623868857,10,954.1887019828487,False,800-2000 Hz
221611,culex pipiens complex,IFA_55_19_2179.wav,300,100.0,100.0,True,-55.42670910798827,9,994.9271530483034,False,800-2000 Hz
221602,an arabiensis,IFA_55_20_2180.wav,0,99.84848484848486,99.84848484848486,False,-45.18808490841874,0,44.37407700982649,True,<100 Hz
221602,an arabiensis,IFA_55_20_2180.wav,100,100.0,100.0,True,-58.60854822806885,37,6606.055464843051,False,>=2000 Hz
221602,an arabiensis,IFA_55_20_2180.wav,150,100.0,100.0,True,-58.68071156986646,37,6638.536735866427,False,>=2000 Hz
221602,an arabiensis,IFA_55_20_2180.wav,200,100.0,100.0,True,-58.51299853287194,37,6669.293138350332,False,>=2000 Hz
221602,an arabiensis,IFA_55_20_2180.wav,300,100.0,100.0,True,-58.681632221288915,37,6726.324829246307,False,>=2000 Hz
221578,an funestus ss,IFA_55_21_2181.wav,0,99.92424242424242,99.92424242424242,False,-45.34274728942418,0,44.37407700982649,True,<100 Hz
221578,an funestus ss,IFA_55_21_2181.wav,100,100.0,100.0,True,-63.305456767176466,36,6192.935304310192,False,>=2000 Hz
221578,an funestus ss,IFA_55_21_2181.wav,150,100.0,100.0,True,-62.862170831790145,36,6233.825044478617,False,>=2000 Hz
221578,an funestus ss,IFA_55_21_2181.wav,200,100.0,100.0,True,-63.2734040213806,36,6272.599048553766,False,>=2000 Hz
221578,an funestus ss,IFA_55_21_2181.wav,300,100.0,100.0,True,-63.113178781868996,36,6344.640540634074,False,>=2000 Hz
221577,an funestus ss,IFA_55_21_2181.wav,0,100.0,100.0,True,-54.13811464202075,0,44.37407700982649,True,<100 Hz
221577,an funestus ss,IFA_55_21_2181.wav,100,100.0,100.0,True,-63.91543307933389,37,6606.055464843051,False,>=2000 Hz
221577,an funestus ss,IFA_55_21_2181.wav,150,100.0,100.0,True,-64.28918494213129,36,6233.825044478617,False,>=2000 Hz
221577,an funestus ss,IFA_55_21_2181.wav,200,100.0,100.0,True,-63.91543307933389,36,6272.599048553766,False,>=2000 Hz
221577,an funestus ss,IFA_55_21_2181.wav,300,100.0,100.0,True,-64.22998938062156,36,6344.640540634074,False,>=2000 Hz
221635,an funestus ss,IFA_55_23_2183.wav,0,100.0,100.0,True,-56.56672314545154,0,44.37407700982649,True,<100 Hz
221635,an funestus ss,IFA_55_23_2183.wav,100,100.0,100.0,True,-62.810865134829896,7,574.4420356195228,False,300-800 Hz
221635,an funestus ss,IFA_55_23_2183.wav,150,100.0,100.0,True,-61.719613652954585,18,1797.5500446410404,False,800-2000 Hz
221635,an funestus ss,IFA_55_23_2183.wav,200,100.0,100.0,True,-62.43333645823889,17,1736.7054285722647,False,800-2000 Hz
221635,an funestus ss,IFA_55_23_2183.wav,300,100.0,100.0,True,-61.744623893971095,16,1752.2049416525224,False,800-2000 Hz
221636,an funestus ss,IFA_55_23_2183.wav,0,100.0,100.0,True,-54.77688129507621,0,44.37407700982649,True,<100 Hz
221636,an funestus ss,IFA_55_23_2183.wav,100,100.0,100.0,True,-55.038476258447716,17,1580.907710730555,False,800-2000 Hz
221636,an funestus ss,IFA_55_23_2183.wav,150,100.0,100.0,True,-54.99396605273451,16,1529.6721664501665,False,800-2000 Hz
221636,an funestus ss,IFA_55_23_2183.wav,200,100.0,100.0,True,-56.355534927492144,16,1605.5359087903153,False,800-2000 Hz
221636,an funestus ss,IFA_55_23_2183.wav,300,100.0,100.0,True,-54.99396605273451,14,1506.6149479788903,False,800-2000 Hz
221571,culex pipiens complex,IFA_55_24_2184.wav,0,99.77272727272727,99.77272727272727,False,-43.854166482723286,0,44.37407700982649,True,<100 Hz
221571,culex pipiens complex,IFA_55_24_2184.wav,100,100.0,100.0,True,-55.59011158867787,33,5088.525017110928,False,>=2000 Hz
221571,culex pipiens complex,IFA_55_24_2184.wav,150,100.0,100.0,True,-55.59012818622418,33,5148.750552755978,False,>=2000 Hz
221571,culex pipiens complex,IFA_55_24_2184.wav,200,100.0,100.0,True,-55.238529929082,32,4888.1767232060765,False,>=2000 Hz
221571,culex pipiens complex,IFA_55_24_2184.wav,300,100.0,100.0,True,-55.59012818622418,32,5004.24831571783,False,>=2000 Hz
221572,culex pipiens complex,IFA_55_24_2184.wav,0,99.69696969696969,99.69696969696969,False,-43.59781714298062,0,44.37407700982649,True,<100 Hz
221572,culex pipiens complex,IFA_55_24_2184.wav,100,100.0,100.0,True,-58.70792417252187,7,574.4420356195228,False,300-800 Hz
221572,culex pipiens complex,IFA_55_24_2184.wav,150,100.0,100.0,True,-58.13798603806063,6,564.3726097218181,False,300-800 Hz
221572,culex pipiens complex,IFA_55_24_2184.wav,200,100.0,100.0,True,-59.09912408795062,20,2176.7124377582195,False,>=2000 Hz
221572,culex pipiens complex,IFA_55_24_2184.wav,300,100.0,100.0,True,-58.97884488845591,4,601.8936796253,False,300-800 Hz
221559,culex pipiens complex,IFA_55_26_2186.wav,0,100.0,100.0,True,-53.354586344794484,36,6103.720297923787,False,>=2000 Hz
221559,culex pipiens complex,IFA_55_26_2186.wav,100,100.0,100.0,True,-54.03904414633761,36,6192.935304310192,False,>=2000 Hz
221559,culex pipiens complex,IFA_55_26_2186.wav,150,100.0,100.0,True,-54.373263609081235,36,6233.825044478617,False,>=2000 Hz
221559,culex pipiens complex,IFA_55_26_2186.wav,200,100.0,100.0,True,-54.49128719842711,36,6272.599048553766,False,>=2000 Hz
221559,culex pipiens complex,IFA_55_26_2186.wav,300,100.0,100.0,True,-53.96069445609709,37,6726.324829246307,False,>=2000 Hz
221558,culex pipiens complex,IFA_55_26_2186.wav,0,100.0,100.0,True,-54.693834328018404,35,5698.132814724254,False,>=2000 Hz
221558,culex pipiens complex,IFA_55_26_2186.wav,100,100.0,100.0,True,-54.16131766398922,35,5803.174981087622,False,>=2000 Hz
221558,culex pipiens complex,IFA_55_26_2186.wav,150,100.0,100.0,True,-54.26698868821724,35,5851.432728061765,False,>=2000 Hz
221558,culex pipiens complex,IFA_55_26_2186.wav,200,100.0,100.0,True,-54.510979478231995,37,6669.293138350332,False,>=2000 Hz
221558,culex pipiens complex,IFA_55_26_2186.wav,300,100.0,100.0,True,-54.747775602914395,37,6726.324829246307,False,>=2000 Hz
221566,an funestus ss,IFA_55_27_2187.wav,0,100.0,100.0,True,-53.3432196167848,0,44.37407700982649,True,<100 Hz
221566,an funestus ss,IFA_55_27_2187.wav,100,100.0,100.0,True,-59.77697308477613,14,1215.4526718144389,False,800-2000 Hz
221566,an funestus ss,IFA_55_27_2187.wav,150,100.0,100.0,True,-58.719240290599686,13,1180.7507014291307,False,800-2000 Hz
221566,an funestus ss,IFA_55_27_2187.wav,200,100.0,100.0,True,-59.72060639231827,12,1147.767526900907,False,800-2000 Hz
221566,an funestus ss,IFA_55_27_2187.wav,300,100.0,100.0,True,-58.75404370362352,11,1183.5677444553655,False,800-2000 Hz
221567,an funestus ss,IFA_55_27_2187.wav,0,93.3080808080808,93.3080808080808,False,-31.722596500599085,36,6103.720297923787,False,>=2000 Hz
221567,an funestus ss,IFA_55_27_2187.wav,100,93.15656565656566,93.10606060606061,False,-31.403634168295525,36,6192.935304310192,False,>=2000 Hz
221567,an funestus ss,IFA_55_27_2187.wav,150,92.97979797979798,92.85353535353535,False,-31.4534472802953,36,6233.825044478617,False,>=2000 Hz
221567,an funestus ss,IFA_55_27_2187.wav,200,92.9040404040404,92.77777777777779,False,-31.55821349499778,36,6272.599048553766,False,>=2000 Hz
221567,an funestus ss,IFA_55_27_2187.wav,300,92.65151515151516,92.6010101010101,False,-32.0365468138832,36,6344.640540634074,False,>=2000 Hz
221585,an funestus ss,IFA_55_28_2188.wav,0,100.0,100.0,True,-55.9254657411475,0,44.37407700982649,True,<100 Hz
221585,an funestus ss,IFA_55_28_2188.wav,100,100.0,100.0,True,-58.50262284631875,6,502.37884079729855,False,300-800 Hz
221585,an funestus ss,IFA_55_28_2188.wav,150,100.0,100.0,True,-62.48816229680976,6,564.3726097218181,False,300-800 Hz
221585,an funestus ss,IFA_55_28_2188.wav,200,100.0,100.0,True,-62.31642337013416,5,554.3806613018434,False,300-800 Hz
221585,an funestus ss,IFA_55_28_2188.wav,300,100.0,100.0,True,-62.38090401000584,3,534.9813946953967,False,300-800 Hz
221568,an funestus ss,IFA_55_32_2192.wav,0,100.0,100.0,True,-54.26645968354633,12,856.358507538126,False,800-2000 Hz
221568,an funestus ss,IFA_55_32_2192.wav,100,100.0,100.0,True,-54.10882828720269,10,817.5967063546011,False,800-2000 Hz
221568,an funestus ss,IFA_55_32_2192.wav,150,100.0,100.0,True,-56.58215461043993,10,886.4319670625546,False,800-2000 Hz
221568,an funestus ss,IFA_55_32_2192.wav,200,100.0,100.0,True,-54.26645968354633,9,865.1425927882087,False,800-2000 Hz
221568,an funestus ss,IFA_55_32_2192.wav,300,100.0,100.0,True,-54.10882828720269,7,825.1790452437867,False,800-2000 Hz
221569,an funestus ss,IFA_55_32_2192.wav,0,100.0,100.0,True,-55.20686785626809,0,44.37407700982649,True,<100 Hz
221569,an funestus ss,IFA_55_32_2192.wav,100,100.0,100.0,True,-60.66158184788488,14,1215.4526718144389,False,800-2000 Hz
221569,an funestus ss,IFA_55_32_2192.wav,150,100.0,100.0,True,-59.83658616697117,14,1290.525867743762,False,800-2000 Hz
221569,an funestus ss,IFA_55_32_2192.wav,200,100.0,100.0,True,-59.20303300747206,9,865.1425927882087,False,800-2000 Hz
221569,an funestus ss,IFA_55_32_2192.wav,300,100.0,100.0,True,-59.251547222516756,7,825.1790452437867,False,800-2000 Hz
221565,culex pipiens complex,IFA_55_33_2193.wav,0,99.94949494949495,99.94949494949495,False,-49.88574997919382,0,44.37407700982649,True,<100 Hz
221565,culex pipiens complex,IFA_55_33_2193.wav,100,100.0,100.0,True,-58.849288237072145,20,2016.0890276353948,False,>=2000 Hz
221565,culex pipiens complex,IFA_55_33_2193.wav,150,100.0,100.0,True,-57.743630891497034,19,1943.326394117477,False,800-2000 Hz
221565,culex pipiens complex,IFA_55_33_2193.wav,200,100.0,100.0,True,-59.135543749828514,19,2021.8570397331082,False,>=2000 Hz
221565,culex pipiens complex,IFA_55_33_2193.wav,300,100.0,100.0,True,-58.86097216965909,18,2025.1284060106793,False,>=2000 Hz
221629,an funestus ss,IFA_55_34_2194.wav,0,100.0,100.0,True,-55.823288326986464,0,44.37407700982649,True,<100 Hz
221629,an funestus ss,IFA_55_34_2194.wav,100,100.0,100.0,True,-62.6484869252283,17,1580.907710730555,False,800-2000 Hz
221629,an funestus ss,IFA_55_34_2194.wav,150,100.0,100.0,True,-62.78821651967746,17,1659.8130898129411,False,800-2000 Hz
221629,an funestus ss,IFA_55_34_2194.wav,200,100.0,100.0,True,-62.6484869252283,16,1605.5359087903153,False,800-2000 Hz
221629,an funestus ss,IFA_55_34_2194.wav,300,100.0,100.0,True,-62.78821651967746,15,1626.1711200507493,False,800-2000 Hz
221630,an funestus ss,IFA_55_34_2194.wav,0,100.0,100.0,True,-60.06398805949356,0,44.37407700982649,True,<100 Hz
221630,an funestus ss,IFA_55_34_2194.wav,100,100.0,100.0,True,-60.06398805949356,7,574.4420356195228,False,300-800 Hz
221630,an funestus ss,IFA_55_34_2194.wav,150,100.0,100.0,True,-59.91020360090867,6,564.3726097218181,False,300-800 Hz
221630,an funestus ss,IFA_55_34_2194.wav,200,100.0,100.0,True,-62.1048804692868,5,554.3806613018434,False,300-800 Hz
221630,an funestus ss,IFA_55_34_2194.wav,300,100.0,100.0,True,-60.06398805949356,4,601.8936796253,False,300-800 Hz
221600,an funestus ss,IFA_55_35_2195.wav,0,99.97474747474747,99.97474747474747,False,-51.68291656386293,0,44.37407700982649,True,<100 Hz
221600,an funestus ss,IFA_55_35_2195.wav,100,100.0,100.0,True,-58.635176052733044,27,3382.2099706881345,False,>=2000 Hz
221600,an funestus ss,IFA_55_35_2195.wav,150,100.0,100.0,True,-58.67255554336631,27,3461.439059913137,False,>=2000 Hz
221600,an funestus ss,IFA_55_35_2195.wav,200,100.0,100.0,True,-58.09921387807043,26,3309.436055611549,False,>=2000 Hz
221600,an funestus ss,IFA_55_35_2195.wav,300,100.0,100.0,True,-58.697925059925154,26,3456.308740446091,False,>=2000 Hz
221599,an funestus ss,IFA_55_35_2195.wav,0,99.97474747474747,99.97474747474747,False,-50.648839996431434,0,44.37407700982649,True,<100 Hz
221599,an funestus ss,IFA_55_35_2195.wav,100,100.0,100.0,True,-54.85996229074019,6,502.37884079729855,False,300-800 Hz
221599,an funestus ss,IFA_55_35_2195.wav,150,100.0,100.0,True,-54.613503980689586,6,564.3726097218181,False,300-800 Hz
221599,an funestus ss,IFA_55_35_2195.wav,200,100.0,100.0,True,-56.41735641102787,5,554.3806613018434,False,300-800 Hz
221599,an funestus ss,IFA_55_35_2195.wav,300,100.0,100.0,True,-54.85996229074019,3,534.9813946953967,False,300-800 Hz
221628,an funestus ss,IFA_55_36_2196.wav,0,99.79797979797979,99.77272727272727,False,-41.89777355808804,0,44.37407700982649,True,<100 Hz
221628,an funestus ss,IFA_55_36_2196.wav,100,100.0,100.0,True,-53.76644167160255,20,2016.0890276353948,False,>=2000 Hz
221628,an funestus ss,IFA_55_36_2196.wav,150,100.0,100.0,True,-53.94211970108483,29,3961.4038001847744,False,>=2000 Hz
221628,an funestus ss,IFA_55_36_2196.wav,200,100.0,100.0,True,-53.613838869279164,29,4033.4382048519074,False,>=2000 Hz
221628,an funestus ss,IFA_55_36_2196.wav,300,100.0,100.0,True,-53.978959309180745,33,5313.3090758650505,False,>=2000 Hz
221582,culex pipiens complex,IFA_55_40_2200.wav,0,99.62121212121212,99.52020202020202,False,-42.00668197901409,0,44.37407700982649,True,<100 Hz
221582,culex pipiens complex,IFA_55_40_2200.wav,100,99.74747474747475,99.72222222222223,False,-44.7298507110607,35,5803.174981087622,False,>=2000 Hz
221582,culex pipiens complex,IFA_55_40_2200.wav,150,99.77272727272727,99.77272727272727,False,-44.71493174002972,35,5851.432728061765,False,>=2000 Hz
221582,culex pipiens complex,IFA_55_40_2200.wav,200,99.77272727272727,99.77272727272727,False,-45.01434093509247,35,5897.259272926163,False,>=2000 Hz
221582,culex pipiens complex,IFA_55_40_2200.wav,300,99.74747474747475,99.74747474747475,False,-46.24054658742637,35,5982.573343857049,False,>=2000 Hz
221604,an funestus ss,IFA_56_11_2211.wav,0,100.0,100.0,True,-53.42964340389343,0,44.37407700982649,True,<100 Hz
221604,an funestus ss,IFA_56_11_2211.wav,100,100.0,100.0,True,-65.3737173520317,20,2016.0890276353948,False,>=2000 Hz
221604,an funestus ss,IFA_56_11_2211.wav,150,100.0,100.0,True,-65.6554624055447,20,2097.6113795318697,False,>=2000 Hz
221604,an funestus ss,IFA_56_11_2211.wav,200,100.0,100.0,True,-65.52028399386981,19,2021.8570397331082,False,>=2000 Hz
221604,an funestus ss,IFA_56_11_2211.wav,300,100.0,100.0,True,-65.57288813231305,18,2025.1284060106793,False,>=2000 Hz
221603,an funestus ss,IFA_56_11_2211.wav,0,100.0,100.0,True,-61.483583905429306,0,44.37407700982649,True,<100 Hz
221603,an funestus ss,IFA_56_11_2211.wav,100,100.0,100.0,True,-65.32101041716697,35,5803.174981087622,False,>=2000 Hz
221603,an funestus ss,IFA_56_11_2211.wav,150,100.0,100.0,True,-63.05931266818875,35,5851.432728061765,False,>=2000 Hz
221603,an funestus ss,IFA_56_11_2211.wav,200,100.0,100.0,True,-63.17709916599561,5,554.3806613018434,False,300-800 Hz
221603,an funestus ss,IFA_56_11_2211.wav,300,100.0,100.0,True,-65.32101041716697,36,6344.640540634074,False,>=2000 Hz
221632,an funestus ss,IFA_56_12_2212.wav,0,99.82323232323232,99.82323232323232,False,-40.33256616131765,0,44.37407700982649,True,<100 Hz
221632,an funestus ss,IFA_56_12_2212.wav,100,100.0,100.0,True,-59.93775708859808,19,1862.5080507980697,False,800-2000 Hz
221632,an funestus ss,IFA_56_12_2212.wav,150,100.0,100.0,True,-59.36547723397002,18,1797.5500446410404,False,800-2000 Hz
221632,an funestus ss,IFA_56_12_2212.wav,200,100.0,100.0,True,-59.69487105823731,17,1736.7054285722647,False,800-2000 Hz
221632,an funestus ss,IFA_56_12_2212.wav,300,100.0,100.0,True,-59.36547723397002,16,1752.2049416525224,False,800-2000 Hz
221631,an funestus ss,IFA_56_12_2212.wav,0,99.8989898989899,99.8989898989899,False,-47.746708650124376,0,44.37407700982649,True,<100 Hz
221631,an funestus ss,IFA_56_12_2212.wav,100,100.0,100.0,True,-60.41068117121989,38,7043.93550770528,False,>=2000 Hz
221631,an funestus ss,IFA_56_12_2212.wav,150,100.0,100.0,True,-60.41117880470311,38,7066.870533681113,False,>=2000 Hz
221631,an funestus ss,IFA_56_12_2212.wav,200,100.0,100.0,True,-60.525565419884074,36,6272.599048553766,False,>=2000 Hz
221631,an funestus ss,IFA_56_12_2212.wav,300,100.0,100.0,True,-60.96768641755743,38,7128.689079502165,False,>=2000 Hz
221554,an funestus ss,IFA_56_14_2214.wav,0,100.0,100.0,True,-58.71700842271464,0,44.37407700982649,True,<100 Hz
221554,an funestus ss,IFA_56_14_2214.wav,100,100.0,100.0,True,-63.62338487556347,35,5803.174981087622,False,>=2000 Hz
221554,an funestus ss,IFA_56_14_2214.wav,150,100.0,100.0,True,-61.02048979549531,18,1797.5500446410404,False,800-2000 Hz
221554,an funestus ss,IFA_56_14_2214.wav,200,100.0,100.0,True,-62.7223271022227,17,1736.7054285722647,False,800-2000 Hz
221554,an funestus ss,IFA_56_14_2214.wav,300,100.0,100.0,True,-61.0817426748101,16,1752.2049416525224,False,800-2000 Hz
221553,an funestus ss,IFA_56_14_2214.wav,0,99.21717171717171,99.21717171717171,False,-42.551907617254585,0,44.37407700982649,True,<100 Hz
221553,an funestus ss,IFA_56_14_2214.wav,100,99.64646464646465,99.64646464646465,False,-44.456682341322306,34,5435.453615558967,False,>=2000 Hz
221553,an funestus ss,IFA_56_14_2214.wav,150,99.64646464646465,99.64646464646465,False,-44.44145186068744,34,5490.128899271392,False,>=2000 Hz
221553,an funestus ss,IFA_56_14_2214.wav,200,99.64646464646465,99.64646464646465,False,-44.354469740331346,34,5542.124294130725,False,>=2000 Hz
221553,an funestus ss,IFA_56_14_2214.wav,300,99.64646464646465,99.64646464646465,False,-44.790377728343216,34,5639.114996491976,False,>=2000 Hz
221581,culex pipiens complex,IFA_56_16_2216.wav,0,100.0,100.0,True,-56.693135074528136,0,44.37407700982649,True,<100 Hz
221581,culex pipiens complex,IFA_56_16_2216.wav,100,100.0,100.0,True,-60.86356423946022,11,908.5521219032305,False,800-2000 Hz
221581,culex pipiens complex,IFA_56_16_2216.wav,150,100.0,100.0,True,-60.84228274397116,10,886.4319670625546,False,800-2000 Hz
221581,culex pipiens complex,IFA_56_16_2216.wav,200,100.0,100.0,True,-61.636780220564155,10,954.1887019828487,False,800-2000 Hz
221581,culex pipiens complex,IFA_56_16_2216.wav,300,100.0,100.0,True,-60.87484799791076,8,907.814472208775,False,800-2000 Hz
221557,culex pipiens complex,IFA_56_18_2218.wav,0,100.0,100.0,True,-58.14365801016126,0,44.37407700982649,True,<100 Hz
221557,culex pipiens complex,IFA_56_18_2218.wav,100,100.0,100.0,True,-59.4540589999454,21,2178.8747039229174,False,>=2000 Hz
221557,culex pipiens complex,IFA_56_18_2218.wav,150,100.0,100.0,True,-56.456451457748045,20,2097.6113795318697,False,>=2000 Hz
221557,culex pipiens complex,IFA_56_18_2218.wav,200,100.0,100.0,True,-59.4540589999454,20,2176.7124377582195,False,>=2000 Hz
221557,culex pipiens complex,IFA_56_18_2218.wav,300,100.0,100.0,True,-59.4540589999454,19,2172.778054140427,False,>=2000 Hz
221605,culex pipiens complex,IFA_56_19_2219.wav,0,99.34343434343434,99.34343434343434,False,-34.22095118690386,0,44.37407700982649,True,<100 Hz
221605,culex pipiens complex,IFA_56_19_2219.wav,100,100.0,100.0,True,-55.08421060661799,37,6606.055464843051,False,>=2000 Hz
221605,culex pipiens complex,IFA_56_19_2219.wav,150,100.0,100.0,True,-56.69377864611782,35,5851.432728061765,False,>=2000 Hz
221605,culex pipiens complex,IFA_56_19_2219.wav,200,100.0,100.0,True,-56.99764077631093,37,6669.293138350332,False,>=2000 Hz
221605,culex pipiens complex,IFA_56_19_2219.wav,300,100.0,100.0,True,-57.152854280273516,37,6726.324829246307,False,>=2000 Hz
221552,culex pipiens complex,IFA_56_21_2221.wav,0,100.0,100.0,True,-55.05896487529088,0,44.37407700982649,True,<100 Hz
221552,culex pipiens complex,IFA_56_21_2221.wav,100,100.0,100.0,True,-54.8591889295594,34,5435.453615558967,False,>=2000 Hz
221552,culex pipiens complex,IFA_56_21_2221.wav,150,100.0,100.0,True,-54.768699346076005,33,5148.750552755978,False,>=2000 Hz
221552,culex pipiens complex,IFA_56_21_2221.wav,200,100.0,100.0,True,-55.106838252052015,33,5206.106474135096,False,>=2000 Hz
221552,culex pipiens complex,IFA_56_21_2221.wav,300,100.0,100.0,True,-55.3180614364928,37,6726.324829246307,False,>=2000 Hz
221620,an funestus ss,IFA_56_24_2224.wav,0,99.41919191919192,99.39393939393939,False,-36.171910086946355,0,44.37407700982649,True,<100 Hz
221620,an funestus ss,IFA_56_24_2224.wav,100,100.0,100.0,True,-56.336388963391585,35,5803.174981087622,False,>=2000 Hz
221620,an funestus ss,IFA_56_24_2224.wav,150,100.0,100.0,True,-56.58651932595008,35,5851.432728061765,False,>=2000 Hz
221620,an funestus ss,IFA_56_24_2224.wav,200,100.0,100.0,True,-56.14580090698059,33,5206.106474135096,False,>=2000 Hz
221620,an funestus ss,IFA_56_24_2224.wav,300,100.0,100.0,True,-56.78011728568762,35,5982.573343857049,False,>=2000 Hz
221621,an funestus ss,IFA_56_24_2224.wav,0,99.72222222222223,99.72222222222223,False,-37.304639734935364,0,44.37407700982649,True,<100 Hz
221621,an funestus ss,IFA_56_24_2224.wav,100,100.0,100.0,True,-57.66676749369801,35,5803.174981087622,False,>=2000 Hz
221621,an funestus ss,IFA_56_24_2224.wav,150,100.0,100.0,True,-57.856520658975455,35,5851.432728061765,False,>=2000 Hz
221621,an funestus ss,IFA_56_24_2224.wav,200,100.0,100.0,True,-57.91541398825978,35,5897.259272926163,False,>=2000 Hz
221621,an funestus ss,IFA_56_24_2224.wav,300,100.0,100.0,True,-58.350195402826316,37,6726.324829246307,False,>=2000 Hz
221595,an funestus ss,IFA_56_26_2226.wav,0,99.31818181818181,99.31818181818181,False,-42.83415330907389,0,44.37407700982649,True,<100 Hz
221595,an funestus ss,IFA_56_26_2226.wav,100,100.0,100.0,True,-61.75079594044285,37,6606.055464843051,False,>=2000 Hz
221595,an funestus ss,IFA_56_26_2226.wav,150,100.0,100.0,True,-64.32900646356711,37,6638.536735866427,False,>=2000 Hz
221595,an funestus ss,IFA_56_26_2226.wav,200,100.0,100.0,True,-64.61869699282302,37,6669.293138350332,False,>=2000 Hz
221595,an funestus ss,IFA_56_26_2226.wav,300,100.0,100.0,True,-64.69012696338207,37,6726.324829246307,False,>=2000 Hz
221619,culex pipiens complex,IFA_56_27_2227.wav,0,99.11616161616162,99.06565656565657,False,-44.395156907683585,0,44.37407700982649,True,<100 Hz
221619,culex pipiens complex,IFA_56_27_2227.wav,100,99.46969696969697,99.44444444444444,False,-47.445800166165945,32,4761.213460851244,False,>=2000 Hz
221619,culex pipiens complex,IFA_56_27_2227.wav,150,99.4949494949495,99.44444444444444,False,-47.060392911977374,32,4826.198821544699,False,>=2000 Hz
221619,culex pipiens complex,IFA_56_27_2227.wav,200,99.54545454545455,99.54545454545455,False,-46.65219121510162,32,4888.1767232060765,False,>=2000 Hz
221619,culex pipiens complex,IFA_56_27_2227.wav,300,99.54545454545455,99.54545454545455,False,-47.445800166165945,31,4711.072079758159,False,>=2000 Hz
221570,culex pipiens complex,IFA_56_28_2228.wav,0,99.94949494949495,99.92424242424242,False,-50.119930709466644,0,44.37407700982649,True,<100 Hz
221570,culex pipiens complex,IFA_56_28_2228.wav,100,100.0,100.0,True,-58.37882957358985,11,908.5521219032305,False,800-2000 Hz
221570,culex pipiens complex,IFA_56_28_2228.wav,150,100.0,100.0,True,-57.437084694721044,11,979.0284142678163,False,800-2000 Hz
221570,culex pipiens complex,IFA_56_28_2228.wav,200,100.0,100.0,True,-57.67402363498425,10,954.1887019828487,False,800-2000 Hz
221570,culex pipiens complex,IFA_56_28_2228.wav,300,100.0,100.0,True,-57.437084694721044,9,994.9271530483034,False,800-2000 Hz
221594,culex pipiens complex,IFA_56_29_2229.wav,0,100.0,100.0,True,-54.46351587369334,0,44.37407700982649,True,<100 Hz
221594,culex pipiens complex,IFA_56_29_2229.wav,100,100.0,100.0,True,-61.96138886397069,11,908.5521219032305,False,800-2000 Hz
221594,culex pipiens complex,IFA_56_29_2229.wav,150,100.0,100.0,True,-61.740207447990024,10,886.4319670625546,False,800-2000 Hz
221594,culex pipiens complex,IFA_56_29_2229.wav,200,100.0,100.0,True,-62.34968848330597,10,954.1887019828487,False,800-2000 Hz
221594,culex pipiens complex,IFA_56_29_2229.wav,300,100.0,100.0,True,-61.93091199436667,8,907.814472208775,False,800-2000 Hz
221593,culex pipiens complex,IFA_56_29_2229.wav,0,100.0,100.0,True,-54.387696213683,0,44.37407700982649,True,<100 Hz
221593,culex pipiens complex,IFA_56_29_2229.wav,100,100.0,100.0,True,-58.565468112203206,36,6192.935304310192,False,>=2000 Hz
221593,culex pipiens complex,IFA_56_29_2229.wav,150,100.0,100.0,True,-57.76519846021741,18,1797.5500446410404,False,800-2000 Hz
221593,culex pipiens complex,IFA_56_29_2229.wav,200,100.0,100.0,True,-58.495789934215736,33,5206.106474135096,False,>=2000 Hz
221593,culex pipiens complex,IFA_56_29_2229.wav,300,100.0,100.0,True,-57.795346243923134,16,1752.2049416525224,False,800-2000 Hz
221683,an squamosus,IFA_56_31_2231.wav,0,97.17171717171718,97.04545454545455,False,-39.06293044411268,0,44.37407700982649,True,<100 Hz
221683,an squamosus,IFA_56_31_2231.wav,100,98.43434343434343,98.35858585858585,False,-41.59142182459224,35,5803.174981087622,False,>=2000 Hz
221683,an squamosus,IFA_56_31_2231.wav,150,98.38383838383838,98.33333333333333,False,-41.59142182459224,35,5851.432728061765,False,>=2000 Hz
221683,an squamosus,IFA_56_31_2231.wav,200,98.35858585858585,98.30808080808082,False,-42.00920697573592,37,6669.293138350332,False,>=2000 Hz
221683,an squamosus,IFA_56_31_2231.wav,300,98.45959595959596,98.35858585858585,False,-41.34439301151645,37,6726.324829246307,False,>=2000 Hz
221667,culex pipiens complex,IFA_56_32_2232.wav,0,86.71717171717171,86.2878787878788,False,-23.596695342449188,0,44.37407700982649,True,<100 Hz
221667,culex pipiens complex,IFA_56_32_2232.wav,100,89.04040404040404,88.81313131313131,False,-24.73135906418356,36,6192.935304310192,False,>=2000 Hz
221667,culex pipiens complex,IFA_56_32_2232.wav,150,89.0909090909091,88.7878787878788,False,-25.15860400342936,36,6233.825044478617,False,>=2000 Hz
221667,culex pipiens complex,IFA_56_32_2232.wav,200,89.11616161616162,88.7878787878788,False,-24.791239111043062,36,6272.599048553766,False,>=2000 Hz
221667,culex pipiens complex,IFA_56_32_2232.wav,300,89.16666666666667,88.93939393939394,False,-24.427279727548402,36,6344.640540634074,False,>=2000 Hz
221668,culex pipiens complex,IFA_56_32_2232.wav,0,88.76262626262627,88.58585858585859,False,-29.325884587149616,35,5698.132814724254,False,>=2000 Hz
221668,culex pipiens complex,IFA_56_32_2232.wav,100,90.15151515151516,89.8989898989899,False,-29.56305146949623,34,5435.453615558967,False,>=2000 Hz
221668,culex pipiens complex,IFA_56_32_2232.wav,150,90.0,89.82323232323233,False,-29.495401393713436,34,5490.128899271392,False,>=2000 Hz
221668,culex pipiens complex,IFA_56_32_2232.wav,200,89.87373737373737,89.62121212121212,False,-29.22907283153423,34,5542.124294130725,False,>=2000 Hz
221668,culex pipiens complex,IFA_56_32_2232.wav,300,90.35353535353535,90.05050505050505,False,-29.459582129108625,34,5639.114996491976,False,>=2000 Hz
221693,an squamosus,IFA_56_35_2235.wav,0,95.2020202020202,95.07575757575758,False,-26.230846542939407,0,44.37407700982649,True,<100 Hz
221693,an squamosus,IFA_56_35_2235.wav,100,98.13131313131314,98.0050505050505,False,-45.20888677340446,37,6606.055464843051,False,>=2000 Hz
221693,an squamosus,IFA_56_35_2235.wav,150,98.23232323232324,98.18181818181819,False,-45.38749582417673,37,6638.536735866427,False,>=2000 Hz
221693,an squamosus,IFA_56_35_2235.wav,200,98.4090909090909,98.30808080808082,False,-45.25695054993294,37,6669.293138350332,False,>=2000 Hz
221693,an squamosus,IFA_56_35_2235.wav,300,98.45959595959596,98.38383838383838,False,-45.14093259027989,37,6726.324829246307,False,>=2000 Hz
221692,an squamosus,IFA_56_35_2235.wav,0,97.32323232323232,97.19696969696969,False,-39.03187827748327,0,44.37407700982649,True,<100 Hz
221692,an squamosus,IFA_56_35_2235.wav,100,99.16666666666667,99.0909090909091,False,-44.91869813418475,36,6192.935304310192,False,>=2000 Hz
221692,an squamosus,IFA_56_35_2235.wav,150,99.19191919191918,99.0909090909091,False,-44.91869813418475,36,6233.825044478617,False,>=2000 Hz
221692,an squamosus,IFA_56_35_2235.wav,200,99.24242424242425,99.24242424242425,False,-44.91869813418475,36,6272.599048553766,False,>=2000 Hz
221692,an squamosus,IFA_56_35_2235.wav,300,99.24242424242425,99.24242424242425,False,-45.23507965629723,36,6344.640540634074,False,>=2000 Hz
221682,an squamosus,IFA_56_36_2236.wav,0,91.51515151515152,91.31313131313131,False,-33.073233752798515,0,44.37407700982649,True,<100 Hz
221682,an squamosus,IFA_56_36_2236.wav,100,93.45959595959596,93.18181818181817,False,-34.52909696757208,34,5435.453615558967,False,>=2000 Hz
221682,an squamosus,IFA_56_36_2236.wav,150,93.56060606060606,93.48484848484848,False,-34.85950596836966,35,5851.432728061765,False,>=2000 Hz
221682,an squamosus,IFA_56_36_2236.wav,200,93.43434343434343,93.03030303030303,False,-35.00314277266326,34,5542.124294130725,False,>=2000 Hz
221682,an squamosus,IFA_56_36_2236.wav,300,93.66161616161615,93.38383838383838,False,-35.371267398214776,34,5639.114996491976,False,>=2000 Hz
221669,an squamosus,IFA_56_38_2238.wav,0,97.57575757575758,97.55050505050505,False,-40.90020990574888,0,44.37407700982649,True,<100 Hz
221669,an squamosus,IFA_56_38_2238.wav,100,98.96464646464646,98.91414141414141,False,-45.918021676872456,35,5803.174981087622,False,>=2000 Hz
221669,an squamosus,IFA_56_38_2238.wav,150,98.96464646464646,98.91414141414141,False,-45.972856965740185,35,5851.432728061765,False,>=2000 Hz
221669,an squamosus,IFA_56_38_2238.wav,200,98.91414141414141,98.91414141414141,False,-46.07325861720029,34,5542.124294130725,False,>=2000 Hz
221669,an squamosus,IFA_56_38_2238.wav,300,99.01515151515152,98.98989898989899,False,-46.34090189119834,34,5639.114996491976,False,>=2000 Hz
221674,an squamosus,IFA_56_39_2239.wav,0,99.0909090909091,99.0909090909091,False,-37.96838187972134,0,44.37407700982649,True,<100 Hz
221674,an squamosus,IFA_56_39_2239.wav,100,100.0,100.0,True,-53.55246918389463,35,5803.174981087622,False,>=2000 Hz
221674,an squamosus,IFA_56_39_2239.wav,150,100.0,100.0,True,-53.5945203912988,35,5851.432728061765,False,>=2000 Hz
221674,an squamosus,IFA_56_39_2239.wav,200,100.0,100.0,True,-53.835494170761365,35,5897.259272926163,False,>=2000 Hz
221674,an squamosus,IFA_56_39_2239.wav,300,100.0,100.0,True,-53.74324979715836,35,5982.573343857049,False,>=2000 Hz
221673,an squamosus,IFA_56_39_2239.wav,0,99.26767676767678,99.24242424242425,False,-42.274041520298844,0,44.37407700982649,True,<100 Hz
221673,an squamosus,IFA_56_39_2239.wav,100,99.69696969696969,99.69696969696969,False,-45.541961368068506,37,6606.055464843051,False,>=2000 Hz
221673,an squamosus,IFA_56_39_2239.wav,150,99.74747474747475,99.74747474747475,False,-45.880051308022765,37,6638.536735866427,False,>=2000 Hz
221673,an squamosus,IFA_56_39_2239.wav,200,99.74747474747475,99.74747474747475,False,-46.154213722269866,37,6669.293138350332,False,>=2000 Hz
221673,an squamosus,IFA_56_39_2239.wav,300,99.74747474747475,99.74747474747475,False,-46.293664623071805,36,6344.640540634074,False,>=2000 Hz
221646,an arabiensis,IFA_56_40_2240.wav,0,100.0,100.0,True,-52.115669853095355,13,955.0184679215481,False,800-2000 Hz
221646,an arabiensis,IFA_56_40_2240.wav,100,100.0,100.0,True,-54.91815805705636,11,908.5521219032305,False,800-2000 Hz
221646,an arabiensis,IFA_56_40_2240.wav,150,100.0,100.0,True,-52.166451913153075,11,979.0284142678163,False,800-2000 Hz
221646,an arabiensis,IFA_56_40_2240.wav,200,100.0,100.0,True,-52.16750428389255,10,954.1887019828487,False,800-2000 Hz
221646,an arabiensis,IFA_56_40_2240.wav,300,100.0,100.0,True,-52.166451913153075,9,994.9271530483034,False,800-2000 Hz
221660,an squamosus,IFA_57_15_2255.wav,0,97.82828282828284,97.77777777777777,False,-36.23370730767221,0,44.37407700982649,True,<100 Hz
221660,an squamosus,IFA_57_15_2255.wav,100,99.36868686868688,99.36868686868688,False,-41.295892153466774,35,5803.174981087622,False,>=2000 Hz
221660,an squamosus,IFA_57_15_2255.wav,150,99.36868686868688,99.36868686868688,False,-41.484714369690295,35,5851.432728061765,False,>=2000 Hz
221660,an squamosus,IFA_57_15_2255.wav,200,99.36868686868688,99.36868686868688,False,-42.48408053187593,35,5897.259272926163,False,>=2000 Hz
221660,an squamosus,IFA_57_15_2255.wav,300,99.36868686868688,99.36868686868688,False,-41.77692195630624,34,5639.114996491976,False,>=2000 Hz
221642,culex pipiens complex,IFA_57_17_2257.wav,0,98.7121212121212,98.66161616161617,False,-46.456919282792,11,763.5799242943094,False,300-800 Hz
221642,culex pipiens complex,IFA_57_17_2257.wav,100,98.96464646464646,98.93939393939394,False,-47.05345051178986,10,817.5967063546011,False,800-2000 Hz
221642,culex pipiens complex,IFA_57_17_2257.wav,150,98.83838383838383,98.81313131313131,False,-46.279234736418445,9,798.9421052862099,False,300-800 Hz
221642,culex pipiens complex,IFA_57_17_2257.wav,200,98.88888888888889,98.86363636363636,False,-46.46678234222344,8,780.8898965537708,False,300-800 Hz
221642,culex pipiens complex,IFA_57_17_2257.wav,300,98.96464646464646,98.93939393939394,False,-47.05345051178986,7,825.1790452437867,False,800-2000 Hz
221643,culex pipiens complex,IFA_57_17_2257.wav,0,98.66161616161617,98.66161616161617,False,-46.72225591186738,11,763.5799242943094,False,300-800 Hz
221643,culex pipiens complex,IFA_57_17_2257.wav,100,99.06565656565657,99.01515151515152,False,-47.32026161023697,10,817.5967063546011,False,800-2000 Hz
221643,culex pipiens complex,IFA_57_17_2257.wav,150,98.83838383838383,98.7878787878788,False,-46.62407299580895,9,798.9421052862099,False,300-800 Hz
221643,culex pipiens complex,IFA_57_17_2257.wav,200,98.93939393939394,98.93939393939394,False,-46.737905190238386,8,780.8898965537708,False,300-800 Hz
221643,culex pipiens complex,IFA_57_17_2257.wav,300,99.06565656565657,99.01515151515152,False,-47.32026161023697,7,825.1790452437867,False,800-2000 Hz
221677,an squamosus,IFA_57_19_2259.wav,0,99.94949494949495,99.94949494949495,False,-48.774715014092955,0,44.37407700982649,True,<100 Hz
221677,an squamosus,IFA_57_19_2259.wav,100,100.0,100.0,True,-56.88968186855601,10,817.5967063546011,False,800-2000 Hz
221677,an squamosus,IFA_57_19_2259.wav,150,100.0,100.0,True,-57.829410669966144,9,798.9421052862099,False,300-800 Hz
221677,an squamosus,IFA_57_19_2259.wav,200,100.0,100.0,True,-57.52300126701378,8,780.8898965537708,False,300-800 Hz
221677,an squamosus,IFA_57_19_2259.wav,300,100.0,100.0,True,-56.88968186855601,7,825.1790452437867,False,800-2000 Hz
221676,an squamosus,IFA_57_19_2259.wav,0,99.52020202020202,99.52020202020202,False,-39.613979461468865,0,44.37407700982649,True,<100 Hz
221676,an squamosus,IFA_57_19_2259.wav,100,100.0,100.0,True,-55.211893222245266,10,817.5967063546011,False,800-2000 Hz
221676,an squamosus,IFA_57_19_2259.wav,150,100.0,100.0,True,-58.15743495991871,10,886.4319670625546,False,800-2000 Hz
221676,an squamosus,IFA_57_19_2259.wav,200,100.0,100.0,True,-55.22259094180861,9,865.1425927882087,False,800-2000 Hz
221676,an squamosus,IFA_57_19_2259.wav,300,100.0,100.0,True,-55.211893222245266,7,825.1790452437867,False,800-2000 Hz
221678,an squamosus,IFA_57_19_2259.wav,0,99.82323232323232,99.82323232323232,False,-49.85464558749535,11,763.5799242943094,False,300-800 Hz
221678,an squamosus,IFA_57_19_2259.wav,100,99.94949494949495,99.94949494949495,False,-51.60389955728302,10,817.5967063546011,False,800-2000 Hz
221678,an squamosus,IFA_57_19_2259.wav,150,99.87373737373737,99.84848484848486,False,-49.83843166386257,9,798.9421052862099,False,300-800 Hz
221678,an squamosus,IFA_57_19_2259.wav,200,99.82323232323232,99.82323232323232,False,-49.87344165410445,8,780.8898965537708,False,300-800 Hz
221678,an squamosus,IFA_57_19_2259.wav,300,99.94949494949495,99.94949494949495,False,-51.60389955728302,7,825.1790452437867,False,800-2000 Hz
221690,an arabiensis,IFA_57_20_2260.wav,0,100.0,100.0,True,-53.961456287033926,15,1171.4974725292755,False,800-2000 Hz
221690,an arabiensis,IFA_57_20_2260.wav,100,100.0,100.0,True,-53.55408807321405,7,574.4420356195228,False,300-800 Hz
221690,an arabiensis,IFA_57_20_2260.wav,150,100.0,100.0,True,-53.961456287033926,21,2260.90163072702,False,>=2000 Hz
221690,an arabiensis,IFA_57_20_2260.wav,200,100.0,100.0,True,-54.2351851762145,12,1147.767526900907,False,800-2000 Hz
221690,an arabiensis,IFA_57_20_2260.wav,300,100.0,100.0,True,-53.50274210466817,4,601.8936796253,False,300-800 Hz
221691,an arabiensis,IFA_57_20_2260.wav,0,99.26767676767678,99.26767676767678,False,-37.02061226768811,0,44.37407700982649,True,<100 Hz
221691,an arabiensis,IFA_57_20_2260.wav,100,100.0,100.0,True,-53.85641896459734,33,5088.525017110928,False,>=2000 Hz
221691,an arabiensis,IFA_57_20_2260.wav,150,100.0,100.0,True,-54.04015306752876,32,4826.198821544699,False,>=2000 Hz
221691,an arabiensis,IFA_57_20_2260.wav,200,100.0,100.0,True,-54.13299248446534,32,4888.1767232060765,False,>=2000 Hz
221691,an arabiensis,IFA_57_20_2260.wav,300,100.0,100.0,True,-53.99733188580731,32,5004.24831571783,False,>=2000 Hz
221664,culex pipiens complex,IFA_57_22_2262.wav,0,99.8989898989899,99.8989898989899,False,-46.202312465389326,0,44.37407700982649,True,<100 Hz
221664,culex pipiens complex,IFA_57_22_2262.wav,100,100.0,100.0,True,-56.851287754420426,21,2178.8747039229174,False,>=2000 Hz
221664,culex pipiens complex,IFA_57_22_2262.wav,150,100.0,100.0,True,-56.17143536577106,20,2097.6113795318697,False,>=2000 Hz
221664,culex pipiens complex,IFA_57_22_2262.wav,200,100.0,100.0,True,-56.0034489474758,20,2176.7124377582195,False,>=2000 Hz
221664,culex pipiens complex,IFA_57_22_2262.wav,300,100.0,100.0,True,-56.02785600847053,19,2172.778054140427,False,>=2000 Hz
221665,culex pipiens complex,IFA_57_22_2262.wav,0,99.31818181818181,99.31818181818181,False,-36.96898174455564,0,44.37407700982649,True,<100 Hz
221665,culex pipiens complex,IFA_57_22_2262.wav,100,100.0,100.0,True,-52.46581500901428,30,4161.067222372874,False,>=2000 Hz
221665,culex pipiens complex,IFA_57_22_2262.wav,150,100.0,100.0,True,-52.492682820439896,30,4233.479401186071,False,>=2000 Hz
221665,culex pipiens complex,IFA_57_22_2262.wav,200,100.0,100.0,True,-52.53053268213886,29,4033.4382048519074,False,>=2000 Hz
221665,culex pipiens complex,IFA_57_22_2262.wav,300,100.0,100.0,True,-52.46581500901428,29,4169.149528643879,False,>=2000 Hz
221649,culex pipiens complex,IFA_57_23_2263.wav,0,99.87373737373737,99.82323232323232,False,-46.634551606608134,0,44.37407700982649,True,<100 Hz
221649,culex pipiens complex,IFA_57_23_2263.wav,100,99.94949494949495,99.94949494949495,False,-51.864347115270974,11,908.5521219032305,False,800-2000 Hz
221649,culex pipiens complex,IFA_57_23_2263.wav,150,99.97474747474747,99.97474747474747,False,-51.851795200572084,10,886.4319670625546,False,800-2000 Hz
221649,culex pipiens complex,IFA_57_23_2263.wav,200,100.0,100.0,True,-52.16087890551187,17,1736.7054285722647,False,800-2000 Hz
221649,culex pipiens complex,IFA_57_23_2263.wav,300,100.0,100.0,True,-52.268823924927766,8,907.814472208775,False,800-2000 Hz
221650,culex pipiens complex,IFA_57_23_2263.wav,0,99.54545454545455,99.54545454545455,False,-40.04738200803524,0,44.37407700982649,True,<100 Hz
221650,culex pipiens complex,IFA_57_23_2263.wav,100,100.0,100.0,True,-53.71485639698563,10,817.5967063546011,False,800-2000 Hz
221650,culex pipiens complex,IFA_57_23_2263.wav,150,100.0,100.0,True,-55.021618457741525,10,886.4319670625546,False,800-2000 Hz
221650,culex pipiens complex,IFA_57_23_2263.wav,200,100.0,100.0,True,-53.28798161601216,9,865.1425927882087,False,800-2000 Hz
221650,culex pipiens complex,IFA_57_23_2263.wav,300,100.0,100.0,True,-53.71485639698563,7,825.1790452437867,False,800-2000 Hz
221666,an arabiensis,IFA_57_24_2264.wav,0,99.94949494949495,99.94949494949495,False,-51.073881886748836,0,44.37407700982649,True,<100 Hz
221666,an arabiensis,IFA_57_24_2264.wav,100,100.0,100.0,True,-55.29496945007779,20,2016.0890276353948,False,>=2000 Hz
221666,an arabiensis,IFA_57_24_2264.wav,150,100.0,100.0,True,-55.45795334161025,19,1943.326394117477,False,800-2000 Hz
221666,an arabiensis,IFA_57_24_2264.wav,200,100.0,100.0,True,-55.6310756483684,18,1875.3376136955906,False,800-2000 Hz
221666,an arabiensis,IFA_57_24_2264.wav,300,100.0,100.0,True,-55.29496945007779,17,1885.0673770439807,False,800-2000 Hz
221651,culex pipiens complex,IFA_57_26_2266.wav,0,99.97474747474747,99.97474747474747,False,-50.52753768408705,11,763.5799242943094,False,300-800 Hz
221651,culex pipiens complex,IFA_57_26_2266.wav,100,100.0,100.0,True,-52.76118063348423,10,817.5967063546011,False,800-2000 Hz
221651,culex pipiens complex,IFA_57_26_2266.wav,150,99.97474747474747,99.97474747474747,False,-50.52118103912423,9,798.9421052862099,False,300-800 Hz
221651,culex pipiens complex,IFA_57_26_2266.wav,200,99.97474747474747,99.97474747474747,False,-50.55295911683928,8,780.8898965537708,False,300-800 Hz
221651,culex pipiens complex,IFA_57_26_2266.wav,300,100.0,100.0,True,-52.76118063348423,7,825.1790452437867,False,800-2000 Hz
221698,an squamosus,IFA_57_27_2267.wav,0,99.84848484848486,99.84848484848486,False,-50.204382040838134,12,856.358507538126,False,800-2000 Hz
221698,an squamosus,IFA_57_27_2267.wav,100,99.84848484848486,99.84848484848486,False,-50.18271832710634,10,817.5967063546011,False,800-2000 Hz
221698,an squamosus,IFA_57_27_2267.wav,150,100.0,100.0,True,-53.11076794469529,9,798.9421052862099,False,300-800 Hz
221698,an squamosus,IFA_57_27_2267.wav,200,99.84848484848486,99.84848484848486,False,-50.204382040838134,9,865.1425927882087,False,800-2000 Hz
221698,an squamosus,IFA_57_27_2267.wav,300,99.84848484848486,99.84848484848486,False,-50.18271832710634,7,825.1790452437867,False,800-2000 Hz
221699,an squamosus,IFA_57_27_2267.wav,0,100.0,100.0,True,-53.17118164095008,12,856.358507538126,False,800-2000 Hz
221699,an squamosus,IFA_57_27_2267.wav,100,100.0,100.0,True,-54.3777134549797,10,817.5967063546011,False,800-2000 Hz
221699,an squamosus,IFA_57_27_2267.wav,150,100.0,100.0,True,-55.336609772747536,9,798.9421052862099,False,300-800 Hz
221699,an squamosus,IFA_57_27_2267.wav,200,100.0,100.0,True,-54.381340172647086,9,865.1425927882087,False,800-2000 Hz
221699,an squamosus,IFA_57_27_2267.wav,300,100.0,100.0,True,-54.3777134549797,7,825.1790452437867,False,800-2000 Hz
221640,culex pipiens complex,IFA_57_30_2270.wav,0,99.74747474747475,99.74747474747475,False,-43.29000601789563,0,44.37407700982649,True,<100 Hz
221640,culex pipiens complex,IFA_57_30_2270.wav,100,100.0,100.0,True,-58.83678398071223,12,1004.9588458152629,False,800-2000 Hz
221640,culex pipiens complex,IFA_57_30_2270.wav,150,100.0,100.0,True,-56.3307166504412,11,979.0284142678163,False,800-2000 Hz
221640,culex pipiens complex,IFA_57_30_2270.wav,200,100.0,100.0,True,-56.36351355737289,11,1048.3009371645,False,800-2000 Hz
221640,culex pipiens complex,IFA_57_30_2270.wav,300,100.0,100.0,True,-56.3307166504412,9,994.9271530483034,False,800-2000 Hz
221681,culex pipiens complex,IFA_57_32_2272.wav,0,99.69696969696969,99.69696969696969,False,-44.72495809092414,0,44.37407700982649,True,<100 Hz
221681,culex pipiens complex,IFA_57_32_2272.wav,100,99.97474747474747,99.97474747474747,False,-51.31206350937454,12,1004.9588458152629,False,800-2000 Hz
221681,culex pipiens complex,IFA_57_32_2272.wav,150,99.94949494949495,99.94949494949495,False,-50.25880846804743,11,979.0284142678163,False,800-2000 Hz
221681,culex pipiens complex,IFA_57_32_2272.wav,200,99.92424242424242,99.92424242424242,False,-50.29706475218704,10,954.1887019828487,False,800-2000 Hz
221681,culex pipiens complex,IFA_57_32_2272.wav,300,99.94949494949495,99.94949494949495,False,-50.25880846804743,9,994.9271530483034,False,800-2000 Hz
221680,culex pipiens complex,IFA_57_32_2272.wav,0,98.23232323232324,98.20707070707071,False,-27.380368789743393,36,6103.720297923787,False,>=2000 Hz
221680,culex pipiens complex,IFA_57_32_2272.wav,100,98.96464646464646,98.93939393939394,False,-26.935034558133797,36,6192.935304310192,False,>=2000 Hz
221680,culex pipiens complex,IFA_57_32_2272.wav,150,98.86363636363636,98.81313131313131,False,-26.897566793310986,36,6233.825044478617,False,>=2000 Hz
221680,culex pipiens complex,IFA_57_32_2272.wav,200,98.86363636363636,98.81313131313131,False,-26.953218568937277,36,6272.599048553766,False,>=2000 Hz
221680,culex pipiens complex,IFA_57_32_2272.wav,300,98.88888888888889,98.86363636363636,False,-27.574880003641592,36,6344.640540634074,False,>=2000 Hz
221696,culex pipiens complex,IFA_57_33_2273.wav,0,99.79797979797979,99.77272727272727,False,-46.763767499032,0,44.37407700982649,True,<100 Hz
221696,culex pipiens complex,IFA_57_33_2273.wav,100,100.0,100.0,True,-59.97032742685762,32,4761.213460851244,False,>=2000 Hz
221696,culex pipiens complex,IFA_57_33_2273.wav,150,100.0,100.0,True,-59.56465185444777,32,4826.198821544699,False,>=2000 Hz
221696,culex pipiens complex,IFA_57_33_2273.wav,200,100.0,100.0,True,-59.58520946172456,32,4888.1767232060765,False,>=2000 Hz
221696,culex pipiens complex,IFA_57_33_2273.wav,300,100.0,100.0,True,-59.97032742685762,32,5004.24831571783,False,>=2000 Hz
221694,culex pipiens complex,IFA_57_33_2273.wav,0,99.87373737373737,99.87373737373737,False,-46.64359541600513,0,44.37407700982649,True,<100 Hz
221694,culex pipiens complex,IFA_57_33_2273.wav,100,100.0,100.0,True,-61.251196585626964,12,1004.9588458152629,False,800-2000 Hz
221694,culex pipiens complex,IFA_57_33_2273.wav,150,100.0,100.0,True,-60.21213490831295,11,979.0284142678163,False,800-2000 Hz
221694,culex pipiens complex,IFA_57_33_2273.wav,200,100.0,100.0,True,-61.297679412996935,15,1481.4273339703952,False,800-2000 Hz
221694,culex pipiens complex,IFA_57_33_2273.wav,300,100.0,100.0,True,-60.21213490831295,9,994.9271530483034,False,800-2000 Hz
221697,culex pipiens complex,IFA_57_33_2273.wav,0,100.0,100.0,True,-57.8556371893475,0,44.37407700982649,True,<100 Hz
221697,culex pipiens complex,IFA_57_33_2273.wav,100,100.0,100.0,True,-60.391079248739096,22,2351.4167527500604,False,>=2000 Hz
221697,culex pipiens complex,IFA_57_33_2273.wav,150,100.0,100.0,True,-60.71532503058613,21,2260.90163072702,False,>=2000 Hz
221697,culex pipiens complex,IFA_57_33_2273.wav,200,100.0,100.0,True,-60.391079248739096,21,2340.3780686307796,False,>=2000 Hz
221697,culex pipiens complex,IFA_57_33_2273.wav,300,100.0,100.0,True,-60.391079248739096,20,2328.427478920975,False,>=2000 Hz
221695,culex pipiens complex,IFA_57_33_2273.wav,0,100.0,100.0,True,-52.315406690417205,0,44.37407700982649,True,<100 Hz
221695,culex pipiens complex,IFA_57_33_2273.wav,100,100.0,100.0,True,-56.441799508852164,23,2534.299911099232,False,>=2000 Hz
221695,culex pipiens complex,IFA_57_33_2273.wav,150,100.0,100.0,True,-56.331491810675786,23,2616.6310775514085,False,>=2000 Hz
221695,culex pipiens complex,IFA_57_33_2273.wav,200,100.0,100.0,True,-56.441799508852164,22,2513.3551754706027,False,>=2000 Hz
221695,culex pipiens complex,IFA_57_33_2273.wav,300,100.0,100.0,True,-56.342200108460304,21,2492.510114683347,False,>=2000 Hz
221679,an squamosus,IFA_57_34_2274.wav,0,99.94949494949495,99.94949494949495,False,-51.63886259662321,0,44.37407700982649,True,<100 Hz
221679,an squamosus,IFA_57_34_2274.wav,100,100.0,100.0,True,-57.06134258923977,33,5088.525017110928,False,>=2000 Hz
221679,an squamosus,IFA_57_34_2274.wav,150,100.0,100.0,True,-57.23600057831107,35,5851.432728061765,False,>=2000 Hz
221679,an squamosus,IFA_57_34_2274.wav,200,100.0,100.0,True,-57.10824675196428,34,5542.124294130725,False,>=2000 Hz
221679,an squamosus,IFA_57_34_2274.wav,300,100.0,100.0,True,-56.98806667853172,34,5639.114996491976,False,>=2000 Hz
221654,culex pipiens complex,IFA_57_35_2275.wav,0,98.0050505050505,97.95454545454545,False,-34.75000594620707,0,44.37407700982649,True,<100 Hz
221654,culex pipiens complex,IFA_57_35_2275.wav,100,99.41919191919192,99.41919191919192,False,-34.435788335219485,37,6606.055464843051,False,>=2000 Hz
221654,culex pipiens complex,IFA_57_35_2275.wav,150,99.4949494949495,99.46969696969697,False,-34.59615043999895,37,6638.536735866427,False,>=2000 Hz
221654,culex pipiens complex,IFA_57_35_2275.wav,200,99.52020202020202,99.4949494949495,False,-34.66309231040902,37,6669.293138350332,False,>=2000 Hz
221654,culex pipiens complex,IFA_57_35_2275.wav,300,99.4949494949495,99.46969696969697,False,-34.89073467908011,37,6726.324829246307,False,>=2000 Hz
221658,culex pipiens complex,IFA_57_36_2276.wav,0,99.52020202020202,99.46969696969697,False,-45.346597761644276,0,44.37407700982649,True,<100 Hz
221658,culex pipiens complex,IFA_57_36_2276.wav,100,99.74747474747475,99.74747474747475,False,-45.61003409191515,36,6192.935304310192,False,>=2000 Hz
221658,culex pipiens complex,IFA_57_36_2276.wav,150,99.74747474747475,99.74747474747475,False,-45.4549427727919,36,6233.825044478617,False,>=2000 Hz
221658,culex pipiens complex,IFA_57_36_2276.wav,200,99.74747474747475,99.74747474747475,False,-45.53694194752681,36,6272.599048553766,False,>=2000 Hz
221658,culex pipiens complex,IFA_57_36_2276.wav,300,99.72222222222223,99.72222222222223,False,-46.30623788541479,36,6344.640540634074,False,>=2000 Hz
221659,culex pipiens complex,IFA_57_37_2277.wav,0,99.97474747474747,99.94949494949495,False,-51.66328548532651,0,44.37407700982649,True,<100 Hz
221659,culex pipiens complex,IFA_57_37_2277.wav,100,100.0,100.0,True,-53.22612215212742,20,2016.0890276353948,False,>=2000 Hz
221659,culex pipiens complex,IFA_57_37_2277.wav,150,100.0,100.0,True,-54.782707740640205,20,2097.6113795318697,False,>=2000 Hz
221659,culex pipiens complex,IFA_57_37_2277.wav,200,100.0,100.0,True,-53.22612215212742,16,1605.5359087903153,False,800-2000 Hz
221659,culex pipiens complex,IFA_57_37_2277.wav,300,100.0,100.0,True,-56.018387454713015,18,2025.1284060106793,False,>=2000 Hz
221661,culex pipiens complex,IFA_57_39_2279.wav,0,92.5,92.42424242424242,False,-36.84054185132503,24,2554.078666624935,False,>=2000 Hz
221661,culex pipiens complex,IFA_57_39_2279.wav,100,92.8030303030303,92.67676767676768,False,-35.354914545469846,24,2728.1439614922797,False,>=2000 Hz
221661,culex pipiens complex,IFA_57_39_2279.wav,150,92.72727272727272,92.65151515151516,False,-35.720092725671854,23,2616.6310775514085,False,>=2000 Hz
221661,culex pipiens complex,IFA_57_39_2279.wav,200,92.55050505050505,92.42424242424242,False,-35.4023913700594,23,2696.173518766966,False,>=2000 Hz
221661,culex pipiens complex,IFA_57_39_2279.wav,300,92.3989898989899,92.32323232323232,False,-36.01951343639311,22,2665.4828795791113,False,>=2000 Hz
221801,an squamosus,IFA_58_13_2293.wav,0,99.74747474747475,99.72222222222223,False,-48.78924739473295,0,44.37407700982649,True,<100 Hz
221801,an squamosus,IFA_58_13_2293.wav,100,99.84848484848486,99.84848484848486,False,-48.17112533233854,33,5088.525017110928,False,>=2000 Hz
221801,an squamosus,IFA_58_13_2293.wav,150,99.84848484848486,99.84848484848486,False,-48.17685715128689,33,5148.750552755978,False,>=2000 Hz
221801,an squamosus,IFA_58_13_2293.wav,200,99.84848484848486,99.84848484848486,False,-48.42514258596804,33,5206.106474135096,False,>=2000 Hz
221801,an squamosus,IFA_58_13_2293.wav,300,99.8989898989899,99.8989898989899,False,-48.79702034759493,32,5004.24831571783,False,>=2000 Hz
221800,an squamosus,IFA_58_13_2293.wav,0,99.41919191919192,99.41919191919192,False,-42.13934919919873,0,44.37407700982649,True,<100 Hz
221800,an squamosus,IFA_58_13_2293.wav,100,99.79797979797979,99.77272727272727,False,-46.521425261728695,10,817.5967063546011,False,800-2000 Hz
221800,an squamosus,IFA_58_13_2293.wav,150,99.79797979797979,99.77272727272727,False,-46.7780097553556,37,6638.536735866427,False,>=2000 Hz
221800,an squamosus,IFA_58_13_2293.wav,200,99.79797979797979,99.79797979797979,False,-47.01917113351338,9,865.1425927882087,False,800-2000 Hz
221800,an squamosus,IFA_58_13_2293.wav,300,99.74747474747475,99.74747474747475,False,-47.6109637844027,7,825.1790452437867,False,800-2000 Hz
221771,an squamosus,IFA_58_14_2294.wav,0,99.74747474747475,99.74747474747475,False,-42.85669467933903,0,44.37407700982649,True,<100 Hz
221771,an squamosus,IFA_58_14_2294.wav,100,100.0,100.0,True,-52.160433196453326,34,5435.453615558967,False,>=2000 Hz
221771,an squamosus,IFA_58_14_2294.wav,150,100.0,100.0,True,-52.11190058324344,34,5490.128899271392,False,>=2000 Hz
221771,an squamosus,IFA_58_14_2294.wav,200,100.0,100.0,True,-52.57210876231032,34,5542.124294130725,False,>=2000 Hz
221771,an squamosus,IFA_58_14_2294.wav,300,100.0,100.0,True,-52.65792072195541,34,5639.114996491976,False,>=2000 Hz
221769,an squamosus,IFA_58_14_2294.wav,0,99.34343434343434,99.34343434343434,False,-38.59562218000638,0,44.37407700982649,True,<100 Hz
221769,an squamosus,IFA_58_14_2294.wav,100,100.0,100.0,True,-55.57390704756868,36,6192.935304310192,False,>=2000 Hz
221769,an squamosus,IFA_58_14_2294.wav,150,100.0,100.0,True,-55.57390704756868,36,6233.825044478617,False,>=2000 Hz
221769,an squamosus,IFA_58_14_2294.wav,200,100.0,100.0,True,-55.1680759172511,36,6272.599048553766,False,>=2000 Hz
221769,an squamosus,IFA_58_14_2294.wav,300,100.0,100.0,True,-55.57390704756868,36,6344.640540634074,False,>=2000 Hz
221770,an squamosus,IFA_58_14_2294.wav,0,98.66161616161617,98.66161616161617,False,-38.962347599080786,0,44.37407700982649,True,<100 Hz
221770,an squamosus,IFA_58_14_2294.wav,100,99.46969696969697,99.46969696969697,False,-45.908591531157654,39,7508.05938800615,False,>=2000 Hz
221770,an squamosus,IFA_58_14_2294.wav,150,99.44444444444444,99.44444444444444,False,-45.908591531157654,39,7520.205206868358,False,>=2000 Hz
221770,an squamosus,IFA_58_14_2294.wav,200,99.44444444444444,99.44444444444444,False,-45.908591531157654,39,7531.673049716309,False,>=2000 Hz
221770,an squamosus,IFA_58_14_2294.wav,300,99.46969696969697,99.46969696969697,False,-46.17917548765859,39,7552.853748350859,False,>=2000 Hz
221763,an squamosus,IFA_58_21_2301.wav,0,99.26767676767678,99.21717171717171,False,-42.00153049713627,0,44.37407700982649,True,<100 Hz
221763,an squamosus,IFA_58_21_2301.wav,100,99.87373737373737,99.87373737373737,False,-50.30744971246843,37,6606.055464843051,False,>=2000 Hz
221763,an squamosus,IFA_58_21_2301.wav,150,99.87373737373737,99.87373737373737,False,-50.30744971246843,37,6638.536735866427,False,>=2000 Hz
221763,an squamosus,IFA_58_21_2301.wav,200,99.8989898989899,99.87373737373737,False,-50.30744971246843,37,6669.293138350332,False,>=2000 Hz
221763,an squamosus,IFA_58_21_2301.wav,300,99.8989898989899,99.8989898989899,False,-50.55916773425287,37,6726.324829246307,False,>=2000 Hz
221791,an arabiensis,IFA_58_24_2304.wav,0,99.8989898989899,99.8989898989899,False,-45.249189407365094,0,44.37407700982649,True,<100 Hz
221791,an arabiensis,IFA_58_24_2304.wav,100,100.0,100.0,True,-56.0866721891551,0,147.947081154182,True,100-300 Hz
221791,an arabiensis,IFA_58_24_2304.wav,150,100.0,100.0,True,-59.88185581822364,15,1406.7083623290937,False,800-2000 Hz
221791,an arabiensis,IFA_58_24_2304.wav,200,100.0,100.0,True,-61.27432119327787,14,1363.999608615931,False,800-2000 Hz
221791,an arabiensis,IFA_58_24_2304.wav,300,100.0,100.0,True,-59.88185581822364,13,1393.2034993786915,False,800-2000 Hz
221792,an arabiensis,IFA_58_24_2304.wav,0,100.0,100.0,True,-52.965700225808504,0,44.37407700982649,True,<100 Hz
221792,an arabiensis,IFA_58_24_2304.wav,100,100.0,100.0,True,-55.95604437929458,11,908.5521219032305,False,800-2000 Hz
221792,an arabiensis,IFA_58_24_2304.wav,150,100.0,100.0,True,-57.47194011810262,10,886.4319670625546,False,800-2000 Hz
221792,an arabiensis,IFA_58_24_2304.wav,200,100.0,100.0,True,-55.93722816428305,9,865.1425927882087,False,800-2000 Hz
221792,an arabiensis,IFA_58_24_2304.wav,300,100.0,100.0,True,-55.95604437929458,8,907.814472208775,False,800-2000 Hz
221790,an arabiensis,IFA_58_24_2304.wav,0,100.0,100.0,True,-54.04805825194554,0,44.37407700982649,True,<100 Hz
221790,an arabiensis,IFA_58_24_2304.wav,100,100.0,100.0,True,-56.947411894807374,11,908.5521219032305,False,800-2000 Hz
221790,an arabiensis,IFA_58_24_2304.wav,150,100.0,100.0,True,-56.80866626995187,15,1406.7083623290937,False,800-2000 Hz
221790,an arabiensis,IFA_58_24_2304.wav,200,100.0,100.0,True,-59.35498055325168,14,1363.999608615931,False,800-2000 Hz
221790,an arabiensis,IFA_58_24_2304.wav,300,100.0,100.0,True,-56.975038633700414,13,1393.2034993786915,False,800-2000 Hz
221764,an squamosus,IFA_58_27_2307.wav,0,99.41919191919192,99.41919191919192,False,-42.28927646450815,0,44.37407700982649,True,<100 Hz
221764,an squamosus,IFA_58_27_2307.wav,100,100.0,100.0,True,-55.86597310295807,37,6606.055464843051,False,>=2000 Hz
221764,an squamosus,IFA_58_27_2307.wav,150,100.0,100.0,True,-56.17332742098873,37,6638.536735866427,False,>=2000 Hz
221764,an squamosus,IFA_58_27_2307.wav,200,100.0,100.0,True,-56.385148977111996,36,6272.599048553766,False,>=2000 Hz
221764,an squamosus,IFA_58_27_2307.wav,300,100.0,100.0,True,-56.16947971745965,36,6344.640540634074,False,>=2000 Hz
221797,an arabiensis,IFA_58_29_2309.wav,0,100.0,100.0,True,-56.697018915874864,37,6535.01859571434,False,>=2000 Hz
221797,an arabiensis,IFA_58_29_2309.wav,100,100.0,100.0,True,-58.92882066067085,37,6606.055464843051,False,>=2000 Hz
221797,an arabiensis,IFA_58_29_2309.wav,150,100.0,100.0,True,-58.64218879534016,11,979.0284142678163,False,800-2000 Hz
221797,an arabiensis,IFA_58_29_2309.wav,200,100.0,100.0,True,-59.11192671654004,36,6272.599048553766,False,>=2000 Hz
221797,an arabiensis,IFA_58_29_2309.wav,300,100.0,100.0,True,-58.77544523989361,36,6344.640540634074,False,>=2000 Hz
221796,an squamosus,IFA_58_33_2313.wav,0,99.79797979797979,99.79797979797979,False,-45.07309294462118,13,955.0184679215481,False,800-2000 Hz
221796,an squamosus,IFA_58_33_2313.wav,100,100.0,99.97474747474747,False,-51.8952476633562,11,908.5521219032305,False,800-2000 Hz
221796,an squamosus,IFA_58_33_2313.wav,150,99.8989898989899,99.8989898989899,False,-50.977302769204805,11,979.0284142678163,False,800-2000 Hz
221796,an squamosus,IFA_58_33_2313.wav,200,99.8989898989899,99.87373737373737,False,-50.750132740886016,10,954.1887019828487,False,800-2000 Hz
221796,an squamosus,IFA_58_33_2313.wav,300,99.8989898989899,99.8989898989899,False,-50.977302769204805,9,994.9271530483034,False,800-2000 Hz
221755,an squamosus,IFA_58_34_2314.wav,0,99.4949494949495,99.4949494949495,False,-43.170057709860814,0,44.37407700982649,True,<100 Hz
221755,an squamosus,IFA_58_34_2314.wav,100,100.0,100.0,True,-64.5047706696457,36,6192.935304310192,False,>=2000 Hz
221755,an squamosus,IFA_58_34_2314.wav,150,100.0,100.0,True,-64.43653595894122,36,6233.825044478617,False,>=2000 Hz
221755,an squamosus,IFA_58_34_2314.wav,200,100.0,100.0,True,-64.29574898407142,36,6272.599048553766,False,>=2000 Hz
221755,an squamosus,IFA_58_34_2314.wav,300,100.0,100.0,True,-64.49986534626083,36,6344.640540634074,False,>=2000 Hz
221756,an squamosus,IFA_58_35_2315.wav,0,100.0,100.0,True,-54.654092681478915,11,763.5799242943094,False,300-800 Hz
221756,an squamosus,IFA_58_35_2315.wav,100,100.0,100.0,True,-54.86704583516904,10,817.5967063546011,False,800-2000 Hz
221756,an squamosus,IFA_58_35_2315.wav,150,100.0,100.0,True,-54.70230625662808,9,798.9421052862099,False,300-800 Hz
221756,an squamosus,IFA_58_35_2315.wav,200,100.0,100.0,True,-55.15333325591144,8,780.8898965537708,False,300-800 Hz
221756,an squamosus,IFA_58_35_2315.wav,300,100.0,100.0,True,-55.30285334616324,7,825.1790452437867,False,800-2000 Hz
221772,an squamosus,IFA_58_39_2319.wav,0,100.0,100.0,True,-56.041748444128736,0,44.37407700982649,True,<100 Hz
221772,an squamosus,IFA_58_39_2319.wav,100,100.0,100.0,True,-58.265060936495765,37,6606.055464843051,False,>=2000 Hz
221772,an squamosus,IFA_58_39_2319.wav,150,100.0,100.0,True,-58.360974700736286,36,6233.825044478617,False,>=2000 Hz
221772,an squamosus,IFA_58_39_2319.wav,200,100.0,100.0,True,-58.476045986491336,36,6272.599048553766,False,>=2000 Hz
221772,an squamosus,IFA_58_39_2319.wav,300,100.0,100.0,True,-58.88836451212462,36,6344.640540634074,False,>=2000 Hz
221774,an squamosus,IFA_58_39_2319.wav,0,99.46969696969697,99.44444444444444,False,-39.756861424280785,0,44.37407700982649,True,<100 Hz
221774,an squamosus,IFA_58_39_2319.wav,100,100.0,100.0,True,-55.71218819619989,37,6606.055464843051,False,>=2000 Hz
221774,an squamosus,IFA_58_39_2319.wav,150,100.0,100.0,True,-55.770919399983725,36,6233.825044478617,False,>=2000 Hz
221774,an squamosus,IFA_58_39_2319.wav,200,100.0,100.0,True,-55.770919399983725,36,6272.599048553766,False,>=2000 Hz
221774,an squamosus,IFA_58_39_2319.wav,300,100.0,100.0,True,-55.59186582095169,36,6344.640540634074,False,>=2000 Hz
221773,an squamosus,IFA_58_39_2319.wav,0,99.44444444444444,99.44444444444444,False,-44.362813892682205,35,5698.132814724254,False,>=2000 Hz
221773,an squamosus,IFA_58_39_2319.wav,100,99.57070707070706,99.54545454545455,False,-45.13385466564637,34,5435.453615558967,False,>=2000 Hz
221773,an squamosus,IFA_58_39_2319.wav,150,99.5959595959596,99.5959595959596,False,-45.463221996876904,34,5490.128899271392,False,>=2000 Hz
221773,an squamosus,IFA_58_39_2319.wav,200,99.52020202020202,99.52020202020202,False,-45.21078846873234,34,5542.124294130725,False,>=2000 Hz
221773,an squamosus,IFA_58_39_2319.wav,300,99.5959595959596,99.5959595959596,False,-44.79492363861509,34,5639.114996491976,False,>=2000 Hz
221775,culex pipiens complex,IFA_59_10_2330.wav,0,100.0,100.0,True,-54.851319035281804,0,44.37407700982649,True,<100 Hz
221775,culex pipiens complex,IFA_59_10_2330.wav,100,100.0,100.0,True,-59.24097264305067,35,5803.174981087622,False,>=2000 Hz
221775,culex pipiens complex,IFA_59_10_2330.wav,150,100.0,100.0,True,-59.337798762444336,33,5148.750552755978,False,>=2000 Hz
221775,culex pipiens complex,IFA_59_10_2330.wav,200,100.0,100.0,True,-59.45555548044347,33,5206.106474135096,False,>=2000 Hz
221775,culex pipiens complex,IFA_59_10_2330.wav,300,100.0,100.0,True,-59.337798762444336,34,5639.114996491976,False,>=2000 Hz
221760,culex pipiens complex,IFA_59_12_2332.wav,0,99.94949494949495,99.94949494949495,False,-50.48864326350997,0,44.37407700982649,True,<100 Hz
221760,culex pipiens complex,IFA_59_12_2332.wav,100,99.97474747474747,99.94949494949495,False,-50.384901166970565,34,5435.453615558967,False,>=2000 Hz
221760,culex pipiens complex,IFA_59_12_2332.wav,150,99.92424242424242,99.92424242424242,False,-50.86491756805995,34,5490.128899271392,False,>=2000 Hz
221760,culex pipiens complex,IFA_59_12_2332.wav,200,99.94949494949495,99.94949494949495,False,-51.00928501077042,34,5542.124294130725,False,>=2000 Hz
221760,culex pipiens complex,IFA_59_12_2332.wav,300,99.97474747474747,99.97474747474747,False,-51.14209809550609,33,5313.3090758650505,False,>=2000 Hz
221761,culex pipiens complex,IFA_59_12_2332.wav,0,99.54545454545455,99.54545454545455,False,-41.711039639974715,0,44.37407700982649,True,<100 Hz
221761,culex pipiens complex,IFA_59_12_2332.wav,100,100.0,100.0,True,-57.99046297306332,37,6606.055464843051,False,>=2000 Hz
221761,culex pipiens complex,IFA_59_12_2332.wav,150,100.0,100.0,True,-58.37359300670463,36,6233.825044478617,False,>=2000 Hz
221761,culex pipiens complex,IFA_59_12_2332.wav,200,100.0,100.0,True,-58.726591236933444,36,6272.599048553766,False,>=2000 Hz
221761,culex pipiens complex,IFA_59_12_2332.wav,300,100.0,100.0,True,-58.37011325416255,36,6344.640540634074,False,>=2000 Hz
221776,culex pipiens complex,IFA_59_13_2333.wav,0,99.74747474747475,99.74747474747475,False,-40.959367335590954,0,44.37407700982649,True,<100 Hz
221776,culex pipiens complex,IFA_59_13_2333.wav,100,100.0,100.0,True,-62.54627057213377,34,5435.453615558967,False,>=2000 Hz
221776,culex pipiens complex,IFA_59_13_2333.wav,150,100.0,100.0,True,-62.37430707174841,34,5490.128899271392,False,>=2000 Hz
221776,culex pipiens complex,IFA_59_13_2333.wav,200,100.0,100.0,True,-62.31562674053823,36,6272.599048553766,False,>=2000 Hz
221776,culex pipiens complex,IFA_59_13_2333.wav,300,100.0,100.0,True,-62.73927003974297,34,5639.114996491976,False,>=2000 Hz
221812,culex pipiens complex,IFA_59_18_2338.wav,0,96.6919191919192,96.5909090909091,False,-19.04887521278986,37,6535.01859571434,False,>=2000 Hz
221812,culex pipiens complex,IFA_59_18_2338.wav,100,96.76767676767678,96.6919191919192,False,-20.362186839359996,37,6606.055464843051,False,>=2000 Hz
221812,culex pipiens complex,IFA_59_18_2338.wav,150,96.48989898989899,96.41414141414143,False,-20.40526375942752,36,6233.825044478617,False,>=2000 Hz
221812,culex pipiens complex,IFA_59_18_2338.wav,200,96.54040404040404,96.43939393939394,False,-19.949723731900946,36,6272.599048553766,False,>=2000 Hz
221812,culex pipiens complex,IFA_59_18_2338.wav,300,96.46464646464646,96.43939393939394,False,-19.260369598516736,36,6344.640540634074,False,>=2000 Hz
221815,culex pipiens complex,IFA_59_19_2339.wav,0,99.8989898989899,99.8989898989899,False,-45.968168624259114,0,44.37407700982649,True,<100 Hz
221815,culex pipiens complex,IFA_59_19_2339.wav,100,100.0,100.0,True,-55.55118234008386,12,1004.9588458152629,False,800-2000 Hz
221815,culex pipiens complex,IFA_59_19_2339.wav,150,100.0,100.0,True,-56.55496093731003,12,1077.0295067481677,False,800-2000 Hz
221815,culex pipiens complex,IFA_59_19_2339.wav,200,100.0,100.0,True,-55.687728519606104,11,1048.3009371645,False,800-2000 Hz
221815,culex pipiens complex,IFA_59_19_2339.wav,300,100.0,100.0,True,-56.55496093731003,10,1086.7596689771533,False,800-2000 Hz
221789,culex pipiens complex,IFA_59_20_2340.wav,0,99.4949494949495,99.4949494949495,False,-48.59770891926055,13,955.0184679215481,False,800-2000 Hz
221789,culex pipiens complex,IFA_59_20_2340.wav,100,99.79797979797979,99.79797979797979,False,-51.44357121928962,12,1004.9588458152629,False,800-2000 Hz
221789,culex pipiens complex,IFA_59_20_2340.wav,150,99.52020202020202,99.4949494949495,False,-48.59862910138847,11,979.0284142678163,False,800-2000 Hz
221789,culex pipiens complex,IFA_59_20_2340.wav,200,99.52020202020202,99.52020202020202,False,-48.60971451146749,10,954.1887019828487,False,800-2000 Hz
221789,culex pipiens complex,IFA_59_20_2340.wav,300,99.52020202020202,99.4949494949495,False,-48.59862910138847,9,994.9271530483034,False,800-2000 Hz
221788,culex pipiens complex,IFA_59_20_2340.wav,0,99.0909090909091,99.04040404040404,False,-40.16453894012322,0,44.37407700982649,True,<100 Hz
221788,culex pipiens complex,IFA_59_20_2340.wav,100,99.46969696969697,99.44444444444444,False,-42.31491299146161,12,1004.9588458152629,False,800-2000 Hz
221788,culex pipiens complex,IFA_59_20_2340.wav,150,99.39393939393939,99.39393939393939,False,-41.921644989864724,11,979.0284142678163,False,800-2000 Hz
221788,culex pipiens complex,IFA_59_20_2340.wav,200,99.39393939393939,99.39393939393939,False,-41.712798264215635,10,954.1887019828487,False,800-2000 Hz
221788,culex pipiens complex,IFA_59_20_2340.wav,300,99.46969696969697,99.44444444444444,False,-42.30118591980123,9,994.9271530483034,False,800-2000 Hz
221777,culex pipiens complex,IFA_59_22_2342.wav,0,99.41919191919192,99.39393939393939,False,-45.253895707448834,0,44.37407700982649,True,<100 Hz
221777,culex pipiens complex,IFA_59_22_2342.wav,100,99.8989898989899,99.8989898989899,False,-49.25722909872793,36,6192.935304310192,False,>=2000 Hz
221777,culex pipiens complex,IFA_59_22_2342.wav,150,99.8989898989899,99.8989898989899,False,-48.75286711442497,36,6233.825044478617,False,>=2000 Hz
221777,culex pipiens complex,IFA_59_22_2342.wav,200,99.94949494949495,99.94949494949495,False,-48.591792093523395,36,6272.599048553766,False,>=2000 Hz
221777,culex pipiens complex,IFA_59_22_2342.wav,300,99.94949494949495,99.94949494949495,False,-48.095421195427235,36,6344.640540634074,False,>=2000 Hz
221814,culex pipiens complex,IFA_59_23_2343.wav,0,99.64646464646465,99.62121212121212,False,-42.15548154465891,0,44.37407700982649,True,<100 Hz
221814,culex pipiens complex,IFA_59_23_2343.wav,100,100.0,100.0,True,-56.89364884423512,34,5435.453615558967,False,>=2000 Hz
221814,culex pipiens complex,IFA_59_23_2343.wav,150,100.0,100.0,True,-56.28806018035726,34,5490.128899271392,False,>=2000 Hz
221814,culex pipiens complex,IFA_59_23_2343.wav,200,100.0,100.0,True,-56.05246427767704,34,5542.124294130725,False,>=2000 Hz
221814,culex pipiens complex,IFA_59_23_2343.wav,300,100.0,100.0,True,-56.89364884423512,34,5639.114996491976,False,>=2000 Hz
221813,culex pipiens complex,IFA_59_23_2343.wav,0,100.0,100.0,True,-52.98042201030525,0,44.37407700982649,True,<100 Hz
221813,culex pipiens complex,IFA_59_23_2343.wav,100,100.0,100.0,True,-64.39192762627927,37,6606.055464843051,False,>=2000 Hz
221813,culex pipiens complex,IFA_59_23_2343.wav,150,100.0,100.0,True,-64.38153861047398,37,6638.536735866427,False,>=2000 Hz
221813,culex pipiens complex,IFA_59_23_2343.wav,200,100.0,100.0,True,-64.60017936515393,37,6669.293138350332,False,>=2000 Hz
221813,culex pipiens complex,IFA_59_23_2343.wav,300,100.0,100.0,True,-64.42138419152695,37,6726.324829246307,False,>=2000 Hz
221803,culex pipiens complex,IFA_59_25_2345.wav,0,99.69696969696969,99.69696969696969,False,-48.08864163978079,0,44.37407700982649,True,<100 Hz
221803,culex pipiens complex,IFA_59_25_2345.wav,100,99.97474747474747,99.97474747474747,False,-50.296053767732744,33,5088.525017110928,False,>=2000 Hz
221803,culex pipiens complex,IFA_59_25_2345.wav,150,99.97474747474747,99.94949494949495,False,-49.59568391380449,30,4233.479401186071,False,>=2000 Hz
221803,culex pipiens complex,IFA_59_25_2345.wav,200,99.94949494949495,99.94949494949495,False,-51.001888873634435,30,4302.739070598876,False,>=2000 Hz
221803,culex pipiens complex,IFA_59_25_2345.wav,300,99.97474747474747,99.97474747474747,False,-50.296053767732744,32,5004.24831571783,False,>=2000 Hz
221783,culex pipiens complex,IFA_59_26_2346.wav,0,100.0,100.0,True,-53.91249518102215,0,44.37407700982649,True,<100 Hz
221783,culex pipiens complex,IFA_59_26_2346.wav,100,100.0,100.0,True,-60.10629846224493,11,908.5521219032305,False,800-2000 Hz
221783,culex pipiens complex,IFA_59_26_2346.wav,150,100.0,100.0,True,-59.90326602656978,10,886.4319670625546,False,800-2000 Hz
221783,culex pipiens complex,IFA_59_26_2346.wav,200,100.0,100.0,True,-60.941653028234526,9,865.1425927882087,False,800-2000 Hz
221783,culex pipiens complex,IFA_59_26_2346.wav,300,100.0,100.0,True,-60.2533472181661,8,907.814472208775,False,800-2000 Hz
221778,an funestus ss,IFA_59_27_2347.wav,0,100.0,100.0,True,-58.19937251207872,0,44.37407700982649,True,<100 Hz
221778,an funestus ss,IFA_59_27_2347.wav,100,100.0,100.0,True,-60.555832689011446,13,1107.1435959963192,False,800-2000 Hz
221778,an funestus ss,IFA_59_27_2347.wav,150,100.0,100.0,True,-61.732926423414426,5,494.64394366172684,False,300-800 Hz
221778,an funestus ss,IFA_59_27_2347.wav,200,100.0,100.0,True,-61.1314665069409,12,1147.767526900907,False,800-2000 Hz
221778,an funestus ss,IFA_59_27_2347.wav,300,100.0,100.0,True,-61.264777829496744,10,1086.7596689771533,False,800-2000 Hz
221787,culex pipiens complex,IFA_59_30_2350.wav,0,100.0,100.0,True,-53.12587273939765,0,44.37407700982649,True,<100 Hz
221787,culex pipiens complex,IFA_59_30_2350.wav,100,100.0,100.0,True,-62.920200308995604,34,5435.453615558967,False,>=2000 Hz
221787,culex pipiens complex,IFA_59_30_2350.wav,150,100.0,100.0,True,-62.429250652224596,12,1077.0295067481677,False,800-2000 Hz
221787,culex pipiens complex,IFA_59_30_2350.wav,200,100.0,100.0,True,-62.31597490755651,36,6272.599048553766,False,>=2000 Hz
221787,culex pipiens complex,IFA_59_30_2350.wav,300,100.0,100.0,True,-62.08243186746677,10,1086.7596689771533,False,800-2000 Hz
221786,culex pipiens complex,IFA_59_30_2350.wav,0,99.94949494949495,99.92424242424242,False,-49.91203253895057,0,44.37407700982649,True,<100 Hz
221786,culex pipiens complex,IFA_59_30_2350.wav,100,100.0,100.0,True,-58.103791067242724,35,5803.174981087622,False,>=2000 Hz
221786,culex pipiens complex,IFA_59_30_2350.wav,150,100.0,100.0,True,-55.78737630523493,35,5851.432728061765,False,>=2000 Hz
221786,culex pipiens complex,IFA_59_30_2350.wav,200,100.0,100.0,True,-56.04570636277292,12,1147.767526900907,False,800-2000 Hz
221786,culex pipiens complex,IFA_59_30_2350.wav,300,100.0,100.0,True,-58.103791067242724,10,1086.7596689771533,False,800-2000 Hz
221785,culex pipiens complex,IFA_59_30_2350.wav,0,100.0,100.0,True,-52.4070966253063,19,1693.1066090376025,False,800-2000 Hz
221785,culex pipiens complex,IFA_59_30_2350.wav,100,100.0,100.0,True,-52.34934080619101,37,6606.055464843051,False,>=2000 Hz
221785,culex pipiens complex,IFA_59_30_2350.wav,150,100.0,100.0,True,-52.59414312499115,17,1659.8130898129411,False,800-2000 Hz
221785,culex pipiens complex,IFA_59_30_2350.wav,200,100.0,100.0,True,-52.24903366427519,37,6669.293138350332,False,>=2000 Hz
221785,culex pipiens complex,IFA_59_30_2350.wav,300,99.97474747474747,99.97474747474747,False,-51.8214870636571,15,1626.1711200507493,False,800-2000 Hz
221709,an squamosus,IFA_59_32_2352.wav,0,99.94949494949495,99.94949494949495,False,-48.971830041819686,12,856.358507538126,False,800-2000 Hz
221709,an squamosus,IFA_59_32_2352.wav,100,100.0,100.0,True,-55.851426193573374,10,817.5967063546011,False,800-2000 Hz
221709,an squamosus,IFA_59_32_2352.wav,150,100.0,100.0,True,-56.494417146535156,9,798.9421052862099,False,300-800 Hz
221709,an squamosus,IFA_59_32_2352.wav,200,100.0,100.0,True,-56.192304770092775,9,865.1425927882087,False,800-2000 Hz
221709,an squamosus,IFA_59_32_2352.wav,300,100.0,100.0,True,-55.851426193573374,7,825.1790452437867,False,800-2000 Hz
221700,an squamosus,IFA_59_36_2356.wav,0,99.8989898989899,99.87373737373737,False,-48.332407893188304,0,44.37407700982649,True,<100 Hz
221700,an squamosus,IFA_59_36_2356.wav,100,100.0,100.0,True,-56.417635726089664,36,6192.935304310192,False,>=2000 Hz
221700,an squamosus,IFA_59_36_2356.wav,150,100.0,100.0,True,-58.320968311680595,36,6233.825044478617,False,>=2000 Hz
221700,an squamosus,IFA_59_36_2356.wav,200,100.0,100.0,True,-56.394668911944166,36,6272.599048553766,False,>=2000 Hz
221700,an squamosus,IFA_59_36_2356.wav,300,100.0,100.0,True,-56.417635726089664,7,825.1790452437867,False,800-2000 Hz
221725,an squamosus,IFA_59_39_2359.wav,0,99.36868686868688,99.31818181818181,False,-39.63053584910091,13,955.0184679215481,False,800-2000 Hz
221725,an squamosus,IFA_59_39_2359.wav,100,99.69696969696969,99.69696969696969,False,-39.52511189999255,11,908.5521219032305,False,800-2000 Hz
221725,an squamosus,IFA_59_39_2359.wav,150,99.4949494949495,99.4949494949495,False,-39.798971342185375,11,979.0284142678163,False,800-2000 Hz
221725,an squamosus,IFA_59_39_2359.wav,200,99.4949494949495,99.4949494949495,False,-39.770252488847845,10,954.1887019828487,False,800-2000 Hz
221725,an squamosus,IFA_59_39_2359.wav,300,99.4949494949495,99.4949494949495,False,-39.806439331476746,9,994.9271530483034,False,800-2000 Hz
221719,an squamosus,IFA_60_11_2371.wav,0,99.97474747474747,99.97474747474747,False,-50.83740685002393,13,955.0184679215481,False,800-2000 Hz
221719,an squamosus,IFA_60_11_2371.wav,100,100.0,100.0,True,-53.49984304357691,11,908.5521219032305,False,800-2000 Hz
221719,an squamosus,IFA_60_11_2371.wav,150,99.97474747474747,99.97474747474747,False,-50.96533245915911,11,979.0284142678163,False,800-2000 Hz
221719,an squamosus,IFA_60_11_2371.wav,200,99.97474747474747,99.97474747474747,False,-50.85344107302564,10,954.1887019828487,False,800-2000 Hz
221719,an squamosus,IFA_60_11_2371.wav,300,99.97474747474747,99.97474747474747,False,-50.96533245915911,9,994.9271530483034,False,800-2000 Hz
221737,an arabiensis,IFA_60_13_2373.wav,0,99.94949494949495,99.94949494949495,False,-51.2185808313621,0,44.37407700982649,True,<100 Hz
221737,an arabiensis,IFA_60_13_2373.wav,100,100.0,100.0,True,-54.966458406919884,11,908.5521219032305,False,800-2000 Hz
221737,an arabiensis,IFA_60_13_2373.wav,150,100.0,100.0,True,-52.871601521116716,11,979.0284142678163,False,800-2000 Hz
221737,an arabiensis,IFA_60_13_2373.wav,200,100.0,100.0,True,-52.88467531940232,10,954.1887019828487,False,800-2000 Hz
221737,an arabiensis,IFA_60_13_2373.wav,300,100.0,100.0,True,-52.871601521116716,9,994.9271530483034,False,800-2000 Hz
221744,an squamosus,IFA_60_14_2374.wav,0,99.72222222222223,99.69696969696969,False,-50.198397191574415,37,6535.01859571434,False,>=2000 Hz
221744,an squamosus,IFA_60_14_2374.wav,100,99.8989898989899,99.84848484848486,False,-50.87890263795725,12,1004.9588458152629,False,800-2000 Hz
221744,an squamosus,IFA_60_14_2374.wav,150,99.69696969696969,99.67171717171716,False,-50.21845979975513,36,6233.825044478617,False,>=2000 Hz
221744,an squamosus,IFA_60_14_2374.wav,200,99.67171717171716,99.67171717171716,False,-49.92393933743259,36,6272.599048553766,False,>=2000 Hz
221744,an squamosus,IFA_60_14_2374.wav,300,99.64646464646465,99.62121212121212,False,-49.14679013129142,36,6344.640540634074,False,>=2000 Hz
221736,an squamosus,IFA_60_15_2375.wav,0,100.0,100.0,True,-52.06294658542143,0,44.37407700982649,True,<100 Hz
221736,an squamosus,IFA_60_15_2375.wav,100,100.0,100.0,True,-59.570821228402,9,731.7843554943794,False,300-800 Hz
221736,an squamosus,IFA_60_15_2375.wav,150,100.0,100.0,True,-59.570821228402,9,798.9421052862099,False,300-800 Hz
221736,an squamosus,IFA_60_15_2375.wav,200,100.0,100.0,True,-59.570821228402,8,780.8898965537708,False,300-800 Hz
221736,an squamosus,IFA_60_15_2375.wav,300,100.0,100.0,True,-59.88713387961364,6,746.7907586719966,False,300-800 Hz
221722,an squamosus,IFA_60_17_2377.wav,0,99.82323232323232,99.82323232323232,False,-47.597130560061885,0,44.37407700982649,True,<100 Hz
221722,an squamosus,IFA_60_17_2377.wav,100,100.0,100.0,True,-62.29282245692065,34,5435.453615558967,False,>=2000 Hz
221722,an squamosus,IFA_60_17_2377.wav,150,100.0,100.0,True,-63.22057335182832,36,6233.825044478617,False,>=2000 Hz
221722,an squamosus,IFA_60_17_2377.wav,200,100.0,100.0,True,-62.8206297131939,36,6272.599048553766,False,>=2000 Hz
221722,an squamosus,IFA_60_17_2377.wav,300,100.0,100.0,True,-62.29282245692065,7,825.1790452437867,False,800-2000 Hz
221750,an squamosus,IFA_60_21_2381.wav,0,99.74747474747475,99.74747474747475,False,-42.64202007401208,0,44.37407700982649,True,<100 Hz
221750,an squamosus,IFA_60_21_2381.wav,100,99.84848484848486,99.84848484848486,False,-42.656339811056306,36,6192.935304310192,False,>=2000 Hz
221750,an squamosus,IFA_60_21_2381.wav,150,99.84848484848486,99.84848484848486,False,-42.562618153149614,36,6233.825044478617,False,>=2000 Hz
221750,an squamosus,IFA_60_21_2381.wav,200,99.84848484848486,99.84848484848486,False,-42.49007302157938,36,6272.599048553766,False,>=2000 Hz
221750,an squamosus,IFA_60_21_2381.wav,300,99.87373737373737,99.87373737373737,False,-42.80031218001048,36,6344.640540634074,False,>=2000 Hz
221723,culex pipiens complex,IFA_60_26_2386.wav,0,99.52020202020202,99.52020202020202,False,-40.010114096032694,0,44.37407700982649,True,<100 Hz
221723,culex pipiens complex,IFA_60_26_2386.wav,100,100.0,100.0,True,-52.98618113130196,12,1004.9588458152629,False,800-2000 Hz
221723,culex pipiens complex,IFA_60_26_2386.wav,150,99.84848484848486,99.84848484848486,False,-50.81352309667988,11,979.0284142678163,False,800-2000 Hz
221723,culex pipiens complex,IFA_60_26_2386.wav,200,99.82323232323232,99.82323232323232,False,-50.660355080158226,10,954.1887019828487,False,800-2000 Hz
221723,culex pipiens complex,IFA_60_26_2386.wav,300,99.84848484848486,99.84848484848486,False,-50.81352309667988,9,994.9271530483034,False,800-2000 Hz
221743,culex pipiens complex,IFA_60_27_2387.wav,0,99.4949494949495,99.4949494949495,False,-40.804851209679725,0,44.37407700982649,True,<100 Hz
221743,culex pipiens complex,IFA_60_27_2387.wav,100,99.84848484848486,99.82323232323232,False,-50.42454494612069,12,1004.9588458152629,False,800-2000 Hz
221743,culex pipiens complex,IFA_60_27_2387.wav,150,99.87373737373737,99.84848484848486,False,-48.9923810455318,11,979.0284142678163,False,800-2000 Hz
221743,culex pipiens complex,IFA_60_27_2387.wav,200,99.87373737373737,99.87373737373737,False,-49.14213431130108,10,954.1887019828487,False,800-2000 Hz
221743,culex pipiens complex,IFA_60_27_2387.wav,300,99.87373737373737,99.84848484848486,False,-48.9923810455318,9,994.9271530483034,False,800-2000 Hz
221752,culex pipiens complex,IFA_60_28_2388.wav,0,98.68686868686869,98.56060606060606,False,-36.39870772407832,0,44.37407700982649,True,<100 Hz
221752,culex pipiens complex,IFA_60_28_2388.wav,100,99.84848484848486,99.82323232323232,False,-47.09069397396757,0,147.947081154182,True,100-300 Hz
221752,culex pipiens complex,IFA_60_28_2388.wav,150,100.0,100.0,True,-54.6792147718552,0,199.61257826278305,True,100-300 Hz
221752,culex pipiens complex,IFA_60_28_2388.wav,200,100.0,100.0,True,-55.11630624592493,34,5542.124294130725,False,>=2000 Hz
221752,culex pipiens complex,IFA_60_28_2388.wav,300,100.0,100.0,True,-55.309029526610146,34,5639.114996491976,False,>=2000 Hz
221751,culex pipiens complex,IFA_60_28_2388.wav,0,99.34343434343434,99.34343434343434,False,-43.062206852335486,0,44.37407700982649,True,<100 Hz
221751,culex pipiens complex,IFA_60_28_2388.wav,100,100.0,100.0,True,-56.87792496774861,34,5435.453615558967,False,>=2000 Hz
221751,culex pipiens complex,IFA_60_28_2388.wav,150,100.0,100.0,True,-56.87792496774861,34,5490.128899271392,False,>=2000 Hz
221751,culex pipiens complex,IFA_60_28_2388.wav,200,100.0,100.0,True,-56.87792496774861,34,5542.124294130725,False,>=2000 Hz
221751,culex pipiens complex,IFA_60_28_2388.wav,300,100.0,100.0,True,-57.0013950265775,34,5639.114996491976,False,>=2000 Hz
221739,culex pipiens complex,IFA_60_29_2389.wav,0,99.92424242424242,99.92424242424242,False,-48.82297926587864,0,44.37407700982649,True,<100 Hz
221739,culex pipiens complex,IFA_60_29_2389.wav,100,100.0,100.0,True,-56.78334559217602,12,1004.9588458152629,False,800-2000 Hz
221739,culex pipiens complex,IFA_60_29_2389.wav,150,100.0,100.0,True,-56.01090133670466,11,979.0284142678163,False,800-2000 Hz
221739,culex pipiens complex,IFA_60_29_2389.wav,200,100.0,100.0,True,-56.09787971393929,11,1048.3009371645,False,800-2000 Hz
221739,culex pipiens complex,IFA_60_29_2389.wav,300,100.0,100.0,True,-56.01090133670466,9,994.9271530483034,False,800-2000 Hz
221742,culex pipiens complex,IFA_60_30_2390.wav,0,99.29292929292929,99.29292929292929,False,-42.33647326199399,0,44.37407700982649,True,<100 Hz
221742,culex pipiens complex,IFA_60_30_2390.wav,100,100.0,100.0,True,-57.85628803552437,34,5435.453615558967,False,>=2000 Hz
221742,culex pipiens complex,IFA_60_30_2390.wav,150,100.0,100.0,True,-57.907740022746204,34,5490.128899271392,False,>=2000 Hz
221742,culex pipiens complex,IFA_60_30_2390.wav,200,100.0,100.0,True,-58.061413345113905,34,5542.124294130725,False,>=2000 Hz
221742,culex pipiens complex,IFA_60_30_2390.wav,300,100.0,100.0,True,-57.701992818895704,34,5639.114996491976,False,>=2000 Hz
221703,culex pipiens complex,IFA_60_31_2391.wav,0,99.97474747474747,99.97474747474747,False,-51.712893256538024,13,955.0184679215481,False,800-2000 Hz
221703,culex pipiens complex,IFA_60_31_2391.wav,100,100.0,100.0,True,-53.26933158621486,12,1004.9588458152629,False,800-2000 Hz
221703,culex pipiens complex,IFA_60_31_2391.wav,150,100.0,100.0,True,-52.01998574221838,11,979.0284142678163,False,800-2000 Hz
221703,culex pipiens complex,IFA_60_31_2391.wav,200,100.0,100.0,True,-52.02322837308565,10,954.1887019828487,False,800-2000 Hz
221703,culex pipiens complex,IFA_60_31_2391.wav,300,100.0,100.0,True,-52.01998574221838,9,994.9271530483034,False,800-2000 Hz
221753,culex pipiens complex,IFA_60_32_2392.wav,0,99.74747474747475,99.67171717171716,False,-44.16234086922686,0,44.37407700982649,True,<100 Hz
221753,culex pipiens complex,IFA_60_32_2392.wav,100,99.87373737373737,99.87373737373737,False,-49.73369430931633,34,5435.453615558967,False,>=2000 Hz
221753,culex pipiens complex,IFA_60_32_2392.wav,150,99.8989898989899,99.8989898989899,False,-49.500387298016776,34,5490.128899271392,False,>=2000 Hz
221753,culex pipiens complex,IFA_60_32_2392.wav,200,99.8989898989899,99.8989898989899,False,-49.83670362104141,33,5206.106474135096,False,>=2000 Hz
221753,culex pipiens complex,IFA_60_32_2392.wav,300,99.8989898989899,99.8989898989899,False,-50.36678556176173,33,5313.3090758650505,False,>=2000 Hz
221707,culex pipiens complex,IFA_60_35_2395.wav,0,99.06565656565657,99.01515151515152,False,-40.417271908218105,0,44.37407700982649,True,<100 Hz
221707,culex pipiens complex,IFA_60_35_2395.wav,100,99.54545454545455,99.54545454545455,False,-40.30604855283087,36,6192.935304310192,False,>=2000 Hz
221707,culex pipiens complex,IFA_60_35_2395.wav,150,99.54545454545455,99.54545454545455,False,-40.20189603798105,36,6233.825044478617,False,>=2000 Hz
221707,culex pipiens complex,IFA_60_35_2395.wav,200,99.54545454545455,99.54545454545455,False,-40.10566279045125,36,6272.599048553766,False,>=2000 Hz
221707,culex pipiens complex,IFA_60_35_2395.wav,300,99.54545454545455,99.54545454545455,False,-40.320066465359076,36,6344.640540634074,False,>=2000 Hz
221713,culex pipiens complex,IFA_60_37_2397.wav,0,99.87373737373737,99.87373737373737,False,-50.26893402959894,0,44.37407700982649,True,<100 Hz
221713,culex pipiens complex,IFA_60_37_2397.wav,100,100.0,100.0,True,-57.71825174051801,36,6192.935304310192,False,>=2000 Hz
221713,culex pipiens complex,IFA_60_37_2397.wav,150,100.0,100.0,True,-56.00170109314001,11,979.0284142678163,False,800-2000 Hz
221713,culex pipiens complex,IFA_60_37_2397.wav,200,100.0,100.0,True,-55.96270968388565,10,954.1887019828487,False,800-2000 Hz
221713,culex pipiens complex,IFA_60_37_2397.wav,300,100.0,100.0,True,-56.00170109314001,9,994.9271530483034,False,800-2000 Hz
221712,culex pipiens complex,IFA_60_37_2397.wav,0,99.57070707070706,99.57070707070706,False,-43.98662671963638,0,44.37407700982649,True,<100 Hz
221712,culex pipiens complex,IFA_60_37_2397.wav,100,100.0,100.0,True,-52.23338826079874,34,5435.453615558967,False,>=2000 Hz
221712,culex pipiens complex,IFA_60_37_2397.wav,150,99.97474747474747,99.97474747474747,False,-51.789636858887256,34,5490.128899271392,False,>=2000 Hz
221712,culex pipiens complex,IFA_60_37_2397.wav,200,99.97474747474747,99.97474747474747,False,-51.46421762495406,33,5206.106474135096,False,>=2000 Hz
221712,culex pipiens complex,IFA_60_37_2397.wav,300,99.97474747474747,99.97474747474747,False,-51.82815153536312,33,5313.3090758650505,False,>=2000 Hz
221730,culex pipiens complex,IFA_60_38_2398.wav,0,99.34343434343434,99.34343434343434,False,-45.23550776166894,0,44.37407700982649,True,<100 Hz
221730,culex pipiens complex,IFA_60_38_2398.wav,100,100.0,100.0,True,-56.272101209863465,21,2178.8747039229174,False,>=2000 Hz
221730,culex pipiens complex,IFA_60_38_2398.wav,150,100.0,100.0,True,-56.57378683479176,33,5148.750552755978,False,>=2000 Hz
221730,culex pipiens complex,IFA_60_38_2398.wav,200,100.0,100.0,True,-56.272101209863465,20,2176.7124377582195,False,>=2000 Hz
221730,culex pipiens complex,IFA_60_38_2398.wav,300,100.0,100.0,True,-56.272101209863465,19,2172.778054140427,False,>=2000 Hz
221733,culex pipiens complex,IFA_60_38_2398.wav,0,100.0,100.0,True,-58.56217963905466,0,44.37407700982649,True,<100 Hz
221733,culex pipiens complex,IFA_60_38_2398.wav,100,100.0,100.0,True,-63.418131711996615,13,1107.1435959963192,False,800-2000 Hz
221733,culex pipiens complex,IFA_60_38_2398.wav,150,100.0,100.0,True,-62.35293634654211,12,1077.0295067481677,False,800-2000 Hz
221733,culex pipiens complex,IFA_60_38_2398.wav,200,100.0,100.0,True,-63.8322408953048,16,1605.5359087903153,False,800-2000 Hz
221733,culex pipiens complex,IFA_60_38_2398.wav,300,100.0,100.0,True,-62.35293634654211,10,1086.7596689771533,False,800-2000 Hz
221731,culex pipiens complex,IFA_60_38_2398.wav,0,99.79797979797979,99.79797979797979,False,-47.609101938601086,0,44.37407700982649,True,<100 Hz
221731,culex pipiens complex,IFA_60_38_2398.wav,100,100.0,100.0,True,-52.20480307090703,34,5435.453615558967,False,>=2000 Hz
221731,culex pipiens complex,IFA_60_38_2398.wav,150,100.0,100.0,True,-52.4025485754032,34,5490.128899271392,False,>=2000 Hz
221731,culex pipiens complex,IFA_60_38_2398.wav,200,100.0,100.0,True,-52.47541431286618,34,5542.124294130725,False,>=2000 Hz
221731,culex pipiens complex,IFA_60_38_2398.wav,300,100.0,100.0,True,-52.63246636249277,33,5313.3090758650505,False,>=2000 Hz
221732,culex pipiens complex,IFA_60_38_2398.wav,0,99.97474747474747,99.97474747474747,False,-51.28716393861957,0,44.37407700982649,True,<100 Hz
221732,culex pipiens complex,IFA_60_38_2398.wav,100,100.0,100.0,True,-57.17381078862096,17,1580.907710730555,False,800-2000 Hz
221732,culex pipiens complex,IFA_60_38_2398.wav,150,100.0,100.0,True,-57.57232456761302,17,1659.8130898129411,False,800-2000 Hz
221732,culex pipiens complex,IFA_60_38_2398.wav,200,100.0,100.0,True,-57.4601599552891,16,1605.5359087903153,False,800-2000 Hz
221732,culex pipiens complex,IFA_60_38_2398.wav,300,100.0,100.0,True,-56.943148261141936,15,1626.1711200507493,False,800-2000 Hz
221702,culex pipiens complex,IFA_60_39_2399.wav,0,100.0,100.0,True,-52.811611035099766,0,44.37407700982649,True,<100 Hz
221702,culex pipiens complex,IFA_60_39_2399.wav,100,100.0,100.0,True,-55.17431700211263,12,1004.9588458152629,False,800-2000 Hz
221702,culex pipiens complex,IFA_60_39_2399.wav,150,100.0,100.0,True,-58.104293551381375,12,1077.0295067481677,False,800-2000 Hz
221702,culex pipiens complex,IFA_60_39_2399.wav,200,100.0,100.0,True,-55.154739268348074,11,1048.3009371645,False,800-2000 Hz
221702,culex pipiens complex,IFA_60_39_2399.wav,300,100.0,100.0,True,-58.09202985155855,10,1086.7596689771533,False,800-2000 Hz
221701,culex pipiens complex,IFA_60_39_2399.wav,0,97.72727272727273,97.70202020202021,False,-24.490144295543395,34,5316.723457509462,False,>=2000 Hz
221701,culex pipiens complex,IFA_60_39_2399.wav,100,97.62626262626263,97.62626262626263,False,-23.448493746831595,34,5435.453615558967,False,>=2000 Hz
221701,culex pipiens complex,IFA_60_39_2399.wav,150,97.67676767676767,97.62626262626263,False,-23.808258802741822,34,5490.128899271392,False,>=2000 Hz
221701,culex pipiens complex,IFA_60_39_2399.wav,200,97.57575757575758,97.55050505050505,False,-24.210597381580882,34,5542.124294130725,False,>=2000 Hz
221701,culex pipiens complex,IFA_60_39_2399.wav,300,97.55050505050505,97.55050505050505,False,-25.030743401515956,33,5313.3090758650505,False,>=2000 Hz
221715,culex pipiens complex,IFA_60_40_2400.wav,0,100.0,100.0,True,-54.61898075672362,0,44.37407700982649,True,<100 Hz
221715,culex pipiens complex,IFA_60_40_2400.wav,100,100.0,100.0,True,-56.03338629799382,33,5088.525017110928,False,>=2000 Hz
221715,culex pipiens complex,IFA_60_40_2400.wav,150,100.0,100.0,True,-55.62072139972098,33,5148.750552755978,False,>=2000 Hz
221715,culex pipiens complex,IFA_60_40_2400.wav,200,100.0,100.0,True,-55.79454943912198,33,5206.106474135096,False,>=2000 Hz
221715,culex pipiens complex,IFA_60_40_2400.wav,300,100.0,100.0,True,-56.93548239118304,33,5313.3090758650505,False,>=2000 Hz
221714,culex pipiens complex,IFA_60_40_2400.wav,0,99.21717171717171,99.21717171717171,False,-39.32918056350468,0,44.37407700982649,True,<100 Hz
221714,culex pipiens complex,IFA_60_40_2400.wav,100,99.74747474747475,99.74747474747475,False,-47.321075910127426,34,5435.453615558967,False,>=2000 Hz
221714,culex pipiens complex,IFA_60_40_2400.wav,150,99.82323232323232,99.82323232323232,False,-47.68870690367079,34,5490.128899271392,False,>=2000 Hz
221714,culex pipiens complex,IFA_60_40_2400.wav,200,99.82323232323232,99.79797979797979,False,-48.03909233275918,34,5542.124294130725,False,>=2000 Hz
221714,culex pipiens complex,IFA_60_40_2400.wav,300,99.77272727272727,99.74747474747475,False,-48.23961605114809,33,5313.3090758650505,False,>=2000 Hz
221832,an squamosus,IFA_61_10_2410.wav,0,99.52020202020202,99.44444444444444,False,-49.33126920240984,12,856.358507538126,False,800-2000 Hz
221832,an squamosus,IFA_61_10_2410.wav,100,99.4949494949495,99.44444444444444,False,-48.92654046789302,10,817.5967063546011,False,800-2000 Hz
221832,an squamosus,IFA_61_10_2410.wav,150,99.82323232323232,99.72222222222223,False,-50.50252412208863,9,798.9421052862099,False,300-800 Hz
221832,an squamosus,IFA_61_10_2410.wav,200,99.5959595959596,99.54545454545455,False,-49.33126920240984,9,865.1425927882087,False,800-2000 Hz
221832,an squamosus,IFA_61_10_2410.wav,300,99.4949494949495,99.44444444444444,False,-48.92654046789302,7,825.1790452437867,False,800-2000 Hz
221846,an arabiensis,IFA_61_11_2411.wav,0,98.61111111111111,98.58585858585859,False,-41.78570273853414,0,44.37407700982649,True,<100 Hz
221846,an arabiensis,IFA_61_11_2411.wav,100,100.0,100.0,True,-52.32674239274394,33,5088.525017110928,False,>=2000 Hz
221846,an arabiensis,IFA_61_11_2411.wav,150,100.0,100.0,True,-52.32674239274394,33,5148.750552755978,False,>=2000 Hz
221846,an arabiensis,IFA_61_11_2411.wav,200,100.0,100.0,True,-52.32674239274394,33,5206.106474135096,False,>=2000 Hz
221846,an arabiensis,IFA_61_11_2411.wav,300,100.0,100.0,True,-52.652812052523366,32,5004.24831571783,False,>=2000 Hz
221845,an arabiensis,IFA_61_11_2411.wav,0,96.16161616161617,96.08585858585859,False,-33.96550691902658,35,5698.132814724254,False,>=2000 Hz
221845,an arabiensis,IFA_61_11_2411.wav,100,95.95959595959596,95.9090909090909,False,-34.50799771499165,34,5435.453615558967,False,>=2000 Hz
221845,an arabiensis,IFA_61_11_2411.wav,150,95.8080808080808,95.78282828282828,False,-34.542283272214284,34,5490.128899271392,False,>=2000 Hz
221845,an arabiensis,IFA_61_11_2411.wav,200,95.78282828282828,95.68181818181817,False,-34.32677662157473,34,5542.124294130725,False,>=2000 Hz
221845,an arabiensis,IFA_61_11_2411.wav,300,95.70707070707071,95.63131313131314,False,-34.324209232472896,34,5639.114996491976,False,>=2000 Hz
221844,an arabiensis,IFA_61_11_2411.wav,0,99.29292929292929,99.29292929292929,False,-34.076312489961126,34,5316.723457509462,False,>=2000 Hz
221844,an arabiensis,IFA_61_11_2411.wav,100,99.26767676767678,99.26767676767678,False,-33.92838589355162,34,5435.453615558967,False,>=2000 Hz
221844,an arabiensis,IFA_61_11_2411.wav,150,99.21717171717171,99.21717171717171,False,-34.43468775146084,34,5490.128899271392,False,>=2000 Hz
221844,an arabiensis,IFA_61_11_2411.wav,200,99.21717171717171,99.21717171717171,False,-34.68062790732586,33,5206.106474135096,False,>=2000 Hz
221844,an arabiensis,IFA_61_11_2411.wav,300,99.16666666666667,99.16666666666667,False,-34.53952069337112,33,5313.3090758650505,False,>=2000 Hz
221850,an arabiensis,IFA_61_11_2411.wav,0,99.72222222222223,99.69696969696969,False,-48.01265390292109,0,44.37407700982649,True,<100 Hz
221850,an arabiensis,IFA_61_11_2411.wav,100,100.0,100.0,True,-55.695224411971715,10,817.5967063546011,False,800-2000 Hz
221850,an arabiensis,IFA_61_11_2411.wav,150,100.0,100.0,True,-57.84389643508647,9,798.9421052862099,False,300-800 Hz
221850,an arabiensis,IFA_61_11_2411.wav,200,100.0,100.0,True,-55.86907901338189,9,865.1425927882087,False,800-2000 Hz
221850,an arabiensis,IFA_61_11_2411.wav,300,100.0,100.0,True,-55.695224411971715,7,825.1790452437867,False,800-2000 Hz
221848,an arabiensis,IFA_61_11_2411.wav,0,100.0,100.0,True,-59.45546724049422,0,44.37407700982649,True,<100 Hz
221848,an arabiensis,IFA_61_11_2411.wav,100,100.0,100.0,True,-59.45546724049422,10,817.5967063546011,False,800-2000 Hz
221848,an arabiensis,IFA_61_11_2411.wav,150,100.0,100.0,True,-58.348647323456085,9,798.9421052862099,False,300-800 Hz
221848,an arabiensis,IFA_61_11_2411.wav,200,100.0,100.0,True,-59.5903714390832,18,1875.3376136955906,False,800-2000 Hz
221848,an arabiensis,IFA_61_11_2411.wav,300,100.0,100.0,True,-59.5903714390832,7,825.1790452437867,False,800-2000 Hz
221847,an arabiensis,IFA_61_11_2411.wav,0,100.0,100.0,True,-55.22105665644893,12,856.358507538126,False,800-2000 Hz
221847,an arabiensis,IFA_61_11_2411.wav,100,100.0,100.0,True,-55.540698327108124,10,817.5967063546011,False,800-2000 Hz
221847,an arabiensis,IFA_61_11_2411.wav,150,100.0,100.0,True,-58.2536361002023,9,798.9421052862099,False,300-800 Hz
221847,an arabiensis,IFA_61_11_2411.wav,200,100.0,100.0,True,-55.570852730910005,9,865.1425927882087,False,800-2000 Hz
221847,an arabiensis,IFA_61_11_2411.wav,300,100.0,100.0,True,-55.540698327108124,7,825.1790452437867,False,800-2000 Hz
221849,an arabiensis,IFA_61_11_2411.wav,0,99.92424242424242,99.92424242424242,False,-50.374772757189696,12,856.358507538126,False,800-2000 Hz
221849,an arabiensis,IFA_61_11_2411.wav,100,99.92424242424242,99.92424242424242,False,-50.00445318930175,10,817.5967063546011,False,800-2000 Hz
221849,an arabiensis,IFA_61_11_2411.wav,150,99.97474747474747,99.97474747474747,False,-51.84842038882021,9,798.9421052862099,False,300-800 Hz
221849,an arabiensis,IFA_61_11_2411.wav,200,99.92424242424242,99.92424242424242,False,-50.374772757189696,9,865.1425927882087,False,800-2000 Hz
221849,an arabiensis,IFA_61_11_2411.wav,300,99.92424242424242,99.92424242424242,False,-50.00445318930175,7,825.1790452437867,False,800-2000 Hz
221843,an squamosus,IFA_61_14_2414.wav,0,99.79797979797979,99.79797979797979,False,-47.4706922055777,0,44.37407700982649,True,<100 Hz
221843,an squamosus,IFA_61_14_2414.wav,100,100.0,100.0,True,-59.54736629203214,35,5803.174981087622,False,>=2000 Hz
221843,an squamosus,IFA_61_14_2414.wav,150,100.0,100.0,True,-59.32793603573684,35,5851.432728061765,False,>=2000 Hz
221843,an squamosus,IFA_61_14_2414.wav,200,100.0,100.0,True,-59.37372355598818,36,6272.599048553766,False,>=2000 Hz
221843,an squamosus,IFA_61_14_2414.wav,300,100.0,100.0,True,-59.81722157234407,34,5639.114996491976,False,>=2000 Hz
221838,an squamosus,IFA_61_15_2415.wav,0,99.14141414141415,99.11616161616162,False,-40.711259536770115,0,44.37407700982649,True,<100 Hz
221838,an squamosus,IFA_61_15_2415.wav,100,100.0,100.0,True,-55.64782052700073,37,6606.055464843051,False,>=2000 Hz
221838,an squamosus,IFA_61_15_2415.wav,150,100.0,100.0,True,-55.563588694764775,37,6638.536735866427,False,>=2000 Hz
221838,an squamosus,IFA_61_15_2415.wav,200,100.0,100.0,True,-54.96090741490608,37,6669.293138350332,False,>=2000 Hz
221838,an squamosus,IFA_61_15_2415.wav,300,100.0,100.0,True,-55.66402761597766,37,6726.324829246307,False,>=2000 Hz
221831,an arabiensis,IFA_61_16_2416.wav,0,100.0,100.0,True,-58.96986213781958,36,6103.720297923787,False,>=2000 Hz
221831,an arabiensis,IFA_61_16_2416.wav,100,100.0,100.0,True,-58.96986213781958,36,6192.935304310192,False,>=2000 Hz
221831,an arabiensis,IFA_61_16_2416.wav,150,100.0,100.0,True,-60.930577775479755,35,5851.432728061765,False,>=2000 Hz
221831,an arabiensis,IFA_61_16_2416.wav,200,100.0,100.0,True,-58.995554264936274,35,5897.259272926163,False,>=2000 Hz
221831,an arabiensis,IFA_61_16_2416.wav,300,100.0,100.0,True,-58.995554264936274,35,5982.573343857049,False,>=2000 Hz
221841,culex pipiens complex,IFA_61_19_2419.wav,0,99.41919191919192,99.39393939393939,False,-42.011785146739584,0,44.37407700982649,True,<100 Hz
221841,culex pipiens complex,IFA_61_19_2419.wav,100,100.0,100.0,True,-55.43140621930945,6,502.37884079729855,False,300-800 Hz
221841,culex pipiens complex,IFA_61_19_2419.wav,150,100.0,100.0,True,-55.496184066054354,36,6233.825044478617,False,>=2000 Hz
221841,culex pipiens complex,IFA_61_19_2419.wav,200,100.0,100.0,True,-55.87724706384016,5,554.3806613018434,False,300-800 Hz
221841,culex pipiens complex,IFA_61_19_2419.wav,300,100.0,100.0,True,-56.17375970744931,3,534.9813946953967,False,300-800 Hz
221840,culex pipiens complex,IFA_61_19_2419.wav,0,99.8989898989899,99.8989898989899,False,-50.29643222489054,0,44.37407700982649,True,<100 Hz
221840,culex pipiens complex,IFA_61_19_2419.wav,100,100.0,100.0,True,-58.42869508258475,12,1004.9588458152629,False,800-2000 Hz
221840,culex pipiens complex,IFA_61_19_2419.wav,150,100.0,100.0,True,-58.97269842718363,11,979.0284142678163,False,800-2000 Hz
221840,culex pipiens complex,IFA_61_19_2419.wav,200,100.0,100.0,True,-59.17198335617773,11,1048.3009371645,False,800-2000 Hz
221840,culex pipiens complex,IFA_61_19_2419.wav,300,100.0,100.0,True,-58.31168395354457,10,1086.7596689771533,False,800-2000 Hz
221839,culex pipiens complex,IFA_61_20_2420.wav,0,100.0,100.0,True,-55.40774638276963,22,2177.6743588412987,False,>=2000 Hz
221839,culex pipiens complex,IFA_61_20_2420.wav,100,100.0,100.0,True,-55.44608615447061,21,2178.8747039229174,False,>=2000 Hz
221839,culex pipiens complex,IFA_61_20_2420.wav,150,100.0,100.0,True,-55.47564344302438,21,2260.90163072702,False,>=2000 Hz
221839,culex pipiens complex,IFA_61_20_2420.wav,200,100.0,100.0,True,-54.936729058832924,20,2176.7124377582195,False,>=2000 Hz
221839,culex pipiens complex,IFA_61_20_2420.wav,300,100.0,100.0,True,-55.35826141946926,19,2172.778054140427,False,>=2000 Hz
221816,an arabiensis,IFA_61_21_2421.wav,0,99.94949494949495,99.94949494949495,False,-51.24762502636867,11,763.5799242943094,False,300-800 Hz
221816,an arabiensis,IFA_61_21_2421.wav,100,100.0,100.0,True,-55.00064605024999,10,817.5967063546011,False,800-2000 Hz
221816,an arabiensis,IFA_61_21_2421.wav,150,100.0,100.0,True,-55.206095349544654,9,798.9421052862099,False,300-800 Hz
221816,an arabiensis,IFA_61_21_2421.wav,200,100.0,100.0,True,-55.14765672119981,8,780.8898965537708,False,300-800 Hz
221816,an arabiensis,IFA_61_21_2421.wav,300,100.0,100.0,True,-55.00064605024999,7,825.1790452437867,False,800-2000 Hz
221817,an arabiensis,IFA_61_21_2421.wav,0,100.0,100.0,True,-55.44709729301375,11,763.5799242943094,False,300-800 Hz
221817,an arabiensis,IFA_61_21_2421.wav,100,100.0,100.0,True,-55.28525504812856,10,817.5967063546011,False,800-2000 Hz
221817,an arabiensis,IFA_61_21_2421.wav,150,100.0,100.0,True,-55.45923353412404,9,798.9421052862099,False,300-800 Hz
221817,an arabiensis,IFA_61_21_2421.wav,200,100.0,100.0,True,-55.44709729301375,8,780.8898965537708,False,300-800 Hz
221817,an arabiensis,IFA_61_21_2421.wav,300,100.0,100.0,True,-55.28525504812856,7,825.1790452437867,False,800-2000 Hz
221818,an arabiensis,IFA_61_21_2421.wav,0,99.97474747474747,99.97474747474747,False,-51.171184278279604,0,44.37407700982649,True,<100 Hz
221818,an arabiensis,IFA_61_21_2421.wav,100,100.0,100.0,True,-56.22164011506061,10,817.5967063546011,False,800-2000 Hz
221818,an arabiensis,IFA_61_21_2421.wav,150,100.0,100.0,True,-55.94142942908053,9,798.9421052862099,False,300-800 Hz
221818,an arabiensis,IFA_61_21_2421.wav,200,100.0,100.0,True,-56.44419616918279,8,780.8898965537708,False,300-800 Hz
221818,an arabiensis,IFA_61_21_2421.wav,300,100.0,100.0,True,-56.22164011506061,7,825.1790452437867,False,800-2000 Hz
221819,an arabiensis,IFA_61_25_2425.wav,0,100.0,100.0,True,-57.81580340139534,0,44.37407700982649,True,<100 Hz
221819,an arabiensis,IFA_61_25_2425.wav,100,100.0,100.0,True,-60.63020073736146,36,6192.935304310192,False,>=2000 Hz
221819,an arabiensis,IFA_61_25_2425.wav,150,100.0,100.0,True,-59.99708043332998,36,6233.825044478617,False,>=2000 Hz
221819,an arabiensis,IFA_61_25_2425.wav,200,100.0,100.0,True,-60.71255647001416,36,6272.599048553766,False,>=2000 Hz
221819,an arabiensis,IFA_61_25_2425.wav,300,100.0,100.0,True,-60.71255647001416,35,5982.573343857049,False,>=2000 Hz
221820,an arabiensis,IFA_61_25_2425.wav,0,100.0,100.0,True,-53.63077186451723,0,44.37407700982649,True,<100 Hz
221820,an arabiensis,IFA_61_25_2425.wav,100,100.0,100.0,True,-56.630119077989306,11,908.5521219032305,False,800-2000 Hz
221820,an arabiensis,IFA_61_25_2425.wav,150,100.0,100.0,True,-55.69665904675275,10,886.4319670625546,False,800-2000 Hz
221820,an arabiensis,IFA_61_25_2425.wav,200,100.0,100.0,True,-55.75745721674781,9,865.1425927882087,False,800-2000 Hz
221820,an arabiensis,IFA_61_25_2425.wav,300,100.0,100.0,True,-56.630119077989306,7,825.1790452437867,False,800-2000 Hz
221842,culex pipiens complex,IFA_61_27_2427.wav,0,99.26767676767678,99.26767676767678,False,-36.20350121399895,0,44.37407700982649,True,<100 Hz
221842,culex pipiens complex,IFA_61_27_2427.wav,100,99.8989898989899,99.87373737373737,False,-50.071936767360626,35,5803.174981087622,False,>=2000 Hz
221842,culex pipiens complex,IFA_61_27_2427.wav,150,99.8989898989899,99.8989898989899,False,-50.16530746808768,35,5851.432728061765,False,>=2000 Hz
221842,culex pipiens complex,IFA_61_27_2427.wav,200,99.8989898989899,99.87373737373737,False,-50.90877672656242,35,5897.259272926163,False,>=2000 Hz
221842,culex pipiens complex,IFA_61_27_2427.wav,300,99.92424242424242,99.8989898989899,False,-51.069094757756986,34,5639.114996491976,False,>=2000 Hz
221833,culex pipiens complex,IFA_61_29_2429.wav,0,99.5959595959596,99.5959595959596,False,-47.05860564410362,0,44.37407700982649,True,<100 Hz
221833,culex pipiens complex,IFA_61_29_2429.wav,100,100.0,100.0,True,-56.25817591068923,34,5435.453615558967,False,>=2000 Hz
221833,culex pipiens complex,IFA_61_29_2429.wav,150,100.0,100.0,True,-55.89193524210255,34,5490.128899271392,False,>=2000 Hz
221833,culex pipiens complex,IFA_61_29_2429.wav,200,100.0,100.0,True,-55.8783319411559,34,5542.124294130725,False,>=2000 Hz
221833,culex pipiens complex,IFA_61_29_2429.wav,300,100.0,100.0,True,-56.25817591068923,33,5313.3090758650505,False,>=2000 Hz
221834,culex pipiens complex,IFA_61_29_2429.wav,0,100.0,100.0,True,-58.9954403608153,0,44.37407700982649,True,<100 Hz
221834,culex pipiens complex,IFA_61_29_2429.wav,100,100.0,100.0,True,-60.53868679172013,36,6192.935304310192,False,>=2000 Hz
221834,culex pipiens complex,IFA_61_29_2429.wav,150,100.0,100.0,True,-60.61725478924684,36,6233.825044478617,False,>=2000 Hz
221834,culex pipiens complex,IFA_61_29_2429.wav,200,100.0,100.0,True,-60.57943896663868,36,6272.599048553766,False,>=2000 Hz
221834,culex pipiens complex,IFA_61_29_2429.wav,300,100.0,100.0,True,-60.90522695173305,36,6344.640540634074,False,>=2000 Hz
221851,culex pipiens complex,IFA_61_30_2430.wav,0,99.97474747474747,99.97474747474747,False,-51.42585015246564,0,44.37407700982649,True,<100 Hz
221851,culex pipiens complex,IFA_61_30_2430.wav,100,100.0,100.0,True,-60.88446902630637,11,908.5521219032305,False,800-2000 Hz
221851,culex pipiens complex,IFA_61_30_2430.wav,150,100.0,100.0,True,-60.59281052678584,11,979.0284142678163,False,800-2000 Hz
221851,culex pipiens complex,IFA_61_30_2430.wav,200,100.0,100.0,True,-60.70228091701159,10,954.1887019828487,False,800-2000 Hz
221851,culex pipiens complex,IFA_61_30_2430.wav,300,100.0,100.0,True,-60.7037407432394,9,994.9271530483034,False,800-2000 Hz
221857,an arabiensis,IFA_61_31_2431.wav,0,99.8989898989899,99.8989898989899,False,-47.42714029954015,0,44.37407700982649,True,<100 Hz
221857,an arabiensis,IFA_61_31_2431.wav,100,99.97474747474747,99.97474747474747,False,-51.699762179819196,11,908.5521219032305,False,800-2000 Hz
221857,an arabiensis,IFA_61_31_2431.wav,150,100.0,100.0,True,-54.200018066564716,10,886.4319670625546,False,800-2000 Hz
221857,an arabiensis,IFA_61_31_2431.wav,200,99.97474747474747,99.97474747474747,False,-51.85728700898019,9,865.1425927882087,False,800-2000 Hz
221857,an arabiensis,IFA_61_31_2431.wav,300,99.97474747474747,99.97474747474747,False,-51.699762179819196,7,825.1790452437867,False,800-2000 Hz
221854,an squamosus,IFA_61_32_2432.wav,0,99.8989898989899,99.87373737373737,False,-48.14196879131822,0,44.37407700982649,True,<100 Hz
221854,an squamosus,IFA_61_32_2432.wav,100,100.0,100.0,True,-55.08662401435805,10,817.5967063546011,False,800-2000 Hz
221854,an squamosus,IFA_61_32_2432.wav,150,100.0,100.0,True,-55.2560098063941,9,798.9421052862099,False,300-800 Hz
221854,an squamosus,IFA_61_32_2432.wav,200,100.0,100.0,True,-54.50482111472365,9,865.1425927882087,False,800-2000 Hz
221854,an squamosus,IFA_61_32_2432.wav,300,100.0,100.0,True,-54.18492258037509,7,825.1790452437867,False,800-2000 Hz
221868,an squamosus,IFA_61_33_2433.wav,0,100.0,100.0,True,-58.10902924395768,0,44.37407700982649,True,<100 Hz
221868,an squamosus,IFA_61_33_2433.wav,100,100.0,100.0,True,-62.41242935129857,35,5803.174981087622,False,>=2000 Hz
221868,an squamosus,IFA_61_33_2433.wav,150,100.0,100.0,True,-62.44489193779121,35,5851.432728061765,False,>=2000 Hz
221868,an squamosus,IFA_61_33_2433.wav,200,100.0,100.0,True,-61.75386086666429,34,5542.124294130725,False,>=2000 Hz
221868,an squamosus,IFA_61_33_2433.wav,300,100.0,100.0,True,-62.086609323404815,34,5639.114996491976,False,>=2000 Hz
221867,an squamosus,IFA_61_33_2433.wav,0,100.0,100.0,True,-61.349483340799395,0,44.37407700982649,True,<100 Hz
221867,an squamosus,IFA_61_33_2433.wav,100,100.0,100.0,True,-62.80093982324374,37,6606.055464843051,False,>=2000 Hz
221867,an squamosus,IFA_61_33_2433.wav,150,100.0,100.0,True,-62.84989273732013,37,6638.536735866427,False,>=2000 Hz
221867,an squamosus,IFA_61_33_2433.wav,200,100.0,100.0,True,-62.594337840651875,37,6669.293138350332,False,>=2000 Hz
221867,an squamosus,IFA_61_33_2433.wav,300,100.0,100.0,True,-62.52029426945655,37,6726.324829246307,False,>=2000 Hz
221860,an arabiensis,IFA_61_34_2434.wav,0,100.0,100.0,True,-56.37793601542239,11,763.5799242943094,False,300-800 Hz
221860,an arabiensis,IFA_61_34_2434.wav,100,100.0,100.0,True,-57.952988614422694,10,817.5967063546011,False,800-2000 Hz
221860,an arabiensis,IFA_61_34_2434.wav,150,100.0,100.0,True,-57.22440183519994,9,798.9421052862099,False,300-800 Hz
221860,an arabiensis,IFA_61_34_2434.wav,200,100.0,100.0,True,-57.43549204361528,8,780.8898965537708,False,300-800 Hz
221860,an arabiensis,IFA_61_34_2434.wav,300,100.0,100.0,True,-57.952988614422694,7,825.1790452437867,False,800-2000 Hz
221861,an arabiensis,IFA_61_34_2434.wav,0,100.0,100.0,True,-57.9599215490575,0,44.37407700982649,True,<100 Hz
221861,an arabiensis,IFA_61_34_2434.wav,100,100.0,100.0,True,-60.54015354916164,33,5088.525017110928,False,>=2000 Hz
221861,an arabiensis,IFA_61_34_2434.wav,150,100.0,100.0,True,-60.716382974882265,33,5148.750552755978,False,>=2000 Hz
221861,an arabiensis,IFA_61_34_2434.wav,200,100.0,100.0,True,-61.24110410066717,32,4888.1767232060765,False,>=2000 Hz
221861,an arabiensis,IFA_61_34_2434.wav,300,100.0,100.0,True,-61.27896478202515,32,5004.24831571783,False,>=2000 Hz
221863,an arabiensis,IFA_61_35_2435.wav,0,100.0,100.0,True,-53.60633108629301,13,955.0184679215481,False,800-2000 Hz
221863,an arabiensis,IFA_61_35_2435.wav,100,100.0,100.0,True,-52.27052430600288,11,908.5521219032305,False,800-2000 Hz
221863,an arabiensis,IFA_61_35_2435.wav,150,100.0,100.0,True,-52.66077060150262,10,886.4319670625546,False,800-2000 Hz
221863,an arabiensis,IFA_61_35_2435.wav,200,100.0,100.0,True,-53.62074246539046,10,954.1887019828487,False,800-2000 Hz
221863,an arabiensis,IFA_61_35_2435.wav,300,100.0,100.0,True,-52.69495369381883,8,907.814472208775,False,800-2000 Hz
221856,culex pipiens complex,IFA_61_36_2436.wav,0,99.44444444444444,99.44444444444444,False,-35.25008871266198,35,5698.132814724254,False,>=2000 Hz
221856,culex pipiens complex,IFA_61_36_2436.wav,100,99.54545454545455,99.54545454545455,False,-34.98192132951368,35,5803.174981087622,False,>=2000 Hz
221856,culex pipiens complex,IFA_61_36_2436.wav,150,99.54545454545455,99.54545454545455,False,-34.975286802575795,35,5851.432728061765,False,>=2000 Hz
221856,culex pipiens complex,IFA_61_36_2436.wav,200,99.54545454545455,99.54545454545455,False,-35.371540663949034,35,5897.259272926163,False,>=2000 Hz
221856,culex pipiens complex,IFA_61_36_2436.wav,300,99.4949494949495,99.4949494949495,False,-36.093905743489486,35,5982.573343857049,False,>=2000 Hz
221862,an squamosus,IFA_61_37_2437.wav,0,99.84848484848486,99.82323232323232,False,-49.598557252682625,0,44.37407700982649,True,<100 Hz
221862,an squamosus,IFA_61_37_2437.wav,100,100.0,100.0,True,-56.9199359720723,34,5435.453615558967,False,>=2000 Hz
221862,an squamosus,IFA_61_37_2437.wav,150,100.0,100.0,True,-56.900356090457194,34,5490.128899271392,False,>=2000 Hz
221862,an squamosus,IFA_61_37_2437.wav,200,100.0,100.0,True,-56.397776263675325,34,5542.124294130725,False,>=2000 Hz
221862,an squamosus,IFA_61_37_2437.wav,300,100.0,100.0,True,-57.00830279291597,34,5639.114996491976,False,>=2000 Hz
221852,an squamosus,IFA_61_38_2438.wav,0,99.92424242424242,99.92424242424242,False,-51.26040898922621,13,955.0184679215481,False,800-2000 Hz
221852,an squamosus,IFA_61_38_2438.wav,100,100.0,100.0,True,-53.597434111463365,11,908.5521219032305,False,800-2000 Hz
221852,an squamosus,IFA_61_38_2438.wav,150,99.92424242424242,99.92424242424242,False,-51.35785210520404,11,979.0284142678163,False,800-2000 Hz
221852,an squamosus,IFA_61_38_2438.wav,200,99.92424242424242,99.92424242424242,False,-51.54436833130232,10,954.1887019828487,False,800-2000 Hz
221852,an squamosus,IFA_61_38_2438.wav,300,99.92424242424242,99.92424242424242,False,-51.35785210520404,9,994.9271530483034,False,800-2000 Hz
221864,an arabiensis,IFA_61_39_2439.wav,0,99.77272727272727,99.72222222222223,False,-48.08096150888633,0,44.37407700982649,True,<100 Hz
221864,an arabiensis,IFA_61_39_2439.wav,100,99.8989898989899,99.8989898989899,False,-49.40668157564332,35,5803.174981087622,False,>=2000 Hz
221864,an arabiensis,IFA_61_39_2439.wav,150,99.8989898989899,99.8989898989899,False,-49.42037211857447,34,5490.128899271392,False,>=2000 Hz
221864,an arabiensis,IFA_61_39_2439.wav,200,99.8989898989899,99.8989898989899,False,-48.80097869523702,34,5542.124294130725,False,>=2000 Hz
221864,an arabiensis,IFA_61_39_2439.wav,300,99.94949494949495,99.94949494949495,False,-48.23889797751078,34,5639.114996491976,False,>=2000 Hz
221865,an arabiensis,IFA_61_39_2439.wav,0,100.0,100.0,True,-56.82627629543526,0,44.37407700982649,True,<100 Hz
221865,an arabiensis,IFA_61_39_2439.wav,100,100.0,100.0,True,-59.41090562535549,35,5803.174981087622,False,>=2000 Hz
221865,an arabiensis,IFA_61_39_2439.wav,150,100.0,100.0,True,-59.532508597471335,38,7066.870533681113,False,>=2000 Hz
221865,an arabiensis,IFA_61_39_2439.wav,200,100.0,100.0,True,-59.542755941535034,34,5542.124294130725,False,>=2000 Hz
221865,an arabiensis,IFA_61_39_2439.wav,300,100.0,100.0,True,-59.33214867437358,34,5639.114996491976,False,>=2000 Hz
221866,an funestus ss,IFA_62_10_2450.wav,0,100.0,100.0,True,-53.29839057941466,0,44.37407700982649,True,<100 Hz
221866,an funestus ss,IFA_62_10_2450.wav,100,100.0,100.0,True,-61.42095850376694,13,1107.1435959963192,False,800-2000 Hz
221866,an funestus ss,IFA_62_10_2450.wav,150,100.0,100.0,True,-61.979596726265,12,1077.0295067481677,False,800-2000 Hz
221866,an funestus ss,IFA_62_10_2450.wav,200,100.0,100.0,True,-61.384229838540485,11,1048.3009371645,False,800-2000 Hz
221866,an funestus ss,IFA_62_10_2450.wav,300,100.0,100.0,True,-62.002659619302065,10,1086.7596689771533,False,800-2000 Hz
221855,an funestus ss,IFA_62_12_2452.wav,0,99.74747474747475,99.74747474747475,False,-48.13035999366413,0,44.37407700982649,True,<100 Hz
221855,an funestus ss,IFA_62_12_2452.wav,100,100.0,100.0,True,-59.82870345813096,34,5435.453615558967,False,>=2000 Hz
221855,an funestus ss,IFA_62_12_2452.wav,150,100.0,100.0,True,-59.89741046359178,33,5148.750552755978,False,>=2000 Hz
221855,an funestus ss,IFA_62_12_2452.wav,200,100.0,100.0,True,-59.65218141137247,33,5206.106474135096,False,>=2000 Hz
221855,an funestus ss,IFA_62_12_2452.wav,300,100.0,100.0,True,-59.93172959853899,33,5313.3090758650505,False,>=2000 Hz
221893,an arabiensis,IFA_62_13_2453.wav,0,99.4949494949495,99.44444444444444,False,-41.075584303052494,0,44.37407700982649,True,<100 Hz
221893,an arabiensis,IFA_62_13_2453.wav,100,100.0,99.94949494949495,False,-51.88095887420073,34,5435.453615558967,False,>=2000 Hz
221893,an arabiensis,IFA_62_13_2453.wav,150,99.97474747474747,99.94949494949495,False,-51.63458263518987,34,5490.128899271392,False,>=2000 Hz
221893,an arabiensis,IFA_62_13_2453.wav,200,99.97474747474747,99.94949494949495,False,-51.660529141595134,34,5542.124294130725,False,>=2000 Hz
221893,an arabiensis,IFA_62_13_2453.wav,300,99.97474747474747,99.97474747474747,False,-51.77750812354447,33,5313.3090758650505,False,>=2000 Hz
221892,an arabiensis,IFA_62_13_2453.wav,0,100.0,100.0,True,-55.21436259588073,0,44.37407700982649,True,<100 Hz
221892,an arabiensis,IFA_62_13_2453.wav,100,100.0,100.0,True,-63.44589913434936,36,6192.935304310192,False,>=2000 Hz
221892,an arabiensis,IFA_62_13_2453.wav,150,100.0,100.0,True,-63.27668128850245,36,6233.825044478617,False,>=2000 Hz
221892,an arabiensis,IFA_62_13_2453.wav,200,100.0,100.0,True,-63.04679725945046,36,6272.599048553766,False,>=2000 Hz
221892,an arabiensis,IFA_62_13_2453.wav,300,100.0,100.0,True,-62.80059178437629,36,6344.640540634074,False,>=2000 Hz
221890,an arabiensis,IFA_62_13_2453.wav,0,99.87373737373737,99.87373737373737,False,-45.74772417711944,0,44.37407700982649,True,<100 Hz
221890,an arabiensis,IFA_62_13_2453.wav,100,100.0,100.0,True,-54.5174026598166,34,5435.453615558967,False,>=2000 Hz
221890,an arabiensis,IFA_62_13_2453.wav,150,100.0,100.0,True,-54.65551264324907,34,5490.128899271392,False,>=2000 Hz
221890,an arabiensis,IFA_62_13_2453.wav,200,100.0,100.0,True,-54.61775580245124,33,5206.106474135096,False,>=2000 Hz
221890,an arabiensis,IFA_62_13_2453.wav,300,100.0,100.0,True,-54.90172763216262,33,5313.3090758650505,False,>=2000 Hz
221891,an arabiensis,IFA_62_13_2453.wav,0,99.5959595959596,99.57070707070706,False,-48.2167308568569,0,44.37407700982649,True,<100 Hz
221891,an arabiensis,IFA_62_13_2453.wav,100,100.0,100.0,True,-58.54543779407795,13,1107.1435959963192,False,800-2000 Hz
221891,an arabiensis,IFA_62_13_2453.wav,150,100.0,100.0,True,-58.55541592763689,12,1077.0295067481677,False,800-2000 Hz
221891,an arabiensis,IFA_62_13_2453.wav,200,100.0,100.0,True,-58.59599719040882,12,1147.767526900907,False,800-2000 Hz
221891,an arabiensis,IFA_62_13_2453.wav,300,100.0,100.0,True,-58.53896339995198,10,1086.7596689771533,False,800-2000 Hz
221954,an arabiensis,IFA_62_14_2454.wav,0,99.34343434343434,99.29292929292929,False,-47.02784769265955,13,955.0184679215481,False,800-2000 Hz
221954,an arabiensis,IFA_62_14_2454.wav,100,99.64646464646465,99.57070707070706,False,-48.894001262541764,11,908.5521219032305,False,800-2000 Hz
221954,an arabiensis,IFA_62_14_2454.wav,150,99.39393939393939,99.31818181818181,False,-47.214743711473815,11,979.0284142678163,False,800-2000 Hz
221954,an arabiensis,IFA_62_14_2454.wav,200,99.41919191919192,99.34343434343434,False,-47.109013097372255,10,954.1887019828487,False,800-2000 Hz
221954,an arabiensis,IFA_62_14_2454.wav,300,99.36868686868688,99.31818181818181,False,-47.214743711473815,9,994.9271530483034,False,800-2000 Hz
221885,an squamosus,IFA_62_16_2456.wav,0,98.51010101010101,98.45959595959596,False,-40.51414672329726,0,44.37407700982649,True,<100 Hz
221885,an squamosus,IFA_62_16_2456.wav,100,99.4949494949495,99.44444444444444,False,-44.007936019137155,11,908.5521219032305,False,800-2000 Hz
221885,an squamosus,IFA_62_16_2456.wav,150,99.4949494949495,99.4949494949495,False,-43.289121787564504,11,979.0284142678163,False,800-2000 Hz
221885,an squamosus,IFA_62_16_2456.wav,200,99.4949494949495,99.46969696969697,False,-43.24883329942125,10,954.1887019828487,False,800-2000 Hz
221885,an squamosus,IFA_62_16_2456.wav,300,99.54545454545455,99.52020202020202,False,-43.289121787564504,9,994.9271530483034,False,800-2000 Hz
221894,an arabiensis,IFA_62_18_2458.wav,0,100.0,100.0,True,-52.1083970954792,12,856.358507538126,False,800-2000 Hz
221894,an arabiensis,IFA_62_18_2458.wav,100,99.64646464646465,99.62121212121212,False,-49.445901684656725,11,908.5521219032305,False,800-2000 Hz
221894,an arabiensis,IFA_62_18_2458.wav,150,99.62121212121212,99.62121212121212,False,-49.44417543581793,10,886.4319670625546,False,800-2000 Hz
221894,an arabiensis,IFA_62_18_2458.wav,200,100.0,100.0,True,-52.1396248369836,9,865.1425927882087,False,800-2000 Hz
221894,an arabiensis,IFA_62_18_2458.wav,300,99.67171717171716,99.64646464646465,False,-49.55441080215759,8,907.814472208775,False,800-2000 Hz
221921,an arabiensis,IFA_62_20_2460.wav,0,99.92424242424242,99.92424242424242,False,-50.57939956214763,0,44.37407700982649,True,<100 Hz
221921,an arabiensis,IFA_62_20_2460.wav,100,100.0,100.0,True,-61.573268510126304,34,5435.453615558967,False,>=2000 Hz
221921,an arabiensis,IFA_62_20_2460.wav,150,100.0,100.0,True,-59.576797031547585,11,979.0284142678163,False,800-2000 Hz
221921,an arabiensis,IFA_62_20_2460.wav,200,100.0,100.0,True,-59.55062823473807,10,954.1887019828487,False,800-2000 Hz
221921,an arabiensis,IFA_62_20_2460.wav,300,100.0,100.0,True,-59.576797031547585,9,994.9271530483034,False,800-2000 Hz
221926,an arabiensis,IFA_62_21_2461.wav,0,99.94949494949495,99.92424242424242,False,-49.812923565950136,13,955.0184679215481,False,800-2000 Hz
221926,an arabiensis,IFA_62_21_2461.wav,100,99.94949494949495,99.94949494949495,False,-49.266541649386404,11,908.5521219032305,False,800-2000 Hz
221926,an arabiensis,IFA_62_21_2461.wav,150,99.94949494949495,99.94949494949495,False,-49.44254447765851,11,979.0284142678163,False,800-2000 Hz
221926,an arabiensis,IFA_62_21_2461.wav,200,99.94949494949495,99.92424242424242,False,-49.93266509684189,10,954.1887019828487,False,800-2000 Hz
221926,an arabiensis,IFA_62_21_2461.wav,300,99.94949494949495,99.94949494949495,False,-49.47255179109234,9,994.9271530483034,False,800-2000 Hz
221911,an arabiensis,IFA_62_22_2462.wav,0,99.97474747474747,99.97474747474747,False,-51.68143960915166,13,955.0184679215481,False,800-2000 Hz
221911,an arabiensis,IFA_62_22_2462.wav,100,100.0,100.0,True,-52.92956231271024,11,908.5521219032305,False,800-2000 Hz
221911,an arabiensis,IFA_62_22_2462.wav,150,99.97474747474747,99.97474747474747,False,-51.79925569077804,10,886.4319670625546,False,800-2000 Hz
221911,an arabiensis,IFA_62_22_2462.wav,200,99.97474747474747,99.97474747474747,False,-51.7159703867125,10,954.1887019828487,False,800-2000 Hz
221911,an arabiensis,IFA_62_22_2462.wav,300,99.97474747474747,99.97474747474747,False,-51.79925569077804,8,907.814472208775,False,800-2000 Hz
221929,an arabiensis,IFA_62_23_2463.wav,0,99.82323232323232,99.82323232323232,False,-47.942806652174276,0,44.37407700982649,True,<100 Hz
221929,an arabiensis,IFA_62_23_2463.wav,100,100.0,100.0,True,-56.741159255821444,36,6192.935304310192,False,>=2000 Hz
221929,an arabiensis,IFA_62_23_2463.wav,150,100.0,100.0,True,-56.75408221947187,36,6233.825044478617,False,>=2000 Hz
221929,an arabiensis,IFA_62_23_2463.wav,200,100.0,100.0,True,-57.00930983681768,36,6272.599048553766,False,>=2000 Hz
221929,an arabiensis,IFA_62_23_2463.wav,300,100.0,100.0,True,-56.8789453072562,33,5313.3090758650505,False,>=2000 Hz
221914,an funestus ss,IFA_62_26_2466.wav,0,100.0,100.0,True,-57.99709104530157,37,6535.01859571434,False,>=2000 Hz
221914,an funestus ss,IFA_62_26_2466.wav,100,100.0,100.0,True,-58.145664950388145,37,6606.055464843051,False,>=2000 Hz
221914,an funestus ss,IFA_62_26_2466.wav,150,100.0,100.0,True,-58.392689189969296,37,6638.536735866427,False,>=2000 Hz
221914,an funestus ss,IFA_62_26_2466.wav,200,100.0,100.0,True,-58.66589239357634,37,6669.293138350332,False,>=2000 Hz
221914,an funestus ss,IFA_62_26_2466.wav,300,100.0,100.0,True,-59.42752131508848,37,6726.324829246307,False,>=2000 Hz
221957,an arabiensis,IFA_62_27_2467.wav,0,99.52020202020202,99.52020202020202,False,-37.27583430640521,0,44.37407700982649,True,<100 Hz
221957,an arabiensis,IFA_62_27_2467.wav,100,99.97474747474747,99.97474747474747,False,-51.65845666737056,12,1004.9588458152629,False,800-2000 Hz
221957,an arabiensis,IFA_62_27_2467.wav,150,100.0,100.0,True,-52.372138822445855,11,979.0284142678163,False,800-2000 Hz
221957,an arabiensis,IFA_62_27_2467.wav,200,99.97474747474747,99.97474747474747,False,-51.868716296091684,34,5542.124294130725,False,>=2000 Hz
221957,an arabiensis,IFA_62_27_2467.wav,300,100.0,100.0,True,-52.372138822445855,9,994.9271530483034,False,800-2000 Hz
221958,an arabiensis,IFA_62_27_2467.wav,0,99.64646464646465,99.64646464646465,False,-47.12357373201084,0,44.37407700982649,True,<100 Hz
221958,an arabiensis,IFA_62_27_2467.wav,100,99.74747474747475,99.74747474747475,False,-47.654627673158146,34,5435.453615558967,False,>=2000 Hz
221958,an arabiensis,IFA_62_27_2467.wav,150,99.74747474747475,99.74747474747475,False,-47.96609951385604,34,5490.128899271392,False,>=2000 Hz
221958,an arabiensis,IFA_62_27_2467.wav,200,99.74747474747475,99.74747474747475,False,-47.63875142997527,34,5542.124294130725,False,>=2000 Hz
221958,an arabiensis,IFA_62_27_2467.wav,300,99.72222222222223,99.72222222222223,False,-47.79381541477011,32,5004.24831571783,False,>=2000 Hz
221920,an arabiensis,IFA_62_29_2469.wav,0,99.79797979797979,99.77272727272727,False,-48.1307532014635,0,44.37407700982649,True,<100 Hz
221920,an arabiensis,IFA_62_29_2469.wav,100,100.0,100.0,True,-53.36017850117081,11,908.5521219032305,False,800-2000 Hz
221920,an arabiensis,IFA_62_29_2469.wav,150,100.0,100.0,True,-53.259996193851066,10,886.4319670625546,False,800-2000 Hz
221920,an arabiensis,IFA_62_29_2469.wav,200,100.0,100.0,True,-55.45662010477158,9,865.1425927882087,False,800-2000 Hz
221920,an arabiensis,IFA_62_29_2469.wav,300,100.0,100.0,True,-53.5690323350086,8,907.814472208775,False,800-2000 Hz
221875,an arabiensis,IFA_62_33_2473.wav,0,99.21717171717171,99.19191919191918,False,-41.41944290548228,0,44.37407700982649,True,<100 Hz
221875,an arabiensis,IFA_62_33_2473.wav,100,99.67171717171716,99.67171717171716,False,-48.328838412324124,10,817.5967063546011,False,800-2000 Hz
221875,an arabiensis,IFA_62_33_2473.wav,150,99.69696969696969,99.67171717171716,False,-48.328838412324124,38,7066.870533681113,False,>=2000 Hz
221875,an arabiensis,IFA_62_33_2473.wav,200,99.69696969696969,99.69696969696969,False,-48.328838412324124,9,865.1425927882087,False,800-2000 Hz
221875,an arabiensis,IFA_62_33_2473.wav,300,99.72222222222223,99.72222222222223,False,-48.627294358283855,7,825.1790452437867,False,800-2000 Hz
221961,an arabiensis,IFA_62_36_2476.wav,0,100.0,100.0,True,-57.106963090508785,13,955.0184679215481,False,800-2000 Hz
221961,an arabiensis,IFA_62_36_2476.wav,100,100.0,100.0,True,-55.252584946706605,11,908.5521219032305,False,800-2000 Hz
221961,an arabiensis,IFA_62_36_2476.wav,150,100.0,100.0,True,-55.421610544480764,10,886.4319670625546,False,800-2000 Hz
221961,an arabiensis,IFA_62_36_2476.wav,200,100.0,100.0,True,-57.23878167389087,10,954.1887019828487,False,800-2000 Hz
221961,an arabiensis,IFA_62_36_2476.wav,300,100.0,100.0,True,-55.5774772332235,8,907.814472208775,False,800-2000 Hz
221942,an arabiensis,IFA_62_37_2477.wav,0,99.77272727272727,99.74747474747475,False,-47.66904560154984,0,44.37407700982649,True,<100 Hz
221942,an arabiensis,IFA_62_37_2477.wav,100,100.0,100.0,True,-52.02770377749148,23,2534.299911099232,False,>=2000 Hz
221942,an arabiensis,IFA_62_37_2477.wav,150,99.94949494949495,99.94949494949495,False,-51.385090996666776,22,2433.72276470684,False,>=2000 Hz
221942,an arabiensis,IFA_62_37_2477.wav,200,100.0,100.0,True,-52.02770377749148,22,2513.3551754706027,False,>=2000 Hz
221942,an arabiensis,IFA_62_37_2477.wav,300,100.0,100.0,True,-52.206993187548974,21,2492.510114683347,False,>=2000 Hz
221928,an funestus ss,IFA_62_38_2478.wav,0,100.0,100.0,True,-54.8976575796644,14,1059.9326349904563,False,800-2000 Hz
221928,an funestus ss,IFA_62_38_2478.wav,100,100.0,100.0,True,-55.29943721586801,12,1004.9588458152629,False,800-2000 Hz
221928,an funestus ss,IFA_62_38_2478.wav,150,100.0,100.0,True,-55.0029497091769,12,1077.0295067481677,False,800-2000 Hz
221928,an funestus ss,IFA_62_38_2478.wav,200,100.0,100.0,True,-55.54809123987786,11,1048.3009371645,False,800-2000 Hz
221928,an funestus ss,IFA_62_38_2478.wav,300,100.0,100.0,True,-55.0029497091769,10,1086.7596689771533,False,800-2000 Hz
221884,an arabiensis,IFA_62_40_2480.wav,0,99.84848484848486,99.84848484848486,False,-46.76510520341079,0,44.37407700982649,True,<100 Hz
221884,an arabiensis,IFA_62_40_2480.wav,100,100.0,100.0,True,-52.281889591401516,11,908.5521219032305,False,800-2000 Hz
221884,an arabiensis,IFA_62_40_2480.wav,150,100.0,100.0,True,-52.87682819067275,11,979.0284142678163,False,800-2000 Hz
221884,an arabiensis,IFA_62_40_2480.wav,200,100.0,100.0,True,-52.808005919747856,10,954.1887019828487,False,800-2000 Hz
221884,an arabiensis,IFA_62_40_2480.wav,300,100.0,100.0,True,-52.94686092939586,9,994.9271530483034,False,800-2000 Hz
221888,an arabiensis,IFA_63_10_2490.wav,0,99.79797979797979,99.79797979797979,False,-47.351934448856014,12,856.358507538126,False,800-2000 Hz
221888,an arabiensis,IFA_63_10_2490.wav,100,99.77272727272727,99.74747474747475,False,-47.29964358532079,10,817.5967063546011,False,800-2000 Hz
221888,an arabiensis,IFA_63_10_2490.wav,150,99.74747474747475,99.69696969696969,False,-50.13640670292921,10,886.4319670625546,False,800-2000 Hz
221888,an arabiensis,IFA_63_10_2490.wav,200,99.79797979797979,99.79797979797979,False,-47.351934448856014,9,865.1425927882087,False,800-2000 Hz
221888,an arabiensis,IFA_63_10_2490.wav,300,99.77272727272727,99.74747474747475,False,-47.29964358532079,7,825.1790452437867,False,800-2000 Hz
221910,an funestus ss,IFA_63_13_2493.wav,0,100.0,100.0,True,-53.40916479513386,0,44.37407700982649,True,<100 Hz
221910,an funestus ss,IFA_63_13_2493.wav,100,100.0,100.0,True,-61.564805790236214,10,817.5967063546011,False,800-2000 Hz
221910,an funestus ss,IFA_63_13_2493.wav,150,100.0,100.0,True,-62.38912754007426,9,798.9421052862099,False,300-800 Hz
221910,an funestus ss,IFA_63_13_2493.wav,200,100.0,100.0,True,-61.97836177286866,9,865.1425927882087,False,800-2000 Hz
221910,an funestus ss,IFA_63_13_2493.wav,300,100.0,100.0,True,-61.564805790236214,7,825.1790452437867,False,800-2000 Hz
221909,an funestus ss,IFA_63_13_2493.wav,0,100.0,100.0,True,-54.53496753108656,0,44.37407700982649,True,<100 Hz
221909,an funestus ss,IFA_63_13_2493.wav,100,100.0,100.0,True,-58.59277925560471,17,1580.907710730555,False,800-2000 Hz
221909,an funestus ss,IFA_63_13_2493.wav,150,100.0,100.0,True,-58.18307124169203,16,1529.6721664501665,False,800-2000 Hz
221909,an funestus ss,IFA_63_13_2493.wav,200,100.0,100.0,True,-58.37095417333331,17,1736.7054285722647,False,800-2000 Hz
221909,an funestus ss,IFA_63_13_2493.wav,300,100.0,100.0,True,-58.18307124169203,14,1506.6149479788903,False,800-2000 Hz
221946,an funestus ss,IFA_63_14_2494.wav,0,99.8989898989899,99.8989898989899,False,-43.872368053066175,0,44.37407700982649,True,<100 Hz
221946,an funestus ss,IFA_63_14_2494.wav,100,100.0,100.0,True,-61.358035609717945,7,574.4420356195228,False,300-800 Hz
221946,an funestus ss,IFA_63_14_2494.wav,150,100.0,100.0,True,-61.28630722744614,6,564.3726097218181,False,300-800 Hz
221946,an funestus ss,IFA_63_14_2494.wav,200,100.0,100.0,True,-63.33112026247693,5,554.3806613018434,False,300-800 Hz
221946,an funestus ss,IFA_63_14_2494.wav,300,100.0,100.0,True,-61.358035609717945,4,601.8936796253,False,300-800 Hz
221948,an funestus ss,IFA_63_14_2494.wav,0,99.82323232323232,99.79797979797979,False,-45.88589852875781,0,44.37407700982649,True,<100 Hz
221948,an funestus ss,IFA_63_14_2494.wav,100,100.0,100.0,True,-57.581580091496065,35,5803.174981087622,False,>=2000 Hz
221948,an funestus ss,IFA_63_14_2494.wav,150,100.0,100.0,True,-57.60064207962519,35,5851.432728061765,False,>=2000 Hz
221948,an funestus ss,IFA_63_14_2494.wav,200,100.0,100.0,True,-57.74807847896187,36,6272.599048553766,False,>=2000 Hz
221948,an funestus ss,IFA_63_14_2494.wav,300,100.0,100.0,True,-57.933448274765084,37,6726.324829246307,False,>=2000 Hz
221949,an funestus ss,IFA_63_14_2494.wav,0,99.97474747474747,99.97474747474747,False,-51.84292360636624,0,44.37407700982649,True,<100 Hz
221949,an funestus ss,IFA_63_14_2494.wav,100,100.0,100.0,True,-61.3014797501883,36,6192.935304310192,False,>=2000 Hz
221949,an funestus ss,IFA_63_14_2494.wav,150,100.0,100.0,True,-60.9925865673188,35,5851.432728061765,False,>=2000 Hz
221949,an funestus ss,IFA_63_14_2494.wav,200,100.0,100.0,True,-61.007134317154915,36,6272.599048553766,False,>=2000 Hz
221949,an funestus ss,IFA_63_14_2494.wav,300,100.0,100.0,True,-61.3014797501883,35,5982.573343857049,False,>=2000 Hz
221947,an funestus ss,IFA_63_14_2494.wav,0,100.0,100.0,True,-56.32612615524552,0,44.37407700982649,True,<100 Hz
221947,an funestus ss,IFA_63_14_2494.wav,100,100.0,100.0,True,-58.90422971143538,17,1580.907710730555,False,800-2000 Hz
221947,an funestus ss,IFA_63_14_2494.wav,150,100.0,100.0,True,-59.25389859833514,36,6233.825044478617,False,>=2000 Hz
221947,an funestus ss,IFA_63_14_2494.wav,200,100.0,100.0,True,-59.245085443765255,16,1605.5359087903153,False,800-2000 Hz
221947,an funestus ss,IFA_63_14_2494.wav,300,100.0,100.0,True,-59.37973906764353,37,6726.324829246307,False,>=2000 Hz
221955,an funestus ss,IFA_63_17_2497.wav,0,99.79797979797979,99.79797979797979,False,-43.39423616177513,0,44.37407700982649,True,<100 Hz
221955,an funestus ss,IFA_63_17_2497.wav,100,100.0,100.0,True,-66.5235156443509,37,6606.055464843051,False,>=2000 Hz
221955,an funestus ss,IFA_63_17_2497.wav,150,100.0,100.0,True,-66.87197004632726,37,6638.536735866427,False,>=2000 Hz
221955,an funestus ss,IFA_63_17_2497.wav,200,100.0,100.0,True,-69.0354335005782,37,6669.293138350332,False,>=2000 Hz
221955,an funestus ss,IFA_63_17_2497.wav,300,100.0,100.0,True,-66.87118984032693,37,6726.324829246307,False,>=2000 Hz
221944,an funestus ss,IFA_63_19_2499.wav,0,100.0,100.0,True,-53.62000113677817,0,44.37407700982649,True,<100 Hz
221944,an funestus ss,IFA_63_19_2499.wav,100,100.0,100.0,True,-63.489343518643736,37,6606.055464843051,False,>=2000 Hz
221944,an funestus ss,IFA_63_19_2499.wav,150,100.0,100.0,True,-63.489343518643736,35,5851.432728061765,False,>=2000 Hz
221944,an funestus ss,IFA_63_19_2499.wav,200,100.0,100.0,True,-63.489343518643736,36,6272.599048553766,False,>=2000 Hz
221944,an funestus ss,IFA_63_19_2499.wav,300,100.0,100.0,True,-63.85243060479436,35,5982.573343857049,False,>=2000 Hz
221887,an arabiensis,IFA_63_20_2500.wav,0,99.92424242424242,99.8989898989899,False,-48.53424354314079,0,44.37407700982649,True,<100 Hz
221887,an arabiensis,IFA_63_20_2500.wav,100,100.0,100.0,True,-61.23624572782524,10,817.5967063546011,False,800-2000 Hz
221887,an arabiensis,IFA_63_20_2500.wav,150,100.0,100.0,True,-59.40747729973458,9,798.9421052862099,False,300-800 Hz
221887,an arabiensis,IFA_63_20_2500.wav,200,100.0,100.0,True,-59.885468085284586,8,780.8898965537708,False,300-800 Hz
221887,an arabiensis,IFA_63_20_2500.wav,300,100.0,100.0,True,-61.23624572782524,7,825.1790452437867,False,800-2000 Hz
221886,an arabiensis,IFA_63_20_2500.wav,0,100.0,100.0,True,-53.64688930378247,0,44.37407700982649,True,<100 Hz
221886,an arabiensis,IFA_63_20_2500.wav,100,100.0,100.0,True,-61.66474875658064,11,908.5521219032305,False,800-2000 Hz
221886,an arabiensis,IFA_63_20_2500.wav,150,100.0,100.0,True,-59.411609177055425,15,1406.7083623290937,False,800-2000 Hz
221886,an arabiensis,IFA_63_20_2500.wav,200,100.0,100.0,True,-59.44329533863109,10,954.1887019828487,False,800-2000 Hz
221886,an arabiensis,IFA_63_20_2500.wav,300,100.0,100.0,True,-59.411609177055425,13,1393.2034993786915,False,800-2000 Hz
221873,an arabiensis,IFA_63_21_2501.wav,0,99.26767676767678,99.21717171717171,False,-43.743519532410204,0,44.37407700982649,True,<100 Hz
221873,an arabiensis,IFA_63_21_2501.wav,100,100.0,100.0,True,-53.79404980409766,35,5803.174981087622,False,>=2000 Hz
221873,an arabiensis,IFA_63_21_2501.wav,150,100.0,100.0,True,-54.30328132292922,35,5851.432728061765,False,>=2000 Hz
221873,an arabiensis,IFA_63_21_2501.wav,200,100.0,100.0,True,-54.30328132292922,36,6272.599048553766,False,>=2000 Hz
221873,an arabiensis,IFA_63_21_2501.wav,300,100.0,100.0,True,-53.79404980409766,6,746.7907586719966,False,300-800 Hz
221874,an arabiensis,IFA_63_21_2501.wav,0,100.0,100.0,True,-59.22200506106694,12,856.358507538126,False,800-2000 Hz
221874,an arabiensis,IFA_63_21_2501.wav,100,100.0,100.0,True,-58.34867878678514,10,817.5967063546011,False,800-2000 Hz
221874,an arabiensis,IFA_63_21_2501.wav,150,100.0,100.0,True,-58.59496050769322,10,886.4319670625546,False,800-2000 Hz
221874,an arabiensis,IFA_63_21_2501.wav,200,100.0,100.0,True,-59.22200506106694,9,865.1425927882087,False,800-2000 Hz
221874,an arabiensis,IFA_63_21_2501.wav,300,100.0,100.0,True,-58.34867878678514,7,825.1790452437867,False,800-2000 Hz
221927,culex pipiens complex,IFA_63_22_2502.wav,0,100.0,100.0,True,-54.928082966906054,0,44.37407700982649,True,<100 Hz
221927,culex pipiens complex,IFA_63_22_2502.wav,100,100.0,100.0,True,-55.0321146898764,35,5803.174981087622,False,>=2000 Hz
221927,culex pipiens complex,IFA_63_22_2502.wav,150,100.0,100.0,True,-54.94869512775936,9,798.9421052862099,False,300-800 Hz
221927,culex pipiens complex,IFA_63_22_2502.wav,200,100.0,100.0,True,-55.31833395385356,8,780.8898965537708,False,300-800 Hz
221927,culex pipiens complex,IFA_63_22_2502.wav,300,100.0,100.0,True,-55.491541725379506,6,746.7907586719966,False,300-800 Hz
221938,an funestus ss,IFA_63_26_2506.wav,0,99.84848484848486,99.84848484848486,False,-44.72016777407209,0,44.37407700982649,True,<100 Hz
221938,an funestus ss,IFA_63_26_2506.wav,100,100.0,100.0,True,-62.13196291209741,29,3886.19867245134,False,>=2000 Hz
221938,an funestus ss,IFA_63_26_2506.wav,150,100.0,100.0,True,-62.777657656607275,29,3961.4038001847744,False,>=2000 Hz
221938,an funestus ss,IFA_63_26_2506.wav,200,100.0,100.0,True,-62.430374978892125,28,3778.6339888939056,False,>=2000 Hz
221938,an funestus ss,IFA_63_26_2506.wav,300,100.0,100.0,True,-62.27659094952077,28,3918.894130890742,False,>=2000 Hz
221937,an funestus ss,IFA_63_26_2506.wav,0,100.0,100.0,True,-59.2333129666715,0,44.37407700982649,True,<100 Hz
221937,an funestus ss,IFA_63_26_2506.wav,100,100.0,100.0,True,-62.028226780898706,17,1580.907710730555,False,800-2000 Hz
221937,an funestus ss,IFA_63_26_2506.wav,150,100.0,100.0,True,-62.957646656453505,20,2097.6113795318697,False,>=2000 Hz
221937,an funestus ss,IFA_63_26_2506.wav,200,100.0,100.0,True,-62.028226780898706,16,1605.5359087903153,False,800-2000 Hz
221937,an funestus ss,IFA_63_26_2506.wav,300,100.0,100.0,True,-63.32885754558,19,2172.778054140427,False,>=2000 Hz
221936,an funestus ss,IFA_63_26_2506.wav,0,100.0,100.0,True,-53.29964036383268,0,44.37407700982649,True,<100 Hz
221936,an funestus ss,IFA_63_26_2506.wav,100,100.0,100.0,True,-66.8343102042989,38,7043.93550770528,False,>=2000 Hz
221936,an funestus ss,IFA_63_26_2506.wav,150,100.0,100.0,True,-66.69266040785575,38,7066.870533681113,False,>=2000 Hz
221936,an funestus ss,IFA_63_26_2506.wav,200,100.0,100.0,True,-67.17854645897918,38,7088.556459474228,False,>=2000 Hz
221936,an funestus ss,IFA_63_26_2506.wav,300,100.0,100.0,True,-66.96844752149973,37,6726.324829246307,False,>=2000 Hz
221905,culex pipiens complex,IFA_63_27_2507.wav,0,98.53535353535354,98.53535353535354,False,-37.0203912636267,0,44.37407700982649,True,<100 Hz
221905,culex pipiens complex,IFA_63_27_2507.wav,100,99.87373737373737,99.87373737373737,False,-48.698565024738805,37,6606.055464843051,False,>=2000 Hz
221905,culex pipiens complex,IFA_63_27_2507.wav,150,99.8989898989899,99.8989898989899,False,-48.9816286948632,37,6638.536735866427,False,>=2000 Hz
221905,culex pipiens complex,IFA_63_27_2507.wav,200,99.8989898989899,99.8989898989899,False,-49.17047530874956,32,4888.1767232060765,False,>=2000 Hz
221905,culex pipiens complex,IFA_63_27_2507.wav,300,99.8989898989899,99.8989898989899,False,-49.536685167129605,32,5004.24831571783,False,>=2000 Hz
221902,culex pipiens complex,IFA_63_27_2507.wav,0,100.0,100.0,True,-53.194272877625565,0,44.37407700982649,True,<100 Hz
221902,culex pipiens complex,IFA_63_27_2507.wav,100,100.0,100.0,True,-59.90642035551673,11,908.5521219032305,False,800-2000 Hz
221902,culex pipiens complex,IFA_63_27_2507.wav,150,100.0,100.0,True,-58.654280672736824,10,886.4319670625546,False,800-2000 Hz
221902,culex pipiens complex,IFA_63_27_2507.wav,200,100.0,100.0,True,-58.9515913969064,9,865.1425927882087,False,800-2000 Hz
221902,culex pipiens complex,IFA_63_27_2507.wav,300,100.0,100.0,True,-59.81021266307544,8,907.814472208775,False,800-2000 Hz
221903,culex pipiens complex,IFA_63_27_2507.wav,0,99.21717171717171,99.21717171717171,False,-45.01890264125359,0,44.37407700982649,True,<100 Hz
221903,culex pipiens complex,IFA_63_27_2507.wav,100,99.69696969696969,99.69696969696969,False,-49.4552183854549,35,5803.174981087622,False,>=2000 Hz
221903,culex pipiens complex,IFA_63_27_2507.wav,150,99.69696969696969,99.69696969696969,False,-49.62763793222757,35,5851.432728061765,False,>=2000 Hz
221903,culex pipiens complex,IFA_63_27_2507.wav,200,99.69696969696969,99.69696969696969,False,-49.88248632097941,34,5542.124294130725,False,>=2000 Hz
221903,culex pipiens complex,IFA_63_27_2507.wav,300,99.77272727272727,99.69696969696969,False,-49.61701847394106,34,5639.114996491976,False,>=2000 Hz
221904,culex pipiens complex,IFA_63_27_2507.wav,0,99.84848484848486,99.84848484848486,False,-49.6486947357403,0,44.37407700982649,True,<100 Hz
221904,culex pipiens complex,IFA_63_27_2507.wav,100,100.0,100.0,True,-54.28298458082292,19,1862.5080507980697,False,800-2000 Hz
221904,culex pipiens complex,IFA_63_27_2507.wav,150,100.0,100.0,True,-54.62860808681428,18,1797.5500446410404,False,800-2000 Hz
221904,culex pipiens complex,IFA_63_27_2507.wav,200,100.0,100.0,True,-54.91125174593471,18,1875.3376136955906,False,800-2000 Hz
221904,culex pipiens complex,IFA_63_27_2507.wav,300,100.0,100.0,True,-54.72607437008332,17,1885.0673770439807,False,800-2000 Hz
221924,an arabiensis,IFA_63_28_2508.wav,0,99.67171717171716,99.67171717171716,False,-38.94738047313559,0,44.37407700982649,True,<100 Hz
221924,an arabiensis,IFA_63_28_2508.wav,100,100.0,100.0,True,-54.98429018832112,11,908.5521219032305,False,800-2000 Hz
221924,an arabiensis,IFA_63_28_2508.wav,150,100.0,100.0,True,-54.80316868716686,11,979.0284142678163,False,800-2000 Hz
221924,an arabiensis,IFA_63_28_2508.wav,200,100.0,100.0,True,-54.62561781172049,10,954.1887019828487,False,800-2000 Hz
221924,an arabiensis,IFA_63_28_2508.wav,300,100.0,100.0,True,-55.348705185350624,9,994.9271530483034,False,800-2000 Hz
221925,an arabiensis,IFA_63_28_2508.wav,0,99.4949494949495,99.44444444444444,False,-42.730691413970625,32,4620.7597577448405,False,>=2000 Hz
221925,an arabiensis,IFA_63_28_2508.wav,100,99.52020202020202,99.44444444444444,False,-41.69739218848913,32,4761.213460851244,False,>=2000 Hz
221925,an arabiensis,IFA_63_28_2508.wav,150,99.44444444444444,99.39393939393939,False,-41.65692318530628,32,4826.198821544699,False,>=2000 Hz
221925,an arabiensis,IFA_63_28_2508.wav,200,99.44444444444444,99.39393939393939,False,-41.979040390726674,32,4888.1767232060765,False,>=2000 Hz
221925,an arabiensis,IFA_63_28_2508.wav,300,99.44444444444444,99.39393939393939,False,-42.22873110188033,31,4711.072079758159,False,>=2000 Hz
221879,an arabiensis,IFA_63_29_2509.wav,0,97.37373737373738,97.34848484848484,False,-33.857107788815696,0,44.37407700982649,True,<100 Hz
221879,an arabiensis,IFA_63_29_2509.wav,100,98.98989898989899,98.98989898989899,False,-42.42226142260329,33,5088.525017110928,False,>=2000 Hz
221879,an arabiensis,IFA_63_29_2509.wav,150,98.98989898989899,98.98989898989899,False,-42.546804969360196,33,5148.750552755978,False,>=2000 Hz
221879,an arabiensis,IFA_63_29_2509.wav,200,98.98989898989899,98.98989898989899,False,-42.61924320305371,33,5206.106474135096,False,>=2000 Hz
221879,an arabiensis,IFA_63_29_2509.wav,300,98.98989898989899,98.98989898989899,False,-42.82631336544331,32,5004.24831571783,False,>=2000 Hz
221878,an arabiensis,IFA_63_29_2509.wav,0,99.8989898989899,99.8989898989899,False,-48.3718068326546,0,44.37407700982649,True,<100 Hz
221878,an arabiensis,IFA_63_29_2509.wav,100,100.0,100.0,True,-53.57940981312478,10,817.5967063546011,False,800-2000 Hz
221878,an arabiensis,IFA_63_29_2509.wav,150,100.0,100.0,True,-53.41561367714306,9,798.9421052862099,False,300-800 Hz
221878,an arabiensis,IFA_63_29_2509.wav,200,100.0,100.0,True,-53.57366263718035,9,865.1425927882087,False,800-2000 Hz
221878,an arabiensis,IFA_63_29_2509.wav,300,100.0,100.0,True,-53.41561367714306,7,825.1790452437867,False,800-2000 Hz
221918,an funestus ss,IFA_63_31_2511.wav,0,100.0,100.0,True,-59.55046923316889,0,44.37407700982649,True,<100 Hz
221918,an funestus ss,IFA_63_31_2511.wav,100,100.0,100.0,True,-65.46671803544794,12,1004.9588458152629,False,800-2000 Hz
221918,an funestus ss,IFA_63_31_2511.wav,150,100.0,100.0,True,-65.3407879481219,33,5148.750552755978,False,>=2000 Hz
221918,an funestus ss,IFA_63_31_2511.wav,200,100.0,100.0,True,-64.60907146934198,32,4888.1767232060765,False,>=2000 Hz
221918,an funestus ss,IFA_63_31_2511.wav,300,100.0,100.0,True,-64.63026459643021,32,5004.24831571783,False,>=2000 Hz
221950,an funestus ss,IFA_63_32_2512.wav,0,100.0,100.0,True,-57.212206170602784,17,1416.292269585413,False,800-2000 Hz
221950,an funestus ss,IFA_63_32_2512.wav,100,100.0,100.0,True,-55.13491128793626,16,1451.9340170387993,False,800-2000 Hz
221950,an funestus ss,IFA_63_32_2512.wav,150,100.0,100.0,True,-57.212206170602784,15,1406.7083623290937,False,800-2000 Hz
221950,an funestus ss,IFA_63_32_2512.wav,200,100.0,100.0,True,-55.13491128793626,15,1481.4273339703952,False,800-2000 Hz
221950,an funestus ss,IFA_63_32_2512.wav,300,100.0,100.0,True,-57.212206170602784,13,1393.2034993786915,False,800-2000 Hz
221951,an funestus ss,IFA_63_32_2512.wav,0,99.46969696969697,99.41919191919192,False,-43.426978448360515,0,44.37407700982649,True,<100 Hz
221951,an funestus ss,IFA_63_32_2512.wav,100,100.0,100.0,True,-57.145704527065234,35,5803.174981087622,False,>=2000 Hz
221951,an funestus ss,IFA_63_32_2512.wav,150,100.0,100.0,True,-57.43157282918807,35,5851.432728061765,False,>=2000 Hz
221951,an funestus ss,IFA_63_32_2512.wav,200,100.0,100.0,True,-57.36170452956622,35,5897.259272926163,False,>=2000 Hz
221951,an funestus ss,IFA_63_32_2512.wav,300,100.0,100.0,True,-57.34911263628439,35,5982.573343857049,False,>=2000 Hz
221898,an arabiensis,IFA_63_33_2513.wav,0,99.64646464646465,99.64646464646465,False,-46.80666626133232,0,44.37407700982649,True,<100 Hz
221898,an arabiensis,IFA_63_33_2513.wav,100,100.0,100.0,True,-54.97663290238286,32,4761.213460851244,False,>=2000 Hz
221898,an arabiensis,IFA_63_33_2513.wav,150,100.0,100.0,True,-54.97663290238286,32,4826.198821544699,False,>=2000 Hz
221898,an arabiensis,IFA_63_33_2513.wav,200,100.0,100.0,True,-54.97663290238286,32,4888.1767232060765,False,>=2000 Hz
221898,an arabiensis,IFA_63_33_2513.wav,300,100.0,100.0,True,-55.25474263133497,31,4711.072079758159,False,>=2000 Hz
221900,an arabiensis,IFA_63_33_2513.wav,0,100.0,100.0,True,-58.469378359996355,0,44.37407700982649,True,<100 Hz
221900,an arabiensis,IFA_63_33_2513.wav,100,100.0,100.0,True,-61.757782513090696,36,6192.935304310192,False,>=2000 Hz
221900,an arabiensis,IFA_63_33_2513.wav,150,100.0,100.0,True,-61.757782513090696,35,5851.432728061765,False,>=2000 Hz
221900,an arabiensis,IFA_63_33_2513.wav,200,100.0,100.0,True,-61.99215559514041,35,5897.259272926163,False,>=2000 Hz
221900,an arabiensis,IFA_63_33_2513.wav,300,100.0,100.0,True,-62.37567316196153,35,5982.573343857049,False,>=2000 Hz
221899,an arabiensis,IFA_63_33_2513.wav,0,98.88888888888889,98.88888888888889,False,-40.94185847310996,0,44.37407700982649,True,<100 Hz
221899,an arabiensis,IFA_63_33_2513.wav,100,100.0,100.0,True,-57.995893984410365,35,5803.174981087622,False,>=2000 Hz
221899,an arabiensis,IFA_63_33_2513.wav,150,100.0,100.0,True,-58.039421108126064,35,5851.432728061765,False,>=2000 Hz
221899,an arabiensis,IFA_63_33_2513.wav,200,100.0,100.0,True,-58.08859406154343,32,4888.1767232060765,False,>=2000 Hz
221899,an arabiensis,IFA_63_33_2513.wav,300,100.0,100.0,True,-58.35922932767298,32,5004.24831571783,False,>=2000 Hz
221901,an arabiensis,IFA_63_33_2513.wav,0,100.0,100.0,True,-60.862708158841635,19,1693.1066090376025,False,800-2000 Hz
221901,an arabiensis,IFA_63_33_2513.wav,100,100.0,100.0,True,-60.93526081946534,18,1717.6112946200515,False,800-2000 Hz
221901,an arabiensis,IFA_63_33_2513.wav,150,100.0,100.0,True,-60.6723831067719,14,1290.525867743762,False,800-2000 Hz
221901,an arabiensis,IFA_63_33_2513.wav,200,100.0,100.0,True,-60.918351431091445,17,1736.7054285722647,False,800-2000 Hz
221901,an arabiensis,IFA_63_33_2513.wav,300,100.0,100.0,True,-60.6723831067719,12,1285.6209592998355,False,800-2000 Hz
221923,culex pipiens complex,IFA_63_36_2516.wav,0,100.0,100.0,True,-60.10710493974844,14,1059.9326349904563,False,800-2000 Hz
221923,culex pipiens complex,IFA_63_36_2516.wav,100,100.0,100.0,True,-60.10710493974844,13,1107.1435959963192,False,800-2000 Hz
221923,culex pipiens complex,IFA_63_36_2516.wav,150,100.0,100.0,True,-58.51207228211641,12,1077.0295067481677,False,800-2000 Hz
221923,culex pipiens complex,IFA_63_36_2516.wav,200,100.0,100.0,True,-60.21646567804808,12,1147.767526900907,False,800-2000 Hz
221923,culex pipiens complex,IFA_63_36_2516.wav,300,100.0,100.0,True,-58.56025753258783,10,1086.7596689771533,False,800-2000 Hz
221922,culex pipiens complex,IFA_63_36_2516.wav,0,100.0,100.0,True,-52.76687214241521,0,44.37407700982649,True,<100 Hz
221922,culex pipiens complex,IFA_63_36_2516.wav,100,100.0,100.0,True,-59.26517278980866,13,1107.1435959963192,False,800-2000 Hz
221922,culex pipiens complex,IFA_63_36_2516.wav,150,100.0,100.0,True,-59.270149687354234,12,1077.0295067481677,False,800-2000 Hz
221922,culex pipiens complex,IFA_63_36_2516.wav,200,100.0,100.0,True,-62.15473086705969,12,1147.767526900907,False,800-2000 Hz
221922,culex pipiens complex,IFA_63_36_2516.wav,300,100.0,100.0,True,-59.230410732513185,10,1086.7596689771533,False,800-2000 Hz
221945,culex pipiens complex,IFA_63_37_2517.wav,0,99.87373737373737,99.87373737373737,False,-47.496842425074604,0,44.37407700982649,True,<100 Hz
221945,culex pipiens complex,IFA_63_37_2517.wav,100,100.0,100.0,True,-52.61270132766079,6,502.37884079729855,False,300-800 Hz
221945,culex pipiens complex,IFA_63_37_2517.wav,150,100.0,100.0,True,-52.61270132766079,36,6233.825044478617,False,>=2000 Hz
221945,culex pipiens complex,IFA_63_37_2517.wav,200,100.0,100.0,True,-52.68416996136787,5,554.3806613018434,False,300-800 Hz
221945,culex pipiens complex,IFA_63_37_2517.wav,300,100.0,100.0,True,-52.97527236283658,3,534.9813946953967,False,300-800 Hz
221934,an arabiensis,IFA_63_38_2518.wav,0,99.39393939393939,99.39393939393939,False,-43.85135889248379,0,44.37407700982649,True,<100 Hz
221934,an arabiensis,IFA_63_38_2518.wav,100,100.0,100.0,True,-54.692006230358594,20,2016.0890276353948,False,>=2000 Hz
221934,an arabiensis,IFA_63_38_2518.wav,150,100.0,100.0,True,-57.07791756022751,19,1943.326394117477,False,800-2000 Hz
221934,an arabiensis,IFA_63_38_2518.wav,200,100.0,100.0,True,-54.69574027861937,19,2021.8570397331082,False,>=2000 Hz
221934,an arabiensis,IFA_63_38_2518.wav,300,100.0,100.0,True,-54.69574027861937,18,2025.1284060106793,False,>=2000 Hz
221933,an arabiensis,IFA_63_38_2518.wav,0,98.63636363636363,98.61111111111111,False,-43.26238356737228,0,44.37407700982649,True,<100 Hz
221933,an arabiensis,IFA_63_38_2518.wav,100,99.41919191919192,99.36868686868688,False,-45.19264823335743,15,1330.2531276925415,False,800-2000 Hz
221933,an arabiensis,IFA_63_38_2518.wav,150,99.36868686868688,99.31818181818181,False,-46.58702959758486,15,1406.7083623290937,False,800-2000 Hz
221933,an arabiensis,IFA_63_38_2518.wav,200,99.41919191919192,99.39393939393939,False,-46.74582942249523,14,1363.999608615931,False,800-2000 Hz
221933,an arabiensis,IFA_63_38_2518.wav,300,99.34343434343434,99.34343434343434,False,-45.603028747803464,13,1393.2034993786915,False,800-2000 Hz
221935,an arabiensis,IFA_63_38_2518.wav,0,99.26767676767678,99.26767676767678,False,-39.068074880728794,0,44.37407700982649,True,<100 Hz
221935,an arabiensis,IFA_63_38_2518.wav,100,99.77272727272727,99.74747474747475,False,-47.84394406797264,35,5803.174981087622,False,>=2000 Hz
221935,an arabiensis,IFA_63_38_2518.wav,150,99.72222222222223,99.72222222222223,False,-47.73302214008232,36,6233.825044478617,False,>=2000 Hz
221935,an arabiensis,IFA_63_38_2518.wav,200,99.67171717171716,99.67171717171716,False,-47.361104408817916,36,6272.599048553766,False,>=2000 Hz
221935,an arabiensis,IFA_63_38_2518.wav,300,99.67171717171716,99.64646464646465,False,-46.6963612119181,34,5639.114996491976,False,>=2000 Hz
221912,an funestus ss,IFA_63_39_2519.wav,0,98.98989898989899,98.96464646464646,False,-37.736443872935276,0,44.37407700982649,True,<100 Hz
221912,an funestus ss,IFA_63_39_2519.wav,100,100.0,100.0,True,-55.95750430982193,33,5088.525017110928,False,>=2000 Hz
221912,an funestus ss,IFA_63_39_2519.wav,150,100.0,100.0,True,-55.86760642952804,33,5148.750552755978,False,>=2000 Hz
221912,an funestus ss,IFA_63_39_2519.wav,200,100.0,100.0,True,-56.09446477313138,33,5206.106474135096,False,>=2000 Hz
221912,an funestus ss,IFA_63_39_2519.wav,300,100.0,100.0,True,-56.76404067420931,32,5004.24831571783,False,>=2000 Hz
221882,an arabiensis,IFA_63_40_2520.wav,0,99.39393939393939,99.39393939393939,False,-39.576031381355456,37,6535.01859571434,False,>=2000 Hz
221882,an arabiensis,IFA_63_40_2520.wav,100,99.46969696969697,99.44444444444444,False,-39.49585774733685,37,6606.055464843051,False,>=2000 Hz
221882,an arabiensis,IFA_63_40_2520.wav,150,99.44444444444444,99.44444444444444,False,-39.74062173201056,36,6233.825044478617,False,>=2000 Hz
221882,an arabiensis,IFA_63_40_2520.wav,200,99.44444444444444,99.44444444444444,False,-39.631360865720026,36,6272.599048553766,False,>=2000 Hz
221882,an arabiensis,IFA_63_40_2520.wav,300,99.41919191919192,99.39393939393939,False,-39.99201798371698,36,6344.640540634074,False,>=2000 Hz
221883,an arabiensis,IFA_63_40_2520.wav,0,100.0,100.0,True,-58.699278347251244,13,955.0184679215481,False,800-2000 Hz
221883,an arabiensis,IFA_63_40_2520.wav,100,100.0,100.0,True,-58.6922473763677,11,908.5521219032305,False,800-2000 Hz
221883,an arabiensis,IFA_63_40_2520.wav,150,100.0,100.0,True,-58.438137184701766,10,886.4319670625546,False,800-2000 Hz
221883,an arabiensis,IFA_63_40_2520.wav,200,100.0,100.0,True,-59.129029921719614,10,954.1887019828487,False,800-2000 Hz
221883,an arabiensis,IFA_63_40_2520.wav,300,100.0,100.0,True,-59.00948371784831,8,907.814472208775,False,800-2000 Hz
221989,an arabiensis,IFA_64_12_2532.wav,0,99.87373737373737,99.87373737373737,False,-47.45345932690371,0,44.37407700982649,True,<100 Hz
221989,an arabiensis,IFA_64_12_2532.wav,100,99.97474747474747,99.97474747474747,False,-51.77284167947923,10,817.5967063546011,False,800-2000 Hz
221989,an arabiensis,IFA_64_12_2532.wav,150,99.97474747474747,99.97474747474747,False,-50.873087103269334,9,798.9421052862099,False,300-800 Hz
221989,an arabiensis,IFA_64_12_2532.wav,200,99.97474747474747,99.97474747474747,False,-51.17603270328411,9,865.1425927882087,False,800-2000 Hz
221989,an arabiensis,IFA_64_12_2532.wav,300,99.97474747474747,99.97474747474747,False,-51.77284167947923,7,825.1790452437867,False,800-2000 Hz
221990,an arabiensis,IFA_64_12_2532.wav,0,100.0,100.0,True,-55.73913391795547,0,44.37407700982649,True,<100 Hz
221990,an arabiensis,IFA_64_12_2532.wav,100,100.0,100.0,True,-55.19764954180655,34,5435.453615558967,False,>=2000 Hz
221990,an arabiensis,IFA_64_12_2532.wav,150,100.0,100.0,True,-55.337848801504606,33,5148.750552755978,False,>=2000 Hz
221990,an arabiensis,IFA_64_12_2532.wav,200,100.0,100.0,True,-54.94704519220106,33,5206.106474135096,False,>=2000 Hz
221990,an arabiensis,IFA_64_12_2532.wav,300,100.0,100.0,True,-54.799731716780286,33,5313.3090758650505,False,>=2000 Hz
221980,an arabiensis,IFA_64_13_2533.wav,0,100.0,100.0,True,-53.45132419879886,0,44.37407700982649,True,<100 Hz
221980,an arabiensis,IFA_64_13_2533.wav,100,100.0,100.0,True,-59.78283829657528,20,2016.0890276353948,False,>=2000 Hz
221980,an arabiensis,IFA_64_13_2533.wav,150,100.0,100.0,True,-59.75567562338044,19,1943.326394117477,False,800-2000 Hz
221980,an arabiensis,IFA_64_13_2533.wav,200,100.0,100.0,True,-59.920712141877175,19,2021.8570397331082,False,>=2000 Hz
221980,an arabiensis,IFA_64_13_2533.wav,300,100.0,100.0,True,-59.920712141877175,18,2025.1284060106793,False,>=2000 Hz
221981,an arabiensis,IFA_64_13_2533.wav,0,99.36868686868688,99.34343434343434,False,-43.13291450205681,0,44.37407700982649,True,<100 Hz
221981,an arabiensis,IFA_64_13_2533.wav,100,100.0,100.0,True,-55.89967970014279,20,2016.0890276353948,False,>=2000 Hz
221981,an arabiensis,IFA_64_13_2533.wav,150,100.0,100.0,True,-55.84207405245096,19,1943.326394117477,False,800-2000 Hz
221981,an arabiensis,IFA_64_13_2533.wav,200,100.0,100.0,True,-55.68154974131545,19,2021.8570397331082,False,>=2000 Hz
221981,an arabiensis,IFA_64_13_2533.wav,300,100.0,100.0,True,-55.390964379457195,18,2025.1284060106793,False,>=2000 Hz
221964,an arabiensis,IFA_64_14_2534.wav,0,100.0,100.0,True,-58.52623549590908,0,44.37407700982649,True,<100 Hz
221964,an arabiensis,IFA_64_14_2534.wav,100,100.0,100.0,True,-62.61887651507977,11,908.5521219032305,False,800-2000 Hz
221964,an arabiensis,IFA_64_14_2534.wav,150,100.0,100.0,True,-62.66692179501349,10,886.4319670625546,False,800-2000 Hz
221964,an arabiensis,IFA_64_14_2534.wav,200,100.0,100.0,True,-62.94279206996548,10,954.1887019828487,False,800-2000 Hz
221964,an arabiensis,IFA_64_14_2534.wav,300,100.0,100.0,True,-62.680604319999944,8,907.814472208775,False,800-2000 Hz
221968,an funestus ss,IFA_64_15_2535.wav,0,99.87373737373737,99.87373737373737,False,-49.0558702620094,0,44.37407700982649,True,<100 Hz
221968,an funestus ss,IFA_64_15_2535.wav,100,100.0,100.0,True,-57.780614023335566,10,817.5967063546011,False,800-2000 Hz
221968,an funestus ss,IFA_64_15_2535.wav,150,100.0,100.0,True,-55.425651634165845,9,798.9421052862099,False,300-800 Hz
221968,an funestus ss,IFA_64_15_2535.wav,200,100.0,100.0,True,-55.60132584732142,8,780.8898965537708,False,300-800 Hz
221968,an funestus ss,IFA_64_15_2535.wav,300,100.0,100.0,True,-57.780614023335566,7,825.1790452437867,False,800-2000 Hz
221970,an funestus ss,IFA_64_15_2535.wav,0,99.79797979797979,99.79797979797979,False,-49.725206662077525,0,44.37407700982649,True,<100 Hz
221970,an funestus ss,IFA_64_15_2535.wav,100,99.94949494949495,99.94949494949495,False,-50.03340197631499,37,6606.055464843051,False,>=2000 Hz
221970,an funestus ss,IFA_64_15_2535.wav,150,99.94949494949495,99.94949494949495,False,-50.42473328627671,37,6638.536735866427,False,>=2000 Hz
221970,an funestus ss,IFA_64_15_2535.wav,200,99.94949494949495,99.94949494949495,False,-50.47212676828218,37,6669.293138350332,False,>=2000 Hz
221970,an funestus ss,IFA_64_15_2535.wav,300,99.94949494949495,99.94949494949495,False,-50.51663739993023,36,6344.640540634074,False,>=2000 Hz
221967,an funestus ss,IFA_64_15_2535.wav,0,99.92424242424242,99.92424242424242,False,-48.141643167677124,0,44.37407700982649,True,<100 Hz
221967,an funestus ss,IFA_64_15_2535.wav,100,100.0,100.0,True,-55.036359073252854,10,817.5967063546011,False,800-2000 Hz
221967,an funestus ss,IFA_64_15_2535.wav,150,100.0,100.0,True,-55.99624089214315,9,798.9421052862099,False,300-800 Hz
221967,an funestus ss,IFA_64_15_2535.wav,200,100.0,100.0,True,-54.962309402035686,9,865.1425927882087,False,800-2000 Hz
221967,an funestus ss,IFA_64_15_2535.wav,300,100.0,100.0,True,-56.04630563339663,7,825.1790452437867,False,800-2000 Hz
221969,an funestus ss,IFA_64_15_2535.wav,0,99.92424242424242,99.92424242424242,False,-47.18286631124174,0,44.37407700982649,True,<100 Hz
221969,an funestus ss,IFA_64_15_2535.wav,100,100.0,100.0,True,-55.70409566938486,10,817.5967063546011,False,800-2000 Hz
221969,an funestus ss,IFA_64_15_2535.wav,150,100.0,100.0,True,-55.70409566938486,10,886.4319670625546,False,800-2000 Hz
221969,an funestus ss,IFA_64_15_2535.wav,200,100.0,100.0,True,-55.70409566938486,9,865.1425927882087,False,800-2000 Hz
221969,an funestus ss,IFA_64_15_2535.wav,300,100.0,100.0,True,-55.99038303103529,7,825.1790452437867,False,800-2000 Hz
221985,an funestus ss,IFA_64_16_2536.wav,0,100.0,100.0,True,-61.04441758182521,0,44.37407700982649,True,<100 Hz
221985,an funestus ss,IFA_64_16_2536.wav,100,100.0,100.0,True,-62.45539993321629,37,6606.055464843051,False,>=2000 Hz
221985,an funestus ss,IFA_64_16_2536.wav,150,100.0,100.0,True,-62.68627614180318,37,6638.536735866427,False,>=2000 Hz
221985,an funestus ss,IFA_64_16_2536.wav,200,100.0,100.0,True,-62.59024260899846,37,6669.293138350332,False,>=2000 Hz
221985,an funestus ss,IFA_64_16_2536.wav,300,100.0,100.0,True,-62.324317989874785,37,6726.324829246307,False,>=2000 Hz
221986,an funestus ss,IFA_64_16_2536.wav,0,99.64646464646465,99.64646464646465,False,-44.35444216880409,0,44.37407700982649,True,<100 Hz
221986,an funestus ss,IFA_64_16_2536.wav,100,100.0,100.0,True,-57.74228162387538,9,731.7843554943794,False,300-800 Hz
221986,an funestus ss,IFA_64_16_2536.wav,150,100.0,100.0,True,-56.48498974398794,9,798.9421052862099,False,300-800 Hz
221986,an funestus ss,IFA_64_16_2536.wav,200,100.0,100.0,True,-56.52515993160258,8,780.8898965537708,False,300-800 Hz
221986,an funestus ss,IFA_64_16_2536.wav,300,100.0,100.0,True,-57.74228162387538,6,746.7907586719966,False,300-800 Hz
221974,an arabiensis,IFA_64_17_2537.wav,0,100.0,100.0,True,-54.77597947316794,12,856.358507538126,False,800-2000 Hz
221974,an arabiensis,IFA_64_17_2537.wav,100,100.0,100.0,True,-54.78052768767163,11,908.5521219032305,False,800-2000 Hz
221974,an arabiensis,IFA_64_17_2537.wav,150,100.0,100.0,True,-56.44524909991787,10,886.4319670625546,False,800-2000 Hz
221974,an arabiensis,IFA_64_17_2537.wav,200,100.0,100.0,True,-54.77597947316794,9,865.1425927882087,False,800-2000 Hz
221974,an arabiensis,IFA_64_17_2537.wav,300,100.0,100.0,True,-54.78052768767163,8,907.814472208775,False,800-2000 Hz
221966,an funestus ss,IFA_64_20_2540.wav,0,99.4949494949495,99.44444444444444,False,-45.636859595321994,0,44.37407700982649,True,<100 Hz
221966,an funestus ss,IFA_64_20_2540.wav,100,100.0,100.0,True,-59.61761342525503,35,5803.174981087622,False,>=2000 Hz
221966,an funestus ss,IFA_64_20_2540.wav,150,100.0,100.0,True,-59.51157939505353,35,5851.432728061765,False,>=2000 Hz
221966,an funestus ss,IFA_64_20_2540.wav,200,100.0,100.0,True,-59.900872362254006,35,5897.259272926163,False,>=2000 Hz
221966,an funestus ss,IFA_64_20_2540.wav,300,100.0,100.0,True,-59.78845150096066,35,5982.573343857049,False,>=2000 Hz
221965,an funestus ss,IFA_64_20_2540.wav,0,100.0,100.0,True,-57.17077391028381,0,44.37407700982649,True,<100 Hz
221965,an funestus ss,IFA_64_20_2540.wav,100,100.0,100.0,True,-57.74069174548153,36,6192.935304310192,False,>=2000 Hz
221965,an funestus ss,IFA_64_20_2540.wav,150,100.0,100.0,True,-57.28944565107326,9,798.9421052862099,False,300-800 Hz
221965,an funestus ss,IFA_64_20_2540.wav,200,100.0,100.0,True,-57.52108573419637,36,6272.599048553766,False,>=2000 Hz
221965,an funestus ss,IFA_64_20_2540.wav,300,100.0,100.0,True,-57.74069174548153,36,6344.640540634074,False,>=2000 Hz
221992,an arabiensis,IFA_64_22_2542.wav,0,100.0,100.0,True,-59.1502361372858,0,44.37407700982649,True,<100 Hz
221992,an arabiensis,IFA_64_22_2542.wav,100,100.0,100.0,True,-63.17816478659082,11,908.5521219032305,False,800-2000 Hz
221992,an arabiensis,IFA_64_22_2542.wav,150,100.0,100.0,True,-63.07868756669525,11,979.0284142678163,False,800-2000 Hz
221992,an arabiensis,IFA_64_22_2542.wav,200,100.0,100.0,True,-63.025319899223774,10,954.1887019828487,False,800-2000 Hz
221992,an arabiensis,IFA_64_22_2542.wav,300,100.0,100.0,True,-63.07868756669525,9,994.9271530483034,False,800-2000 Hz
221991,an arabiensis,IFA_64_22_2542.wav,0,100.0,100.0,True,-61.00829109452559,13,955.0184679215481,False,800-2000 Hz
221991,an arabiensis,IFA_64_22_2542.wav,100,100.0,100.0,True,-60.98966815878796,11,908.5521219032305,False,800-2000 Hz
221991,an arabiensis,IFA_64_22_2542.wav,150,100.0,100.0,True,-61.1568971880122,11,979.0284142678163,False,800-2000 Hz
221991,an arabiensis,IFA_64_22_2542.wav,200,100.0,100.0,True,-61.77951065831052,10,954.1887019828487,False,800-2000 Hz
221991,an arabiensis,IFA_64_22_2542.wav,300,100.0,100.0,True,-61.220829432543795,9,994.9271530483034,False,800-2000 Hz
221975,culex pipiens complex,IFA_64_23_2543.wav,0,99.97474747474747,99.97474747474747,False,-50.16237717359267,0,44.37407700982649,True,<100 Hz
221975,culex pipiens complex,IFA_64_23_2543.wav,100,100.0,100.0,True,-54.04190944570032,11,908.5521219032305,False,800-2000 Hz
221975,culex pipiens complex,IFA_64_23_2543.wav,150,100.0,100.0,True,-53.9055672322045,10,886.4319670625546,False,800-2000 Hz
221975,culex pipiens complex,IFA_64_23_2543.wav,200,100.0,100.0,True,-54.83791091192359,10,954.1887019828487,False,800-2000 Hz
221975,culex pipiens complex,IFA_64_23_2543.wav,300,100.0,100.0,True,-54.051804662146374,8,907.814472208775,False,800-2000 Hz
221962,an funestus ss,IFA_64_24_2544.wav,0,99.39393939393939,99.36868686868688,False,-42.76949377928421,0,44.37407700982649,True,<100 Hz
221962,an funestus ss,IFA_64_24_2544.wav,100,100.0,100.0,True,-55.413407683716336,36,6192.935304310192,False,>=2000 Hz
221962,an funestus ss,IFA_64_24_2544.wav,150,100.0,100.0,True,-55.413407683716336,36,6233.825044478617,False,>=2000 Hz
221962,an funestus ss,IFA_64_24_2544.wav,200,100.0,100.0,True,-55.413407683716336,36,6272.599048553766,False,>=2000 Hz
221962,an funestus ss,IFA_64_24_2544.wav,300,100.0,100.0,True,-55.681577306983044,34,5639.114996491976,False,>=2000 Hz
221963,an funestus ss,IFA_64_24_2544.wav,0,99.19191919191918,99.19191919191918,False,-44.55331315886991,36,6103.720297923787,False,>=2000 Hz
221963,an funestus ss,IFA_64_24_2544.wav,100,99.16666666666667,99.16666666666667,False,-44.313456707142734,36,6192.935304310192,False,>=2000 Hz
221963,an funestus ss,IFA_64_24_2544.wav,150,99.14141414141415,99.14141414141415,False,-44.17577638113422,36,6233.825044478617,False,>=2000 Hz
221963,an funestus ss,IFA_64_24_2544.wav,200,99.14141414141415,99.0909090909091,False,-44.25289160985946,36,6272.599048553766,False,>=2000 Hz
221963,an funestus ss,IFA_64_24_2544.wav,300,99.16666666666667,99.16666666666667,False,-44.74004714123353,36,6344.640540634074,False,>=2000 Hz
221976,an funestus ss,IFA_64_25_2545.wav,0,99.97474747474747,99.97474747474747,False,-51.55825936663941,0,44.37407700982649,True,<100 Hz
221976,an funestus ss,IFA_64_25_2545.wav,100,100.0,100.0,True,-61.79006542633773,37,6606.055464843051,False,>=2000 Hz
221976,an funestus ss,IFA_64_25_2545.wav,150,100.0,100.0,True,-60.69820209507127,10,886.4319670625546,False,800-2000 Hz
221976,an funestus ss,IFA_64_25_2545.wav,200,100.0,100.0,True,-60.36068333328835,9,865.1425927882087,False,800-2000 Hz
221976,an funestus ss,IFA_64_25_2545.wav,300,100.0,100.0,True,-61.79006542633773,37,6726.324829246307,False,>=2000 Hz
221977,an funestus ss,IFA_64_25_2545.wav,0,99.64646464646465,99.64646464646465,False,-43.12886993473338,0,44.37407700982649,True,<100 Hz
221977,an funestus ss,IFA_64_25_2545.wav,100,100.0,100.0,True,-58.01776709329393,36,6192.935304310192,False,>=2000 Hz
221977,an funestus ss,IFA_64_25_2545.wav,150,100.0,100.0,True,-58.01776709329393,36,6233.825044478617,False,>=2000 Hz
221977,an funestus ss,IFA_64_25_2545.wav,200,100.0,100.0,True,-58.01776709329393,36,6272.599048553766,False,>=2000 Hz
221977,an funestus ss,IFA_64_25_2545.wav,300,100.0,100.0,True,-58.44685032194478,36,6344.640540634074,False,>=2000 Hz
222043,an arabiensis,IFA_64_31_2551.wav,0,99.92424242424242,99.92424242424242,False,-47.00344469752019,0,44.37407700982649,True,<100 Hz
222043,an arabiensis,IFA_64_31_2551.wav,100,100.0,100.0,True,-60.86451053973409,34,5435.453615558967,False,>=2000 Hz
222043,an arabiensis,IFA_64_31_2551.wav,150,100.0,100.0,True,-59.995514087051795,34,5490.128899271392,False,>=2000 Hz
222043,an arabiensis,IFA_64_31_2551.wav,200,100.0,100.0,True,-59.71822454070632,34,5542.124294130725,False,>=2000 Hz
222043,an arabiensis,IFA_64_31_2551.wav,300,100.0,100.0,True,-60.68757543784817,34,5639.114996491976,False,>=2000 Hz
222042,an arabiensis,IFA_64_31_2551.wav,0,100.0,100.0,True,-54.7907902454548,0,44.37407700982649,True,<100 Hz
222042,an arabiensis,IFA_64_31_2551.wav,100,100.0,100.0,True,-58.27488885676432,11,908.5521219032305,False,800-2000 Hz
222042,an arabiensis,IFA_64_31_2551.wav,150,100.0,100.0,True,-59.579408252587534,10,886.4319670625546,False,800-2000 Hz
222042,an arabiensis,IFA_64_31_2551.wav,200,100.0,100.0,True,-60.005582339684054,9,865.1425927882087,False,800-2000 Hz
222042,an arabiensis,IFA_64_31_2551.wav,300,100.0,100.0,True,-60.47359421054435,8,907.814472208775,False,800-2000 Hz
222008,an arabiensis,IFA_64_32_2552.wav,0,100.0,100.0,True,-60.400742124402235,13,955.0184679215481,False,800-2000 Hz
222008,an arabiensis,IFA_64_32_2552.wav,100,100.0,100.0,True,-58.484985525571105,11,908.5521219032305,False,800-2000 Hz
222008,an arabiensis,IFA_64_32_2552.wav,150,100.0,100.0,True,-58.68917303994187,10,886.4319670625546,False,800-2000 Hz
222008,an arabiensis,IFA_64_32_2552.wav,200,100.0,100.0,True,-60.791809224639096,10,954.1887019828487,False,800-2000 Hz
222008,an arabiensis,IFA_64_32_2552.wav,300,100.0,100.0,True,-58.71564748128566,8,907.814472208775,False,800-2000 Hz
222034,an arabiensis,IFA_64_34_2554.wav,0,99.24242424242425,99.24242424242425,False,-35.213545674180864,38,6993.657556191134,False,>=2000 Hz
222034,an arabiensis,IFA_64_34_2554.wav,100,99.19191919191918,99.19191919191918,False,-35.34161710281441,37,6606.055464843051,False,>=2000 Hz
222034,an arabiensis,IFA_64_34_2554.wav,150,99.26767676767678,99.24242424242425,False,-35.437022851970234,37,6638.536735866427,False,>=2000 Hz
222034,an arabiensis,IFA_64_34_2554.wav,200,99.16666666666667,99.16666666666667,False,-35.17777984903687,37,6669.293138350332,False,>=2000 Hz
222034,an arabiensis,IFA_64_34_2554.wav,300,99.16666666666667,99.16666666666667,False,-34.86580488787871,37,6726.324829246307,False,>=2000 Hz
222033,an arabiensis,IFA_64_34_2554.wav,0,98.68686868686869,98.68686868686869,False,-39.180924890021245,0,44.37407700982649,True,<100 Hz
222033,an arabiensis,IFA_64_34_2554.wav,100,100.0,100.0,True,-53.677569374768325,37,6606.055464843051,False,>=2000 Hz
222033,an arabiensis,IFA_64_34_2554.wav,150,100.0,100.0,True,-53.68761386206074,32,4826.198821544699,False,>=2000 Hz
222033,an arabiensis,IFA_64_34_2554.wav,200,100.0,100.0,True,-53.792596131572864,32,4888.1767232060765,False,>=2000 Hz
222033,an arabiensis,IFA_64_34_2554.wav,300,100.0,100.0,True,-54.24041919958755,37,6726.324829246307,False,>=2000 Hz
222032,an arabiensis,IFA_64_34_2554.wav,0,100.0,100.0,True,-57.07959902606597,37,6535.01859571434,False,>=2000 Hz
222032,an arabiensis,IFA_64_34_2554.wav,100,100.0,100.0,True,-57.87337786005238,37,6606.055464843051,False,>=2000 Hz
222032,an arabiensis,IFA_64_34_2554.wav,150,100.0,100.0,True,-56.779365065436124,37,6638.536735866427,False,>=2000 Hz
222032,an arabiensis,IFA_64_34_2554.wav,200,100.0,100.0,True,-57.07959902606597,37,6669.293138350332,False,>=2000 Hz
222032,an arabiensis,IFA_64_34_2554.wav,300,100.0,100.0,True,-58.259463977373514,37,6726.324829246307,False,>=2000 Hz
222020,an arabiensis,IFA_64_35_2555.wav,0,99.46969696969697,99.46969696969697,False,-41.39368288476702,0,44.37407700982649,True,<100 Hz
222020,an arabiensis,IFA_64_35_2555.wav,100,99.57070707070706,99.57070707070706,False,-47.64929622459579,32,4761.213460851244,False,>=2000 Hz
222020,an arabiensis,IFA_64_35_2555.wav,150,99.57070707070706,99.54545454545455,False,-47.81566697846245,10,886.4319670625546,False,800-2000 Hz
222020,an arabiensis,IFA_64_35_2555.wav,200,99.62121212121212,99.62121212121212,False,-48.31457363863797,9,865.1425927882087,False,800-2000 Hz
222020,an arabiensis,IFA_64_35_2555.wav,300,99.64646464646465,99.62121212121212,False,-48.0815370836418,7,825.1790452437867,False,800-2000 Hz
222021,an arabiensis,IFA_64_35_2555.wav,0,97.24747474747475,97.22222222222221,False,-34.369752186257266,0,44.37407700982649,True,<100 Hz
222021,an arabiensis,IFA_64_35_2555.wav,100,99.16666666666667,99.16666666666667,False,-44.05117948108167,37,6606.055464843051,False,>=2000 Hz
222021,an arabiensis,IFA_64_35_2555.wav,150,99.16666666666667,99.16666666666667,False,-44.05117948108167,38,7066.870533681113,False,>=2000 Hz
222021,an arabiensis,IFA_64_35_2555.wav,200,99.16666666666667,99.16666666666667,False,-44.05117948108167,39,7531.673049716309,False,>=2000 Hz
222021,an arabiensis,IFA_64_35_2555.wav,300,99.16666666666667,99.16666666666667,False,-44.34876662736444,37,6726.324829246307,False,>=2000 Hz
222039,an arabiensis,IFA_64_36_2556.wav,0,99.67171717171716,99.67171717171716,False,-42.56718560594257,0,44.37407700982649,True,<100 Hz
222039,an arabiensis,IFA_64_36_2556.wav,100,100.0,100.0,True,-54.841822035112,10,817.5967063546011,False,800-2000 Hz
222039,an arabiensis,IFA_64_36_2556.wav,150,100.0,100.0,True,-57.71613277261625,10,886.4319670625546,False,800-2000 Hz
222039,an arabiensis,IFA_64_36_2556.wav,200,100.0,100.0,True,-54.88639862910779,9,865.1425927882087,False,800-2000 Hz
222039,an arabiensis,IFA_64_36_2556.wav,300,100.0,100.0,True,-54.841822035112,7,825.1790452437867,False,800-2000 Hz
222038,an arabiensis,IFA_64_36_2556.wav,0,99.19191919191918,99.19191919191918,False,-40.599698533279934,0,44.37407700982649,True,<100 Hz
222038,an arabiensis,IFA_64_36_2556.wav,100,99.64646464646465,99.62121212121212,False,-40.94056793831504,33,5088.525017110928,False,>=2000 Hz
222038,an arabiensis,IFA_64_36_2556.wav,150,99.5959595959596,99.5959595959596,False,-41.177532664843106,32,4826.198821544699,False,>=2000 Hz
222038,an arabiensis,IFA_64_36_2556.wav,200,99.5959595959596,99.5959595959596,False,-41.05392241901847,32,4888.1767232060765,False,>=2000 Hz
222038,an arabiensis,IFA_64_36_2556.wav,300,99.5959595959596,99.5959595959596,False,-40.9301561537505,32,5004.24831571783,False,>=2000 Hz
222037,an arabiensis,IFA_64_36_2556.wav,0,99.62121212121212,99.5959595959596,False,-45.08339591919827,0,44.37407700982649,True,<100 Hz
222037,an arabiensis,IFA_64_36_2556.wav,100,99.72222222222223,99.69696969696969,False,-49.883774520908105,10,817.5967063546011,False,800-2000 Hz
222037,an arabiensis,IFA_64_36_2556.wav,150,99.84848484848486,99.82323232323232,False,-48.195312410586375,9,798.9421052862099,False,300-800 Hz
222037,an arabiensis,IFA_64_36_2556.wav,200,99.72222222222223,99.72222222222223,False,-48.74352121576911,9,865.1425927882087,False,800-2000 Hz
222037,an arabiensis,IFA_64_36_2556.wav,300,99.79797979797979,99.77272727272727,False,-49.883774520908105,7,825.1790452437867,False,800-2000 Hz
222040,an arabiensis,IFA_64_36_2556.wav,0,99.44444444444444,99.39393939393939,False,-42.628366205346076,0,44.37407700982649,True,<100 Hz
222040,an arabiensis,IFA_64_36_2556.wav,100,99.97474747474747,99.94949494949495,False,-49.85396851277061,10,817.5967063546011,False,800-2000 Hz
222040,an arabiensis,IFA_64_36_2556.wav,150,99.92424242424242,99.92424242424242,False,-49.207372215831676,9,798.9421052862099,False,300-800 Hz
222040,an arabiensis,IFA_64_36_2556.wav,200,99.94949494949495,99.92424242424242,False,-50.40559843033855,8,780.8898965537708,False,300-800 Hz
222040,an arabiensis,IFA_64_36_2556.wav,300,99.97474747474747,99.97474747474747,False,-49.85396851277061,7,825.1790452437867,False,800-2000 Hz
222019,an arabiensis,IFA_64_37_2557.wav,0,100.0,100.0,True,-60.03101999097383,20,1844.8093189835445,False,800-2000 Hz
222019,an arabiensis,IFA_64_37_2557.wav,100,100.0,100.0,True,-60.44353740093811,19,1862.5080507980697,False,800-2000 Hz
222019,an arabiensis,IFA_64_37_2557.wav,150,100.0,100.0,True,-61.21298664354547,19,1943.326394117477,False,800-2000 Hz
222019,an arabiensis,IFA_64_37_2557.wav,200,100.0,100.0,True,-60.289811458405644,18,1875.3376136955906,False,800-2000 Hz
222019,an arabiensis,IFA_64_37_2557.wav,300,100.0,100.0,True,-60.33437686791022,17,1885.0673770439807,False,800-2000 Hz
222046,an arabiensis,IFA_64_39_2559.wav,0,100.0,100.0,True,-53.54254944042229,12,856.358507538126,False,800-2000 Hz
222046,an arabiensis,IFA_64_39_2559.wav,100,100.0,100.0,True,-53.45634111920419,10,817.5967063546011,False,800-2000 Hz
222046,an arabiensis,IFA_64_39_2559.wav,150,100.0,100.0,True,-54.61851930107979,9,798.9421052862099,False,300-800 Hz
222046,an arabiensis,IFA_64_39_2559.wav,200,100.0,100.0,True,-53.54254944042229,9,865.1425927882087,False,800-2000 Hz
222046,an arabiensis,IFA_64_39_2559.wav,300,100.0,100.0,True,-53.45634111920419,7,825.1790452437867,False,800-2000 Hz
222051,an arabiensis,IFA_65_10_2570.wav,0,99.4949494949495,99.46969696969697,False,-41.385703446481386,0,44.37407700982649,True,<100 Hz
222051,an arabiensis,IFA_65_10_2570.wav,100,100.0,100.0,True,-55.50565205460893,20,2016.0890276353948,False,>=2000 Hz
222051,an arabiensis,IFA_65_10_2570.wav,150,100.0,100.0,True,-52.6458265828078,11,979.0284142678163,False,800-2000 Hz
222051,an arabiensis,IFA_65_10_2570.wav,200,100.0,100.0,True,-52.66816639044279,19,2021.8570397331082,False,>=2000 Hz
222051,an arabiensis,IFA_65_10_2570.wav,300,100.0,100.0,True,-52.6458265828078,9,994.9271530483034,False,800-2000 Hz
222050,an arabiensis,IFA_65_10_2570.wav,0,99.44444444444444,99.44444444444444,False,-36.49786971701595,0,44.37407700982649,True,<100 Hz
222050,an arabiensis,IFA_65_10_2570.wav,100,100.0,100.0,True,-53.84288394781427,11,908.5521219032305,False,800-2000 Hz
222050,an arabiensis,IFA_65_10_2570.wav,150,100.0,100.0,True,-53.58169221806439,11,979.0284142678163,False,800-2000 Hz
222050,an arabiensis,IFA_65_10_2570.wav,200,100.0,100.0,True,-54.231632998363395,10,954.1887019828487,False,800-2000 Hz
222050,an arabiensis,IFA_65_10_2570.wav,300,100.0,100.0,True,-53.92348411250997,9,994.9271530483034,False,800-2000 Hz
222049,an arabiensis,IFA_65_10_2570.wav,0,99.94949494949495,99.94949494949495,False,-50.954703657924476,13,955.0184679215481,False,800-2000 Hz
222049,an arabiensis,IFA_65_10_2570.wav,100,99.94949494949495,99.94949494949495,False,-50.954703657924476,12,1004.9588458152629,False,800-2000 Hz
222049,an arabiensis,IFA_65_10_2570.wav,150,99.97474747474747,99.97474747474747,False,-51.090826164847215,11,979.0284142678163,False,800-2000 Hz
222049,an arabiensis,IFA_65_10_2570.wav,200,99.97474747474747,99.97474747474747,False,-51.122580613841976,10,954.1887019828487,False,800-2000 Hz
222049,an arabiensis,IFA_65_10_2570.wav,300,99.97474747474747,99.97474747474747,False,-51.122580613841976,9,994.9271530483034,False,800-2000 Hz
222017,an arabiensis,IFA_65_11_2571.wav,0,99.72222222222223,99.72222222222223,False,-46.19728476866463,0,44.37407700982649,True,<100 Hz
222017,an arabiensis,IFA_65_11_2571.wav,100,100.0,100.0,True,-62.33251003448843,36,6192.935304310192,False,>=2000 Hz
222017,an arabiensis,IFA_65_11_2571.wav,150,100.0,100.0,True,-62.21687634816699,36,6233.825044478617,False,>=2000 Hz
222017,an arabiensis,IFA_65_11_2571.wav,200,100.0,100.0,True,-61.95371187651996,36,6272.599048553766,False,>=2000 Hz
222017,an arabiensis,IFA_65_11_2571.wav,300,100.0,100.0,True,-62.008470965435606,35,5982.573343857049,False,>=2000 Hz
222016,an arabiensis,IFA_65_11_2571.wav,0,99.87373737373737,99.87373737373737,False,-45.39066858244398,0,44.37407700982649,True,<100 Hz
222016,an arabiensis,IFA_65_11_2571.wav,100,99.97474747474747,99.97474747474747,False,-51.08066617008302,10,817.5967063546011,False,800-2000 Hz
222016,an arabiensis,IFA_65_11_2571.wav,150,99.97474747474747,99.97474747474747,False,-51.098154405130515,9,798.9421052862099,False,300-800 Hz
222016,an arabiensis,IFA_65_11_2571.wav,200,100.0,100.0,True,-52.22435269285568,8,780.8898965537708,False,300-800 Hz
222016,an arabiensis,IFA_65_11_2571.wav,300,99.97474747474747,99.97474747474747,False,-51.282349889464776,7,825.1790452437867,False,800-2000 Hz
222061,an arabiensis,IFA_65_12_2572.wav,0,99.62121212121212,99.62121212121212,False,-42.11930071381332,0,44.37407700982649,True,<100 Hz
222061,an arabiensis,IFA_65_12_2572.wav,100,100.0,100.0,True,-60.967509169451326,37,6606.055464843051,False,>=2000 Hz
222061,an arabiensis,IFA_65_12_2572.wav,150,100.0,100.0,True,-61.08939230092596,35,5851.432728061765,False,>=2000 Hz
222061,an arabiensis,IFA_65_12_2572.wav,200,100.0,100.0,True,-61.86382070825441,34,5542.124294130725,False,>=2000 Hz
222061,an arabiensis,IFA_65_12_2572.wav,300,100.0,100.0,True,-61.10623414282892,34,5639.114996491976,False,>=2000 Hz
222060,an arabiensis,IFA_65_12_2572.wav,0,99.92424242424242,99.92424242424242,False,-49.92755709094035,0,44.37407700982649,True,<100 Hz
222060,an arabiensis,IFA_65_12_2572.wav,100,100.0,100.0,True,-54.20364572211269,33,5088.525017110928,False,>=2000 Hz
222060,an arabiensis,IFA_65_12_2572.wav,150,100.0,100.0,True,-54.20364572211269,33,5148.750552755978,False,>=2000 Hz
222060,an arabiensis,IFA_65_12_2572.wav,200,100.0,100.0,True,-54.20364572211269,33,5206.106474135096,False,>=2000 Hz
222060,an arabiensis,IFA_65_12_2572.wav,300,100.0,100.0,True,-54.90664993705615,33,5313.3090758650505,False,>=2000 Hz
222053,an arabiensis,IFA_65_13_2573.wav,0,100.0,100.0,True,-52.82496264166259,0,44.37407700982649,True,<100 Hz
222053,an arabiensis,IFA_65_13_2573.wav,100,100.0,100.0,True,-54.18724008665251,36,6192.935304310192,False,>=2000 Hz
222053,an arabiensis,IFA_65_13_2573.wav,150,100.0,100.0,True,-54.03371433933283,36,6233.825044478617,False,>=2000 Hz
222053,an arabiensis,IFA_65_13_2573.wav,200,100.0,100.0,True,-56.384222488868815,36,6272.599048553766,False,>=2000 Hz
222053,an arabiensis,IFA_65_13_2573.wav,300,100.0,100.0,True,-54.277972162177605,36,6344.640540634074,False,>=2000 Hz
222052,an arabiensis,IFA_65_13_2573.wav,0,99.41919191919192,99.41919191919192,False,-42.46720866731745,13,955.0184679215481,False,800-2000 Hz
222052,an arabiensis,IFA_65_13_2573.wav,100,99.11616161616162,99.06565656565657,False,-45.22938653724054,11,908.5521219032305,False,800-2000 Hz
222052,an arabiensis,IFA_65_13_2573.wav,150,99.26767676767678,99.26767676767678,False,-42.562507419927506,11,979.0284142678163,False,800-2000 Hz
222052,an arabiensis,IFA_65_13_2573.wav,200,99.41919191919192,99.41919191919192,False,-42.507581603573556,10,954.1887019828487,False,800-2000 Hz
222052,an arabiensis,IFA_65_13_2573.wav,300,99.29292929292929,99.29292929292929,False,-42.562507419927506,9,994.9271530483034,False,800-2000 Hz
222007,an arabiensis,IFA_65_15_2575.wav,0,99.74747474747475,99.74747474747475,False,-43.091251934430105,0,44.37407700982649,True,<100 Hz
222007,an arabiensis,IFA_65_15_2575.wav,100,100.0,100.0,True,-56.85837834863829,37,6606.055464843051,False,>=2000 Hz
222007,an arabiensis,IFA_65_15_2575.wav,150,100.0,100.0,True,-56.98485137643469,36,6233.825044478617,False,>=2000 Hz
222007,an arabiensis,IFA_65_15_2575.wav,200,100.0,100.0,True,-57.01917913129072,36,6272.599048553766,False,>=2000 Hz
222007,an arabiensis,IFA_65_15_2575.wav,300,100.0,100.0,True,-56.84092814832964,36,6344.640540634074,False,>=2000 Hz
222015,an funestus ss,IFA_65_16_2576.wav,0,99.94949494949495,99.94949494949495,False,-51.17591827926259,0,44.37407700982649,True,<100 Hz
222015,an funestus ss,IFA_65_16_2576.wav,100,99.97474747474747,99.94949494949495,False,-51.139886386227815,33,5088.525017110928,False,>=2000 Hz
222015,an funestus ss,IFA_65_16_2576.wav,150,99.97474747474747,99.97474747474747,False,-51.03103297328148,33,5148.750552755978,False,>=2000 Hz
222015,an funestus ss,IFA_65_16_2576.wav,200,99.97474747474747,99.97474747474747,False,-51.00773841632606,33,5206.106474135096,False,>=2000 Hz
222015,an funestus ss,IFA_65_16_2576.wav,300,99.97474747474747,99.94949494949495,False,-51.66620077251018,32,5004.24831571783,False,>=2000 Hz
222010,an funestus ss,IFA_65_17_2577.wav,0,99.97474747474747,99.97474747474747,False,-51.790420321934214,13,955.0184679215481,False,800-2000 Hz
222010,an funestus ss,IFA_65_17_2577.wav,100,100.0,100.0,True,-56.699823867174565,11,908.5521219032305,False,800-2000 Hz
222010,an funestus ss,IFA_65_17_2577.wav,150,100.0,100.0,True,-54.51709302844968,10,886.4319670625546,False,800-2000 Hz
222010,an funestus ss,IFA_65_17_2577.wav,200,100.0,100.0,True,-54.48753797553305,10,954.1887019828487,False,800-2000 Hz
222010,an funestus ss,IFA_65_17_2577.wav,300,100.0,100.0,True,-54.51709302844968,8,907.814472208775,False,800-2000 Hz
222005,an funestus ss,IFA_65_19_2579.wav,0,99.74747474747475,99.74747474747475,False,-46.372481014732955,0,44.37407700982649,True,<100 Hz
222005,an funestus ss,IFA_65_19_2579.wav,100,100.0,100.0,True,-53.63119611632847,12,1004.9588458152629,False,800-2000 Hz
222005,an funestus ss,IFA_65_19_2579.wav,150,100.0,100.0,True,-53.587246759361705,11,979.0284142678163,False,800-2000 Hz
222005,an funestus ss,IFA_65_19_2579.wav,200,100.0,100.0,True,-53.827519985741255,11,1048.3009371645,False,800-2000 Hz
222005,an funestus ss,IFA_65_19_2579.wav,300,100.0,100.0,True,-53.94658983746186,9,994.9271530483034,False,800-2000 Hz
222041,an arabiensis,IFA_65_21_2581.wav,0,100.0,100.0,True,-54.12512780113176,13,955.0184679215481,False,800-2000 Hz
222041,an arabiensis,IFA_65_21_2581.wav,100,100.0,100.0,True,-56.8905154900574,12,1004.9588458152629,False,800-2000 Hz
222041,an arabiensis,IFA_65_21_2581.wav,150,100.0,100.0,True,-54.234885708148255,11,979.0284142678163,False,800-2000 Hz
222041,an arabiensis,IFA_65_21_2581.wav,200,100.0,100.0,True,-54.198949800514875,10,954.1887019828487,False,800-2000 Hz
222041,an arabiensis,IFA_65_21_2581.wav,300,100.0,100.0,True,-54.234885708148255,9,994.9271530483034,False,800-2000 Hz
221999,an funestus ss,IFA_65_22_2582.wav,0,99.62121212121212,99.62121212121212,False,-42.494787514967484,0,44.37407700982649,True,<100 Hz
221999,an funestus ss,IFA_65_22_2582.wav,100,99.92424242424242,99.92424242424242,False,-48.04696007335239,35,5803.174981087622,False,>=2000 Hz
221999,an funestus ss,IFA_65_22_2582.wav,150,99.92424242424242,99.92424242424242,False,-47.7074753927388,35,5851.432728061765,False,>=2000 Hz
221999,an funestus ss,IFA_65_22_2582.wav,200,99.92424242424242,99.92424242424242,False,-47.56551949630514,35,5897.259272926163,False,>=2000 Hz
221999,an funestus ss,IFA_65_22_2582.wav,300,99.92424242424242,99.92424242424242,False,-47.45692076888843,35,5982.573343857049,False,>=2000 Hz
222013,culex pipiens complex,IFA_65_23_2583.wav,0,100.0,100.0,True,-54.36237997718252,14,1059.9326349904563,False,800-2000 Hz
222013,culex pipiens complex,IFA_65_23_2583.wav,100,100.0,100.0,True,-55.4658307656122,12,1004.9588458152629,False,800-2000 Hz
222013,culex pipiens complex,IFA_65_23_2583.wav,150,100.0,100.0,True,-57.823566549121736,12,1077.0295067481677,False,800-2000 Hz
222013,culex pipiens complex,IFA_65_23_2583.wav,200,100.0,100.0,True,-55.48352119805407,11,1048.3009371645,False,800-2000 Hz
222013,culex pipiens complex,IFA_65_23_2583.wav,300,100.0,100.0,True,-57.823566549121736,10,1086.7596689771533,False,800-2000 Hz
222014,culex pipiens complex,IFA_65_23_2583.wav,0,99.44444444444444,99.44444444444444,False,-43.43999723447325,0,44.37407700982649,True,<100 Hz
222014,culex pipiens complex,IFA_65_23_2583.wav,100,100.0,100.0,True,-52.98788200193964,34,5435.453615558967,False,>=2000 Hz
222014,culex pipiens complex,IFA_65_23_2583.wav,150,100.0,100.0,True,-53.13430142576442,34,5490.128899271392,False,>=2000 Hz
222014,culex pipiens complex,IFA_65_23_2583.wav,200,100.0,100.0,True,-53.11001135218187,33,5206.106474135096,False,>=2000 Hz
222014,culex pipiens complex,IFA_65_23_2583.wav,300,100.0,100.0,True,-53.07186383797908,34,5639.114996491976,False,>=2000 Hz
222056,an arabiensis,IFA_65_24_2584.wav,0,99.8989898989899,99.87373737373737,False,-49.75779229425359,13,955.0184679215481,False,800-2000 Hz
222056,an arabiensis,IFA_65_24_2584.wav,100,99.97474747474747,99.97474747474747,False,-51.845224843183,11,908.5521219032305,False,800-2000 Hz
222056,an arabiensis,IFA_65_24_2584.wav,150,99.94949494949495,99.8989898989899,False,-50.069452893500966,11,979.0284142678163,False,800-2000 Hz
222056,an arabiensis,IFA_65_24_2584.wav,200,99.8989898989899,99.87373737373737,False,-49.86825122915073,10,954.1887019828487,False,800-2000 Hz
222056,an arabiensis,IFA_65_24_2584.wav,300,99.94949494949495,99.8989898989899,False,-50.069452893500966,9,994.9271530483034,False,800-2000 Hz
222018,an arabiensis,IFA_65_25_2585.wav,0,99.97474747474747,99.97474747474747,False,-50.3647361298863,0,44.37407700982649,True,<100 Hz
222018,an arabiensis,IFA_65_25_2585.wav,100,99.94949494949495,99.94949494949495,False,-50.63769042493513,36,6192.935304310192,False,>=2000 Hz
222018,an arabiensis,IFA_65_25_2585.wav,150,99.94949494949495,99.94949494949495,False,-50.670927345126316,35,5851.432728061765,False,>=2000 Hz
222018,an arabiensis,IFA_65_25_2585.wav,200,99.94949494949495,99.94949494949495,False,-50.81913421850979,36,6272.599048553766,False,>=2000 Hz
222018,an arabiensis,IFA_65_25_2585.wav,300,99.94949494949495,99.94949494949495,False,-51.21093168372485,35,5982.573343857049,False,>=2000 Hz
222006,an funestus ss,IFA_65_26_2586.wav,0,100.0,100.0,True,-56.33951000226722,13,955.0184679215481,False,800-2000 Hz
222006,an funestus ss,IFA_65_26_2586.wav,100,100.0,100.0,True,-57.76697366312792,12,1004.9588458152629,False,800-2000 Hz
222006,an funestus ss,IFA_65_26_2586.wav,150,100.0,100.0,True,-56.402583808717566,11,979.0284142678163,False,800-2000 Hz
222006,an funestus ss,IFA_65_26_2586.wav,200,100.0,100.0,True,-56.37673424630056,11,1048.3009371645,False,800-2000 Hz
222006,an funestus ss,IFA_65_26_2586.wav,300,100.0,100.0,True,-56.402583808717566,9,994.9271530483034,False,800-2000 Hz
221995,an arabiensis,IFA_65_28_2588.wav,0,98.35858585858585,98.33333333333333,False,-28.78313213931428,0,44.37407700982649,True,<100 Hz
221995,an arabiensis,IFA_65_28_2588.wav,100,99.54545454545455,99.54545454545455,False,-36.24001434401788,37,6606.055464843051,False,>=2000 Hz
221995,an arabiensis,IFA_65_28_2588.wav,150,99.57070707070706,99.57070707070706,False,-36.24001434401788,37,6638.536735866427,False,>=2000 Hz
221995,an arabiensis,IFA_65_28_2588.wav,200,99.54545454545455,99.54545454545455,False,-36.1115227163632,37,6669.293138350332,False,>=2000 Hz
221995,an arabiensis,IFA_65_28_2588.wav,300,99.52020202020202,99.52020202020202,False,-35.525942051423776,37,6726.324829246307,False,>=2000 Hz
221998,an funestus ss,IFA_65_29_2589.wav,0,99.54545454545455,99.54545454545455,False,-39.09810464199697,0,44.37407700982649,True,<100 Hz
221998,an funestus ss,IFA_65_29_2589.wav,100,100.0,100.0,True,-58.712695193795426,13,1107.1435959963192,False,800-2000 Hz
221998,an funestus ss,IFA_65_29_2589.wav,150,100.0,100.0,True,-58.69120159321656,35,5851.432728061765,False,>=2000 Hz
221998,an funestus ss,IFA_65_29_2589.wav,200,100.0,100.0,True,-60.99249351599261,12,1147.767526900907,False,800-2000 Hz
221998,an funestus ss,IFA_65_29_2589.wav,300,100.0,100.0,True,-58.477994125453165,10,1086.7596689771533,False,800-2000 Hz
222028,an funestus ss,IFA_65_30_2590.wav,0,99.4949494949495,99.46969696969697,False,-47.60671268556496,13,955.0184679215481,False,800-2000 Hz
222028,an funestus ss,IFA_65_30_2590.wav,100,99.5959595959596,99.5959595959596,False,-50.12996203613955,11,908.5521219032305,False,800-2000 Hz
222028,an funestus ss,IFA_65_30_2590.wav,150,99.5959595959596,99.57070707070706,False,-47.806243825704406,11,979.0284142678163,False,800-2000 Hz
222028,an funestus ss,IFA_65_30_2590.wav,200,99.4949494949495,99.4949494949495,False,-47.67691626560789,10,954.1887019828487,False,800-2000 Hz
222028,an funestus ss,IFA_65_30_2590.wav,300,99.5959595959596,99.5959595959596,False,-47.806243825704406,9,994.9271530483034,False,800-2000 Hz
222027,an funestus ss,IFA_65_30_2590.wav,0,99.52020202020202,99.52020202020202,False,-36.8368785497386,0,44.37407700982649,True,<100 Hz
222027,an funestus ss,IFA_65_30_2590.wav,100,100.0,100.0,True,-53.573808884506484,36,6192.935304310192,False,>=2000 Hz
222027,an funestus ss,IFA_65_30_2590.wav,150,100.0,100.0,True,-53.598149008633015,36,6233.825044478617,False,>=2000 Hz
222027,an funestus ss,IFA_65_30_2590.wav,200,100.0,100.0,True,-53.792300272660476,36,6272.599048553766,False,>=2000 Hz
222027,an funestus ss,IFA_65_30_2590.wav,300,100.0,100.0,True,-54.49773709208438,36,6344.640540634074,False,>=2000 Hz
222044,an funestus ss,IFA_65_32_2592.wav,0,99.39393939393939,99.34343434343434,False,-39.928775745330526,0,44.37407700982649,True,<100 Hz
222044,an funestus ss,IFA_65_32_2592.wav,100,99.92424242424242,99.92424242424242,False,-51.10599667152209,38,7043.93550770528,False,>=2000 Hz
222044,an funestus ss,IFA_65_32_2592.wav,150,99.94949494949495,99.92424242424242,False,-51.10599667152209,38,7066.870533681113,False,>=2000 Hz
222044,an funestus ss,IFA_65_32_2592.wav,200,99.94949494949495,99.92424242424242,False,-51.316343129760355,38,7088.556459474228,False,>=2000 Hz
222044,an funestus ss,IFA_65_32_2592.wav,300,99.94949494949495,99.94949494949495,False,-51.59955581236594,37,6726.324829246307,False,>=2000 Hz
222045,culex pipiens complex,IFA_65_33_2593.wav,0,99.44444444444444,99.41919191919192,False,-43.57249486940259,36,6103.720297923787,False,>=2000 Hz
222045,culex pipiens complex,IFA_65_33_2593.wav,100,99.41919191919192,99.39393939393939,False,-43.50612933390054,36,6192.935304310192,False,>=2000 Hz
222045,culex pipiens complex,IFA_65_33_2593.wav,150,99.41919191919192,99.39393939393939,False,-43.43698549847781,36,6233.825044478617,False,>=2000 Hz
222045,culex pipiens complex,IFA_65_33_2593.wav,200,99.41919191919192,99.39393939393939,False,-43.555022214373565,36,6272.599048553766,False,>=2000 Hz
222045,culex pipiens complex,IFA_65_33_2593.wav,300,99.39393939393939,99.39393939393939,False,-44.23721103406766,34,5639.114996491976,False,>=2000 Hz
222064,culex pipiens complex,IFA_65_35_2595.wav,0,99.5959595959596,99.57070707070706,False,-42.99483942977443,0,44.37407700982649,True,<100 Hz
222064,culex pipiens complex,IFA_65_35_2595.wav,100,100.0,100.0,True,-57.22457210977137,34,5435.453615558967,False,>=2000 Hz
222064,culex pipiens complex,IFA_65_35_2595.wav,150,100.0,100.0,True,-57.19137916827187,35,5851.432728061765,False,>=2000 Hz
222064,culex pipiens complex,IFA_65_35_2595.wav,200,100.0,100.0,True,-56.816312472512564,34,5542.124294130725,False,>=2000 Hz
222064,culex pipiens complex,IFA_65_35_2595.wav,300,100.0,100.0,True,-57.086276348910125,34,5639.114996491976,False,>=2000 Hz
222057,an funestus ss,IFA_65_36_2596.wav,0,100.0,100.0,True,-61.39863983854895,0,44.37407700982649,True,<100 Hz
222057,an funestus ss,IFA_65_36_2596.wav,100,100.0,100.0,True,-68.42334640841058,13,1107.1435959963192,False,800-2000 Hz
222057,an funestus ss,IFA_65_36_2596.wav,150,100.0,100.0,True,-68.3670339523195,36,6233.825044478617,False,>=2000 Hz
222057,an funestus ss,IFA_65_36_2596.wav,200,100.0,100.0,True,-71.07381254999568,12,1147.767526900907,False,800-2000 Hz
222057,an funestus ss,IFA_65_36_2596.wav,300,100.0,100.0,True,-68.33416511237671,10,1086.7596689771533,False,800-2000 Hz
222055,culex pipiens complex,IFA_65_39_2599.wav,0,99.62121212121212,99.62121212121212,False,-38.061839329281895,0,44.37407700982649,True,<100 Hz
222055,culex pipiens complex,IFA_65_39_2599.wav,100,100.0,100.0,True,-55.25014879089888,34,5435.453615558967,False,>=2000 Hz
222055,culex pipiens complex,IFA_65_39_2599.wav,150,100.0,100.0,True,-55.512220514408156,33,5148.750552755978,False,>=2000 Hz
222055,culex pipiens complex,IFA_65_39_2599.wav,200,100.0,100.0,True,-55.12166954075439,33,5206.106474135096,False,>=2000 Hz
222055,culex pipiens complex,IFA_65_39_2599.wav,300,100.0,100.0,True,-54.5919614134473,33,5313.3090758650505,False,>=2000 Hz
222054,culex pipiens complex,IFA_65_39_2599.wav,0,100.0,100.0,True,-56.333544447334376,14,1059.9326349904563,False,800-2000 Hz
222054,culex pipiens complex,IFA_65_39_2599.wav,100,100.0,100.0,True,-59.60756260783374,12,1004.9588458152629,False,800-2000 Hz
222054,culex pipiens complex,IFA_65_39_2599.wav,150,100.0,100.0,True,-59.80514127160117,12,1077.0295067481677,False,800-2000 Hz
222054,culex pipiens complex,IFA_65_39_2599.wav,200,100.0,100.0,True,-60.481799556486784,11,1048.3009371645,False,800-2000 Hz
222054,culex pipiens complex,IFA_65_39_2599.wav,300,100.0,100.0,True,-59.968490275844076,10,1086.7596689771533,False,800-2000 Hz
222072,an arabiensis,IFA_66_10_2610.wav,0,100.0,100.0,True,-52.9062444473185,35,5698.132814724254,False,>=2000 Hz
222072,an arabiensis,IFA_66_10_2610.wav,100,100.0,100.0,True,-54.0997986982899,34,5435.453615558967,False,>=2000 Hz
222072,an arabiensis,IFA_66_10_2610.wav,150,100.0,100.0,True,-53.56890579698053,34,5490.128899271392,False,>=2000 Hz
222072,an arabiensis,IFA_66_10_2610.wav,200,100.0,100.0,True,-52.67267108227163,34,5542.124294130725,False,>=2000 Hz
222072,an arabiensis,IFA_66_10_2610.wav,300,100.0,100.0,True,-52.47141376485609,34,5639.114996491976,False,>=2000 Hz
222071,an arabiensis,IFA_66_10_2610.wav,0,100.0,100.0,True,-57.35381930766545,0,44.37407700982649,True,<100 Hz
222071,an arabiensis,IFA_66_10_2610.wav,100,100.0,100.0,True,-57.131083166536136,36,6192.935304310192,False,>=2000 Hz
222071,an arabiensis,IFA_66_10_2610.wav,150,100.0,100.0,True,-57.16020965931559,36,6233.825044478617,False,>=2000 Hz
222071,an arabiensis,IFA_66_10_2610.wav,200,100.0,100.0,True,-57.045276763478824,36,6272.599048553766,False,>=2000 Hz
222071,an arabiensis,IFA_66_10_2610.wav,300,100.0,100.0,True,-57.4129574590945,36,6344.640540634074,False,>=2000 Hz
222070,an arabiensis,IFA_66_10_2610.wav,0,100.0,100.0,True,-57.289175651057164,11,763.5799242943094,False,300-800 Hz
222070,an arabiensis,IFA_66_10_2610.wav,100,100.0,100.0,True,-55.33929994048115,10,817.5967063546011,False,800-2000 Hz
222070,an arabiensis,IFA_66_10_2610.wav,150,100.0,100.0,True,-55.728176689978504,9,798.9421052862099,False,300-800 Hz
222070,an arabiensis,IFA_66_10_2610.wav,200,100.0,100.0,True,-57.316374316624945,9,865.1425927882087,False,800-2000 Hz
222070,an arabiensis,IFA_66_10_2610.wav,300,100.0,100.0,True,-55.74664945589086,7,825.1790452437867,False,800-2000 Hz
222075,an arabiensis,IFA_66_12_2612.wav,0,100.0,100.0,True,-53.84280813261063,0,44.37407700982649,True,<100 Hz
222075,an arabiensis,IFA_66_12_2612.wav,100,100.0,100.0,True,-54.580033555153875,11,908.5521219032305,False,800-2000 Hz
222075,an arabiensis,IFA_66_12_2612.wav,150,100.0,100.0,True,-53.943903637795486,10,886.4319670625546,False,800-2000 Hz
222075,an arabiensis,IFA_66_12_2612.wav,200,100.0,100.0,True,-53.87222842545612,10,954.1887019828487,False,800-2000 Hz
222075,an arabiensis,IFA_66_12_2612.wav,300,100.0,100.0,True,-53.943903637795486,8,907.814472208775,False,800-2000 Hz
222074,an arabiensis,IFA_66_13_2613.wav,0,99.36868686868688,99.31818181818181,False,-45.75244989589352,37,6535.01859571434,False,>=2000 Hz
222074,an arabiensis,IFA_66_13_2613.wav,100,99.41919191919192,99.36868686868688,False,-45.962339328795814,37,6606.055464843051,False,>=2000 Hz
222074,an arabiensis,IFA_66_13_2613.wav,150,99.41919191919192,99.31818181818181,False,-46.19498698970489,37,6638.536735866427,False,>=2000 Hz
222074,an arabiensis,IFA_66_13_2613.wav,200,99.36868686868688,99.34343434343434,False,-46.50568092431236,37,6669.293138350332,False,>=2000 Hz
222074,an arabiensis,IFA_66_13_2613.wav,300,99.44444444444444,99.34343434343434,False,-47.09061033601709,34,5639.114996491976,False,>=2000 Hz
222065,an arabiensis,IFA_66_14_2614.wav,0,100.0,100.0,True,-56.240659122679475,0,44.37407700982649,True,<100 Hz
222065,an arabiensis,IFA_66_14_2614.wav,100,100.0,100.0,True,-56.45244686917654,34,5435.453615558967,False,>=2000 Hz
222065,an arabiensis,IFA_66_14_2614.wav,150,100.0,100.0,True,-56.40818698990646,34,5490.128899271392,False,>=2000 Hz
222065,an arabiensis,IFA_66_14_2614.wav,200,100.0,100.0,True,-56.56377207654843,34,5542.124294130725,False,>=2000 Hz
222065,an arabiensis,IFA_66_14_2614.wav,300,100.0,100.0,True,-56.579556362323835,34,5639.114996491976,False,>=2000 Hz
222067,an arabiensis,IFA_66_15_2615.wav,0,100.0,100.0,True,-54.15065424852184,0,44.37407700982649,True,<100 Hz
222067,an arabiensis,IFA_66_15_2615.wav,100,100.0,100.0,True,-60.77315591393172,37,6606.055464843051,False,>=2000 Hz
222067,an arabiensis,IFA_66_15_2615.wav,150,100.0,100.0,True,-60.389003139527766,36,6233.825044478617,False,>=2000 Hz
222067,an arabiensis,IFA_66_15_2615.wav,200,100.0,100.0,True,-60.752605973425986,36,6272.599048553766,False,>=2000 Hz
222067,an arabiensis,IFA_66_15_2615.wav,300,100.0,100.0,True,-60.77315591393172,36,6344.640540634074,False,>=2000 Hz
222066,an arabiensis,IFA_66_17_2617.wav,0,100.0,100.0,True,-53.61677795934848,39,7481.370346027789,False,>=2000 Hz
222066,an arabiensis,IFA_66_17_2617.wav,100,100.0,100.0,True,-53.7274337185996,39,7508.05938800615,False,>=2000 Hz
222066,an arabiensis,IFA_66_17_2617.wav,150,100.0,100.0,True,-53.7274337185996,39,7520.205206868358,False,>=2000 Hz
222066,an arabiensis,IFA_66_17_2617.wav,200,100.0,100.0,True,-53.7274337185996,39,7531.673049716309,False,>=2000 Hz
222066,an arabiensis,IFA_66_17_2617.wav,300,100.0,100.0,True,-54.07723435793099,39,7552.853748350859,False,>=2000 Hz
222105,an arabiensis,IFA_66_18_2618.wav,0,99.84848484848486,99.84848484848486,False,-48.76769140345563,13,955.0184679215481,False,800-2000 Hz
222105,an arabiensis,IFA_66_18_2618.wav,100,99.94949494949495,99.94949494949495,False,-51.72437124091545,12,1004.9588458152629,False,800-2000 Hz
222105,an arabiensis,IFA_66_18_2618.wav,150,99.84848484848486,99.84848484848486,False,-48.77952561080874,11,979.0284142678163,False,800-2000 Hz
222105,an arabiensis,IFA_66_18_2618.wav,200,99.84848484848486,99.84848484848486,False,-48.78967045761546,10,954.1887019828487,False,800-2000 Hz
222105,an arabiensis,IFA_66_18_2618.wav,300,99.84848484848486,99.84848484848486,False,-48.77952561080874,9,994.9271530483034,False,800-2000 Hz
222107,an arabiensis,IFA_66_19_2619.wav,0,100.0,100.0,True,-57.557123336560934,13,955.0184679215481,False,800-2000 Hz
222107,an arabiensis,IFA_66_19_2619.wav,100,100.0,100.0,True,-55.63790936950048,11,908.5521219032305,False,800-2000 Hz
222107,an arabiensis,IFA_66_19_2619.wav,150,100.0,100.0,True,-55.77604978275471,10,886.4319670625546,False,800-2000 Hz
222107,an arabiensis,IFA_66_19_2619.wav,200,100.0,100.0,True,-57.68758908019336,10,954.1887019828487,False,800-2000 Hz
222107,an arabiensis,IFA_66_19_2619.wav,300,100.0,100.0,True,-55.84356023390189,8,907.814472208775,False,800-2000 Hz
222087,an arabiensis,IFA_66_20_2620.wav,0,99.77272727272727,99.77272727272727,False,-48.830714230994644,0,44.37407700982649,True,<100 Hz
222087,an arabiensis,IFA_66_20_2620.wav,100,99.92424242424242,99.92424242424242,False,-48.47722541540055,34,5435.453615558967,False,>=2000 Hz
222087,an arabiensis,IFA_66_20_2620.wav,150,99.92424242424242,99.92424242424242,False,-48.73796139950437,34,5490.128899271392,False,>=2000 Hz
222087,an arabiensis,IFA_66_20_2620.wav,200,99.92424242424242,99.8989898989899,False,-49.11765388504386,34,5542.124294130725,False,>=2000 Hz
222087,an arabiensis,IFA_66_20_2620.wav,300,99.92424242424242,99.8989898989899,False,-49.724523563892575,34,5639.114996491976,False,>=2000 Hz
222088,an arabiensis,IFA_66_21_2621.wav,0,100.0,100.0,True,-57.257023222270895,0,44.37407700982649,True,<100 Hz
222088,an arabiensis,IFA_66_21_2621.wav,100,100.0,100.0,True,-61.57886418299218,33,5088.525017110928,False,>=2000 Hz
222088,an arabiensis,IFA_66_21_2621.wav,150,100.0,100.0,True,-61.244253729914256,33,5148.750552755978,False,>=2000 Hz
222088,an arabiensis,IFA_66_21_2621.wav,200,100.0,100.0,True,-61.104997174904064,33,5206.106474135096,False,>=2000 Hz
222088,an arabiensis,IFA_66_21_2621.wav,300,100.0,100.0,True,-60.78446052494496,32,5004.24831571783,False,>=2000 Hz
222095,an arabiensis,IFA_66_23_2623.wav,0,99.5959595959596,99.5959595959596,False,-43.74414395741639,35,5698.132814724254,False,>=2000 Hz
222095,an arabiensis,IFA_66_23_2623.wav,100,99.67171717171716,99.67171717171716,False,-44.85419456256571,11,908.5521219032305,False,800-2000 Hz
222095,an arabiensis,IFA_66_23_2623.wav,150,99.64646464646465,99.62121212121212,False,-44.67786833623957,10,886.4319670625546,False,800-2000 Hz
222095,an arabiensis,IFA_66_23_2623.wav,200,99.67171717171716,99.62121212121212,False,-44.171847705369245,34,5542.124294130725,False,>=2000 Hz
222095,an arabiensis,IFA_66_23_2623.wav,300,99.62121212121212,99.62121212121212,False,-43.91924354546026,34,5639.114996491976,False,>=2000 Hz
222094,an arabiensis,IFA_66_25_2625.wav,0,99.74747474747475,99.72222222222223,False,-50.083759890495365,13,955.0184679215481,False,800-2000 Hz
222094,an arabiensis,IFA_66_25_2625.wav,100,99.94949494949495,99.94949494949495,False,-50.64205173161675,11,908.5521219032305,False,800-2000 Hz
222094,an arabiensis,IFA_66_25_2625.wav,150,99.79797979797979,99.74747474747475,False,-50.48387701817827,11,979.0284142678163,False,800-2000 Hz
222094,an arabiensis,IFA_66_25_2625.wav,200,99.77272727272727,99.74747474747475,False,-50.22339813650057,10,954.1887019828487,False,800-2000 Hz
222094,an arabiensis,IFA_66_25_2625.wav,300,99.79797979797979,99.74747474747475,False,-50.48387701817827,9,994.9271530483034,False,800-2000 Hz
222127,an arabiensis,IFA_66_27_2627.wav,0,99.94949494949495,99.94949494949495,False,-50.68597744270471,0,44.37407700982649,True,<100 Hz
222127,an arabiensis,IFA_66_27_2627.wav,100,100.0,100.0,True,-56.26596519069517,37,6606.055464843051,False,>=2000 Hz
222127,an arabiensis,IFA_66_27_2627.wav,150,100.0,100.0,True,-56.53009133645784,36,6233.825044478617,False,>=2000 Hz
222127,an arabiensis,IFA_66_27_2627.wav,200,100.0,100.0,True,-56.95568113144721,36,6272.599048553766,False,>=2000 Hz
222127,an arabiensis,IFA_66_27_2627.wav,300,100.0,100.0,True,-57.72070859277826,36,6344.640540634074,False,>=2000 Hz
222119,an arabiensis,IFA_66_28_2628.wav,0,99.94949494949495,99.94949494949495,False,-49.318830415159844,0,44.37407700982649,True,<100 Hz
222119,an arabiensis,IFA_66_28_2628.wav,100,100.0,100.0,True,-63.72240745158058,37,6606.055464843051,False,>=2000 Hz
222119,an arabiensis,IFA_66_28_2628.wav,150,100.0,100.0,True,-63.72240745158058,37,6638.536735866427,False,>=2000 Hz
222119,an arabiensis,IFA_66_28_2628.wav,200,100.0,100.0,True,-63.72240745158058,36,6272.599048553766,False,>=2000 Hz
222119,an arabiensis,IFA_66_28_2628.wav,300,100.0,100.0,True,-63.93690649860653,36,6344.640540634074,False,>=2000 Hz
222118,an arabiensis,IFA_66_30_2630.wav,0,100.0,100.0,True,-57.004635596102524,13,955.0184679215481,False,800-2000 Hz
222118,an arabiensis,IFA_66_30_2630.wav,100,100.0,100.0,True,-57.66238524327253,11,908.5521219032305,False,800-2000 Hz
222118,an arabiensis,IFA_66_30_2630.wav,150,100.0,100.0,True,-57.06643214086009,10,886.4319670625546,False,800-2000 Hz
222118,an arabiensis,IFA_66_30_2630.wav,200,100.0,100.0,True,-57.1654824729342,10,954.1887019828487,False,800-2000 Hz
222118,an arabiensis,IFA_66_30_2630.wav,300,100.0,100.0,True,-57.06643214086009,8,907.814472208775,False,800-2000 Hz
222124,an squamosus,IFA_66_31_2631.wav,0,99.94949494949495,99.94949494949495,False,-49.142252276713364,12,856.358507538126,False,800-2000 Hz
222124,an squamosus,IFA_66_31_2631.wav,100,99.94949494949495,99.94949494949495,False,-48.95332092063417,10,817.5967063546011,False,800-2000 Hz
222124,an squamosus,IFA_66_31_2631.wav,150,99.94949494949495,99.94949494949495,False,-49.12122624301418,10,886.4319670625546,False,800-2000 Hz
222124,an squamosus,IFA_66_31_2631.wav,200,99.94949494949495,99.94949494949495,False,-48.77841293894291,9,865.1425927882087,False,800-2000 Hz
222124,an squamosus,IFA_66_31_2631.wav,300,99.97474747474747,99.97474747474747,False,-48.420599932755096,7,825.1790452437867,False,800-2000 Hz
222091,an arabiensis,IFA_66_32_2632.wav,0,99.92424242424242,99.92424242424242,False,-48.02746298874514,0,44.37407700982649,True,<100 Hz
222091,an arabiensis,IFA_66_32_2632.wav,100,100.0,100.0,True,-54.80250735648114,34,5435.453615558967,False,>=2000 Hz
222091,an arabiensis,IFA_66_32_2632.wav,150,100.0,100.0,True,-55.01156290180005,34,5490.128899271392,False,>=2000 Hz
222091,an arabiensis,IFA_66_32_2632.wav,200,100.0,100.0,True,-55.01156290180005,36,6272.599048553766,False,>=2000 Hz
222091,an arabiensis,IFA_66_32_2632.wav,300,100.0,100.0,True,-55.30773251301085,36,6344.640540634074,False,>=2000 Hz
222100,an arabiensis,IFA_66_33_2633.wav,0,100.0,99.94949494949495,False,-51.88210642029277,0,44.37407700982649,True,<100 Hz
222100,an arabiensis,IFA_66_33_2633.wav,100,100.0,100.0,True,-56.20738726867708,11,908.5521219032305,False,800-2000 Hz
222100,an arabiensis,IFA_66_33_2633.wav,150,100.0,100.0,True,-56.38790839478169,10,886.4319670625546,False,800-2000 Hz
222100,an arabiensis,IFA_66_33_2633.wav,200,100.0,100.0,True,-56.39816946877083,9,865.1425927882087,False,800-2000 Hz
222100,an arabiensis,IFA_66_33_2633.wav,300,100.0,100.0,True,-56.73111317262765,7,825.1790452437867,False,800-2000 Hz
222092,an arabiensis,IFA_66_34_2634.wav,0,99.64646464646465,99.64646464646465,False,-40.238155441071584,35,5698.132814724254,False,>=2000 Hz
222092,an arabiensis,IFA_66_34_2634.wav,100,99.62121212121212,99.62121212121212,False,-40.39580827287107,35,5803.174981087622,False,>=2000 Hz
222092,an arabiensis,IFA_66_34_2634.wav,150,99.62121212121212,99.62121212121212,False,-40.43976504799555,35,5851.432728061765,False,>=2000 Hz
222092,an arabiensis,IFA_66_34_2634.wav,200,99.64646464646465,99.64646464646465,False,-40.63168833091787,35,5897.259272926163,False,>=2000 Hz
222092,an arabiensis,IFA_66_34_2634.wav,300,99.62121212121212,99.62121212121212,False,-41.086413069771325,34,5639.114996491976,False,>=2000 Hz
222106,an funestus ss,IFA_66_35_2635.wav,0,100.0,100.0,True,-57.53930810688394,0,44.37407700982649,True,<100 Hz
222106,an funestus ss,IFA_66_35_2635.wav,100,100.0,100.0,True,-60.01658164266288,39,7508.05938800615,False,>=2000 Hz
222106,an funestus ss,IFA_66_35_2635.wav,150,100.0,100.0,True,-61.4865437046962,39,7520.205206868358,False,>=2000 Hz
222106,an funestus ss,IFA_66_35_2635.wav,200,100.0,100.0,True,-60.62104529755363,39,7531.673049716309,False,>=2000 Hz
222106,an funestus ss,IFA_66_35_2635.wav,300,100.0,100.0,True,-61.4865437046962,38,7128.689079502165,False,>=2000 Hz
222090,an arabiensis,IFA_66_36_2636.wav,0,99.26767676767678,99.21717171717171,False,-43.641177994374054,0,44.37407700982649,True,<100 Hz
222090,an arabiensis,IFA_66_36_2636.wav,100,99.79797979797979,99.77272727272727,False,-45.33620864659965,35,5803.174981087622,False,>=2000 Hz
222090,an arabiensis,IFA_66_36_2636.wav,150,99.79797979797979,99.77272727272727,False,-45.28815968609302,35,5851.432728061765,False,>=2000 Hz
222090,an arabiensis,IFA_66_36_2636.wav,200,99.77272727272727,99.77272727272727,False,-45.44855564369696,35,5897.259272926163,False,>=2000 Hz
222090,an arabiensis,IFA_66_36_2636.wav,300,99.82323232323232,99.79797979797979,False,-45.946606881871446,35,5982.573343857049,False,>=2000 Hz
222089,an arabiensis,IFA_66_36_2636.wav,0,99.77272727272727,99.77272727272727,False,-44.72083239132962,0,44.37407700982649,True,<100 Hz
222089,an arabiensis,IFA_66_36_2636.wav,100,100.0,100.0,True,-56.318311529888334,11,908.5521219032305,False,800-2000 Hz
222089,an arabiensis,IFA_66_36_2636.wav,150,100.0,100.0,True,-55.48563600226525,10,886.4319670625546,False,800-2000 Hz
222089,an arabiensis,IFA_66_36_2636.wav,200,100.0,100.0,True,-55.20852181890944,10,954.1887019828487,False,800-2000 Hz
222089,an arabiensis,IFA_66_36_2636.wav,300,100.0,100.0,True,-55.48563600226525,8,907.814472208775,False,800-2000 Hz
222116,an arabiensis,IFA_66_38_2638.wav,0,100.0,100.0,True,-55.13055901879078,0,44.37407700982649,True,<100 Hz
222116,an arabiensis,IFA_66_38_2638.wav,100,100.0,100.0,True,-61.880854583526606,36,6192.935304310192,False,>=2000 Hz
222116,an arabiensis,IFA_66_38_2638.wav,150,100.0,100.0,True,-62.183106645943255,36,6233.825044478617,False,>=2000 Hz
222116,an arabiensis,IFA_66_38_2638.wav,200,100.0,100.0,True,-63.04424430954562,36,6272.599048553766,False,>=2000 Hz
222116,an arabiensis,IFA_66_38_2638.wav,300,100.0,100.0,True,-62.175765421697584,34,5639.114996491976,False,>=2000 Hz
222117,an arabiensis,IFA_66_38_2638.wav,0,100.0,100.0,True,-52.47701310457551,0,44.37407700982649,True,<100 Hz
222117,an arabiensis,IFA_66_38_2638.wav,100,100.0,100.0,True,-67.33765100885694,35,5803.174981087622,False,>=2000 Hz
222117,an arabiensis,IFA_66_38_2638.wav,150,100.0,100.0,True,-67.33765100885694,35,5851.432728061765,False,>=2000 Hz
222117,an arabiensis,IFA_66_38_2638.wav,200,100.0,100.0,True,-67.33765100885694,36,6272.599048553766,False,>=2000 Hz
222117,an arabiensis,IFA_66_38_2638.wav,300,100.0,100.0,True,-67.63406430584486,35,5982.573343857049,False,>=2000 Hz
222126,an arabiensis,IFA_67_10_2650.wav,0,100.0,100.0,True,-54.62722638586598,12,856.358507538126,False,800-2000 Hz
222126,an arabiensis,IFA_67_10_2650.wav,100,100.0,100.0,True,-55.66557302037458,10,817.5967063546011,False,800-2000 Hz
222126,an arabiensis,IFA_67_10_2650.wav,150,100.0,100.0,True,-57.981939362447996,10,886.4319670625546,False,800-2000 Hz
222126,an arabiensis,IFA_67_10_2650.wav,200,100.0,100.0,True,-55.88059712002447,9,865.1425927882087,False,800-2000 Hz
222126,an arabiensis,IFA_67_10_2650.wav,300,100.0,100.0,True,-55.66557302037458,7,825.1790452437867,False,800-2000 Hz
222125,an arabiensis,IFA_67_10_2650.wav,0,99.97474747474747,99.97474747474747,False,-46.13679554812394,0,44.37407700982649,True,<100 Hz
222125,an arabiensis,IFA_67_10_2650.wav,100,100.0,100.0,True,-53.69322511790374,10,817.5967063546011,False,800-2000 Hz
222125,an arabiensis,IFA_67_10_2650.wav,150,100.0,100.0,True,-52.81768868102971,9,798.9421052862099,False,300-800 Hz
222125,an arabiensis,IFA_67_10_2650.wav,200,100.0,100.0,True,-53.31814216475956,9,865.1425927882087,False,800-2000 Hz
222125,an arabiensis,IFA_67_10_2650.wav,300,100.0,100.0,True,-53.96195759520002,7,825.1790452437867,False,800-2000 Hz
222138,an arabiensis,IFA_67_11_2651.wav,0,100.0,100.0,True,-58.01014758070885,0,44.37407700982649,True,<100 Hz
222138,an arabiensis,IFA_67_11_2651.wav,100,100.0,100.0,True,-58.21088126698847,11,908.5521219032305,False,800-2000 Hz
222138,an arabiensis,IFA_67_11_2651.wav,150,100.0,100.0,True,-60.94001766515345,10,886.4319670625546,False,800-2000 Hz
222138,an arabiensis,IFA_67_11_2651.wav,200,100.0,100.0,True,-58.29379702977525,9,865.1425927882087,False,800-2000 Hz
222138,an arabiensis,IFA_67_11_2651.wav,300,100.0,100.0,True,-58.21088126698847,8,907.814472208775,False,800-2000 Hz
222128,an arabiensis,IFA_67_12_2652.wav,0,99.8989898989899,99.87373737373737,False,-48.415639039529566,0,44.37407700982649,True,<100 Hz
222128,an arabiensis,IFA_67_12_2652.wav,100,100.0,100.0,True,-63.021078650938264,34,5435.453615558967,False,>=2000 Hz
222128,an arabiensis,IFA_67_12_2652.wav,150,100.0,100.0,True,-62.7599969608135,34,5490.128899271392,False,>=2000 Hz
222128,an arabiensis,IFA_67_12_2652.wav,200,100.0,100.0,True,-62.487365776260305,34,5542.124294130725,False,>=2000 Hz
222128,an arabiensis,IFA_67_12_2652.wav,300,100.0,100.0,True,-62.33701670588974,35,5982.573343857049,False,>=2000 Hz
222110,an funestus ss,IFA_67_13_2653.wav,0,99.74747474747475,99.72222222222223,False,-45.55902111363346,0,44.37407700982649,True,<100 Hz
222110,an funestus ss,IFA_67_13_2653.wav,100,100.0,100.0,True,-60.63683166169384,33,5088.525017110928,False,>=2000 Hz
222110,an funestus ss,IFA_67_13_2653.wav,150,100.0,100.0,True,-60.5816970354429,33,5148.750552755978,False,>=2000 Hz
222110,an funestus ss,IFA_67_13_2653.wav,200,100.0,100.0,True,-60.74504335126423,33,5206.106474135096,False,>=2000 Hz
222110,an funestus ss,IFA_67_13_2653.wav,300,100.0,100.0,True,-61.69131343650388,32,5004.24831571783,False,>=2000 Hz
222111,an funestus ss,IFA_67_13_2653.wav,0,99.94949494949495,99.94949494949495,False,-51.16512828023801,0,44.37407700982649,True,<100 Hz
222111,an funestus ss,IFA_67_13_2653.wav,100,100.0,100.0,True,-65.09347948292985,34,5435.453615558967,False,>=2000 Hz
222111,an funestus ss,IFA_67_13_2653.wav,150,100.0,100.0,True,-63.787516410636215,34,5490.128899271392,False,>=2000 Hz
222111,an funestus ss,IFA_67_13_2653.wav,200,100.0,100.0,True,-64.1550807990482,34,5542.124294130725,False,>=2000 Hz
222111,an funestus ss,IFA_67_13_2653.wav,300,100.0,100.0,True,-63.95214796958242,34,5639.114996491976,False,>=2000 Hz
222084,an arabiensis,IFA_67_15_2655.wav,0,99.82323232323232,99.82323232323232,False,-46.48423711385436,0,44.37407700982649,True,<100 Hz
222084,an arabiensis,IFA_67_15_2655.wav,100,100.0,100.0,True,-60.57715838299678,33,5088.525017110928,False,>=2000 Hz
222084,an arabiensis,IFA_67_15_2655.wav,150,100.0,100.0,True,-61.43166832583536,33,5148.750552755978,False,>=2000 Hz
222084,an arabiensis,IFA_67_15_2655.wav,200,100.0,100.0,True,-62.277798181524034,33,5206.106474135096,False,>=2000 Hz
222084,an arabiensis,IFA_67_15_2655.wav,300,100.0,100.0,True,-60.90670438758228,32,5004.24831571783,False,>=2000 Hz
222083,an arabiensis,IFA_67_15_2655.wav,0,99.84848484848486,99.84848484848486,False,-46.731236994866656,0,44.37407700982649,True,<100 Hz
222083,an arabiensis,IFA_67_15_2655.wav,100,99.94949494949495,99.94949494949495,False,-49.60124947514686,10,817.5967063546011,False,800-2000 Hz
222083,an arabiensis,IFA_67_15_2655.wav,150,100.0,100.0,True,-52.13816953540789,9,798.9421052862099,False,300-800 Hz
222083,an arabiensis,IFA_67_15_2655.wav,200,99.94949494949495,99.94949494949495,False,-49.605772385381655,9,865.1425927882087,False,800-2000 Hz
222083,an arabiensis,IFA_67_15_2655.wav,300,99.94949494949495,99.94949494949495,False,-49.60124947514686,7,825.1790452437867,False,800-2000 Hz
222085,an arabiensis,IFA_67_15_2655.wav,0,99.82323232323232,99.82323232323232,False,-48.96767166813477,0,44.37407700982649,True,<100 Hz
222085,an arabiensis,IFA_67_15_2655.wav,100,100.0,100.0,True,-56.43296138204966,36,6192.935304310192,False,>=2000 Hz
222085,an arabiensis,IFA_67_15_2655.wav,150,100.0,100.0,True,-55.99535165390009,36,6233.825044478617,False,>=2000 Hz
222085,an arabiensis,IFA_67_15_2655.wav,200,100.0,100.0,True,-57.687483367778526,36,6272.599048553766,False,>=2000 Hz
222085,an arabiensis,IFA_67_15_2655.wav,300,100.0,100.0,True,-56.43296138204966,36,6344.640540634074,False,>=2000 Hz
222078,an funestus ss,IFA_67_16_2656.wav,0,99.74747474747475,99.74747474747475,False,-46.30553442409063,0,44.37407700982649,True,<100 Hz
222078,an funestus ss,IFA_67_16_2656.wav,100,100.0,100.0,True,-67.33470698027985,34,5435.453615558967,False,>=2000 Hz
222078,an funestus ss,IFA_67_16_2656.wav,150,100.0,100.0,True,-67.69332710456409,33,5148.750552755978,False,>=2000 Hz
222078,an funestus ss,IFA_67_16_2656.wav,200,100.0,100.0,True,-67.27791601611096,33,5206.106474135096,False,>=2000 Hz
222078,an funestus ss,IFA_67_16_2656.wav,300,100.0,100.0,True,-67.29833941588015,33,5313.3090758650505,False,>=2000 Hz
222077,an funestus ss,IFA_67_16_2656.wav,0,100.0,100.0,True,-52.351090292935005,0,44.37407700982649,True,<100 Hz
222077,an funestus ss,IFA_67_16_2656.wav,100,100.0,100.0,True,-61.684234431764665,33,5088.525017110928,False,>=2000 Hz
222077,an funestus ss,IFA_67_16_2656.wav,150,100.0,100.0,True,-61.67961144164344,33,5148.750552755978,False,>=2000 Hz
222077,an funestus ss,IFA_67_16_2656.wav,200,100.0,100.0,True,-61.875576433780815,33,5206.106474135096,False,>=2000 Hz
222077,an funestus ss,IFA_67_16_2656.wav,300,100.0,100.0,True,-61.891856482240655,10,1086.7596689771533,False,800-2000 Hz
222076,an funestus ss,IFA_67_16_2656.wav,0,100.0,100.0,True,-55.80340162120535,0,44.37407700982649,True,<100 Hz
222076,an funestus ss,IFA_67_16_2656.wav,100,100.0,100.0,True,-62.361944958768106,17,1580.907710730555,False,800-2000 Hz
222076,an funestus ss,IFA_67_16_2656.wav,150,100.0,100.0,True,-62.7695363198181,17,1659.8130898129411,False,800-2000 Hz
222076,an funestus ss,IFA_67_16_2656.wav,200,100.0,100.0,True,-62.78757512951799,16,1605.5359087903153,False,800-2000 Hz
222076,an funestus ss,IFA_67_16_2656.wav,300,100.0,100.0,True,-63.16945810590767,15,1626.1711200507493,False,800-2000 Hz
222097,an arabiensis,IFA_67_17_2657.wav,0,99.87373737373737,99.84848484848486,False,-49.80310583302813,0,44.37407700982649,True,<100 Hz
222097,an arabiensis,IFA_67_17_2657.wav,100,100.0,100.0,True,-57.52875902881584,11,908.5521219032305,False,800-2000 Hz
222097,an arabiensis,IFA_67_17_2657.wav,150,100.0,100.0,True,-57.52875902881584,10,886.4319670625546,False,800-2000 Hz
222097,an arabiensis,IFA_67_17_2657.wav,200,100.0,100.0,True,-57.773809960939715,9,865.1425927882087,False,800-2000 Hz
222097,an arabiensis,IFA_67_17_2657.wav,300,100.0,100.0,True,-57.795289064767765,7,825.1790452437867,False,800-2000 Hz
222096,an arabiensis,IFA_67_17_2657.wav,0,100.0,100.0,True,-54.77432771079946,0,44.37407700982649,True,<100 Hz
222096,an arabiensis,IFA_67_17_2657.wav,100,100.0,100.0,True,-64.97365523895849,36,6192.935304310192,False,>=2000 Hz
222096,an arabiensis,IFA_67_17_2657.wav,150,100.0,100.0,True,-64.89702761144815,36,6233.825044478617,False,>=2000 Hz
222096,an arabiensis,IFA_67_17_2657.wav,200,100.0,100.0,True,-65.52090932208182,36,6272.599048553766,False,>=2000 Hz
222096,an arabiensis,IFA_67_17_2657.wav,300,100.0,100.0,True,-64.96294111655115,36,6344.640540634074,False,>=2000 Hz
222121,an funestus ss,IFA_67_18_2658.wav,0,99.87373737373737,99.87373737373737,False,-45.32547476545824,0,44.37407700982649,True,<100 Hz
222121,an funestus ss,IFA_67_18_2658.wav,100,100.0,100.0,True,-55.91414728495331,34,5435.453615558967,False,>=2000 Hz
222121,an funestus ss,IFA_67_18_2658.wav,150,100.0,100.0,True,-55.91414728495331,33,5148.750552755978,False,>=2000 Hz
222121,an funestus ss,IFA_67_18_2658.wav,200,100.0,100.0,True,-56.25707286606824,33,5206.106474135096,False,>=2000 Hz
222121,an funestus ss,IFA_67_18_2658.wav,300,100.0,100.0,True,-56.70107006147568,33,5313.3090758650505,False,>=2000 Hz
222120,an funestus ss,IFA_67_18_2658.wav,0,100.0,100.0,True,-59.09797861215146,0,44.37407700982649,True,<100 Hz
222120,an funestus ss,IFA_67_18_2658.wav,100,100.0,100.0,True,-59.72015570300683,33,5088.525017110928,False,>=2000 Hz
222120,an funestus ss,IFA_67_18_2658.wav,150,100.0,100.0,True,-59.93970007225908,33,5148.750552755978,False,>=2000 Hz
222120,an funestus ss,IFA_67_18_2658.wav,200,100.0,100.0,True,-59.71269404917038,33,5206.106474135096,False,>=2000 Hz
222120,an funestus ss,IFA_67_18_2658.wav,300,100.0,100.0,True,-59.43740691358574,32,5004.24831571783,False,>=2000 Hz
222134,an arabiensis,IFA_67_19_2659.wav,0,99.74747474747475,99.69696969696969,False,-43.104117904790684,0,44.37407700982649,True,<100 Hz
222134,an arabiensis,IFA_67_19_2659.wav,100,99.84848484848486,99.77272727272727,False,-51.4003075073729,34,5435.453615558967,False,>=2000 Hz
222134,an arabiensis,IFA_67_19_2659.wav,150,99.8989898989899,99.84848484848486,False,-51.48544784838669,33,5148.750552755978,False,>=2000 Hz
222134,an arabiensis,IFA_67_19_2659.wav,200,99.92424242424242,99.8989898989899,False,-51.43583904319109,33,5206.106474135096,False,>=2000 Hz
222134,an arabiensis,IFA_67_19_2659.wav,300,99.94949494949495,99.94949494949495,False,-51.49864637730231,32,5004.24831571783,False,>=2000 Hz
222135,an arabiensis,IFA_67_19_2659.wav,0,99.87373737373737,99.84848484848486,False,-51.00511668415736,12,856.358507538126,False,800-2000 Hz
222135,an arabiensis,IFA_67_19_2659.wav,100,99.87373737373737,99.84848484848486,False,-50.996500359766934,10,817.5967063546011,False,800-2000 Hz
222135,an arabiensis,IFA_67_19_2659.wav,150,100.0,100.0,True,-53.963701927362315,10,886.4319670625546,False,800-2000 Hz
222135,an arabiensis,IFA_67_19_2659.wav,200,99.87373737373737,99.84848484848486,False,-51.00511668415736,9,865.1425927882087,False,800-2000 Hz
222135,an arabiensis,IFA_67_19_2659.wav,300,99.87373737373737,99.84848484848486,False,-50.996500359766934,7,825.1790452437867,False,800-2000 Hz
222080,an arabiensis,IFA_67_20_2660.wav,0,99.8989898989899,99.87373737373737,False,-47.347951685822366,0,44.37407700982649,True,<100 Hz
222080,an arabiensis,IFA_67_20_2660.wav,100,100.0,100.0,True,-61.30233818513893,9,731.7843554943794,False,300-800 Hz
222080,an arabiensis,IFA_67_20_2660.wav,150,100.0,100.0,True,-61.776782581439335,19,1943.326394117477,False,800-2000 Hz
222080,an arabiensis,IFA_67_20_2660.wav,200,100.0,100.0,True,-61.776782581439335,18,1875.3376136955906,False,800-2000 Hz
222080,an arabiensis,IFA_67_20_2660.wav,300,100.0,100.0,True,-61.30233818513893,6,746.7907586719966,False,300-800 Hz
222079,an arabiensis,IFA_67_20_2660.wav,0,100.0,100.0,True,-55.62373821911932,0,44.37407700982649,True,<100 Hz
222079,an arabiensis,IFA_67_20_2660.wav,100,100.0,100.0,True,-64.37184581547305,12,1004.9588458152629,False,800-2000 Hz
222079,an arabiensis,IFA_67_20_2660.wav,150,100.0,100.0,True,-62.300815617257314,11,979.0284142678163,False,800-2000 Hz
222079,an arabiensis,IFA_67_20_2660.wav,200,100.0,100.0,True,-62.421583881157204,10,954.1887019828487,False,800-2000 Hz
222079,an arabiensis,IFA_67_20_2660.wav,300,100.0,100.0,True,-62.300815617257314,9,994.9271530483034,False,800-2000 Hz
222109,an arabiensis,IFA_67_21_2661.wav,0,100.0,100.0,True,-60.68140933323047,0,44.37407700982649,True,<100 Hz
222109,an arabiensis,IFA_67_21_2661.wav,100,100.0,100.0,True,-68.31428270216318,13,1107.1435959963192,False,800-2000 Hz
222109,an arabiensis,IFA_67_21_2661.wav,150,100.0,100.0,True,-67.9927244626616,12,1077.0295067481677,False,800-2000 Hz
222109,an arabiensis,IFA_67_21_2661.wav,200,100.0,100.0,True,-68.01777987903681,12,1147.767526900907,False,800-2000 Hz
222109,an arabiensis,IFA_67_21_2661.wav,300,100.0,100.0,True,-68.45292350156927,10,1086.7596689771533,False,800-2000 Hz
222108,an arabiensis,IFA_67_21_2661.wav,0,100.0,100.0,True,-58.169454548732645,11,763.5799242943094,False,300-800 Hz
222108,an arabiensis,IFA_67_21_2661.wav,100,100.0,100.0,True,-61.07767780666491,9,731.7843554943794,False,300-800 Hz
222108,an arabiensis,IFA_67_21_2661.wav,150,100.0,100.0,True,-58.16594262328823,8,716.2772067434397,False,300-800 Hz
222108,an arabiensis,IFA_67_21_2661.wav,200,100.0,100.0,True,-58.199300998011516,7,701.1725805814766,False,300-800 Hz
222108,an arabiensis,IFA_67_21_2661.wav,300,100.0,100.0,True,-61.07767780666491,6,746.7907586719966,False,300-800 Hz
222113,an arabiensis,IFA_67_23_2663.wav,0,100.0,100.0,True,-52.91878224233471,12,856.358507538126,False,800-2000 Hz
222113,an arabiensis,IFA_67_23_2663.wav,100,100.0,100.0,True,-52.62167516738379,10,817.5967063546011,False,800-2000 Hz
222113,an arabiensis,IFA_67_23_2663.wav,150,100.0,100.0,True,-54.72461572569321,10,886.4319670625546,False,800-2000 Hz
222113,an arabiensis,IFA_67_23_2663.wav,200,100.0,100.0,True,-52.91878224233471,9,865.1425927882087,False,800-2000 Hz
222113,an arabiensis,IFA_67_23_2663.wav,300,100.0,100.0,True,-52.62167516738379,7,825.1790452437867,False,800-2000 Hz
222131,culex pipiens complex,IFA_67_24_2664.wav,0,99.87373737373737,99.87373737373737,False,-49.47818527514379,0,44.37407700982649,True,<100 Hz
222131,culex pipiens complex,IFA_67_24_2664.wav,100,100.0,100.0,True,-59.92900022218326,32,4761.213460851244,False,>=2000 Hz
222131,culex pipiens complex,IFA_67_24_2664.wav,150,100.0,100.0,True,-59.36380448348934,32,4826.198821544699,False,>=2000 Hz
222131,culex pipiens complex,IFA_67_24_2664.wav,200,100.0,100.0,True,-59.31287896600096,32,4888.1767232060765,False,>=2000 Hz
222131,culex pipiens complex,IFA_67_24_2664.wav,300,100.0,100.0,True,-60.022637909897796,32,5004.24831571783,False,>=2000 Hz
222086,an funestus ss,IFA_67_26_2666.wav,0,100.0,100.0,True,-56.708593345594274,0,44.37407700982649,True,<100 Hz
222086,an funestus ss,IFA_67_26_2666.wav,100,100.0,100.0,True,-71.55386611812293,37,6606.055464843051,False,>=2000 Hz
222086,an funestus ss,IFA_67_26_2666.wav,150,100.0,100.0,True,-71.79024426210377,37,6638.536735866427,False,>=2000 Hz
222086,an funestus ss,IFA_67_26_2666.wav,200,100.0,100.0,True,-71.65523000377794,36,6272.599048553766,False,>=2000 Hz
222086,an funestus ss,IFA_67_26_2666.wav,300,100.0,100.0,True,-71.06367144247106,37,6726.324829246307,False,>=2000 Hz
222130,an arabiensis,IFA_67_27_2667.wav,0,99.14141414141415,99.14141414141415,False,-40.71507447573127,0,44.37407700982649,True,<100 Hz
222130,an arabiensis,IFA_67_27_2667.wav,100,100.0,100.0,True,-65.63590598687094,37,6606.055464843051,False,>=2000 Hz
222130,an arabiensis,IFA_67_27_2667.wav,150,100.0,100.0,True,-65.81604631927209,35,5851.432728061765,False,>=2000 Hz
222130,an arabiensis,IFA_67_27_2667.wav,200,100.0,100.0,True,-66.56078599319727,37,6669.293138350332,False,>=2000 Hz
222130,an arabiensis,IFA_67_27_2667.wav,300,100.0,100.0,True,-66.65722959550973,37,6726.324829246307,False,>=2000 Hz
222102,an funestus ss,IFA_67_28_2668.wav,0,99.67171717171716,99.67171717171716,False,-44.78184075427255,0,44.37407700982649,True,<100 Hz
222102,an funestus ss,IFA_67_28_2668.wav,100,100.0,100.0,True,-57.050483669034435,10,817.5967063546011,False,800-2000 Hz
222102,an funestus ss,IFA_67_28_2668.wav,150,100.0,100.0,True,-57.043506651214074,10,886.4319670625546,False,800-2000 Hz
222102,an funestus ss,IFA_67_28_2668.wav,200,100.0,100.0,True,-57.158977490157746,9,865.1425927882087,False,800-2000 Hz
222102,an funestus ss,IFA_67_28_2668.wav,300,100.0,100.0,True,-57.35499996361518,7,825.1790452437867,False,800-2000 Hz
222103,an funestus ss,IFA_67_31_2671.wav,0,99.8989898989899,99.8989898989899,False,-48.501288739201726,0,44.37407700982649,True,<100 Hz
222103,an funestus ss,IFA_67_31_2671.wav,100,100.0,100.0,True,-56.17568718393681,6,502.37884079729855,False,300-800 Hz
222103,an funestus ss,IFA_67_31_2671.wav,150,100.0,100.0,True,-56.23441648308379,6,564.3726097218181,False,300-800 Hz
222103,an funestus ss,IFA_67_31_2671.wav,200,100.0,100.0,True,-56.25313856785102,5,554.3806613018434,False,300-800 Hz
222103,an funestus ss,IFA_67_31_2671.wav,300,100.0,100.0,True,-56.42783825892819,3,534.9813946953967,False,300-800 Hz
222220,an squamosus,IFA_68_13_2693.wav,0,99.46969696969697,99.46969696969697,False,-42.58635742440162,0,44.37407700982649,True,<100 Hz
222220,an squamosus,IFA_68_13_2693.wav,100,100.0,100.0,True,-54.13887460056411,10,817.5967063546011,False,800-2000 Hz
222220,an squamosus,IFA_68_13_2693.wav,150,100.0,100.0,True,-54.63169318426266,9,798.9421052862099,False,300-800 Hz
222220,an squamosus,IFA_68_13_2693.wav,200,100.0,100.0,True,-54.82561702766927,8,780.8898965537708,False,300-800 Hz
222220,an squamosus,IFA_68_13_2693.wav,300,100.0,100.0,True,-54.13887460056411,7,825.1790452437867,False,800-2000 Hz
222227,an arabiensis,IFA_68_20_2700.wav,0,100.0,100.0,True,-55.28354621923733,0,44.37407700982649,True,<100 Hz
222227,an arabiensis,IFA_68_20_2700.wav,100,100.0,100.0,True,-63.585212209310775,33,5088.525017110928,False,>=2000 Hz
222227,an arabiensis,IFA_68_20_2700.wav,150,100.0,100.0,True,-63.77477233068112,33,5148.750552755978,False,>=2000 Hz
222227,an arabiensis,IFA_68_20_2700.wav,200,100.0,100.0,True,-63.77228481819756,33,5206.106474135096,False,>=2000 Hz
222227,an arabiensis,IFA_68_20_2700.wav,300,100.0,100.0,True,-63.10529555923029,32,5004.24831571783,False,>=2000 Hz
222189,an arabiensis,IFA_69_13_2733.wav,0,99.8989898989899,99.87373737373737,False,-49.88904101623141,0,44.37407700982649,True,<100 Hz
222189,an arabiensis,IFA_69_13_2733.wav,100,100.0,100.0,True,-57.613581429302926,33,5088.525017110928,False,>=2000 Hz
222189,an arabiensis,IFA_69_13_2733.wav,150,100.0,100.0,True,-57.75624986307355,33,5148.750552755978,False,>=2000 Hz
222189,an arabiensis,IFA_69_13_2733.wav,200,100.0,100.0,True,-58.22898155360836,33,5206.106474135096,False,>=2000 Hz
222189,an arabiensis,IFA_69_13_2733.wav,300,100.0,100.0,True,-58.29586548547847,37,6726.324829246307,False,>=2000 Hz
222225,culex pipiens complex,IFA_69_21_2741.wav,0,99.92424242424242,99.8989898989899,False,-48.35768639973879,0,44.37407700982649,True,<100 Hz
222225,culex pipiens complex,IFA_69_21_2741.wav,100,100.0,100.0,True,-56.720952762070375,12,1004.9588458152629,False,800-2000 Hz
222225,culex pipiens complex,IFA_69_21_2741.wav,150,100.0,100.0,True,-56.82948045006572,11,979.0284142678163,False,800-2000 Hz
222225,culex pipiens complex,IFA_69_21_2741.wav,200,100.0,100.0,True,-56.82601020332137,11,1048.3009371645,False,800-2000 Hz
222225,culex pipiens complex,IFA_69_21_2741.wav,300,100.0,100.0,True,-58.156161871530344,9,994.9271530483034,False,800-2000 Hz
222226,culex pipiens complex,IFA_69_21_2741.wav,0,99.67171717171716,99.67171717171716,False,-46.347906916686426,0,44.37407700982649,True,<100 Hz
222226,culex pipiens complex,IFA_69_21_2741.wav,100,99.94949494949495,99.94949494949495,False,-51.24566104143557,35,5803.174981087622,False,>=2000 Hz
222226,culex pipiens complex,IFA_69_21_2741.wav,150,99.97474747474747,99.94949494949495,False,-51.241453097770034,35,5851.432728061765,False,>=2000 Hz
222226,culex pipiens complex,IFA_69_21_2741.wav,200,99.94949494949495,99.94949494949495,False,-51.356825852586525,36,6272.599048553766,False,>=2000 Hz
222226,culex pipiens complex,IFA_69_21_2741.wav,300,99.97474747474747,99.94949494949495,False,-51.58466350429751,36,6344.640540634074,False,>=2000 Hz
222188,an funestus ss,IFA_69_24_2744.wav,0,100.0,100.0,True,-53.3164076702426,0,44.37407700982649,True,<100 Hz
222188,an funestus ss,IFA_69_24_2744.wav,100,100.0,100.0,True,-56.84895911214664,12,1004.9588458152629,False,800-2000 Hz
222188,an funestus ss,IFA_69_24_2744.wav,150,100.0,100.0,True,-56.84895911214664,11,979.0284142678163,False,800-2000 Hz
222188,an funestus ss,IFA_69_24_2744.wav,200,100.0,100.0,True,-56.84895911214664,11,1048.3009371645,False,800-2000 Hz
222188,an funestus ss,IFA_69_24_2744.wav,300,100.0,100.0,True,-57.14176383273141,9,994.9271530483034,False,800-2000 Hz
222221,an arabiensis,IFA_69_25_2745.wav,0,99.92424242424242,99.92424242424242,False,-49.94066608640984,0,44.37407700982649,True,<100 Hz
222221,an arabiensis,IFA_69_25_2745.wav,100,100.0,100.0,True,-55.64515288757184,11,908.5521219032305,False,800-2000 Hz
222221,an arabiensis,IFA_69_25_2745.wav,150,100.0,100.0,True,-55.714849848868155,10,886.4319670625546,False,800-2000 Hz
222221,an arabiensis,IFA_69_25_2745.wav,200,100.0,100.0,True,-57.15307223777005,9,865.1425927882087,False,800-2000 Hz
222221,an arabiensis,IFA_69_25_2745.wav,300,100.0,100.0,True,-55.72398143026764,8,907.814472208775,False,800-2000 Hz
222262,culex pipiens complex,IFA_69_28_2748.wav,0,100.0,100.0,True,-56.2665696324725,13,955.0184679215481,False,800-2000 Hz
222262,culex pipiens complex,IFA_69_28_2748.wav,100,100.0,100.0,True,-59.12558072880969,12,1004.9588458152629,False,800-2000 Hz
222262,culex pipiens complex,IFA_69_28_2748.wav,150,100.0,100.0,True,-56.32153715111574,11,979.0284142678163,False,800-2000 Hz
222262,culex pipiens complex,IFA_69_28_2748.wav,200,100.0,100.0,True,-56.276489491083154,10,954.1887019828487,False,800-2000 Hz
222262,culex pipiens complex,IFA_69_28_2748.wav,300,100.0,100.0,True,-56.32153715111574,9,994.9271530483034,False,800-2000 Hz
222261,culex pipiens complex,IFA_69_28_2748.wav,0,100.0,100.0,True,-55.64602038891423,13,955.0184679215481,False,800-2000 Hz
222261,culex pipiens complex,IFA_69_28_2748.wav,100,100.0,100.0,True,-58.29235704383244,12,1004.9588458152629,False,800-2000 Hz
222261,culex pipiens complex,IFA_69_28_2748.wav,150,100.0,100.0,True,-55.79884451739841,11,979.0284142678163,False,800-2000 Hz
222261,culex pipiens complex,IFA_69_28_2748.wav,200,100.0,100.0,True,-55.743101221796564,10,954.1887019828487,False,800-2000 Hz
222261,culex pipiens complex,IFA_69_28_2748.wav,300,100.0,100.0,True,-55.79884451739841,9,994.9271530483034,False,800-2000 Hz
222250,an arabiensis,IFA_69_29_2749.wav,0,100.0,100.0,True,-59.87491737824948,31,4303.575413833522,False,>=2000 Hz
222250,an arabiensis,IFA_69_29_2749.wav,100,100.0,100.0,True,-61.95044069475906,30,4161.067222372874,False,>=2000 Hz
222250,an arabiensis,IFA_69_29_2749.wav,150,100.0,100.0,True,-63.76984773922616,30,4233.479401186071,False,>=2000 Hz
222250,an arabiensis,IFA_69_29_2749.wav,200,100.0,100.0,True,-63.32544559240567,30,4302.739070598876,False,>=2000 Hz
222250,an arabiensis,IFA_69_29_2749.wav,300,100.0,100.0,True,-61.95044069475906,29,4169.149528643879,False,>=2000 Hz
222251,an arabiensis,IFA_69_29_2749.wav,0,100.0,100.0,True,-56.188451365495325,35,5698.132814724254,False,>=2000 Hz
222251,an arabiensis,IFA_69_29_2749.wav,100,100.0,100.0,True,-56.965336219013814,34,5435.453615558967,False,>=2000 Hz
222251,an arabiensis,IFA_69_29_2749.wav,150,100.0,100.0,True,-57.89066666769688,34,5490.128899271392,False,>=2000 Hz
222251,an arabiensis,IFA_69_29_2749.wav,200,100.0,100.0,True,-57.23047023292612,34,5542.124294130725,False,>=2000 Hz
222251,an arabiensis,IFA_69_29_2749.wav,300,100.0,100.0,True,-56.46628326682454,34,5639.114996491976,False,>=2000 Hz
222239,an arabiensis,IFA_69_32_2752.wav,0,99.84848484848486,99.84848484848486,False,-49.44774421957967,0,44.37407700982649,True,<100 Hz
222239,an arabiensis,IFA_69_32_2752.wav,100,100.0,99.97474747474747,False,-51.89844782528166,36,6192.935304310192,False,>=2000 Hz
222239,an arabiensis,IFA_69_32_2752.wav,150,100.0,100.0,True,-52.52650702096866,36,6233.825044478617,False,>=2000 Hz
222239,an arabiensis,IFA_69_32_2752.wav,200,100.0,100.0,True,-52.97883809122314,35,5897.259272926163,False,>=2000 Hz
222239,an arabiensis,IFA_69_32_2752.wav,300,99.94949494949495,99.94949494949495,False,-51.52700576518811,35,5982.573343857049,False,>=2000 Hz
222267,an arabiensis,IFA_69_33_2753.wav,0,100.0,100.0,True,-61.51419436069625,0,44.37407700982649,True,<100 Hz
222267,an arabiensis,IFA_69_33_2753.wav,100,100.0,100.0,True,-61.98384622086904,14,1215.4526718144389,False,800-2000 Hz
222267,an arabiensis,IFA_69_33_2753.wav,150,100.0,100.0,True,-61.97875635697144,13,1180.7507014291307,False,800-2000 Hz
222267,an arabiensis,IFA_69_33_2753.wav,200,100.0,100.0,True,-61.965559801967444,12,1147.767526900907,False,800-2000 Hz
222267,an arabiensis,IFA_69_33_2753.wav,300,100.0,100.0,True,-61.98384622086904,11,1183.5677444553655,False,800-2000 Hz
222244,an arabiensis,IFA_69_35_2755.wav,0,100.0,100.0,True,-62.63781710736646,13,955.0184679215481,False,800-2000 Hz
222244,an arabiensis,IFA_69_35_2755.wav,100,100.0,100.0,True,-61.01862950292031,12,1004.9588458152629,False,800-2000 Hz
222244,an arabiensis,IFA_69_35_2755.wav,150,100.0,100.0,True,-62.227407553272904,11,979.0284142678163,False,800-2000 Hz
222244,an arabiensis,IFA_69_35_2755.wav,200,100.0,100.0,True,-61.0178143761454,36,6272.599048553766,False,>=2000 Hz
222244,an arabiensis,IFA_69_35_2755.wav,300,100.0,100.0,True,-62.60949333127329,9,994.9271530483034,False,800-2000 Hz
222243,an arabiensis,IFA_69_35_2755.wav,0,100.0,100.0,True,-55.19034277095395,12,856.358507538126,False,800-2000 Hz
222243,an arabiensis,IFA_69_35_2755.wav,100,100.0,100.0,True,-55.90919447036035,11,908.5521219032305,False,800-2000 Hz
222243,an arabiensis,IFA_69_35_2755.wav,150,100.0,100.0,True,-55.73509489012984,10,886.4319670625546,False,800-2000 Hz
222243,an arabiensis,IFA_69_35_2755.wav,200,100.0,100.0,True,-57.49676903529618,9,865.1425927882087,False,800-2000 Hz
222243,an arabiensis,IFA_69_35_2755.wav,300,100.0,100.0,True,-55.981427175922256,8,907.814472208775,False,800-2000 Hz
222242,an arabiensis,IFA_69_35_2755.wav,0,100.0,100.0,True,-59.420663944737754,0,44.37407700982649,True,<100 Hz
222242,an arabiensis,IFA_69_35_2755.wav,100,100.0,100.0,True,-63.14808144701829,27,3382.2099706881345,False,>=2000 Hz
222242,an arabiensis,IFA_69_35_2755.wav,150,100.0,100.0,True,-63.598193511250315,11,979.0284142678163,False,800-2000 Hz
222242,an arabiensis,IFA_69_35_2755.wav,200,100.0,100.0,True,-63.89426095726199,10,954.1887019828487,False,800-2000 Hz
222242,an arabiensis,IFA_69_35_2755.wav,300,100.0,100.0,True,-63.534244382057096,9,994.9271530483034,False,800-2000 Hz
222248,an arabiensis,IFA_70_10_2770.wav,0,99.4949494949495,99.4949494949495,False,-45.29949352069015,35,5698.132814724254,False,>=2000 Hz
222248,an arabiensis,IFA_70_10_2770.wav,100,99.4949494949495,99.4949494949495,False,-45.20033723510054,37,6606.055464843051,False,>=2000 Hz
222248,an arabiensis,IFA_70_10_2770.wav,150,99.54545454545455,99.52020202020202,False,-45.387963874252534,35,5851.432728061765,False,>=2000 Hz
222248,an arabiensis,IFA_70_10_2770.wav,200,99.4949494949495,99.4949494949495,False,-45.645905148906955,36,6272.599048553766,False,>=2000 Hz
222248,an arabiensis,IFA_70_10_2770.wav,300,99.54545454545455,99.52020202020202,False,-45.96346808347356,36,6344.640540634074,False,>=2000 Hz
222245,an arabiensis,IFA_70_12_2772.wav,0,99.31818181818181,99.31818181818181,False,-46.628980403070855,13,955.0184679215481,False,800-2000 Hz
222245,an arabiensis,IFA_70_12_2772.wav,100,99.5959595959596,99.54545454545455,False,-49.17888614567958,11,908.5521219032305,False,800-2000 Hz
222245,an arabiensis,IFA_70_12_2772.wav,150,99.46969696969697,99.41919191919192,False,-46.823885004123696,11,979.0284142678163,False,800-2000 Hz
222245,an arabiensis,IFA_70_12_2772.wav,200,99.39393939393939,99.31818181818181,False,-46.71594978754064,10,954.1887019828487,False,800-2000 Hz
222245,an arabiensis,IFA_70_12_2772.wav,300,99.4949494949495,99.44444444444444,False,-46.823885004123696,9,994.9271530483034,False,800-2000 Hz
222241,an arabiensis,IFA_70_16_2776.wav,0,99.92424242424242,99.92424242424242,False,-49.75092828538962,13,955.0184679215481,False,800-2000 Hz
222241,an arabiensis,IFA_70_16_2776.wav,100,99.94949494949495,99.94949494949495,False,-50.55103788656566,11,908.5521219032305,False,800-2000 Hz
222241,an arabiensis,IFA_70_16_2776.wav,150,99.92424242424242,99.92424242424242,False,-50.21395399423852,10,886.4319670625546,False,800-2000 Hz
222241,an arabiensis,IFA_70_16_2776.wav,200,99.92424242424242,99.92424242424242,False,-49.84595649136563,10,954.1887019828487,False,800-2000 Hz
222241,an arabiensis,IFA_70_16_2776.wav,300,99.92424242424242,99.92424242424242,False,-50.21395399423852,8,907.814472208775,False,800-2000 Hz
222247,an funestus ss,IFA_70_18_2778.wav,0,99.87373737373737,99.87373737373737,False,-44.533493645310635,0,44.37407700982649,True,<100 Hz
222247,an funestus ss,IFA_70_18_2778.wav,100,100.0,100.0,True,-53.682522109637716,12,1004.9588458152629,False,800-2000 Hz
222247,an funestus ss,IFA_70_18_2778.wav,150,100.0,100.0,True,-56.45413696161323,12,1077.0295067481677,False,800-2000 Hz
222247,an funestus ss,IFA_70_18_2778.wav,200,100.0,100.0,True,-53.70131749882895,11,1048.3009371645,False,800-2000 Hz
222247,an funestus ss,IFA_70_18_2778.wav,300,100.0,100.0,True,-56.45413696161323,10,1086.7596689771533,False,800-2000 Hz
222260,culex pipiens complex,IFA_70_19_2779.wav,0,99.72222222222223,99.69696969696969,False,-47.39901097631099,0,44.37407700982649,True,<100 Hz
222260,culex pipiens complex,IFA_70_19_2779.wav,100,100.0,100.0,True,-53.52743976073402,12,1004.9588458152629,False,800-2000 Hz
222260,culex pipiens complex,IFA_70_19_2779.wav,150,99.97474747474747,99.97474747474747,False,-50.55981446919798,11,979.0284142678163,False,800-2000 Hz
222260,culex pipiens complex,IFA_70_19_2779.wav,200,99.97474747474747,99.97474747474747,False,-50.55152820397079,11,1048.3009371645,False,800-2000 Hz
222260,culex pipiens complex,IFA_70_19_2779.wav,300,99.97474747474747,99.97474747474747,False,-50.55981446919798,9,994.9271530483034,False,800-2000 Hz
222238,culex pipiens complex,IFA_70_21_2781.wav,0,99.62121212121212,99.62121212121212,False,-38.102180309095516,0,44.37407700982649,True,<100 Hz
222238,culex pipiens complex,IFA_70_21_2781.wav,100,100.0,100.0,True,-52.76917141252625,11,908.5521219032305,False,800-2000 Hz
222238,culex pipiens complex,IFA_70_21_2781.wav,150,100.0,100.0,True,-52.36282352183149,11,979.0284142678163,False,800-2000 Hz
222238,culex pipiens complex,IFA_70_21_2781.wav,200,100.0,100.0,True,-52.25774559640557,10,954.1887019828487,False,800-2000 Hz
222238,culex pipiens complex,IFA_70_21_2781.wav,300,100.0,100.0,True,-53.13763445779277,9,994.9271530483034,False,800-2000 Hz
222252,culex pipiens complex,IFA_70_22_2782.wav,0,100.0,100.0,True,-54.7107283419539,37,6535.01859571434,False,>=2000 Hz
222252,culex pipiens complex,IFA_70_22_2782.wav,100,100.0,100.0,True,-55.111721421661954,37,6606.055464843051,False,>=2000 Hz
222252,culex pipiens complex,IFA_70_22_2782.wav,150,100.0,100.0,True,-55.111721421661954,37,6638.536735866427,False,>=2000 Hz
222252,culex pipiens complex,IFA_70_22_2782.wav,200,100.0,100.0,True,-55.37060637901096,37,6669.293138350332,False,>=2000 Hz
222252,culex pipiens complex,IFA_70_22_2782.wav,300,100.0,100.0,True,-55.43121166854163,37,6726.324829246307,False,>=2000 Hz
222297,an arabiensis,IFA_70_29_2789.wav,0,99.52020202020202,99.52020202020202,False,-45.62556776132898,0,44.37407700982649,True,<100 Hz
222297,an arabiensis,IFA_70_29_2789.wav,100,99.97474747474747,99.97474747474747,False,-51.27255623118289,11,908.5521219032305,False,800-2000 Hz
222297,an arabiensis,IFA_70_29_2789.wav,150,99.97474747474747,99.97474747474747,False,-51.27255623118289,10,886.4319670625546,False,800-2000 Hz
222297,an arabiensis,IFA_70_29_2789.wav,200,99.97474747474747,99.97474747474747,False,-51.385689654954696,10,954.1887019828487,False,800-2000 Hz
222297,an arabiensis,IFA_70_29_2789.wav,300,99.97474747474747,99.97474747474747,False,-51.38301787359793,8,907.814472208775,False,800-2000 Hz
222309,an arabiensis,IFA_70_32_2792.wav,0,99.74747474747475,99.74747474747475,False,-48.725682482528505,0,44.37407700982649,True,<100 Hz
222309,an arabiensis,IFA_70_32_2792.wav,100,99.92424242424242,99.92424242424242,False,-51.32778747267642,11,908.5521219032305,False,800-2000 Hz
222309,an arabiensis,IFA_70_32_2792.wav,150,99.92424242424242,99.92424242424242,False,-51.32309426253013,10,886.4319670625546,False,800-2000 Hz
222309,an arabiensis,IFA_70_32_2792.wav,200,99.97474747474747,99.97474747474747,False,-51.452730785905906,9,865.1425927882087,False,800-2000 Hz
222309,an arabiensis,IFA_70_32_2792.wav,300,99.94949494949495,99.92424242424242,False,-51.57793524012111,8,907.814472208775,False,800-2000 Hz
222277,an arabiensis,IFA_70_33_2793.wav,0,100.0,100.0,True,-52.602633086445024,0,44.37407700982649,True,<100 Hz
222277,an arabiensis,IFA_70_33_2793.wav,100,100.0,100.0,True,-54.67690332062287,36,6192.935304310192,False,>=2000 Hz
222277,an arabiensis,IFA_70_33_2793.wav,150,100.0,100.0,True,-54.28676544020642,35,5851.432728061765,False,>=2000 Hz
222277,an arabiensis,IFA_70_33_2793.wav,200,100.0,100.0,True,-54.03432892941011,35,5897.259272926163,False,>=2000 Hz
222277,an arabiensis,IFA_70_33_2793.wav,300,100.0,100.0,True,-53.5960259365702,35,5982.573343857049,False,>=2000 Hz
222276,an arabiensis,IFA_70_35_2795.wav,0,100.0,100.0,True,-55.86929139415631,0,44.37407700982649,True,<100 Hz
222276,an arabiensis,IFA_70_35_2795.wav,100,100.0,100.0,True,-56.928871612820764,32,4761.213460851244,False,>=2000 Hz
222276,an arabiensis,IFA_70_35_2795.wav,150,100.0,100.0,True,-56.91084989223633,32,4826.198821544699,False,>=2000 Hz
222276,an arabiensis,IFA_70_35_2795.wav,200,100.0,100.0,True,-57.70158778249549,32,4888.1767232060765,False,>=2000 Hz
222276,an arabiensis,IFA_70_35_2795.wav,300,100.0,100.0,True,-57.46473392518369,31,4711.072079758159,False,>=2000 Hz
222273,an arabiensis,IFA_70_36_2796.wav,0,100.0,100.0,True,-58.56482651253182,13,955.0184679215481,False,800-2000 Hz
222273,an arabiensis,IFA_70_36_2796.wav,100,100.0,100.0,True,-59.05138536065094,11,908.5521219032305,False,800-2000 Hz
222273,an arabiensis,IFA_70_36_2796.wav,150,100.0,100.0,True,-58.26820500584102,11,979.0284142678163,False,800-2000 Hz
222273,an arabiensis,IFA_70_36_2796.wav,200,100.0,100.0,True,-58.56482651253182,10,954.1887019828487,False,800-2000 Hz
222273,an arabiensis,IFA_70_36_2796.wav,300,100.0,100.0,True,-59.11583644708312,9,994.9271530483034,False,800-2000 Hz
222302,an arabiensis,IFA_70_38_2798.wav,0,100.0,100.0,True,-58.917567598380344,12,856.358507538126,False,800-2000 Hz
222302,an arabiensis,IFA_70_38_2798.wav,100,100.0,100.0,True,-59.76497521867068,10,817.5967063546011,False,800-2000 Hz
222302,an arabiensis,IFA_70_38_2798.wav,150,100.0,100.0,True,-59.06701766938589,10,886.4319670625546,False,800-2000 Hz
222302,an arabiensis,IFA_70_38_2798.wav,200,100.0,100.0,True,-58.917567598380344,9,865.1425927882087,False,800-2000 Hz
222302,an arabiensis,IFA_70_38_2798.wav,300,100.0,100.0,True,-59.76497521867068,7,825.1790452437867,False,800-2000 Hz
222301,an arabiensis,IFA_70_38_2798.wav,0,98.86363636363636,98.83838383838383,False,-41.45976349357796,0,44.37407700982649,True,<100 Hz
222301,an arabiensis,IFA_70_38_2798.wav,100,99.31818181818181,99.31818181818181,False,-42.78368835651114,32,4761.213460851244,False,>=2000 Hz
222301,an arabiensis,IFA_70_38_2798.wav,150,99.34343434343434,99.34343434343434,False,-43.075868227841916,32,4826.198821544699,False,>=2000 Hz
222301,an arabiensis,IFA_70_38_2798.wav,200,99.26767676767678,99.26767676767678,False,-43.473498795651395,36,6272.599048553766,False,>=2000 Hz
222301,an arabiensis,IFA_70_38_2798.wav,300,99.29292929292929,99.29292929292929,False,-43.12050054877317,31,4711.072079758159,False,>=2000 Hz
222287,an arabiensis,IFA_70_40_2800.wav,0,100.0,100.0,True,-53.17592362229685,12,856.358507538126,False,800-2000 Hz
222287,an arabiensis,IFA_70_40_2800.wav,100,100.0,100.0,True,-53.043994350833955,10,817.5967063546011,False,800-2000 Hz
222287,an arabiensis,IFA_70_40_2800.wav,150,100.0,100.0,True,-53.23937483887478,9,798.9421052862099,False,300-800 Hz
222287,an arabiensis,IFA_70_40_2800.wav,200,100.0,100.0,True,-53.17592362229685,9,865.1425927882087,False,800-2000 Hz
222287,an arabiensis,IFA_70_40_2800.wav,300,100.0,100.0,True,-53.043994350833955,7,825.1790452437867,False,800-2000 Hz
222304,an funestus ss,IFA_71_11_2811.wav,0,99.77272727272727,99.77272727272727,False,-40.06322934818371,0,44.37407700982649,True,<100 Hz
222304,an funestus ss,IFA_71_11_2811.wav,100,100.0,100.0,True,-55.42699251321402,10,817.5967063546011,False,800-2000 Hz
222304,an funestus ss,IFA_71_11_2811.wav,150,100.0,100.0,True,-55.42699251321402,10,886.4319670625546,False,800-2000 Hz
222304,an funestus ss,IFA_71_11_2811.wav,200,100.0,100.0,True,-55.55298881885612,9,865.1425927882087,False,800-2000 Hz
222304,an funestus ss,IFA_71_11_2811.wav,300,100.0,100.0,True,-55.807260078747554,7,825.1790452437867,False,800-2000 Hz
222303,an funestus ss,IFA_71_11_2811.wav,0,100.0,100.0,True,-52.61059529967773,0,44.37407700982649,True,<100 Hz
222303,an funestus ss,IFA_71_11_2811.wav,100,100.0,100.0,True,-66.01722664433234,33,5088.525017110928,False,>=2000 Hz
222303,an funestus ss,IFA_71_11_2811.wav,150,100.0,100.0,True,-66.25709271147844,33,5148.750552755978,False,>=2000 Hz
222303,an funestus ss,IFA_71_11_2811.wav,200,100.0,100.0,True,-66.65950470370436,33,5206.106474135096,False,>=2000 Hz
222303,an funestus ss,IFA_71_11_2811.wav,300,100.0,100.0,True,-66.42337989277587,32,5004.24831571783,False,>=2000 Hz
222290,an arabiensis,IFA_71_12_2812.wav,0,99.8989898989899,99.8989898989899,False,-44.23870117711875,0,44.37407700982649,True,<100 Hz
222290,an arabiensis,IFA_71_12_2812.wav,100,100.0,100.0,True,-58.11070904677411,10,817.5967063546011,False,800-2000 Hz
222290,an arabiensis,IFA_71_12_2812.wav,150,100.0,100.0,True,-59.692195055584286,9,798.9421052862099,False,300-800 Hz
222290,an arabiensis,IFA_71_12_2812.wav,200,100.0,100.0,True,-58.141329547017044,9,865.1425927882087,False,800-2000 Hz
222290,an arabiensis,IFA_71_12_2812.wav,300,100.0,100.0,True,-58.11070904677411,7,825.1790452437867,False,800-2000 Hz
222294,an arabiensis,IFA_71_13_2813.wav,0,100.0,100.0,True,-52.743962456887765,12,856.358507538126,False,800-2000 Hz
222294,an arabiensis,IFA_71_13_2813.wav,100,100.0,100.0,True,-53.2782815263961,10,817.5967063546011,False,800-2000 Hz
222294,an arabiensis,IFA_71_13_2813.wav,150,100.0,100.0,True,-52.74511740454442,10,886.4319670625546,False,800-2000 Hz
222294,an arabiensis,IFA_71_13_2813.wav,200,100.0,100.0,True,-52.74650632477023,9,865.1425927882087,False,800-2000 Hz
222294,an arabiensis,IFA_71_13_2813.wav,300,100.0,100.0,True,-53.2782815263961,7,825.1790452437867,False,800-2000 Hz
222293,an arabiensis,IFA_71_13_2813.wav,0,100.0,100.0,True,-53.53632173476285,12,856.358507538126,False,800-2000 Hz
222293,an arabiensis,IFA_71_13_2813.wav,100,100.0,100.0,True,-53.52124032678081,11,908.5521219032305,False,800-2000 Hz
222293,an arabiensis,IFA_71_13_2813.wav,150,100.0,100.0,True,-56.35439642086642,10,886.4319670625546,False,800-2000 Hz
222293,an arabiensis,IFA_71_13_2813.wav,200,100.0,100.0,True,-53.53632173476285,9,865.1425927882087,False,800-2000 Hz
222293,an arabiensis,IFA_71_13_2813.wav,300,100.0,100.0,True,-53.52124032678081,8,907.814472208775,False,800-2000 Hz
222295,an arabiensis,IFA_71_13_2813.wav,0,100.0,100.0,True,-54.125133879877616,12,856.358507538126,False,800-2000 Hz
222295,an arabiensis,IFA_71_13_2813.wav,100,100.0,100.0,True,-54.05308668561665,10,817.5967063546011,False,800-2000 Hz
222295,an arabiensis,IFA_71_13_2813.wav,150,100.0,100.0,True,-55.11633933309583,9,798.9421052862099,False,300-800 Hz
222295,an arabiensis,IFA_71_13_2813.wav,200,100.0,100.0,True,-54.125133879877616,9,865.1425927882087,False,800-2000 Hz
222295,an arabiensis,IFA_71_13_2813.wav,300,100.0,100.0,True,-54.05308668561665,7,825.1790452437867,False,800-2000 Hz
222296,an arabiensis,IFA_71_13_2813.wav,0,99.34343434343434,99.31818181818181,False,-40.08323934634949,0,44.37407700982649,True,<100 Hz
222296,an arabiensis,IFA_71_13_2813.wav,100,99.57070707070706,99.57070707070706,False,-45.676019789772496,10,817.5967063546011,False,800-2000 Hz
222296,an arabiensis,IFA_71_13_2813.wav,150,99.69696969696969,99.67171717171716,False,-45.6625047034951,9,798.9421052862099,False,300-800 Hz
222296,an arabiensis,IFA_71_13_2813.wav,200,99.54545454545455,99.54545454545455,False,-45.340467714676585,9,865.1425927882087,False,800-2000 Hz
222296,an arabiensis,IFA_71_13_2813.wav,300,99.54545454545455,99.54545454545455,False,-45.293556437116884,7,825.1790452437867,False,800-2000 Hz
222299,an funestus ss,IFA_71_14_2814.wav,0,99.8989898989899,99.84848484848486,False,-46.70031454516028,0,44.37407700982649,True,<100 Hz
222299,an funestus ss,IFA_71_14_2814.wav,100,100.0,100.0,True,-55.841760839676766,36,6192.935304310192,False,>=2000 Hz
222299,an funestus ss,IFA_71_14_2814.wav,150,100.0,100.0,True,-56.074911785945474,36,6233.825044478617,False,>=2000 Hz
222299,an funestus ss,IFA_71_14_2814.wav,200,100.0,100.0,True,-56.29342194878909,36,6272.599048553766,False,>=2000 Hz
222299,an funestus ss,IFA_71_14_2814.wav,300,100.0,100.0,True,-57.453052651179284,36,6344.640540634074,False,>=2000 Hz
222298,an funestus ss,IFA_71_14_2814.wav,0,100.0,100.0,True,-58.323668935513986,13,955.0184679215481,False,800-2000 Hz
222298,an funestus ss,IFA_71_14_2814.wav,100,100.0,100.0,True,-61.31445279084198,12,1004.9588458152629,False,800-2000 Hz
222298,an funestus ss,IFA_71_14_2814.wav,150,100.0,100.0,True,-60.683280889845,11,979.0284142678163,False,800-2000 Hz
222298,an funestus ss,IFA_71_14_2814.wav,200,100.0,100.0,True,-60.603155549558885,10,954.1887019828487,False,800-2000 Hz
222298,an funestus ss,IFA_71_14_2814.wav,300,100.0,100.0,True,-60.41178087430734,9,994.9271530483034,False,800-2000 Hz
222284,an funestus ss,IFA_71_16_2816.wav,0,100.0,100.0,True,-61.53484451683164,0,44.37407700982649,True,<100 Hz
222284,an funestus ss,IFA_71_16_2816.wav,100,100.0,100.0,True,-67.92661481647703,6,502.37884079729855,False,300-800 Hz
222284,an funestus ss,IFA_71_16_2816.wav,150,100.0,100.0,True,-68.7559471210713,36,6233.825044478617,False,>=2000 Hz
222284,an funestus ss,IFA_71_16_2816.wav,200,100.0,100.0,True,-67.2819484971129,5,554.3806613018434,False,300-800 Hz
222284,an funestus ss,IFA_71_16_2816.wav,300,100.0,100.0,True,-67.94436674998956,3,534.9813946953967,False,300-800 Hz
222286,an funestus ss,IFA_71_16_2816.wav,0,100.0,100.0,True,-57.118768974001206,0,44.37407700982649,True,<100 Hz
222286,an funestus ss,IFA_71_16_2816.wav,100,100.0,100.0,True,-63.355195567899194,12,1004.9588458152629,False,800-2000 Hz
222286,an funestus ss,IFA_71_16_2816.wav,150,100.0,100.0,True,-63.00261156591092,16,1529.6721664501665,False,800-2000 Hz
222286,an funestus ss,IFA_71_16_2816.wav,200,100.0,100.0,True,-63.20392943782964,11,1048.3009371645,False,800-2000 Hz
222286,an funestus ss,IFA_71_16_2816.wav,300,100.0,100.0,True,-63.00261156591092,14,1506.6149479788903,False,800-2000 Hz
222285,an funestus ss,IFA_71_16_2816.wav,0,100.0,100.0,True,-53.45954868122324,0,44.37407700982649,True,<100 Hz
222285,an funestus ss,IFA_71_16_2816.wav,100,100.0,100.0,True,-60.31062765866011,37,6606.055464843051,False,>=2000 Hz
222285,an funestus ss,IFA_71_16_2816.wav,150,100.0,100.0,True,-60.31062765866011,36,6233.825044478617,False,>=2000 Hz
222285,an funestus ss,IFA_71_16_2816.wav,200,100.0,100.0,True,-60.31062765866011,36,6272.599048553766,False,>=2000 Hz
222285,an funestus ss,IFA_71_16_2816.wav,300,100.0,100.0,True,-60.55292157280079,36,6344.640540634074,False,>=2000 Hz
222308,culex pipiens complex,IFA_71_17_2817.wav,0,100.0,100.0,True,-60.92551090517684,13,955.0184679215481,False,800-2000 Hz
222308,culex pipiens complex,IFA_71_17_2817.wav,100,100.0,100.0,True,-60.92551090517684,20,2016.0890276353948,False,>=2000 Hz
222308,culex pipiens complex,IFA_71_17_2817.wav,150,100.0,100.0,True,-60.93691826179725,19,1943.326394117477,False,800-2000 Hz
222308,culex pipiens complex,IFA_71_17_2817.wav,200,100.0,100.0,True,-60.970634603114895,10,954.1887019828487,False,800-2000 Hz
222308,culex pipiens complex,IFA_71_17_2817.wav,300,100.0,100.0,True,-60.970634603114895,9,994.9271530483034,False,800-2000 Hz
222307,culex pipiens complex,IFA_71_17_2817.wav,0,100.0,100.0,True,-56.26917390250085,0,44.37407700982649,True,<100 Hz
222307,culex pipiens complex,IFA_71_17_2817.wav,100,100.0,100.0,True,-66.11907866913424,37,6606.055464843051,False,>=2000 Hz
222307,culex pipiens complex,IFA_71_17_2817.wav,150,100.0,100.0,True,-66.15999046143784,37,6638.536735866427,False,>=2000 Hz
222307,culex pipiens complex,IFA_71_17_2817.wav,200,100.0,100.0,True,-66.4211946619194,37,6669.293138350332,False,>=2000 Hz
222307,culex pipiens complex,IFA_71_17_2817.wav,300,100.0,100.0,True,-66.5047528013503,37,6726.324829246307,False,>=2000 Hz
222272,culex pipiens complex,IFA_71_20_2820.wav,0,100.0,100.0,True,-57.567417712950835,0,44.37407700982649,True,<100 Hz
222272,culex pipiens complex,IFA_71_20_2820.wav,100,100.0,100.0,True,-59.76437780257242,11,908.5521219032305,False,800-2000 Hz
222272,culex pipiens complex,IFA_71_20_2820.wav,150,100.0,100.0,True,-59.669569490930805,10,886.4319670625546,False,800-2000 Hz
222272,culex pipiens complex,IFA_71_20_2820.wav,200,100.0,100.0,True,-61.94391814221631,10,954.1887019828487,False,800-2000 Hz
222272,culex pipiens complex,IFA_71_20_2820.wav,300,100.0,100.0,True,-59.80956409888655,8,907.814472208775,False,800-2000 Hz
222343,an arabiensis,IFA_71_23_2823.wav,0,100.0,100.0,True,-55.86699092504146,0,44.37407700982649,True,<100 Hz
222343,an arabiensis,IFA_71_23_2823.wav,100,100.0,100.0,True,-63.578008612765295,33,5088.525017110928,False,>=2000 Hz
222343,an arabiensis,IFA_71_23_2823.wav,150,100.0,100.0,True,-63.922753280625095,33,5148.750552755978,False,>=2000 Hz
222343,an arabiensis,IFA_71_23_2823.wav,200,100.0,100.0,True,-64.43297955399602,34,5542.124294130725,False,>=2000 Hz
222343,an arabiensis,IFA_71_23_2823.wav,300,100.0,100.0,True,-63.69958704501637,34,5639.114996491976,False,>=2000 Hz
222353,an arabiensis,IFA_71_25_2825.wav,0,100.0,100.0,True,-59.583831421278006,0,44.37407700982649,True,<100 Hz
222353,an arabiensis,IFA_71_25_2825.wav,100,100.0,100.0,True,-66.47349594772044,36,6192.935304310192,False,>=2000 Hz
222353,an arabiensis,IFA_71_25_2825.wav,150,100.0,100.0,True,-66.44870566733678,36,6233.825044478617,False,>=2000 Hz
222353,an arabiensis,IFA_71_25_2825.wav,200,100.0,100.0,True,-66.62665623255826,36,6272.599048553766,False,>=2000 Hz
222353,an arabiensis,IFA_71_25_2825.wav,300,100.0,100.0,True,-65.8458364853797,9,994.9271530483034,False,800-2000 Hz
222352,an arabiensis,IFA_71_25_2825.wav,0,100.0,100.0,True,-55.51407764059195,0,44.37407700982649,True,<100 Hz
222352,an arabiensis,IFA_71_25_2825.wav,100,100.0,100.0,True,-59.80360493139314,8,650.8242552547106,False,300-800 Hz
222352,an arabiensis,IFA_71_25_2825.wav,150,100.0,100.0,True,-60.63966264219687,7,638.1711803725744,False,300-800 Hz
222352,an arabiensis,IFA_71_25_2825.wav,200,100.0,100.0,True,-60.790420553033826,6,625.7465022498844,False,300-800 Hz
222352,an arabiensis,IFA_71_25_2825.wav,300,100.0,100.0,True,-59.80360493139314,5,672.4313259523644,False,300-800 Hz
222351,an arabiensis,IFA_71_25_2825.wav,0,100.0,100.0,True,-56.481289620476495,0,44.37407700982649,True,<100 Hz
222351,an arabiensis,IFA_71_25_2825.wav,100,100.0,100.0,True,-67.11797295858204,35,5803.174981087622,False,>=2000 Hz
222351,an arabiensis,IFA_71_25_2825.wav,150,100.0,100.0,True,-66.92182669248518,9,798.9421052862099,False,300-800 Hz
222351,an arabiensis,IFA_71_25_2825.wav,200,100.0,100.0,True,-67.09556569737005,6,625.7465022498844,False,300-800 Hz
222351,an arabiensis,IFA_71_25_2825.wav,300,100.0,100.0,True,-67.15854351387759,20,2328.427478920975,False,>=2000 Hz
222346,an arabiensis,IFA_71_28_2828.wav,0,99.82323232323232,99.79797979797979,False,-48.89120949319935,0,44.37407700982649,True,<100 Hz
222346,an arabiensis,IFA_71_28_2828.wav,100,99.77272727272727,99.74747474747475,False,-47.94233848413025,24,2728.1439614922797,False,>=2000 Hz
222346,an arabiensis,IFA_71_28_2828.wav,150,99.82323232323232,99.79797979797979,False,-49.03314994861765,23,2616.6310775514085,False,>=2000 Hz
222346,an arabiensis,IFA_71_28_2828.wav,200,99.82323232323232,99.79797979797979,False,-48.159514890492225,23,2696.173518766966,False,>=2000 Hz
222346,an arabiensis,IFA_71_28_2828.wav,300,99.79797979797979,99.79797979797979,False,-49.1669419502037,22,2665.4828795791113,False,>=2000 Hz
222345,an arabiensis,IFA_71_28_2828.wav,0,100.0,100.0,True,-60.77065077811529,0,44.37407700982649,True,<100 Hz
222345,an arabiensis,IFA_71_28_2828.wav,100,100.0,100.0,True,-60.77065077811529,0,147.947081154182,True,100-300 Hz
222345,an arabiensis,IFA_71_28_2828.wav,150,100.0,100.0,True,-60.70891985261835,9,798.9421052862099,False,300-800 Hz
222345,an arabiensis,IFA_71_28_2828.wav,200,100.0,100.0,True,-62.18765018536225,8,780.8898965537708,False,300-800 Hz
222345,an arabiensis,IFA_71_28_2828.wav,300,100.0,100.0,True,-60.77065077811529,6,746.7907586719966,False,300-800 Hz
222347,an funestus ss,IFA_71_31_2831.wav,0,99.26767676767678,99.26767676767678,False,-44.73482448461578,0,44.37407700982649,True,<100 Hz
222347,an funestus ss,IFA_71_31_2831.wav,100,99.52020202020202,99.52020202020202,False,-48.20095098272713,33,5088.525017110928,False,>=2000 Hz
222347,an funestus ss,IFA_71_31_2831.wav,150,99.52020202020202,99.52020202020202,False,-48.25801999034521,33,5148.750552755978,False,>=2000 Hz
222347,an funestus ss,IFA_71_31_2831.wav,200,99.54545454545455,99.54545454545455,False,-48.27883577286408,33,5206.106474135096,False,>=2000 Hz
222347,an funestus ss,IFA_71_31_2831.wav,300,99.54545454545455,99.52020202020202,False,-48.50752761136362,32,5004.24831571783,False,>=2000 Hz
222342,an funestus ss,IFA_71_34_2834.wav,0,99.69696969696969,99.69696969696969,False,-45.43721884537015,0,44.37407700982649,True,<100 Hz
222342,an funestus ss,IFA_71_34_2834.wav,100,100.0,100.0,True,-66.20491463772932,10,817.5967063546011,False,800-2000 Hz
222342,an funestus ss,IFA_71_34_2834.wav,150,100.0,100.0,True,-66.48808792242428,9,798.9421052862099,False,300-800 Hz
222342,an funestus ss,IFA_71_34_2834.wav,200,100.0,100.0,True,-66.34748944089773,8,780.8898965537708,False,300-800 Hz
222342,an funestus ss,IFA_71_34_2834.wav,300,100.0,100.0,True,-66.4379168902316,7,825.1790452437867,False,800-2000 Hz
222348,an arabiensis,IFA_71_35_2835.wav,0,100.0,100.0,True,-52.09653872875472,0,44.37407700982649,True,<100 Hz
222348,an arabiensis,IFA_71_35_2835.wav,100,100.0,100.0,True,-56.06221709086696,10,817.5967063546011,False,800-2000 Hz
222348,an arabiensis,IFA_71_35_2835.wav,150,100.0,100.0,True,-57.38070181479046,10,886.4319670625546,False,800-2000 Hz
222348,an arabiensis,IFA_71_35_2835.wav,200,100.0,100.0,True,-56.16615492753127,9,865.1425927882087,False,800-2000 Hz
222348,an arabiensis,IFA_71_35_2835.wav,300,100.0,100.0,True,-56.06221709086696,7,825.1790452437867,False,800-2000 Hz
222354,an funestus ss,IFA_71_36_2836.wav,0,100.0,100.0,True,-57.332512767195354,0,44.37407700982649,True,<100 Hz
222354,an funestus ss,IFA_71_36_2836.wav,100,100.0,100.0,True,-63.316581696211365,0,147.947081154182,True,100-300 Hz
222354,an funestus ss,IFA_71_36_2836.wav,150,100.0,100.0,True,-63.66051063314672,9,798.9421052862099,False,300-800 Hz
222354,an funestus ss,IFA_71_36_2836.wav,200,100.0,100.0,True,-64.50914477968294,8,780.8898965537708,False,300-800 Hz
222354,an funestus ss,IFA_71_36_2836.wav,300,100.0,100.0,True,-65.00376988433605,7,825.1790452437867,False,800-2000 Hz
222356,an funestus ss,IFA_71_36_2836.wav,0,99.97474747474747,99.97474747474747,False,-50.913324948780165,0,44.37407700982649,True,<100 Hz
222356,an funestus ss,IFA_71_36_2836.wav,100,100.0,100.0,True,-63.041409645984565,35,5803.174981087622,False,>=2000 Hz
222356,an funestus ss,IFA_71_36_2836.wav,150,100.0,100.0,True,-62.55786972850135,35,5851.432728061765,False,>=2000 Hz
222356,an funestus ss,IFA_71_36_2836.wav,200,100.0,100.0,True,-62.6586896258316,36,6272.599048553766,False,>=2000 Hz
222356,an funestus ss,IFA_71_36_2836.wav,300,100.0,100.0,True,-63.098835014161736,35,5982.573343857049,False,>=2000 Hz
222355,an funestus ss,IFA_71_36_2836.wav,0,99.79797979797979,99.79797979797979,False,-46.806382554835636,0,44.37407700982649,True,<100 Hz
222355,an funestus ss,IFA_71_36_2836.wav,100,100.0,100.0,True,-62.177176175061035,19,1862.5080507980697,False,800-2000 Hz
222355,an funestus ss,IFA_71_36_2836.wav,150,100.0,100.0,True,-60.50863031220857,18,1797.5500446410404,False,800-2000 Hz
222355,an funestus ss,IFA_71_36_2836.wav,200,100.0,100.0,True,-62.177176175061035,17,1736.7054285722647,False,800-2000 Hz
222355,an funestus ss,IFA_71_36_2836.wav,300,100.0,100.0,True,-60.50863031220857,14,1506.6149479788903,False,800-2000 Hz
222314,an arabiensis,IFA_72_12_2852.wav,0,98.93939393939394,98.88888888888889,False,-47.24456184278598,13,955.0184679215481,False,800-2000 Hz
222314,an arabiensis,IFA_72_12_2852.wav,100,99.46969696969697,99.36868686868688,False,-47.66969166172629,11,908.5521219032305,False,800-2000 Hz
222314,an arabiensis,IFA_72_12_2852.wav,150,99.14141414141415,99.06565656565657,False,-47.89200270741759,11,979.0284142678163,False,800-2000 Hz
222314,an arabiensis,IFA_72_12_2852.wav,200,99.24242424242425,99.19191919191918,False,-47.627073776071796,10,954.1887019828487,False,800-2000 Hz
222314,an arabiensis,IFA_72_12_2852.wav,300,99.14141414141415,99.0909090909091,False,-47.89200270741759,9,994.9271530483034,False,800-2000 Hz
222316,an funestus ss,IFA_72_16_2856.wav,0,99.79797979797979,99.77272727272727,False,-48.55911604495198,0,44.37407700982649,True,<100 Hz
222316,an funestus ss,IFA_72_16_2856.wav,100,100.0,100.0,True,-59.14091766864928,13,1107.1435959963192,False,800-2000 Hz
222316,an funestus ss,IFA_72_16_2856.wav,150,100.0,100.0,True,-60.989994354374076,12,1077.0295067481677,False,800-2000 Hz
222316,an funestus ss,IFA_72_16_2856.wav,200,100.0,100.0,True,-59.421276593545365,11,1048.3009371645,False,800-2000 Hz
222316,an funestus ss,IFA_72_16_2856.wav,300,100.0,100.0,True,-60.989994354374076,10,1086.7596689771533,False,800-2000 Hz
222310,an arabiensis,IFA_72_17_2857.wav,0,99.8989898989899,99.8989898989899,False,-48.415120088185375,0,44.37407700982649,True,<100 Hz
222310,an arabiensis,IFA_72_17_2857.wav,100,100.0,100.0,True,-54.41549870498559,10,817.5967063546011,False,800-2000 Hz
222310,an arabiensis,IFA_72_17_2857.wav,150,100.0,100.0,True,-54.02069520588725,9,798.9421052862099,False,300-800 Hz
222310,an arabiensis,IFA_72_17_2857.wav,200,100.0,100.0,True,-54.36793034044455,8,780.8898965537708,False,300-800 Hz
222310,an arabiensis,IFA_72_17_2857.wav,300,100.0,100.0,True,-54.41549870498559,7,825.1790452437867,False,800-2000 Hz
222318,culex pipiens complex,IFA_72_19_2859.wav,0,99.64646464646465,99.64646464646465,False,-41.77623983203227,0,44.37407700982649,True,<100 Hz
222318,culex pipiens complex,IFA_72_19_2859.wav,100,100.0,100.0,True,-56.1480115098282,34,5435.453615558967,False,>=2000 Hz
222318,culex pipiens complex,IFA_72_19_2859.wav,150,100.0,100.0,True,-56.06168515335384,36,6233.825044478617,False,>=2000 Hz
222318,culex pipiens complex,IFA_72_19_2859.wav,200,100.0,100.0,True,-56.29286445239559,36,6272.599048553766,False,>=2000 Hz
222318,culex pipiens complex,IFA_72_19_2859.wav,300,100.0,100.0,True,-56.55272910897666,36,6344.640540634074,False,>=2000 Hz
222312,an arabiensis,IFA_72_21_2861.wav,0,100.0,100.0,True,-53.007036169357995,12,856.358507538126,False,800-2000 Hz
222312,an arabiensis,IFA_72_21_2861.wav,100,100.0,100.0,True,-52.79363807331238,10,817.5967063546011,False,800-2000 Hz
222312,an arabiensis,IFA_72_21_2861.wav,150,100.0,100.0,True,-52.46371390587379,10,886.4319670625546,False,800-2000 Hz
222312,an arabiensis,IFA_72_21_2861.wav,200,100.0,100.0,True,-53.27923409006953,9,865.1425927882087,False,800-2000 Hz
222312,an arabiensis,IFA_72_21_2861.wav,300,100.0,100.0,True,-52.971216890406005,7,825.1790452437867,False,800-2000 Hz
222320,an funestus ss,IFA_72_25_2865.wav,0,100.0,100.0,True,-57.30952422963834,13,955.0184679215481,False,800-2000 Hz
222320,an funestus ss,IFA_72_25_2865.wav,100,100.0,100.0,True,-60.255133029956056,12,1004.9588458152629,False,800-2000 Hz
222320,an funestus ss,IFA_72_25_2865.wav,150,100.0,100.0,True,-57.33360980231222,11,979.0284142678163,False,800-2000 Hz
222320,an funestus ss,IFA_72_25_2865.wav,200,100.0,100.0,True,-57.31641104324602,10,954.1887019828487,False,800-2000 Hz
222320,an funestus ss,IFA_72_25_2865.wav,300,100.0,100.0,True,-57.33360980231222,9,994.9271530483034,False,800-2000 Hz
222324,an arabiensis,IFA_72_26_2866.wav,0,100.0,100.0,True,-57.844146417770546,12,856.358507538126,False,800-2000 Hz
222324,an arabiensis,IFA_72_26_2866.wav,100,100.0,100.0,True,-57.80309961176372,10,817.5967063546011,False,800-2000 Hz
222324,an arabiensis,IFA_72_26_2866.wav,150,100.0,100.0,True,-58.354237803176034,10,886.4319670625546,False,800-2000 Hz
222324,an arabiensis,IFA_72_26_2866.wav,200,100.0,100.0,True,-57.844146417770546,9,865.1425927882087,False,800-2000 Hz
222324,an arabiensis,IFA_72_26_2866.wav,300,100.0,100.0,True,-57.80309961176372,7,825.1790452437867,False,800-2000 Hz
222331,an funestus ss,IFA_72_29_2869.wav,0,99.74747474747475,99.74747474747475,False,-47.74997402197531,0,44.37407700982649,True,<100 Hz
222331,an funestus ss,IFA_72_29_2869.wav,100,100.0,100.0,True,-54.565096877499364,34,5435.453615558967,False,>=2000 Hz
222331,an funestus ss,IFA_72_29_2869.wav,150,100.0,100.0,True,-54.43661968041538,33,5148.750552755978,False,>=2000 Hz
222331,an funestus ss,IFA_72_29_2869.wav,200,100.0,100.0,True,-54.21282657268542,33,5206.106474135096,False,>=2000 Hz
222331,an funestus ss,IFA_72_29_2869.wav,300,100.0,100.0,True,-54.469098877056304,33,5313.3090758650505,False,>=2000 Hz
222328,an funestus ss,IFA_72_32_2872.wav,0,99.94949494949495,99.94949494949495,False,-50.2458620258473,0,44.37407700982649,True,<100 Hz
222328,an funestus ss,IFA_72_32_2872.wav,100,100.0,100.0,True,-56.46587941333482,38,7043.93550770528,False,>=2000 Hz
222328,an funestus ss,IFA_72_32_2872.wav,150,100.0,100.0,True,-56.46587941333482,38,7066.870533681113,False,>=2000 Hz
222328,an funestus ss,IFA_72_32_2872.wav,200,100.0,100.0,True,-56.64002432193993,38,7088.556459474228,False,>=2000 Hz
222328,an funestus ss,IFA_72_32_2872.wav,300,100.0,100.0,True,-56.52830825389594,34,5639.114996491976,False,>=2000 Hz
222323,an funestus ss,IFA_72_34_2874.wav,0,100.0,100.0,True,-57.071147709115905,0,44.37407700982649,True,<100 Hz
222323,an funestus ss,IFA_72_34_2874.wav,100,100.0,100.0,True,-64.22586754186064,35,5803.174981087622,False,>=2000 Hz
222323,an funestus ss,IFA_72_34_2874.wav,150,100.0,100.0,True,-64.22428021203228,35,5851.432728061765,False,>=2000 Hz
222323,an funestus ss,IFA_72_34_2874.wav,200,100.0,100.0,True,-63.69187041425476,35,5897.259272926163,False,>=2000 Hz
222323,an funestus ss,IFA_72_34_2874.wav,300,100.0,100.0,True,-64.39835695018044,35,5982.573343857049,False,>=2000 Hz
222313,culex pipiens complex,IFA_72_35_2875.wav,0,99.84848484848486,99.84848484848486,False,-50.815804804209264,13,955.0184679215481,False,800-2000 Hz
222313,culex pipiens complex,IFA_72_35_2875.wav,100,100.0,100.0,True,-52.84859746898917,11,908.5521219032305,False,800-2000 Hz
222313,culex pipiens complex,IFA_72_35_2875.wav,150,99.8989898989899,99.8989898989899,False,-50.88884775991304,11,979.0284142678163,False,800-2000 Hz
222313,culex pipiens complex,IFA_72_35_2875.wav,200,99.87373737373737,99.87373737373737,False,-50.88166159710773,10,954.1887019828487,False,800-2000 Hz
222313,culex pipiens complex,IFA_72_35_2875.wav,300,99.8989898989899,99.8989898989899,False,-50.88884775991304,9,994.9271530483034,False,800-2000 Hz
222325,culex pipiens complex,IFA_72_36_2876.wav,0,99.8989898989899,99.8989898989899,False,-49.399526985505204,0,44.37407700982649,True,<100 Hz
222325,culex pipiens complex,IFA_72_36_2876.wav,100,100.0,100.0,True,-56.54392981694711,12,1004.9588458152629,False,800-2000 Hz
222325,culex pipiens complex,IFA_72_36_2876.wav,150,100.0,100.0,True,-57.02891741286214,11,979.0284142678163,False,800-2000 Hz
222325,culex pipiens complex,IFA_72_36_2876.wav,200,100.0,100.0,True,-56.6113748207103,10,954.1887019828487,False,800-2000 Hz
222325,culex pipiens complex,IFA_72_36_2876.wav,300,100.0,100.0,True,-57.02891741286214,9,994.9271530483034,False,800-2000 Hz
222383,an arabiensis,IFA_72_37_2877.wav,0,100.0,100.0,True,-57.74757421714632,0,44.37407700982649,True,<100 Hz
222383,an arabiensis,IFA_72_37_2877.wav,100,100.0,100.0,True,-61.63777386538661,5,434.3904519708301,False,300-800 Hz
222383,an arabiensis,IFA_72_37_2877.wav,150,100.0,100.0,True,-61.63777386538661,4,428.7607317289517,False,300-800 Hz
222383,an arabiensis,IFA_72_37_2877.wav,200,100.0,100.0,True,-61.74493485484515,3,422.9671956577044,False,300-800 Hz
222383,an arabiensis,IFA_72_37_2877.wav,300,100.0,100.0,True,-61.980622723802355,1,411.2971675908279,False,300-800 Hz
222380,an funestus ss,IFA_72_38_2878.wav,0,100.0,100.0,True,-58.74478306537449,0,44.37407700982649,True,<100 Hz
222380,an funestus ss,IFA_72_38_2878.wav,100,100.0,100.0,True,-68.01772804078409,27,3382.2099706881345,False,>=2000 Hz
222380,an funestus ss,IFA_72_38_2878.wav,150,100.0,100.0,True,-67.88348059236077,13,1180.7507014291307,False,800-2000 Hz
222380,an funestus ss,IFA_72_38_2878.wav,200,100.0,100.0,True,-67.88032466644835,12,1147.767526900907,False,800-2000 Hz
222380,an funestus ss,IFA_72_38_2878.wav,300,100.0,100.0,True,-68.00601306955778,10,1086.7596689771533,False,800-2000 Hz
222382,an arabiensis,IFA_73_10_2890.wav,0,99.64646464646465,99.64646464646465,False,-49.24753238784263,12,856.358507538126,False,800-2000 Hz
222382,an arabiensis,IFA_73_10_2890.wav,100,99.64646464646465,99.64646464646465,False,-49.14234205816527,10,817.5967063546011,False,800-2000 Hz
222382,an arabiensis,IFA_73_10_2890.wav,150,99.8989898989899,99.8989898989899,False,-50.21635642665862,9,798.9421052862099,False,300-800 Hz
222382,an arabiensis,IFA_73_10_2890.wav,200,99.64646464646465,99.64646464646465,False,-49.24753238784263,9,865.1425927882087,False,800-2000 Hz
222382,an arabiensis,IFA_73_10_2890.wav,300,99.64646464646465,99.64646464646465,False,-49.14234205816527,7,825.1790452437867,False,800-2000 Hz
222422,an arabiensis,IFA_73_11_2891.wav,0,99.16666666666667,99.16666666666667,False,-35.25769276272859,36,6103.720297923787,False,>=2000 Hz
222422,an arabiensis,IFA_73_11_2891.wav,100,99.29292929292929,99.29292929292929,False,-35.251409143203425,36,6192.935304310192,False,>=2000 Hz
222422,an arabiensis,IFA_73_11_2891.wav,150,99.29292929292929,99.29292929292929,False,-35.34736949550134,36,6233.825044478617,False,>=2000 Hz
222422,an arabiensis,IFA_73_11_2891.wav,200,99.26767676767678,99.26767676767678,False,-35.52046178164431,36,6272.599048553766,False,>=2000 Hz
222422,an arabiensis,IFA_73_11_2891.wav,300,99.24242424242425,99.24242424242425,False,-36.531351447559096,36,6344.640540634074,False,>=2000 Hz
222437,an arabiensis,IFA_73_12_2892.wav,0,100.0,100.0,True,-55.09678949052372,0,44.37407700982649,True,<100 Hz
222437,an arabiensis,IFA_73_12_2892.wav,100,100.0,100.0,True,-55.589692745257935,12,1004.9588458152629,False,800-2000 Hz
222437,an arabiensis,IFA_73_12_2892.wav,150,100.0,100.0,True,-55.589692745257935,11,979.0284142678163,False,800-2000 Hz
222437,an arabiensis,IFA_73_12_2892.wav,200,100.0,100.0,True,-55.589692745257935,10,954.1887019828487,False,800-2000 Hz
222437,an arabiensis,IFA_73_12_2892.wav,300,100.0,100.0,True,-55.93436173650034,9,994.9271530483034,False,800-2000 Hz
222388,an arabiensis,IFA_73_13_2893.wav,0,100.0,100.0,True,-52.23746853798066,11,763.5799242943094,False,300-800 Hz
222388,an arabiensis,IFA_73_13_2893.wav,100,100.0,100.0,True,-52.46415850285573,10,817.5967063546011,False,800-2000 Hz
222388,an arabiensis,IFA_73_13_2893.wav,150,99.97474747474747,99.97474747474747,False,-51.831558831407456,9,798.9421052862099,False,300-800 Hz
222388,an arabiensis,IFA_73_13_2893.wav,200,100.0,100.0,True,-52.342021810806784,8,780.8898965537708,False,300-800 Hz
222388,an arabiensis,IFA_73_13_2893.wav,300,100.0,100.0,True,-52.46415850285573,7,825.1790452437867,False,800-2000 Hz
222387,an arabiensis,IFA_73_13_2893.wav,0,100.0,100.0,True,-59.1579745965487,11,763.5799242943094,False,300-800 Hz
222387,an arabiensis,IFA_73_13_2893.wav,100,100.0,100.0,True,-59.973640739732666,10,817.5967063546011,False,800-2000 Hz
222387,an arabiensis,IFA_73_13_2893.wav,150,100.0,100.0,True,-58.85588767186832,9,798.9421052862099,False,300-800 Hz
222387,an arabiensis,IFA_73_13_2893.wav,200,100.0,100.0,True,-59.25838129678936,8,780.8898965537708,False,300-800 Hz
222387,an arabiensis,IFA_73_13_2893.wav,300,100.0,100.0,True,-59.973640739732666,7,825.1790452437867,False,800-2000 Hz
222389,an arabiensis,IFA_73_13_2893.wav,0,99.97474747474747,99.92424242424242,False,-51.74649329201451,0,44.37407700982649,True,<100 Hz
222389,an arabiensis,IFA_73_13_2893.wav,100,100.0,100.0,True,-52.43593774768206,10,817.5967063546011,False,800-2000 Hz
222389,an arabiensis,IFA_73_13_2893.wav,150,100.0,100.0,True,-52.52190066091214,9,798.9421052862099,False,300-800 Hz
222389,an arabiensis,IFA_73_13_2893.wav,200,100.0,100.0,True,-52.50669320154416,9,865.1425927882087,False,800-2000 Hz
222389,an arabiensis,IFA_73_13_2893.wav,300,100.0,100.0,True,-52.59375468535566,7,825.1790452437867,False,800-2000 Hz
222379,an arabiensis,IFA_73_15_2895.wav,0,100.0,100.0,True,-60.08647073692677,13,955.0184679215481,False,800-2000 Hz
222379,an arabiensis,IFA_73_15_2895.wav,100,100.0,100.0,True,-61.2461001259924,11,908.5521219032305,False,800-2000 Hz
222379,an arabiensis,IFA_73_15_2895.wav,150,100.0,100.0,True,-61.13976739810962,10,886.4319670625546,False,800-2000 Hz
222379,an arabiensis,IFA_73_15_2895.wav,200,100.0,100.0,True,-63.551345253158104,10,954.1887019828487,False,800-2000 Hz
222379,an arabiensis,IFA_73_15_2895.wav,300,100.0,100.0,True,-61.3259055712206,8,907.814472208775,False,800-2000 Hz
222416,an arabiensis,IFA_73_16_2896.wav,0,99.92424242424242,99.8989898989899,False,-48.384409693689356,0,44.37407700982649,True,<100 Hz
222416,an arabiensis,IFA_73_16_2896.wav,100,100.0,100.0,True,-59.8362397380983,19,1862.5080507980697,False,800-2000 Hz
222416,an arabiensis,IFA_73_16_2896.wav,150,100.0,100.0,True,-59.92145693050563,19,1943.326394117477,False,800-2000 Hz
222416,an arabiensis,IFA_73_16_2896.wav,200,100.0,100.0,True,-59.77322597487387,18,1875.3376136955906,False,800-2000 Hz
222416,an arabiensis,IFA_73_16_2896.wav,300,100.0,100.0,True,-59.82224372457652,17,1885.0673770439807,False,800-2000 Hz
222362,an arabiensis,IFA_73_17_2897.wav,0,99.97474747474747,99.94949494949495,False,-50.664517805792215,0,44.37407700982649,True,<100 Hz
222362,an arabiensis,IFA_73_17_2897.wav,100,100.0,100.0,True,-57.31616957441413,11,908.5521219032305,False,800-2000 Hz
222362,an arabiensis,IFA_73_17_2897.wav,150,100.0,100.0,True,-57.32420538653213,10,886.4319670625546,False,800-2000 Hz
222362,an arabiensis,IFA_73_17_2897.wav,200,100.0,100.0,True,-60.17145953152466,10,954.1887019828487,False,800-2000 Hz
222362,an arabiensis,IFA_73_17_2897.wav,300,100.0,100.0,True,-57.33015295427332,8,907.814472208775,False,800-2000 Hz
222397,an arabiensis,IFA_73_20_2900.wav,0,100.0,100.0,True,-54.62718160248588,12,856.358507538126,False,800-2000 Hz
222397,an arabiensis,IFA_73_20_2900.wav,100,100.0,100.0,True,-54.68809649621261,10,817.5967063546011,False,800-2000 Hz
222397,an arabiensis,IFA_73_20_2900.wav,150,100.0,100.0,True,-57.37868150584727,10,886.4319670625546,False,800-2000 Hz
222397,an arabiensis,IFA_73_20_2900.wav,200,100.0,100.0,True,-54.62718160248588,9,865.1425927882087,False,800-2000 Hz
222397,an arabiensis,IFA_73_20_2900.wav,300,100.0,100.0,True,-54.68809649621261,7,825.1790452437867,False,800-2000 Hz
222396,an arabiensis,IFA_73_20_2900.wav,0,98.91414141414141,98.91414141414141,False,-35.67675215491015,0,44.37407700982649,True,<100 Hz
222396,an arabiensis,IFA_73_20_2900.wav,100,100.0,100.0,True,-52.62649951788858,34,5435.453615558967,False,>=2000 Hz
222396,an arabiensis,IFA_73_20_2900.wav,150,100.0,100.0,True,-52.62649951788858,36,6233.825044478617,False,>=2000 Hz
222396,an arabiensis,IFA_73_20_2900.wav,200,100.0,100.0,True,-52.62649951788858,36,6272.599048553766,False,>=2000 Hz
222396,an arabiensis,IFA_73_20_2900.wav,300,100.0,100.0,True,-52.935414385651434,36,6344.640540634074,False,>=2000 Hz
222395,an arabiensis,IFA_73_20_2900.wav,0,99.97474747474747,99.97474747474747,False,-51.483809322644376,0,44.37407700982649,True,<100 Hz
222395,an arabiensis,IFA_73_20_2900.wav,100,100.0,100.0,True,-52.25883441878564,10,817.5967063546011,False,800-2000 Hz
222395,an arabiensis,IFA_73_20_2900.wav,150,100.0,100.0,True,-55.108635211479495,10,886.4319670625546,False,800-2000 Hz
222395,an arabiensis,IFA_73_20_2900.wav,200,100.0,100.0,True,-52.23001950370862,9,865.1425927882087,False,800-2000 Hz
222395,an arabiensis,IFA_73_20_2900.wav,300,100.0,100.0,True,-52.25883441878564,7,825.1790452437867,False,800-2000 Hz
222408,an arabiensis,IFA_73_22_2902.wav,0,99.92424242424242,99.92424242424242,False,-49.69397121841468,0,44.37407700982649,True,<100 Hz
222408,an arabiensis,IFA_73_22_2902.wav,100,100.0,100.0,True,-60.56865298770116,12,1004.9588458152629,False,800-2000 Hz
222408,an arabiensis,IFA_73_22_2902.wav,150,100.0,100.0,True,-58.17292271260421,11,979.0284142678163,False,800-2000 Hz
222408,an arabiensis,IFA_73_22_2902.wav,200,100.0,100.0,True,-58.056327972940935,10,954.1887019828487,False,800-2000 Hz
222408,an arabiensis,IFA_73_22_2902.wav,300,100.0,100.0,True,-58.17292271260421,9,994.9271530483034,False,800-2000 Hz
222400,an arabiensis,IFA_73_24_2904.wav,0,100.0,100.0,True,-54.05523832749661,13,955.0184679215481,False,800-2000 Hz
222400,an arabiensis,IFA_73_24_2904.wav,100,100.0,100.0,True,-58.62212199870187,11,908.5521219032305,False,800-2000 Hz
222400,an arabiensis,IFA_73_24_2904.wav,150,100.0,100.0,True,-58.68496262654375,11,979.0284142678163,False,800-2000 Hz
222400,an arabiensis,IFA_73_24_2904.wav,200,100.0,100.0,True,-59.75804720118311,10,954.1887019828487,False,800-2000 Hz
222400,an arabiensis,IFA_73_24_2904.wav,300,100.0,100.0,True,-58.721181423061466,9,994.9271530483034,False,800-2000 Hz
222374,an funestus ss,IFA_73_25_2905.wav,0,99.62121212121212,99.62121212121212,False,-46.90110265820503,0,44.37407700982649,True,<100 Hz
222374,an funestus ss,IFA_73_25_2905.wav,100,100.0,100.0,True,-54.88985816040875,37,6606.055464843051,False,>=2000 Hz
222374,an funestus ss,IFA_73_25_2905.wav,150,100.0,100.0,True,-55.16692677605414,35,5851.432728061765,False,>=2000 Hz
222374,an funestus ss,IFA_73_25_2905.wav,200,100.0,100.0,True,-55.192564754980594,36,6272.599048553766,False,>=2000 Hz
222374,an funestus ss,IFA_73_25_2905.wav,300,100.0,100.0,True,-55.22848553669811,37,6726.324829246307,False,>=2000 Hz
222434,an arabiensis,IFA_73_27_2907.wav,0,99.74747474747475,99.74747474747475,False,-46.30437529886139,0,44.37407700982649,True,<100 Hz
222434,an arabiensis,IFA_73_27_2907.wav,100,100.0,100.0,True,-56.01401939093801,36,6192.935304310192,False,>=2000 Hz
222434,an arabiensis,IFA_73_27_2907.wav,150,100.0,100.0,True,-56.01401939093801,36,6233.825044478617,False,>=2000 Hz
222434,an arabiensis,IFA_73_27_2907.wav,200,100.0,100.0,True,-56.19484301986665,36,6272.599048553766,False,>=2000 Hz
222434,an arabiensis,IFA_73_27_2907.wav,300,100.0,100.0,True,-56.379650186744605,37,6726.324829246307,False,>=2000 Hz
222435,an arabiensis,IFA_73_27_2907.wav,0,99.69696969696969,99.69696969696969,False,-38.51472295224259,0,44.37407700982649,True,<100 Hz
222435,an arabiensis,IFA_73_27_2907.wav,100,100.0,100.0,True,-60.44834790153787,36,6192.935304310192,False,>=2000 Hz
222435,an arabiensis,IFA_73_27_2907.wav,150,100.0,100.0,True,-60.86519884889776,36,6233.825044478617,False,>=2000 Hz
222435,an arabiensis,IFA_73_27_2907.wav,200,100.0,100.0,True,-60.84865461549128,36,6272.599048553766,False,>=2000 Hz
222435,an arabiensis,IFA_73_27_2907.wav,300,100.0,100.0,True,-60.77752120055162,36,6344.640540634074,False,>=2000 Hz
222436,an arabiensis,IFA_73_27_2907.wav,0,99.67171717171716,99.62121212121212,False,-41.89617605129759,0,44.37407700982649,True,<100 Hz
222436,an arabiensis,IFA_73_27_2907.wav,100,100.0,100.0,True,-54.1353815508553,34,5435.453615558967,False,>=2000 Hz
222436,an arabiensis,IFA_73_27_2907.wav,150,100.0,100.0,True,-54.23431457903519,36,6233.825044478617,False,>=2000 Hz
222436,an arabiensis,IFA_73_27_2907.wav,200,100.0,100.0,True,-54.31032774125825,36,6272.599048553766,False,>=2000 Hz
222436,an arabiensis,IFA_73_27_2907.wav,300,100.0,100.0,True,-54.52142226653401,34,5639.114996491976,False,>=2000 Hz
222409,an arabiensis,IFA_73_29_2909.wav,0,99.41919191919192,99.41919191919192,False,-35.70241816510802,0,44.37407700982649,True,<100 Hz
222409,an arabiensis,IFA_73_29_2909.wav,100,100.0,100.0,True,-57.93607672949764,33,5088.525017110928,False,>=2000 Hz
222409,an arabiensis,IFA_73_29_2909.wav,150,100.0,100.0,True,-59.121788233453465,33,5148.750552755978,False,>=2000 Hz
222409,an arabiensis,IFA_73_29_2909.wav,200,100.0,100.0,True,-58.00400150019658,33,5206.106474135096,False,>=2000 Hz
222409,an arabiensis,IFA_73_29_2909.wav,300,100.0,100.0,True,-58.28094549063579,32,5004.24831571783,False,>=2000 Hz
222410,an arabiensis,IFA_73_29_2909.wav,0,98.93939393939394,98.93939393939394,False,-40.017819310159865,0,44.37407700982649,True,<100 Hz
222410,an arabiensis,IFA_73_29_2909.wav,100,99.54545454545455,99.54545454545455,False,-47.5657757946427,39,7508.05938800615,False,>=2000 Hz
222410,an arabiensis,IFA_73_29_2909.wav,150,99.52020202020202,99.52020202020202,False,-47.5657757946427,39,7520.205206868358,False,>=2000 Hz
222410,an arabiensis,IFA_73_29_2909.wav,200,99.52020202020202,99.52020202020202,False,-47.5657757946427,39,7531.673049716309,False,>=2000 Hz
222410,an arabiensis,IFA_73_29_2909.wav,300,99.54545454545455,99.54545454545455,False,-47.88467253203856,39,7552.853748350859,False,>=2000 Hz
222433,an arabiensis,IFA_73_30_2910.wav,0,99.97474747474747,99.97474747474747,False,-51.69605646320726,12,856.358507538126,False,800-2000 Hz
222433,an arabiensis,IFA_73_30_2910.wav,100,99.92424242424242,99.8989898989899,False,-51.568845629079796,10,817.5967063546011,False,800-2000 Hz
222433,an arabiensis,IFA_73_30_2910.wav,150,100.0,100.0,True,-52.15222170176689,9,798.9421052862099,False,300-800 Hz
222433,an arabiensis,IFA_73_30_2910.wav,200,99.97474747474747,99.97474747474747,False,-51.69605646320726,9,865.1425927882087,False,800-2000 Hz
222433,an arabiensis,IFA_73_30_2910.wav,300,99.92424242424242,99.8989898989899,False,-51.568845629079796,7,825.1790452437867,False,800-2000 Hz
222406,an funestus ss,IFA_73_31_2911.wav,0,99.62121212121212,99.62121212121212,False,-45.02745118549135,0,44.37407700982649,True,<100 Hz
222406,an funestus ss,IFA_73_31_2911.wav,100,100.0,100.0,True,-64.20326936076604,36,6192.935304310192,False,>=2000 Hz
222406,an funestus ss,IFA_73_31_2911.wav,150,100.0,100.0,True,-62.58180181158369,36,6233.825044478617,False,>=2000 Hz
222406,an funestus ss,IFA_73_31_2911.wav,200,100.0,100.0,True,-62.67956755756533,36,6272.599048553766,False,>=2000 Hz
222406,an funestus ss,IFA_73_31_2911.wav,300,100.0,100.0,True,-63.452384320170665,37,6726.324829246307,False,>=2000 Hz
222405,an funestus ss,IFA_73_31_2911.wav,0,99.72222222222223,99.72222222222223,False,-43.96299039762794,0,44.37407700982649,True,<100 Hz
222405,an funestus ss,IFA_73_31_2911.wav,100,100.0,100.0,True,-66.12582251096921,38,7043.93550770528,False,>=2000 Hz
222405,an funestus ss,IFA_73_31_2911.wav,150,100.0,100.0,True,-66.75612834637447,38,7066.870533681113,False,>=2000 Hz
222405,an funestus ss,IFA_73_31_2911.wav,200,100.0,100.0,True,-67.06821242775574,12,1147.767526900907,False,800-2000 Hz
222405,an funestus ss,IFA_73_31_2911.wav,300,100.0,100.0,True,-67.54290476440241,37,6726.324829246307,False,>=2000 Hz
222368,an arabiensis,IFA_73_32_2912.wav,0,99.11616161616162,99.0909090909091,False,-31.094850137767818,35,5698.132814724254,False,>=2000 Hz
222368,an arabiensis,IFA_73_32_2912.wav,100,99.44444444444444,99.44444444444444,False,-30.72887559236209,34,5435.453615558967,False,>=2000 Hz
222368,an arabiensis,IFA_73_32_2912.wav,150,99.44444444444444,99.39393939393939,False,-30.69803425364118,34,5490.128899271392,False,>=2000 Hz
222368,an arabiensis,IFA_73_32_2912.wav,200,99.39393939393939,99.39393939393939,False,-30.661250845270786,34,5542.124294130725,False,>=2000 Hz
222368,an arabiensis,IFA_73_32_2912.wav,300,99.39393939393939,99.39393939393939,False,-30.682031941473603,37,6726.324829246307,False,>=2000 Hz
222367,an arabiensis,IFA_73_32_2912.wav,0,100.0,100.0,True,-54.51451117789957,12,856.358507538126,False,800-2000 Hz
222367,an arabiensis,IFA_73_32_2912.wav,100,100.0,100.0,True,-54.416001529670304,10,817.5967063546011,False,800-2000 Hz
222367,an arabiensis,IFA_73_32_2912.wav,150,100.0,100.0,True,-56.944121324000996,9,798.9421052862099,False,300-800 Hz
222367,an arabiensis,IFA_73_32_2912.wav,200,100.0,100.0,True,-54.51451117789957,9,865.1425927882087,False,800-2000 Hz
222367,an arabiensis,IFA_73_32_2912.wav,300,100.0,100.0,True,-54.416001529670304,7,825.1790452437867,False,800-2000 Hz
222369,an arabiensis,IFA_73_32_2912.wav,0,99.77272727272727,99.77272727272727,False,-47.630959781920374,0,44.37407700982649,True,<100 Hz
222369,an arabiensis,IFA_73_32_2912.wav,100,99.94949494949495,99.94949494949495,False,-51.68045938419518,10,817.5967063546011,False,800-2000 Hz
222369,an arabiensis,IFA_73_32_2912.wav,150,100.0,100.0,True,-53.86264130905281,9,798.9421052862099,False,300-800 Hz
222369,an arabiensis,IFA_73_32_2912.wav,200,99.94949494949495,99.94949494949495,False,-51.76387663173038,9,865.1425927882087,False,800-2000 Hz
222369,an arabiensis,IFA_73_32_2912.wav,300,99.94949494949495,99.94949494949495,False,-51.68045938419518,7,825.1790452437867,False,800-2000 Hz
222398,an arabiensis,IFA_73_35_2915.wav,0,100.0,100.0,True,-60.77508998568801,13,955.0184679215481,False,800-2000 Hz
222398,an arabiensis,IFA_73_35_2915.wav,100,100.0,100.0,True,-60.915026976679954,11,908.5521219032305,False,800-2000 Hz
222398,an arabiensis,IFA_73_35_2915.wav,150,100.0,100.0,True,-61.890583743033794,10,886.4319670625546,False,800-2000 Hz
222398,an arabiensis,IFA_73_35_2915.wav,200,100.0,100.0,True,-60.77508998568801,10,954.1887019828487,False,800-2000 Hz
222398,an arabiensis,IFA_73_35_2915.wav,300,100.0,100.0,True,-60.915026976679954,8,907.814472208775,False,800-2000 Hz
222372,an arabiensis,IFA_73_37_2917.wav,0,99.57070707070706,99.57070707070706,False,-48.98268630559195,12,856.358507538126,False,800-2000 Hz
222372,an arabiensis,IFA_73_37_2917.wav,100,99.54545454545455,99.54545454545455,False,-48.815467629314206,10,817.5967063546011,False,800-2000 Hz
222372,an arabiensis,IFA_73_37_2917.wav,150,99.87373737373737,99.87373737373737,False,-51.13870774135136,10,886.4319670625546,False,800-2000 Hz
222372,an arabiensis,IFA_73_37_2917.wav,200,99.57070707070706,99.57070707070706,False,-48.98268630559195,9,865.1425927882087,False,800-2000 Hz
222372,an arabiensis,IFA_73_37_2917.wav,300,99.54545454545455,99.54545454545455,False,-48.815467629314206,7,825.1790452437867,False,800-2000 Hz
222411,an arabiensis,IFA_73_38_2918.wav,0,99.74747474747475,99.67171717171716,False,-48.47143673273561,12,856.358507538126,False,800-2000 Hz
222411,an arabiensis,IFA_73_38_2918.wav,100,99.74747474747475,99.67171717171716,False,-48.300612564571814,10,817.5967063546011,False,800-2000 Hz
222411,an arabiensis,IFA_73_38_2918.wav,150,99.87373737373737,99.87373737373737,False,-50.50088019614308,10,886.4319670625546,False,800-2000 Hz
222411,an arabiensis,IFA_73_38_2918.wav,200,99.74747474747475,99.69696969696969,False,-48.47143673273561,9,865.1425927882087,False,800-2000 Hz
222411,an arabiensis,IFA_73_38_2918.wav,300,99.74747474747475,99.69696969696969,False,-48.300612564571814,7,825.1790452437867,False,800-2000 Hz
222402,an arabiensis,IFA_73_39_2919.wav,0,99.84848484848486,99.84848484848486,False,-49.82931000957083,0,44.37407700982649,True,<100 Hz
222402,an arabiensis,IFA_73_39_2919.wav,100,100.0,100.0,True,-65.82511586990444,11,908.5521219032305,False,800-2000 Hz
222402,an arabiensis,IFA_73_39_2919.wav,150,100.0,100.0,True,-66.00115582861527,10,886.4319670625546,False,800-2000 Hz
222402,an arabiensis,IFA_73_39_2919.wav,200,100.0,100.0,True,-67.190233054138,36,6272.599048553766,False,>=2000 Hz
222402,an arabiensis,IFA_73_39_2919.wav,300,100.0,100.0,True,-66.12278614639169,8,907.814472208775,False,800-2000 Hz
222401,an arabiensis,IFA_73_39_2919.wav,0,99.5959595959596,99.57070707070706,False,-44.82118075861376,0,44.37407700982649,True,<100 Hz
222401,an arabiensis,IFA_73_39_2919.wav,100,100.0,100.0,True,-55.121510007780074,19,1862.5080507980697,False,800-2000 Hz
222401,an arabiensis,IFA_73_39_2919.wav,150,100.0,100.0,True,-55.19033420581486,18,1797.5500446410404,False,800-2000 Hz
222401,an arabiensis,IFA_73_39_2919.wav,200,100.0,100.0,True,-55.121510007780074,18,1875.3376136955906,False,800-2000 Hz
222401,an arabiensis,IFA_73_39_2919.wav,300,100.0,100.0,True,-55.121510007780074,17,1885.0673770439807,False,800-2000 Hz
222425,an arabiensis,IFA_73_40_2920.wav,0,100.0,100.0,True,-55.04665437445609,12,856.358507538126,False,800-2000 Hz
222425,an arabiensis,IFA_73_40_2920.wav,100,100.0,100.0,True,-55.021871325719346,10,817.5967063546011,False,800-2000 Hz
222425,an arabiensis,IFA_73_40_2920.wav,150,100.0,100.0,True,-57.86334308083323,10,886.4319670625546,False,800-2000 Hz
222425,an arabiensis,IFA_73_40_2920.wav,200,100.0,100.0,True,-55.04665437445609,9,865.1425927882087,False,800-2000 Hz
222425,an arabiensis,IFA_73_40_2920.wav,300,100.0,100.0,True,-55.021871325719346,7,825.1790452437867,False,800-2000 Hz
222384,an funestus ss,IFA_74_10_2930.wav,0,98.96464646464646,98.96464646464646,False,-40.341517781646026,0,44.37407700982649,True,<100 Hz
222384,an funestus ss,IFA_74_10_2930.wav,100,99.0909090909091,99.0909090909091,False,-40.50475752700049,36,6192.935304310192,False,>=2000 Hz
222384,an funestus ss,IFA_74_10_2930.wav,150,99.0909090909091,99.0909090909091,False,-40.405338425864805,36,6233.825044478617,False,>=2000 Hz
222384,an funestus ss,IFA_74_10_2930.wav,200,99.0909090909091,99.0909090909091,False,-40.38262414745948,36,6272.599048553766,False,>=2000 Hz
222384,an funestus ss,IFA_74_10_2930.wav,300,99.06565656565657,99.06565656565657,False,-40.423256787381455,36,6344.640540634074,False,>=2000 Hz
222360,an arabiensis,IFA_74_11_2931.wav,0,100.0,100.0,True,-53.2086509205487,0,44.37407700982649,True,<100 Hz
222360,an arabiensis,IFA_74_11_2931.wav,100,100.0,100.0,True,-63.05977442466492,37,6606.055464843051,False,>=2000 Hz
222360,an arabiensis,IFA_74_11_2931.wav,150,100.0,100.0,True,-62.86370058433823,37,6638.536735866427,False,>=2000 Hz
222360,an arabiensis,IFA_74_11_2931.wav,200,100.0,100.0,True,-64.4370105333652,37,6669.293138350332,False,>=2000 Hz
222360,an arabiensis,IFA_74_11_2931.wav,300,100.0,100.0,True,-63.05977442466492,37,6726.324829246307,False,>=2000 Hz
222359,an arabiensis,IFA_74_11_2931.wav,0,100.0,100.0,True,-61.27110018837879,10,676.3321139842594,False,300-800 Hz
222359,an arabiensis,IFA_74_11_2931.wav,100,100.0,100.0,True,-59.30382820308082,9,731.7843554943794,False,300-800 Hz
222359,an arabiensis,IFA_74_11_2931.wav,150,100.0,100.0,True,-59.715737945609426,8,716.2772067434397,False,300-800 Hz
222359,an arabiensis,IFA_74_11_2931.wav,200,100.0,100.0,True,-59.715737945609426,7,701.1725805814766,False,300-800 Hz
222359,an arabiensis,IFA_74_11_2931.wav,300,100.0,100.0,True,-59.30382820308082,6,746.7907586719966,False,300-800 Hz
222431,an arabiensis,IFA_74_12_2932.wav,0,99.94949494949495,99.94949494949495,False,-50.57161974159862,0,44.37407700982649,True,<100 Hz
222431,an arabiensis,IFA_74_12_2932.wav,100,100.0,100.0,True,-57.379828164669036,10,817.5967063546011,False,800-2000 Hz
222431,an arabiensis,IFA_74_12_2932.wav,150,100.0,100.0,True,-57.32869270942115,9,798.9421052862099,False,300-800 Hz
222431,an arabiensis,IFA_74_12_2932.wav,200,100.0,100.0,True,-57.362042250687075,8,780.8898965537708,False,300-800 Hz
222431,an arabiensis,IFA_74_12_2932.wav,300,100.0,100.0,True,-57.426420546591004,7,825.1790452437867,False,800-2000 Hz
222381,an arabiensis,IFA_74_13_2933.wav,0,100.0,100.0,True,-58.75054357273379,13,955.0184679215481,False,800-2000 Hz
222381,an arabiensis,IFA_74_13_2933.wav,100,100.0,100.0,True,-58.139560264095934,12,1004.9588458152629,False,800-2000 Hz
222381,an arabiensis,IFA_74_13_2933.wav,150,100.0,100.0,True,-58.47307737807566,11,979.0284142678163,False,800-2000 Hz
222381,an arabiensis,IFA_74_13_2933.wav,200,100.0,100.0,True,-58.82016758950065,10,954.1887019828487,False,800-2000 Hz
222381,an arabiensis,IFA_74_13_2933.wav,300,100.0,100.0,True,-58.516262476836204,9,994.9271530483034,False,800-2000 Hz
222426,an arabiensis,IFA_74_15_2935.wav,0,100.0,100.0,True,-52.48328327099492,12,856.358507538126,False,800-2000 Hz
222426,an arabiensis,IFA_74_15_2935.wav,100,99.84848484848486,99.84848484848486,False,-50.20245605221848,11,908.5521219032305,False,800-2000 Hz
222426,an arabiensis,IFA_74_15_2935.wav,150,99.84848484848486,99.84848484848486,False,-50.04614210277606,10,886.4319670625546,False,800-2000 Hz
222426,an arabiensis,IFA_74_15_2935.wav,200,100.0,100.0,True,-52.48328327099492,9,865.1425927882087,False,800-2000 Hz
222426,an arabiensis,IFA_74_15_2935.wav,300,99.84848484848486,99.84848484848486,False,-50.25533376501037,8,907.814472208775,False,800-2000 Hz
222373,an funestus ss,IFA_74_16_2936.wav,0,99.77272727272727,99.77272727272727,False,-44.782367096233244,0,44.37407700982649,True,<100 Hz
222373,an funestus ss,IFA_74_16_2936.wav,100,99.97474747474747,99.97474747474747,False,-50.99260588324249,11,908.5521219032305,False,800-2000 Hz
222373,an funestus ss,IFA_74_16_2936.wav,150,99.97474747474747,99.97474747474747,False,-50.88750801111907,10,886.4319670625546,False,800-2000 Hz
222373,an funestus ss,IFA_74_16_2936.wav,200,99.97474747474747,99.97474747474747,False,-51.36760815914893,10,954.1887019828487,False,800-2000 Hz
222373,an funestus ss,IFA_74_16_2936.wav,300,99.97474747474747,99.97474747474747,False,-50.99260588324249,8,907.814472208775,False,800-2000 Hz
222412,an funestus ss,IFA_74_17_2937.wav,0,100.0,100.0,True,-64.10861006675775,38,6993.657556191134,False,>=2000 Hz
222412,an funestus ss,IFA_74_17_2937.wav,100,100.0,100.0,True,-64.60120708216752,37,6606.055464843051,False,>=2000 Hz
222412,an funestus ss,IFA_74_17_2937.wav,150,100.0,100.0,True,-64.60120708216752,37,6638.536735866427,False,>=2000 Hz
222412,an funestus ss,IFA_74_17_2937.wav,200,100.0,100.0,True,-64.9896289365182,37,6669.293138350332,False,>=2000 Hz
222412,an funestus ss,IFA_74_17_2937.wav,300,100.0,100.0,True,-65.32488743361547,37,6726.324829246307,False,>=2000 Hz
222413,an funestus ss,IFA_74_17_2937.wav,0,99.77272727272727,99.77272727272727,False,-46.41092863877859,0,44.37407700982649,True,<100 Hz
222413,an funestus ss,IFA_74_17_2937.wav,100,100.0,100.0,True,-60.10129371316063,12,1004.9588458152629,False,800-2000 Hz
222413,an funestus ss,IFA_74_17_2937.wav,150,100.0,100.0,True,-60.65927517367712,11,979.0284142678163,False,800-2000 Hz
222413,an funestus ss,IFA_74_17_2937.wav,200,100.0,100.0,True,-60.29568159799199,11,1048.3009371645,False,800-2000 Hz
222413,an funestus ss,IFA_74_17_2937.wav,300,100.0,100.0,True,-60.65927517367712,9,994.9271530483034,False,800-2000 Hz
222424,culex pipiens complex,IFA_74_18_2938.wav,0,99.8989898989899,99.8989898989899,False,-47.23515044161076,0,44.37407700982649,True,<100 Hz
222424,culex pipiens complex,IFA_74_18_2938.wav,100,99.92424242424242,99.92424242424242,False,-48.027946949685905,35,5803.174981087622,False,>=2000 Hz
222424,culex pipiens complex,IFA_74_18_2938.wav,150,99.92424242424242,99.92424242424242,False,-48.30641819428208,35,5851.432728061765,False,>=2000 Hz
222424,culex pipiens complex,IFA_74_18_2938.wav,200,99.92424242424242,99.92424242424242,False,-48.102212536562625,34,5542.124294130725,False,>=2000 Hz
222424,culex pipiens complex,IFA_74_18_2938.wav,300,99.8989898989899,99.8989898989899,False,-47.64184393871696,34,5639.114996491976,False,>=2000 Hz
222371,an arabiensis,IFA_74_20_2940.wav,0,100.0,100.0,True,-54.12401506668459,13,955.0184679215481,False,800-2000 Hz
222371,an arabiensis,IFA_74_20_2940.wav,100,100.0,100.0,True,-56.97657223127179,11,908.5521219032305,False,800-2000 Hz
222371,an arabiensis,IFA_74_20_2940.wav,150,100.0,100.0,True,-54.17915550232968,10,886.4319670625546,False,800-2000 Hz
222371,an arabiensis,IFA_74_20_2940.wav,200,100.0,100.0,True,-54.19642686743117,10,954.1887019828487,False,800-2000 Hz
222371,an arabiensis,IFA_74_20_2940.wav,300,100.0,100.0,True,-54.17915550232968,8,907.814472208775,False,800-2000 Hz
222427,an arabiensis,IFA_74_21_2941.wav,0,98.4090909090909,98.35858585858585,False,-42.7779341303322,36,6103.720297923787,False,>=2000 Hz
222427,an arabiensis,IFA_74_21_2941.wav,100,98.61111111111111,98.53535353535354,False,-42.50608092000118,36,6192.935304310192,False,>=2000 Hz
222427,an arabiensis,IFA_74_21_2941.wav,150,98.66161616161617,98.61111111111111,False,-42.59981682587545,36,6233.825044478617,False,>=2000 Hz
222427,an arabiensis,IFA_74_21_2941.wav,200,98.61111111111111,98.58585858585859,False,-42.70476726604641,36,6272.599048553766,False,>=2000 Hz
222427,an arabiensis,IFA_74_21_2941.wav,300,98.61111111111111,98.53535353535354,False,-43.50120308983233,36,6344.640540634074,False,>=2000 Hz
222420,culex pipiens complex,IFA_74_22_2942.wav,0,99.82323232323232,99.82323232323232,False,-46.15997899037484,35,5698.132814724254,False,>=2000 Hz
222420,culex pipiens complex,IFA_74_22_2942.wav,100,99.79797979797979,99.79797979797979,False,-45.80627666851534,34,5435.453615558967,False,>=2000 Hz
222420,culex pipiens complex,IFA_74_22_2942.wav,150,99.79797979797979,99.79797979797979,False,-46.22252990087322,34,5490.128899271392,False,>=2000 Hz
222420,culex pipiens complex,IFA_74_22_2942.wav,200,99.79797979797979,99.79797979797979,False,-46.37767482875429,34,5542.124294130725,False,>=2000 Hz
222420,culex pipiens complex,IFA_74_22_2942.wav,300,99.82323232323232,99.82323232323232,False,-46.621385240563484,34,5639.114996491976,False,>=2000 Hz
222365,an funestus ss,IFA_74_23_2943.wav,0,99.94949494949495,99.94949494949495,False,-51.13685521875267,0,44.37407700982649,True,<100 Hz
222365,an funestus ss,IFA_74_23_2943.wav,100,100.0,100.0,True,-64.96160479754472,12,1004.9588458152629,False,800-2000 Hz
222365,an funestus ss,IFA_74_23_2943.wav,150,100.0,100.0,True,-64.19516787427035,11,979.0284142678163,False,800-2000 Hz
222365,an funestus ss,IFA_74_23_2943.wav,200,100.0,100.0,True,-64.0884291724254,11,1048.3009371645,False,800-2000 Hz
222365,an funestus ss,IFA_74_23_2943.wav,300,100.0,100.0,True,-64.19516787427035,9,994.9271530483034,False,800-2000 Hz
222418,culex pipiens complex,IFA_74_26_2946.wav,0,99.8989898989899,99.8989898989899,False,-49.503635162568216,0,44.37407700982649,True,<100 Hz
222418,culex pipiens complex,IFA_74_26_2946.wav,100,99.92424242424242,99.92424242424242,False,-49.336135144405716,34,5435.453615558967,False,>=2000 Hz
222418,culex pipiens complex,IFA_74_26_2946.wav,150,99.8989898989899,99.8989898989899,False,-49.524481034527305,33,5148.750552755978,False,>=2000 Hz
222418,culex pipiens complex,IFA_74_26_2946.wav,200,99.8989898989899,99.8989898989899,False,-49.734381864981486,33,5206.106474135096,False,>=2000 Hz
222418,culex pipiens complex,IFA_74_26_2946.wav,300,99.92424242424242,99.92424242424242,False,-50.19979084383372,33,5313.3090758650505,False,>=2000 Hz
222419,culex pipiens complex,IFA_74_26_2946.wav,0,99.74747474747475,99.74747474747475,False,-43.431900848231074,0,44.37407700982649,True,<100 Hz
222419,culex pipiens complex,IFA_74_26_2946.wav,100,99.97474747474747,99.97474747474747,False,-51.43810228878493,12,1004.9588458152629,False,800-2000 Hz
222419,culex pipiens complex,IFA_74_26_2946.wav,150,99.97474747474747,99.97474747474747,False,-51.643945806766226,11,979.0284142678163,False,800-2000 Hz
222419,culex pipiens complex,IFA_74_26_2946.wav,200,100.0,100.0,True,-52.718177368489584,11,1048.3009371645,False,800-2000 Hz
222419,culex pipiens complex,IFA_74_26_2946.wav,300,100.0,100.0,True,-52.21160566913631,9,994.9271530483034,False,800-2000 Hz
222392,an funestus ss,IFA_74_27_2947.wav,0,99.79797979797979,99.79797979797979,False,-47.39999280530058,0,44.37407700982649,True,<100 Hz
222392,an funestus ss,IFA_74_27_2947.wav,100,100.0,100.0,True,-59.440754229540865,12,1004.9588458152629,False,800-2000 Hz
222392,an funestus ss,IFA_74_27_2947.wav,150,100.0,100.0,True,-60.67670325251413,11,979.0284142678163,False,800-2000 Hz
222392,an funestus ss,IFA_74_27_2947.wav,200,100.0,100.0,True,-59.754521769193616,10,954.1887019828487,False,800-2000 Hz
222392,an funestus ss,IFA_74_27_2947.wav,300,100.0,100.0,True,-60.67670325251413,9,994.9271530483034,False,800-2000 Hz
222404,an funestus ss,IFA_74_28_2948.wav,0,99.84848484848486,99.84848484848486,False,-46.97165921388434,0,44.37407700982649,True,<100 Hz
222404,an funestus ss,IFA_74_28_2948.wav,100,100.0,100.0,True,-59.35955266366362,12,1004.9588458152629,False,800-2000 Hz
222404,an funestus ss,IFA_74_28_2948.wav,150,100.0,100.0,True,-58.05786356032698,11,979.0284142678163,False,800-2000 Hz
222404,an funestus ss,IFA_74_28_2948.wav,200,100.0,100.0,True,-58.105463774905076,10,954.1887019828487,False,800-2000 Hz
222404,an funestus ss,IFA_74_28_2948.wav,300,100.0,100.0,True,-58.05786356032698,9,994.9271530483034,False,800-2000 Hz
222417,an arabiensis,IFA_74_29_2949.wav,0,99.8989898989899,99.87373737373737,False,-41.19853330754512,0,44.37407700982649,True,<100 Hz
222417,an arabiensis,IFA_74_29_2949.wav,100,100.0,100.0,True,-58.92684043776609,10,817.5967063546011,False,800-2000 Hz
222417,an arabiensis,IFA_74_29_2949.wav,150,100.0,100.0,True,-60.42322293714946,9,798.9421052862099,False,300-800 Hz
222417,an arabiensis,IFA_74_29_2949.wav,200,100.0,100.0,True,-58.77810091508791,8,780.8898965537708,False,300-800 Hz
222417,an arabiensis,IFA_74_29_2949.wav,300,100.0,100.0,True,-58.92684043776609,7,825.1790452437867,False,800-2000 Hz
222386,an funestus ss,IFA_74_31_2951.wav,0,100.0,100.0,True,-52.30426577156447,0,44.37407700982649,True,<100 Hz
222386,an funestus ss,IFA_74_31_2951.wav,100,100.0,100.0,True,-61.34004276268949,12,1004.9588458152629,False,800-2000 Hz
222386,an funestus ss,IFA_74_31_2951.wav,150,100.0,100.0,True,-61.214320260299296,11,979.0284142678163,False,800-2000 Hz
222386,an funestus ss,IFA_74_31_2951.wav,200,100.0,100.0,True,-61.567367173582255,11,1048.3009371645,False,800-2000 Hz
222386,an funestus ss,IFA_74_31_2951.wav,300,100.0,100.0,True,-61.34004276268949,9,994.9271530483034,False,800-2000 Hz
222403,an funestus ss,IFA_74_32_2952.wav,0,99.79797979797979,99.79797979797979,False,-44.811019658985856,0,44.37407700982649,True,<100 Hz
222403,an funestus ss,IFA_74_32_2952.wav,100,100.0,100.0,True,-56.75687451023856,11,908.5521219032305,False,800-2000 Hz
222403,an funestus ss,IFA_74_32_2952.wav,150,100.0,100.0,True,-55.31509067250533,11,979.0284142678163,False,800-2000 Hz
222403,an funestus ss,IFA_74_32_2952.wav,200,100.0,100.0,True,-55.01611737156544,10,954.1887019828487,False,800-2000 Hz
222403,an funestus ss,IFA_74_32_2952.wav,300,100.0,100.0,True,-55.31509067250533,9,994.9271530483034,False,800-2000 Hz
222430,culex pipiens complex,IFA_74_33_2953.wav,0,99.97474747474747,99.97474747474747,False,-51.63995831514076,14,1059.9326349904563,False,800-2000 Hz
222430,culex pipiens complex,IFA_74_33_2953.wav,100,100.0,100.0,True,-52.02056711362811,12,1004.9588458152629,False,800-2000 Hz
222430,culex pipiens complex,IFA_74_33_2953.wav,150,100.0,100.0,True,-52.17909096559786,12,1077.0295067481677,False,800-2000 Hz
222430,culex pipiens complex,IFA_74_33_2953.wav,200,100.0,100.0,True,-52.51917381559255,11,1048.3009371645,False,800-2000 Hz
222430,culex pipiens complex,IFA_74_33_2953.wav,300,100.0,100.0,True,-52.38145623205031,10,1086.7596689771533,False,800-2000 Hz
222376,an arabiensis,IFA_74_34_2954.wav,0,100.0,100.0,True,-54.196733068330545,13,955.0184679215481,False,800-2000 Hz
222376,an arabiensis,IFA_74_34_2954.wav,100,100.0,100.0,True,-54.87493264551361,11,908.5521219032305,False,800-2000 Hz
222376,an arabiensis,IFA_74_34_2954.wav,150,100.0,100.0,True,-54.65706440934903,10,886.4319670625546,False,800-2000 Hz
222376,an arabiensis,IFA_74_34_2954.wav,200,100.0,100.0,True,-54.289695724699556,10,954.1887019828487,False,800-2000 Hz
222376,an arabiensis,IFA_74_34_2954.wav,300,100.0,100.0,True,-54.65706440934903,8,907.814472208775,False,800-2000 Hz
222423,culex pipiens complex,IFA_74_35_2955.wav,0,99.74747474747475,99.74747474747475,False,-46.675813993625155,0,44.37407700982649,True,<100 Hz
222423,culex pipiens complex,IFA_74_35_2955.wav,100,100.0,100.0,True,-56.01445571514481,11,908.5521219032305,False,800-2000 Hz
222423,culex pipiens complex,IFA_74_35_2955.wav,150,100.0,100.0,True,-53.84302529332028,11,979.0284142678163,False,800-2000 Hz
222423,culex pipiens complex,IFA_74_35_2955.wav,200,100.0,100.0,True,-54.00364485331241,10,954.1887019828487,False,800-2000 Hz
222423,culex pipiens complex,IFA_74_35_2955.wav,300,100.0,100.0,True,-53.84302529332028,9,994.9271530483034,False,800-2000 Hz
222390,an funestus ss,IFA_74_37_2957.wav,0,100.0,100.0,True,-62.03055849590797,14,1059.9326349904563,False,800-2000 Hz
222390,an funestus ss,IFA_74_37_2957.wav,100,100.0,100.0,True,-64.06186267576904,13,1107.1435959963192,False,800-2000 Hz
222390,an funestus ss,IFA_74_37_2957.wav,150,100.0,100.0,True,-63.33591762414844,12,1077.0295067481677,False,800-2000 Hz
222390,an funestus ss,IFA_74_37_2957.wav,200,100.0,100.0,True,-63.31983320492889,11,1048.3009371645,False,800-2000 Hz
222390,an funestus ss,IFA_74_37_2957.wav,300,100.0,100.0,True,-63.16523117995271,10,1086.7596689771533,False,800-2000 Hz
222415,an arabiensis,IFA_74_38_2958.wav,0,99.41919191919192,99.39393939393939,False,-48.9567092726347,13,955.0184679215481,False,800-2000 Hz
222415,an arabiensis,IFA_74_38_2958.wav,100,99.97474747474747,99.94949494949495,False,-51.75448247363151,11,908.5521219032305,False,800-2000 Hz
222415,an arabiensis,IFA_74_38_2958.wav,150,99.57070707070706,99.4949494949495,False,-49.04444971375949,11,979.0284142678163,False,800-2000 Hz
222415,an arabiensis,IFA_74_38_2958.wav,200,99.4949494949495,99.41919191919192,False,-48.99968871198634,10,954.1887019828487,False,800-2000 Hz
222415,an arabiensis,IFA_74_38_2958.wav,300,99.57070707070706,99.4949494949495,False,-49.04444971375949,9,994.9271530483034,False,800-2000 Hz
222485,an arabiensis,IFA_75_13_2973.wav,0,100.0,100.0,True,-56.229560497442975,12,856.358507538126,False,800-2000 Hz
222485,an arabiensis,IFA_75_13_2973.wav,100,100.0,100.0,True,-54.49533909371159,10,817.5967063546011,False,800-2000 Hz
222485,an arabiensis,IFA_75_13_2973.wav,150,100.0,100.0,True,-54.439773292208784,10,886.4319670625546,False,800-2000 Hz
222485,an arabiensis,IFA_75_13_2973.wav,200,100.0,100.0,True,-56.229560497442975,9,865.1425927882087,False,800-2000 Hz
222485,an arabiensis,IFA_75_13_2973.wav,300,100.0,100.0,True,-54.52557213832929,7,825.1790452437867,False,800-2000 Hz
222495,an arabiensis,IFA_75_15_2975.wav,0,99.92424242424242,99.92424242424242,False,-50.86597856257499,0,44.37407700982649,True,<100 Hz
222495,an arabiensis,IFA_75_15_2975.wav,100,100.0,100.0,True,-57.79009636169196,10,817.5967063546011,False,800-2000 Hz
222495,an arabiensis,IFA_75_15_2975.wav,150,100.0,100.0,True,-57.571692494594885,10,886.4319670625546,False,800-2000 Hz
222495,an arabiensis,IFA_75_15_2975.wav,200,100.0,100.0,True,-57.80437609097046,9,865.1425927882087,False,800-2000 Hz
222495,an arabiensis,IFA_75_15_2975.wav,300,100.0,100.0,True,-57.8899256868914,7,825.1790452437867,False,800-2000 Hz
222475,an arabiensis,IFA_75_20_2980.wav,0,99.4949494949495,99.36868686868688,False,-49.898130056135145,13,955.0184679215481,False,800-2000 Hz
222475,an arabiensis,IFA_75_20_2980.wav,100,99.94949494949495,99.94949494949495,False,-51.22614597730846,11,908.5521219032305,False,800-2000 Hz
222475,an arabiensis,IFA_75_20_2980.wav,150,99.72222222222223,99.62121212121212,False,-50.36367254869088,11,979.0284142678163,False,800-2000 Hz
222475,an arabiensis,IFA_75_20_2980.wav,200,99.4949494949495,99.46969696969697,False,-50.01284598738806,10,954.1887019828487,False,800-2000 Hz
222475,an arabiensis,IFA_75_20_2980.wav,300,99.72222222222223,99.62121212121212,False,-50.36367254869088,9,994.9271530483034,False,800-2000 Hz
222445,culex pipiens complex,IFA_75_21_2981.wav,0,100.0,99.97474747474747,False,-51.92809776118176,0,44.37407700982649,True,<100 Hz
222445,culex pipiens complex,IFA_75_21_2981.wav,100,100.0,100.0,True,-57.65620363459263,34,5435.453615558967,False,>=2000 Hz
222445,culex pipiens complex,IFA_75_21_2981.wav,150,100.0,100.0,True,-58.028312948455024,34,5490.128899271392,False,>=2000 Hz
222445,culex pipiens complex,IFA_75_21_2981.wav,200,100.0,100.0,True,-58.59268312567369,34,5542.124294130725,False,>=2000 Hz
222445,culex pipiens complex,IFA_75_21_2981.wav,300,100.0,100.0,True,-58.97669932383658,34,5639.114996491976,False,>=2000 Hz
222498,an arabiensis,IFA_75_22_2982.wav,0,99.8989898989899,99.87373737373737,False,-50.24664148569937,0,44.37407700982649,True,<100 Hz
222498,an arabiensis,IFA_75_22_2982.wav,100,100.0,100.0,True,-57.86761554376802,12,1004.9588458152629,False,800-2000 Hz
222498,an arabiensis,IFA_75_22_2982.wav,150,100.0,100.0,True,-59.634288472479625,11,979.0284142678163,False,800-2000 Hz
222498,an arabiensis,IFA_75_22_2982.wav,200,100.0,100.0,True,-57.91260799573115,10,954.1887019828487,False,800-2000 Hz
222498,an arabiensis,IFA_75_22_2982.wav,300,100.0,100.0,True,-59.692727516289814,9,994.9271530483034,False,800-2000 Hz
222499,an arabiensis,IFA_75_22_2982.wav,0,100.0,100.0,True,-59.88805973285942,14,1059.9326349904563,False,800-2000 Hz
222499,an arabiensis,IFA_75_22_2982.wav,100,100.0,100.0,True,-59.34603006593971,12,1004.9588458152629,False,800-2000 Hz
222499,an arabiensis,IFA_75_22_2982.wav,150,100.0,100.0,True,-59.984038515853356,12,1077.0295067481677,False,800-2000 Hz
222499,an arabiensis,IFA_75_22_2982.wav,200,100.0,100.0,True,-59.39644609700049,11,1048.3009371645,False,800-2000 Hz
222499,an arabiensis,IFA_75_22_2982.wav,300,100.0,100.0,True,-59.984038515853356,10,1086.7596689771533,False,800-2000 Hz
222453,an arabiensis,IFA_75_25_2985.wav,0,99.29292929292929,99.29292929292929,False,-39.368370909593686,34,5316.723457509462,False,>=2000 Hz
222453,an arabiensis,IFA_75_25_2985.wav,100,99.57070707070706,99.57070707070706,False,-39.38725356062693,34,5435.453615558967,False,>=2000 Hz
222453,an arabiensis,IFA_75_25_2985.wav,150,99.57070707070706,99.57070707070706,False,-39.044006274425456,36,6233.825044478617,False,>=2000 Hz
222453,an arabiensis,IFA_75_25_2985.wav,200,99.57070707070706,99.57070707070706,False,-38.96909275050619,36,6272.599048553766,False,>=2000 Hz
222453,an arabiensis,IFA_75_25_2985.wav,300,99.52020202020202,99.52020202020202,False,-39.0709856788822,36,6344.640540634074,False,>=2000 Hz
222500,an arabiensis,IFA_75_26_2986.wav,0,99.92424242424242,99.92424242424242,False,-50.37049914151269,0,44.37407700982649,True,<100 Hz
222500,an arabiensis,IFA_75_26_2986.wav,100,100.0,100.0,True,-56.47512627559227,11,908.5521219032305,False,800-2000 Hz
222500,an arabiensis,IFA_75_26_2986.wav,150,100.0,100.0,True,-56.62599830686688,10,886.4319670625546,False,800-2000 Hz
222500,an arabiensis,IFA_75_26_2986.wav,200,100.0,100.0,True,-58.963352888291595,9,865.1425927882087,False,800-2000 Hz
222500,an arabiensis,IFA_75_26_2986.wav,300,100.0,100.0,True,-56.66409484147017,8,907.814472208775,False,800-2000 Hz
222489,an arabiensis,IFA_75_29_2989.wav,0,99.36868686868688,99.29292929292929,False,-47.742052031794906,12,856.358507538126,False,800-2000 Hz
222489,an arabiensis,IFA_75_29_2989.wav,100,99.39393939393939,99.34343434343434,False,-47.342007238332904,11,908.5521219032305,False,800-2000 Hz
222489,an arabiensis,IFA_75_29_2989.wav,150,99.39393939393939,99.39393939393939,False,-47.353516933694664,10,886.4319670625546,False,800-2000 Hz
222489,an arabiensis,IFA_75_29_2989.wav,200,99.36868686868688,99.31818181818181,False,-47.82444376391672,9,865.1425927882087,False,800-2000 Hz
222489,an arabiensis,IFA_75_29_2989.wav,300,99.44444444444444,99.41919191919192,False,-47.374870331879436,8,907.814472208775,False,800-2000 Hz
222508,culex pipiens complex,IFA_75_30_2990.wav,0,99.52020202020202,99.52020202020202,False,-46.280551089664186,0,44.37407700982649,True,<100 Hz
222508,culex pipiens complex,IFA_75_30_2990.wav,100,100.0,100.0,True,-65.13231767050269,37,6606.055464843051,False,>=2000 Hz
222508,culex pipiens complex,IFA_75_30_2990.wav,150,100.0,100.0,True,-65.13231767050269,35,5851.432728061765,False,>=2000 Hz
222508,culex pipiens complex,IFA_75_30_2990.wav,200,100.0,100.0,True,-65.13231767050269,37,6669.293138350332,False,>=2000 Hz
222508,culex pipiens complex,IFA_75_30_2990.wav,300,100.0,100.0,True,-65.42758797407599,34,5639.114996491976,False,>=2000 Hz
222507,culex pipiens complex,IFA_75_30_2990.wav,0,99.8989898989899,99.8989898989899,False,-49.217294710222134,13,955.0184679215481,False,800-2000 Hz
222507,culex pipiens complex,IFA_75_30_2990.wav,100,100.0,100.0,True,-53.597405404145945,11,908.5521219032305,False,800-2000 Hz
222507,culex pipiens complex,IFA_75_30_2990.wav,150,100.0,100.0,True,-53.936175471582075,11,979.0284142678163,False,800-2000 Hz
222507,culex pipiens complex,IFA_75_30_2990.wav,200,100.0,100.0,True,-53.563610907860735,10,954.1887019828487,False,800-2000 Hz
222507,culex pipiens complex,IFA_75_30_2990.wav,300,100.0,100.0,True,-53.936175471582075,9,994.9271530483034,False,800-2000 Hz
222483,an arabiensis,IFA_75_31_2991.wav,0,100.0,100.0,True,-54.33874997885778,12,856.358507538126,False,800-2000 Hz
222483,an arabiensis,IFA_75_31_2991.wav,100,100.0,100.0,True,-52.80467073439418,10,817.5967063546011,False,800-2000 Hz
222483,an arabiensis,IFA_75_31_2991.wav,150,100.0,100.0,True,-52.7817416015324,10,886.4319670625546,False,800-2000 Hz
222483,an arabiensis,IFA_75_31_2991.wav,200,100.0,100.0,True,-54.33874997885778,9,865.1425927882087,False,800-2000 Hz
222483,an arabiensis,IFA_75_31_2991.wav,300,100.0,100.0,True,-52.82031249632272,7,825.1790452437867,False,800-2000 Hz
222460,an arabiensis,IFA_75_33_2993.wav,0,99.8989898989899,99.8989898989899,False,-49.672328144934596,0,44.37407700982649,True,<100 Hz
222460,an arabiensis,IFA_75_33_2993.wav,100,99.8989898989899,99.8989898989899,False,-50.74585025699428,11,908.5521219032305,False,800-2000 Hz
222460,an arabiensis,IFA_75_33_2993.wav,150,99.92424242424242,99.92424242424242,False,-50.74613421234517,10,886.4319670625546,False,800-2000 Hz
222460,an arabiensis,IFA_75_33_2993.wav,200,100.0,100.0,True,-52.73333817712293,10,954.1887019828487,False,800-2000 Hz
222460,an arabiensis,IFA_75_33_2993.wav,300,99.92424242424242,99.92424242424242,False,-50.76786639730139,8,907.814472208775,False,800-2000 Hz
222452,an arabiensis,IFA_75_34_2994.wav,0,99.82323232323232,99.79797979797979,False,-49.410002562520255,0,44.37407700982649,True,<100 Hz
222452,an arabiensis,IFA_75_34_2994.wav,100,100.0,100.0,True,-63.66648265431525,11,908.5521219032305,False,800-2000 Hz
222452,an arabiensis,IFA_75_34_2994.wav,150,100.0,100.0,True,-63.935019548164966,10,886.4319670625546,False,800-2000 Hz
222452,an arabiensis,IFA_75_34_2994.wav,200,100.0,100.0,True,-63.96544735833342,9,865.1425927882087,False,800-2000 Hz
222452,an arabiensis,IFA_75_34_2994.wav,300,100.0,100.0,True,-64.23247107779011,8,907.814472208775,False,800-2000 Hz
222443,an arabiensis,IFA_75_35_2995.wav,0,99.84848484848486,99.82323232323232,False,-48.320563546859006,0,44.37407700982649,True,<100 Hz
222443,an arabiensis,IFA_75_35_2995.wav,100,100.0,100.0,True,-56.00690466965217,10,817.5967063546011,False,800-2000 Hz
222443,an arabiensis,IFA_75_35_2995.wav,150,100.0,100.0,True,-58.45482730296471,9,798.9421052862099,False,300-800 Hz
222443,an arabiensis,IFA_75_35_2995.wav,200,100.0,100.0,True,-56.01159907295062,9,865.1425927882087,False,800-2000 Hz
222443,an arabiensis,IFA_75_35_2995.wav,300,100.0,100.0,True,-56.00690466965217,7,825.1790452437867,False,800-2000 Hz
222444,an arabiensis,IFA_75_35_2995.wav,0,100.0,100.0,True,-60.397132064364,0,44.37407700982649,True,<100 Hz
222444,an arabiensis,IFA_75_35_2995.wav,100,100.0,100.0,True,-64.88495745182811,11,908.5521219032305,False,800-2000 Hz
222444,an arabiensis,IFA_75_35_2995.wav,150,100.0,100.0,True,-63.49750613825186,16,1529.6721664501665,False,800-2000 Hz
222444,an arabiensis,IFA_75_35_2995.wav,200,100.0,100.0,True,-63.81426872194958,10,954.1887019828487,False,800-2000 Hz
222444,an arabiensis,IFA_75_35_2995.wav,300,100.0,100.0,True,-63.49750613825186,14,1506.6149479788903,False,800-2000 Hz
222450,an arabiensis,IFA_75_38_2998.wav,0,99.97474747474747,99.97474747474747,False,-51.74029620184473,0,44.37407700982649,True,<100 Hz
222450,an arabiensis,IFA_75_38_2998.wav,100,100.0,100.0,True,-56.694131326484936,11,908.5521219032305,False,800-2000 Hz
222450,an arabiensis,IFA_75_38_2998.wav,150,100.0,100.0,True,-53.73472822687469,11,979.0284142678163,False,800-2000 Hz
222450,an arabiensis,IFA_75_38_2998.wav,200,100.0,100.0,True,-53.730177037153986,10,954.1887019828487,False,800-2000 Hz
222450,an arabiensis,IFA_75_38_2998.wav,300,100.0,100.0,True,-53.73472822687469,9,994.9271530483034,False,800-2000 Hz
222504,an arabiensis,IFA_75_39_2999.wav,0,99.44444444444444,99.44444444444444,False,-39.9119958737458,0,44.37407700982649,True,<100 Hz
222504,an arabiensis,IFA_75_39_2999.wav,100,99.77272727272727,99.72222222222223,False,-40.64886296699002,36,6192.935304310192,False,>=2000 Hz
222504,an arabiensis,IFA_75_39_2999.wav,150,99.74747474747475,99.74747474747475,False,-40.37502311817876,36,6233.825044478617,False,>=2000 Hz
222504,an arabiensis,IFA_75_39_2999.wav,200,99.72222222222223,99.72222222222223,False,-40.18124411386576,36,6272.599048553766,False,>=2000 Hz
222504,an arabiensis,IFA_75_39_2999.wav,300,99.69696969696969,99.69696969696969,False,-39.98132885175997,36,6344.640540634074,False,>=2000 Hz
222468,an arabiensis,IFA_75_40_3000.wav,0,99.44444444444444,99.44444444444444,False,-39.40841333783956,0,44.37407700982649,True,<100 Hz
222468,an arabiensis,IFA_75_40_3000.wav,100,99.92424242424242,99.92424242424242,False,-46.56879894867057,37,6606.055464843051,False,>=2000 Hz
222468,an arabiensis,IFA_75_40_3000.wav,150,99.92424242424242,99.92424242424242,False,-46.77989447767649,37,6638.536735866427,False,>=2000 Hz
222468,an arabiensis,IFA_75_40_3000.wav,200,99.92424242424242,99.92424242424242,False,-47.066098205619525,37,6669.293138350332,False,>=2000 Hz
222468,an arabiensis,IFA_75_40_3000.wav,300,99.8989898989899,99.8989898989899,False,-47.62218423525915,36,6344.640540634074,False,>=2000 Hz
222467,an arabiensis,IFA_75_40_3000.wav,0,100.0,100.0,True,-58.17447404430382,0,44.37407700982649,True,<100 Hz
222467,an arabiensis,IFA_75_40_3000.wav,100,100.0,100.0,True,-58.356626267139546,8,650.8242552547106,False,300-800 Hz
222467,an arabiensis,IFA_75_40_3000.wav,150,100.0,100.0,True,-58.78715419444947,7,638.1711803725744,False,300-800 Hz
222467,an arabiensis,IFA_75_40_3000.wav,200,100.0,100.0,True,-58.97325666547573,6,625.7465022498844,False,300-800 Hz
222467,an arabiensis,IFA_75_40_3000.wav,300,100.0,100.0,True,-59.38611450388531,5,672.4313259523644,False,300-800 Hz
222469,an arabiensis,IFA_75_40_3000.wav,0,100.0,100.0,True,-53.3243073395259,0,44.37407700982649,True,<100 Hz
222469,an arabiensis,IFA_75_40_3000.wav,100,100.0,100.0,True,-56.280889814339474,34,5435.453615558967,False,>=2000 Hz
222469,an arabiensis,IFA_75_40_3000.wav,150,100.0,100.0,True,-56.280889814339474,34,5490.128899271392,False,>=2000 Hz
222469,an arabiensis,IFA_75_40_3000.wav,200,100.0,100.0,True,-56.632743417886935,34,5542.124294130725,False,>=2000 Hz
222469,an arabiensis,IFA_75_40_3000.wav,300,100.0,100.0,True,-56.67940753596731,34,5639.114996491976,False,>=2000 Hz
222472,an funestus ss,IFA_76_10_3010.wav,0,100.0,100.0,True,-61.510717917904294,13,955.0184679215481,False,800-2000 Hz
222472,an funestus ss,IFA_76_10_3010.wav,100,100.0,100.0,True,-61.02296482734413,12,1004.9588458152629,False,800-2000 Hz
222472,an funestus ss,IFA_76_10_3010.wav,150,100.0,100.0,True,-61.64453401046521,11,979.0284142678163,False,800-2000 Hz
222472,an funestus ss,IFA_76_10_3010.wav,200,100.0,100.0,True,-61.24960938996666,10,954.1887019828487,False,800-2000 Hz
222472,an funestus ss,IFA_76_10_3010.wav,300,100.0,100.0,True,-61.64453401046521,9,994.9271530483034,False,800-2000 Hz
222524,an arabiensis,IFA_76_11_3011.wav,0,99.69696969696969,99.69696969696969,False,-46.654623982974215,0,44.37407700982649,True,<100 Hz
222524,an arabiensis,IFA_76_11_3011.wav,100,99.92424242424242,99.8989898989899,False,-50.60448178073894,11,908.5521219032305,False,800-2000 Hz
222524,an arabiensis,IFA_76_11_3011.wav,150,99.92424242424242,99.92424242424242,False,-50.99638842518492,10,886.4319670625546,False,800-2000 Hz
222524,an arabiensis,IFA_76_11_3011.wav,200,99.94949494949495,99.94949494949495,False,-50.654651579356184,10,954.1887019828487,False,800-2000 Hz
222524,an arabiensis,IFA_76_11_3011.wav,300,99.92424242424242,99.92424242424242,False,-51.099010991853355,8,907.814472208775,False,800-2000 Hz
222511,an arabiensis,IFA_76_13_3013.wav,0,99.79797979797979,99.79797979797979,False,-49.639506924820374,0,44.37407700982649,True,<100 Hz
222511,an arabiensis,IFA_76_13_3013.wav,100,100.0,100.0,True,-57.2618987334446,35,5803.174981087622,False,>=2000 Hz
222511,an arabiensis,IFA_76_13_3013.wav,150,100.0,100.0,True,-57.130133944307076,35,5851.432728061765,False,>=2000 Hz
222511,an arabiensis,IFA_76_13_3013.wav,200,100.0,100.0,True,-56.86705640765493,9,865.1425927882087,False,800-2000 Hz
222511,an arabiensis,IFA_76_13_3013.wav,300,100.0,100.0,True,-56.796268289739764,34,5639.114996491976,False,>=2000 Hz
222473,culex pipiens complex,IFA_76_14_3014.wav,0,100.0,99.97474747474747,False,-51.96510654086292,0,44.37407700982649,True,<100 Hz
222473,culex pipiens complex,IFA_76_14_3014.wav,100,100.0,100.0,True,-52.794904281647035,34,5435.453615558967,False,>=2000 Hz
222473,culex pipiens complex,IFA_76_14_3014.wav,150,100.0,100.0,True,-52.7045923212037,11,979.0284142678163,False,800-2000 Hz
222473,culex pipiens complex,IFA_76_14_3014.wav,200,100.0,100.0,True,-52.46569411302927,10,954.1887019828487,False,800-2000 Hz
222473,culex pipiens complex,IFA_76_14_3014.wav,300,100.0,100.0,True,-52.90090838822543,9,994.9271530483034,False,800-2000 Hz
222512,an arabiensis,IFA_76_18_3018.wav,0,99.97474747474747,99.97474747474747,False,-51.50697846618443,12,856.358507538126,False,800-2000 Hz
222512,an arabiensis,IFA_76_18_3018.wav,100,99.97474747474747,99.94949494949495,False,-50.53898569255278,10,817.5967063546011,False,800-2000 Hz
222512,an arabiensis,IFA_76_18_3018.wav,150,99.92424242424242,99.92424242424242,False,-50.42325150363445,10,886.4319670625546,False,800-2000 Hz
222512,an arabiensis,IFA_76_18_3018.wav,200,99.97474747474747,99.97474747474747,False,-51.50697846618443,9,865.1425927882087,False,800-2000 Hz
222512,an arabiensis,IFA_76_18_3018.wav,300,99.97474747474747,99.94949494949495,False,-50.594554917744986,7,825.1790452437867,False,800-2000 Hz
222519,an arabiensis,IFA_76_21_3021.wav,0,100.0,100.0,True,-59.05974282897201,0,44.37407700982649,True,<100 Hz
222519,an arabiensis,IFA_76_21_3021.wav,100,100.0,100.0,True,-59.57199543945358,10,817.5967063546011,False,800-2000 Hz
222519,an arabiensis,IFA_76_21_3021.wav,150,100.0,100.0,True,-61.68571479557861,9,798.9421052862099,False,300-800 Hz
222519,an arabiensis,IFA_76_21_3021.wav,200,100.0,100.0,True,-59.849539840388374,9,865.1425927882087,False,800-2000 Hz
222519,an arabiensis,IFA_76_21_3021.wav,300,100.0,100.0,True,-59.57199543945358,7,825.1790452437867,False,800-2000 Hz
222523,an arabiensis,IFA_76_21_3021.wav,0,100.0,100.0,True,-62.53993160579287,20,1844.8093189835445,False,800-2000 Hz
222523,an arabiensis,IFA_76_21_3021.wav,100,100.0,100.0,True,-62.76149203537382,19,1862.5080507980697,False,800-2000 Hz
222523,an arabiensis,IFA_76_21_3021.wav,150,100.0,100.0,True,-63.07504521409355,19,1943.326394117477,False,800-2000 Hz
222523,an arabiensis,IFA_76_21_3021.wav,200,100.0,100.0,True,-63.260338371185014,18,1875.3376136955906,False,800-2000 Hz
222523,an arabiensis,IFA_76_21_3021.wav,300,100.0,100.0,True,-62.76149203537382,17,1885.0673770439807,False,800-2000 Hz
222522,an arabiensis,IFA_76_21_3021.wav,0,100.0,100.0,True,-52.918884920848335,11,763.5799242943094,False,300-800 Hz
222522,an arabiensis,IFA_76_21_3021.wav,100,100.0,100.0,True,-52.330846198991274,10,817.5967063546011,False,800-2000 Hz
222522,an arabiensis,IFA_76_21_3021.wav,150,100.0,100.0,True,-53.747739558938214,9,798.9421052862099,False,300-800 Hz
222522,an arabiensis,IFA_76_21_3021.wav,200,100.0,100.0,True,-52.918884920848335,8,780.8898965537708,False,300-800 Hz
222522,an arabiensis,IFA_76_21_3021.wav,300,100.0,100.0,True,-52.330846198991274,7,825.1790452437867,False,800-2000 Hz
222520,an arabiensis,IFA_76_21_3021.wav,0,100.0,100.0,True,-52.181202596737975,12,856.358507538126,False,800-2000 Hz
222520,an arabiensis,IFA_76_21_3021.wav,100,100.0,99.97474747474747,False,-51.93335891708681,10,817.5967063546011,False,800-2000 Hz
222520,an arabiensis,IFA_76_21_3021.wav,150,100.0,100.0,True,-53.935696517938595,9,798.9421052862099,False,300-800 Hz
222520,an arabiensis,IFA_76_21_3021.wav,200,100.0,100.0,True,-52.181202596737975,9,865.1425927882087,False,800-2000 Hz
222520,an arabiensis,IFA_76_21_3021.wav,300,100.0,99.97474747474747,False,-51.93335891708681,7,825.1790452437867,False,800-2000 Hz
222521,an arabiensis,IFA_76_21_3021.wav,0,99.92424242424242,99.92424242424242,False,-50.54574771997359,12,856.358507538126,False,800-2000 Hz
222521,an arabiensis,IFA_76_21_3021.wav,100,99.92424242424242,99.8989898989899,False,-50.34062841011423,10,817.5967063546011,False,800-2000 Hz
222521,an arabiensis,IFA_76_21_3021.wav,150,100.0,100.0,True,-52.12268307664661,9,798.9421052862099,False,300-800 Hz
222521,an arabiensis,IFA_76_21_3021.wav,200,99.97474747474747,99.97474747474747,False,-50.54574771997359,9,865.1425927882087,False,800-2000 Hz
222521,an arabiensis,IFA_76_21_3021.wav,300,99.92424242424242,99.8989898989899,False,-50.34062841011423,7,825.1790452437867,False,800-2000 Hz
222513,an arabiensis,IFA_76_22_3022.wav,0,99.79797979797979,99.77272727272727,False,-48.41791130710078,0,44.37407700982649,True,<100 Hz
222513,an arabiensis,IFA_76_22_3022.wav,100,100.0,100.0,True,-56.305547482940035,20,2016.0890276353948,False,>=2000 Hz
222513,an arabiensis,IFA_76_22_3022.wav,150,100.0,100.0,True,-55.21840368610705,19,1943.326394117477,False,800-2000 Hz
222513,an arabiensis,IFA_76_22_3022.wav,200,100.0,100.0,True,-57.108473123602145,18,1875.3376136955906,False,800-2000 Hz
222513,an arabiensis,IFA_76_22_3022.wav,300,100.0,100.0,True,-57.314161093184595,17,1885.0673770439807,False,800-2000 Hz
222482,an arabiensis,IFA_76_23_3023.wav,0,99.41919191919192,99.36868686868688,False,-45.06666359122547,12,856.358507538126,False,800-2000 Hz
222482,an arabiensis,IFA_76_23_3023.wav,100,99.39393939393939,99.36868686868688,False,-46.76047169261814,10,817.5967063546011,False,800-2000 Hz
222482,an arabiensis,IFA_76_23_3023.wav,150,99.54545454545455,99.52020202020202,False,-46.41408600769043,10,886.4319670625546,False,800-2000 Hz
222482,an arabiensis,IFA_76_23_3023.wav,200,99.46969696969697,99.41919191919192,False,-46.009208705632496,9,865.1425927882087,False,800-2000 Hz
222482,an arabiensis,IFA_76_23_3023.wav,300,99.39393939393939,99.36868686868688,False,-46.313579374668834,7,825.1790452437867,False,800-2000 Hz
222486,culex pipiens complex,IFA_76_25_3025.wav,0,99.64646464646465,99.5959595959596,False,-44.035796390841796,0,44.37407700982649,True,<100 Hz
222486,culex pipiens complex,IFA_76_25_3025.wav,100,100.0,100.0,True,-60.550614931778945,36,6192.935304310192,False,>=2000 Hz
222486,culex pipiens complex,IFA_76_25_3025.wav,150,100.0,100.0,True,-60.68957014017138,35,5851.432728061765,False,>=2000 Hz
222486,culex pipiens complex,IFA_76_25_3025.wav,200,100.0,100.0,True,-60.59921375185255,36,6272.599048553766,False,>=2000 Hz
222486,culex pipiens complex,IFA_76_25_3025.wav,300,100.0,100.0,True,-61.141919541368594,35,5982.573343857049,False,>=2000 Hz
222451,an arabiensis,IFA_76_26_3026.wav,0,99.21717171717171,99.21717171717171,False,-39.7549041694066,0,44.37407700982649,True,<100 Hz
222451,an arabiensis,IFA_76_26_3026.wav,100,99.62121212121212,99.62121212121212,False,-39.56933362566862,38,7043.93550770528,False,>=2000 Hz
222451,an arabiensis,IFA_76_26_3026.wav,150,99.62121212121212,99.62121212121212,False,-39.56933362566862,38,7066.870533681113,False,>=2000 Hz
222451,an arabiensis,IFA_76_26_3026.wav,200,99.5959595959596,99.5959595959596,False,-39.65753635478741,38,7088.556459474228,False,>=2000 Hz
222451,an arabiensis,IFA_76_26_3026.wav,300,99.62121212121212,99.62121212121212,False,-39.23902679849486,38,7128.689079502165,False,>=2000 Hz
222492,culex pipiens complex,IFA_76_27_3027.wav,0,100.0,100.0,True,-58.676711861092066,34,5316.723457509462,False,>=2000 Hz
222492,culex pipiens complex,IFA_76_27_3027.wav,100,100.0,100.0,True,-59.79873255875332,34,5435.453615558967,False,>=2000 Hz
222492,culex pipiens complex,IFA_76_27_3027.wav,150,100.0,100.0,True,-60.266753659620626,34,5490.128899271392,False,>=2000 Hz
222492,culex pipiens complex,IFA_76_27_3027.wav,200,100.0,100.0,True,-60.938490126502735,34,5542.124294130725,False,>=2000 Hz
222492,culex pipiens complex,IFA_76_27_3027.wav,300,100.0,100.0,True,-60.618636943349884,34,5639.114996491976,False,>=2000 Hz
222494,culex pipiens complex,IFA_76_27_3027.wav,0,99.79797979797979,99.77272727272727,False,-46.93471483367509,0,44.37407700982649,True,<100 Hz
222494,culex pipiens complex,IFA_76_27_3027.wav,100,100.0,100.0,True,-63.70968671565638,33,5088.525017110928,False,>=2000 Hz
222494,culex pipiens complex,IFA_76_27_3027.wav,150,100.0,100.0,True,-63.96477460307497,32,4826.198821544699,False,>=2000 Hz
222494,culex pipiens complex,IFA_76_27_3027.wav,200,100.0,100.0,True,-64.20862878782907,32,4888.1767232060765,False,>=2000 Hz
222494,culex pipiens complex,IFA_76_27_3027.wav,300,100.0,100.0,True,-64.13038591493515,32,5004.24831571783,False,>=2000 Hz
222493,culex pipiens complex,IFA_76_27_3027.wav,0,100.0,100.0,True,-60.177953508382956,14,1059.9326349904563,False,800-2000 Hz
222493,culex pipiens complex,IFA_76_27_3027.wav,100,100.0,100.0,True,-60.20608507844194,12,1004.9588458152629,False,800-2000 Hz
222493,culex pipiens complex,IFA_76_27_3027.wav,150,100.0,100.0,True,-60.177953508382956,20,2097.6113795318697,False,>=2000 Hz
222493,culex pipiens complex,IFA_76_27_3027.wav,200,100.0,100.0,True,-61.83915764151111,11,1048.3009371645,False,800-2000 Hz
222493,culex pipiens complex,IFA_76_27_3027.wav,300,100.0,100.0,True,-60.13977085941597,10,1086.7596689771533,False,800-2000 Hz
222465,an arabiensis,IFA_76_28_3028.wav,0,99.94949494949495,99.94949494949495,False,-51.71769581864565,0,44.37407700982649,True,<100 Hz
222465,an arabiensis,IFA_76_28_3028.wav,100,100.0,100.0,True,-66.69875821193318,11,908.5521219032305,False,800-2000 Hz
222465,an arabiensis,IFA_76_28_3028.wav,150,100.0,100.0,True,-66.50242039563472,10,886.4319670625546,False,800-2000 Hz
222465,an arabiensis,IFA_76_28_3028.wav,200,100.0,100.0,True,-68.6203920363812,10,954.1887019828487,False,800-2000 Hz
222465,an arabiensis,IFA_76_28_3028.wav,300,100.0,100.0,True,-66.73728270079988,8,907.814472208775,False,800-2000 Hz
222466,an arabiensis,IFA_76_28_3028.wav,0,100.0,100.0,True,-53.384887187926296,0,44.37407700982649,True,<100 Hz
222466,an arabiensis,IFA_76_28_3028.wav,100,100.0,100.0,True,-61.82501890878712,33,5088.525017110928,False,>=2000 Hz
222466,an arabiensis,IFA_76_28_3028.wav,150,100.0,100.0,True,-61.33052901540197,33,5148.750552755978,False,>=2000 Hz
222466,an arabiensis,IFA_76_28_3028.wav,200,100.0,100.0,True,-61.380367800315945,33,5206.106474135096,False,>=2000 Hz
222466,an arabiensis,IFA_76_28_3028.wav,300,100.0,100.0,True,-61.845782950921006,32,5004.24831571783,False,>=2000 Hz
222487,culex pipiens complex,IFA_76_29_3029.wav,0,99.67171717171716,99.67171717171716,False,-44.254871459045226,0,44.37407700982649,True,<100 Hz
222487,culex pipiens complex,IFA_76_29_3029.wav,100,100.0,100.0,True,-59.89318673998785,10,817.5967063546011,False,800-2000 Hz
222487,culex pipiens complex,IFA_76_29_3029.wav,150,100.0,100.0,True,-62.72142576312612,10,886.4319670625546,False,800-2000 Hz
222487,culex pipiens complex,IFA_76_29_3029.wav,200,100.0,100.0,True,-59.85381629437774,9,865.1425927882087,False,800-2000 Hz
222487,culex pipiens complex,IFA_76_29_3029.wav,300,100.0,100.0,True,-59.89318673998785,7,825.1790452437867,False,800-2000 Hz
222488,culex pipiens complex,IFA_76_29_3029.wav,0,99.24242424242425,99.24242424242425,False,-43.95385993623112,0,44.37407700982649,True,<100 Hz
222488,culex pipiens complex,IFA_76_29_3029.wav,100,99.74747474747475,99.74747474747475,False,-44.88271779984264,35,5803.174981087622,False,>=2000 Hz
222488,culex pipiens complex,IFA_76_29_3029.wav,150,99.74747474747475,99.74747474747475,False,-44.56236459389244,35,5851.432728061765,False,>=2000 Hz
222488,culex pipiens complex,IFA_76_29_3029.wav,200,99.74747474747475,99.74747474747475,False,-44.30440296435548,35,5897.259272926163,False,>=2000 Hz
222488,culex pipiens complex,IFA_76_29_3029.wav,300,99.72222222222223,99.69696969696969,False,-43.736863248354965,35,5982.573343857049,False,>=2000 Hz
222457,an arabiensis,IFA_76_34_3034.wav,0,100.0,100.0,True,-58.49568069800108,12,856.358507538126,False,800-2000 Hz
222457,an arabiensis,IFA_76_34_3034.wav,100,100.0,100.0,True,-59.39649755312479,11,908.5521219032305,False,800-2000 Hz
222457,an arabiensis,IFA_76_34_3034.wav,150,100.0,100.0,True,-59.25811337558752,10,886.4319670625546,False,800-2000 Hz
222457,an arabiensis,IFA_76_34_3034.wav,200,100.0,100.0,True,-58.49568069800108,9,865.1425927882087,False,800-2000 Hz
222457,an arabiensis,IFA_76_34_3034.wav,300,100.0,100.0,True,-59.444454016488706,8,907.814472208775,False,800-2000 Hz
222456,an arabiensis,IFA_76_34_3034.wav,0,99.94949494949495,99.94949494949495,False,-49.79398563204456,0,44.37407700982649,True,<100 Hz
222456,an arabiensis,IFA_76_34_3034.wav,100,100.0,100.0,True,-63.56500382744409,36,6192.935304310192,False,>=2000 Hz
222456,an arabiensis,IFA_76_34_3034.wav,150,100.0,100.0,True,-63.48363572295252,36,6233.825044478617,False,>=2000 Hz
222456,an arabiensis,IFA_76_34_3034.wav,200,100.0,100.0,True,-63.515007076302076,36,6272.599048553766,False,>=2000 Hz
222456,an arabiensis,IFA_76_34_3034.wav,300,100.0,100.0,True,-63.928768699905724,36,6344.640540634074,False,>=2000 Hz
222501,culex pipiens complex,IFA_76_36_3036.wav,0,100.0,100.0,True,-53.74500311666338,27,3212.9801845162688,False,>=2000 Hz
222501,culex pipiens complex,IFA_76_36_3036.wav,100,100.0,100.0,True,-53.95303665778543,23,2534.299911099232,False,>=2000 Hz
222501,culex pipiens complex,IFA_76_36_3036.wav,150,100.0,100.0,True,-52.86319784584108,21,2260.90163072702,False,>=2000 Hz
222501,culex pipiens complex,IFA_76_36_3036.wav,200,100.0,100.0,True,-53.95303665778543,26,3309.436055611549,False,>=2000 Hz
222501,culex pipiens complex,IFA_76_36_3036.wav,300,100.0,100.0,True,-54.13140446632057,25,3242.6905940108,False,>=2000 Hz
222477,an arabiensis,IFA_76_38_3038.wav,0,99.57070707070706,99.57070707070706,False,-46.24529731317806,0,44.37407700982649,True,<100 Hz
222477,an arabiensis,IFA_76_38_3038.wav,100,99.79797979797979,99.79797979797979,False,-46.48754175779638,10,817.5967063546011,False,800-2000 Hz
222477,an arabiensis,IFA_76_38_3038.wav,150,99.77272727272727,99.77272727272727,False,-46.58977820202406,9,798.9421052862099,False,300-800 Hz
222477,an arabiensis,IFA_76_38_3038.wav,200,99.77272727272727,99.77272727272727,False,-46.34034739123979,9,865.1425927882087,False,800-2000 Hz
222477,an arabiensis,IFA_76_38_3038.wav,300,99.77272727272727,99.77272727272727,False,-46.454540571025206,7,825.1790452437867,False,800-2000 Hz
222476,an arabiensis,IFA_76_38_3038.wav,0,99.87373737373737,99.87373737373737,False,-48.23370407382137,12,856.358507538126,False,800-2000 Hz
222476,an arabiensis,IFA_76_38_3038.wav,100,99.97474747474747,99.94949494949495,False,-51.385107960685815,10,817.5967063546011,False,800-2000 Hz
222476,an arabiensis,IFA_76_38_3038.wav,150,99.94949494949495,99.94949494949495,False,-51.40954692243709,9,798.9421052862099,False,300-800 Hz
222476,an arabiensis,IFA_76_38_3038.wav,200,100.0,100.0,True,-52.18770385346634,9,865.1425927882087,False,800-2000 Hz
222476,an arabiensis,IFA_76_38_3038.wav,300,99.97474747474747,99.94949494949495,False,-51.385107960685815,7,825.1790452437867,False,800-2000 Hz
222481,an funestus ss,IFA_76_40_3040.wav,0,99.67171717171716,99.67171717171716,False,-46.16795235998724,0,44.37407700982649,True,<100 Hz
222481,an funestus ss,IFA_76_40_3040.wav,100,100.0,100.0,True,-60.6749428935813,7,574.4420356195228,False,300-800 Hz
222481,an funestus ss,IFA_76_40_3040.wav,150,100.0,100.0,True,-60.51667563189093,6,564.3726097218181,False,300-800 Hz
222481,an funestus ss,IFA_76_40_3040.wav,200,100.0,100.0,True,-62.45892975428654,5,554.3806613018434,False,300-800 Hz
222481,an funestus ss,IFA_76_40_3040.wav,300,100.0,100.0,True,-60.6749428935813,4,601.8936796253,False,300-800 Hz
222480,an funestus ss,IFA_76_40_3040.wav,0,99.69696969696969,99.69696969696969,False,-43.45489553351057,0,44.37407700982649,True,<100 Hz
222480,an funestus ss,IFA_76_40_3040.wav,100,100.0,100.0,True,-60.321274759579175,36,6192.935304310192,False,>=2000 Hz
222480,an funestus ss,IFA_76_40_3040.wav,150,100.0,100.0,True,-61.93848470284462,10,886.4319670625546,False,800-2000 Hz
222480,an funestus ss,IFA_76_40_3040.wav,200,100.0,100.0,True,-60.41349615242494,9,865.1425927882087,False,800-2000 Hz
222480,an funestus ss,IFA_76_40_3040.wav,300,100.0,100.0,True,-60.321274759579175,35,5982.573343857049,False,>=2000 Hz
222478,an funestus ss,IFA_76_40_3040.wav,0,99.44444444444444,99.44444444444444,False,-39.5446075283149,0,44.37407700982649,True,<100 Hz
222478,an funestus ss,IFA_76_40_3040.wav,100,100.0,100.0,True,-53.38076637478926,34,5435.453615558967,False,>=2000 Hz
222478,an funestus ss,IFA_76_40_3040.wav,150,100.0,100.0,True,-53.44118092570052,33,5148.750552755978,False,>=2000 Hz
222478,an funestus ss,IFA_76_40_3040.wav,200,100.0,100.0,True,-53.55651592581892,33,5206.106474135096,False,>=2000 Hz
222478,an funestus ss,IFA_76_40_3040.wav,300,100.0,100.0,True,-53.83637178010457,32,5004.24831571783,False,>=2000 Hz
222479,an funestus ss,IFA_76_40_3040.wav,0,99.5959595959596,99.5959595959596,False,-45.769870756466744,0,44.37407700982649,True,<100 Hz
222479,an funestus ss,IFA_76_40_3040.wav,100,100.0,100.0,True,-56.248321107837626,11,908.5521219032305,False,800-2000 Hz
222479,an funestus ss,IFA_76_40_3040.wav,150,100.0,100.0,True,-58.349171774984825,10,886.4319670625546,False,800-2000 Hz
222479,an funestus ss,IFA_76_40_3040.wav,200,100.0,100.0,True,-56.46950935865996,9,865.1425927882087,False,800-2000 Hz
222479,an funestus ss,IFA_76_40_3040.wav,300,100.0,100.0,True,-56.248321107837626,8,907.814472208775,False,800-2000 Hz
222560,an funestus ss,IFA_85_12_3372.wav,0,99.82323232323232,99.77272727272727,False,-49.185936458969984,0,44.37407700982649,True,<100 Hz
222560,an funestus ss,IFA_85_12_3372.wav,100,99.92424242424242,99.92424242424242,False,-49.98205179697745,7,574.4420356195228,False,300-800 Hz
222560,an funestus ss,IFA_85_12_3372.wav,150,99.92424242424242,99.92424242424242,False,-49.690466819549286,6,564.3726097218181,False,300-800 Hz
222560,an funestus ss,IFA_85_12_3372.wav,200,99.92424242424242,99.92424242424242,False,-50.00906698282887,35,5897.259272926163,False,>=2000 Hz
222560,an funestus ss,IFA_85_12_3372.wav,300,99.92424242424242,99.92424242424242,False,-49.728535096429134,4,601.8936796253,False,300-800 Hz
222559,an funestus ss,IFA_85_12_3372.wav,0,99.77272727272727,99.74747474747475,False,-47.94512692410884,9,594.2853728317884,False,300-800 Hz
222559,an funestus ss,IFA_85_12_3372.wav,100,99.82323232323232,99.79797979797979,False,-46.73046737674048,7,574.4420356195228,False,300-800 Hz
222559,an funestus ss,IFA_85_12_3372.wav,150,99.79797979797979,99.77272727272727,False,-48.81699090030129,6,564.3726097218181,False,300-800 Hz
222559,an funestus ss,IFA_85_12_3372.wav,200,99.8989898989899,99.8989898989899,False,-46.759424720225844,5,554.3806613018434,False,300-800 Hz
222559,an funestus ss,IFA_85_12_3372.wav,300,99.77272727272727,99.74747474747475,False,-48.12050607940365,4,601.8936796253,False,300-800 Hz
222561,an funestus ss,IFA_85_12_3372.wav,0,98.20707070707071,98.18181818181819,False,-37.35622800984677,0,44.37407700982649,True,<100 Hz
222561,an funestus ss,IFA_85_12_3372.wav,100,98.98989898989899,98.98989898989899,False,-45.0674586248262,13,1107.1435959963192,False,800-2000 Hz
222561,an funestus ss,IFA_85_12_3372.wav,150,98.98989898989899,98.98989898989899,False,-45.206208482211956,13,1180.7507014291307,False,800-2000 Hz
222561,an funestus ss,IFA_85_12_3372.wav,200,98.96464646464646,98.96464646464646,False,-45.32866160130808,12,1147.767526900907,False,800-2000 Hz
222561,an funestus ss,IFA_85_12_3372.wav,300,98.98989898989899,98.98989898989899,False,-45.33448887877079,10,1086.7596689771533,False,800-2000 Hz
222570,an funestus ss,IFA_85_17_3377.wav,0,98.7121212121212,98.68686868686869,False,-42.13595215716172,0,44.37407700982649,True,<100 Hz
222570,an funestus ss,IFA_85_17_3377.wav,100,100.0,100.0,True,-53.82583092175399,35,5803.174981087622,False,>=2000 Hz
222570,an funestus ss,IFA_85_17_3377.wav,150,100.0,100.0,True,-53.68982064721375,35,5851.432728061765,False,>=2000 Hz
222570,an funestus ss,IFA_85_17_3377.wav,200,100.0,100.0,True,-54.04997014459987,35,5897.259272926163,False,>=2000 Hz
222570,an funestus ss,IFA_85_17_3377.wav,300,100.0,100.0,True,-53.99776499832443,35,5982.573343857049,False,>=2000 Hz
222569,an funestus ss,IFA_85_17_3377.wav,0,99.11616161616162,99.11616161616162,False,-40.14635180201485,0,44.37407700982649,True,<100 Hz
222569,an funestus ss,IFA_85_17_3377.wav,100,100.0,100.0,True,-54.737889394567205,36,6192.935304310192,False,>=2000 Hz
222569,an funestus ss,IFA_85_17_3377.wav,150,100.0,100.0,True,-53.59566319079927,36,6233.825044478617,False,>=2000 Hz
222569,an funestus ss,IFA_85_17_3377.wav,200,100.0,100.0,True,-54.537469858654944,36,6272.599048553766,False,>=2000 Hz
222569,an funestus ss,IFA_85_17_3377.wav,300,100.0,100.0,True,-53.59566319079927,35,5982.573343857049,False,>=2000 Hz
222530,an funestus ss,IFA_85_20_3380.wav,0,99.52020202020202,99.52020202020202,False,-45.43317291590541,0,44.37407700982649,True,<100 Hz
222530,an funestus ss,IFA_85_20_3380.wav,100,100.0,100.0,True,-52.97865310588698,37,6606.055464843051,False,>=2000 Hz
222530,an funestus ss,IFA_85_20_3380.wav,150,100.0,100.0,True,-53.319590255213626,37,6638.536735866427,False,>=2000 Hz
222530,an funestus ss,IFA_85_20_3380.wav,200,100.0,100.0,True,-53.221124756823414,37,6669.293138350332,False,>=2000 Hz
222530,an funestus ss,IFA_85_20_3380.wav,300,100.0,100.0,True,-52.58214001977733,36,6344.640540634074,False,>=2000 Hz
222531,an funestus ss,IFA_85_22_3382.wav,0,98.51010101010101,98.51010101010101,False,-29.862745239573627,0,44.37407700982649,True,<100 Hz
222531,an funestus ss,IFA_85_22_3382.wav,100,99.54545454545455,99.54545454545455,False,-49.29140189914609,23,2534.299911099232,False,>=2000 Hz
222531,an funestus ss,IFA_85_22_3382.wav,150,99.52020202020202,99.52020202020202,False,-49.51464542862041,22,2433.72276470684,False,>=2000 Hz
222531,an funestus ss,IFA_85_22_3382.wav,200,99.54545454545455,99.54545454545455,False,-49.56886278184334,22,2513.3551754706027,False,>=2000 Hz
222531,an funestus ss,IFA_85_22_3382.wav,300,99.5959595959596,99.5959595959596,False,-49.51722479780745,21,2492.510114683347,False,>=2000 Hz
222545,an funestus ss,IFA_85_23_3383.wav,0,98.53535353535354,98.51010101010101,False,-35.576880669725504,0,44.37407700982649,True,<100 Hz
222545,an funestus ss,IFA_85_23_3383.wav,100,98.86363636363636,98.83838383838383,False,-44.500569730378714,25,2933.6058324046417,False,>=2000 Hz
222545,an funestus ss,IFA_85_23_3383.wav,150,99.06565656565657,98.98989898989899,False,-45.093610552711965,25,3015.098668063101,False,>=2000 Hz
222545,an funestus ss,IFA_85_23_3383.wav,200,98.93939393939394,98.93939393939394,False,-45.50890662387797,24,2889.3929988255404,False,>=2000 Hz
222545,an funestus ss,IFA_85_23_3383.wav,300,98.98989898989899,98.91414141414141,False,-44.984783899724064,24,3040.05159165169,False,>=2000 Hz
222582,an funestus ss,IFA_85_25_3385.wav,0,99.52020202020202,99.4949494949495,False,-47.40427304849753,0,44.37407700982649,True,<100 Hz
222582,an funestus ss,IFA_85_25_3385.wav,100,100.0,100.0,True,-55.366835444537294,36,6192.935304310192,False,>=2000 Hz
222582,an funestus ss,IFA_85_25_3385.wav,150,100.0,100.0,True,-52.44362050053063,11,979.0284142678163,False,800-2000 Hz
222582,an funestus ss,IFA_85_25_3385.wav,200,100.0,100.0,True,-52.47075197959771,10,954.1887019828487,False,800-2000 Hz
222582,an funestus ss,IFA_85_25_3385.wav,300,100.0,100.0,True,-52.44362050053063,9,994.9271530483034,False,800-2000 Hz
222574,an funestus ss,IFA_85_26_3386.wav,0,99.4949494949495,99.4949494949495,False,-44.745793455438545,0,44.37407700982649,True,<100 Hz
222574,an funestus ss,IFA_85_26_3386.wav,100,99.94949494949495,99.94949494949495,False,-50.798466768710796,35,5803.174981087622,False,>=2000 Hz
222574,an funestus ss,IFA_85_26_3386.wav,150,99.94949494949495,99.94949494949495,False,-51.01279921304627,35,5851.432728061765,False,>=2000 Hz
222574,an funestus ss,IFA_85_26_3386.wav,200,99.97474747474747,99.97474747474747,False,-51.091375346662986,34,5542.124294130725,False,>=2000 Hz
222574,an funestus ss,IFA_85_26_3386.wav,300,99.97474747474747,99.97474747474747,False,-50.64190612355483,34,5639.114996491976,False,>=2000 Hz
222575,an funestus ss,IFA_85_26_3386.wav,0,98.76262626262627,98.76262626262627,False,-41.48727279903328,0,44.37407700982649,True,<100 Hz
222575,an funestus ss,IFA_85_26_3386.wav,100,99.36868686868688,99.36868686868688,False,-48.175104794614555,17,1580.907710730555,False,800-2000 Hz
222575,an funestus ss,IFA_85_26_3386.wav,150,99.36868686868688,99.36868686868688,False,-48.40972061647874,17,1659.8130898129411,False,800-2000 Hz
222575,an funestus ss,IFA_85_26_3386.wav,200,99.36868686868688,99.34343434343434,False,-48.544147855033025,16,1605.5359087903153,False,800-2000 Hz
222575,an funestus ss,IFA_85_26_3386.wav,300,99.39393939393939,99.31818181818181,False,-48.44312010574096,15,1626.1711200507493,False,800-2000 Hz
222557,an funestus ss,IFA_85_27_3387.wav,0,98.38383838383838,98.33333333333333,False,-33.8901242179397,0,44.37407700982649,True,<100 Hz
222557,an funestus ss,IFA_85_27_3387.wav,100,99.97474747474747,99.97474747474747,False,-51.689508262187296,36,6192.935304310192,False,>=2000 Hz
222557,an funestus ss,IFA_85_27_3387.wav,150,99.97474747474747,99.97474747474747,False,-51.689508262187296,36,6233.825044478617,False,>=2000 Hz
222557,an funestus ss,IFA_85_27_3387.wav,200,100.0,99.97474747474747,False,-51.92768016426442,36,6272.599048553766,False,>=2000 Hz
222557,an funestus ss,IFA_85_27_3387.wav,300,99.97474747474747,99.97474747474747,False,-51.82656325918543,35,5982.573343857049,False,>=2000 Hz
222556,an funestus ss,IFA_85_27_3387.wav,0,98.93939393939394,98.88888888888889,False,-44.33614862652832,14,1059.9326349904563,False,800-2000 Hz
222556,an funestus ss,IFA_85_27_3387.wav,100,99.14141414141415,99.04040404040404,False,-44.33648061736024,13,1107.1435959963192,False,800-2000 Hz
222556,an funestus ss,IFA_85_27_3387.wav,150,99.34343434343434,99.31818181818181,False,-44.33614862652832,12,1077.0295067481677,False,800-2000 Hz
222556,an funestus ss,IFA_85_27_3387.wav,200,99.44444444444444,99.39393939393939,False,-46.029725293278794,12,1147.767526900907,False,800-2000 Hz
222556,an funestus ss,IFA_85_27_3387.wav,300,99.26767676767678,99.24242424242425,False,-44.20701271278131,10,1086.7596689771533,False,800-2000 Hz
222558,an funestus ss,IFA_85_28_3388.wav,0,99.82323232323232,99.82323232323232,False,-47.41697373080796,0,44.37407700982649,True,<100 Hz
222558,an funestus ss,IFA_85_28_3388.wav,100,100.0,100.0,True,-52.047092576849614,13,1107.1435959963192,False,800-2000 Hz
222558,an funestus ss,IFA_85_28_3388.wav,150,100.0,100.0,True,-52.43614969396031,12,1077.0295067481677,False,800-2000 Hz
222558,an funestus ss,IFA_85_28_3388.wav,200,99.97474747474747,99.97474747474747,False,-51.85056587139806,12,1147.767526900907,False,800-2000 Hz
222558,an funestus ss,IFA_85_28_3388.wav,300,99.97474747474747,99.97474747474747,False,-51.72273917114736,10,1086.7596689771533,False,800-2000 Hz
222532,an funestus ss,IFA_85_29_3389.wav,0,97.87878787878788,97.85353535353535,False,-36.55955304598769,0,44.37407700982649,True,<100 Hz
222532,an funestus ss,IFA_85_29_3389.wav,100,99.19191919191918,99.16666666666667,False,-46.881327130660566,19,1862.5080507980697,False,800-2000 Hz
222532,an funestus ss,IFA_85_29_3389.wav,150,99.19191919191918,99.16666666666667,False,-46.94737643435856,18,1797.5500446410404,False,800-2000 Hz
222532,an funestus ss,IFA_85_29_3389.wav,200,99.19191919191918,99.16666666666667,False,-46.97095638367344,18,1875.3376136955906,False,800-2000 Hz
222532,an funestus ss,IFA_85_29_3389.wav,300,99.16666666666667,99.16666666666667,False,-47.32213913424218,16,1752.2049416525224,False,800-2000 Hz
222562,an funestus ss,IFA_85_31_3391.wav,0,97.02020202020202,96.9949494949495,False,-32.34047246279884,0,44.37407700982649,True,<100 Hz
222562,an funestus ss,IFA_85_31_3391.wav,100,98.91414141414141,98.91414141414141,False,-38.85513409099741,38,7043.93550770528,False,>=2000 Hz
222562,an funestus ss,IFA_85_31_3391.wav,150,98.93939393939394,98.93939393939394,False,-38.85513409099741,38,7066.870533681113,False,>=2000 Hz
222562,an funestus ss,IFA_85_31_3391.wav,200,98.93939393939394,98.93939393939394,False,-38.85513409099741,39,7531.673049716309,False,>=2000 Hz
222562,an funestus ss,IFA_85_31_3391.wav,300,98.93939393939394,98.93939393939394,False,-39.162057256643855,37,6726.324829246307,False,>=2000 Hz
222584,an funestus ss,IFA_85_32_3392.wav,0,98.93939393939394,98.91414141414141,False,-30.607430771608108,0,44.37407700982649,True,<100 Hz
222584,an funestus ss,IFA_85_32_3392.wav,100,99.97474747474747,99.97474747474747,False,-50.67313593650718,13,1107.1435959963192,False,800-2000 Hz
222584,an funestus ss,IFA_85_32_3392.wav,150,99.97474747474747,99.97474747474747,False,-51.553389226579284,16,1529.6721664501665,False,800-2000 Hz
222584,an funestus ss,IFA_85_32_3392.wav,200,99.97474747474747,99.97474747474747,False,-50.67313593650718,15,1481.4273339703952,False,800-2000 Hz
222584,an funestus ss,IFA_85_32_3392.wav,300,99.97474747474747,99.97474747474747,False,-51.553389226579284,14,1506.6149479788903,False,800-2000 Hz
222583,an funestus ss,IFA_85_32_3392.wav,0,97.95454545454545,97.92929292929293,False,-31.70818238986923,0,44.37407700982649,True,<100 Hz
222583,an funestus ss,IFA_85_32_3392.wav,100,98.98989898989899,98.98989898989899,False,-41.67256900774077,36,6192.935304310192,False,>=2000 Hz
222583,an funestus ss,IFA_85_32_3392.wav,150,98.98989898989899,98.98989898989899,False,-41.710264894362695,36,6233.825044478617,False,>=2000 Hz
222583,an funestus ss,IFA_85_32_3392.wav,200,98.98989898989899,98.98989898989899,False,-42.06679451594202,36,6272.599048553766,False,>=2000 Hz
222583,an funestus ss,IFA_85_32_3392.wav,300,98.98989898989899,98.98989898989899,False,-42.260087756757805,36,6344.640540634074,False,>=2000 Hz
222571,an funestus ss,IFA_85_34_3394.wav,0,98.28282828282828,98.20707070707071,False,-30.242144180443038,0,44.37407700982649,True,<100 Hz
222571,an funestus ss,IFA_85_34_3394.wav,100,99.19191919191918,99.16666666666667,False,-46.82704543251833,33,5088.525017110928,False,>=2000 Hz
222571,an funestus ss,IFA_85_34_3394.wav,150,99.19191919191918,99.16666666666667,False,-46.97046587049194,33,5148.750552755978,False,>=2000 Hz
222571,an funestus ss,IFA_85_34_3394.wav,200,99.14141414141415,99.11616161616162,False,-47.0320805752316,33,5206.106474135096,False,>=2000 Hz
222571,an funestus ss,IFA_85_34_3394.wav,300,99.19191919191918,99.16666666666667,False,-47.11722922023563,37,6726.324829246307,False,>=2000 Hz
222581,an funestus ss,IFA_85_35_3395.wav,0,98.76262626262627,98.73737373737373,False,-39.862116829557635,0,44.37407700982649,True,<100 Hz
222581,an funestus ss,IFA_85_35_3395.wav,100,99.94949494949495,99.92424242424242,False,-48.651673015070706,36,6192.935304310192,False,>=2000 Hz
222581,an funestus ss,IFA_85_35_3395.wav,150,99.94949494949495,99.94949494949495,False,-48.43819651882866,36,6233.825044478617,False,>=2000 Hz
222581,an funestus ss,IFA_85_35_3395.wav,200,99.97474747474747,99.97474747474747,False,-48.34120788826943,36,6272.599048553766,False,>=2000 Hz
222581,an funestus ss,IFA_85_35_3395.wav,300,99.94949494949495,99.94949494949495,False,-48.990357129437186,35,5982.573343857049,False,>=2000 Hz
222533,an funestus ss,IFA_85_36_3396.wav,0,98.28282828282828,98.28282828282828,False,-35.11199771034549,0,44.37407700982649,True,<100 Hz
222533,an funestus ss,IFA_85_36_3396.wav,100,99.94949494949495,99.8989898989899,False,-51.03363174545598,33,5088.525017110928,False,>=2000 Hz
222533,an funestus ss,IFA_85_36_3396.wav,150,99.8989898989899,99.8989898989899,False,-51.00902385271715,33,5148.750552755978,False,>=2000 Hz
222533,an funestus ss,IFA_85_36_3396.wav,200,99.8989898989899,99.8989898989899,False,-50.948466841361736,33,5206.106474135096,False,>=2000 Hz
222533,an funestus ss,IFA_85_36_3396.wav,300,99.94949494949495,99.92424242424242,False,-51.273079395337106,32,5004.24831571783,False,>=2000 Hz
222534,an funestus ss,IFA_85_36_3396.wav,0,99.69696969696969,99.67171717171716,False,-45.791606840391175,0,44.37407700982649,True,<100 Hz
222534,an funestus ss,IFA_85_36_3396.wav,100,100.0,100.0,True,-54.072832713662244,38,7043.93550770528,False,>=2000 Hz
222534,an funestus ss,IFA_85_36_3396.wav,150,100.0,100.0,True,-54.89184556405682,38,7066.870533681113,False,>=2000 Hz
222534,an funestus ss,IFA_85_36_3396.wav,200,100.0,100.0,True,-53.99827453364112,38,7088.556459474228,False,>=2000 Hz
222534,an funestus ss,IFA_85_36_3396.wav,300,100.0,100.0,True,-54.82834766852566,37,6726.324829246307,False,>=2000 Hz
222565,an funestus ss,IFA_85_38_3398.wav,0,99.46969696969697,99.46969696969697,False,-48.088551445374,0,44.37407700982649,True,<100 Hz
222565,an funestus ss,IFA_85_38_3398.wav,100,99.92424242424242,99.92424242424242,False,-48.819013415300574,37,6606.055464843051,False,>=2000 Hz
222565,an funestus ss,IFA_85_38_3398.wav,150,99.92424242424242,99.92424242424242,False,-50.25199900328744,36,6233.825044478617,False,>=2000 Hz
222565,an funestus ss,IFA_85_38_3398.wav,200,99.97474747474747,99.94949494949495,False,-49.56321884933752,36,6272.599048553766,False,>=2000 Hz
222565,an funestus ss,IFA_85_38_3398.wav,300,99.92424242424242,99.92424242424242,False,-50.145550196050834,36,6344.640540634074,False,>=2000 Hz
222567,an funestus ss,IFA_85_38_3398.wav,0,99.94949494949495,99.94949494949495,False,-49.431413004702506,0,44.37407700982649,True,<100 Hz
222567,an funestus ss,IFA_85_38_3398.wav,100,100.0,100.0,True,-55.93003111568435,36,6192.935304310192,False,>=2000 Hz
222567,an funestus ss,IFA_85_38_3398.wav,150,100.0,100.0,True,-56.010821548810426,35,5851.432728061765,False,>=2000 Hz
222567,an funestus ss,IFA_85_38_3398.wav,200,100.0,100.0,True,-56.05375296167523,35,5897.259272926163,False,>=2000 Hz
222567,an funestus ss,IFA_85_38_3398.wav,300,100.0,100.0,True,-56.530546643078246,35,5982.573343857049,False,>=2000 Hz
222566,an funestus ss,IFA_85_38_3398.wav,0,99.87373737373737,99.87373737373737,False,-48.326221827739644,0,44.37407700982649,True,<100 Hz
222566,an funestus ss,IFA_85_38_3398.wav,100,99.94949494949495,99.94949494949495,False,-51.328984626210676,37,6606.055464843051,False,>=2000 Hz
222566,an funestus ss,IFA_85_38_3398.wav,150,99.94949494949495,99.94949494949495,False,-51.279719275690276,36,6233.825044478617,False,>=2000 Hz
222566,an funestus ss,IFA_85_38_3398.wav,200,99.97474747474747,99.94949494949495,False,-51.797020526333256,36,6272.599048553766,False,>=2000 Hz
222566,an funestus ss,IFA_85_38_3398.wav,300,100.0,100.0,True,-52.060498434987295,36,6344.640540634074,False,>=2000 Hz
222568,an funestus ss,IFA_85_38_3398.wav,0,100.0,100.0,True,-54.03406546885692,0,44.37407700982649,True,<100 Hz
222568,an funestus ss,IFA_85_38_3398.wav,100,100.0,100.0,True,-57.72324767718426,36,6192.935304310192,False,>=2000 Hz
222568,an funestus ss,IFA_85_38_3398.wav,150,100.0,100.0,True,-57.66719446657774,34,5490.128899271392,False,>=2000 Hz
222568,an funestus ss,IFA_85_38_3398.wav,200,100.0,100.0,True,-58.06310768297394,34,5542.124294130725,False,>=2000 Hz
222568,an funestus ss,IFA_85_38_3398.wav,300,100.0,100.0,True,-57.72324767718426,34,5639.114996491976,False,>=2000 Hz
222578,an funestus ss,IFA_85_40_3400.wav,0,99.36868686868688,99.34343434343434,False,-39.911912098516275,0,44.37407700982649,True,<100 Hz
222578,an funestus ss,IFA_85_40_3400.wav,100,100.0,100.0,True,-52.78296661160489,22,2351.4167527500604,False,>=2000 Hz
222578,an funestus ss,IFA_85_40_3400.wav,150,100.0,100.0,True,-54.31075818289359,21,2260.90163072702,False,>=2000 Hz
222578,an funestus ss,IFA_85_40_3400.wav,200,100.0,100.0,True,-52.78296661160489,21,2340.3780686307796,False,>=2000 Hz
222578,an funestus ss,IFA_85_40_3400.wav,300,100.0,100.0,True,-52.78296661160489,20,2328.427478920975,False,>=2000 Hz
222577,an funestus ss,IFA_85_40_3400.wav,0,99.4949494949495,99.46969696969697,False,-41.588906932533405,0,44.37407700982649,True,<100 Hz
222577,an funestus ss,IFA_85_40_3400.wav,100,100.0,100.0,True,-57.10248025323138,37,6606.055464843051,False,>=2000 Hz
222577,an funestus ss,IFA_85_40_3400.wav,150,100.0,100.0,True,-57.14263449823629,38,7066.870533681113,False,>=2000 Hz
222577,an funestus ss,IFA_85_40_3400.wav,200,100.0,100.0,True,-57.299180338781596,37,6669.293138350332,False,>=2000 Hz
222577,an funestus ss,IFA_85_40_3400.wav,300,100.0,100.0,True,-57.02528271568565,37,6726.324829246307,False,>=2000 Hz
222607,an funestus ss,IFA_86_10_3410.wav,0,99.8989898989899,99.8989898989899,False,-47.799084056619364,0,44.37407700982649,True,<100 Hz
222607,an funestus ss,IFA_86_10_3410.wav,100,100.0,100.0,True,-55.903722174698565,13,1107.1435959963192,False,800-2000 Hz
222607,an funestus ss,IFA_86_10_3410.wav,150,100.0,100.0,True,-55.84615298347289,12,1077.0295067481677,False,800-2000 Hz
222607,an funestus ss,IFA_86_10_3410.wav,200,100.0,100.0,True,-55.972471063263654,12,1147.767526900907,False,800-2000 Hz
222607,an funestus ss,IFA_86_10_3410.wav,300,100.0,100.0,True,-55.83062829297225,10,1086.7596689771533,False,800-2000 Hz
222612,an funestus ss,IFA_86_11_3411.wav,0,98.88888888888889,98.83838383838383,False,-31.182664806152548,0,44.37407700982649,True,<100 Hz
222612,an funestus ss,IFA_86_11_3411.wav,100,99.92424242424242,99.92424242424242,False,-46.75931891059473,0,147.947081154182,True,100-300 Hz
222612,an funestus ss,IFA_86_11_3411.wav,150,99.97474747474747,99.97474747474747,False,-51.7000751170709,35,5851.432728061765,False,>=2000 Hz
222612,an funestus ss,IFA_86_11_3411.wav,200,100.0,100.0,True,-52.76634740660974,35,5897.259272926163,False,>=2000 Hz
222612,an funestus ss,IFA_86_11_3411.wav,300,100.0,100.0,True,-53.10554064876547,34,5639.114996491976,False,>=2000 Hz
222611,an funestus ss,IFA_86_11_3411.wav,0,99.19191919191918,99.16666666666667,False,-38.50499721159466,0,44.37407700982649,True,<100 Hz
222611,an funestus ss,IFA_86_11_3411.wav,100,100.0,100.0,True,-54.52586979071214,14,1215.4526718144389,False,800-2000 Hz
222611,an funestus ss,IFA_86_11_3411.wav,150,100.0,99.97474747474747,False,-51.92036337596321,13,1180.7507014291307,False,800-2000 Hz
222611,an funestus ss,IFA_86_11_3411.wav,200,99.97474747474747,99.97474747474747,False,-51.78854202359641,12,1147.767526900907,False,800-2000 Hz
222611,an funestus ss,IFA_86_11_3411.wav,300,100.0,100.0,True,-54.51441437282781,11,1183.5677444553655,False,800-2000 Hz
222610,an funestus ss,IFA_86_12_3412.wav,0,99.41919191919192,99.41919191919192,False,-38.29014678424534,38,6993.657556191134,False,>=2000 Hz
222610,an funestus ss,IFA_86_12_3412.wav,100,99.5959595959596,99.57070707070706,False,-38.69741569686661,38,7043.93550770528,False,>=2000 Hz
222610,an funestus ss,IFA_86_12_3412.wav,150,99.57070707070706,99.57070707070706,False,-38.69741569686661,38,7066.870533681113,False,>=2000 Hz
222610,an funestus ss,IFA_86_12_3412.wav,200,99.54545454545455,99.4949494949495,False,-38.94845889725127,38,7088.556459474228,False,>=2000 Hz
222610,an funestus ss,IFA_86_12_3412.wav,300,99.52020202020202,99.52020202020202,False,-39.01837991727716,38,7128.689079502165,False,>=2000 Hz
222605,an funestus ss,IFA_86_14_3414.wav,0,98.98989898989899,98.96464646464646,False,-43.73340789953407,0,44.37407700982649,True,<100 Hz
222605,an funestus ss,IFA_86_14_3414.wav,100,99.64646464646465,99.62121212121212,False,-46.81681070543213,35,5803.174981087622,False,>=2000 Hz
222605,an funestus ss,IFA_86_14_3414.wav,150,99.67171717171716,99.64646464646465,False,-46.81681070543213,35,5851.432728061765,False,>=2000 Hz
222605,an funestus ss,IFA_86_14_3414.wav,200,99.67171717171716,99.67171717171716,False,-46.81681070543213,34,5542.124294130725,False,>=2000 Hz
222605,an funestus ss,IFA_86_14_3414.wav,300,99.69696969696969,99.67171717171716,False,-47.06336751451009,34,5639.114996491976,False,>=2000 Hz
222590,an funestus ss,IFA_86_17_3417.wav,0,99.34343434343434,99.31818181818181,False,-42.572179460639354,0,44.37407700982649,True,<100 Hz
222590,an funestus ss,IFA_86_17_3417.wav,100,99.82323232323232,99.79797979797979,False,-49.15032829356478,12,1004.9588458152629,False,800-2000 Hz
222590,an funestus ss,IFA_86_17_3417.wav,150,99.8989898989899,99.87373737373737,False,-49.2602415121635,12,1077.0295067481677,False,800-2000 Hz
222590,an funestus ss,IFA_86_17_3417.wav,200,99.74747474747475,99.74747474747475,False,-48.97089680935781,11,1048.3009371645,False,800-2000 Hz
222590,an funestus ss,IFA_86_17_3417.wav,300,99.8989898989899,99.84848484848486,False,-49.2602415121635,10,1086.7596689771533,False,800-2000 Hz
222592,an funestus ss,IFA_86_22_3422.wav,0,100.0,100.0,True,-53.705508097040955,16,1290.134576771718,False,800-2000 Hz
222592,an funestus ss,IFA_86_22_3422.wav,100,100.0,100.0,True,-57.591082046982095,35,5803.174981087622,False,>=2000 Hz
222592,an funestus ss,IFA_86_22_3422.wav,150,100.0,100.0,True,-55.13339006930163,14,1290.525867743762,False,800-2000 Hz
222592,an funestus ss,IFA_86_22_3422.wav,200,100.0,100.0,True,-55.14633829112715,13,1252.893098030893,False,800-2000 Hz
222592,an funestus ss,IFA_86_22_3422.wav,300,100.0,100.0,True,-55.14038953099785,12,1285.6209592998355,False,800-2000 Hz
222608,an funestus ss,IFA_86_23_3423.wav,0,99.87373737373737,99.87373737373737,False,-47.72607317614835,0,44.37407700982649,True,<100 Hz
222608,an funestus ss,IFA_86_23_3423.wav,100,100.0,100.0,True,-53.57625819075941,35,5803.174981087622,False,>=2000 Hz
222608,an funestus ss,IFA_86_23_3423.wav,150,100.0,100.0,True,-55.26128902331864,35,5851.432728061765,False,>=2000 Hz
222608,an funestus ss,IFA_86_23_3423.wav,200,100.0,100.0,True,-53.218916310708906,35,5897.259272926163,False,>=2000 Hz
222608,an funestus ss,IFA_86_23_3423.wav,300,100.0,100.0,True,-55.13375085431584,37,6726.324829246307,False,>=2000 Hz
222609,an funestus ss,IFA_86_23_3423.wav,0,96.48989898989899,96.38888888888889,False,-35.87651631551096,0,44.37407700982649,True,<100 Hz
222609,an funestus ss,IFA_86_23_3423.wav,100,97.75252525252526,97.70202020202021,False,-40.930958872435454,35,5803.174981087622,False,>=2000 Hz
222609,an funestus ss,IFA_86_23_3423.wav,150,97.70202020202021,97.70202020202021,False,-40.86350741116733,35,5851.432728061765,False,>=2000 Hz
222609,an funestus ss,IFA_86_23_3423.wav,200,97.87878787878788,97.67676767676767,False,-41.026664171879766,35,5897.259272926163,False,>=2000 Hz
222609,an funestus ss,IFA_86_23_3423.wav,300,97.85353535353535,97.75252525252526,False,-40.856009044426706,35,5982.573343857049,False,>=2000 Hz
222594,an funestus ss,IFA_86_24_3424.wav,0,100.0,100.0,True,-53.52390823313791,35,5698.132814724254,False,>=2000 Hz
222594,an funestus ss,IFA_86_24_3424.wav,100,100.0,100.0,True,-58.35403084869834,34,5435.453615558967,False,>=2000 Hz
222594,an funestus ss,IFA_86_24_3424.wav,150,100.0,100.0,True,-58.423786497239554,34,5490.128899271392,False,>=2000 Hz
222594,an funestus ss,IFA_86_24_3424.wav,200,100.0,100.0,True,-58.423786497239554,34,5542.124294130725,False,>=2000 Hz
222594,an funestus ss,IFA_86_24_3424.wav,300,100.0,100.0,True,-58.319172353879694,34,5639.114996491976,False,>=2000 Hz
222621,an funestus ss,IFA_86_26_3426.wav,0,98.35858585858585,98.23232323232324,False,-41.42887741216786,0,44.37407700982649,True,<100 Hz
222621,an funestus ss,IFA_86_26_3426.wav,100,98.96464646464646,98.93939393939394,False,-41.78344172128539,34,5435.453615558967,False,>=2000 Hz
222621,an funestus ss,IFA_86_26_3426.wav,150,99.14141414141415,99.04040404040404,False,-41.43119141587669,33,5148.750552755978,False,>=2000 Hz
222621,an funestus ss,IFA_86_26_3426.wav,200,99.0909090909091,99.06565656565657,False,-41.33063746981908,33,5206.106474135096,False,>=2000 Hz
222621,an funestus ss,IFA_86_26_3426.wav,300,99.11616161616162,99.06565656565657,False,-41.94408173217579,33,5313.3090758650505,False,>=2000 Hz
222606,an funestus ss,IFA_86_27_3427.wav,0,99.36868686868688,99.31818181818181,False,-38.60167648396188,0,44.37407700982649,True,<100 Hz
222606,an funestus ss,IFA_86_27_3427.wav,100,99.92424242424242,99.92424242424242,False,-46.49286805642936,34,5435.453615558967,False,>=2000 Hz
222606,an funestus ss,IFA_86_27_3427.wav,150,99.8989898989899,99.8989898989899,False,-49.23170090644774,36,6233.825044478617,False,>=2000 Hz
222606,an funestus ss,IFA_86_27_3427.wav,200,99.92424242424242,99.92424242424242,False,-46.56895957659291,36,6272.599048553766,False,>=2000 Hz
222606,an funestus ss,IFA_86_27_3427.wav,300,99.8989898989899,99.8989898989899,False,-49.23170090644774,36,6344.640540634074,False,>=2000 Hz
222617,an funestus ss,IFA_86_29_3429.wav,0,99.82323232323232,99.82323232323232,False,-49.113511845475955,0,44.37407700982649,True,<100 Hz
222617,an funestus ss,IFA_86_29_3429.wav,100,99.8989898989899,99.8989898989899,False,-50.67085652791661,12,1004.9588458152629,False,800-2000 Hz
222617,an funestus ss,IFA_86_29_3429.wav,150,99.94949494949495,99.92424242424242,False,-50.51144546717858,12,1077.0295067481677,False,800-2000 Hz
222617,an funestus ss,IFA_86_29_3429.wav,200,99.8989898989899,99.8989898989899,False,-50.32761068367741,11,1048.3009371645,False,800-2000 Hz
222617,an funestus ss,IFA_86_29_3429.wav,300,99.94949494949495,99.94949494949495,False,-51.36406667482143,10,1086.7596689771533,False,800-2000 Hz
222619,an funestus ss,IFA_86_31_3431.wav,0,99.87373737373737,99.87373737373737,False,-49.77706352962392,0,44.37407700982649,True,<100 Hz
222619,an funestus ss,IFA_86_31_3431.wav,100,100.0,100.0,True,-55.677921096724184,37,6606.055464843051,False,>=2000 Hz
222619,an funestus ss,IFA_86_31_3431.wav,150,100.0,100.0,True,-56.094801135950554,21,2260.90163072702,False,>=2000 Hz
222619,an funestus ss,IFA_86_31_3431.wav,200,100.0,100.0,True,-56.38518275728778,17,1736.7054285722647,False,800-2000 Hz
222619,an funestus ss,IFA_86_31_3431.wav,300,100.0,100.0,True,-56.77364214881099,37,6726.324829246307,False,>=2000 Hz
222603,an funestus ss,IFA_86_32_3432.wav,0,99.31818181818181,99.29292929292929,False,-37.86107939798369,0,44.37407700982649,True,<100 Hz
222603,an funestus ss,IFA_86_32_3432.wav,100,99.5959595959596,99.57070707070706,False,-49.82767653742228,14,1215.4526718144389,False,800-2000 Hz
222603,an funestus ss,IFA_86_32_3432.wav,150,99.5959595959596,99.57070707070706,False,-49.756476774816605,22,2433.72276470684,False,>=2000 Hz
222603,an funestus ss,IFA_86_32_3432.wav,200,99.62121212121212,99.54545454545455,False,-50.03220703093569,21,2340.3780686307796,False,>=2000 Hz
222603,an funestus ss,IFA_86_32_3432.wav,300,99.67171717171716,99.62121212121212,False,-50.228282040336225,20,2328.427478920975,False,>=2000 Hz
222616,an funestus ss,IFA_86_35_3435.wav,0,98.18181818181819,98.15656565656565,False,-31.760415028778326,0,44.37407700982649,True,<100 Hz
222616,an funestus ss,IFA_86_35_3435.wav,100,99.24242424242425,99.24242424242425,False,-32.18714957763896,37,6606.055464843051,False,>=2000 Hz
222616,an funestus ss,IFA_86_35_3435.wav,150,99.0909090909091,99.0909090909091,False,-32.506214606423605,37,6638.536735866427,False,>=2000 Hz
222616,an funestus ss,IFA_86_35_3435.wav,200,99.11616161616162,99.0909090909091,False,-32.853722494082675,37,6669.293138350332,False,>=2000 Hz
222616,an funestus ss,IFA_86_35_3435.wav,300,99.0909090909091,99.0909090909091,False,-33.20118652724049,36,6344.640540634074,False,>=2000 Hz
222604,an funestus ss,IFA_86_36_3436.wav,0,99.31818181818181,99.31818181818181,False,-40.11775130057128,0,44.37407700982649,True,<100 Hz
222604,an funestus ss,IFA_86_36_3436.wav,100,99.92424242424242,99.92424242424242,False,-49.779478415979824,36,6192.935304310192,False,>=2000 Hz
222604,an funestus ss,IFA_86_36_3436.wav,150,99.92424242424242,99.92424242424242,False,-49.779478415979824,36,6233.825044478617,False,>=2000 Hz
222604,an funestus ss,IFA_86_36_3436.wav,200,99.92424242424242,99.92424242424242,False,-49.779478415979824,36,6272.599048553766,False,>=2000 Hz
222604,an funestus ss,IFA_86_36_3436.wav,300,99.92424242424242,99.92424242424242,False,-49.97848301622423,37,6726.324829246307,False,>=2000 Hz
222598,an funestus ss,IFA_86_37_3437.wav,0,98.4090909090909,98.35858585858585,False,-36.806044396160544,0,44.37407700982649,True,<100 Hz
222598,an funestus ss,IFA_86_37_3437.wav,100,98.58585858585859,98.56060606060606,False,-43.04240075525583,13,1107.1435959963192,False,800-2000 Hz
222598,an funestus ss,IFA_86_37_3437.wav,150,98.86363636363636,98.7878787878788,False,-44.0130844365974,13,1180.7507014291307,False,800-2000 Hz
222598,an funestus ss,IFA_86_37_3437.wav,200,98.68686868686869,98.66161616161617,False,-45.32446329906576,12,1147.767526900907,False,800-2000 Hz
222598,an funestus ss,IFA_86_37_3437.wav,300,98.76262626262627,98.66161616161617,False,-43.39857571198385,10,1086.7596689771533,False,800-2000 Hz
222618,an funestus ss,IFA_86_38_3438.wav,0,99.39393939393939,99.36868686868688,False,-33.90815316624789,0,44.37407700982649,True,<100 Hz
222618,an funestus ss,IFA_86_38_3438.wav,100,100.0,100.0,True,-54.07996394415838,7,574.4420356195228,False,300-800 Hz
222618,an funestus ss,IFA_86_38_3438.wav,150,100.0,100.0,True,-54.05572790244528,6,564.3726097218181,False,300-800 Hz
222618,an funestus ss,IFA_86_38_3438.wav,200,100.0,100.0,True,-54.21511270612875,34,5542.124294130725,False,>=2000 Hz
222618,an funestus ss,IFA_86_38_3438.wav,300,100.0,100.0,True,-54.09511313996742,4,601.8936796253,False,300-800 Hz
222615,an funestus ss,IFA_86_39_3439.wav,0,98.98989898989899,98.88888888888889,False,-33.953318715586406,0,44.37407700982649,True,<100 Hz
222615,an funestus ss,IFA_86_39_3439.wav,100,99.94949494949495,99.92424242424242,False,-51.027883714879195,14,1215.4526718144389,False,800-2000 Hz
222615,an funestus ss,IFA_86_39_3439.wav,150,99.92424242424242,99.92424242424242,False,-50.59334866881419,13,1180.7507014291307,False,800-2000 Hz
222615,an funestus ss,IFA_86_39_3439.wav,200,99.87373737373737,99.87373737373737,False,-50.46319558962331,12,1147.767526900907,False,800-2000 Hz
222615,an funestus ss,IFA_86_39_3439.wav,300,99.92424242424242,99.92424242424242,False,-50.25627563976971,11,1183.5677444553655,False,800-2000 Hz
222596,an funestus ss,IFA_87_11_3451.wav,0,98.7878787878788,98.73737373737373,False,-44.861542800040056,0,44.37407700982649,True,<100 Hz
222596,an funestus ss,IFA_87_11_3451.wav,100,99.57070707070706,99.57070707070706,False,-47.70992466029611,34,5435.453615558967,False,>=2000 Hz
222596,an funestus ss,IFA_87_11_3451.wav,150,99.5959595959596,99.54545454545455,False,-47.881372948953135,34,5490.128899271392,False,>=2000 Hz
222596,an funestus ss,IFA_87_11_3451.wav,200,99.5959595959596,99.57070707070706,False,-47.69858694620021,34,5542.124294130725,False,>=2000 Hz
222596,an funestus ss,IFA_87_11_3451.wav,300,99.62121212121212,99.57070707070706,False,-47.74029797550749,33,5313.3090758650505,False,>=2000 Hz
222614,an funestus ss,IFA_87_12_3452.wav,0,98.53535353535354,98.45959595959596,False,-37.080131027154415,0,44.37407700982649,True,<100 Hz
222614,an funestus ss,IFA_87_12_3452.wav,100,99.87373737373737,99.84848484848486,False,-50.79501928595272,36,6192.935304310192,False,>=2000 Hz
222614,an funestus ss,IFA_87_12_3452.wav,150,99.8989898989899,99.87373737373737,False,-50.82518964165569,36,6233.825044478617,False,>=2000 Hz
222614,an funestus ss,IFA_87_12_3452.wav,200,99.8989898989899,99.87373737373737,False,-50.82518964165569,36,6272.599048553766,False,>=2000 Hz
222614,an funestus ss,IFA_87_12_3452.wav,300,99.8989898989899,99.8989898989899,False,-51.08465743575428,36,6344.640540634074,False,>=2000 Hz
