id,species,name,zero_percentage,max_feature,mean_feature,mean_nonzero_feature,strongest_mel_band,strongest_mel_center_hz,min_mfe_db,max_mfe_db,below_52db_percent,below_55db_percent,below_60db_percent,below_65db_percent,below_70db_percent
221149,an arabiensis,IFA_17_26_666.wav,99.87373737373737,0.02734375,1.578282899572514e-05,0.012500000186264515,0,44.37407700982649,-97.92203829950947,-50.359221665515,99.87373737373737,99.24242424242425,96.16161616161617,80.53030303030303,40.55555555555556
221150,an arabiensis,IFA_17_26_666.wav,99.16666666666667,0.08984375,0.00026929451269097626,0.032315339893102646,0,44.37407700982649,-100.72904036580283,-46.25724156858165,99.14141414141415,98.18181818181819,94.5959595959596,79.97474747474747,40.37878787878788
221145,culex pipiens complex,IFA_17_28_668.wav,98.58585858585859,0.0859375,0.00044783775229007006,0.0316685251891613,33,4958.050905231921,-103.8821327207381,-46.56526007132109,98.53535353535354,95.17676767676768,80.27777777777779,56.76767676767677,29.09090909090909
221146,culex pipiens complex,IFA_17_28_668.wav,98.61111111111111,0.125,0.000662878795992583,0.04772727191448212,12,856.3585075381263,-108.12540120662703,-43.94013233242529,98.53535353535354,96.7929292929293,88.7878787878788,62.62626262626263,28.78787878787879
221144,culex pipiens complex,IFA_17_28_668.wav,98.28282828282828,0.3046875,0.0021513968240469694,0.1252872198820114,0,44.37407700982649,-101.34220103449118,-32.392889044078295,98.28282828282828,96.66666666666667,88.08080808080808,63.10606060606061,30.353535353535356
221132,culex pipiens complex,IFA_17_35_675.wav,99.6969696969697,0.03125,4.5375632907962427e-05,0.014973958022892475,30,4005.2992545806096,-115.23449776851609,-49.92841743475766,99.67171717171716,98.51010101010101,91.84343434343434,70.27777777777777,40.85858585858586
221131,culex pipiens complex,IFA_17_35_675.wav,78.13131313131314,0.36328125,0.013831675983965397,0.06324877589941025,30,4005.2992545806096,-104.4180951564735,-28.839282288379707,77.6010101010101,66.5909090909091,48.23232323232323,30.12626262626263,14.646464646464647
221133,culex pipiens complex,IFA_17_38_678.wav,89.94949494949495,0.390625,0.007019412703812122,0.06984139233827591,17,1416.2922695854131,-102.85024920855015,-26.95859166480224,89.62121212121212,81.36363636363636,64.16666666666667,41.36363636363637,21.21212121212121
221151,culex pipiens complex,IFA_18_13_693.wav,98.68686868686869,0.23828125,0.0012103456538170576,0.09217247366905212,0,44.37407700982649,-112.81554672076318,-36.86065245272705,98.66161616161617,97.97979797979798,93.78787878787878,78.71212121212122,51.46464646464647
221128,culex pipiens complex,IFA_18_18_698.wav,98.83838383838383,0.08203125,0.0004073942545801401,0.03507133200764656,0,44.37407700982649,-102.28734367160763,-46.720479341291885,98.7878787878788,97.32323232323232,89.16666666666667,67.42424242424242,39.72222222222222
221130,culex pipiens complex,IFA_18_18_698.wav,99.6969696969697,0.05078125,5.12941915076226e-05,0.01692708395421505,0,44.37407700982649,-105.71695086595481,-48.73996457362696,99.69696969696969,98.68686868686869,93.33333333333333,76.33838383838383,45.984848484848484
221129,culex pipiens complex,IFA_18_18_698.wav,99.62121212121212,0.109375,0.00011639836156973615,0.03072916716337204,0,44.37407700982649,-98.04237197080772,-44.926999998648505,99.62121212121212,98.81313131313131,94.97474747474747,83.08080808080808,51.46464646464647
221147,culex pipiens complex,IFA_18_19_699.wav,98.35858585858585,0.1796875,0.0008029513992369175,0.04891826957464218,0,44.37407700982649,-103.1003637498682,-40.46441299524973,98.28282828282828,96.66666666666667,92.8030303030303,80.65656565656566,49.09090909090909
221116,culex pipiens complex,IFA_18_21_701.wav,98.28282828282828,0.2421875,0.0014125631423667073,0.08226102590560913,0,44.37407700982649,-104.07249037784247,-36.442161511472975,98.28282828282828,97.34848484848484,92.32323232323232,72.95454545454545,37.57575757575757
221141,culex pipiens complex,IFA_18_23_703.wav,98.78787878787878,0.15234375,0.0007250236812978983,0.059814453125,0,44.37407700982649,-101.261462290649,-42.26447051636451,98.76262626262627,97.72727272727273,89.21717171717172,63.76262626262626,33.33333333333333
221142,culex pipiens complex,IFA_18_23_703.wav,98.35858585858585,0.17578125,0.0010870422702282667,0.06622596085071564,0,44.37407700982649,-105.27219563481653,-40.82848538079335,98.28282828282828,97.27272727272728,92.22222222222223,72.34848484848484,39.46969696969697
221100,culex pipiens complex,IFA_18_28_708.wav,99.4949494949495,0.09375,0.00022490530682262033,0.04453124850988388,30,4005.2992545806096,-97.7046520800043,-46.01183576699259,99.44444444444444,97.72727272727273,86.76767676767678,58.91414141414142,30.808080808080806
221118,culex pipiens complex,IFA_18_31_711.wav,96.01010101010101,0.26953125,0.0021001026034355164,0.05263548344373703,0,44.37407700982649,-100.37298867994119,-34.749403408288764,95.85858585858585,93.18181818181817,85.42929292929293,68.45959595959596,35.73232323232323
221117,culex pipiens complex,IFA_18_31_711.wav,98.58585858585859,0.15625,0.0005849510780535638,0.0413643978536129,0,44.37407700982649,-98.74942902526989,-41.95047706356603,98.45959595959596,95.45454545454545,81.66666666666667,51.13636363636363,24.46969696969697
221164,an funestus ss,IFA_18_36_716.wav,97.62626262626263,0.25,0.0025854245759546757,0.10891788452863693,0,44.37407700982649,-111.97882986697061,-36.08566922034995,97.6010101010101,95.47979797979798,86.33838383838383,57.44949494949495,33.131313131313135
221201,an arabiensis,IFA_18_37_717.wav,96.96969696969697,0.18359375,0.0012596669839695096,0.04156900942325592,0,44.37407700982649,-130.12974535027217,-40.3592395139801,96.86868686868686,93.96464646464646,84.06565656565657,52.75252525252525,27.27272727272727
221200,an arabiensis,IFA_18_37_717.wav,99.46969696969697,0.15234375,0.00034722223062999547,0.065476194024086,0,44.37407700982649,-109.13574820190176,-42.29081381252999,99.41919191919192,98.53535353535354,92.85353535353535,64.0909090909091,32.5
221167,an arabiensis,IFA_18_38_718.wav,98.33333333333333,0.15625,0.0011708885431289673,0.07025331258773804,0,44.37407700982649,-107.25326036742732,-41.937884291796095,98.30808080808082,96.6161616161616,85.45454545454545,53.18181818181819,24.873737373737374
221166,an arabiensis,IFA_18_38_718.wav,98.18181818181819,0.21875,0.0015861742431297898,0.0872395858168602,0,44.37407700982649,-99.22297305977955,-37.95209302991474,98.15656565656565,95.85858585858585,82.32323232323232,46.23737373737374,22.02020202020202
221165,an arabiensis,IFA_18_38_718.wav,99.24242424242425,0.140625,0.0002998737327288836,0.03958333283662796,0,44.37407700982649,-112.98013114735112,-42.92313209643477,99.19191919191918,98.30808080808082,90.05050505050505,63.25757575757576,37.09595959595959
221180,an arabiensis,IFA_18_39_719.wav,97.44949494949495,0.23046875,0.001744988956488669,0.06841738522052765,0,44.37407700982649,-103.05493059723501,-37.14001085431065,97.29797979797979,92.65151515151516,71.43939393939394,41.23737373737374,22.045454545454547
221181,an arabiensis,IFA_18_39_719.wav,97.42424242424242,0.171875,0.0013158932561054826,0.051087621599435806,0,44.37407700982649,-92.86812711753159,-40.972373558115784,97.32323232323232,93.10606060606061,71.6919191919192,27.853535353535353,7.954545454545454
221206,an funestus ss,IFA_19_14_734.wav,99.04040404040404,0.08203125,0.0003107244265265763,0.03238075599074364,18,1550.4472926509613,-97.5821735381731,-46.63880568711826,98.98989898989899,97.34848484848484,86.86868686868688,53.15656565656566,25.732323232323235
221205,an funestus ss,IFA_19_14_734.wav,96.08585858585859,0.30078125,0.0031634706538170576,0.08082157373428345,0,44.37407700982649,-92.58813293816087,-32.788603578969735,95.93434343434343,90.27777777777779,64.97474747474747,26.767676767676768,9.04040404040404
221208,an funestus ss,IFA_19_14_734.wav,99.34343434343434,0.09765625,0.00026534878998063505,0.04041466489434242,0,44.37407700982649,-101.6006726192411,-45.76077630004262,99.34343434343434,98.45959595959596,90.8080808080808,59.72222222222222,28.914141414141415
221207,an funestus ss,IFA_19_14_734.wav,98.15656565656566,0.09375,0.0005583175225183368,0.030286815017461777,0,44.37407700982649,-102.27960807977072,-45.96686713856796,98.10606060606061,95.68181818181817,82.67676767676768,49.72222222222222,24.393939393939394
221210,an arabiensis,IFA_19_19_739.wav,85.05050505050505,0.48046875,0.01897095888853073,0.1269003450870514,28,3461.030018867198,-98.81748957641815,-21.15536295588567,84.97474747474747,80.9090909090909,67.3989898989899,43.78787878787879,23.484848484848484
221196,an arabiensis,IFA_19_20_740.wav,64.04040404040404,0.46875,0.05154474452137947,0.14334072172641754,2,141.73937073325675,-100.53008861005743,-22.1235751879832,63.81313131313131,55.17676767676768,32.525252525252526,15.0,5.909090909090909
221197,an arabiensis,IFA_19_20_740.wav,93.76262626262626,0.375,0.0070292772725224495,0.1126961037516594,0,44.37407700982649,-94.21658398140434,-28.064522114200116,93.66161616161615,91.28787878787878,77.3989898989899,33.939393939393945,11.944444444444445
221211,an arabiensis,IFA_19_21_741.wav,84.29292929292929,0.38671875,0.01443339604884386,0.0918910801410675,0,44.37407700982649,-93.55091104232707,-27.344098144225875,84.01515151515152,75.07575757575758,44.217171717171716,13.61111111111111,3.7626262626262625
221212,an arabiensis,IFA_19_21_741.wav,93.08080808080808,0.2578125,0.005005129612982273,0.07233690470457077,0,44.37407700982649,-85.53641751767104,-35.43403340375071,92.92929292929293,87.72727272727273,64.79797979797979,24.747474747474747,6.994949494949496
221195,an funestus ss,IFA_19_23_743.wav,96.23737373737374,0.29296875,0.0039664218202233315,0.10541632026433945,0,44.37407700982649,-94.78471517783564,-33.16923091648051,96.13636363636363,94.2929292929293,88.28282828282829,49.24242424242424,18.484848484848484
221194,an funestus ss,IFA_19_23_743.wav,98.48484848484848,0.19140625,0.0011807528790086508,0.07792969048023224,0,44.37407700982649,-102.72720504201095,-39.868671394421554,98.45959595959596,97.47474747474747,91.66666666666666,60.505050505050505,32.121212121212125
221193,an funestus ss,IFA_19_23_743.wav,81.21212121212122,0.390625,0.021254537627100945,0.11312898993492126,0,44.37407700982649,-98.76918464483992,-27.03204755021352,81.01010101010101,72.09595959595958,43.58585858585858,18.98989898989899,6.338383838383839
221159,an arabiensis,IFA_19_24_744.wav,99.06565656565657,0.08984375,0.00031960225896909833,0.0342060811817646,0,44.37407700982649,-112.09088143580107,-46.36883536253684,98.91414141414141,97.47474747474747,83.91414141414143,53.63636363636364,31.060606060606062
221160,an arabiensis,IFA_19_24_744.wav,99.1919191919192,0.140625,0.00044290561345405877,0.0548095703125,0,44.37407700982649,-100.50632434144859,-43.020769760663214,99.14141414141415,98.20707070707071,90.75757575757576,53.76262626262627,30.984848484848488
221161,an funestus ss,IFA_19_25_745.wav,99.16666666666667,0.1640625,0.00034524936927482486,0.041429925709962845,0,44.37407700982649,-109.74890589412814,-41.489364831371454,99.14141414141415,97.57575757575758,87.3989898989899,55.27777777777778,33.10606060606061
221163,an funestus ss,IFA_19_25_745.wav,97.87878787878788,0.17578125,0.0011521464912220836,0.0543154776096344,0,44.37407700982649,-114.50110916607213,-40.80376238914606,97.85353535353535,97.02020202020202,91.31313131313131,56.84343434343434,34.19191919191919
221162,an funestus ss,IFA_19_25_745.wav,99.06565656565657,0.1640625,0.0004655934462789446,0.0498310811817646,0,44.37407700982649,-111.13641214075614,-41.574444350042015,99.01515151515152,98.35858585858585,92.44949494949495,63.93939393939394,41.590909090909086
221215,an arabiensis,IFA_19_26_746.wav,99.14141414141415,0.15234375,0.0004734848625957966,0.05514705926179886,0,44.37407700982649,-96.60273974856293,-42.3376844623862,99.04040404040404,96.56565656565657,82.32323232323232,52.87878787878788,31.54040404040404
221216,an arabiensis,IFA_19_26_746.wav,98.15656565656566,0.1328125,0.0008976483368314803,0.04869434982538223,12,856.3585075381263,-115.91042385537511,-43.44847806734596,98.08080808080808,95.73232323232324,82.82828282828282,51.96969696969697,28.888888888888886
221214,an arabiensis,IFA_19_26_746.wav,99.1919191919192,0.08203125,0.00024956598645076156,0.0308837890625,0,44.37407700982649,-131.4384939823311,-46.84221327235646,99.11616161616162,98.03030303030303,87.75252525252525,57.72727272727273,34.494949494949495
221213,an arabiensis,IFA_19_26_746.wav,98.88888888888889,0.140625,0.0003413036756683141,0.030717330053448677,0,44.37407700982649,-119.36613471644347,-43.06464786062588,98.83838383838383,97.12121212121212,83.61111111111111,50.95959595959596,32.95454545454545
221184,an arabiensis,IFA_19_36_756.wav,95.25252525252525,0.375,0.006927675101906061,0.14592337608337402,0,44.37407700982649,-102.03653944532618,-28.046404458369388,95.22727272727273,93.51010101010101,78.86363636363637,37.676767676767675,13.106060606060607
221186,an arabiensis,IFA_19_36_756.wav,98.73737373737374,0.21875,0.0007388336234726012,0.05851562321186066,0,44.37407700982649,-103.31088797652073,-37.97384535733845,98.7121212121212,97.12121212121212,84.46969696969697,44.09090909090909,18.005050505050505
221185,an arabiensis,IFA_19_36_756.wav,98.86363636363636,0.16015625,0.0005553582450374961,0.04887152835726738,0,44.37407700982649,-108.92383814364139,-41.762131331876084,98.81313131313131,97.42424242424242,86.54040404040404,48.73737373737374,25.782828282828284
221191,an arabiensis,IFA_19_38_758.wav,98.08080808080808,0.2109375,0.0014875315828248858,0.07750822603702545,0,44.37407700982649,-107.28323405866888,-38.5489602142422,98.03030303030303,96.46464646464646,89.31818181818181,58.76262626262626,29.72222222222222
221192,an arabiensis,IFA_19_38_758.wav,95.93434343434343,0.30078125,0.0037365846801549196,0.09190605580806732,0,44.37407700982649,-100.90643357072761,-32.75106334655163,95.85858585858585,93.25757575757576,84.14141414141415,53.888888888888886,24.545454545454547
220517,an arabiensis,IFA_20_12_772.wav,99.11616161616162,0.0859375,0.00022391887614503503,0.02533482201397419,22,2177.674358841299,-123.14312480811904,-46.55978363874592,99.0909090909091,96.84343434343434,86.94444444444444,66.6919191919192,44.292929292929294
220516,an arabiensis,IFA_20_12_772.wav,98.88888888888889,0.17578125,0.0006697837961837649,0.060280539095401764,32,4620.759757744843,-120.50560535069067,-40.70980404410434,98.83838383838383,97.65151515151516,92.04545454545455,77.42424242424242,53.71212121212121
220520,culex pipiens complex,IFA_20_14_774.wav,100.0,0.0,0.0,0.0,0,44.37407700982649,-130.15879283710052,-51.94320192095219,99.97474747474747,99.5959595959596,96.6919191919192,80.83333333333333,50.35353535353535
220515,an funestus ss,IFA_20_22_782.wav,99.84848484848484,0.06640625,5.326704558683559e-05,0.03515625,34,5316.7234575094635,-125.77799337608093,-47.83224035653057,99.84848484848486,99.29292929292929,96.43939393939394,87.77777777777777,58.91414141414142
220518,an funestus ss,IFA_20_31_791.wav,100.0,0.0,0.0,0.0,0,44.37407700982649,-114.1318800861624,-57.27422504964696,100.0,100.0,98.98989898989899,91.81818181818183,58.05555555555556
220519,an funestus ss,IFA_20_31_791.wav,100.0,0.0,0.0,0.0,0,44.37407700982649,-113.01561154215545,-58.07366950329075,100.0,100.0,99.57070707070706,93.81313131313132,64.72222222222223
220512,an funestus ss,IFA_20_35_795.wav,100.0,0.0,0.0,0.0,0,44.37407700982649,-119.80165562939844,-56.851908541080064,100.0,100.0,99.52020202020202,91.08585858585857,60.80808080808081
220513,an funestus ss,IFA_20_35_795.wav,100.0,0.0,0.0,0.0,0,44.37407700982649,-137.23379355934878,-60.52188276650185,100.0,100.0,100.0,95.2020202020202,61.69191919191918
220511,an funestus ss,IFA_20_40_800.wav,99.44444444444444,0.15625,0.00024167455558199435,0.04350142180919647,9,594.2853728317885,-153.4608628834083,-42.07954158201574,99.39393939393939,98.33333333333333,91.18686868686868,75.27777777777777,49.343434343434346
220553,an arabiensis,IFA_21_10_810.wav,99.92424242424242,0.06640625,3.156565799145028e-05,0.0416666679084301,0,44.37407700982649,-110.63176940928479,-47.822164911020224,99.92424242424242,99.77272727272727,98.43434343434343,90.6060606060606,61.489898989899
220543,an arabiensis,IFA_21_20_820.wav,99.77272727272727,0.0625,6.904987094458193e-05,0.0303819440305233,28,3461.030018867198,-104.9302976710259,-47.97449788181419,99.77272727272727,99.11616161616162,94.26767676767676,81.26262626262626,52.323232323232325
220538,an arabiensis,IFA_21_22_822.wav,100.0,0.0,0.0,0.0,0,44.37407700982649,-108.65347419150541,-52.24864458956728,100.0,99.64646464646465,98.08080808080808,89.94949494949495,58.358585858585855
220541,an arabiensis,IFA_21_27_827.wav,92.29797979797979,0.34765625,0.009645281359553337,0.12523053586483002,31,4303.575413833523,-105.55081725370407,-29.70650604703121,92.27272727272727,89.8989898989899,82.17171717171718,65.8838383838384,38.88888888888889
220540,an arabiensis,IFA_21_27_827.wav,64.29292929292929,0.3671875,0.04033203050494194,0.11295250803232193,2,141.73937073325675,-96.86460598292365,-28.38872674313133,63.73737373737374,53.35858585858586,37.651515151515156,26.79292929292929,16.944444444444446
220542,an arabiensis,IFA_21_27_827.wav,99.5959595959596,0.125,0.0001805161009542644,0.044677734375,0,44.37407700982649,-108.21588024572797,-44.02250670082279,99.5959595959596,99.0909090909091,96.43939393939394,87.04545454545455,54.24242424242425
220552,an arabiensis,IFA_21_36_836.wav,99.94949494949495,0.01953125,6.904987458256073e-06,0.013671875,0,44.37407700982649,-109.09217336979808,-50.829139042947546,99.94949494949495,99.74747474747475,98.66161616161617,92.92929292929293,66.9949494949495
220528,an arabiensis,IFA_22_14_854.wav,99.77272727272727,0.19140625,0.00015980112948454916,0.0703125,34,5316.7234575094635,-107.95049740009317,-39.6464123612134,99.77272727272727,99.44444444444444,96.96969696969697,87.32323232323232,54.5959595959596
220533,an arabiensis,IFA_22_19_859.wav,100.0,0.0,0.0,0.0,0,44.37407700982649,-117.81568397385317,-52.31938733106908,100.0,99.64646464646465,97.14646464646465,89.0909090909091,60.95959595959596
220534,an arabiensis,IFA_22_19_859.wav,99.62121212121212,0.0859375,0.00014303188072517514,0.0377604179084301,0,44.37407700982649,-106.02082436858353,-46.429131460864426,99.62121212121212,99.0909090909091,97.95454545454545,92.04545454545455,60.47979797979798
220527,an arabiensis,IFA_22_20_860.wav,99.92424242424242,0.015625,1.0850694707187358e-05,0.014322916977107525,36,6103.720297923788,-104.30649238891084,-50.88674388266965,99.92424242424242,99.4949494949495,96.13636363636363,83.83838383838383,58.964646464646464
220526,an arabiensis,IFA_22_20_860.wav,97.97979797979798,0.35546875,0.0018505365587770939,0.09160156548023224,0,44.37407700982649,-117.90966017427084,-29.35931672897585,97.92929292929293,96.31313131313132,89.06565656565657,70.32828282828282,42.42424242424242
220535,an arabiensis,IFA_22_23_863.wav,99.79797979797979,0.078125,5.326704558683559e-05,0.0263671875,10,676.3321139842596,-104.82379731284729,-46.9215688145446,99.79797979797979,99.29292929292929,97.02020202020202,83.33333333333334,49.015151515151516
220537,an arabiensis,IFA_22_23_863.wav,99.16666666666667,0.2421875,0.0006303266854956746,0.07563920319080353,34,5316.7234575094635,-111.4224682558706,-36.50134322567064,99.14141414141415,98.03030303030303,95.15151515151516,86.18686868686869,59.46969696969697
220536,an arabiensis,IFA_22_23_863.wav,99.97474747474747,0.00390625,9.864268122328212e-07,0.00390625,0,44.37407700982649,-111.05734754870483,-51.63486824204894,99.94949494949495,99.52020202020202,98.7121212121212,95.95959595959596,70.93434343434343
220551,culex pipiens complex,IFA_22_25_865.wav,99.62121212121212,0.08203125,0.00016177399083971977,0.04270833358168602,0,44.37407700982649,-107.10132542688518,-46.67249739649529,99.62121212121212,98.96464646464646,95.78282828282828,83.88888888888889,54.11616161616162
220550,culex pipiens complex,IFA_22_25_865.wav,99.41919191919192,0.140625,0.00026238951249979436,0.04517662897706032,0,44.37407700982649,-107.33654473958228,-43.08572575592449,99.41919191919192,98.81313131313131,95.3030303030303,87.57575757575758,59.84848484848485
220545,an arabiensis,IFA_22_27_867.wav,99.82323232323232,0.0703125,4.833491038880311e-05,0.02734375,0,44.37407700982649,-109.55946921215107,-47.59529446085018,99.79797979797979,99.36868686868688,98.18181818181819,92.22222222222223,64.0909090909091
220544,an arabiensis,IFA_22_27_867.wav,98.88888888888889,0.2890625,0.0011117029935121536,0.10005326569080353,0,44.37407700982649,-118.76694259066724,-33.53166753286533,98.86363636363636,97.37373737373738,91.84343434343434,80.05050505050505,53.686868686868685
220524,an arabiensis,IFA_22_28_868.wav,98.61111111111111,0.2890625,0.0017982559511438012,0.1294744312763214,0,44.37407700982649,-109.05778907634641,-33.54051713247061,98.61111111111111,98.30808080808082,96.31313131313132,89.5959595959596,66.79292929292929
220525,an arabiensis,IFA_22_28_868.wav,99.0909090909091,0.24609375,0.0007911142893135548,0.0870225727558136,0,44.37407700982649,-108.8281586114604,-36.288115542928324,99.04040404040404,98.63636363636363,97.12121212121212,87.87878787878788,52.070707070707066
220532,an arabiensis,IFA_22_37_877.wav,89.0909090909091,0.53125,0.013812934048473835,0.12661856412887573,0,44.37407700982649,-100.81629631185544,-17.90653585288422,88.96464646464646,85.25252525252526,77.14646464646465,65.55555555555556,39.67171717171717
220559,culex pipiens complex,IFA_23_14_894.wav,99.26767676767676,0.15234375,0.00040640783845447004,0.05549569055438042,0,44.37407700982649,-111.74803778606012,-42.37366294391012,99.21717171717171,97.5,83.35858585858585,67.0959595959596,44.494949494949495
220565,an arabiensis,IFA_23_17_897.wav,99.79797979797979,0.03515625,3.156565799145028e-05,0.015625,0,44.37407700982649,-118.86060981389932,-49.64903459997029,99.77272727272727,99.31818181818181,97.3989898989899,88.4090909090909,57.55050505050505
220566,an arabiensis,IFA_23_17_897.wav,98.28282828282828,0.19140625,0.0012853140942752361,0.0748506411910057,0,44.37407700982649,-110.34125939104335,-39.710768687462725,98.23232323232324,96.81818181818181,92.77777777777779,80.98484848484848,48.23232323232323
220564,culex pipiens complex,IFA_23_38_918.wav,95.53030303030303,0.4296875,0.003897372167557478,0.08719544857740402,0,44.37407700982649,-106.711179391151,-24.393111686642875,95.45454545454545,92.62626262626263,86.79292929292929,75.85858585858585,53.98989898989899
220587,culex pipiens complex,IFA_24_12_932.wav,97.42424242424242,0.2578125,0.0028231535106897354,0.10960477590560913,0,44.37407700982649,-99.23789794790449,-35.593839626942774,97.34848484848484,94.94949494949495,87.3989898989899,69.62121212121211,35.858585858585855
220589,culex pipiens complex,IFA_24_12_932.wav,99.36868686868686,0.140625,0.00030184659408405423,0.04781249910593033,0,44.37407700982649,-113.89015915237316,-43.062817697931486,99.34343434343434,98.66161616161617,94.57070707070707,75.47979797979798,41.590909090909086
220588,culex pipiens complex,IFA_24_12_932.wav,97.02020202020202,0.21875,0.002328953705728054,0.07815810292959213,0,44.37407700982649,-107.03239273887635,-37.91111146500435,96.94444444444444,94.41919191919192,84.8989898989899,60.47979797979798,24.797979797979796
220643,an arabiensis,IFA_24_20_940.wav,92.34848484848484,0.3359375,0.00602114899083972,0.0786922425031662,0,44.37407700982649,-110.60746854161329,-30.376316854737016,92.22222222222223,88.30808080808082,79.94949494949495,65.93434343434343,41.843434343434346
220642,an arabiensis,IFA_24_20_940.wav,98.63636363636364,0.10546875,0.0005011048051528633,0.03674768656492233,0,44.37407700982649,-107.94161946708203,-45.296884533107395,98.61111111111111,96.8939393939394,93.53535353535354,82.72727272727273,59.49494949494949
220657,an arabiensis,IFA_24_21_941.wav,99.44444444444444,0.1484375,0.00022786458430346102,0.041015625,0,44.37407700982649,-103.68521136802693,-42.415412969623276,99.41919191919192,98.93939393939394,98.33333333333333,86.86868686868688,59.3939393939394
220654,an arabiensis,IFA_24_25_945.wav,98.96464646464646,0.21875,0.0007289694040082395,0.07040777802467346,0,44.37407700982649,-105.05903977367424,-37.89706210099858,98.96464646464646,97.47474747474747,93.51010101010101,81.33838383838385,49.14141414141414
220655,an arabiensis,IFA_24_25_945.wav,99.14141414141415,0.140625,0.0006086252979002893,0.07088694721460342,0,44.37407700982649,-106.44587172694999,-43.09219647608228,99.14141414141415,98.61111111111111,96.96969696969697,88.73737373737373,67.9040404040404
220656,an arabiensis,IFA_24_25_945.wav,98.91414141414141,0.26171875,0.0012054134858772159,0.11101017147302628,0,44.37407700982649,-108.66784985066369,-35.27222412594007,98.91414141414141,98.23232323232324,96.13636363636363,89.41919191919192,62.601010101010104
220639,culex pipiens complex,IFA_24_36_956.wav,99.1919191919192,0.2109375,0.0006530145183205605,0.080810546875,0,44.37407700982649,-117.42798126850582,-38.51948134368434,99.19191919191918,98.20707070707071,95.63131313131314,88.13131313131312,63.96464646464647
220640,culex pipiens complex,IFA_24_36_956.wav,97.57575757575758,0.27734375,0.002206636592745781,0.0910237655043602,0,44.37407700982649,-104.8369856312176,-34.264469720769256,97.57575757575758,96.11111111111111,90.1010101010101,76.86868686868686,49.06565656565657
220638,culex pipiens complex,IFA_24_36_956.wav,99.41919191919192,0.17578125,0.0003294665366411209,0.05672554299235344,36,6103.720297923788,-124.59880543815679,-40.83097506483032,99.39393939393939,98.81313131313131,95.53030303030303,82.8030303030303,55.101010101010104
220668,culex pipiens complex,IFA_24_37_957.wav,99.77272727272727,0.0625,4.734848334919661e-05,0.02083333395421505,33,4958.050905231921,-146.99644264666142,-47.89129286560733,99.72222222222223,98.83838383838383,94.06565656565657,80.53030303030303,54.52020202020202
220667,culex pipiens complex,IFA_24_37_957.wav,99.82323232323232,0.125,8.877841173671186e-05,0.0502232126891613,0,44.37407700982649,-106.75009297330354,-44.02054252778694,99.77272727272727,99.29292929292929,96.13636363636363,80.8080808080808,49.54545454545455
220665,culex pipiens complex,IFA_24_37_957.wav,98.10606060606061,0.3203125,0.001951152109540999,0.10302083194255829,0,44.37407700982649,-111.73713435400286,-31.471774107438048,98.08080808080808,97.42424242424242,96.28787878787878,92.37373737373737,68.58585858585859
220666,culex pipiens complex,IFA_24_37_957.wav,98.73737373737374,0.1953125,0.0008384627290070057,0.06640625,37,6535.018595714345,-114.18909246195537,-39.5856933389389,98.73737373737373,98.18181818181819,94.46969696969697,82.44949494949495,54.419191919191924
220664,culex pipiens complex,IFA_24_37_957.wav,99.14141414141415,0.08984375,0.0004172585322521627,0.04859834536910057,0,44.37407700982649,-105.70519140558025,-46.24450614746728,99.14141414141415,98.53535353535354,96.13636363636363,81.61616161616162,48.3080808080808
220628,culex pipiens complex,IFA_24_39_959.wav,99.06565656565657,0.19140625,0.0006332859629765153,0.06777871400117874,0,44.37407700982649,-107.86339898099003,-39.80447366724015,99.06565656565657,98.58585858585859,96.26262626262626,88.7121212121212,65.27777777777779
220627,culex pipiens complex,IFA_24_39_959.wav,75.58080808080808,0.37109375,0.02612156793475151,0.10697146505117416,33,4958.050905231921,-104.67156630741133,-28.154455259402255,75.37878787878788,67.62626262626263,53.83838383838384,36.868686868686865,22.752525252525253
220646,culex pipiens complex,IFA_25_15_975.wav,98.61111111111111,0.2734375,0.0011412957683205605,0.08217329531908035,0,44.37407700982649,-110.73177560706472,-34.382168595270095,98.61111111111111,97.52525252525253,93.66161616161615,76.94444444444444,44.84848484848485
220645,culex pipiens complex,IFA_25_15_975.wav,99.1919191919192,0.1484375,0.0005454940255731344,0.0675048828125,0,44.37407700982649,-105.19598253436222,-42.528320652483046,99.16666666666667,98.81313131313131,96.06060606060606,84.0909090909091,54.46969696969697
220693,culex pipiens complex,IFA_25_18_978.wav,97.8030303030303,0.4375,0.00305496365763247,0.13905352354049683,0,44.37407700982649,-112.21244489627061,-23.954906230614945,97.77777777777777,96.36363636363636,91.9949494949495,81.5909090909091,56.111111111111114
220692,culex pipiens complex,IFA_25_18_978.wav,99.4949494949495,0.125,0.00027126737404614687,0.0537109375,0,44.37407700982649,-105.07424856111312,-43.93887327419649,99.4949494949495,99.06565656565657,96.13636363636363,82.42424242424242,56.61616161616162
220626,culex pipiens complex,IFA_25_20_980.wav,97.57575757575758,0.2578125,0.0022904828656464815,0.094482421875,0,44.37407700982649,-111.56585691126173,-35.53407271265973,97.57575757575758,96.84343434343434,95.60606060606061,90.68181818181819,63.888888888888886
220670,culex pipiens complex,IFA_25_22_982.wav,99.97474747474747,0.01171875,2.9592802093247883e-06,0.01171875,36,6103.720297923788,-132.52837959768596,-51.36247462121307,99.97474747474747,99.72222222222223,96.56565656565657,85.95959595959596,59.57070707070707
220671,culex pipiens complex,IFA_25_22_982.wav,99.14141414141415,0.1796875,0.0006283538532443345,0.07318474352359772,0,44.37407700982649,-108.2248564263077,-40.419114361677266,99.14141414141415,98.7121212121212,96.54040404040404,87.67676767676768,57.95454545454546
220852,an arabiensis,IFA_25_30_990.wav,97.34848484848484,0.15234375,0.0012202098732814193,0.04601934552192688,0,44.37407700982649,-99.86984732221626,-42.237118411204506,97.32323232323232,93.98989898989899,77.29797979797979,52.601010101010104,33.83838383838384
220853,an arabiensis,IFA_25_35_995.wav,96.31313131313131,0.25390625,0.002369397087022662,0.06426583975553513,0,44.37407700982649,-119.54903219962004,-35.82456273302749,96.21212121212122,92.17171717171718,78.15656565656566,49.343434343434346,19.444444444444446
220855,an arabiensis,IFA_25_35_995.wav,99.8989898989899,0.046875,2.1701389414374717e-05,0.021484375,0,44.37407700982649,-112.28458609874406,-49.04332891959484,99.8989898989899,99.54545454545455,98.7121212121212,95.5050505050505,67.97979797979798
220854,an arabiensis,IFA_25_35_995.wav,99.0909090909091,0.1640625,0.0006470959633588791,0.0711805522441864,0,44.37407700982649,-98.98338805005609,-41.55672565872021,99.06565656565657,97.87878787878788,88.43434343434343,58.73737373737373,27.82828282828283
220867,culex pipiens complex,IFA_26_16_1016.wav,97.12121212121212,0.296875,0.0022717409301549196,0.07891310006380081,0,44.37407700982649,-98.53801718975672,-33.026586271884916,97.12121212121212,96.11111111111111,89.46969696969697,68.48484848484848,37.02020202020202
220851,an arabiensis,IFA_26_32_1032.wav,98.13131313131314,0.2734375,0.001995541388168931,0.10678842663764954,0,44.37407700982649,-104.25915782096902,-34.56486455913763,98.13131313131314,97.62626262626263,93.48484848484848,72.95454545454545,37.95454545454545
220850,an arabiensis,IFA_26_32_1032.wav,95.8080808080808,0.203125,0.0031979954801499844,0.07628953456878662,0,44.37407700982649,-85.3946658306819,-39.085040118339656,95.75757575757575,93.38383838383838,79.14141414141415,37.42424242424243,9.242424242424242
220849,an arabiensis,IFA_26_32_1032.wav,91.56565656565657,0.20703125,0.0054490212351083755,0.06460516154766083,0,44.37407700982649,-96.40937009312006,-38.724425538576014,91.38888888888889,85.68181818181819,68.86363636363636,47.34848484848485,23.813131313131315
220750,culex pipiens complex,IFA_27_12_1052.wav,98.48484848484848,0.20703125,0.0007506707916036248,0.04954427108168602,0,44.37407700982649,-101.52144497408513,-38.63161185932399,98.43434343434343,95.27777777777777,83.28282828282828,56.515151515151516,34.090909090909086
220752,culex pipiens complex,IFA_27_14_1054.wav,98.48484848484848,0.234375,0.0011994949309155345,0.07916666567325592,0,44.37407700982649,-114.93245236138044,-37.11724987852415,98.48484848484848,98.03030303030303,94.31818181818183,78.68686868686868,52.77777777777778
220751,culex pipiens complex,IFA_27_14_1054.wav,99.0909090909091,0.26953125,0.0007782907341606915,0.0856119766831398,0,44.37407700982649,-117.43395367091482,-34.801433827829634,99.0909090909091,98.35858585858585,94.21717171717172,81.18686868686868,51.54040404040404
220759,culex pipiens complex,IFA_27_15_1055.wav,99.4949494949495,0.11328125,0.000231810292461887,0.0458984375,21,2006.1286971205443,-116.9918844726779,-44.65171805530105,99.4949494949495,98.88888888888889,94.26767676767676,74.41919191919192,47.95454545454545
220756,culex pipiens complex,IFA_27_15_1055.wav,99.67171717171718,0.0546875,6.411773938452825e-05,0.01953125,0,44.37407700982649,-118.77817028261687,-48.582703182842934,99.62121212121212,98.83838383838383,86.84343434343434,60.80808080808081,36.035353535353536
220758,culex pipiens complex,IFA_27_15_1055.wav,99.8989898989899,0.0390625,2.2687816453981213e-05,0.0224609375,0,44.37407700982649,-109.72397677283682,-49.533132186189235,99.8989898989899,99.67171717171716,97.62626262626263,87.04545454545455,60.45454545454545
220757,culex pipiens complex,IFA_27_15_1055.wav,100.0,0.0,0.0,0.0,0,44.37407700982649,-113.82388652020472,-55.382371038313664,100.0,100.0,95.98484848484848,75.60606060606061,46.666666666666664
220761,culex pipiens complex,IFA_27_17_1057.wav,99.94949494949495,0.0390625,1.9728535335161723e-05,0.0390625,0,44.37407700982649,-109.83906456257785,-49.455282398341005,99.94949494949495,99.46969696969697,91.16161616161617,68.58585858585859,42.22222222222222
220765,an arabiensis,IFA_27_19_1059.wav,100.0,0.0,0.0,0.0,0,44.37407700982649,-108.92137764744993,-53.245373151541564,100.0,99.8989898989899,99.54545454545455,97.65151515151516,73.63636363636363
220764,an arabiensis,IFA_27_19_1059.wav,95.75757575757575,0.19140625,0.00235558720305562,0.0555245541036129,34,5316.7234575094635,-121.00143852052065,-39.62785486084967,95.68181818181817,93.58585858585859,89.06565656565657,81.13636363636364,54.015151515151516
220763,an arabiensis,IFA_27_19_1059.wav,99.97474747474747,0.01171875,2.9592802093247883e-06,0.01171875,0,44.37407700982649,-109.59194339966842,-51.25339108118275,99.94949494949495,99.8989898989899,99.11616161616162,95.88383838383838,68.08080808080808
220755,culex pipiens complex,IFA_27_20_1060.wav,95.60606060606061,0.3828125,0.004364938475191593,0.09933997690677643,0,44.37407700982649,-109.26595920904788,-27.523321000290473,95.5050505050505,91.96969696969697,79.7979797979798,61.28787878787879,37.5
220768,culex pipiens complex,IFA_27_25_1065.wav,99.94949494949495,0.0234375,1.0850694707187358e-05,0.021484375,0,44.37407700982649,-112.97349288759364,-50.53979389036958,99.94949494949495,99.74747474747475,97.52525252525253,84.64646464646465,57.77777777777777
220777,culex pipiens complex,IFA_27_28_1068.wav,97.5,0.40234375,0.003283814759925008,0.13135258853435516,0,44.37407700982649,-113.47740827859313,-26.153085319878674,97.44949494949495,96.11111111111111,91.08585858585857,70.5050505050505,38.131313131313135
220778,culex pipiens complex,IFA_27_28_1068.wav,100.0,0.0,0.0,0.0,0,44.37407700982649,-113.40956320627106,-52.10963643928405,100.0,99.57070707070706,97.75252525252526,83.91414141414143,54.52020202020202
220762,culex pipiens complex,IFA_27_30_1070.wav,99.79797979797979,0.078125,6.115846190368757e-05,0.0302734375,0,44.37407700982649,-102.06774203737785,-46.95215650330485,99.79797979797979,99.14141414141415,96.38888888888889,79.74747474747474,48.56060606060606
220789,culex pipiens complex,IFA_27_35_1075.wav,99.44444444444444,0.0546875,0.0001233033399330452,0.022194601595401764,0,44.37407700982649,-105.7020585860166,-48.47520020384427,99.39393939393939,98.58585858585859,92.47474747474747,70.70707070707071,38.51010101010101
220788,culex pipiens complex,IFA_27_35_1075.wav,99.24242424242425,0.265625,0.0008493134519085288,0.11210937798023224,34,5316.7234575094635,-120.56734119214896,-35.03295602166373,99.21717171717171,98.98989898989899,97.72727272727273,91.48989898989899,60.47979797979798
220785,an arabiensis,IFA_28_14_1094.wav,100.0,0.0,0.0,0.0,0,44.37407700982649,-113.38562131802816,-54.44653254963814,100.0,99.97474747474747,98.45959595959596,90.5050505050505,57.32323232323232
220786,an arabiensis,IFA_28_14_1094.wav,99.82323232323232,0.09765625,7.200915570138022e-05,0.0407366082072258,0,44.37407700982649,-111.56200739297387,-45.684755483951974,99.79797979797979,99.06565656565657,95.68181818181817,75.37878787878788,41.54040404040404
220822,an arabiensis,IFA_28_15_1095.wav,100.0,0.0,0.0,0.0,0,44.37407700982649,-114.30355412737354,-54.591577241333994,100.0,99.94949494949495,99.26767676767678,90.98484848484848,57.49999999999999
220821,an arabiensis,IFA_28_15_1095.wav,99.8989898989899,0.0234375,1.1837120837299153e-05,0.01171875,0,44.37407700982649,-118.87007332995157,-50.49583814308052,99.8989898989899,99.69696969696969,97.5,83.10606060606061,48.93939393939394
220820,an arabiensis,IFA_28_15_1095.wav,99.97474747474747,0.03515625,8.877840627974365e-06,0.03515625,0,44.37407700982649,-103.01398730395931,-49.72415385195628,99.97474747474747,99.74747474747475,95.42929292929293,76.11111111111111,41.26262626262626
220795,an arabiensis,IFA_28_17_1097.wav,100.0,0.0,0.0,0.0,0,44.37407700982649,-115.9108003074139,-55.14888880012747,100.0,100.0,99.26767676767678,89.34343434343435,62.97979797979798
220817,an arabiensis,IFA_28_24_1104.wav,100.0,0.0,0.0,0.0,0,44.37407700982649,-107.81539604469583,-53.58953775581408,100.0,99.92424242424242,97.67676767676767,84.44444444444444,55.631313131313135
220793,an arabiensis,IFA_28_27_1107.wav,100.0,0.0,0.0,0.0,0,44.37407700982649,-113.32343155307584,-54.98166852705177,100.0,99.97474747474747,99.14141414141415,90.0,58.73737373737373
220792,an arabiensis,IFA_28_27_1107.wav,100.0,0.0,0.0,0.0,0,44.37407700982649,-107.77325375691069,-58.077888266610564,100.0,100.0,99.69696969696969,94.01515151515152,64.26767676767676
220790,an arabiensis,IFA_28_27_1107.wav,100.0,0.0,0.0,0.0,0,44.37407700982649,-137.40246210925196,-55.45889106528017,100.0,100.0,98.76262626262627,84.36868686868686,51.06060606060606
220791,an arabiensis,IFA_28_27_1107.wav,100.0,0.0,0.0,0.0,0,44.37407700982649,-113.18352693643573,-57.412413890857756,100.0,100.0,99.72222222222223,95.17676767676768,62.676767676767675
220784,culex pipiens complex,IFA_28_39_1119.wav,99.97474747474747,0.05078125,1.282354787690565e-05,0.05078125,0,44.37407700982649,-115.3747454530853,-48.78828565718155,99.97474747474747,99.94949494949495,97.42424242424242,83.91414141414143,52.17171717171717
220716,culex pipiens complex,IFA_29_11_1131.wav,99.34343434343434,0.07421875,0.0002258917229482904,0.034405048936605453,21,2006.1286971205443,-110.9303384488936,-47.257144086509015,99.29292929292929,97.55050505050505,87.34848484848486,62.676767676767675,37.525252525252526
220717,culex pipiens complex,IFA_29_11_1131.wav,98.43434343434343,0.26953125,0.001256707706488669,0.08026713877916336,0,44.37407700982649,-98.16192524564023,-34.85203601722266,98.43434343434343,97.65151515151516,95.4040404040404,87.5,59.823232323232325
220732,culex pipiens complex,IFA_29_14_1134.wav,99.04040404040404,0.0859375,0.000273240206297487,0.028474505990743637,0,44.37407700982649,-103.81311606440644,-46.508052412323806,98.96464646464646,98.30808080808082,95.32828282828282,85.55555555555556,61.81818181818181
220745,culex pipiens complex,IFA_29_15_1135.wav,99.6969696969697,0.1640625,0.00019629893358796835,0.0647786483168602,0,44.37407700982649,-108.64099731781212,-41.39568998644533,99.69696969696969,99.44444444444444,98.23232323232324,91.26262626262627,68.23232323232324
220730,an arabiensis,IFA_29_17_1137.wav,99.31818181818181,0.28515625,0.0006263810209929943,0.09186921268701553,0,44.37407700982649,-114.19286450767983,-33.76248908689109,99.31818181818181,99.01515151515152,98.15656565656565,91.48989898989899,58.58585858585859
220729,an arabiensis,IFA_29_17_1137.wav,100.0,0.0,0.0,0.0,0,44.37407700982649,-103.86762382913618,-51.884829336180196,99.97474747474747,99.06565656565657,94.46969696969697,82.82828282828282,48.91414141414142
220728,an arabiensis,IFA_29_17_1137.wav,99.29292929292929,0.19140625,0.0004981455276720226,0.0704520121216774,0,44.37407700982649,-103.25074668695447,-39.710001885931256,99.29292929292929,98.56060606060606,95.63131313131314,85.93434343434343,65.42929292929293
220747,culex pipiens complex,IFA_29_19_1139.wav,98.18181818181819,0.2734375,0.0019432607805356383,0.1068793386220932,0,44.37407700982649,-112.80169969826741,-34.572104540744334,98.18181818181819,97.67676767676767,96.31313131313132,92.17171717171718,78.76262626262627
220748,culex pipiens complex,IFA_29_19_1139.wav,99.34343434343434,0.29296875,0.0007003630162216723,0.10667067021131516,0,44.37407700982649,-108.60918995339047,-33.305442090215955,99.31818181818181,98.30808080808082,93.78787878787878,83.3080808080808,61.18686868686869
220746,culex pipiens complex,IFA_29_19_1139.wav,99.06565656565657,0.1953125,0.0005741003551520407,0.06144425645470619,0,44.37407700982649,-106.93996707089865,-39.59218321511077,99.04040404040404,97.57575757575758,90.22727272727272,67.82828282828282,40.60606060606061
220713,culex pipiens complex,IFA_29_21_1141.wav,99.62121212121212,0.1796875,0.00018742108659353107,0.0494791679084301,0,44.37407700982649,-104.16240325834846,-40.57475489245171,99.62121212121212,99.21717171717171,96.01010101010101,84.1919191919192,57.12121212121212
220714,culex pipiens complex,IFA_29_21_1141.wav,97.62626262626263,0.26953125,0.0025499132461845875,0.107421875,0,44.37407700982649,-103.70101333384343,-34.655676023924656,97.62626262626263,96.91919191919192,94.54545454545455,87.29797979797979,62.550505050505045
220723,culex pipiens complex,IFA_29_22_1142.wav,98.25757575757575,0.26171875,0.0011620107106864452,0.06668931245803833,19,1693.1066090376028,-99.83519111422119,-35.22667453684537,98.23232323232324,96.51515151515152,90.8838383838384,70.9090909090909,35.63131313131313
220742,culex pipiens complex,IFA_29_23_1143.wav,99.62121212121212,0.1484375,0.00019432607223279774,0.05130208283662796,0,44.37407700982649,-124.34548521645962,-42.57361882142333,99.62121212121212,99.39393939393939,98.61111111111111,95.17676767676768,75.45454545454545
220741,culex pipiens complex,IFA_29_23_1143.wav,99.16666666666667,0.20703125,0.0006194760208018124,0.07433712482452393,0,44.37407700982649,-99.62011594807821,-38.632827225203684,99.14141414141415,98.66161616161617,95.3030303030303,85.22727272727273,51.06060606060606
220739,culex pipiens complex,IFA_29_23_1143.wav,99.0909090909091,0.18359375,0.0006066524656489491,0.0667317733168602,0,44.37407700982649,-104.37473535953247,-40.143001606581365,99.0909090909091,97.9040404040404,91.08585858585857,76.06060606060606,43.282828282828284
220740,culex pipiens complex,IFA_29_23_1143.wav,99.14141414141415,0.1171875,0.0004073942545801401,0.047449447214603424,0,44.37407700982649,-97.52554340375596,-44.47903699976991,99.11616161616162,98.56060606060606,96.6161616161616,88.68686868686869,68.08080808080808
220718,culex pipiens complex,IFA_29_24_1144.wav,93.86363636363636,0.35546875,0.0038806030061095953,0.0632394552230835,0,44.37407700982649,-115.57000324328263,-29.135421798045563,93.71212121212122,87.17171717171716,73.61111111111111,57.44949494949495,41.61616161616162
220719,culex pipiens complex,IFA_29_24_1144.wav,97.9040404040404,0.20703125,0.0011107164900749922,0.05299322307109833,0,44.37407700982649,-97.38881074722468,-38.68522371206963,97.85353535353535,94.57070707070707,82.2979797979798,60.75757575757576,35.05050505050505
220727,culex pipiens complex,IFA_29_25_1145.wav,99.94949494949495,0.03125,1.4796401956118643e-05,0.029296875,0,44.37407700982649,-112.5761558497426,-49.91434743658078,99.8989898989899,99.29292929292929,93.61111111111111,75.58080808080808,44.24242424242424
220724,an arabiensis,IFA_29_27_1147.wav,98.66161616161617,0.203125,0.0009745896677486598,0.07281839847564697,34,5316.7234575094635,-96.35569302406185,-39.04235635247452,98.53535353535354,96.38888888888889,86.54040404040404,65.27777777777779,30.732323232323232
220708,culex pipiens complex,IFA_29_28_1148.wav,99.26767676767676,0.140625,0.0003028330102097243,0.041352368891239166,0,44.37407700982649,-108.02538134920995,-42.90678256508549,99.21717171717171,97.17171717171718,88.91414141414141,69.77272727272728,33.10606060606061
220707,culex pipiens complex,IFA_29_28_1148.wav,98.53535353535354,0.12890625,0.0004448784748092294,0.03037446178495884,0,44.37407700982649,-96.86405468303198,-43.75687052334278,98.38383838383838,95.15151515151516,84.06565656565657,67.12121212121212,39.24242424242424
220706,culex pipiens complex,IFA_29_28_1148.wav,99.92424242424242,0.0390625,2.1701389414374717e-05,0.02864583395421505,11,763.5799242943094,-116.65177858897616,-49.496427048488215,99.92424242424242,99.77272727272727,97.8030303030303,88.08080808080808,63.73737373737374
220703,culex pipiens complex,IFA_29_29_1149.wav,99.4949494949495,0.125,0.0003146701492369175,0.06230468675494194,0,44.37407700982649,-108.47725035373686,-44.02863947564475,99.46969696969697,98.88888888888889,97.62626262626263,89.16666666666667,56.186868686868685
220702,culex pipiens complex,IFA_29_29_1149.wav,99.24242424242425,0.265625,0.0007782907341606915,0.10273437201976776,0,44.37407700982649,-112.15938787547597,-34.90657114058453,99.24242424242425,98.83838383838383,92.57575757575758,70.1010101010101,39.84848484848485
220701,culex pipiens complex,IFA_29_29_1149.wav,99.11616161616162,0.30078125,0.0005583175225183368,0.06316964328289032,0,44.37407700982649,-98.4860803591057,-32.734534958753564,99.11616161616162,98.35858585858585,94.11616161616162,81.9949494949495,47.04545454545455
220715,culex pipiens complex,IFA_29_31_1151.wav,98.66161616161617,0.265625,0.0012478298740461469,0.09323407709598541,0,44.37407700982649,-104.1684546360492,-35.05315892146583,98.66161616161617,98.23232323232324,96.66666666666667,90.8080808080808,69.77272727272728
220705,culex pipiens complex,IFA_29_32_1152.wav,97.47474747474747,0.2421875,0.001662129070609808,0.06582031399011612,0,44.37407700982649,-105.80489111050983,-36.379532032019725,97.37373737373738,95.58080808080808,88.7878787878788,72.19696969696969,46.96969696969697
220704,culex pipiens complex,IFA_29_32_1152.wav,99.0909090909091,0.23828125,0.0007131865713745356,0.0784505233168602,0,44.37407700982649,-108.65605199264718,-36.74158679910663,99.06565656565657,97.87878787878788,92.77777777777779,78.83838383838383,57.22222222222222
220722,culex pipiens complex,IFA_29_33_1153.wav,99.29292929292929,0.234375,0.000727982958778739,0.1029575914144516,0,44.37407700982649,-113.95177831198131,-36.99124499098629,99.24242424242425,98.45959595959596,95.60606060606061,85.07575757575758,54.44444444444444
220721,culex pipiens complex,IFA_29_33_1153.wav,99.62121212121212,0.1328125,0.00019038036407437176,0.05026041716337204,38,6993.657556191134,-99.00239420682652,-43.54798494852624,99.62121212121212,98.93939393939394,95.37878787878788,83.43434343434343,51.33838383838384
220731,culex pipiens complex,IFA_29_35_1155.wav,98.23232323232324,0.23828125,0.0015575678553432226,0.08811383694410324,0,44.37407700982649,-99.18758395317442,-36.79591736372545,98.13131313131314,97.12121212121212,94.34343434343434,83.93939393939394,51.641414141414145
220733,culex pipiens complex,IFA_29_37_1157.wav,99.31818181818181,0.19140625,0.00046953913988545537,0.06886573880910873,0,44.37407700982649,-128.92869034269813,-39.677696061331844,99.31818181818181,98.93939393939394,97.37373737373738,90.68181818181819,69.01515151515152
220743,culex pipiens complex,IFA_29_40_1160.wav,99.77272727272727,0.109375,0.00015092329704202712,0.06640625,0,44.37407700982649,-108.88431892685148,-44.993864761336795,99.77272727272727,99.4949494949495,98.33333333333333,92.9040404040404,66.86868686868686
220744,culex pipiens complex,IFA_29_40_1160.wav,99.24242424242425,0.1875,0.000438959919847548,0.0579427070915699,0,44.37407700982649,-103.47220407946557,-39.876268918276,99.16666666666667,98.28282828282828,95.17676767676768,85.5050505050505,56.61616161616162
220968,an funestus ss,IFA_30_11_1171.wav,100.0,0.0,0.0,0.0,0,44.37407700982649,-117.80602917630874,-56.9534662712373,100.0,100.0,99.4949494949495,95.95959595959596,79.11616161616162
220932,an funestus ss,IFA_30_13_1173.wav,100.0,0.0,0.0,0.0,0,44.37407700982649,-111.28288004632267,-52.73491199399969,100.0,99.92424242424242,99.04040404040404,94.77272727272728,75.25252525252525
220933,an funestus ss,IFA_30_13_1173.wav,100.0,0.0,0.0,0.0,0,44.37407700982649,-112.74738177564348,-53.50327350247527,100.0,99.8989898989899,99.46969696969697,97.72727272727273,87.34848484848486
220954,culex pipiens complex,IFA_30_14_1174.wav,99.92424242424242,0.015625,6.904987458256073e-06,0.009114583022892475,0,44.37407700982649,-119.68388824612852,-51.11074954432651,99.8989898989899,99.14141414141415,93.33333333333333,75.60606060606061,48.20707070707071
220953,culex pipiens complex,IFA_30_14_1174.wav,99.92424242424242,0.01953125,9.864267667580862e-06,0.013020833022892475,13,955.0184679215481,-106.8316015494702,-50.796570651326284,99.8989898989899,99.0909090909091,90.07575757575758,66.96969696969697,34.92424242424242
220964,culex pipiens complex,IFA_30_15_1175.wav,99.97474747474747,0.0078125,1.9728536244656425e-06,0.0078125,0,44.37407700982649,-116.69674646979365,-51.38351184342669,99.97474747474747,99.5959595959596,94.31818181818183,76.86868686868686,50.45454545454545
220956,culex pipiens complex,IFA_30_17_1177.wav,99.77272727272727,0.09765625,8.680555765749887e-05,0.0381944440305233,0,44.37407700982649,-115.8657654882704,-45.796404067748966,99.74747474747475,99.57070707070706,98.48484848484848,89.97474747474747,68.81313131313132
220955,culex pipiens complex,IFA_30_17_1177.wav,99.8989898989899,0.0625,3.057923095184378e-05,0.0302734375,0,44.37407700982649,-107.30579334195035,-48.100467951499546,99.8989898989899,99.5959595959596,98.45959595959596,94.39393939393939,76.06060606060606
220926,culex pipiens complex,IFA_30_18_1178.wav,98.93939393939394,0.19921875,0.0009509153896942735,0.0896577388048172,0,44.37407700982649,-107.93444681870496,-39.30468256434124,98.91414141414141,98.56060606060606,97.52525252525253,95.53030303030303,87.67676767676768
220950,culex pipiens complex,IFA_30_19_1179.wav,99.24242424242425,0.0546875,0.00024167455558199435,0.0319010429084301,19,1693.1066090376028,-101.72633849841924,-48.46962494703833,99.21717171717171,98.4090909090909,93.83838383838385,77.82828282828282,50.73232323232323
220963,culex pipiens complex,IFA_30_20_1180.wav,99.39393939393939,0.046875,0.0001558554358780384,0.02571614645421505,8,517.1296515613237,-107.8680658510707,-49.07995805291246,99.34343434343434,98.61111111111111,95.1010101010101,82.57575757575758,57.22222222222222
220967,culex pipiens complex,IFA_30_23_1183.wav,99.97474747474747,0.00390625,9.864268122328212e-07,0.00390625,14,1059.9326349904563,-108.04272162535766,-51.704000650147606,99.97474747474747,99.4949494949495,95.5050505050505,85.07575757575758,61.51515151515151
220965,culex pipiens complex,IFA_30_23_1183.wav,99.04040404040404,0.05859375,0.0002051767660304904,0.021381579339504242,9,594.2853728317885,-105.26738099195404,-48.16344930397484,98.98989898989899,95.4040404040404,83.68686868686869,63.25757575757576,35.32828282828283
220966,culex pipiens complex,IFA_30_23_1183.wav,99.67171717171718,0.125,0.0001528961438452825,0.04657451808452606,0,44.37407700982649,-103.37451472007977,-44.08165518794492,99.67171717171716,99.39393939393939,97.27272727272728,89.16666666666667,63.86363636363637
220971,culex pipiens complex,IFA_30_24_1184.wav,100.0,0.0,0.0,0.0,0,44.37407700982649,-116.75232113032125,-53.45277905864602,100.0,99.97474747474747,96.66666666666667,82.92929292929293,56.96969696969697
220930,an arabiensis,IFA_30_27_1187.wav,100.0,0.0,0.0,0.0,0,44.37407700982649,-109.98192077499968,-54.59464184006726,100.0,99.97474747474747,99.52020202020202,97.8030303030303,73.43434343434343
220929,an arabiensis,IFA_30_27_1187.wav,100.0,0.0,0.0,0.0,0,44.37407700982649,-109.52341779540683,-56.22054140019954,100.0,100.0,99.5959595959596,92.37373737373737,64.21717171717172
220961,culex pipiens complex,IFA_30_28_1188.wav,99.41919191919192,0.15234375,0.00028902303893119097,0.04976222664117813,12,856.3585075381263,-107.38199971910633,-42.17798142363768,99.39393939393939,97.97979797979798,93.73737373737374,78.13131313131314,43.71212121212121
220960,culex pipiens complex,IFA_30_28_1188.wav,98.53535353535354,0.15234375,0.0006687973509542644,0.045662716031074524,0,44.37407700982649,-135.69926590122913,-42.15666873886551,98.53535353535354,95.73232323232324,87.57575757575758,68.43434343434343,35.782828282828284
220962,culex pipiens complex,IFA_30_28_1188.wav,99.01515151515152,0.109375,0.0004833491111639887,0.049078524112701416,12,856.3585075381263,-108.47075445153102,-45.06400522935855,98.93939393939394,98.30808080808082,94.8989898989899,83.35858585858585,52.77777777777778
220925,culex pipiens complex,IFA_30_29_1189.wav,99.6969696969697,0.1171875,0.00012034406245220453,0.0397135429084301,29,3724.8041138635012,-110.65842672476671,-44.46034995038923,99.69696969696969,98.86363636363636,95.93434343434343,85.35353535353535,60.53030303030303
220924,culex pipiens complex,IFA_30_29_1189.wav,99.31818181818181,0.13671875,0.0002633759577292949,0.0386284738779068,0,44.37407700982649,-112.56704718601083,-43.25326423226113,99.29292929292929,98.38383838383838,94.62121212121211,83.73737373737373,67.87878787878789
220959,culex pipiens complex,IFA_30_30_1190.wav,100.0,0.0,0.0,0.0,0,44.37407700982649,-111.78746742966163,-55.864624867915495,100.0,100.0,99.4949494949495,97.02020202020202,82.44949494949495
220949,an arabiensis,IFA_30_33_1193.wav,96.56565656565657,0.33984375,0.003234493313357234,0.09418083727359772,0,44.37407700982649,-103.97921778973833,-30.195453850477655,96.54040404040404,95.65656565656566,91.6919191919192,79.64646464646464,42.7020202020202
220948,an arabiensis,IFA_30_33_1193.wav,99.97474747474747,0.01953125,4.932133833790431e-06,0.01953125,0,44.37407700982649,-135.08237121644356,-50.85503467392833,99.97474747474747,99.72222222222223,98.56060606060606,94.67171717171718,75.15151515151514
220941,culex pipiens complex,IFA_30_34_1194.wav,99.46969696969697,0.16015625,0.00027422665152698755,0.0517113097012043,0,44.37407700982649,-107.82379437417178,-41.78401816000557,99.44444444444444,98.43434343434343,92.32323232323232,76.2121212121212,48.91414141414142
220944,an funestus ss,IFA_30_35_1195.wav,100.0,0.0,0.0,0.0,0,44.37407700982649,-106.60163468715423,-54.02447526727072,100.0,99.94949494949495,99.31818181818181,98.10606060606061,82.55050505050505
220958,culex pipiens complex,IFA_30_39_1199.wav,99.34343434343434,0.23046875,0.0008887705043889582,0.13536658883094788,35,5698.132814724256,-113.95991764995821,-37.318326029540145,99.34343434343434,98.96464646464646,94.52020202020202,79.16666666666666,50.025252525252526
220938,an arabiensis,IFA_31_11_1211.wav,99.97474747474747,0.0234375,5.918560418649577e-06,0.0234375,0,44.37407700982649,-106.3380095961739,-50.58967998483727,99.97474747474747,99.87373737373737,99.39393939393939,97.42424242424242,80.17676767676768
220937,an arabiensis,IFA_31_11_1211.wav,99.46969696969697,0.15625,0.0003343986754771322,0.0630580335855484,0,44.37407700982649,-116.56492191236518,-42.09268705320611,99.44444444444444,98.73737373737373,96.11111111111111,86.33838383838383,60.60606060606061
220936,an arabiensis,IFA_31_11_1211.wav,99.4949494949495,0.23046875,0.0003925978671759367,0.07773437350988388,0,44.37407700982649,-107.02581317966762,-37.22359332540383,99.46969696969697,98.91414141414141,96.08585858585859,90.47979797979798,75.42929292929294
220935,culex pipiens complex,IFA_31_12_1212.wav,99.4949494949495,0.0703125,0.00011935763905057684,0.02363281324505806,9,594.2853728317885,-110.89611254712915,-47.58932090280667,99.44444444444444,98.25757575757575,92.02020202020202,71.48989898989899,38.81313131313131
220931,culex pipiens complex,IFA_31_13_1213.wav,99.11616161616162,0.12890625,0.0005030776374042034,0.0569196417927742,0,44.37407700982649,-105.624080229112,-43.68556283302627,99.06565656565657,98.18181818181819,94.41919191919192,80.15151515151516,43.91414141414142
221036,culex pipiens complex,IFA_31_16_1216.wav,99.87373737373737,0.01953125,1.578282899572514e-05,0.012500000186264515,36,6103.720297923788,-107.28255178153438,-50.86469855255507,99.87373737373737,99.26767676767678,92.85353535353535,78.3080808080808,57.525252525252526
221034,culex pipiens complex,IFA_31_16_1216.wav,98.88888888888889,0.13671875,0.0004290956421755254,0.03861860930919647,32,4620.759757744843,-119.54385479300804,-43.356118721497936,98.83838383838383,96.9949494949495,85.68181818181819,66.71717171717172,44.74747474747475
221035,culex pipiens complex,IFA_31_16_1216.wav,99.41919191919192,0.05859375,0.0001538825745228678,0.02649456448853016,8,517.1296515613237,-127.05670821680472,-48.136162826540584,99.41919191919192,98.10606060606061,92.85353535353535,76.43939393939394,51.515151515151516
221041,culex pipiens complex,IFA_31_20_1220.wav,99.74747474747475,0.06640625,6.411773938452825e-05,0.025390625,12,856.3585075381263,-102.1664953798576,-47.67538028403982,99.69696969696969,98.93939393939394,96.01010101010101,82.0959595959596,53.25757575757576
221042,culex pipiens complex,IFA_31_20_1220.wav,99.46969696969697,0.046875,0.0001055476677720435,0.01990327425301075,11,763.5799242943094,-117.81732985309435,-48.93169789128117,99.39393939393939,97.9040404040404,91.84343434343434,66.86868686868686,37.72727272727273
221027,culex pipiens complex,IFA_31_21_1221.wav,98.98989898989899,0.11328125,0.0003847064508590847,0.0380859375,0,44.37407700982649,-104.58118646768247,-44.84378027165903,98.93939393939394,97.8030303030303,92.3989898989899,74.54545454545455,39.54545454545455
221032,culex pipiens complex,IFA_31_25_1225.wav,99.92424242424242,0.0625,2.9592803912237287e-05,0.0390625,0,44.37407700982649,-105.59181381195083,-48.05396043449163,99.92424242424242,99.11616161616162,96.41414141414143,87.97979797979798,61.79292929292929
221031,culex pipiens complex,IFA_31_25_1225.wav,74.26767676767676,0.359375,0.028247317299246788,0.1097736731171608,8,517.1296515613237,-103.35532425641495,-28.876469881701375,73.7878787878788,65.20202020202021,50.07575757575757,35.0,19.065656565656568
221050,culex pipiens complex,IFA_31_26_1226.wav,99.64646464646465,0.07421875,8.581912697991356e-05,0.0242745541036129,34,5316.7234575094635,-105.13094697578481,-47.27609572317429,99.62121212121212,98.91414141414141,95.78282828282828,77.62626262626262,44.77272727272727
221051,culex pipiens complex,IFA_31_26_1226.wav,99.97474747474747,0.00390625,9.864268122328212e-07,0.00390625,0,44.37407700982649,-103.60123807599169,-51.7044891701229,99.97474747474747,99.69696969696969,98.15656565656565,91.54040404040404,68.48484848484848
221049,culex pipiens complex,IFA_31_26_1226.wav,88.51010101010101,0.296875,0.010330847464501858,0.08991242945194244,34,5316.7234575094635,-132.38220118605486,-32.970275996646116,88.43434343434343,83.78787878787878,70.68181818181817,45.88383838383838,21.767676767676765
221021,culex pipiens complex,IFA_31_27_1227.wav,99.64646464646465,0.046875,6.609059346374124e-05,0.0186941958963871,9,594.2853728317885,-123.42640179199671,-49.12073206986146,99.62121212121212,98.81313131313131,90.53030303030303,73.35858585858585,48.005050505050505
221020,culex pipiens complex,IFA_31_27_1227.wav,99.01515151515152,0.05859375,0.00021306818234734237,0.02163461595773697,34,5316.7234575094635,-111.71394483363105,-48.208671322073414,98.93939393939394,96.13636363636363,84.46969696969697,63.40909090909091,33.51010101010101
221019,culex pipiens complex,IFA_31_27_1227.wav,99.84848484848484,0.0390625,3.748421659111045e-05,0.02473958395421505,9,594.2853728317885,-128.16307507171274,-49.579983072583815,99.84848484848486,99.11616161616162,96.06060606060606,88.86363636363637,78.4090909090909
221059,an funestus ss,IFA_31_28_1228.wav,99.92424242424242,0.06640625,2.56470957538113e-05,0.0338541679084301,9,594.2853728317885,-105.86111238179868,-47.788382154555826,99.92424242424242,99.41919191919192,93.38383838383838,74.41919191919192,39.696969696969695
221018,an funestus ss,IFA_31_29_1229.wav,99.31818181818181,0.171875,0.00029888731660321355,0.0438368059694767,0,44.37407700982649,-103.40559042247082,-41.0271672776135,99.31818181818181,98.33333333333333,93.73737373737374,80.78282828282828,49.696969696969695
221017,an funestus ss,IFA_31_29_1229.wav,99.14141414141415,0.12890625,0.0004133128095418215,0.04813878610730171,0,44.37407700982649,-97.14994896079233,-43.767226509614986,99.14141414141415,98.38383838383838,95.22727272727273,83.93939393939394,38.81313131313131
221016,an funestus ss,IFA_31_29_1229.wav,99.26767676767676,0.12109375,0.00032650725916028023,0.044585131108760834,0,44.37407700982649,-105.6529161723702,-44.356111483637065,99.26767676767678,98.56060606060606,96.08585858585859,87.77777777777777,54.72222222222223
221058,culex pipiens complex,IFA_31_30_1230.wav,99.01515151515152,0.15234375,0.0005011048051528633,0.050881411880254745,0,44.37407700982649,-111.92879562049207,-42.35823171273224,98.98989898989899,97.72727272727273,93.53535353535354,82.82828282828282,53.96464646464646
221057,culex pipiens complex,IFA_31_32_1232.wav,99.21717171717172,0.078125,0.0002574573736637831,0.032888103276491165,0,44.37407700982649,-103.97715786825033,-46.93386442194013,99.16666666666667,98.56060606060606,94.4949494949495,84.67171717171718,50.83333333333333
221056,culex pipiens complex,IFA_31_32_1232.wav,78.18181818181819,0.34375,0.02470308542251587,0.11322247236967087,30,4005.2992545806096,-94.94536692375402,-29.886972902653426,77.92929292929293,71.84343434343434,59.87373737373738,45.025252525252526,19.7979797979798
221033,culex pipiens complex,IFA_31_33_1233.wav,99.06565656565657,0.10546875,0.0004517834458965808,0.04835303872823715,0,44.37407700982649,-95.13267871909292,-45.14407464878788,99.04040404040404,97.6010101010101,90.8080808080808,78.93939393939394,54.77272727272727
221013,culex pipiens complex,IFA_31_34_1234.wav,35.85858585858586,0.453125,0.08845387399196625,0.13790446519851685,27,3212.980184516269,-100.4353635133591,-22.87545702988925,35.378787878787875,23.106060606060606,8.409090909090908,2.1212121212121215,0.7828282828282829
221014,culex pipiens complex,IFA_31_34_1234.wav,98.71212121212122,0.1328125,0.0005306975799612701,0.04120710864663124,0,44.37407700982649,-105.64203477516706,-43.54240262311998,98.51010101010101,97.12121212121212,92.3989898989899,83.61111111111111,62.121212121212125
221053,culex pipiens complex,IFA_31_35_1235.wav,99.39393939393939,0.0859375,0.00016276042151730508,0.02685546875,8,517.1296515613237,-117.46649978637703,-46.55146370588969,99.39393939393939,97.62626262626263,88.86363636363637,70.0,40.68181818181818
221054,culex pipiens complex,IFA_31_35_1235.wav,99.01515151515152,0.3046875,0.0013533774763345718,0.13741986453533173,38,6993.657556191134,-101.42032304972945,-32.466833841212164,99.01515151515152,98.20707070707071,94.57070707070707,82.62626262626263,57.17171717171718
221055,culex pipiens complex,IFA_31_35_1235.wav,99.8989898989899,0.02734375,1.9728535335161723e-05,0.01953125,0,44.37407700982649,-113.42064059411769,-50.159913197242076,99.8989898989899,99.67171717171716,96.74242424242424,88.43434343434343,64.11616161616162
221047,an arabiensis,IFA_31_36_1236.wav,99.97474747474747,0.0390625,9.864267667580862e-06,0.0390625,0,44.37407700982649,-110.94543512801417,-49.60579796389115,99.97474747474747,99.92424242424242,99.69696969696969,98.43434343434343,87.80303030303031
221048,an arabiensis,IFA_31_36_1236.wav,99.87373737373737,0.05078125,3.156565799145028e-05,0.02500000037252903,0,44.37407700982649,-107.02817336080886,-48.77178856895039,99.87373737373737,99.84848484848486,99.01515151515152,96.74242424242424,85.4040404040404
221011,an funestus ss,IFA_31_37_1237.wav,100.0,0.0,0.0,0.0,0,44.37407700982649,-118.73371474615746,-54.86653780808298,100.0,99.97474747474747,98.10606060606061,89.0909090909091,65.7070707070707
221012,an funestus ss,IFA_31_37_1237.wav,99.5959595959596,0.14453125,0.00015092329704202712,0.037353515625,0,44.37407700982649,-103.2567649075288,-42.825516778902156,99.57070707070706,99.31818181818181,97.44949494949495,90.98484848484848,69.39393939393939
221015,culex pipiens complex,IFA_31_38_1238.wav,99.84848484848484,0.1875,0.0001499368663644418,0.0989583358168602,0,44.37407700982649,-107.34095714246237,-40.002273626753635,99.84848484848486,99.72222222222223,96.21212121212122,83.78787878787878,59.46969696969697
221044,culex pipiens complex,IFA_31_39_1239.wav,99.79797979797979,0.1328125,0.00014105903392191976,0.06982421875,0,44.37407700982649,-104.9864523375523,-43.42365795051421,99.79797979797979,99.4949494949495,93.05555555555556,74.19191919191918,47.6010101010101
221045,culex pipiens complex,IFA_31_39_1239.wav,99.87373737373737,0.05078125,3.847064363071695e-05,0.03046875074505806,0,44.37407700982649,-108.45709825933996,-48.65201371672798,99.87373737373737,99.54545454545455,98.91414141414141,94.7979797979798,72.44949494949495
221043,culex pipiens complex,IFA_31_39_1239.wav,98.96464646464646,0.1328125,0.0005257654702290893,0.05078125,34,5316.7234575094635,-101.57088304963281,-43.38939149487631,98.96464646464646,97.8030303030303,91.71717171717172,76.69191919191918,54.31818181818182
221046,culex pipiens complex,IFA_31_39_1239.wav,99.39393939393939,0.19140625,0.000521819747518748,0.0861002579331398,28,3461.030018867198,-117.65424834246159,-39.647261821769426,99.36868686868688,98.76262626262627,95.47979797979798,86.56565656565657,68.53535353535354
221060,an funestus ss,IFA_31_40_1240.wav,99.97474747474747,0.046875,1.1837120837299153e-05,0.046875,0,44.37407700982649,-112.27305473029888,-49.01527551330092,99.97474747474747,99.92424242424242,99.01515151515152,92.3989898989899,68.45959595959596
221061,an funestus ss,IFA_31_40_1240.wav,100.0,0.0,0.0,0.0,0,44.37407700982649,-109.22307221636405,-55.38868077461472,100.0,100.0,98.96464646464646,95.4040404040404,75.80808080808082
221062,an funestus ss,IFA_32_12_1252.wav,100.0,0.0,0.0,0.0,0,44.37407700982649,-104.87142566482225,-53.064263913597465,100.0,99.82323232323232,98.96464646464646,96.48989898989899,85.42929292929293
220888,an arabiensis,IFA_32_14_1254.wav,98.45959595959596,0.24609375,0.0023644650354981422,0.1534964144229889,0,44.37407700982649,-114.87686485052305,-36.366729191020106,98.45959595959596,98.0050505050505,95.75757575757575,88.51010101010101,67.1969696969697
220905,an arabiensis,IFA_32_18_1258.wav,99.41919191919192,0.09375,0.00024167455558199435,0.041610054671764374,0,44.37407700982649,-99.92273274134567,-46.01728401750612,99.41919191919192,98.96464646464646,98.51010101010101,95.88383838383838,81.81818181818183
220904,an arabiensis,IFA_32_18_1258.wav,99.92424242424242,0.0703125,3.847064363071695e-05,0.05078125,0,44.37407700982649,-107.2881852891125,-47.471093725320266,99.8989898989899,99.67171717171716,97.52525252525253,91.89393939393939,68.48484848484848
220901,culex pipiens complex,IFA_32_19_1259.wav,99.34343434343434,0.0546875,0.00012527620128821582,0.019080528989434242,28,3461.030018867198,-112.3095903539132,-48.55121777686901,99.31818181818181,97.65151515151516,89.19191919191918,69.77272727272728,46.515151515151516
220900,culex pipiens complex,IFA_32_19_1259.wav,98.91414141414141,0.109375,0.0004922269727103412,0.04533066973090172,0,44.37407700982649,-114.97772007095153,-44.91696947180456,98.86363636363636,97.5,93.3080808080808,83.86363636363636,68.96464646464646
220899,culex pipiens complex,IFA_32_19_1259.wav,98.78787878787878,0.1015625,0.000414299254771322,0.0341796875,9,594.2853728317885,-122.62020937878393,-45.53423944862711,98.7121212121212,96.81818181818181,89.41919191919192,76.86868686868686,60.35353535353535
220909,culex pipiens complex,IFA_32_22_1262.wav,99.94949494949495,0.0078125,3.945707248931285e-06,0.0078125,0,44.37407700982649,-104.75865627984328,-51.55487834887468,99.92424242424242,99.4949494949495,95.53030303030303,86.5909090909091,63.96464646464647
220911,culex pipiens complex,IFA_32_22_1262.wav,99.72222222222223,0.1015625,0.0001302083401242271,0.046875,0,44.37407700982649,-112.32345148248473,-45.381742297687836,99.69696969696969,99.06565656565657,96.38888888888889,89.04040404040404,72.17171717171718
220910,culex pipiens complex,IFA_32_22_1262.wav,99.46969696969697,0.10546875,0.0002268781536258757,0.0427827388048172,0,44.37407700982649,-102.51961627325798,-45.22161365254501,99.46969696969697,98.58585858585859,94.92424242424242,80.60606060606061,54.94949494949495
220908,culex pipiens complex,IFA_32_22_1262.wav,99.74747474747475,0.078125,9.075126581592485e-05,0.03593749925494194,0,44.37407700982649,-115.69362957896209,-47.113712024315284,99.74747474747475,99.54545454545455,96.54040404040404,83.96464646464646,59.79797979797979
220891,an arabiensis,IFA_32_26_1266.wav,99.87373737373737,0.1640625,0.00016276042151730508,0.12890625,0,44.37407700982649,-106.62657255161791,-41.505851902393076,99.87373737373737,99.64646464646465,99.24242424242425,96.21212121212122,76.18686868686869
220892,an arabiensis,IFA_32_26_1266.wav,99.97474747474747,0.00390625,9.864268122328212e-07,0.00390625,0,44.37407700982649,-114.4805871028137,-51.820241382996805,99.97474747474747,99.8989898989899,99.62121212121212,96.64141414141415,77.65151515151516
220893,an arabiensis,IFA_32_26_1266.wav,100.0,0.0,0.0,0.0,0,44.37407700982649,-107.51799600444704,-52.51157815831906,100.0,99.77272727272727,98.81313131313131,94.41919191919192,77.22222222222223
220897,an arabiensis,IFA_32_28_1268.wav,98.71212121212122,0.12890625,0.00047249841736629605,0.03668811172246933,0,44.37407700982649,-109.14144404429017,-43.627004949820254,98.68686868686869,97.52525252525253,95.4040404040404,88.48484848484848,58.53535353535354
220922,an arabiensis,IFA_32_32_1272.wav,99.94949494949495,0.01171875,4.932133833790431e-06,0.009765625,10,676.3321139842596,-136.3857796914645,-51.281331777406976,99.94949494949495,99.36868686868688,96.76767676767678,87.6010101010101,63.93939393939394
220895,an arabiensis,IFA_32_37_1277.wav,100.0,0.0,0.0,0.0,0,44.37407700982649,-110.36464704075372,-54.13565845180051,100.0,99.94949494949495,98.66161616161617,90.75757575757576,69.57070707070707
220894,an arabiensis,IFA_32_37_1277.wav,99.82323232323232,0.0859375,6.313131598290056e-05,0.0357142873108387,0,44.37407700982649,-109.77423640937333,-46.52172206710483,99.79797979797979,99.62121212121212,98.4090909090909,91.6919191919192,68.18181818181817
220890,culex pipiens complex,IFA_32_38_1278.wav,99.46969696969697,0.1484375,0.0003343986754771322,0.0630580335855484,0,44.37407700982649,-103.59459380561638,-42.61215846285263,99.46969696969697,99.01515151515152,96.51515151515152,89.72222222222223,71.11111111111111
220916,an funestus ss,IFA_32_39_1279.wav,99.97474747474747,0.0390625,9.864267667580862e-06,0.0390625,0,44.37407700982649,-109.45078157883361,-49.41255788751612,99.97474747474747,99.87373737373737,99.11616161616162,92.34848484848484,71.01010101010101
220915,an funestus ss,IFA_32_39_1279.wav,99.41919191919192,0.1875,0.0005168876377865672,0.08899456262588501,0,44.37407700982649,-106.42888808895145,-39.98808875329796,99.41919191919192,99.0909090909091,98.38383838383838,94.64646464646465,77.02020202020202
220887,an funestus ss,IFA_33_10_1290.wav,99.84848484848484,0.13671875,0.00011146622273372486,0.0735677108168602,0,44.37407700982649,-114.17899723745506,-43.330697546147015,99.84848484848486,99.67171717171716,98.83838383838383,96.81818181818181,82.9040404040404
220977,culex pipiens complex,IFA_33_12_1292.wav,99.64646464646465,0.11328125,0.00019038036407437176,0.0538504458963871,0,44.37407700982649,-111.9825657577423,-44.8009519764487,99.62121212121212,99.34343434343434,96.6919191919192,81.91919191919192,43.611111111111114
220980,culex pipiens complex,IFA_33_16_1296.wav,98.51010101010101,0.19921875,0.0011699021561071277,0.07852224260568619,29,3724.8041138635012,-110.0219471193139,-39.35639408233887,98.45959595959596,97.07070707070707,89.62121212121212,73.93939393939394,46.590909090909086
220981,culex pipiens complex,IFA_33_16_1296.wav,99.54545454545455,0.13671875,0.0002791587612591684,0.0614149309694767,0,44.37407700982649,-104.59762115252676,-43.17362405920537,99.54545454545455,99.24242424242425,98.30808080808082,94.06565656565657,72.9040404040404
220972,an arabiensis,IFA_33_18_1298.wav,99.67171717171718,0.16015625,0.00022885101498104632,0.06971153616905212,0,44.37407700982649,-105.95321647275665,-41.701535938625405,99.67171717171716,99.4949494949495,98.68686868686869,96.06060606060606,79.82323232323232
220985,an arabiensis,IFA_33_20_1300.wav,99.44444444444444,0.21484375,0.0003847064508590847,0.06924715638160706,0,44.37407700982649,-116.15862627260685,-38.17047431747446,99.41919191919192,98.88888888888889,97.17171717171718,89.06565656565657,64.24242424242425
220978,an arabiensis,IFA_33_21_1301.wav,100.0,0.0,0.0,0.0,0,44.37407700982649,-114.47929362190253,-56.15545800348663,100.0,100.0,99.4949494949495,91.41414141414141,60.73232323232324
220997,an arabiensis,IFA_33_22_1302.wav,100.0,0.0,0.0,0.0,0,44.37407700982649,-142.477970228644,-53.95482089396421,100.0,99.94949494949495,99.06565656565657,92.24747474747474,64.01515151515152
220984,an arabiensis,IFA_33_23_1303.wav,99.21717171717172,0.27734375,0.0005287247477099299,0.06754032522439957,0,44.37407700982649,-113.24497821392586,-34.242912718414374,99.19191919191918,98.33333333333333,95.0,82.17171717171718,46.61616161616162
220979,culex pipiens complex,IFA_33_24_1304.wav,99.26767676767676,0.19921875,0.0004419191973283887,0.06034482643008232,0,44.37407700982649,-107.81886248561943,-39.207436709284224,99.26767676767678,98.10606060606061,89.72222222222223,70.1010101010101,46.717171717171716
220976,an arabiensis,IFA_33_27_1307.wav,99.97474747474747,0.0078125,1.9728536244656425e-06,0.0078125,0,44.37407700982649,-101.1859490293704,-51.49249149520905,99.97474747474747,99.74747474747475,99.19191919191918,95.47979797979798,67.22222222222223
221002,an funestus ss,IFA_33_35_1315.wav,99.64646464646465,0.140625,0.00024463384761475027,0.0691964253783226,0,44.37407700982649,-107.08349928948869,-43.01239274575736,99.64646464646465,99.34343434343434,97.65151515151516,91.79292929292929,64.44444444444444
221001,an funestus ss,IFA_33_35_1315.wav,99.62121212121212,0.2109375,0.00028902303893119097,0.07630208134651184,0,44.37407700982649,-108.71309174986783,-38.49665963093806,99.62121212121212,99.11616161616162,97.14646464646465,86.69191919191918,53.18181818181819
220992,culex pipiens complex,IFA_34_12_1332.wav,99.82323232323232,0.05078125,3.156565799145028e-05,0.01785714365541935,0,44.37407700982649,-116.26330050740697,-48.73476070137609,99.82323232323232,99.21717171717171,96.26262626262626,80.53030303030303,46.84343434343434
220991,culex pipiens complex,IFA_34_12_1332.wav,98.61111111111111,0.22265625,0.001119594438932836,0.08061079680919647,0,44.37407700982649,-117.95058469672637,-37.74132791443471,98.56060606060606,97.42424242424242,92.65151515151516,79.41919191919192,61.26262626262626
220993,culex pipiens complex,IFA_34_12_1332.wav,98.88888888888889,0.265625,0.000877919839695096,0.07901278138160706,0,44.37407700982649,-114.30975688288464,-35.0585421211998,98.88888888888889,98.10606060606061,94.11616161616162,79.87373737373737,54.6969696969697
221000,culex pipiens complex,IFA_34_14_1334.wav,100.0,0.0,0.0,0.0,0,44.37407700982649,-103.77281514349869,-53.6551092941997,100.0,99.92424242424242,97.67676767676767,84.87373737373738,56.540404040404034
220982,culex pipiens complex,IFA_34_18_1338.wav,99.0909090909091,0.1640625,0.0005701546906493604,0.0627170130610466,0,44.37407700982649,-103.06696357871704,-41.42015150137229,99.06565656565657,98.45959595959596,94.24242424242424,79.41919191919192,54.94949494949495
220983,culex pipiens complex,IFA_34_18_1338.wav,99.31818181818181,0.09765625,0.0002614030963741243,0.03833911940455437,28,3461.030018867198,-107.97339223777989,-45.73867211285598,99.29292929292929,98.63636363636363,95.55555555555556,80.3030303030303,54.04040404040404
220061,culex pipiens complex,IFA_34_20_1340.wav,99.64646464646465,0.15234375,0.0002929687616415322,0.0828683003783226,0,44.37407700982649,-124.02932648242955,-42.19601884227822,99.64646464646465,99.34343434343434,98.20707070707071,91.91919191919192,71.5909090909091
220062,culex pipiens complex,IFA_34_20_1340.wav,99.4949494949495,0.25,0.0004517834458965808,0.08945312350988388,0,44.37407700982649,-105.73395354466763,-36.108068264017625,99.4949494949495,99.36868686868688,98.83838383838383,97.37373737373738,82.87878787878788
220067,culex pipiens complex,IFA_34_21_1341.wav,99.67171717171718,0.1796875,0.0002466066798660904,0.07512019574642181,0,44.37407700982649,-117.23942607498901,-40.594668005890824,99.64646464646465,99.19191919191918,96.84343434343434,85.65656565656565,55.6060606060606
220055,culex pipiens complex,IFA_34_22_1342.wav,98.83838383838383,0.171875,0.0007703992887400091,0.06632132828235626,0,44.37407700982649,-113.18889778212196,-40.96023114470544,98.81313131313131,98.28282828282828,97.29797979797979,94.94949494949495,80.15151515151516
220044,an arabiensis,IFA_34_23_1343.wav,97.04545454545455,0.28515625,0.002170138992369175,0.07345085591077805,9,594.2853728317885,-108.67999003874864,-33.63095216734325,96.9949494949495,94.41919191919192,85.68181818181819,69.6969696969697,43.282828282828284
220058,culex pipiens complex,IFA_34_24_1344.wav,100.0,0.0,0.0,0.0,0,44.37407700982649,-102.84885905298864,-55.10595007879233,100.0,100.0,99.54545454545455,98.03030303030303,80.83333333333333
220059,culex pipiens complex,IFA_34_24_1344.wav,100.0,0.0,0.0,0.0,0,44.37407700982649,-110.54886967807539,-52.693532242878405,100.0,99.74747474747475,98.05555555555556,90.27777777777779,56.262626262626256
220066,culex pipiens complex,IFA_34_25_1345.wav,99.5959595959596,0.1328125,0.00026732165133580565,0.066162109375,0,44.37407700982649,-109.55594184958933,-43.54416708379914,99.5959595959596,99.44444444444444,98.61111111111111,95.68181818181817,81.94444444444444
220054,culex pipiens complex,IFA_34_27_1347.wav,99.01515151515152,0.12890625,0.0004665798624046147,0.04737580195069313,0,44.37407700982649,-100.83595915019707,-43.64895153174153,98.98989898989899,98.4090909090909,93.88888888888889,76.66666666666667,39.39393939393939
220070,culex pipiens complex,IFA_34_28_1348.wav,99.8989898989899,0.15234375,0.0001233033399330452,0.1220703125,0,44.37407700982649,-113.34782799059673,-42.24478588136505,99.8989898989899,99.62121212121212,98.88888888888889,93.23232323232324,77.12121212121212
220057,an arabiensis,IFA_34_30_1350.wav,99.97474747474747,0.01171875,2.9592802093247883e-06,0.01171875,36,6103.720297923788,-113.32530035328107,-51.247470051769135,99.97474747474747,99.77272727272727,97.32323232323232,85.4040404040404,60.55555555555555
220051,culex pipiens complex,IFA_34_32_1352.wav,98.96464646464646,0.15234375,0.00039654356078244746,0.03830030560493469,0,44.37407700982649,-100.52526099553452,-42.239610740496325,98.91414141414141,96.71717171717171,85.95959595959596,61.66666666666667,34.46969696969697
220045,culex pipiens complex,IFA_34_33_1353.wav,98.4090909090909,0.203125,0.001357323257252574,0.085317462682724,35,5698.132814724256,-104.59144955412397,-39.029593785466645,98.35858585858585,97.09595959595958,90.53030303030303,75.42929292929294,46.439393939393945
220063,an arabiensis,IFA_34_35_1355.wav,99.87373737373737,0.04296875,3.847064363071695e-05,0.03046875074505806,35,5698.132814724256,-109.90747991303135,-49.16969974513328,99.87373737373737,99.57070707070706,98.20707070707071,93.03030303030303,69.54545454545455
220049,an arabiensis,IFA_34_37_1357.wav,98.66161616161617,0.3125,0.0014342644717544317,0.1071639135479927,0,44.37407700982649,-109.04081144175385,-32.057880639630845,98.66161616161617,98.13131313131314,95.98484848484848,89.57070707070707,68.88888888888889
220068,an arabiensis,IFA_34_38_1358.wav,99.57070707070707,0.1484375,0.00034327650791965425,0.07996323704719543,0,44.37407700982649,-114.58932711086922,-42.46750683413857,99.57070707070706,98.88888888888889,96.31313131313132,86.56565656565657,65.6060606060606
220056,an arabiensis,IFA_34_39_1359.wav,99.21717171717172,0.15625,0.0006806344608776271,0.0869455635547638,0,44.37407700982649,-109.6354269089718,-42.03970580665288,99.21717171717171,98.81313131313131,97.42424242424242,93.13131313131314,74.16666666666667
220072,an arabiensis,IFA_34_40_1360.wav,99.87373737373737,0.04296875,3.057923095184378e-05,0.02421874925494194,13,955.0184679215481,-106.56151647277287,-49.189761453317395,99.87373737373737,99.24242424242425,97.9040404040404,95.45454545454545,85.3030303030303
220073,an arabiensis,IFA_34_40_1360.wav,99.24242424242425,0.22265625,0.0007516571786254644,0.09921874850988388,0,44.37407700982649,-109.05968160599451,-37.66009215754753,99.24242424242425,98.88888888888889,96.9949494949495,91.43939393939394,77.14646464646465
220071,an arabiensis,IFA_34_40_1360.wav,99.77272727272727,0.1328125,0.00011442550749052316,0.0503472238779068,0,44.37407700982649,-133.74765891426011,-43.56794904854919,99.77272727272727,99.39393939393939,98.51010101010101,94.72222222222221,74.4949494949495
220046,an arabiensis,IFA_35_10_1370.wav,99.16666666666667,0.25390625,0.0005671954131685197,0.06806344538927078,0,44.37407700982649,-109.40878347573702,-35.70376607978772,99.16666666666667,98.81313131313131,95.75757575757575,84.44444444444444,54.166666666666664
220047,an arabiensis,IFA_35_10_1370.wav,100.0,0.0,0.0,0.0,0,44.37407700982649,-106.89193985626287,-55.646299391769396,100.0,100.0,99.74747474747475,95.95959595959596,70.60606060606061
220048,an arabiensis,IFA_35_10_1370.wav,99.41919191919192,0.23828125,0.00042514994856901467,0.07319972664117813,37,6535.018595714345,-103.1374608571843,-36.71756053631042,99.41919191919192,98.53535353535354,96.21212121212122,90.07575757575758,63.10606060606061
220053,an arabiensis,IFA_35_11_1371.wav,100.0,0.0,0.0,0.0,0,44.37407700982649,-107.77354747832948,-53.097963810844995,100.0,99.79797979797979,98.13131313131314,86.38888888888889,54.87373737373738
220050,an arabiensis,IFA_35_12_1372.wav,100.0,0.0,0.0,0.0,0,44.37407700982649,-108.38142752992064,-55.185681239435596,100.0,100.0,99.69696969696969,98.73737373737373,89.5959595959596
220065,an arabiensis,IFA_35_13_1373.wav,99.1919191919192,0.12890625,0.0003610322019085288,0.044677734375,13,955.0184679215481,-106.82350484430341,-43.667177846449555,99.11616161616162,98.53535353535354,96.91919191919192,88.53535353535354,59.84848484848485
220064,an arabiensis,IFA_35_15_1375.wav,99.82323232323232,0.06640625,5.5239899666048586e-05,0.03125,0,44.37407700982649,-109.91366014092355,-47.65588831578569,99.82323232323232,99.5959595959596,99.0909090909091,91.23737373737374,69.4949494949495
220108,an arabiensis,IFA_35_16_1376.wav,99.16666666666667,0.1796875,0.0004300820583011955,0.05160984769463539,0,44.37407700982649,-108.68882928711328,-40.62283924453537,99.06565656565657,98.30808080808082,96.6161616161616,91.51515151515152,65.55555555555556
220080,an arabiensis,IFA_35_19_1379.wav,97.67676767676768,0.2734375,0.0021849353797733784,0.09404721111059189,0,44.37407700982649,-112.15179871575039,-34.444705671971704,97.57575757575758,96.43939393939394,93.51010101010101,88.4090909090909,73.33333333333333
220079,an arabiensis,IFA_35_19_1379.wav,99.34343434343434,0.23046875,0.0005011048051528633,0.07632211595773697,0,44.37407700982649,-108.01549659737677,-37.223707708971745,99.34343434343434,98.83838383838383,97.52525252525253,91.96969696969697,66.03535353535354
220088,an arabiensis,IFA_35_22_1382.wav,98.98989898989899,0.26171875,0.0007802635664120317,0.07724609225988388,0,44.37407700982649,-114.60715808486583,-35.28598882655536,98.93939393939394,98.51010101010101,97.3989898989899,93.25757575757576,79.77272727272727
220087,an arabiensis,IFA_35_22_1382.wav,99.57070707070707,0.2109375,0.000305792287690565,0.07123161852359772,0,44.37407700982649,-115.89720777027918,-38.598184824214655,99.54545454545455,99.21717171717171,97.75252525252526,91.31313131313131,65.30303030303031
220086,an arabiensis,IFA_35_22_1382.wav,97.77777777777777,0.30078125,0.002242148155346513,0.10089666396379471,0,44.37407700982649,-106.16164654500132,-32.65130549781941,97.75252525252526,96.6161616161616,93.38383838383838,88.18181818181819,59.21717171717171
220077,an arabiensis,IFA_35_23_1383.wav,100.0,0.0,0.0,0.0,0,44.37407700982649,-111.00964412634573,-52.62138055775188,100.0,99.84848484848486,99.19191919191918,95.58080808080808,69.97474747474747
220100,an arabiensis,IFA_35_29_1389.wav,100.0,0.0,0.0,0.0,0,44.37407700982649,-115.16793919127912,-55.26127187077777,100.0,100.0,99.29292929292929,93.15656565656566,64.34343434343435
220101,an arabiensis,IFA_35_29_1389.wav,99.84848484848484,0.05859375,4.044349770992994e-05,0.02669270895421505,0,44.37407700982649,-119.17688247781852,-48.34004202365175,99.82323232323232,99.69696969696969,98.58585858585859,91.43939393939394,64.06565656565657
220102,an arabiensis,IFA_35_29_1389.wav,99.29292929292929,0.2109375,0.0005879103555344045,0.0831473246216774,0,44.37407700982649,-108.05332398570043,-38.378896891283866,99.26767676767678,98.38383838383838,93.15656565656566,82.32323232323232,61.79292929292929
220081,culex pipiens complex,IFA_35_31_1391.wav,98.48484848484848,0.234375,0.0013780381996184587,0.09095051884651184,0,44.37407700982649,-125.05496899779153,-36.968872126859836,98.45959595959596,97.77777777777777,95.35353535353536,89.0909090909091,72.95454545454545
220112,culex pipiens complex,IFA_35_32_1392.wav,98.91414141414141,0.20703125,0.0008463541744276881,0.07794331759214401,0,44.37407700982649,-115.19371706095316,-38.695508684836895,98.91414141414141,98.13131313131314,94.52020202020202,79.5959595959596,49.696969696969695
220113,culex pipiens complex,IFA_35_32_1392.wav,100.0,0.0,0.0,0.0,0,44.37407700982649,-124.16440297892491,-54.01230611550096,100.0,99.79797979797979,97.37373737373738,85.73232323232324,59.36868686868687
220097,culex pipiens complex,IFA_35_33_1393.wav,100.0,0.0,0.0,0.0,0,44.37407700982649,-108.52385670281467,-54.37120973530725,100.0,99.97474747474747,97.27272727272728,86.96969696969697,60.176767676767675
220096,culex pipiens complex,IFA_35_33_1393.wav,99.97474747474747,0.00390625,9.864268122328212e-07,0.00390625,19,1693.1066090376028,-115.6446765686652,-51.818263539980016,99.97474747474747,99.44444444444444,95.95959595959596,81.16161616161615,51.994949494949495
220109,culex pipiens complex,IFA_35_34_1394.wav,99.31818181818181,0.2421875,0.0005602904129773378,0.08217592537403107,0,44.37407700982649,-111.46814185852641,-36.42100792012518,99.31818181818181,99.0909090909091,97.02020202020202,90.68181818181819,71.84343434343434
220110,culex pipiens complex,IFA_35_34_1394.wav,100.0,0.0,0.0,0.0,0,44.37407700982649,-113.44607640156882,-55.06715635464393,100.0,100.0,99.67171717171716,95.78282828282828,75.93434343434343
220078,culex pipiens complex,IFA_35_35_1395.wav,99.57070707070707,0.078125,0.00016473326832056046,0.03837316110730171,0,44.37407700982649,-122.12179503604004,-47.03444547225273,99.57070707070706,99.06565656565657,96.38888888888889,82.3989898989899,52.72727272727272
220092,culex pipiens complex,IFA_35_38_1398.wav,99.26767676767676,0.23046875,0.0006431502406485379,0.0878232792019844,0,44.37407700982649,-109.53178166799219,-37.3480170250842,99.16666666666667,98.61111111111111,95.68181818181817,82.52525252525253,49.292929292929294
220093,culex pipiens complex,IFA_35_38_1398.wav,99.94949494949495,0.0625,2.9592803912237287e-05,0.05859375,0,44.37407700982649,-104.3454193768241,-47.99626054001901,99.92424242424242,99.72222222222223,98.35858585858585,93.3080808080808,68.10606060606061
220085,culex pipiens complex,IFA_35_40_1400.wav,99.94949494949495,0.06640625,2.860637687263079e-05,0.056640625,0,44.37407700982649,-108.56059499160088,-47.64925705724919,99.92424242424242,99.74747474747475,98.88888888888889,96.64141414141415,83.61111111111111
220084,culex pipiens complex,IFA_35_40_1400.wav,100.0,0.0,0.0,0.0,0,44.37407700982649,-109.61408135396319,-54.50310364607073,100.0,99.97474747474747,98.83838383838383,90.35353535353535,67.0959595959596
220197,an funestus ss,IFA_36_10_1410.wav,100.0,0.0,0.0,0.0,0,44.37407700982649,-111.35622294708847,-53.22304088395651,100.0,99.92424242424242,99.62121212121212,98.91414141414141,90.45454545454545
220196,an funestus ss,IFA_36_10_1410.wav,100.0,0.0,0.0,0.0,0,44.37407700982649,-110.60021864467977,-55.82122480577766,100.0,100.0,99.4949494949495,95.32828282828282,80.95959595959596
220134,an funestus ss,IFA_36_11_1411.wav,100.0,0.0,0.0,0.0,0,44.37407700982649,-116.02392059578344,-52.43977467021024,100.0,99.82323232323232,97.04545454545455,85.60606060606061,57.92929292929293
220191,an funestus ss,IFA_36_12_1412.wav,98.71212121212122,0.08203125,0.00042317708721384406,0.032858457416296005,0,44.37407700982649,-107.4229360573601,-46.7640925679099,98.66161616161617,97.87878787878788,95.1010101010101,89.39393939393939,73.68686868686869
220158,culex pipiens complex,IFA_36_14_1414.wav,98.43434343434343,0.2421875,0.0010584358824416995,0.06760332733392715,0,44.37407700982649,-118.29955687298514,-36.55512863895639,98.4090909090909,97.8030303030303,95.9090909090909,90.37878787878788,72.02020202020202
220159,culex pipiens complex,IFA_36_14_1414.wav,99.74747474747475,0.09375,0.0001282354787690565,0.05078125,0,44.37407700982649,-124.69394094048262,-45.87797204860395,99.74747474747475,99.57070707070706,98.76262626262627,96.46464646464646,81.81818181818183
220157,culex pipiens complex,IFA_36_14_1414.wav,99.79797979797979,0.1796875,0.00016374683764297515,0.0810546875,0,44.37407700982649,-115.0292222322692,-40.49536096265615,99.79797979797979,99.4949494949495,98.13131313131314,94.94949494949495,82.97979797979798
220138,an arabiensis,IFA_36_16_1416.wav,99.41919191919192,0.2109375,0.0003630050632636994,0.0625,0,44.37407700982649,-110.93084669224723,-38.44307245973804,99.41919191919192,98.38383838383838,94.46969696969697,87.77777777777777,66.71717171717172
220155,an funestus ss,IFA_36_18_1418.wav,99.62121212121212,0.125,0.00024463384761475027,0.06458333134651184,0,44.37407700982649,-111.82603903793103,-43.961971586183196,99.62121212121212,99.4949494949495,98.38383838383838,90.45454545454545,69.0909090909091
220175,an funestus ss,IFA_36_19_1419.wav,99.77272727272727,0.1171875,0.00016867897647898644,0.07421875,0,44.37407700982649,-125.33666125682626,-44.41040552477142,99.77272727272727,99.67171717171716,98.88888888888889,92.87878787878789,71.46464646464646
220174,an funestus ss,IFA_36_19_1419.wav,99.57070707070707,0.1796875,0.00028705017757602036,0.06686580926179886,0,44.37407700982649,-109.01191518622944,-40.55723198177201,99.57070707070706,99.4949494949495,99.11616161616162,98.08080808080808,86.23737373737373
220181,an arabiensis,IFA_36_21_1421.wav,99.39393939393939,0.19921875,0.0006253945757634938,0.1031901016831398,0,44.37407700982649,-113.02699454439548,-39.33223586082928,99.39393939393939,99.14141414141415,96.11111111111111,85.25252525252526,58.78787878787879
220162,an funestus ss,IFA_36_22_1422.wav,99.92424242424242,0.05078125,2.071496237476822e-05,0.02734375,0,44.37407700982649,-116.54827481091885,-48.76539890384956,99.92424242424242,99.69696969696969,98.63636363636363,95.47979797979798,82.95454545454545
220161,an funestus ss,IFA_36_22_1422.wav,99.0909090909091,0.203125,0.0005454940255731344,0.0600043386220932,0,44.37407700982649,-110.13770595498086,-38.92644929293208,99.0909090909091,98.20707070707071,95.93434343434343,89.84848484848484,69.31818181818183
220160,an funestus ss,IFA_36_22_1422.wav,99.36868686868686,0.1875,0.0002367424312978983,0.03750000149011612,0,44.37407700982649,-111.53323031613157,-40.122626844805126,99.34343434343434,98.93939393939394,98.08080808080808,93.51010101010101,77.72727272727272
220192,an arabiensis,IFA_36_23_1423.wav,99.16666666666667,0.29296875,0.0007970328442752361,0.09564393758773804,0,44.37407700982649,-106.38224156720966,-33.13185066147685,99.14141414141415,98.76262626262627,95.63131313131314,89.64646464646465,74.31818181818181
220193,an funestus ss,IFA_36_24_1424.wav,100.0,0.0,0.0,0.0,0,44.37407700982649,-105.4656337313284,-54.826011632318966,100.0,99.97474747474747,99.14141414141415,91.41414141414141,65.65656565656566
220163,an funestus ss,IFA_36_25_1425.wav,99.39393939393939,0.1171875,0.0002791587612591684,0.0460611991584301,13,955.0184679215481,-117.03203145791235,-44.615031357374065,99.36868686868688,98.81313131313131,94.7979797979798,77.95454545454545,50.93434343434343
220127,an arabiensis,IFA_36_26_1426.wav,99.87373737373737,0.16796875,0.00011146622273372486,0.08828125149011612,0,44.37407700982649,-136.79647740332308,-41.183672869283605,99.87373737373737,99.69696969696969,98.91414141414141,97.14646464646465,88.58585858585859
220171,an arabiensis,IFA_36_27_1427.wav,100.0,0.0,0.0,0.0,0,44.37407700982649,-117.07193540597741,-52.41313443246582,100.0,99.8989898989899,98.88888888888889,92.07070707070707,67.57575757575758
220140,an funestus ss,IFA_36_28_1428.wav,99.94949494949495,0.01171875,3.945707248931285e-06,0.0078125,0,44.37407700982649,-108.19190290649567,-51.180325677105934,99.94949494949495,99.82323232323232,99.06565656565657,95.65656565656566,76.26262626262627
220139,culex pipiens complex,IFA_36_30_1430.wav,99.26767676767676,0.1875,0.0006845801835879683,0.09348060190677643,0,44.37407700982649,-101.33106799662161,-40.07098007507424,99.24242424242425,98.56060606060606,96.66666666666667,91.54040404040404,78.71212121212122
220183,an funestus ss,IFA_36_37_1437.wav,99.54545454545455,0.0703125,0.00014500474208034575,0.0319010429084301,2,141.73937073325675,-120.15011876566867,-47.39227132856966,99.54545454545455,98.38383838383838,91.13636363636364,72.55050505050505,45.656565656565654
220184,an funestus ss,IFA_36_37_1437.wav,100.0,0.0,0.0,0.0,0,44.37407700982649,-107.09224874003375,-55.434454912724185,100.0,100.0,99.11616161616162,97.24747474747475,84.31818181818181
220185,culex pipiens complex,IFA_36_38_1438.wav,99.6969696969697,0.1484375,0.00019136679475195706,0.0631510391831398,0,44.37407700982649,-100.45377782792094,-42.47713805993889,99.69696969696969,99.46969696969697,97.47474747474747,86.64141414141415,60.27777777777777
220124,an funestus ss,IFA_37_11_1451.wav,99.67171717171718,0.09375,0.00018742108659353107,0.05709134787321091,0,44.37407700982649,-116.72132954510101,-45.98237709830422,99.67171717171716,98.98989898989899,97.04545454545455,93.61111111111111,77.52525252525253
220145,an arabiensis,IFA_37_12_1452.wav,99.5959595959596,0.2109375,0.000330452952766791,0.081787109375,0,44.37407700982649,-104.1668437553206,-38.41358720141611,99.5959595959596,99.14141414141415,97.70202020202021,91.46464646464646,71.23737373737373
220146,an arabiensis,IFA_37_12_1452.wav,100.0,0.0,0.0,0.0,0,44.37407700982649,-107.1533382438409,-56.158556922459866,100.0,100.0,99.46969696969697,94.97474747474747,74.87373737373737
220182,an arabiensis,IFA_37_15_1455.wav,100.0,0.0,0.0,0.0,0,44.37407700982649,-126.73314935079583,-56.4607301887088,100.0,100.0,99.46969696969697,95.05050505050505,81.36363636363636
220199,an arabiensis,IFA_37_16_1456.wav,99.24242424242425,0.2265625,0.0006194760208018124,0.08177082985639572,0,44.37407700982649,-112.850392619979,-37.51848293766143,99.24242424242425,98.96464646464646,98.05555555555556,93.51010101010101,77.62626262626262
220173,an arabiensis,IFA_37_17_1457.wav,100.0,0.0,0.0,0.0,0,44.37407700982649,-114.02397917786183,-53.196184733115444,100.0,99.97474747474747,98.66161616161617,87.37373737373737,56.28787878787879
220172,an arabiensis,IFA_37_17_1457.wav,99.82323232323232,0.19140625,0.00016966540715657175,0.0959821417927742,0,44.37407700982649,-116.4416635809465,-39.86214097410753,99.82323232323232,99.34343434343434,96.38888888888889,86.08585858585859,61.69191919191918
220180,culex pipiens complex,IFA_37_20_1460.wav,99.87373737373737,0.140625,9.962910553440452e-05,0.07890625298023224,0,44.37407700982649,-108.23347347262418,-43.028567626727046,99.87373737373737,99.67171717171716,97.67676767676767,88.7878787878788,62.2979797979798
220178,culex pipiens complex,IFA_37_20_1460.wav,99.87373737373737,0.0390625,1.9728535335161723e-05,0.015625,0,44.37407700982649,-110.82493344576697,-49.53363628652425,99.87373737373737,99.04040404040404,92.42424242424242,70.58080808080808,39.46969696969697
220179,culex pipiens complex,IFA_37_20_1460.wav,100.0,0.0,0.0,0.0,0,44.37407700982649,-108.9024001707859,-52.97914877013865,100.0,99.82323232323232,92.67676767676768,70.2020202020202,40.65656565656566
220125,culex pipiens complex,IFA_37_22_1462.wav,99.34343434343434,0.296875,0.0005829782458022237,0.08879207074642181,0,44.37407700982649,-104.23863217118213,-32.96695954296543,99.34343434343434,98.25757575757575,93.35858585858587,75.53030303030303,43.73737373737374
220126,culex pipiens complex,IFA_37_22_1462.wav,100.0,0.0,0.0,0.0,0,44.37407700982649,-107.83978082599106,-53.30989347856896,100.0,99.97474747474747,96.5909090909091,84.74747474747475,55.707070707070706
220141,an arabiensis,IFA_37_25_1465.wav,100.0,0.0,0.0,0.0,0,44.37407700982649,-113.87676470295494,-54.088465142879805,100.0,99.92424242424242,98.38383838383838,89.82323232323233,61.969696969696976
220152,an arabiensis,IFA_37_26_1466.wav,99.04040404040404,0.20703125,0.0010179923847317696,0.10608552396297455,0,44.37407700982649,-107.90399386918624,-38.85521736223529,98.93939393939394,98.4090909090909,96.41414141414143,90.95959595959596,68.10606060606061
220153,an arabiensis,IFA_37_26_1466.wav,99.82323232323232,0.046875,3.847064363071695e-05,0.02176339365541935,0,44.37407700982649,-104.89602863038647,-49.10665299572607,99.79797979797979,99.44444444444444,98.43434343434343,95.37878787878788,81.7929292929293
220154,an arabiensis,IFA_37_26_1466.wav,99.84848484848484,0.140625,0.00012231692380737513,0.0807291641831398,0,44.37407700982649,-116.67304062657159,-43.11164371918806,99.82323232323232,99.31818181818181,97.9040404040404,92.52525252525253,79.31818181818183
220156,an arabiensis,IFA_37_27_1467.wav,100.0,0.0,0.0,0.0,0,44.37407700982649,-115.66593569038226,-52.15282662469389,100.0,99.82323232323232,99.06565656565657,95.3030303030303,74.94949494949495
220198,culex pipiens complex,IFA_37_28_1468.wav,98.83838383838383,0.1484375,0.0004892676952295005,0.04211956635117531,0,44.37407700982649,-108.84764916040142,-42.62275409949958,98.81313131313131,97.52525252525253,94.06565656565657,82.27272727272728,56.388888888888886
220130,an arabiensis,IFA_37_29_1469.wav,98.91414141414141,0.3046875,0.0012310605961829424,0.11337209492921829,0,44.37407700982649,-106.89603513713722,-32.483245519089714,98.91414141414141,98.45959595959596,96.71717171717171,90.58080808080808,77.07070707070707
220131,an arabiensis,IFA_37_29_1469.wav,99.64646464646465,0.07421875,0.00011146622273372486,0.0315290167927742,0,44.37407700982649,-116.08283833101291,-47.243029681508574,99.62121212121212,99.21717171717171,96.91919191919192,87.04545454545455,63.23232323232323
220194,an arabiensis,IFA_37_30_1470.wav,99.5959595959596,0.20703125,0.0003324258141219616,0.082275390625,0,44.37407700982649,-111.50104791098757,-38.69050526280519,99.52020202020202,99.21717171717171,96.11111111111111,87.92929292929294,65.58080808080808
220195,an arabiensis,IFA_37_30_1470.wav,99.0909090909091,0.17578125,0.0006165167433209717,0.0678168386220932,0,44.37407700982649,-121.62675267705474,-40.848315465653215,99.0909090909091,97.95454545454545,94.97474747474747,88.4090909090909,70.60606060606061
220117,culex pipiens complex,IFA_37_32_1472.wav,99.57070707070707,0.2578125,0.0004290956421755254,0.0999540463089943,0,44.37407700982649,-121.60114385918854,-35.5858557130898,99.54545454545455,98.63636363636363,92.9040404040404,78.61111111111111,52.72727272727272
220132,an arabiensis,IFA_37_34_1474.wav,100.0,0.0,0.0,0.0,0,44.37407700982649,-123.85243583309405,-53.81623117043935,100.0,99.82323232323232,97.24747474747475,87.97979797979798,57.22222222222222
220118,culex pipiens complex,IFA_37_37_1477.wav,99.64646464646465,0.171875,0.00020221748854964972,0.0571986623108387,0,44.37407700982649,-109.55361259877394,-41.070067007401185,99.5959595959596,98.56060606060606,95.27777777777777,87.42424242424242,66.28787878787878
220203,an arabiensis,IFA_38_10_1490.wav,100.0,0.0,0.0,0.0,0,44.37407700982649,-113.12305560701482,-57.58827090520647,100.0,100.0,99.72222222222223,97.3989898989899,86.26262626262627
220213,an arabiensis,IFA_38_14_1494.wav,99.92424242424242,0.0078125,4.932133833790431e-06,0.0065104165114462376,37,6535.018595714345,-111.14351509033159,-51.53130449890152,99.92424242424242,99.44444444444444,95.47979797979798,81.84343434343434,56.060606060606055
220212,an arabiensis,IFA_38_14_1494.wav,99.44444444444444,0.1171875,0.0003314393979962915,0.059659089893102646,38,6993.657556191134,-111.64179602813218,-44.598854515675015,99.41919191919192,99.0909090909091,96.84343434343434,85.27777777777777,60.45454545454545
220209,culex pipiens complex,IFA_38_16_1496.wav,99.16666666666667,0.234375,0.0006441366858780384,0.07729639858007431,0,44.37407700982649,-110.36720955225611,-37.01798857775901,99.16666666666667,98.91414141414141,97.19696969696969,90.05050505050505,63.510101010101
220208,culex pipiens complex,IFA_38_16_1496.wav,100.0,0.0,0.0,0.0,0,44.37407700982649,-108.42230642092261,-53.31537015293729,100.0,99.92424242424242,99.54545454545455,91.46464646464646,71.38888888888889
220214,an arabiensis,IFA_38_19_1499.wav,99.97474747474747,0.03515625,8.877840627974365e-06,0.03515625,20,1844.809318983545,-114.53066128884443,-49.81767321857697,99.94949494949495,98.7878787878788,95.9090909090909,87.92929292929294,65.22727272727272
220215,an arabiensis,IFA_38_19_1499.wav,98.81313131313131,0.21875,0.0007832228438928723,0.06599069386720657,0,44.37407700982649,-122.12185374960612,-37.93424152695824,98.81313131313131,98.15656565656565,96.96969696969697,94.2929292929293,75.98484848484848
220211,an arabiensis,IFA_38_25_1505.wav,99.79797979797979,0.1953125,0.0002604166802484542,0.12890625,39,7481.370346027791,-122.01761537356805,-39.61671419971603,99.79797979797979,99.57070707070706,95.93434343434343,83.81313131313132,56.540404040404034
220219,culex pipiens complex,IFA_38_26_1506.wav,99.87373737373737,0.06640625,3.9457070670323446e-05,0.03125,0,44.37407700982649,-117.56392098503034,-47.63810267251536,99.87373737373737,99.29292929292929,97.72727272727273,95.35353535353536,86.94444444444444
220204,culex pipiens complex,IFA_38_29_1509.wav,98.86363636363636,0.125,0.0006263810209929943,0.0551215261220932,11,763.5799242943094,-114.93372241337553,-44.12057071197728,98.83838383838383,98.25757575757575,95.07575757575758,88.4090909090909,71.36363636363636
220206,an arabiensis,IFA_38_30_1510.wav,98.58585858585859,0.3125,0.00202907994389534,0.1434849351644516,0,44.37407700982649,-114.23086055561966,-32.00268455252283,98.48484848484848,97.67676767676767,93.0050505050505,81.89393939393939,56.868686868686865
220207,an arabiensis,IFA_38_30_1510.wav,98.83838383838383,0.28125,0.0008956755045801401,0.07710597664117813,0,44.37407700982649,-113.38096533038005,-33.89557716239983,98.81313131313131,98.10606060606061,96.21212121212122,91.71717171717172,73.23232323232324
220202,an arabiensis,IFA_38_31_1511.wav,99.36868686868686,0.140625,0.0003827335895039141,0.06062500178813934,0,44.37407700982649,-109.64852761257748,-43.11430210696216,99.36868686868688,98.98989898989899,97.92929292929293,93.43434343434343,76.18686868686869
220201,an arabiensis,IFA_38_31_1511.wav,99.6969696969697,0.1015625,0.0001745975314406678,0.0576171875,36,6103.720297923788,-116.94876464800272,-45.529976859568215,99.69696969696969,99.57070707070706,99.0909090909091,96.8939393939394,82.9040404040404
220216,culex pipiens complex,IFA_38_32_1512.wav,98.43434343434343,0.28125,0.0012113320408388972,0.07736895233392715,0,44.37407700982649,-119.81398394118754,-33.95125779461494,98.43434343434343,97.67676767676767,96.13636363636363,92.52525252525253,83.78787878787878
220218,culex pipiens complex,IFA_38_32_1512.wav,99.92424242424242,0.07421875,3.3538508432684466e-05,0.0442708320915699,34,5316.7234575094635,-108.8809033062118,-47.292407368150634,99.92424242424242,99.82323232323232,98.38383838383838,94.87373737373737,80.25252525252526
220217,culex pipiens complex,IFA_38_32_1512.wav,99.04040404040404,0.31640625,0.0014303188072517514,0.14905427396297455,37,6535.018595714345,-113.35455661122535,-31.64641775761412,99.01515151515152,98.56060606060606,96.46464646464646,91.13636363636364,72.95454545454545
220261,culex pipiens complex,IFA_38_35_1515.wav,96.94444444444444,0.3984375,0.0039299242198467255,0.12861570715904236,0,44.37407700982649,-96.35800942400301,-26.435885885682676,96.94444444444444,95.83333333333334,93.10606060606061,88.4090909090909,70.42929292929293
220238,an arabiensis,IFA_38_36_1516.wav,99.6969696969697,0.04296875,5.03077644680161e-05,0.0166015625,0,44.37407700982649,-104.50874014500405,-49.2345991154381,99.69696969696969,97.70202020202021,92.24747474747474,74.52020202020202,47.878787878787875
220237,an arabiensis,IFA_38_36_1516.wav,97.97979797979798,0.23046875,0.002002446446567774,0.09912109375,0,44.37407700982649,-104.35292627183793,-37.13400851703114,97.97979797979798,96.96969696969697,93.03030303030303,81.61616161616162,58.03030303030303
220236,an arabiensis,IFA_38_36_1516.wav,98.73737373737374,0.1953125,0.0007003630162216723,0.05546874925494194,0,44.37407700982649,-102.91521287155653,-39.41181406798925,98.68686868686869,97.65151515151516,92.17171717171718,82.44949494949495,66.21212121212122
220265,an arabiensis,IFA_38_37_1517.wav,98.58585858585859,0.32421875,0.0013740925351157784,0.09716796875,0,44.37407700982649,-108.53190664171466,-31.231011158054727,98.58585858585859,97.57575757575758,93.13131313131314,83.38383838383838,56.08585858585858
220248,an arabiensis,IFA_38_38_1518.wav,99.87373737373737,0.015625,9.864267667580862e-06,0.0078125,0,44.37407700982649,-115.60529307039245,-51.05912937957843,99.87373737373737,99.5959595959596,97.97979797979798,90.9090909090909,69.6969696969697
220249,an arabiensis,IFA_38_38_1518.wav,98.3080808080808,0.10546875,0.0006500552408397198,0.03842117637395859,26,2979.7172466891666,-127.66171176438863,-45.33830484458544,98.23232323232324,95.98484848484848,84.16666666666667,55.833333333333336,30.227272727272727
220251,an arabiensis,IFA_38_38_1518.wav,99.11616161616162,0.16015625,0.0004665798624046147,0.05279017984867096,0,44.37407700982649,-100.27250690571802,-41.84365896729312,99.0909090909091,98.7121212121212,97.14646464646465,89.5959595959596,61.89393939393939
220250,an arabiensis,IFA_38_38_1518.wav,98.45959595959596,0.13671875,0.0006885259062983096,0.04469774663448334,0,44.37407700982649,-96.25409550292417,-43.328673921262734,98.38383838383838,96.7929292929293,88.08080808080808,68.45959595959596,36.16161616161616
220231,an arabiensis,IFA_38_39_1519.wav,99.62121212121212,0.1015625,0.00017163825395982713,0.04531250149011612,0,44.37407700982649,-96.20636298650007,-45.52976844011944,99.5959595959596,98.98989898989899,97.42424242424242,92.97979797979798,66.64141414141415
220259,an arabiensis,IFA_38_40_1520.wav,96.96969696969697,0.4140625,0.004385653417557478,0.14472655951976776,0,44.37407700982649,-95.35698645211319,-25.55531158991464,96.91919191919192,95.45454545454545,90.05050505050505,73.23232323232324,41.717171717171716
220258,an arabiensis,IFA_38_40_1520.wav,99.14141414141415,0.21484375,0.0005928424652665854,0.06904871016740799,0,44.37407700982649,-97.48893516085623,-38.35316458202201,99.0909090909091,98.13131313131314,92.3989898989899,77.72727272727272,48.98989898989899
220257,an arabiensis,IFA_39_10_1530.wav,99.72222222222223,0.0859375,9.962910553440452e-05,0.035866476595401764,0,44.37407700982649,-103.136175448263,-46.57159977590677,99.72222222222223,99.41919191919192,97.14646464646465,87.72727272727273,60.32828282828283
220232,an funestus ss,IFA_39_11_1531.wav,98.10606060606061,0.26953125,0.0017509075114503503,0.0924479141831398,0,44.37407700982649,-105.73142183118205,-34.67088702313919,98.05555555555556,97.27272727272728,95.93434343434343,93.13131313131314,77.65151515151516
220262,an arabiensis,IFA_39_12_1532.wav,38.611111111111114,0.453125,0.08287365734577179,0.13499781489372253,18,1550.4472926509613,-89.66110010163393,-22.921312301786443,38.03030303030303,25.63131313131313,10.934343434343434,3.51010101010101,1.1363636363636365
220264,an arabiensis,IFA_39_12_1532.wav,100.0,0.0,0.0,0.0,0,44.37407700982649,-105.42713540138377,-54.983154191970925,100.0,99.97474747474747,99.19191919191918,93.61111111111111,71.7929292929293
220263,an arabiensis,IFA_39_12_1532.wav,99.8989898989899,0.02734375,1.6769254216342233e-05,0.0166015625,0,44.37407700982649,-100.29652916188044,-50.302860571164054,99.8989898989899,99.4949494949495,96.01010101010101,85.1010101010101,55.58080808080808
220275,an arabiensis,IFA_39_13_1533.wav,100.0,0.0,0.0,0.0,0,44.37407700982649,-100.27610563788477,-52.9721099517877,100.0,99.94949494949495,98.35858585858585,91.81818181818183,69.84848484848484
220269,an arabiensis,IFA_39_14_1534.wav,97.62626262626263,0.2734375,0.0021040483843535185,0.08863863348960876,0,44.37407700982649,-104.02055162759824,-34.59105468406093,97.57575757575758,96.51515151515152,93.51010101010101,87.55050505050505,67.7020202020202
220256,an funestus ss,IFA_39_15_1535.wav,99.5959595959596,0.171875,0.00024759312509559095,0.061279296875,0,44.37407700982649,-107.40630887195971,-40.97491638897018,99.5959595959596,99.4949494949495,98.15656565656565,86.96969696969697,62.474747474747474
220255,an funestus ss,IFA_39_15_1535.wav,99.74747474747475,0.19921875,0.00016177399083971977,0.06406249850988388,0,44.37407700982649,-102.76363010345983,-39.35014561216939,99.74747474747475,99.4949494949495,98.43434343434343,95.3030303030303,81.86868686868686
220254,an funestus ss,IFA_39_15_1535.wav,100.0,0.0,0.0,0.0,0,44.37407700982649,-106.08774463920753,-54.32257695443767,100.0,99.94949494949495,98.53535353535354,92.2979797979798,68.33333333333333
220253,an funestus ss,IFA_39_15_1535.wav,99.97474747474747,0.00390625,9.864268122328212e-07,0.00390625,0,44.37407700982649,-109.53747039190375,-51.67112677120627,99.97474747474747,99.97474747474747,98.48484848484848,93.91414141414141,75.47979797979798
220260,an arabiensis,IFA_39_16_1536.wav,99.01515151515152,0.3203125,0.0008315577870234847,0.08443509787321091,0,44.37407700982649,-96.02473752481419,-31.54671706293748,99.01515151515152,98.10606060606061,94.57070707070707,85.88383838383838,63.08080808080808
220272,an arabiensis,IFA_39_17_1537.wav,99.39393939393939,0.15625,0.0002909959002863616,0.0480143241584301,33,4958.050905231921,-106.83715916451463,-41.902022796255324,99.39393939393939,98.7121212121212,96.8939393939394,91.16161616161617,71.23737373737373
220271,an arabiensis,IFA_39_17_1537.wav,99.26767676767676,0.08984375,0.0003294665366411209,0.04498922452330589,0,44.37407700982649,-109.15097481325245,-46.19718015226545,99.14141414141415,97.77777777777777,94.0909090909091,88.81313131313131,75.32828282828284
220273,an arabiensis,IFA_39_17_1537.wav,98.88888888888889,0.20703125,0.0007496843463741243,0.06747159361839294,0,44.37407700982649,-101.30862846684401,-38.86268071519768,98.83838383838383,98.38383838383838,97.09595959595958,92.37373737373737,72.24747474747475
220274,an arabiensis,IFA_39_19_1539.wav,100.0,0.0,0.0,0.0,0,44.37407700982649,-111.77150458163196,-52.62621548988608,100.0,99.92424242424242,98.03030303030303,91.89393939393939,72.24747474747475
220270,an arabiensis,IFA_39_21_1541.wav,98.4090909090909,0.19921875,0.0011047979351133108,0.0694444477558136,0,44.37407700982649,-102.32857553444359,-39.19905643054781,98.4090909090909,96.6919191919192,82.22222222222221,54.44444444444444,32.42424242424242
220246,an arabiensis,IFA_39_24_1544.wav,99.46969696969697,0.19140625,0.0004024621157441288,0.0758928582072258,0,44.37407700982649,-121.33524641306937,-39.82509084642859,99.46969696969697,99.11616161616162,97.82828282828284,94.41919191919192,81.61616161616162
220245,an arabiensis,IFA_39_24_1544.wav,99.74747474747475,0.07421875,7.299557910300791e-05,0.02890625037252903,0,44.37407700982649,-111.7561479227974,-47.153006100436166,99.74747474747475,99.36868686868688,97.24747474747475,89.94949494949495,68.63636363636364
220244,an arabiensis,IFA_39_24_1544.wav,100.0,0.0,0.0,0.0,0,44.37407700982649,-117.52006290290691,-54.296546795387364,100.0,99.97474747474747,99.52020202020202,97.5,77.22222222222223
220252,an arabiensis,IFA_39_25_1545.wav,99.39393939393939,0.15625,0.0002061631967080757,0.0340169258415699,0,44.37407700982649,-106.78351094723509,-41.91510607445694,99.36868686868688,98.05555555555556,92.87878787878789,83.48484848484848,65.15151515151516
220230,an arabiensis,IFA_39_27_1547.wav,99.1919191919192,0.1875,0.0005593039677478373,0.0692138671875,0,44.37407700982649,-113.50524193309916,-40.109531234282656,99.19191919191918,98.35858585858585,95.8080808080808,83.48484848484848,47.0959595959596
220229,an arabiensis,IFA_39_27_1547.wav,99.0909090909091,0.09375,0.0002544980961829424,0.02799479104578495,19,1693.1066090376028,-104.54786141184397,-46.08171417541265,99.0909090909091,97.14646464646465,87.82828282828284,65.65656565656566,32.75252525252525
220228,an arabiensis,IFA_39_27_1547.wav,98.78787878787878,0.05859375,0.00040344856097362936,0.0332845039665699,8,517.1296515613237,-104.29111776061356,-48.12790638318235,98.68686868686869,97.07070707070707,92.55050505050505,76.64141414141415,37.02020202020202
220289,an arabiensis,IFA_39_28_1548.wav,100.0,0.0,0.0,0.0,0,44.37407700982649,-115.21420580596372,-55.961660654660015,100.0,100.0,99.34343434343434,93.18181818181817,72.8030303030303
220280,an arabiensis,IFA_39_31_1551.wav,98.76262626262626,0.234375,0.0008394491742365062,0.06784120202064514,0,44.37407700982649,-101.28261230533508,-36.935052896276666,98.7121212121212,97.95454545454545,94.52020202020202,83.98989898989899,60.07575757575757
220277,an arabiensis,IFA_39_33_1553.wav,98.91414141414141,0.1640625,0.0006510416860692203,0.059956394135951996,36,6103.720297923788,-119.32112465334897,-41.489879238594284,98.83838383838383,96.01010101010101,81.89393939393939,55.85858585858586,25.681818181818183
220276,an arabiensis,IFA_39_33_1553.wav,99.24242424242425,0.24609375,0.0005089961923658848,0.06718750298023224,0,44.37407700982649,-127.65627248704217,-36.208731277741435,99.21717171717171,98.05555555555556,88.56060606060606,66.81818181818183,38.93939393939394
220279,an arabiensis,IFA_39_33_1553.wav,99.21717171717172,0.20703125,0.0006303266854956746,0.08051915466785431,0,44.37407700982649,-103.42793698735011,-38.7667680827217,99.21717171717171,98.56060606060606,96.54040404040404,86.69191919191918,60.53030303030303
220278,an arabiensis,IFA_39_33_1553.wav,100.0,0.0,0.0,0.0,0,44.37407700982649,-122.98300664451276,-53.00355455852025,100.0,99.8989898989899,98.25757575757575,89.8989898989899,61.81818181818181
220285,an arabiensis,IFA_39_35_1555.wav,98.33333333333333,0.09765625,0.00061158457538113,0.036695074290037155,9,594.2853728317885,-115.28369641890032,-45.830547341690924,98.25757575757575,95.5050505050505,83.33333333333334,59.59595959595959,33.18181818181819
220284,an arabiensis,IFA_39_35_1555.wav,98.28282828282828,0.109375,0.0006885259062983096,0.04009650647640228,19,1693.1066090376028,-100.77040264774587,-44.903291439792056,98.23232323232324,95.47979797979798,88.20707070707071,69.72222222222221,38.005050505050505
220286,an arabiensis,IFA_39_35_1555.wav,99.64646464646465,0.05078125,7.891414134064689e-05,0.0223214291036129,20,1844.809318983545,-113.61957549690017,-48.67272880412873,99.62121212121212,98.25757575757575,90.6060606060606,70.85858585858585,40.95959595959596
220283,an funestus ss,IFA_39_39_1559.wav,100.0,0.0,0.0,0.0,0,44.37407700982649,-109.93439304530884,-54.78741460855738,100.0,99.97474747474747,99.31818181818181,95.58080808080808,78.45959595959596
220356,an squamosus,IFA_40_32_1592.wav,100.0,0.0,0.0,0.0,0,44.37407700982649,-136.0534275379622,-53.518320906368146,100.0,99.8989898989899,99.01515151515152,96.86868686868686,84.62121212121212
220357,an squamosus,IFA_40_32_1592.wav,98.20707070707071,0.30078125,0.0015960384625941515,0.08901848644018173,0,44.37407700982649,-118.54715825242258,-32.79566434397911,98.18181818181819,97.87878787878788,96.31313131313132,92.57575757575758,79.04040404040404
220345,culex pipiens complex,IFA_40_37_1597.wav,98.83838383838383,0.29296875,0.0011097301030531526,0.09553328901529312,0,44.37407700982649,-115.75045750643908,-33.33636490227482,98.83838383838383,98.48484848484848,96.64141414141415,92.82828282828282,79.6969696969697
220344,culex pipiens complex,IFA_40_37_1597.wav,99.84848484848484,0.04296875,3.452493547229096e-05,0.02278645895421505,38,6993.657556191134,-124.4286182648719,-49.3162935578932,99.84848484848486,99.82323232323232,98.7878787878788,94.06565656565657,78.08080808080808
220339,an squamosus,IFA_40_40_1600.wav,91.11111111111111,0.29296875,0.008601641282439232,0.09676846861839294,30,4005.2992545806096,-128.92510405948659,-33.33742182153029,90.98484848484848,86.76767676767678,74.11616161616162,59.21717171717171,43.96464646464647
220340,an squamosus,IFA_40_40_1600.wav,99.92424242424242,0.0234375,1.1837120837299153e-05,0.015625,13,955.0184679215481,-106.9798972170105,-50.61986578026228,99.92424242424242,99.57070707070706,98.15656565656565,92.75252525252526,71.21212121212122
220338,culex pipiens complex,IFA_41_10_1610.wav,99.8989898989899,0.15625,7.200915570138022e-05,0.0712890625,0,44.37407700982649,-109.90601142827435,-42.028707401542356,99.87373737373737,99.26767676767678,95.65656565656566,70.27777777777777,28.56060606060606
220337,culex pipiens complex,IFA_41_10_1610.wav,99.39393939393939,0.2890625,0.0006559737958014011,0.1082356795668602,0,44.37407700982649,-123.30883886693329,-33.536240675079455,99.39393939393939,99.16666666666667,96.66666666666667,73.10606060606061,29.292929292929294
220360,an arabiensis,IFA_41_12_1612.wav,100.0,0.0,0.0,0.0,0,44.37407700982649,-118.29483381199759,-53.62275061549522,100.0,99.92424242424242,99.31818181818181,97.8030303030303,83.83838383838383
220349,culex pipiens complex,IFA_41_13_1613.wav,100.0,0.0,0.0,0.0,0,44.37407700982649,-113.76046763452626,-52.36469657976392,100.0,99.92424242424242,99.21717171717171,91.76767676767676,60.429292929292934
220331,an squamosus,IFA_41_14_1614.wav,99.97474747474747,0.03125,7.89141449786257e-06,0.03125,0,44.37407700982649,-114.94176246951957,-50.085198336976504,99.97474747474747,99.87373737373737,99.14141414141415,97.44949494949495,83.58585858585859
220327,an squamosus,IFA_41_18_1618.wav,99.97474747474747,0.01953125,4.932133833790431e-06,0.01953125,12,856.3585075381263,-118.6044273498279,-50.69069158594012,99.97474747474747,99.69696969696969,96.81818181818181,87.62626262626263,61.86868686868687
220332,culex pipiens complex,IFA_41_24_1624.wav,100.0,0.0,0.0,0.0,0,44.37407700982649,-122.96135561568602,-56.474332739581016,100.0,100.0,99.41919191919192,89.97474747474747,70.60606060606061
220333,culex pipiens complex,IFA_41_24_1624.wav,100.0,0.0,0.0,0.0,0,44.37407700982649,-123.70301401295548,-56.84769517741447,100.0,100.0,99.4949494949495,92.24747474747474,75.37878787878788
220334,culex pipiens complex,IFA_41_25_1625.wav,99.94949494949495,0.015625,4.932133833790431e-06,0.009765625,0,44.37407700982649,-122.64641002711363,-51.111906616213254,99.94949494949495,99.82323232323232,99.46969696969697,98.43434343434343,86.26262626262627
220330,culex pipiens complex,IFA_41_26_1626.wav,98.98989898989899,0.17578125,0.0006855666288174689,0.06787109375,11,763.5799242943094,-115.13507327020731,-40.784564720102985,98.96464646464646,97.97979797979798,93.96464646464646,82.8030303030303,56.81818181818182
220423,an arabiensis,IFA_41_34_1634.wav,99.46969696969697,0.13671875,0.00027718592900782824,0.052269347012043,0,44.37407700982649,-107.33900776821832,-43.29344735000621,99.46969696969697,98.98989898989899,98.43434343434343,95.17676767676768,81.74242424242424
220422,an arabiensis,IFA_41_34_1634.wav,99.21717171717172,0.2265625,0.0008631233940832317,0.11025705933570862,0,44.37407700982649,-120.9986325667424,-37.53315866053127,99.21717171717171,98.91414141414141,98.10606060606061,94.36868686868686,84.2929292929293
220421,an arabiensis,IFA_41_34_1634.wav,98.73737373737374,0.27734375,0.0011314315488561988,0.08960937708616257,0,44.37407700982649,-126.13179302044617,-34.24745251736012,98.7121212121212,98.25757575757575,96.31313131313132,86.81818181818181,60.60606060606061
220384,an arabiensis,IFA_41_36_1636.wav,99.46969696969697,0.08203125,0.00011245265341131017,0.02120535634458065,30,4005.2992545806096,-108.552290125699,-46.85943740410853,99.41919191919192,98.38383838383838,95.8080808080808,83.15656565656566,61.86868686868687
220374,an arabiensis,IFA_41_37_1637.wav,99.04040404040404,0.2734375,0.0009578203898854554,0.09981496632099152,0,44.37407700982649,-119.66020362948471,-34.403511895225506,98.98989898989899,97.5,93.61111111111111,88.0050505050505,70.9090909090909
220373,an arabiensis,IFA_41_37_1637.wav,97.67676767676768,0.3671875,0.0023368450347334146,0.1005859375,0,44.37407700982649,-120.94102471305669,-28.422299315658023,97.62626262626263,96.71717171717171,92.55050505050505,84.54545454545455,69.77272727272728
220424,an arabiensis,IFA_42_11_1651.wav,98.98989898989899,0.2265625,0.0009588068351149559,0.09492187201976776,0,44.37407700982649,-113.85909723711036,-37.37721349185465,98.93939393939394,98.73737373737373,97.02020202020202,86.41414141414141,63.787878787878796
220425,an arabiensis,IFA_42_11_1651.wav,100.0,0.0,0.0,0.0,0,44.37407700982649,-112.71187324151305,-53.833191197059556,100.0,99.97474747474747,99.52020202020202,95.12626262626263,79.01515151515152
220426,an arabiensis,IFA_42_11_1651.wav,98.53535353535354,0.1875,0.0010633680503815413,0.07260236889123917,0,44.37407700982649,-113.82607407372322,-39.956745684345755,98.45959595959596,97.72727272727273,96.84343434343434,94.5959595959596,79.92424242424242
220381,an squamosus,IFA_42_17_1657.wav,98.23232323232324,0.21875,0.0014599115820601583,0.0825892835855484,0,44.37407700982649,-108.30502321144877,-37.95186232433349,98.20707070707071,97.3989898989899,96.6161616161616,91.76767676767676,74.94949494949495
220376,an arabiensis,IFA_42_19_1659.wav,98.81313131313131,0.19921875,0.0007220644038170576,0.0608377642929554,0,44.37407700982649,-118.88419393908512,-39.346262929976774,98.7878787878788,97.57575757575758,95.78282828282828,92.02020202020202,73.98989898989899
220375,an arabiensis,IFA_42_19_1659.wav,99.97474747474747,0.00390625,9.864268122328212e-07,0.00390625,19,1693.1066090376028,-111.29842819044416,-51.803903071441866,99.97474747474747,99.62121212121212,96.31313131313132,85.07575757575758,63.10606060606061
220495,an squamosus,IFA_43_10_1690.wav,100.0,0.0,0.0,0.0,0,44.37407700982649,-124.76129246000184,-55.574834562533525,100.0,100.0,98.48484848484848,89.77272727272727,68.03030303030303
220494,an squamosus,IFA_43_10_1690.wav,100.0,0.0,0.0,0.0,0,44.37407700982649,-134.42887185370066,-55.115808227905056,100.0,100.0,99.69696969696969,96.18686868686869,79.74747474747474
220497,an squamosus,IFA_43_10_1690.wav,100.0,0.0,0.0,0.0,0,44.37407700982649,-130.9092394028278,-59.84164468388977,100.0,100.0,99.94949494949495,95.8080808080808,79.01515151515152
220496,an squamosus,IFA_43_10_1690.wav,100.0,0.0,0.0,0.0,0,44.37407700982649,-120.7521757506681,-61.69586138962434,100.0,100.0,100.0,98.73737373737373,85.35353535353535
220483,an squamosus,IFA_43_15_1695.wav,100.0,0.0,0.0,0.0,0,44.37407700982649,-120.33396310542298,-52.9522051783005,100.0,99.87373737373737,98.7878787878788,90.35353535353535,64.24242424242425
220484,an squamosus,IFA_43_15_1695.wav,99.94949494949495,0.01953125,5.918560418649577e-06,0.01171875,34,5316.7234575094635,-130.08347844810754,-50.83422302305925,99.94949494949495,99.74747474747475,97.32323232323232,84.21717171717171,61.28787878787879
220443,an squamosus,IFA_43_23_1703.wav,100.0,0.0,0.0,0.0,0,44.37407700982649,-116.90419805906882,-64.02992844997134,100.0,100.0,100.0,99.92424242424242,92.04545454545455
220442,an squamosus,IFA_43_23_1703.wav,100.0,0.0,0.0,0.0,0,44.37407700982649,-120.02648898822586,-58.35737112426151,100.0,100.0,99.87373737373737,97.70202020202021,82.87878787878788
220470,an squamosus,IFA_43_33_1713.wav,100.0,0.0,0.0,0.0,0,44.37407700982649,-132.7252301018386,-54.75644504636591,100.0,99.94949494949495,99.44444444444444,95.37878787878788,76.91919191919192
220469,an squamosus,IFA_43_33_1713.wav,100.0,0.0,0.0,0.0,0,44.37407700982649,-168.433782114415,-57.98682517963742,100.0,100.0,99.39393939393939,92.42424242424242,74.39393939393939
220468,an squamosus,IFA_43_33_1713.wav,100.0,0.0,0.0,0.0,0,44.37407700982649,-116.38609590278364,-60.130965222547275,100.0,100.0,100.0,97.22222222222221,82.12121212121211
220448,an squamosus,IFA_43_36_1716.wav,100.0,0.0,0.0,0.0,0,44.37407700982649,-140.03048039550575,-60.13773904953688,100.0,100.0,100.0,96.91919191919192,69.84848484848484
220449,an squamosus,IFA_43_36_1716.wav,100.0,0.0,0.0,0.0,0,44.37407700982649,-127.71082834078412,-63.48142214974018,100.0,100.0,100.0,99.67171717171716,86.64141414141415
220450,an squamosus,IFA_43_36_1716.wav,100.0,0.0,0.0,0.0,0,44.37407700982649,-140.51825820246574,-56.59794572026493,100.0,100.0,99.74747474747475,97.62626262626263,80.5050505050505
220510,an squamosus,IFA_43_37_1717.wav,100.0,0.0,0.0,0.0,0,44.37407700982649,-124.38355416172861,-59.287079791736836,100.0,100.0,99.94949494949495,97.57575757575758,88.81313131313131
220508,an squamosus,IFA_43_37_1717.wav,100.0,0.0,0.0,0.0,0,44.37407700982649,-135.96653673399632,-58.60773378266601,100.0,100.0,99.8989898989899,97.65151515151516,84.3939393939394
220509,an squamosus,IFA_43_37_1717.wav,100.0,0.0,0.0,0.0,0,44.37407700982649,-113.56633510294536,-52.89572890309277,100.0,99.97474747474747,99.79797979797979,97.44949494949495,83.81313131313132
220453,an arabiensis,IFA_44_10_1730.wav,98.98989898989899,0.20703125,0.0010031959973275661,0.09931640326976776,0,44.37407700982649,-111.36748200012902,-38.84611963682542,98.98989898989899,98.61111111111111,96.54040404040404,93.83838383838385,86.2878787878788
220471,an arabiensis,IFA_44_11_1731.wav,100.0,0.0,0.0,0.0,0,44.37407700982649,-124.19472782393916,-54.79505227934813,100.0,99.97474747474747,99.82323232323232,98.53535353535354,83.35858585858585
220481,an arabiensis,IFA_44_12_1732.wav,99.36868686868686,0.23046875,0.0005987610202282667,0.09484375268220901,0,44.37407700982649,-111.20398186675448,-37.31323560542961,99.36868686868688,99.31818181818181,98.08080808080808,93.08080808080808,76.76767676767676
220480,an arabiensis,IFA_44_12_1732.wav,100.0,0.0,0.0,0.0,0,44.37407700982649,-113.37672006306313,-57.740060025193465,100.0,100.0,99.84848484848486,97.97979797979798,85.1010101010101
220491,an squamosus,IFA_44_13_1733.wav,98.58585858585859,0.27734375,0.0018347537843510509,0.1297433078289032,0,44.37407700982649,-109.12855027799836,-34.367621622270846,98.58585858585859,97.47474747474747,95.05050505050505,89.39393939393939,67.82828282828282
220492,an squamosus,IFA_44_13_1733.wav,99.16666666666667,0.30859375,0.0009065262274816632,0.10878314077854156,0,44.37407700982649,-109.03951980503577,-32.15770925160976,99.14141414141415,98.81313131313131,97.44949494949495,93.4090909090909,85.37878787878788
220499,an funestus ss,IFA_44_14_1734.wav,98.10606060606061,0.35546875,0.002080374164506793,0.10984375327825546,0,44.37407700982649,-115.38854693709622,-29.231617733496297,98.03030303030303,97.24747474747475,94.4949494949495,89.26767676767676,72.9040404040404
220465,an squamosus,IFA_44_15_1735.wav,99.6969696969697,0.07421875,7.200915570138022e-05,0.02376302145421505,0,44.37407700982649,-110.67655987562367,-47.35924615822323,99.67171717171716,99.36868686868688,98.7878787878788,97.77777777777777,91.21212121212122
220490,an squamosus,IFA_44_16_1736.wav,98.3080808080808,0.296875,0.0014382102526724339,0.08500466495752335,0,44.37407700982649,-117.03233910116094,-33.04316906464602,98.30808080808082,97.75252525252526,96.21212121212122,92.27272727272727,80.42929292929293
220438,an squamosus,IFA_44_19_1739.wav,99.5959595959596,0.125,0.00029494159389287233,0.072998046875,38,6993.657556191134,-115.7260514464042,-44.091412816856035,99.5959595959596,99.24242424242425,95.55555555555556,82.82828282828282,61.13636363636363
220437,an squamosus,IFA_44_19_1739.wav,99.31818181818181,0.26953125,0.0006253945757634938,0.09172453731298447,0,44.37407700982649,-113.61684059115706,-34.74105786350937,99.31818181818181,99.0909090909091,97.62626262626263,94.11616161616162,83.13131313131314
220435,an squamosus,IFA_44_19_1739.wav,99.94949494949495,0.01953125,8.877840627974365e-06,0.017578125,0,44.37407700982649,-119.6810635539468,-50.87079177944733,99.94949494949495,99.5959595959596,98.45959595959596,95.3030303030303,76.06060606060606
220436,an squamosus,IFA_44_19_1739.wav,98.93939393939394,0.2890625,0.0006717566284351051,0.0633370503783226,0,44.37407700982649,-115.88477650495432,-33.40522493172842,98.93939393939394,98.43434343434343,96.08585858585859,91.84343434343434,77.24747474747474
220455,an squamosus,IFA_44_20_1740.wav,99.16666666666667,0.234375,0.0005178740248084068,0.06214488670229912,35,5698.132814724256,-123.5795227808033,-37.10686801397531,99.0909090909091,97.87878787878788,93.0050505050505,81.26262626262626,50.95959595959596
220454,an squamosus,IFA_44_20_1740.wav,99.87373737373737,0.0625,4.6362056309590116e-05,0.03671874850988388,13,955.0184679215481,-118.72530173731319,-47.90645947841934,99.84848484848486,99.4949494949495,97.55050505050505,89.67171717171716,68.91414141414141
220456,an squamosus,IFA_44_21_1741.wav,97.97979797979798,0.4296875,0.0025607638526707888,0.12675781548023224,35,5698.132814724256,-116.58371545062565,-24.43709724685725,97.97979797979798,97.12121212121212,91.5909090909091,75.75757575757575,51.590909090909086
220489,an squamosus,IFA_44_23_1743.wav,99.97474747474747,0.0078125,1.9728536244656425e-06,0.0078125,0,44.37407700982649,-109.45550702518311,-51.48151797703115,99.97474747474747,99.84848484848486,98.68686868686869,88.43434343434343,64.11616161616162
220507,an squamosus,IFA_44_25_1745.wav,100.0,0.0,0.0,0.0,0,44.37407700982649,-117.18709252730712,-53.807975103871854,100.0,99.92424242424242,98.68686868686869,94.44444444444444,86.01010101010101
220506,an squamosus,IFA_44_25_1745.wav,99.74747474747475,0.234375,0.00037188289570622146,0.14726562798023224,0,44.37407700982649,-119.89390182856305,-36.93964230294045,99.74747474747475,98.98989898989899,97.02020202020202,90.95959595959596,73.88888888888889
220458,an squamosus,IFA_44_28_1748.wav,100.0,0.0,0.0,0.0,0,44.37407700982649,-123.23260022013017,-52.59850186279032,100.0,99.77272727272727,98.51010101010101,93.0050505050505,75.25252525252525
221073,an squamosus,IFA_45_22_1782.wav,100.0,0.0,0.0,0.0,0,44.37407700982649,-133.2977829323631,-60.65245940053147,100.0,100.0,100.0,97.87878787878788,85.5050505050505
221079,an arabiensis,IFA_45_27_1787.wav,100.0,0.0,0.0,0.0,0,44.37407700982649,-128.9380351993228,-64.01074251960932,100.0,100.0,100.0,99.8989898989899,87.85353535353535
221080,an arabiensis,IFA_45_27_1787.wav,100.0,0.0,0.0,0.0,0,44.37407700982649,-130.4158540090784,-58.6932176643968,100.0,100.0,99.4949494949495,97.82828282828284,89.26767676767676
221078,an arabiensis,IFA_45_27_1787.wav,100.0,0.0,0.0,0.0,0,44.37407700982649,-145.6114575067223,-61.70060717474978,100.0,100.0,100.0,99.4949494949495,88.61111111111111
221077,an arabiensis,IFA_45_27_1787.wav,99.97474747474747,0.0078125,1.9728536244656425e-06,0.0078125,35,5698.132814724256,-125.37297491468479,-51.40387090672025,99.97474747474747,99.97474747474747,98.81313131313131,93.45959595959596,70.9090909090909
221071,an arabiensis,IFA_45_31_1791.wav,100.0,0.0,0.0,0.0,0,44.37407700982649,-122.1117107739912,-52.523296907583024,100.0,99.87373737373737,99.39393939393939,98.53535353535354,89.72222222222223
221094,an arabiensis,IFA_45_33_1793.wav,99.52020202020202,0.0546875,0.00010653409117367119,0.022203946486115456,33,4958.050905231921,-125.10721750549445,-48.45958966838957,99.44444444444444,98.05555555555556,94.8989898989899,91.06060606060606,78.76262626262627
221081,an arabiensis,IFA_45_35_1795.wav,99.77272727272727,0.1171875,0.00011541193089215085,0.05078125,35,5698.132814724256,-118.58966256360753,-44.55436666427002,99.77272727272727,99.52020202020202,98.30808080808082,93.10606060606061,67.17171717171718
221082,an arabiensis,IFA_45_35_1795.wav,99.72222222222223,0.09375,0.0001292219094466418,0.04651988670229912,15,1171.4974725292755,-142.51413326626252,-45.95220019755328,99.72222222222223,99.31818181818181,98.08080808080808,92.67676767676768,73.4090909090909
221083,an arabiensis,IFA_45_35_1795.wav,99.72222222222223,0.109375,0.0001292219094466418,0.04651988670229912,35,5698.132814724256,-140.72657906327765,-44.940044946156014,99.72222222222223,99.31818181818181,97.22222222222221,94.34343434343434,83.35858585858585
221084,an arabiensis,IFA_45_35_1795.wav,100.0,0.0,0.0,0.0,0,44.37407700982649,-149.5084270017697,-53.99688721475656,100.0,99.97474747474747,99.82323232323232,96.86868686868686,78.08080808080808
221088,culex pipiens complex,IFA_46_23_1823.wav,100.0,0.0,0.0,0.0,0,44.37407700982649,-111.62181773066011,-56.66525481264618,100.0,100.0,98.68686868686869,94.2929292929293,74.46969696969697
221089,culex pipiens complex,IFA_46_23_1823.wav,99.84848484848484,0.10546875,9.173768921755254e-05,0.060546875,37,6535.018595714345,-131.61995304963915,-45.20935878604388,99.84848484848486,99.82323232323232,99.41919191919192,98.03030303030303,83.05555555555556
221087,culex pipiens complex,IFA_46_23_1823.wav,100.0,0.0,0.0,0.0,0,44.37407700982649,-128.26885610032724,-53.23371569624632,100.0,99.69696969696969,97.75252525252526,91.56565656565657,73.83838383838383
221306,an squamosus,IFA_46_28_1828.wav,98.45959595959596,0.30859375,0.0014855586923658848,0.09643954783678055,0,44.37407700982649,-113.21008218666321,-32.3641426312376,98.43434343434343,98.10606060606061,97.17171717171718,93.23232323232324,74.21717171717171
221305,an squamosus,IFA_46_28_1828.wav,99.72222222222223,0.08203125,7.891414134064689e-05,0.028409091755747795,0,44.37407700982649,-111.20134691522294,-46.766259070648715,99.69696969696969,99.16666666666667,96.86868686868686,89.92424242424242,72.70202020202021
221274,an squamosus,IFA_46_34_1834.wav,99.67171717171718,0.0390625,6.904987094458193e-05,0.021033653989434242,0,44.37407700982649,-109.69289136792412,-49.53359690712168,99.64646464646465,99.0909090909091,98.45959595959596,95.68181818181817,83.18181818181817
221275,an squamosus,IFA_46_36_1836.wav,99.54545454545455,0.0703125,8.779198105912656e-05,0.0193142369389534,0,44.37407700982649,-111.34172110433028,-47.50231217636536,99.4949494949495,98.66161616161617,96.43939393939394,86.43939393939394,67.0959595959596
221270,an squamosus,IFA_46_37_1837.wav,98.10606060606061,0.36328125,0.0024739583022892475,0.13062499463558197,0,44.37407700982649,-113.59178724317898,-28.806791088046573,98.10606060606061,97.55050505050505,96.06060606060606,92.47474747474747,81.38888888888889
221269,an squamosus,IFA_46_37_1837.wav,98.3080808080808,0.37109375,0.0018594145076349378,0.10989972203969955,0,44.37407700982649,-121.36069319203911,-28.267986844783422,98.28282828282828,97.29797979797979,95.27777777777777,90.37878787878788,74.0909090909091
221271,an squamosus,IFA_46_37_1837.wav,98.96464646464646,0.3359375,0.0011856849305331707,0.11451981961727142,0,44.37407700982649,-115.87037453377326,-30.394489776239872,98.96464646464646,98.05555555555556,96.84343434343434,95.27777777777777,85.05050505050505
221283,an squamosus,IFA_47_14_1854.wav,100.0,0.0,0.0,0.0,0,44.37407700982649,-113.66779527417152,-53.63558660810214,100.0,99.97474747474747,99.26767676767678,95.88383838383838,80.63131313131314
221282,an squamosus,IFA_47_14_1854.wav,100.0,0.0,0.0,0.0,0,44.37407700982649,-109.71757158881303,-57.09418051533734,100.0,100.0,99.5959595959596,97.70202020202021,85.15151515151516
221290,an squamosus,IFA_47_17_1857.wav,99.74747474747475,0.28125,0.00032157512032426894,0.12734374403953552,0,44.37407700982649,-115.12997170681555,-34.03912585513493,99.74747474747475,99.44444444444444,98.30808080808082,94.14141414141413,77.37373737373737
221291,an squamosus,IFA_47_17_1857.wav,100.0,0.0,0.0,0.0,0,44.37407700982649,-124.63930487162408,-54.33453548410819,100.0,99.94949494949495,98.45959595959596,91.31313131313131,71.28787878787878
221262,an squamosus,IFA_47_23_1863.wav,99.6969696969697,0.2734375,0.00043304136488586664,0.1429036408662796,0,44.37407700982649,-112.6155772472839,-34.57792133498239,99.69696969696969,99.19191919191918,97.3989898989899,93.68686868686868,80.8080808080808
221261,an squamosus,IFA_47_23_1863.wav,98.78787878787878,0.18359375,0.0009055397822521627,0.07470703125,0,44.37407700982649,-132.77591406452223,-40.23754103354015,98.73737373737373,98.13131313131314,97.42424242424242,96.64141414141415,89.26767676767676
221218,culex pipiens complex,IFA_47_33_1873.wav,96.46464646464646,0.38671875,0.004343237262219191,0.12285156548023224,0,44.37407700982649,-107.47251338115072,-27.21802225863589,96.43939393939394,94.04040404040404,85.27777777777777,58.560606060606055,27.070707070707073
221217,culex pipiens complex,IFA_47_33_1873.wav,98.25757575757575,0.15234375,0.0010485716629773378,0.06017889454960823,0,44.37407700982649,-99.3668946473432,-42.28080489468877,98.20707070707071,95.9090909090909,85.68181818181819,59.09090909090909,30.808080808080806
221225,an arabiensis,IFA_48_11_1891.wav,99.62121212121212,0.05078125,7.69412872614339e-05,0.02031249925494194,0,44.37407700982649,-113.30419671459688,-48.63828072351427,99.57070707070706,98.53535353535354,90.95959595959596,67.67676767676768,38.98989898989899
221224,an arabiensis,IFA_48_11_1891.wav,99.06565656565657,0.12890625,0.000305792287690565,0.03272803872823715,0,44.37407700982649,-107.31761326616329,-43.78556739307281,99.01515151515152,97.77777777777777,85.1010101010101,55.6060606060606,37.5
221226,an arabiensis,IFA_48_11_1891.wav,99.94949494949495,0.05078125,2.3674241674598306e-05,0.046875,0,44.37407700982649,-101.24374734587887,-48.641060708950626,99.94949494949495,99.69696969696969,97.42424242424242,78.56060606060606,48.40909090909091
221241,an arabiensis,IFA_48_12_1892.wav,98.13131313131314,0.26171875,0.0016049162950366735,0.0858847126364708,20,1844.809318983545,-101.6213552402753,-35.3109231864456,97.97979797979798,95.98484848484848,84.52020202020202,48.484848484848484,23.762626262626263
221240,an arabiensis,IFA_48_12_1892.wav,98.35858585858585,0.13671875,0.0008641098393127322,0.05264423042535782,0,44.37407700982649,-122.19768227670545,-43.164141160142776,98.33333333333333,97.65151515151516,93.51010101010101,59.87373737373738,31.48989898989899
221257,an arabiensis,IFA_48_13_1893.wav,98.15656565656566,0.20703125,0.0011748343240469694,0.06373073905706406,0,44.37407700982649,-106.76105829810027,-38.79796219626553,98.08080808080808,95.85858585858585,81.61616161616162,53.3080808080808,30.58080808080808
221256,an arabiensis,IFA_48_13_1893.wav,38.93939393939394,0.4375,0.07030361890792847,0.11513744294643402,18,1550.4472926509613,-103.47266462728527,-23.952285241229173,38.156565656565654,26.085858585858585,10.126262626262626,4.494949494949495,1.7171717171717171
221258,an arabiensis,IFA_48_13_1893.wav,99.52020202020202,0.08203125,0.00017657039279583842,0.036800988018512726,0,44.37407700982649,-110.99458868676734,-46.74795362266228,99.52020202020202,98.53535353535354,89.46969696969697,62.5,34.92424242424242
221227,an arabiensis,IFA_48_15_1895.wav,98.48484848484848,0.1484375,0.0009341461700387299,0.06165364757180214,0,44.37407700982649,-103.64702728802023,-42.51116751495445,98.43434343434343,96.51515151515152,85.85858585858585,57.85353535353536,26.111111111111114
221219,culex pipiens complex,IFA_48_20_1900.wav,96.56565656565657,0.3125,0.00171145040076226,0.04983340948820114,0,44.37407700982649,-108.7101406303868,-32.100973188876566,96.46464646464646,90.78282828282829,74.44444444444444,51.515151515151516,29.040404040404038
221239,an arabiensis,IFA_48_22_1902.wav,97.9040404040404,0.17578125,0.0010830966057255864,0.051675450056791306,0,44.37407700982649,-123.08270636003881,-40.63609254614751,97.9040404040404,96.16161616161617,84.97474747474747,57.7020202020202,29.72222222222222
221255,an arabiensis,IFA_48_24_1904.wav,99.77272727272727,0.06640625,4.438920586835593e-05,0.01953125,31,4303.575413833523,-106.16687081077261,-47.79196792176772,99.77272727272727,98.10606060606061,86.79292929292929,60.75757575757576,35.42929292929293
221254,an arabiensis,IFA_48_24_1904.wav,99.82323232323232,0.03125,2.4660668714204803e-05,0.013950892724096775,20,1844.809318983545,-101.0166492124545,-49.89873377362955,99.79797979797979,98.58585858585859,90.7070707070707,63.43434343434343,32.97979797979798
221253,an arabiensis,IFA_48_24_1904.wav,99.06565656565657,0.0703125,0.00028902303893119097,0.030933277681469917,34,5316.7234575094635,-118.29109108101196,-47.60380354827126,99.06565656565657,97.37373737373738,91.26262626262627,69.2929292929293,43.611111111111114
221223,culex pipiens complex,IFA_48_27_1907.wav,99.94949494949495,0.01953125,6.904987458256073e-06,0.013671875,0,44.37407700982649,-109.27264630400246,-50.72409524974988,99.92424242424242,99.79797979797979,98.51010101010101,71.86868686868686,38.51010101010101
221222,culex pipiens complex,IFA_48_27_1907.wav,99.64646464646465,0.1015625,0.00016769254580140114,0.0474330373108387,0,44.37407700982649,-105.8019096456654,-45.495179935922145,99.64646464646465,98.91414141414141,88.83838383838383,55.45454545454545,30.12626262626263
221245,culex pipiens complex,IFA_48_28_1908.wav,98.86363636363636,0.2734375,0.0007556029013358057,0.06649305671453476,0,44.37407700982649,-94.3567942145765,-34.455756544157154,98.83838383838383,97.27272727272728,88.30808080808082,54.39393939393939,22.853535353535353
221246,culex pipiens complex,IFA_48_28_1908.wav,87.82828282828282,0.34375,0.013108625076711178,0.10769741982221603,18,1550.4472926509613,-108.13205312458221,-30.040908123427098,87.67676767676768,83.83838383838383,69.34343434343434,39.09090909090909,17.626262626262626
221248,culex pipiens complex,IFA_48_29_1909.wav,88.3080808080808,0.25,0.009315814822912216,0.07967737317085266,11,763.5799242943094,-104.42243631132386,-36.03823055620048,88.08080808080808,81.56565656565657,62.878787878787875,35.17676767676768,15.681818181818183
221260,an arabiensis,IFA_48_30_1910.wav,96.56565656565657,0.19140625,0.0023753156419843435,0.06916360557079315,12,856.3585075381263,-113.40172275638444,-39.67214108833434,96.48989898989899,92.37373737373737,69.82323232323232,36.843434343434346,16.69191919191919
221251,culex pipiens complex,IFA_48_34_1914.wav,99.39393939393939,0.05078125,0.00014500474208034575,0.02392578125,13,955.0184679215481,-105.84607237715714,-48.704830778110505,99.39393939393939,97.57575757575758,86.64141414141415,61.338383838383834,37.803030303030305
221250,culex pipiens complex,IFA_48_34_1914.wav,94.72222222222223,0.3515625,0.004218947142362595,0.07993794977664948,0,44.37407700982649,-111.72005518561187,-29.379148000647536,94.64646464646465,89.29292929292929,71.9949494949495,48.15656565656566,25.95959595959596
221247,an funestus ss,IFA_48_36_1916.wav,99.26767676767676,0.19140625,0.00031664298148825765,0.04323814809322357,26,2979.7172466891666,-102.5700078999962,-39.781061298349115,99.16666666666667,97.47474747474747,89.6969696969697,62.803030303030305,36.313131313131315
221220,an funestus ss,IFA_48_37_1917.wav,99.0909090909091,0.13671875,0.0006076389108784497,0.0668402761220932,0,44.37407700982649,-102.4241691794958,-43.235659322976126,99.0909090909091,98.63636363636363,97.32323232323232,80.5050505050505,50.050505050505045
221221,an funestus ss,IFA_48_37_1917.wav,99.84848484848484,0.03515625,2.6633522793417796e-05,0.017578125,33,4958.050905231921,-107.71475339182125,-49.79397024148848,99.82323232323232,99.39393939393939,97.85353535353535,80.58080808080808,51.61616161616161
221228,an funestus ss,IFA_48_40_1920.wav,98.91414141414141,0.28515625,0.0009992503328248858,0.09202398359775543,0,44.37407700982649,-115.08985019671681,-33.628422445416916,98.88888888888889,97.3989898989899,84.04040404040404,53.23232323232323,27.2979797979798
221238,culex pipiens complex,IFA_49_11_1931.wav,97.04545454545455,0.33984375,0.0018643465591594577,0.06310096383094788,0,44.37407700982649,-101.17087386653056,-30.209285682320367,96.91919191919192,93.48484848484848,82.37373737373737,61.843434343434346,39.696969696969695
221235,culex pipiens complex,IFA_49_11_1931.wav,97.72727272727273,0.27734375,0.0013356218114495277,0.05876735970377922,0,44.37407700982649,-102.41793881746844,-34.27362096158008,97.6010101010101,94.04040404040404,83.0050505050505,63.33333333333333,43.30808080808081
221236,culex pipiens complex,IFA_49_11_1931.wav,97.47474747474747,0.265625,0.0014253866393119097,0.05644531175494194,12,856.3585075381263,-101.78162285215174,-34.92873668915444,97.37373737373738,94.74747474747474,86.51515151515152,67.5,42.92929292929293
221237,culex pipiens complex,IFA_49_11_1931.wav,96.84343434343434,0.29296875,0.0014904908603057265,0.04721875116229057,0,44.37407700982649,-104.29445030204133,-33.2606409386427,96.66666666666667,93.53535353535354,83.96464646464646,66.16161616161617,44.621212121212125
221330,an funestus ss,IFA_49_13_1933.wav,98.25757575757575,0.375,0.0014549795305356383,0.08350317180156708,0,44.37407700982649,-99.31232866032254,-27.929129842444187,98.25757575757575,96.13636363636363,72.19696969696969,27.424242424242422,10.202020202020202
221329,an funestus ss,IFA_49_13_1933.wav,96.41414141414141,0.36328125,0.004012783989310265,0.11190581321716309,0,44.37407700982649,-139.20668859263094,-28.83316248851246,96.38888888888889,94.67171717171718,88.48484848484848,63.63636363636363,34.419191919191924
221319,an funestus ss,IFA_49_14_1934.wav,97.0959595959596,0.28125,0.001995541388168931,0.06871603429317474,0,44.37407700982649,-107.84710064442018,-34.039676600007056,96.9949494949495,93.88888888888889,82.5,62.42424242424243,36.792929292929294
221309,an funestus ss,IFA_49_17_1937.wav,99.8989898989899,0.01953125,1.1837120837299153e-05,0.01171875,0,44.37407700982649,-112.52247869508112,-50.68287279298778,99.84848484848486,98.76262626262627,90.1010101010101,61.18686868686869,30.328282828282827
221341,an arabiensis,IFA_49_19_1939.wav,80.35353535353535,0.3984375,0.022606927901506424,0.11506868898868561,35,5698.132814724256,-106.2949165658411,-26.5893714596886,80.0,70.5050505050505,49.31818181818181,31.161616161616163,16.43939393939394
221342,an arabiensis,IFA_49_19_1939.wav,89.11616161616162,0.4609375,0.008929135277867317,0.08204030990600586,0,44.37407700982649,-103.94721656100982,-22.621227722916913,88.76262626262627,81.7929292929293,63.30808080808082,40.60606060606061,21.994949494949495
221343,an arabiensis,IFA_49_19_1939.wav,97.47474747474747,0.25390625,0.0019767992198467255,0.07828125357627869,0,44.37407700982649,-104.09682100616257,-35.77668655561024,97.3989898989899,95.98484848484848,90.68181818181819,69.52020202020202,38.484848484848484
221359,an funestus ss,IFA_49_20_1940.wav,96.71717171717172,0.39453125,0.003285787533968687,0.1000901460647583,0,44.37407700982649,-93.26628498590631,-26.74653334327447,96.66666666666667,94.8989898989899,80.55555555555556,40.580808080808076,15.454545454545453
221350,an funestus ss,IFA_49_21_1941.wav,99.01515151515152,0.15625,0.0005109690828248858,0.05188301205635071,0,44.37407700982649,-114.78133812026138,-42.07586809146029,99.01515151515152,98.05555555555556,95.78282828282828,81.16161616161615,53.686868686868685
221351,an funestus ss,IFA_49_21_1941.wav,99.79797979797979,0.0703125,5.721275374526158e-05,0.0283203125,0,44.37407700982649,-112.95745259124332,-47.428366661247516,99.77272727272727,98.96464646464646,95.17676767676768,75.37878787878788,42.24747474747475
221349,an funestus ss,IFA_49_21_1941.wav,99.82323232323232,0.046875,3.748421659111045e-05,0.02120535634458065,0,44.37407700982649,-108.91274329306079,-48.988778878435745,99.82323232323232,97.85353535353535,81.94444444444444,51.81818181818182,28.131313131313128
221318,an arabiensis,IFA_49_23_1943.wav,97.6010101010101,0.1640625,0.0013119475916028023,0.0546875,13,955.0184679215481,-106.31092707024764,-41.44632636861264,97.57575757575758,95.47979797979798,79.94949494949495,46.06060606060606,19.747474747474747
221313,an arabiensis,IFA_49_24_1944.wav,97.70202020202021,0.19140625,0.0018663194496184587,0.08121565729379654,13,955.0184679215481,-108.91151029257014,-39.71290087405879,97.67676767676767,96.76767676767678,90.9090909090909,61.489898989899,28.30808080808081
221361,an arabiensis,IFA_49_25_1945.wav,99.92424242424242,0.0703125,2.9592803912237287e-05,0.0390625,0,44.37407700982649,-100.9086934825223,-47.506324512017045,99.92424242424242,99.46969696969697,96.21212121212122,72.82828282828284,37.323232323232325
221311,an arabiensis,IFA_49_26_1946.wav,95.83333333333333,0.3125,0.0036004576832056046,0.08641098439693451,0,44.37407700982649,-102.53014041509013,-31.95614538362907,95.73232323232324,90.35353535353535,73.51010101010101,51.43939393939394,27.67676767676768
221310,an arabiensis,IFA_49_26_1946.wav,96.56565656565657,0.34765625,0.003954584710299969,0.11514820903539658,0,44.37407700982649,-114.38651331220515,-29.71862647512698,96.51515151515152,94.87373737373737,89.64646464646465,68.58585858585859,37.07070707070707
221348,an arabiensis,IFA_49_27_1947.wav,98.96464646464646,0.0859375,0.0003541272017173469,0.034203507006168365,13,955.0184679215481,-105.25476839637783,-46.448160320355186,98.96464646464646,97.85353535353535,88.03030303030303,61.59090909090909,33.08080808080808
221375,an arabiensis,IFA_49_29_1949.wav,99.0909090909091,0.08984375,0.0003353850916028023,0.0368923619389534,13,955.0184679215481,-108.35950717437255,-46.35438720486654,99.06565656565657,97.87878787878788,91.03535353535354,66.76767676767676,33.51010101010101
221357,an arabiensis,IFA_49_32_1952.wav,98.63636363636364,0.21875,0.0006520280730910599,0.04781539365649223,13,955.0184679215481,-117.55580487934951,-38.119620175094475,98.56060606060606,96.38888888888889,83.25757575757575,47.5,24.949494949494948
221345,an arabiensis,IFA_49_36_1956.wav,99.77272727272727,0.06640625,4.734848334919661e-05,0.02083333395421505,0,44.37407700982649,-108.5720430221806,-47.66908013491314,99.77272727272727,99.19191919191918,94.77272727272728,67.24747474747474,36.26262626262626
221325,an arabiensis,IFA_49_38_1958.wav,91.01010101010101,0.5,0.013072127476334572,0.14540906250476837,0,44.37407700982649,-110.79494669339155,-20.018309938181904,90.9090909090909,85.70707070707071,65.22727272727272,36.61616161616162,20.909090909090907
221324,an arabiensis,IFA_49_38_1958.wav,88.0050505050505,0.4375,0.007677359506487846,0.06400493532419205,0,44.37407700982649,-102.17327534587808,-24.044026180329713,87.62626262626263,80.2020202020202,62.57575757575757,42.398989898989896,25.303030303030305
221314,an arabiensis,IFA_49_40_1960.wav,97.27272727272727,0.22265625,0.001814038841985166,0.0665147602558136,0,44.37407700982649,-102.87582285090556,-37.75957546564638,97.22222222222221,94.57070707070707,82.7020202020202,53.03030303030303,22.070707070707073
221352,an arabiensis,IFA_50_10_1970.wav,99.52020202020202,0.08203125,0.00013415403373073786,0.027960525825619698,23,2360.0945639961956,-112.8795539278681,-46.72946381449666,99.4949494949495,97.67676767676767,81.01010101010101,51.66666666666667,34.570707070707066
221354,an arabiensis,IFA_50_10_1970.wav,91.16161616161617,0.421875,0.010018150322139263,0.11334821581840515,36,6103.720297923788,-107.73411437069643,-25.100871072516288,91.01010101010101,87.47474747474747,70.98484848484848,48.3080808080808,28.83838383838384
221353,an arabiensis,IFA_50_10_1970.wav,93.23232323232324,0.3203125,0.006265782751142979,0.09258395433425903,0,44.37407700982649,-109.15595275057383,-31.4709417225596,93.10606060606061,88.76262626262627,74.87373737373737,45.47979797979798,23.03030303030303
221355,an arabiensis,IFA_50_10_1970.wav,98.4090909090909,0.34765625,0.0015999842435121536,0.1005704328417778,0,44.37407700982649,-105.24645964565556,-29.7442018759285,98.35858585858585,96.51515151515152,87.32323232323232,64.46969696969697,37.27272727272727
221365,an funestus ss,IFA_50_11_1971.wav,98.3080808080808,0.11328125,0.00061158457538113,0.03614738956093788,33,4958.050905231921,-105.24114755465064,-44.85547908497347,98.28282828282828,95.5050505050505,85.42929292929293,53.58585858585858,25.47979797979798
221366,an funestus ss,IFA_50_11_1971.wav,99.82323232323232,0.01953125,2.4660668714204803e-05,0.013950892724096775,0,44.37407700982649,-107.53464335600277,-50.67748318006259,99.77272727272727,97.72727272727273,87.29797979797979,55.07575757575758,30.681818181818183
221364,an funestus ss,IFA_50_11_1971.wav,87.6010101010101,0.39453125,0.012963620945811272,0.10455384105443954,21,2006.1286971205443,-120.00449531801394,-26.84529641816698,87.47474747474747,81.51515151515152,68.3080808080808,41.08585858585859,23.585858585858585
221367,an funestus ss,IFA_50_11_1971.wav,99.94949494949495,0.03125,1.282354787690565e-05,0.025390625,0,44.37407700982649,-105.92929266838917,-49.91494581735434,99.94949494949495,98.25757575757575,85.63131313131314,50.47979797979798,23.484848484848484
221368,an funestus ss,IFA_50_11_1971.wav,99.8989898989899,0.0234375,1.8742108295555227e-05,0.0185546875,0,44.37407700982649,-104.49075798705351,-50.41973516056995,99.8989898989899,99.57070707070706,96.54040404040404,67.9040404040404,34.54545454545455
221317,an funestus ss,IFA_50_12_1972.wav,98.66161616161617,0.375,0.0014234138652682304,0.10635318607091904,0,44.37407700982649,-104.72932511002675,-27.99463795878485,98.63636363636363,97.72727272727273,93.3080808080808,68.23232323232324,37.24747474747475
221323,an funestus ss,IFA_50_13_1973.wav,97.0959595959596,0.40625,0.0035047743003815413,0.12068614363670349,37,6535.018595714345,-114.34273152334926,-26.018407696957972,97.09595959595958,95.3030303030303,86.91919191919192,60.75757575757576,35.8080808080808
221362,an arabiensis,IFA_50_14_1974.wav,100.0,0.0,0.0,0.0,0,44.37407700982649,-110.43427249022056,-52.12611684750358,100.0,99.77272727272727,98.25757575757575,81.43939393939394,49.217171717171716
221363,an arabiensis,IFA_50_14_1974.wav,99.94949494949495,0.00390625,1.9728536244656425e-06,0.00390625,35,5698.132814724256,-100.50975248422263,-51.65533035780114,99.94949494949495,99.16666666666667,95.15151515151516,75.93434343434343,46.21212121212121
221332,an funestus ss,IFA_50_17_1977.wav,99.1919191919192,0.296875,0.0008157749543897808,0.1009521484375,0,44.37407700982649,-101.54572713837237,-32.90363152043474,99.19191919191918,98.51010101010101,94.64646464646465,73.20707070707071,46.28787878787879
221331,an funestus ss,IFA_50_17_1977.wav,98.10606060606061,0.296875,0.0017390704015269876,0.09182291477918625,0,44.37407700982649,-111.28910803469103,-32.97245471581663,98.05555555555556,96.71717171717171,91.41414141414141,63.510101010101,27.146464646464647
221458,an arabiensis,IFA_50_21_1981.wav,98.76262626262626,0.2890625,0.0011136757675558329,0.09000319242477417,0,44.37407700982649,-104.01839029241421,-33.577615013276734,98.73737373737373,97.9040404040404,93.98989898989899,79.6969696969697,46.94444444444444
221470,an arabiensis,IFA_50_23_1983.wav,98.03030303030303,0.35546875,0.001397766754962504,0.0709635391831398,0,44.37407700982649,-101.77239400147312,-29.302714959166373,97.97979797979798,95.53030303030303,80.98484848484848,57.651515151515156,33.156565656565654
221472,an arabiensis,IFA_50_23_1983.wav,99.87373737373737,0.03125,2.3674241674598306e-05,0.01875000074505806,0,44.37407700982649,-111.11567920693686,-49.96201829431406,99.87373737373737,99.16666666666667,94.01515151515152,72.29797979797979,43.005050505050505
221471,an arabiensis,IFA_50_23_1983.wav,98.48484848484848,0.08203125,0.00037977431202307343,0.02506510354578495,36,6103.720297923788,-113.49562055859046,-46.78471208270268,98.48484848484848,95.0,78.3838383838384,51.515151515151516,30.656565656565654
221479,an funestus ss,IFA_50_24_1984.wav,98.93939393939394,0.3125,0.0010308159980922937,0.097191222012043,0,44.37407700982649,-105.10765594876949,-31.95347573489146,98.91414141414141,98.43434343434343,94.97474747474747,74.67171717171716,46.464646464646464
221476,an funestus ss,IFA_50_27_1987.wav,99.36868686868686,0.35546875,0.00085325917461887,0.13515624403953552,0,44.37407700982649,-114.79809599237265,-29.19428914685581,99.34343434343434,98.73737373737373,97.17171717171718,90.7070707070707,66.64141414141415
221475,an funestus ss,IFA_50_27_1987.wav,98.56060606060606,0.2109375,0.0008720012847334146,0.06058114022016525,38,6993.657556191134,-105.44247154104623,-38.62355617812777,98.53535353535354,97.12121212121212,90.95959595959596,70.27777777777777,46.76767676767677
221487,culex pipiens complex,IFA_50_29_1989.wav,99.04040404040404,0.30859375,0.0009065262274816632,0.0944695696234703,0,44.37407700982649,-105.14003677037947,-32.1525264999573,99.04040404040404,97.29797979797979,88.18181818181819,68.23232323232324,37.82828282828283
221469,culex pipiens complex,IFA_50_31_1991.wav,99.44444444444444,0.04296875,0.00011245265341131017,0.020241476595401764,20,1844.809318983545,-117.15651538510427,-49.31030807066519,99.39393939393939,97.52525252525253,84.14141414141415,54.77272727272727,36.08585858585859
221468,culex pipiens complex,IFA_50_31_1991.wav,98.63636363636364,0.25,0.001612807740457356,0.1182725727558136,0,44.37407700982649,-105.77452799893949,-36.02768663777948,98.63636363636363,97.32323232323232,91.61616161616162,65.40404040404042,38.131313131313135
221473,culex pipiens complex,IFA_50_33_1993.wav,97.27272727272727,0.3203125,0.0020103377755731344,0.07371238619089127,0,44.37407700982649,-109.71659537467174,-31.5365760040066,97.24747474747475,94.4949494949495,82.44949494949495,52.676767676767675,25.984848484848484
221456,culex pipiens complex,IFA_50_37_1997.wav,98.88888888888889,0.2734375,0.0007506707916036248,0.06756036728620529,34,5316.7234575094635,-112.15728513391215,-34.43148478984489,98.83838383838383,96.8939393939394,89.54545454545455,65.85858585858585,34.87373737373737
221482,culex pipiens complex,IFA_50_38_1998.wav,96.74242424242425,0.375,0.002736347960308194,0.08399951457977295,0,44.37407700982649,-103.23506149390225,-27.947886728225452,96.64141414141415,94.14141414141413,80.88383838383838,50.2020202020202,30.50505050505051
221457,culex pipiens complex,IFA_50_40_2000.wav,98.96464646464646,0.328125,0.0010880287736654282,0.10508765280246735,0,44.37407700982649,-112.29821629314577,-30.929730134625103,98.93939393939394,97.9040404040404,94.14141414141413,74.87373737373737,41.76767676767677
221459,culex pipiens complex,IFA_51_13_2013.wav,98.96464646464646,0.2421875,0.0008996212272904813,0.08689024299383163,0,44.37407700982649,-110.75840851687444,-36.58278979753372,98.91414141414141,98.15656565656565,92.6010101010101,74.01515151515152,48.93939393939394
221460,culex pipiens complex,IFA_51_13_2013.wav,97.5,0.234375,0.0011403093812987208,0.04561237245798111,32,4620.759757744843,-113.08135957163987,-37.03596875306909,97.44949494949495,94.74747474747474,85.20202020202021,63.68686868686869,37.44949494949495
221483,culex pipiens complex,IFA_51_14_2014.wav,99.39393939393939,0.19921875,0.00045079702977091074,0.0743815079331398,0,44.37407700982649,-103.61113394820575,-39.26528939170569,99.39393939393939,98.20707070707071,90.20202020202021,62.02020202020202,36.76767676767677
221378,an arabiensis,IFA_51_20_2020.wav,97.95454545454545,0.41015625,0.00232106214389205,0.11347415298223495,11,763.5799242943094,-102.20147500915132,-25.83442015950627,97.87878787878788,95.93434343434343,85.98484848484848,64.41919191919192,34.7979797979798
221390,an arabiensis,IFA_51_24_2024.wav,99.6969696969697,0.01953125,2.9592803912237287e-05,0.009765625,34,5316.7234575094635,-102.31595575894103,-50.80721493281257,99.67171717171716,98.25757575757575,89.01515151515152,60.55555555555555,30.075757575757578
221396,an arabiensis,IFA_51_28_2028.wav,99.26767676767676,0.12890625,0.00034722223062999547,0.047413792461156845,0,44.37407700982649,-99.31564293875658,-43.81627358789177,99.26767676767678,97.75252525252526,90.93434343434343,64.21717171717172,31.86868686868687
221395,an arabiensis,IFA_51_28_2028.wav,96.36363636363636,0.1640625,0.0016453597927466035,0.0452473945915699,14,1059.9326349904563,-93.24577114350836,-41.59334094235338,96.31313131313132,90.83333333333333,70.07575757575758,40.73232323232323,17.2979797979798
221382,an arabiensis,IFA_51_30_2030.wav,96.11111111111111,0.32421875,0.002586411079391837,0.06650771200656891,13,955.0184679215481,-103.18228707849725,-31.360553863864414,95.98484848484848,91.71717171717172,78.05555555555556,49.3939393939394,21.96969696969697
221381,an arabiensis,IFA_51_30_2030.wav,95.75757575757575,0.35546875,0.0037967567332088947,0.0894949808716774,0,44.37407700982649,-99.26609008242923,-29.373245363830204,95.65656565656566,93.25757575757576,87.42424242424242,71.31313131313132,34.974747474747474
221387,an arabiensis,IFA_51_31_2031.wav,97.04545454545455,0.17578125,0.002136600436642766,0.07231570780277252,13,955.0184679215481,-109.2366122022294,-40.638514800631455,97.02020202020202,95.02525252525253,83.61111111111111,51.91919191919192,24.797979797979796
221376,an arabiensis,IFA_51_32_2032.wav,97.3989898989899,0.20703125,0.0019432607805356383,0.07471176981925964,13,955.0184679215481,-104.19411836296896,-38.70316438740749,97.37373737373738,93.76262626262626,82.2979797979798,55.65656565656566,25.63131313131313
221377,an arabiensis,IFA_51_32_2032.wav,90.60606060606061,0.359375,0.007453440688550472,0.07934308052062988,34,5316.7234575094635,-128.0047678788399,-28.944362785568384,90.37878787878788,84.57070707070707,69.1919191919192,38.333333333333336,16.641414141414142
221385,an arabiensis,IFA_51_34_2034.wav,98.78787878787878,0.25,0.000900607614312321,0.0743001326918602,13,955.0184679215481,-107.25841034423894,-35.978135279306706,98.7878787878788,97.24747474747475,86.86868686868688,59.64646464646465,32.398989898989896
221411,an arabiensis,IFA_51_35_2035.wav,99.26767676767676,0.2109375,0.0006027067429386079,0.08230064809322357,0,44.37407700982649,-104.19581105803239,-38.39094205951449,99.26767676767678,98.48484848484848,95.70707070707071,79.84848484848484,45.12626262626262
221410,an arabiensis,IFA_51_35_2035.wav,99.79797979797979,0.0390625,5.12941915076226e-05,0.025390625,13,955.0184679215481,-106.90237285362953,-49.569333713677146,99.79797979797979,99.06565656565657,94.1919191919192,73.0050505050505,38.333333333333336
221404,an arabiensis,IFA_51_36_2036.wav,97.29797979797979,0.2421875,0.0017883917316794395,0.06618721038103104,13,955.0184679215481,-110.11827475623014,-36.51272303819217,97.14646464646465,94.16666666666667,83.66161616161617,54.46969696969697,20.454545454545457
221393,an arabiensis,IFA_51_37_2037.wav,98.58585858585859,0.30078125,0.0013010968687012792,0.0920061394572258,0,44.37407700982649,-108.07361736615229,-32.7930714186773,98.56060606060606,96.43939393939394,85.85858585858585,64.41919191919192,33.73737373737374
221394,an arabiensis,IFA_51_37_2037.wav,98.93939393939394,0.328125,0.0012054134858772159,0.1136532723903656,0,44.37407700982649,-105.11807266616138,-30.91608681775981,98.88888888888889,98.28282828282828,95.1010101010101,79.6969696969697,41.43939393939394
221392,an arabiensis,IFA_51_37_2037.wav,98.83838383838383,0.15234375,0.0007141729583963752,0.06148097664117813,13,955.0184679215481,-110.55094452264599,-42.36461140573443,98.81313131313131,97.8030303030303,92.47474747474747,76.9949494949495,43.63636363636363
221391,an arabiensis,IFA_51_37_2037.wav,99.24242424242425,0.11328125,0.00036793717299588025,0.04856770858168602,0,44.37407700982649,-98.43210169112523,-44.84347230197828,99.16666666666667,97.75252525252526,91.41414141414141,63.93939393939394,33.10606060606061
221379,an arabiensis,IFA_51_38_2038.wav,97.3989898989899,0.1796875,0.0013602825347334146,0.05229824036359787,0,44.37407700982649,-95.01720484159712,-40.54386437838506,97.27272727272728,93.63636363636364,75.75757575757575,43.73737373737374,19.494949494949495
221384,an arabiensis,IFA_51_39_2039.wav,98.83838383838383,0.3359375,0.0011136757675558329,0.09587296098470688,0,44.37407700982649,-110.32451478341531,-30.37572667634847,98.7878787878788,97.67676767676767,93.81313131313132,75.5050505050505,43.23232323232323
221383,an arabiensis,IFA_51_39_2039.wav,99.97474747474747,0.0234375,5.918560418649577e-06,0.0234375,0,44.37407700982649,-102.69165277545987,-50.607500205945975,99.97474747474747,99.34343434343434,92.27272727272727,52.323232323232325,18.68686868686869
221386,an arabiensis,IFA_51_40_2040.wav,98.96464646464646,0.15234375,0.00045276989112608135,0.04373094439506531,0,44.37407700982649,-104.93316543328199,-42.26009344028029,98.88888888888889,98.13131313131314,94.34343434343434,65.95959595959596,33.63636363636363
221399,an arabiensis,IFA_52_11_2051.wav,99.92424242424242,0.0234375,1.3809974916512147e-05,0.01822916604578495,0,44.37407700982649,-107.03863559480213,-50.48904266999402,99.92424242424242,99.52020202020202,96.16161616161617,78.53535353535354,48.18181818181818
221401,an arabiensis,IFA_52_11_2051.wav,99.64646464646465,0.0703125,8.581912697991356e-05,0.0242745541036129,0,44.37407700982649,-102.85240342007567,-47.57370708149976,99.64646464646465,98.35858585858585,90.25252525252525,69.52020202020202,43.03030303030303
221400,an arabiensis,IFA_52_11_2051.wav,99.46969696969697,0.08984375,0.00019136679475195706,0.0360863097012043,0,44.37407700982649,-98.05900373108413,-46.16834229252749,99.44444444444444,98.66161616161617,94.06565656565657,72.09595959595958,32.72727272727273
221408,an arabiensis,IFA_52_13_2053.wav,98.05555555555556,0.1953125,0.0012300742091611028,0.06326095759868622,12,856.3585075381263,-97.5413084006206,-39.585240621316125,98.05555555555556,96.38888888888889,87.47474747474747,63.40909090909091,28.535353535353536
221409,an arabiensis,IFA_52_13_2053.wav,99.04040404040404,0.15234375,0.0006914851837791502,0.07206003367900848,34,5316.7234575094635,-106.95723796418542,-42.33443646608074,99.01515151515152,98.51010101010101,92.82828282828282,70.5050505050505,38.38383838383838
221397,culex pipiens complex,IFA_52_15_2055.wav,98.05555555555556,0.23046875,0.0007378472364507616,0.0379464291036129,0,44.37407700982649,-109.5295109673345,-37.12681434180585,97.9040404040404,94.46969696969697,79.8989898989899,51.994949494949495,27.32323232323232
221398,culex pipiens complex,IFA_52_15_2055.wav,96.51515151515152,0.26171875,0.002434501191601157,0.06985960155725479,13,955.0184679215481,-112.04181306386644,-35.211320739540504,96.33838383838383,92.1969696969697,74.62121212121212,42.5,16.262626262626263
221425,an arabiensis,IFA_52_20_2060.wav,97.9040404040404,0.15234375,0.0010781644377857447,0.05144013464450836,0,44.37407700982649,-92.4925214631499,-42.260870354153816,97.87878787878788,95.58080808080808,89.06565656565657,65.83333333333333,28.535353535353536
221443,an arabiensis,IFA_52_21_2061.wav,96.64141414141415,0.2109375,0.0015851878561079502,0.04719807207584381,0,44.37407700982649,-100.53717862808259,-38.575480400805,96.54040404040404,90.9090909090909,68.15656565656566,29.015151515151516,8.863636363636363
221424,an arabiensis,IFA_52_24_2064.wav,99.1919191919192,0.09765625,0.00016867897647898644,0.0208740234375,13,955.0184679215481,-119.23140079904374,-45.632957088284634,99.01515151515152,95.45454545454545,79.7979797979798,52.57575757575758,27.146464646464647
221422,an arabiensis,IFA_52_25_2065.wav,96.03535353535354,0.21875,0.0028793797828257084,0.07262639701366425,13,955.0184679215481,-102.00194461725911,-37.96677474837001,95.98484848484848,92.27272727272727,74.94949494949495,42.07070707070707,14.14141414141414
221453,an arabiensis,IFA_52_27_2067.wav,99.4949494949495,0.109375,0.00016867897647898644,0.03339843824505806,0,44.37407700982649,-106.63641770040586,-45.01771314044542,99.46969696969697,98.43434343434343,93.56060606060606,76.9949494949495,42.24747474747475
221452,an arabiensis,IFA_52_27_2067.wav,99.97474747474747,0.01171875,2.9592802093247883e-06,0.01171875,0,44.37407700982649,-105.05596221237413,-51.36426388222496,99.97474747474747,99.79797979797979,96.51515151515152,68.91414141414141,34.31818181818182
221454,an arabiensis,IFA_52_29_2069.wav,94.92424242424242,0.31640625,0.003028330160304904,0.059662625193595886,0,44.37407700982649,-125.28246122466223,-31.84328134557024,94.67171717171718,84.14141414141415,54.72222222222223,32.121212121212125,17.272727272727273
221455,an arabiensis,IFA_52_30_2070.wav,98.15656565656566,0.16796875,0.0012379655381664634,0.0671553909778595,0,44.37407700982649,-108.72571850718414,-41.23071732068148,98.10606060606061,96.01010101010101,91.43939393939394,70.73232323232324,36.41414141414142
221429,an arabiensis,IFA_52_31_2071.wav,97.22222222222223,0.328125,0.0024562026374042034,0.08842329680919647,0,44.37407700982649,-97.58806867403833,-30.889835557845302,97.17171717171718,94.62121212121211,87.29797979797979,70.32828282828282,34.823232323232325
221428,an arabiensis,IFA_52_31_2071.wav,98.05555555555556,0.1328125,0.001001223223283887,0.051491476595401764,13,955.0184679215481,-105.7601101711945,-43.39406074619895,98.0050505050505,96.48989898989899,88.96464646464646,63.68686868686869,27.44949494949495
221448,an arabiensis,IFA_52_32_2072.wav,98.66161616161617,0.15625,0.0006904987385496497,0.05159198120236397,13,955.0184679215481,-101.95080283031159,-41.974880752252915,98.63636363636363,96.91919191919192,85.88383838383838,56.868686868686865,26.060606060606062
221449,an arabiensis,IFA_52_32_2072.wav,99.26767676767676,0.078125,0.0001815025316318497,0.024784483015537262,13,955.0184679215481,-104.38510537544033,-46.92727740298971,99.21717171717171,97.77777777777777,91.16161616161617,60.93434343434343,27.7020202020202
221450,an arabiensis,IFA_52_32_2072.wav,95.70707070707071,0.38671875,0.0054509942419826984,0.1269761025905609,33,4958.050905231921,-112.00606745728092,-27.25679363871175,95.47979797979798,93.33333333333333,82.52525252525253,51.515151515151516,24.949494949494948
221451,an arabiensis,IFA_52_32_2072.wav,95.35353535353535,0.23046875,0.003670494072139263,0.07899541407823563,13,955.0184679215481,-101.72828204194391,-37.28040809047131,95.27777777777777,92.5,75.93434343434343,38.76262626262626,12.626262626262626
221441,an arabiensis,IFA_52_35_2075.wav,97.77777777777777,0.359375,0.001810093061067164,0.08145418763160706,0,44.37407700982649,-123.79479959411532,-28.930472550162495,97.67676767676767,96.13636363636363,87.92929292929294,59.1919191919192,27.27272727272727
221442,an arabiensis,IFA_52_35_2075.wav,98.13131313131314,0.3125,0.002425623359158635,0.1298036277294159,0,44.37407700982649,-98.84210596797202,-31.91824407117359,98.05555555555556,97.34848484848484,94.31818181818183,79.26767676767676,44.44444444444444
221414,an funestus ss,IFA_52_36_2076.wav,98.38383838383838,0.25390625,0.0011620107106864452,0.0718994140625,0,44.37407700982649,-98.56028152825145,-35.77902925372625,98.33333333333333,96.81818181818181,87.37373737373737,60.505050505050505,27.2979797979798
221415,an funestus ss,IFA_52_36_2076.wav,98.58585858585859,0.15234375,0.000777304288931191,0.0549665167927742,0,44.37407700982649,-102.66815584329449,-42.260360904180914,98.51010101010101,96.86868686868686,90.58080808080808,53.333333333333336,18.13131313131313
221413,an funestus ss,IFA_52_36_2076.wav,98.56060606060606,0.34765625,0.0013435132568702102,0.09333881735801697,0,44.37407700982649,-97.27532485823089,-29.729725358379916,98.56060606060606,97.42424242424242,91.06060606060606,70.8080808080808,38.51010101010101
221447,an arabiensis,IFA_52_38_2078.wav,99.94949494949495,0.015625,5.918560418649577e-06,0.01171875,0,44.37407700982649,-98.86361501844739,-51.03594883772497,99.94949494949495,99.64646464646465,94.2929292929293,76.96969696969697,47.97979797979798
221444,an arabiensis,IFA_52_38_2078.wav,99.72222222222223,0.10546875,8.976483513833955e-05,0.032315339893102646,7,444.573383741948,-104.97011474976571,-45.34128335026415,99.67171717171716,97.65151515151516,85.65656565656565,59.34343434343434,25.47979797979798
221446,an arabiensis,IFA_52_38_2078.wav,98.66161616161617,0.13671875,0.000638218130916357,0.04768573120236397,13,955.0184679215481,-104.35472473364948,-43.20578738617389,98.66161616161617,97.37373737373738,86.51515151515152,58.58585858585859,31.363636363636367
221445,an arabiensis,IFA_52_38_2078.wav,98.63636363636364,0.12109375,0.0005691682454198599,0.04173900559544563,13,955.0184679215481,-102.11907442169618,-44.330627966353134,98.61111111111111,96.28787878787878,82.47474747474747,54.848484848484844,26.91919191919192
221427,an arabiensis,IFA_52_39_2079.wav,98.58585858585859,0.28125,0.0011866714339703321,0.0839146226644516,0,44.37407700982649,-104.08821731177079,-34.04667897184319,98.53535353535354,97.27272727272728,92.34848484848484,76.03535353535354,42.82828282828282
221426,an arabiensis,IFA_52_39_2079.wav,98.78787878787878,0.140625,0.0006027067429386079,0.0497233085334301,12,856.3585075381263,-113.32660109165245,-42.975451102303126,98.76262626262627,96.11111111111111,86.2878787878788,62.42424242424243,25.353535353535356
221416,an arabiensis,IFA_52_40_2080.wav,99.72222222222223,0.05078125,6.707701686536893e-05,0.024147726595401764,12,856.3585075381263,-112.40985280433925,-48.843893594619004,99.67171717171716,98.93939393939394,96.13636363636363,80.3030303030303,46.111111111111114
221526,an arabiensis,IFA_53_10_2090.wav,99.57070707070707,0.07421875,0.0001233033399330452,0.028722425922751427,0,44.37407700982649,-104.2956517938461,-47.35350851620633,99.52020202020202,99.14141414141415,97.77777777777777,89.39393939393939,52.42424242424243
221528,an arabiensis,IFA_53_10_2090.wav,97.9040404040404,0.23046875,0.000951901834923774,0.04541603848338127,0,44.37407700982649,-105.36355384230112,-37.36106599337626,97.8030303030303,94.7979797979798,84.1161616161616,65.63131313131314,39.92424242424242
221527,an arabiensis,IFA_53_10_2090.wav,100.0,0.0,0.0,0.0,0,44.37407700982649,-117.23079163934185,-53.01090483591313,100.0,99.87373737373737,98.33333333333333,89.74747474747474,55.80808080808081
221509,an arabiensis,IFA_53_11_2091.wav,100.0,0.0,0.0,0.0,0,44.37407700982649,-114.46525815545866,-53.5350947289331,100.0,99.62121212121212,95.73232323232324,77.29797979797979,51.74242424242424
221508,an arabiensis,IFA_53_11_2091.wav,100.0,0.0,0.0,0.0,0,44.37407700982649,-106.23189681198946,-53.36753133225695,100.0,99.87373737373737,98.7121212121212,86.41414141414141,61.43939393939394
221505,an arabiensis,IFA_53_14_2094.wav,100.0,0.0,0.0,0.0,0,44.37407700982649,-109.29646971652934,-54.09437310733261,100.0,99.92424242424242,96.96969696969697,79.44444444444444,50.530303030303024
221532,an arabiensis,IFA_53_15_2095.wav,99.52020202020202,0.0859375,0.00019333964155521244,0.040296051651239395,0,44.37407700982649,-104.0012582362173,-46.5763624489027,99.52020202020202,99.14141414141415,96.54040404040404,77.72727272727272,32.398989898989896
221496,an arabiensis,IFA_53_16_2096.wav,99.6969696969697,0.06640625,8.285984949907288e-05,0.02734375,0,44.37407700982649,-102.9990853998616,-47.73885813728734,99.64646464646465,99.16666666666667,97.02020202020202,84.62121212121212,42.77777777777778
221537,culex pipiens complex,IFA_53_18_2098.wav,98.48484848484848,0.06640625,0.0004004892543889582,0.02643229253590107,13,955.0184679215481,-106.06214467807482,-47.86342822297546,98.38383838383838,96.21212121212122,90.68181818181819,64.29292929292929,30.757575757575754
221503,an funestus ss,IFA_53_21_2101.wav,100.0,0.0,0.0,0.0,0,44.37407700982649,-105.14402062325387,-52.918342104419835,100.0,99.84848484848486,99.0909090909091,91.61616161616162,53.08080808080808
221541,an funestus ss,IFA_53_24_2104.wav,99.84848484848484,0.05859375,3.3538508432684466e-05,0.02213541604578495,0,44.37407700982649,-118.72422400911483,-48.290344170355155,99.84848484848486,99.54545454545455,98.08080808080808,82.52525252525253,50.70707070707071
221542,an funestus ss,IFA_53_24_2104.wav,98.51010101010101,0.32421875,0.0017775410087779164,0.11930614709854126,0,44.37407700982649,-106.8085165533911,-31.285380380581366,98.51010101010101,97.77777777777777,95.75757575757575,86.69191919191918,50.025252525252526
221525,an funestus ss,IFA_53_25_2105.wav,100.0,0.0,0.0,0.0,0,44.37407700982649,-107.95680371967887,-55.36681935033573,100.0,100.0,99.14141414141415,88.08080808080808,56.111111111111114
221516,culex pipiens complex,IFA_53_28_2108.wav,96.94444444444444,0.22265625,0.0017864188412204385,0.058464616537094116,0,44.37407700982649,-111.98087884480452,-37.69522344672343,96.91919191919192,93.96464646464646,76.74242424242425,54.52020202020202,34.94949494949495
221517,culex pipiens complex,IFA_53_28_2108.wav,99.5959595959596,0.171875,0.00028705017757602036,0.071044921875,0,44.37407700982649,-105.11653555732298,-40.96637172627145,99.5959595959596,99.39393939393939,95.95959595959596,78.0050505050505,44.59595959595959
221540,an funestus ss,IFA_53_29_2109.wav,99.21717171717172,0.26953125,0.00061158457538113,0.078125,0,44.37407700982649,-104.20740687908545,-34.79990102337817,99.19191919191918,98.56060606060606,95.98484848484848,80.45454545454545,39.46969696969697
221539,an funestus ss,IFA_53_29_2109.wav,100.0,0.0,0.0,0.0,0,44.37407700982649,-119.39043542160859,-52.087669539772634,100.0,99.8989898989899,99.19191919191918,91.31313131313131,49.04040404040404
221519,an arabiensis,IFA_53_36_2116.wav,99.97474747474747,0.0078125,1.9728536244656425e-06,0.0078125,30,4005.2992545806096,-112.07162879524961,-51.50210902176973,99.97474747474747,99.92424242424242,99.36868686868688,97.14646464646465,81.96969696969697
221506,culex pipiens complex,IFA_53_38_2118.wav,99.36868686868686,0.203125,0.0005563446902669966,0.08812499791383743,0,44.37407700982649,-127.89268012891064,-38.9809680162545,99.34343434343434,98.68686868686869,92.77777777777779,78.71212121212122,44.67171717171718
221507,culex pipiens complex,IFA_53_38_2118.wav,97.87878787878788,0.33203125,0.003106257878243923,0.146437868475914,0,44.37407700982649,-120.91292415859841,-30.790150612135147,97.87878787878788,97.12121212121212,90.40404040404042,78.15656565656566,50.73232323232323
221498,culex pipiens complex,IFA_53_39_2119.wav,99.52020202020202,0.17578125,0.00036004575667902827,0.07504111528396606,0,44.37407700982649,-107.38358530641187,-40.72650944966506,99.4949494949495,99.16666666666667,97.70202020202021,88.48484848484848,53.61111111111111
221524,an funestus ss,IFA_54_10_2130.wav,100.0,0.0,0.0,0.0,0,44.37407700982649,-114.94616308708319,-57.464269285870586,100.0,100.0,99.84848484848486,98.43434343434343,89.24242424242425
221531,an funestus ss,IFA_54_11_2131.wav,99.92424242424242,0.1328125,4.5375632907962427e-05,0.0598958320915699,0,44.37407700982649,-114.39463012331072,-43.42413133175924,99.87373737373737,99.26767676767678,98.61111111111111,97.5,91.06060606060606
221536,an arabiensis,IFA_54_12_2132.wav,99.94949494949495,0.015625,7.89141449786257e-06,0.015625,12,856.3585075381263,-116.13595544324815,-51.04711259697335,99.92424242424242,99.4949494949495,98.73737373737373,95.9090909090909,84.04040404040404
221497,an arabiensis,IFA_54_13_2133.wav,98.88888888888889,0.28125,0.0010801373282447457,0.09721235930919647,0,44.37407700982649,-108.61118397927955,-33.96150621050306,98.88888888888889,98.58585858585859,97.24747474747475,94.11616161616162,85.02525252525253
221549,an arabiensis,IFA_54_15_2135.wav,99.79797979797979,0.09765625,0.00011245265341131017,0.0556640625,0,44.37407700982649,-116.0153986916388,-45.69720001097152,99.74747474747475,99.31818181818181,97.72727272727273,90.83333333333333,71.94444444444444
221520,an arabiensis,IFA_54_18_2138.wav,99.31818181818181,0.2421875,0.0004655934462789446,0.06828703731298447,0,44.37407700982649,-108.64937022287029,-36.524291762324175,99.31818181818181,98.61111111111111,96.9949494949495,95.12626262626263,85.32828282828284
221521,an arabiensis,IFA_54_19_2139.wav,100.0,0.0,0.0,0.0,0,44.37407700982649,-125.74574019125322,-56.678832619292834,100.0,100.0,99.8989898989899,99.41919191919192,94.67171717171718
221529,an funestus ss,IFA_54_21_2141.wav,100.0,0.0,0.0,0.0,0,44.37407700982649,-143.53757305812672,-56.58297168195727,100.0,100.0,99.8989898989899,98.93939393939394,91.6919191919192
221548,an funestus ss,IFA_54_22_2142.wav,100.0,0.0,0.0,0.0,0,44.37407700982649,-111.13375916833938,-53.56986805566343,100.0,99.94949494949495,99.19191919191918,92.02020202020202,72.04545454545455
221530,an funestus ss,IFA_54_24_2144.wav,100.0,0.0,0.0,0.0,0,44.37407700982649,-118.54816999886032,-57.793563136217124,100.0,100.0,99.4949494949495,97.09595959595958,94.54545454545455
221499,culex pipiens complex,IFA_54_25_2145.wav,99.36868686868686,0.12109375,0.00029592803912237287,0.046875,0,44.37407700982649,-102.7576415911283,-44.209117430557,99.36868686868688,98.66161616161617,95.9090909090909,88.83838383838383,67.24747474747474
221538,culex pipiens complex,IFA_54_26_2146.wav,99.46969696969697,0.08984375,0.00018840751727111638,0.0355282723903656,12,856.3585075381263,-130.81909042212456,-46.29526719755699,99.44444444444444,98.76262626262627,96.48989898989899,87.3989898989899,63.787878787878796
221518,culex pipiens complex,IFA_54_27_2147.wav,99.94949494949495,0.01171875,3.945707248931285e-06,0.0078125,0,44.37407700982649,-125.22740037227477,-51.28366626423986,99.94949494949495,99.84848484848486,98.68686868686869,95.70707070707071,89.57070707070707
221513,culex pipiens complex,IFA_54_28_2148.wav,99.92424242424242,0.015625,8.877840627974365e-06,0.01171875,0,44.37407700982649,-109.85228868945855,-50.99985893105867,99.92424242424242,99.5959595959596,98.28282828282828,95.85858585858585,86.2121212121212
221512,culex pipiens complex,IFA_54_28_2148.wav,100.0,0.0,0.0,0.0,0,44.37407700982649,-116.36926593258107,-55.00399016387228,100.0,100.0,99.46969696969697,98.58585858585859,88.56060606060606
221547,culex pipiens complex,IFA_54_29_2149.wav,100.0,0.0,0.0,0.0,0,44.37407700982649,-113.83506851851017,-53.191516537165136,100.0,99.69696969696969,98.7878787878788,96.56565656565657,89.41919191919192
221613,an arabiensis,IFA_54_31_2151.wav,100.0,0.0,0.0,0.0,0,44.37407700982649,-119.62090187002917,-55.89973844445386,100.0,100.0,99.41919191919192,92.12121212121212,69.97474747474747
221637,an arabiensis,IFA_54_34_2154.wav,100.0,0.0,0.0,0.0,0,44.37407700982649,-115.82276902286351,-53.71094673641147,100.0,99.94949494949495,98.51010101010101,91.23737373737374,76.86868686868686
221584,an funestus ss,IFA_54_36_2156.wav,99.82323232323232,0.12890625,0.00011146622273372486,0.0630580335855484,0,44.37407700982649,-111.4646215092697,-43.65702529514574,99.82323232323232,99.62121212121212,98.88888888888889,93.48484848484848,71.6919191919192
221583,an funestus ss,IFA_54_36_2156.wav,97.72727272727273,0.35546875,0.0021444917656481266,0.09435763955116272,34,5316.7234575094635,-122.74081767141237,-29.157567266647337,97.67676767676767,96.03535353535354,91.41414141414141,84.77272727272728,65.68181818181819
221606,an arabiensis,IFA_54_37_2157.wav,99.54545454545455,0.234375,0.0004271227808203548,0.0939670130610466,0,44.37407700982649,-116.1587615961055,-36.98272583459381,99.54545454545455,99.19191919191918,96.48989898989899,89.14141414141415,64.52020202020202
221610,an arabiensis,IFA_54_38_2158.wav,99.54545454545455,0.125,0.00015782828268129379,0.0347222238779068,35,5698.132814724256,-110.69826301798976,-44.062044828034544,99.4949494949495,98.93939393939394,95.45454545454545,82.9040404040404,66.38888888888889
221609,an arabiensis,IFA_54_38_2158.wav,99.29292929292929,0.11328125,0.0003353850916028023,0.0474330373108387,0,44.37407700982649,-145.64768835815792,-44.828290333110765,99.26767676767678,98.4090909090909,92.2979797979798,79.57070707070707,63.787878787878796
221589,an funestus ss,IFA_54_39_2159.wav,100.0,0.0,0.0,0.0,0,44.37407700982649,-112.23238952663452,-53.46869153391927,100.0,99.94949494949495,99.57070707070706,97.8030303030303,90.68181818181819
221586,an funestus ss,IFA_54_40_2160.wav,100.0,0.0,0.0,0.0,0,44.37407700982649,-117.74383113260797,-53.58088730103698,100.0,99.8989898989899,98.56060606060606,92.82828282828282,74.57070707070706
221633,culex pipiens complex,IFA_55_11_2171.wav,99.31818181818181,0.22265625,0.0005533854127861559,0.0811631977558136,0,44.37407700982649,-112.06881956088287,-37.66304856999463,99.29292929292929,98.63636363636363,95.95959595959596,86.18686868686869,62.676767676767675
221555,culex pipiens complex,IFA_55_12_2172.wav,100.0,0.0,0.0,0.0,0,44.37407700982649,-104.28600468645813,-55.55275679065775,100.0,100.0,99.06565656565657,96.13636363636363,79.84848484848484
221556,culex pipiens complex,IFA_55_12_2172.wav,97.12121212121212,0.38671875,0.0028290720656514168,0.09827302396297455,0,44.37407700982649,-115.30822371152674,-27.174987647554016,97.09595959595958,96.46464646464646,93.91414141414141,83.43434343434343,55.85858585858586
221598,an funestus ss,IFA_55_13_2173.wav,100.0,0.0,0.0,0.0,0,44.37407700982649,-114.68863575898911,-57.27652752813721,100.0,100.0,99.87373737373737,98.96464646464646,84.82323232323232
221596,an funestus ss,IFA_55_13_2173.wav,94.0909090909091,0.2109375,0.0038174716755747795,0.06460336595773697,36,6103.720297923788,-106.65166559201583,-38.51638907145433,93.98989898989899,89.92424242424242,80.3030303030303,64.01515151515152,40.0
221597,an funestus ss,IFA_55_13_2173.wav,100.0,0.0,0.0,0.0,0,44.37407700982649,-129.96013989496714,-55.919785703323946,100.0,100.0,99.82323232323232,97.62626262626263,80.93434343434343
221562,an arabiensis,IFA_55_14_2174.wav,99.92424242424242,0.01171875,6.904987458256073e-06,0.009114583022892475,0,44.37407700982649,-113.29657943891996,-51.320650586193835,99.92424242424242,99.69696969696969,98.05555555555556,92.62626262626263,65.53030303030303
221612,culex pipiens complex,IFA_55_19_2179.wav,99.5959595959596,0.1796875,0.00024463384761475027,0.060546875,0,44.37407700982649,-123.67810062896977,-40.50525282666757,99.5959595959596,99.36868686868688,98.7878787878788,97.09595959595958,86.01010101010101
221611,culex pipiens complex,IFA_55_19_2179.wav,99.77272727272727,0.09375,0.00012527620128821582,0.0551215261220932,0,44.37407700982649,-112.17800737562065,-45.92030928092039,99.77272727272727,99.57070707070706,98.58585858585859,93.53535353535354,76.84343434343435
221602,an arabiensis,IFA_55_20_2180.wav,99.84848484848484,0.10546875,0.0001006155289360322,0.06640625,0,44.37407700982649,-111.49887221763967,-45.188085202120554,99.84848484848486,99.77272727272727,99.21717171717171,96.36363636363636,83.33333333333334
221578,an funestus ss,IFA_55_21_2181.wav,99.92424242424242,0.10546875,5.425347262644209e-05,0.0716145858168602,0,44.37407700982649,-119.10658245383874,-45.34274746413346,99.92424242424242,99.84848484848486,99.36868686868688,98.28282828282828,89.62121212121212
221577,an funestus ss,IFA_55_21_2181.wav,100.0,0.0,0.0,0.0,0,44.37407700982649,-129.0145944131487,-54.13811436403462,100.0,99.97474747474747,99.67171717171716,98.96464646464646,90.7070707070707
221635,an funestus ss,IFA_55_23_2183.wav,100.0,0.0,0.0,0.0,0,44.37407700982649,-107.96800919840153,-56.56672317280139,100.0,100.0,99.94949494949495,98.93939393939394,89.01515151515152
221636,an funestus ss,IFA_55_23_2183.wav,100.0,0.0,0.0,0.0,0,44.37407700982649,-114.13966178494711,-54.77688098997773,100.0,99.97474747474747,99.21717171717171,96.86868686868686,85.12626262626263
221571,culex pipiens complex,IFA_55_24_2184.wav,99.77272727272727,0.12890625,0.00016571969899814576,0.0729166641831398,0,44.37407700982649,-112.5251075246262,-43.85416655006181,99.77272727272727,99.72222222222223,98.96464646464646,94.31818181818183,79.04040404040404
221572,culex pipiens complex,IFA_55_24_2184.wav,99.6969696969697,0.1328125,0.0002051767660304904,0.0677083358168602,0,44.37407700982649,-109.34075411991721,-43.59781722584084,99.69696969696969,99.36868686868688,98.30808080808082,93.2070707070707,69.2929292929293
221559,culex pipiens complex,IFA_55_26_2186.wav,100.0,0.0,0.0,0.0,0,44.37407700982649,-117.72396817981652,-53.35458605763349,100.0,99.97474747474747,98.7878787878788,93.45959595959596,79.26767676767676
221558,culex pipiens complex,IFA_55_26_2186.wav,100.0,0.0,0.0,0.0,0,44.37407700982649,-112.79141827558773,-54.69383424132409,100.0,99.94949494949495,98.25757575757575,92.44949494949495,77.24747474747474
221566,an funestus ss,IFA_55_27_2187.wav,100.0,0.0,0.0,0.0,0,44.37407700982649,-113.51802351391429,-53.34322007612876,100.0,99.94949494949495,99.54545454545455,96.96969696969697,82.17171717171718
221567,an funestus ss,IFA_55_27_2187.wav,93.3080808080808,0.31640625,0.008365885354578495,0.12501473724842072,38,6993.657556191134,-105.74039481391827,-31.722596328775346,93.3080808080808,91.71717171717172,87.42424242424242,81.16161616161615,63.20707070707071
221585,an funestus ss,IFA_55_28_2188.wav,100.0,0.0,0.0,0.0,0,44.37407700982649,-108.77376036145395,-55.925465989222516,100.0,100.0,99.72222222222223,98.63636363636363,90.7070707070707
221568,an funestus ss,IFA_55_32_2192.wav,100.0,0.0,0.0,0.0,0,44.37407700982649,-105.48212427489403,-54.266459398039075,100.0,99.97474747474747,98.53535353535354,93.66161616161615,77.77777777777779
221569,an funestus ss,IFA_55_32_2192.wav,100.0,0.0,0.0,0.0,0,44.37407700982649,-112.83599995945586,-55.20686785067728,100.0,100.0,99.52020202020202,96.64141414141415,74.52020202020202
221565,culex pipiens complex,IFA_55_33_2193.wav,99.94949494949495,0.03125,9.864267667580862e-06,0.01953125,0,44.37407700982649,-114.65247340362168,-49.885749771884214,99.94949494949495,99.8989898989899,99.41919191919192,96.26262626262626,82.0959595959596
221629,an funestus ss,IFA_55_34_2194.wav,100.0,0.0,0.0,0.0,0,44.37407700982649,-123.35894791403659,-55.823288051207065,100.0,100.0,99.84848484848486,98.51010101010101,81.51515151515152
221630,an funestus ss,IFA_55_34_2194.wav,100.0,0.0,0.0,0.0,0,44.37407700982649,-114.68917466293252,-60.06398819278928,100.0,100.0,100.0,98.18181818181819,86.2121212121212
221600,an funestus ss,IFA_55_35_2195.wav,99.97474747474747,0.00390625,9.864268122328212e-07,0.00390625,0,44.37407700982649,-118.38735549751996,-51.68291680535637,99.97474747474747,99.87373737373737,99.19191919191918,96.46464646464646,78.86363636363637
221599,an funestus ss,IFA_55_35_2195.wav,99.97474747474747,0.01953125,4.932133833790431e-06,0.01953125,0,44.37407700982649,-118.702811341232,-50.64883968758487,99.97474747474747,99.8989898989899,99.0909090909091,95.83333333333334,76.26262626262627
221628,an funestus ss,IFA_55_36_2196.wav,99.79797979797979,0.15625,0.0001588147133588791,0.07861328125,0,44.37407700982649,-111.44785123843242,-41.89777333316038,99.77272727272727,99.24242424242425,97.3989898989899,94.84848484848484,82.67676767676768
221582,culex pipiens complex,IFA_55_40_2200.wav,99.62121212121212,0.15625,0.00021504102915059775,0.05677083507180214,0,44.37407700982649,-124.10407229694427,-42.00668181447411,99.52020202020202,99.21717171717171,97.8030303030303,92.9040404040404,70.55555555555556
221604,an funestus ss,IFA_56_11_2211.wav,100.0,0.0,0.0,0.0,0,44.37407700982649,-121.71558212013494,-53.42964400791519,100.0,99.94949494949495,99.46969696969697,98.91414141414141,91.5909090909091
221603,an funestus ss,IFA_56_11_2211.wav,100.0,0.0,0.0,0.0,0,44.37407700982649,-105.88905800324252,-61.4835837878431,100.0,100.0,100.0,99.74747474747475,95.75757575757575
221632,an funestus ss,IFA_56_12_2212.wav,99.82323232323232,0.18359375,0.00021602745982818305,0.1222098246216774,0,44.37407700982649,-111.02741882819303,-40.332566003014925,99.82323232323232,99.79797979797979,99.36868686868688,96.18686868686869,83.43434343434343
221631,an funestus ss,IFA_56_12_2212.wav,99.8989898989899,0.06640625,3.748421659111045e-05,0.037109375,0,44.37407700982649,-117.2189128760749,-47.746708598953916,99.8989898989899,99.46969696969697,98.68686868686869,97.32323232323232,94.14141414141413
221554,an funestus ss,IFA_56_14_2214.wav,100.0,0.0,0.0,0.0,0,44.37407700982649,-109.25081423411525,-58.71700813254528,100.0,100.0,99.87373737373737,99.14141414141415,94.67171717171718
221553,an funestus ss,IFA_56_14_2214.wav,99.21717171717172,0.1484375,0.0005987610202282667,0.07648689299821854,0,44.37407700982649,-113.21820938876516,-42.5519080221332,99.21717171717171,98.98989898989899,98.53535353535354,96.66666666666667,87.65151515151514
221581,culex pipiens complex,IFA_56_16_2216.wav,100.0,0.0,0.0,0.0,0,44.37407700982649,-107.38611643503539,-56.693134903043116,100.0,100.0,99.8989898989899,98.25757575757575,87.04545454545455
221557,culex pipiens complex,IFA_56_18_2218.wav,100.0,0.0,0.0,0.0,0,44.37407700982649,-109.16920108035382,-58.143658262725594,100.0,100.0,99.77272727272727,97.62626262626263,87.27272727272727
221605,culex pipiens complex,IFA_56_19_2219.wav,99.34343434343434,0.27734375,0.0006895122933201492,0.10501802712678909,0,44.37407700982649,-110.46892918034887,-34.220951042035786,99.34343434343434,99.16666666666667,98.28282828282828,96.23737373737373,86.74242424242425
221552,culex pipiens complex,IFA_56_21_2221.wav,100.0,0.0,0.0,0.0,0,44.37407700982649,-114.97446196025115,-55.05896464404078,100.0,100.0,99.31818181818181,97.5,88.96464646464646
221620,an funestus ss,IFA_56_24_2224.wav,99.41919191919192,0.24609375,0.0005741003551520407,0.09884510934352875,0,44.37407700982649,-111.69302376635329,-36.1719099909559,99.39393939393939,98.91414141414141,98.48484848484848,96.8939393939394,91.54040404040404
221621,an funestus ss,IFA_56_24_2224.wav,99.72222222222223,0.23046875,0.0002633759577292949,0.09481534361839294,0,44.37407700982649,-107.42274002883221,-37.304639745533386,99.72222222222223,99.41919191919192,98.33333333333333,96.7929292929293,93.13131313131314
221595,an funestus ss,IFA_56_26_2226.wav,99.31818181818181,0.14453125,0.0004468513361644,0.0655381977558136,0,44.37407700982649,-114.17179789052776,-42.83415353899297,99.31818181818181,99.16666666666667,98.61111111111111,97.70202020202021,91.18686868686868
221619,culex pipiens complex,IFA_56_27_2227.wav,99.11616161616162,0.1171875,0.00037089645047672093,0.04196428507566452,0,44.37407700982649,-123.36163863901947,-44.395156625268804,99.06565656565657,97.85353535353535,94.5959595959596,87.47474747474747,71.28787878787878
221570,culex pipiens complex,IFA_56_28_2228.wav,99.94949494949495,0.03125,8.877840627974365e-06,0.017578125,0,44.37407700982649,-104.94103970005679,-50.11993049792665,99.92424242424242,99.64646464646465,98.68686868686869,94.04040404040404,83.23232323232324
221594,culex pipiens complex,IFA_56_29_2229.wav,100.0,0.0,0.0,0.0,0,44.37407700982649,-105.33695389865963,-54.46351561411003,100.0,99.92424242424242,99.41919191919192,98.30808080808082,92.07070707070707
221593,culex pipiens complex,IFA_56_29_2229.wav,100.0,0.0,0.0,0.0,0,44.37407700982649,-112.92688500630322,-54.3876962130754,100.0,99.94949494949495,99.5959595959596,96.43939393939394,84.82323232323232
221683,an squamosus,IFA_56_31_2231.wav,97.17171717171718,0.203125,0.0017883917316794395,0.063232421875,0,44.37407700982649,-97.98456856247668,-39.062931052496396,97.04545454545455,92.0959595959596,62.272727272727266,32.77777777777778,13.989898989898991
221667,culex pipiens complex,IFA_56_32_2232.wav,86.71717171717172,0.4453125,0.014893071725964546,0.11212274432182312,0,44.37407700982649,-99.62245663263135,-23.596695263472864,86.2878787878788,75.53030303030303,48.78787878787879,23.434343434343436,9.166666666666666
221668,culex pipiens complex,IFA_56_32_2232.wav,88.76262626262626,0.35546875,0.008586845360696316,0.07641327381134033,14,1059.9326349904563,-98.51826095213588,-29.325884361513932,88.58585858585859,76.56565656565657,43.93939393939394,23.005050505050505,9.646464646464645
221693,an squamosus,IFA_56_35_2235.wav,95.20202020202021,0.40234375,0.004177517257630825,0.08706825971603394,0,44.37407700982649,-98.02197987346561,-26.23084652065731,95.07575757575758,88.08080808080808,49.166666666666664,20.126262626262626,7.121212121212121
221692,an squamosus,IFA_56_35_2235.wav,97.32323232323232,0.203125,0.001720328233204782,0.06426886469125748,0,44.37407700982649,-93.1460512417069,-39.03187858709036,97.19696969696969,89.82323232323233,60.47979797979798,29.21717171717172,10.732323232323232
221682,an squamosus,IFA_56_36_2236.wav,91.51515151515152,0.296875,0.005623619072139263,0.0662783682346344,0,44.37407700982649,-100.5085519876265,-33.0732337779377,91.31313131313131,83.83838383838383,58.43434343434344,34.34343434343434,15.95959595959596
221669,an squamosus,IFA_56_38_2238.wav,97.57575757575758,0.171875,0.0014441288076341152,0.0595703125,0,44.37407700982649,-104.73456579220331,-40.900210145543156,97.55050505050505,95.0,73.30808080808082,48.25757575757576,23.61111111111111
221674,an squamosus,IFA_56_39_2239.wav,99.0909090909091,0.21875,0.0008118292316794395,0.0893012136220932,0,44.37407700982649,-113.1007001967808,-37.96838181222535,99.0909090909091,98.81313131313131,97.82828282828284,96.11111111111111,83.86363636363636
221673,an squamosus,IFA_56_39_2239.wav,99.26767676767676,0.15234375,0.0003866792831104249,0.05280172452330589,0,44.37407700982649,-118.7071243157431,-42.274041587895034,99.24242424242425,98.88888888888889,98.15656565656565,96.43939393939394,87.77777777777777
221646,an arabiensis,IFA_56_40_2240.wav,100.0,0.0,0.0,0.0,0,44.37407700982649,-107.38816593509098,-52.11566897323912,100.0,99.77272727272727,99.06565656565657,96.94444444444444,83.86363636363636
221660,an squamosus,IFA_57_15_2255.wav,97.82828282828282,0.24609375,0.0017883917316794395,0.08234920352697372,0,44.37407700982649,-106.90922232664354,-36.2337072075442,97.77777777777777,97.12121212121212,96.18686868686869,93.93939393939394,83.58585858585859
221642,culex pipiens complex,IFA_57_17_2257.wav,98.71212121212122,0.0859375,0.00043106850353069603,0.03347120061516762,11,763.5799242943094,-108.24916893293363,-46.45691972753025,98.66161616161617,97.75252525252526,95.8080808080808,90.27777777777779,78.3080808080808
221643,culex pipiens complex,IFA_57_17_2257.wav,98.66161616161617,0.08203125,0.00047644414007663727,0.03559846803545952,11,763.5799242943094,-105.18393667457869,-46.72225635300094,98.66161616161617,97.55050505050505,93.66161616161615,86.38888888888889,67.72727272727272
221677,an squamosus,IFA_57_19_2259.wav,99.94949494949495,0.05078125,1.578282899572514e-05,0.03125,0,44.37407700982649,-120.50978884016864,-48.774714948198586,99.94949494949495,99.82323232323232,98.86363636363636,91.46464646464646,65.9090909090909
221676,an squamosus,IFA_57_19_2259.wav,99.52020202020202,0.1953125,0.0003126972878817469,0.0651726946234703,0,44.37407700982649,-118.4520783734109,-39.613979541124046,99.52020202020202,99.31818181818181,98.63636363636363,96.06060606060606,88.03030303030303
221678,an squamosus,IFA_57_19_2259.wav,99.82323232323232,0.03515625,3.6497789551503956e-05,0.0206473208963871,11,763.5799242943094,-112.10192413655797,-49.85464470694686,99.82323232323232,99.29292929292929,98.20707070707071,94.8989898989899,86.81818181818181
221690,an arabiensis,IFA_57_20_2260.wav,100.0,0.0,0.0,0.0,0,44.37407700982649,-103.01118415640418,-53.96145571094647,100.0,99.94949494949495,98.33333333333333,91.84343434343434,70.85858585858585
221691,an arabiensis,IFA_57_20_2260.wav,99.26767676767676,0.234375,0.0007240372360683978,0.09886853396892548,0,44.37407700982649,-116.82139813798328,-37.02061205815369,99.26767676767678,98.7121212121212,97.29797979797979,94.34343434343434,85.25252525252526
221664,culex pipiens complex,IFA_57_22_2262.wav,99.8989898989899,0.08984375,4.833491038880311e-05,0.0478515625,0,44.37407700982649,-111.86707584731728,-46.202312566859305,99.8989898989899,99.79797979797979,98.56060606060606,92.47474747474747,75.22727272727273
221665,culex pipiens complex,IFA_57_22_2262.wav,99.31818181818181,0.234375,0.0006076389108784497,0.08912037312984467,0,44.37407700982649,-109.79854051035743,-36.96898178560508,99.31818181818181,98.63636363636363,97.37373737373738,94.54545454545455,81.38888888888889
221649,culex pipiens complex,IFA_57_23_2263.wav,99.87373737373737,0.08203125,4.6362056309590116e-05,0.03671874850988388,0,44.37407700982649,-116.72317666117193,-46.63455166706656,99.82323232323232,99.16666666666667,97.82828282828284,95.58080808080808,83.98989898989899
221650,culex pipiens complex,IFA_57_23_2263.wav,99.54545454545455,0.1875,0.0003866792831104249,0.0850694477558136,0,44.37407700982649,-129.8103079595142,-40.04738230658972,99.54545454545455,99.26767676767678,98.23232323232324,95.17676767676768,86.2121212121212
221666,an arabiensis,IFA_57_24_2264.wav,99.94949494949495,0.015625,5.918560418649577e-06,0.01171875,0,44.37407700982649,-118.74669354372962,-51.07388153834411,99.94949494949495,99.79797979797979,98.56060606060606,92.75252525252526,70.22727272727273
221651,culex pipiens complex,IFA_57_26_2266.wav,99.97474747474747,0.0234375,5.918560418649577e-06,0.0234375,11,763.5799242943094,-120.76827053050634,-50.52753792146931,99.97474747474747,99.82323232323232,98.56060606060606,93.28282828282828,81.61616161616162
221698,an squamosus,IFA_57_27_2267.wav,99.84848484848484,0.02734375,1.6769254216342233e-05,0.011067708022892475,12,856.3585075381263,-113.33622796317042,-50.20438199043899,99.84848484848486,99.44444444444444,98.63636363636363,96.54040404040404,83.96464646464646
221699,an squamosus,IFA_57_27_2267.wav,100.0,0.0,0.0,0.0,0,44.37407700982649,-117.51372076083938,-53.17118162784378,100.0,99.82323232323232,98.56060606060606,95.60606060606061,76.56565656565657
221640,culex pipiens complex,IFA_57_30_2270.wav,99.74747474747475,0.13671875,0.00016276042151730508,0.064453125,0,44.37407700982649,-109.7912776748839,-43.2900061077084,99.74747474747475,99.67171717171716,99.24242424242425,96.8939393939394,86.91919191919192
221681,culex pipiens complex,IFA_57_32_2272.wav,99.6969696969697,0.11328125,0.00011837121564894915,0.0390625,0,44.37407700982649,-109.69740863307658,-44.72495785271264,99.69696969696969,98.96464646464646,94.7979797979798,73.63636363636363,43.813131313131315
221680,culex pipiens complex,IFA_57_32_2272.wav,98.23232323232324,0.3828125,0.0016197127988561988,0.09162946790456772,0,44.37407700982649,-107.21865258124863,-27.380368819754146,98.20707070707071,97.42424242424242,95.88383838383838,93.56060606060606,84.52020202020202
221696,culex pipiens complex,IFA_57_33_2273.wav,99.79797979797979,0.08203125,8.976483513833955e-05,0.04443359375,0,44.37407700982649,-123.89643845095777,-46.76376746071627,99.77272727272727,99.5959595959596,98.96464646464646,95.85858585858585,72.47474747474747
221694,culex pipiens complex,IFA_57_33_2273.wav,99.87373737373737,0.08203125,4.833491038880311e-05,0.03828125074505806,0,44.37407700982649,-120.45974865667282,-46.64359562508734,99.87373737373737,99.62121212121212,98.91414141414141,95.9090909090909,77.22222222222223
221697,culex pipiens complex,IFA_57_33_2273.wav,100.0,0.0,0.0,0.0,0,44.37407700982649,-120.04698024390902,-57.85563721916694,100.0,100.0,99.67171717171716,97.57575757575758,87.55050505050505
221695,culex pipiens complex,IFA_57_33_2273.wav,100.0,0.0,0.0,0.0,0,44.37407700982649,-115.79200212498543,-52.31540673239158,100.0,99.87373737373737,98.51010101010101,94.82323232323232,74.06565656565657
221679,an squamosus,IFA_57_34_2274.wav,99.94949494949495,0.00390625,1.9728536244656425e-06,0.00390625,0,44.37407700982649,-105.93726515046998,-51.63886256066177,99.94949494949495,99.77272727272727,98.63636363636363,95.07575757575758,81.33838383838385
221654,culex pipiens complex,IFA_57_35_2275.wav,98.0050505050505,0.26953125,0.0015260021900758147,0.0764932781457901,0,44.37407700982649,-111.79725382424678,-34.75000590292612,97.95454545454545,97.32323232323232,94.54545454545455,89.5959595959596,79.21717171717172
221658,culex pipiens complex,IFA_57_36_2276.wav,99.52020202020202,0.10546875,0.00024068812490440905,0.05016447231173515,0,44.37407700982649,-117.04673280082231,-45.3465978141876,99.46969696969697,99.11616161616162,97.44949494949495,92.42424242424242,85.20202020202021
221659,culex pipiens complex,IFA_57_37_2277.wav,99.97474747474747,0.00390625,9.864268122328212e-07,0.00390625,0,44.37407700982649,-115.27505330307007,-51.66328536164757,99.94949494949495,99.67171717171716,96.81818181818181,86.64141414141415,64.0909090909091
221661,culex pipiens complex,IFA_57_39_2279.wav,92.5,0.23828125,0.006166153587400913,0.08221538364887238,24,2554.0786666249355,-116.95322615926557,-36.84054192132952,92.42424242424242,89.0909090909091,82.67676767676768,73.25757575757575,55.25252525252525
221801,an squamosus,IFA_58_13_2293.wav,99.74747474747475,0.05078125,8.483270357828587e-05,0.03359375149011612,0,44.37407700982649,-120.32750893758212,-48.78924750343894,99.72222222222223,99.29292929292929,98.86363636363636,97.77777777777777,94.24242424242424
221800,an squamosus,IFA_58_13_2293.wav,99.41919191919192,0.15234375,0.0003886521444655955,0.06691575795412064,0,44.37407700982649,-113.3980563894999,-42.139348484049,99.41919191919192,99.14141414141415,97.44949494949495,94.16666666666667,87.14646464646465
221771,an squamosus,IFA_58_14_2294.wav,99.74747474747475,0.14453125,0.0001805161009542644,0.07148437201976776,0,44.37407700982649,-111.91391825255978,-42.85669434408736,99.74747474747475,98.98989898989899,98.13131313131314,96.94444444444444,83.18181818181817
221769,an squamosus,IFA_58_14_2294.wav,99.34343434343434,0.2109375,0.0007141729583963752,0.10877403616905212,0,44.37407700982649,-136.514868937069,-38.59562234475879,99.34343434343434,99.04040404040404,98.03030303030303,96.41414141414143,91.9949494949495
221770,an squamosus,IFA_58_14_2294.wav,98.66161616161617,0.203125,0.0009637389448471367,0.0720076635479927,0,44.37407700982649,-125.34103958785434,-38.9623472441187,98.66161616161617,98.13131313131314,97.44949494949495,96.76767676767678,93.43434343434343
221763,an squamosus,IFA_58_21_2301.wav,99.26767676767676,0.15625,0.0004369870584923774,0.05967133492231369,0,44.37407700982649,-108.37559335433595,-42.001530104580745,99.21717171717171,98.45959595959596,96.38888888888889,92.72727272727272,84.77272727272728
221791,an arabiensis,IFA_58_24_2304.wav,99.8989898989899,0.10546875,5.721275374526158e-05,0.056640625,0,44.37407700982649,-108.38432964229867,-45.24918943133957,99.8989898989899,99.84848484848486,98.56060606060606,94.0909090909091,78.3080808080808
221792,an arabiensis,IFA_58_24_2304.wav,100.0,0.0,0.0,0.0,0,44.37407700982649,-110.42486669226626,-52.96570024164335,100.0,99.8989898989899,99.41919191919192,96.74242424242424,87.65151515151514
221790,an arabiensis,IFA_58_24_2304.wav,100.0,0.0,0.0,0.0,0,44.37407700982649,-119.24226993131639,-54.048057700171924,100.0,99.94949494949495,99.67171717171716,95.02525252525253,79.62121212121212
221764,an squamosus,IFA_58_27_2307.wav,99.41919191919192,0.15234375,0.00032552084303461015,0.056046195328235626,0,44.37407700982649,-101.31331274623987,-42.289276409257475,99.41919191919192,98.81313131313131,96.66666666666667,92.62626262626263,76.11111111111111
221797,an arabiensis,IFA_58_29_2309.wav,100.0,0.0,0.0,0.0,0,44.37407700982649,-116.13566803808365,-56.69701856189463,100.0,100.0,99.74747474747475,96.66666666666667,82.1969696969697
221796,an squamosus,IFA_58_33_2313.wav,99.79797979797979,0.109375,7.79277179390192e-05,0.03857421875,0,44.37407700982649,-109.030580691543,-45.07309261848057,99.79797979797979,99.62121212121212,97.04545454545455,91.54040404040404,60.55555555555555
221755,an squamosus,IFA_58_34_2314.wav,99.4949494949495,0.13671875,0.0003334122593514621,0.06601562350988388,0,44.37407700982649,-119.23972459439688,-43.17005743129312,99.4949494949495,99.11616161616162,98.63636363636363,97.82828282828284,95.05050505050505
221756,an squamosus,IFA_58_35_2315.wav,100.0,0.0,0.0,0.0,0,44.37407700982649,-120.32363758629864,-54.6540929424419,100.0,99.97474747474747,99.44444444444444,95.65656565656566,84.62121212121212
221772,an squamosus,IFA_58_39_2319.wav,100.0,0.0,0.0,0.0,0,44.37407700982649,-111.21109472278853,-56.041748560205576,100.0,100.0,99.54545454545455,96.66666666666667,85.22727272727273
221774,an squamosus,IFA_58_39_2319.wav,99.46969696969697,0.19140625,0.00039161142194643617,0.0738467276096344,0,44.37407700982649,-120.75699217945264,-39.7568616845174,99.44444444444444,99.0909090909091,98.28282828282828,96.38888888888889,88.63636363636364
221773,an squamosus,IFA_58_39_2319.wav,99.44444444444444,0.12109375,0.00019136679475195706,0.034446023404598236,35,5698.132814724256,-111.6903202932229,-44.362813627895875,99.44444444444444,98.66161616161617,96.74242424242424,92.62626262626263,77.42424242424242
221775,culex pipiens complex,IFA_59_10_2330.wav,100.0,0.0,0.0,0.0,0,44.37407700982649,-114.3242801572099,-54.85131908155128,100.0,99.97474747474747,99.4949494949495,92.85353535353535,71.6161616161616
221760,culex pipiens complex,IFA_59_12_2332.wav,99.94949494949495,0.0234375,8.877840627974365e-06,0.017578125,34,5316.7234575094635,-113.4013484786552,-50.48864338612415,99.94949494949495,99.77272727272727,97.52525252525253,88.15656565656566,76.54040404040404
221761,culex pipiens complex,IFA_59_12_2332.wav,99.54545454545455,0.16015625,0.00036004575667902827,0.0792100727558136,0,44.37407700982649,-106.47151691660693,-41.711039933041675,99.54545454545455,99.31818181818181,98.48484848484848,97.22222222222221,91.56565656565657
221776,culex pipiens complex,IFA_59_13_2333.wav,99.74747474747475,0.171875,0.00014599115820601583,0.05781250074505806,0,44.37407700982649,-108.88635244991059,-40.95936757622087,99.74747474747475,99.57070707070706,99.11616161616162,97.82828282828284,94.2929292929293
221812,culex pipiens complex,IFA_59_18_2338.wav,96.6919191919192,0.515625,0.004132141824811697,0.12491054087877274,37,6535.018595714345,-113.20710215641711,-19.04887524464691,96.5909090909091,95.2020202020202,91.6919191919192,85.65656565656565,64.77272727272727
221815,culex pipiens complex,IFA_59_19_2339.wav,99.8989898989899,0.09375,7.79277179390192e-05,0.0771484375,0,44.37407700982649,-115.53791116414877,-45.968168812871006,99.8989898989899,99.77272727272727,98.98989898989899,96.03535353535354,89.41919191919192
221789,culex pipiens complex,IFA_59_20_2340.wav,99.4949494949495,0.0546875,0.00013119475624989718,0.02597656287252903,13,955.0184679215481,-109.35776513635503,-48.597709645335954,99.4949494949495,98.83838383838383,97.12121212121212,95.12626262626263,88.73737373737373
221788,culex pipiens complex,IFA_59_20_2340.wav,99.0909090909091,0.18359375,0.0006461095181293786,0.0710720494389534,0,44.37407700982649,-104.72274637102535,-40.164538900472266,99.04040404040404,98.13131313131314,95.37878787878788,90.55555555555556,76.81818181818181
221777,culex pipiens complex,IFA_59_22_2342.wav,99.41919191919192,0.10546875,0.00021701389050576836,0.03736412897706032,0,44.37407700982649,-116.17576224777544,-45.25389595758941,99.39393939393939,99.16666666666667,98.38383838383838,95.60606060606061,85.02525252525253
221814,culex pipiens complex,IFA_59_23_2343.wav,99.64646464646465,0.15234375,0.0002584438188932836,0.0731026753783226,0,44.37407700982649,-129.33985286039683,-42.155481679367696,99.62121212121212,99.36868686868688,98.4090909090909,95.42929292929293,88.10606060606061
221813,culex pipiens complex,IFA_59_23_2343.wav,100.0,0.0,0.0,0.0,0,44.37407700982649,-120.47108210293734,-52.98042226122284,100.0,99.94949494949495,99.87373737373737,99.21717171717171,93.53535353535354
221803,culex pipiens complex,IFA_59_25_2345.wav,99.6969696969697,0.0625,6.707701686536893e-05,0.02213541604578495,0,44.37407700982649,-117.0276858889464,-48.08864193369561,99.69696969696969,99.29292929292929,97.52525252525253,85.45454545454545,60.58080808080808
221783,culex pipiens complex,IFA_59_26_2346.wav,100.0,0.0,0.0,0.0,0,44.37407700982649,-108.98568722258167,-53.91249504471581,100.0,99.94949494949495,99.46969696969697,97.47474747474747,87.70202020202021
221778,an funestus ss,IFA_59_27_2347.wav,100.0,0.0,0.0,0.0,0,44.37407700982649,-106.20669318412413,-58.199372269992196,100.0,100.0,99.87373737373737,99.24242424242425,92.97979797979798
221787,culex pipiens complex,IFA_59_30_2350.wav,100.0,0.0,0.0,0.0,0,44.37407700982649,-150.01914379587004,-53.12587290243164,100.0,99.97474747474747,99.62121212121212,98.7878787878788,92.42424242424242
221786,culex pipiens complex,IFA_59_30_2350.wav,99.94949494949495,0.03125,9.864267667580862e-06,0.01953125,0,44.37407700982649,-117.28715066149478,-49.91203253766387,99.92424242424242,99.69696969696969,99.04040404040404,97.6010101010101,89.64646464646465
221785,culex pipiens complex,IFA_59_30_2350.wav,100.0,0.0,0.0,0.0,0,44.37407700982649,-115.49503894826873,-52.40709667562083,100.0,99.84848484848486,99.46969696969697,97.3989898989899,85.3030303030303
221709,an squamosus,IFA_59_32_2352.wav,99.94949494949495,0.046875,2.071496237476822e-05,0.041015625,0,44.37407700982649,-110.96586087644964,-48.971829941622076,99.94949494949495,99.8989898989899,98.28282828282828,96.84343434343434,94.46969696969697
221700,an squamosus,IFA_59_36_2356.wav,99.8989898989899,0.05859375,4.438920586835593e-05,0.0439453125,0,44.37407700982649,-116.99688289150214,-48.332407616936244,99.87373737373737,99.64646464646465,98.38383838383838,94.06565656565657,80.0
221725,an squamosus,IFA_59_39_2359.wav,99.36868686868686,0.19140625,0.00036004575667902827,0.05703125149011612,37,6535.018595714345,-118.137353916014,-39.63053571197191,99.31818181818181,98.73737373737373,97.3989898989899,93.3080808080808,88.18181818181819
221719,an squamosus,IFA_60_11_2371.wav,99.97474747474747,0.01953125,4.932133833790431e-06,0.01953125,13,955.0184679215481,-112.7196451827472,-50.83740726396378,99.97474747474747,99.87373737373737,99.21717171717171,97.42424242424242,89.64646464646465
221737,an arabiensis,IFA_60_13_2373.wav,99.94949494949495,0.01171875,3.945707248931285e-06,0.0078125,0,44.37407700982649,-123.63643986189223,-51.21858071905052,99.94949494949495,99.54545454545455,97.9040404040404,95.9090909090909,92.37373737373737
221744,an squamosus,IFA_60_14_2374.wav,99.72222222222223,0.02734375,4.734848334919661e-05,0.017045455053448677,37,6535.018595714345,-116.99657963600691,-50.198397550789,99.69696969696969,98.7121212121212,94.72222222222221,88.83838383838383,76.38888888888889
221736,an squamosus,IFA_60_15_2375.wav,100.0,0.0,0.0,0.0,0,44.37407700982649,-106.26950901902212,-52.0629464299339,100.0,99.74747474747475,98.96464646464646,97.17171717171718,92.44949494949495
221722,an squamosus,IFA_60_17_2377.wav,99.82323232323232,0.0703125,6.214488530531526e-05,0.03515625,0,44.37407700982649,-118.24199016850363,-47.59713028899569,99.82323232323232,99.54545454545455,98.88888888888889,97.3989898989899,86.66666666666667
221750,an squamosus,IFA_60_21_2381.wav,99.74747474747475,0.14453125,0.00012527620128821582,0.04960937425494194,37,6535.018595714345,-115.97113507808443,-42.642020201741346,99.74747474747475,99.64646464646465,99.11616161616162,96.64141414141415,88.28282828282829
221723,culex pipiens complex,IFA_60_26_2386.wav,99.52020202020202,0.1875,0.00020320391922723502,0.04235197231173515,0,44.37407700982649,-114.47959608650208,-40.01011378765776,99.52020202020202,98.96464646464646,98.13131313131314,94.2929292929293,82.24747474747474
221743,culex pipiens complex,IFA_60_27_2387.wav,99.4949494949495,0.17578125,0.0003324258141219616,0.06582031399011612,0,44.37407700982649,-119.58698296842161,-40.80485113495147,99.4949494949495,98.86363636363636,96.84343434343434,92.12121212121212,81.43939393939394
221752,culex pipiens complex,IFA_60_28_2388.wav,98.68686868686869,0.2421875,0.0009449968347325921,0.07196514308452606,0,44.37407700982649,-112.09519982592853,-36.39870791701612,98.56060606060606,97.9040404040404,95.70707070707071,90.75757575757576,72.72727272727273
221751,culex pipiens complex,IFA_60_28_2388.wav,99.34343434343434,0.140625,0.0004863083886448294,0.07406850904226303,0,44.37407700982649,-109.74016583435619,-43.062206535887825,99.34343434343434,99.26767676767678,98.68686868686869,97.04545454545455,90.25252525252525
221739,culex pipiens complex,IFA_60_29_2389.wav,99.92424242424242,0.05078125,1.8742108295555227e-05,0.02473958395421505,0,44.37407700982649,-108.51665626932362,-48.82297907916538,99.92424242424242,99.69696969696969,96.6919191919192,87.27272727272727,70.22727272727273
221742,culex pipiens complex,IFA_60_30_2390.wav,99.29292929292929,0.15234375,0.00047052555601112545,0.0665457621216774,0,44.37407700982649,-115.67776602433128,-42.3364734588526,99.29292929292929,99.06565656565657,98.05555555555556,92.9040404040404,81.18686868686868
221703,culex pipiens complex,IFA_60_31_2391.wav,99.97474747474747,0.00390625,9.864268122328212e-07,0.00390625,0,44.37407700982649,-118.86819051455652,-51.71289289534493,99.97474747474747,99.36868686868688,98.25757575757575,97.07070707070707,91.48989898989899
221753,culex pipiens complex,IFA_60_32_2392.wav,99.74747474747475,0.12109375,0.00015190972771961242,0.06015624850988388,0,44.37407700982649,-114.69547709405232,-44.162340850677964,99.67171717171716,99.34343434343434,97.17171717171718,94.64646464646465,83.61111111111111
221707,culex pipiens complex,IFA_60_35_2395.wav,99.06565656565657,0.1796875,0.0006816209061071277,0.07295186072587967,0,44.37407700982649,-112.7031063899284,-40.41727235069794,99.01515151515152,98.83838383838383,98.0050505050505,95.22727272727273,84.16666666666667
221713,culex pipiens complex,IFA_60_37_2397.wav,99.87373737373737,0.02734375,2.1701389414374717e-05,0.01718750037252903,0,44.37407700982649,-119.73537945511757,-50.26893421721962,99.87373737373737,99.69696969696969,98.56060606060606,91.89393939393939,66.94444444444444
221712,culex pipiens complex,IFA_60_37_2397.wav,99.57070707070707,0.125,0.00025252526393160224,0.05882352963089943,0,44.37407700982649,-109.11720068026007,-43.98662659576267,99.57070707070706,99.26767676767678,97.9040404040404,93.35858585858587,87.34848484848486
221730,culex pipiens complex,IFA_60_38_2398.wav,99.34343434343434,0.10546875,0.00036004575667902827,0.05483774095773697,0,44.37407700982649,-111.35920444490934,-45.2355080915419,99.34343434343434,99.16666666666667,97.42424242424242,92.22222222222223,79.16666666666666
221733,culex pipiens complex,IFA_60_38_2398.wav,100.0,0.0,0.0,0.0,0,44.37407700982649,-119.09859084872022,-58.56217969732967,100.0,100.0,99.92424242424242,99.29292929292929,90.73232323232322
221731,culex pipiens complex,IFA_60_38_2398.wav,99.79797979797979,0.0703125,5.918560782447457e-05,0.029296875,0,44.37407700982649,-121.00801428330625,-47.609101713215324,99.79797979797979,98.96464646464646,97.65151515151516,94.34343434343434,73.53535353535354
221732,culex pipiens complex,IFA_60_38_2398.wav,99.97474747474747,0.01171875,2.9592802093247883e-06,0.01171875,0,44.37407700982649,-106.0189879195151,-51.28716394912149,99.97474747474747,99.74747474747475,98.81313131313131,97.07070707070707,86.81818181818181
221702,culex pipiens complex,IFA_60_39_2399.wav,100.0,0.0,0.0,0.0,0,44.37407700982649,-106.60211424527404,-52.81161063998393,100.0,99.92424242424242,99.16666666666667,96.08585858585859,88.45959595959596
221701,culex pipiens complex,IFA_60_39_2399.wav,97.72727272727273,0.4296875,0.0038056345656514168,0.16744790971279144,34,5316.7234575094635,-121.47168449082281,-24.490144248269363,97.70202020202021,96.46464646464646,93.08080808080808,87.32323232323232,79.39393939393939
221715,culex pipiens complex,IFA_60_40_2400.wav,100.0,0.0,0.0,0.0,0,44.37407700982649,-137.33394371637536,-54.618980496953206,100.0,99.97474747474747,98.45959595959596,92.55050505050505,79.24242424242425
221714,culex pipiens complex,IFA_60_40_2400.wav,99.21717171717172,0.19921875,0.0004448784748092294,0.05682963877916336,0,44.37407700982649,-111.06973978695832,-39.32918066009519,99.21717171717171,98.7121212121212,96.74242424242424,91.61616161616162,80.93434343434343
221832,an squamosus,IFA_61_10_2410.wav,99.52020202020202,0.04296875,9.666982077760622e-05,0.020148025825619698,12,856.3585075381263,-105.37346468601193,-49.331269627918275,99.44444444444444,98.35858585858585,96.43939393939394,94.06565656565657,80.12626262626263
221846,an arabiensis,IFA_61_11_2411.wav,98.61111111111111,0.16015625,0.0009982639458030462,0.07187499850988388,0,44.37407700982649,-114.5807895593058,-41.78570296617231,98.58585858585859,98.0050505050505,90.15151515151516,58.25757575757575,39.39393939393939
221845,an arabiensis,IFA_61_11_2411.wav,96.16161616161617,0.28125,0.003985164221376181,0.10382401198148727,35,5698.132814724256,-109.03285271269289,-33.965506836873516,96.08585858585859,94.57070707070707,91.11111111111111,85.80808080808082,75.53030303030303
221844,an arabiensis,IFA_61_11_2411.wav,99.29292929292929,0.28125,0.0012281013187021017,0.1736886203289032,34,5316.7234575094635,-128.67309333375758,-34.07631283022254,99.29292929292929,99.04040404040404,97.65151515151516,93.25757575757576,78.2070707070707
221850,an arabiensis,IFA_61_11_2411.wav,99.72222222222223,0.0625,0.0001006155289360322,0.036221589893102646,0,44.37407700982649,-109.88570236645512,-48.01265365193042,99.69696969696969,98.91414141414141,97.77777777777777,96.11111111111111,90.85858585858585
221848,an arabiensis,IFA_61_11_2411.wav,100.0,0.0,0.0,0.0,0,44.37407700982649,-121.09462618638717,-59.455467687364525,100.0,100.0,99.94949494949495,98.58585858585859,88.88888888888889
221847,an arabiensis,IFA_61_11_2411.wav,100.0,0.0,0.0,0.0,0,44.37407700982649,-120.5589396174937,-55.2210566877913,100.0,100.0,98.96464646464646,95.4040404040404,73.13131313131314
221849,an arabiensis,IFA_61_11_2411.wav,99.92424242424242,0.02734375,1.0850694707187358e-05,0.014322916977107525,12,856.3585075381263,-115.20764890629705,-50.37477200033517,99.92424242424242,99.19191919191918,97.34848484848484,94.82323232323232,84.46969696969697
221843,an squamosus,IFA_61_14_2414.wav,99.79797979797979,0.0703125,7.69412872614339e-05,0.0380859375,0,44.37407700982649,-116.03797331758743,-47.47069261144959,99.79797979797979,99.46969696969697,98.20707070707071,96.43939393939394,90.68181818181819
221838,an squamosus,IFA_61_15_2415.wav,99.14141414141415,0.17578125,0.0007398200687021017,0.08616727590560913,0,44.37407700982649,-112.04014395836197,-40.711259999936004,99.11616161616162,98.96464646464646,97.47474747474747,94.39393939393939,87.14646464646465
221831,an arabiensis,IFA_61_16_2416.wav,100.0,0.0,0.0,0.0,0,44.37407700982649,-111.69451844739113,-58.96986187991723,100.0,100.0,99.97474747474747,97.17171717171718,83.45959595959596
221841,culex pipiens complex,IFA_61_19_2419.wav,99.41919191919192,0.15625,0.00039161142194643617,0.06742527335882187,0,44.37407700982649,-107.8285806153322,-42.011784905561214,99.39393939393939,99.16666666666667,98.10606060606061,95.95959595959596,88.68686868686869
221840,culex pipiens complex,IFA_61_19_2419.wav,99.8989898989899,0.02734375,1.0850694707187358e-05,0.0107421875,0,44.37407700982649,-106.94457164719587,-50.29643211253743,99.8989898989899,99.79797979797979,99.46969696969697,96.76767676767678,88.53535353535354
221839,culex pipiens complex,IFA_61_20_2420.wav,100.0,0.0,0.0,0.0,0,44.37407700982649,-121.64564067863782,-55.40774636052212,100.0,100.0,97.19696969696969,89.62121212121212,73.10606060606061
221816,an arabiensis,IFA_61_21_2421.wav,99.94949494949495,0.01171875,5.918560418649577e-06,0.01171875,0,44.37407700982649,-111.4832688950073,-51.24762513122613,99.94949494949495,99.8989898989899,98.10606060606061,96.46464646464646,92.27272727272727
221817,an arabiensis,IFA_61_21_2421.wav,100.0,0.0,0.0,0.0,0,44.37407700982649,-122.66963586761925,-55.447096698482255,100.0,100.0,98.48484848484848,95.88383838383838,86.11111111111111
221818,an arabiensis,IFA_61_21_2421.wav,99.97474747474747,0.01171875,2.9592802093247883e-06,0.01171875,0,44.37407700982649,-114.89834278570414,-51.171183963562655,99.97474747474747,99.84848484848486,99.26767676767678,97.42424242424242,93.83838383838385
221819,an arabiensis,IFA_61_25_2425.wav,100.0,0.0,0.0,0.0,0,44.37407700982649,-120.5267800950063,-57.81580327921188,100.0,100.0,99.8989898989899,99.06565656565657,88.61111111111111
221820,an arabiensis,IFA_61_25_2425.wav,100.0,0.0,0.0,0.0,0,44.37407700982649,-128.68992191238812,-53.63077181720559,100.0,99.94949494949495,99.01515151515152,96.28787878787878,89.79797979797979
221842,culex pipiens complex,IFA_61_27_2427.wav,99.26767676767676,0.24609375,0.0007151594036258757,0.09765625,0,44.37407700982649,-115.1975646685551,-36.20350094584564,99.26767676767678,98.66161616161617,97.27272727272728,95.17676767676768,89.82323232323233
221833,culex pipiens complex,IFA_61_29_2429.wav,99.5959595959596,0.078125,0.0001548690052004531,0.038330078125,0,44.37407700982649,-112.25722121371398,-47.058606158123936,99.5959595959596,99.41919191919192,98.4090909090909,96.54040404040404,86.48989898989899
221834,culex pipiens complex,IFA_61_29_2429.wav,100.0,0.0,0.0,0.0,0,44.37407700982649,-129.75830632863355,-58.99544047324138,100.0,100.0,99.92424242424242,98.53535353535354,95.98484848484848
221851,culex pipiens complex,IFA_61_30_2430.wav,99.97474747474747,0.0078125,1.9728536244656425e-06,0.0078125,0,44.37407700982649,-111.17449745176769,-51.425850147562606,99.97474747474747,99.77272727272727,99.16666666666667,97.9040404040404,91.71717171717172
221857,an arabiensis,IFA_61_31_2431.wav,99.8989898989899,0.0703125,3.9457070670323446e-05,0.0390625,0,44.37407700982649,-117.92074778583974,-47.427140260976806,99.8989898989899,99.74747474747475,99.31818181818181,97.3989898989899,89.06565656565657
221854,an squamosus,IFA_61_32_2432.wav,99.8989898989899,0.05859375,4.340277882874943e-05,0.04296875,0,44.37407700982649,-122.14149705751649,-48.141968975589904,99.87373737373737,99.62121212121212,97.22222222222221,90.73232323232322,76.38888888888889
221868,an squamosus,IFA_61_33_2433.wav,100.0,0.0,0.0,0.0,0,44.37407700982649,-122.29792271585171,-58.10902934856386,100.0,100.0,99.97474747474747,99.39393939393939,92.44949494949495
221867,an squamosus,IFA_61_33_2433.wav,100.0,0.0,0.0,0.0,0,44.37407700982649,-122.21798073751926,-61.34948344638537,100.0,100.0,100.0,99.41919191919192,96.56565656565657
221860,an arabiensis,IFA_61_34_2434.wav,100.0,0.0,0.0,0.0,0,44.37407700982649,-109.44443350692947,-56.37793631874604,100.0,100.0,99.44444444444444,97.09595959595958,88.7878787878788
221861,an arabiensis,IFA_61_34_2434.wav,100.0,0.0,0.0,0.0,0,44.37407700982649,-121.3422126306377,-57.95992135593899,100.0,100.0,99.87373737373737,98.91414141414141,89.14141414141415
221863,an arabiensis,IFA_61_35_2435.wav,100.0,0.0,0.0,0.0,0,44.37407700982649,-120.8361559808751,-53.606331484772795,100.0,99.94949494949495,99.24242424242425,96.66666666666667,87.80303030303031
221856,culex pipiens complex,IFA_61_36_2436.wav,99.44444444444444,0.26171875,0.0006904987385496497,0.12428977340459824,35,5698.132814724256,-110.73851275204333,-35.25008889076755,99.44444444444444,99.19191919191918,98.51010101010101,96.6919191919192,92.87878787878789
221862,an squamosus,IFA_61_37_2437.wav,99.84848484848484,0.0390625,3.452493547229096e-05,0.02278645895421505,0,44.37407700982649,-119.53146149695462,-49.598557237593866,99.82323232323232,99.62121212121212,98.51010101010101,95.05050505050505,81.08585858585859
221852,an squamosus,IFA_61_38_2438.wav,99.92424242424242,0.01171875,4.932133833790431e-06,0.0065104165114462376,13,955.0184679215481,-117.82095361173867,-51.26040941053893,99.92424242424242,99.82323232323232,98.45959595959596,93.53535353535354,72.02020202020202
221864,an arabiensis,IFA_61_39_2439.wav,99.77272727272727,0.0625,8.384627290070057e-05,0.0368923619389534,0,44.37407700982649,-114.82333894418818,-48.08096169709425,99.72222222222223,99.46969696969697,98.33333333333333,93.66161616161615,79.77272727272727
221865,an arabiensis,IFA_61_39_2439.wav,100.0,0.0,0.0,0.0,0,44.37407700982649,-121.76099960072506,-56.82627625066295,100.0,100.0,99.79797979797979,97.27272727272728,90.55555555555556
221866,an funestus ss,IFA_62_10_2450.wav,100.0,0.0,0.0,0.0,0,44.37407700982649,-122.8005297937726,-53.298390117500816,100.0,99.97474747474747,99.87373737373737,98.53535353535354,93.88888888888889
221855,an funestus ss,IFA_62_12_2452.wav,99.74747474747475,0.05859375,6.510417006211355e-05,0.02578124962747097,0,44.37407700982649,-113.07909107181446,-48.130359814642716,99.74747474747475,99.41919191919192,98.86363636363636,96.74242424242424,91.9949494949495
221893,an arabiensis,IFA_62_13_2453.wav,99.4949494949495,0.171875,0.00027718592900782824,0.05488281324505806,0,44.37407700982649,-119.02171910516485,-41.07558406708706,99.44444444444444,98.7878787878788,96.38888888888889,85.32828282828284,64.21717171717172
221892,an arabiensis,IFA_62_13_2453.wav,100.0,0.0,0.0,0.0,0,44.37407700982649,-119.97235062056052,-55.21436260097097,100.0,100.0,99.74747474747475,98.66161616161617,87.70202020202021
221890,an arabiensis,IFA_62_13_2453.wav,99.87373737373737,0.09765625,7.200915570138022e-05,0.05703125149011612,0,44.37407700982649,-118.37569681946528,-45.747724451662535,99.87373737373737,99.62121212121212,98.35858585858585,95.88383838383838,85.83333333333333
221891,an arabiensis,IFA_62_13_2453.wav,99.5959595959596,0.05859375,9.173768921755254e-05,0.022705078125,0,44.37407700982649,-116.95303145587437,-48.21673087882275,99.57070707070706,99.26767676767678,97.6010101010101,92.72727272727272,75.15151515151514
221954,an arabiensis,IFA_62_14_2454.wav,99.34343434343434,0.078125,0.0002041903353529051,0.03109975904226303,13,955.0184679215481,-124.09926160940665,-47.027848313516486,99.29292929292929,97.92929292929293,96.06060606060606,88.98989898989899,62.196969696969695
221885,an squamosus,IFA_62_16_2456.wav,98.51010101010101,0.1796875,0.0009144176146946847,0.061374470591545105,0,44.37407700982649,-110.1423588040858,-40.51414699278211,98.45959595959596,97.57575757575758,95.85858585858585,91.56565656565657,69.7979797979798
221894,an arabiensis,IFA_62_18_2458.wav,100.0,0.0,0.0,0.0,0,44.37407700982649,-121.15313946031415,-52.10839686426638,100.0,98.63636363636363,96.16161616161617,93.58585858585859,85.85858585858585
221921,an arabiensis,IFA_62_20_2460.wav,99.92424242424242,0.0234375,1.282354787690565e-05,0.01692708395421505,0,44.37407700982649,-113.98523896190889,-50.579399805674996,99.92424242424242,99.84848484848486,99.64646464646465,98.43434343434343,93.23232323232324
221926,an arabiensis,IFA_62_21_2461.wav,99.94949494949495,0.03515625,1.0850694707187358e-05,0.021484375,13,955.0184679215481,-104.39732012721026,-49.81292349091735,99.92424242424242,99.21717171717171,97.95454545454545,94.21717171717172,70.27777777777777
221911,an arabiensis,IFA_62_22_2462.wav,99.97474747474747,0.00390625,9.864268122328212e-07,0.00390625,13,955.0184679215481,-115.79512098859689,-51.6814401428513,99.97474747474747,99.87373737373737,97.42424242424242,94.94949494949495,88.7121212121212
221929,an arabiensis,IFA_62_23_2463.wav,99.82323232323232,0.0625,4.5375632907962427e-05,0.02566964365541935,0,44.37407700982649,-119.01042012980413,-47.94280646703055,99.82323232323232,99.46969696969697,98.13131313131314,94.01515151515152,80.47979797979798
221914,an funestus ss,IFA_62_26_2466.wav,100.0,0.0,0.0,0.0,0,44.37407700982649,-144.07522352886647,-57.99709104453562,100.0,100.0,99.94949494949495,98.05555555555556,93.83838383838385
221957,an arabiensis,IFA_62_27_2467.wav,99.52020202020202,0.23046875,0.00042810922604985535,0.08922697603702545,0,44.37407700982649,-110.75307431865039,-37.27583439402931,99.52020202020202,99.19191919191918,97.75252525252526,93.78787878787878,83.88888888888889
221958,an arabiensis,IFA_62_27_2467.wav,99.64646464646465,0.078125,0.00017657039279583842,0.0499441958963871,0,44.37407700982649,-119.92087577590343,-47.12357344769039,99.64646464646465,99.21717171717171,98.28282828282828,90.07575757575758,67.2979797979798
221920,an arabiensis,IFA_62_29_2469.wav,99.79797979797979,0.05859375,6.017203122610226e-05,0.02978515625,0,44.37407700982649,-107.25520165488541,-48.13075378679432,99.77272727272727,99.67171717171716,98.68686868686869,96.31313131313132,87.04545454545455
221875,an arabiensis,IFA_62_33_2473.wav,99.21717171717172,0.1640625,0.00048236269503831863,0.06161794438958168,0,44.37407700982649,-112.87168704676061,-41.41944252348527,99.19191919191918,98.66161616161617,97.52525252525253,95.63131313131314,85.37878787878788
221961,an arabiensis,IFA_62_36_2476.wav,100.0,0.0,0.0,0.0,0,44.37407700982649,-113.3700663045908,-57.10696339412265,100.0,100.0,99.82323232323232,98.93939393939394,94.67171717171718
221942,an arabiensis,IFA_62_37_2477.wav,99.77272727272727,0.06640625,6.214488530531526e-05,0.02734375,0,44.37407700982649,-104.80410624941184,-47.669045956452024,99.74747474747475,99.01515151515152,95.0,83.05555555555556,63.20707070707071
221928,an funestus ss,IFA_62_38_2478.wav,100.0,0.0,0.0,0.0,0,44.37407700982649,-113.99120040986037,-54.8976580422278,100.0,99.97474747474747,99.04040404040404,96.43939393939394,91.66666666666666
221884,an arabiensis,IFA_62_40_2480.wav,99.84848484848484,0.08203125,6.609059346374124e-05,0.0436197929084301,0,44.37407700982649,-108.71813821654563,-46.76510516839333,99.84848484848486,99.74747474747475,98.28282828282828,93.45959595959596,81.21212121212122
221888,an arabiensis,IFA_63_10_2490.wav,99.79797979797979,0.07421875,8.680555765749887e-05,0.04296875,12,856.3585075381263,-116.64460123810358,-47.35193443288526,99.79797979797979,99.19191919191918,97.87878787878788,95.47979797979798,89.54545454545455
221910,an funestus ss,IFA_63_13_2493.wav,100.0,0.0,0.0,0.0,0,44.37407700982649,-117.96760695422785,-53.40916462409883,100.0,99.94949494949495,99.62121212121212,98.61111111111111,96.41414141414143
221909,an funestus ss,IFA_63_13_2493.wav,100.0,0.0,0.0,0.0,0,44.37407700982649,-112.83607884819406,-54.53496773178543,100.0,99.97474747474747,99.77272727272727,97.27272727272728,87.9040404040404
221946,an funestus ss,IFA_63_14_2494.wav,99.8989898989899,0.12890625,9.075126581592485e-05,0.08984375,0,44.37407700982649,-116.67643628667021,-43.872367673621255,99.8989898989899,99.82323232323232,99.5959595959596,98.81313131313131,96.01010101010101
221948,an funestus ss,IFA_63_14_2494.wav,99.82323232323232,0.09375,9.469696669839323e-05,0.0535714291036129,0,44.37407700982649,-122.22402226675783,-45.885898415477335,99.79797979797979,99.74747474747475,99.0909090909091,98.20707070707071,96.7929292929293
221949,an funestus ss,IFA_63_14_2494.wav,99.97474747474747,0.00390625,9.864268122328212e-07,0.00390625,0,44.37407700982649,-126.97052980895683,-51.84292392682358,99.97474747474747,99.97474747474747,99.67171717171716,98.51010101010101,94.57070707070707
221947,an funestus ss,IFA_63_14_2494.wav,100.0,0.0,0.0,0.0,0,44.37407700982649,-125.68063634217198,-56.326126069397056,100.0,100.0,99.62121212121212,98.58585858585859,95.3030303030303
221955,an funestus ss,IFA_63_17_2497.wav,99.79797979797979,0.1328125,0.00012231692380737513,0.060546875,0,44.37407700982649,-113.35217143171133,-43.39423602765616,99.79797979797979,99.74747474747475,99.21717171717171,98.66161616161617,97.19696969696969
221944,an funestus ss,IFA_63_19_2499.wav,100.0,0.0,0.0,0.0,0,44.37407700982649,-131.06359935488882,-53.62000130778781,100.0,99.92424242424242,99.36868686868688,98.33333333333333,91.31313131313131
221887,an arabiensis,IFA_63_20_2500.wav,99.92424242424242,0.0546875,2.3674241674598306e-05,0.03125,0,44.37407700982649,-117.27589291896854,-48.534243285711646,99.8989898989899,99.72222222222223,99.41919191919192,98.35858585858585,94.39393939393939
221886,an arabiensis,IFA_63_20_2500.wav,100.0,0.0,0.0,0.0,0,44.37407700982649,-115.85342449610167,-53.646889790733205,100.0,99.97474747474747,99.72222222222223,98.48484848484848,93.13131313131314
221873,an arabiensis,IFA_63_21_2501.wav,99.26767676767676,0.12890625,0.000546480412594974,0.07462284713983536,0,44.37407700982649,-113.04965962310266,-43.74351944969604,99.21717171717171,98.53535353535354,97.32323232323232,93.86363636363636,81.64141414141413
221874,an arabiensis,IFA_63_21_2501.wav,100.0,0.0,0.0,0.0,0,44.37407700982649,-115.19649642951144,-59.22200493473259,100.0,100.0,99.82323232323232,98.20707070707071,91.94444444444444
221927,culex pipiens complex,IFA_63_22_2502.wav,100.0,0.0,0.0,0.0,0,44.37407700982649,-120.48084536637771,-54.928082891727136,100.0,99.97474747474747,99.06565656565657,96.06060606060606,88.15656565656566
221938,an funestus ss,IFA_63_26_2506.wav,99.84848484848484,0.11328125,8.680555765749887e-05,0.0572916679084301,0,44.37407700982649,-118.88427988599736,-44.72016767499484,99.84848484848486,99.74747474747475,99.26767676767678,98.38383838383838,95.0
221937,an funestus ss,IFA_63_26_2506.wav,100.0,0.0,0.0,0.0,0,44.37407700982649,-115.90394994876593,-59.23331289558277,100.0,100.0,99.92424242424242,99.39393939393939,95.8080808080808
221936,an funestus ss,IFA_63_26_2506.wav,100.0,0.0,0.0,0.0,0,44.37407700982649,-116.45184359076777,-53.29964049477692,100.0,99.94949494949495,99.74747474747475,99.0909090909091,97.14646464646465
221905,culex pipiens complex,IFA_63_27_2507.wav,98.53535353535354,0.234375,0.0014036853099241853,0.09583782404661179,0,44.37407700982649,-117.34633521674255,-37.02039119966262,98.53535353535354,98.03030303030303,97.24747474747475,94.62121212121211,87.57575757575758
221902,culex pipiens complex,IFA_63_27_2507.wav,100.0,0.0,0.0,0.0,0,44.37407700982649,-114.91143921411386,-53.19427327098556,100.0,99.87373737373737,99.21717171717171,98.18181818181819,90.32828282828282
221903,culex pipiens complex,IFA_63_27_2507.wav,99.21717171717172,0.109375,0.0002880366228055209,0.036794353276491165,0,44.37407700982649,-110.26872552877677,-45.018902756518955,99.21717171717171,98.76262626262627,98.10606060606061,96.76767676767678,90.6060606060606
221904,culex pipiens complex,IFA_63_27_2507.wav,99.84848484848484,0.03515625,3.3538508432684466e-05,0.02213541604578495,0,44.37407700982649,-115.76454261394701,-49.648695063147734,99.84848484848486,99.62121212121212,97.65151515151516,94.74747474747474,88.83838383838383
221924,an arabiensis,IFA_63_28_2508.wav,99.67171717171718,0.203125,0.0003028330102097243,0.09224759787321091,0,44.37407700982649,-120.72104977531693,-38.947380335632026,99.67171717171716,99.39393939393939,98.08080808080808,95.58080808080808,88.4090909090909
221925,an arabiensis,IFA_63_28_2508.wav,99.4949494949495,0.14453125,0.00032552084303461015,0.064453125,33,4958.050905231921,-108.90045708630507,-42.73069114221053,99.44444444444444,99.0909090909091,97.97979797979798,88.10606060606061,64.94949494949495
221879,an arabiensis,IFA_63_29_2509.wav,97.37373737373737,0.28515625,0.002553858794271946,0.09724308550357819,0,44.37407700982649,-111.63487800649119,-33.85710777106256,97.34848484848484,97.04545454545455,96.46464646464646,94.94949494949495,86.16161616161617
221878,an arabiensis,IFA_63_29_2509.wav,99.8989898989899,0.05859375,4.5375632907962427e-05,0.044921875,0,44.37407700982649,-119.98386389108737,-48.37180693361785,99.8989898989899,99.52020202020202,98.83838383838383,97.47474747474747,92.57575757575758
221918,an funestus ss,IFA_63_31_2511.wav,100.0,0.0,0.0,0.0,0,44.37407700982649,-135.1411866237771,-59.55046958032661,100.0,100.0,99.97474747474747,99.54545454545455,94.14141414141413
221950,an funestus ss,IFA_63_32_2512.wav,100.0,0.0,0.0,0.0,0,44.37407700982649,-118.40374416543129,-57.21220656327303,100.0,100.0,99.84848484848486,99.39393939393939,96.94444444444444
221951,an funestus ss,IFA_63_32_2512.wav,99.46969696969697,0.1328125,0.00029494159389287233,0.0556175597012043,0,44.37407700982649,-116.46719752259057,-43.42697826827123,99.41919191919192,98.93939393939394,97.57575757575758,95.78282828282828,89.01515151515152
221898,an arabiensis,IFA_63_33_2513.wav,99.64646464646465,0.08203125,0.00013119475624989718,0.037109375,0,44.37407700982649,-116.05103935173837,-46.80666582282346,99.64646464646465,99.31818181818181,98.28282828282828,96.16161616161617,89.44444444444444
221900,an arabiensis,IFA_63_33_2513.wav,100.0,0.0,0.0,0.0,0,44.37407700982649,-112.83695504377621,-58.46937809518184,100.0,100.0,99.87373737373737,97.97979797979798,82.22222222222221
221899,an arabiensis,IFA_63_33_2513.wav,98.88888888888889,0.171875,0.0008216935093514621,0.07395241409540176,0,44.37407700982649,-114.27948112712961,-40.94185818241216,98.88888888888889,98.53535353535354,97.62626262626263,94.7979797979798,85.12626262626263
221901,an arabiensis,IFA_63_33_2513.wav,100.0,0.0,0.0,0.0,0,44.37407700982649,-121.78860173748805,-60.86270803515623,100.0,100.0,100.0,92.42424242424242,75.78282828282829
221923,culex pipiens complex,IFA_63_36_2516.wav,100.0,0.0,0.0,0.0,0,44.37407700982649,-116.37545834622095,-60.107104815881726,100.0,100.0,100.0,99.16666666666667,94.11616161616162
221922,culex pipiens complex,IFA_63_36_2516.wav,100.0,0.0,0.0,0.0,0,44.37407700982649,-108.96092334079773,-52.766871902834644,100.0,99.92424242424242,99.82323232323232,98.51010101010101,92.27272727272727
221945,culex pipiens complex,IFA_63_37_2517.wav,99.87373737373737,0.0703125,6.313131598290056e-05,0.05000000074505806,0,44.37407700982649,-110.66417518671108,-47.49684237785449,99.87373737373737,99.29292929292929,98.35858585858585,95.68181818181817,82.14646464646465
221934,an arabiensis,IFA_63_38_2518.wav,99.39393939393939,0.12890625,0.00031960225896909833,0.052734375,0,44.37407700982649,-125.87283271467928,-43.851359092786275,99.39393939393939,99.06565656565657,98.23232323232324,96.01010101010101,88.20707070707071
221933,an arabiensis,IFA_63_38_2518.wav,98.63636363636364,0.13671875,0.0007200915133580565,0.05280671268701553,0,44.37407700982649,-112.40891501104909,-43.26238368075281,98.61111111111111,97.70202020202021,95.1010101010101,89.77272727272727,72.55050505050505
221935,an arabiensis,IFA_63_38_2518.wav,99.26767676767676,0.203125,0.0004616477235686034,0.06303879618644714,0,44.37407700982649,-107.03951036453519,-39.06807474508437,99.26767676767678,98.7121212121212,96.6161616161616,91.76767676767676,71.13636363636363
221912,an funestus ss,IFA_63_39_2519.wav,98.98989898989899,0.22265625,0.0008946890593506396,0.08857421576976776,0,44.37407700982649,-115.86106365297836,-37.73644398334597,98.96464646464646,98.61111111111111,97.34848484848484,93.58585858585859,70.95959595959596
221882,an arabiensis,IFA_63_40_2520.wav,99.39393939393939,0.1953125,0.000580018968321383,0.095703125,37,6535.018595714345,-132.46622946431387,-39.57603140159154,99.39393939393939,99.21717171717171,98.33333333333333,96.01010101010101,89.87373737373737
221883,an arabiensis,IFA_63_40_2520.wav,100.0,0.0,0.0,0.0,0,44.37407700982649,-107.63949753603184,-58.69927791928441,100.0,100.0,99.67171717171716,95.83333333333334,83.86363636363636
221989,an arabiensis,IFA_64_12_2532.wav,99.87373737373737,0.0703125,3.255208503105678e-05,0.02578124962747097,0,44.37407700982649,-113.10581972731916,-47.453459011103696,99.87373737373737,99.5959595959596,97.77777777777777,92.34848484848484,79.06565656565657
221990,an arabiensis,IFA_64_12_2532.wav,100.0,0.0,0.0,0.0,0,44.37407700982649,-113.80574426886238,-55.7391341776939,100.0,100.0,98.98989898989899,89.94949494949495,58.05555555555556
221980,an arabiensis,IFA_64_13_2533.wav,100.0,0.0,0.0,0.0,0,44.37407700982649,-114.89248809450967,-53.4513237907552,100.0,99.87373737373737,99.57070707070706,97.09595959595958,80.1010101010101
221981,an arabiensis,IFA_64_13_2533.wav,99.36868686868686,0.13671875,0.0005030776374042034,0.07968749850988388,0,44.37407700982649,-121.71774384472849,-43.13291444993264,99.34343434343434,99.04040404040404,97.92929292929293,94.74747474747474,86.38888888888889
221964,an arabiensis,IFA_64_14_2534.wav,100.0,0.0,0.0,0.0,0,44.37407700982649,-111.87123402939966,-58.52623594432582,100.0,100.0,99.94949494949495,99.41919191919192,93.86363636363636
221968,an funestus ss,IFA_64_15_2535.wav,99.87373737373737,0.046875,4.6362056309590116e-05,0.03671874850988388,0,44.37407700982649,-118.4722515838248,-49.05587012390116,99.87373737373737,99.4949494949495,98.61111111111111,96.26262626262626,71.28787878787878
221970,an funestus ss,IFA_64_15_2535.wav,99.79797979797979,0.03515625,3.847064363071695e-05,0.01904296875,0,44.37407700982649,-111.99752334232109,-49.72520660436171,99.79797979797979,99.4949494949495,98.20707070707071,96.06060606060606,88.18181818181819
221967,an funestus ss,IFA_64_15_2535.wav,99.92424242424242,0.05859375,3.057923095184378e-05,0.0403645820915699,0,44.37407700982649,-114.21861361288522,-48.141643504676594,99.92424242424242,99.87373737373737,99.31818181818181,97.6010101010101,90.37878787878788
221969,an funestus ss,IFA_64_15_2535.wav,99.92424242424242,0.07421875,4.044349770992994e-05,0.0533854179084301,0,44.37407700982649,-121.26573098993703,-47.18286587616894,99.92424242424242,99.84848484848486,98.88888888888889,96.76767676767678,92.65151515151516
221985,an funestus ss,IFA_64_16_2536.wav,100.0,0.0,0.0,0.0,0,44.37407700982649,-127.0924542579051,-61.04441736522026,100.0,100.0,100.0,99.36868686868688,94.92424242424242
221986,an funestus ss,IFA_64_16_2536.wav,99.64646464646465,0.12109375,0.00016078756016213447,0.0454799123108387,0,44.37407700982649,-109.71698569282621,-44.35444210088919,99.64646464646465,99.57070707070706,98.96464646464646,97.82828282828284,91.71717171717172
221974,an arabiensis,IFA_64_17_2537.wav,100.0,0.0,0.0,0.0,0,44.37407700982649,-120.94807213004457,-54.775979670257335,100.0,99.97474747474747,99.62121212121212,97.47474747474747,87.22222222222223
221966,an funestus ss,IFA_64_20_2540.wav,99.4949494949495,0.09765625,0.000231810292461887,0.0458984375,0,44.37407700982649,-115.19246267600862,-45.636859155628066,99.44444444444444,99.06565656565657,98.53535353535354,97.07070707070707,91.03535353535354
221965,an funestus ss,IFA_64_20_2540.wav,100.0,0.0,0.0,0.0,0,44.37407700982649,-119.0953857794174,-57.17077353852219,100.0,100.0,99.92424242424242,99.24242424242425,94.14141414141413
221992,an arabiensis,IFA_64_22_2542.wav,100.0,0.0,0.0,0.0,0,44.37407700982649,-111.35372552309208,-59.150236360029496,100.0,100.0,99.92424242424242,98.76262626262627,89.46969696969697
221991,an arabiensis,IFA_64_22_2542.wav,100.0,0.0,0.0,0.0,0,44.37407700982649,-127.04184451349612,-61.00829106249555,100.0,100.0,100.0,98.56060606060606,93.45959595959596
221975,culex pipiens complex,IFA_64_23_2543.wav,99.97474747474747,0.02734375,6.904987458256073e-06,0.02734375,0,44.37407700982649,-119.94016947449833,-50.162377225749324,99.97474747474747,99.87373737373737,98.38383838383838,95.95959595959596,90.02525252525253
221962,an funestus ss,IFA_64_24_2544.wav,99.39393939393939,0.14453125,0.0003866792831104249,0.0638020858168602,0,44.37407700982649,-116.92958019342444,-42.76949369645732,99.36868686868688,99.06565656565657,97.67676767676767,95.45454545454545,92.04545454545455
221963,an funestus ss,IFA_64_24_2544.wav,99.1919191919192,0.1171875,0.000463620584923774,0.057373046875,36,6103.720297923788,-114.8791082821805,-44.5533132643655,99.19191919191918,98.73737373737373,98.15656565656565,97.07070707070707,90.25252525252525
221976,an funestus ss,IFA_64_25_2545.wav,99.97474747474747,0.0078125,1.9728536244656425e-06,0.0078125,0,44.37407700982649,-122.04242991230997,-51.55825911516515,99.97474747474747,99.87373737373737,99.39393939393939,98.76262626262627,96.43939393939394
221977,an funestus ss,IFA_64_25_2545.wav,99.64646464646465,0.13671875,0.00022194602934177965,0.0627790167927742,0,44.37407700982649,-112.50241053828356,-43.128870243881025,99.64646464646465,99.29292929292929,98.30808080808082,97.02020202020202,93.58585858585859
222043,an arabiensis,IFA_64_31_2551.wav,99.92424242424242,0.078125,3.255208503105678e-05,0.04296875,0,44.37407700982649,-116.51925089661984,-47.00344417472772,99.92424242424242,99.84848484848486,99.52020202020202,96.21212121212122,81.03535353535354
222042,an arabiensis,IFA_64_31_2551.wav,100.0,0.0,0.0,0.0,0,44.37407700982649,-108.50919649532005,-54.79079018439937,100.0,99.97474747474747,99.72222222222223,97.87878787878788,83.71212121212122
222008,an arabiensis,IFA_64_32_2552.wav,100.0,0.0,0.0,0.0,0,44.37407700982649,-110.51347594741118,-60.400742109093926,100.0,100.0,100.0,99.24242424242425,93.88888888888889
222034,an arabiensis,IFA_64_34_2554.wav,99.24242424242425,0.26171875,0.0009883996099233627,0.13046875596046448,38,6993.657556191134,-113.41994882607338,-35.21354550896742,99.24242424242425,98.98989898989899,98.30808080808082,94.26767676767676,79.84848484848484
222033,an arabiensis,IFA_64_34_2554.wav,98.68686868686869,0.19921875,0.0010811237152665854,0.08233173191547394,0,44.37407700982649,-117.51313058529942,-39.18092491925597,98.68686868686869,97.92929292929293,95.07575757575758,90.07575757575758,80.07575757575758
222032,an arabiensis,IFA_64_34_2554.wav,100.0,0.0,0.0,0.0,0,44.37407700982649,-118.10435990194858,-57.07959911676169,100.0,100.0,99.44444444444444,94.87373737373737,81.11111111111111
222020,an arabiensis,IFA_64_35_2555.wav,99.46969696969697,0.1640625,0.00023378313926514238,0.0440848208963871,0,44.37407700982649,-109.57455983019611,-41.39368292196322,99.46969696969697,99.26767676767678,98.20707070707071,96.33838383838383,90.65656565656566
222021,an arabiensis,IFA_64_35_2555.wav,97.24747474747475,0.27734375,0.0029504024423658848,0.10718893259763718,0,44.37407700982649,-107.22249048242999,-34.36975225446816,97.22222222222221,96.76767676767678,96.31313131313132,95.02525252525253,89.5959595959596
222039,an arabiensis,IFA_64_36_2556.wav,99.67171717171718,0.1484375,0.00019235322542954236,0.05859375,0,44.37407700982649,-107.26420962173597,-42.56718562852455,99.67171717171716,99.52020202020202,98.7121212121212,98.0050505050505,94.5959595959596
222038,an arabiensis,IFA_64_36_2556.wav,99.1919191919192,0.1796875,0.0006372316856868565,0.078857421875,0,44.37407700982649,-112.99833169788153,-40.599698421292445,99.19191919191918,98.83838383838383,97.72727272727273,93.96464646464646,79.01515151515152
222037,an arabiensis,IFA_64_36_2556.wav,99.62121212121212,0.109375,0.00017065183783415705,0.04505208507180214,0,44.37407700982649,-109.37824587412072,-45.08339548663472,99.5959595959596,99.0909090909091,97.42424242424242,94.0909090909091,84.69696969696969
222040,an arabiensis,IFA_64_36_2556.wav,99.44444444444444,0.14453125,0.0002801452064886689,0.05042613670229912,0,44.37407700982649,-112.2463823095733,-42.62836634286248,99.39393939393939,98.73737373737373,97.02020202020202,94.67171717171718,82.14646464646465
222019,an arabiensis,IFA_64_37_2557.wav,100.0,0.0,0.0,0.0,0,44.37407700982649,-116.63376196392886,-60.03101986242113,100.0,100.0,100.0,98.56060606060606,91.21212121212122
222046,an arabiensis,IFA_64_39_2559.wav,100.0,0.0,0.0,0.0,0,44.37407700982649,-112.45633071975305,-53.54254870650809,100.0,99.8989898989899,98.83838383838383,96.36363636363636,85.55555555555556
222051,an arabiensis,IFA_65_10_2570.wav,99.4949494949495,0.1640625,0.0003146701492369175,0.06230468675494194,0,44.37407700982649,-117.17497724283649,-41.385703489262596,99.46969696969697,99.19191919191918,97.44949494949495,90.0,59.09090909090909
222050,an arabiensis,IFA_65_10_2570.wav,99.44444444444444,0.2421875,0.0004872948338743299,0.08771307021379471,0,44.37407700982649,-110.9706019892608,-36.497869618160536,99.44444444444444,98.93939393939394,97.32323232323232,94.0909090909091,83.86363636363636
222049,an arabiensis,IFA_65_10_2570.wav,99.94949494949495,0.015625,4.932133833790431e-06,0.009765625,21,2006.1286971205443,-127.91080590695431,-50.95470333307745,99.94949494949495,99.84848484848486,97.12121212121212,86.41414141414141,65.37878787878788
222017,an arabiensis,IFA_65_11_2571.wav,99.72222222222223,0.08984375,0.00012527620128821582,0.04509943351149559,0,44.37407700982649,-117.2389752447104,-46.19728511355188,99.72222222222223,99.54545454545455,99.06565656565657,98.20707070707071,92.44949494949495
222016,an arabiensis,IFA_65_11_2571.wav,99.87373737373737,0.1015625,7.200915570138022e-05,0.05703125149011612,0,44.37407700982649,-107.83450220681385,-45.3906689730697,99.87373737373737,98.35858585858585,91.06060606060606,83.58585858585859,74.97474747474747
222061,an arabiensis,IFA_65_12_2572.wav,99.62121212121212,0.15625,0.0001844618091126904,0.04869791492819786,0,44.37407700982649,-118.50568902857623,-42.119300780123965,99.62121212121212,99.34343434343434,98.68686868686869,97.47474747474747,87.17171717171716
222060,an arabiensis,IFA_65_12_2572.wav,99.92424242424242,0.03125,1.6769254216342233e-05,0.02213541604578495,0,44.37407700982649,-110.94334652513103,-49.92755692275481,99.92424242424242,99.74747474747475,97.82828282828284,93.88888888888889,87.34848484848486
222053,an arabiensis,IFA_65_13_2573.wav,100.0,0.0,0.0,0.0,0,44.37407700982649,-108.53973684381066,-52.82496279025092,100.0,99.97474747474747,99.41919191919192,96.66666666666667,84.87373737373738
222052,an arabiensis,IFA_65_13_2573.wav,99.41919191919192,0.1484375,0.0004438920586835593,0.07642663270235062,13,955.0184679215481,-119.49581075294368,-42.467208780465114,99.41919191919192,98.61111111111111,96.21212121212122,90.65656565656566,71.6919191919192
222007,an arabiensis,IFA_65_15_2575.wav,99.74747474747475,0.140625,0.00017755682347342372,0.0703125,0,44.37407700982649,-110.82329262881323,-43.09125181287854,99.74747474747475,99.57070707070706,98.45959595959596,94.39393939393939,84.1919191919192
222015,an funestus ss,IFA_65_16_2576.wav,99.94949494949495,0.01171875,3.945707248931285e-06,0.0078125,34,5316.7234575094635,-114.62350442247823,-51.17591803975372,99.94949494949495,99.87373737373737,99.29292929292929,96.81818181818181,86.2121212121212
222010,an funestus ss,IFA_65_17_2577.wav,99.97474747474747,0.00390625,9.864268122328212e-07,0.00390625,0,44.37407700982649,-116.06443094971127,-51.79042050341267,99.97474747474747,99.92424242424242,99.29292929292929,95.47979797979798,86.69191919191918
222005,an funestus ss,IFA_65_19_2579.wav,99.74747474747475,0.08984375,0.00014007260324433446,0.05546874925494194,0,44.37407700982649,-121.50937978392639,-46.37248144069108,99.74747474747475,99.4949494949495,98.03030303030303,95.83333333333334,91.21212121212122
222041,an arabiensis,IFA_65_21_2581.wav,100.0,0.0,0.0,0.0,0,44.37407700982649,-119.8744864197454,-54.12512775859169,100.0,99.94949494949495,99.31818181818181,95.0,82.6010101010101
221999,an funestus ss,IFA_65_22_2582.wav,99.62121212121212,0.1484375,0.00019925821106880903,0.05260416492819786,0,44.37407700982649,-113.07116064078242,-42.494787850049434,99.62121212121212,99.44444444444444,98.73737373737373,96.06060606060606,88.25757575757575
222013,culex pipiens complex,IFA_65_23_2583.wav,100.0,0.0,0.0,0.0,0,44.37407700982649,-113.11434307711718,-54.36238014044381,100.0,99.94949494949495,99.54545454545455,97.27272727272728,89.06565656565657
222014,culex pipiens complex,IFA_65_23_2583.wav,99.44444444444444,0.1328125,0.00027422665152698755,0.04936079680919647,0,44.37407700982649,-120.65022105461648,-43.439997516989955,99.44444444444444,98.7121212121212,97.47474747474747,92.9040404040404,79.04040404040404
222056,an arabiensis,IFA_65_24_2584.wav,99.8989898989899,0.03515625,1.9728535335161723e-05,0.01953125,13,955.0184679215481,-104.00408117144876,-49.75779185443416,99.87373737373737,99.44444444444444,97.5,95.47979797979798,89.06565656565657
222018,an arabiensis,IFA_65_25_2585.wav,99.97474747474747,0.02734375,6.904987458256073e-06,0.02734375,36,6103.720297923788,-110.18724780736551,-50.36473618565675,99.97474747474747,99.82323232323232,98.20707070707071,93.15656565656566,78.71212121212122
222006,an funestus ss,IFA_65_26_2586.wav,100.0,0.0,0.0,0.0,0,44.37407700982649,-131.84372013864606,-56.33951009981036,100.0,100.0,99.8989898989899,97.47474747474747,93.93939393939394
221995,an arabiensis,IFA_65_28_2588.wav,98.35858585858585,0.36328125,0.0021671797148883343,0.13203124701976776,0,44.37407700982649,-111.99647481485331,-28.783132034846126,98.33333333333333,97.52525252525253,95.47979797979798,91.11111111111111,77.22222222222223
221998,an funestus ss,IFA_65_29_2589.wav,99.54545454545455,0.203125,0.0003067787329200655,0.0674913227558136,0,44.37407700982649,-116.44825943727741,-39.09810468638676,99.54545454545455,99.39393939393939,98.73737373737373,98.0050505050505,95.07575757575758
222028,an funestus ss,IFA_65_30_2590.wav,99.4949494949495,0.0703125,0.00015092329704202712,0.02988281287252903,13,955.0184679215481,-114.91532611980263,-47.606712838424194,99.46969696969697,98.73737373737373,96.54040404040404,90.63131313131314,74.34343434343434
222027,an funestus ss,IFA_65_30_2590.wav,99.52020202020202,0.23828125,0.00031960225896909833,0.06661184132099152,0,44.37407700982649,-107.75592241134638,-36.83687868202073,99.52020202020202,98.7878787878788,96.9949494949495,92.57575757575758,79.64646464646464
222044,an funestus ss,IFA_65_32_2592.wav,99.39393939393939,0.1875,0.0003925978671759367,0.0647786483168602,0,44.37407700982649,-130.2459636071709,-39.928775597857424,99.34343434343434,98.96464646464646,98.05555555555556,95.85858585858585,89.41919191919192
222045,culex pipiens complex,IFA_65_33_2593.wav,99.44444444444444,0.1328125,0.0003077651490457356,0.055397726595401764,35,5698.132814724256,-112.97534515206671,-43.57249472543685,99.41919191919192,98.91414141414141,96.86868686868686,92.24747474747474,67.5
222064,culex pipiens complex,IFA_65_35_2595.wav,99.5959595959596,0.140625,0.00024266098625957966,0.06005859375,0,44.37407700982649,-108.1143839564476,-42.99483964311894,99.57070707070706,99.36868686868688,98.58585858585859,96.84343434343434,90.68181818181819
222057,an funestus ss,IFA_65_36_2596.wav,100.0,0.0,0.0,0.0,0,44.37407700982649,-124.76037611635462,-61.39863991298435,100.0,100.0,100.0,99.77272727272727,98.91414141414141
222055,culex pipiens complex,IFA_65_39_2599.wav,99.62121212121212,0.21875,0.000438959919847548,0.1158854141831398,0,44.37407700982649,-109.88858059681355,-38.06183907051008,99.62121212121212,99.34343434343434,98.38383838383838,95.73232323232324,89.44444444444444
222054,culex pipiens complex,IFA_65_39_2599.wav,100.0,0.0,0.0,0.0,0,44.37407700982649,-137.85496660236782,-56.33354425621623,100.0,100.0,99.97474747474747,98.61111111111111,95.78282828282828
222072,an arabiensis,IFA_66_10_2610.wav,100.0,0.0,0.0,0.0,0,44.37407700982649,-132.5133537254702,-52.90624486514392,100.0,99.97474747474747,99.67171717171716,97.97979797979798,92.22222222222223
222071,an arabiensis,IFA_66_10_2610.wav,100.0,0.0,0.0,0.0,0,44.37407700982649,-115.13062564680673,-57.353819412455415,100.0,100.0,99.77272727272727,97.77777777777777,93.53535353535354
222070,an arabiensis,IFA_66_10_2610.wav,100.0,0.0,0.0,0.0,0,44.37407700982649,-108.47487009019042,-57.28917603018543,100.0,100.0,99.72222222222223,98.05555555555556,92.27272727272727
222075,an arabiensis,IFA_66_12_2612.wav,100.0,0.0,0.0,0.0,0,44.37407700982649,-113.54718590569759,-53.842808643248944,100.0,99.94949494949495,99.84848484848486,98.10606060606061,84.8989898989899
222074,an arabiensis,IFA_66_13_2613.wav,99.36868686868686,0.09765625,0.00018840751727111638,0.029843749478459358,35,5698.132814724256,-112.77362870210555,-45.75244981509403,99.31818181818181,98.61111111111111,96.7929292929293,94.62121212121211,90.27777777777779
222065,an arabiensis,IFA_66_14_2614.wav,100.0,0.0,0.0,0.0,0,44.37407700982649,-123.10907698063826,-56.24065912308086,100.0,100.0,99.57070707070706,98.98989898989899,95.73232323232324
222067,an arabiensis,IFA_66_15_2615.wav,100.0,0.0,0.0,0.0,0,44.37407700982649,-136.532000216344,-54.15065412876841,100.0,99.97474747474747,99.92424242424242,99.29292929292929,94.57070707070707
222066,an arabiensis,IFA_66_17_2617.wav,100.0,0.0,0.0,0.0,0,44.37407700982649,-113.2258348085947,-53.61677792386513,100.0,99.94949494949495,99.84848484848486,99.46969696969697,98.38383838383838
222105,an arabiensis,IFA_66_18_2618.wav,99.84848484848484,0.05078125,4.734848334919661e-05,0.03125,13,955.0184679215481,-126.06590358823044,-48.767691300933976,99.84848484848486,99.74747474747475,98.93939393939394,96.64141414141415,88.98989898989899
222107,an arabiensis,IFA_66_19_2619.wav,100.0,0.0,0.0,0.0,0,44.37407700982649,-117.9986839379982,-57.55712350630098,100.0,100.0,99.69696969696969,96.11111111111111,93.43434343434343
222087,an arabiensis,IFA_66_20_2620.wav,99.77272727272727,0.05078125,5.2280618547229096e-05,0.02300347201526165,0,44.37407700982649,-119.29547536827748,-48.830714038416936,99.77272727272727,99.36868686868688,97.3989898989899,92.95454545454545,84.79797979797979
222088,an arabiensis,IFA_66_21_2621.wav,100.0,0.0,0.0,0.0,0,44.37407700982649,-128.0193813005687,-57.25702322143076,100.0,100.0,99.82323232323232,98.15656565656565,84.04040404040404
222095,an arabiensis,IFA_66_23_2623.wav,99.5959595959596,0.12890625,0.00021405461302492768,0.052978515625,35,5698.132814724256,-118.59550125555322,-43.74414374053533,99.5959595959596,99.44444444444444,97.8030303030303,94.87373737373737,86.43939393939394
222094,an arabiensis,IFA_66_25_2625.wav,99.74747474747475,0.03125,3.9457070670323446e-05,0.015625,13,955.0184679215481,-116.61414600648384,-50.08376039139436,99.72222222222223,99.04040404040404,98.18181818181819,96.86868686868686,93.28282828282828
222127,an arabiensis,IFA_66_27_2627.wav,99.94949494949495,0.01953125,6.904987458256073e-06,0.013671875,0,44.37407700982649,-113.75206276607246,-50.685977412071104,99.94949494949495,99.77272727272727,99.36868686868688,98.20707070707071,95.75757575757575
222119,an arabiensis,IFA_66_28_2628.wav,99.94949494949495,0.04296875,1.8742108295555227e-05,0.037109375,0,44.37407700982649,-118.02459273319828,-49.318830487938634,99.94949494949495,99.84848484848486,99.4949494949495,98.81313131313131,95.70707070707071
222118,an arabiensis,IFA_66_30_2630.wav,100.0,0.0,0.0,0.0,0,44.37407700982649,-116.5473986669542,-57.00463524592456,100.0,100.0,99.77272727272727,98.53535353535354,95.65656565656566
222124,an squamosus,IFA_66_31_2631.wav,99.94949494949495,0.04296875,1.8742108295555227e-05,0.037109375,38,6993.657556191134,-140.66529352243563,-49.14225227745927,99.94949494949495,99.8989898989899,99.41919191919192,98.10606060606061,93.63636363636364
222091,an arabiensis,IFA_66_32_2632.wav,99.92424242424242,0.0625,3.6497789551503956e-05,0.0481770820915699,0,44.37407700982649,-115.23291733231707,-48.02746280292674,99.92424242424242,99.77272727272727,99.36868686868688,96.74242424242424,85.1010101010101
222100,an arabiensis,IFA_66_33_2633.wav,100.0,0.0,0.0,0.0,0,44.37407700982649,-124.15149189071194,-51.88210658956404,99.94949494949495,99.84848484848486,99.31818181818181,97.85353535353535,93.25757575757576
222092,an arabiensis,IFA_66_34_2634.wav,99.64646464646465,0.18359375,0.000231810292461887,0.0655691996216774,35,5698.132814724256,-121.58458172434709,-40.23815580630965,99.64646464646465,99.46969696969697,98.96464646464646,97.3989898989899,89.29292929292929
222106,an funestus ss,IFA_66_35_2635.wav,100.0,0.0,0.0,0.0,0,44.37407700982649,-117.4736985610489,-57.53930797716214,100.0,100.0,99.87373737373737,99.19191919191918,93.71212121212122
222090,an arabiensis,IFA_66_36_2636.wav,99.26767676767676,0.12890625,0.0004379734746180475,0.059806033968925476,0,44.37407700982649,-115.27892382571676,-43.641178113955725,99.21717171717171,98.86363636363636,97.77777777777777,93.98989898989899,85.70707070707071
222089,an arabiensis,IFA_66_36_2636.wav,99.77272727272727,0.11328125,7.990056474227458e-05,0.03515625,0,44.37407700982649,-112.90500818927585,-44.72083198484106,99.77272727272727,99.72222222222223,98.98989898989899,97.12121212121212,89.97474747474747
222116,an arabiensis,IFA_66_38_2638.wav,100.0,0.0,0.0,0.0,0,44.37407700982649,-125.22263819529584,-55.13055906769553,100.0,100.0,99.77272727272727,99.41919191919192,95.85858585858585
222117,an arabiensis,IFA_66_38_2638.wav,100.0,0.0,0.0,0.0,0,44.37407700982649,-115.92852234939943,-52.47701327174303,100.0,99.8989898989899,99.79797979797979,99.26767676767678,98.28282828282828
222126,an arabiensis,IFA_67_10_2650.wav,100.0,0.0,0.0,0.0,0,44.37407700982649,-131.74745889870047,-54.627226478225055,100.0,99.94949494949495,99.36868686868688,97.29797979797979,91.89393939393939
222125,an arabiensis,IFA_67_10_2650.wav,99.97474747474747,0.08984375,2.2687816453981213e-05,0.08984375,0,44.37407700982649,-114.27949575905299,-46.13679540027344,99.97474747474747,99.4949494949495,97.72727272727273,94.34343434343434,79.54545454545455
222138,an arabiensis,IFA_67_11_2651.wav,100.0,0.0,0.0,0.0,0,44.37407700982649,-113.99846522694062,-58.01014795779046,100.0,100.0,99.87373737373737,99.24242424242425,97.77777777777777
222128,an arabiensis,IFA_67_12_2652.wav,99.8989898989899,0.0546875,2.7619949833024293e-05,0.02734375,0,44.37407700982649,-120.8488662098305,-48.4156390473725,99.87373737373737,99.72222222222223,99.39393939393939,98.66161616161617,96.51515151515152
222110,an funestus ss,IFA_67_13_2653.wav,99.74747474747475,0.1015625,0.00013119475624989718,0.05195312574505806,0,44.37407700982649,-107.58420582711588,-45.55902114789808,99.72222222222223,99.4949494949495,99.24242424242425,98.43434343434343,93.38383838383838
222111,an funestus ss,IFA_67_13_2653.wav,99.94949494949495,0.01171875,4.932133833790431e-06,0.009765625,0,44.37407700982649,-124.71879515788368,-51.16512805354655,99.94949494949495,99.84848484848486,99.62121212121212,99.01515151515152,95.17676767676768
222084,an arabiensis,IFA_67_15_2655.wav,99.82323232323232,0.0859375,8.483270357828587e-05,0.0479910708963871,0,44.37407700982649,-122.76530737014225,-46.48423722870621,99.82323232323232,99.4949494949495,98.98989898989899,98.0050505050505,92.8030303030303
222083,an arabiensis,IFA_67_15_2655.wav,99.84848484848484,0.08203125,6.904987094458193e-05,0.0455729179084301,0,44.37407700982649,-119.67898800311063,-46.73123723269725,99.84848484848486,99.46969696969697,98.23232323232324,94.92424242424242,82.24747474747474
222085,an arabiensis,IFA_67_15_2655.wav,99.82323232323232,0.046875,3.551136251189746e-05,0.02008928544819355,0,44.37407700982649,-120.71136867069009,-48.96767137948889,99.82323232323232,99.62121212121212,99.31818181818181,98.58585858585859,96.46464646464646
222078,an funestus ss,IFA_67_16_2656.wav,99.74747474747475,0.08984375,0.00011442550749052316,0.04531250149011612,0,44.37407700982649,-116.7043271574635,-46.3055339032917,99.74747474747475,99.5959595959596,99.4949494949495,99.11616161616162,97.92929292929293
222077,an funestus ss,IFA_67_16_2656.wav,100.0,0.0,0.0,0.0,0,44.37407700982649,-121.07402118462689,-52.351089938796626,100.0,99.72222222222223,99.41919191919192,98.63636363636363,96.18686868686869
222076,an funestus ss,IFA_67_16_2656.wav,100.0,0.0,0.0,0.0,0,44.37407700982649,-115.84357189889357,-55.803401553065946,100.0,100.0,99.92424242424242,98.93939393939394,95.45454545454545
222097,an arabiensis,IFA_67_17_2657.wav,99.87373737373737,0.03515625,2.7619949833024293e-05,0.02187499962747097,0,44.37407700982649,-108.28396700819741,-49.803105989279544,99.84848484848486,99.79797979797979,99.29292929292929,97.70202020202021,94.31818181818183
222096,an arabiensis,IFA_67_17_2657.wav,100.0,0.0,0.0,0.0,0,44.37407700982649,-111.25947895800819,-54.774327468294445,100.0,99.97474747474747,99.77272727272727,99.16666666666667,96.13636363636363
222121,an funestus ss,IFA_67_18_2658.wav,99.87373737373737,0.10546875,6.904987094458193e-05,0.0546875,0,44.37407700982649,-117.46444135655652,-45.32547498988224,99.87373737373737,99.62121212121212,98.96464646464646,97.27272727272728,92.65151515151516
222120,an funestus ss,IFA_67_18_2658.wav,100.0,0.0,0.0,0.0,0,44.37407700982649,-119.31524444185291,-59.09797867934064,100.0,100.0,99.94949494949495,99.77272727272727,95.88383838383838
222134,an arabiensis,IFA_67_19_2659.wav,99.74747474747475,0.140625,5.2280618547229096e-05,0.02070312574505806,0,44.37407700982649,-110.65283602179711,-43.10411803390535,99.69696969696969,99.24242424242425,98.56060606060606,97.47474747474747,92.57575757575758
222135,an arabiensis,IFA_67_19_2659.wav,99.87373737373737,0.015625,1.4796401956118643e-05,0.01171875,12,856.3585075381263,-149.90332791444928,-51.00511679512435,99.84848484848486,99.4949494949495,98.56060606060606,96.48989898989899,92.92929292929293
222080,an arabiensis,IFA_67_20_2660.wav,99.8989898989899,0.07421875,4.438920586835593e-05,0.0439453125,0,44.37407700982649,-118.36657066559061,-47.347951737955185,99.87373737373737,99.64646464646465,99.31818181818181,98.7121212121212,96.76767676767678
222079,an arabiensis,IFA_67_20_2660.wav,100.0,0.0,0.0,0.0,0,44.37407700982649,-126.52256489425626,-55.62373805751302,100.0,100.0,99.8989898989899,99.34343434343434,97.02020202020202
222109,an arabiensis,IFA_67_21_2661.wav,100.0,0.0,0.0,0.0,0,44.37407700982649,-118.20240061273402,-60.68140934233799,100.0,100.0,100.0,99.77272727272727,98.20707070707071
222108,an arabiensis,IFA_67_21_2661.wav,100.0,0.0,0.0,0.0,0,44.37407700982649,-118.89491764950934,-58.169454391941386,100.0,100.0,99.92424242424242,99.11616161616162,93.88888888888889
222113,an arabiensis,IFA_67_23_2663.wav,100.0,0.0,0.0,0.0,0,44.37407700982649,-110.56202470328725,-52.918782477974204,100.0,99.92424242424242,99.41919191919192,97.6010101010101,89.94949494949495
222131,culex pipiens complex,IFA_67_24_2664.wav,99.87373737373737,0.0390625,2.3674241674598306e-05,0.01875000074505806,0,44.37407700982649,-120.45505172563784,-49.47818525656651,99.87373737373737,99.79797979797979,99.46969696969697,98.23232323232324,90.22727272727272
222086,an funestus ss,IFA_67_26_2666.wav,100.0,0.0,0.0,0.0,0,44.37407700982649,-124.64913577274045,-56.70859369553264,100.0,100.0,99.82323232323232,99.57070707070706,98.91414141414141
222130,an arabiensis,IFA_67_27_2667.wav,99.14141414141415,0.17578125,0.0005612768582068384,0.06537224352359772,0,44.37407700982649,-115.41033418233147,-40.715074703215606,99.14141414141415,98.7878787878788,98.20707070707071,97.5,96.11111111111111
222102,an funestus ss,IFA_67_28_2668.wav,99.67171717171718,0.11328125,0.00019038036407437176,0.05799278989434242,0,44.37407700982649,-115.22402996567646,-44.78184088925131,99.67171717171716,99.41919191919192,98.15656565656565,96.96969696969697,93.83838383838385
222103,an funestus ss,IFA_67_31_2671.wav,99.8989898989899,0.0546875,2.9592803912237287e-05,0.029296875,0,44.37407700982649,-111.7120028893585,-48.50128860245349,99.8989898989899,99.79797979797979,98.63636363636363,95.85858585858585,88.08080808080808
222220,an squamosus,IFA_68_13_2693.wav,99.46969696969697,0.1484375,0.000305792287690565,0.0576636902987957,0,44.37407700982649,-110.32609814397377,-42.58635737854004,99.46969696969697,99.36868686868688,97.27272727272728,95.73232323232324,93.43434343434343
222227,an arabiensis,IFA_68_20_2700.wav,100.0,0.0,0.0,0.0,0,44.37407700982649,-113.35748494514942,-55.28354633770431,100.0,100.0,99.69696969696969,98.88888888888889,93.73737373737374
222189,an arabiensis,IFA_69_13_2733.wav,99.8989898989899,0.03125,1.6769254216342233e-05,0.0166015625,0,44.37407700982649,-114.59168972219271,-49.88904087062919,99.87373737373737,99.77272727272727,99.36868686868688,97.29797979797979,86.38888888888889
222225,culex pipiens complex,IFA_69_21_2741.wav,99.92424242424242,0.05859375,2.9592803912237287e-05,0.0390625,0,44.37407700982649,-137.08045863492967,-48.357686273616395,99.8989898989899,99.62121212121212,98.7121212121212,94.7979797979798,85.3030303030303
222226,culex pipiens complex,IFA_69_21_2741.wav,99.67171717171718,0.08984375,0.0001292219094466418,0.03936298191547394,0,44.37407700982649,-116.30153374108497,-46.3479066954083,99.67171717171716,99.41919191919192,98.98989898989899,97.44949494949495,93.88888888888889
222188,an funestus ss,IFA_69_24_2744.wav,100.0,0.0,0.0,0.0,0,44.37407700982649,-110.4273889301099,-53.31640799718046,100.0,99.92424242424242,99.5959595959596,98.53535353535354,95.5050505050505
222221,an arabiensis,IFA_69_25_2745.wav,99.92424242424242,0.03125,1.4796401956118643e-05,0.01953125,0,44.37407700982649,-120.01790660496363,-49.940665661550135,99.92424242424242,99.92424242424242,99.29292929292929,98.35858585858585,96.7929292929293
222262,culex pipiens complex,IFA_69_28_2748.wav,100.0,0.0,0.0,0.0,0,44.37407700982649,-117.37412737127515,-56.2665696312704,100.0,100.0,99.16666666666667,97.5,93.51010101010101
222261,culex pipiens complex,IFA_69_28_2748.wav,100.0,0.0,0.0,0.0,0,44.37407700982649,-113.5781773791529,-55.64602016352303,100.0,100.0,98.76262626262627,96.36363636363636,89.94949494949495
222250,an arabiensis,IFA_69_29_2749.wav,100.0,0.0,0.0,0.0,0,44.37407700982649,-111.30033243262665,-59.874917763853574,100.0,100.0,99.97474747474747,99.4949494949495,91.21212121212122
222251,an arabiensis,IFA_69_29_2749.wav,100.0,0.0,0.0,0.0,0,44.37407700982649,-118.09679440377798,-56.18845115380259,100.0,100.0,99.92424242424242,98.83838383838383,90.7070707070707
222239,an arabiensis,IFA_69_32_2752.wav,99.84848484848484,0.0390625,2.9592803912237287e-05,0.01953125,0,44.37407700982649,-115.38662199598177,-49.44774409018093,99.84848484848486,99.79797979797979,99.21717171717171,97.87878787878788,92.75252525252526
222267,an arabiensis,IFA_69_33_2753.wav,100.0,0.0,0.0,0.0,0,44.37407700982649,-127.12093594581384,-61.514194032107774,100.0,100.0,100.0,99.16666666666667,94.74747474747474
222244,an arabiensis,IFA_69_35_2755.wav,100.0,0.0,0.0,0.0,0,44.37407700982649,-136.8846407946548,-62.637817542111414,100.0,100.0,100.0,99.24242424242425,86.46464646464646
222243,an arabiensis,IFA_69_35_2755.wav,100.0,0.0,0.0,0.0,0,44.37407700982649,-110.8992816573339,-55.19034256914242,100.0,100.0,98.98989898989899,96.01010101010101,86.89393939393939
222242,an arabiensis,IFA_69_35_2755.wav,100.0,0.0,0.0,0.0,0,44.37407700982649,-115.11022687456239,-59.42066368215568,100.0,100.0,99.97474747474747,99.52020202020202,95.47979797979798
222248,an arabiensis,IFA_70_10_2770.wav,99.4949494949495,0.10546875,0.00022885101498104632,0.04531250149011612,37,6535.018595714345,-110.14245300183545,-45.299493882507925,99.4949494949495,99.24242424242425,97.04545454545455,87.3989898989899,64.14141414141415
222245,an arabiensis,IFA_70_12_2772.wav,99.31818181818181,0.08203125,0.00017361111531499773,0.025462962687015533,13,955.0184679215481,-125.43412940183367,-46.62898035256083,99.31818181818181,98.83838383838383,96.76767676767678,94.8989898989899,88.25757575757575
222241,an arabiensis,IFA_70_16_2776.wav,99.92424242424242,0.03515625,1.6769254216342233e-05,0.02213541604578495,13,955.0184679215481,-113.89482664727355,-49.750928603745834,99.92424242424242,99.77272727272727,97.65151515151516,95.17676767676768,90.32828282828282
222247,an funestus ss,IFA_70_18_2778.wav,99.87373737373737,0.1171875,0.00010160195961361751,0.08046875149011612,0,44.37407700982649,-118.77546550106005,-44.53349371050089,99.87373737373737,99.74747474747475,97.37373737373738,94.1919191919192,90.75757575757576
222260,culex pipiens complex,IFA_70_19_2779.wav,99.72222222222223,0.0703125,0.00011837121564894915,0.04261363670229912,0,44.37407700982649,-116.32358398425409,-47.39901042376424,99.69696969696969,99.39393939393939,96.81818181818181,94.94949494949495,87.42424242424242
222238,culex pipiens complex,IFA_70_21_2781.wav,99.62121212121212,0.21875,0.00045770202996209264,0.12083332985639572,0,44.37407700982649,-118.23061827213502,-38.10218020805549,99.62121212121212,99.14141414141415,97.97979797979798,95.93434343434343,87.47474747474747
222252,culex pipiens complex,IFA_70_22_2782.wav,100.0,0.0,0.0,0.0,0,44.37407700982649,-119.14338684266542,-54.71072861959069,100.0,99.94949494949495,99.72222222222223,98.53535353535354,92.92929292929293
222297,an arabiensis,IFA_70_29_2789.wav,99.52020202020202,0.09765625,0.000211095335544087,0.04399671033024788,0,44.37407700982649,-113.51677295289136,-45.625568095367285,99.52020202020202,99.31818181818181,98.4090909090909,96.33838383838383,90.55555555555556
222309,an arabiensis,IFA_70_32_2792.wav,99.74747474747475,0.05078125,7.49684331822209e-05,0.02968749962747097,0,44.37407700982649,-114.5676084796,-48.7256824511963,99.74747474747475,99.31818181818181,97.24747474747475,92.87878787878789,81.74242424242424
222277,an arabiensis,IFA_70_33_2793.wav,100.0,0.0,0.0,0.0,0,44.37407700982649,-114.6877845711458,-52.602633481310576,100.0,99.77272727272727,98.93939393939394,96.66666666666667,91.48989898989899
222276,an arabiensis,IFA_70_35_2795.wav,100.0,0.0,0.0,0.0,0,44.37407700982649,-118.64620115206536,-55.869291098604556,100.0,100.0,99.69696969696969,98.0050505050505,89.64646464646465
222273,an arabiensis,IFA_70_36_2796.wav,100.0,0.0,0.0,0.0,0,44.37407700982649,-109.99270362950946,-58.56482636881886,100.0,100.0,99.97474747474747,98.28282828282828,90.98484848484848
222302,an arabiensis,IFA_70_38_2798.wav,100.0,0.0,0.0,0.0,0,44.37407700982649,-111.39184166542238,-58.91756800043109,100.0,100.0,99.94949494949495,98.15656565656565,92.27272727272727
222301,an arabiensis,IFA_70_38_2798.wav,98.86363636363636,0.1640625,0.0008207070641219616,0.07222222536802292,0,44.37407700982649,-120.05181560309687,-41.45976328036147,98.83838383838383,98.28282828282828,96.7929292929293,94.8989898989899,90.7070707070707
222287,an arabiensis,IFA_70_40_2800.wav,100.0,0.0,0.0,0.0,0,44.37407700982649,-112.80851682494252,-53.17592372962534,100.0,99.79797979797979,98.45959595959596,96.43939393939394,93.23232323232324
222304,an funestus ss,IFA_71_11_2811.wav,99.77272727272727,0.1875,0.0002051767660304904,0.0902777761220932,0,44.37407700982649,-129.90734585126387,-40.063229748134155,99.77272727272727,99.74747474747475,99.16666666666667,96.23737373737373,89.26767676767676
222303,an funestus ss,IFA_71_11_2811.wav,100.0,0.0,0.0,0.0,0,44.37407700982649,-118.43634553674099,-52.61059509277303,100.0,99.74747474747475,99.24242424242425,98.61111111111111,95.5050505050505
222290,an arabiensis,IFA_71_12_2812.wav,99.8989898989899,0.12109375,7.49684331822209e-05,0.07421875,0,44.37407700982649,-118.20764646868398,-44.23870092069574,99.8989898989899,99.77272727272727,99.34343434343434,98.51010101010101,96.06060606060606
222294,an arabiensis,IFA_71_13_2813.wav,100.0,0.0,0.0,0.0,0,44.37407700982649,-114.64327241753193,-52.743963392275035,100.0,99.84848484848486,98.76262626262627,96.54040404040404,92.75252525252526
222293,an arabiensis,IFA_71_13_2813.wav,100.0,0.0,0.0,0.0,0,44.37407700982649,-117.78048616108903,-53.536322453600334,100.0,99.87373737373737,99.36868686868688,96.9949494949495,92.6010101010101
222295,an arabiensis,IFA_71_13_2813.wav,100.0,0.0,0.0,0.0,0,44.37407700982649,-128.57882828840638,-54.1251337300361,100.0,99.92424242424242,99.04040404040404,97.55050505050505,91.51515151515152
222296,an arabiensis,IFA_71_13_2813.wav,99.34343434343434,0.1875,0.0004290956421755254,0.06535457074642181,0,44.37407700982649,-112.2123289130964,-40.083239492579025,99.31818181818181,98.86363636363636,97.3989898989899,94.26767676767676,85.98484848484848
222299,an funestus ss,IFA_71_14_2814.wav,99.8989898989899,0.08203125,4.6362056309590116e-05,0.0458984375,0,44.37407700982649,-118.18352003523033,-46.70031478322329,99.84848484848486,99.62121212121212,99.16666666666667,97.82828282828284,93.61111111111111
222298,an funestus ss,IFA_71_14_2814.wav,100.0,0.0,0.0,0.0,0,44.37407700982649,-137.92446848982,-58.32366914943232,100.0,100.0,99.97474747474747,99.11616161616162,94.82323232323232
222284,an funestus ss,IFA_71_16_2816.wav,100.0,0.0,0.0,0.0,0,44.37407700982649,-109.07968296428471,-61.53484476467619,100.0,100.0,100.0,99.8989898989899,99.19191919191918
222286,an funestus ss,IFA_71_16_2816.wav,100.0,0.0,0.0,0.0,0,44.37407700982649,-120.20747517045967,-57.118769126920554,100.0,100.0,99.92424242424242,99.24242424242425,95.68181818181817
222285,an funestus ss,IFA_71_16_2816.wav,100.0,0.0,0.0,0.0,0,44.37407700982649,-124.53038304374363,-53.45954887561867,100.0,99.8989898989899,99.79797979797979,98.91414141414141,98.08080808080808
222308,culex pipiens complex,IFA_71_17_2817.wav,100.0,0.0,0.0,0.0,0,44.37407700982649,-118.68516555518617,-60.925510773012064,100.0,100.0,100.0,99.19191919191918,93.18181818181817
222307,culex pipiens complex,IFA_71_17_2817.wav,100.0,0.0,0.0,0.0,0,44.37407700982649,-119.13942510126421,-56.269173890648815,100.0,100.0,99.67171717171716,98.81313131313131,97.77777777777777
222272,culex pipiens complex,IFA_71_20_2820.wav,100.0,0.0,0.0,0.0,0,44.37407700982649,-117.58164154734116,-57.56741795062354,100.0,100.0,99.82323232323232,98.0050505050505,94.16666666666667
222343,an arabiensis,IFA_71_23_2823.wav,100.0,0.0,0.0,0.0,0,44.37407700982649,-110.33225396672252,-55.86699071686254,100.0,100.0,99.8989898989899,99.4949494949495,96.86868686868686
222353,an arabiensis,IFA_71_25_2825.wav,100.0,0.0,0.0,0.0,0,44.37407700982649,-111.54859290174429,-59.58383141509362,100.0,100.0,99.97474747474747,99.39393939393939,96.33838383838383
222352,an arabiensis,IFA_71_25_2825.wav,100.0,0.0,0.0,0.0,0,44.37407700982649,-112.17731639666852,-55.51407788301415,100.0,100.0,99.74747474747475,97.82828282828284,89.21717171717172
222351,an arabiensis,IFA_71_25_2825.wav,100.0,0.0,0.0,0.0,0,44.37407700982649,-117.32825733224652,-56.48128960822689,100.0,100.0,99.8989898989899,99.44444444444444,97.5
222346,an arabiensis,IFA_71_28_2828.wav,99.82323232323232,0.046875,4.340277882874943e-05,0.0245535708963871,25,2760.359719980434,-110.08306263087321,-48.89120962537512,99.79797979797979,99.52020202020202,98.56060606060606,95.70707070707071,88.73737373737373
222345,an arabiensis,IFA_71_28_2828.wav,100.0,0.0,0.0,0.0,0,44.37407700982649,-112.46190184260922,-60.77065056289879,100.0,100.0,100.0,99.19191919191918,93.25757575757576
222347,an funestus ss,IFA_71_31_2831.wav,99.26767676767676,0.11328125,0.0003274936752859503,0.04471982643008232,0,44.37407700982649,-117.97896904681778,-44.73482434741467,99.26767676767678,98.76262626262627,97.67676767676767,96.94444444444444,94.74747474747474
222342,an funestus ss,IFA_71_34_2834.wav,99.6969696969697,0.1015625,0.0001242897706106305,0.041015625,0,44.37407700982649,-112.03297160889173,-45.43721930531753,99.69696969696969,99.57070707070706,99.36868686868688,98.7878787878788,96.71717171717171
222348,an arabiensis,IFA_71_35_2835.wav,100.0,0.0,0.0,0.0,0,44.37407700982649,-124.9810778803757,-52.09653879070859,100.0,99.79797979797979,98.91414141414141,96.56565656565657,91.43939393939394
222354,an funestus ss,IFA_71_36_2836.wav,100.0,0.0,0.0,0.0,0,44.37407700982649,-109.75245837138561,-57.33251251110203,100.0,100.0,99.67171717171716,98.66161616161617,94.6969696969697
222356,an funestus ss,IFA_71_36_2836.wav,99.97474747474747,0.015625,3.945707248931285e-06,0.015625,0,44.37407700982649,-112.13046714292585,-50.9133245602692,99.97474747474747,99.84848484848486,99.31818181818181,98.23232323232324,96.23737373737373
222355,an funestus ss,IFA_71_36_2836.wav,99.79797979797979,0.08203125,9.469696669839323e-05,0.046875,0,44.37407700982649,-108.94019611119674,-46.806382573749936,99.79797979797979,99.62121212121212,99.04040404040404,97.52525252525253,92.7020202020202
222314,an arabiensis,IFA_72_12_2852.wav,98.93939393939394,0.07421875,0.0003334122593514621,0.0314360111951828,13,955.0184679215481,-166.20996579564826,-47.24456160735555,98.88888888888889,97.70202020202021,96.11111111111111,94.1919191919192,87.32323232323232
222316,an funestus ss,IFA_72_16_2856.wav,99.79797979797979,0.0546875,5.12941915076226e-05,0.025390625,0,44.37407700982649,-132.9103063275857,-48.55911580131385,99.77272727272727,99.57070707070706,99.06565656565657,97.27272727272728,92.8030303030303
222310,an arabiensis,IFA_72_17_2857.wav,99.8989898989899,0.0546875,2.4660668714204803e-05,0.0244140625,0,44.37407700982649,-125.3692884746267,-48.415120195272685,99.8989898989899,98.93939393939394,95.60606060606061,89.24242424242425,72.70202020202021
222318,culex pipiens complex,IFA_72_19_2859.wav,99.64646464646465,0.16015625,0.00016177399083971977,0.0457589291036129,0,44.37407700982649,-102.90183483308732,-41.776240308521324,99.64646464646465,99.11616161616162,97.67676767676767,94.1919191919192,80.83333333333333
222312,an arabiensis,IFA_72_21_2861.wav,100.0,0.0,0.0,0.0,0,44.37407700982649,-106.05094724898942,-53.007036317748295,100.0,99.69696969696969,97.3989898989899,94.8989898989899,84.26767676767678
222320,an funestus ss,IFA_72_25_2865.wav,100.0,0.0,0.0,0.0,0,44.37407700982649,-113.68760778014212,-57.30952432570752,100.0,100.0,99.72222222222223,98.23232323232324,95.12626262626263
222324,an arabiensis,IFA_72_26_2866.wav,100.0,0.0,0.0,0.0,0,44.37407700982649,-112.94753946092415,-57.844146291134564,100.0,100.0,99.74747474747475,96.91919191919192,93.68686868686868
222331,an funestus ss,IFA_72_29_2869.wav,99.74747474747475,0.06640625,8.680555765749887e-05,0.03437500074505806,0,44.37407700982649,-111.97953572814018,-47.749974445599136,99.74747474747475,99.54545454545455,98.91414141414141,97.52525252525253,93.3080808080808
222328,an funestus ss,IFA_72_32_2872.wav,99.94949494949495,0.02734375,1.0850694707187358e-05,0.021484375,0,44.37407700982649,-118.10610735489861,-50.24586201773042,99.94949494949495,99.79797979797979,98.96464646464646,96.94444444444444,90.7070707070707
222323,an funestus ss,IFA_72_34_2874.wav,100.0,0.0,0.0,0.0,0,44.37407700982649,-110.43440113042804,-57.071148293045304,100.0,100.0,99.87373737373737,99.21717171717171,95.5050505050505
222313,culex pipiens complex,IFA_72_35_2875.wav,99.84848484848484,0.01953125,1.1837120837299153e-05,0.0078125,13,955.0184679215481,-118.94605731211256,-50.815804184489366,99.84848484848486,99.31818181818181,98.23232323232324,96.06060606060606,86.71717171717171
222325,culex pipiens complex,IFA_72_36_2876.wav,99.8989898989899,0.0390625,1.775568125594873e-05,0.017578125,0,44.37407700982649,-125.65675241968977,-49.39952719452813,99.8989898989899,99.79797979797979,99.0909090909091,96.51515151515152,90.1010101010101
222383,an arabiensis,IFA_72_37_2877.wav,100.0,0.0,0.0,0.0,0,44.37407700982649,-115.7261799244769,-57.747574152487545,100.0,100.0,99.92424242424242,99.44444444444444,97.24747474747475
222380,an funestus ss,IFA_72_38_2878.wav,100.0,0.0,0.0,0.0,0,44.37407700982649,-118.4227677359851,-58.744783565377844,100.0,100.0,99.94949494949495,99.46969696969697,98.08080808080808
222382,an arabiensis,IFA_73_10_2890.wav,99.64646464646465,0.04296875,6.017203122610226e-05,0.01702008955180645,12,856.3585075381263,-109.08410509730996,-49.2475327910958,99.64646464646465,98.93939393939394,97.62626262626263,94.41919191919192,82.57575757575758
222422,an arabiensis,IFA_73_11_2891.wav,99.16666666666667,0.26171875,0.0009292140020988882,0.11150567978620529,36,6103.720297923788,-99.3172433436695,-35.257692900879256,99.16666666666667,98.48484848484848,95.8080808080808,90.8838383838384,77.1969696969697
222437,an arabiensis,IFA_73_12_2892.wav,100.0,0.0,0.0,0.0,0,44.37407700982649,-123.76027920669601,-55.09678982963287,100.0,100.0,99.39393939393939,98.28282828282828,94.41919191919192
222388,an arabiensis,IFA_73_13_2893.wav,100.0,0.0,0.0,0.0,0,44.37407700982649,-119.78608081525687,-52.23746820235978,100.0,98.81313131313131,97.04545454545455,96.33838383838383,90.8080808080808
222387,an arabiensis,IFA_73_13_2893.wav,100.0,0.0,0.0,0.0,0,44.37407700982649,-128.25639563771523,-59.157974376576874,100.0,100.0,99.92424242424242,98.25757575757575,95.37878787878788
222389,an arabiensis,IFA_73_13_2893.wav,99.97474747474747,0.00390625,9.864268122328212e-07,0.00390625,0,44.37407700982649,-115.03200896509733,-51.74649302058451,99.92424242424242,99.64646464646465,99.29292929292929,97.77777777777777,96.01010101010101
222379,an arabiensis,IFA_73_15_2895.wav,100.0,0.0,0.0,0.0,0,44.37407700982649,-121.47404613316384,-60.08647091142961,100.0,100.0,100.0,99.41919191919192,94.39393939393939
222416,an arabiensis,IFA_73_16_2896.wav,99.92424242424242,0.0546875,3.156565799145028e-05,0.0416666679084301,0,44.37407700982649,-117.41322222733959,-48.3844093625038,99.8989898989899,99.72222222222223,99.4949494949495,97.67676767676767,91.89393939393939
222362,an arabiensis,IFA_73_17_2897.wav,99.97474747474747,0.01953125,4.932133833790431e-06,0.01953125,0,44.37407700982649,-124.49018332652848,-50.66451754061761,99.94949494949495,99.79797979797979,99.5959595959596,97.27272727272728,92.37373737373737
222397,an arabiensis,IFA_73_20_2900.wav,100.0,0.0,0.0,0.0,0,44.37407700982649,-110.91983966756527,-54.627181619600655,100.0,99.97474747474747,99.0909090909091,97.02020202020202,89.44444444444444
222396,an arabiensis,IFA_73_20_2900.wav,98.91414141414141,0.25390625,0.0009686711127869785,0.08920785039663315,0,44.37407700982649,-116.08231255525503,-35.676752066198844,98.91414141414141,98.20707070707071,97.17171717171718,95.93434343434343,91.16161616161617
222395,an arabiensis,IFA_73_20_2900.wav,99.97474747474747,0.0078125,1.9728536244656425e-06,0.0078125,0,44.37407700982649,-112.12547718313644,-51.483809739073706,99.97474747474747,99.79797979797979,99.4949494949495,98.18181818181819,94.54545454545455
222408,an arabiensis,IFA_73_22_2902.wav,99.92424242424242,0.03515625,1.8742108295555227e-05,0.02473958395421505,0,44.37407700982649,-120.39383690335913,-49.69397103634978,99.92424242424242,99.77272727272727,99.52020202020202,98.43434343434343,94.1919191919192
222400,an arabiensis,IFA_73_24_2904.wav,100.0,0.0,0.0,0.0,0,44.37407700982649,-122.88617358501537,-54.055238062610336,100.0,99.94949494949495,99.64646464646465,97.67676767676767,91.76767676767676
222374,an funestus ss,IFA_73_25_2905.wav,99.62121212121212,0.078125,0.0001302083401242271,0.03437500074505806,0,44.37407700982649,-124.11584313661183,-46.90110247934979,99.62121212121212,99.31818181818181,98.51010101010101,97.5,95.73232323232324
222434,an arabiensis,IFA_73_27_2907.wav,99.74747474747475,0.08984375,0.0001272490480914712,0.05039062350988388,0,44.37407700982649,-118.19389358800017,-46.30437536542462,99.74747474747475,99.5959595959596,98.7121212121212,97.3989898989899,91.43939393939394
222435,an arabiensis,IFA_73_27_2907.wav,99.6969696969697,0.2109375,0.0002012310578720644,0.06640625,0,44.37407700982649,-113.13972210502715,-38.514722793857786,99.69696969696969,99.29292929292929,98.63636363636363,97.87878787878788,94.06565656565657
222436,an arabiensis,IFA_73_27_2907.wav,99.67171717171718,0.15625,0.00021306818234734237,0.06490384787321091,0,44.37407700982649,-130.27289440768334,-41.89617651616104,99.62121212121212,99.16666666666667,98.05555555555556,97.12121212121212,92.9040404040404
222409,an arabiensis,IFA_73_29_2909.wav,99.41919191919192,0.25390625,0.000613557465840131,0.10563858598470688,0,44.37407700982649,-132.6016892935371,-35.70241781806679,99.41919191919192,99.19191919191918,98.56060606060606,96.74242424242424,89.52020202020202
222410,an arabiensis,IFA_73_29_2909.wav,98.93939393939394,0.1875,0.000712200126145035,0.0671502947807312,0,44.37407700982649,-116.55057446618491,-40.01781899886535,98.93939393939394,98.30808080808082,97.62626262626263,96.6919191919192,94.11616161616162
222433,an arabiensis,IFA_73_30_2910.wav,99.97474747474747,0.00390625,9.864268122328212e-07,0.00390625,12,856.3585075381263,-111.90963628181576,-51.69605672065339,99.97474747474747,99.29292929292929,97.9040404040404,95.73232323232324,86.64141414141415
222406,an funestus ss,IFA_73_31_2911.wav,99.62121212121212,0.109375,0.0002101089048665017,0.05546874925494194,0,44.37407700982649,-118.43663593628028,-45.02745137924738,99.62121212121212,99.54545454545455,99.39393939393939,98.98989898989899,97.82828282828284
222405,an funestus ss,IFA_73_31_2911.wav,99.72222222222223,0.125,0.00019333964155521244,0.06960227340459824,0,44.37407700982649,-110.58183570346331,-43.96299023530845,99.72222222222223,99.64646464646465,99.34343434343434,98.81313131313131,97.5
222368,an arabiensis,IFA_73_32_2912.wav,99.11616161616162,0.328125,0.0011491872137412429,0.1300223171710968,35,5698.132814724256,-122.96107720402988,-31.09485013251126,99.0909090909091,98.68686868686869,97.95454545454545,96.28787878787878,93.61111111111111
222367,an arabiensis,IFA_73_32_2912.wav,100.0,0.0,0.0,0.0,0,44.37407700982649,-118.33870475166549,-54.514510892638526,100.0,99.92424242424242,99.44444444444444,98.05555555555556,94.06565656565657
222369,an arabiensis,IFA_73_32_2912.wav,99.77272727272727,0.06640625,7.891414134064689e-05,0.0347222238779068,0,44.37407700982649,-112.55620308723425,-47.63095958778804,99.77272727272727,99.54545454545455,98.48484848484848,96.64141414141415,88.30808080808082
222398,an arabiensis,IFA_73_35_2915.wav,100.0,0.0,0.0,0.0,0,44.37407700982649,-128.64713709924985,-60.77509016374848,100.0,100.0,100.0,99.62121212121212,96.48989898989899
222372,an arabiensis,IFA_73_37_2917.wav,99.57070707070707,0.046875,7.200915570138022e-05,0.016773896291851997,12,856.3585075381263,-109.21241199647382,-48.982686311577666,99.57070707070706,98.88888888888889,97.22222222222221,93.71212121212122,83.63636363636363
222411,an arabiensis,IFA_73_38_2918.wav,99.74747474747475,0.0546875,6.115846190368757e-05,0.02421874925494194,12,856.3585075381263,-123.46751667224902,-48.47143688884173,99.67171717171716,98.98989898989899,97.5,94.14141414141413,83.25757575757575
222402,an arabiensis,IFA_73_39_2919.wav,99.84848484848484,0.03515625,2.9592803912237287e-05,0.01953125,0,44.37407700982649,-129.5996664334702,-49.829309965574204,99.84848484848486,99.69696969696969,99.26767676767678,99.01515151515152,96.74242424242424
222401,an arabiensis,IFA_73_39_2919.wav,99.5959595959596,0.11328125,0.00019038036407437176,0.047119140625,0,44.37407700982649,-108.02914544301936,-44.821181150701925,99.57070707070706,99.14141414141415,97.75252525252526,96.18686868686869,88.96464646464646
222425,an arabiensis,IFA_73_40_2920.wav,100.0,0.0,0.0,0.0,0,44.37407700982649,-118.75847210583206,-55.04665422150278,100.0,100.0,98.68686868686869,97.22222222222221,94.94949494949495
222384,an funestus ss,IFA_74_10_2930.wav,98.96464646464646,0.18359375,0.0010544902179390192,0.10184832662343979,0,44.37407700982649,-113.61848990754767,-40.34151777006726,98.96464646464646,98.20707070707071,94.74747474747474,88.05555555555556,67.37373737373737
222360,an arabiensis,IFA_74_11_2931.wav,100.0,0.0,0.0,0.0,0,44.37407700982649,-116.83852948906832,-53.20865062270289,100.0,99.92424242424242,99.44444444444444,98.38383838383838,97.67676767676767
222359,an arabiensis,IFA_74_11_2931.wav,100.0,0.0,0.0,0.0,0,44.37407700982649,-125.92195201579375,-61.27110034942401,100.0,100.0,100.0,99.57070707070706,96.7929292929293
222431,an arabiensis,IFA_74_12_2932.wav,99.94949494949495,0.0234375,6.904987458256073e-06,0.013671875,0,44.37407700982649,-118.4866601179607,-50.571619890516395,99.94949494949495,99.72222222222223,98.93939393939394,97.77777777777777,93.43434343434343
222381,an arabiensis,IFA_74_13_2933.wav,100.0,0.0,0.0,0.0,0,44.37407700982649,-140.94490577160934,-58.75054370565829,100.0,100.0,99.97474747474747,98.68686868686869,94.84848484848484
222426,an arabiensis,IFA_74_15_2935.wav,100.0,0.0,0.0,0.0,0,44.37407700982649,-118.09079625734357,-52.48328349172665,100.0,99.24242424242425,95.85858585858585,94.72222222222221,89.62121212121212
222373,an funestus ss,IFA_74_16_2936.wav,99.77272727272727,0.11328125,9.371054329676554e-05,0.0412326380610466,0,44.37407700982649,-126.54806979440302,-44.782367384734705,99.77272727272727,99.34343434343434,98.93939393939394,97.44949494949495,93.05555555555556
222412,an funestus ss,IFA_74_17_2937.wav,100.0,0.0,0.0,0.0,0,44.37407700982649,-129.64437563163452,-64.10860999043281,100.0,100.0,100.0,99.94949494949495,99.31818181818181
222413,an funestus ss,IFA_74_17_2937.wav,99.77272727272727,0.0859375,0.00012231692380737513,0.0538194440305233,0,44.37407700982649,-117.46890699082265,-46.4109282272267,99.77272727272727,99.5959595959596,99.34343434343434,98.08080808080808,94.21717171717172
222424,culex pipiens complex,IFA_74_18_2938.wav,99.8989898989899,0.07421875,3.847064363071695e-05,0.0380859375,35,5698.132814724256,-126.90458825689424,-47.235150276299805,99.8989898989899,99.84848484848486,99.36868686868688,98.33333333333333,94.57070707070707
222371,an arabiensis,IFA_74_20_2940.wav,100.0,0.0,0.0,0.0,0,44.37407700982649,-108.77868222409994,-54.12401450888839,100.0,99.94949494949495,99.72222222222223,97.85353535353535,92.47474747474747
222427,an arabiensis,IFA_74_21_2941.wav,98.4090909090909,0.14453125,0.00061158457538113,0.0384424589574337,36,6103.720297923788,-124.63690540212207,-42.77793389294857,98.35858585858585,97.12121212121212,93.0050505050505,89.06565656565657,82.57575757575758
222420,culex pipiens complex,IFA_74_22_2942.wav,99.82323232323232,0.08984375,0.00011935763905057684,0.0675223246216774,34,5316.7234575094635,-121.09795867018067,-46.1599788315455,99.82323232323232,99.54545454545455,97.87878787878788,93.35858585858587,81.56565656565657
222365,an funestus ss,IFA_74_23_2943.wav,99.94949494949495,0.01171875,4.932133833790431e-06,0.009765625,0,44.37407700982649,-141.8606383678841,-51.136855439028366,99.94949494949495,99.87373737373737,99.5959595959596,99.39393939393939,98.83838383838383
222418,culex pipiens complex,IFA_74_26_2946.wav,99.8989898989899,0.0390625,2.4660668714204803e-05,0.0244140625,37,6535.018595714345,-121.1767878077191,-49.50363490581702,99.8989898989899,99.69696969696969,98.7878787878788,97.04545454545455,90.8838383838384
222419,culex pipiens complex,IFA_74_26_2946.wav,99.74747474747475,0.1328125,0.00021602745982818305,0.08554687350988388,0,44.37407700982649,-145.02217427338476,-43.43190083213942,99.74747474747475,99.62121212121212,99.21717171717171,96.48989898989899,88.23232323232322
222392,an funestus ss,IFA_74_27_2947.wav,99.79797979797979,0.0703125,7.49684331822209e-05,0.037109375,0,44.37407700982649,-113.79718412822274,-47.39999273518051,99.79797979797979,99.72222222222223,99.36868686868688,97.6010101010101,93.48484848484848
222404,an funestus ss,IFA_74_28_2948.wav,99.84848484848484,0.078125,7.200915570138022e-05,0.0475260429084301,0,44.37407700982649,-118.60287911370251,-46.97165905194876,99.84848484848486,99.52020202020202,99.0909090909091,97.12121212121212,88.7878787878788
222417,an arabiensis,IFA_74_29_2949.wav,99.8989898989899,0.16796875,0.00010850694525288418,0.107421875,0,44.37407700982649,-118.24203226059498,-41.198533052234374,99.87373737373737,99.77272727272727,99.57070707070706,98.7878787878788,95.35353535353536
222386,an funestus ss,IFA_74_31_2951.wav,100.0,0.0,0.0,0.0,0,44.37407700982649,-122.05512314534528,-52.3042655879993,100.0,99.87373737373737,99.54545454545455,99.0909090909091,96.08585858585859
222403,an funestus ss,IFA_74_32_2952.wav,99.79797979797979,0.11328125,9.864267485681921e-05,0.048828125,0,44.37407700982649,-110.82253641317271,-44.81101962638143,99.79797979797979,99.72222222222223,98.51010101010101,96.76767676767678,91.96969696969697
222430,culex pipiens complex,IFA_74_33_2953.wav,99.97474747474747,0.00390625,9.864268122328212e-07,0.00390625,35,5698.132814724256,-116.0875594078253,-51.639958251737646,99.97474747474747,99.8989898989899,98.81313131313131,91.74242424242425,69.04040404040404
222376,an arabiensis,IFA_74_34_2954.wav,100.0,0.0,0.0,0.0,0,44.37407700982649,-118.75735180710556,-54.196733388512456,100.0,99.87373737373737,98.33333333333333,95.58080808080808,93.98989898989899
222423,culex pipiens complex,IFA_74_35_2955.wav,99.74747474747475,0.08203125,0.00014204545004758984,0.05624999850988388,0,44.37407700982649,-120.09803527679122,-46.67581418515021,99.74747474747475,99.46969696969697,98.81313131313131,97.22222222222221,94.57070707070707
222390,an funestus ss,IFA_74_37_2957.wav,100.0,0.0,0.0,0.0,0,44.37407700982649,-118.94062826767025,-62.030558563141625,100.0,100.0,100.0,99.77272727272727,97.97979797979798
222415,an arabiensis,IFA_74_38_2958.wav,99.41919191919192,0.046875,8.187341882148758e-05,0.01409646775573492,13,955.0184679215481,-118.76327033743084,-48.956708565134775,99.39393939393939,98.58585858585859,97.67676767676767,95.70707070707071,90.07575757575758
222485,an arabiensis,IFA_75_13_2973.wav,100.0,0.0,0.0,0.0,0,44.37407700982649,-124.22369439808512,-56.22956089287853,100.0,100.0,98.7121212121212,97.5,94.62121212121211
222495,an arabiensis,IFA_75_15_2975.wav,99.92424242424242,0.01953125,9.864267667580862e-06,0.013020833022892475,0,44.37407700982649,-117.32950669150122,-50.86597870079454,99.92424242424242,99.79797979797979,99.39393939393939,96.96969696969697,92.82828282828282
222475,an arabiensis,IFA_75_20_2980.wav,99.4949494949495,0.03125,5.326704558683559e-05,0.010546875186264515,13,955.0184679215481,-140.39417407584614,-49.8981302683595,99.36868686868688,98.08080808080808,96.38888888888889,95.42929292929293,88.81313131313131
222445,culex pipiens complex,IFA_75_21_2981.wav,100.0,0.0,0.0,0.0,0,44.37407700982649,-128.03131184968015,-51.92809810141145,99.97474747474747,99.77272727272727,99.36868686868688,97.65151515151516,86.26262626262627
222498,an arabiensis,IFA_75_22_2982.wav,99.8989898989899,0.02734375,1.0850694707187358e-05,0.0107421875,0,44.37407700982649,-139.95486447119757,-50.24664164766084,99.87373737373737,99.69696969696969,99.34343434343434,98.18181818181819,95.12626262626263
222499,an arabiensis,IFA_75_22_2982.wav,100.0,0.0,0.0,0.0,0,44.37407700982649,-113.5759099196122,-59.88805983477344,100.0,100.0,99.97474747474747,98.86363636363636,94.94949494949495
222453,an arabiensis,IFA_75_25_2985.wav,99.29292929292929,0.19921875,0.0005060369148850441,0.0715680792927742,34,5316.7234575094635,-119.44188393815993,-39.36837131804361,99.29292929292929,98.98989898989899,98.10606060606061,96.13636363636363,89.31818181818181
222500,an arabiensis,IFA_75_26_2986.wav,99.92424242424242,0.02734375,1.0850694707187358e-05,0.014322916977107525,0,44.37407700982649,-120.00638254467955,-50.37049925445181,99.92424242424242,99.77272727272727,99.34343434343434,97.42424242424242,91.79292929292929
222489,an arabiensis,IFA_75_29_2989.wav,99.36868686868686,0.06640625,0.00014599115820601583,0.023125000298023224,13,955.0184679215481,-105.90193279363434,-47.7420520389977,99.29292929292929,98.51010101010101,95.9090909090909,94.82323232323232,87.75252525252525
222508,culex pipiens complex,IFA_75_30_2990.wav,99.52020202020202,0.08984375,0.00021504102915059775,0.04481907933950424,0,44.37407700982649,-116.6158102673461,-46.280550947093595,99.52020202020202,99.24242424242425,98.86363636363636,98.38383838383838,97.47474747474747
222507,culex pipiens complex,IFA_75_30_2990.wav,99.8989898989899,0.04296875,2.6633522793417796e-05,0.0263671875,0,44.37407700982649,-113.61546945372652,-49.21729450100941,99.8989898989899,99.52020202020202,97.55050505050505,95.25252525252526,91.96969696969697
222483,an arabiensis,IFA_75_31_2991.wav,100.0,0.0,0.0,0.0,0,44.37407700982649,-113.9320781512835,-54.33874993914812,100.0,99.94949494949495,98.15656565656565,96.38888888888889,93.35858585858587
222460,an arabiensis,IFA_75_33_2993.wav,99.8989898989899,0.03515625,2.071496237476822e-05,0.0205078125,0,44.37407700982649,-109.19576858224372,-49.67232771831601,99.8989898989899,99.34343434343434,98.61111111111111,96.5909090909091,87.04545454545455
222452,an arabiensis,IFA_75_34_2994.wav,99.82323232323232,0.0390625,3.452493547229096e-05,0.01953125,0,44.37407700982649,-123.9883513644257,-49.410002409859516,99.79797979797979,99.5959595959596,99.0909090909091,98.30808080808082,96.11111111111111
222443,an arabiensis,IFA_75_35_2995.wav,99.84848484848484,0.05859375,3.9457070670323446e-05,0.02604166604578495,0,44.37407700982649,-107.88214612730782,-48.32056319460489,99.82323232323232,99.69696969696969,98.96464646464646,96.01010101010101,88.83838383838383
222444,an arabiensis,IFA_75_35_2995.wav,100.0,0.0,0.0,0.0,0,44.37407700982649,-112.18177361921221,-60.39713205235907,100.0,100.0,100.0,99.4949494949495,97.70202020202021
222450,an arabiensis,IFA_75_38_2998.wav,99.97474747474747,0.00390625,9.864268122328212e-07,0.00390625,0,44.37407700982649,-117.15044007130328,-51.74029610983753,99.97474747474747,99.62121212121212,98.38383838383838,94.2929292929293,78.98989898989899
222504,an arabiensis,IFA_75_39_2999.wav,99.44444444444444,0.1875,0.000497159082442522,0.08948863297700882,0,44.37407700982649,-116.28723090536687,-39.91199576355499,99.44444444444444,99.01515151515152,97.72727272727273,94.2929292929293,87.14646464646465
222468,an arabiensis,IFA_75_40_3000.wav,99.44444444444444,0.1953125,0.0005011048051528633,0.09019886702299118,0,44.37407700982649,-107.30554865060695,-39.40841331557339,99.44444444444444,98.98989898989899,97.47474747474747,90.75757575757576,78.25757575757576
222467,an arabiensis,IFA_75_40_3000.wav,100.0,0.0,0.0,0.0,0,44.37407700982649,-104.55127623771278,-58.17447388846381,100.0,100.0,99.67171717171716,97.09595959595958,83.25757575757575
222469,an arabiensis,IFA_75_40_3000.wav,100.0,0.0,0.0,0.0,0,44.37407700982649,-113.40856436421092,-53.32430738067504,100.0,99.92424242424242,99.21717171717171,97.70202020202021,90.55555555555556
222472,an funestus ss,IFA_76_10_3010.wav,100.0,0.0,0.0,0.0,0,44.37407700982649,-113.03707348467627,-61.51071777278552,100.0,100.0,100.0,98.98989898989899,95.05050505050505
222524,an arabiensis,IFA_76_11_3011.wav,99.6969696969697,0.08203125,0.00011146622273372486,0.0367838554084301,0,44.37407700982649,-112.70075976250011,-46.65462379669796,99.69696969696969,99.24242424242425,98.48484848484848,96.56565656565657,88.81313131313131
222511,an arabiensis,IFA_76_13_3013.wav,99.79797979797979,0.03515625,4.438920586835593e-05,0.02197265625,0,44.37407700982649,-105.72556537608841,-49.63950705247369,99.79797979797979,99.44444444444444,98.43434343434343,96.01010101010101,90.12626262626262
222473,culex pipiens complex,IFA_76_14_3014.wav,100.0,0.0,0.0,0.0,0,44.37407700982649,-116.4272701814994,-51.96510681103181,99.97474747474747,99.84848484848486,99.29292929292929,95.68181818181817,86.01010101010101
222512,an arabiensis,IFA_76_18_3018.wav,99.97474747474747,0.0078125,1.9728536244656425e-06,0.0078125,12,856.3585075381263,-128.39975406401751,-51.506978392279734,99.97474747474747,99.44444444444444,98.08080808080808,95.1010101010101,82.47474747474747
222519,an arabiensis,IFA_76_21_3021.wav,100.0,0.0,0.0,0.0,0,44.37407700982649,-122.40775313677914,-59.05974241334956,100.0,100.0,99.8989898989899,99.34343434343434,95.47979797979798
222523,an arabiensis,IFA_76_21_3021.wav,100.0,0.0,0.0,0.0,0,44.37407700982649,-131.89079560213096,-62.53993148388575,100.0,100.0,100.0,99.62121212121212,95.37878787878788
222522,an arabiensis,IFA_76_21_3021.wav,100.0,0.0,0.0,0.0,0,44.37407700982649,-130.94770811047707,-52.91888490202875,100.0,99.94949494949495,99.16666666666667,96.84343434343434,94.0909090909091
222520,an arabiensis,IFA_76_21_3021.wav,100.0,0.0,0.0,0.0,0,44.37407700982649,-121.8597497064428,-52.18120255714347,100.0,99.84848484848486,99.5959595959596,99.24242424242425,96.66666666666667
222521,an arabiensis,IFA_76_21_3021.wav,99.92424242424242,0.0234375,1.1837120837299153e-05,0.015625,0,44.37407700982649,-112.36355737816007,-50.545748037399164,99.92424242424242,99.67171717171716,98.08080808080808,95.68181818181817,88.86363636363637
222513,an arabiensis,IFA_76_22_3022.wav,99.79797979797979,0.0546875,5.326704558683559e-05,0.0263671875,0,44.37407700982649,-116.85116685557689,-48.417910989203165,99.77272727272727,99.57070707070706,98.4090909090909,96.51515151515152,90.9090909090909
222482,an arabiensis,IFA_76_23_3023.wav,99.41919191919192,0.109375,0.00023970170877873898,0.04127037897706032,12,856.3585075381263,-109.63552389074998,-45.06666374966259,99.36868686868688,98.68686868686869,96.91919191919192,93.61111111111111,84.1919191919192
222486,culex pipiens complex,IFA_76_25_3025.wav,99.64646464646465,0.125,0.00016966540715657175,0.0479910708963871,0,44.37407700982649,-116.66773917874652,-44.03579588150756,99.5959595959596,99.26767676767678,98.83838383838383,97.57575757575758,93.76262626262626
222451,an arabiensis,IFA_76_26_3026.wav,99.21717171717172,0.19140625,0.000537602580152452,0.06867439299821854,0,44.37407700982649,-124.41383781421433,-39.75490437798371,99.21717171717171,98.58585858585859,97.22222222222221,95.02525252525253,88.63636363636364
222492,culex pipiens complex,IFA_76_27_3027.wav,100.0,0.0,0.0,0.0,0,44.37407700982649,-125.78790594295347,-58.676711761612935,100.0,100.0,99.97474747474747,99.01515151515152,91.71717171717172
222494,culex pipiens complex,IFA_76_27_3027.wav,99.79797979797979,0.078125,7.79277179390192e-05,0.03857421875,0,44.37407700982649,-111.69618620942748,-46.934714580483444,99.77272727272727,99.44444444444444,98.88888888888889,97.72727272727273,94.87373737373737
222493,culex pipiens complex,IFA_76_27_3027.wav,100.0,0.0,0.0,0.0,0,44.37407700982649,-120.39710471355632,-60.17795365535588,100.0,100.0,100.0,99.26767676767678,89.74747474747474
222465,an arabiensis,IFA_76_28_3028.wav,99.94949494949495,0.00390625,1.9728536244656425e-06,0.00390625,0,44.37407700982649,-122.31120148260263,-51.71769550531636,99.94949494949495,99.92424242424242,99.62121212121212,99.34343434343434,98.35858585858585
222466,an arabiensis,IFA_76_28_3028.wav,100.0,0.0,0.0,0.0,0,44.37407700982649,-130.6308617095686,-53.38488726566298,100.0,99.82323232323232,99.4949494949495,98.96464646464646,96.38888888888889
222487,culex pipiens complex,IFA_76_29_3029.wav,99.67171717171718,0.12109375,0.00016374683764297515,0.049879807978868484,0,44.37407700982649,-121.2476100822915,-44.254871559372106,99.67171717171716,99.44444444444444,99.34343434343434,98.66161616161617,96.43939393939394
222488,culex pipiens complex,IFA_76_29_3029.wav,99.24242424242425,0.125,0.00044093275209888816,0.05820312350988388,0,44.37407700982649,-115.13344414687444,-43.953859993230566,99.24242424242425,98.83838383838383,98.20707070707071,97.02020202020202,92.82828282828282
222457,an arabiensis,IFA_76_34_3034.wav,100.0,0.0,0.0,0.0,0,44.37407700982649,-120.41882924710082,-58.495680246953796,100.0,100.0,99.92424242424242,99.21717171717171,95.0
222456,an arabiensis,IFA_76_34_3034.wav,99.94949494949495,0.03515625,1.4796401956118643e-05,0.029296875,0,44.37407700982649,-122.12394185908458,-49.79398544027763,99.94949494949495,99.84848484848486,99.69696969696969,99.21717171717171,95.17676767676768
222501,culex pipiens complex,IFA_76_36_3036.wav,100.0,0.0,0.0,0.0,0,44.37407700982649,-129.15773600823417,-53.74500340479375,100.0,99.94949494949495,99.29292929292929,97.8030303030303,88.03030303030303
222477,an arabiensis,IFA_76_38_3038.wav,99.57070707070707,0.08984375,0.00016966540715657175,0.03952205926179886,0,44.37407700982649,-107.89270820028177,-46.24529744882566,99.57070707070706,98.96464646464646,97.44949494949495,94.54545454545455,86.54040404040404
222476,an arabiensis,IFA_76_38_3038.wav,99.87373737373737,0.05859375,3.748421659111045e-05,0.02968749962747097,0,44.37407700982649,-108.77728771267036,-48.233704003525794,99.87373737373737,98.7878787878788,97.14646464646465,95.47979797979798,88.83838383838383
222481,an funestus ss,IFA_76_40_3040.wav,99.67171717171718,0.08984375,0.0001528961438452825,0.04657451808452606,0,44.37407700982649,-107.06688393796736,-46.16795228799618,99.67171717171716,99.54545454545455,98.91414141414141,97.97979797979798,95.70707070707071
222480,an funestus ss,IFA_76_40_3040.wav,99.6969696969697,0.1328125,0.00018347537843510509,0.060546875,0,44.37407700982649,-109.44922571159296,-43.45489540194785,99.69696969696969,99.31818181818181,98.73737373737373,97.70202020202021,95.22727272727273
222478,an funestus ss,IFA_76_40_3040.wav,99.44444444444444,0.1953125,0.0004567155847325921,0.08220880478620529,0,44.37407700982649,-123.18832005430706,-39.54460773231815,99.44444444444444,98.88888888888889,98.0050505050505,97.34848484848484,95.53030303030303
222479,an funestus ss,IFA_76_40_3040.wav,99.5959595959596,0.09765625,0.00024956598645076156,0.061767578125,0,44.37407700982649,-119.87608870368625,-45.76987099654267,99.5959595959596,99.52020202020202,98.96464646464646,97.8030303030303,93.51010101010101
222560,an funestus ss,IFA_85_12_3372.wav,99.82323232323232,0.04296875,2.4660668714204803e-05,0.013950892724096775,0,44.37407700982649,-105.52856392494321,-49.18593652006321,99.77272727272727,98.7878787878788,90.85858585858585,66.16161616161617,39.34343434343434
222559,an funestus ss,IFA_85_12_3372.wav,99.77272727272727,0.0625,5.8199180784868076e-05,0.0256076380610466,27,3212.980184516269,-106.54333167634208,-47.94512705128443,99.74747474747475,98.73737373737373,95.17676767676768,74.69696969696969,44.54545454545455
222561,an funestus ss,IFA_85_12_3372.wav,98.20707070707071,0.23046875,0.0012202098732814193,0.06805677711963654,0,44.37407700982649,-116.43220597239049,-37.356227858233666,98.18181818181819,97.57575757575758,93.58585858585859,65.68181818181819,37.323232323232325
222570,an funestus ss,IFA_85_17_3377.wav,98.71212121212122,0.15234375,0.0008946890593506396,0.06946997344493866,0,44.37407700982649,-107.23929740405305,-42.13595167654777,98.68686868686869,98.13131313131314,90.02525252525253,69.5959595959596,45.42929292929293
222569,an funestus ss,IFA_85_17_3377.wav,99.11616161616162,0.18359375,0.0007260101265273988,0.08214285969734192,0,44.37407700982649,-109.5356969848507,-40.14635186108022,99.11616161616162,98.63636363636363,93.93939393939394,66.46464646464646,39.84848484848485
222530,an funestus ss,IFA_85_20_3380.wav,99.52020202020202,0.1015625,0.00024562026374042034,0.05119243264198303,0,44.37407700982649,-109.71465877209225,-45.433172705548145,99.52020202020202,98.63636363636363,90.58080808080808,65.05050505050505,38.131313131313135
222531,an funestus ss,IFA_85_22_3382.wav,98.51010101010101,0.34765625,0.001272490480914712,0.08540783822536469,0,44.37407700982649,-108.02725031220217,-29.86274572129269,98.51010101010101,97.82828282828284,95.60606060606061,75.73232323232322,44.11616161616161
222545,an funestus ss,IFA_85_23_3383.wav,98.53535353535354,0.2578125,0.000851286284159869,0.05812230706214905,0,44.37407700982649,-106.58375353185806,-35.57688116243841,98.51010101010101,96.6161616161616,86.48989898989899,62.2979797979798,37.37373737373738
222582,an funestus ss,IFA_85_25_3385.wav,99.52020202020202,0.0703125,0.00016867897647898644,0.03515625,0,44.37407700982649,-106.1535239216334,-47.404273135472145,99.4949494949495,98.88888888888889,95.17676767676768,74.77272727272727,49.87373737373738
222574,an funestus ss,IFA_85_26_3386.wav,99.4949494949495,0.11328125,0.00026238951249979436,0.05195312574505806,0,44.37407700982649,-132.2616167518723,-44.74579321047724,99.4949494949495,98.66161616161617,92.42424242424242,72.14646464646465,48.40909090909091
222575,an funestus ss,IFA_85_26_3386.wav,98.76262626262626,0.1640625,0.0005336568574421108,0.04312818869948387,0,44.37407700982649,-110.62451322674768,-41.48727307159383,98.76262626262627,98.08080808080808,90.0,62.121212121212125,36.515151515151516
222557,an funestus ss,IFA_85_27_3387.wav,98.38383838383838,0.28125,0.0015043008606880903,0.09307861328125,0,44.37407700982649,-104.60285347804609,-33.8901245301469,98.33333333333333,97.42424242424242,92.85353535353535,68.68686868686868,36.13636363636364
222556,an funestus ss,IFA_85_27_3387.wav,98.93939393939394,0.12109375,0.0003886521444655955,0.036644347012043,14,1059.9326349904563,-95.81422464239431,-44.336148306823404,98.88888888888889,96.74242424242424,88.45959595959596,59.36868686868687,28.762626262626263
222558,an funestus ss,IFA_85_28_3388.wav,99.82323232323232,0.0703125,4.833491038880311e-05,0.02734375,0,44.37407700982649,-102.61727462582486,-47.41697409068527,99.82323232323232,98.51010101010101,83.88888888888889,51.94444444444445,30.58080808080808
222532,an funestus ss,IFA_85_29_3389.wav,97.87878787878788,0.2421875,0.001769649563357234,0.0834263414144516,0,44.37407700982649,-106.29293227077888,-36.559552653225595,97.85353535353535,97.02020202020202,90.8838383838384,64.19191919191918,36.8939393939394
222562,an funestus ss,IFA_85_31_3391.wav,97.02020202020202,0.30859375,0.004163707606494427,0.13973119854927063,0,44.37407700982649,-115.71084610147483,-32.3404725422274,96.9949494949495,96.43939393939394,93.76262626262626,69.11616161616162,39.06565656565657
222584,an funestus ss,IFA_85_32_3392.wav,98.93939393939394,0.3359375,0.0011876578209921718,0.1119791641831398,0,44.37407700982649,-98.74364126498706,-30.607430681748234,98.91414141414141,97.85353535353535,94.7979797979798,70.22727272727273,39.54545454545455
222583,an funestus ss,IFA_85_32_3392.wav,97.95454545454545,0.31640625,0.0022559580393135548,0.11029127985239029,0,44.37407700982649,-104.56195510760439,-31.708182476340344,97.92929292929293,97.67676767676767,95.47979797979798,76.38888888888889,49.57070707070707
222571,an funestus ss,IFA_85_34_3394.wav,98.28282828282828,0.33984375,0.001664101961068809,0.09690946340560913,0,44.37407700982649,-105.82910572245456,-30.242144092893252,98.20707070707071,97.42424242424242,89.8989898989899,65.47979797979798,39.77272727272727
222581,an funestus ss,IFA_85_35_3395.wav,98.76262626262626,0.19140625,0.0009134311694651842,0.07382015138864517,0,44.37407700982649,-101.97959176227087,-39.86211709698556,98.73737373737373,98.10606060606061,91.43939393939394,56.262626262626256,31.464646464646467
222533,an funestus ss,IFA_85_36_3396.wav,98.28282828282828,0.265625,0.0017745817312970757,0.10334329307079315,0,44.37407700982649,-113.11646523996417,-35.11199780596685,98.28282828282828,97.27272727272728,90.6060606060606,66.48989898989899,38.38383838383838
222534,an funestus ss,IFA_85_36_3396.wav,99.6969696969697,0.09765625,9.568339737597853e-05,0.0315755195915699,0,44.37407700982649,-116.25221252150881,-45.79160674162226,99.67171717171716,99.36868686868688,97.24747474747475,81.61616161616162,55.78282828282828
222565,an funestus ss,IFA_85_38_3398.wav,99.46969696969697,0.0625,0.0002012310578720644,0.0379464291036129,0,44.37407700982649,-116.60547091166372,-48.08855189121769,99.46969696969697,98.91414141414141,96.8939393939394,80.05050505050505,51.43939393939394
222567,an funestus ss,IFA_85_38_3398.wav,99.94949494949495,0.0390625,1.4796401956118643e-05,0.029296875,0,44.37407700982649,-105.10739317664358,-49.43141321696122,99.94949494949495,99.79797979797979,98.05555555555556,87.17171717171716,63.661616161616166
222566,an funestus ss,IFA_85_38_3398.wav,99.87373737373737,0.05859375,5.03077644680161e-05,0.03984374925494194,0,44.37407700982649,-112.29137733381164,-48.32622183239074,99.87373737373737,99.0909090909091,94.24242424242424,78.78787878787878,54.8989898989899
222568,an funestus ss,IFA_85_38_3398.wav,100.0,0.0,0.0,0.0,0,44.37407700982649,-115.40180699409291,-54.034065472545564,100.0,99.94949494949495,98.96464646464646,89.72222222222223,65.78282828282829
222578,an funestus ss,IFA_85_40_3400.wav,99.36868686868686,0.1875,0.0005879103555344045,0.09312500059604645,0,44.37407700982649,-113.57913313125182,-39.9119117739962,99.34343434343434,98.86363636363636,97.72727272727273,93.63636363636364,64.84848484848484
222577,an funestus ss,IFA_85_40_3400.wav,99.4949494949495,0.1640625,0.00031861584284342825,0.06308593600988388,0,44.37407700982649,-107.39823718137627,-41.58890679213868,99.46969696969697,99.04040404040404,97.75252525252526,84.57070707070707,59.898989898989896
222607,an funestus ss,IFA_86_10_3410.wav,99.8989898989899,0.06640625,3.057923095184378e-05,0.0302734375,0,44.37407700982649,-103.85839399115964,-47.79908449946846,99.8989898989899,99.52020202020202,97.8030303030303,90.5050505050505,53.56060606060606
222612,an funestus ss,IFA_86_11_3411.wav,98.88888888888889,0.32421875,0.001249802764505148,0.11248224228620529,0,44.37407700982649,-109.36119427457159,-31.18266504893949,98.83838383838383,97.6010101010101,92.3989898989899,80.22727272727272,54.5959595959596
222611,an funestus ss,IFA_86_11_3411.wav,99.1919191919192,0.2109375,0.0007092408486641943,0.0877685546875,0,44.37407700982649,-109.06316704905306,-38.50499689184745,99.16666666666667,98.48484848484848,96.8939393939394,84.24242424242424,52.196969696969695
222610,an funestus ss,IFA_86_12_3412.wav,99.41919191919192,0.21484375,0.000595801742747426,0.10258152335882187,38,6993.657556191134,-112.65488942368718,-38.29014676059265,99.41919191919192,98.83838383838383,96.84343434343434,89.24242424242425,67.44949494949495
222605,an funestus ss,IFA_86_14_3414.wav,98.98989898989899,0.12890625,0.0005326704704202712,0.052734375,0,44.37407700982649,-108.62356384980048,-43.733407880998726,98.96464646464646,98.51010101010101,96.18686868686869,83.23232323232324,59.84848484848485
222590,an funestus ss,IFA_86_17_3417.wav,99.34343434343434,0.1484375,0.00031565656536258757,0.048076923936605453,0,44.37407700982649,-119.49735303745317,-42.57217909913351,99.31818181818181,98.51010101010101,94.82323232323232,81.31313131313132,51.388888888888886
222592,an funestus ss,IFA_86_22_3422.wav,100.0,0.0,0.0,0.0,0,44.37407700982649,-115.22913812030987,-53.70550767954949,100.0,99.97474747474747,98.38383838383838,86.61616161616162,59.84848484848485
222608,an funestus ss,IFA_86_23_3423.wav,99.87373737373737,0.06640625,4.6362056309590116e-05,0.03671874850988388,0,44.37407700982649,-107.40894994587592,-47.7260730043926,99.87373737373737,99.67171717171716,96.74242424242424,79.74747474747474,53.28282828282829
222609,an funestus ss,IFA_86_23_3423.wav,96.48989898989899,0.25,0.0028231535106897354,0.08042940497398376,0,44.37407700982649,-100.86070047753681,-35.87651652636849,96.38888888888889,93.13131313131314,81.06060606060606,50.025252525252526,30.707070707070706
222594,an funestus ss,IFA_86_24_3424.wav,100.0,0.0,0.0,0.0,0,44.37407700982649,-112.32113988065686,-53.52390826859967,100.0,99.94949494949495,99.21717171717171,89.06565656565657,65.40404040404042
222621,an funestus ss,IFA_86_26_3426.wav,98.35858585858585,0.1640625,0.000851286284159869,0.05186298117041588,0,44.37407700982649,-105.20166536907152,-41.4288776341555,98.23232323232324,95.35353535353536,76.94444444444444,51.161616161616166,32.75252525252525
222606,an funestus ss,IFA_86_27_3427.wav,99.36868686868686,0.2109375,0.00042514994856901467,0.06734374910593033,0,44.37407700982649,-104.70303369262531,-38.60167618160172,99.31818181818181,98.63636363636363,95.63131313131314,81.6919191919192,54.94949494949495
222617,an funestus ss,IFA_86_29_3429.wav,99.82323232323232,0.046875,4.142992474953644e-05,0.0234375,0,44.37407700982649,-104.28834185333633,-49.11351162384308,99.82323232323232,98.88888888888889,91.71717171717172,67.92929292929293,38.83838383838384
222619,an funestus ss,IFA_86_31_3431.wav,99.87373737373737,0.03515625,2.56470957538113e-05,0.02031249925494194,0,44.37407700982649,-108.72386353888344,-49.77706329930615,99.87373737373737,99.72222222222223,98.58585858585859,87.22222222222223,51.36363636363637
222603,an funestus ss,IFA_86_32_3432.wav,99.31818181818181,0.22265625,0.00027225379017181695,0.0399305559694767,0,44.37407700982649,-117.76045411593144,-37.861079483094386,99.29292929292929,98.66161616161617,95.07575757575758,76.81818181818181,44.59595959595959
222616,an funestus ss,IFA_86_35_3435.wav,98.18181818181819,0.31640625,0.0016443734057247639,0.0904405415058136,0,44.37407700982649,-113.33388326299249,-31.76041525204863,98.15656565656565,96.21212121212122,81.9949494949495,59.84848484848485,38.76262626262626
222604,an funestus ss,IFA_86_36_3436.wav,99.31818181818181,0.1875,0.00037385575706139207,0.05483217537403107,0,44.37407700982649,-104.46926642576773,-40.117751702930995,99.31818181818181,98.73737373737373,96.43939393939394,83.10606060606061,50.70707070707071
222598,an funestus ss,IFA_86_37_3437.wav,98.4090909090909,0.23828125,0.0009163904469460249,0.0576016865670681,0,44.37407700982649,-102.26635915971212,-36.8060441380517,98.35858585858585,96.28787878787878,86.46464646464646,60.32828282828283,31.565656565656564
222618,an funestus ss,IFA_86_38_3438.wav,99.39393939393939,0.28125,0.0009400647250004113,0.1551106721162796,0,44.37407700982649,-109.43029171806005,-33.9081533033757,99.36868686868688,99.11616161616162,96.18686868686869,82.5,56.71717171717172
222615,an funestus ss,IFA_86_39_3439.wav,98.98989898989899,0.28125,0.0011205808259546757,0.11093749850988388,0,44.37407700982649,-116.00401844772578,-33.95331905033393,98.88888888888889,98.23232323232324,95.07575757575758,73.53535353535354,44.19191919191919
222596,an funestus ss,IFA_87_11_3451.wav,98.78787878787878,0.11328125,0.0005514125805348158,0.0454915352165699,0,44.37407700982649,-103.57202764377325,-44.86154253981994,98.73737373737373,96.66666666666667,91.51515151515152,74.62121212121212,51.41414141414141
222614,an funestus ss,IFA_87_12_3452.wav,98.53535353535354,0.234375,0.0011570785427466035,0.07900054007768631,0,44.37407700982649,-105.2404545389069,-37.08013102098071,98.45959595959596,97.8030303030303,95.05050505050505,79.64646464646464,53.13131313131313
