id,length,name,sample_rate,record_datetime,sound_type,species,gender,fed,plurality,age,method,mic_type,device_type,country,district,province,place,location_type,local_path,actual_sample_rate,channels,subtype,actual_duration,duration_error_seconds,file_sha256,pcm_sha256,peak,rms_dbfs,dc,clip_fraction,zero_fraction,spectral_peak_hz,median_peak_to_median_db,tonal_frame_fraction_10db
221149,2.56,IFA_17_26_666.wav,44100,30-01-20 00:00,mosquito,an arabiensis,Female,f,Single,,HBN,telinga,tascam,Tanzania,Kilombero District,Morogoro,Ifakara,cup,D:\VGU-27\Edge AI Project\data\audio\221149.wav,44100,1,PCM_24,2.56,0.0,c1a3f2c26cad35488b1fb02c68189a0a593dba67134a5d81123ae3cb99639eec,433d613c03a765a83f72e97547c951fe26c947b345bbb1324a4bc910870d6ccb,0.014373779296875,-47.782359379554784,0.00017802001667671462,0.0,0.0032773526077097504,203.125,23.801818731594906,1.0
221150,2.56,IFA_17_26_666.wav,44100,30-01-20 00:00,mosquito,an arabiensis,Female,f,Single,,HBN,telinga,tascam,Tanzania,Kilombero District,Morogoro,Ifakara,cup,D:\VGU-27\Edge AI Project\data\audio\221150.wav,44100,1,PCM_24,2.5599773242630386,-2.2675736961463855e-05,330d7e822ab0ab56c2c6902d6c020f200cfeb5f8c9fe29500a27134e25b8fa03,deb82646b45a737b8819ca62d904f2109f1ed9989720028b26be1f02ea868f47,0.037322998046875,-43.04420626248942,0.0003269031507256466,0.0,0.001993002347313876,187.5,23.965034211753338,1.0
221121,2.56,IFA_17_27_667.wav,44100,30-01-20 00:00,mosquito,ma uniformis,Female,f,Single,,HBN,telinga,tascam,Tanzania,Kilombero District,Morogoro,Ifakara,cup,D:\VGU-27\Edge AI Project\data\audio\221121.wav,44100,1,PCM_24,2.56,0.0,bc0faf339aa107b9a8a0d2677c78f801d3521aada5ba069ba61223fabbf157a7,4c5ebda71c05fd70f0d2f65379667c67f6033b8beccabd697111bb7a6444a91f,0.018341064453125,-47.60947901633465,-0.00027978852762927274,0.0,0.002559878117913832,250.0,22.39300759072046,1.0
221123,2.56,IFA_17_27_667.wav,44100,30-01-20 00:00,mosquito,ma uniformis,Female,f,Single,,HBN,telinga,tascam,Tanzania,Kilombero District,Morogoro,Ifakara,cup,D:\VGU-27\Edge AI Project\data\audio\221123.wav,44100,1,PCM_24,2.56,0.0,b47c16246e1dd2c8ac30a05533de24ce48b11f945081a22fdf91ed3fc821a989,1046951546a522c2b902d44f4dcd33dfd3db9f3e5fe1b434c0d35690de0165a3,0.050567626953125,-42.85490492931827,0.0003413929690579438,0.0,0.0022232851473922904,281.25,20.421848148895823,1.0
221122,2.56,IFA_17_27_667.wav,44100,30-01-20 00:00,mosquito,ma uniformis,Female,f,Single,,HBN,telinga,tascam,Tanzania,Kilombero District,Morogoro,Ifakara,cup,D:\VGU-27\Edge AI Project\data\audio\221122.wav,44100,1,PCM_24,2.5599773242630386,-2.2675736961463855e-05,3bf0aa5c33c482121d3a1ed045eb559937a87fc9f7db6dfca49c443c4d8600e9,150987717b3afa350bea16437eb2b59577b240926df274bf0308174f10ebca6b,0.0181884765625,-47.30306882085847,0.0002876872721541587,0.0,0.0031710881792816332,250.0,20.267665563324844,1.0
221124,2.56,IFA_17_27_667.wav,44100,30-01-20 00:00,mosquito,ma uniformis,Female,f,Single,,HBN,telinga,tascam,Tanzania,Kilombero District,Morogoro,Ifakara,cup,D:\VGU-27\Edge AI Project\data\audio\221124.wav,44100,1,PCM_24,2.56,0.0,e6248ac3fcc9df403582ce30b660cbacc523b4bb305b982245ba7182426a574f,8500f13358320533dedfb84d8a5dd472e4ce061be8dc3de474a8134287977232,0.073394775390625,-43.56438480753023,7.734817712485385e-06,0.0,0.0027813208616780044,734.375,24.072092405776537,1.0
221145,38.4,IFA_17_28_668.wav,44100,30-01-20 00:00,mosquito,culex pipiens complex,Female,f,Single,,HBN,telinga,tascam,Tanzania,Kilombero District,Morogoro,Ifakara,cup,D:\VGU-27\Edge AI Project\data\audio\221145.wav,44100,1,PCM_24,38.4,0.0,b266b9b9198d9b431d14ca940ddb5aa76ef4998adb36504fd345a48dcf11ae25,f1073dc6c4dd61c80a38ffa24cf3429e68ae8f5fb22928d35b56b646ef953b28,0.090057373046875,-41.83790034201336,-2.226292501321275e-05,0.0,0.0020183767951625093,203.125,19.523158805545055,0.9983319432860718
221146,5.12,IFA_17_28_668.wav,44100,30-01-20 00:00,mosquito,culex pipiens complex,Female,f,Single,,HBN,telinga,tascam,Tanzania,Kilombero District,Morogoro,Ifakara,cup,D:\VGU-27\Edge AI Project\data\audio\221146.wav,44100,1,PCM_24,5.12,0.0,81129193af4bf31baf69a8c707786241af1fc672521dacc9cbc4eec4abbeca27,7845046534d2876d7e6646d5ebbb2970e88c5d30fa9ecba6fffee4e49b5e83d6,0.030792236328125,-44.73109444189548,9.598118377650946e-05,0.0,0.002090419501133787,156.25,19.07747005308945,0.9937106918238994
221144,2.56,IFA_17_28_668.wav,44100,30-01-20 00:00,mosquito,culex pipiens complex,Female,f,Single,,HBN,telinga,tascam,Tanzania,Kilombero District,Morogoro,Ifakara,cup,D:\VGU-27\Edge AI Project\data\audio\221144.wav,44100,1,PCM_24,2.5599773242630386,-2.2675736961463855e-05,e3ce056a8c012499809bb8e40467a1211689aa7d62dc3fa7a1635a69914189e2,1d4360e7426222a17456a6f61a930f13c037dc67c7aad0d642a60efa25bf941d,0.092926025390625,-30.35978528960017,0.00291809706466393,0.0,0.0013463838079631515,156.25,16.611446863666437,0.9367088607594937
221102,12.8,IFA_17_31_671.wav,44100,30-01-20 00:00,mosquito,culex pipiens complex,Female,f,Single,,HBN,telinga,tascam,Tanzania,Kilombero District,Morogoro,Ifakara,cup,D:\VGU-27\Edge AI Project\data\audio\221102.wav,44100,1,PCM_24,12.8,0.0,20e2821303c27414a49fd4d367e491bd14f78c895ca61d6daf41f78be103861d,792b4e0829883981cfc87211d7739c46711c8928e7d628578e7641f03768297a,0.026458740234375,-47.56954981031807,1.30796108116098e-05,0.0,0.0029319019274376417,156.25,20.221354625539373,0.9949874686716792
221101,2.56,IFA_17_31_671.wav,44100,30-01-20 00:00,mosquito,culex pipiens complex,Female,f,Single,,HBN,telinga,tascam,Tanzania,Kilombero District,Morogoro,Ifakara,cup,D:\VGU-27\Edge AI Project\data\audio\221101.wav,44100,1,PCM_24,2.56,0.0,796c346a32abcb741e9afb4ac187d5bd24933d0a1d704d2f890af40806d2114c,8169ffd39b32d416c6fb2d2b915a03024e4f8a3996ce5290745993a953106799,0.032257080078125,-45.464126663715064,0.0006048495537029102,0.0,0.002551020408163265,468.75,19.130646263500054,0.9746835443037974
221148,2.5,IFA_17_33_673.wav,44100,30-01-20 00:00,mosquito,ma uniformis,Female,f,Single,,HBN,telinga,tascam,Tanzania,Kilombero District,Morogoro,Ifakara,cup,D:\VGU-27\Edge AI Project\data\audio\221148.wav,44100,1,PCM_24,2.5,0.0,c0212e13dce20bf7540591d183a7feb81d39dea96ebd55b42878745faae43ea5,7c53e38a88d1ceb35864e777701cd6a1eab0a181a85df0693f440332eb5bef97,0.06048583984375,-39.260296594167926,-0.0003706068527671485,0.0,0.0017868480725623582,156.25,17.991460830263904,0.987012987012987
221132,2.56,IFA_17_35_675.wav,44100,30-01-20 00:00,mosquito,culex pipiens complex,Female,f,Single,,HBN,telinga,tascam,Tanzania,Kilombero District,Morogoro,Ifakara,cup,D:\VGU-27\Edge AI Project\data\audio\221132.wav,44100,1,PCM_24,2.56,0.0,c35fd03ad3ba05a95f0d861359f239f09aeac09238420e743d64f034bbadc135,cb162bb23066edbd75ec22279faa73aab7b9abf6945ace6ebbd9c984ce2733f4,0.02215576171875,-48.74420784472703,-0.0001571781240623284,0.0,0.003330498866213152,156.25,19.056418049820692,0.9873417721518988
221131,7.68,IFA_17_35_675.wav,44100,30-01-20 00:00,mosquito,culex pipiens complex,Female,f,Single,,HBN,telinga,tascam,Tanzania,Kilombero District,Morogoro,Ifakara,cup,D:\VGU-27\Edge AI Project\data\audio\221131.wav,44100,1,PCM_24,7.68,0.0,e44faafc4414fd79edb33ebe2f7659902e5cb41694e79e8fbb7103905e0107d5,38b8d31df81310fe8ce0e9a2e78d994dc2bd758b87995d915af1689fdbfe659a,0.06866455078125,-44.84490586946922,-6.287312381481999e-05,0.0,0.0024535856009070293,156.25,18.011443164456345,0.9874476987447699
221158,7.68,IFA_17_36_676.wav,44100,30-01-20 00:00,mosquito,culex pipiens complex,Female,f,Single,,HBN,telinga,tascam,Tanzania,Kilombero District,Morogoro,Ifakara,cup,D:\VGU-27\Edge AI Project\data\audio\221158.wav,44100,1,PCM_24,7.68,0.0,13a42cb63030290ede88a8573fe7b2408ace91bca7dcc6c71ee7ae1ce8b3523f,1d6ab5a14360b704a0afa34d524a2ccb9ef4468b8bfafad5d11614de2e7e3191,0.05853271484375,-45.94152706973739,-4.20269962521277e-05,0.0,0.0025894038170823884,156.25,20.004680286699347,0.9916317991631799
221157,5.12,IFA_17_36_676.wav,44100,30-01-20 00:00,mosquito,culex pipiens complex,Female,f,Single,,HBN,telinga,tascam,Tanzania,Kilombero District,Morogoro,Ifakara,cup,D:\VGU-27\Edge AI Project\data\audio\221157.wav,44100,1,PCM_24,5.12,0.0,68eb0a6554a6116423bc39e3aa6be5b4fab01759e5eb93e830af0518e1378531,ee29d1d2c9ae46f95e343d5201976f4d8c56b3ca8ebdef1f40a4c28547e426c3,0.04095458984375,-47.69678822348112,2.7364073426815387e-06,0.0,0.0029008999433106576,703.125,21.100090181031778,1.0
221127,5.12,IFA_17_37_677.wav,44100,30-01-20 00:00,mosquito,ma uniformis,Female,f,Single,,HBN,telinga,tascam,Tanzania,Kilombero District,Morogoro,Ifakara,cup,D:\VGU-27\Edge AI Project\data\audio\221127.wav,44100,1,PCM_24,5.12,0.0,902458d3fbd2fffb4bfa9a93d74fdf9fa06cdad9d37f0964f7ba41f11f7990a4,568cfabb9febb9597fcf4f9246f0feda700e3eacb78ae85175af87b4fc950c60,0.195220947265625,-31.964951262179106,5.739292049624212e-05,0.0,0.0007086167800453515,156.25,19.335293036668546,0.9937106918238994
221126,2.56,IFA_17_37_677.wav,44100,30-01-20 00:00,mosquito,ma uniformis,Female,f,Single,,HBN,telinga,tascam,Tanzania,Kilombero District,Morogoro,Ifakara,cup,D:\VGU-27\Edge AI Project\data\audio\221126.wav,44100,1,PCM_24,2.56,0.0,018301651f35c77996916278d30156aa7d2eb3304b04e24e33c8545a0e2272ce,16461812e45f90eb5d68dca3546a01369ac9d7bbb5ce8574e749b827dd7b2029,0.1468505859375,-28.727978081964768,0.0005033932575563184,0.0,0.0006377551020408163,156.25,17.39655208654837,1.0
221133,2.56,IFA_17_38_678.wav,44100,30-01-20 00:00,mosquito,culex pipiens complex,Female,f,Single,,HBN,telinga,tascam,Tanzania,Kilombero District,Morogoro,Ifakara,cup,D:\VGU-27\Edge AI Project\data\audio\221133.wav,44100,1,PCM_24,2.56,0.0,461e0a89760ec32bf3e6b73165eef553e1d80de1618bc2ac137e121c8e3049df,a41281139e1ad722d3ca207ca2fdd322a3ca9e960576d14608e9a976a4932989,0.065093994140625,-44.97562229093774,1.3452808873183063e-05,0.0,0.002666170634920635,578.125,20.471943218254523,1.0
221151,12.8,IFA_18_13_693.wav,44100,30-01-20 00:00,mosquito,culex pipiens complex,Female,f,Single,,HBN,telinga,tascam,Tanzania,Kilombero District,Morogoro,Ifakara,cup,D:\VGU-27\Edge AI Project\data\audio\221151.wav,44100,1,PCM_24,12.799977324263038,-2.2675736962796122e-05,0520711f299ff91655c5ab383e0d3dcc16eab29a6a04a81c7ece5b9186d6e714,753c3e3e503de60ae8ab238e191c4b97427e1e977307d164ace30c8806cbbe5d,0.056884765625,-41.10652558060289,6.454348374715335e-05,0.0,0.002756524157674599,203.125,19.122882857364164,0.9974937343358395
221105,2.56,IFA_18_14_694.wav,44100,30-01-20 00:00,mosquito,culex pipiens complex,Female,f,Single,,HBN,telinga,tascam,Tanzania,Kilombero District,Morogoro,Ifakara,cup,D:\VGU-27\Edge AI Project\data\audio\221105.wav,44100,1,PCM_24,2.56,0.0,f46d3021b5f3212465a09d90d85d8cb2044ca6045a9ae5cb929935d751a6f8a5,16961b9b1d32ebb0bdd9dfa304c4d6f775dee6af4a9ba6c5e3626e9d035302d8,0.034515380859375,-41.3375915421204,0.0005780893658834791,0.0,0.0022675736961451248,203.125,21.590766211779066,1.0
221107,2.56,IFA_18_14_694.wav,44100,30-01-20 00:00,mosquito,culex pipiens complex,Female,f,Single,,HBN,telinga,tascam,Tanzania,Kilombero District,Morogoro,Ifakara,cup,D:\VGU-27\Edge AI Project\data\audio\221107.wav,44100,1,PCM_24,2.56,0.0,b69850ae1ed9104ebb2dd929fed25572f881314778519218c984cd2c1d1d891d,9f4720e769649d86fb5406871e917cdacb35ec0c7346b3d2b6d710d0b7ee99a5,0.015167236328125,-46.9861431288175,-6.222697882965849e-05,0.0,0.0035962301587301585,187.5,19.643613968769227,1.0
221106,10.24,IFA_18_14_694.wav,44100,30-01-20 00:00,mosquito,culex pipiens complex,Female,f,Single,,HBN,telinga,tascam,Tanzania,Kilombero District,Morogoro,Ifakara,cup,D:\VGU-27\Edge AI Project\data\audio\221106.wav,44100,1,PCM_24,10.24,0.0,0c9122466409f9df1a997b7ca8312776d167f4ccc544b801f69620c7f6630799,f31e7f4d0dfdbc792f863733568565f54d0bef4505e98133fbaca62697cddeb1,0.046478271484375,-43.48899686053443,4.552889302744617e-05,0.0,0.002327363236961451,203.125,20.574070916600586,1.0
221104,2.56,IFA_18_14_694.wav,44100,30-01-20 00:00,mosquito,culex pipiens complex,Female,f,Single,,HBN,telinga,tascam,Tanzania,Kilombero District,Morogoro,Ifakara,cup,D:\VGU-27\Edge AI Project\data\audio\221104.wav,44100,1,PCM_24,2.56,0.0,31b1d451fb33c8dbcaca07569fe5daef6d47e340e8e1937e3b43e7c43dbd7901,a7d9e48284f05820bbc57959e9d6ca0bebddac79a03e39fce286a21da964e83b,0.267486572265625,-41.71269603521078,0.00022456975750912345,0.0,0.002170138888888889,1187.5,19.063311918459796,0.9873417721518988
221109,2.56,IFA_18_15_695.wav,44100,30-01-20 00:00,mosquito,culex pipiens complex,Female,f,Single,,HBN,telinga,tascam,Tanzania,Kilombero District,Morogoro,Ifakara,cup,D:\VGU-27\Edge AI Project\data\audio\221109.wav,44100,1,PCM_24,2.56,0.0,a03491329449fd0b2a6a0eae269699cdf25788e5d060a22c6a332072b7e406e6,81e757cec821a5423a9306746899c6ad5c5600160ac22147e8f1c5752a7b3381,0.03857421875,-39.542541377109,0.0003899362892790987,0.0,0.0010097789115646259,187.5,19.11791926312954,1.0
221128,12.8,IFA_18_18_698.wav,44100,30-01-20 00:00,mosquito,culex pipiens complex,Female,f,Single,,HBN,telinga,tascam,Tanzania,Kilombero District,Morogoro,Ifakara,cup,D:\VGU-27\Edge AI Project\data\audio\221128.wav,44100,1,PCM_24,12.8,0.0,b8f43edc984a6ae102740a0c184a1453f8d3e8c051bfa1d1a950e98fdcbde894,60f86978cbd5c7c4ffb1a5194a601f481004e68400ddb33669a5edd8a615d0bb,0.09136962890625,-45.289639686188885,3.868327930130386e-06,0.0,0.003222434807256236,578.125,18.904787517789515,0.9974937343358395
221130,2.56,IFA_18_18_698.wav,44100,30-01-20 00:00,mosquito,culex pipiens complex,Female,f,Single,,HBN,telinga,tascam,Tanzania,Kilombero District,Morogoro,Ifakara,cup,D:\VGU-27\Edge AI Project\data\audio\221130.wav,44100,1,PCM_24,2.5599773242630386,-2.2675736961463855e-05,375d8db527a227f0d7a1b8a4d8d5c068370d7adf496c274a8ba5520862d5dbe0,4a476247c719125552c6828f9bbf0bdfbd617c5acb32b23e393d237f34dcfdbd,0.022796630859375,-48.203652585012506,-0.00011741056661471943,0.0,0.004039151423889455,500.0,21.388387683800275,1.0
221129,2.56,IFA_18_18_698.wav,44100,30-01-20 00:00,mosquito,culex pipiens complex,Female,f,Single,,HBN,telinga,tascam,Tanzania,Kilombero District,Morogoro,Ifakara,cup,D:\VGU-27\Edge AI Project\data\audio\221129.wav,44100,1,PCM_24,2.5599773242630386,-2.2675736961463855e-05,c044db8b280ed29b942182dc3bac77d83ff6fad7a3c73c3e313b5a3b6dab1d0a,9b85de94fcfa91ace08c0177f430a0dbc65bcd5a8315f9868712e5323c58ab88,0.036163330078125,-44.097587638427534,0.0001685636988289727,0.0,0.002551043004561761,187.5,22.214938711613517,1.0
221147,12.8,IFA_18_19_699.wav,44100,30-01-20 00:00,mosquito,culex pipiens complex,Female,f,Single,,HBN,telinga,tascam,Tanzania,Kilombero District,Morogoro,Ifakara,cup,D:\VGU-27\Edge AI Project\data\audio\221147.wav,44100,1,PCM_24,12.8,0.0,176dbc1523364e14ed529cd12b1309c95dda48bf469e1bbabe01992c43136fba,72f414c8412f9e8628b682c240148901c999b21c8c15443cf4f393a8e6c5eaf6,0.370574951171875,-40.919722291218605,-5.1439646420295004e-05,0.0,0.0023614654195011336,531.25,22.39515063192098,1.0
221116,2.56,IFA_18_21_701.wav,44100,30-01-20 00:00,mosquito,culex pipiens complex,Female,f,Single,,HBN,telinga,tascam,Tanzania,Kilombero District,Morogoro,Ifakara,cup,D:\VGU-27\Edge AI Project\data\audio\221116.wav,44100,1,PCM_24,2.5599773242630386,-2.2675736961463855e-05,b64a7d49ab0e37911539b27ae6227baeac43d4a38386bd0ca085a703a1698d58,201b38a332e03664f1e4ef71cbe481864f3b5cff264b7a30f545f8cf739657de,0.052032470703125,-39.729028975687434,0.0009006674092561119,0.0,0.002028433500155011,187.5,21.815527599978125,1.0
221141,7.68,IFA_18_23_703.wav,44100,30-01-20 00:00,mosquito,culex pipiens complex,Female,f,Single,,HBN,telinga,tascam,Tanzania,Kilombero District,Morogoro,Ifakara,cup,D:\VGU-27\Edge AI Project\data\audio\221141.wav,44100,1,PCM_24,7.68,0.0,81761e89d965654dc4d62a11563712f5a7ff6f7a74cc860f82b6ec293b451d05,fb20c8435a2f9bd66d972208bdbae4a124b67af5509c6bd33ba6b4c1a9e0c3ce,0.080657958984375,-44.07756558912034,4.9591154558408105e-05,0.0,0.0022528108465608467,312.5,19.18946054606411,0.9916317991631799
221142,10.24,IFA_18_23_703.wav,44100,30-01-20 00:00,mosquito,culex pipiens complex,Female,f,Single,,HBN,telinga,tascam,Tanzania,Kilombero District,Morogoro,Ifakara,cup,D:\VGU-27\Edge AI Project\data\audio\221142.wav,44100,1,PCM_24,10.23997732426304,-2.2675736961019766e-05,e0f51fe6a9e04b58d8a039a216914208eeb9f985f798e50918c750834a15b1b3,c909859610ed6202c1a7bff990f1aba425c79e4f61701a27d94d467e49935d42,0.069854736328125,-39.2631189535857,-5.748705013374479e-05,0.0,0.0021169973183224346,203.125,19.382370565501517,0.9905956112852664
221108,17.92,IFA_18_24_704.wav,44100,30-01-20 00:00,mosquito,culex pipiens complex,Female,f,Single,,HBN,telinga,tascam,Tanzania,Kilombero District,Morogoro,Ifakara,cup,D:\VGU-27\Edge AI Project\data\audio\221108.wav,44100,1,PCM_24,17.92,0.0,28bab675fc33e46094821ee02ea2e9da0733b1e397ac8babdd3451c05545d170,5da279c204b3b511c40916887ceeeb0425ab5306c43980106dff0e9346f2698e,0.06292724609375,-43.503397402183275,-1.614859160536657e-05,0.0,0.002551020408163265,203.125,20.051497275020218,0.9964221824686941
221114,5.12,IFA_18_27_707.wav,44100,30-01-20 00:00,mosquito,culex pipiens complex,Female,f,Single,,HBN,telinga,tascam,Tanzania,Kilombero District,Morogoro,Ifakara,cup,D:\VGU-27\Edge AI Project\data\audio\221114.wav,44100,1,PCM_24,5.12,0.0,0f42eb31a79c814824d5a2b862b1383983af6de0103cc179186c6eaf58c4b085,70b89f5d6eec7ac5dcff7a5b583c301c130e6cd152f53c7bd7e6e0385563cc38,0.02655029296875,-45.029003922055125,-0.0002388277021395106,0.0,0.002347293083900227,203.125,20.423988216643593,1.0
221100,2.56,IFA_18_28_708.wav,44100,30-01-20 00:00,mosquito,culex pipiens complex,Female,f,Single,,HBN,telinga,tascam,Tanzania,Kilombero District,Morogoro,Ifakara,cup,D:\VGU-27\Edge AI Project\data\audio\221100.wav,44100,1,PCM_24,2.56,0.0,c515921e996c66f3b95e3dee2d80b83669cf5953af567f0f8d31b697553ec807,4ac0a3d62496a48ed2eb55e60517af41ba0bc62b04fabd43534c8f54f6fc16c2,0.027252197265625,-44.94477956337762,6.012500278533451e-05,0.0,0.0029673327664399094,156.25,16.044495303435745,1.0
221143,12.8,IFA_18_29_709.wav,44100,30-01-20 00:00,mosquito,an arabiensis,Female,f,Single,,HBN,telinga,tascam,Tanzania,Kilombero District,Morogoro,Ifakara,cup,D:\VGU-27\Edge AI Project\data\audio\221143.wav,44100,1,PCM_24,12.799977324263038,-2.2675736962796122e-05,1576759ed40fb6b97f1b1f1c9e4dcc18f03ed5a7d24c7f7c6ffe9c3a72ee2fa2,0cd8128928552b79f37119cded6ffc8fa3ef8fe034d940edf5d78fe31f54dfde,0.106903076171875,-34.982821751748475,3.707366815932258e-05,0.0,0.001128474221361645,203.125,19.281182654900782,0.9774436090225563
221113,2.56,IFA_18_30_710.wav,44100,30-01-20 00:00,mosquito,culex pipiens complex,Female,f,Single,,HBN,telinga,tascam,Tanzania,Kilombero District,Morogoro,Ifakara,cup,D:\VGU-27\Edge AI Project\data\audio\221113.wav,44100,1,PCM_24,2.56,0.0,329fc8ca8096b413b7b4b4bf4769d4479017bcf5163ab3f4c11dd77ccb21e359,b89967699fa5ca944a744202513e8c73b121e6143343989e2c56bbd2f9e6ab38,0.033477783203125,-40.779499165016865,0.0003988040007160905,0.0,0.001665249433106576,250.0,22.346185310584485,1.0
221112,17.92,IFA_18_30_710.wav,44100,30-01-20 00:00,mosquito,culex pipiens complex,Female,f,Single,,HBN,telinga,tascam,Tanzania,Kilombero District,Morogoro,Ifakara,cup,D:\VGU-27\Edge AI Project\data\audio\221112.wav,44100,1,PCM_24,17.919977324263037,-2.267573696457248e-05,0bdf909d45455df72aef12b453bf2c44ff3bf3f3fec3fe40698febf430303d29,35d598c55fe636462e8ff4c20cb1d91fefc6732685b7cd09298a3df4abbf83c0,0.060638427734375,-41.8720391389052,-6.183714577321419e-06,0.0,0.0020878913689101586,593.75,22.54359868874035,0.998211091234347
221118,5.12,IFA_18_31_711.wav,44100,30-01-20 00:00,mosquito,culex pipiens complex,Female,f,Single,,HBN,telinga,tascam,Tanzania,Kilombero District,Morogoro,Ifakara,cup,D:\VGU-27\Edge AI Project\data\audio\221118.wav,44100,1,PCM_24,5.12,0.0,c119b3fb0b53b003a3c14cde6c45260adb13ae7567320bbd0fc8fa33421a51b6,a88f2862af5e61cf017a16d81b9922f09a24477c9a9baf000fd091844ce1a054,0.062713623046875,-44.09454523714572,-4.371534399434823e-05,0.0,0.0024668721655328797,203.125,19.10551655435,0.9937106918238994
221117,2.56,IFA_18_31_711.wav,44100,30-01-20 00:00,mosquito,culex pipiens complex,Female,f,Single,,HBN,telinga,tascam,Tanzania,Kilombero District,Morogoro,Ifakara,cup,D:\VGU-27\Edge AI Project\data\audio\221117.wav,44100,1,PCM_24,2.56,0.0,bc01b7e2c94e2988887f8dea0623927a13d5bcd292d2e4538cfd7a20649bc07b,8a99d60bfefa3dc3d656006d33bb3b8d73226068ffb047b8b289fcdbf05ef1fd,0.02960205078125,-43.04313100570074,0.0002390949093565649,0.0,0.0019486961451247165,203.125,16.99944309289041,0.9873417721518988
221115,17.92,IFA_18_33_713.wav,44100,30-01-20 00:00,mosquito,culex pipiens complex,Female,f,Single,,HBN,telinga,tascam,Tanzania,Kilombero District,Morogoro,Ifakara,cup,D:\VGU-27\Edge AI Project\data\audio\221115.wav,44100,1,PCM_24,17.92,0.0,0abd0ea22ca1c82e1d5872a7591f2023e6c21725cb9357602c1c425846a4c7ff,c955977b10a7135de9e023bbbef6519e744115b6f9ccba5e8bf1e13d42629db4,0.131072998046875,-40.87337111388778,1.0943891625980517e-05,0.0,0.00187403830579851,203.125,21.21682876454347,0.9910554561717353
221201,2.56,IFA_18_37_717.wav,44100,03-02-20 00:00,mosquito,an arabiensis,Female,f,Single,,HBN,telinga,tascam,Tanzania,Kilombero District,Morogoro,Ifakara,cup,D:\VGU-27\Edge AI Project\data\audio\221201.wav,44100,1,PCM_24,2.5599773242630386,-2.2675736961463855e-05,930345ada9dc43aebe185712bd82c235c45b0e34bb071710a4accbb090c26b56,428da02ae1944efe6cf044a62898232882175c86d0376534e9e1d42d401ff716,0.10137939453125,-37.84909287842829,0.00023431753034138469,0.0,0.0015323973603791133,156.25,21.222664661203567,1.0
221200,2.56,IFA_18_37_717.wav,44100,03-02-20 00:00,mosquito,an arabiensis,Female,f,Single,,HBN,telinga,tascam,Tanzania,Kilombero District,Morogoro,Ifakara,cup,D:\VGU-27\Edge AI Project\data\audio\221200.wav,44100,1,PCM_24,2.56,0.0,81d31ce59229d8caebc4fe8f03f7bc8b51c110887ef2a361841b75af330971e0,421ad9e5c4949f87319203bd2418bee92c3cc3e12b119854a5158113644f3e08,0.057525634765625,-37.983751478951696,-0.0006717727297828311,0.0,0.0011160714285714285,156.25,21.21081460850386,0.9873417721518988
221167,2.56,IFA_18_38_718.wav,44100,03-02-20 00:00,mosquito,an arabiensis,Female,f,Single,,HBN,telinga,tascam,Tanzania,Kilombero District,Morogoro,Ifakara,cup,D:\VGU-27\Edge AI Project\data\audio\221167.wav,44100,1,PCM_24,2.5599773242630386,-2.2675736961463855e-05,3798a00f2cf0d59031bbac522bd86152807fa544f8ae07d54a58cb111f58c653,50358acde02aeec3264dff51a09b5c846150e485fd1b0661a24b6a1107b4f0e6,0.093841552734375,-36.270567134494975,-0.0005503027975213417,0.0,0.0008857788210283892,562.5,18.709230778966333,0.9493670886075949
221166,2.56,IFA_18_38_718.wav,44100,03-02-20 00:00,mosquito,an arabiensis,Female,f,Single,,HBN,telinga,tascam,Tanzania,Kilombero District,Morogoro,Ifakara,cup,D:\VGU-27\Edge AI Project\data\audio\221166.wav,44100,1,PCM_24,2.56,0.0,da6e34e1d4ebc3fc285484e195a63caa38be0f620c908aa5f4964f8a2341f130,d6c2815efa20fdcc9af0233894d795b6638a7ce6a759a6b19ea77ae59dbc619b,0.046783447265625,-36.67321651717383,4.4867835617930444e-05,0.0,0.0006997590702947846,156.25,21.78055576376165,1.0
221165,7.68,IFA_18_38_718.wav,44100,03-02-20 00:00,mosquito,an arabiensis,Female,f,Single,,HBN,telinga,tascam,Tanzania,Kilombero District,Morogoro,Ifakara,cup,D:\VGU-27\Edge AI Project\data\audio\221165.wav,44100,1,PCM_24,7.68,0.0,b7cb1ee7f4de32d3eb19d9224b3100a18d34bcd91dcc071c3c54a628d3b68dd7,4c4607bb2aec0677771f2ac3e095ecdabf8806bd8a362ef166a7e7344bf6be5d,0.076812744140625,-39.778772903727216,-0.0005855003452084772,0.0,0.0014703798185941044,156.25,21.472782755483912,0.9790794979079498
221180,15.36,IFA_18_39_719.wav,44100,03-02-20 00:00,mosquito,an arabiensis,Female,f,Single,,HBN,telinga,tascam,Tanzania,Kilombero District,Morogoro,Ifakara,cup,D:\VGU-27\Edge AI Project\data\audio\221180.wav,44100,1,PCM_24,15.36,0.0,99383611d9f26dcb9300b382c38321aebc449b89ce205d62de6a1e30c559ddc0,4706b577d99b98206fa42d699608530b19a84cd821283cc898374bba378bcc98,0.093475341796875,-40.43862206010586,0.00012496598093057344,0.0,0.0016372000188964475,171.875,21.125586978597944,0.9874739039665971
221181,7.68,IFA_18_39_719.wav,44100,03-02-20 00:00,mosquito,an arabiensis,Female,f,Single,,HBN,telinga,tascam,Tanzania,Kilombero District,Morogoro,Ifakara,cup,D:\VGU-27\Edge AI Project\data\audio\221181.wav,44100,1,PCM_24,7.68,0.0,ffdbb6430e82e88d078c48744fdbb2c332357c33b38a8d668dfaaabf3af7af7a,19c8784c44518e40b6db2dceeb3e1dfc54220893102d5509972886e7a9233f52,0.0745849609375,-38.78337806030616,5.065746047869832e-05,0.0,0.0014703798185941044,203.125,21.11782539375927,0.9790794979079498
221182,7.68,IFA_19_12_732.wav,44100,03-02-20 00:00,mosquito,an arabiensis,Female,f,Single,,HBN,telinga,tascam,Tanzania,Kilombero District,Morogoro,Ifakara,cup,D:\VGU-27\Edge AI Project\data\audio\221182.wav,44100,1,PCM_24,7.68,0.0,009aada563bf2cc1643f3651f9212e48fcd5b84fc76ca95dfa4182fff5458f8f,e86eaf3a36dde2121ceffe88e7fe239355630ecf7794578b2c1fb427517236e2,0.091400146484375,-36.829995427343675,0.00012402136219511947,0.0,0.0013670398715041573,156.25,20.53391413920556,1.0
221183,2.56,IFA_19_12_732.wav,44100,03-02-20 00:00,mosquito,an arabiensis,Female,f,Single,,HBN,telinga,tascam,Tanzania,Kilombero District,Morogoro,Ifakara,cup,D:\VGU-27\Edge AI Project\data\audio\221183.wav,44100,1,PCM_24,2.5599773242630386,-2.2675736961463855e-05,64d28a0d155e1bf6c2b799b4b694964ea37fd562905b9a28a498cb7959e32a68,f1a75b845c94ce2f1a89d8246172aedf67331abba309fccd1bdacdfe3cf216d9,0.046722412109375,-38.53992389810105,-5.564771365261969e-05,0.0,0.0011072235262854866,203.125,20.961802815450447,1.0
221177,7.68,IFA_19_18_738.wav,44100,03-02-20 00:00,mosquito,an arabiensis,Female,f,Single,,HBN,telinga,tascam,Tanzania,Kilombero District,Morogoro,Ifakara,cup,D:\VGU-27\Edge AI Project\data\audio\221177.wav,44100,1,PCM_24,7.68,0.0,9918dac404211c832414705d32227448d4648b9c57a14144eb07a3dc69a5aaa4,b8999f474902577acb9e19984380736cb40232b415e0c3d287a5401f7a170bcd,0.060455322265625,-37.150868526626226,6.451565302058052e-05,0.0,0.0009271069538926682,156.25,20.52668634603446,0.9916317991631799
221176,2.56,IFA_19_18_738.wav,44100,03-02-20 00:00,mosquito,an arabiensis,Female,f,Single,,HBN,telinga,tascam,Tanzania,Kilombero District,Morogoro,Ifakara,cup,D:\VGU-27\Edge AI Project\data\audio\221176.wav,44100,1,PCM_24,2.56,0.0,2b7fbcd436ac6ae9cd043decfc31201d532ed9025c4b9fbefaf2c8b903165e2b,6a6be6110a9cec119383748cd1c132d0e497b2b6b13f96a1385b899e665b5aa6,0.04058837890625,-40.78314511330874,0.00017704417646066401,0.0,0.0012843679138321996,421.875,20.60140233306779,1.0
221175,5.12,IFA_19_18_738.wav,44100,03-02-20 00:00,mosquito,an arabiensis,Female,f,Single,,HBN,telinga,tascam,Tanzania,Kilombero District,Morogoro,Ifakara,cup,D:\VGU-27\Edge AI Project\data\audio\221175.wav,44100,1,PCM_24,5.12,0.0,924f14f3d8933741cd5db485ed19effc45866817a2f7caac12b7a64e564adcd3,61e65d7bd971514dba1d0a675dd7d06ae59ae23b798b2cfc7f2a0f5dd1c02824,0.11859130859375,-33.929702058678764,3.128676187424433e-05,0.0,0.0007263321995464852,375.0,21.212154368425598,1.0
221178,2.56,IFA_19_18_738.wav,44100,03-02-20 00:00,mosquito,an arabiensis,Female,f,Single,,HBN,telinga,tascam,Tanzania,Kilombero District,Morogoro,Ifakara,cup,D:\VGU-27\Edge AI Project\data\audio\221178.wav,44100,1,PCM_24,2.5599773242630386,-2.2675736961463855e-05,b96b21da4c0de3759b6b1248b739d9a78f24c630a12d4b35bea328a6a24ac985,91d2d908b9b9054810a51c69014b3af52df99a0d5cdf9bb3b720430798fe530f,0.072235107421875,-36.611798122223966,-0.001022559582033499,0.0,0.000814916515346118,812.5,20.289840975941416,1.0
221179,7.62,IFA_19_18_738.wav,44100,03-02-20 00:00,mosquito,an arabiensis,Female,f,Single,,HBN,telinga,tascam,Tanzania,Kilombero District,Morogoro,Ifakara,cup,D:\VGU-27\Edge AI Project\data\audio\221179.wav,44100,1,PCM_24,7.619977324263038,-2.2675736961907944e-05,b3e4d7a441fa7e27ced654fd7e8a4521848a4f362e13141ab6d41e3edb3e10e6,79dc5bf116645d82b9bc821b1e3b3bffa1019087c3cd0f2f79f5ba274c8be306,0.076446533203125,-41.21991636215643,0.0003073929397287087,0.0,0.0014135179933400983,796.875,20.62388017883182,1.0
221210,63.94,IFA_19_19_739.wav,44100,03-02-20 00:00,mosquito,an arabiensis,Female,f,Single,,HBN,telinga,tascam,Tanzania,Kilombero District,Morogoro,Ifakara,cup,D:\VGU-27\Edge AI Project\data\audio\221210.wav,44100,1,PCM_24,63.94,0.0,47cc4779277870f405cc2b63a2dd4c575e001582956f83bb261375900d786ef6,44ec27ae27ea5f1b045970b0693fff511c889c8c6b02239c66ca593196684528,0.50701904296875,-35.1850713668372,1.798386774442469e-05,0.0,0.0009124909477918996,156.25,21.242554556059513,0.9934902353530295
221196,2.56,IFA_19_20_740.wav,44100,03-02-20 00:00,mosquito,an arabiensis,Female,f,Single,,HBN,telinga,tascam,Tanzania,Kilombero District,Morogoro,Ifakara,cup,D:\VGU-27\Edge AI Project\data\audio\221196.wav,44100,1,PCM_24,2.56,0.0,5af029afeed8e49614015f3cb134cd38124003c8e270aaa000dd7d9b6f309b80,9165e6f35f85bac89b6adbf158fe6ab54451f0b90d7081f262df9fe8c72fc38f,0.21246337890625,-28.7217513192086,-0.00020570955038611311,0.0,0.0004428854875283447,156.25,18.818214122898745,1.0
221197,35.78,IFA_19_20_740.wav,44100,03-02-20 00:00,mosquito,an arabiensis,Female,f,Single,,HBN,telinga,tascam,Tanzania,Kilombero District,Morogoro,Ifakara,cup,D:\VGU-27\Edge AI Project\data\audio\221197.wav,44100,1,PCM_24,35.78,0.0,f93c3ed1031dec4668e81464b23086e0555e00f5fa6b7c8bb096b6b140895ad0,84425b2b7386eb77959610b487cd1ecdd0cf3aa71d670ba73f0f1d6ef720c623,0.1934814453125,-28.717879917432686,4.7696739332713126e-05,0.0,0.00025983935590259954,171.875,22.095456793760746,0.9973142345568488
221211,2.56,IFA_19_21_741.wav,44100,03-02-20 00:00,mosquito,an arabiensis,Female,f,Single,,HBN,telinga,tascam,Tanzania,Kilombero District,Morogoro,Ifakara,cup,D:\VGU-27\Edge AI Project\data\audio\221211.wav,44100,1,PCM_24,2.56,0.0,0f21b1fed27ce08a0365419d77395176e8827d338bf9f6fe91af7fafa6da65ce,d73ebdca983e44d2e3c683cf7c2d83da5d1e125acdd7e3c7856ea782dc2d24b9,0.192474365234375,-28.35385383924949,0.00022939949078895066,0.0,0.00020372732426303855,906.25,19.840234432223195,1.0
221212,12.8,IFA_19_21_741.wav,44100,03-02-20 00:00,mosquito,an arabiensis,Female,f,Single,,HBN,telinga,tascam,Tanzania,Kilombero District,Morogoro,Ifakara,cup,D:\VGU-27\Edge AI Project\data\audio\221212.wav,44100,1,PCM_24,12.8,0.0,de49d0213098b76a2f404ad34c31cd831987453bf35bd5d8382153a4e862bae4,2408f97cdab921c161f887ae829b78946a6d53e0e5502b295fd037d77b4e3bfc,0.187835693359375,-29.371527973737415,0.0001092863191012082,0.0,0.00029407596371882087,187.5,21.84647394922701,1.0
221199,43.46,IFA_19_22_742.wav,44100,03-02-20 00:00,mosquito,an arabiensis,Female,f,Single,,HBN,telinga,tascam,Tanzania,Kilombero District,Morogoro,Ifakara,cup,D:\VGU-27\Edge AI Project\data\audio\221199.wav,44100,1,PCM_24,43.46,0.0,f78e2425e510e5f62806b4ca3085be2207018116d2ecaa535648f964ff1b9c28,1596716cfe12a649299f277f7df702d4b1df9d6aad6008b1fb24475f6c09e47e,0.070709228515625,-37.202334192250476,-3.90925929784784e-06,0.0,0.0009527357499219967,156.25,21.647630630249097,0.9985261606484893
221159,2.56,IFA_19_24_744.wav,44100,03-02-20 00:00,mosquito,an arabiensis,Female,f,Single,,HBN,telinga,tascam,Tanzania,Kilombero District,Morogoro,Ifakara,cup,D:\VGU-27\Edge AI Project\data\audio\221159.wav,44100,1,PCM_24,2.56,0.0,9451db45847d66e37998c67b7986a1f8f706fac21c8b03269be929368de7ce01,84ef8219e7ce5fd70faf096f51d73b5825933553f99ccdd2a1100f36634dbea1,0.0223388671875,-42.51883096450346,2.0722413008986148e-05,0.0,0.0017183956916099774,156.25,21.448814627118256,1.0
221160,5.12,IFA_19_24_744.wav,44100,03-02-20 00:00,mosquito,an arabiensis,Female,f,Single,,HBN,telinga,tascam,Tanzania,Kilombero District,Morogoro,Ifakara,cup,D:\VGU-27\Edge AI Project\data\audio\221160.wav,44100,1,PCM_24,5.119977324263038,-2.2675736961907944e-05,145c6b16dc7d3ab1282f02deda481896b4bc02435db47fb78fb46b6b35718bfb,d9db7f0851678901498a1e601c58fae69a810c0a5988521f26e4c4c0bbdfe5be,0.034271240234375,-41.2052361451087,-4.01091027280206e-05,0.0,0.0013685222174488797,484.375,21.909172259137925,1.0
221215,7.68,IFA_19_26_746.wav,44100,03-02-20 00:00,mosquito,an arabiensis,Female,f,Single,,HBN,telinga,tascam,Tanzania,Kilombero District,Morogoro,Ifakara,cup,D:\VGU-27\Edge AI Project\data\audio\221215.wav,44100,1,PCM_24,7.68,0.0,fccd02a92ebfecfb014bade6017c24f315ce80b779ec2d8379631d9af89f6bed,6033096afbca40b24886d1cfebc74f937db79735055b8be91442572252bfafa8,0.060272216796875,-39.76249904383692,2.945361494207058e-05,0.0,0.0013227513227513227,156.25,22.63049652915505,1.0
221216,2.5,IFA_19_26_746.wav,44100,03-02-20 00:00,mosquito,an arabiensis,Female,f,Single,,HBN,telinga,tascam,Tanzania,Kilombero District,Morogoro,Ifakara,cup,D:\VGU-27\Edge AI Project\data\audio\221216.wav,44100,1,PCM_24,2.5,0.0,cf396251b9fd4d43089bdd393703c66468cc5ba1efd8766b70c7024f229d0cd9,62c5f255cff26490b1587b8eba54774ac2848742ca7bf4e19941c42e0ce9005d,0.025177001953125,-43.122478174415136,0.00017379241735756803,0.0,0.0016689342403628119,843.75,28.579229665361446,1.0
221214,5.12,IFA_19_26_746.wav,44100,03-02-20 00:00,mosquito,an arabiensis,Female,f,Single,,HBN,telinga,tascam,Tanzania,Kilombero District,Morogoro,Ifakara,cup,D:\VGU-27\Edge AI Project\data\audio\221214.wav,44100,1,PCM_24,5.119977324263038,-2.2675736961907944e-05,41c955ec5b26e30072063fad26b89bc5ca520a9fedf8f06be042e1efa62932c7,42338124a2f7aa3902ad1552cdaa2821c0fc498883df05848394220fef9ade6c,0.07781982421875,-39.56175600721382,0.00022327201385040536,0.0,0.0015191039501131578,156.25,21.43018175773959,1.0
221213,20.48,IFA_19_26_746.wav,44100,03-02-20 00:00,mosquito,an arabiensis,Female,f,Single,,HBN,telinga,tascam,Tanzania,Kilombero District,Morogoro,Ifakara,cup,D:\VGU-27\Edge AI Project\data\audio\221213.wav,44100,1,PCM_24,20.48,0.0,93c0d7491f906ee088e7c14b85e65b408883ea404915c27f1f60f6a35139897e,8007927579dadf7754125716dc6c59d106f15e602cddc90745176d807689372b,0.19390869140625,-39.298982909039424,0.00011586730712665722,0.0,0.0014692726048752835,156.25,20.3706333537695,0.9937402190923318
221190,5.12,IFA_19_27_747.wav,44100,03-02-20 00:00,mosquito,an arabiensis,Female,f,Single,,HBN,telinga,tascam,Tanzania,Kilombero District,Morogoro,Ifakara,cup,D:\VGU-27\Edge AI Project\data\audio\221190.wav,44100,1,PCM_24,5.119977324263038,-2.2675736961907944e-05,1036d2cc4ee6bc618435cfd22980b2d9a92b165bcbb8b52390ad1d94e1831b25,49d47b66b0ed9e178d210ce5545ecbc50ec818083e209e1a41f0d24c6f7628e6,0.047454833984375,-39.24020549850066,0.00030350630317071427,0.0,0.0012533714807056082,156.25,21.683741024120657,1.0
221189,2.56,IFA_19_27_747.wav,44100,03-02-20 00:00,mosquito,an arabiensis,Female,f,Single,,HBN,telinga,tascam,Tanzania,Kilombero District,Morogoro,Ifakara,cup,D:\VGU-27\Edge AI Project\data\audio\221189.wav,44100,1,PCM_24,2.56,0.0,9c438f684c4b1b0d461f169328e75aa0e28d77cf8aefa2cf9e2267808a64c45d,d9d519cfcc06e4d7243df0391399932d5492cb1dbd7d5624393950859914a551,0.034912109375,-43.045398659091205,-0.0005726684518411857,0.0,0.0017626842403628117,812.5,21.631784483867406,1.0
221188,5.12,IFA_19_27_747.wav,44100,03-02-20 00:00,mosquito,an arabiensis,Female,f,Single,,HBN,telinga,tascam,Tanzania,Kilombero District,Morogoro,Ifakara,cup,D:\VGU-27\Edge AI Project\data\audio\221188.wav,44100,1,PCM_24,5.12,0.0,4dde5df97168d214e7962335085d48ca14c4a48f3cc821ea5568b991726a0523,ac25fba11de7eb0c4397a3a4cd8013f2bd85c49d389b594f07ba262a3998926f,0.028289794921875,-43.77255228954766,0.0003357512069667548,0.0,0.0016209608843537416,796.875,24.09453563949355,1.0
221187,2.56,IFA_19_27_747.wav,44100,03-02-20 00:00,mosquito,an arabiensis,Female,f,Single,,HBN,telinga,tascam,Tanzania,Kilombero District,Morogoro,Ifakara,cup,D:\VGU-27\Edge AI Project\data\audio\221187.wav,44100,1,PCM_24,2.56,0.0,0e79cc59f6ad16983f7d0c62580012716dfcfb36a65a64dbd2884df31ffdd8c2,e5ea10800677d4ba1ad4735850b61e398742cb805e7451fa9d3cca739db0d035,0.03668212890625,-40.27933296858262,-0.0007990133735328034,0.0,0.0013109410430839003,812.5,20.819051900948438,1.0
221209,20.48,IFA_19_28_748.wav,44100,03-02-20 00:00,mosquito,an arabiensis,Female,t,Single,,HBN,telinga,tascam,Tanzania,Kilombero District,Morogoro,Ifakara,cup,D:\VGU-27\Edge AI Project\data\audio\221209.wav,44100,1,PCM_24,20.48,0.0,9a7c3aea476943323d774957f9b931ea3acf3ae3be36823172fe9a1d495fe71e,f04bb8d27dd33a9d855a13c5596bfad53dd938666fc28bf6d24bf39515694e18,0.3128662109375,-34.770430784468644,9.610600211993367e-05,0.0,0.000720796130952381,609.375,20.647183056370704,1.0
221204,5.06,IFA_19_31_751.wav,44100,03-02-20 00:00,mosquito,an arabiensis,Female,f,Single,,HBN,telinga,tascam,Tanzania,Kilombero District,Morogoro,Ifakara,cup,D:\VGU-27\Edge AI Project\data\audio\221204.wav,44100,1,PCM_24,5.059977324263039,-2.2675736961019766e-05,37916c9ef58940469de63c38c3b1a4c977902db3e5e44b07e6be03f3839280c4,d127f5a7cb582aa57f3f6c4114e884e76dc13ed5855e29ab68b3ce213260c53c,0.072174072265625,-40.19351851074022,-5.5736206768580966e-05,0.0,0.0013847498263460979,796.875,20.905884551984162,1.0
221203,15.36,IFA_19_31_751.wav,44100,03-02-20 00:00,mosquito,an arabiensis,Female,f,Single,,HBN,telinga,tascam,Tanzania,Kilombero District,Morogoro,Ifakara,cup,D:\VGU-27\Edge AI Project\data\audio\221203.wav,44100,1,PCM_24,15.36,0.0,308598084b3884c971c58af8001ed638a2431934b4f83b6bd6bdc2d7ade5920c,e5da37fef0503ead5d9aab9741ca46748e0a88c6a03c16ed030e0a921fbb3354,0.16021728515625,-37.4669589793607,0.00012465403644045645,0.0,0.001232697940287226,156.25,20.75054997808436,0.9832985386221295
221202,17.92,IFA_19_31_751.wav,44100,03-02-20 00:00,mosquito,an arabiensis,Female,f,Single,,HBN,telinga,tascam,Tanzania,Kilombero District,Morogoro,Ifakara,cup,D:\VGU-27\Edge AI Project\data\audio\221202.wav,44100,1,PCM_24,17.919977324263037,-2.267573696457248e-05,f90d556634da902b9195b394428353d0c4a857b9119a59fb406045007b95c080,b97d58e328ccd39d1412310048932f973f2ce6ecd47d8ca72b3a980910b8fa9d,0.121429443359375,-38.803757528700714,0.00015348035883912766,0.0,0.0013008195922664504,156.25,21.171521584400104,0.998211091234347
221170,5.12,IFA_19_32_752.wav,44100,03-02-20 00:00,mosquito,an arabiensis,Female,f,Single,,HBN,telinga,tascam,Tanzania,Kilombero District,Morogoro,Ifakara,cup,D:\VGU-27\Edge AI Project\data\audio\221170.wav,44100,1,PCM_24,5.12,0.0,0fbe8578dbf5699936a35a07f3287c5647a7434234ed461164fbf9a39f93430d,eb615b284ab74f85438a8fdba8fc34feece0394a82139148121aa89565e5b748,0.105621337890625,-38.14881885035105,0.0002409560339791434,0.0,0.0014703798185941044,156.25,19.38599371790771,1.0
221169,5.12,IFA_19_32_752.wav,44100,03-02-20 00:00,mosquito,an arabiensis,Female,f,Single,,HBN,telinga,tascam,Tanzania,Kilombero District,Morogoro,Ifakara,cup,D:\VGU-27\Edge AI Project\data\audio\221169.wav,44100,1,PCM_24,5.12,0.0,f30ef1efb0474a2185d714223f4fce5ba216483f665cbda7cf4e1bf0b8769c9f,2d7c6a42a704a629b07c88bc1fcccc36d36305d756fbfd91ab63eda27b69359f,0.15802001953125,-33.13725931321697,-0.00020088306089647773,0.0,0.001120500283446712,156.25,19.704496210889857,0.9874213836477987
221168,7.68,IFA_19_32_752.wav,44100,03-02-20 00:00,mosquito,an arabiensis,Female,f,Single,,HBN,telinga,tascam,Tanzania,Kilombero District,Morogoro,Ifakara,cup,D:\VGU-27\Edge AI Project\data\audio\221168.wav,44100,1,PCM_24,7.68,0.0,5ee05def5861b542e71cbe8387ee979a143bc5c8e9f2fcc36c52272cc5b8cfa7,427e4fc7d64dc7c5e59cc8244d013cfeb0852b8fdab1cff6c91ab65ccbe4d0fa,0.06134033203125,-38.976093749737316,-0.0002843622717997925,0.0,0.0011160714285714285,156.25,21.50255137097988,1.0
221171,10.24,IFA_19_32_752.wav,44100,03-02-20 00:00,mosquito,an arabiensis,Female,f,Single,,HBN,telinga,tascam,Tanzania,Kilombero District,Morogoro,Ifakara,cup,D:\VGU-27\Edge AI Project\data\audio\221171.wav,44100,1,PCM_24,10.24,0.0,63c6e01b9f0345c96f1e7a619871adb98da9acd1e716a73faf43657328c0754f,b12d46bdd1a43022bbe2521124fdfbfc80a4fe67f79fe342e3e2397dc7fec13a,0.072601318359375,-39.1888532435414,-2.4731940423009618e-05,0.0,0.0016253897392290249,156.25,21.09025727971606,1.0
221198,12.8,IFA_19_34_754.wav,44100,03-02-20 00:00,mosquito,an arabiensis,Female,f,Single,,HBN,telinga,tascam,Tanzania,Kilombero District,Morogoro,Ifakara,cup,D:\VGU-27\Edge AI Project\data\audio\221198.wav,44100,1,PCM_24,12.8,0.0,7b8d422c34b8666748c26b6e5f95b56bf0a7cfb78aeaeb52ddaf9273b21dd506,c0fb0809754d59bb4b78f14a3d816edff355d578101b6a72c8a3c8f5b08c5c32,0.06573486328125,-37.10378971356082,-6.564663651308505e-05,0.0,0.0009938350340136055,578.125,19.64386809844762,0.9924812030075187
221184,5.12,IFA_19_36_756.wav,44100,03-02-20 00:00,mosquito,an arabiensis,Female,f,Single,,HBN,telinga,tascam,Tanzania,Kilombero District,Morogoro,Ifakara,cup,D:\VGU-27\Edge AI Project\data\audio\221184.wav,44100,1,PCM_24,5.12,0.0,2adfb71bf19ad7553a1e560bca611b8bf3be245ad7bfa2ccb32cc8e5a170b1a3,44383eb02621843376c39b4a4c774697cf121f293d7587a13e02b37badb596fd,0.200103759765625,-29.10923769916449,0.00031139791146968227,0.0,0.0006200396825396825,156.25,20.74411134227322,1.0
221186,5.12,IFA_19_36_756.wav,44100,03-02-20 00:00,mosquito,an arabiensis,Female,f,Single,,HBN,telinga,tascam,Tanzania,Kilombero District,Morogoro,Ifakara,cup,D:\VGU-27\Edge AI Project\data\audio\221186.wav,44100,1,PCM_24,5.119977324263038,-2.2675736961907944e-05,9d99117534073b8c5c54d31b753ed856e27ce0b95b664651c15a09aaef3fb27c,a1b8477cf7f8e194ce4e9bf021f03fce9dd1f9abd0219febf412b5d8300cf7a0,0.093231201171875,-32.93174541918872,0.0006640085501238562,0.0,0.0007839107847522709,156.25,20.832882631748294,1.0
221185,2.56,IFA_19_36_756.wav,44100,03-02-20 00:00,mosquito,an arabiensis,Female,f,Single,,HBN,telinga,tascam,Tanzania,Kilombero District,Morogoro,Ifakara,cup,D:\VGU-27\Edge AI Project\data\audio\221185.wav,44100,1,PCM_24,2.5599773242630386,-2.2675736961463855e-05,bedb6831a33cf5be72d9f98523cbc30a63f2b2606a4b69a7622626d0ea47404c,d0e6dfd4ac34b1a4b8ba3ebc10811b1366835c80e50e58690ece004e351e41dc,0.044647216796875,-39.017371379361954,0.00017837327757540193,0.0,0.001408388325435139,156.25,20.59130124053229,1.0
221191,2.56,IFA_19_38_758.wav,44100,03-02-20 00:00,mosquito,an arabiensis,Female,f,Single,,HBN,telinga,tascam,Tanzania,Kilombero District,Morogoro,Ifakara,cup,D:\VGU-27\Edge AI Project\data\audio\221191.wav,44100,1,PCM_24,2.56,0.0,ace2b07b8ab3ffd9d3b68b9860571dc529724e2f550c2cc29b550beb74028d95,db22e557e12d41832a90eee5a285c269e57ec9237f5a55087324ae9c33c2b99a,0.043365478515625,-38.49718666735728,0.00014149547974809227,0.0,0.0014526643990929705,156.25,22.42071381357701,1.0
221192,2.56,IFA_19_38_758.wav,44100,03-02-20 00:00,mosquito,an arabiensis,Female,f,Single,,HBN,telinga,tascam,Tanzania,Kilombero District,Morogoro,Ifakara,cup,D:\VGU-27\Edge AI Project\data\audio\221192.wav,44100,1,PCM_24,2.56,0.0,399cf6ff5f3fdfa6a64f59329910669778f70069af3f88fb93edecfb84b3679d,288d3c7fc35d3207893a418da85b4555cc4c90792a5ee8719d26fec0a2debe1d,0.07489013671875,-36.64476993419505,0.00010747460821588564,0.0,0.0007971938775510204,156.25,22.426870720464773,1.0
220517,5.12,IFA_20_12_772.wav,44100,03-02-20 00:00,mosquito,an arabiensis,Female,f,Single,,HBN,telinga,tascam,Tanzania,Kilombero District,Morogoro,Ifakara,cup,D:\VGU-27\Edge AI Project\data\audio\220517.wav,44100,1,PCM_24,5.12,0.0,355975f720ca37d508da214cbe48738c192855be03704d9e3c687cf8d056a406,94df6ed2353cf9e0ceb7f5eb295d12dbbba70772584e5d06fbaaeae10ef0a74d,0.013671875,-62.071762502097016,-0.00010596921925101421,0.0,0.017609126984126984,156.25,18.469804540746132,0.9937106918238994
220516,7.68,IFA_20_12_772.wav,44100,03-02-20 00:00,mosquito,an arabiensis,Female,f,Single,,HBN,telinga,tascam,Tanzania,Kilombero District,Morogoro,Ifakara,cup,D:\VGU-27\Edge AI Project\data\audio\220516.wav,44100,1,PCM_24,7.68,0.0,d25bb93f886da2600ddf074998e588bfb10dc8e017e1167168b1d34ba2bbb28f,824b5cc6a171d3727e42a3cf997e7d55d7f9d4c76164914ba84c0d8cf3022d59,0.01580810546875,-63.78926790083931,-0.00010684522281338208,0.0,0.021810633975812548,156.25,19.682596535641107,0.9916317991631799
220520,5.12,IFA_20_14_774.wav,44100,03-02-20 00:00,mosquito,culex pipiens complex,Female,f,Single,,HBN,telinga,tascam,Tanzania,Kilombero District,Morogoro,Ifakara,cup,D:\VGU-27\Edge AI Project\data\audio\220520.wav,44100,1,PCM_24,5.119977324263038,-2.2675736961907944e-05,6fa824b625593d2835110f7b48494349e8244b2045142897ad19742862f7aea9,31bee076264c05c501b9a4f07dbfc4ae320b14565bfe088a4625e112566eb5aa,0.02862548828125,-57.034604655316556,-0.00010768647213781218,0.0,0.011475213803916012,156.25,20.40594977073187,1.0
220521,2.56,IFA_20_17_777.wav,44100,03-02-20 00:00,mosquito,an arabiensis,Female,f,Single,,HBN,telinga,tascam,Tanzania,Kilombero District,Morogoro,Ifakara,cup,D:\VGU-27\Edge AI Project\data\audio\220521.wav,44100,1,PCM_24,2.56,0.0,5ad5d78ce2299affb80ed945f4733e865e5e5dad5f968feaf2bb09304263af99,2a75fbb04473cd86f38cc2c896bb0b3227e0245d24ec8911f545da9344445601,0.093231201171875,-35.13799752240796,-9.693229009234716e-05,0.0,0.0014792375283446712,453.125,22.77282331217065,0.9873417721518988
220522,2.56,IFA_20_18_778.wav,44100,03-02-20 00:00,mosquito,an arabiensis,Female,f,Single,,HBN,telinga,tascam,Tanzania,Kilombero District,Morogoro,Ifakara,cup,D:\VGU-27\Edge AI Project\data\audio\220522.wav,44100,1,PCM_24,2.56,0.0,336c7a2be16655f581f427e231fb5266f178afab9c6a22e3b32e511111b4a2db,39f9045510c5da2c1c87df3f4f3c5645f697d0310667214257eff13ad2a82ca5,0.12005615234375,-32.863700215767174,-0.00010332580056049927,0.0,0.0019664115646258504,453.125,22.06112747288037,0.9873417721518988
220514,5.12,IFA_20_38_798.wav,44100,03-02-20 00:00,mosquito,an arabiensis,Female,f,Single,,HBN,telinga,tascam,Tanzania,Kilombero District,Morogoro,Ifakara,cup,D:\VGU-27\Edge AI Project\data\audio\220514.wav,44100,1,PCM_24,5.12,0.0,1d20ca830db0117010e202fe49b59555adaab663129d6d69beff80bbb319fbce,e9daa9014ba508432f65387a73ff4116ebb9e963f3b39cf511930e6183a4978f,0.009918212890625,-63.27253869040143,-0.00010659189180992628,0.0,0.019509105725623584,156.25,20.70492746138527,1.0
220553,2.56,IFA_21_10_810.wav,44100,08-02-20 00:00,mosquito,an arabiensis,Female,f,Single,,HBN,telinga,tascam,Tanzania,Kilombero District,Morogoro,Ifakara,cup,D:\VGU-27\Edge AI Project\data\audio\220553.wav,44100,1,PCM_24,2.56,0.0,fb829145c6fcfe7e7b3ade0d24326ec137b9604760704c3cc540555749bf7097,68eb2c08a4544dd78d6fc26f120394e7579066cc8ad8ab618d61730838732e11,0.018341064453125,-49.016730998961975,0.00021502652676467723,0.0,0.00376452664399093,156.25,19.11997884649447,1.0
220543,5.12,IFA_21_20_820.wav,44100,08-02-20 00:00,mosquito,an arabiensis,Female,f,Single,,HBN,telinga,tascam,Tanzania,Kilombero District,Morogoro,Ifakara,cup,D:\VGU-27\Edge AI Project\data\audio\220543.wav,44100,1,PCM_24,5.119977324263038,-2.2675736961907944e-05,e6fca0490d5e52b0255cef6d59e5980886f1c788cbfae2a8fa26b96497370f15,5ecd3f5a810aa298d66678a66a69ea4c9ccd6155903c40ab6ec5685493937f18,0.039093017578125,-44.26223096885246,0.00018364637316007945,0.0,0.003512097470669779,156.25,19.82481497249766,1.0
220538,5.12,IFA_21_22_822.wav,44100,08-02-20 00:00,mosquito,an arabiensis,Female,f,Single,,HBN,telinga,tascam,Tanzania,Kilombero District,Morogoro,Ifakara,cup,D:\VGU-27\Edge AI Project\data\audio\220538.wav,44100,1,PCM_24,5.12,0.0,e09f9a758da31b7f87da5049be674d7c22faf727e8a5fbbfa8f291cc268a57ca,7cb6d92cfc66ee220a369a0d7d0d6cab4b3347ecfbbe1b6ec380da55f2440748,0.099853515625,-46.470656810680595,-2.088879241424353e-05,0.0,0.0032773526077097504,156.25,20.100769133183757,1.0
220541,5.12,IFA_21_27_827.wav,44100,08-02-20 00:00,mosquito,an arabiensis,Female,f,Single,,HBN,telinga,tascam,Tanzania,Kilombero District,Morogoro,Ifakara,cup,D:\VGU-27\Edge AI Project\data\audio\220541.wav,44100,1,PCM_24,5.12,0.0,cd1cdd3ea52215256b282bbeff27d15c061b5ce0d875ab52a213f3336152d741,c0cc0514d001fba452958d84ce5b1a16cd0518554f65256a35dea8927ad646ca,0.03070068359375,-44.36812306563547,2.9043275482800542e-05,0.0,0.003233064058956916,531.25,20.70764467196358,1.0
220540,2.56,IFA_21_27_827.wav,44100,08-02-20 00:00,mosquito,an arabiensis,Female,f,Single,,HBN,telinga,tascam,Tanzania,Kilombero District,Morogoro,Ifakara,cup,D:\VGU-27\Edge AI Project\data\audio\220540.wav,44100,1,PCM_24,2.56,0.0,86687a8736fdc4a69b85b486944cf0c24923350be9e8370fcccf4b3fd43d970e,0c0a0a2c1a7196c6b068445051ea3926e1f62379104c449f32af5281cce66300,0.106353759765625,-33.19514276488811,-2.6521769240329596e-05,0.0,0.0012312216553287982,234.375,24.843017323473596,1.0
220542,2.56,IFA_21_27_827.wav,44100,08-02-20 00:00,mosquito,an arabiensis,Female,f,Single,,HBN,telinga,tascam,Tanzania,Kilombero District,Morogoro,Ifakara,cup,D:\VGU-27\Edge AI Project\data\audio\220542.wav,44100,1,PCM_24,2.56,0.0,9c4058aac3b6ca29056ae3629f49b78d326397c4905f64bca170461ac04fed7f,3e9e791560bf9986d2a6a1a79b8a624799d3499e8cc0c46d3fd0f837c3db953c,0.018890380859375,-46.96136759686424,-0.0001178682526222973,0.0,0.002914186507936508,515.625,19.525216380424837,1.0
220554,2.56,IFA_21_29_829.wav,44100,08-02-20 00:00,mosquito,an arabiensis,Female,f,Single,,HBN,telinga,tascam,Tanzania,Kilombero District,Morogoro,Ifakara,cup,D:\VGU-27\Edge AI Project\data\audio\220554.wav,44100,1,PCM_24,2.56,0.0,fd174c3052dc8548632eacd24420112fbb264f208f8f046420a4066db7399d83,704268f79ed8bfbf54568ad1febe4f28de26bffcade65697643be0f93631e1e6,0.016693115234375,-46.151877641996364,0.00029599909879723376,0.0,0.001913265306122449,484.375,22.192834878185863,1.0
220552,10.24,IFA_21_36_836.wav,44100,08-02-20 00:00,mosquito,an arabiensis,Female,f,Single,,HBN,telinga,tascam,Tanzania,Kilombero District,Morogoro,Ifakara,cup,D:\VGU-27\Edge AI Project\data\audio\220552.wav,44100,1,PCM_24,10.23997732426304,-2.2675736961019766e-05,3bd8f01bcec14d3ea4b27081f97ea989e059c22025db59822a4d28f492d38c3d,46729bc315607f4759f684cea1b8b3e0e8b029465712a79788e580ad05386c47,0.035064697265625,-46.26974260468651,2.062041443827879e-06,0.0,0.003228642353675847,156.25,19.30208822409246,1.0
220528,2.56,IFA_22_14_854.wav,44100,08-02-20 00:00,mosquito,an arabiensis,Female,f,Single,,HBN,telinga,tascam,Tanzania,Kilombero District,Morogoro,Ifakara,cup,D:\VGU-27\Edge AI Project\data\audio\220528.wav,44100,1,PCM_24,2.56,0.0,88cb48d32aee021949d8d487bd428b772641eef1c45d105b41ee4167f8d6190c,35a06f23cbfe57258010e6e036e3a99eceed7fad7e700468169d2b9a005be4ed,0.01458740234375,-50.467494901979364,0.00011403544419476775,0.0,0.0036759495464852607,156.25,20.730837965727385,1.0
220539,2.56,IFA_22_16_856.wav,44100,08-02-20 00:00,mosquito,an arabiensis,Female,f,Single,,HBN,telinga,tascam,Tanzania,Kilombero District,Morogoro,Ifakara,cup,D:\VGU-27\Edge AI Project\data\audio\220539.wav,44100,1,PCM_24,2.56,0.0,edbd89bc8cdc680163c4da0b985d04869635d6cb78d0be2529054ed432616f54,13d3346b402ebf05689b93d5578acfbe8aabafa95ad9079aa4b9d7f305c38e6f,0.160858154296875,-28.22259025043641,-0.00013307541135757688,0.0,0.000832624716553288,156.25,28.865213029761897,1.0
220533,5.12,IFA_22_19_859.wav,44100,08-02-20 00:00,mosquito,an arabiensis,Female,f,Single,,HBN,telinga,tascam,Tanzania,Kilombero District,Morogoro,Ifakara,cup,D:\VGU-27\Edge AI Project\data\audio\220533.wav,44100,1,PCM_24,5.12,0.0,ff5e80e490b6dd40b5c35cfc7a92778fa0779060e378bc77aad114035127791d,927b20c1d2c54c90b3678d8cb7bdb30f3ec4a427910d3cf007de0ac108449d63,0.013824462890625,-48.545872590093936,-8.793590831107833e-05,0.0,0.003202062074829932,468.75,19.749524073133628,1.0
220534,2.56,IFA_22_19_859.wav,44100,08-02-20 00:00,mosquito,an arabiensis,Female,f,Single,,HBN,telinga,tascam,Tanzania,Kilombero District,Morogoro,Ifakara,cup,D:\VGU-27\Edge AI Project\data\audio\220534.wav,44100,1,PCM_24,2.56,0.0,e3b3fed4a521f6bcd84ab4afa51d13ae3fc3802ade32d6d5e92a316f1cc55928,817231950c5a6482c856c48605082535d6bfc0ad201ed35e586d1fb1f43d39ad,0.01922607421875,-46.26557306818576,-0.0002434188816823116,0.0,0.002418154761904762,156.25,19.28137333818768,1.0
220527,2.56,IFA_22_20_860.wav,44100,08-02-20 00:00,mosquito,an arabiensis,Female,f,Single,,HBN,telinga,tascam,Tanzania,Kilombero District,Morogoro,Ifakara,cup,D:\VGU-27\Edge AI Project\data\audio\220527.wav,44100,1,PCM_24,2.56,0.0,0cfd2958a0ef446681a5e8df0bb8c160d3f290a585f0e7e734a7d6d1f92bd5e2,248ec75f07fbf3d80aeaf671610d1edb762b7231899bc9f2ace17bdd6a252fa9,0.011260986328125,-50.05791972971341,0.00017513088087916644,0.0,0.004552862811791384,484.375,21.607154366908595,1.0
220526,23.04,IFA_22_20_860.wav,44100,08-02-20 00:00,mosquito,an arabiensis,Female,f,Single,,HBN,telinga,tascam,Tanzania,Kilombero District,Morogoro,Ifakara,cup,D:\VGU-27\Edge AI Project\data\audio\220526.wav,44100,1,PCM_24,23.04,0.0,a3e42f7cdf6433babf3d83d87b5e9742a576116ccb7bc0bd6127dbd8375be69f,c4d643b63d0a76e09b2d436092e4a587b39ee44d32e208a4891123200162f367,0.05438232421875,-46.13299455280515,2.0451796808720958e-05,0.0,0.0028384038800705466,421.875,18.882291232012456,0.9986091794158554
220523,117.76,IFA_22_21_861.wav,44100,08-02-20 00:00,mosquito,an arabiensis,Female,f,Single,,HBN,telinga,tascam,Tanzania,Kilombero District,Morogoro,Ifakara,cup,D:\VGU-27\Edge AI Project\data\audio\220523.wav,44100,1,PCM_24,117.76,0.0,4439e31166372f5c2e3ccad3fccf318b0c253299c604513c8293b45a1dcc958c,c839485e3b723de55d589d9ed81acf3a746882659758360596e63825be6fee9f,0.338836669921875,-25.332504666268207,3.423063663128012e-05,0.0,0.000208348738045943,156.25,23.720568452151802,0.9994563740146779
220549,5.12,IFA_22_22_862.wav,44100,08-02-20 00:00,mosquito,an arabiensis,Female,f,Single,,HBN,telinga,tascam,Tanzania,Kilombero District,Morogoro,Ifakara,cup,D:\VGU-27\Edge AI Project\data\audio\220549.wav,44100,1,PCM_24,5.12,0.0,b5e5a2339dffe65f451e10d0f37f31299dcba1cd894acb0c9425df037c7db9c9,eb104e2b81f4736a01e7628da8b23db43a1398c34342481ffdf34191402896be,0.014801025390625,-48.685839129307936,0.00011596495872722462,0.0,0.0034367913832199547,890.625,19.135349915447495,1.0
220547,2.56,IFA_22_22_862.wav,44100,08-02-20 00:00,mosquito,an arabiensis,Female,f,Single,,HBN,telinga,tascam,Tanzania,Kilombero District,Morogoro,Ifakara,cup,D:\VGU-27\Edge AI Project\data\audio\220547.wav,44100,1,PCM_24,2.5599773242630386,-2.2675736961463855e-05,61e34c7b28d2f36c37d1ed124091fc6685a4b23d485c51732df9d418aa152393,0b1ddec73e73b7da456d70324e64f0db15de90df49077eb8011c23d7975078c2,0.009674072265625,-51.286633019914845,0.00031130713965410336,0.0,0.004180876035253997,156.25,21.784784339674125,1.0
220548,5.12,IFA_22_22_862.wav,44100,08-02-20 00:00,mosquito,an arabiensis,Female,f,Single,,HBN,telinga,tascam,Tanzania,Kilombero District,Morogoro,Ifakara,cup,D:\VGU-27\Edge AI Project\data\audio\220548.wav,44100,1,PCM_24,5.12,0.0,3bd0c853cf955985e243a11e4816fca2edf66526e94ebb3e21df4d26075edc52,0030c4479f523fbcac330cd532b020ff7b7481999a088546bf49bc431e636d75,0.018035888671875,-47.748648365452894,3.279323210251304e-05,0.0,0.0031001984126984125,453.125,18.288004058088397,1.0
220535,46.08,IFA_22_23_863.wav,44100,08-02-20 00:00,mosquito,an arabiensis,Female,f,Single,,HBN,telinga,tascam,Tanzania,Kilombero District,Morogoro,Ifakara,cup,D:\VGU-27\Edge AI Project\data\audio\220535.wav,44100,1,PCM_24,46.08,0.0,008370f716f70b544e6d6ff07f812c6ab505506e9a1956fcff5f232fe64b9d43,8851307c082a3ad2c011ce389cb293f878dcb7d2e0de74f2d7b4bfba1e036a46,0.10614013671875,-46.859098448367504,2.8319850199827472e-05,0.0,0.0034230127236079618,171.875,19.405726981225946,0.9819318971507992
220537,5.06,IFA_22_23_863.wav,44100,08-02-20 00:00,mosquito,an arabiensis,Female,f,Single,,HBN,telinga,tascam,Tanzania,Kilombero District,Morogoro,Ifakara,cup,D:\VGU-27\Edge AI Project\data\audio\220537.wav,44100,1,PCM_24,5.06,0.0,75e35ca8ae08751942fb37a210b7723895b0f45502091506d2c2a839dd49ba27,c35ef2f759946a0a1ee7bdd205c9ff7232420c348254fddc1da189988d0fc478,0.014678955078125,-49.14856034689278,-0.00014505716885784698,0.0,0.00378227707420254,156.25,18.092416175332477,0.9872611464968153
220536,2.56,IFA_22_23_863.wav,44100,08-02-20 00:00,mosquito,an arabiensis,Female,f,Single,,HBN,telinga,tascam,Tanzania,Kilombero District,Morogoro,Ifakara,cup,D:\VGU-27\Edge AI Project\data\audio\220536.wav,44100,1,PCM_24,2.56,0.0,0661287193cde41dd69c89079ebb22f47998f9695033c914f12caf20c7b72a70,e948ba89baa74bc9e7cb275a3f8296ba0b5286edc3ae6501aa337ab0c617ad16,0.010345458984375,-48.14294820725962,1.7575125575335927e-05,0.0,0.002745890022675737,156.25,19.251844116259228,1.0
220551,2.56,IFA_22_25_865.wav,44100,08-02-20 00:00,mosquito,culex pipiens complex,Female,f,Single,,HBN,telinga,tascam,Tanzania,Kilombero District,Morogoro,Ifakara,cup,D:\VGU-27\Edge AI Project\data\audio\220551.wav,44100,1,PCM_24,2.5599773242630386,-2.2675736961463855e-05,240ab5d4a85e20dbc1f8ea30718fc32a436877eadbe14c86807e030ae3348812,00b2e8b7b722361fffd19aa2d3824b3af60abac21255c7a66e47d44db1fc6e5e,0.017059326171875,-45.15870185511473,-0.0002835176132447462,0.0,0.001806988794897914,156.25,17.700871156777207,0.9873417721518988
220550,5.12,IFA_22_25_865.wav,44100,08-02-20 00:00,mosquito,culex pipiens complex,Female,f,Single,,HBN,telinga,tascam,Tanzania,Kilombero District,Morogoro,Ifakara,cup,D:\VGU-27\Edge AI Project\data\audio\220550.wav,44100,1,PCM_24,5.12,0.0,eadecbb920b339a8e4239dba6c544273389b2a091d83c31aaaf422f26c8c2afa,469a55654d7621c271f8f4d11b6d226ae1833a72e02bca6f61c55198e6a05d23,0.027008056640625,-44.64008738933407,-0.00015027074316461612,0.0,0.0022542871315192744,562.5,18.99303235961024,1.0
220545,5.12,IFA_22_27_867.wav,44100,08-02-20 00:00,mosquito,an arabiensis,Female,f,Single,,HBN,telinga,tascam,Tanzania,Kilombero District,Morogoro,Ifakara,cup,D:\VGU-27\Edge AI Project\data\audio\220545.wav,44100,1,PCM_24,5.12,0.0,d835dce8086e4f3120fdfa8efe8735a2d1d805250166c516732f01851df4a238,a62d942c81207c23df85df3f65d110ad48cb6b8dedc0f972812574e1c18f83cf,0.051788330078125,-40.73682119846957,7.078396219785522e-05,0.0,0.002387152777777778,156.25,18.922223144571284,1.0
220544,7.68,IFA_22_27_867.wav,44100,08-02-20 00:00,mosquito,an arabiensis,Female,f,Single,,HBN,telinga,tascam,Tanzania,Kilombero District,Morogoro,Ifakara,cup,D:\VGU-27\Edge AI Project\data\audio\220544.wav,44100,1,PCM_24,7.68,0.0,53cd54c3da3221ca31e44ef3cb65964b6a89e65868bbb5728ac6e4f52f171043,fb506c3d09a7e4851ea7ee274e561b589fcdfa20ea31962faaaf200c8f24c72d,0.042633056640625,-44.949143281918836,5.673325971861455e-05,0.0,0.0027163643235071804,156.25,18.506580094997158,0.99581589958159
220524,2.56,IFA_22_28_868.wav,44100,08-02-20 00:00,mosquito,an arabiensis,Female,f,Single,,HBN,telinga,tascam,Tanzania,Kilombero District,Morogoro,Ifakara,cup,D:\VGU-27\Edge AI Project\data\audio\220524.wav,44100,1,PCM_24,2.56,0.0,12bafa9c012967faf85a8a3e1c86b9440357862f85f878c806a83d7191d6dde0,f4cda6a04b5c0050ba2a310de1a6204bb80793a63855510ece07afc52c423e23,0.069244384765625,-33.69864694891692,0.0001468796308348779,0.0,0.0012843679138321996,156.25,18.288104815603525,0.9873417721518988
220525,5.12,IFA_22_28_868.wav,44100,08-02-20 00:00,mosquito,an arabiensis,Female,f,Single,,HBN,telinga,tascam,Tanzania,Kilombero District,Morogoro,Ifakara,cup,D:\VGU-27\Edge AI Project\data\audio\220525.wav,44100,1,PCM_24,5.119977324263038,-2.2675736961907944e-05,cd99da8692151312ab2d7c73b4039131697f3653589d6fc33f2b4ee8e5ce832a,1901794ca6daa4101f3beef2c8ee5e44d7ee195f0bc681bab9c17a7833cf5d06,0.0916748046875,-37.77174290818707,1.451170032519011e-05,0.0,0.0027591888073483888,156.25,17.306214676698403,0.9937106918238994
220555,5.12,IFA_22_29_869.wav,44100,08-02-20 00:00,mosquito,an arabiensis,Female,f,Single,,HBN,telinga,tascam,Tanzania,Kilombero District,Morogoro,Ifakara,cup,D:\VGU-27\Edge AI Project\data\audio\220555.wav,44100,1,PCM_24,5.12,0.0,3534d6c06b11db709e44479245c351092410df2f015e37a49d403f40d37c8b2b,e1ba9b75dada41e591908d05388afe6e7f58f90027819650035bcdf8c993c2df,0.020263671875,-50.26588572727135,3.6662668327625645e-05,0.0,0.004380137471655329,156.25,17.821417410387458,1.0
220532,2.56,IFA_22_37_877.wav,44100,08-02-20 00:00,mosquito,an arabiensis,Female,f,Single,,HBN,telinga,tascam,Tanzania,Kilombero District,Morogoro,Ifakara,cup,D:\VGU-27\Edge AI Project\data\audio\220532.wav,44100,1,PCM_24,2.56,0.0,2824e61c90602dd3d6d80a00176d2bffeda5371c7280ff2f8da496dbe130e3a3,34dd4b1854227eb5c55fb6122d6c397369342be015a47813379601667490ac7e,0.431884765625,-24.397233104284425,2.9387657874836132e-05,0.0,0.0014349489795918368,156.25,19.8088931952355,1.0
220531,5.12,IFA_22_38_878.wav,44100,08-02-20 00:00,mosquito,an arabiensis,Female,f,Single,,HBN,telinga,tascam,Tanzania,Kilombero District,Morogoro,Ifakara,cup,D:\VGU-27\Edge AI Project\data\audio\220531.wav,44100,1,PCM_24,5.12,0.0,f0167e4845771aaf8aed1c30719eb3d2f1bcec99be9ceac728fd01f0a6d5f5cc,4b4ff93c9384a613b2740078a98c359feee4d2de12a1f3d0eb0dbf19d18fe08e,0.385040283203125,-27.034142044132714,-0.0002250151028708806,0.0,0.0005048894557823129,156.25,19.663551391714908,1.0
220530,2.56,IFA_22_39_879.wav,44100,08-02-20 00:00,mosquito,an arabiensis,Female,f,Single,,HBN,telinga,tascam,Tanzania,Kilombero District,Morogoro,Ifakara,cup,D:\VGU-27\Edge AI Project\data\audio\220530.wav,44100,1,PCM_24,2.56,0.0,60c26d8a10e1dfe710861224339e71a57e98205066233f4a6e98846ba9601aef,7af2c550b4d38a00be3ffaa8a0efeaff6f7a67ba62996722e02fb039bf691d7a,0.043731689453125,-43.01595757952734,0.00014404618010228993,0.0,0.002320719954648526,156.25,18.75809969575895,0.9873417721518988
220529,2.56,IFA_22_39_879.wav,44100,08-02-20 00:00,mosquito,an arabiensis,Female,f,Single,,HBN,telinga,tascam,Tanzania,Kilombero District,Morogoro,Ifakara,cup,D:\VGU-27\Edge AI Project\data\audio\220529.wav,44100,1,PCM_24,2.5599773242630386,-2.2675736961463855e-05,7d8acf7ed74cf4e374732902c453dfdc2cd984642fde7c98405276a9b9abda79,71c140bb81ca5a741137a700419bfc2630121b193d9d4115d1caf62f5e8281a6,0.2818603515625,-26.60754926620983,0.0004514717444341257,0.0,0.0010363612206032153,156.25,23.60016059957851,0.9873417721518988
220556,5.12,IFA_22_40_880.wav,44100,08-02-20 00:00,mosquito,an arabiensis,Female,f,Single,,HBN,telinga,tascam,Tanzania,Kilombero District,Morogoro,Ifakara,cup,D:\VGU-27\Edge AI Project\data\audio\220556.wav,44100,1,PCM_24,5.12,0.0,3d80d33459ba268082b26c2a17f39ffa1e2128214644dc5699315b7dc93295f9,329e5f8249a9c430fd7193fe0614753be497492e22103aa02240088b58bce376,0.027801513671875,-46.366445203767654,-7.53655455280053e-05,0.0,0.0028920422335600906,156.25,19.606914827539935,1.0
220558,10.18,IFA_22_40_880.wav,44100,08-02-20 00:00,mosquito,an arabiensis,Female,f,Single,,HBN,telinga,tascam,Tanzania,Kilombero District,Morogoro,Ifakara,cup,D:\VGU-27\Edge AI Project\data\audio\220558.wav,44100,1,PCM_24,10.18,0.0,5c66ba84c6c4cb04e04f5ad1ddafe4854fab98ce5818d2db443052c747ac5632,002c519ffaba6ca9571ecd049feff3c1f287e9d9dd88f780f2a7e56b0488726f,0.05657958984375,-42.022320387292815,9.013173759342882e-06,0.0,0.0026083779942887436,156.25,18.796826083203342,0.9936908517350158
220557,5.12,IFA_22_40_880.wav,44100,08-02-20 00:00,mosquito,an arabiensis,Female,f,Single,,HBN,telinga,tascam,Tanzania,Kilombero District,Morogoro,Ifakara,cup,D:\VGU-27\Edge AI Project\data\audio\220557.wav,44100,1,PCM_24,5.119977324263038,-2.2675736961907944e-05,0d580225b32359c77dd54f86fc2acd078794e1224c254fbe8d4cb5c003fe5ff5,1f1214ea5c111da87be0eb8549ee3a77105e6f64f0749e34f2b793f6ed093be2,0.07586669921875,-39.8639874343509,-3.246034673831386e-05,0.0,0.0022542971154740445,156.25,19.644565972859095,0.9937106918238994
220578,2.56,IFA_23_10_890.wav,44100,10-02-20 00:00,mosquito,ma uniformis,Female,f,Single,,HBN,telinga,tascam,Tanzania,Kilombero District,Morogoro,Ifakara,cup,D:\VGU-27\Edge AI Project\data\audio\220578.wav,44100,1,PCM_24,2.56,0.0,301f9337e7a9a6846fea578c6e70dc9156d6febe940be7995743e42cdca9be13,3be9e8f0b6be969002cc6de92566f622bab3095ac60d67ccb56768087d26fbf0,0.11505126953125,-31.70130093945531,0.0006011037869788621,0.0,0.0009389172335600907,156.25,15.07739755929034,0.9746835443037974
220577,2.56,IFA_23_10_890.wav,44100,10-02-20 00:00,mosquito,ma uniformis,Female,f,Single,,HBN,telinga,tascam,Tanzania,Kilombero District,Morogoro,Ifakara,cup,D:\VGU-27\Edge AI Project\data\audio\220577.wav,44100,1,PCM_24,2.56,0.0,226c36ed47b63492f105e0ec71920ab9525f8bb51102cf0fe8adecae1134f760,f478c0aa6f770040b6328a0ccf52b7c52ea67c09355b04b15f7bb96412e425fe,0.3458251953125,-22.842280744615977,0.000987238894784802,0.0,0.000664328231292517,171.875,22.482905159194623,1.0
220602,10.24,IFA_23_12_892.wav,44100,10-02-20 00:00,mosquito,ma uniformis,Female,f,Single,,HBN,telinga,tascam,Tanzania,Kilombero District,Morogoro,Ifakara,cup,D:\VGU-27\Edge AI Project\data\audio\220602.wav,44100,1,PCM_24,10.24,0.0,8df4155c9c13c8b31e55d6dc9908038fa75deaa79064b5c2aa0e706c155000db,53734478a3f0834bdef748fb9ec159493eb098ec76c48a46497f202cbf217628,0.15179443359375,-35.807609344866506,-4.717863065585528e-05,0.0,0.0019420528628117913,781.25,22.248268305452488,0.987460815047022
220601,12.8,IFA_23_12_892.wav,44100,10-02-20 00:00,mosquito,ma uniformis,Female,f,Single,,HBN,telinga,tascam,Tanzania,Kilombero District,Morogoro,Ifakara,cup,D:\VGU-27\Edge AI Project\data\audio\220601.wav,44100,1,PCM_24,12.8,0.0,b0839fd51c281c73b87c5fb1963e3aa5e247724eea77cacf7e4bcf627becd607,8417e49cd9af54794f59df429bd5e6189763c0358ac152f6bb396c7d07817e30,0.2196044921875,-35.36895018177019,-5.0221549140082466e-05,0.0,0.001465065192743764,781.25,21.91688097450816,0.9974937343358395
220608,15.36,IFA_23_13_893.wav,44100,10-02-20 00:00,mosquito,ma uniformis,Female,f,Single,,HBN,telinga,tascam,Tanzania,Kilombero District,Morogoro,Ifakara,cup,D:\VGU-27\Edge AI Project\data\audio\220608.wav,44100,1,PCM_24,15.36,0.0,15d21e943e5719ebc24ae6f13f969f1f5e72479c48eaa33986cfd8baa400a7e8,0656fd7eaf3a4236970212beee1bc2e42de13255659d64f5fc394f301fd6ba0b,0.201995849609375,-33.828154212914555,2.6646204636300593e-05,0.0,0.001978221844293273,421.875,20.54476239777847,0.9916492693110647
220607,20.48,IFA_23_13_893.wav,44100,10-02-20 00:00,mosquito,ma uniformis,Female,f,Single,,HBN,telinga,tascam,Tanzania,Kilombero District,Morogoro,Ifakara,cup,D:\VGU-27\Edge AI Project\data\audio\220607.wav,44100,1,PCM_24,20.48,0.0,678023aa8dc6e0878014c5c6fed60c27b96e4fc2da110de3267cffb6642b58d4,a2b4599528b40f78a368793d08c9f3934370f7c9a35a2b554785b509b7aac135,0.098602294921875,-38.956027988824424,-2.9406174510514654e-05,0.0,0.002091526714852608,421.875,20.195200717602162,0.9921752738654147
220559,2.56,IFA_23_14_894.wav,44100,10-02-20 00:00,mosquito,culex pipiens complex,Female,f,Single,,HBN,telinga,tascam,Tanzania,Kilombero District,Morogoro,Ifakara,cup,D:\VGU-27\Edge AI Project\data\audio\220559.wav,44100,1,PCM_24,2.5599773242630386,-2.2675736961463855e-05,e4f0b52105e8c83c1630d346a08742569629542f454945fdf9f8cb5bb580c52c,af9b99318c82def7183a9b8cb4df4b4c0813b41c3d3cd18747c6587fd0e82e7e,0.045013427734375,-42.5148593405745,-0.000681323887707466,0.0,0.0017538420656362107,218.75,17.140971244542072,0.9493670886075949
220604,15.36,IFA_23_16_896.wav,44100,10-02-20 00:00,mosquito,ma uniformis,Female,f,Single,,HBN,telinga,tascam,Tanzania,Kilombero District,Morogoro,Ifakara,cup,D:\VGU-27\Edge AI Project\data\audio\220604.wav,44100,1,PCM_24,15.36,0.0,2de5123496c82e7c46be2295745a2819b8ad86bc7c59d5af63f165cb9f8dee7d,8c1fbb5b8058c63ea945c9e007e0714bad71b7c22600820a18aa59d7a1345266,0.232757568359375,-34.438026452091776,1.716830022210707e-05,0.0,0.0022749551209372636,437.5,17.69068534458125,0.9791231732776617
220603,23.04,IFA_23_16_896.wav,44100,10-02-20 00:00,mosquito,ma uniformis,Female,f,Single,,HBN,telinga,tascam,Tanzania,Kilombero District,Morogoro,Ifakara,cup,D:\VGU-27\Edge AI Project\data\audio\220603.wav,44100,1,PCM_24,23.04,0.0,14b5f20b6c8e13707e590503408361f13f34d4ab66099e441685d55b49c330a5,a69eea55fd2ef19c069d3ee64d1d3e00640db2502e5afb8244918fb0838ce6ab,0.141754150390625,-37.27144265561264,6.846259480671247e-05,0.0,0.0024122496220710505,437.5,20.15762824993522,0.9666203059805285
220565,20.48,IFA_23_17_897.wav,44100,10-02-20 00:00,mosquito,an arabiensis,Female,f,Single,,HBN,telinga,tascam,Tanzania,Kilombero District,Morogoro,Ifakara,cup,D:\VGU-27\Edge AI Project\data\audio\220565.wav,44100,1,PCM_24,20.48,0.0,7f3418cfbcb6927298917a8542e0cba003e8e6be0792eddb4cfa449c2906618d,51126556e1eda63c0de9e7b6a7615c35745582e3941d95a0e06ab612a93d7590,0.061767578125,-41.88854900714766,9.19797996274468e-05,0.0,0.002410404265873016,156.25,17.878865281283428,0.9953051643192489
220566,15.36,IFA_23_17_897.wav,44100,10-02-20 00:00,mosquito,an arabiensis,Female,f,Single,,HBN,telinga,tascam,Tanzania,Kilombero District,Morogoro,Ifakara,cup,D:\VGU-27\Edge AI Project\data\audio\220566.wav,44100,1,PCM_24,15.36,0.0,60f014b358fd17a1630ddb9e1e0dd1a685f492d3a6b3a41b95668651d790eb5c,b387444ddb6f1c5282c0a7c53bebd76fd47f90123a5f69f485e32d6e84759617,0.058868408203125,-39.62018414289244,3.251827583111152e-05,0.0,0.002023986678004535,156.25,18.92189415947981,0.9958246346555324
220572,2.56,IFA_23_18_898.wav,44100,10-02-20 00:00,mosquito,ma uniformis,Female,f,Single,,HBN,telinga,tascam,Tanzania,Kilombero District,Morogoro,Ifakara,cup,D:\VGU-27\Edge AI Project\data\audio\220572.wav,44100,1,PCM_24,2.5599773242630386,-2.2675736961463855e-05,c8645a1621bbd6c77938445c8d7cc8e129e473b8152a0a3b5a47e3ca465be74e,2f8197d744fd8f1237c42758057a7ab1735ca55fc89cf577ca68cb98872eaa5c,0.08880615234375,-34.430281400963764,-0.00037927568853733006,0.0,0.001647548607112804,828.125,17.864232410724913,1.0
220609,30.72,IFA_23_21_901.wav,44100,10-02-20 00:00,mosquito,ma uniformis,Female,f,Single,,HBN,telinga,tascam,Tanzania,Kilombero District,Morogoro,Ifakara,cup,D:\VGU-27\Edge AI Project\data\audio\220609.wav,44100,1,PCM_24,30.72,0.0,c2bf55823b858bdfed576e41576e330cf1bddab79e27d7a3326f5d656b771e9a,c339ed71569e2471003f607265dc2fd96b733f717d9f2eb3e26289bedd58608b,0.14935302734375,-36.76094514320178,4.387228487120013e-05,0.0,0.0019405765778533635,156.25,14.934179430545784,0.9562043795620438
220612,30.72,IFA_23_27_907.wav,44100,10-02-20 00:00,mosquito,ma uniformis,Female,f,Single,,HBN,telinga,tascam,Tanzania,Kilombero District,Morogoro,Ifakara,cup,D:\VGU-27\Edge AI Project\data\audio\220612.wav,44100,1,PCM_24,30.72,0.0,0bc3578b1d08e7668eca43e3dffdb3082e031095c604a29e494d475db1c38595,4cd908358f212fd2bbe78d222da3480e928985164c0ebff4a079406e7d418fcf,0.146148681640625,-39.55494709898466,6.571022381137378e-05,0.0,0.0024270124716553286,437.5,18.61372651160051,0.9843587069864442
220598,2.56,IFA_23_30_910.wav,44100,10-02-20 00:00,mosquito,ma uniformis,Female,f,Single,,HBN,telinga,tascam,Tanzania,Kilombero District,Morogoro,Ifakara,cup,D:\VGU-27\Edge AI Project\data\audio\220598.wav,44100,1,PCM_24,2.56,0.0,710412df1c33fcdc2b7039fe1d265f6dc1b56741495156cb4c47f16a2c8e5074,8dfa2ea02b94e80f81e8d986dd719e8eddda8142ea3644bae45289fb7748aaec,0.044281005859375,-39.59985394619777,-8.412742830998773e-05,0.0,0.002063846371882086,750.0,22.912048861570916,1.0
220597,2.56,IFA_23_30_910.wav,44100,10-02-20 00:00,mosquito,ma uniformis,Female,f,Single,,HBN,telinga,tascam,Tanzania,Kilombero District,Morogoro,Ifakara,cup,D:\VGU-27\Edge AI Project\data\audio\220597.wav,44100,1,PCM_24,2.56,0.0,3a71ab2b2f26d5c432230a0967f7f7217435baab23e09898da00d5303b009937,d501564cabab1a114535834f305e81494727c5609fdd509ed6734c38c5911298,0.046600341796875,-41.34064185393328,4.544252711358795e-05,0.0,0.0026395975056689343,750.0,23.26724830650631,0.9873417721518988
220595,2.56,IFA_23_30_910.wav,44100,10-02-20 00:00,mosquito,ma uniformis,Female,f,Single,,HBN,telinga,tascam,Tanzania,Kilombero District,Morogoro,Ifakara,cup,D:\VGU-27\Edge AI Project\data\audio\220595.wav,44100,1,PCM_24,2.56,0.0,a71b4a20185e138d114ca29a91fc5867d1c76c72ca8b83ad5d7c1b40b84b273a,9734f89b3c7fda7ba94bff7ce0e133174ed2d23a7626b3cd9dd9aceacad12323,0.0185546875,-46.4319739410775,0.00020237979975417088,0.0,0.0028876133786848073,156.25,12.381161554595742,0.8481012658227848
220596,10.24,IFA_23_30_910.wav,44100,10-02-20 00:00,mosquito,ma uniformis,Female,f,Single,,HBN,telinga,tascam,Tanzania,Kilombero District,Morogoro,Ifakara,cup,D:\VGU-27\Edge AI Project\data\audio\220596.wav,44100,1,PCM_24,10.24,0.0,d045f331e8111663bcaa645ba28e62f5dadeb96d73704707e8bb86cc3cac1ed2,0b34064007bfa3c1140162528ae80989b70e05ceb52bf2c4aafcb8d01866e788,0.057464599609375,-41.51937453262328,7.315699746008633e-05,0.0,0.0018999787414965986,765.625,22.079133289805807,0.9968652037617555
220605,2.56,IFA_23_31_911.wav,44100,10-02-20 00:00,mosquito,culex pipiens complex,Female,f,Single,,HBN,telinga,tascam,Tanzania,Kilombero District,Morogoro,Ifakara,cup,D:\VGU-27\Edge AI Project\data\audio\220605.wav,44100,1,PCM_24,2.56,0.0,329ec8deacc0c68f69093cb86445b4f6bf3a914139c5f8ec7da81ff58d029d67,bfd0029f3f2d930eb20742c9607a85b6a1fddcf3b3b8cbd495dce2a445f211fd,0.15576171875,-38.557047474706295,-8.748880589630058e-05,0.0,0.002161281179138322,531.25,16.728908751929506,0.9873417721518988
220606,2.56,IFA_23_31_911.wav,44100,10-02-20 00:00,mosquito,culex pipiens complex,Female,f,Single,,HBN,telinga,tascam,Tanzania,Kilombero District,Morogoro,Ifakara,cup,D:\VGU-27\Edge AI Project\data\audio\220606.wav,44100,1,PCM_24,2.56,0.0,3a4c83486615850d1e0c52fd76782788b5d8fb8f028f1dc8c48e6c81fe7e8798,8a115891dfa3df38bca2dd2f89b2b85527b5fbbe651bd5ebdc726e76195ca4c4,0.238037109375,-35.243292767716476,-0.0008333102375471674,0.0,0.00248015873015873,515.625,18.4850097526039,1.0
220590,5.12,IFA_23_32_912.wav,44100,10-02-20 00:00,mosquito,culex pipiens complex,Female,f,Single,,HBN,telinga,tascam,Tanzania,Kilombero District,Morogoro,Ifakara,cup,D:\VGU-27\Edge AI Project\data\audio\220590.wav,44100,1,PCM_24,5.119977324263038,-2.2675736961907944e-05,510c129b4f6e452576468502cf21564d69481eb42894d6b99a47b6ca1d0bf8df,3a21fd2df5987f28e50f7d3487b8c5c1186f5b1bde06f422d312b3d3c6d84044,0.165191650390625,-39.564399991206244,8.069815337213119e-05,0.0,0.002072713261378886,171.875,16.699920944643395,0.9308176100628931
220599,10.24,IFA_23_33_913.wav,44100,10-02-20 00:00,mosquito,ma uniformis,Female,f,Single,,HBN,telinga,tascam,Tanzania,Kilombero District,Morogoro,Ifakara,cup,D:\VGU-27\Edge AI Project\data\audio\220599.wav,44100,1,PCM_24,10.24,0.0,90bdc50c415780f550cf4c4bb3e021cac2f1587a0533fd49034b49466a9bcc84,940baf99a9a8acbfcc185195fdfcc25dac4904d99dbfbe6be825f2e64a8f4e25,0.416015625,-41.173410803129045,0.0001051164403253672,0.0,0.0024225836167800453,546.875,20.55591332817233,1.0
220600,28.1,IFA_23_33_913.wav,44100,10-02-20 00:00,mosquito,ma uniformis,Female,f,Single,,HBN,telinga,tascam,Tanzania,Kilombero District,Morogoro,Ifakara,cup,D:\VGU-27\Edge AI Project\data\audio\220600.wav,44100,1,PCM_24,28.1,0.0,e8ad13c105010af7c02bde0c6c02320e90963d8c6ed00007cf2698f83dc45a00,58603c8a60700ceb05c7a8059f52835aa650665f0975bdc0502096ddf5ecb208,0.109893798828125,-41.79006410732608,3.967469856047401e-05,0.0,0.0019076669813833007,593.75,19.214963026610818,0.9931584948688712
220573,2.56,IFA_23_34_914.wav,44100,10-02-20 00:00,mosquito,ma uniformis,Female,f,Single,,HBN,telinga,tascam,Tanzania,Kilombero District,Morogoro,Ifakara,cup,D:\VGU-27\Edge AI Project\data\audio\220573.wav,44100,1,PCM_24,2.56,0.0,e87a1e7eec342f66e8d18982b48664e292b1828f48be6244c41d0bc39b0e8bee,c197b23b57140488b52c124be58552e8552146a265aefb37db3c029385f6827d,0.234588623046875,-25.62696548297568,-0.001044852122698241,0.0,0.0008680555555555555,156.25,18.553312509967636,1.0
220584,17.86,IFA_23_36_916.wav,44100,10-02-20 00:00,mosquito,ma uniformis,Female,f,Single,,HBN,telinga,tascam,Tanzania,Kilombero District,Morogoro,Ifakara,cup,D:\VGU-27\Edge AI Project\data\audio\220584.wav,44100,1,PCM_24,17.86,0.0,41a3af9522bfd425aec6e1d6d3528ccbdcf060efaea7ce3c54e0568703a6385a,f3d1be114521972ed9d9241b16d4fef37b77876b99b660a209cd7def26e82bbe,0.0849609375,-39.88153158584847,-1.7227448841320308e-05,0.0,0.0015527674302270368,765.625,19.68434319982379,0.9964093357271095
220583,10.24,IFA_23_36_916.wav,44100,10-02-20 00:00,mosquito,ma uniformis,Female,f,Single,,HBN,telinga,tascam,Tanzania,Kilombero District,Morogoro,Ifakara,cup,D:\VGU-27\Edge AI Project\data\audio\220583.wav,44100,1,PCM_24,10.23997732426304,-2.2675736961019766e-05,cf0efd9b6653dae1e7021b71bdd63e50c78e42e4d35205ffc5bde2c106b70840,332ef2f6ea3dc954fdd74cae1ad49f20c17fc1ec4d0759a2aa9f76224048cf52,0.08428955078125,-42.56275985310725,0.0001620176095941596,0.0,0.0018734097607748742,765.625,17.93986645278599,0.9843260188087775
220582,10.24,IFA_23_36_916.wav,44100,10-02-20 00:00,mosquito,ma uniformis,Female,f,Single,,HBN,telinga,tascam,Tanzania,Kilombero District,Morogoro,Ifakara,cup,D:\VGU-27\Edge AI Project\data\audio\220582.wav,44100,1,PCM_24,10.23997732426304,-2.2675736961019766e-05,b2275776649b816b207b34b109128c5bfea02af57d139d1a8ed9291f4b8ba328,110295a002b288f49b08e8860cc7d44894d05056ca1da976638b13210d799de9,0.05230712890625,-42.14299476336072,-5.4826528074227216e-05,0.0,0.0020594220774475566,218.75,19.10954310927105,1.0
220586,2.5,IFA_23_37_917.wav,44100,10-02-20 00:00,mosquito,ma uniformis,Female,f,Single,,HBN,telinga,tascam,Tanzania,Kilombero District,Morogoro,Ifakara,cup,D:\VGU-27\Edge AI Project\data\audio\220586.wav,44100,1,PCM_24,2.5,0.0,6a1a23b845cde84fa495e6d94643d603f167edc8c4c348e1d0aebcd9972c6b7a,d299e3ce92880acbd6b61127ed33584ef713d814b2568cec2b32573631c56c07,0.0467529296875,-40.95554049360519,0.0003704623613768424,0.0,0.0020317460317460317,781.25,21.80704536550502,1.0
220585,10.24,IFA_23_37_917.wav,44100,10-02-20 00:00,mosquito,ma uniformis,Female,f,Single,,HBN,telinga,tascam,Tanzania,Kilombero District,Morogoro,Ifakara,cup,D:\VGU-27\Edge AI Project\data\audio\220585.wav,44100,1,PCM_24,10.23997732426304,-2.2675736961019766e-05,f56c0864ade98f1067657e256661fa2b9b141eb97348fc08f7f561b033a6704a,b813509f0b1f90d92739e519967f6b7b97757ad8b47161d5e82f85f6edb78103,0.124908447265625,-35.11061600349968,-6.28771601052229e-05,0.0,0.0017449726849770697,796.875,20.357245865906958,0.9937304075235109
220564,2.56,IFA_23_38_918.wav,44100,10-02-20 00:00,mosquito,culex pipiens complex,Female,f,Single,,HBN,telinga,tascam,Tanzania,Kilombero District,Morogoro,Ifakara,cup,D:\VGU-27\Edge AI Project\data\audio\220564.wav,44100,1,PCM_24,2.56,0.0,703cb18518b5d898ace33ec1dd48e68fe90d4ca6687c77e0cb4857de32798d44,fc4acb50175fe879eaba64f075853335a8eae2d8683fb847d943950f822a7fc1,0.221282958984375,-29.503003132612072,-0.00016999596100545524,0.0,0.0009743480725623582,156.25,21.073941748078603,1.0
220575,2.56,IFA_23_39_919.wav,44100,10-02-20 00:00,mosquito,ma uniformis,Female,f,Single,,HBN,telinga,tascam,Tanzania,Kilombero District,Morogoro,Ifakara,cup,D:\VGU-27\Edge AI Project\data\audio\220575.wav,44100,1,PCM_24,2.5599773242630386,-2.2675736961463855e-05,fadc5bcf09c22059cfbed643c3947bbeb8c19e26bbead9d2d3cd4d9ba3b41839,364e9df2307ebe8cff900a88c466de90ae8c8dbcfce97e7dff749f8269712ab7,0.372802734375,-24.837310036476175,0.00015429440969761725,0.0,0.001310952655122016,156.25,20.08770209320305,0.9746835443037974
220576,10.24,IFA_23_39_919.wav,44100,10-02-20 00:00,mosquito,ma uniformis,Female,f,Single,,HBN,telinga,tascam,Tanzania,Kilombero District,Morogoro,Ifakara,cup,D:\VGU-27\Edge AI Project\data\audio\220576.wav,44100,1,PCM_24,10.23997732426304,-2.2675736961019766e-05,9201a79cea7fb763525602cbebb58703c1cd0369e19666568cf2aa15dc1975c5,818e8ebafddce8b62ef57f8b3e860b3f3c85b9a000ffd328f61694aa58d0461e,0.112823486328125,-37.947044674088744,-9.262730983458466e-06,0.0,0.002061636509788898,781.25,22.214051735232225,0.9937304075235109
220574,10.24,IFA_23_39_919.wav,44100,10-02-20 00:00,mosquito,ma uniformis,Female,f,Single,,HBN,telinga,tascam,Tanzania,Kilombero District,Morogoro,Ifakara,cup,D:\VGU-27\Edge AI Project\data\audio\220574.wav,44100,1,PCM_24,10.23997732426304,-2.2675736961019766e-05,0cfe474d356da14fbe1650ac962bc808dfe04e37f05a53a91ef58d35ff3fe4a9,40c7053b1115d189806c263c2da121662f867777078343f78e0d4fea2c668b08,0.32659912109375,-26.564089355821224,0.0001762301726345503,0.0,0.0014903129657228018,156.25,20.973896231622238,0.9811912225705329
220610,2.56,IFA_24_11_931.wav,44100,10-02-20 00:00,mosquito,culex pipiens complex,Female,f,Single,,HBN,telinga,tascam,Tanzania,Kilombero District,Morogoro,Ifakara,cup,D:\VGU-27\Edge AI Project\data\audio\220610.wav,44100,1,PCM_24,2.5599773242630386,-2.2675736961463855e-05,1fb88f11796e21216ad0ecf559c307b963b2ecf58e3e3d8880246f6652168c8f,b553b6cf828da2ff44eafb6b55032d6c911f71a4e643dc16ca993a95856d09f8,0.07733154296875,-35.27139163732636,0.0005236602314200972,0.0,0.0013818149608042871,515.625,16.759594339796664,0.9873417721518988
220587,7.68,IFA_24_12_932.wav,44100,10-02-20 00:00,mosquito,culex pipiens complex,Female,f,Single,,HBN,telinga,tascam,Tanzania,Kilombero District,Morogoro,Ifakara,cup,D:\VGU-27\Edge AI Project\data\audio\220587.wav,44100,1,PCM_24,7.68,0.0,e1259cd76400737d86d392204bfed4d53c5e163d7a069d854efd50f14c1b0853,afad726f2ddc9e2e3daff0a973eec7c60e152db437b26d2b667294a8e5af56de,0.117706298828125,-33.425599232546446,0.0004544515818785468,0.0,0.0013463718820861678,156.25,17.49099745549454,1.0
220589,2.56,IFA_24_12_932.wav,44100,10-02-20 00:00,mosquito,culex pipiens complex,Female,f,Single,,HBN,telinga,tascam,Tanzania,Kilombero District,Morogoro,Ifakara,cup,D:\VGU-27\Edge AI Project\data\audio\220589.wav,44100,1,PCM_24,2.56,0.0,bfbf329067bb61fd39a5ef9583e9424b2475b11d7c33903e2fea60b83f531e29,0161b1a5d5f76eec521ddbc5562e0f3286e9bff2b32695c7477cbe10e0f35606,0.025726318359375,-43.539437986850714,-2.4421955722800188e-05,0.0,0.0019221230158730158,156.25,15.456672907521344,1.0
220588,2.56,IFA_24_12_932.wav,44100,10-02-20 00:00,mosquito,culex pipiens complex,Female,f,Single,,HBN,telinga,tascam,Tanzania,Kilombero District,Morogoro,Ifakara,cup,D:\VGU-27\Edge AI Project\data\audio\220588.wav,44100,1,PCM_24,2.56,0.0,c53db7a140ac0dbd01fc588249038aad5d1a5cc7a6de67920804b6482050a114,98f35e3af439aeab104e6e9f1af280fd9f663432cdfe2d9efafd6c791ed3333a,0.137237548828125,-32.664030899874824,0.0005973855924714449,0.0,0.0013818027210884354,515.625,16.610266410401866,1.0
220615,15.36,IFA_24_14_934.wav,44100,10-02-20 00:00,mosquito,ma uniformis,Female,f,Single,,HBN,telinga,tascam,Tanzania,Kilombero District,Morogoro,Ifakara,cup,D:\VGU-27\Edge AI Project\data\audio\220615.wav,44100,1,PCM_24,15.36,0.0,20f37c4de16f1de7ad656d18f4c79dce1ffc748c256288543b013fc47b14cf0e,9e241516ba7dc9e2139a7b92078983633572870c942348cb13ff4c64d475aa23,0.31341552734375,-32.64762813119247,8.671565751459954e-05,0.0,0.0006820436507936508,156.25,20.183973565344928,0.9979123173277662
220614,15.36,IFA_24_14_934.wav,44100,10-02-20 00:00,mosquito,ma uniformis,Female,f,Single,,HBN,telinga,tascam,Tanzania,Kilombero District,Morogoro,Ifakara,cup,D:\VGU-27\Edge AI Project\data\audio\220614.wav,44100,1,PCM_24,15.36,0.0,3868192afad88232ac1c2c890f4c49b180e24ab8e711e98545a84efca5cc2a97,3e01d70922f018df921ff1ac5e37e65f66b4997773658acd7a0deceb0f5fec71,0.130584716796875,-36.71923257191658,-6.127695377721808e-05,0.0,0.0008946286848072562,218.75,15.028779414025157,0.9937369519832986
220641,23.04,IFA_24_18_938.wav,44100,10-02-20 00:00,mosquito,ma uniformis,Female,f,Single,,HBN,telinga,tascam,Tanzania,Kilombero District,Morogoro,Ifakara,cup,D:\VGU-27\Edge AI Project\data\audio\220641.wav,44100,1,PCM_24,23.04,0.0,0c5f8a2a72aae15d7a6e12def390e77a3a2d9d762baeca84cd302885e8216b6c,f491789dc984b10b63430c60f6925e3b938e0ddfcb6168375048cb1a8c922f0e,0.071563720703125,-40.893682399543685,4.143452398060371e-05,0.0,0.0018689767573696146,468.75,19.927371440441256,0.9833101529902643
220633,22.98,IFA_24_19_939.wav,44100,10-02-20 00:00,mosquito,ma uniformis,Female,f,Single,,HBN,telinga,tascam,Tanzania,Kilombero District,Morogoro,Ifakara,cup,D:\VGU-27\Edge AI Project\data\audio\220633.wav,44100,1,PCM_24,22.98,0.0,f191159e7e2eb3342d44409eb139cb96b358658c063b72d35563b6371423c43f,8223b697585472d85c7c190a6c2baa7fcab12a0de6efdc307c4dfef86e4c8040,0.100616455078125,-39.47106334423485,4.526723798971648e-05,0.0,0.0018176112916881287,796.875,20.681966214742793,0.9874476987447699
220643,20.42,IFA_24_20_940.wav,44100,10-02-20 00:00,mosquito,an arabiensis,Female,f,Single,,HBN,telinga,tascam,Tanzania,Kilombero District,Morogoro,Ifakara,cup,D:\VGU-27\Edge AI Project\data\audio\220643.wav,44100,1,PCM_24,20.42,0.0,eb0b767ee6307b44997095c4aca50f071a2da956d0803e13fce5ea78730afc12,ae5785c737a588707a787c7eac686bca7afcd671761c6d952ec1bbdd25532962,0.161468505859375,-35.8089783958758,4.758873832127019e-05,0.0,0.001502461905428185,156.25,16.87287983722558,0.9387755102040817
220642,15.36,IFA_24_20_940.wav,44100,10-02-20 00:00,mosquito,an arabiensis,Female,f,Single,,HBN,telinga,tascam,Tanzania,Kilombero District,Morogoro,Ifakara,cup,D:\VGU-27\Edge AI Project\data\audio\220642.wav,44100,1,PCM_24,15.36,0.0,1a5861d9145fa6082b5e19bb650bf05ffb1c896ec945f2b2dcef95ba7ae981a0,51e4a67e7086ed8043c6dba841bbda065b9aa51f8104fc5a8f68b3ee995562b8,0.067138671875,-39.87113006239332,4.316223271399489e-05,0.0,0.0016578680083144369,156.25,17.6636598909289,0.9853862212943633
220657,40.9,IFA_24_21_941.wav,44100,10-02-20 00:00,mosquito,an arabiensis,Female,f,Single,,HBN,telinga,tascam,Tanzania,Kilombero District,Morogoro,Ifakara,cup,D:\VGU-27\Edge AI Project\data\audio\220657.wav,44100,1,PCM_24,40.9,0.0,7d8a7133ebeb20b9c3b4fb51ba45bc69bc1266ace2df583d825c2e1fb67ad794,572f9cf35a298928aae0ea732293b332ed82059d3c426d0d30a615f9b7dfb4c5,0.05340576171875,-42.05140171234102,2.247256392082862e-05,0.0,0.0019266060132284372,468.75,18.55853571252817,0.9874706342991386
220631,23.04,IFA_24_22_942.wav,44100,10-02-20 00:00,mosquito,culex pipiens complex,Female,f,Single,,HBN,telinga,tascam,Tanzania,Kilombero District,Morogoro,Ifakara,cup,D:\VGU-27\Edge AI Project\data\audio\220631.wav,44100,1,PCM_24,23.04,0.0,8aa18d76995ad8ad8468505da103ae75af1fbdd09d60cc7afdd966ffac1c1268,02f00e507db80f6992e6e420b7f964dfe3ee042d7329806e7498f48a602d2fb9,0.14764404296875,-38.73139647034741,3.152543575164803e-05,0.0,0.002347293083900227,156.25,18.39230465610083,0.9707927677329624
220687,23.04,IFA_24_24_944.wav,44100,10-02-20 00:00,mosquito,ma uniformis,Female,f,Single,,HBN,telinga,tascam,Tanzania,Kilombero District,Morogoro,Ifakara,cup,D:\VGU-27\Edge AI Project\data\audio\220687.wav,44100,1,PCM_24,23.04,0.0,984dcafb9061686f0fee0f4f20d8569f3cc37966183ba5107b2beabd464e91c6,db4f215bf6c78f40ce444ef4aac2766cc68c90f2fabf0488fbc335ad152eb102,0.503143310546875,-34.3625645222506,2.8460684757323972e-05,0.0,0.0016367079239103049,171.875,20.273230217222782,0.9888734353268428
220654,7.68,IFA_24_25_945.wav,44100,10-02-20 00:00,mosquito,an arabiensis,Female,f,Single,,HBN,telinga,tascam,Tanzania,Kilombero District,Morogoro,Ifakara,cup,D:\VGU-27\Edge AI Project\data\audio\220654.wav,44100,1,PCM_24,7.68,0.0,d15154e45b82222ab048c7c5564ad6dc5660af164d96b9b20ccadad35e4b0f16,c1aecdd9994837cf033d3c37eb2abad154459ea7c919d01794b42b85cd5ba22e,0.056182861328125,-39.4218517876471,0.00016484590344418204,0.0,0.0015353363567649281,156.25,17.5456581764946,0.9916317991631799
220655,23.04,IFA_24_25_945.wav,44100,10-02-20 00:00,mosquito,an arabiensis,Female,f,Single,,HBN,telinga,tascam,Tanzania,Kilombero District,Morogoro,Ifakara,cup,D:\VGU-27\Edge AI Project\data\audio\220655.wav,44100,1,PCM_24,23.04,0.0,48a6c9f00f6ebc1120412f70a0442302583168d1c394325cc98c2317f9e2bf1b,116f2fa7878f3d7b610e80f62b84ffcdc3336cfada2a4243cb16008f16a3bdc0,0.127227783203125,-38.94360387846048,5.507397093019608e-05,0.0,0.001688869992441421,156.25,17.78308027320498,0.9902642559109874
220656,7.68,IFA_24_25_945.wav,44100,10-02-20 00:00,mosquito,an arabiensis,Female,f,Single,,HBN,telinga,tascam,Tanzania,Kilombero District,Morogoro,Ifakara,cup,D:\VGU-27\Edge AI Project\data\audio\220656.wav,44100,1,PCM_24,7.68,0.0,0b7db3524cfc1f975bdf6bf05df03c9a3f9bf490f9832320b41379480e2753c9,75ceb1130313136e5e8cac0c15ebc8c334fee0ffb33b292181f7fbdd56565cc7,0.060394287109375,-39.30437958043878,-4.5904677110644605e-05,0.0,0.0016180083144368858,156.25,17.156680617992016,0.9832635983263598
220634,15.36,IFA_24_26_946.wav,44100,10-02-20 00:00,mosquito,culex pipiens complex,Female,f,Single,,HBN,telinga,tascam,Tanzania,Kilombero District,Morogoro,Ifakara,cup,D:\VGU-27\Edge AI Project\data\audio\220634.wav,44100,1,PCM_24,15.36,0.0,c118a01b7804933e7040c79514b4a5a36bb906d78e178d04ae4b471bb482670a,ada2b7d9e08d8c131337f2ac6b22cf43aa1c9642a12cc61f04671b04ed43619f,0.088409423828125,-38.197039465720984,-2.7103669158635674e-07,0.0,0.0015589569160997733,500.0,17.992024193905298,0.9770354906054279
220636,5.12,IFA_24_26_946.wav,44100,10-02-20 00:00,mosquito,culex pipiens complex,Female,f,Single,,HBN,telinga,tascam,Tanzania,Kilombero District,Morogoro,Ifakara,cup,D:\VGU-27\Edge AI Project\data\audio\220636.wav,44100,1,PCM_24,5.119977324263038,-2.2675736961907944e-05,341a46d52356afc7c903265b77cd6192ad37cbf0d5ba7b4ebf04ecad587204ea,d9eca8ddaec1afcf292a2a178b46f9e7741cc37143511dae4e17ce1b7976fafb,0.053070068359375,-38.11692988531564,-5.729626602110746e-05,0.0,0.0017184033021688198,156.25,18.04755567518484,0.9748427672955975
220635,15.36,IFA_24_26_946.wav,44100,10-02-20 00:00,mosquito,culex pipiens complex,Female,f,Single,,HBN,telinga,tascam,Tanzania,Kilombero District,Morogoro,Ifakara,cup,D:\VGU-27\Edge AI Project\data\audio\220635.wav,44100,1,PCM_24,15.36,0.0,eee85446177eedb79cfecaf89baff883a626feb67f140f3a28a696508aa5079c,87fad3eb34bbb49ea454f10b3c7225a0cf8e0f6d056ce3a360f50da651ea0495,0.14166259765625,-35.207588615119725,-5.5423579428651884e-05,0.0,0.001296178193499622,593.75,15.73537309831348,0.964509394572025
220647,5.12,IFA_24_27_947.wav,44100,10-02-20 00:00,mosquito,ma uniformis,Female,f,Single,,HBN,telinga,tascam,Tanzania,Kilombero District,Morogoro,Ifakara,cup,D:\VGU-27\Edge AI Project\data\audio\220647.wav,44100,1,PCM_24,5.119977324263038,-2.2675736961907944e-05,e5835c86007c4fd47ddde42a5fda033dd41e57a77c68889c7f308a8490a4ac73,d6356c1d2ffa43c189edcfe6b1dde195f7164704ac223eaa2894deb3f3b84e76,0.272064208984375,-29.014898981007526,-0.0002291768194145111,0.0,0.0016563990593070582,156.25,16.994190388667555,0.9559748427672956
220663,15.36,IFA_24_29_949.wav,44100,10-02-20 00:00,mosquito,ma uniformis,Female,f,Single,,HBN,telinga,tascam,Tanzania,Kilombero District,Morogoro,Ifakara,cup,D:\VGU-27\Edge AI Project\data\audio\220663.wav,44100,1,PCM_24,15.36,0.0,e3d3271ce490161dff6f323af3b7305ef9ea9c599c0c2d0babea719356d9d5df,f183e3ff5c0f1f32f8485e52a3ff9a705bef0ecf938c2e8a21e6851219cfd8a4,0.188690185546875,-30.565065398526215,6.122473776565748e-05,0.0,0.0013818027210884354,796.875,20.03237783695113,0.9770354906054279
220662,2.56,IFA_24_29_949.wav,44100,10-02-20 00:00,mosquito,ma uniformis,Female,f,Single,,HBN,telinga,tascam,Tanzania,Kilombero District,Morogoro,Ifakara,cup,D:\VGU-27\Edge AI Project\data\audio\220662.wav,44100,1,PCM_24,2.56,0.0,94f514b7413569688dcbacd274d780a7791bf4025f741afc1064cbbe6dc15874,6ae6c09831ab10a7853ecd63fbe64e75ca9c517c5952bd02b72f8cc98e208a47,0.04608154296875,-40.61777940380769,0.0001317892485465052,0.0,0.0018069727891156463,796.875,23.998369727866443,1.0
220617,5.12,IFA_24_30_950.wav,44100,10-02-20 00:00,mosquito,ma uniformis,Female,f,Single,,HBN,telinga,tascam,Tanzania,Kilombero District,Morogoro,Ifakara,cup,D:\VGU-27\Edge AI Project\data\audio\220617.wav,44100,1,PCM_24,5.119977324263038,-2.2675736961907944e-05,c623290069799abda8f385b5dda1614e70c1b76fd40528d1ac4a509cbf1c57b2,505f9597b00898b2f3d29268b692b66b6d7bf5b450e029f0f553d50027d5e2fb,0.058746337890625,-42.08759326218203,0.00030259803789441894,0.0,0.0024048788481383226,781.25,28.59037531790394,1.0
220618,12.8,IFA_24_30_950.wav,44100,10-02-20 00:00,mosquito,ma uniformis,Female,f,Single,,HBN,telinga,tascam,Tanzania,Kilombero District,Morogoro,Ifakara,cup,D:\VGU-27\Edge AI Project\data\audio\220618.wav,44100,1,PCM_24,12.799977324263038,-2.2675736962796122e-05,d844189c2c09b99975e8eee5ac5f749a5c72d2db0fa2fcd7b029e9bd9b0b8d91,1fc238e2e9a79fee09ce3820c218f4952bb3c2d3c7b31d130795637274a278bd,0.09515380859375,-37.66514436842153,7.22520404151162e-05,0.0,0.0020443630321057117,781.25,24.189446133438945,1.0
220616,15.36,IFA_24_30_950.wav,44100,10-02-20 00:00,mosquito,ma uniformis,Female,f,Single,,HBN,telinga,tascam,Tanzania,Kilombero District,Morogoro,Ifakara,cup,D:\VGU-27\Edge AI Project\data\audio\220616.wav,44100,1,PCM_24,15.36,0.0,4bce3024b3e93e859d9893c799076a0e945ae81e0d81c63faac434a0364982e6,3dbe36b5d0ee657b277155276251e16da816c1b896675a4ee5b6c036485ada46,0.2288818359375,-34.79019085338938,8.107835563492433e-05,0.0,0.0019560775699168555,796.875,21.447022276629646,0.9979123173277662
220694,5.12,IFA_24_31_951.wav,44100,10-02-20 00:00,mosquito,ma uniformis,Female,f,Single,,HBN,telinga,tascam,Tanzania,Kilombero District,Morogoro,Ifakara,cup,D:\VGU-27\Edge AI Project\data\audio\220694.wav,44100,1,PCM_24,5.119977324263038,-2.2675736961907944e-05,434479a34e2705cf5d65eaf414d678379a5e10e8825d3d6a9c129a82488faf58,2d81d468d03d67ef2d46326f244a3aec7d42cb7ea496a44109483e54c64f4eb7,0.1170654296875,-33.90872014790539,-6.084160924469421e-06,0.0,0.0013286623470377473,156.25,18.56493324326923,0.9937106918238994
220695,2.5,IFA_24_31_951.wav,44100,10-02-20 00:00,mosquito,ma uniformis,Female,f,Single,,HBN,telinga,tascam,Tanzania,Kilombero District,Morogoro,Ifakara,cup,D:\VGU-27\Edge AI Project\data\audio\220695.wav,44100,1,PCM_24,2.5,0.0,36a86a9990169d6ab93043dcde455f693c177238b2e72f33d789b107622e3e1f,9c3535e752de4d5bc8ba7858a254cbe4e2d07eb0505eb3ec3f4a8d1671899de8,0.063629150390625,-39.55251713706516,-8.63408025970805e-05,0.0,0.0017324263038548753,750.0,19.692205557371068,1.0
220682,7.68,IFA_24_32_952.wav,44100,10-02-20 00:00,mosquito,ma uniformis,Female,f,Single,,HBN,telinga,tascam,Tanzania,Kilombero District,Morogoro,Ifakara,cup,D:\VGU-27\Edge AI Project\data\audio\220682.wav,44100,1,PCM_24,7.68,0.0,87e40a7a525f70b674f3a6314ece84487c1b23dce3796712a747d8ff901692c0,ec37f9a07c0c04f17892ea2f436de09cba977195870a3bf0591d4d4da45cc068,0.331451416015625,-30.285768892995065,-0.0001821300790603649,0.0,0.0011898856764928193,796.875,22.62952730687399,1.0
220683,7.62,IFA_24_32_952.wav,44100,10-02-20 00:00,mosquito,ma uniformis,Female,f,Single,,HBN,telinga,tascam,Tanzania,Kilombero District,Morogoro,Ifakara,cup,D:\VGU-27\Edge AI Project\data\audio\220683.wav,44100,1,PCM_24,7.619977324263038,-2.2675736961907944e-05,4320971f06e1fa14d269f86856477bc01b89d457c477c29db54ddfe237f51f26,a71f83922109c989212f40c54f6ebdce299258019843f4b76fddd6b7d2ebfc3e,0.389190673828125,-29.782764596666546,-4.8560983467233164e-05,0.0,0.001669439145818516,156.25,22.97754780296809,1.0
220680,7.68,IFA_24_32_952.wav,44100,10-02-20 00:00,mosquito,ma uniformis,Female,f,Single,,HBN,telinga,tascam,Tanzania,Kilombero District,Morogoro,Ifakara,cup,D:\VGU-27\Edge AI Project\data\audio\220680.wav,44100,1,PCM_24,7.68,0.0,076b756ac97e746df3a5f5bc43e746be676fbb0df2688eaf1aac9e84e77a1070,a45bc6117fd612fba151cff85266e0ea4a3cbbdc1addfb4eacd53e714ed95b5e,0.090576171875,-35.595229295541834,0.00032230722841131626,0.0,0.0015264786470143613,781.25,17.441752387211373,0.9665271966527197
220681,10.24,IFA_24_32_952.wav,44100,10-02-20 00:00,mosquito,ma uniformis,Female,f,Single,,HBN,telinga,tascam,Tanzania,Kilombero District,Morogoro,Ifakara,cup,D:\VGU-27\Edge AI Project\data\audio\220681.wav,44100,1,PCM_24,10.24,0.0,1369ec47825a961f040a3ba6de48752ceb8fef5296e5882ffe71d51cf1658a11,60377a2b5ccb257517ad0285796741e64c4a5b4709e245b7b28f17d025aeb2e3,0.100189208984375,-40.97511482015516,0.0001305881000700451,0.0,0.0016541772959183674,156.25,20.392335858703404,0.9717868338557993
220685,20.42,IFA_24_33_953.wav,44100,10-02-20 00:00,mosquito,culex pipiens complex,Female,f,Single,,HBN,telinga,tascam,Tanzania,Kilombero District,Morogoro,Ifakara,cup,D:\VGU-27\Edge AI Project\data\audio\220685.wav,44100,1,PCM_24,20.42,0.0,ef6603992bc318bd94cdda2e5e85ed44e4953ec7caf8ae77eeb56e751d3efd69,633aaa77442820456391f9a64880f1443d0d2dc0d0bc2769ed2817e277122e6e,0.10296630859375,-40.25573508879694,-4.65797681311853e-06,0.0,0.002307550509593325,156.25,18.450233837043484,0.9858712715855573
220684,12.8,IFA_24_33_953.wav,44100,10-02-20 00:00,mosquito,culex pipiens complex,Female,f,Single,,HBN,telinga,tascam,Tanzania,Kilombero District,Morogoro,Ifakara,cup,D:\VGU-27\Edge AI Project\data\audio\220684.wav,44100,1,PCM_24,12.8,0.0,c32918fcbf84f2a487f2ca7412292217d1bcb82b7b8ea535c96578fd314b4cab,3ad4a49e452ed55db3975637027a07010892e849e8b09910b3bf0a9d68d9d445,0.126007080078125,-38.24490736977178,-3.9406320135069e-05,0.0,0.0018494897959183674,156.25,17.886803170568285,0.9799498746867168
220639,10.24,IFA_24_36_956.wav,44100,10-02-20 00:00,mosquito,culex pipiens complex,Female,f,Single,,HBN,telinga,tascam,Tanzania,Kilombero District,Morogoro,Ifakara,cup,D:\VGU-27\Edge AI Project\data\audio\220639.wav,44100,1,PCM_24,10.24,0.0,45d8d40d0dadc1967797706fc2450f7897560e52f7a733a12fc8d94f6ba6fac7,349e884d1cb51bb9c443875c0112ec43013acc320b84ad807648cbd543a602a1,0.17559814453125,-35.42717917700743,-2.614907126307758e-05,0.0,0.0015899589002267573,484.375,19.027470593666912,0.9811912225705329
220640,2.56,IFA_24_36_956.wav,44100,10-02-20 00:00,mosquito,culex pipiens complex,Female,f,Single,,HBN,telinga,tascam,Tanzania,Kilombero District,Morogoro,Ifakara,cup,D:\VGU-27\Edge AI Project\data\audio\220640.wav,44100,1,PCM_24,2.5599773242630386,-2.2675736961463855e-05,dd1db1373b03aba2aa621998c3a987a5e2ce47f47d6edeaa0b1f169fa439e297,05b806c84ac015272dd3dd60b0b70d07b4411c3eb2bdbbe8674bf1638c6bf918,0.06561279296875,-37.14552277146724,-0.0005574405507468223,0.0,0.0012046591965986094,156.25,18.213212488491994,1.0
220638,2.56,IFA_24_36_956.wav,44100,10-02-20 00:00,mosquito,culex pipiens complex,Female,f,Single,,HBN,telinga,tascam,Tanzania,Kilombero District,Morogoro,Ifakara,cup,D:\VGU-27\Edge AI Project\data\audio\220638.wav,44100,1,PCM_24,2.56,0.0,3770465277f862292aaac11c4dc06a6923b6ed4a889dff61a91eedb92e82a47f,2d5d88ca5e0932caba0ed00bc685cb4c1855a6ae3d406ac7f0e22142f68b820b,0.0999755859375,-33.21350972210519,-0.0005779109574229268,0.0,0.0019664115646258504,765.625,17.886150430045888,0.9873417721518988
220668,7.68,IFA_24_37_957.wav,44100,10-02-20 00:00,mosquito,culex pipiens complex,Female,f,Single,,HBN,telinga,tascam,Tanzania,Kilombero District,Morogoro,Ifakara,cup,D:\VGU-27\Edge AI Project\data\audio\220668.wav,44100,1,PCM_24,7.68,0.0,5a58d3d09970cc85e3655e25b84d9fd948c5f7a047f3285a3ab21fff87e2deaa,b12dbde5d34bc27db9c542f2b0be8242a3110d8731f32e722226b33b2f1a4096,0.236846923828125,-31.06363232401218,-1.4013894471091389e-05,0.0,0.0023325302343159488,562.5,17.09613649441218,0.9832635983263598
220667,2.56,IFA_24_37_957.wav,44100,10-02-20 00:00,mosquito,culex pipiens complex,Female,f,Single,,HBN,telinga,tascam,Tanzania,Kilombero District,Morogoro,Ifakara,cup,D:\VGU-27\Edge AI Project\data\audio\220667.wav,44100,1,PCM_24,2.56,0.0,b4b9ddf43d777fe647436a608f134c47f90cb12a0538b0993b5aff9301f943a8,170587e5301b9d857c3c065cfa5a69f986efb8b5f4410703bfd26bbaa0ddd549,0.02227783203125,-45.45160537328026,7.26138653398371e-05,0.0,0.00248015873015873,515.625,22.107544811975078,1.0
220665,10.24,IFA_24_37_957.wav,44100,10-02-20 00:00,mosquito,culex pipiens complex,Female,f,Single,,HBN,telinga,tascam,Tanzania,Kilombero District,Morogoro,Ifakara,cup,D:\VGU-27\Edge AI Project\data\audio\220665.wav,44100,1,PCM_24,10.23997732426304,-2.2675736961019766e-05,102df38c5dcf0ec2a5c78601551494376163b179af179e9190d5864e27cc275f,165e98e1b2302a5a0711c838fd51798e615b132ccca82206303b2ce72d527e1e,0.100982666015625,-36.33497543391987,0.00013898847286759853,0.0,0.0013087295137328022,781.25,17.11390377282028,0.9843260188087775
220666,2.56,IFA_24_37_957.wav,44100,10-02-20 00:00,mosquito,culex pipiens complex,Female,f,Single,,HBN,telinga,tascam,Tanzania,Kilombero District,Morogoro,Ifakara,cup,D:\VGU-27\Edge AI Project\data\audio\220666.wav,44100,1,PCM_24,2.56,0.0,34bcdc5be200c0a83dbbf60e46838c941a9b0f52925a6120a4a937126e292356,14ed00054e62ed87bbd122c34d9ca12b29d8df90d90384b3aee1d3be8e47b02d,0.09600830078125,-37.26092120146075,-0.00019843102582728242,0.0,0.002072704081632653,515.625,18.013923337860952,0.9746835443037974
220664,2.56,IFA_24_37_957.wav,44100,10-02-20 00:00,mosquito,culex pipiens complex,Female,f,Single,,HBN,telinga,tascam,Tanzania,Kilombero District,Morogoro,Ifakara,cup,D:\VGU-27\Edge AI Project\data\audio\220664.wav,44100,1,PCM_24,2.56,0.0,1e02448d9e82333ba9fc83f9e3617c2e9ea05b7dd8326e08b2d09ab55b3fae86,cf0ed89559412878c86c76c5f4e152048068dca0cdd365da0665e7f8bd6c08c4,0.061431884765625,-45.679264673369595,-3.367378598167783e-05,0.0,0.002834467120181406,562.5,17.43768149110175,1.0
220686,17.92,IFA_24_38_958.wav,44100,10-02-20 00:00,mosquito,culex pipiens complex,Female,f,Single,,HBN,telinga,tascam,Tanzania,Kilombero District,Morogoro,Ifakara,cup,D:\VGU-27\Edge AI Project\data\audio\220686.wav,44100,1,PCM_24,17.92,0.0,0f77b6240034ea1f0196dc8a7bcdf0355ff063144d04bc83b5fd4eca9c965eb0,315de897a93bf7d29cb3d355e63dd477c75df3eff183aae50d6df015ad5b0fd1,0.138641357421875,-34.50696812279976,5.4438020714209e-05,0.0,0.0022536544379656623,156.25,19.360077613179605,0.998211091234347
220628,20.48,IFA_24_39_959.wav,44100,10-02-20 00:00,mosquito,culex pipiens complex,Female,f,Single,,HBN,telinga,tascam,Tanzania,Kilombero District,Morogoro,Ifakara,cup,D:\VGU-27\Edge AI Project\data\audio\220628.wav,44100,1,PCM_24,20.48,0.0,b99da431f93dd8a8a25a13ad16e3e77d7837e4d0b9e61bdf9a8b6de44faf6933,8d5e4362b631dc2ea853803f4f14f48ccd162e0810187757b0716b1f734ff3c6,0.130401611328125,-38.2347568473114,1.8843717856201725e-06,0.0,0.0021435657596371883,562.5,21.1289182871053,0.9984350547730829
220627,2.56,IFA_24_39_959.wav,44100,10-02-20 00:00,mosquito,culex pipiens complex,Female,f,Single,,HBN,telinga,tascam,Tanzania,Kilombero District,Morogoro,Ifakara,cup,D:\VGU-27\Edge AI Project\data\audio\220627.wav,44100,1,PCM_24,2.56,0.0,08f9cd639a7df15611ac2da1fbb9b525c04e0325e89580fc3a5e1b299d24cb6d,828563270da560880a0a3dadb7272bb99efc3602b35c6bd65cedca37392097a4,0.13800048828125,-31.03450583269122,-0.0005361631073378651,0.0,0.0006731859410430839,578.125,14.511173559800834,0.8860759493670886
220621,28.16,IFA_24_40_960.wav,44100,10-02-20 00:00,mosquito,ma uniformis,Female,f,Single,,HBN,telinga,tascam,Tanzania,Kilombero District,Morogoro,Ifakara,cup,D:\VGU-27\Edge AI Project\data\audio\220621.wav,44100,1,PCM_24,28.16,0.0,61dda655d87bcff08769c84fb2d0e759292af80abf2eb4396ba5fbdb9cb0da5e,1336edcf91e00c2fe66a38815c54d522987ea0e0a5b2e216e6928fb3dddd508d,0.165252685546875,-34.35843901962066,2.3848861548070488e-05,0.0,0.0020485466914038344,515.625,17.656055662960732,0.9840728100113766
220622,2.56,IFA_24_40_960.wav,44100,10-02-20 00:00,mosquito,ma uniformis,Female,f,Single,,HBN,telinga,tascam,Tanzania,Kilombero District,Morogoro,Ifakara,cup,D:\VGU-27\Edge AI Project\data\audio\220622.wav,44100,1,PCM_24,2.5599773242630386,-2.2675736961463855e-05,2a2449f0a5864a4664cf076989bf866554ad46431d56be3a38516b14e732f9ea,9beff1bf346ef68bfe78e2cd1567407d593a19d1378711b4a492b866b8c52726,0.10821533203125,-35.13220601304917,0.0005513740687212122,0.0,0.001408388325435139,156.25,16.3976223472547,0.9620253164556962
220632,2.56,IFA_25_14_974.wav,44100,10-02-20 00:00,mosquito,ma uniformis,Female,f,Single,,HBN,telinga,tascam,Tanzania,Kilombero District,Morogoro,Ifakara,cup,D:\VGU-27\Edge AI Project\data\audio\220632.wav,44100,1,PCM_24,2.56,0.0,5f93e5742b75b004e232a9bcb4c74562e70ae4001a63db132785cbb2bcb71eab,fc2e56a5cee3ec6533e256f071d7358f5d43e5efa6bc301e8dea626eb0d8fd25,0.44189453125,-27.009567051976084,-6.395375647512423e-05,0.0,0.0008149092970521542,156.25,19.182114687228765,0.9873417721518988
220646,23.04,IFA_25_15_975.wav,44100,10-02-20 00:00,mosquito,culex pipiens complex,Female,f,Single,,HBN,telinga,tascam,Tanzania,Kilombero District,Morogoro,Ifakara,cup,D:\VGU-27\Edge AI Project\data\audio\220646.wav,44100,1,PCM_24,23.04,0.0,1531c29cd8a324b34f05548364db40d46b7806949bd5eca7491713646902a606,c7ce08a3bcfd0c0bedc52404987769266f2407c7288144adec1fc22c3177ef03,0.078857421875,-37.764742326452094,6.187700991007026e-05,0.0,0.0012243323255228017,156.25,17.134433062868773,0.9888734353268428
220645,17.92,IFA_25_15_975.wav,44100,10-02-20 00:00,mosquito,culex pipiens complex,Female,f,Single,,HBN,telinga,tascam,Tanzania,Kilombero District,Morogoro,Ifakara,cup,D:\VGU-27\Edge AI Project\data\audio\220645.wav,44100,1,PCM_24,17.919977324263037,-2.267573696457248e-05,1aa7cfd5784f8f0074b505e73885826bf4f39f28e53a4d59ae86550638fa810b,f1fe8ec62a2efbe5c3174bb2a6230e2031b5f63d91b794342ea04f05eb1163de,0.109466552734375,-35.6860893533915,-6.360420271623991e-05,0.0,0.0013577620841458183,515.625,18.571694838965364,0.9928443649373881
220648,5.12,IFA_25_16_976.wav,44100,10-02-20 00:00,mosquito,culex pipiens complex,Female,f,Single,,HBN,telinga,tascam,Tanzania,Kilombero District,Morogoro,Ifakara,cup,D:\VGU-27\Edge AI Project\data\audio\220648.wav,44100,1,PCM_24,5.12,0.0,b7c553b076c0973b657987d6fe2a03473fddc506f0b13fd2ce06f0fb12ee9b50,c6cf2111930feecf72ec8867a27bfa21eb35381782f004214a67716190b95f8e,0.049407958984375,-40.933102709034124,-9.523389561106018e-05,0.0,0.0012002196712018142,562.5,18.220525842445102,0.9748427672955975
220649,7.68,IFA_25_16_976.wav,44100,10-02-20 00:00,mosquito,culex pipiens complex,Female,f,Single,,HBN,telinga,tascam,Tanzania,Kilombero District,Morogoro,Ifakara,cup,D:\VGU-27\Edge AI Project\data\audio\220649.wav,44100,1,PCM_24,7.68,0.0,85ef0a77d3917daf584d86719392ae77eaf9e9e4f20c7c1398812c4a5fd48b63,fc797b8e75107d4dd74cb068e0a87039daac306c6233d804c90f54c89357f7a0,0.130828857421875,-36.15340558597279,0.00013559322328344044,0.0,0.0014733323885109599,562.5,17.419955010347817,0.99581589958159
220629,7.68,IFA_25_17_977.wav,44100,10-02-20 00:00,mosquito,culex pipiens complex,Female,f,Single,,HBN,telinga,tascam,Tanzania,Kilombero District,Morogoro,Ifakara,cup,D:\VGU-27\Edge AI Project\data\audio\220629.wav,44100,1,PCM_24,7.68,0.0,ab8d952866565b09c518cedc8e816d42af219a9c2cdf8b815138545ac30ade3c,139cb214336345fe2250aa17e3625665a5cb2a5b20d84bc4f8f2ab284802f958,0.095855712890625,-38.044797027107755,-2.2382692955518796e-05,0.0,0.00152057350718065,562.5,17.017982810111093,0.99581589958159
220630,7.62,IFA_25_17_977.wav,44100,10-02-20 00:00,mosquito,culex pipiens complex,Female,f,Single,,HBN,telinga,tascam,Tanzania,Kilombero District,Morogoro,Ifakara,cup,D:\VGU-27\Edge AI Project\data\audio\220630.wav,44100,1,PCM_24,7.62,0.0,9a98b6e61f8ead0251b88a28e0029ac38e3d2c844a71aeccec1e5d2f1701a6b0,fdb46e335b75a6aaac64d71beb15ede6791cf6caaecb1d7372f07cc90a93e0d9,0.159088134765625,-31.845316530542757,0.0001822619811334967,0.0,0.0008213259056903601,156.25,17.15308787783767,0.9620253164556962
220693,7.68,IFA_25_18_978.wav,44100,10-02-20 00:00,mosquito,culex pipiens complex,Female,f,Single,,HBN,telinga,tascam,Tanzania,Kilombero District,Morogoro,Ifakara,cup,D:\VGU-27\Edge AI Project\data\audio\220693.wav,44100,1,PCM_24,7.68,0.0,94fc1be469004b7bcb145487ebed3d35f76b18e070b7708fe7b1f0a936fefc90,c69426dba0de1163ee3a5f2b594bd382d8483459b26f498b612cad6d7b36b995,0.206939697265625,-31.87248599396907,-0.00017322785729994309,0.0,0.001296178193499622,562.5,15.252803021065295,0.9497907949790795
220692,5.12,IFA_25_18_978.wav,44100,10-02-20 00:00,mosquito,culex pipiens complex,Female,f,Single,,HBN,telinga,tascam,Tanzania,Kilombero District,Morogoro,Ifakara,cup,D:\VGU-27\Edge AI Project\data\audio\220692.wav,44100,1,PCM_24,5.119977324263038,-2.2675736961907944e-05,77cf52d75236de0f90d6b989cae0d3b270e025174a5cecd8fe33f48998da5a1e,dbbacf1ce74bddd368ab9e60ce2afc47a30f307d351e20a94d3572dacb85c16d,0.12811279296875,-34.49728236156377,0.0003015720495443657,0.0,0.0014482419582711446,546.875,18.107791611417817,0.9685534591194969
220626,10.24,IFA_25_20_980.wav,44100,10-02-20 00:00,mosquito,culex pipiens complex,Female,f,Single,,HBN,telinga,tascam,Tanzania,Kilombero District,Morogoro,Ifakara,cup,D:\VGU-27\Edge AI Project\data\audio\220626.wav,44100,1,PCM_24,10.24,0.0,1de500892984deb0d22b9b1aa7fefb3940137f32145b0baa1d104102806196ea,60fac5c550920023398dfd4ff41695d6783dd4e5c44911e77c487145544e2f26,0.217864990234375,-34.38870455615994,-4.665935390930868e-05,0.0,0.0013042977607709751,156.25,15.663500878195986,0.9843260188087775
220670,7.68,IFA_25_22_982.wav,44100,10-02-20 00:00,mosquito,culex pipiens complex,Female,f,Single,,HBN,telinga,tascam,Tanzania,Kilombero District,Morogoro,Ifakara,cup,D:\VGU-27\Edge AI Project\data\audio\220670.wav,44100,1,PCM_24,7.68,0.0,bf9606c6c88dee7b762424f84727afe2471999a500070447dc9d73d34f61629d,f56b2d8bcc0376a6562c2a94843dec7394dd130b0b78e80b8b6f68230440dcef,0.065216064453125,-37.544632352977125,0.00011457877905190396,0.0,0.0015028580876795164,562.5,17.33513585695213,0.9665271966527197
220671,25.6,IFA_25_22_982.wav,44100,10-02-20 00:00,mosquito,culex pipiens complex,Female,f,Single,,HBN,telinga,tascam,Tanzania,Kilombero District,Morogoro,Ifakara,cup,D:\VGU-27\Edge AI Project\data\audio\220671.wav,44100,1,PCM_24,25.6,0.0,086b102a92e800bbd9b5475130eaad08ac535b4332d7128fa9ef7c470bf82844,30ed4625e11ade5d2317c7361301bcf496cfc9cb17c2de7c624c5c793f66abfa,0.0450439453125,-42.122732689824794,-1.698394481286981e-07,0.0,0.00234640731292517,156.25,18.89405895668563,0.9949937421777222
220672,22.98,IFA_25_23_983.wav,44100,10-02-20 00:00,mosquito,ma uniformis,Female,f,Single,,HBN,telinga,tascam,Tanzania,Kilombero District,Morogoro,Ifakara,cup,D:\VGU-27\Edge AI Project\data\audio\220672.wav,44100,1,PCM_24,22.98,0.0,911e79fae23924d144c8f2d7e55e2928b22fc401ab12f746dad297e90d752454,c6bf9db76ac9e57aa275954e2b615f7b77b2ee44fbb95940ca48d941fab7fd29,0.085205078125,-38.494279901069135,5.1989447825406816e-05,0.0,0.0021728447688910205,437.5,18.384413470817595,0.9944211994421199
220644,23.04,IFA_25_24_984.wav,44100,10-02-20 00:00,mosquito,ma uniformis,Female,f,Single,,HBN,telinga,tascam,Tanzania,Kilombero District,Morogoro,Ifakara,cup,D:\VGU-27\Edge AI Project\data\audio\220644.wav,44100,1,PCM_24,23.04,0.0,37d0fb9c33ca0e60c17942f265c2ea0b1601ab6b0bb8e0189ec1052fa4a8e37a,0b9243405fdbc03324238673cd0e44c384c14de5364a46e4c4994a0fef214bac,0.15093994140625,-38.330976365317994,-1.2764975177037322e-05,0.0,0.0018975182665658856,281.25,17.76826542982628,0.9735744089012517
220659,5.12,IFA_25_25_985.wav,44100,10-02-20 00:00,mosquito,ma uniformis,Female,f,Single,,HBN,telinga,tascam,Tanzania,Kilombero District,Morogoro,Ifakara,cup,D:\VGU-27\Edge AI Project\data\audio\220659.wav,44100,1,PCM_24,5.12,0.0,80461e18e2d1622349187043af97ea1f849aae43c313dc03cc7c36163aceaf2c,18bd18dd9714b858ee6be28e8082b9c5643f54b8c697c2873a34a0f0c81ffa75,0.055694580078125,-40.06038131182852,-1.433930970103292e-05,0.0,0.0023827239229024942,562.5,19.337350924949007,0.9937106918238994
220660,15.3,IFA_25_25_985.wav,44100,10-02-20 00:00,mosquito,ma uniformis,Female,f,Single,,HBN,telinga,tascam,Tanzania,Kilombero District,Morogoro,Ifakara,cup,D:\VGU-27\Edge AI Project\data\audio\220660.wav,44100,1,PCM_24,15.3,0.0,a49d6102e7a2064f132c8bfa19492b043da868a0076b214dcf5a4fe5dab89b6c,a0df371dc670b38a41dcc69753ef09f74b209aea5f99ca1fd0eb8b6c180b85f0,0.095245361328125,-36.54990628971924,6.827447052316297e-05,0.0,0.0014494686763594326,562.5,19.286285497471805,0.9937106918238994
220658,10.24,IFA_25_25_985.wav,44100,10-02-20 00:00,mosquito,ma uniformis,Female,f,Single,,HBN,telinga,tascam,Tanzania,Kilombero District,Morogoro,Ifakara,cup,D:\VGU-27\Edge AI Project\data\audio\220658.wav,44100,1,PCM_24,10.23997732426304,-2.2675736961019766e-05,6fa7ac6f91ae422074d62dfcdc5263081a4c31bee4a9f66d9fb854bda3457012,ef259daf247b6284fdd6c92a5e264674c7bb97127b16d69a2b1339b568bdd859,0.1065673828125,-39.0156190374873,-5.898791463169561e-05,0.0,0.001558960368304387,1093.75,16.799782202423877,0.9686520376175548
220650,12.8,IFA_25_28_988.wav,44100,10-02-20 00:00,mosquito,culex pipiens complex,Female,f,Single,,HBN,telinga,tascam,Tanzania,Kilombero District,Morogoro,Ifakara,cup,D:\VGU-27\Edge AI Project\data\audio\220650.wav,44100,1,PCM_24,12.799977324263038,-2.2675736962796122e-05,745498ad141a3ac5149109a271e887559b53473b79772f7a381c5d274af19e2b,332806a60441652ea72f1f52a6df7f4e52aad570afa8f6688d4245dedc627c65,0.08343505859375,-38.154728767854856,3.2558196086568324e-05,0.0,0.0017697735433913396,156.25,19.461586460846203,0.9949874686716792
220652,10.24,IFA_25_28_988.wav,44100,10-02-20 00:00,mosquito,culex pipiens complex,Female,f,Single,,HBN,telinga,tascam,Tanzania,Kilombero District,Morogoro,Ifakara,cup,D:\VGU-27\Edge AI Project\data\audio\220652.wav,44100,1,PCM_24,10.24,0.0,a7366986fadd1d4f825b1cb16d876018b88ddcc03ce42f0ea727b68ffdd8f103,ab82c2ec6a915fa6a0bbb66abd1d3d649c2777ac8c30cdcad7b9d684ad779323,0.07110595703125,-39.51253201536363,5.510523746343427e-05,0.0,0.0019575538548752833,156.25,21.083883598447116,1.0
220651,10.24,IFA_25_28_988.wav,44100,10-02-20 00:00,mosquito,culex pipiens complex,Female,f,Single,,HBN,telinga,tascam,Tanzania,Kilombero District,Morogoro,Ifakara,cup,D:\VGU-27\Edge AI Project\data\audio\220651.wav,44100,1,PCM_24,10.24,0.0,83984a2961192e0d100980730f6894cadf1ded047306ee3958bfcb8c8a620399,15709260b392e2b88c6cc02126ca78f145a1ec7f06efa6a7a5ade52caef5011b,0.059906005859375,-40.9774707206326,4.951997138475345e-05,0.0,0.0020129145408163264,156.25,20.802757600177916,0.9905956112852664
220653,2.5,IFA_25_28_988.wav,44100,10-02-20 00:00,mosquito,culex pipiens complex,Female,f,Single,,HBN,telinga,tascam,Tanzania,Kilombero District,Morogoro,Ifakara,cup,D:\VGU-27\Edge AI Project\data\audio\220653.wav,44100,1,PCM_24,2.5,0.0,6af394f904f5c44ca822a5d85341ad98901ed008c51cf674bb7c7b118bd9673c,c1242b610868eae27b94f5dabb7d3e7b99dcf525af0f1cadae295600b81e88bf,0.025146484375,-42.813360412983045,-0.00023182314918154763,0.0,0.0019591836734693877,156.25,16.410140267200873,1.0
220661,22.98,IFA_25_29_989.wav,44100,10-02-20 00:00,mosquito,ma uniformis,Female,f,Single,,HBN,telinga,tascam,Tanzania,Kilombero District,Morogoro,Ifakara,cup,D:\VGU-27\Edge AI Project\data\audio\220661.wav,44100,1,PCM_24,22.98,0.0,156900a83086a26185fb54228668a504aab44c63d6ec553ba31de23ca206b55d,67bc44ad76a9bce6c1470fda6c3cfa24c83e54528dfe577b1a908d84a21a552f,0.1488037109375,-36.77488009758604,9.319738399568651e-05,0.0,0.0017455778365886535,796.875,23.05933612349009,1.0
220852,35.78,IFA_25_30_990.wav,44100,10-02-20 00:00,mosquito,an arabiensis,Female,f,Single,,HBN,telinga,tascam,Tanzania,Kilombero District,Morogoro,Ifakara,cup,D:\VGU-27\Edge AI Project\data\audio\220852.wav,44100,1,PCM_24,35.78,0.0,539b344454d35c64597fd5b62b392eac9c7e2ed895ea7cbe80fb7d07c85f51b2,9220b72683d867d7de0ba5b2703a461e860d41a6b66a1d44dfafc4a485e125ed,0.125457763671875,-38.657798480971124,-3.0376565421954952e-05,0.0,0.0013131393790980152,500.0,21.60451273554461,0.9955237242614146
220872,12.74,IFA_25_31_991.wav,44100,10-02-20 00:00,mosquito,ma uniformis,Female,f,Single,,HBN,telinga,tascam,Tanzania,Kilombero District,Morogoro,Ifakara,cup,D:\VGU-27\Edge AI Project\data\audio\220872.wav,44100,1,PCM_24,12.73997732426304,-2.2675736961019766e-05,743078c7309ea8f95dedd83108242fa244610f2a36009157b73e2f6005c66a0d,e523e3f947b3b9cb30014d96cae735733657393f4510131047a6039ba8271059,0.088592529296875,-38.800893272879506,-4.559296286176786e-05,0.0,0.0014737475370795237,796.875,22.25559479211566,1.0
220871,2.56,IFA_25_31_991.wav,44100,10-02-20 00:00,mosquito,ma uniformis,Female,f,Single,,HBN,telinga,tascam,Tanzania,Kilombero District,Morogoro,Ifakara,cup,D:\VGU-27\Edge AI Project\data\audio\220871.wav,44100,1,PCM_24,2.56,0.0,14c7a4291fab6c0372fca947d129f0c139a3f02dcb47b2bb4d76c9ac378ffefa,511ce5336c00e4bc6c8d6a0c1fc5ebfed907c10285feb23dcb7a4d1c48791646,0.05157470703125,-38.827743078791705,2.949145916097559e-07,0.0,0.0010717828798185941,437.5,23.422621590671543,1.0
220870,2.56,IFA_25_31_991.wav,44100,10-02-20 00:00,mosquito,ma uniformis,Female,f,Single,,HBN,telinga,tascam,Tanzania,Kilombero District,Morogoro,Ifakara,cup,D:\VGU-27\Edge AI Project\data\audio\220870.wav,44100,1,PCM_24,2.5599773242630386,-2.2675736961463855e-05,7d93a945de5bd9fa46e6dfb2e1919e9d56c7d1a082b3ab5a63ae73e5ae2f07ea,94a377f1601f0d63a9c4733af1e1bdf3486dffc836d3d9c79d9f903778b8034f,0.116973876953125,-34.27455978881671,-0.00021751400767513508,0.0,0.0010983657380752025,156.25,15.813051935242859,0.9240506329113924
220869,5.12,IFA_25_31_991.wav,44100,10-02-20 00:00,mosquito,ma uniformis,Female,f,Single,,HBN,telinga,tascam,Tanzania,Kilombero District,Morogoro,Ifakara,cup,D:\VGU-27\Edge AI Project\data\audio\220869.wav,44100,1,PCM_24,5.119977324263038,-2.2675736961907944e-05,a8d422ed1ef31504eb1abf2af4bfd28a0f3cfd9d3df6181e2e116dab8f7f8d1c,66c04d2b6f3b9136bb768d4c6bd9e86c475e978f4b894a107441ac4e8c30b966,0.429473876953125,-28.959684052487017,1.8321819095839738e-05,0.0,0.0009212058939461715,156.25,18.335597451197057,0.9811320754716981
220835,23.04,IFA_25_33_993.wav,44100,10-02-20 00:00,mosquito,an arabiensis,Female,f,Single,,HBN,telinga,tascam,Tanzania,Kilombero District,Morogoro,Ifakara,cup,D:\VGU-27\Edge AI Project\data\audio\220835.wav,44100,1,PCM_24,23.04,0.0,e89c70ef4e33dccb3b874c13d7ce149218393b869b9cbd127e103fd83e143865,f1f89632b63f6aa884f2f20d8f98b441e924ac40ffa9042b1042f6a293084ec4,0.0511474609375,-40.4849355932042,-2.4123557060243622e-05,0.0,0.0014398699294532627,484.375,15.351057513546472,0.9833101529902643
220834,2.56,IFA_25_33_993.wav,44100,10-02-20 00:00,mosquito,an arabiensis,Female,f,Single,,HBN,telinga,tascam,Tanzania,Kilombero District,Morogoro,Ifakara,cup,D:\VGU-27\Edge AI Project\data\audio\220834.wav,44100,1,PCM_24,2.5599773242630386,-2.2675736961463855e-05,0915ff9dfe38b6e3ee89ae45cdd495cdecc57eb7182751a9df14ccf0bf7127b5,a939297e21c9e8898bd5730424f59f756888c3e76e505e5ca12ce01d3413c13e,0.022430419921875,-42.573308846591864,0.0003266774349921387,0.0,0.001558970725009965,484.375,15.260135413666426,1.0
220836,2.5,IFA_25_33_993.wav,44100,10-02-20 00:00,mosquito,an arabiensis,Female,f,Single,,HBN,telinga,tascam,Tanzania,Kilombero District,Morogoro,Ifakara,cup,D:\VGU-27\Edge AI Project\data\audio\220836.wav,44100,1,PCM_24,2.5,0.0,46d562656a15f14abe8d822b7d0ef93b5511041065c4b435535f2d80dea73b77,45e34a103272dfaf4c3c5e8be3c508e4aa9aa175c68ca435a50e47c2062d9997,0.027313232421875,-40.560300393107525,7.552249415391157e-05,0.0,0.0013605442176870747,484.375,17.880784017033637,1.0
220853,23.04,IFA_25_35_995.wav,44100,10-02-20 00:00,mosquito,an arabiensis,Female,f,Single,,HBN,telinga,tascam,Tanzania,Kilombero District,Morogoro,Ifakara,cup,D:\VGU-27\Edge AI Project\data\audio\220853.wav,44100,1,PCM_24,23.04,0.0,2e8bbb732358d2c665355d49870554535fbf0eb848d57e81c18ec833314c4e2f,1ebb60186b21a45a7e34e002d00099773f6fa205838911b8ba5b2d52ee17c357,0.060638427734375,-41.03810796084899,4.446209152809887e-05,0.0,0.0016012770849080373,515.625,18.502395432775955,0.9874826147426982
220855,5.06,IFA_25_35_995.wav,44100,10-02-20 00:00,mosquito,an arabiensis,Female,f,Single,,HBN,telinga,tascam,Tanzania,Kilombero District,Morogoro,Ifakara,cup,D:\VGU-27\Edge AI Project\data\audio\220855.wav,44100,1,PCM_24,5.059977324263039,-2.2675736961019766e-05,c830004f259668a58e9a84ee9441a3bee3d21aa6d44616616f4bdb9033618676,a9a3ef4ee679b361928b40ff1077fa463940a988a5eb6aa7051f463ca16279dc,0.038299560546875,-42.018958293950995,0.0002628860724931519,0.0,0.002402025588742746,156.25,15.426641554208466,0.9872611464968153
220854,10.24,IFA_25_35_995.wav,44100,10-02-20 00:00,mosquito,an arabiensis,Female,f,Single,,HBN,telinga,tascam,Tanzania,Kilombero District,Morogoro,Ifakara,cup,D:\VGU-27\Edge AI Project\data\audio\220854.wav,44100,1,PCM_24,10.24,0.0,e9678907bfc1115d2c8d9a85ba01db51517a2a8230ae544d0a4387f0f9e35182,70dd9d234a433d32b7e4cd1be6627d09f221676a4efba8fa359a60e6c395f2ae,0.03466796875,-41.24700923501064,5.303090121470341e-05,0.0,0.0014526643990929705,500.0,18.862170216398273,0.9905956112852664
220879,25.54,IFA_25_38_998.wav,44100,10-02-20 00:00,mosquito,ma uniformis,Female,f,Single,,HBN,telinga,tascam,Tanzania,Kilombero District,Morogoro,Ifakara,cup,D:\VGU-27\Edge AI Project\data\audio\220879.wav,44100,1,PCM_24,25.54,0.0,0442e9560f2eaa3586cdac2d3e2fb34d7ea20f560affe631d4b565c4d9f1275a,683cee491d2789f7be262578f58ae05e857397b3ad4dc31c7d1bada85bb51c12,0.15484619140625,-36.8981819446593,6.75274647267547e-06,0.0,0.0012634132222453063,156.25,16.777216772613738,0.9887076537013801
220848,35.78,IFA_25_40_1000.wav,44100,10-02-20 00:00,mosquito,ma uniformis,Female,f,Single,,HBN,telinga,tascam,Tanzania,Kilombero District,Morogoro,Ifakara,cup,D:\VGU-27\Edge AI Project\data\audio\220848.wav,44100,1,PCM_24,35.78,0.0,906b91f0637bf624fa8bbaa6d3140e59e99c3964672b9c6d6c9afd5ebd3a018a,42b4144933cef5e9d7c616975f25101ca666aff7e47bfacce4f15205e76e4281,0.151123046875,-34.67665925217355,6.69470330779362e-05,0.0,0.0010837202404718176,156.25,16.156997213073442,0.9865711727842436
220862,5.12,IFA_26_13_1013.wav,44100,10-02-20 00:00,mosquito,ma uniformis,Female,f,Single,,HBN,telinga,tascam,Tanzania,Kilombero District,Morogoro,Ifakara,cup,D:\VGU-27\Edge AI Project\data\audio\220862.wav,44100,1,PCM_24,5.12,0.0,6881f7b3d054ef9de617f6a444efe6fe51806623f8a1dcda89a48d37b357ec02,ca10510dcebbc9634ea53a7b158a850d5ffa6d8661774cbef761616c4446fe05,0.098846435546875,-40.1809037925011,0.00022330075975448367,0.0,0.001527954931972789,812.5,21.61928317910168,0.9874213836477987
220863,17.86,IFA_26_13_1013.wav,44100,10-02-20 00:00,mosquito,ma uniformis,Female,f,Single,,HBN,telinga,tascam,Tanzania,Kilombero District,Morogoro,Ifakara,cup,D:\VGU-27\Edge AI Project\data\audio\220863.wav,44100,1,PCM_24,17.86,0.0,6e925d61999dafcaf335db8d38d76a134437a4e4c80fbb4df9a026ef8b89c501,54e59c13b96c3ecf218fe9f49b3de83209244e67c1d5b5bee056b9de9c7b05b8,0.25042724609375,-30.120095434999538,-1.386101698430632e-05,0.0,0.000722424094684533,156.25,19.322685549904012,0.9820466786355476
220831,5.12,IFA_26_15_1015.wav,44100,10-02-20 00:00,mosquito,ma uniformis,Female,f,Single,,HBN,telinga,tascam,Tanzania,Kilombero District,Morogoro,Ifakara,cup,D:\VGU-27\Edge AI Project\data\audio\220831.wav,44100,1,PCM_24,5.12,0.0,a9fa6d68629412d04c015890a88d37e4301e5f59cefdeed461cf869df2bbcf03,157e122097ec78dbc067bd03e744188a7cda293ed3f26bf8da0ad49638be170c,0.068756103515625,-37.4075850704576,-9.114617933762046e-05,0.0,0.0013020833333333333,781.25,21.01614705795153,1.0
220867,2.56,IFA_26_16_1016.wav,44100,10-02-20 00:00,mosquito,culex pipiens complex,Female,f,Single,,HBN,telinga,tascam,Tanzania,Kilombero District,Morogoro,Ifakara,cup,D:\VGU-27\Edge AI Project\data\audio\220867.wav,44100,1,PCM_24,2.5599773242630386,-2.2675736961463855e-05,d8cb487352438b75c3e53c53f57dafad9a599df04d0943b061d84f66732cae3c,8ba8480e9296e0be520f0757ed14c57de857996126c4fd53d85cbd5ddfb91333,0.055450439453125,-39.076092790777864,0.0003902206039073918,0.0,0.000983214491341512,515.625,17.066734874292948,0.9620253164556962
220843,20.48,IFA_26_18_1018.wav,44100,10-02-20 00:00,mosquito,ma uniformis,Female,f,Single,,HBN,telinga,tascam,Tanzania,Kilombero District,Morogoro,Ifakara,cup,D:\VGU-27\Edge AI Project\data\audio\220843.wav,44100,1,PCM_24,20.48,0.0,77df53c3294dacc73080fd461f6763719b52c2c6f45e1186ee55788411908656,252e841fc314029c07c379be059f173f78a07c75a0b3624c4c61537d466e604b,0.142669677734375,-36.380349068273794,7.472003127982558e-05,0.0,0.0016220680980725624,593.75,18.748433765238396,0.9937402190923318
220873,17.92,IFA_26_22_1022.wav,44100,10-02-20 00:00,mosquito,ma uniformis,Female,f,Single,,HBN,telinga,tascam,Tanzania,Kilombero District,Morogoro,Ifakara,cup,D:\VGU-27\Edge AI Project\data\audio\220873.wav,44100,1,PCM_24,17.92,0.0,8ef1bcff9533f6de8a24c191b146b3399ae6614284711ae56bba7093df9d54de,f0d5d34101fe38315670ffddc1de984d59786c64f8bfd0969f6db9b11638ff11,0.153839111328125,-33.662727553292136,4.350853306134233e-05,0.0,0.001081905976676385,156.25,17.14779886223466,0.9874776386404294
220876,2.56,IFA_26_24_1024.wav,44100,10-02-20 00:00,mosquito,ma uniformis,Female,f,Single,,HBN,telinga,tascam,Tanzania,Kilombero District,Morogoro,Ifakara,cup,D:\VGU-27\Edge AI Project\data\audio\220876.wav,44100,1,PCM_24,2.5599773242630386,-2.2675736961463855e-05,7dc209b7e3d9477792fcd50b22001b5da02e020f80edf080b4666182213ba99d,6cffb2cad087d36c19b836f87082309bcfad2ee5d3ae711eb5dfba097952e314,0.183074951171875,-27.980437962109388,-9.67058110550733e-05,0.0,0.0006909074804021436,156.25,16.892191416384254,0.9873417721518988
220847,15.36,IFA_26_25_1025.wav,44100,10-02-20 00:00,mosquito,ma uniformis,Female,f,Single,,HBN,telinga,tascam,Tanzania,Kilombero District,Morogoro,Ifakara,cup,D:\VGU-27\Edge AI Project\data\audio\220847.wav,44100,1,PCM_24,15.36,0.0,564a8cbc308d6ca3f022aeaeeda81ab29cc660cd7fbcf7cb5aeebe7815737574,7fce5b2a0e7b07f6294ddec0a4e0dedee9a5ed784752f414ae0bba3c784f0d6f,0.144439697265625,-37.50453478902506,9.05003947735914e-05,0.0,0.001368516156462585,156.25,16.16530178349094,0.9874739039665971
220856,7.68,IFA_26_26_1026.wav,44100,10-02-20 00:00,mosquito,ma uniformis,Female,f,Single,,HBN,telinga,tascam,Tanzania,Kilombero District,Morogoro,Ifakara,cup,D:\VGU-27\Edge AI Project\data\audio\220856.wav,44100,1,PCM_24,7.68,0.0,22d4bdb3c90e096c3d78cb58a07b2985cf681d5f2791dfb78d704d2d4321d9d8,1b05812f06673fb199686ab48e9b2134229415c9478514c330d5c4499f6ad1be,0.08807373046875,-37.04204992923762,-1.7378696058162306e-05,0.0,0.001538288926681784,421.875,18.545865926832825,0.9916317991631799
220858,5.12,IFA_26_26_1026.wav,44100,10-02-20 00:00,mosquito,ma uniformis,Female,f,Single,,HBN,telinga,tascam,Tanzania,Kilombero District,Morogoro,Ifakara,cup,D:\VGU-27\Edge AI Project\data\audio\220858.wav,44100,1,PCM_24,5.12,0.0,cbd993b071525aac9c299fe6d6242469dfbbd729acfc9e84a80dfbb8b6013848,1ca95c0bbe4a9fe0ad4ab927abc5a942673bed4b871814ddef70f75f02bf91db,0.118194580078125,-36.098158359677804,0.00022110876853233562,0.0,0.0011647888321995464,156.25,17.371782047588177,0.9811320754716981
220857,10.24,IFA_26_26_1026.wav,44100,10-02-20 00:00,mosquito,ma uniformis,Female,f,Single,,HBN,telinga,tascam,Tanzania,Kilombero District,Morogoro,Ifakara,cup,D:\VGU-27\Edge AI Project\data\audio\220857.wav,44100,1,PCM_24,10.24,0.0,dbf2a5ae8029393ff90605fca442fc933e17d1f23829674230bc94f810d52a7c,ad614cb894f127411dda3a7d44c61cbed7c5a776ef2a070bc7884c4d78e8ae55,0.071197509765625,-36.53541418983278,0.0001426983176986106,0.0,0.0011736465419501135,421.875,17.215488553025242,0.987460815047022
220859,7.68,IFA_26_26_1026.wav,44100,10-02-20 00:00,mosquito,ma uniformis,Female,f,Single,,HBN,telinga,tascam,Tanzania,Kilombero District,Morogoro,Ifakara,cup,D:\VGU-27\Edge AI Project\data\audio\220859.wav,44100,1,PCM_24,7.68,0.0,2e60c8e4fc6deac6c7ffda98e45c572b8aefdfd8b0610f9f1cfe22093e1d9793,1d48c428691526430ffd21434072a3964e4ee01005f5ba7bbbc961fbe7fe799c,0.179046630859375,-36.02362556188319,-6.173509408917646e-05,0.0,0.001576672335600907,437.5,17.465762632744795,0.9832635983263598
220868,10.24,IFA_26_27_1027.wav,44100,10-02-20 00:00,mosquito,ma uniformis,Female,f,Single,,HBN,telinga,tascam,Tanzania,Kilombero District,Morogoro,Ifakara,cup,D:\VGU-27\Edge AI Project\data\audio\220868.wav,44100,1,PCM_24,10.23997732426304,-2.2675736961019766e-05,342a579a05e0a74d8e741f1638adb0fef0c444efb99204b1d64c7ab28be6537c,e557e920e75d30f2349c697e376484a8eec093c517db4a7cb31d36812c0e7464,0.176025390625,-34.421526085660325,-0.00014002540676181068,0.0,0.0011891501673003634,156.25,16.986876493518935,0.9717868338557993
220851,2.56,IFA_26_32_1032.wav,44100,10-02-20 00:00,mosquito,an arabiensis,Female,f,Single,,HBN,telinga,tascam,Tanzania,Kilombero District,Morogoro,Ifakara,cup,D:\VGU-27\Edge AI Project\data\audio\220851.wav,44100,1,PCM_24,2.56,0.0,2ec3d3c33ada88635966e4494809f6010b9b6b21dbc7eff08884ea1bae12318b,0c0263535059085aa9f72b7bd70d42e34fc1933c270e1ae615d3098dfcffc540,0.0323486328125,-39.63976709048133,7.432090992830238e-05,0.0,0.001240079365079365,156.25,15.547165229442005,1.0
220850,7.68,IFA_26_32_1032.wav,44100,10-02-20 00:00,mosquito,an arabiensis,Female,f,Single,,HBN,telinga,tascam,Tanzania,Kilombero District,Morogoro,Ifakara,cup,D:\VGU-27\Edge AI Project\data\audio\220850.wav,44100,1,PCM_24,7.68,0.0,e332b5744c5595049784fbb207b31cd8060f5476bed8390a58b26fcaf82b7a64,f2af560573bf0bd466dd6d036cf13e8bdf72ba17fba7946ce45548763312208c,0.072296142578125,-34.426830973167,0.00017817580871120692,0.0,0.0007086167800453515,156.25,15.249203672519485,0.9790794979079498
220849,2.56,IFA_26_32_1032.wav,44100,10-02-20 00:00,mosquito,an arabiensis,Female,f,Single,,HBN,telinga,tascam,Tanzania,Kilombero District,Morogoro,Ifakara,cup,D:\VGU-27\Edge AI Project\data\audio\220849.wav,44100,1,PCM_24,2.56,0.0,c923f98d25e199a8b9c3c48ece919f11dff0ffe2ed9cf162d9cdf4d5cf55e4d5,5f67be75ce7263de56fd0108f895db4985dbf18694736775333ffcff467f441e,0.034393310546875,-39.8265783965134,-0.00038385526393276226,0.0,0.0008680555555555555,500.0,13.734990523398245,0.8481012658227848
220875,7.68,IFA_26_36_1036.wav,44100,10-02-20 00:00,mosquito,ma uniformis,Female,f,Single,,HBN,telinga,tascam,Tanzania,Kilombero District,Morogoro,Ifakara,cup,D:\VGU-27\Edge AI Project\data\audio\220875.wav,44100,1,PCM_24,7.68,0.0,ad06450270849a45ae8a1d3635676350b6d47d53f3c874ffe7ebcbe7ebfda0a1,668763829fa3c25f805ad15579fcf08e7567bc620586f89e837b5e6b56323afc,0.154022216796875,-38.88593072265327,9.326680717554763e-05,0.0,0.0015264786470143613,796.875,25.800984219014026,0.99581589958159
220753,2.56,IFA_27_10_1050.wav,44100,12-02-20 00:00,mosquito,an arabiensis,Female,f,Single,,HBN,telinga,tascam,Tanzania,Kilombero District,Morogoro,Ifakara,cup,D:\VGU-27\Edge AI Project\data\audio\220753.wav,44100,1,PCM_24,2.56,0.0,118bafecbdcdc0689f9721384cc4bfcd366e2eb3c7c70a1a87da32d3aed2e02f,9b902727dabfc7590e7bc234d78f65162e72c6ebf197fc7d02f6ac801d20b6a2,0.122894287109375,-37.0993415920801,0.00012613451129454874,0.0,0.0007971938775510204,406.25,15.681104289630913,0.8860759493670886
220754,30.66,IFA_27_10_1050.wav,44100,12-02-20 00:00,mosquito,an arabiensis,Female,f,Single,,HBN,telinga,tascam,Tanzania,Kilombero District,Morogoro,Ifakara,cup,D:\VGU-27\Edge AI Project\data\audio\220754.wav,44100,1,PCM_24,30.66,0.0,83754159bc9bfadd050769f8c8fd9a209a57482dc51e8bacdf74c4fe193e638d,51a3377a419bfdca8278c50a996ee9595e922c3e8312325a1c2de513fe955631,0.08856201171875,-40.153633164835306,5.176752282931682e-05,0.0,0.0009940049078992327,343.75,18.33072403009963,0.9958202716823407
220776,25.54,IFA_27_11_1051.wav,44100,12-02-20 00:00,mosquito,ma uniformis,Female,f,Single,,HBN,telinga,tascam,Tanzania,Kilombero District,Morogoro,Ifakara,cup,D:\VGU-27\Edge AI Project\data\audio\220776.wav,44100,1,PCM_24,25.54,0.0,2212d37750f297c2529c4ccca7fa40d790716dd6d81ae6293c2f2159f39b9de0,0535e54ff58bb41aca7d10564e05e681f0f57d00fe6b49ae54785bab901bc688,0.104095458984375,-42.10274539099554,0.00010463375565533901,0.0,0.0012270112952515906,515.625,18.555083506777546,0.9912170639899623
220775,2.56,IFA_27_11_1051.wav,44100,12-02-20 00:00,mosquito,ma uniformis,Female,f,Single,,HBN,telinga,tascam,Tanzania,Kilombero District,Morogoro,Ifakara,cup,D:\VGU-27\Edge AI Project\data\audio\220775.wav,44100,1,PCM_24,2.56,0.0,20e13759c7ef4ff6e119d4f7f0f6048fc4f42f277f160bde1659d02509edc4b8,b7f52a8d0bc83494b71520022d16a4c5a832807ba83c6f8dfb5303e197f57aa2,0.151947021484375,-35.43299838373003,-0.0006975632946507461,0.0,0.0010983560090702948,546.875,11.949996198412018,0.7974683544303798
220750,30.66,IFA_27_12_1052.wav,44100,12-02-20 00:00,mosquito,culex pipiens complex,Female,f,Single,,HBN,telinga,tascam,Tanzania,Kilombero District,Morogoro,Ifakara,cup,D:\VGU-27\Edge AI Project\data\audio\220750.wav,44100,1,PCM_24,30.66,0.0,b034a94cc3036c251c4b371a8c8980b20af3c22ff8be108d1d4667ccb2d0f26c,f73bd362e52dcd60eaef159d4a73ec899d23a104b83d76e985831a9c6dccb274,0.040618896484375,-42.90440512098128,4.35378796996246e-05,0.0,0.001292798049857038,515.625,20.107548018713928,0.9989550679205852
220774,2.56,IFA_27_13_1053.wav,44100,12-02-20 00:00,mosquito,culex pipiens complex,Female,f,Single,,HBN,telinga,tascam,Tanzania,Kilombero District,Morogoro,Ifakara,cup,D:\VGU-27\Edge AI Project\data\audio\220774.wav,44100,1,PCM_24,2.56,0.0,4b1475acba5454731f69b85b4a75274057dde3016631a5a5b731525ec29c2114,2a15cc271e035c0142ec159f532344bca3eb0e8641e838d29d4fe64183b6cb16,0.035247802734375,-51.04058074729419,-8.905853003331052e-05,0.0,0.003720238095238095,562.5,20.799910697955994,0.9620253164556962
220771,5.12,IFA_27_13_1053.wav,44100,12-02-20 00:00,mosquito,culex pipiens complex,Female,f,Single,,HBN,telinga,tascam,Tanzania,Kilombero District,Morogoro,Ifakara,cup,D:\VGU-27\Edge AI Project\data\audio\220771.wav,44100,1,PCM_24,5.12,0.0,c724a0f96e33c99281f34f9de4f1e5e2f8b2628f0968d0b78206278dd6045fe6,3e425cabde66c9037f1718ff1179307689e8af4ba08461fe69a5cd4f1c2dce6a,0.501861572265625,-33.640067848540774,-8.579284425765748e-06,0.0,0.002528876133786848,562.5,21.44735336400563,0.9937106918238994
220773,7.68,IFA_27_13_1053.wav,44100,12-02-20 00:00,mosquito,culex pipiens complex,Female,f,Single,,HBN,telinga,tascam,Tanzania,Kilombero District,Morogoro,Ifakara,cup,D:\VGU-27\Edge AI Project\data\audio\220773.wav,44100,1,PCM_24,7.68,0.0,491d32dac9e0ad6916b50661ca2464cc6bbe101337421ee5f8fe378b861420b2,7d4f8b0ca5c2c71f48985ef12bf5841d97215ce26d4c2a151da8587bf1dfc440,0.03009033203125,-48.577243395274365,3.087034030836456e-05,0.0,0.005630550831443689,593.75,19.474326638070675,0.99581589958159
220772,5.12,IFA_27_13_1053.wav,44100,12-02-20 00:00,mosquito,culex pipiens complex,Female,f,Single,,HBN,telinga,tascam,Tanzania,Kilombero District,Morogoro,Ifakara,cup,D:\VGU-27\Edge AI Project\data\audio\220772.wav,44100,1,PCM_24,5.12,0.0,ce42ddfcd55b651afafd4db4cce403ec5195a484ae41542266205b551d9ca84f,9723d08a5fc3df17a13443a7f97ecd004e4972b414753406aa43b845f07b2326,0.031707763671875,-48.4622123548717,4.0895814528000326e-05,0.0,0.00571765164399093,593.75,19.999095727696762,1.0
220752,2.56,IFA_27_14_1054.wav,44100,12-02-20 00:00,mosquito,culex pipiens complex,Female,f,Single,,HBN,telinga,tascam,Tanzania,Kilombero District,Morogoro,Ifakara,cup,D:\VGU-27\Edge AI Project\data\audio\220752.wav,44100,1,PCM_24,2.5599773242630386,-2.2675736961463855e-05,ff85268e8fbf903f61a97e28c2008f124ceb3b11ad68a1f0d7193980bfdfbc97,eef0ad98ec9284580029f4b6c8d8628e1acede7141c4e9d874b4abbfd712b7ca,0.028717041015625,-43.021357221899876,-0.0001932975478112959,0.0,0.002524469639930909,296.875,17.488613724344194,1.0
220751,5.12,IFA_27_14_1054.wav,44100,12-02-20 00:00,mosquito,culex pipiens complex,Female,f,Single,,HBN,telinga,tascam,Tanzania,Kilombero District,Morogoro,Ifakara,cup,D:\VGU-27\Edge AI Project\data\audio\220751.wav,44100,1,PCM_24,5.12,0.0,ee9e6614338c57958a1eae00627ff9dd2cc895207d4a7f31ea28eb267fdb3be7,853717a5eeed6521ea758202ec1baa6d32275b391ca0fc1f8b4d74b2d28963cb,0.0631103515625,-42.7615341671444,0.00016693747232830714,0.0,0.00233843537414966,593.75,16.36930110553884,0.9874213836477987
220759,2.56,IFA_27_15_1055.wav,44100,12-02-20 00:00,mosquito,culex pipiens complex,Female,f,Single,,HBN,telinga,tascam,Tanzania,Kilombero District,Morogoro,Ifakara,cup,D:\VGU-27\Edge AI Project\data\audio\220759.wav,44100,1,PCM_24,2.56,0.0,b90bee0c646616e700ea385c2b8fe795a73206b4c242143404a56f2a8e191ed6,fd6b4269520926905b3b476f80e8833c39c9dd689bac2585a428a8e1f8307bfa,0.012664794921875,-51.19684392767621,-4.8770655850434246e-05,0.0,0.006067531179138322,296.875,21.72125898237461,1.0
220756,7.68,IFA_27_15_1055.wav,44100,12-02-20 00:00,mosquito,culex pipiens complex,Female,f,Single,,HBN,telinga,tascam,Tanzania,Kilombero District,Morogoro,Ifakara,cup,D:\VGU-27\Edge AI Project\data\audio\220756.wav,44100,1,PCM_24,7.68,0.0,bf1e9c4bb02906ae32d0b404ceff40e63b0ecdabc9405adca5ee3e59ca3b3e76,0bd3262883122643ae1089838ecf82de9c0943a15523f2de9e19c9e95af77bfe,0.060394287109375,-43.995497328906936,-2.0967499379037638e-06,0.0,0.003265542328042328,609.375,20.207401100597345,0.99581589958159
220758,7.68,IFA_27_15_1055.wav,44100,12-02-20 00:00,mosquito,culex pipiens complex,Female,f,Single,,HBN,telinga,tascam,Tanzania,Kilombero District,Morogoro,Ifakara,cup,D:\VGU-27\Edge AI Project\data\audio\220758.wav,44100,1,PCM_24,7.68,0.0,e730ed15e8fa7e87b59b236a7e32b3c811502f2ddc10599fe51ab379c7c1d67e,c449257c3faaad513da77f5a45ba29a8658694f0ff97f19f00f2e13628a0af88,0.027740478515625,-46.771222370484665,3.268920555316582e-05,0.0,0.004201506991685563,484.375,21.58356287350617,1.0
220757,10.24,IFA_27_15_1055.wav,44100,12-02-20 00:00,mosquito,culex pipiens complex,Female,f,Single,,HBN,telinga,tascam,Tanzania,Kilombero District,Morogoro,Ifakara,cup,D:\VGU-27\Edge AI Project\data\audio\220757.wav,44100,1,PCM_24,10.24,0.0,7b63fe9a75e19c63c2b939af00328f90a240fde140ab86971cd1e9ac3980db14,343c3c08418d8db9ddcfad17e8a21d8aebab70d956ee2eac4bf0bdb27a9a681e,0.022003173828125,-48.21837560818391,2.6656454112254033e-05,0.0,0.004546219529478458,484.375,23.26117835504473,1.0
220761,7.62,IFA_27_17_1057.wav,44100,12-02-20 00:00,mosquito,culex pipiens complex,Female,f,Single,,HBN,telinga,tascam,Tanzania,Kilombero District,Morogoro,Ifakara,cup,D:\VGU-27\Edge AI Project\data\audio\220761.wav,44100,1,PCM_24,7.619977324263038,-2.2675736961907944e-05,b9630026a3d3d25955c388b30452c4361dde9791b86686ecb0b614f892194072,4a34682492f9b90f0fc4e7c48d6a118b87478628ee92b5e9cf1a13a8962f06e7,0.037200927734375,-46.689508199911714,2.7443852153410967e-05,0.0,0.0034430322490410395,296.875,21.037639790511648,1.0
220767,17.86,IFA_27_18_1058.wav,44100,12-02-20 00:00,mosquito,culex pipiens complex,Female,f,Single,,HBN,telinga,tascam,Tanzania,Kilombero District,Morogoro,Ifakara,cup,D:\VGU-27\Edge AI Project\data\audio\220767.wav,44100,1,PCM_24,17.86,0.0,c6c24f7ed101f06e2d0f76999ac70211702fedd346b2a5215df9804ff2ed9083,185bde79daf649a1d9b627988ffc1e7438d7b72d4a4f646596812f77346048da,0.071258544921875,-45.3454513435316,9.40658956372536e-06,0.0,0.002967144304530323,562.5,20.60973381956049,1.0
220766,2.56,IFA_27_18_1058.wav,44100,12-02-20 00:00,mosquito,culex pipiens complex,Female,f,Single,,HBN,telinga,tascam,Tanzania,Kilombero District,Morogoro,Ifakara,cup,D:\VGU-27\Edge AI Project\data\audio\220766.wav,44100,1,PCM_24,2.5599773242630386,-2.2675736961463855e-05,e7bca3fb5a34b5d5f5db801036ac3c5b2f38ad7b65dee120467781a7a2e7636f,2a73e13f6c8ff4df18cb0e196d5b9af6225124edf5885e5b90a8553d59857b96,0.124481201171875,-41.220815178730405,0.000489054360177045,0.0,0.0024181761814075025,546.875,26.105051215723385,0.9746835443037974
220765,2.56,IFA_27_19_1059.wav,44100,12-02-20 00:00,mosquito,an arabiensis,Female,f,Single,,HBN,telinga,tascam,Tanzania,Kilombero District,Morogoro,Ifakara,cup,D:\VGU-27\Edge AI Project\data\audio\220765.wav,44100,1,PCM_24,2.56,0.0,3b6eaafcf559c8c679c45a338dee2d8ec5a59345f0d53b16d2830fd671aa9c46,54c7a3de397525fdc9db3720cb56ce6250d2418896f75bb751af810f9d4f9512,0.00909423828125,-50.953209290979665,-0.00022714857071165053,0.0,0.0033482142857142855,296.875,19.658485154518626,1.0
220764,2.56,IFA_27_19_1059.wav,44100,12-02-20 00:00,mosquito,an arabiensis,Female,f,Single,,HBN,telinga,tascam,Tanzania,Kilombero District,Morogoro,Ifakara,cup,D:\VGU-27\Edge AI Project\data\audio\220764.wav,44100,1,PCM_24,2.56,0.0,45cc5887178b6cd2ff4b7458a1004dd650071db6dae7f30c1a13e6d33647d87f,116065124204131c0d7600bc3e28bdf2f63385e3257383ae5406a43835919e0a,0.020904541015625,-46.13606001785091,6.728566963386103e-05,0.0,0.0039771116780045355,156.25,17.085386768317882,1.0
220763,2.56,IFA_27_19_1059.wav,44100,12-02-20 00:00,mosquito,an arabiensis,Female,f,Single,,HBN,telinga,tascam,Tanzania,Kilombero District,Morogoro,Ifakara,cup,D:\VGU-27\Edge AI Project\data\audio\220763.wav,44100,1,PCM_24,2.5599773242630386,-2.2675736961463855e-05,7599bb7ced239264151203701b0a53f6bfc4a48e90bb3e17f05bf9ee4f08d93e,76eee30dbfd7da36caaae464e57ae156eb38bcd82335b141e6454e3e27212a92,0.0150146484375,-49.37903533110577,-7.548474764991806e-05,0.0,0.004172018247043713,296.875,20.846170543398394,1.0
220755,5.12,IFA_27_20_1060.wav,44100,12-02-20 00:00,mosquito,culex pipiens complex,Female,f,Single,,HBN,telinga,tascam,Tanzania,Kilombero District,Morogoro,Ifakara,cup,D:\VGU-27\Edge AI Project\data\audio\220755.wav,44100,1,PCM_24,5.119977324263038,-2.2675736961907944e-05,1f989279e5c636a850c88ef327411e19a80782534b63cf957a2e5560d86cf280,27548414bb5f3b193e560cf749c6d18bafb2f54f5c9b032361bfc25f808a8443,0.058441162109375,-38.7474896179996,0.00020294687512283207,0.0,0.002546602831822349,156.25,17.88383787674112,1.0
220770,7.62,IFA_27_24_1064.wav,44100,12-02-20 00:00,mosquito,culex pipiens complex,Female,f,Single,,HBN,telinga,tascam,Tanzania,Kilombero District,Morogoro,Ifakara,cup,D:\VGU-27\Edge AI Project\data\audio\220770.wav,44100,1,PCM_24,7.619977324263038,-2.2675736961907944e-05,17f9bd011c8d6b6c8cf269170a32ededd3bdd5cc1e575b4c5baa2fd3dabcebf8,aab607e1b148b6bb099ab0201da2766dae40c2cc93ed81ff96d35a082de3497b,0.067138671875,-41.339163936728056,-1.7976020579752544e-05,0.0,0.002356855264684964,484.375,23.653722094077324,0.9957805907172996
220769,2.56,IFA_27_24_1064.wav,44100,12-02-20 00:00,mosquito,culex pipiens complex,Female,f,Single,,HBN,telinga,tascam,Tanzania,Kilombero District,Morogoro,Ifakara,cup,D:\VGU-27\Edge AI Project\data\audio\220769.wav,44100,1,PCM_24,2.5599773242630386,-2.2675736961463855e-05,0e7943c4ac024c4cc2ce84e3eb3f9dfca368eed079ea019e78f00875a2de6d51,f3afafef5820f07f439ba4895eb4739c3c3267bee34a9ef93d9f4f7e76ea6049,0.105316162109375,-40.02021344035012,-5.0718460478348246e-05,0.0,0.00211701138225785,500.0,20.592876032152283,1.0
220768,15.36,IFA_27_25_1065.wav,44100,12-02-20 00:00,mosquito,culex pipiens complex,Female,f,Single,,HBN,telinga,tascam,Tanzania,Kilombero District,Morogoro,Ifakara,cup,D:\VGU-27\Edge AI Project\data\audio\220768.wav,44100,1,PCM_24,15.36,0.0,4d8f270da0bc77c64c1227c94a7caa5478faa8fc41a5735ce02656ca028a374f,20e4cf88c7bf00c5c57195d673097490cba37ffe0cee8053d81659f9dad6bc3e,0.0267333984375,-48.11720868158468,2.631362603635204e-05,0.0,0.0045602442365835225,515.625,22.95668117526683,1.0
220777,25.6,IFA_27_28_1068.wav,44100,12-02-20 00:00,mosquito,culex pipiens complex,Female,f,Single,,HBN,telinga,tascam,Tanzania,Kilombero District,Morogoro,Ifakara,cup,D:\VGU-27\Edge AI Project\data\audio\220777.wav,44100,1,PCM_24,25.6,0.0,e365aca30ccc9e7f104b9424c1e82a8ccd33b058e5c01c386222b075e64ebd81,a2c3cabc90905d2399329250a3b33cc1ac57776275abd0cf9c2d28a401f54a6d,0.148406982421875,-38.06553151394462,3.3481294065375986e-05,0.0,0.0013986323696145125,515.625,17.344036650740428,0.9824780976220275
220778,7.62,IFA_27_28_1068.wav,44100,12-02-20 00:00,mosquito,culex pipiens complex,Female,f,Single,,HBN,telinga,tascam,Tanzania,Kilombero District,Morogoro,Ifakara,cup,D:\VGU-27\Edge AI Project\data\audio\220778.wav,44100,1,PCM_24,7.619977324263038,-2.2675736961907944e-05,002ec92bb9e2e0105a5563f46f44c7090380674a777055a7699479e49ad90475,6f35e42eb27d785da1ebbbeb1f7b9d1eed972505b6deeafacab6e51771957471,0.036956787109375,-43.470465469381885,8.39973768081871e-05,0.0,0.0017765689305769237,296.875,19.81186741992297,0.9831223628691983
220762,40.9,IFA_27_30_1070.wav,44100,12-02-20 00:00,mosquito,culex pipiens complex,Female,f,Single,,HBN,telinga,tascam,Tanzania,Kilombero District,Morogoro,Ifakara,cup,D:\VGU-27\Edge AI Project\data\audio\220762.wav,44100,1,PCM_24,40.9,0.0,17f0a210a0f38eee062104c7bb9c429b2234c5ae845eeae7838ee926287452e0,ef46ae281f865714f4347d9e2132f123499353a3a89ad0cd7877cc8298a3dd7f,0.0303955078125,-44.22233430266481,6.624856950153227e-05,0.0,0.0017591714762514622,546.875,18.822175262336117,0.9874706342991386
220803,33.22,IFA_27_31_1071.wav,44100,12-02-20 00:00,mosquito,ma uniformis,Female,f,Single,,HBN,telinga,tascam,Tanzania,Kilombero District,Morogoro,Ifakara,cup,D:\VGU-27\Edge AI Project\data\audio\220803.wav,44100,1,PCM_24,33.22,0.0,699f5be2ddc1530f48376b61fa46d0b022c28bd18ab75e996332ad0dda64ca22,f5d646d70ef62334e43c1425b29d06898ef93f5d5f2eb527547c737db660456e,0.057098388671875,-42.56786369878134,2.2201372374672953e-05,0.0,0.001539929638321313,156.25,19.37789812199511,0.9922854387656702
220783,20.48,IFA_27_32_1072.wav,44100,12-02-20 00:00,mosquito,culex pipiens complex,Female,f,Single,,HBN,telinga,tascam,Tanzania,Kilombero District,Morogoro,Ifakara,cup,D:\VGU-27\Edge AI Project\data\audio\220783.wav,44100,1,PCM_24,20.48,0.0,8c28bbac88a47eb0d34ef87b577e6021e05846cca4674c4eaa696a0e419db330,ebea8db3e135d7587375268c3ae08f6b3304729cfc91c64c6cad43cd9fedfc45,0.054595947265625,-41.24259681849128,-4.852247211127595e-05,0.0,0.001601031037414966,156.25,18.09123009085245,0.9859154929577465
220782,17.92,IFA_27_33_1073.wav,44100,12-02-20 00:00,mosquito,culex pipiens complex,Female,f,Single,,HBN,telinga,tascam,Tanzania,Kilombero District,Morogoro,Ifakara,cup,D:\VGU-27\Edge AI Project\data\audio\220782.wav,44100,1,PCM_24,17.92,0.0,527131130e7787ea986e7ba1560af84419ef3f0c9eabc51b2857bf731130dd82,59d40efb61ccf247642db41e37c85df5ea48635833c9db36613986c66d177645,0.06390380859375,-42.029260297392604,3.939115927757706e-05,0.0,0.0023485584710074506,828.125,19.744481825459932,0.998211091234347
220789,2.5,IFA_27_35_1075.wav,44100,12-02-20 00:00,mosquito,culex pipiens complex,Female,f,Single,,HBN,telinga,tascam,Tanzania,Kilombero District,Morogoro,Ifakara,cup,D:\VGU-27\Edge AI Project\data\audio\220789.wav,44100,1,PCM_24,2.5,0.0,878e27456ae9299940856c2b0693408b7d8518fa19341ca67925f726770ac24f,838f28e183c1e5d28344108fadfcd181e792de968e11dc69228af432b9563ac6,0.03070068359375,-43.98544500202044,4.425865398242631e-05,0.0,0.0025941043083900226,484.375,22.544221440601948,1.0
220788,12.8,IFA_27_35_1075.wav,44100,12-02-20 00:00,mosquito,culex pipiens complex,Female,f,Single,,HBN,telinga,tascam,Tanzania,Kilombero District,Morogoro,Ifakara,cup,D:\VGU-27\Edge AI Project\data\audio\220788.wav,44100,1,PCM_24,12.8,0.0,6e23194258f2243fbb75835a4b0143a3c0ee585e6094ff991b3f6cb454b73293,523e91a81b06262360ea730d5295ce6f9e8214cb6a79a8c79d8d9a2ab30fb103,0.053741455078125,-44.201835039060484,-5.9612159556001764e-05,0.0,0.0027441184807256236,484.375,19.193921309245273,0.9974937343358395
220819,25.54,IFA_27_36_1076.wav,44100,12-02-20 00:00,mosquito,ma uniformis,Female,f,Single,,HBN,telinga,tascam,Tanzania,Kilombero District,Morogoro,Ifakara,cup,D:\VGU-27\Edge AI Project\data\audio\220819.wav,44100,1,PCM_24,25.54,0.0,f50e83d965489715ed30f6463c4585f1508c49edbada1edb4b8137d22355f5fa,ff537682c79ad1994abc24ad15d47ece485bca9e85654bbfa33e883d6116fcb2,0.04107666015625,-47.5917307309284,4.933422333027524e-05,0.0,0.004551128726092368,437.5,22.49900730950431,0.998745294855709
220785,2.56,IFA_28_14_1094.wav,44100,12-02-20 00:00,mosquito,an arabiensis,Female,f,Single,,HBN,telinga,tascam,Tanzania,Kilombero District,Morogoro,Ifakara,cup,D:\VGU-27\Edge AI Project\data\audio\220785.wav,44100,1,PCM_24,2.5599773242630386,-2.2675736961463855e-05,52e701401fda968b6b77f3ecb62baf5d25ec7e36f97aaad976df7727ac62c91a,426f4ab22fd9181e2d39552a741f5d5a5ddc74af7975cbcced044352a2250ff2,0.024749755859375,-49.01560563599663,-0.000147410214984748,0.0,0.005854998006997653,578.125,15.362638139688178,1.0
220786,5.12,IFA_28_14_1094.wav,44100,12-02-20 00:00,mosquito,an arabiensis,Female,f,Single,,HBN,telinga,tascam,Tanzania,Kilombero District,Morogoro,Ifakara,cup,D:\VGU-27\Edge AI Project\data\audio\220786.wav,44100,1,PCM_24,5.12,0.0,4f750d54cd42a9a8f0b6f66771f6cfaa5fb0130eb9cf3e40e8e76cb16ce98f98,647714466b9fe43058d7ad94a682b6376863db5b8e12bd784e5032daae50e490,0.0186767578125,-49.75992318946986,7.94492070637052e-05,0.0,0.005226048752834467,437.5,15.324799215925456,0.9748427672955975
220822,2.5,IFA_28_15_1095.wav,44100,12-02-20 00:00,mosquito,an arabiensis,Female,f,Single,,HBN,telinga,tascam,Tanzania,Kilombero District,Morogoro,Ifakara,cup,D:\VGU-27\Edge AI Project\data\audio\220822.wav,44100,1,PCM_24,2.5,0.0,3381908a15755b6a7eb2edf7a207d71bc46f1497618ee0d812f703a1083b7593,770f83330cdbd9ae8a9e7af4f5d159453edee3f7bd29f064636a0331f5ea5f42,0.008636474609375,-51.23663415143235,0.0002001313709077381,0.0,0.004172335600907029,500.0,16.259721268466162,1.0
220821,2.56,IFA_28_15_1095.wav,44100,12-02-20 00:00,mosquito,an arabiensis,Female,f,Single,,HBN,telinga,tascam,Tanzania,Kilombero District,Morogoro,Ifakara,cup,D:\VGU-27\Edge AI Project\data\audio\220821.wav,44100,1,PCM_24,2.56,0.0,e2c5d001392310b60f4fd0fd0c17572a00866fe793f3579bfafeeee72434c842,20c5a8818e50871b4359bb07752e3edbef83c5d44fb4a7b8b487ef10dcc4e315,0.014373779296875,-49.356868006464225,0.00011838158242015882,0.0,0.003835388321995465,484.375,16.745509391291694,1.0
220820,38.4,IFA_28_15_1095.wav,44100,12-02-20 00:00,mosquito,an arabiensis,Female,f,Single,,HBN,telinga,tascam,Tanzania,Kilombero District,Morogoro,Ifakara,cup,D:\VGU-27\Edge AI Project\data\audio\220820.wav,44100,1,PCM_24,38.4,0.0,f61ce8018ff74b4413c8adcd67cc8708a43ec4c8f3ac953d00f4941674e29555,4992d673c79323084ff8f4ba5fc70f328c0b89b38d855f44a272dbc5a55bc2f5,0.03955078125,-46.020571069968376,2.355692698391477e-05,0.0,0.003511786659108088,484.375,19.735195372348556,0.9949958298582152
220780,5.12,IFA_28_16_1096.wav,44100,12-02-20 00:00,mosquito,culex pipiens complex,Female,f,Single,,HBN,telinga,tascam,Tanzania,Kilombero District,Morogoro,Ifakara,cup,D:\VGU-27\Edge AI Project\data\audio\220780.wav,44100,1,PCM_24,5.12,0.0,3eb33d48941e8cd1a05975661b0877237c03559df8397d0bc8097b91da06f540,cc5bc906e54b93a19ef7fbef7c1720b67f5abafa73b4e545ec1e41e6221ca334,0.053497314453125,-43.46558783013964,6.527357360943645e-05,0.0,0.0027104591836734694,156.25,14.551628758384329,0.9874213836477987
220779,10.24,IFA_28_16_1096.wav,44100,12-02-20 00:00,mosquito,culex pipiens complex,Female,f,Single,,HBN,telinga,tascam,Tanzania,Kilombero District,Morogoro,Ifakara,cup,D:\VGU-27\Edge AI Project\data\audio\220779.wav,44100,1,PCM_24,10.24,0.0,989a0f4eda7bfa5a13311b95dd63ae34beee78be25af85db0230c1723b5bf58f,2c4e3d101a3b245fd5231cb1d321ca1c1869311f9eaa0dfe0915c094690f1c45,0.03375244140625,-45.46572117148649,6.510807273068936e-05,0.0,0.0034832943594104307,515.625,15.352015922756063,0.9655172413793104
220795,5.12,IFA_28_17_1097.wav,44100,12-02-20 00:00,mosquito,an arabiensis,Female,f,Single,,HBN,telinga,tascam,Tanzania,Kilombero District,Morogoro,Ifakara,cup,D:\VGU-27\Edge AI Project\data\audio\220795.wav,44100,1,PCM_24,5.119977324263038,-2.2675736961907944e-05,8ecc8d5e8bc919df2731db977ae6ce0cf3142d083460e8265027727adcf3433d,0fda753dd653bd9ac0d84bd97b4914c2a94a846a4070a2ce96367421a6322961,0.0137939453125,-54.6759211541537,-2.051706383059998e-06,0.0,0.006700887103560372,484.375,14.624609226148962,0.9811320754716981
220823,5.12,IFA_28_19_1099.wav,44100,12-02-20 00:00,mosquito,ma uniformis,Female,f,Single,,HBN,telinga,tascam,Tanzania,Kilombero District,Morogoro,Ifakara,cup,D:\VGU-27\Edge AI Project\data\audio\220823.wav,44100,1,PCM_24,5.12,0.0,810aa1982c02f2c2f730e9308455d2a6f8cd8d9c85180cfe4985fa7cb032c637,31381c1b768fbdeae62a46146f3f9247d8b3eabd91aa0727f43c5f79d5def778,0.051727294921875,-40.63394689598566,0.00015930780748120782,0.0,0.0031001984126984125,796.875,15.83081478416248,0.9685534591194969
220824,2.56,IFA_28_19_1099.wav,44100,12-02-20 00:00,mosquito,ma uniformis,Female,f,Single,,HBN,telinga,tascam,Tanzania,Kilombero District,Morogoro,Ifakara,cup,D:\VGU-27\Edge AI Project\data\audio\220824.wav,44100,1,PCM_24,2.5599773242630386,-2.2675736961463855e-05,dda18dc92653b232474b40cb78408ffbf15422ee88f969dd8fe648fd5c5db539,06928f7ec174f4e312a788eeaffe9edae79f028d407d61ef30ca61a3ea3f6cf3,0.033935546875,-43.19858203515903,-2.227422328269631e-06,0.0,0.0032508082731741886,156.25,14.360233494584588,0.9746835443037974
220816,28.1,IFA_28_20_1100.wav,44100,12-02-20 00:00,mosquito,ma uniformis,Female,f,Single,,HBN,telinga,tascam,Tanzania,Kilombero District,Morogoro,Ifakara,cup,D:\VGU-27\Edge AI Project\data\audio\220816.wav,44100,1,PCM_24,28.1,0.0,8d44651c11c3c7953724280fd2955e99563d50666e204f678b7fc3428ebce539,8e3e20657875ed70302d0a9c5be5c661a03abecd85edd7d99d732deeddd0fa4b,0.043212890625,-47.55991539660237,5.3150149512466614e-05,0.0,0.004650543491417919,843.75,20.912838703081647,0.9726339794754846
220794,7.68,IFA_28_22_1102.wav,44100,12-02-20 00:00,mosquito,an arabiensis,Female,f,Single,,HBN,telinga,tascam,Tanzania,Kilombero District,Morogoro,Ifakara,cup,D:\VGU-27\Edge AI Project\data\audio\220794.wav,44100,1,PCM_24,7.68,0.0,ddf332b09ac20d26a4660fd22b541f80d39d70e1d68499be2e5cfee5823e60d3,c9f5ebcd277d18dc73c5652f073612383802bc726961a2a6847a9bfab64c19c8,0.020965576171875,-46.72265071423232,0.00010506357105050408,0.0,0.003209443499622071,468.75,18.398498544549373,0.9790794979079498
220814,2.56,IFA_28_23_1103.wav,44100,12-02-20 00:00,mosquito,ma uniformis,Female,f,Single,,HBN,telinga,tascam,Tanzania,Kilombero District,Morogoro,Ifakara,cup,D:\VGU-27\Edge AI Project\data\audio\220814.wav,44100,1,PCM_24,2.56,0.0,9fe526a6edbe676dc564d7347f8689a5115713e316dd6b4c9cb0f62605ab269c,a0f1e9045f19a97aee951533168b84c1f7086bdc9c6cce6963a8d4003c97d3fc,0.013336181640625,-50.82243109300444,-5.127621345779522e-06,0.0,0.004792020975056689,796.875,25.484223298293305,1.0
220815,2.56,IFA_28_23_1103.wav,44100,12-02-20 00:00,mosquito,ma uniformis,Female,f,Single,,HBN,telinga,tascam,Tanzania,Kilombero District,Morogoro,Ifakara,cup,D:\VGU-27\Edge AI Project\data\audio\220815.wav,44100,1,PCM_24,2.5599773242630386,-2.2675736961463855e-05,7f197c6d8f22ada5441545e6d93c7f2e498cd5864bda920874d9da5fa3c1f553,734041cb990be66444259e0ba4ed4829a7050bb445601f54e771558ba85b73b0,0.021209716796875,-46.998870699130315,-0.0001563993778614808,0.0,0.002816776650870278,812.5,26.80535437755868,1.0
220817,20.48,IFA_28_24_1104.wav,44100,12-02-20 00:00,mosquito,an arabiensis,Female,f,Single,,HBN,telinga,tascam,Tanzania,Kilombero District,Morogoro,Ifakara,cup,D:\VGU-27\Edge AI Project\data\audio\220817.wav,44100,1,PCM_24,20.47997732426304,-2.2675736961019766e-05,8c35894746429216a15878d1a8da8e3959ea1c272c45e969c832c359b1331208,d165732101e6ba96f643505a8288e10174bfa3cf96f285bb70b540341a61d3ad,0.01788330078125,-51.68054451185902,1.870057253003528e-05,0.0,0.004836314878643706,515.625,21.88302510580705,0.9984350547730829
220793,5.06,IFA_28_27_1107.wav,44100,12-02-20 00:00,mosquito,an arabiensis,Female,f,Single,,HBN,telinga,tascam,Tanzania,Kilombero District,Morogoro,Ifakara,cup,D:\VGU-27\Edge AI Project\data\audio\220793.wav,44100,1,PCM_24,5.059977324263039,-2.2675736961019766e-05,a910f75aac5ec1959b81d477d322ae41ece3034a7d29643efbe9071ab2f5cc91,bd622844ba7ff51ef1c8f4781bbcd9ef264ee58a9c7b51c8315465b42be5c473,0.01800537109375,-48.718305145917356,-0.00015231300061163987,0.0,0.0039167357547782835,156.25,14.823066442209754,0.9872611464968153
220792,5.12,IFA_28_27_1107.wav,44100,12-02-20 00:00,mosquito,an arabiensis,Female,f,Single,,HBN,telinga,tascam,Tanzania,Kilombero District,Morogoro,Ifakara,cup,D:\VGU-27\Edge AI Project\data\audio\220792.wav,44100,1,PCM_24,5.12,0.0,38f15eb3e18f7c4fdcb362f51324a828ceb2880f8658d1d49edc6392ff1d7fa4,a4e3bd4fa1afbc3b00803a3ba075b48e70ec2dc477a0d8550ed8a6a94b09051b,0.02545166015625,-48.80792996567142,-3.371379272737741e-06,0.0,0.005389916383219955,500.0,20.87396500436845,1.0
220790,5.12,IFA_28_27_1107.wav,44100,12-02-20 00:00,mosquito,an arabiensis,Female,f,Single,,HBN,telinga,tascam,Tanzania,Kilombero District,Morogoro,Ifakara,cup,D:\VGU-27\Edge AI Project\data\audio\220790.wav,44100,1,PCM_24,5.12,0.0,7f3a22a83272cf5ba851d908c604485a9c53a4d469c62174cb3468f1868ce7ad,bec24bddbf7cc7b69431147050953dce7f7812d03468f92dfd1f5de13d0f10cb,0.012542724609375,-52.818822966049126,0.00016154142734415138,0.0,0.0060232426303854876,500.0,18.10094249644361,1.0
220791,2.56,IFA_28_27_1107.wav,44100,12-02-20 00:00,mosquito,an arabiensis,Female,f,Single,,HBN,telinga,tascam,Tanzania,Kilombero District,Morogoro,Ifakara,cup,D:\VGU-27\Edge AI Project\data\audio\220791.wav,44100,1,PCM_24,2.56,0.0,3e273c4f608adbbdd600f7c04bd1fa28f4934c6c3ac29bb4e7dee44d8b0c7341,7a8f9cd819804c56d8a7ebaa9d49f0b1ed0fcdf445e3299a6a35ab50ab30a730,0.007537841796875,-53.51826004036063,-5.385881108221283e-05,0.0,0.005296910430839003,156.25,17.352372517400628,1.0
220781,12.74,IFA_28_29_1109.wav,44100,12-02-20 00:00,mosquito,ma uniformis,Female,f,Single,,HBN,telinga,tascam,Tanzania,Kilombero District,Morogoro,Ifakara,cup,D:\VGU-27\Edge AI Project\data\audio\220781.wav,44100,1,PCM_24,12.74,0.0,dfd91ec566ecbeae48b7b10b10396d07ce3ae3f1b5779e87ae91e8032d9296e1,53145d1846fa650fc3907d84d93105a451483ad328386faa93d171b7060124cc,0.053436279296875,-43.751423275838455,2.2754697638392746e-05,0.0,0.003317705941612647,156.25,14.975590020106145,0.9697732997481109
220796,2.5,IFA_28_32_1112.wav,44100,12-02-20 00:00,mosquito,ma uniformis,Female,f,Single,,HBN,telinga,tascam,Tanzania,Kilombero District,Morogoro,Ifakara,cup,D:\VGU-27\Edge AI Project\data\audio\220796.wav,44100,1,PCM_24,2.5,0.0,221f7ec81a60ae2fda5eb19500f49b1a80a3e81d9f14ac0238a511e08ff6a1f2,1b08899346f70b91a86f3713901f3cfcaca26b06818ca818278968cbf6a141bf,0.0384521484375,-46.01486283694336,-8.187291843820862e-06,0.0,0.0023854875283446713,734.375,19.949996716634804,0.974025974025974
220804,2.56,IFA_28_34_1114.wav,44100,12-02-20 00:00,mosquito,ma uniformis,Female,f,Single,,HBN,telinga,tascam,Tanzania,Kilombero District,Morogoro,Ifakara,cup,D:\VGU-27\Edge AI Project\data\audio\220804.wav,44100,1,PCM_24,2.56,0.0,43bfdfc699e5c1480c527257eccf0be8d05fd220d839c5d67bdf5eae39e82472,f51f1249ddab9da9f4dfb39c22b0a427b2d8cb9147f569def9d0ca7cd8e56067,0.127716064453125,-33.91801088742405,0.0002958725909797513,0.0,0.0023561507936507935,796.875,19.319292668966643,0.9746835443037974
220825,7.62,IFA_28_35_1115.wav,44100,12-02-20 00:00,mosquito,ma uniformis,Female,f,Single,,HBN,telinga,tascam,Tanzania,Kilombero District,Morogoro,Ifakara,cup,D:\VGU-27\Edge AI Project\data\audio\220825.wav,44100,1,PCM_24,7.62,0.0,a92c2817b7ec3bb493f40d9949fb7324b1762c7c4051208c266e069785e9e875,4c661e80dc60883240d76e9cc8408c0446001bd5cc71dd55b625ed815522e589,0.05242919921875,-41.08590573615422,-1.2622072927965477e-05,0.0,0.003044262324352313,781.25,22.987974728835532,1.0
220784,15.36,IFA_28_39_1119.wav,44100,12-02-20 00:00,mosquito,culex pipiens complex,Female,f,Single,,HBN,telinga,tascam,Tanzania,Kilombero District,Morogoro,Ifakara,cup,D:\VGU-27\Edge AI Project\data\audio\220784.wav,44100,1,PCM_24,15.36,0.0,a13e9bba37b1b877db9e3e72d13974e6833a86bfb679e0f08f61004ed0df7cd5,edca4877dcad52e8a6ed8b2e31be93c20f29f3572ed0c4fb44e19f6f5a3a3e2b,0.034149169921875,-46.88813495743453,4.0299092290623116e-05,0.0,0.004958841175359032,531.25,22.68851663812249,0.9958246346555324
220716,2.56,IFA_29_11_1131.wav,44100,14-02-20 00:00,mosquito,culex pipiens complex,Female,f,Single,,HBN,telinga,tascam,Tanzania,Kilombero District,Morogoro,Ifakara,cup,D:\VGU-27\Edge AI Project\data\audio\220716.wav,44100,1,PCM_24,2.56,0.0,4f45511d53d1f7e57010273eeac59b973359ddbb407330c30c960a670d1e72f1,6fe818fc85fe4464c0845c3b3ac4a76c6e47fde3db3393e9b9cb631f8791412a,0.093780517578125,-37.19451756875849,0.000300872623244651,0.0,0.0037910997732426305,578.125,18.550081454526058,1.0
220717,5.12,IFA_29_11_1131.wav,44100,14-02-20 00:00,mosquito,culex pipiens complex,Female,f,Single,,HBN,telinga,tascam,Tanzania,Kilombero District,Morogoro,Ifakara,cup,D:\VGU-27\Edge AI Project\data\audio\220717.wav,44100,1,PCM_24,5.119977324263038,-2.2675736961907944e-05,201e51ef40f5cac5fe1cc14e3ab21ac3a06a2bff1fa170ad5324647081a78ed3,bf9c210c01ff4a93bbb8d73a4c88a2bce6d1ac3877277b24faf840318be83351,0.091522216796875,-34.42139923554229,-0.00021828250180580438,0.0,0.0013065179745871181,156.25,19.372490035950875,1.0
220738,2.5,IFA_29_13_1133.wav,44100,14-02-20 00:00,mosquito,culex pipiens complex,Female,f,Single,,HBN,telinga,tascam,Tanzania,Kilombero District,Morogoro,Ifakara,cup,D:\VGU-27\Edge AI Project\data\audio\220738.wav,44100,1,PCM_24,2.5,0.0,19f2e62701cc98ef49f02830f8ea95103b87b5bce112e989a95e2fdb47809209,9b5bf9d0a1b3546bf9cb7d448257baa6e0627ccb8397833b52f61c3d27d92e5f,0.0147705078125,-44.22415875820122,8.321264703798186e-05,0.0,0.001215419501133787,156.25,17.800603436165062,1.0
220737,20.48,IFA_29_13_1133.wav,44100,14-02-20 00:00,mosquito,culex pipiens complex,Female,f,Single,,HBN,telinga,tascam,Tanzania,Kilombero District,Morogoro,Ifakara,cup,D:\VGU-27\Edge AI Project\data\audio\220737.wav,44100,1,PCM_24,20.48,0.0,3099610ec32adb2bbcf1b75fbcaf2964ef0df37b05461d0b7f9e8629d6373be8,641ffb985b93d21eacb8044f3b5647d0e383cd291c0a638a02bd90bf728ca219,0.075653076171875,-39.297383246240365,1.0863115457720767e-05,0.0,0.001457093253968254,218.75,21.569264293221572,0.9984350547730829
220732,22.98,IFA_29_14_1134.wav,44100,14-02-20 00:00,mosquito,culex pipiens complex,Female,f,Single,,HBN,telinga,tascam,Tanzania,Kilombero District,Morogoro,Ifakara,cup,D:\VGU-27\Edge AI Project\data\audio\220732.wav,44100,1,PCM_24,22.98,0.0,e1e81a00029fb5802e5f495b69546d520604058dc95915e639e7f1136f7b52af,0e0416f503f311a3d9a598597c1dcb67ef8c4f99489bd3f236546585029f218f,0.084869384765625,-38.97770390839923,1.8765056179311004e-05,0.0,0.00116338963783947,546.875,18.400433984264865,0.9944211994421199
220745,43.46,IFA_29_15_1135.wav,44100,14-02-20 00:00,mosquito,culex pipiens complex,Female,f,Single,,HBN,telinga,tascam,Tanzania,Kilombero District,Morogoro,Ifakara,cup,D:\VGU-27\Edge AI Project\data\audio\220745.wav,44100,1,PCM_24,43.46,0.0,2bc8e8649bba9c6b6db18771d6d720daf03be7e4b9636d0a8cc851a672373f93,8cea3284090cb1b25b1c91eb211880c9b296fe3fbc68eafe764adc4eed1d1e3d,0.502197265625,-39.72392905654956,3.8400568481330544e-05,0.0,0.00154232578136332,546.875,16.418813683861927,0.9874723655121592
220720,20.42,IFA_29_16_1136.wav,44100,14-02-20 00:00,mosquito,ma uniformis,Female,f,Single,,HBN,telinga,tascam,Tanzania,Kilombero District,Morogoro,Ifakara,cup,D:\VGU-27\Edge AI Project\data\audio\220720.wav,44100,1,PCM_24,20.419977324263037,-2.267573696457248e-05,b464492d605fe0cb2861ea1d4c91716166ee078c8cefd4d27edf84d50105a62c,8c70d956626e2a417a24b7b0172ca8133538407798fdaff0ec59dc5ce6f6a503,0.056060791015625,-40.91828143458284,3.0511071474960746e-05,0.0,0.0015801963530000967,765.625,18.70701732062152,0.9952904238618524
220730,2.56,IFA_29_17_1137.wav,44100,14-02-20 00:00,mosquito,an arabiensis,Female,f,Single,,HBN,telinga,tascam,Tanzania,Kilombero District,Morogoro,Ifakara,cup,D:\VGU-27\Edge AI Project\data\audio\220730.wav,44100,1,PCM_24,2.5599773242630386,-2.2675736961463855e-05,437e450ad14b0b614680b5c552d6fe8c896fa879c4377270b5bbf28e0e5c8316,c660b5d09c0f75c802545f1a6deaf791b1fb106c134e6ef054ac28a02ad4bc59,0.067657470703125,-39.73122811362003,0.0001931491430954925,0.0,0.003986004694627752,156.25,14.974960457920465,0.9873417721518988
220729,2.56,IFA_29_17_1137.wav,44100,14-02-20 00:00,mosquito,an arabiensis,Female,f,Single,,HBN,telinga,tascam,Tanzania,Kilombero District,Morogoro,Ifakara,cup,D:\VGU-27\Edge AI Project\data\audio\220729.wav,44100,1,PCM_24,2.56,0.0,3b0cba745fb1be9a55e5e9bcdb001e6e7456de20ad8348b2b483c1dab99ce7d2,7fd0ab772b49a66053c8caed8a975c84b77b5c26b1a924928d7a26de8c94d983,0.010833740234375,-51.02343490606562,-0.0002006924882227061,0.0,0.004916028911564626,453.125,22.224358536215103,1.0
220728,5.12,IFA_29_17_1137.wav,44100,14-02-20 00:00,mosquito,an arabiensis,Female,f,Single,,HBN,telinga,tascam,Tanzania,Kilombero District,Morogoro,Ifakara,cup,D:\VGU-27\Edge AI Project\data\audio\220728.wav,44100,1,PCM_24,5.12,0.0,ee4ef09848db008150fcbc1b66bf6e199766e7e277c7688dfa19878ae3729890,6cd684bbb4516557e070286adfa7d9965ba0dc367eee573ff98df79fce083c77,0.057373046875,-40.500402578616374,0.00016964130661114543,0.0,0.0028876133786848073,468.75,17.098908926547566,1.0
220747,5.12,IFA_29_19_1139.wav,44100,14-02-20 00:00,mosquito,culex pipiens complex,Female,f,Single,,HBN,telinga,tascam,Tanzania,Kilombero District,Morogoro,Ifakara,cup,D:\VGU-27\Edge AI Project\data\audio\220747.wav,44100,1,PCM_24,5.119977324263038,-2.2675736961907944e-05,badd29322e3cdc34eef582677448e4b34939573c8b334f5aba89e26f6bb98ea7,397ed65ebabfebd620ac030f6b94915a0cf364ffa511d92cf378bc4e84fd8719,0.077392578125,-38.05188944763852,8.635210471706965e-05,0.0,0.0026351803216248656,531.25,20.79086033207136,1.0
220748,7.62,IFA_29_19_1139.wav,44100,14-02-20 00:00,mosquito,culex pipiens complex,Female,f,Single,,HBN,telinga,tascam,Tanzania,Kilombero District,Morogoro,Ifakara,cup,D:\VGU-27\Edge AI Project\data\audio\220748.wav,44100,1,PCM_24,7.619977324263038,-2.2675736961907944e-05,19a9525a30bd6dbe9df29f28cd8e907ca0a8fe29c546d4f5aae1332b2a6bd037,0e9a3eceb713c39bf5512415d91ce5e7ef71a6239d81cfd4db47440358ce04df,0.07745361328125,-38.80374394866202,6.882545233505733e-05,0.0,0.0028627459149329995,515.625,20.556812916732735,0.9957805907172996
220746,7.68,IFA_29_19_1139.wav,44100,14-02-20 00:00,mosquito,culex pipiens complex,Female,f,Single,,HBN,telinga,tascam,Tanzania,Kilombero District,Morogoro,Ifakara,cup,D:\VGU-27\Edge AI Project\data\audio\220746.wav,44100,1,PCM_24,7.68,0.0,32d8d8d2b0ed96399df15e89fd30858c1427d6b9d764cf040c437efa31b54a87,b831d35b31a2e4057a303e1639dcb45de842c9d5678ac9ed00aa20b2f4e1eadf,0.05609130859375,-42.90569764994486,-2.77627893045646e-05,0.0,0.0036375661375661374,515.625,20.18721598681082,1.0
220725,2.56,IFA_29_20_1140.wav,44100,14-02-20 00:00,mosquito,culex pipiens complex,Female,f,Single,,HBN,telinga,tascam,Tanzania,Kilombero District,Morogoro,Ifakara,cup,D:\VGU-27\Edge AI Project\data\audio\220725.wav,44100,1,PCM_24,2.56,0.0,089f506b025a86081406c94c34d3b73294b10b96170cd9b1d5c6855cf52a07ee,f39d4dd39a0c8552f608e3607b5fb4b58ddc1e84ecce53669c6384ad7dfd0c62,0.01971435546875,-47.35900231735877,0.00013730720597870496,0.0,0.003312783446712018,500.0,22.518674607298067,1.0
220726,25.54,IFA_29_20_1140.wav,44100,14-02-20 00:00,mosquito,culex pipiens complex,Female,f,Single,,HBN,telinga,tascam,Tanzania,Kilombero District,Morogoro,Ifakara,cup,D:\VGU-27\Edge AI Project\data\audio\220726.wav,44100,1,PCM_24,25.54,0.0,140956a8908b05a6510e9c7379995726ca6555b75cc8f2097769e37432b6b89c,c06200c99ae1b2d7d482ec23fa26b86e98bf26189b5078ba7d07b78d1e4fb4ef,0.06182861328125,-43.382334570522865,2.0828645232646048e-05,0.0,0.0035496318078262366,156.25,17.280150025465634,0.9974905897114178
220713,7.68,IFA_29_21_1141.wav,44100,14-02-20 00:00,mosquito,culex pipiens complex,Female,f,Single,,HBN,telinga,tascam,Tanzania,Kilombero District,Morogoro,Ifakara,cup,D:\VGU-27\Edge AI Project\data\audio\220713.wav,44100,1,PCM_24,7.68,0.0,066b4a98bcf12989e09f4346d7743fb65bfec94d1557461c2393003319824c08,60c432367307c75ba74e626fd332c87c840b92169792e878363ac1cbed298528,0.072418212890625,-41.00388759558517,7.693062924293523e-05,0.0,0.0030677201436130007,578.125,16.772318392257947,1.0
220714,2.56,IFA_29_21_1141.wav,44100,14-02-20 00:00,mosquito,culex pipiens complex,Female,f,Single,,HBN,telinga,tascam,Tanzania,Kilombero District,Morogoro,Ifakara,cup,D:\VGU-27\Edge AI Project\data\audio\220714.wav,44100,1,PCM_24,2.5599773242630386,-2.2675736961463855e-05,a613f6509294c8ef2be851a982e9ea088323f8685a43afe0f3330d4334de47e7,1a2a92663612573e4149ab2dafe2ff309dfee1a17d65c3f5d3adff63d0cf1bb1,0.06158447265625,-38.877295445927395,5.000617190614066e-06,0.0,0.0024978962753000574,515.625,17.69082094990305,1.0
220723,20.48,IFA_29_22_1142.wav,44100,14-02-20 00:00,mosquito,culex pipiens complex,Female,f,Single,,HBN,telinga,tascam,Tanzania,Kilombero District,Morogoro,Ifakara,cup,D:\VGU-27\Edge AI Project\data\audio\220723.wav,44100,1,PCM_24,20.48,0.0,efed3dee8cf287f2e80651c97b009cfa9f676200c9b49b1ede4a96b323fc0c33,7c3cb1818f20953230be57b431e3fe16efe4ac6c8b852de89897605a65cc128f,0.060760498046875,-43.0509533847209,7.692445703104239e-06,0.0,0.0027392467403628117,531.25,20.03583475590176,0.9984350547730829
220742,2.5,IFA_29_23_1143.wav,44100,14-02-20 00:00,mosquito,culex pipiens complex,Female,f,Single,,HBN,telinga,tascam,Tanzania,Kilombero District,Morogoro,Ifakara,cup,D:\VGU-27\Edge AI Project\data\audio\220742.wav,44100,1,PCM_24,2.5,0.0,8b16ec8b185390d5ceb767982ca68d55a1c2749ebfb9e7fb3a70f2aa246aec2a,778d403c354ff85d040603abb54675304cae634959c6ac3b3accd965fb99c831,0.02886962890625,-43.83490087510677,0.00024936473612882653,0.0,0.0021950113378684808,515.625,19.545105426994734,0.987012987012987
220741,5.12,IFA_29_23_1143.wav,44100,14-02-20 00:00,mosquito,culex pipiens complex,Female,f,Single,,HBN,telinga,tascam,Tanzania,Kilombero District,Morogoro,Ifakara,cup,D:\VGU-27\Edge AI Project\data\audio\220741.wav,44100,1,PCM_24,5.12,0.0,c25d8691bf20dc9379d48204b9ce2705fc171412a5f410f88855ec8701891d7f,4333821f3a12373f3ab4c394d54cabf72869c7d4ae6f2c76032c07453c7474e3,0.041351318359375,-41.27410915563186,-0.00011902304193059874,0.0,0.0018158304988662131,515.625,18.446447580290638,1.0
220739,2.56,IFA_29_23_1143.wav,44100,14-02-20 00:00,mosquito,culex pipiens complex,Female,f,Single,,HBN,telinga,tascam,Tanzania,Kilombero District,Morogoro,Ifakara,cup,D:\VGU-27\Edge AI Project\data\audio\220739.wav,44100,1,PCM_24,2.5599773242630386,-2.2675736961463855e-05,da784e5ea84759d24e6819c5525fb6921cad49a4bbeb71f6ac78539ad85bebd1,3c39cd1030612c098049822525a28b54c02b44178d9f551d15721e354058904d,0.06439208984375,-38.92768324616499,-0.0006043567148089762,0.0,0.0016032596660613845,406.25,18.37593446171113,0.9873417721518988
220740,10.24,IFA_29_23_1143.wav,44100,14-02-20 00:00,mosquito,culex pipiens complex,Female,f,Single,,HBN,telinga,tascam,Tanzania,Kilombero District,Morogoro,Ifakara,cup,D:\VGU-27\Edge AI Project\data\audio\220740.wav,44100,1,PCM_24,10.24,0.0,5212ad203f2fbdafd7e6667dee17bc1c4e4bac2a0744cad069189ef153293f49,8231b8df557b457c72719d90856bd53139488bd260c9a94902054ebe35c170cf,0.048431396484375,-41.473506080016485,-2.6292744136991953e-05,0.0,0.0021258503401360546,515.625,17.593326298421946,1.0
220718,10.24,IFA_29_24_1144.wav,44100,14-02-20 00:00,mosquito,culex pipiens complex,Female,f,Single,,HBN,telinga,tascam,Tanzania,Kilombero District,Morogoro,Ifakara,cup,D:\VGU-27\Edge AI Project\data\audio\220718.wav,44100,1,PCM_24,10.24,0.0,5b4f4cec2e951306cfbeadf525253527e0008397f5a563f9656cf48cef124912,60f608f28c9351488fa776f51ae682815310628699dfdf073944a8baecb5ac18,0.126007080078125,-38.7950919199958,-8.143325781876268e-05,0.0,0.002898685515873016,515.625,21.390866880920075,0.9968652037617555
220719,15.3,IFA_29_24_1144.wav,44100,14-02-20 00:00,mosquito,culex pipiens complex,Female,f,Single,,HBN,telinga,tascam,Tanzania,Kilombero District,Morogoro,Ifakara,cup,D:\VGU-27\Edge AI Project\data\audio\220719.wav,44100,1,PCM_24,15.3,0.0,ff7ddec1b07029533e5352e93f2ffafa63501d38531797c58cfca65f1f5257cf,3ad886a5fbed107ac180e948a7383b3f59fac1ed22b73e2bf6a79d0aaf8b4c9a,0.1317138671875,-39.59568623225394,5.8387477169687317e-05,0.0,0.0023357491144605992,515.625,20.398215059796463,0.9937106918238994
220727,30.66,IFA_29_25_1145.wav,44100,14-02-20 00:00,mosquito,culex pipiens complex,Female,f,Single,,HBN,telinga,tascam,Tanzania,Kilombero District,Morogoro,Ifakara,cup,D:\VGU-27\Edge AI Project\data\audio\220727.wav,44100,1,PCM_24,30.66,0.0,387ce9c2064647a3575738cb0aa46c93d2f7aa956258c08feef559fd2e5e10f1,33d401c80ba5d949da68dee2a0ca5e2cd3ae0cc62e9bd7f3def24aad9f280669,0.06085205078125,-45.0432002289881,3.833036847067186e-05,0.0,0.003051535900291841,484.375,19.500728528015433,0.9968652037617555
220724,2.56,IFA_29_27_1147.wav,44100,14-02-20 00:00,mosquito,an arabiensis,Female,f,Single,,HBN,telinga,tascam,Tanzania,Kilombero District,Morogoro,Ifakara,cup,D:\VGU-27\Edge AI Project\data\audio\220724.wav,44100,1,PCM_24,2.56,0.0,0ee77fc544519e0e96ecf09f86d07eb70dbd50fb6147c5ce7db966293cebee20,bfd7f48f4ed0c448a9859da9a673afefd1b0c837295f9c9b993bc454252b194c,0.0311279296875,-42.99089471711318,-5.397883131931158e-05,0.0,0.002241000566893424,484.375,17.59338447314088,1.0
220708,12.8,IFA_29_28_1148.wav,44100,14-02-20 00:00,mosquito,culex pipiens complex,Female,f,Single,,HBN,telinga,tascam,Tanzania,Kilombero District,Morogoro,Ifakara,cup,D:\VGU-27\Edge AI Project\data\audio\220708.wav,44100,1,PCM_24,12.799977324263038,-2.2675736962796122e-05,116f7a5ac7cb0fafc52826117141efbb0d5e4640d4f7cad3da73d0aa06a72272,dd5348cd583b2cb571252212e3af57abe53740103c88fa2c8a91e42ed8104e7a,0.0809326171875,-38.83940652699738,7.441900422848436e-05,0.0,0.001883152429054048,531.25,17.09133254061214,0.9849624060150376
220707,7.68,IFA_29_28_1148.wav,44100,14-02-20 00:00,mosquito,culex pipiens complex,Female,f,Single,,HBN,telinga,tascam,Tanzania,Kilombero District,Morogoro,Ifakara,cup,D:\VGU-27\Edge AI Project\data\audio\220707.wav,44100,1,PCM_24,7.68,0.0,88a4ac95707142541992d26541a9edf7135ee59c85a0460ad834a625ea069f9c,94e690138e9aeebe94d5b0af8ebeb5d4fdee6d08766bc07579aa28421f7238ea,0.072509765625,-41.60182266678846,-2.585985583062435e-05,0.0,0.0022616685563114133,546.875,18.51631119031302,0.9832635983263598
220706,2.56,IFA_29_28_1148.wav,44100,14-02-20 00:00,mosquito,culex pipiens complex,Female,f,Single,,HBN,telinga,tascam,Tanzania,Kilombero District,Morogoro,Ifakara,cup,D:\VGU-27\Edge AI Project\data\audio\220706.wav,44100,1,PCM_24,2.56,0.0,6c28954022b495085afa9ff31afff7c4b68b43f054f0fcdd5ab7b3e65b393ba8,62ace7110db2b9bcdc7569d30dfe30c568dd9ca168f12736176dd1cf6b44c8e9,0.031494140625,-48.7564895689005,0.00024185429354643876,0.0,0.004295989229024943,703.125,17.98333610450748,1.0
220703,2.56,IFA_29_29_1149.wav,44100,14-02-20 00:00,mosquito,culex pipiens complex,Female,f,Single,,HBN,telinga,tascam,Tanzania,Kilombero District,Morogoro,Ifakara,cup,D:\VGU-27\Edge AI Project\data\audio\220703.wav,44100,1,PCM_24,2.56,0.0,e101d901e6f34d41a1b39206bff0fc73c3d5b2d2c5a0664ca7aacc912619ed18,3013334ec22a81922df6542f10cbf1e11db6b3f7f05d1d5b70a2d3d6684a6204,0.04376220703125,-41.48767468023438,-0.0002795914673751174,0.0,0.0017803996598639456,156.25,16.8461317087542,0.9873417721518988
220702,7.68,IFA_29_29_1149.wav,44100,14-02-20 00:00,mosquito,culex pipiens complex,Female,f,Single,,HBN,telinga,tascam,Tanzania,Kilombero District,Morogoro,Ifakara,cup,D:\VGU-27\Edge AI Project\data\audio\220702.wav,44100,1,PCM_24,7.68,0.0,16aa679a70f550d4fc2d4651b73362037175173c641f05b7f27b1257d6ef1fd1,26d02ed556982f52d7001dffca3b0b4b9107e76e1d18d69c9b4f76f934b86554,0.0643310546875,-40.27372880711429,4.2391382017013076e-05,0.0,0.0023650085034013606,437.5,18.752847919542557,0.99581589958159
220701,7.68,IFA_29_29_1149.wav,44100,14-02-20 00:00,mosquito,culex pipiens complex,Female,f,Single,,HBN,telinga,tascam,Tanzania,Kilombero District,Morogoro,Ifakara,cup,D:\VGU-27\Edge AI Project\data\audio\220701.wav,44100,1,PCM_24,7.68,0.0,e120263aacbd2eb33c3502a401a31753a25c881ea43975c53519fa5885da8a63,610ee03f18806294b5894c89c81c3ec327f462f815e3778b2259974488189448,0.08538818359375,-39.617242323556596,0.00011994788255641069,0.0,0.0023591033635676495,218.75,18.790505005204277,0.9916317991631799
220736,2.56,IFA_29_30_1150.wav,44100,14-02-20 00:00,mosquito,ma uniformis,Female,f,Single,,HBN,telinga,tascam,Tanzania,Kilombero District,Morogoro,Ifakara,cup,D:\VGU-27\Edge AI Project\data\audio\220736.wav,44100,1,PCM_24,2.5599773242630386,-2.2675736961463855e-05,edeaf9411307f638c88242f6c31f3ce5b5b8946be1ef54e7dcf897f1e103a8e6,801f5dab049c392d0123c2a73b4457b5274842790d89680bcb0b82e89a7bdcc5,0.047332763671875,-41.078313190797,0.0007328208647277338,0.0,0.0023650294521457994,453.125,17.027688378292513,1.0
220735,2.56,IFA_29_30_1150.wav,44100,14-02-20 00:00,mosquito,ma uniformis,Female,f,Single,,HBN,telinga,tascam,Tanzania,Kilombero District,Morogoro,Ifakara,cup,D:\VGU-27\Edge AI Project\data\audio\220735.wav,44100,1,PCM_24,2.56,0.0,6e53524a8d9dde12bb620d57507202735587690f7d4c4c4ebbd1a5eece152229,6cc52dae62cfe2b3f3b8b653070a86017c474f1d141030272f8b7b300d10a8f9,0.01068115234375,-50.00911991623147,0.00014156305871042266,0.0,0.004455428004535147,437.5,18.826624224323254,1.0
220715,12.8,IFA_29_31_1151.wav,44100,14-02-20 00:00,mosquito,culex pipiens complex,Female,f,Single,,HBN,telinga,tascam,Tanzania,Kilombero District,Morogoro,Ifakara,cup,D:\VGU-27\Edge AI Project\data\audio\220715.wav,44100,1,PCM_24,12.8,0.0,30aff5674c57dd0b2ec4eacaff756232af09da47ad791e629c54cd13384491cd,3f24465c2e514fc1ece9b92ca47099c9cf0b10ce0b7f062cb7c143c6175c548b,0.06927490234375,-39.38001955211027,-8.45872355696836e-07,0.0,0.002030187074829932,156.25,18.874635886191026,0.9949874686716792
220705,23.04,IFA_29_32_1152.wav,44100,14-02-20 00:00,mosquito,culex pipiens complex,Female,f,Single,,HBN,telinga,tascam,Tanzania,Kilombero District,Morogoro,Ifakara,cup,D:\VGU-27\Edge AI Project\data\audio\220705.wav,44100,1,PCM_24,23.04,0.0,7250eed259cda8c3b02e9331acd47cc62696d05c86db93c3d3e5e6274904869f,251b47af8b2079b04e2cde34d5efbe5598c385499560da763b8f050da452c8f0,0.07354736328125,-37.88645642314039,-3.14944996044479e-06,0.0,0.0016711545729402872,546.875,18.79239301363491,0.9958275382475661
220704,10.24,IFA_29_32_1152.wav,44100,14-02-20 00:00,mosquito,culex pipiens complex,Female,f,Single,,HBN,telinga,tascam,Tanzania,Kilombero District,Morogoro,Ifakara,cup,D:\VGU-27\Edge AI Project\data\audio\220704.wav,44100,1,PCM_24,10.23997732426304,-2.2675736961019766e-05,e57603c1f1173ddcaafc68a459b02823a4cae133698772d496ff5689ab6a9823,fe1a572bc4b07baa3f1df71cc91d27be7e7b225c4db1bfd4ec3099043be22fd0,0.087677001953125,-38.021378981044606,-1.2611613877598359e-06,0.0,0.002648461080244385,562.5,19.334843190835624,0.9968652037617555
220722,5.12,IFA_29_33_1153.wav,44100,14-02-20 00:00,mosquito,culex pipiens complex,Female,f,Single,,HBN,telinga,tascam,Tanzania,Kilombero District,Morogoro,Ifakara,cup,D:\VGU-27\Edge AI Project\data\audio\220722.wav,44100,1,PCM_24,5.119977324263038,-2.2675736961907944e-05,14beb2089b69ec19e229b962b8733ec1ca50c20cb22899ddb190d883c7fec8ad,8a79f477f301f4454c687361b1badba63598b96d1f0774402de16ffd3fa3100d,0.052154541015625,-37.82023465189671,7.406457305061705e-05,0.0,0.001439384209290893,531.25,19.07940751568377,1.0
220721,7.68,IFA_29_33_1153.wav,44100,14-02-20 00:00,mosquito,culex pipiens complex,Female,f,Single,,HBN,telinga,tascam,Tanzania,Kilombero District,Morogoro,Ifakara,cup,D:\VGU-27\Edge AI Project\data\audio\220721.wav,44100,1,PCM_24,7.68,0.0,9aa0c51107ab113f57724f8b138734e2d2e164c10301eb778a42a24366311fae,5b016aa8b01f02b8f886039d63aaec7210cf20748a5c4078649552b19c8ab051,0.10675048828125,-37.23138127204754,6.539264774106257e-05,0.0,0.0017715419501133788,515.625,19.702357619447255,0.9832635983263598
220731,5.06,IFA_29_35_1155.wav,44100,14-02-20 00:00,mosquito,culex pipiens complex,Female,f,Single,,HBN,telinga,tascam,Tanzania,Kilombero District,Morogoro,Ifakara,cup,D:\VGU-27\Edge AI Project\data\audio\220731.wav,44100,1,PCM_24,5.06,0.0,46b9908e96c154ee505e4218877516f1e07c754bc7a96c773672cc047830c857,5474460d9f495eebe9ef57dc924bb29b8bd4c7090508f8b421a12221ac6f0eec,0.09381103515625,-40.36756543156967,0.00014337802236085063,0.0,0.0019359522465112527,156.25,18.790111410050518,1.0
220699,2.56,IFA_29_36_1156.wav,44100,14-02-20 00:00,mosquito,culex pipiens complex,Female,f,Single,,HBN,telinga,tascam,Tanzania,Kilombero District,Morogoro,Ifakara,cup,D:\VGU-27\Edge AI Project\data\audio\220699.wav,44100,1,PCM_24,2.56,0.0,c23721f509b5a6c66bb4692bef3efb14325b8bd8bd60b45fcd235b38d7626fca,50275811315ce4e41f6620a87f708dead342d292647112515c2553385e180ea6,0.066802978515625,-42.3026723574526,-0.0001730670193695968,0.0,0.0040214002267573695,593.75,21.217909365528897,1.0
220700,5.12,IFA_29_36_1156.wav,44100,14-02-20 00:00,mosquito,culex pipiens complex,Female,f,Single,,HBN,telinga,tascam,Tanzania,Kilombero District,Morogoro,Ifakara,cup,D:\VGU-27\Edge AI Project\data\audio\220700.wav,44100,1,PCM_24,5.12,0.0,3666abbaa992d69db4e63aed77e11cdaedea3645679367f44a245de4f188d952,1d1349974745e3e3c31d2d944cb6f759f3c7d5e4e9e2e9815f335416046421dd,0.0552978515625,-42.28033240277678,3.874031594551069e-06,0.0,0.003489937641723356,578.125,22.00958285819005,1.0
220733,25.54,IFA_29_37_1157.wav,44100,14-02-20 00:00,mosquito,culex pipiens complex,Female,f,Single,,HBN,telinga,tascam,Tanzania,Kilombero District,Morogoro,Ifakara,cup,D:\VGU-27\Edge AI Project\data\audio\220733.wav,44100,1,PCM_24,25.54,0.0,35715198be9240f8b2150f743607febe2ccfa83bb5fdf73214b83422755c2a5f,ab875375e6cc706120f1adf4bb849c7e3f77b096061f787c5cd5fc148810b126,0.069976806640625,-43.12767895177193,3.687885475112291e-05,0.0,0.0028242568235856075,562.5,17.957156483713547,0.9974905897114178
220734,2.56,IFA_29_38_1158.wav,44100,14-02-20 00:00,mosquito,culex pipiens complex,Female,f,Single,,HBN,telinga,tascam,Tanzania,Kilombero District,Morogoro,Ifakara,cup,D:\VGU-27\Edge AI Project\data\audio\220734.wav,44100,1,PCM_24,2.56,0.0,b82fe24bb440d7d889d62fd7f376feac571f80af9b6745cb105b82529931d23b,9490202e7e03efc2a04646eaa67c0c0c8229ddc597db248134e99f58820106ea,0.06414794921875,-37.81638110895513,6.14336018118999e-05,0.0,0.0013729450113378686,156.25,18.361017333604696,1.0
220710,17.92,IFA_29_39_1159.wav,44100,14-02-20 00:00,mosquito,ma uniformis,Female,f,Single,,HBN,telinga,tascam,Tanzania,Kilombero District,Morogoro,Ifakara,cup,D:\VGU-27\Edge AI Project\data\audio\220710.wav,44100,1,PCM_24,17.92,0.0,0930b23ff32b2af186bcbc94ae59dee024eac6014cda7cd6194fe12e82c2da74,ee6299f48a261ce1fbec6e10172ab507566bd6bfa718ddf3dc1f1653d9b68283,0.04571533203125,-45.05988480491879,3.6672554164400834e-05,0.0,0.0030052943796566246,468.75,17.88577195099753,0.9856887298747764
220709,5.12,IFA_29_39_1159.wav,44100,14-02-20 00:00,mosquito,ma uniformis,Female,f,Single,,HBN,telinga,tascam,Tanzania,Kilombero District,Morogoro,Ifakara,cup,D:\VGU-27\Edge AI Project\data\audio\220709.wav,44100,1,PCM_24,5.119977324263038,-2.2675736961907944e-05,8b7fccec7296520f0dbb21cb4b78b8aeeca461022ddb493bf5e4e87c8fafc595,964ace78249f402b55abe4049cb0b4b21bf52b537735711f23512a6616bb71de,0.02459716796875,-46.674664624560194,5.093732781885405e-05,0.0,0.0031666452604399643,156.25,17.712410656987522,1.0
220712,2.5,IFA_29_39_1159.wav,44100,14-02-20 00:00,mosquito,ma uniformis,Female,f,Single,,HBN,telinga,tascam,Tanzania,Kilombero District,Morogoro,Ifakara,cup,D:\VGU-27\Edge AI Project\data\audio\220712.wav,44100,1,PCM_24,2.5,0.0,5b45c2b4859cd0424891314f42247eac9daf0e393f51861f72b8284d0f0524f3,30a5e6c5f0cb6d2541d037ab664ef28ac91eef355011c740d2bab152aa260524,0.01580810546875,-47.002930826986955,8.090936569940477e-05,0.0,0.0026848072562358277,156.25,17.588955962508706,0.987012987012987
220711,2.56,IFA_29_39_1159.wav,44100,14-02-20 00:00,mosquito,ma uniformis,Female,f,Single,,HBN,telinga,tascam,Tanzania,Kilombero District,Morogoro,Ifakara,cup,D:\VGU-27\Edge AI Project\data\audio\220711.wav,44100,1,PCM_24,2.56,0.0,40e9eb59ca3b9c449b9da6bd5b7eef5c2589cbefd7d6047facf7ba70096039fc,e78b1c025220aaa700acc20cc0f5880581873c9a127e73552dad645df50a4a28,0.029815673828125,-44.98303563137523,-0.00010852802908069152,0.0,0.002551020408163265,468.75,21.585720801920267,1.0
220743,10.24,IFA_29_40_1160.wav,44100,14-02-20 00:00,mosquito,culex pipiens complex,Female,f,Single,,HBN,telinga,tascam,Tanzania,Kilombero District,Morogoro,Ifakara,cup,D:\VGU-27\Edge AI Project\data\audio\220743.wav,44100,1,PCM_24,10.23997732426304,-2.2675736961019766e-05,f1e494803fd76b39e69836c5e324a41f5d968341ae1d39c4c6fa0c17bd521fb9,ad247ed4fe5feb66b0da22303506bf9056d86c1f91332a7a7b8e0c6f23730a11,0.04693603515625,-44.25580839797413,5.832347680271401e-06,0.0,0.0033792237528870663,156.25,16.285314563561833,0.9811912225705329
220744,5.12,IFA_29_40_1160.wav,44100,14-02-20 00:00,mosquito,culex pipiens complex,Female,f,Single,,HBN,telinga,tascam,Tanzania,Kilombero District,Morogoro,Ifakara,cup,D:\VGU-27\Edge AI Project\data\audio\220744.wav,44100,1,PCM_24,5.12,0.0,d1171bc8ca342bbb8d0845f121af038d42deddbbe14d858e952fa1f65e9551f2,4383a920a7e00f03ad1e598e7274a7e8f2a509c760520d689073a49f6060e271,0.11029052734375,-35.34445162958033,0.0001854987101219679,0.0,0.001536812641723356,156.25,18.01722382189662,0.9937106918238994
220954,20.42,IFA_30_14_1174.wav,44100,17-02-20 00:00,mosquito,culex pipiens complex,Female,f,Single,,HBN,telinga,tascam,Tanzania,Kilombero District,Morogoro,Ifakara,cup,D:\VGU-27\Edge AI Project\data\audio\220954.wav,44100,1,PCM_24,20.419977324263037,-2.267573696457248e-05,9532a6ced45ac010d117db6b324d9bec0a2f9b5ac58864104a64e87e06870016,afd307ef4abc359f208ce7b5446f80b3a4f78161c56be69f5c78aeed55fcd43a,0.059906005859375,-44.24646858977833,2.4372487717353344e-06,0.0,0.002625146998237687,484.375,18.766398898327385,0.978021978021978
220953,2.56,IFA_30_14_1174.wav,44100,17-02-20 00:00,mosquito,culex pipiens complex,Female,f,Single,,HBN,telinga,tascam,Tanzania,Kilombero District,Morogoro,Ifakara,cup,D:\VGU-27\Edge AI Project\data\audio\220953.wav,44100,1,PCM_24,2.56,0.0,0bf6cda11118203d1e656bac17e94bcee9169b4337b112a31908dbf244a9ff0d,38636e44bc9182cbe09b699182db3ca727fde5770654f39ee0c44c061f82f4a0,0.0267333984375,-45.5691224675623,-9.371174706353081e-05,0.0,0.003516510770975057,484.375,24.499383028554774,1.0
220964,12.8,IFA_30_15_1175.wav,44100,17-02-20 00:00,mosquito,culex pipiens complex,Female,f,Single,,HBN,telinga,tascam,Tanzania,Kilombero District,Morogoro,Ifakara,cup,D:\VGU-27\Edge AI Project\data\audio\220964.wav,44100,1,PCM_24,12.8,0.0,5baeb78de15217f5a5eef91d8ca9da1a448af1f82104bef7c879f222cd836a26,9666fcde67daa30a0039fb634691d597202800d86c74d08163294c05f2664ae4,0.045318603515625,-46.312860902456876,5.619217749355601e-05,0.0,0.0031001984126984125,578.125,17.863328486422766,0.9874686716791979
220928,15.3,IFA_30_16_1176.wav,44100,17-02-20 00:00,mosquito,culex pipiens complex,Female,f,Single,,HBN,telinga,tascam,Tanzania,Kilombero District,Morogoro,Ifakara,cup,D:\VGU-27\Edge AI Project\data\audio\220928.wav,44100,1,PCM_24,15.3,0.0,8f221e37dd5f043e7bb87661efb8be49e817526aafc515fe369192e087a543f3,a87faddc698eb2ab98d7787bf296b0a2dd831fa6059c6ba9a12ed0804b7eeb3f,0.03955078125,-45.90312369771496,6.645304063465665e-05,0.0,0.003718524446815763,531.25,19.935910839104096,1.0
220927,10.24,IFA_30_16_1176.wav,44100,17-02-20 00:00,mosquito,culex pipiens complex,Female,f,Single,,HBN,telinga,tascam,Tanzania,Kilombero District,Morogoro,Ifakara,cup,D:\VGU-27\Edge AI Project\data\audio\220927.wav,44100,1,PCM_24,10.24,0.0,ab0d71781f1bb923d0dac0f919ba1b76748653949a3d0f28baa812dd439a13bb,f8eb0e3437a63197db402434552dbb1426935686a34564d7abf9a6b5a9ecd0ee,0.0548095703125,-44.80874612566633,4.076477892004173e-05,0.0,0.003667091836734694,531.25,21.436973909389177,0.9968652037617555
220956,10.24,IFA_30_17_1177.wav,44100,17-02-20 00:00,mosquito,culex pipiens complex,Female,f,Single,,HBN,telinga,tascam,Tanzania,Kilombero District,Morogoro,Ifakara,cup,D:\VGU-27\Edge AI Project\data\audio\220956.wav,44100,1,PCM_24,10.24,0.0,8d911485f9694645461fe8b58290ce53766cf6eefc6aee4ab613d3d62d1aa499,d8de7b41a72a4d14553141b7c02800c684d28f56fa51e7ba4333445bd96cb496,0.0198974609375,-48.73864801707147,7.67244233025445e-06,0.0,0.004258343962585034,156.25,19.39473651163576,0.9968652037617555
220955,17.92,IFA_30_17_1177.wav,44100,17-02-20 00:00,mosquito,culex pipiens complex,Female,f,Single,,HBN,telinga,tascam,Tanzania,Kilombero District,Morogoro,Ifakara,cup,D:\VGU-27\Edge AI Project\data\audio\220955.wav,44100,1,PCM_24,17.919977324263037,-2.267573696457248e-05,c1d2da61bd5335dbaa0ce02364260240deecc5b584ea6cd083f481c489dc2ef3,84cd177c2f0cb34bcbe7989045779145ce2cc9d2576e0bc1e9c22e8af0ce6fca,0.0546875,-45.222552057474104,-0.0001194565866289855,0.0,0.0030521175647341228,468.75,20.385813605872478,1.0
220926,30.66,IFA_30_18_1178.wav,44100,17-02-20 00:00,mosquito,culex pipiens complex,Female,f,Single,,HBN,telinga,tascam,Tanzania,Kilombero District,Morogoro,Ifakara,cup,D:\VGU-27\Edge AI Project\data\audio\220926.wav,44100,1,PCM_24,30.66,0.0,7ccbb23ceab58573391a8765de719763b2422a2d4296d17c87345fd32c1af610,d1482b088a1a5b111c05207745aa09480bddf4e1dbb3801d09189fb83533171a,0.076416015625,-41.47764189254269,1.1995605251351873e-05,0.0,0.0029309832217296575,500.0,20.48162975750178,0.9979101358411703
220950,23.04,IFA_30_19_1179.wav,44100,17-02-20 00:00,mosquito,culex pipiens complex,Female,f,Single,,HBN,telinga,tascam,Tanzania,Kilombero District,Morogoro,Ifakara,cup,D:\VGU-27\Edge AI Project\data\audio\220950.wav,44100,1,PCM_24,23.04,0.0,1104977178147828d47196b2419615437fb74e9d845ff8aa8065449817012da3,451e5b68aa3072664a3335b2f5b58556257385685aea23a526504537e1134d45,0.0361328125,-46.65732771737018,3.2141515607346094e-05,0.0,0.003686775636180398,546.875,22.683830554673623,0.9986091794158554
220963,30.72,IFA_30_20_1180.wav,44100,17-02-20 00:00,mosquito,culex pipiens complex,Female,f,Single,,HBN,telinga,tascam,Tanzania,Kilombero District,Morogoro,Ifakara,cup,D:\VGU-27\Edge AI Project\data\audio\220963.wav,44100,1,PCM_24,30.72,0.0,4e7333439edf1add12724e303f0a38ec243a2a6bf16c9b13c307be656722be31,d853354179269ae964cf69853aefda0553fce7118363e31e172e6716edfb0f84,0.034576416015625,-47.92935334565314,3.6681342647549606e-05,0.0,0.003890749007936508,515.625,21.575245030413654,0.9989572471324296
220967,22.98,IFA_30_23_1183.wav,44100,17-02-20 00:00,mosquito,culex pipiens complex,Female,f,Single,,HBN,telinga,tascam,Tanzania,Kilombero District,Morogoro,Ifakara,cup,D:\VGU-27\Edge AI Project\data\audio\220967.wav,44100,1,PCM_24,22.98,0.0,5e6267ce6738dc12211ee7913a971ec6dd3f7692776293d55190973919818e61,5ece5eec83b71ed2bda08e9244833981a8cb18b320ee98dc9afdbf5105e4e902,0.014373779296875,-50.435538788747195,3.253211205019794e-05,0.0,0.004386146683796814,500.0,20.456384953146877,0.99860529986053
220965,2.56,IFA_30_23_1183.wav,44100,17-02-20 00:00,mosquito,culex pipiens complex,Female,f,Single,,HBN,telinga,tascam,Tanzania,Kilombero District,Morogoro,Ifakara,cup,D:\VGU-27\Edge AI Project\data\audio\220965.wav,44100,1,PCM_24,2.5599773242630386,-2.2675736961463855e-05,b08080c7e7633c26f367f92214793e6350cdaf32c8131fcacaa405f7d5fdef0e,76abca565089281dcbcbe719750decf6da2e108422e9579022afd859ef0bd91d,0.02056884765625,-46.17670574076619,-5.597317681806103e-05,0.0,0.0037468444129500865,531.25,26.19487255618102,1.0
220966,2.56,IFA_30_23_1183.wav,44100,17-02-20 00:00,mosquito,culex pipiens complex,Female,f,Single,,HBN,telinga,tascam,Tanzania,Kilombero District,Morogoro,Ifakara,cup,D:\VGU-27\Edge AI Project\data\audio\220966.wav,44100,1,PCM_24,2.5599773242630386,-2.2675736961463855e-05,69445ab8694579ba4a3988ac1466b4a81ab296297a2f074366c5bda43893bf52,35968a9ab6130e870e6318ac5613984ef0a504a3026b2ba02deccea0f5a285cf,0.023895263671875,-47.6818061672662,-9.148326258636344e-05,0.0,0.003578546436954692,500.0,19.130154501806253,1.0
220971,28.16,IFA_30_24_1184.wav,44100,17-02-20 00:00,mosquito,culex pipiens complex,Female,f,Single,,HBN,telinga,tascam,Tanzania,Kilombero District,Morogoro,Ifakara,cup,D:\VGU-27\Edge AI Project\data\audio\220971.wav,44100,1,PCM_24,28.16,0.0,15594d848bbd1b4b39d6809b9b8f2dc630b7a147aaca6beb31a052f964f81552,12eac43756c39228931e0f3f97c50c1681a9497d7812042f9ede4e8e544c0507,0.049774169921875,-45.757528726228855,3.403129097948957e-05,0.0,0.004469922438672439,562.5,18.234315015641982,0.9965870307167235
220940,25.54,IFA_30_25_1185.wav,44100,17-02-20 00:00,mosquito,culex pipiens complex,Female,f,Single,,HBN,telinga,tascam,Tanzania,Kilombero District,Morogoro,Ifakara,cup,D:\VGU-27\Edge AI Project\data\audio\220940.wav,44100,1,PCM_24,25.54,0.0,abbf7a7c3ef80a394f2974d5a0432e4cd4a5da234aa90b39764ee66b80f5369c,97a0905c4ccb13ab56c0e3e98d4f890309a98d3a204b006a088221ed856dac74,0.0731201171875,-45.52102166311437,3.8375750040619224e-05,0.0,0.0031669676484532734,156.25,18.801506314401458,0.9924717691342535
220930,7.68,IFA_30_27_1187.wav,44100,17-02-20 00:00,mosquito,an arabiensis,Female,f,Single,,HBN,telinga,tascam,Tanzania,Kilombero District,Morogoro,Ifakara,cup,D:\VGU-27\Edge AI Project\data\audio\220930.wav,44100,1,PCM_24,7.68,0.0,d1468e5cd606f9df8f24a86cb00ffc2671c5153202c66430d4d5680ad21d6f12,2a35fcbafb48951a837b6c6a8deff054e6e7ab5a7dd4781e809dc05507e44e57,0.012420654296875,-50.82774451469491,5.0094212353995416e-05,0.0,0.004440665154950869,484.375,17.31758431888466,0.99581589958159
220929,7.68,IFA_30_27_1187.wav,44100,17-02-20 00:00,mosquito,an arabiensis,Female,f,Single,,HBN,telinga,tascam,Tanzania,Kilombero District,Morogoro,Ifakara,cup,D:\VGU-27\Edge AI Project\data\audio\220929.wav,44100,1,PCM_24,7.68,0.0,7d498eaf1d751e89e080dbbc507bb5ddfdfccbeed69d57a9315dbbe0db41a3a4,186a844385166684b4d28d92fe18b27d48e256ec79a4f1368432cb070e353c76,0.01934814453125,-49.878826697239596,0.00011384054646740695,0.0,0.0045233371126228265,484.375,16.034903475983842,0.9916317991631799
220961,7.68,IFA_30_28_1188.wav,44100,17-02-20 00:00,mosquito,culex pipiens complex,Female,f,Single,,HBN,telinga,tascam,Tanzania,Kilombero District,Morogoro,Ifakara,cup,D:\VGU-27\Edge AI Project\data\audio\220961.wav,44100,1,PCM_24,7.68,0.0,f2645abbbc0e62a900a1382c591a1939625d6ec8f4867ed079ce891e2ad252d8,3a783ac29f3409492bc5e68e476c134190e6469fe04e1c3f799f72c267db667f,0.032012939453125,-43.275841860484626,0.00010730710249458942,0.0,0.0023561507936507935,421.875,24.011085227412096,1.0
220960,12.8,IFA_30_28_1188.wav,44100,17-02-20 00:00,mosquito,culex pipiens complex,Female,f,Single,,HBN,telinga,tascam,Tanzania,Kilombero District,Morogoro,Ifakara,cup,D:\VGU-27\Edge AI Project\data\audio\220960.wav,44100,1,PCM_24,12.8,0.0,86ef19eebe800afa199635aeac948a3fafd62c1c9d7b06c9ac5e0c2e807df93e,5a4b6cbf1216a3b3026a117f3b7652fa22bacf7724f3a091c035edfdafc6a70c,0.094696044921875,-46.70921624745857,2.0873033000228087e-05,0.0,0.0036086309523809526,437.5,22.913664234014046,1.0
220962,5.12,IFA_30_28_1188.wav,44100,17-02-20 00:00,mosquito,culex pipiens complex,Female,f,Single,,HBN,telinga,tascam,Tanzania,Kilombero District,Morogoro,Ifakara,cup,D:\VGU-27\Edge AI Project\data\audio\220962.wav,44100,1,PCM_24,5.119977324263038,-2.2675736961907944e-05,9a5e28b2c0f40f5778abe6fc0bdcfdefcef7b9542149a4645d2405a28c348bb7,e1cdf7727f0d77b8d0c282a9c01385da0c0b63c01fea7e3583eb0386d30e540c,0.028564453125,-43.87111781151671,0.00021296590613491847,0.0,0.002196721747102409,796.875,21.27409786873159,0.9937106918238994
220925,5.12,IFA_30_29_1189.wav,44100,17-02-20 00:00,mosquito,culex pipiens complex,Female,f,Single,,HBN,telinga,tascam,Tanzania,Kilombero District,Morogoro,Ifakara,cup,D:\VGU-27\Edge AI Project\data\audio\220925.wav,44100,1,PCM_24,5.119977324263038,-2.2675736961907944e-05,8bcc68ca0e930b80f75658c5000998e8a3569c27e86536ec58190f6a8855c116,23ac2ad8a09baf29dadc1a837bc1afffe0f87b65ad78f9ac915069f4bad22e57,0.015655517578125,-49.74066912438418,5.833306705302138e-05,0.0,0.004149855397247898,562.5,22.24996160483491,1.0
220924,23.04,IFA_30_29_1189.wav,44100,17-02-20 00:00,mosquito,culex pipiens complex,Female,f,Single,,HBN,telinga,tascam,Tanzania,Kilombero District,Morogoro,Ifakara,cup,D:\VGU-27\Edge AI Project\data\audio\220924.wav,44100,1,PCM_24,23.04,0.0,30544312b38a1e87acc80ce8b65e28236e0a2fe435a5c80f8119906fb04b8c10,af0af88642c8bf77445eddd7fc2353c6eec0e1058cd8b949a9f54a8b9f76beb1,0.046478271484375,-44.65012102942129,4.6706313779354696e-05,0.0,0.003204522549760645,546.875,21.369850063347027,1.0
220959,28.1,IFA_30_30_1190.wav,44100,17-02-20 00:00,mosquito,culex pipiens complex,Female,f,Single,,HBN,telinga,tascam,Tanzania,Kilombero District,Morogoro,Ifakara,cup,D:\VGU-27\Edge AI Project\data\audio\220959.wav,44100,1,PCM_24,28.1,0.0,fad68aa1b6fca80290c9f029491aa691a208bb97e930af16bdc5aae0c796597f,798fa245d411d50461d740bf9df155fbe981cc825e11ee1dbd08cb7a20432547,0.07086181640625,-45.504410737203465,3.941570019123827e-05,0.0,0.004376175143841641,484.375,19.28054843888711,0.9908779931584949
220923,25.6,IFA_30_31_1191.wav,44100,17-02-20 00:00,mosquito,culex pipiens complex,Female,f,Single,,HBN,telinga,tascam,Tanzania,Kilombero District,Morogoro,Ifakara,cup,D:\VGU-27\Edge AI Project\data\audio\220923.wav,44100,1,PCM_24,25.6,0.0,af02e2643cf4c090a79db24a1864512e714dad88e04b3373fb6077f58f9f8c68,757acc8b17880c5974d1f4125e4254225d514fd3e1ca3ef762bcbcb26d1ed38c,0.095428466796875,-38.77498493250781,7.001656253321641e-05,0.0,0.0026847718253968254,500.0,20.439872208170762,0.9962453066332916
220957,7.68,IFA_30_32_1192.wav,44100,17-02-20 00:00,mosquito,an arabiensis,Female,f,Single,,HBN,telinga,tascam,Tanzania,Kilombero District,Morogoro,Ifakara,cup,D:\VGU-27\Edge AI Project\data\audio\220957.wav,44100,1,PCM_24,7.68,0.0,d461d2105dfdb3540c78808c14c2fa7971b4d1c29acc638970cbff2848cd099c,d97e4a6dc5ba07756a35445fb3674c4eab55e434dda08cb757f4543fbad31c01,0.03326416015625,-46.78596543472775,-2.5840302984190095e-05,0.0,0.004284178949357521,156.25,17.308460609014087,0.99581589958159
220949,2.56,IFA_30_33_1193.wav,44100,17-02-20 00:00,mosquito,an arabiensis,Female,f,Single,,HBN,telinga,tascam,Tanzania,Kilombero District,Morogoro,Ifakara,cup,D:\VGU-27\Edge AI Project\data\audio\220949.wav,44100,1,PCM_24,2.5599773242630386,-2.2675736961463855e-05,db61ecc30ccfe40e1f0f6737791e3f1fbfafba41473daa6b25f864a42bc7aa1b,6019888e831f2c132b2684b21ad29dad6c662aa46cd79652c4202f13b5ca308b,0.110321044921875,-35.345615777896356,5.5658796700612296e-05,0.0,0.0014349616900659905,156.25,15.680904484549608,1.0
220948,5.12,IFA_30_33_1193.wav,44100,17-02-20 00:00,mosquito,an arabiensis,Female,f,Single,,HBN,telinga,tascam,Tanzania,Kilombero District,Morogoro,Ifakara,cup,D:\VGU-27\Edge AI Project\data\audio\220948.wav,44100,1,PCM_24,5.119977324263038,-2.2675736961907944e-05,3b634231e80e18d443a947a6458e315bff2e5059eebbbdbaca3c810129db6dbd,874984c42dffc240a235229439da3a84c17da3df701c39be477948c313aa8649,0.03765869140625,-44.86415556829325,0.00010859406162149122,0.0,0.0028610529206212825,156.25,18.12559272746832,0.9937106918238994
220941,30.66,IFA_30_34_1194.wav,44100,17-02-20 00:00,mosquito,culex pipiens complex,Female,f,Single,,HBN,telinga,tascam,Tanzania,Kilombero District,Morogoro,Ifakara,cup,D:\VGU-27\Edge AI Project\data\audio\220941.wav,44100,1,PCM_24,30.66,0.0,12108f8e27601bdeeaa22933514f2ace7cc33a7efccba2ad46a053281cbf5973,9f71d85667db2b97271057a717fabb832f60565e0b43b36e1b21e058c158c8ca,0.07598876953125,-46.62736707396225,3.661580776147774e-05,0.0,0.00413577042036645,562.5,20.59729172092851,0.9853709508881923
220943,15.36,IFA_30_36_1196.wav,44100,17-02-20 00:00,mosquito,an arabiensis,Female,f,Single,,HBN,telinga,tascam,Tanzania,Kilombero District,Morogoro,Ifakara,cup,D:\VGU-27\Edge AI Project\data\audio\220943.wav,44100,1,PCM_24,15.36,0.0,1de88e4778c852363c0f87f0e55cb6b41e9793a38ad9f58fb1fe088c03b7521b,d2ccff60015e9c796aaba31e10b96e65ad0ec0870a75cd189b0db61ff59bbd0c,0.037078857421875,-49.35298730728982,3.5692234428561466e-05,0.0,0.004031734221466365,156.25,18.55345178126456,0.9937369519832986
220942,2.56,IFA_30_36_1196.wav,44100,17-02-20 00:00,mosquito,an arabiensis,Female,f,Single,,HBN,telinga,tascam,Tanzania,Kilombero District,Morogoro,Ifakara,cup,D:\VGU-27\Edge AI Project\data\audio\220942.wav,44100,1,PCM_24,2.56,0.0,88a3f48fd65128237d39f5fa874a93bf0ed932930ee36437155468faf1309853,874b48a06107df494fbc26c95a52f686f719349f24741e400de73840462e0058,0.00628662109375,-54.97968853574977,6.230347821501647e-05,0.0,0.00704187925170068,156.25,16.035555651477786,1.0
220934,28.16,IFA_30_38_1198.wav,44100,17-02-20 00:00,mosquito,culex pipiens complex,Female,f,Single,,HBN,telinga,tascam,Tanzania,Kilombero District,Morogoro,Ifakara,cup,D:\VGU-27\Edge AI Project\data\audio\220934.wav,44100,1,PCM_24,28.16,0.0,0660c2402a4efb872a21d64ff67f6b68d64e038180da46a48c4ffbbb65143d2b,5a6bac55a0ef776be3aeb6a7a3e16c0ad2d2fb5f7a5636eb921537a18abd2fae,0.0323486328125,-46.062731533105456,2.5130428989703717e-05,0.0,0.0035406681612038756,468.75,20.397209511527418,0.9954493742889647
220958,2.56,IFA_30_39_1199.wav,44100,17-02-20 00:00,mosquito,culex pipiens complex,Female,f,Single,,HBN,telinga,tascam,Tanzania,Kilombero District,Morogoro,Ifakara,cup,D:\VGU-27\Edge AI Project\data\audio\220958.wav,44100,1,PCM_24,2.56,0.0,50c2514a470a4942aa3f96ffc666b8cc1ca160bd324fc9f3a45f3ce2e1a24757,fd65d61f06a118df2fcfbc380b6bb6e9a65422351c976a69498d95ce848ee86d,0.019439697265625,-51.245193569523096,5.602836608886719e-06,0.0,0.004552862811791384,437.5,18.681537896837796,1.0
220945,38.34,IFA_31_10_1210.wav,44100,17-02-20 00:00,mosquito,culex pipiens complex,Female,f,Single,,HBN,telinga,tascam,Tanzania,Kilombero District,Morogoro,Ifakara,cup,D:\VGU-27\Edge AI Project\data\audio\220945.wav,44100,1,PCM_24,38.34,0.0,dd01e13acea5ee8e470218981b2b2e146e2fd43457e205655360b3cad9a03a79,ccaac8c54ff96e26816f8b8afa93426855a709a099b8eb4e3a1f2051136e4dd7,0.091156005859375,-41.66867893665736,3.2672605452628694e-05,0.0,0.0014720894443675575,375.0,17.715596246945555,0.9924812030075187
220938,2.5,IFA_31_11_1211.wav,44100,17-02-20 00:00,mosquito,an arabiensis,Female,f,Single,,HBN,telinga,tascam,Tanzania,Kilombero District,Morogoro,Ifakara,cup,D:\VGU-27\Edge AI Project\data\audio\220938.wav,44100,1,PCM_24,2.5,0.0,b182c28a5f5bfb0125a3aadd3bf93ddb00060ec6e3394629cc8eb5a3b5294b48,420386e3fbab91c3c722fc5940814873759edcee7a05ef5ce410c1ff5f61647b,0.013031005859375,-47.628130357580865,-0.0001462178132971939,0.0,0.0025124716553287982,156.25,19.982887656569915,1.0
220937,2.56,IFA_31_11_1211.wav,44100,17-02-20 00:00,mosquito,an arabiensis,Female,f,Single,,HBN,telinga,tascam,Tanzania,Kilombero District,Morogoro,Ifakara,cup,D:\VGU-27\Edge AI Project\data\audio\220937.wav,44100,1,PCM_24,2.5599773242630386,-2.2675736961463855e-05,044dcaa0cdb8477bcb1807d36de062bb0ab7a6def6c2a4f0ee77b566ccc8d2c3,40373df825d79f90085f972be56bad7e2c08999820770d4be5e09c404bb929d4,0.026611328125,-43.41486452837672,-7.113424583545551e-05,0.0,0.0020372912883652953,406.25,19.949107697380093,1.0
220936,7.68,IFA_31_11_1211.wav,44100,17-02-20 00:00,mosquito,an arabiensis,Female,f,Single,,HBN,telinga,tascam,Tanzania,Kilombero District,Morogoro,Ifakara,cup,D:\VGU-27\Edge AI Project\data\audio\220936.wav,44100,1,PCM_24,7.68,0.0,1265282bb3a5c1d851a6d5daa6915347d8a72a9bd4b022e0957c9aac02b48f23,182195a2ab9027b44c3365fa5df7f420ab434a48dee2d653e3d501f1919519fd,0.0589599609375,-41.226321680183545,0.0001968969833823829,0.0,0.0014615221088435375,421.875,20.127988702545913,1.0
220935,48.58,IFA_31_12_1212.wav,44100,17-02-20 00:00,mosquito,culex pipiens complex,Female,f,Single,,HBN,telinga,tascam,Tanzania,Kilombero District,Morogoro,Ifakara,cup,D:\VGU-27\Edge AI Project\data\audio\220935.wav,44100,1,PCM_24,48.58,0.0,eeeb08bf7112edd39650e8b15455817b22b00db0509ea2ea005098eaebf4da6b,52441b3a7b56e6c8e4485b9c6d3284787d33e0ab29713274ee8012b7ce11c261,0.054473876953125,-45.10670433507528,3.394205192653473e-05,0.0,0.00215274802112419,531.25,21.575545140048213,0.998681608437706
220931,35.78,IFA_31_13_1213.wav,44100,17-02-20 00:00,mosquito,culex pipiens complex,Female,f,Single,,HBN,telinga,tascam,Tanzania,Kilombero District,Morogoro,Ifakara,cup,D:\VGU-27\Edge AI Project\data\audio\220931.wav,44100,1,PCM_24,35.78,0.0,7244de03cc3d82ce9a98fba5c1a893d905c1e7ee02e48ada4cf1e4cf57000532,ad7f04cfc5506cea0335b63d864ce4c25d5787c73a7e2596700b66a8b568b64d,0.063140869140625,-41.2670372549119,4.988590787717465e-05,0.0,0.0018600695355466576,156.25,17.329098157453522,0.9874664279319606
220939,30.66,IFA_31_14_1214.wav,44100,17-02-20 00:00,mosquito,culex pipiens complex,Female,f,Single,,HBN,telinga,tascam,Tanzania,Kilombero District,Morogoro,Ifakara,cup,D:\VGU-27\Edge AI Project\data\audio\220939.wav,44100,1,PCM_24,30.66,0.0,90fd9de0c6497da4ea0b7ec18e464bc630915ecaad5f051f50640dee8c9c223c,5e565da05630166731f5da0ca17caf07169a7b454fb7fcf6a31d9300a91d03ec,0.064483642578125,-42.95216271191499,5.9890046823540926e-05,0.0,0.0016152579753362533,468.75,19.57461718191572,0.9958202716823407
221025,5.12,IFA_31_15_1215.wav,44100,18-02-20 00:00,mosquito,culex pipiens complex,Female,f,Single,,HBN,telinga,tascam,Tanzania,Kilombero District,Morogoro,Ifakara,cup,D:\VGU-27\Edge AI Project\data\audio\221025.wav,44100,1,PCM_24,5.12,0.0,72150459a88ec0da1b0d24e01bead55cf4722f62cfb5edb3f36b66e2db1edbee,75f8a1bd7e79c247eacc2664df306ebbf5b0020a38440a42b8cff16748aa7000,0.02081298828125,-48.45133995176103,-2.821691993142472e-05,0.0,0.004867311507936508,468.75,22.547467398392918,1.0
221024,2.56,IFA_31_15_1215.wav,44100,18-02-20 00:00,mosquito,culex pipiens complex,Female,f,Single,,HBN,telinga,tascam,Tanzania,Kilombero District,Morogoro,Ifakara,cup,D:\VGU-27\Edge AI Project\data\audio\221024.wav,44100,1,PCM_24,2.56,0.0,98b06caea782d11732b11dd3237fb2f6d91e63ff6f231f82684e38eda691f31f,0f5643b35e008ac4b8fe0ddacb27cd0fa4834be27a1c4b566035cb9887cc3d55,0.0369873046875,-50.638596365085505,0.00014364232822340362,0.0,0.004694586167800454,375.0,14.443108870534724,0.9493670886075949
221026,2.56,IFA_31_15_1215.wav,44100,18-02-20 00:00,mosquito,culex pipiens complex,Female,f,Single,,HBN,telinga,tascam,Tanzania,Kilombero District,Morogoro,Ifakara,cup,D:\VGU-27\Edge AI Project\data\audio\221026.wav,44100,1,PCM_24,2.5599773242630386,-2.2675736961463855e-05,d364a56621921947aa845437555f80061a14b053c413e8168d416f584b27e674,56e6151b4343cf342e9bd5db91cf74dfb8e019b68d2df4fa7f5df8b1f276cbe7,0.006927490234375,-53.545477025798284,-1.3198828886216174e-05,0.0,0.006023295982993047,468.75,21.91244509156742,1.0
221036,5.06,IFA_31_16_1216.wav,44100,18-02-20 00:00,mosquito,culex pipiens complex,Female,f,Single,,HBN,telinga,tascam,Tanzania,Kilombero District,Morogoro,Ifakara,cup,D:\VGU-27\Edge AI Project\data\audio\221036.wav,44100,1,PCM_24,5.06,0.0,aecc55c3ef0dc14a47d9b231bc5c79d5c823c561e6e5eb2a725cb8af06802fd9,c1add49935a7a59aa319aff799c59b33c593552146f7844b35231ef70909eb06,0.0101318359375,-52.488904444190794,-2.1577948782341494e-05,0.0,0.005238722630026978,500.0,19.104291767167553,1.0
221034,15.36,IFA_31_16_1216.wav,44100,18-02-20 00:00,mosquito,culex pipiens complex,Female,f,Single,,HBN,telinga,tascam,Tanzania,Kilombero District,Morogoro,Ifakara,cup,D:\VGU-27\Edge AI Project\data\audio\221034.wav,44100,1,PCM_24,15.36,0.0,0ed1113b14f2e97afaaab37362a7e4483c5e2fa7afac6bb4012b19ba046e1975,d7ae2ad61c7ea0767757c0408e93a5c491ebcac1664752db598bdf6b5cbf98c9,0.04974365234375,-47.729558930102726,4.849885326394148e-05,0.0,0.004781686980347695,515.625,19.825912971433223,0.9853862212943633
221035,10.24,IFA_31_16_1216.wav,44100,18-02-20 00:00,mosquito,culex pipiens complex,Female,f,Single,,HBN,telinga,tascam,Tanzania,Kilombero District,Morogoro,Ifakara,cup,D:\VGU-27\Edge AI Project\data\audio\221035.wav,44100,1,PCM_24,10.23997732426304,-2.2675736961019766e-05,8d0adbb1e02d349a0ffaa91194383d4c11897dd5b548f9341245cda46b3a052b,3b94fbfb18a5b54cd36a5385ae4b01632c65e43c338434ddf7a83cd48ad394d9,0.014678955078125,-52.05503698913609,3.4602532706819674e-05,0.0,0.005108695411474746,515.625,20.29322590546588,1.0
221030,7.62,IFA_31_18_1218.wav,44100,18-02-20 00:00,mosquito,culex pipiens complex,Female,f,Single,,HBN,telinga,tascam,Tanzania,Kilombero District,Morogoro,Ifakara,cup,D:\VGU-27\Edge AI Project\data\audio\221030.wav,44100,1,PCM_24,7.619977324263038,-2.2675736961907944e-05,5c7a7f3aabec8d9a0eceec803c86c07bcd98ac95ffec1af5105ef3a0beedc674,ab750e172a4569e18fb1caf23808430adf27effebb52ce88433f4d5ede6abde9,0.01373291015625,-51.23607590952692,4.3581412986994146e-05,0.0,0.004612532399320321,156.25,15.698503911973042,0.9831223628691983
221029,2.56,IFA_31_18_1218.wav,44100,18-02-20 00:00,mosquito,culex pipiens complex,Female,f,Single,,HBN,telinga,tascam,Tanzania,Kilombero District,Morogoro,Ifakara,cup,D:\VGU-27\Edge AI Project\data\audio\221029.wav,44100,1,PCM_24,2.5599773242630386,-2.2675736961463855e-05,bd1d26d6f703a1fe4f471ec1a5b5971488c2d576f98d1c0199628b57cf9d378c,216297461e1fcef911e6100da8450c4861ad8ce5839a04cba43f371082678671,0.01971435546875,-50.78933697204179,7.008324850386421e-05,0.0,0.004517471987244785,984.375,14.184399122117927,0.9493670886075949
221028,10.24,IFA_31_18_1218.wav,44100,18-02-20 00:00,mosquito,culex pipiens complex,Female,f,Single,,HBN,telinga,tascam,Tanzania,Kilombero District,Morogoro,Ifakara,cup,D:\VGU-27\Edge AI Project\data\audio\221028.wav,44100,1,PCM_24,10.24,0.0,3dda2ae4b592d4b74d35a9c95953f3befd61b247ee54b98c720ed4b65f5ab5c6,df13c596218c7007e41ae4fb406245db246e919f402a6f399988e60bd85988b0,0.0162353515625,-49.4475212136122,4.381177917359367e-05,0.0,0.003959396258503401,468.75,20.186503676391133,0.9905956112852664
221038,5.06,IFA_31_19_1219.wav,44100,18-02-20 00:00,mosquito,culex pipiens complex,Female,f,Single,,HBN,telinga,tascam,Tanzania,Kilombero District,Morogoro,Ifakara,cup,D:\VGU-27\Edge AI Project\data\audio\221038.wav,44100,1,PCM_24,5.06,0.0,bd6193f3fc95ed6126a097827334da00b809ec0ac314912e2c3dd53cf5e84e43,07536749a56932b2782bf6832d16ed7bfefbf9a1c3ef1aaa21e106dde0ab679f,0.013824462890625,-49.1793512979313,2.6803707602729826e-05,0.0,0.0035761340109166195,671.875,16.65825311075056,0.9936305732484076
221037,33.28,IFA_31_19_1219.wav,44100,18-02-20 00:00,mosquito,culex pipiens complex,Female,f,Single,,HBN,telinga,tascam,Tanzania,Kilombero District,Morogoro,Ifakara,cup,D:\VGU-27\Edge AI Project\data\audio\221037.wav,44100,1,PCM_24,33.28,0.0,35336179374fe65349fcd21907e7bca7620310fceab71780e5376f9cfb54e38e,a9cc2e74f405a947ba34c5339b094a281ffd635e7d2dc944c2f6168d498a0fb2,0.046295166015625,-44.233855379066796,3.1215388093260015e-05,0.0,0.0033700178789464502,156.25,18.86352849267903,0.9942252165543792
221041,20.48,IFA_31_20_1220.wav,44100,18-02-20 00:00,mosquito,culex pipiens complex,Female,f,Single,,HBN,telinga,tascam,Tanzania,Kilombero District,Morogoro,Ifakara,cup,D:\VGU-27\Edge AI Project\data\audio\221041.wav,44100,1,PCM_24,20.48,0.0,9592e891c816d10bd254748d334fc5a26fb09861f1674850bc0274bb15a05bd8,38d171a016d048e07321c40eef0f1edf9ad1becfed7bcb0a020865229745ec0e,0.038360595703125,-44.7230423312831,4.5092839773009426e-05,0.0,0.003059231505102041,781.25,20.788398001588163,0.9953051643192489
221042,2.5,IFA_31_20_1220.wav,44100,18-02-20 00:00,mosquito,culex pipiens complex,Female,f,Single,,HBN,telinga,tascam,Tanzania,Kilombero District,Morogoro,Ifakara,cup,D:\VGU-27\Edge AI Project\data\audio\221042.wav,44100,1,PCM_24,2.5,0.0,d50b4b71f2484b1910229b01481a046963d183dcc608ec9e6cdafb79ca062d37,98d6c326d557e68804a8c97135f1b4f774df7364687b379e07ccd6b4bb4b64e5,0.01641845703125,-46.8467759526689,1.130271444515306e-05,0.0,0.0030929705215419503,375.0,21.726486350678638,1.0
221027,38.4,IFA_31_21_1221.wav,44100,18-02-20 00:00,mosquito,culex pipiens complex,Female,f,Single,,HBN,telinga,tascam,Tanzania,Kilombero District,Morogoro,Ifakara,cup,D:\VGU-27\Edge AI Project\data\audio\221027.wav,44100,1,PCM_24,38.4,0.0,82f110fc1fbb4ce9b2bdd4fa199dbcfbdea7d61d8bfc86b8793e065ec233d45a,62244d6af3c49df5726c0c99b6f13d80a035f5f78bbc1138af73eb4f0c3eaacd,0.12213134765625,-42.40601278692928,1.7706102614860507e-05,0.0,0.002708097127739985,156.25,19.718152958044154,0.9983319432860718
221040,10.24,IFA_31_22_1222.wav,44100,18-02-20 00:00,mosquito,culex pipiens complex,Female,f,Single,,HBN,telinga,tascam,Tanzania,Kilombero District,Morogoro,Ifakara,cup,D:\VGU-27\Edge AI Project\data\audio\221040.wav,44100,1,PCM_24,10.23997732426304,-2.2675736961019766e-05,c152b01fd56d4ae459eb561cf8b2ee588a32c841255047c1fd7211d7e574433e,01e3c85e975bd71e26a616734936fa4b8746f9cc403ad179e47bd85a470fa308,0.01177978515625,-50.55536231645729,0.00013343488902424223,0.0,0.004262782257082308,484.375,23.74727838767939,0.9968652037617555
221039,5.12,IFA_31_22_1222.wav,44100,18-02-20 00:00,mosquito,culex pipiens complex,Female,f,Single,,HBN,telinga,tascam,Tanzania,Kilombero District,Morogoro,Ifakara,cup,D:\VGU-27\Edge AI Project\data\audio\221039.wav,44100,1,PCM_24,5.12,0.0,de3995a42be01bf929945f27b65c29e905e523b642c1ba9febf4ba9e05b708d5,e0dd8f719d05e02d2308f92de6e7e209a549220be1cedb107a6aa8614bd4a30b,0.01385498046875,-50.096335184124506,6.897608979759303e-05,0.0,0.0039018211451247167,484.375,24.385059958055816,0.9874213836477987
221022,7.68,IFA_31_23_1223.wav,44100,18-02-20 00:00,mosquito,culex pipiens complex,Female,f,Single,,HBN,telinga,tascam,Tanzania,Kilombero District,Morogoro,Ifakara,cup,D:\VGU-27\Edge AI Project\data\audio\221022.wav,44100,1,PCM_24,7.68,0.0,22450af011476b1013e7776dc464d2803f9edbb5c37d7d9cb659b4d2e6c2d134,bca11d713af85e456f1cc50dde4744a4568c7c7e484d87831e6ff2912ebadf43,0.023101806640625,-48.154116853400446,-1.5123270716706821e-06,0.0,0.0036228032879818592,500.0,21.41790319415537,0.99581589958159
221023,25.6,IFA_31_23_1223.wav,44100,18-02-20 00:00,mosquito,culex pipiens complex,Female,f,Single,,HBN,telinga,tascam,Tanzania,Kilombero District,Morogoro,Ifakara,cup,D:\VGU-27\Edge AI Project\data\audio\221023.wav,44100,1,PCM_24,25.6,0.0,7daabe2d77f5c4565ae66515eed49b384875296b08a8760d94193d49d61d0a42,c3eae0b7d175ec89f394ae827d4e09d160ee9793a36b3068bc7c7e73ace3d1f2,0.03082275390625,-49.756368874007904,2.7088594544771846e-05,0.0,0.004264987244897959,500.0,20.426948059028327,0.9962453066332916
221032,5.12,IFA_31_25_1225.wav,44100,18-02-20 00:00,mosquito,culex pipiens complex,Female,f,Single,,HBN,telinga,tascam,Tanzania,Kilombero District,Morogoro,Ifakara,cup,D:\VGU-27\Edge AI Project\data\audio\221032.wav,44100,1,PCM_24,5.12,0.0,3d5ddff11f843328a2522b4326f121eacd215c779850f2a4836e982fff0c417d,22b305da1ac6e80c458fc2a447b7d2ebc7950db431e70435b18c187b0746f825,0.183563232421875,-35.24310022673971,-5.910064087433069e-05,0.0,0.0032950680272108845,156.25,19.269498150863413,1.0
221031,2.56,IFA_31_25_1225.wav,44100,18-02-20 00:00,mosquito,culex pipiens complex,Female,f,Single,,HBN,telinga,tascam,Tanzania,Kilombero District,Morogoro,Ifakara,cup,D:\VGU-27\Edge AI Project\data\audio\221031.wav,44100,1,PCM_24,2.56,0.0,1070a79c779e9eb72d2dde72fbb18d0f6146ac05f108a78c566c09f3cebd61ab,92d873b267ba828e0b2d84b2c4ccc593dee91cec663e8bacd16dc58f37e47c30,0.068145751953125,-37.79527812206037,9.390961826523416e-05,0.0,0.0016121031746031745,375.0,20.567279453606545,0.9873417721518988
221050,10.24,IFA_31_26_1226.wav,44100,18-02-20 00:00,mosquito,culex pipiens complex,Female,f,Single,,HBN,telinga,tascam,Tanzania,Kilombero District,Morogoro,Ifakara,cup,D:\VGU-27\Edge AI Project\data\audio\221050.wav,44100,1,PCM_24,10.23997732426304,-2.2675736961019766e-05,67d5f0d7a55bc0d414c0582202dd928fd424e47546572a8627999afcd6d7da61,f006d5142cbbcb7e7e02d6b92388ef8d025bfb0a144328362b5594fafc6debea,0.028289794921875,-47.30055902319702,2.8044790838561238e-05,0.0,0.004054625616996211,515.625,19.346896415589093,0.9843260188087775
221051,12.74,IFA_31_26_1226.wav,44100,18-02-20 00:00,mosquito,culex pipiens complex,Female,f,Single,,HBN,telinga,tascam,Tanzania,Kilombero District,Morogoro,Ifakara,cup,D:\VGU-27\Edge AI Project\data\audio\221051.wav,44100,1,PCM_24,12.74,0.0,24989ebdcb32a0706a0211314043030dd73bae20487d42b0c105299251a9c0ab,e013d0be79440503002cdf9448c9149d475069e29d1432df18e59f1312259c39,0.02191162109375,-50.27100709249389,6.591256738951141e-05,0.0,0.0046775382052349984,515.625,19.965578848199087,0.9899244332493703
221049,5.12,IFA_31_26_1226.wav,44100,18-02-20 00:00,mosquito,culex pipiens complex,Female,f,Single,,HBN,telinga,tascam,Tanzania,Kilombero District,Morogoro,Ifakara,cup,D:\VGU-27\Edge AI Project\data\audio\221049.wav,44100,1,PCM_24,5.119977324263038,-2.2675736961907944e-05,b88a740f22f7217f527a8605a520f8cdbebdef482201e55bffc56fc23990461b,0d9db48113967884ae0e335ed0fd29f8e9afe24bde7e224713037189314a0e4b,0.04388427734375,-45.38513075845212,4.207146932720691e-05,0.0,0.003233078377791852,156.25,18.301963907555763,0.9685534591194969
221021,5.06,IFA_31_27_1227.wav,44100,18-02-20 00:00,mosquito,culex pipiens complex,Female,f,Single,,HBN,telinga,tascam,Tanzania,Kilombero District,Morogoro,Ifakara,cup,D:\VGU-27\Edge AI Project\data\audio\221021.wav,44100,1,PCM_24,5.06,0.0,66da54a91350302e445cac82186245438044d2292f14927ee539b3c70e229160,3bd60b5eccc4c120ee9655a29f78099721ad976ee7fbebd4d9354510d764f510,0.010498046875,-51.3025435712762,4.073455135770135e-05,0.0,0.004987765857331075,531.25,22.001090858615065,1.0
221020,10.24,IFA_31_27_1227.wav,44100,18-02-20 00:00,mosquito,culex pipiens complex,Female,f,Single,,HBN,telinga,tascam,Tanzania,Kilombero District,Morogoro,Ifakara,cup,D:\VGU-27\Edge AI Project\data\audio\221020.wav,44100,1,PCM_24,10.23997732426304,-2.2675736961019766e-05,8d482fa68b17db3d0372503ea9590fd2ee20aa3ce6ce8fe457c200eefbc2e165,d32a8386ca420a59fe5dfa440a991cf458437bb23f89104e4ee205289b44388d,0.0133056640625,-52.06310783464502,3.054197418442457e-05,0.0,0.005037833576551819,546.875,21.484684633425477,1.0
221019,5.12,IFA_31_27_1227.wav,44100,18-02-20 00:00,mosquito,culex pipiens complex,Female,f,Single,,HBN,telinga,tascam,Tanzania,Kilombero District,Morogoro,Ifakara,cup,D:\VGU-27\Edge AI Project\data\audio\221019.wav,44100,1,PCM_24,5.119977324263038,-2.2675736961907944e-05,a9b733943ab9163ff44bbd1361fbbdf4552a0221abbc6daba7a865b00613465c,868dbebc34a3e259a4b498be9e62704d8f5bff80234635deb48d8624f9b3478c,0.015655517578125,-49.539304189618285,2.3248617585648896e-05,0.0,0.004800899947296393,546.875,20.515067532078127,1.0
221058,28.1,IFA_31_30_1230.wav,44100,18-02-20 00:00,mosquito,culex pipiens complex,Female,f,Single,,HBN,telinga,tascam,Tanzania,Kilombero District,Morogoro,Ifakara,cup,D:\VGU-27\Edge AI Project\data\audio\221058.wav,44100,1,PCM_24,28.1,0.0,1b6521565aaf13e693ffff8e0e73be3bfeb9123939c1abf916a847e6ed693171,908818c96bd5138e41ff9990a55a0b21007fb1e1e03c74cf6cd173a3b771666c,0.072906494140625,-39.368203403807954,5.025996708273315e-05,0.0,0.0009957957085562576,484.375,19.449531245953022,0.9988597491448119
221057,30.66,IFA_31_32_1232.wav,44100,18-02-20 00:00,mosquito,culex pipiens complex,Female,f,Single,,HBN,telinga,tascam,Tanzania,Kilombero District,Morogoro,Ifakara,cup,D:\VGU-27\Edge AI Project\data\audio\221057.wav,44100,1,PCM_24,30.66,0.0,2148e9ca578a4a6cb23385dd9b59aec84b2286ffe8081595e54d716c4d0159cd,da68a4fe8cd6975cef2ee986fbe07dd9d387702767d07b9e13a414052786788f,0.06878662109375,-40.715481728138855,3.8116017347717656e-05,0.0,0.0008438687499352862,343.75,18.90348677818009,0.9989550679205852
221056,2.56,IFA_31_32_1232.wav,44100,18-02-20 00:00,mosquito,culex pipiens complex,Female,f,Single,,HBN,telinga,tascam,Tanzania,Kilombero District,Morogoro,Ifakara,cup,D:\VGU-27\Edge AI Project\data\audio\221056.wav,44100,1,PCM_24,2.56,0.0,8c3453625d1b40f8dba37a152e3dbe740e72fbb73942bdce3c1027647196fa94,d76c8c60f7bb85c433e5856c156ee4bdf183dd3a7c2a6443077612627040121e,0.091461181640625,-35.94840908447782,0.0002131416143473584,0.0,0.0007529053287981859,546.875,16.251388339833774,0.9873417721518988
221033,51.14,IFA_31_33_1233.wav,44100,18-02-20 00:00,mosquito,culex pipiens complex,Female,f,Single,,HBN,telinga,tascam,Tanzania,Kilombero District,Morogoro,Ifakara,cup,D:\VGU-27\Edge AI Project\data\audio\221033.wav,44100,1,PCM_24,51.14,0.0,01e62390ee284a822b5433ad0d33c92e22edb9bf51dd15d3caed1d94ddf3eba0,85b239cfe66971883c257fc2a28bfaaaac452eafb4ea549221853764ea96ebb2,0.03009033203125,-40.672601898995666,5.014759076599451e-05,0.0,0.0007905912984408989,515.625,19.005424315629515,0.9981214777708203
221013,2.56,IFA_31_34_1234.wav,44100,18-02-20 00:00,mosquito,culex pipiens complex,Female,f,Single,,HBN,telinga,tascam,Tanzania,Kilombero District,Morogoro,Ifakara,cup,D:\VGU-27\Edge AI Project\data\audio\221013.wav,44100,1,PCM_24,2.56,0.0,9fcc15904f314d2942de328287a1cec850c80c81ba64a2811439da9935463033,92b90a75cfc4352977b17f27ae6028ba5655b5f0adc2b3cb25b95969b7f04af3,0.13092041015625,-34.237634950830895,0.0002175774974347242,0.0,0.0005934665532879819,562.5,20.96990103477218,0.9746835443037974
221014,33.22,IFA_31_34_1234.wav,44100,18-02-20 00:00,mosquito,culex pipiens complex,Female,f,Single,,HBN,telinga,tascam,Tanzania,Kilombero District,Morogoro,Ifakara,cup,D:\VGU-27\Edge AI Project\data\audio\221014.wav,44100,1,PCM_24,33.22,0.0,2c67d36b6210b0bc8d5088c5173f9497d058ceebea896b71f9ec4b5007b9c7ef,3ae12f8a26d6e3f08261fdc3b9db13ea59142117d0bccae94d643fd5a8a98066,0.040252685546875,-40.64533941590191,-2.1468826513067475e-05,0.0,0.0008593844923078603,765.625,19.06196355791654,0.9942140790742526
221053,2.56,IFA_31_35_1235.wav,44100,18-02-20 00:00,mosquito,culex pipiens complex,Female,f,Single,,HBN,telinga,tascam,Tanzania,Kilombero District,Morogoro,Ifakara,cup,D:\VGU-27\Edge AI Project\data\audio\221053.wav,44100,1,PCM_24,2.5599773242630386,-2.2675736961463855e-05,f3d89741c2d50b7d4385e3d9944247682711ef8e6c4b096f2ca6714b2524ad90,60eea774d078fa771cdd98d7f30a00582502867d01f43f7bd5d45751eb16b92f,0.039703369140625,-43.37866407721212,0.00021597238273118828,0.0,0.0026041897338234645,515.625,26.228109828574418,1.0
221054,30.72,IFA_31_35_1235.wav,44100,18-02-20 00:00,mosquito,culex pipiens complex,Female,f,Single,,HBN,telinga,tascam,Tanzania,Kilombero District,Morogoro,Ifakara,cup,D:\VGU-27\Edge AI Project\data\audio\221054.wav,44100,1,PCM_24,30.72,0.0,b7e71aba5b94724531eb55eb66914ee6f380b125f4491689c490d37c9352dfed,2a6fabc04a99ef238e2df5b77a63d53764170d1c53051a17f5923de054dbd5cf,0.035186767578125,-48.102782437528795,4.037502851796168e-05,0.0,0.0038066007653061226,156.25,21.636129181134507,1.0
221055,7.62,IFA_31_35_1235.wav,44100,18-02-20 00:00,mosquito,culex pipiens complex,Female,f,Single,,HBN,telinga,tascam,Tanzania,Kilombero District,Morogoro,Ifakara,cup,D:\VGU-27\Edge AI Project\data\audio\221055.wav,44100,1,PCM_24,7.619977324263038,-2.2675736961907944e-05,7b23093638eef31e9ccdc3d4b99e69e509b5318dc0532cfb1d9b84ae5e595692,213800c68854f2ddb6e11ee3fc2f76d061d3ee9695d54bf8d45d43519c0b368c,0.012664794921875,-51.655031965291116,0.00010534853848981598,0.0,0.005052954847771552,156.25,21.96846840395532,1.0
221047,10.24,IFA_31_36_1236.wav,44100,18-02-20 00:00,mosquito,an arabiensis,Female,f,Single,,HBN,telinga,tascam,Tanzania,Kilombero District,Morogoro,Ifakara,cup,D:\VGU-27\Edge AI Project\data\audio\221047.wav,44100,1,PCM_24,10.23997732426304,-2.2675736961019766e-05,a331fa6cf196b8c087255093d0425a20fe81bb4c80a0c6a9c38510df8616acb0,3b66019b3eda23ff6aa3e286cc26c4c6ed1743d103a3f336b0810609f7e5cf34,0.01873779296875,-50.809691857004495,6.016007432897856e-05,0.0,0.004997973794407673,468.75,20.26418267707459,1.0
221048,10.24,IFA_31_36_1236.wav,44100,18-02-20 00:00,mosquito,an arabiensis,Female,f,Single,,HBN,telinga,tascam,Tanzania,Kilombero District,Morogoro,Ifakara,cup,D:\VGU-27\Edge AI Project\data\audio\221048.wav,44100,1,PCM_24,10.23997732426304,-2.2675736961019766e-05,a4c9b8742c6bd4c4f028e39c38c53080fa5e58b93549d3c3c99811372ae13397,7f8d0b0ba9f59db6abde50c63b6b54b18c18268b150d5a9619e9135a649e743e,0.022552490234375,-49.954358665784696,1.8490591145135556e-05,0.0,0.004986901632700966,156.25,20.15240578800524,0.9937304075235109
221015,28.1,IFA_31_38_1238.wav,44100,18-02-20 00:00,mosquito,culex pipiens complex,Female,f,Single,,HBN,telinga,tascam,Tanzania,Kilombero District,Morogoro,Ifakara,cup,D:\VGU-27\Edge AI Project\data\audio\221015.wav,44100,1,PCM_24,28.1,0.0,c82a52716575d5ed51f0e00a8821dfd66507e22569a7152eab3e560c4e629018,fdaedfcc2f4c3d33bcb5cd513745de5baa48263e2f274a05a6e884b3e0322d76,0.03436279296875,-49.14610139989195,3.353946382360032e-05,0.0,0.004824848088701673,156.25,18.93640487384369,0.9908779931584949
221044,5.12,IFA_31_39_1239.wav,44100,18-02-20 00:00,mosquito,culex pipiens complex,Female,f,Single,,HBN,telinga,tascam,Tanzania,Kilombero District,Morogoro,Ifakara,cup,D:\VGU-27\Edge AI Project\data\audio\221044.wav,44100,1,PCM_24,5.12,0.0,bec1933ce54e9ee490378ae77ef437eb46b723cef02e9b851ffe87ccb456338f,f4feb5a678ba6c3328fb3dd61b31886526edb8632f7aa32eebc7cc8ede303c65,0.030975341796875,-43.98810202938116,9.310786145614659e-05,0.0,0.003472222222222222,500.0,23.859430140385427,1.0
221045,5.12,IFA_31_39_1239.wav,44100,18-02-20 00:00,mosquito,culex pipiens complex,Female,f,Single,,HBN,telinga,tascam,Tanzania,Kilombero District,Morogoro,Ifakara,cup,D:\VGU-27\Edge AI Project\data\audio\221045.wav,44100,1,PCM_24,5.12,0.0,6ff38e67587585dc45ea20101ea0012c55d8e6cf2386567439fb149ffec21412,814abcac409a7665446da1cb0b7e62fe7934b2396af632c7c732f6f6246fc692,0.031341552734375,-45.653021539981246,7.043755243694972e-06,0.0,0.0037025226757369614,515.625,25.648778145400616,0.9937106918238994
221043,15.36,IFA_31_39_1239.wav,44100,18-02-20 00:00,mosquito,culex pipiens complex,Female,f,Single,,HBN,telinga,tascam,Tanzania,Kilombero District,Morogoro,Ifakara,cup,D:\VGU-27\Edge AI Project\data\audio\221043.wav,44100,1,PCM_24,15.36,0.0,f53ee957cbdd8470f78f2e77e1882382112bc85239b5388cfcc1720719003254,8b49a32ab73795656b4952ffc44935be4b7a6506defee233ce07985b71673e2f,0.0296630859375,-49.79498610267405,-2.454062438065233e-06,0.0,0.004360945767195768,500.0,22.43742382592607,1.0
221046,7.62,IFA_31_39_1239.wav,44100,18-02-20 00:00,mosquito,culex pipiens complex,Female,f,Single,,HBN,telinga,tascam,Tanzania,Kilombero District,Morogoro,Ifakara,cup,D:\VGU-27\Edge AI Project\data\audio\221046.wav,44100,1,PCM_24,7.62,0.0,10bd63d7243949f9ebb5305887df0eac7407632189919b49c9d7a56067f7766d,5db59552c09cec5b02bcab70fe338f628e58706596b8554fd6b1d210d095429f,0.0252685546875,-47.16323910579096,5.2583025277997246e-05,0.0,0.0032912552597591967,515.625,21.530762338612956,1.0
221063,33.22,IFA_32_13_1253.wav,44100,18-02-20 00:00,mosquito,culex pipiens complex,Female,f,Single,,HBN,telinga,tascam,Tanzania,Kilombero District,Morogoro,Ifakara,cup,D:\VGU-27\Edge AI Project\data\audio\221063.wav,44100,1,PCM_24,33.22,0.0,1148db04ce550cb6c9c6440d8427c4f96e7d5cea0ceb470d329e83d28368d519,1efe09bc722c51cc8abf5b72c43037a24e9540293ba465720025d06c5430438a,0.05255126953125,-48.49088516815202,5.758642465670482e-05,0.0,0.0036150121296762735,156.25,19.743182115280945,0.9845708775313404
220888,2.56,IFA_32_14_1254.wav,44100,20-02-20 00:00,mosquito,an arabiensis,Female,f,Single,,HBN,telinga,tascam,Tanzania,Kilombero District,Morogoro,Ifakara,cup,D:\VGU-27\Edge AI Project\data\audio\220888.wav,44100,1,PCM_24,2.5599773242630386,-2.2675736961463855e-05,004b39c5f121a4606a5c7a419a333081895e77c9cc0f2986c5f79074cc1b2feb,cfd36dd756d052a58f9f97e699bedd18caca55aa5fa85b4420c249babca195c0,0.15277099609375,-37.13122260419191,-1.3743790465559813e-05,0.0,0.003286239426015324,156.25,15.553795613777712,1.0
220907,5.06,IFA_32_17_1257.wav,44100,20-02-20 00:00,mosquito,an arabiensis,Female,f,Single,,HBN,telinga,tascam,Tanzania,Kilombero District,Morogoro,Ifakara,cup,D:\VGU-27\Edge AI Project\data\audio\220907.wav,44100,1,PCM_24,5.06,0.0,c0f1befb93cbf98b661c0948104a3357a28629a9e8b01cf7f425d3b4f8279a35,341be1d250f5bd8398e9480c2d92b9baf92a383f9293bc4790fe499b2865ac78,0.046478271484375,-42.084015271718684,-8.028940588504836e-06,0.0,0.0018956199080422682,156.25,16.206922681027127,0.9936305732484076
220906,2.56,IFA_32_17_1257.wav,44100,20-02-20 00:00,mosquito,an arabiensis,Female,f,Single,,HBN,telinga,tascam,Tanzania,Kilombero District,Morogoro,Ifakara,cup,D:\VGU-27\Edge AI Project\data\audio\220906.wav,44100,1,PCM_24,2.56,0.0,cecca0740dc0190f1c1509c6d5be5fac72b36a8c0c2b7e64285f21c8c57290a7,b253c2e6f271c41ed7addbe694fa233fb8b615b49039b1fabb3ea448079abf5a,0.0205078125,-47.45239070534406,-1.248967350205056e-05,0.0,0.0035430839002267575,437.5,20.189146983594483,1.0
220905,5.12,IFA_32_18_1258.wav,44100,20-02-20 00:00,mosquito,an arabiensis,Female,t,Single,,HBN,telinga,tascam,Tanzania,Kilombero District,Morogoro,Ifakara,cup,D:\VGU-27\Edge AI Project\data\audio\220905.wav,44100,1,PCM_24,5.12,0.0,4c2a17ac56905485b651d50429c029d850caacd943f7919d564faa507c8b0aa6,ebf694fbbcb47a257fb580d0d3fb7a36d0521c175b9a76a19d2ebdb163c16934,0.0177001953125,-48.07215308499401,-1.5607496508124733e-05,0.0,0.003667091836734694,156.25,19.83468043994565,1.0
220904,2.56,IFA_32_18_1258.wav,44100,20-02-20 00:00,mosquito,an arabiensis,Female,t,Single,,HBN,telinga,tascam,Tanzania,Kilombero District,Morogoro,Ifakara,cup,D:\VGU-27\Edge AI Project\data\audio\220904.wav,44100,1,PCM_24,2.56,0.0,549c74d37099e91644af2bcba8d3555f0b216e464ba49d570141fddc8c9ec4b1,b708352fa788d1926a81646f958dac177a7140d66664194f9d655980cfc6f0f3,0.015380859375,-49.090335271074025,-0.00024631018000665435,0.0,0.004136550453514739,156.25,18.739708812321606,1.0
220901,2.56,IFA_32_19_1259.wav,44100,20-02-20 00:00,mosquito,culex pipiens complex,Female,f,Single,,HBN,telinga,tascam,Tanzania,Kilombero District,Morogoro,Ifakara,cup,D:\VGU-27\Edge AI Project\data\audio\220901.wav,44100,1,PCM_24,2.5599773242630386,-2.2675736961463855e-05,e71ff1f311935906e432744a56774bc1289eb87f7b7a2221c0a8c11a8d6e5095,7502facd03c1524f5863203b461fa5a47f050ca3d1975d9027591fb75dc5abda,0.014007568359375,-48.35371710131348,0.00018292786966387462,0.0,0.002701625404136587,562.5,22.13140184444164,1.0
220900,10.24,IFA_32_19_1259.wav,44100,20-02-20 00:00,mosquito,culex pipiens complex,Female,f,Single,,HBN,telinga,tascam,Tanzania,Kilombero District,Morogoro,Ifakara,cup,D:\VGU-27\Edge AI Project\data\audio\220900.wav,44100,1,PCM_24,10.24,0.0,6919f2b6158a6674b42ced7a58625d5bfda6abd786fbcf0c4113a628d939a1ae,40fcf57d268e7edbca9ee680d6dcbeca117a38ab7d2b732c80bcc693db986cf8,0.021453857421875,-45.14951591291022,4.641113638066921e-05,0.0,0.0024713010204081634,562.5,22.82327538734164,1.0
220899,10.24,IFA_32_19_1259.wav,44100,20-02-20 00:00,mosquito,culex pipiens complex,Female,f,Single,,HBN,telinga,tascam,Tanzania,Kilombero District,Morogoro,Ifakara,cup,D:\VGU-27\Edge AI Project\data\audio\220899.wav,44100,1,PCM_24,10.24,0.0,2fd9d518cd0637b3cf94164fc7af3ae6f469706d5a5678d4b10bf34a5faa57bd,deb00402514ef9d609d03c4109a4fdf6da3de9ee87fc750a5f5941043414e856,0.020721435546875,-46.86064577689636,9.555259799741022e-06,0.0,0.0029186153628117913,562.5,27.55102150873784,0.9937304075235109
220909,2.56,IFA_32_22_1262.wav,44100,20-02-20 00:00,mosquito,culex pipiens complex,Female,f,Single,,HBN,telinga,tascam,Tanzania,Kilombero District,Morogoro,Ifakara,cup,D:\VGU-27\Edge AI Project\data\audio\220909.wav,44100,1,PCM_24,2.56,0.0,83b8904947d3449f13cef387dec17cc543f21ee2453fcb895e3530844ccd3c31,7917c0123ff3c784ea972ae002c8265e257917d62333fa05eeac41e6c9534d5a,0.025604248046875,-45.31945049101722,2.2667876176552977e-05,0.0,0.0027193168934240364,468.75,21.582213915184948,0.9620253164556962
220911,5.12,IFA_32_22_1262.wav,44100,20-02-20 00:00,mosquito,culex pipiens complex,Female,f,Single,,HBN,telinga,tascam,Tanzania,Kilombero District,Morogoro,Ifakara,cup,D:\VGU-27\Edge AI Project\data\audio\220911.wav,44100,1,PCM_24,5.12,0.0,02cc6827644d90863a11627d3a5e6133a6282ef6062b9a928dc73cb7306739ab,f4faceb8c77bbe26fa0fce99760b8372cb1d9ae75f1dd625217744cc40fc6442,0.042083740234375,-45.18863081883667,0.00012610112728715753,0.0,0.0034589356575963717,156.25,23.43683253059156,1.0
220910,2.56,IFA_32_22_1262.wav,44100,20-02-20 00:00,mosquito,culex pipiens complex,Female,f,Single,,HBN,telinga,tascam,Tanzania,Kilombero District,Morogoro,Ifakara,cup,D:\VGU-27\Edge AI Project\data\audio\220910.wav,44100,1,PCM_24,2.56,0.0,aa2fd25af6c35a8b4da52f0ddc79ed59d97ebe74cd003437dc178f3a7d42fd29,2dd62381a2a62c5deece05544b0617a5882a51d2c2dfc1a0ddd5e2a411b85535,0.021026611328125,-47.31902473266898,7.797558021112905e-05,0.0,0.00299390589569161,156.25,20.96891221269943,1.0
220908,7.68,IFA_32_22_1262.wav,44100,20-02-20 00:00,mosquito,culex pipiens complex,Female,f,Single,,HBN,telinga,tascam,Tanzania,Kilombero District,Morogoro,Ifakara,cup,D:\VGU-27\Edge AI Project\data\audio\220908.wav,44100,1,PCM_24,7.68,0.0,70a522a405e783e12bbde766b7347fda7180ab7b2bc712c0a43e8402ac8c7dd7,bc085dfefc23745e980a5d28ffbeaa8330331a7132c5520a93a376a8ca12fde6,0.045745849609375,-46.35357057832294,-4.66790419136676e-06,0.0,0.003971206538170824,484.375,18.611113692208328,1.0
220917,5.12,IFA_32_23_1263.wav,44100,20-02-20 00:00,mosquito,an arabiensis,Female,f,Single,,HBN,telinga,tascam,Tanzania,Kilombero District,Morogoro,Ifakara,cup,D:\VGU-27\Edge AI Project\data\audio\220917.wav,44100,1,PCM_24,5.12,0.0,cbf48a962cf6ac9e288bd7026c4dfef0b584c94a4d9dccd2beb0830ff6ec9fd7,2d397ece64f090360bb4dc7c1604e0a488f6b3be66b77c3962b2ec0b68ba5793,0.037689208984375,-44.11488312566968,6.655324884012443e-05,0.0,0.0028123228458049885,671.875,23.110062976046283,0.9937106918238994
220918,2.56,IFA_32_23_1263.wav,44100,20-02-20 00:00,mosquito,an arabiensis,Female,f,Single,,HBN,telinga,tascam,Tanzania,Kilombero District,Morogoro,Ifakara,cup,D:\VGU-27\Edge AI Project\data\audio\220918.wav,44100,1,PCM_24,2.5599773242630386,-2.2675736961463855e-05,b59798b6d50a365f9955dae4d7c10f3af9c5c219c19520b966b620127db21622,3a4cc2b451403bb82299007a42cd990ed019f38951eb71a94db982784b6478e3,0.022003173828125,-45.47479972527465,-1.6443999402099297e-05,0.0,0.0029850746268656717,156.25,15.405816532973011,0.9493670886075949
220919,2.56,IFA_32_23_1263.wav,44100,20-02-20 00:00,mosquito,an arabiensis,Female,f,Single,,HBN,telinga,tascam,Tanzania,Kilombero District,Morogoro,Ifakara,cup,D:\VGU-27\Edge AI Project\data\audio\220919.wav,44100,1,PCM_24,2.56,0.0,5ae32520f71310b17e628b712d2e861fbf677366cc33afd4ef697f8ca544af14,60dca5a6e318d14e259fd111f55a31787c178e649a7c26c9b0ffb26f41b1e84e,0.04364013671875,-40.598674800547705,-0.00012016512639398207,0.0,0.0026307397959183672,156.25,16.020669003387457,0.9746835443037974
220891,12.8,IFA_32_26_1266.wav,44100,20-02-20 00:00,mosquito,an arabiensis,Female,f,Single,,HBN,telinga,tascam,Tanzania,Kilombero District,Morogoro,Ifakara,cup,D:\VGU-27\Edge AI Project\data\audio\220891.wav,44100,1,PCM_24,12.8,0.0,220b4d9c246351be51d718ed9b7238d46623636483260988cd319a5176d1b11d,db8b7fe453db8961799848d80a511afed739d3e97965a5c06e523fb4b6760aed,0.028411865234375,-47.55330140037391,-3.892764482909049e-06,0.0,0.0041595804988662135,468.75,17.181731689779213,0.9949874686716792
220892,7.68,IFA_32_26_1266.wav,44100,20-02-20 00:00,mosquito,an arabiensis,Female,f,Single,,HBN,telinga,tascam,Tanzania,Kilombero District,Morogoro,Ifakara,cup,D:\VGU-27\Edge AI Project\data\audio\220892.wav,44100,1,PCM_24,7.68,0.0,b9431571d954106b94a4173ec884f714ac4caff5f44e6f4d90d1e207a0c78124,3901dc2bfb7e120de268d8be8cc0f069b5f22d894a5d59303b2f588e376f8809,0.011962890625,-50.9991833818177,6.540670416522728e-05,0.0,0.004697538737717309,468.75,17.845292967344378,1.0
220893,5.12,IFA_32_26_1266.wav,44100,20-02-20 00:00,mosquito,an arabiensis,Female,f,Single,,HBN,telinga,tascam,Tanzania,Kilombero District,Morogoro,Ifakara,cup,D:\VGU-27\Edge AI Project\data\audio\220893.wav,44100,1,PCM_24,5.12,0.0,edbe4124150af1039089f3482689da9a21e786bc9aa201b8e53906ee20d27352,bf4757d30998950f3f0b13b6949fe6c2ff4e93a9956d7c86a39b6777a3f91442,0.031463623046875,-45.98965488975335,-2.7855642798806533e-05,0.0,0.003547512755102041,468.75,18.8112418374782,1.0
220897,17.92,IFA_32_28_1268.wav,44100,20-02-20 00:00,mosquito,an arabiensis,Female,f,Single,,HBN,telinga,tascam,Tanzania,Kilombero District,Morogoro,Ifakara,cup,D:\VGU-27\Edge AI Project\data\audio\220897.wav,44100,1,PCM_24,17.92,0.0,ede4defe3a6cfcf7371bb1b25238c55b53aeb3c2a57c12f74873c469fa37ad16,259eb853cc11f740ab67c770be2bd71aea8da2e2cee3b6eab143616a16514890,0.056610107421875,-44.426978779014334,1.5412096765615192e-05,0.0,0.0031887755102040817,156.25,16.48998440393196,0.9928443649373881
220896,25.6,IFA_32_30_1270.wav,44100,20-02-20 00:00,mosquito,an arabiensis,Female,t,Single,,HBN,telinga,tascam,Tanzania,Kilombero District,Morogoro,Ifakara,cup,D:\VGU-27\Edge AI Project\data\audio\220896.wav,44100,1,PCM_24,25.6,0.0,f7dd421cd68342610ec42133d25dc0e4793d094c0db1022837c208944702993e,2bd08843f4521b5c49350d42fd4dd213d9ef26f07fc9604d06c9c8f963dbeeb1,0.05572509765625,-47.832539062238205,1.5577437385680185e-05,0.0,0.004204754818594105,406.25,16.267619905944425,0.981226533166458
220912,17.92,IFA_32_31_1271.wav,44100,20-02-20 00:00,mosquito,ma uniformis,Female,f,Single,,HBN,telinga,tascam,Tanzania,Kilombero District,Morogoro,Ifakara,cup,D:\VGU-27\Edge AI Project\data\audio\220912.wav,44100,1,PCM_24,17.919977324263037,-2.267573696457248e-05,6c4d6352456998595d4e647d4c3a1b7ab3fa913f4491be65d61a165a10497a1b,08103e384cace4888da68e7faf2b1ba4eccbde5078d8b8ae2ce19531cf878607,0.0780029296875,-45.46668907302717,2.2594069923383087e-05,0.0,0.002896474753597184,765.625,16.84040072782,0.9856887298747764
220922,7.68,IFA_32_32_1272.wav,44100,20-02-20 00:00,mosquito,an arabiensis,Female,f,Single,,HBN,telinga,tascam,Tanzania,Kilombero District,Morogoro,Ifakara,cup,D:\VGU-27\Edge AI Project\data\audio\220922.wav,44100,1,PCM_24,7.68,0.0,6151a9835a6f21c1d7e05207280bc4d9134bc608cae408cfe6ecb12049e526e3,bcbdf28a36f1d550ddaf0018f9861c868dae7b245a4d0718b37dd8b1e3a92ddb,0.014739990234375,-48.929556581249365,6.758959475378151e-05,0.0,0.003147439531368103,781.25,15.406440480401717,0.9832635983263598
220903,10.24,IFA_32_34_1274.wav,44100,20-02-20 00:00,mosquito,an arabiensis,Female,f,Single,,HBN,telinga,tascam,Tanzania,Kilombero District,Morogoro,Ifakara,cup,D:\VGU-27\Edge AI Project\data\audio\220903.wav,44100,1,PCM_24,10.24,0.0,ac1ac98ea81e830a861d3464fd4054dc56e48db5ede98bfd4836a3a73816910e,b74a0ff54dadbe83d0b93844dbb5121794bb3772a41b7f0ac5d49aef8d85d5ee,0.0220947265625,-49.92471857209077,5.5918617854042657e-05,0.0,0.004459856859410431,156.25,13.814099696313411,0.9373040752351097
220902,15.36,IFA_32_34_1274.wav,44100,20-02-20 00:00,mosquito,an arabiensis,Female,f,Single,,HBN,telinga,tascam,Tanzania,Kilombero District,Morogoro,Ifakara,cup,D:\VGU-27\Edge AI Project\data\audio\220902.wav,44100,1,PCM_24,15.36,0.0,6c155b54c055389f69e8edbe7c9c9e1f9ec49a4f5e8b07939beda40131212f6c,3fb6983aa5c5bfad11f1b2b3935970d5d266f2d1ef9bc0b6a4e269d9bbc1c491,0.03656005859375,-47.937546705375105,2.3418813605968105e-05,0.0,0.003399884259259259,500.0,13.985025968644212,0.9624217118997912
220895,17.86,IFA_32_37_1277.wav,44100,20-02-20 00:00,mosquito,an arabiensis,Female,f,Single,,HBN,telinga,tascam,Tanzania,Kilombero District,Morogoro,Ifakara,cup,D:\VGU-27\Edge AI Project\data\audio\220895.wav,44100,1,PCM_24,17.86,0.0,344d14cf2b028ba4b229a56e4aaa6bf6aeb916a48b621bf46042f032276cab8e,f0f91e16c40a76333f7574eaf0a9bc1287c4092751a4da5b49bde22882c3200b,0.0731201171875,-41.6589799330935,1.8423624020751917e-05,0.0,0.0032172630156952664,484.375,17.94866385543678,0.9910233393177738
220894,7.68,IFA_32_37_1277.wav,44100,20-02-20 00:00,mosquito,an arabiensis,Female,f,Single,,HBN,telinga,tascam,Tanzania,Kilombero District,Morogoro,Ifakara,cup,D:\VGU-27\Edge AI Project\data\audio\220894.wav,44100,1,PCM_24,7.68,0.0,517951c0eeaaa2d1566eb183e2c186bef2dc87fa1deaecb98703df36264e7084,2de284b77186a38c4c481dfc7fb74fe000c32563aee8e17d8f9474d775050d5e,0.0555419921875,-43.28349315020742,5.620857665508152e-05,0.0,0.002438822751322751,500.0,18.735207649778687,0.9832635983263598
220890,20.48,IFA_32_38_1278.wav,44100,20-02-20 00:00,mosquito,culex pipiens complex,Female,f,Single,,HBN,telinga,tascam,Tanzania,Kilombero District,Morogoro,Ifakara,cup,D:\VGU-27\Edge AI Project\data\audio\220890.wav,44100,1,PCM_24,20.48,0.0,ae9231894cca9d2714611757c5a19b8d186e96555d493417e531ce8f58ab564b,9218e7566cdae21a7b614b85693773a82ca60682ebc2bfc64c4a59736015adcd,0.046783447265625,-45.53261574467428,2.79188629180666e-05,0.0,0.003249672264739229,515.625,20.556134159600028,1.0
220990,2.56,IFA_33_11_1291.wav,44100,29-02-20 00:00,mosquito,culex pipiens complex,Female,f,Single,,HBN,telinga,tascam,Tanzania,Kilombero District,Morogoro,Ifakara,cup,D:\VGU-27\Edge AI Project\data\audio\220990.wav,44100,1,PCM_24,2.56,0.0,0392d33019f32d0d9591fc9c41ea70ad0ff475afc36962e53b9eb5da3c09e44e,5180dd2f99057b1cd2e8b8ed7b1f63231cb319fef9b51ce638906886c1166cc3,0.01507568359375,-48.130771225046416,-8.616317697122795e-05,0.0,0.002976190476190476,546.875,21.334165158685444,1.0
220989,2.56,IFA_33_11_1291.wav,44100,29-02-20 00:00,mosquito,culex pipiens complex,Female,f,Single,,HBN,telinga,tascam,Tanzania,Kilombero District,Morogoro,Ifakara,cup,D:\VGU-27\Edge AI Project\data\audio\220989.wav,44100,1,PCM_24,2.5599773242630386,-2.2675736961463855e-05,046cd1325af97c93794c132cc22fd3aefba532ae6992b8f2c691f90422396ec7,66de7abb4abe09a561c909627a25d9bd58059d80cb02f1a2964a895e89dea87a,0.020599365234375,-44.32677920789634,9.594891997265158e-05,0.0,0.0024978962753000574,531.25,18.45355586933478,1.0
220988,10.24,IFA_33_11_1291.wav,44100,29-02-20 00:00,mosquito,culex pipiens complex,Female,f,Single,,HBN,telinga,tascam,Tanzania,Kilombero District,Morogoro,Ifakara,cup,D:\VGU-27\Edge AI Project\data\audio\220988.wav,44100,1,PCM_24,10.23997732426304,-2.2675736961019766e-05,ee8fec719d8d89db6740fbb763caacbe2419627c99edbbffbf2c0970586146bd,7a9e6e118e7a2888233a98f9cebf6d68523c1bfa2d79c591a38102a395f6fc2f,0.021728515625,-46.94192288098749,3.1745152694106066e-05,0.0,0.0026706054036577994,546.875,17.749943099733972,0.9968652037617555
220977,2.56,IFA_33_12_1292.wav,44100,29-02-20 00:00,mosquito,culex pipiens complex,Female,f,Single,,HBN,telinga,tascam,Tanzania,Kilombero District,Morogoro,Ifakara,cup,D:\VGU-27\Edge AI Project\data\audio\220977.wav,44100,1,PCM_24,2.56,0.0,86f6908611b3b9f754cc298ba4a705bb078076fe1aea6f1a4f10d48407e15887,267c2119e3c1ec9317a4ac2bffc71716526b130e72ef7cea3835d5859b1e3bb8,0.035858154296875,-44.0079092133867,3.865381487372781e-05,0.0,0.0029319019274376417,515.625,19.11795000313701,1.0
220999,2.56,IFA_33_15_1295.wav,44100,29-02-20 00:00,mosquito,an arabiensis,Female,f,Single,,HBN,telinga,tascam,Tanzania,Kilombero District,Morogoro,Ifakara,cup,D:\VGU-27\Edge AI Project\data\audio\220999.wav,44100,1,PCM_24,2.56,0.0,7a79d17fa107b3ea212966647aafede1aa800788cc1a145c793e7a22ad8731fd,f27253ef327f2eedf21267a02a9d1eb2ed804d4da18099348e2e6f970fed38e0,0.023834228515625,-48.34591603102567,5.7917603559775144e-05,0.0,0.004233985260770975,156.25,16.627960110631076,1.0
220980,2.56,IFA_33_16_1296.wav,44100,29-02-20 00:00,mosquito,culex pipiens complex,Female,f,Single,,HBN,telinga,tascam,Tanzania,Kilombero District,Morogoro,Ifakara,cup,D:\VGU-27\Edge AI Project\data\audio\220980.wav,44100,1,PCM_24,2.56,0.0,83125a0516db63e7147e96fdc82d584c45346e05d13cd8d06b06d0528d0d7c6f,74c036a84d2115943cc769754bc9499175c8befe7b39eca3cd4edaffb7d4aa5b,0.0150146484375,-49.661659489331946,3.5240806960194556e-05,0.0,0.00364937641723356,593.75,14.455298424360164,0.9367088607594937
220981,2.56,IFA_33_16_1296.wav,44100,29-02-20 00:00,mosquito,culex pipiens complex,Female,f,Single,,HBN,telinga,tascam,Tanzania,Kilombero District,Morogoro,Ifakara,cup,D:\VGU-27\Edge AI Project\data\audio\220981.wav,44100,1,PCM_24,2.5599773242630386,-2.2675736961463855e-05,9933b524912c3f52bbfbc5faca290980937c6a82823737262b62ea9100e22683,9b23f7f146d1d77e99ed8eca125747ea33ac937b655e1593395aa50e2c3c0ef8,0.02618408203125,-44.601507587667115,-0.0002106430585562082,0.0,0.002524469639930909,578.125,16.846873764035287,0.9873417721518988
220972,2.56,IFA_33_18_1298.wav,44100,29-02-20 00:00,mosquito,an arabiensis,Female,f,Single,,HBN,telinga,tascam,Tanzania,Kilombero District,Morogoro,Ifakara,cup,D:\VGU-27\Edge AI Project\data\audio\220972.wav,44100,1,PCM_24,2.5599773242630386,-2.2675736961463855e-05,c24e28dc93c5aa0c0877ccd2a001366d27d2c3e1562db8d4a6a84dd08a746fbe,4cb1b6f3a894bf19563981c6b58b1dd65b5072d55c7445334ba213dc77114c9a,0.062774658203125,-39.85225418700881,0.00022952451756194916,0.0,0.002046149076575579,593.75,18.48484196189187,0.9746835443037974
220985,5.12,IFA_33_20_1300.wav,44100,29-02-20 00:00,mosquito,an arabiensis,Female,f,Single,,HBN,telinga,tascam,Tanzania,Kilombero District,Morogoro,Ifakara,cup,D:\VGU-27\Edge AI Project\data\audio\220985.wav,44100,1,PCM_24,5.12,0.0,f30aa762aa7d0ec7d7f64faf715f0dfca968b95c0468fb5cc045a8bb7dca8ea7,05f218007c5b6f102ccbef329a728a10d77b4549d7accaed8112be038854b2a8,0.04058837890625,-45.837184792503834,3.883425070314991e-05,0.0,0.0032640660430839,484.375,16.28525497790338,0.9874213836477987
220978,12.8,IFA_33_21_1301.wav,44100,29-02-20 00:00,mosquito,an arabiensis,Female,f,Single,,HBN,telinga,tascam,Tanzania,Kilombero District,Morogoro,Ifakara,cup,D:\VGU-27\Edge AI Project\data\audio\220978.wav,44100,1,PCM_24,12.8,0.0,c045b9e40dce43f508c540260c91f771452f7d15c33898d3a8fb734579f7eb3b,b586c1a32ac6a63d56b2d023ff3a650d7f28bcadf43ae6dd834d85de03c13292,0.037200927734375,-49.50599692549565,1.3401665114491434e-05,0.0,0.004510345804988662,500.0,21.892030101459547,1.0
220997,2.56,IFA_33_22_1302.wav,44100,29-02-20 00:00,mosquito,an arabiensis,Female,f,Single,,HBN,telinga,tascam,Tanzania,Kilombero District,Morogoro,Ifakara,cup,D:\VGU-27\Edge AI Project\data\audio\220997.wav,44100,1,PCM_24,2.5599773242630386,-2.2675736961463855e-05,2e1f60e7361b351d1330c3e1b546f497a2263d25a4d913fb0c61d3512ef9d812,d52fee85df00af4088c57bb50ab0fbd1e127c8e8b8a424b68b27b3aaf6d3bbb1,0.0074462890625,-53.29751480178528,8.578792750938372e-05,0.0,0.0066699145223437705,531.25,16.48662487096098,1.0
220984,5.12,IFA_33_23_1303.wav,44100,29-02-20 00:00,mosquito,an arabiensis,Female,f,Single,,HBN,telinga,tascam,Tanzania,Kilombero District,Morogoro,Ifakara,cup,D:\VGU-27\Edge AI Project\data\audio\220984.wav,44100,1,PCM_24,5.12,0.0,4e8ef7f202ea15d374316ea43d5150cf343231048d932f5baff1d6c958afdc95,dc61abe555674973999a79e84c2e93cb44cbf500ab22725cb8561004b7db12a6,0.067474365234375,-41.18831170688271,9.460446515591507e-05,0.0,0.0031179138321995466,500.0,17.55578697939238,0.9874213836477987
220979,25.54,IFA_33_24_1304.wav,44100,29-02-20 00:00,mosquito,culex pipiens complex,Female,f,Single,,HBN,telinga,tascam,Tanzania,Kilombero District,Morogoro,Ifakara,cup,D:\VGU-27\Edge AI Project\data\audio\220979.wav,44100,1,PCM_24,25.54,0.0,5d0e9f4e930eddcdd0954af0898f58e17e2b5ed8360f9e5d85aca267a2b1d85c,8cba4b2b9d5d1e85b83eb2c5a1c70c2d4391c2e1f076d953712238d950688587,0.0594482421875,-41.26561928784803,3.422017623346487e-05,0.0,0.0025348171113916723,515.625,20.199049833137867,0.9974905897114178
220976,2.56,IFA_33_27_1307.wav,44100,29-02-20 00:00,mosquito,an arabiensis,Female,f,Single,,HBN,telinga,tascam,Tanzania,Kilombero District,Morogoro,Ifakara,cup,D:\VGU-27\Edge AI Project\data\audio\220976.wav,44100,1,PCM_24,2.56,0.0,0b3e7b65d1ffe168d63994d30ca55f54df6880d0745919b88f37d169a8696a27,42524e3938d6490fff840ff20f822935b981d75ed99c3390ce03111cce47bde8,0.01934814453125,-48.470008109658586,-1.094833252921937e-05,0.0,0.005004606009070295,156.25,15.336602403027795,0.9746835443037974
220995,7.68,IFA_33_34_1314.wav,44100,29-02-20 00:00,mosquito,culex pipiens complex,Female,f,Single,,HBN,telinga,tascam,Tanzania,Kilombero District,Morogoro,Ifakara,cup,D:\VGU-27\Edge AI Project\data\audio\220995.wav,44100,1,PCM_24,7.68,0.0,fbe414536acc72bd1e94a131167032f49ada7d50ce8e9a50e69dc77504ca2f9a,a7bf58059c94b4dcdbaaf8327ef0fc6b16c3051083f97bb7ac695a538c62d1d6,0.04412841796875,-46.82964032389377,9.063555269825216e-05,0.0,0.0032714474678760394,609.375,22.297657985019413,1.0
220996,25.54,IFA_33_34_1314.wav,44100,29-02-20 00:00,mosquito,culex pipiens complex,Female,f,Single,,HBN,telinga,tascam,Tanzania,Kilombero District,Morogoro,Ifakara,cup,D:\VGU-27\Edge AI Project\data\audio\220996.wav,44100,1,PCM_24,25.54,0.0,1c9340fd23157e3ab702577d6e7fa21d4f1f4cf29d1f6483e6a9235ffc9563b2,77759516047fc5444a9e262e45f68f51067d93d76cbe3b8ea03c012638ebeb0f,0.059173583984375,-47.35594254142906,4.74694038266083e-05,0.0,0.0038506135944328134,609.375,21.051448511970175,0.998745294855709
220994,5.12,IFA_33_34_1314.wav,44100,29-02-20 00:00,mosquito,culex pipiens complex,Female,f,Single,,HBN,telinga,tascam,Tanzania,Kilombero District,Morogoro,Ifakara,cup,D:\VGU-27\Edge AI Project\data\audio\220994.wav,44100,1,PCM_24,5.12,0.0,2571fdf151ce600521a7efa38ea8322a9f05a71e7beb48e1bb1c5ac8db2bfe38,c3c17aa03fbf7a5e564fa9e8275c912f77b24d9faa05bc00c5d9df7b718a58f5,0.0823974609375,-42.31855983715802,-0.0001400865935414286,0.0,0.0035962301587301585,218.75,22.411393757591405,0.9685534591194969
221003,5.12,IFA_33_40_1320.wav,44100,29-02-20 00:00,mosquito,an arabiensis,Female,f,Single,,HBN,telinga,tascam,Tanzania,Kilombero District,Morogoro,Ifakara,cup,D:\VGU-27\Edge AI Project\data\audio\221003.wav,44100,1,PCM_24,5.12,0.0,b853701f15f844c72b157b71e891edbd24ae6c3ac40613e489bb75a5992dcd33,4819f3496846040ac65c56ff4dca9d355f5dbd1141fdae3ac645fa79329500f6,0.0887451171875,-43.42742225016774,-3.6087165884420175e-08,0.0,0.00466358418367347,453.125,16.287375196599836,0.9748427672955975
221007,5.06,IFA_33_40_1320.wav,44100,29-02-20 00:00,mosquito,an arabiensis,Female,f,Single,,HBN,telinga,tascam,Tanzania,Kilombero District,Morogoro,Ifakara,cup,D:\VGU-27\Edge AI Project\data\audio\221007.wav,44100,1,PCM_24,5.06,0.0,424970c9b51d27754040dc66455c0e3cd806482916c3f8eaed872a570e715165,8e2d2793f7767ce5b7d6575a2d3596223a82f1e768b464170673811bd40c46ea,0.03753662109375,-45.76721247249628,9.10081537143843e-05,0.0,0.003114552803993798,734.375,16.53617468944626,0.9808917197452229
221004,5.12,IFA_33_40_1320.wav,44100,29-02-20 00:00,mosquito,an arabiensis,Female,f,Single,,HBN,telinga,tascam,Tanzania,Kilombero District,Morogoro,Ifakara,cup,D:\VGU-27\Edge AI Project\data\audio\221004.wav,44100,1,PCM_24,5.12,0.0,f4b84d8e33c6347c96a22fe4e0abf4d87c5ceac58d2da97fabb509e340f952e0,e6f7f314e620e5a0f733e27b060756a3411a7a7654bb5bc134082861ee9e9d7e,0.032989501953125,-47.41810802839353,-5.233112105977238e-05,0.0,0.004340277777777778,453.125,16.44252245910245,0.9937106918238994
221005,15.36,IFA_33_40_1320.wav,44100,29-02-20 00:00,mosquito,an arabiensis,Female,f,Single,,HBN,telinga,tascam,Tanzania,Kilombero District,Morogoro,Ifakara,cup,D:\VGU-27\Edge AI Project\data\audio\221005.wav,44100,1,PCM_24,15.36,0.0,83219fe9790ac3b3411f2808f0dbd21714bb6f38f5e555e245ee16257523c2a7,6f2e7a137096193a3df268574ed5742f3db2c7da134454b068f6a8cda7100c89,0.108795166015625,-42.31361550069789,3.621898991360596e-05,0.0,0.003881153155706727,453.125,16.846813442291925,0.9895615866388309
221006,2.56,IFA_33_40_1320.wav,44100,29-02-20 00:00,mosquito,an arabiensis,Female,f,Single,,HBN,telinga,tascam,Tanzania,Kilombero District,Morogoro,Ifakara,cup,D:\VGU-27\Edge AI Project\data\audio\221006.wav,44100,1,PCM_24,2.5599773242630386,-2.2675736961463855e-05,a8d05090f57c5cca19bf69b8dc5c551e43413e74ad4426a0889852e00aa46acf,a6ed3a03659aa7599387c6aac6f10d23c3989bf96e0821ede8b6d4d06ae08859,0.03057861328125,-46.898903606732894,0.00013001253281879734,0.0,0.003259666061384472,453.125,16.27759989126789,1.0
220998,28.16,IFA_34_11_1331.wav,44100,29-02-20 00:00,mosquito,culex pipiens complex,Female,f,Single,,HBN,telinga,tascam,Tanzania,Kilombero District,Morogoro,Ifakara,cup,D:\VGU-27\Edge AI Project\data\audio\220998.wav,44100,1,PCM_24,28.16,0.0,97fe9f4da9f0438840d214d25ffb360d424f7bfac4a0357d70a3f1cd7386dee2,202c2ce7918b5d37eb565f3328a68c9a50c291eb6b0d4be17f975c26cf652e4f,0.08709716796875,-40.057808171375754,5.042980538523337e-05,0.0,0.0027032119666048236,515.625,19.658170533579288,0.9863481228668942
220992,2.56,IFA_34_12_1332.wav,44100,29-02-20 00:00,mosquito,culex pipiens complex,Female,f,Single,,HBN,telinga,tascam,Tanzania,Kilombero District,Morogoro,Ifakara,cup,D:\VGU-27\Edge AI Project\data\audio\220992.wav,44100,1,PCM_24,2.56,0.0,9ef5395f1eadb63f723963b9bfaf36fca52f9774b79e0028f6ff3aa7d11d7798,5983b7525fd0936c2bd0b0f6a5919a747371880b9795979c698f62ddbb5ce497,0.0311279296875,-44.967215023626665,6.893162284037963e-05,0.0,0.0027016014739229023,156.25,15.703972051447828,0.9620253164556962
220991,15.36,IFA_34_12_1332.wav,44100,29-02-20 00:00,mosquito,culex pipiens complex,Female,f,Single,,HBN,telinga,tascam,Tanzania,Kilombero District,Morogoro,Ifakara,cup,D:\VGU-27\Edge AI Project\data\audio\220991.wav,44100,1,PCM_24,15.36,0.0,fb43221e807bf9789d79d8451914bd5d97065bcc49d1ae6dfca324efe4d1d830,09ff8c2e23af47f643e9dae2046566229111f1e83bebfdfc12c22d68d659b9a3,0.05548095703125,-43.85238756057663,-1.706819325257501e-05,0.0,0.003674473261526833,156.25,17.17556563401435,0.9895615866388309
220993,2.5,IFA_34_12_1332.wav,44100,29-02-20 00:00,mosquito,culex pipiens complex,Female,f,Single,,HBN,telinga,tascam,Tanzania,Kilombero District,Morogoro,Ifakara,cup,D:\VGU-27\Edge AI Project\data\audio\220993.wav,44100,1,PCM_24,2.5,0.0,b018d5f40f10bdedb205790be025f20aeb3282d3636c716b3d11ae526e57bdae,6c6411ceec2748cc4b23d9f747a1d34899f66a436d4e3e3f69c4e12b97acd431,0.059783935546875,-40.52155836034122,-0.00021754119942247733,0.0,0.0026485260770975055,796.875,16.110909912566463,0.974025974025974
221000,2.56,IFA_34_14_1334.wav,44100,29-02-20 00:00,mosquito,culex pipiens complex,Female,f,Single,,HBN,telinga,tascam,Tanzania,Kilombero District,Morogoro,Ifakara,cup,D:\VGU-27\Edge AI Project\data\audio\221000.wav,44100,1,PCM_24,2.5599773242630386,-2.2675736961463855e-05,24f1ab6f7f77e4f70dddccf93a1fc9404098339f0f8bc47211619bb1756512c0,67d2341fafe762aefcb8357ce38fec0a9e29ea5be94cccc95b6eca7878e1ffa2,0.0086669921875,-54.28631489748382,-0.0001141334985460771,0.0,0.006430754240666105,546.875,19.800205833252004,1.0
220982,12.8,IFA_34_18_1338.wav,44100,29-02-20 00:00,mosquito,culex pipiens complex,Female,f,Single,,HBN,telinga,tascam,Tanzania,Kilombero District,Morogoro,Ifakara,cup,D:\VGU-27\Edge AI Project\data\audio\220982.wav,44100,1,PCM_24,12.8,0.0,d3b7e7ad89bfcbf6e253b3919ef8d1cee85ceb46421e3ae4379222b954cf8c1f,8edbb1fca246888fbb0fb00173471593afdc293decf565aedff10322bd87d842,0.0963134765625,-42.759203792668394,1.0919354670172105e-05,0.0,0.003592687074829932,156.25,17.46393804582915,0.9849624060150376
220983,12.8,IFA_34_18_1338.wav,44100,29-02-20 00:00,mosquito,culex pipiens complex,Female,f,Single,,HBN,telinga,tascam,Tanzania,Kilombero District,Morogoro,Ifakara,cup,D:\VGU-27\Edge AI Project\data\audio\220983.wav,44100,1,PCM_24,12.8,0.0,4edb6d08571fc90de3bfc28a41109431e364b08953aaa6718fbfd075adf8a83c,b0fa01fb364b24975fa38174096e042cbbc6c7fcc8d0d156321f3d7ba7b76616,0.057525634765625,-43.60021781100278,-5.686039827307876e-06,0.0,0.004170209750566894,515.625,17.55358257971932,0.9974937343358395
220061,20.48,IFA_34_20_1340.wav,44100,02-03-20 00:00,mosquito,culex pipiens complex,Female,f,Single,,HBN,telinga,tascam,Tanzania,Kilombero District,Morogoro,Ifakara,cup,D:\VGU-27\Edge AI Project\data\audio\220061.wav,44100,1,PCM_24,20.48,0.0,0134486075d60a3b93f429d2c0ad85aae811fa248ad296c16d77c2778b0fac22,7e36e010b9d5c2c82bec38e21151571bf4c9c74f5f730c1d842a045edd312540,0.07183837890625,-41.03965639112478,1.68935917402341e-05,0.0,0.003815458475056689,531.25,19.140102494278317,0.9859154929577465
220062,5.12,IFA_34_20_1340.wav,44100,02-03-20 00:00,mosquito,culex pipiens complex,Female,f,Single,,HBN,telinga,tascam,Tanzania,Kilombero District,Morogoro,Ifakara,cup,D:\VGU-27\Edge AI Project\data\audio\220062.wav,44100,1,PCM_24,5.12,0.0,3fe24cda4edc55fbe25fde6f5cf783147caa249bc91e95ac8e195ab6e4a7c080,3990d31c67c7783736863c7eb1f7c360b12fb6899a9b9f1ed11228fbd7d321d7,0.084808349609375,-39.430356741040086,5.484235529996911e-05,0.0,0.004406710600907029,156.25,19.4481923080492,1.0
220067,53.7,IFA_34_21_1341.wav,44100,02-03-20 00:00,mosquito,culex pipiens complex,Female,f,Single,,HBN,telinga,tascam,Tanzania,Kilombero District,Morogoro,Ifakara,cup,D:\VGU-27\Edge AI Project\data\audio\220067.wav,44100,1,PCM_24,53.7,0.0,386367191cae300a4130e4e12690de3ce54424f9f83283defc9569860645c6dc,b08c423e3e1a885bbf1cf34ce0253b2d0ec82f481bf428d65c4e1b7fb1365481,0.071319580078125,-42.65759041818181,3.5091277997950425e-05,0.0,0.0030601688223396125,343.75,18.699180605006152,0.9994036970781157
220055,35.78,IFA_34_22_1342.wav,44100,02-03-20 00:00,mosquito,culex pipiens complex,Female,f,Single,,HBN,telinga,tascam,Tanzania,Kilombero District,Morogoro,Ifakara,cup,D:\VGU-27\Edge AI Project\data\audio\220055.wav,44100,1,PCM_24,35.78,0.0,390664cb238a540a88e8b774f527a8e1149629538d4e0c9e4aa2ce580caa1c0a,989b57f46cf90fdacf3d9ecded8bb57a051b6d46340ef80cb262f93c8d8d1071,0.0906982421875,-43.07347327321449,3.603631749376781e-05,0.0,0.002685217929169059,156.25,20.081846072588366,0.9982094897045658
220044,61.38,IFA_34_23_1343.wav,44100,02-03-20 00:00,mosquito,an arabiensis,Female,f,Single,,HBN,telinga,tascam,Tanzania,Kilombero District,Morogoro,Ifakara,cup,D:\VGU-27\Edge AI Project\data\audio\220044.wav,44100,1,PCM_24,61.38,0.0,769b1312c8eb14bb9ba89dc602f21e48f73245e07cf3d1963f3700b13b4b38bf,5af746b7eacf2f6fd55813b75cd2745e1e9fa75612a2ffa656bfb2d5fe7e028a,0.0704345703125,-43.91157004408391,3.159808333433195e-05,0.0,0.003187089976644508,156.25,19.915473109719787,1.0
220058,28.16,IFA_34_24_1344.wav,44100,02-03-20 00:00,mosquito,culex pipiens complex,Female,f,Single,,HBN,telinga,tascam,Tanzania,Kilombero District,Morogoro,Ifakara,cup,D:\VGU-27\Edge AI Project\data\audio\220058.wav,44100,1,PCM_24,28.16,0.0,3860d1fa4d73acd364c55d67b8cd4fec4986b45f793aa8a3157e4a7135a9a9d5,ff120950cd659b029e52b5895ebcf7874a3f31c8dcb7ced2948dd2f99123603f,0.07391357421875,-46.15349951488109,1.744933040872895e-05,0.0,0.00404716810966811,515.625,18.13556387443234,0.9943117178612059
220059,12.74,IFA_34_24_1344.wav,44100,02-03-20 00:00,mosquito,culex pipiens complex,Female,f,Single,,HBN,telinga,tascam,Tanzania,Kilombero District,Morogoro,Ifakara,cup,D:\VGU-27\Edge AI Project\data\audio\220059.wav,44100,1,PCM_24,12.73997732426304,-2.2675736961019766e-05,e0550048899cbeaab3832ad9d2720df58163b34e12a73aafd1b326caa912ab3c,01f7b1656cdabf13348d20bbb1fe6192570000d25e229a35700cb96a3c42ee03,0.0714111328125,-41.40874483105474,2.815871549992391e-05,0.0,0.003041829155638775,156.25,17.739984491881668,1.0
220066,38.34,IFA_34_25_1345.wav,44100,02-03-20 00:00,mosquito,culex pipiens complex,Female,f,Single,,HBN,telinga,tascam,Tanzania,Kilombero District,Morogoro,Ifakara,cup,D:\VGU-27\Edge AI Project\data\audio\220066.wav,44100,1,PCM_24,38.34,0.0,4182c39ccaed80548fc5ef3eec1f7fc10385514aea7f811af4606852b6f0d38b,25ddc76978f7f895844aaa0580ee7def33c7ca9a1c32c40fca2c2edf6fdef446,0.09051513671875,-44.340376681023166,-7.748330120715475e-06,0.0,0.00326828697050025,562.5,19.329883874575756,0.9991645781119465
220041,17.92,IFA_34_26_1346.wav,44100,02-03-20 00:00,mosquito,an arabiensis,Female,f,Single,,HBN,telinga,tascam,Tanzania,Kilombero District,Morogoro,Ifakara,cup,D:\VGU-27\Edge AI Project\data\audio\220041.wav,44100,1,PCM_24,17.919977324263037,-2.267573696457248e-05,c09166a0e814a21acb91a171e0de10fb2184d289052d6df02054006ebe550a2d,2c6788ce4a9957712da35e121d94cb637831ab923ca48ed085b0521d7807f539,0.055023193359375,-46.59947229563004,3.3165711385516804e-05,0.0,0.003210291153287923,406.25,17.59216729414566,0.9946332737030411
220042,5.12,IFA_34_26_1346.wav,44100,02-03-20 00:00,mosquito,an arabiensis,Female,f,Single,,HBN,telinga,tascam,Tanzania,Kilombero District,Morogoro,Ifakara,cup,D:\VGU-27\Edge AI Project\data\audio\220042.wav,44100,1,PCM_24,5.119977324263038,-2.2675736961907944e-05,56e91a9b14c679ec92c5108c832bf1d1a9fea91571b98656a27a10b4ddffc7ed,e8be7f7f6aac608591be40d064a7df168591d3fe258fd3135129d07700c42345,0.014312744140625,-50.16642420954657,-0.00010172179134790304,0.0,0.00453959635237897,296.875,16.503367767350813,0.9811320754716981
220043,15.36,IFA_34_26_1346.wav,44100,02-03-20 00:00,mosquito,an arabiensis,Female,f,Single,,HBN,telinga,tascam,Tanzania,Kilombero District,Morogoro,Ifakara,cup,D:\VGU-27\Edge AI Project\data\audio\220043.wav,44100,1,PCM_24,15.36,0.0,1c2a339b81d86eaba982e6691443bcc8f6f800006f1390069b4aaecdf82d4acc,cb706350f7f94fcadc492f9aed34bfb64f5402b05ffb3e77c89754c5d4f09dc5,0.067108154296875,-43.69135476488684,3.1281851136314987e-06,0.0,0.0032301114890400605,156.25,17.46144097045929,0.9958246346555324
220054,43.46,IFA_34_27_1347.wav,44100,02-03-20 00:00,mosquito,culex pipiens complex,Female,f,Single,,HBN,telinga,tascam,Tanzania,Kilombero District,Morogoro,Ifakara,cup,D:\VGU-27\Edge AI Project\data\audio\220054.wav,44100,1,PCM_24,43.46,0.0,8318ef4c3bef450a903c10b95970490851dd04f7a4875d8b3a30511c5238d289,0af85b34f6c00d0513c519039a83e7f39336e68d23b341c0e6cd6e122c4eb8f3,0.04864501953125,-46.21051080333074,3.952905517427049e-05,0.0,0.0036617193280134575,921.875,19.506775349373445,0.9963154016212233
220070,43.46,IFA_34_28_1348.wav,44100,02-03-20 00:00,mosquito,culex pipiens complex,Female,f,Single,,HBN,telinga,tascam,Tanzania,Kilombero District,Morogoro,Ifakara,cup,D:\VGU-27\Edge AI Project\data\audio\220070.wav,44100,1,PCM_24,43.46,0.0,8e818086c99c297c7adaa31cebd44c4e0bc51e293b2c649565f029ced8a33abe,35e7731c118ee0c058827b988c9d9698b2f7f432568ba4b5c10d2b6d0bed4f6a,0.189056396484375,-40.836510695585986,5.520279461517119e-05,0.0,0.0034942340181969398,546.875,19.1767690151276,0.9918938835666913
220060,35.78,IFA_34_29_1349.wav,44100,02-03-20 00:00,mosquito,culex pipiens complex,Female,f,Single,,HBN,telinga,tascam,Tanzania,Kilombero District,Morogoro,Ifakara,cup,D:\VGU-27\Edge AI Project\data\audio\220060.wav,44100,1,PCM_24,35.78,0.0,2a6c01572235a67c29cbbbfe944260c2d45c61d9e973d549aff034d38bbf744c,b3589adab1477535e13338a33169ce99391f318de3897282e149d64f85aacf1a,0.066162109375,-46.00388662000475,2.3950227216841648e-05,0.0,0.003727110370885824,921.875,20.102227422274083,0.9838854073410922
220057,48.58,IFA_34_30_1350.wav,44100,02-03-20 00:00,mosquito,an arabiensis,Female,f,Single,,HBN,telinga,tascam,Tanzania,Kilombero District,Morogoro,Ifakara,cup,D:\VGU-27\Edge AI Project\data\audio\220057.wav,44100,1,PCM_24,48.58,0.0,55a3aab05c8279047f40b5739ac9b4e9c62dca0390a55fc87bc043e5a2199686,a19a2d648922df2519ac4e2340134f3b6a222b4b5b2b9b819e4bdcb80c7ed782,0.062286376953125,-46.29800945123377,1.790802238159098e-05,0.0,0.00439558285232578,343.75,17.289788659668325,0.97363216875412
220074,33.22,IFA_34_31_1351.wav,44100,02-03-20 00:00,mosquito,culex pipiens complex,Female,f,Single,,HBN,telinga,tascam,Tanzania,Kilombero District,Morogoro,Ifakara,cup,D:\VGU-27\Edge AI Project\data\audio\220074.wav,44100,1,PCM_24,33.22,0.0,54e0da9d7553874864044f57cd6e0034122558a46d7155a98cfe7109b1da5f56,d03dca0a7f4342ac6a9d59ad2e5dd1e41f8532bd0c75210e711e4122e7040611,0.0885009765625,-40.616955190183845,2.7012519283516762e-05,0.0,0.0029228629039414282,500.0,18.840743244369975,0.9874638379942141
220051,20.42,IFA_34_32_1352.wav,44100,02-03-20 00:00,mosquito,culex pipiens complex,Female,f,Single,,HBN,telinga,tascam,Tanzania,Kilombero District,Morogoro,Ifakara,cup,D:\VGU-27\Edge AI Project\data\audio\220051.wav,44100,1,PCM_24,20.419977324263037,-2.267573696457248e-05,a7eeb9af415df7f9dadb83bf30d4716c712e9a7e0e45ea897dd07189244cb143,fb0a899d0e8488bacc8b78dd5f88f219b87714a5b3521f9b7a47673b49a3efbc,0.064239501953125,-41.669554022459195,5.753335853199842e-06,0.0,0.0027883858344225176,390.625,16.6616715942251,0.9434850863422292
220045,51.14,IFA_34_33_1353.wav,44100,02-03-20 00:00,mosquito,culex pipiens complex,Female,f,Single,,HBN,telinga,tascam,Tanzania,Kilombero District,Morogoro,Ifakara,cup,D:\VGU-27\Edge AI Project\data\audio\220045.wav,44100,1,PCM_24,51.14,0.0,e70e742c066b1b5e55b2504374c8ff8170f7154fda7cf61b50651ce02862de9c,19b4d35b9037aba665d190f72cc15a84097c9632c482ec27f40cce10d6bd8d01,0.04412841796875,-47.468920396622245,5.358586121267166e-05,0.0,0.004185300766115336,515.625,16.17859283036202,0.9718221665623044
220063,51.14,IFA_34_35_1355.wav,44100,02-03-20 00:00,mosquito,an arabiensis,Female,f,Single,,HBN,telinga,tascam,Tanzania,Kilombero District,Morogoro,Ifakara,cup,D:\VGU-27\Edge AI Project\data\audio\220063.wav,44100,1,PCM_24,51.14,0.0,7688567022f1f10428111bd8334695abfa3c220f1fb71293cbe420bf67ed86f8,c712d9726e3425224670ae3cdace48fb395576208eaa78a87c2072c1803838c0,0.09356689453125,-42.04438016230071,2.32676448851808e-05,0.0,0.002754432499110973,156.25,18.55538683488605,0.9937382592360676
220069,40.9,IFA_34_36_1356.wav,44100,02-03-20 00:00,mosquito,an arabiensis,Female,f,Single,,HBN,telinga,tascam,Tanzania,Kilombero District,Morogoro,Ifakara,cup,D:\VGU-27\Edge AI Project\data\audio\220069.wav,44100,1,PCM_24,40.9,0.0,c456a54dce4613327b3ad7856360384552c6bb73dab57bd62ceb073a70f06d5c,e1cf0da1e12cb6a9dc5ce9d2eeb027292bc2bfaee978e644cf9de632668db13e,0.16302490234375,-40.07897224333157,4.134421300483315e-05,0.0,0.003523332723472437,156.25,19.149678428977452,0.9921691464369616
220049,28.1,IFA_34_37_1357.wav,44100,02-03-20 00:00,mosquito,an arabiensis,Female,f,Single,,HBN,telinga,tascam,Tanzania,Kilombero District,Morogoro,Ifakara,cup,D:\VGU-27\Edge AI Project\data\audio\220049.wav,44100,1,PCM_24,28.1,0.0,e0454f4495671b7e86958194f790d525d3d598f651642301d49054dbe1655475,5a4937323e605f2d4ac7a0dfc7d05f89badfedf37b7d5f9af278b63bc0492bbf,0.0850830078125,-43.722809993823134,4.5668477879178066e-05,0.0,0.004802253048313038,156.25,19.246057777220443,0.9942987457240593
220068,30.66,IFA_34_38_1358.wav,44100,02-03-20 00:00,mosquito,an arabiensis,Female,f,Single,,HBN,telinga,tascam,Tanzania,Kilombero District,Morogoro,Ifakara,cup,D:\VGU-27\Edge AI Project\data\audio\220068.wav,44100,1,PCM_24,30.66,0.0,5fc3ea807558d2b63b0b45a04a087e6c354edb2350ba0b606bac90d5bdd1ee48,04534d92b5aa124f1f3b72e97a8c31e0bb2abd19f5026a1dddb9d0200cff95e5,0.1129150390625,-40.05326141598681,-1.4439415700742952e-06,0.0,0.004461928280770886,156.25,20.730818215127222,0.9916405433646813
220056,40.9,IFA_34_39_1359.wav,44100,02-03-20 00:00,mosquito,an arabiensis,Female,f,Single,,HBN,telinga,tascam,Tanzania,Kilombero District,Morogoro,Ifakara,cup,D:\VGU-27\Edge AI Project\data\audio\220056.wav,44100,1,PCM_24,40.9,0.0,e3102ee3f390cc4d2603e51dd87e9d5b348847e72ed6296d0ccc73f3627542c8,0b425092d66d4381be86b9a43e270bb97f13415927eb3986a54f98dff583e0aa,0.124664306640625,-44.510146824571805,1.1458460703517857e-05,0.0,0.005740454290925824,906.25,23.362459865795522,0.9976507439310884
220072,7.68,IFA_34_40_1360.wav,44100,02-03-20 00:00,mosquito,an arabiensis,Female,f,Single,,HBN,telinga,tascam,Tanzania,Kilombero District,Morogoro,Ifakara,cup,D:\VGU-27\Edge AI Project\data\audio\220072.wav,44100,1,PCM_24,7.68,0.0,ec9dd456c25cabd2799c1fa9819756ae0a24ad945466507f83d5c854f25b3c18,4b559d301f731789d5aca952c5bbdd6e08136bd3433e3845d5359a2aff8eafb6,0.00787353515625,-54.378096977612095,-1.905186106017928e-06,0.0,0.006156108276643991,937.5,23.341054892549167,1.0
220073,7.62,IFA_34_40_1360.wav,44100,02-03-20 00:00,mosquito,an arabiensis,Female,f,Single,,HBN,telinga,tascam,Tanzania,Kilombero District,Morogoro,Ifakara,cup,D:\VGU-27\Edge AI Project\data\audio\220073.wav,44100,1,PCM_24,7.619977324263038,-2.2675736961907944e-05,2c86c7093c49ee922a091f7dc59549cccf03e87ee0d0c1bc69a7892a58d892a5,a5e569360990d98fcc52c8d8a605eab8408132e9748f6df009d9a1250b7c094f,0.12567138671875,-39.53857891596725,5.842858286358658e-06,0.0,0.004204844051767492,921.875,17.886374608348703,0.9746835443037974
220071,17.92,IFA_34_40_1360.wav,44100,02-03-20 00:00,mosquito,an arabiensis,Female,f,Single,,HBN,telinga,tascam,Tanzania,Kilombero District,Morogoro,Ifakara,cup,D:\VGU-27\Edge AI Project\data\audio\220071.wav,44100,1,PCM_24,17.919977324263037,-2.267573696457248e-05,88b4098123a62c42045cc212a74870556727ce3757df71da40a37fccda340960,0aca06aa039578f0327d1b53aa92658fa395d37f85da18f7f104cfa2e12be009,0.1292724609375,-37.46031548897767,9.998957302404018e-06,0.0,0.00383539317525254,156.25,20.700432517616406,0.9821109123434705
220046,2.56,IFA_35_10_1370.wav,44100,02-03-20 00:00,mosquito,an arabiensis,Female,f,Single,,HBN,telinga,tascam,Tanzania,Kilombero District,Morogoro,Ifakara,cup,D:\VGU-27\Edge AI Project\data\audio\220046.wav,44100,1,PCM_24,2.5599773242630386,-2.2675736961463855e-05,94d1c9238bc4a28cb7e63876bb50fb71cfbe675df572aa5368889ced598a7915,e395aa187dbb8ccc882653892d6eaea7195a8feb30239cabdff1c5b56055d53d,0.05816650390625,-43.919825422954766,1.4189815567701182e-05,0.0,0.005004650338810399,546.875,19.621118361509925,1.0
220047,5.12,IFA_35_10_1370.wav,44100,02-03-20 00:00,mosquito,an arabiensis,Female,f,Single,,HBN,telinga,tascam,Tanzania,Kilombero District,Morogoro,Ifakara,cup,D:\VGU-27\Edge AI Project\data\audio\220047.wav,44100,1,PCM_24,5.119977324263038,-2.2675736961907944e-05,020c5e39f3d3c6593ba22f4e83f870a25bfbb4fc66c5c32f3161bc9f3437da24,55e905636cee3b449b9f06a371614c6da1da8357a783ec09642e20712e1a8288,0.02020263671875,-53.16448803251195,-8.441122832308142e-05,0.0,0.005947978440238982,531.25,19.719111731281064,0.9937106918238994
220048,17.92,IFA_35_10_1370.wav,44100,02-03-20 00:00,mosquito,an arabiensis,Female,f,Single,,HBN,telinga,tascam,Tanzania,Kilombero District,Morogoro,Ifakara,cup,D:\VGU-27\Edge AI Project\data\audio\220048.wav,44100,1,PCM_24,17.92,0.0,e280ddeaf01852c7119379a04ba58699a051e4defbfbbf5ff41f3511d12923ce,93aec2d728026b804c227e54dba87dede38ea01f791da9f89b7ae24fef65ebc8,0.03704833984375,-49.32274808994685,7.592245410243245e-06,0.0,0.006024508017492712,156.25,20.377720509910038,1.0
220053,25.6,IFA_35_11_1371.wav,44100,02-03-20 00:00,mosquito,an arabiensis,Female,f,Single,,HBN,telinga,tascam,Tanzania,Kilombero District,Morogoro,Ifakara,cup,D:\VGU-27\Edge AI Project\data\audio\220053.wav,44100,1,PCM_24,25.6,0.0,2e3f1e2daa5f12cc9a689db405ba3a65c3d93c4ddd40c9a742ad6a64c28dc888,0a7ef5b4bf62409a71f5f5facb613d6c2b1c30624d68883a5aa7cadbddd45c44,0.0972900390625,-39.885362129576286,6.054374906751845e-05,0.0,0.00378047052154195,328.125,20.22604072112337,0.9937421777221527
220050,40.9,IFA_35_12_1372.wav,44100,02-03-20 00:00,mosquito,an arabiensis,Female,f,Single,,HBN,telinga,tascam,Tanzania,Kilombero District,Morogoro,Ifakara,cup,D:\VGU-27\Edge AI Project\data\audio\220050.wav,44100,1,PCM_24,40.9,0.0,60c6594ee30ea3af64226f7f33d8cff378a332bab99cbfcabe439dd5fd27cf6d,01bcf48c38f677bb231f3f92837f1975affa37132d9839c549c41fc7d580294f,0.118804931640625,-42.695602659655336,3.980560215598821e-05,0.0,0.004213029955258387,156.25,18.60265225383699,0.9929522317932654
220065,51.14,IFA_35_13_1373.wav,44100,02-03-20 00:00,mosquito,an arabiensis,Female,f,Single,,HBN,telinga,tascam,Tanzania,Kilombero District,Morogoro,Ifakara,cup,D:\VGU-27\Edge AI Project\data\audio\220065.wav,44100,1,PCM_24,51.14,0.0,037732b3ec295bc97dded4867584de8da35e7b554c2b0f6a311c908435777cf1,7943a4c6bc75e905513cb749609109c97c2f7d12950dd99260b6987edb59befc,0.073577880859375,-45.72566412723498,2.9263356562010316e-05,0.0,0.004150271762987557,156.25,19.358132195461103,0.9931120851596744
220040,40.9,IFA_35_14_1374.wav,44100,02-03-20 00:00,mosquito,an arabiensis,Female,f,Single,,HBN,telinga,tascam,Tanzania,Kilombero District,Morogoro,Ifakara,cup,D:\VGU-27\Edge AI Project\data\audio\220040.wav,44100,1,PCM_24,40.9,0.0,5f2cab547a878db3a65e2a928487450c36fbd39173bfc7a64e1015af69f61fda,888ab7a9f36fe9f9505aab93778922162a691fd2f08a025704ae4eea1dc6483b,0.203948974609375,-41.31087992894138,2.994835454397478e-05,0.0,0.004809584795613437,562.5,24.237660706971788,0.9984338292873923
220064,35.78,IFA_35_15_1375.wav,44100,02-03-20 00:00,mosquito,an arabiensis,Female,f,Single,,HBN,telinga,tascam,Tanzania,Kilombero District,Morogoro,Ifakara,cup,D:\VGU-27\Edge AI Project\data\audio\220064.wav,44100,1,PCM_24,35.78,0.0,a521a36c807f096b7da4dbfd374fe80c65563161814f13b714a532f8993380c3,8a38091195bc5b42dd305f0edf0636aa65e9f8a7bdc62637d61db81f9a05ec9c,0.07562255859375,-42.3974355079433,1.3630035287402528e-05,0.0,0.004251859118903757,156.25,19.448207020149333,0.9955237242614146
220108,40.9,IFA_35_16_1376.wav,44100,02-03-20 00:00,mosquito,an arabiensis,Female,f,Single,,HBN,telinga,tascam,Tanzania,Kilombero District,Morogoro,Ifakara,cup,D:\VGU-27\Edge AI Project\data\audio\220108.wav,44100,1,PCM_24,40.9,0.0,172e7f4210b8e4ab4bb95847a5b6e8da4894dc5fd62fde70168e437a009d339e,5438e01e57f3ebf23f784ae72a8e431cf8b2e488b37ff24c28afa549a70d612b,0.060760498046875,-48.39437620341084,2.61422397074279e-05,0.0,0.005311888406544362,156.25,19.228083502192295,0.9921691464369616
220099,35.84,IFA_35_17_1377.wav,44100,02-03-20 00:00,mosquito,an arabiensis,Female,f,Single,,HBN,telinga,tascam,Tanzania,Kilombero District,Morogoro,Ifakara,cup,D:\VGU-27\Edge AI Project\data\audio\220099.wav,44100,1,PCM_24,35.84,0.0,19a6d8fda0e662c6341c683c1cc72cfaf3bbcdef0908ec73e4bc5fe2f04e17f1,8918fb0fd41b2cede9924de01bafdf93a78334b785f75105724dc7e69092b4bb,0.075286865234375,-43.08184217214819,4.858753617079389e-05,0.0,0.0044130375364431484,921.875,20.006092586198786,0.9937444146559428
220105,17.86,IFA_35_18_1378.wav,44100,02-03-20 00:00,mosquito,an arabiensis,Female,f,Single,,HBN,telinga,tascam,Tanzania,Kilombero District,Morogoro,Ifakara,cup,D:\VGU-27\Edge AI Project\data\audio\220105.wav,44100,1,PCM_24,17.86,0.0,0957bbe9061cf0d6f7b96adee306e92aed669965d6ee4360cdd24c9636f7236c,0e8c44dbc76dc680bc4ce6912070562f1577d6a0682564c71636818772cfc203,0.074676513671875,-44.236970631481796,3.1229153571043715e-05,0.0,0.0048639836673751245,906.25,21.308725843071286,0.9856373429084381
220104,2.56,IFA_35_18_1378.wav,44100,02-03-20 00:00,mosquito,an arabiensis,Female,f,Single,,HBN,telinga,tascam,Tanzania,Kilombero District,Morogoro,Ifakara,cup,D:\VGU-27\Edge AI Project\data\audio\220104.wav,44100,1,PCM_24,2.56,0.0,9210dfa56d509c45663fd15d0114b585ca53fac04204e4fbd4d4a2fb420c1a8b,6a5b027f7916006385d07a96c14e2e21f69cacb4ff95e5bbffb6dd196547515f,0.040924072265625,-44.942515408056764,-6.244133929817045e-05,0.0,0.005536068594104308,921.875,19.64911130118227,1.0
220103,2.56,IFA_35_18_1378.wav,44100,02-03-20 00:00,mosquito,an arabiensis,Female,f,Single,,HBN,telinga,tascam,Tanzania,Kilombero District,Morogoro,Ifakara,cup,D:\VGU-27\Edge AI Project\data\audio\220103.wav,44100,1,PCM_24,2.5599773242630386,-2.2675736961463855e-05,4af68a74c02cafd609cfef8d89a49032b02ac89b1db00261f7892745212918fa,a929154aaab058b1073b1938c13b6b71518bdc97a55b544e371b0ed596380120,0.057037353515625,-44.450662300066796,-2.1965249530122016e-05,0.0,0.0037202710483192347,515.625,20.89371020414812,1.0
220080,12.8,IFA_35_19_1379.wav,44100,02-03-20 00:00,mosquito,an arabiensis,Female,f,Single,,HBN,telinga,tascam,Tanzania,Kilombero District,Morogoro,Ifakara,cup,D:\VGU-27\Edge AI Project\data\audio\220080.wav,44100,1,PCM_24,12.8,0.0,2ed7725897fbc820446581b434186a6a3cb9881cc0462f5ce054048167e6cf28,548a9b6bd0e28e501b09f83a965221d254c1c7b33d5e6eb6908da08abb349184,0.06817626953125,-41.19999523399963,2.060942098396976e-05,0.0,0.0034545068027210884,156.25,19.75714880910057,0.9924812030075187
220079,17.92,IFA_35_19_1379.wav,44100,02-03-20 00:00,mosquito,an arabiensis,Female,f,Single,,HBN,telinga,tascam,Tanzania,Kilombero District,Morogoro,Ifakara,cup,D:\VGU-27\Edge AI Project\data\audio\220079.wav,44100,1,PCM_24,17.919977324263037,-2.267573696457248e-05,288fefa7379f4fa7c46fac894c558245aae8922f85d5245f0e070b9377991d34,8a264422e4af62d9c289ba34dff50132b6057418e03b1dae98ff7e19584d5d8c,0.14520263671875,-39.93304165691568,4.70108433086166e-05,0.0,0.0033469531337984057,296.875,19.762733479870718,0.9910554561717353
220115,33.22,IFA_35_20_1380.wav,44100,02-03-20 00:00,mosquito,an arabiensis,Female,f,Single,,HBN,telinga,tascam,Tanzania,Kilombero District,Morogoro,Ifakara,cup,D:\VGU-27\Edge AI Project\data\audio\220115.wav,44100,1,PCM_24,33.22,0.0,60659953c91f344aa6002a185670e852ef3691dc282290922453ed5dba4d50a1,b2ba0d7c67c1a998fff082c7336d824eca5bfd2ab6b95048ac9460a2a7f3a553,0.082916259765625,-44.10954433807233,6.5562083863622715e-06,0.0,0.0038232029717365575,156.25,18.827007858622117,0.9932497589199615
220098,38.4,IFA_35_21_1381.wav,44100,02-03-20 00:00,mosquito,an arabiensis,Female,f,Single,,HBN,telinga,tascam,Tanzania,Kilombero District,Morogoro,Ifakara,cup,D:\VGU-27\Edge AI Project\data\audio\220098.wav,44100,1,PCM_24,38.4,0.0,61c207c12dbc9909f00a90c7d9990639fb82e4cb541d6425974bf5314e9d5ea1,644c5c06008db5c22df560a73233d1b99283bc42dc5ac169dbe9b79eb603e489,0.22979736328125,-35.8807210881429,4.1497177187457556e-05,0.0,0.003227749433106576,156.25,19.52749278358821,0.9899916597164303
220088,5.12,IFA_35_22_1382.wav,44100,02-03-20 00:00,mosquito,an arabiensis,Female,f,Single,,HBN,telinga,tascam,Tanzania,Kilombero District,Morogoro,Ifakara,cup,D:\VGU-27\Edge AI Project\data\audio\220088.wav,44100,1,PCM_24,5.119977324263038,-2.2675736961907944e-05,54df53d5bf4ab329000fb3767b6cf8b5d97208d8831341907cf4a46110c1521c,26d011157f1ce6edebe97bc187cfdb39669234fe2908a06140c79a7f0f79de1e,0.14190673828125,-38.70359479523384,2.124367605163625e-05,0.0,0.004854046441177903,156.25,16.058574923282166,0.9874213836477987
220087,15.36,IFA_35_22_1382.wav,44100,02-03-20 00:00,mosquito,an arabiensis,Female,f,Single,,HBN,telinga,tascam,Tanzania,Kilombero District,Morogoro,Ifakara,cup,D:\VGU-27\Edge AI Project\data\audio\220087.wav,44100,1,PCM_24,15.36,0.0,288cf6e7d75eca8b277ff3e18de4c0be56b0eb2c76d5aa36b81dee5477997abd,6d636a9e7c6c2d61ac5fd78a8b20b4c9b68d27110f12cb033968ec81a462027a,0.133453369140625,-39.17827487440329,-9.108698016661906e-06,0.0,0.0041572184429327285,156.25,16.328386253395944,0.9832985386221295
220086,12.8,IFA_35_22_1382.wav,44100,02-03-20 00:00,mosquito,an arabiensis,Female,f,Single,,HBN,telinga,tascam,Tanzania,Kilombero District,Morogoro,Ifakara,cup,D:\VGU-27\Edge AI Project\data\audio\220086.wav,44100,1,PCM_24,12.8,0.0,cc41ea08441d8b3d8b281fd7973b46c527a3d2aeaa21beaf10ade7d7a3485a3c,d66907cbc022fefef82f75e462b26809b278905fd69a658410b9108476f37261,0.076019287109375,-40.84162135314574,8.481911250523159e-05,0.0,0.003647604875283447,406.25,16.30340175546609,0.9724310776942355
220077,40.9,IFA_35_23_1383.wav,44100,02-03-20 00:00,mosquito,an arabiensis,Female,f,Single,,HBN,telinga,tascam,Tanzania,Kilombero District,Morogoro,Ifakara,cup,D:\VGU-27\Edge AI Project\data\audio\220077.wav,44100,1,PCM_24,40.9,0.0,9fe9c6ed5b74d51cb5d4dd2f34cef41c2a627ab138e9b92dee39ec4806b4112c,2e499447456e653fe73a9b45d997e5c23008991363ba26114815666d69674043,0.085723876953125,-43.87527277461743,3.727670842589532e-05,0.0,0.003986827004640487,390.625,18.6264965984464,0.9890368050117463
220083,10.18,IFA_35_24_1384.wav,44100,02-03-20 00:00,mosquito,an arabiensis,Female,f,Single,,HBN,telinga,tascam,Tanzania,Kilombero District,Morogoro,Ifakara,cup,D:\VGU-27\Edge AI Project\data\audio\220083.wav,44100,1,PCM_24,10.18,0.0,3084dac1fae1d8f0962d12484cdf7fb492754d316beb85cd72ee2ba61d358e9b,0413b08b25b52c53a61e3d6ea8260ce6b0ad140c0e91d8b2e61f285225f239a4,0.01617431640625,-50.07398783084716,6.18521070403235e-05,0.0,0.005214528509504653,156.25,18.251641150685483,0.9621451104100947
220082,15.36,IFA_35_24_1384.wav,44100,02-03-20 00:00,mosquito,an arabiensis,Female,f,Single,,HBN,telinga,tascam,Tanzania,Kilombero District,Morogoro,Ifakara,cup,D:\VGU-27\Edge AI Project\data\audio\220082.wav,44100,1,PCM_24,15.36,0.0,b8ddd6970bfb8e21749bded9d187565ac8117417e7780d180e0ef791fd28d8c5,59bc6cb7aec4d3890a4fa9349f398d4f4b0be0b2e8ae03cc857f2a4fa826b0db,0.1004638671875,-40.37578616851154,1.4801594856014238e-06,0.0,0.004858453798185941,515.625,21.26407965285995,0.9958246346555324
220111,25.54,IFA_35_25_1385.wav,44100,02-03-20 00:00,mosquito,an arabiensis,Female,f,Single,,HBN,telinga,tascam,Tanzania,Kilombero District,Morogoro,Ifakara,cup,D:\VGU-27\Edge AI Project\data\audio\220111.wav,44100,1,PCM_24,25.54,0.0,9adeb9f407e9b8ab4bb1da4b029429f1e2344e033eebada6707a27699ab89344,f1fe6f94cd5c237a62442542a127af7e83f1da74c2678d5b217bb337d3c2c42c,0.083282470703125,-46.86664827618313,3.5039856867317864e-05,0.0,0.005189494226299238,640.625,22.891496455580143,0.9974905897114178
220094,12.8,IFA_35_26_1386.wav,44100,02-03-20 00:00,mosquito,an arabiensis,Female,f,Single,,HBN,telinga,tascam,Tanzania,Kilombero District,Morogoro,Ifakara,cup,D:\VGU-27\Edge AI Project\data\audio\220094.wav,44100,1,PCM_24,12.8,0.0,888c80117881b3dd6405a197dc7915f5df0b80a2fabc563a1c6f15df54538dc4,14f0c19b37c8f2b059bd3f480c375536a75bd7d82bacb9f39dc6d8497adf7f1f,0.02947998046875,-50.093525866852,1.5301715219372254e-05,0.0,0.006634424603174603,859.375,21.267107255013194,0.9949874686716792
220095,5.12,IFA_35_26_1386.wav,44100,02-03-20 00:00,mosquito,an arabiensis,Female,f,Single,,HBN,telinga,tascam,Tanzania,Kilombero District,Morogoro,Ifakara,cup,D:\VGU-27\Edge AI Project\data\audio\220095.wav,44100,1,PCM_24,5.12,0.0,517eb7406c6ac945c4fdb21838705eca53d3ef565e6321bf05c3de2ab683b49f,b0985010ee4b2950f1af1201fc24de0f60a9f0557fbd58ee3296769599c4ead4,0.06512451171875,-43.277911385556614,5.512091578269492e-05,0.0,0.005567070578231292,843.75,17.484110804343405,0.9937106918238994
220075,22.98,IFA_35_27_1387.wav,44100,02-03-20 00:00,mosquito,culex pipiens complex,Female,f,Single,,HBN,telinga,tascam,Tanzania,Kilombero District,Morogoro,Ifakara,cup,D:\VGU-27\Edge AI Project\data\audio\220075.wav,44100,1,PCM_24,22.98,0.0,b84d22e4f4a2c9bc1030160008906679dcae6de8a731712bd6b3e3824deb0574,304dad1f33233bcd374d902a392d795640af343a42138dee735b8191174572a3,0.083282470703125,-43.623789153891465,-8.415161534406336e-06,0.0,0.003717123635064702,156.25,20.340149224554306,0.9902370990237099
220100,2.56,IFA_35_29_1389.wav,44100,02-03-20 00:00,mosquito,an arabiensis,Female,f,Single,,HBN,telinga,tascam,Tanzania,Kilombero District,Morogoro,Ifakara,cup,D:\VGU-27\Edge AI Project\data\audio\220100.wav,44100,1,PCM_24,2.56,0.0,94a547726e6e027608b3736ae76a7ba01f485d51b9019d502562ea49382e23e7,1430c961d5aa6b07eb0cbd2a2759382d754ef4b3654e25ce8a5af3622d37fe38,0.00701904296875,-53.26667789178636,0.00012812484689310295,0.0,0.005022321428571429,500.0,17.90447787630663,1.0
220101,10.24,IFA_35_29_1389.wav,44100,02-03-20 00:00,mosquito,an arabiensis,Female,f,Single,,HBN,telinga,tascam,Tanzania,Kilombero District,Morogoro,Ifakara,cup,D:\VGU-27\Edge AI Project\data\audio\220101.wav,44100,1,PCM_24,10.23997732426304,-2.2675736961019766e-05,f724dec2c936638721c820ecb577d5b007e06193cee1a18d38a96b4265b01cee,e5b49b91423031904b42dcba8128dc68b1b7909f53b8d15471e5ccacd2ab965b,0.046875,-44.4196580402613,-2.3648161392292503e-05,0.0,0.0038774710296888945,484.375,19.87632821761032,0.9968652037617555
220102,5.12,IFA_35_29_1389.wav,44100,02-03-20 00:00,mosquito,an arabiensis,Female,f,Single,,HBN,telinga,tascam,Tanzania,Kilombero District,Morogoro,Ifakara,cup,D:\VGU-27\Edge AI Project\data\audio\220102.wav,44100,1,PCM_24,5.12,0.0,53558b789a9143b56a7a38c3b65b4db9316a46fafbd70653f5071ff613f76a77,16e599ae74e676043257870d6108ccc03b74eb028b4789e9a7745e102f2597d3,0.07562255859375,-41.71029184104214,0.00017867364040037402,0.0,0.004180839002267574,765.625,18.796933614320373,0.9937106918238994
220114,15.36,IFA_35_30_1390.wav,44100,02-03-20 00:00,mosquito,an arabiensis,Female,f,Single,,HBN,telinga,tascam,Tanzania,Kilombero District,Morogoro,Ifakara,cup,D:\VGU-27\Edge AI Project\data\audio\220114.wav,44100,1,PCM_24,15.36,0.0,dfc914429f582ff0f9c2efb2c02214a56c2558ad29fcc1e8cc8c0c561e7f1ded,11045969cc51c0c4bd7f425d4ee155d3605b357945814a6801da5c89a5ff377b,0.04595947265625,-44.110637899748056,2.4296574221356566e-05,0.0,0.004484953703703704,765.625,19.77488954492767,0.9895615866388309
220081,5.12,IFA_35_31_1391.wav,44100,02-03-20 00:00,mosquito,culex pipiens complex,Female,f,Single,,HBN,telinga,tascam,Tanzania,Kilombero District,Morogoro,Ifakara,cup,D:\VGU-27\Edge AI Project\data\audio\220081.wav,44100,1,PCM_24,5.12,0.0,e1ac46f3e36bb7d46389799eb241065c071850a4f75d1eabb9ea8556904f4d7f,36a498a6602c673b81fd0aaefe975da55263b586daa6a034667534e0816d3e92,0.039398193359375,-42.11103282803578,9.499993724347242e-05,0.0,0.003729095804988662,500.0,18.835951276451777,0.9874213836477987
220112,15.36,IFA_35_32_1392.wav,44100,02-03-20 00:00,mosquito,culex pipiens complex,Female,f,Single,,HBN,telinga,tascam,Tanzania,Kilombero District,Morogoro,Ifakara,cup,D:\VGU-27\Edge AI Project\data\audio\220112.wav,44100,1,PCM_24,15.36,0.0,68a0d43c4cdb44115a96f6d0c3264097f195775c2c8187929295631be61d8e99,fd34f8062940444b6d81a2078cadca174a8f62811fd6f4193aed643db82bcd27,0.2188720703125,-39.120698808903576,0.00012582040427763715,0.0,0.0029437122071050642,578.125,20.2392507688738,0.9979123173277662
220113,2.56,IFA_35_32_1392.wav,44100,02-03-20 00:00,mosquito,culex pipiens complex,Female,f,Single,,HBN,telinga,tascam,Tanzania,Kilombero District,Morogoro,Ifakara,cup,D:\VGU-27\Edge AI Project\data\audio\220113.wav,44100,1,PCM_24,2.5599773242630386,-2.2675736961463855e-05,de03f7bc4aa62ed1671a557dd9f3163f634cf8143dac494813ed85e9f464e829,61ab168b6a4b041bb4d563c99d5a6cf0381dc23abbb8ec6a47babf84af95f9da,0.03057861328125,-45.882363738574185,7.351710115386532e-05,0.0,0.005801851277735949,500.0,21.202940612190048,1.0
220097,23.04,IFA_35_33_1393.wav,44100,02-03-20 00:00,mosquito,culex pipiens complex,Female,f,Single,,HBN,telinga,tascam,Tanzania,Kilombero District,Morogoro,Ifakara,cup,D:\VGU-27\Edge AI Project\data\audio\220097.wav,44100,1,PCM_24,23.04,0.0,1e7d80207da3900d6c2b7fad4e77ce78e4d8f30ae5f7d30c3e09fef967be5e86,ee175b21c4e9f2d6610378e3ca36ecdc554f61cc2b538c370dbd12c7fa842c6d,0.034271240234375,-52.27985617371423,3.232334806865635e-05,0.0,0.006095088498362308,578.125,28.10119509266535,1.0
220096,15.36,IFA_35_33_1393.wav,44100,02-03-20 00:00,mosquito,culex pipiens complex,Female,f,Single,,HBN,telinga,tascam,Tanzania,Kilombero District,Morogoro,Ifakara,cup,D:\VGU-27\Edge AI Project\data\audio\220096.wav,44100,1,PCM_24,15.36,0.0,bf95de25626b490cd79e357713a29a7286a7983882e1a23ee0293fc1103ba0b6,a392ff90a37cc5c4dc0b18d1949c14124b0849917ba4cb2a1c73b077b4a128cf,0.045257568359375,-48.775070997904265,5.7584754643977275e-05,0.0,0.0058933295540438396,562.5,26.911065852238906,1.0
220109,7.68,IFA_35_34_1394.wav,44100,02-03-20 00:00,mosquito,culex pipiens complex,Female,f,Single,,HBN,telinga,tascam,Tanzania,Kilombero District,Morogoro,Ifakara,cup,D:\VGU-27\Edge AI Project\data\audio\220109.wav,44100,1,PCM_24,7.68,0.0,db9ebdc241efe0645cc7090f0cabf5393ce60270cfac98fb038f8a91f31a19f4,419c51c53b20464d353509df39c0656222f57292f37f52def0e22faa7932ebe5,0.048858642578125,-46.44079138613805,3.684765447384466e-06,0.0,0.00598781179138322,437.5,24.21111917299223,1.0
220110,5.12,IFA_35_34_1394.wav,44100,02-03-20 00:00,mosquito,culex pipiens complex,Female,f,Single,,HBN,telinga,tascam,Tanzania,Kilombero District,Morogoro,Ifakara,cup,D:\VGU-27\Edge AI Project\data\audio\220110.wav,44100,1,PCM_24,5.119977324263038,-2.2675736961907944e-05,1ff4eae3dde260113bfa5dc8b756a6648621f32189b0c073d4937d3158acbf69,085cae43686b99dd1751edcef5a18da1a5cea26aa7681a394c4ef8bf4c821f33,0.00732421875,-54.46419418088265,2.8354501118775216e-05,0.0,0.006568020868856598,421.875,23.09478438262238,1.0
220078,35.84,IFA_35_35_1395.wav,44100,02-03-20 00:00,mosquito,culex pipiens complex,Female,f,Single,,HBN,telinga,tascam,Tanzania,Kilombero District,Morogoro,Ifakara,cup,D:\VGU-27\Edge AI Project\data\audio\220078.wav,44100,1,PCM_24,35.83997732426304,-2.267573696457248e-05,c246b6d167f830d0bab2cda2a529e62c033af45504280af49b30e1035fac7bd6,baf7462f78574078dc99791ff66f4ce1d53688b7600026764cfa7a5e2c26bdfb,0.04833984375,-48.088697958724,9.042148113812785e-06,0.0,0.004859089566054198,484.375,21.637799893544468,0.9937444146559428
220076,5.12,IFA_35_36_1396.wav,44100,02-03-20 00:00,mosquito,an arabiensis,Female,f,Single,,HBN,telinga,tascam,Tanzania,Kilombero District,Morogoro,Ifakara,cup,D:\VGU-27\Edge AI Project\data\audio\220076.wav,44100,1,PCM_24,5.119977324263038,-2.2675736961907944e-05,8aa8ee4bb5df77f5732fdd4dca0223fd1d0fa8fe3893a3b1bb04ed66d4c414ff,c8b64d9a2842f41f589148c85fe74817c663469b400cf4d3106a97c08a6ffbf1,0.013916015625,-53.539785354095415,3.0019654125316665e-05,0.0,0.006559163119876346,468.75,19.053835662132002,1.0
220090,5.12,IFA_35_37_1397.wav,44100,02-03-20 00:00,mosquito,ma uniformis,Female,f,Single,,HBN,telinga,tascam,Tanzania,Kilombero District,Morogoro,Ifakara,cup,D:\VGU-27\Edge AI Project\data\audio\220090.wav,44100,1,PCM_24,5.12,0.0,664f343680c104547050a4a1a226b15949dc03f26239eb31b767a597fc058709,68959d9cc0948de0f031b9dd977952e7889cb320218130604a3ab755faa405e3,0.11627197265625,-35.66791839105236,0.00017817342092120458,0.0,0.0032552083333333335,796.875,23.237277492755496,1.0
220091,2.56,IFA_35_37_1397.wav,44100,02-03-20 00:00,mosquito,ma uniformis,Female,f,Single,,HBN,telinga,tascam,Tanzania,Kilombero District,Morogoro,Ifakara,cup,D:\VGU-27\Edge AI Project\data\audio\220091.wav,44100,1,PCM_24,2.56,0.0,1babe2bd7e15329c205fdca2db3012391cbb5b1299f9c09fc66e8fd6da10c862,be0865975d3bf1eb25fbc18138e3ce2276c88c8b2eeee6c0aba196d90e06acf7,0.046142578125,-40.59761792560885,1.7780295304970946e-05,0.0,0.0045351473922902496,781.25,21.733050787202984,1.0
220092,2.56,IFA_35_38_1398.wav,44100,02-03-20 00:00,mosquito,culex pipiens complex,Female,f,Single,,HBN,telinga,tascam,Tanzania,Kilombero District,Morogoro,Ifakara,cup,D:\VGU-27\Edge AI Project\data\audio\220092.wav,44100,1,PCM_24,2.5599773242630386,-2.2675736961463855e-05,4772111536f06958bff5729f6928b5e9463031d84585404cf221f5ca8a07fb18,af2551d9562a129bf196df4dfaadb686cb7e7161838b725f4c789364b516ba80,0.045745849609375,-42.25179292922604,0.00012241659017020793,0.0,0.004464325257983082,375.0,25.475277732710886,0.9746835443037974
220093,17.92,IFA_35_38_1398.wav,44100,02-03-20 00:00,mosquito,culex pipiens complex,Female,f,Single,,HBN,telinga,tascam,Tanzania,Kilombero District,Morogoro,Ifakara,cup,D:\VGU-27\Edge AI Project\data\audio\220093.wav,44100,1,PCM_24,17.92,0.0,6e72be9b234c1cf29c7009b8120e61744b56dcf545cd1afb4642dcda2f3fbf12,11bf2e49ecdee99de73c788cdd3f365fdad699df181b360609c8e7aef9bc4822,0.1234130859375,-42.23539169052692,2.689036420915441e-05,0.0,0.0045351473922902496,515.625,21.082525331241783,0.9892665474060823
220089,2.56,IFA_35_39_1399.wav,44100,02-03-20 00:00,mosquito,culex pipiens complex,Female,f,Single,,HBN,telinga,tascam,Tanzania,Kilombero District,Morogoro,Ifakara,cup,D:\VGU-27\Edge AI Project\data\audio\220089.wav,44100,1,PCM_24,2.5599773242630386,-2.2675736961463855e-05,cce473dbc104331c1291835e4ca4484ccc9899818ba03e3b20e5e34641c97f2a,05123e94623f51cae172c13a49b70be751d13fd2439245f264231d53c1d666c7,0.040252685546875,-42.42541493340768,-2.3104370609166705e-05,0.0,0.004056867000310022,515.625,19.382990393179416,1.0
220085,5.12,IFA_35_40_1400.wav,44100,02-03-20 00:00,mosquito,culex pipiens complex,Female,f,Single,,HBN,telinga,tascam,Tanzania,Kilombero District,Morogoro,Ifakara,cup,D:\VGU-27\Edge AI Project\data\audio\220085.wav,44100,1,PCM_24,5.12,0.0,1c17edb8de13190a23b3639505d824a99469c39df6c3bb16d68638e7ff49104f,fc102d62317c6d3d3931450a096b1155a70015588d7e4bde82bd461271cacd8d,0.016693115234375,-52.57650684421958,1.479722474978354e-05,0.0,0.006479414682539683,468.75,22.70604936170624,1.0
220084,28.16,IFA_35_40_1400.wav,44100,02-03-20 00:00,mosquito,culex pipiens complex,Female,f,Single,,HBN,telinga,tascam,Tanzania,Kilombero District,Morogoro,Ifakara,cup,D:\VGU-27\Edge AI Project\data\audio\220084.wav,44100,1,PCM_24,28.16,0.0,4aacf4182dba24c7b58277de8cc602407b4056ae75c3a196a77960847608e070,548bf7a2cdccc6f5c6f17ce1af510195526b8cb677c353f6492e5485eb2d27d2,0.0457763671875,-46.993739550304525,2.763094889260007e-05,0.0,0.005793747423211709,453.125,20.66311961605753,0.9954493742889647
220158,2.56,IFA_36_14_1414.wav,44100,04-03-20 00:00,mosquito,culex pipiens complex,Female,f,Single,,HBN,telinga,tascam,Tanzania,Kilombero District,Morogoro,Ifakara,cup,D:\VGU-27\Edge AI Project\data\audio\220158.wav,44100,1,PCM_24,2.5599773242630386,-2.2675736961463855e-05,79dc7d9457afb7274a53bc3ee974e8a732bcc8e845bd863e120863fe20f0ddc4,5007aa8c73e78b191b4e1543a79f4e09e99c98df4b419d6e71003affb8bd01f8,0.053497314453125,-40.26513638744578,-0.0005416699140898346,0.0,0.0025067540635103414,156.25,17.69924237142346,0.9873417721518988
220159,2.56,IFA_36_14_1414.wav,44100,04-03-20 00:00,mosquito,culex pipiens complex,Female,f,Single,,HBN,telinga,tascam,Tanzania,Kilombero District,Morogoro,Ifakara,cup,D:\VGU-27\Edge AI Project\data\audio\220159.wav,44100,1,PCM_24,2.56,0.0,182b71bacb29c088aed43054838ee98972eee65a0c62010221cb7c9126a63104,f1b2ac3bf7e85ebebaa75bea569feed4112646cb747cd884231817254c2f3675,0.039337158203125,-46.58032995178851,-0.00038810273687315096,0.0,0.005828373015873016,546.875,20.75059996469276,1.0
220157,17.92,IFA_36_14_1414.wav,44100,04-03-20 00:00,mosquito,culex pipiens complex,Female,f,Single,,HBN,telinga,tascam,Tanzania,Kilombero District,Morogoro,Ifakara,cup,D:\VGU-27\Edge AI Project\data\audio\220157.wav,44100,1,PCM_24,17.919977324263037,-2.267573696457248e-05,a2d7c1ac94b918498b458511b268493e9a5f2be97081c40dbdc1a57225ebd39d,e4cb9f7cb7863f62d2e3b76bb67c27a65a16c8105d358d6f2c0de48877cc8de7,0.061767578125,-43.940069509124335,0.0001674141930895976,0.0,0.0027813243811300173,156.25,19.80122940546973,0.9946332737030411
220138,22.98,IFA_36_16_1416.wav,44100,04-03-20 00:00,mosquito,an arabiensis,Female,f,Single,,HBN,telinga,tascam,Tanzania,Kilombero District,Morogoro,Ifakara,cup,D:\VGU-27\Edge AI Project\data\audio\220138.wav,44100,1,PCM_24,22.98,0.0,555c0636cc61c9b31440de646f0996a94bbe363b30e845b435c198e7ce4e51fc,c56cb16823a35e3d56f69e33edec411787eb1e9db03df3d19a0fd15e6ee3165e,0.043426513671875,-44.079159467082654,0.00011677966905299072,0.0,0.0027491124096868224,156.25,21.630725452046875,0.99860529986053
220170,33.22,IFA_36_17_1417.wav,44100,04-03-20 00:00,mosquito,an arabiensis,Female,f,Single,,HBN,telinga,tascam,Tanzania,Kilombero District,Morogoro,Ifakara,cup,D:\VGU-27\Edge AI Project\data\audio\220170.wav,44100,1,PCM_24,33.22,0.0,3abcc11998224c13b5de96f76efb40ccc4b6d96f9dea6fdd78b257a4f82b7b12,073c4b53f2e6d8b3d017e207caae0e7ef6276ba2c7df3d603eed0c5c306b2ce3,0.076141357421875,-43.52654143022442,-3.060086079447332e-06,0.0,0.004167229805829616,500.0,19.649552219087077,0.9980713596914176
220186,38.34,IFA_36_20_1420.wav,44100,04-03-20 00:00,mosquito,an arabiensis,Female,f,Single,,HBN,telinga,tascam,Tanzania,Kilombero District,Morogoro,Ifakara,cup,D:\VGU-27\Edge AI Project\data\audio\220186.wav,44100,1,PCM_24,38.34,0.0,ec97c383d40b44266eed33fafaf787175ee7d21a0a530b85cb0eb1e9b8cb9ace,e7f5e9d11ccaacafb3926cf92d8b439795f70c34b17572d66a9042ce0b4c24f0,0.060302734375,-44.67396376440665,2.9064666956443614e-05,0.0,0.0043654046560373415,578.125,18.269109281692806,0.9916457811194653
220181,43.46,IFA_36_21_1421.wav,44100,04-03-20 00:00,mosquito,an arabiensis,Female,f,Single,,HBN,telinga,tascam,Tanzania,Kilombero District,Morogoro,Ifakara,cup,D:\VGU-27\Edge AI Project\data\audio\220181.wav,44100,1,PCM_24,43.46,0.0,f7dbc9e4fefa799e9a07ef13fd047a3b2bce6f63068f0d3603ca6fcc55ecfaa9,61e6624295503a8952930a821539cf5b3011618999482629acf9df194e424cd3,0.059173583984375,-43.548618752998,9.930268902866216e-05,0.0,0.0036585887614748306,562.5,17.970189867975066,0.9889462048636699
220192,28.1,IFA_36_23_1423.wav,44100,04-03-20 00:00,mosquito,an arabiensis,Female,f,Single,,HBN,telinga,tascam,Tanzania,Kilombero District,Morogoro,Ifakara,cup,D:\VGU-27\Edge AI Project\data\audio\220192.wav,44100,1,PCM_24,28.1,0.0,6747aab8ed873ac39e864ff68bc72c1765327a7e056d774094d24bdac8614379,cdd6fc093d1c0159492ef1c76ef7fe13a408f1d8e1b7adec7310578fec7846dc,0.218994140625,-43.562412162519365,6.912412081714359e-05,0.0,0.005430072384825816,921.875,22.269964912394915,0.9977194982896237
220127,30.66,IFA_36_26_1426.wav,44100,04-03-20 00:00,mosquito,an arabiensis,Female,f,Single,,HBN,telinga,tascam,Tanzania,Kilombero District,Morogoro,Ifakara,cup,D:\VGU-27\Edge AI Project\data\audio\220127.wav,44100,1,PCM_24,30.66,0.0,590baf45bc8c2329ab2ccc6db32f3fd73bc5b57cf6ac402dda7962c42434fe4d,c71541e25d0c9fdbb32f676233d2f8ee7d5336e68513f742df85bde14ae6a153,0.04815673828125,-44.03628679233924,4.776073450128448e-05,0.0,0.0037127266649212413,156.25,18.138564898450497,0.9947753396029259
220171,51.14,IFA_36_27_1427.wav,44100,04-03-20 00:00,mosquito,an arabiensis,Female,t,Single,,HBN,telinga,tascam,Tanzania,Kilombero District,Morogoro,Ifakara,cup,D:\VGU-27\Edge AI Project\data\audio\220171.wav,44100,1,PCM_24,51.14,0.0,c6608cd741b2f33ad12d1f5a68d592dc369403307d8c19c9f4e78086f34c5f0d,3ca2d792174d754a4074ae28922269fc10860d6a8b9c0571277e692334091ba5,0.080047607421875,-46.92271167939669,-5.669435182040935e-05,0.0,0.005258341115092889,500.0,20.354582739079984,0.9987476518472135
220139,10.24,IFA_36_30_1430.wav,44100,04-03-20 00:00,mosquito,culex pipiens complex,Female,f,Single,,HBN,telinga,tascam,Tanzania,Kilombero District,Morogoro,Ifakara,cup,D:\VGU-27\Edge AI Project\data\audio\220139.wav,44100,1,PCM_24,10.23997732426304,-2.2675736961019766e-05,8883581419070e727cdc1dd854e461e5a948d379a23b646a8024089f53320195,9ba709719ced72fbdfa77395aa1cebae77a6b463bfd4ff1bfa8b8727ff86df66,0.085662841796875,-38.46834794680013,-0.00014683738124933568,0.0,0.0022100034766587757,156.25,19.260146617553346,1.0
220176,2.56,IFA_36_34_1434.wav,44100,04-03-20 00:00,mosquito,an arabiensis,Female,f,Single,,HBN,telinga,tascam,Tanzania,Kilombero District,Morogoro,Ifakara,cup,D:\VGU-27\Edge AI Project\data\audio\220176.wav,44100,1,PCM_24,2.56,0.0,0ff345f6e94d3b26427d3e21174bdff7aa9065bd231b99694038f0f2028fcb25,e61d8c498d0c06084526583651d4d1c455b625157af387fc3ce1ec86793b1389,0.02252197265625,-46.5069125738053,0.0001324961244924809,0.0,0.0045794359410430835,156.25,19.5617622609172,1.0
220177,35.84,IFA_36_34_1434.wav,44100,04-03-20 00:00,mosquito,an arabiensis,Female,f,Single,,HBN,telinga,tascam,Tanzania,Kilombero District,Morogoro,Ifakara,cup,D:\VGU-27\Edge AI Project\data\audio\220177.wav,44100,1,PCM_24,35.84,0.0,839b7a899ce271c2b3cc8c0690c8a8fd4a3789fc9dd975038cfa4d27a5f0d9d7,30c4b0e8b458f14a6978464cc9a74c5edbb1d6231b2efdacc5005a0ed8e21303,0.051727294921875,-47.9837347398952,3.3338671561618976e-05,0.0,0.00537852789925494,156.25,18.07952108774801,0.9901697944593387
220144,17.92,IFA_36_35_1435.wav,44100,04-03-20 00:00,mosquito,an arabiensis,Female,f,Single,,HBN,telinga,tascam,Tanzania,Kilombero District,Morogoro,Ifakara,cup,D:\VGU-27\Edge AI Project\data\audio\220144.wav,44100,1,PCM_24,17.919977324263037,-2.267573696457248e-05,94fb1740438f883070e6adf4d689c1e7cb47cf0c8f908431a39342003f0a0fd3,6a54471b0e22dd09c2289c4c0bdc6e2c5a24e4b82cff1e5b6e707f1a333f870c,0.058990478515625,-44.35946922292797,-9.045938261408111e-06,0.0,0.003916378052592085,156.25,19.883683040068835,0.998211091234347
220119,30.72,IFA_36_36_1436.wav,44100,04-03-20 00:00,mosquito,ma uniformis,Female,f,Single,,HBN,telinga,tascam,Tanzania,Kilombero District,Morogoro,Ifakara,cup,D:\VGU-27\Edge AI Project\data\audio\220119.wav,44100,1,PCM_24,30.72,0.0,488d5d3a0c58e19937413f43b03b6c8cf43eaeea89944dcda6d1a8fc2451382c,f61ba8f98ef80dc69988888c03d49d59dcfe4eb604a0ef5777e1ceb6c6899633,0.0665283203125,-42.37050978260761,3.263070469810849e-05,0.0,0.004272368669690098,515.625,19.490195147937623,0.9927007299270073
220120,2.5,IFA_36_36_1436.wav,44100,04-03-20 00:00,mosquito,ma uniformis,Female,f,Single,,HBN,telinga,tascam,Tanzania,Kilombero District,Morogoro,Ifakara,cup,D:\VGU-27\Edge AI Project\data\audio\220120.wav,44100,1,PCM_24,2.5,0.0,53f49e9a0128b618f53bbbc7b7fffe058871641997b3160f982e995993125ffe,1876a21b47d7c079ab2fc0d2a0e21502bff03cb14cdecd11578459b8016a1671,0.0177001953125,-51.884073266177204,0.0001435494282348356,0.0,0.005650793650793651,984.375,20.400534511973945,1.0
220185,30.66,IFA_36_38_1438.wav,44100,04-03-20 00:00,mosquito,culex pipiens complex,Female,f,Single,,HBN,telinga,tascam,Tanzania,Kilombero District,Morogoro,Ifakara,cup,D:\VGU-27\Edge AI Project\data\audio\220185.wav,44100,1,PCM_24,30.66,0.0,14930235c93ef296d900d920074855171914a22f263728fa9b5a70e9b0e53008,374cbbe9231b6c5ea7a27ca427f86356effd775e5551f6d045099f320ef5630c,0.059814453125,-42.65051566099495,5.377141354221211e-05,0.0,0.0032098075150912724,562.5,19.740754039323914,0.9968652037617555
220145,15.36,IFA_37_12_1452.wav,44100,04-03-20 00:00,mosquito,an arabiensis,Female,f,Single,,HBN,telinga,tascam,Tanzania,Kilombero District,Morogoro,Ifakara,cup,D:\VGU-27\Edge AI Project\data\audio\220145.wav,44100,1,PCM_24,15.36,0.0,ac9aa357039c1aa3fa47630eb7982f20be8322b60c809f50c52a96a7b5013b97,63723a8217c0c37cb76578d7eed35a70d5d949f6c133a934b468d780c788b407,0.070892333984375,-43.746825914069014,-4.671508402691046e-07,0.0,0.003968253968253968,343.75,17.544895294643847,0.9958246346555324
220146,15.36,IFA_37_12_1452.wav,44100,04-03-20 00:00,mosquito,an arabiensis,Female,f,Single,,HBN,telinga,tascam,Tanzania,Kilombero District,Morogoro,Ifakara,cup,D:\VGU-27\Edge AI Project\data\audio\220146.wav,44100,1,PCM_24,15.36,0.0,510a88f5e404ea7ffbadea35292d1774b409b82ca2c40e6466dff4e77244458a,6c8a300c5b3ffc8e549005fb7772aaab93e5409d23920f40e3776c9374b2f7bf,0.053466796875,-47.36325840613048,5.965915847167046e-05,0.0,0.0038870582955404386,156.25,16.52924732399796,0.9916492693110647
220129,15.36,IFA_37_13_1453.wav,44100,04-03-20 00:00,mosquito,an arabiensis,Female,f,Single,,HBN,telinga,tascam,Tanzania,Kilombero District,Morogoro,Ifakara,cup,D:\VGU-27\Edge AI Project\data\audio\220129.wav,44100,1,PCM_24,15.36,0.0,6a8d06d4ab479623c5dafc4cec716238895345465f283b0205d6c8a1bf48691f,bb4f177a70f4338bc955fd0f5e74b34f43a4e3c6ac5c6d61c74241f4e5d3cd88,0.053070068359375,-46.144210982178365,4.539652836656174e-05,0.0,0.004022876511715797,921.875,21.06171309678574,0.9958246346555324
220128,5.12,IFA_37_13_1453.wav,44100,04-03-20 00:00,mosquito,an arabiensis,Female,f,Single,,HBN,telinga,tascam,Tanzania,Kilombero District,Morogoro,Ifakara,cup,D:\VGU-27\Edge AI Project\data\audio\220128.wav,44100,1,PCM_24,5.12,0.0,22fc362d9049be5415f5b0aaf93cba77c7db96cbf13a524e3b6ed8bfaa52852a,6b9c2ec7ce7d85343e334faad4dc098ef0ab6bb46acda0bc164c48752b3a1a9b,0.05072021484375,-43.66313492129791,5.377528348477249e-05,0.0,0.003033765589569161,406.25,21.316521431544608,0.9937106918238994
220182,33.22,IFA_37_15_1455.wav,44100,04-03-20 00:00,mosquito,an arabiensis,Female,f,Single,,HBN,telinga,tascam,Tanzania,Kilombero District,Morogoro,Ifakara,cup,D:\VGU-27\Edge AI Project\data\audio\220182.wav,44100,1,PCM_24,33.22,0.0,35aeb7793c9b66acf7610fefe55deb7759b26be9228de10f1c87af00ef521dca,9f26f9399741084db52f591872fa9f15851546271313ae71d8c786ed06b95870,0.065093994140625,-44.87029141060851,5.474504411672731e-05,0.0,0.003995216388783087,578.125,19.454797525924644,0.9980713596914176
220199,25.54,IFA_37_16_1456.wav,44100,04-03-20 00:00,mosquito,an arabiensis,Female,f,Single,,HBN,telinga,tascam,Tanzania,Kilombero District,Morogoro,Ifakara,cup,D:\VGU-27\Edge AI Project\data\audio\220199.wav,44100,1,PCM_24,25.54,0.0,e6d773273151df5595f916112030c27c2f8d819c46bf30467fe4e63de94b68fd,0a76f1effef358537c9d52d9aa64921841a46960d2dcef01bfa3fc8bf3def9e8,0.06463623046875,-41.73828919168477,6.714523430556721e-05,0.0,0.0030257991998678875,156.25,17.379750942946732,0.9849435382685069
220173,5.06,IFA_37_17_1457.wav,44100,04-03-20 00:00,mosquito,an arabiensis,Female,f,Single,,HBN,telinga,tascam,Tanzania,Kilombero District,Morogoro,Ifakara,cup,D:\VGU-27\Edge AI Project\data\audio\220173.wav,44100,1,PCM_24,5.06,0.0,62a08fa74dc24926d04248dedd84f5d3d3189db1331a852fc742c5fc969402b8,c8bf70be9a1b9a3108bc3e68535f72621d0641957a7128ff44d1edb61dc3ccdc,0.03857421875,-47.143287684891966,3.880075664622321e-05,0.0,0.004199044571715379,156.25,18.723440144404375,1.0
220172,23.04,IFA_37_17_1457.wav,44100,04-03-20 00:00,mosquito,an arabiensis,Female,f,Single,,HBN,telinga,tascam,Tanzania,Kilombero District,Morogoro,Ifakara,cup,D:\VGU-27\Edge AI Project\data\audio\220172.wav,44100,1,PCM_24,23.04,0.0,06073babf4a3039b04e218b05fad82597d81c5b49778d3473f7fc596bd26d3db,c245bebac8fd46a8cfba37fa476c76a510067cf9115b45107331800aa22055e5,0.058746337890625,-44.292043322433585,9.375418665187429e-05,0.0,0.004328467498110355,156.25,18.078782660622707,0.9986091794158554
220180,15.36,IFA_37_20_1460.wav,44100,04-03-20 00:00,mosquito,culex pipiens complex,Female,f,Single,,HBN,telinga,tascam,Tanzania,Kilombero District,Morogoro,Ifakara,cup,D:\VGU-27\Edge AI Project\data\audio\220180.wav,44100,1,PCM_24,15.36,0.0,3c592b2b0dc4792b00e3ad3060992a635b13f5f0820bd6721e841d4ee7b26097,292eb8c00126501b12384674b2c9d4ed2164f65be26275ec89f18747cfd9e60b,0.09075927734375,-43.46560999055937,3.2332658947910764e-05,0.0,0.0047211592970521545,484.375,16.911159094983496,0.9958246346555324
220178,2.56,IFA_37_20_1460.wav,44100,04-03-20 00:00,mosquito,culex pipiens complex,Female,f,Single,,HBN,telinga,tascam,Tanzania,Kilombero District,Morogoro,Ifakara,cup,D:\VGU-27\Edge AI Project\data\audio\220178.wav,44100,1,PCM_24,2.56,0.0,f8a6f7af9425573e015076fdc25b1cb49c0fa1a3f8f0d4716e5ac3b550f29389,c1d674650a1abac83625845d60e2fa44a2889b9b34c91c9b89dddc8cedf71069,0.0150146484375,-47.13724003453349,0.00011569139908771126,0.0,0.003241921768707483,156.25,18.671511341281228,1.0
220179,10.24,IFA_37_20_1460.wav,44100,04-03-20 00:00,mosquito,culex pipiens complex,Female,f,Single,,HBN,telinga,tascam,Tanzania,Kilombero District,Morogoro,Ifakara,cup,D:\VGU-27\Edge AI Project\data\audio\220179.wav,44100,1,PCM_24,10.24,0.0,d759847f8ad0a6c77ed0624312989ba2f2daa8f528288748349cb025436ebf80,d826f2c819589e37dfafa1ab28caa233201161026115a2f60950006d265604f7,0.0311279296875,-47.530963798907315,9.471076686366074e-05,0.0,0.003658234126984127,734.375,17.198186515837182,0.9937304075235109
220116,33.22,IFA_37_21_1461.wav,44100,04-03-20 00:00,mosquito,culex pipiens complex,Female,f,Single,,HBN,telinga,tascam,Tanzania,Kilombero District,Morogoro,Ifakara,cup,D:\VGU-27\Edge AI Project\data\audio\220116.wav,44100,1,PCM_24,33.22,0.0,92d92d2b21eaa1b82b6626fdcce134055b93d0f91122716cc1f009ca9074bfa5,6b6eddf378408f07ade47cd4c6be01b961e29998ee43201141ec195d0e8b17f5,0.111541748046875,-40.14717197648949,3.0503163015626428e-05,0.0,0.0024006793164787488,562.5,20.3111822103612,0.9932497589199615
220125,12.8,IFA_37_22_1462.wav,44100,04-03-20 00:00,mosquito,culex pipiens complex,Female,f,Single,,HBN,telinga,tascam,Tanzania,Kilombero District,Morogoro,Ifakara,cup,D:\VGU-27\Edge AI Project\data\audio\220125.wav,44100,1,PCM_24,12.8,0.0,6777eef0bb4863e65b898a52d8f9482a57babd9c740dab69ccff863130135abe,70eac30fb335f911d243ac0260675d8c173f3b91ee7b19f295842c623ef15c26,0.105712890625,-38.12558973913485,-7.81277139711272e-05,0.0,0.003241921768707483,546.875,21.090714049393753,0.9974937343358395
220126,5.12,IFA_37_22_1462.wav,44100,04-03-20 00:00,mosquito,culex pipiens complex,Female,f,Single,,HBN,telinga,tascam,Tanzania,Kilombero District,Morogoro,Ifakara,cup,D:\VGU-27\Edge AI Project\data\audio\220126.wav,44100,1,PCM_24,5.119977324263038,-2.2675736961907944e-05,75fde08b738de354a8bb5b713d10f7afc802019f5ea72fcce48264765ec76b33,aded134ca8f28aca2542e8db8ca678263d629ee37773335235e8e1c0457c0449,0.124481201171875,-36.91065292254416,-1.97607167344469e-05,0.0,0.003875265178860096,546.875,18.848806456199462,1.0
220123,10.24,IFA_37_24_1464.wav,44100,04-03-20 00:00,mosquito,an arabiensis,Female,f,Single,,HBN,telinga,tascam,Tanzania,Kilombero District,Morogoro,Ifakara,cup,D:\VGU-27\Edge AI Project\data\audio\220123.wav,44100,1,PCM_24,10.23997732426304,-2.2675736961019766e-05,450b5056193c95bd8bb0901a3b7db8b4b4392326660f886fba26d35ccfc8978b,dbc56cba1239afdc23e072fdff097ad83eec303860131bd25471674ead07d947,0.09808349609375,-41.25842098696661,5.8254275792047086e-05,0.0,0.0029518383110081646,609.375,18.022790078520295,1.0
220141,2.56,IFA_37_25_1465.wav,44100,04-03-20 00:00,mosquito,an arabiensis,Female,f,Single,,HBN,telinga,tascam,Tanzania,Kilombero District,Morogoro,Ifakara,cup,D:\VGU-27\Edge AI Project\data\audio\220141.wav,44100,1,PCM_24,2.56,0.0,017643e2a326cde2fddeffce5110bae453457dc70ef8b722277107d96d79b73c,cd9f39420223d7191972f5f5c12b93197b527abc7657a1830a9fe2a3068989bc,0.068115234375,-39.05246027789102,2.243378265104056e-05,0.0,0.004384566326530612,156.25,16.891280229905693,1.0
220152,5.12,IFA_37_26_1466.wav,44100,04-03-20 00:00,mosquito,an arabiensis,Female,f,Single,,HBN,telinga,tascam,Tanzania,Kilombero District,Morogoro,Ifakara,cup,D:\VGU-27\Edge AI Project\data\audio\220152.wav,44100,1,PCM_24,5.12,0.0,c8a6cc6472b451f0d7310af5ef21108fe2fcb559636aefa48ca7453d6deb0104,3fb923dbc9c1f82d996b86925fbffcd074f8ae357a969f8883bd26a8847b47fb,0.092620849609375,-38.110149221084384,-0.00022114864012011054,0.0,0.002528876133786848,156.25,17.231339385572728,0.9811320754716981
220153,15.36,IFA_37_26_1466.wav,44100,04-03-20 00:00,mosquito,an arabiensis,Female,f,Single,,HBN,telinga,tascam,Tanzania,Kilombero District,Morogoro,Ifakara,cup,D:\VGU-27\Edge AI Project\data\audio\220153.wav,44100,1,PCM_24,15.36,0.0,bb1f8fb945fae6795383e17d03f3939e410754ebf1d3b686332a10274340ec6c,47bb1574f00e377fde3736891cb8dab3eeccde6ebc44687f740a89238143072a,0.08026123046875,-40.7372202668914,2.199411392211914e-05,0.0,0.0019058838813303099,156.25,17.928302799520672,0.9958246346555324
220154,5.12,IFA_37_26_1466.wav,44100,04-03-20 00:00,mosquito,an arabiensis,Female,f,Single,,HBN,telinga,tascam,Tanzania,Kilombero District,Morogoro,Ifakara,cup,D:\VGU-27\Edge AI Project\data\audio\220154.wav,44100,1,PCM_24,5.119977324263038,-2.2675736961907944e-05,3d2b2d020bc6063de8724b71b5214760e168308ae789f7560486e3bc35d894bf,cbadba85488490de9b9b2f8529aad92b9c34cc518752e2f578b873739a632744,0.07806396484375,-37.7262011628661,-4.2596154714495376e-05,0.0,0.0021745773746517797,156.25,18.87094968717622,0.9937106918238994
220156,35.78,IFA_37_27_1467.wav,44100,04-03-20 00:00,mosquito,an arabiensis,Female,f,Single,,HBN,telinga,tascam,Tanzania,Kilombero District,Morogoro,Ifakara,cup,D:\VGU-27\Edge AI Project\data\audio\220156.wav,44100,1,PCM_24,35.78,0.0,358773fb3ddef26ab11e8caae8a7439496021f5857118aaba878fbc259531f3f,e2222eeb02244fef94afa9eb18fc0f2641f13be4a312a766051635e28b4f89cf,0.080963134765625,-41.45309737844382,7.983937716803462e-06,0.0,0.0027612684723600637,453.125,18.76605161218488,0.991047448522829
220198,23.04,IFA_37_28_1468.wav,44100,04-03-20 00:00,mosquito,culex pipiens complex,Female,f,Single,,HBN,telinga,tascam,Tanzania,Kilombero District,Morogoro,Ifakara,cup,D:\VGU-27\Edge AI Project\data\audio\220198.wav,44100,1,PCM_24,23.04,0.0,897b8efa8ef13a8d24e439211e02d529f065779a29eeddaeddc5c4b802c73741,5d921d6f8008d6d44dd10da7c3fc095ae9f6de9d88e1590ac49dae73a4d30c66,0.08349609375,-40.713934882320906,5.7759709068677025e-05,0.0,0.0023709136432350716,453.125,19.880452371412645,0.9972183588317107
220130,17.92,IFA_37_29_1469.wav,44100,04-03-20 00:00,mosquito,an arabiensis,Female,f,Single,,HBN,telinga,tascam,Tanzania,Kilombero District,Morogoro,Ifakara,cup,D:\VGU-27\Edge AI Project\data\audio\220130.wav,44100,1,PCM_24,17.919977324263037,-2.267573696457248e-05,17534e43cea3252a79237eb71a4522a7b21e31eb3886cb2063d32d89d6b80bd3,0a798e3cb421779c637eeafc4453ca767cde1b0122c0d52fa38d6d9a7f9d47d0,0.140167236328125,-39.633527360276396,4.32459566283275e-05,0.0,0.0019360447238985108,343.75,18.77886401538641,0.9695885509838998
220131,30.72,IFA_37_29_1469.wav,44100,04-03-20 00:00,mosquito,an arabiensis,Female,f,Single,,HBN,telinga,tascam,Tanzania,Kilombero District,Morogoro,Ifakara,cup,D:\VGU-27\Edge AI Project\data\audio\220131.wav,44100,1,PCM_24,30.72,0.0,34881de6fe01a6ade44db91403f82256e7abb7408cfee050c336c3c042d41399,2ec37b577ab35109920b84aa4ea0d3bf8fd6ae0d34aaf44fe094a52e09193a17,0.082916259765625,-41.20412554630269,3.065663310315513e-05,0.0,0.002408558909674981,156.25,18.0761882309411,0.9833159541188738
220194,10.24,IFA_37_30_1470.wav,44100,04-03-20 00:00,mosquito,an arabiensis,Female,f,Single,,HBN,telinga,tascam,Tanzania,Kilombero District,Morogoro,Ifakara,cup,D:\VGU-27\Edge AI Project\data\audio\220194.wav,44100,1,PCM_24,10.24,0.0,9b0307a45346cef62420f1b043ba1b5f1039a3dca727428b11214437c03d1298,902e1ae1e14651848b12ef2bf7404d565ab53c9d21ce33eefdfdbc4436303d44,0.072662353515625,-43.79898532140017,1.551977901501991e-05,0.0,0.004143193735827664,468.75,20.320493168218366,1.0
220195,5.12,IFA_37_30_1470.wav,44100,04-03-20 00:00,mosquito,an arabiensis,Female,f,Single,,HBN,telinga,tascam,Tanzania,Kilombero District,Morogoro,Ifakara,cup,D:\VGU-27\Edge AI Project\data\audio\220195.wav,44100,1,PCM_24,5.12,0.0,3f8d2c78df78966ffa53e37a502d2142f7988cc540c792d172b458c7d5f1aaca,e1c149170b4b79621e8805678a053f39109d491d4ff27e7e008197a99c60ac67,0.0279541015625,-43.23188460895922,0.00010347663680442066,0.0,0.0025421626984126985,296.875,19.66920674977018,1.0
220117,25.54,IFA_37_32_1472.wav,44100,04-03-20 00:00,mosquito,culex pipiens complex,Female,f,Single,,HBN,telinga,tascam,Tanzania,Kilombero District,Morogoro,Ifakara,cup,D:\VGU-27\Edge AI Project\data\audio\220117.wav,44100,1,PCM_24,25.54,0.0,cb90835d48b7570d90f0a5a4e6436ed06f343e335a4a925603904fdf34e4b562,99062ffe49dc10530eb148429282cb8f1019efd0e29e4a67351b6e6296f4110f,0.061187744140625,-41.89389784085033,4.709191504600404e-05,0.0,0.002935238308322546,546.875,21.237154230973765,0.9949811794228356
220132,28.1,IFA_37_34_1474.wav,44100,04-03-20 00:00,mosquito,an arabiensis,Female,f,Single,,HBN,telinga,tascam,Tanzania,Kilombero District,Morogoro,Ifakara,cup,D:\VGU-27\Edge AI Project\data\audio\220132.wav,44100,1,PCM_24,28.1,0.0,7efac4e7830244e24bd49f28dae0a7ad2a89eca21026897786184df74b20c74d,c19b3972f03de9b0a309d758da42986ff0c2b65971c6d7980ec9502b69184494,0.0953369140625,-42.976638207670405,1.74674046131835e-05,0.0,0.003831473277329912,156.25,18.599992260591737,0.9977194982896237
220118,12.8,IFA_37_37_1477.wav,44100,04-03-20 00:00,mosquito,culex pipiens complex,Female,f,Single,,HBN,telinga,tascam,Tanzania,Kilombero District,Morogoro,Ifakara,cup,D:\VGU-27\Edge AI Project\data\audio\220118.wav,44100,1,PCM_24,12.8,0.0,4df12f0061e1c3ba9177bbdf35bbff3071e7b47f4052174923919a8125c9be21,3f78d195ab87fda326a91e0cbcf43968343eae322d078d1ca406a66550506ee0,0.045196533203125,-44.754009421817116,5.4973053013116056e-05,0.0,0.0037361819727891156,546.875,20.627696218481514,0.9974937343358395
220200,15.36,IFA_37_38_1478.wav,44100,04-03-20 00:00,mosquito,culex pipiens complex,Female,f,Single,,HBN,telinga,tascam,Tanzania,Kilombero District,Morogoro,Ifakara,cup,D:\VGU-27\Edge AI Project\data\audio\220200.wav,44100,1,PCM_24,15.36,0.0,7cd7a9206822ddefa740ee97cf4c15fd729bf10f287c53dcb4fc35ce30b38fb0,dd8a9b003287bf0e704625f8c83e87e4e272788fba8dc49402d1332a18eda6b2,0.039276123046875,-46.034896745027325,1.772551129284179e-06,0.0,0.0030455758692365833,796.875,23.27527838417389,1.0
220203,5.12,IFA_38_10_1490.wav,44100,07-03-20 00:00,mosquito,an arabiensis,Female,f,Single,,HBN,telinga,tascam,Tanzania,Kilombero District,Morogoro,Ifakara,cup,D:\VGU-27\Edge AI Project\data\audio\220203.wav,44100,1,PCM_24,5.119977324263038,-2.2675736961907944e-05,3fd09c1d4a935ded05d5ca08044a0cf2c0ef08ed6226e5a42d54b0162561f649,22cae8fe1a07ddea336637b27e6544f6c2b7563e1e07c9928232781e08f756a9,0.060546875,-43.22835548950258,-4.24349105962483e-05,0.0,0.004637031591161738,593.75,19.707111825643192,0.9937106918238994
220227,15.3,IFA_38_11_1491.wav,44100,07-03-20 00:00,mosquito,culex pipiens complex,Female,f,Single,,HBN,telinga,tascam,Tanzania,Kilombero District,Morogoro,Ifakara,cup,D:\VGU-27\Edge AI Project\data\audio\220227.wav,44100,1,PCM_24,15.299977324263038,-2.2675736962796122e-05,8494aecb5f4f116e621a4ab0b1dd54cb1fe21b001c1d99b0b7a6bccb223ccec2,55bba1906ad87df5a58103cfbe4941a85fedf834bd80d1252a4f5c6c64d6c9d8,0.0897216796875,-44.15831393969411,0.00016110241292534208,0.0,0.0031671974970691936,156.25,20.392125235684205,1.0
220226,17.92,IFA_38_11_1491.wav,44100,07-03-20 00:00,mosquito,culex pipiens complex,Female,f,Single,,HBN,telinga,tascam,Tanzania,Kilombero District,Morogoro,Ifakara,cup,D:\VGU-27\Edge AI Project\data\audio\220226.wav,44100,1,PCM_24,17.92,0.0,746be729b65ea34e1ec3728a6bfd83437d52d3ecf7f160eb1333ab46efd60855,14e7c5468ce37b1c8a85cbf773309c35c7b841cc1d29b5b9fb2f9889f529437f,0.060089111328125,-42.7389439256115,5.249383189278897e-05,0.0,0.003103994574020084,484.375,20.62991837727278,0.998211091234347
220220,7.68,IFA_38_13_1493.wav,44100,07-03-20 00:00,mosquito,an arabiensis,Female,f,Single,,HBN,telinga,tascam,Tanzania,Kilombero District,Morogoro,Ifakara,cup,D:\VGU-27\Edge AI Project\data\audio\220220.wav,44100,1,PCM_24,7.68,0.0,35e359fbb9e71094616b4bb3504c66367d4edd6da4c846184baa9c2afa6bde47,3e1ec8f150f1dfea936056dc49065db06f9bdf8f2564937ca01da3ecf8c742f8,0.07720947265625,-43.219029979583645,0.00020614151511332885,0.0,0.004142455593348451,156.25,19.823302310100775,0.99581589958159
220221,25.6,IFA_38_13_1493.wav,44100,07-03-20 00:00,mosquito,an arabiensis,Female,f,Single,,HBN,telinga,tascam,Tanzania,Kilombero District,Morogoro,Ifakara,cup,D:\VGU-27\Edge AI Project\data\audio\220221.wav,44100,1,PCM_24,25.6,0.0,103a8eb286eb7f393f2371d99cd8e7903aac3cf31cd4ed5c5a801dd18d775bf5,07fd33d116e887b34c6c35cbf0453444d5c2f55c085a0753554b320f8a148378,0.05950927734375,-43.51645702334228,-8.6359966909534e-06,0.0,0.003435019841269841,156.25,18.86344536688323,0.9899874843554443
220222,2.56,IFA_38_13_1493.wav,44100,07-03-20 00:00,mosquito,an arabiensis,Female,f,Single,,HBN,telinga,tascam,Tanzania,Kilombero District,Morogoro,Ifakara,cup,D:\VGU-27\Edge AI Project\data\audio\220222.wav,44100,1,PCM_24,2.56,0.0,4f778672b34f16ecca28dfcb84a861799bafc30f73a013d9f56b84d314809c11,5868be43811f00419d8b0d06895148f3c4d4bb727945480e5c25db4bfa4c08ca,0.016693115234375,-49.61907975886128,3.006669128833174e-05,0.0,0.004623724489795918,156.25,22.113720741086222,0.9873417721518988
220213,2.56,IFA_38_14_1494.wav,44100,07-03-20 00:00,mosquito,an arabiensis,Female,f,Single,,HBN,telinga,tascam,Tanzania,Kilombero District,Morogoro,Ifakara,cup,D:\VGU-27\Edge AI Project\data\audio\220213.wav,44100,1,PCM_24,2.56,0.0,58592e3620d06e98f823ca3b069a1f2c9467980b2e68f3dc4885074312eddd33,6d4bc553d3db0c2b5ed6b34a23cb6a131f3edb292edb206248ef59de81234e66,0.03900146484375,-43.75366137913386,0.00033733120310603895,0.0,0.005226048752834467,812.5,16.81660783133606,1.0
220212,2.56,IFA_38_14_1494.wav,44100,07-03-20 00:00,mosquito,an arabiensis,Female,f,Single,,HBN,telinga,tascam,Tanzania,Kilombero District,Morogoro,Ifakara,cup,D:\VGU-27\Edge AI Project\data\audio\220212.wav,44100,1,PCM_24,2.56,0.0,5522bd79223f3fd4798493d45c80f3f50da70d99317c5816f4761137fc29a95e,5f7da9ade203c0e3fde976fb939023f33ba8c0009d050f0c120bc4252cc366a7,0.016845703125,-51.75890053058572,-0.00020905362775806938,0.0,0.005854946145124717,765.625,24.469520383130494,1.0
220210,7.68,IFA_38_15_1495.wav,44100,07-03-20 00:00,mosquito,an arabiensis,Female,f,Single,,HBN,telinga,tascam,Tanzania,Kilombero District,Morogoro,Ifakara,cup,D:\VGU-27\Edge AI Project\data\audio\220210.wav,44100,1,PCM_24,7.68,0.0,6d7a1dacb791c9cdd12733297a2b96890f298bf05af9f72af014a899a3c81be8,c85e4b4feb8693fa4f7cc569f75b4ef4d6f11c231ec090faff6ccf16dc53d6a9,0.04583740234375,-43.9632706436909,-3.252611499074185e-05,0.0,0.0035696570294784583,156.25,18.589265107773084,0.9832635983263598
220209,20.42,IFA_38_16_1496.wav,44100,07-03-20 00:00,mosquito,culex pipiens complex,Female,f,Single,,HBN,telinga,tascam,Tanzania,Kilombero District,Morogoro,Ifakara,cup,D:\VGU-27\Edge AI Project\data\audio\220209.wav,44100,1,PCM_24,20.42,0.0,2b21c6860938361a10acd38e249ed9083b363a554294c6bf743812adcfe6d651,a7c8e22dac8e511b3679fdbd989f70a7cc9508c2c46a5f430e31eabd783e332f,0.06463623046875,-43.701430171335296,3.396071050275215e-05,0.0,0.005195875281225778,515.625,19.896486279008183,0.9984301412872841
220208,30.72,IFA_38_16_1496.wav,44100,07-03-20 00:00,mosquito,culex pipiens complex,Female,f,Single,,HBN,telinga,tascam,Tanzania,Kilombero District,Morogoro,Ifakara,cup,D:\VGU-27\Edge AI Project\data\audio\220208.wav,44100,1,PCM_24,30.72,0.0,7006b4a10170c22e6a5f0d449a86553e4e05cfbc96778275800819f7bd4b700f,b75abd9887bc4b3205fa04e955a4246e48bbbd28d41c3129344359c3a2129d37,0.075042724609375,-43.853489385627704,2.8744531416658733e-05,0.0,0.00387598615835223,515.625,21.857752791947277,0.9947862356621481
220214,5.12,IFA_38_19_1499.wav,44100,07-03-20 00:00,mosquito,an arabiensis,Female,f,Single,,HBN,telinga,tascam,Tanzania,Kilombero District,Morogoro,Ifakara,cup,D:\VGU-27\Edge AI Project\data\audio\220214.wav,44100,1,PCM_24,5.12,0.0,d2f62136bc2b5496c0d77b5630249425f355f6b87f7a56560ed98549a3e28465,a182b217ab64884c8fa5a4b2327d01e73da33385238edc5d9eba957dbfe4c606,0.021759033203125,-48.84598610039081,0.00015008665807122817,0.0,0.004309275793650794,578.125,20.690207749058942,0.9937106918238994
220215,2.56,IFA_38_19_1499.wav,44100,07-03-20 00:00,mosquito,an arabiensis,Female,f,Single,,HBN,telinga,tascam,Tanzania,Kilombero District,Morogoro,Ifakara,cup,D:\VGU-27\Edge AI Project\data\audio\220215.wav,44100,1,PCM_24,2.5599773242630386,-2.2675736961463855e-05,d6aeb74480fd7b7b594fd449bad8d1911501331b58518b999086ac2d65f467d4,655509f2776a903837e09735bbd758559baf2b55d08256695f0a700c06a5315c,0.092987060546875,-37.31042681400212,-0.0005742013631305638,0.0,0.0029230701093936845,156.25,15.98484715820932,0.9746835443037974
220223,5.12,IFA_38_21_1501.wav,44100,07-03-20 00:00,mosquito,an arabiensis,Female,f,Single,,HBN,telinga,tascam,Tanzania,Kilombero District,Morogoro,Ifakara,cup,D:\VGU-27\Edge AI Project\data\audio\220223.wav,44100,1,PCM_24,5.119977324263038,-2.2675736961907944e-05,41745214ce8242aa7b2a0786f4ee225a317b6bbf56182c72b4261a0eeaab57f1,583c301c28f5c51e589ddbcb3c7ed179f0bb60db6861025d55cca456cd8cc372,0.028961181640625,-49.25504726670379,0.00016975018474980734,0.0,0.005004628173842182,500.0,21.51246518656535,1.0
220225,5.12,IFA_38_23_1503.wav,44100,07-03-20 00:00,mosquito,an arabiensis,Female,f,Single,,HBN,telinga,tascam,Tanzania,Kilombero District,Morogoro,Ifakara,cup,D:\VGU-27\Edge AI Project\data\audio\220225.wav,44100,1,PCM_24,5.12,0.0,39eb08adf80c8f3c5001edf28159dfb815c8611fc2283b4046bbf4c0be401796,0bab7c8be8d0e731d9bb1dabeb0af9659c51d726755441aae00e901e7188e656,0.041412353515625,-45.053494861531235,0.00020710978648559846,0.0,0.005084325396825397,500.0,20.738454411548805,1.0
220211,12.8,IFA_38_25_1505.wav,44100,07-03-20 00:00,mosquito,an arabiensis,Female,f,Single,,HBN,telinga,tascam,Tanzania,Kilombero District,Morogoro,Ifakara,cup,D:\VGU-27\Edge AI Project\data\audio\220211.wav,44100,1,PCM_24,12.799977324263038,-2.2675736962796122e-05,1858e00a945c850268c46814f08ea7b32b7d07b7f84109ad52fdaeb3e2856815,ee2525e41e74d525f349f945ac42cd314b5d38356a6999d0bc5707c26702eac2,0.047760009765625,-46.322560747392025,-2.126670461486942e-05,0.0,0.003284444594041585,156.25,20.506689497526317,1.0
220219,5.12,IFA_38_26_1506.wav,44100,07-03-20 00:00,mosquito,culex pipiens complex,Female,f,Single,,HBN,telinga,tascam,Tanzania,Kilombero District,Morogoro,Ifakara,cup,D:\VGU-27\Edge AI Project\data\audio\220219.wav,44100,1,PCM_24,5.12,0.0,9da5968826cffdcb9e7928b051a292303e1127c07c0e852f5198f8ec8c263a1e,5903c5a3b847e25294fcfe70f736a13caf09726dfef42066e4e172cbe4df1640,0.097564697265625,-37.75226583524991,0.0002839057083302885,0.0,0.0029717616213151927,515.625,20.566019212072618,0.9937106918238994
220204,5.12,IFA_38_29_1509.wav,44100,07-03-20 00:00,mosquito,culex pipiens complex,Female,f,Single,,HBN,telinga,tascam,Tanzania,Kilombero District,Morogoro,Ifakara,cup,D:\VGU-27\Edge AI Project\data\audio\220204.wav,44100,1,PCM_24,5.12,0.0,24ab777b974ab5261c1810c48995dbe36cea6b60acd1fa44c41f1a1685f8793a,b8994719191c7702c6ad5d874c673edcc46881e14cb811d7e35a486e3d4ee2fe,0.025177001953125,-48.588956804706086,-0.00015102289701535317,0.0,0.0033747874149659862,781.25,23.59178281982811,1.0
220206,7.68,IFA_38_30_1510.wav,44100,07-03-20 00:00,mosquito,an arabiensis,Female,f,Single,,HBN,telinga,tascam,Tanzania,Kilombero District,Morogoro,Ifakara,cup,D:\VGU-27\Edge AI Project\data\audio\220206.wav,44100,1,PCM_24,7.68,0.0,8296a6d9d717d4e86b11788c50d61188b12878726b6ab396a812858fcfb6fb40,273d87ad1bc03eb36f56f15f891becc4c865b8e11b995ab5309a3b8972d20c87,0.08453369140625,-39.52348030656685,0.00020337303028986116,0.0,0.004192649281934996,531.25,22.607657068981126,0.9916317991631799
220207,20.48,IFA_38_30_1510.wav,44100,07-03-20 00:00,mosquito,an arabiensis,Female,f,Single,,HBN,telinga,tascam,Tanzania,Kilombero District,Morogoro,Ifakara,cup,D:\VGU-27\Edge AI Project\data\audio\220207.wav,44100,1,PCM_24,20.47997732426304,-2.2675736961019766e-05,a9bea44d478e62bcac1a83c65ce45e93a274093bd0956d23a89823f2b628e711,f8c13bc3a95999de12ad9d5b2ff22cb8a059e89002d74e06af20da6bc4875e68,0.121307373046875,-41.248804474795136,1.7110843260005487e-05,0.0,0.004718950094500796,515.625,20.984564386627333,1.0
220202,7.62,IFA_38_31_1511.wav,44100,07-03-20 00:00,mosquito,an arabiensis,Female,f,Single,,HBN,telinga,tascam,Tanzania,Kilombero District,Morogoro,Ifakara,cup,D:\VGU-27\Edge AI Project\data\audio\220202.wav,44100,1,PCM_24,7.619977324263038,-2.2675736961907944e-05,c34a6f521ca5c5d1afaa7678aa2c3f37461f6fad8d28a41e0d53649a2999859e,7eee8ef2cda1b68b8aa9f7b649d0329e264f218224bef14e5c0bd55c896998bc,0.047027587890625,-46.03765833705705,2.527373586737742e-05,0.0,0.004802985350001935,156.25,20.555945368153978,0.9957805907172996
220201,25.6,IFA_38_31_1511.wav,44100,07-03-20 00:00,mosquito,an arabiensis,Female,f,Single,,HBN,telinga,tascam,Tanzania,Kilombero District,Morogoro,Ifakara,cup,D:\VGU-27\Edge AI Project\data\audio\220201.wav,44100,1,PCM_24,25.6,0.0,007e33e767ad3b683bb0488b44a2c9a626b2b00f112d2c95a61496c6b27097da,5df1c2485fbf15401e43bd8b7c9008d1073a0d6a5986c9b176bb403b0d479959,0.071929931640625,-43.31946843930542,-1.4980688116718041e-05,0.0,0.004897427721088436,468.75,19.03006891832768,0.9887359198998749
220216,25.6,IFA_38_32_1512.wav,44100,07-03-20 00:00,mosquito,culex pipiens complex,Female,f,Single,,HBN,telinga,tascam,Tanzania,Kilombero District,Morogoro,Ifakara,cup,D:\VGU-27\Edge AI Project\data\audio\220216.wav,44100,1,PCM_24,25.6,0.0,f8cc3a1a95ab481d4a71e6397fa0e2ff827dc82b41c81eaf6d28f86e4bee7e26,4a83109fc6568d82defa1b75e6d4b1ed45e2d611b5cf3a86b3c7fe02e7bf9be5,0.072601318359375,-43.25216078145684,7.0579468257843505e-06,0.0,0.0040081136621315195,156.25,18.44820380520826,0.9899874843554443
220218,10.24,IFA_38_32_1512.wav,44100,07-03-20 00:00,mosquito,culex pipiens complex,Female,f,Single,,HBN,telinga,tascam,Tanzania,Kilombero District,Morogoro,Ifakara,cup,D:\VGU-27\Edge AI Project\data\audio\220218.wav,44100,1,PCM_24,10.24,0.0,64ed5f269bab577fd00a39617303fa63e164f9c5bb0a1d17fb0acc13900a5676,509f0a7a22474f29381512fdc06353e6951670aab9272e234a6c0304fbdd2f48,0.056884765625,-42.06162912476823,4.2653340601326385e-05,0.0,0.0032862103174603175,750.0,18.210963306527763,0.9905956112852664
220217,5.12,IFA_38_32_1512.wav,44100,07-03-20 00:00,mosquito,culex pipiens complex,Female,f,Single,,HBN,telinga,tascam,Tanzania,Kilombero District,Morogoro,Ifakara,cup,D:\VGU-27\Edge AI Project\data\audio\220217.wav,44100,1,PCM_24,5.119977324263038,-2.2675736961907944e-05,66bd9a34bedb64d8c25eb81c241b562f5207256bcb338525d1389507701e631d,1745de5ff24ead35254483880fb9089ce3d4ccfdc99df3b766fbd0720d5f12e6,0.022796630859375,-48.78609390798847,0.00016325500675610962,0.0,0.004446589988086328,156.25,17.455379610446574,1.0
220261,15.36,IFA_38_35_1515.wav,44100,11-03-20 00:00,mosquito,culex pipiens complex,Female,f,Single,,HBN,telinga,tascam,Tanzania,Kilombero District,Morogoro,Ifakara,cup,D:\VGU-27\Edge AI Project\data\audio\220261.wav,44100,1,PCM_24,15.36,0.0,68cf5c3eb13601ba6c8186228b7c5f6028a09f81008929b6a08f930fb4b5f31a,556ccb812f054409c54ee276161c4e46b7a19fe36ba38f631591096b823e2cd2,0.160614013671875,-34.65781040850872,0.00010459542905212079,0.0,0.0011898856764928193,156.25,26.870502346720304,1.0
220238,5.12,IFA_38_36_1516.wav,44100,11-03-20 00:00,mosquito,an arabiensis,Female,f,Single,,HBN,telinga,tascam,Tanzania,Kilombero District,Morogoro,Ifakara,cup,D:\VGU-27\Edge AI Project\data\audio\220238.wav,44100,1,PCM_24,5.119977324263038,-2.2675736961907944e-05,f82f47df15b8135c4dd21f4313d831ab3d7f35d8edcfd37cf82585d69608523d,51c41c44dd54ebf05539387af379941d5400c13d7ae41f4e3b6c193d60688575,0.051513671875,-39.22108820106187,0.00012792037886218615,0.0,0.002099286508319641,156.25,24.24875724456861,1.0
220237,2.56,IFA_38_36_1516.wav,44100,11-03-20 00:00,mosquito,an arabiensis,Female,f,Single,,HBN,telinga,tascam,Tanzania,Kilombero District,Morogoro,Ifakara,cup,D:\VGU-27\Edge AI Project\data\audio\220237.wav,44100,1,PCM_24,2.5599773242630386,-2.2675736961463855e-05,6fb18ba7b3cbc8a93904758602989c7dd67c2b6ed6ea09089e6ab67c6d2910ed,fe86b16551ea39ad66b1379c86033c9cf07a4758aba0e4cccd04554e6ab80f22,0.04290771484375,-39.155999343105464,0.00024322397583553855,0.0,0.0013729571725940033,156.25,25.2322649051252,1.0
220236,17.92,IFA_38_36_1516.wav,44100,11-03-20 00:00,mosquito,an arabiensis,Female,f,Single,,HBN,telinga,tascam,Tanzania,Kilombero District,Morogoro,Ifakara,cup,D:\VGU-27\Edge AI Project\data\audio\220236.wav,44100,1,PCM_24,17.92,0.0,36d438f90fefeedf8a54bb0655b4cdb33f353118a1bf37f3d5c9e06b35f7f17f,cc5e6ec05666942fdfef67d7a5b3d15249ecb93ece636d0e8f4b600d8a90f86c,0.09527587890625,-39.413422177554516,9.719368551864106e-05,0.0,0.001817095885973437,156.25,24.00485016157341,1.0
220265,33.22,IFA_38_37_1517.wav,44100,11-03-20 00:00,mosquito,an arabiensis,Female,f,Single,,HBN,telinga,tascam,Tanzania,Kilombero District,Morogoro,Ifakara,cup,D:\VGU-27\Edge AI Project\data\audio\220265.wav,44100,1,PCM_24,33.22,0.0,087c8d484aab07fa244de27cc8d608f81f4a7cda1e3d91886a1c1693e7720cc6,356e67e7f21d6432d95d6bb45dc401e75e34a6e1ab0b45e29ed7cffdd4a3539d,0.170867919921875,-33.83872812512189,1.6284594909309425e-05,0.0,0.001135152033922138,156.25,23.664141562841454,1.0
220248,7.68,IFA_38_38_1518.wav,44100,11-03-20 00:00,mosquito,an arabiensis,Female,f,Single,,HBN,telinga,tascam,Tanzania,Kilombero District,Morogoro,Ifakara,cup,D:\VGU-27\Edge AI Project\data\audio\220248.wav,44100,1,PCM_24,7.68,0.0,bb0f84c4515aa48d7a289394ab8501235b640a372141da02b21ac591f3959016,23461127fb55c6fda8c4b840d1bdd9bcfada42795d1151c6afdea97bafdb6b78,0.037689208984375,-44.97593981516127,3.9792835757485504e-05,0.0,0.002282336545729403,156.25,21.8928895683365,1.0
220249,2.56,IFA_38_38_1518.wav,44100,11-03-20 00:00,mosquito,an arabiensis,Female,f,Single,,HBN,telinga,tascam,Tanzania,Kilombero District,Morogoro,Ifakara,cup,D:\VGU-27\Edge AI Project\data\audio\220249.wav,44100,1,PCM_24,2.56,0.0,fdf6f663382ff3379dbea024fbe787883ab76b742994348985aede36459df881,47f31369ff2e675ebfca7d0528d13076e4578c3ba6c63121819436900cbc82cd,0.02325439453125,-45.28118959153048,9.737587840108374e-06,0.0,0.0024447278911564627,156.25,20.81119572361763,1.0
220251,2.5,IFA_38_38_1518.wav,44100,11-03-20 00:00,mosquito,an arabiensis,Female,f,Single,,HBN,telinga,tascam,Tanzania,Kilombero District,Morogoro,Ifakara,cup,D:\VGU-27\Edge AI Project\data\audio\220251.wav,44100,1,PCM_24,2.5,0.0,d40af4535545d4e6ce80d3305e4514b3785f8c18cf77ca101c246bb58ed91e60,a73c00e41cd2159791f21813bac843d20f9d3ce5e67f51d2571778e53baeaef9,0.03277587890625,-41.929134309059364,4.1035554846938776e-05,0.0,0.0014965986394557824,156.25,23.454315537847418,1.0
220250,28.16,IFA_38_38_1518.wav,44100,11-03-20 00:00,mosquito,an arabiensis,Female,f,Single,,HBN,telinga,tascam,Tanzania,Kilombero District,Morogoro,Ifakara,cup,D:\VGU-27\Edge AI Project\data\audio\220250.wav,44100,1,PCM_24,28.16,0.0,8d2506d75af51a1b6b037534a2f5b04bb840bd4b0540967f8e881b7890b01607,d8eee9c5c69da41e8057f01fb81c4d2e39e7d2b5b53d7021fdfb6fc5a7d44b2b,0.07318115234375,-38.82072038496057,2.3330567768248695e-05,0.0,0.0016853805916305917,156.25,21.995492481001172,1.0
220231,35.78,IFA_38_39_1519.wav,44100,11-03-20 00:00,mosquito,an arabiensis,Female,f,Single,,HBN,telinga,tascam,Tanzania,Kilombero District,Morogoro,Ifakara,cup,D:\VGU-27\Edge AI Project\data\audio\220231.wav,44100,1,PCM_24,35.78,0.0,1b177cb4a51a1c30f30d40fe887d941d05e83782900fc9d953aac957b435adbe,fd4467e6f3b2f7f4b3511b18661c5ca61f407bd55e1684e5c8c6e48fc6803197,0.0611572265625,-40.51547505558134,3.069696268414728e-05,0.0,0.0018328180909032144,156.25,23.8636393084731,1.0
220259,30.66,IFA_38_40_1520.wav,44100,11-03-20 00:00,mosquito,an arabiensis,Female,f,Single,,HBN,telinga,tascam,Tanzania,Kilombero District,Morogoro,Ifakara,cup,D:\VGU-27\Edge AI Project\data\audio\220259.wav,44100,1,PCM_24,30.66,0.0,ddd7d36b27006ae2e2e6eea9fc0342ca74d040423506038f1b6875347ca6cbc7,bbd1c1e61cd2eb55a7526cda38c17245fe9d600cb0570cdcf6273ead76411875,0.1866455078125,-35.023255194264905,4.035922204994468e-05,0.0,0.0015886328438746667,156.25,22.817259722446366,1.0
220258,5.12,IFA_38_40_1520.wav,44100,11-03-20 00:00,mosquito,an arabiensis,Female,f,Single,,HBN,telinga,tascam,Tanzania,Kilombero District,Morogoro,Ifakara,cup,D:\VGU-27\Edge AI Project\data\audio\220258.wav,44100,1,PCM_24,5.12,0.0,7e52b32318f268c78c7e0faf8ae1069c1a1e29ce312f5c3793797af6615d2f94,e9437fda6716d03524f57056bd0f28424283121082adb686d4f0e822c7e100bd,0.06402587890625,-42.82297309920197,-1.1867947048611111e-05,0.0,0.0028477536848072562,156.25,22.364228372401644,1.0
220257,33.28,IFA_39_10_1530.wav,44100,11-03-20 00:00,mosquito,an arabiensis,Female,f,Single,,HBN,telinga,tascam,Tanzania,Kilombero District,Morogoro,Ifakara,cup,D:\VGU-27\Edge AI Project\data\audio\220257.wav,44100,1,PCM_24,33.28,0.0,79301b2f72589794671a9ca9c58d5763caa5b220238ecd3c9d62dd22b29343ba,41b3fdcc10b2408535816ee94509c5135c7aef4bdb32fef58ab1d0aeacc35542,0.053924560546875,-43.480007447289026,-4.928419358356449e-06,0.0,0.002538755886970173,156.25,23.187406602444597,1.0
220262,2.56,IFA_39_12_1532.wav,44100,11-03-20 00:00,mosquito,an arabiensis,Female,f,Single,,HBN,telinga,tascam,Tanzania,Kilombero District,Morogoro,Ifakara,cup,D:\VGU-27\Edge AI Project\data\audio\220262.wav,44100,1,PCM_24,2.56,0.0,ba746230cccc1fd2d10f25a1b2b82b9d56772419d7c2410a65bda7225f62fd27,b086a969ef6369996baf5a62db8dc1e31cb5408c73cfa5d68d9c22aec6291055,0.147674560546875,-33.81245100941895,0.00021102855535321224,0.0,0.0010186366213151927,562.5,20.17508730214594,0.9873417721518988
220264,5.12,IFA_39_12_1532.wav,44100,11-03-20 00:00,mosquito,an arabiensis,Female,f,Single,,HBN,telinga,tascam,Tanzania,Kilombero District,Morogoro,Ifakara,cup,D:\VGU-27\Edge AI Project\data\audio\220264.wav,44100,1,PCM_24,5.12,0.0,b6e3ce61f359a972b3eee64455b36dfc6b48493541df8d5954445ad4b134e057,bf98474aa14b0a02aee0fb92912045f513f6159dd79b9aed1ab4b07b8b3ebe59,0.05584716796875,-42.67894875936072,2.2303490411667598e-05,0.0,0.0032862103174603175,156.25,23.583731099426398,1.0
220263,7.68,IFA_39_12_1532.wav,44100,11-03-20 00:00,mosquito,an arabiensis,Female,f,Single,,HBN,telinga,tascam,Tanzania,Kilombero District,Morogoro,Ifakara,cup,D:\VGU-27\Edge AI Project\data\audio\220263.wav,44100,1,PCM_24,7.68,0.0,0c0c3c88a7fffca5f2457f47d62cbc52937621b941a4a3c453d280b34d26198c,c75b6f1b64e39917c8ff024093c7241dd0e10417a9c02bcf445213b2de7d3370,0.07623291015625,-41.88173752805553,3.0398098519599897e-05,0.0,0.0021169926303854876,156.25,24.72476341284805,1.0
220275,33.28,IFA_39_13_1533.wav,44100,11-03-20 00:00,mosquito,an arabiensis,Female,f,Single,,HBN,telinga,tascam,Tanzania,Kilombero District,Morogoro,Ifakara,cup,D:\VGU-27\Edge AI Project\data\audio\220275.wav,44100,1,PCM_24,33.28,0.0,1141cf45c2e66621f8e8b89842aa7faff815243b9f287ae2b10f68bdb18672a6,202296f4db9a1cdc33ff8d8dde7015fce6eeca6f868b5789c16049be3c1cafd6,0.029754638671875,-47.23319934383775,1.9087438784655364e-05,0.0,0.0031260901796616083,156.25,24.343635014147196,1.0
220269,23.04,IFA_39_14_1534.wav,44100,11-03-20 00:00,mosquito,an arabiensis,Female,f,Single,,HBN,telinga,tascam,Tanzania,Kilombero District,Morogoro,Ifakara,cup,D:\VGU-27\Edge AI Project\data\audio\220269.wav,44100,1,PCM_24,23.04,0.0,4bb190a13ccb5ca68e354f6ffb3ebe544e16a03f7b98207af85a9172acf2fe9a,903a15907d8d143f40ebf8e61432602b8be5e02f770c9ef34ad0222327db46b5,0.083099365234375,-36.82701922993126,6.745611879440542e-05,0.0,0.0012696050642479215,156.25,24.006580707903318,1.0
220260,17.92,IFA_39_16_1536.wav,44100,11-03-20 00:00,mosquito,an arabiensis,Female,f,Single,,HBN,telinga,tascam,Tanzania,Kilombero District,Morogoro,Ifakara,cup,D:\VGU-27\Edge AI Project\data\audio\220260.wav,44100,1,PCM_24,17.919977324263037,-2.267573696457248e-05,89ba4ad11b4b282136b364e1e63dc0471c98d5237bcc5b32c3eadfc586b78994,15fc5dd3da8012fd2b9daad15da287d5cbb31c62392cfefa6c9edf8fdf9fcd7a,0.122711181640625,-36.30427476329352,8.615212580409521e-05,0.0,0.0016943554805883044,156.25,24.528199425243862,1.0
220272,2.56,IFA_39_17_1537.wav,44100,11-03-20 00:00,mosquito,an arabiensis,Female,f,Single,,HBN,telinga,tascam,Tanzania,Kilombero District,Morogoro,Ifakara,cup,D:\VGU-27\Edge AI Project\data\audio\220272.wav,44100,1,PCM_24,2.56,0.0,3f02b97831a4d3db2b4bdaecb9269aded43ef4e324e71912e94eda5367dc49b9,8483edf07b98c65087453c362a54efaf9a9ae036fa07be4f181ce4d4b8bc3704,0.066131591796875,-40.43084297472953,5.334385938925538e-05,0.0,0.002807893990929705,156.25,23.441966830397302,1.0
220271,5.12,IFA_39_17_1537.wav,44100,11-03-20 00:00,mosquito,an arabiensis,Female,f,Single,,HBN,telinga,tascam,Tanzania,Kilombero District,Morogoro,Ifakara,cup,D:\VGU-27\Edge AI Project\data\audio\220271.wav,44100,1,PCM_24,5.12,0.0,2b99d00940406750d124f81781e024aa23ddbfa2d40383afcf4e8b795abb2974,a808c0fcf1cefdaa9f0f5d200d4fcb14111ca1b807744946abf7648281d411ee,0.04766845703125,-40.7768655002824,0.0002951505773462135,0.0,0.0019575538548752833,156.25,24.291146584045595,1.0
220273,12.74,IFA_39_17_1537.wav,44100,11-03-20 00:00,mosquito,an arabiensis,Female,f,Single,,HBN,telinga,tascam,Tanzania,Kilombero District,Morogoro,Ifakara,cup,D:\VGU-27\Edge AI Project\data\audio\220273.wav,44100,1,PCM_24,12.73997732426304,-2.2675736961019766e-05,ec88a55bfb8df848cafe4ebc55124132511d77d67809814420ef11f954ba8fd8,5cbd716fa0d95f4c507c1cc2f55debc9d4793773a52a6499f15c9ad9ef062e1e,0.068267822265625,-40.69831970730835,4.132368603846138e-05,0.0,0.002103828005830914,156.25,24.088175311248783,1.0
220233,2.56,IFA_39_18_1538.wav,44100,11-03-20 00:00,mosquito,an arabiensis,Female,f,Single,,HBN,telinga,tascam,Tanzania,Kilombero District,Morogoro,Ifakara,cup,D:\VGU-27\Edge AI Project\data\audio\220233.wav,44100,1,PCM_24,2.56,0.0,035e934997ce6f0dd895e3ad8b906c0cf9a744efbed4aff149464a4983ca706e,b77709ffcce6ff866fcafe3cd46d10b30eec1923743c5333f3056a8c24a97392,0.148193359375,-35.51279615521982,-9.506981389052203e-05,0.0,0.001744968820861678,593.75,17.44464508545809,1.0
220234,20.48,IFA_39_18_1538.wav,44100,11-03-20 00:00,mosquito,an arabiensis,Female,f,Single,,HBN,telinga,tascam,Tanzania,Kilombero District,Morogoro,Ifakara,cup,D:\VGU-27\Edge AI Project\data\audio\220234.wav,44100,1,PCM_24,20.48,0.0,29b64514d2a3fd260d492cce58512433230d41312dd9f4da54a9c216cbc759be,923dc3507d1a31687381c00269c5cc65d9769dd6ee9c6d4f66100e113e6805b9,0.287261962890625,-40.86512238445363,4.217981481227745e-05,0.0,0.002272002551020408,156.25,25.091986431902654,1.0
220235,5.06,IFA_39_18_1538.wav,44100,11-03-20 00:00,mosquito,an arabiensis,Female,f,Single,,HBN,telinga,tascam,Tanzania,Kilombero District,Morogoro,Ifakara,cup,D:\VGU-27\Edge AI Project\data\audio\220235.wav,44100,1,PCM_24,5.059977324263039,-2.2675736961019766e-05,069ebc1fe798dab99e8137ee0442007e4b565356a9d40e85beaea002d45d8692,eb1ed1e340d6314b3a03bf2a1abcc16640f826f6f9f5874c41844ca9ce997045,0.05804443359375,-41.23943477171152,7.054005969702995e-05,0.0,0.0023885814156714242,156.25,23.51044104166715,0.9936305732484076
220274,2.56,IFA_39_19_1539.wav,44100,11-03-20 00:00,mosquito,an arabiensis,Female,f,Single,,HBN,telinga,tascam,Tanzania,Kilombero District,Morogoro,Ifakara,cup,D:\VGU-27\Edge AI Project\data\audio\220274.wav,44100,1,PCM_24,2.56,0.0,9806f8f7cd1a909d53516eb812153429ac14e1ffa0eb1cfe943a06967161c6e9,57c7f087a5cf33c69b3ff8b76ef4b6b04b465fd780f0aef46313a9000b030fb3,0.01336669921875,-49.168173826051984,-9.012708858567841e-05,0.0,0.0034367913832199547,156.25,25.176984514720093,1.0
220268,2.56,IFA_39_20_1540.wav,44100,11-03-20 00:00,mosquito,ma uniformis,Female,f,Single,,HBN,telinga,tascam,Tanzania,Kilombero District,Morogoro,Ifakara,cup,D:\VGU-27\Edge AI Project\data\audio\220268.wav,44100,1,PCM_24,2.56,0.0,2725468840b132e55a4bc03cc8e6208bcef9445816d726510591296e073e71a4,48f03f514237ccee461589a97388f4f51f89f0f142744c01877939de4341f8ef,0.057769775390625,-41.512582925847525,0.0005895902240087115,0.0,0.0025953089569161,156.25,21.526711875944283,1.0
220266,10.24,IFA_39_20_1540.wav,44100,11-03-20 00:00,mosquito,ma uniformis,Female,f,Single,,HBN,telinga,tascam,Tanzania,Kilombero District,Morogoro,Ifakara,cup,D:\VGU-27\Edge AI Project\data\audio\220266.wav,44100,1,PCM_24,10.24,0.0,4edaabaa99d294224ff2fb7bc6344adc66ebbddd9c1c1a92f1231ca158e4c5ef,379c7502fc2e0dd429f7d1f9f07a80d291429f84e07d202736c1bcb07d89656c,0.068817138671875,-39.088713239195634,0.00015915724155313575,0.0,0.0015146683673469387,156.25,23.356998739638236,1.0
220267,10.24,IFA_39_20_1540.wav,44100,11-03-20 00:00,mosquito,ma uniformis,Female,f,Single,,HBN,telinga,tascam,Tanzania,Kilombero District,Morogoro,Ifakara,cup,D:\VGU-27\Edge AI Project\data\audio\220267.wav,44100,1,PCM_24,10.24,0.0,3083278a872b9d2735ad54b1ec42bf8f444b918ddac760de9182662b5f737ca6,2c4c53b7156b3922966212f8926eb8aea3aee435d44c48b701467c64873e7e63,0.061004638671875,-43.61563661357881,-1.4371612445026839e-05,0.0,0.0023672229308390022,156.25,22.687961119469357,1.0
220270,15.36,IFA_39_21_1541.wav,44100,11-03-20 00:00,mosquito,an arabiensis,Female,f,Single,,HBN,telinga,tascam,Tanzania,Kilombero District,Morogoro,Ifakara,cup,D:\VGU-27\Edge AI Project\data\audio\220270.wav,44100,1,PCM_24,15.36,0.0,1920a7ea7aab3a71f5870e48210f9927a3bf775bd7fb4fd043bb91b205f3d378,80ecaed8c94b078297fb208beab8273d66e963161adede898628f2e6785aee1a,0.066986083984375,-41.39013449666415,3.851370115849617e-06,0.0,0.002074180366591081,156.25,22.03685529784497,0.9665970772442589
220240,5.12,IFA_39_22_1542.wav,44100,11-03-20 00:00,mosquito,an arabiensis,Female,f,Single,,HBN,telinga,tascam,Tanzania,Kilombero District,Morogoro,Ifakara,cup,D:\VGU-27\Edge AI Project\data\audio\220240.wav,44100,1,PCM_24,5.12,0.0,9adac34ec5a95cdfd6b69fc5fecdecfb374fd1126c422e465c188a093786c157,bcdfb499eb633e47f1e2b7e7ede6ed9f6e2d9fd2d3232febe2e7acf4863b6f01,0.0386962890625,-46.059741172423436,4.674531434939292e-05,0.0,0.0027636054421768708,156.25,22.844488863449598,1.0
220239,10.24,IFA_39_22_1542.wav,44100,11-03-20 00:00,mosquito,an arabiensis,Female,f,Single,,HBN,telinga,tascam,Tanzania,Kilombero District,Morogoro,Ifakara,cup,D:\VGU-27\Edge AI Project\data\audio\220239.wav,44100,1,PCM_24,10.23997732426304,-2.2675736961019766e-05,aa03c482dca030826bdddf002d06ad1a3a5d287ab6461e63d279d5fd55c6a4cd,69b62ff1af3a8367858ee0ceebf1700ff6dd20af6659b3d165bfb7ba924fcb76,0.05767822265625,-42.763016606019136,4.012503015866546e-05,0.0,0.0024048735226968243,390.625,23.767359169833064,0.9937304075235109
220246,2.5,IFA_39_24_1544.wav,44100,11-03-20 00:00,mosquito,an arabiensis,Female,f,Single,,HBN,telinga,tascam,Tanzania,Kilombero District,Morogoro,Ifakara,cup,D:\VGU-27\Edge AI Project\data\audio\220246.wav,44100,1,PCM_24,2.5,0.0,066ee0a222cccbf9f9d6bb1ff30b9c093ecae49e95cceef2c1b4ab001ed42b74,82af52db229999ebf9141eda3ffe1ab72a1564dc192ae0eff4c9c4a46c8d27a2,0.052764892578125,-41.77568983816897,0.0003006536436189059,0.0,0.0038639455782312924,1078.125,18.86334962691482,1.0
220245,10.24,IFA_39_24_1544.wav,44100,11-03-20 00:00,mosquito,an arabiensis,Female,f,Single,,HBN,telinga,tascam,Tanzania,Kilombero District,Morogoro,Ifakara,cup,D:\VGU-27\Edge AI Project\data\audio\220245.wav,44100,1,PCM_24,10.23997732426304,-2.2675736961019766e-05,9e2c76fe5fdbfbd2627fbf3066a458eba9b6c4008d5c48cd72e3bd4f8e160b1a,4f5ce34020efe470478eff8348c10f22ba76507d67e4dcbcee96baf7944bdf70,0.070831298828125,-43.759086359654745,2.0097622428006035e-05,0.0,0.0050688356293306,156.25,19.752961395152422,1.0
220244,5.12,IFA_39_24_1544.wav,44100,11-03-20 00:00,mosquito,an arabiensis,Female,f,Single,,HBN,telinga,tascam,Tanzania,Kilombero District,Morogoro,Ifakara,cup,D:\VGU-27\Edge AI Project\data\audio\220244.wav,44100,1,PCM_24,5.12,0.0,51d22ef5c4057a7ddff7ee16c4d3e968cce753fccf6adf18933d2a262b0a906c,4efacb8a61069070fd39f49a1353cb9cba9f81b70369fa557d89c7951d1b6ce6,0.02691650390625,-48.9820795335704,0.0001757230077471052,0.0,0.005518353174603175,765.625,19.35497428883336,0.9937106918238994
220252,20.48,IFA_39_25_1545.wav,44100,11-03-20 00:00,mosquito,an arabiensis,Female,f,Single,,HBN,telinga,tascam,Tanzania,Kilombero District,Morogoro,Ifakara,cup,D:\VGU-27\Edge AI Project\data\audio\220252.wav,44100,1,PCM_24,20.48,0.0,d6c22247c04839fd999b1050410e9027b469e262b995f6524bf9c045266caca1,220b476edd7cd9b7652effb9b29553d96817275aef0280170e8dd609ae83ec2e,0.042327880859375,-42.95378567323803,-5.995605537950857e-06,0.0,0.0032397073412698415,484.375,19.227746536843718,0.9968701095461658
220242,2.56,IFA_39_26_1546.wav,44100,11-03-20 00:00,mosquito,an arabiensis,Female,f,Single,,HBN,telinga,tascam,Tanzania,Kilombero District,Morogoro,Ifakara,cup,D:\VGU-27\Edge AI Project\data\audio\220242.wav,44100,1,PCM_24,2.56,0.0,7798b7f8e8e5ba1791ae4cad728ca6ff4d715942b72143d7da673a89643c97f3,d4d8b0059a3bd53c8855805988a35573fd728a450ffa9295a1e25a65d0847f16,0.031585693359375,-44.36605735580749,0.00015132389371357266,0.0,0.0031179138321995466,578.125,23.18080718403378,1.0
220243,7.68,IFA_39_26_1546.wav,44100,11-03-20 00:00,mosquito,an arabiensis,Female,f,Single,,HBN,telinga,tascam,Tanzania,Kilombero District,Morogoro,Ifakara,cup,D:\VGU-27\Edge AI Project\data\audio\220243.wav,44100,1,PCM_24,7.68,0.0,17cea4494b2ceb3c77ffa915e36e4d31392bbab10fde1d7a06af249d0e2d474f,9cf62900b35a2aa8170227a762b90595ff2b7b2025752192409cb5d80fc0e5be,0.019195556640625,-48.31851142140092,5.2318100846363395e-05,0.0,0.003761574074074074,593.75,22.535781551866027,1.0
220241,7.68,IFA_39_26_1546.wav,44100,11-03-20 00:00,mosquito,an arabiensis,Female,f,Single,,HBN,telinga,tascam,Tanzania,Kilombero District,Morogoro,Ifakara,cup,D:\VGU-27\Edge AI Project\data\audio\220241.wav,44100,1,PCM_24,7.68,0.0,8b2a12835f6b7a13d68e2cd2527964437416b0d19ab8cd21db64780d6c50b471,cc45388a21a46f8fd61390d66590084d52ace67f41c8dc145d84f9fe575c8bbf,0.05377197265625,-43.316616628357366,-2.7458864184644127e-05,0.0,0.0031976332199546483,578.125,19.59720015403947,0.99581589958159
220230,2.5,IFA_39_27_1547.wav,44100,11-03-20 00:00,mosquito,an arabiensis,Female,f,Single,,HBN,telinga,tascam,Tanzania,Kilombero District,Morogoro,Ifakara,cup,D:\VGU-27\Edge AI Project\data\audio\220230.wav,44100,1,PCM_24,2.5,0.0,d87c75d9b3f58e7905dcb31816af57e8c3b82af0065704bcefea33ddd2c857fa,bf53e9da2122a9c65d80c05e6b37de6f910306f8b76a615b1426832842701d6f,0.034393310546875,-45.62390325206529,-0.00015735499929138321,0.0,0.0050249433106575965,484.375,22.198812042118877,1.0
220229,5.12,IFA_39_27_1547.wav,44100,11-03-20 00:00,mosquito,an arabiensis,Female,f,Single,,HBN,telinga,tascam,Tanzania,Kilombero District,Morogoro,Ifakara,cup,D:\VGU-27\Edge AI Project\data\audio\220229.wav,44100,1,PCM_24,5.119977324263038,-2.2675736961907944e-05,efdf9d5e84710731d49d3976410cba5cf2e155974c808781050be2498d9212dd,8ec2f94b26c2d9e20c158f37fadae84adc3106a28f4df7f8339f3c8783db6174,0.07012939453125,-43.29906845527519,0.00010296984515166958,0.0,0.0029939191553250573,484.375,18.91547616543252,0.9874213836477987
220228,5.12,IFA_39_27_1547.wav,44100,11-03-20 00:00,mosquito,an arabiensis,Female,f,Single,,HBN,telinga,tascam,Tanzania,Kilombero District,Morogoro,Ifakara,cup,D:\VGU-27\Edge AI Project\data\audio\220228.wav,44100,1,PCM_24,5.119977324263038,-2.2675736961907944e-05,63e6b63a589c67641b17adaac3184360eb52f4f9b829cf26a5cf5c3f94a19093,30717be034b3dc6d223a4ad5df5dbd531f8a9341811e001948b9fe2eb3ef73c7,0.089019775390625,-41.74880115605849,4.329600554792651e-05,0.0,0.004043562409484878,484.375,29.516145293410318,0.9937106918238994
220289,7.68,IFA_39_28_1548.wav,44100,11-03-20 00:00,mosquito,an arabiensis,Female,f,Single,,HBN,telinga,tascam,Tanzania,Kilombero District,Morogoro,Ifakara,cup,D:\VGU-27\Edge AI Project\data\audio\220289.wav,44100,1,PCM_24,7.68,0.0,2edaf0ef255b48edc9249cd1311465e94b267274807f43b7239254c8101628a9,393237e7e386ce315051fb31cc4509b0248863e5397777000d015fb7356b5820,0.0198974609375,-48.1224879326886,3.8575243066858364e-05,0.0,0.004836309523809524,515.625,21.40085496451328,1.0
220280,7.68,IFA_39_31_1551.wav,44100,11-03-20 00:00,mosquito,an arabiensis,Female,f,Single,,HBN,telinga,tascam,Tanzania,Kilombero District,Morogoro,Ifakara,cup,D:\VGU-27\Edge AI Project\data\audio\220280.wav,44100,1,PCM_24,7.68,0.0,2956a17d3abc87c1095d1a54192f0a7f30d824b789995a83a82c7d4c6d445ebc,3d17a6bd583f4cd775fa54c0938e3d43d183b132758559dc742a6f4f307043d9,0.086181640625,-37.77210699383404,-0.00021193168060579538,0.0,0.0026071192365835225,515.625,23.85945517375955,1.0
220290,15.36,IFA_39_32_1552.wav,44100,11-03-20 00:00,mosquito,an arabiensis,Female,f,Single,,HBN,telinga,tascam,Tanzania,Kilombero District,Morogoro,Ifakara,cup,D:\VGU-27\Edge AI Project\data\audio\220290.wav,44100,1,PCM_24,15.36,0.0,d9715511cf456979a831d3347aa558c70fba848cdfcae41b4df968b383be18bb,57416ccb58420bab45d9e6a724de48279cef6f4b3768b1252fc79e69440eb604,0.283782958984375,-36.376445746308114,4.8069681800502046e-05,0.0,0.004939649470899471,531.25,22.20548328548034,0.9979123173277662
220277,2.56,IFA_39_33_1553.wav,44100,11-03-20 00:00,mosquito,an arabiensis,Female,f,Single,,HBN,telinga,tascam,Tanzania,Kilombero District,Morogoro,Ifakara,cup,D:\VGU-27\Edge AI Project\data\audio\220277.wav,44100,1,PCM_24,2.5599773242630386,-2.2675736961463855e-05,0f9c8454403ad0ec0de88f2ea537325b78ccd7e8ca9b41494b0e6c8ea9b59e09,bd7b9818b4e16329dab0737ca18c1ddb2da88dec78404b3554ba67f300a5cdbe,0.019134521484375,-47.45387814039776,-2.19417318429182e-06,0.0,0.003613977589795828,500.0,18.63191846460531,1.0
220276,2.56,IFA_39_33_1553.wav,44100,11-03-20 00:00,mosquito,an arabiensis,Female,f,Single,,HBN,telinga,tascam,Tanzania,Kilombero District,Morogoro,Ifakara,cup,D:\VGU-27\Edge AI Project\data\audio\220276.wav,44100,1,PCM_24,2.5599773242630386,-2.2675736961463855e-05,f578ed315f936fc99de39b5ce9232068d12dbf1971b90618b2232870c81205a0,752f5496fe25b8c5b2c7184c8eb2c0b67669020401e600ab351c950cf89fabab,0.05242919921875,-41.85135822556751,0.0004593490883744298,0.0,0.0032153771203330527,156.25,20.86317846463091,0.9873417721518988
220279,5.12,IFA_39_33_1553.wav,44100,11-03-20 00:00,mosquito,an arabiensis,Female,f,Single,,HBN,telinga,tascam,Tanzania,Kilombero District,Morogoro,Ifakara,cup,D:\VGU-27\Edge AI Project\data\audio\220279.wav,44100,1,PCM_24,5.12,0.0,b9061e6ebd02971ff5a4379f09900e1790d4bc5a277c64f7d87e0fb6ac50b1dc,70226a9519bf9fd44f8cefc484b069093fb8bed80b6a721a94c2590913f768b2,0.03955078125,-45.05442072002811,0.00035189933517352254,0.0,0.00507546768707483,500.0,23.56074394304263,0.9937106918238994
220278,2.56,IFA_39_33_1553.wav,44100,11-03-20 00:00,mosquito,an arabiensis,Female,f,Single,,HBN,telinga,tascam,Tanzania,Kilombero District,Morogoro,Ifakara,cup,D:\VGU-27\Edge AI Project\data\audio\220278.wav,44100,1,PCM_24,2.56,0.0,072589cb9ec3f98f732428fd3d077956bfa5407d78123f73df3f96a9cfa2ac75,dae99a604696639fb6570d51fd05aff54cef676f721dfa20ea96085aa821968c,0.009033203125,-53.03322419388623,5.361120176423434e-05,0.0,0.005863803854875283,156.25,26.852519396045405,1.0
220285,5.12,IFA_39_35_1555.wav,44100,11-03-20 00:00,mosquito,an arabiensis,Female,f,Single,,HBN,telinga,tascam,Tanzania,Kilombero District,Morogoro,Ifakara,cup,D:\VGU-27\Edge AI Project\data\audio\220285.wav,44100,1,PCM_24,5.119977324263038,-2.2675736961907944e-05,91909fbae9b895ce2e44ed7e68571a28539104a0eaef6cfd6d7df3856aad3061,e83874a8e2c7943d28f20982b38e94528520e0f9e90c9a2db5656c189d2ff7c3,0.05322265625,-46.8768994529512,-9.701543640952805e-06,0.0,0.0060321270555513725,562.5,22.94407676235849,1.0
220284,15.36,IFA_39_35_1555.wav,44100,11-03-20 00:00,mosquito,an arabiensis,Female,f,Single,,HBN,telinga,tascam,Tanzania,Kilombero District,Morogoro,Ifakara,cup,D:\VGU-27\Edge AI Project\data\audio\220284.wav,44100,1,PCM_24,15.36,0.0,5d27f16a0703ec41cc5d823a49cdf69503e12498a0f24fbd66bbfc55fb8e4de1,69e5788cfa6943e164b18244d8c86f1f179af7b64fe3d70fb799704ba744c1a8,0.038360595703125,-48.87648142146884,4.82092098313935e-05,0.0,0.004366850907029479,546.875,22.338489859056963,1.0
220286,5.12,IFA_39_35_1555.wav,44100,11-03-20 00:00,mosquito,an arabiensis,Female,f,Single,,HBN,telinga,tascam,Tanzania,Kilombero District,Morogoro,Ifakara,cup,D:\VGU-27\Edge AI Project\data\audio\220286.wav,44100,1,PCM_24,5.119977324263038,-2.2675736961907944e-05,6e333e47bfa4d60473c4fc1c6347294a816b25ec0e01a39d7bb91e74df8591ca,532b9d6c2f1a15527a24fa7a5e683887d18c4771033fd0cbf0f35c555d36843c,0.015472412109375,-50.72685178366534,-8.481116239340253e-05,0.0,0.005664530472870929,546.875,21.846485176355618,1.0
220312,43.52,IFA_40_10_1570.wav,44100,13-03-20 00:00,mosquito,ae aegypti,Female,f,Single,,LC,telinga,tascam,Tanzania,Kilombero District,Morogoro,Ifakara,cup,D:\VGU-27\Edge AI Project\data\audio\220312.wav,44100,1,PCM_24,43.52,0.0,0464b30e568825947275fa5a0d9d7e27529ec43ecdd609c4fefa833416a1cf6d,e0f340ba7a1fda038b2cc4318654334530ac7ff892de4b0ff8525681e5413fed,0.03826904296875,-48.39325069779165,6.308861854983692e-05,0.0,0.0044793959250366815,593.75,22.98623073331259,0.9963208241353937
220323,20.42,IFA_40_11_1571.wav,44100,13-03-20 00:00,mosquito,ae aegypti,Female,f,Single,,LC,telinga,tascam,Tanzania,Kilombero District,Morogoro,Ifakara,cup,D:\VGU-27\Edge AI Project\data\audio\220323.wav,44100,1,PCM_24,20.419977324263037,-2.267573696457248e-05,7b65e96e38ca42d64f1430beb314a40a99b87665ecea1a6bf853b1d8ef18b2ed,5bbdb8c3c6833714e11a5fd206ce5f8b67af4ac126334b7abaf0fd09147c5379,0.107452392578125,-37.63282383704456,0.0001106607999897594,0.0,0.002608489974137194,156.25,19.28124132011105,0.9937205651491365
220307,2.56,IFA_40_12_1572.wav,44100,13-03-20 00:00,mosquito,ae aegypti,Female,f,Single,,LC,telinga,tascam,Tanzania,Kilombero District,Morogoro,Ifakara,cup,D:\VGU-27\Edge AI Project\data\audio\220307.wav,44100,1,PCM_24,2.5599773242630386,-2.2675736961463855e-05,00ac8a6f50734d829a7efdff8c8861f570ecc3047e72b65444437109a26aca2a,2a160eaa0056b0010847caf8f8487ab241f1f2c31d1cebd8d6924a6fcbacb6e7,0.110565185546875,-32.57220538677271,0.0004266457169306933,0.0,0.0011780858319677576,156.25,19.57751515463457,1.0
220309,5.12,IFA_40_12_1572.wav,44100,13-03-20 00:00,mosquito,ae aegypti,Female,f,Single,,LC,telinga,tascam,Tanzania,Kilombero District,Morogoro,Ifakara,cup,D:\VGU-27\Edge AI Project\data\audio\220309.wav,44100,1,PCM_24,5.119977324263038,-2.2675736961907944e-05,a87536674c1a9788069efac2bdb74fa2ab42e1ac8b0e349d5a86070bc80ab5eb,f6acc534b0ebc4c787c4619b3acd0fef79dea5aba81323996817c68cbcfa5b40,0.073944091796875,-39.25979683990122,0.000127044146155903,0.0,0.003374802361475878,156.25,20.132123283920762,0.9937106918238994
220308,2.56,IFA_40_12_1572.wav,44100,13-03-20 00:00,mosquito,ae aegypti,Female,f,Single,,LC,telinga,tascam,Tanzania,Kilombero District,Morogoro,Ifakara,cup,D:\VGU-27\Edge AI Project\data\audio\220308.wav,44100,1,PCM_24,2.5599773242630386,-2.2675736961463855e-05,fe726b6b475189ed425e395b9982312548b0e95c85a6eab4e6103fee5578e367,a6eb5d93549407ef7899b950d0430d83efb47288954b01818966d9b076fee4aa,0.06683349609375,-39.07043368508186,0.000283423542495931,0.0,0.0017715576420567784,156.25,16.84134605652165,0.9240506329113924
220306,5.12,IFA_40_12_1572.wav,44100,13-03-20 00:00,mosquito,ae aegypti,Female,f,Single,,LC,telinga,tascam,Tanzania,Kilombero District,Morogoro,Ifakara,cup,D:\VGU-27\Edge AI Project\data\audio\220306.wav,44100,1,PCM_24,5.12,0.0,f7797c3e3a7bfa655382f6642bcbdaf94f6be24e35d5e34f9bd6f2d08a03dd57,f75c40e2f070fcac3ab075124bd70289a631671a0c3ecca63afd8a7202e04a38,0.05157470703125,-41.43393588495273,-5.4104798505095394e-05,0.0,0.002139136904761905,500.0,17.887867190745396,0.9685534591194969
220314,15.36,IFA_40_13_1573.wav,44100,13-03-20 00:00,mosquito,ae aegypti,Female,f,Single,,LC,telinga,tascam,Tanzania,Kilombero District,Morogoro,Ifakara,cup,D:\VGU-27\Edge AI Project\data\audio\220314.wav,44100,1,PCM_24,15.36,0.0,3a1454468640df9f8e963e057b49c293cc393974b3f95188c08a60ca4d051eab,b60183c2c560d791fb30535c21165ff5c84c9aa83220279e60c40e3e170d7c45,0.1629638671875,-39.609853969268734,4.115342553240372e-05,0.0,0.0031356292517006803,562.5,21.030517139468206,0.9937369519832986
220313,2.56,IFA_40_13_1573.wav,44100,13-03-20 00:00,mosquito,ae aegypti,Female,f,Single,,LC,telinga,tascam,Tanzania,Kilombero District,Morogoro,Ifakara,cup,D:\VGU-27\Edge AI Project\data\audio\220313.wav,44100,1,PCM_24,2.5599773242630386,-2.2675736961463855e-05,c48d61d05fc6930bd4f4af01b5fb5cc86594f33e797cf5f2fb9479e8310d9dd8,8dcfa658504a94d65490de04c9f7a827df144500d7f542ecf44d18cc05a9882b,0.013671875,-50.09756423052149,0.0003405188103436822,0.0,0.004375747375880243,937.5,21.148742375452493,1.0
220316,2.5,IFA_40_13_1573.wav,44100,13-03-20 00:00,mosquito,ae aegypti,Female,f,Single,,LC,telinga,tascam,Tanzania,Kilombero District,Morogoro,Ifakara,cup,D:\VGU-27\Edge AI Project\data\audio\220316.wav,44100,1,PCM_24,2.5,0.0,a36c7d09d95e39cf400b2be19d19fe08e2edc8d4e095274806e316497669e736,2584956dbb772dca86705d24e08231d7b906ea301fbaceca7bcb587ca3690a71,0.016632080078125,-48.65869727461678,0.00011674350729875284,0.0,0.004498866213151927,156.25,17.839786965722887,0.961038961038961
220315,2.56,IFA_40_13_1573.wav,44100,13-03-20 00:00,mosquito,ae aegypti,Female,f,Single,,LC,telinga,tascam,Tanzania,Kilombero District,Morogoro,Ifakara,cup,D:\VGU-27\Edge AI Project\data\audio\220315.wav,44100,1,PCM_24,2.56,0.0,779a81347f69e0bf92b4a63242f9c7d12bd7700460095be58c3f98e5876e90ca,bb0c4a893eec8a013692afc372d05cbc9723bdb24f40a11d8455a622506ed72f,0.056884765625,-42.90106089115787,0.00013326382150455397,0.0,0.004756590136054422,953.125,22.21390142847724,1.0
220326,10.24,IFA_40_14_1574.wav,44100,13-03-20 00:00,mosquito,ae aegypti,Female,f,Single,,LC,telinga,tascam,Tanzania,Kilombero District,Morogoro,Ifakara,cup,D:\VGU-27\Edge AI Project\data\audio\220326.wav,44100,1,PCM_24,10.24,0.0,0ee2dc16e53cce438d8d6dc489785ed4ed635f3be3b451c96d5b26670297f250,b9cc7b7389f4635f0bd9190834eca730774487ad22ccab6bcb70b19c597b037f,0.052154541015625,-42.7602436054033,-1.3429832025990736e-05,0.0,0.0036405187074829933,156.25,18.9424239596678,0.9968652037617555
220325,7.68,IFA_40_14_1574.wav,44100,13-03-20 00:00,mosquito,ae aegypti,Female,f,Single,,LC,telinga,tascam,Tanzania,Kilombero District,Morogoro,Ifakara,cup,D:\VGU-27\Edge AI Project\data\audio\220325.wav,44100,1,PCM_24,7.68,0.0,c9dfe6897a76e50acee426d190796200c64d1939761dca8bf9da49f0b72e8b51,09cfc89a4792c0ae75de8a700cf5b697f4b7fee59ddbd1ae0319e4cec7a1b21d,0.076507568359375,-42.294024336589715,2.1277281342360077e-05,0.0,0.0034545068027210884,156.25,19.470578259906613,0.99581589958159
220324,12.8,IFA_40_14_1574.wav,44100,13-03-20 00:00,mosquito,ae aegypti,Female,f,Single,,LC,telinga,tascam,Tanzania,Kilombero District,Morogoro,Ifakara,cup,D:\VGU-27\Edge AI Project\data\audio\220324.wav,44100,1,PCM_24,12.8,0.0,694b13294fb8da34d4a3ad47f3a7dc5fcbee7d296a49429a681e6f98955c907a,52829c71aeeac658f507fe5cc2e7684de26e611163de4e640725cfa6ac202292,0.047821044921875,-45.96458206817211,4.764765568601301e-05,0.0,0.005123299319727891,156.25,20.126829985727635,1.0
220321,30.72,IFA_40_15_1575.wav,44100,13-03-20 00:00,mosquito,ae aegypti,Female,f,Single,,LC,telinga,tascam,Tanzania,Kilombero District,Morogoro,Ifakara,cup,D:\VGU-27\Edge AI Project\data\audio\220321.wav,44100,1,PCM_24,30.72,0.0,1532cbdfdae77917c4db76640683f07e5108cc60edb0b5439a8bf81ce989f402,66fd3be466297fd13b30844227eb99d62e01429d0b14fdd8b823b9956541de45,0.04669189453125,-47.30024033466571,1.9809241017336568e-05,0.0,0.0040177095143613005,156.25,20.150100370807223,0.9989572471324296
220305,2.56,IFA_40_16_1576.wav,44100,13-03-20 00:00,mosquito,ae aegypti,Female,f,Single,,LC,telinga,tascam,Tanzania,Kilombero District,Morogoro,Ifakara,cup,D:\VGU-27\Edge AI Project\data\audio\220305.wav,44100,1,PCM_24,2.56,0.0,14a36eb7786e410f036314c0caf5091109a93fb4e6cddb5b713c6b13cca8ca12,bf1af7fc6a798d795d2682055ba11c0db9db9f8d06c71202b72a0835f65c3e4c,0.023956298828125,-44.31718203122675,0.00021903504049426573,0.0,0.002905328798185941,171.875,17.839803544343027,0.9873417721518988
220303,20.48,IFA_40_16_1576.wav,44100,13-03-20 00:00,mosquito,ae aegypti,Female,f,Single,,LC,telinga,tascam,Tanzania,Kilombero District,Morogoro,Ifakara,cup,D:\VGU-27\Edge AI Project\data\audio\220303.wav,44100,1,PCM_24,20.48,0.0,95113c9012249b34540f05cc33172eafb7225daf2bebb4a5b1bebd80b669bda1,9fb40c346b1d4e8d77745679f2d4d0f9c688825cf55152fe8c68394ef7edc357,0.07977294921875,-40.846845101130114,2.5221212110281533e-05,0.0,0.0024236908304988663,437.5,18.329692572029096,0.9874804381846636
220304,7.68,IFA_40_16_1576.wav,44100,13-03-20 00:00,mosquito,ae aegypti,Female,f,Single,,LC,telinga,tascam,Tanzania,Kilombero District,Morogoro,Ifakara,cup,D:\VGU-27\Edge AI Project\data\audio\220304.wav,44100,1,PCM_24,7.68,0.0,a4b7136098e1db3b758b101a644857773a96c4b90046ea3dc9ca672c3e2c88ed,3c297e4b470fecac08b0cdcbb345000d7205c48d735c847465c764b0609dd4af,0.032867431640625,-46.35419945198141,2.254091783265498e-05,0.0,0.0031917280801209372,156.25,19.48664026606505,1.0
220294,5.12,IFA_40_17_1577.wav,44100,13-03-20 00:00,mosquito,ae aegypti,Female,f,Single,,LC,telinga,tascam,Tanzania,Kilombero District,Morogoro,Ifakara,cup,D:\VGU-27\Edge AI Project\data\audio\220294.wav,44100,1,PCM_24,5.119977324263038,-2.2675736961907944e-05,c74e7a45c37acef6c6f2bf292a9df1be3013c7379c83cd0ab6c6adf2ddada7fe,426917e77a215573c7fe528258556deda0fc78ec68447b1efcb44da88cf74b1e,0.0615234375,-42.95480114779072,-1.4989756021954484e-05,0.0,0.0038708363043699705,156.25,19.988520935570495,1.0
220295,28.16,IFA_40_17_1577.wav,44100,13-03-20 00:00,mosquito,ae aegypti,Female,f,Single,,LC,telinga,tascam,Tanzania,Kilombero District,Morogoro,Ifakara,cup,D:\VGU-27\Edge AI Project\data\audio\220295.wav,44100,1,PCM_24,28.15997732426304,-2.2675736961019766e-05,e029c73698b3609d953259177adf830f294f50c0f260243fcdcfc5530a6cd90a,6711813ed276601b944e453920af657ff4ef6c26468dc25609bf6c51e972af70,0.071746826171875,-42.84600990102846,4.0947305808712066e-05,0.0,0.00397711488056174,156.25,19.48046127662213,1.0
220293,7.68,IFA_40_17_1577.wav,44100,13-03-20 00:00,mosquito,ae aegypti,Female,f,Single,,LC,telinga,tascam,Tanzania,Kilombero District,Morogoro,Ifakara,cup,D:\VGU-27\Edge AI Project\data\audio\220293.wav,44100,1,PCM_24,7.68,0.0,cf58af018bfda35eaf6251704ff1e42f10eff897ea93473e5e667fed73b6a445,5d0cd1c75178092431390ad0621ca495d085d1958fd98f97e02f38747c6c0f9b,0.01483154296875,-50.94053645197192,2.1861163576894515e-05,0.0,0.004307799508692366,156.25,19.76706023181446,0.9916317991631799
220299,5.12,IFA_40_18_1578.wav,44100,13-03-20 00:00,mosquito,ae aegypti,Female,f,Single,,LC,telinga,tascam,Tanzania,Kilombero District,Morogoro,Ifakara,cup,D:\VGU-27\Edge AI Project\data\audio\220299.wav,44100,1,PCM_24,5.12,0.0,7a17862fa5a02017ba6e4b5cafb6ba49de8a9631722e4760951edebaa479acf3,9d26fd82fb8f2aae331374e72f44ab8098e445464076626e6c7fe25471c19636,0.03759765625,-48.25717209344086,8.816324394035772e-05,0.0,0.004375708616780045,156.25,18.980985643086562,0.9874213836477987
220300,17.92,IFA_40_18_1578.wav,44100,13-03-20 00:00,mosquito,ae aegypti,Female,f,Single,,LC,telinga,tascam,Tanzania,Kilombero District,Morogoro,Ifakara,cup,D:\VGU-27\Edge AI Project\data\audio\220300.wav,44100,1,PCM_24,17.919977324263037,-2.267573696457248e-05,fc0e93e778d358415f5eff0eaf41bef38f34915499b53134c407e9594a5b67bd,82845b57b6d9ccd3f90b8f720c29158d151c3de1ff8e5332e0c42cd2e68eb5af,0.095458984375,-40.2963776952138,-8.660969388289745e-06,0.0,0.0024232193766442144,484.375,20.639893689255615,0.998211091234347
220318,5.06,IFA_40_19_1579.wav,44100,13-03-20 00:00,mosquito,ae aegypti,Female,f,Single,,LC,telinga,tascam,Tanzania,Kilombero District,Morogoro,Ifakara,cup,D:\VGU-27\Edge AI Project\data\audio\220318.wav,44100,1,PCM_24,5.06,0.0,f1898e7f646b4ae7f71f951087bbc2b0ce0bbbc266379fe7281e7a4904c2d1d9,4508b53fa880b3dbe0af046f701b29ae43d9a77e08821703b99bf9435ab7d0a9,0.03485107421875,-45.64584168602779,-7.410235689302071e-06,0.0,0.004010826992193452,906.25,18.785026327828565,0.9872611464968153
220317,23.04,IFA_40_19_1579.wav,44100,13-03-20 00:00,mosquito,ae aegypti,Female,f,Single,,LC,telinga,tascam,Tanzania,Kilombero District,Morogoro,Ifakara,cup,D:\VGU-27\Edge AI Project\data\audio\220317.wav,44100,1,PCM_24,23.04,0.0,e9fd03eb81f36bd00b36cb79526ec6d45ffb6d1069f2166020a0a206ed31934a,8226bf5376779c7882a46544a1ab09816741e760f8b9110cab8718fdba8e1504,0.07745361328125,-41.93908699495741,2.278420209704433e-05,0.0,0.0035637518896447467,562.5,19.19370992308554,0.9819193324061196
220310,12.8,IFA_40_21_1581.wav,44100,13-03-20 00:00,mosquito,ae aegypti,Female,f,Single,,LC,telinga,tascam,Tanzania,Kilombero District,Morogoro,Ifakara,cup,D:\VGU-27\Edge AI Project\data\audio\220310.wav,44100,1,PCM_24,12.8,0.0,9ebddbb0054b8f8c9e13f096910604d2d201d85a9c5964fcd44901f887e20bfe,b00755481ed7a833e8fa92c61a0c0060e14281fc434893cf28f1225359e94aee,0.057861328125,-42.18890201483285,0.00010443869091215588,0.0,0.003550170068027211,156.25,19.328871918270515,0.9949874686716792
220311,5.12,IFA_40_21_1581.wav,44100,13-03-20 00:00,mosquito,ae aegypti,Female,f,Single,,LC,telinga,tascam,Tanzania,Kilombero District,Morogoro,Ifakara,cup,D:\VGU-27\Edge AI Project\data\audio\220311.wav,44100,1,PCM_24,5.12,0.0,b5c438140c0ec194eda5730ede50e7a27b2c1fa3d00fbc9be724a230ba1b795d,880573d3fc0c9fa4efc8bb6864afdfa691c5d9cb4016c8c4825d59c953d9d36b,0.051361083984375,-42.62195247792376,-0.00012395725228618872,0.0,0.004158694727891156,156.25,19.890959528872656,1.0
220302,2.56,IFA_40_22_1582.wav,44100,13-03-20 00:00,mosquito,ae aegypti,Female,f,Single,,LC,telinga,tascam,Tanzania,Kilombero District,Morogoro,Ifakara,cup,D:\VGU-27\Edge AI Project\data\audio\220302.wav,44100,1,PCM_24,2.56,0.0,2df72e34f89b313b1f8c87388e91645273f3f3e294dd2b2271b064014fa23ff8,5916f173042abaa24f38a587515c3bbbc9f73d00f43eda59b2b8900f1e492f48,0.137939453125,-32.505788523492086,5.00424919214919e-05,0.0,0.001328656462585034,156.25,18.357067740458024,0.9873417721518988
220301,5.12,IFA_40_22_1582.wav,44100,13-03-20 00:00,mosquito,ae aegypti,Female,f,Single,,LC,telinga,tascam,Tanzania,Kilombero District,Morogoro,Ifakara,cup,D:\VGU-27\Edge AI Project\data\audio\220301.wav,44100,1,PCM_24,5.12,0.0,8850163c45d510fbc9a0de7f5b7a609a15f4018dea6a8dbd46284b72d55a26de,63376fe1ef612a69e5ce25b2b119d0310038e71d6b699b1d98016f5dca724b0d,0.090576171875,-37.485133616592705,8.415162157850201e-05,0.0,0.00220999858276644,156.25,18.33176882216214,0.9874213836477987
220296,20.48,IFA_40_23_1583.wav,44100,13-03-20 00:00,mosquito,ae aegypti,Female,f,Single,,LC,telinga,tascam,Tanzania,Kilombero District,Morogoro,Ifakara,cup,D:\VGU-27\Edge AI Project\data\audio\220296.wav,44100,1,PCM_24,20.48,0.0,2e7cc0ce8821203d36249cbe946d915ca1f41ef939f518ecc85ddab943947d80,9c358e4552fe005d1ac2373659525a88f9c34ab5bdbbb7cdb66fc4a7f88b56fb,0.1417236328125,-37.575600457259156,-4.2310174630612745e-06,0.0,0.0030835902069161,156.25,20.594265565440686,0.9953051643192489
220297,2.56,IFA_40_24_1584.wav,44100,13-03-20 00:00,mosquito,ae aegypti,Female,f,Single,,LC,telinga,tascam,Tanzania,Kilombero District,Morogoro,Ifakara,cup,D:\VGU-27\Edge AI Project\data\audio\220297.wav,44100,1,PCM_24,2.5599773242630386,-2.2675736961463855e-05,9861da3c3c526f7d120c60ae7851dffd1679caedd9338462e5219ad6db97eeb1,66f1e0362c1f975e14d2ebc70c97d19b006d56709b866a1a869b67f659b562b7,0.062591552734375,-42.16690731677317,-3.886473517289295e-05,0.0,0.004145444882412861,156.25,19.48799413973657,0.9873417721518988
220298,20.48,IFA_40_24_1584.wav,44100,13-03-20 00:00,mosquito,ae aegypti,Female,f,Single,,LC,telinga,tascam,Tanzania,Kilombero District,Morogoro,Ifakara,cup,D:\VGU-27\Edge AI Project\data\audio\220298.wav,44100,1,PCM_24,20.47997732426304,-2.2675736961019766e-05,26cff870e71a5253183544895ddd9cc6b0ecae964c0e05783de64811ace72c59,17694e0643a7fe576716f700a934d1611f5d0bc48d476f820110cf6e79c6e17b,0.085540771484375,-42.12119118787227,3.9192023334191655e-05,0.0,0.0036294505888722684,156.25,18.57257763888137,0.9874804381846636
220322,38.34,IFA_40_25_1585.wav,44100,13-03-20 00:00,mosquito,ae aegypti,Female,f,Single,,LC,telinga,tascam,Tanzania,Kilombero District,Morogoro,Ifakara,cup,D:\VGU-27\Edge AI Project\data\audio\220322.wav,44100,1,PCM_24,38.34,0.0,b101a24c4d5f59e148b940d2a4de5876eabe1a4f4c711b6b4cdf6fae5b0a564f,723f74334f23c14e03a7ea84c5eef188add01130222dca3fba0aedef0bc6406c,0.080810546875,-38.61430131385538,4.131354360755398e-05,0.0,0.002873206316085815,156.25,18.19384292776597,0.9908103592314118
220320,25.54,IFA_40_26_1586.wav,44100,13-03-20 00:00,mosquito,ae aegypti,Female,f,Single,,LC,telinga,tascam,Tanzania,Kilombero District,Morogoro,Ifakara,cup,D:\VGU-27\Edge AI Project\data\audio\220320.wav,44100,1,PCM_24,25.54,0.0,db8fd702bee4a5c4e27a96cbb99385983fa8839e3922edcc84c468241489ac9d,ac7537b204d103a4e76ed2b63593ff2e88641f23cdc9078f88adaea8cb914d62,0.1019287109375,-43.066211206827845,1.1045015004072466e-05,0.0,0.003974025005460289,562.5,20.52630110953173,0.9949811794228356
220292,48.58,IFA_40_27_1587.wav,44100,13-03-20 00:00,mosquito,ae aegypti,Female,f,Single,,LC,telinga,tascam,Tanzania,Kilombero District,Morogoro,Ifakara,cup,D:\VGU-27\Edge AI Project\data\audio\220292.wav,44100,1,PCM_24,48.58,0.0,f373980b2b43288a48aa1a5de80606f5011a426a89be4f3931ab8719614e0269,298eb72f0ea495f5747c1fd04962cb60e4a613576bc44bd0f7d14c84332f28de,0.10467529296875,-39.02237785004519,3.430657435171775e-05,0.0,0.002543902149854041,156.25,21.22559323882633,0.992089650626236
220291,2.56,IFA_40_27_1587.wav,44100,13-03-20 00:00,mosquito,ae aegypti,Female,f,Single,,LC,telinga,tascam,Tanzania,Kilombero District,Morogoro,Ifakara,cup,D:\VGU-27\Edge AI Project\data\audio\220291.wav,44100,1,PCM_24,2.5599773242630386,-2.2675736961463855e-05,16c7ddf361ade5c9c7c492b43eae55a649b59ea6d3b32f0e019fe0707db0ef45,87ead2dde3c01959d5dcfabb05c3676ea07d773cc7d81f827b73b7ad402ddcae,0.084625244140625,-36.442274308227454,-0.000765422326193587,0.0,0.0020107179237344435,156.25,16.851695869142333,0.9113924050632911
220319,38.34,IFA_40_28_1588.wav,44100,13-03-20 00:00,mosquito,ae aegypti,Female,f,Single,,LC,telinga,tascam,Tanzania,Kilombero District,Morogoro,Ifakara,cup,D:\VGU-27\Edge AI Project\data\audio\220319.wav,44100,1,PCM_24,38.34,0.0,381d78490a6923f148a18d8397e89aa7f6fc052056a6adf7baf6a6a2ab070691,46a2444014c3dec0ee0e2722a350d40a2c023b93cfe97e9e807b5246a91e17f6,0.077423095703125,-40.6629770457229,1.0522735806049184e-05,0.0,0.001770765687600027,578.125,17.909000304333734,0.9908103592314118
220361,5.12,IFA_40_36_1596.wav,44100,16-03-20 00:00,mosquito,culex pipiens complex,Female,f,Single,,LT,telinga,tascam,Tanzania,Kilombero District,Morogoro,Ifakara,cup,D:\VGU-27\Edge AI Project\data\audio\220361.wav,44100,1,PCM_24,5.12,0.0,78c64a34574fc5006f1d6df82e4a3c26aa8f2de6db9f6a59ade80a6d52eff1dc,7e981c3cbd661004f776d651303a4b387bd0f5434b13d5871bb56169e9805d9e,0.16900634765625,-34.529707986908655,8.30149434321051e-05,0.0,0.002577593537414966,156.25,20.529796686996843,0.9874213836477987
220363,2.56,IFA_40_36_1596.wav,44100,16-03-20 00:00,mosquito,culex pipiens complex,Female,f,Single,,LT,telinga,tascam,Tanzania,Kilombero District,Morogoro,Ifakara,cup,D:\VGU-27\Edge AI Project\data\audio\220363.wav,44100,1,PCM_24,2.56,0.0,eb08785f6996a1ee22badc6a2b6b055467c9c9244a82ac7da0a192a2aa998049,be74a651c447bc0adc5120e715f39e125fc4b2a86f953107e47562a5ab10c4ab,0.015411376953125,-50.1303322896255,0.0001290120235105761,0.0,0.005606930272108844,921.875,22.65489065973501,1.0
220362,2.56,IFA_40_36_1596.wav,44100,16-03-20 00:00,mosquito,culex pipiens complex,Female,f,Single,,LT,telinga,tascam,Tanzania,Kilombero District,Morogoro,Ifakara,cup,D:\VGU-27\Edge AI Project\data\audio\220362.wav,44100,1,PCM_24,2.56,0.0,c73e0bf23129aa030a798d7618560f8fbdb452b487bc0b5752047131e9df5472,1753dbd9fbb797e9e646b58f02d2c8f13be18175d8c08a51d2cb1cf014e06a05,0.013153076171875,-54.19653958310643,9.742291335886568e-05,0.0,0.007316468253968254,156.25,22.5053656457062,1.0
220345,2.56,IFA_40_37_1597.wav,44100,16-03-20 00:00,mosquito,culex pipiens complex,Female,f,Single,,LT,telinga,tascam,Tanzania,Kilombero District,Morogoro,Ifakara,cup,D:\VGU-27\Edge AI Project\data\audio\220345.wav,44100,1,PCM_24,2.56,0.0,bbb9cf29f3e2330266543205b378ac3807ab420e0658fc887b3126b896ac0950,b23565866d2e28b152bb540a583ab580005d35f8ee8114546706b3270c3c2409,0.069305419921875,-39.582615268705446,4.2902909709212464e-05,0.0,0.004074546485260771,156.25,22.102425156661884,1.0
220344,7.68,IFA_40_37_1597.wav,44100,16-03-20 00:00,mosquito,culex pipiens complex,Female,f,Single,,LT,telinga,tascam,Tanzania,Kilombero District,Morogoro,Ifakara,cup,D:\VGU-27\Edge AI Project\data\audio\220344.wav,44100,1,PCM_24,7.68,0.0,7df81f34d6bec84c50c3d01db8f6ce826bbebbf6ecf7a2c05d577b208486874d,3407f7eac4851971de94e9182b8850be63dc43af21ffb64ee16057cd32015365,0.07122802734375,-41.21504515039192,3.1605689523802143e-05,0.0,0.004573530801209372,156.25,20.12877064086258,1.0
220338,12.8,IFA_41_10_1610.wav,44100,16-03-20 00:00,mosquito,culex pipiens complex,Female,f,Single,,LT,telinga,tascam,Tanzania,Kilombero District,Morogoro,Ifakara,cup,D:\VGU-27\Edge AI Project\data\audio\220338.wav,44100,1,PCM_24,12.799977324263038,-2.2675736962796122e-05,0b8ea80dd51a384eca655e6468223a34052b935cdf4a1e08ea3edd3950f5f8dc,04af5e88829da725ded38f8e017c4df6958b66d76a5f686567a659ddf1bb42d4,0.09228515625,-37.68248941142537,-2.1768573909802225e-05,0.0,0.002315409430643124,156.25,11.928414171552145,0.8320802005012531
220337,7.68,IFA_41_10_1610.wav,44100,16-03-20 00:00,mosquito,culex pipiens complex,Female,f,Single,,LT,telinga,tascam,Tanzania,Kilombero District,Morogoro,Ifakara,cup,D:\VGU-27\Edge AI Project\data\audio\220337.wav,44100,1,PCM_24,7.68,0.0,1ebcece61b078247be6a0a44f35e2a902d21c8287b9464bfe9c9617604feaf0e,9e58f59d160ec78ad6d6829b1709d0710a1a3a192f2e07f8e68f1f26cc6d5caa,0.069549560546875,-43.65326039510374,6.969598595697774e-05,0.0,0.004933744331065759,156.25,12.377390684030566,0.8828451882845189
220351,2.56,IFA_41_11_1611.wav,44100,16-03-20 00:00,mosquito,an arabiensis,Female,f,Single,,LT,telinga,tascam,Tanzania,Kilombero District,Morogoro,Ifakara,cup,D:\VGU-27\Edge AI Project\data\audio\220351.wav,44100,1,PCM_24,2.5599773242630386,-2.2675736961463855e-05,3b9565d728755a00053f6f2df730dd4279a3595e590821910f4bada16fbba463,6d5a61914355eaba13ee61d6af8db6b37d7a357e9f282c69cfd0ece5fd02afba,0.065277099609375,-40.12783808703545,-5.140074372550268e-05,0.0,0.002940785685814252,156.25,14.98962905798349,0.9367088607594937
220350,5.12,IFA_41_11_1611.wav,44100,16-03-20 00:00,mosquito,an arabiensis,Female,f,Single,,LT,telinga,tascam,Tanzania,Kilombero District,Morogoro,Ifakara,cup,D:\VGU-27\Edge AI Project\data\audio\220350.wav,44100,1,PCM_24,5.12,0.0,94580130ae4d3f196437956d18c359d35f92a93752d3179c47ca478712a758c0,65df5e5a8b82c7fed729a08062dfcdc129b784c9851b5cc41a002a927a4ba027,0.09619140625,-38.08763136327425,0.0001231925287484582,0.0,0.003321641156462585,156.25,15.383633757750896,0.9874213836477987
220360,40.9,IFA_41_12_1612.wav,44100,16-03-20 00:00,mosquito,an arabiensis,Female,f,Single,,LT,telinga,tascam,Tanzania,Kilombero District,Morogoro,Ifakara,cup,D:\VGU-27\Edge AI Project\data\audio\220360.wav,44100,1,PCM_24,40.9,0.0,00721cd46dfd0c7c51ad2c41bafa44b0991938a6d7e649953e198c51d6dc03e2,1d8a6dc72a45e979e7aeaca11050e50a378601556c63a0339b392c500b7db452,0.073516845703125,-47.1542187348815,1.6455625505474193e-05,0.0,0.004929339298881737,453.125,19.655617284574777,0.9882537196554424
220349,5.12,IFA_41_13_1613.wav,44100,16-03-20 00:00,mosquito,culex pipiens complex,Female,f,Single,,LT,telinga,tascam,Tanzania,Kilombero District,Morogoro,Ifakara,cup,D:\VGU-27\Edge AI Project\data\audio\220349.wav,44100,1,PCM_24,5.119977324263038,-2.2675736961907944e-05,490c1baa50f1e11e7e8bfe691d3a9bc7121e938b1184e743cde7e655925ef11c,a83940c68164e224d5dfb8808391ed2f621ca7b70ab129300dd0bf5fdac151a9,0.085601806640625,-38.4879817221369,2.8414916978671647e-05,0.0,0.0031710741349300904,531.25,17.617527635193973,0.9685534591194969
220332,5.12,IFA_41_24_1624.wav,44100,16-03-20 00:00,mosquito,culex pipiens complex,Female,f,Single,,LT,telinga,tascam,Tanzania,Kilombero District,Morogoro,Ifakara,cup,D:\VGU-27\Edge AI Project\data\audio\220332.wav,44100,1,PCM_24,5.12,0.0,d96b9eb100bbd43d6b8eef94b102a46c760582bcc428079f692c534edeaa98bd,435d3b035e533999d99c3f53eb717bbaf7cd1db57710cd076129476522ebb080,0.031341552734375,-45.94513349344336,3.6584411889247075e-05,0.0,0.006492701247165533,156.25,21.957740909262853,1.0
220333,2.56,IFA_41_24_1624.wav,44100,16-03-20 00:00,mosquito,culex pipiens complex,Female,f,Single,,LT,telinga,tascam,Tanzania,Kilombero District,Morogoro,Ifakara,cup,D:\VGU-27\Edge AI Project\data\audio\220333.wav,44100,1,PCM_24,2.5599773242630386,-2.2675736961463855e-05,dcd30f9ddf6dc3776cc5e121889864fa8476ee1f2b2c8bee30ad9b9805eb30b8,c5a2a5dad748bd742828d455836bff9c0ef16ede6da9dac76e5618e9ef8e045b,0.0426025390625,-44.278466368692165,2.715076439944196e-05,0.0,0.005544975419637717,484.375,19.42668833056755,1.0
220334,12.8,IFA_41_25_1625.wav,44100,16-03-20 00:00,mosquito,culex pipiens complex,Female,f,Single,,LT,telinga,tascam,Tanzania,Kilombero District,Morogoro,Ifakara,cup,D:\VGU-27\Edge AI Project\data\audio\220334.wav,44100,1,PCM_24,12.8,0.0,0464c81111adb3cd1bfb7739f4ade4f34ec5311b295df4805c2518af36400fab,3da1b7457ac970dcd07a4b435b016d174d4065e52af948dcc7b1c8a9169f07c1,0.033355712890625,-49.434011862860494,4.454648413625704e-05,0.0,0.006714143990929705,531.25,21.244272356211816,0.9974937343358395
220330,5.12,IFA_41_26_1626.wav,44100,16-03-20 00:00,mosquito,culex pipiens complex,Female,f,Single,,LT,telinga,tascam,Tanzania,Kilombero District,Morogoro,Ifakara,cup,D:\VGU-27\Edge AI Project\data\audio\220330.wav,44100,1,PCM_24,5.12,0.0,ccdbbaae15af0b82b850305b7cc3b117ea91fb340bf0f42bdf5cb03a366094cf,65f90fb40e5155f2afb8de99439e84f5f8732afe8cc21c5706dcbcc7ef994752,0.0264892578125,-47.87197179591111,-7.156206637012715e-06,0.0,0.0052481930272108845,562.5,21.06837962809657,1.0
220423,5.06,IFA_41_34_1634.wav,44100,21-03-20 00:00,mosquito,an arabiensis,Female,f,Single,,LT,telinga,tascam,Tanzania,Kilombero District,Morogoro,Ifakara,cup,D:\VGU-27\Edge AI Project\data\audio\220423.wav,44100,1,PCM_24,5.06,0.0,2b525e1929bda28a8ab005ccc195683abaa0228f6f5500e056945a861ef132f7,254dcf500ebcae9d5eabb0daff7aa6ff97c5af1a3b924732ef91663815ad50f6,0.0911865234375,-36.35703085021263,0.00018524563518846685,0.0,0.0018328807148682924,156.25,19.74185270592865,1.0
220422,2.56,IFA_41_34_1634.wav,44100,21-03-20 00:00,mosquito,an arabiensis,Female,f,Single,,LT,telinga,tascam,Tanzania,Kilombero District,Morogoro,Ifakara,cup,D:\VGU-27\Edge AI Project\data\audio\220422.wav,44100,1,PCM_24,2.56,0.0,c0429c82f3d02cf26cb797f2e0db885e752fb8f60a56fea3e814a7f7b5058dcd,9004da9b7a7a7b2298c7c9d4943d4fa41c4c1f8dbb4371af5ba52d7cf77a3a59,0.0482177734375,-39.40917732456947,-0.00022342091514950706,0.0,0.003312783446712018,156.25,19.251933916508108,1.0
220421,5.12,IFA_41_34_1634.wav,44100,21-03-20 00:00,mosquito,an arabiensis,Female,f,Single,,LT,telinga,tascam,Tanzania,Kilombero District,Morogoro,Ifakara,cup,D:\VGU-27\Edge AI Project\data\audio\220421.wav,44100,1,PCM_24,5.12,0.0,cfb7567db119515879aa815bbcc5044c7e5768b05f0a8cac4923caeae499871b,5bc65bffdaab9d20d8b231c050c1e0e78a692f567e5b617a287c75a2bcf5c0d6,0.0899658203125,-39.10497100793483,0.0003130545421522491,0.0,0.0024624433106575964,156.25,18.185185581007225,1.0
220384,2.56,IFA_41_36_1636.wav,44100,21-03-20 00:00,mosquito,an arabiensis,Female,f,Single,,LT,telinga,tascam,Tanzania,Kilombero District,Morogoro,Ifakara,cup,D:\VGU-27\Edge AI Project\data\audio\220384.wav,44100,1,PCM_24,2.5599773242630386,-2.2675736961463855e-05,910377974c6c73512a25e08073742b6f015e09b992cf2ba6c7efa1d7bfdedf86,eb28da1bc28116e1191d0d07ec1ee2fdc475e3901a044e2561a2db51bb90af2c,0.01593017578125,-49.833683625686646,0.00011288949398846826,0.0,0.005004650338810399,156.25,18.05190543692819,1.0
220374,2.56,IFA_41_37_1637.wav,44100,21-03-20 00:00,mosquito,an arabiensis,Female,f,Single,,LT,telinga,tascam,Tanzania,Kilombero District,Morogoro,Ifakara,cup,D:\VGU-27\Edge AI Project\data\audio\220374.wav,44100,1,PCM_24,2.56,0.0,df7ab90feb196f65f36977e2ea795e87c4c3b56d0ccee66041d5f872684abac1,6c7e13c5d25981c59a1992276a944967439692380222bc2915219379c21105eb,0.072174072265625,-39.1486478226649,-8.060061742389013e-05,0.0,0.0035430839002267575,765.625,18.986149154644295,0.9873417721518988
220373,5.12,IFA_41_37_1637.wav,44100,21-03-20 00:00,mosquito,an arabiensis,Female,f,Single,,LT,telinga,tascam,Tanzania,Kilombero District,Morogoro,Ifakara,cup,D:\VGU-27\Edge AI Project\data\audio\220373.wav,44100,1,PCM_24,5.12,0.0,725d32c73fe4db0bdfe831dc352682c75dc9a0d574feb2f31f47189a0db5e212,1fdb277faef6b32b38e544d8bd859af3de959fb742d89433f0c35ef0726b3d7e,0.1363525390625,-36.927123915969425,9.477908919457675e-05,0.0,0.0022277140022675737,156.25,18.26850694939996,1.0
220419,12.8,IFA_41_38_1638.wav,44100,21-03-20 00:00,mosquito,an arabiensis,Female,f,Single,,LT,telinga,tascam,Tanzania,Kilombero District,Morogoro,Ifakara,cup,D:\VGU-27\Edge AI Project\data\audio\220419.wav,44100,1,PCM_24,12.799977324263038,-2.2675736962796122e-05,ecd4a58df8c0a0de0b49c83b18e20de845d33664a7ad7c073264921942f9cf87,cb8cbd860a911bd6c58ebc130e9882bb6ce7cc9473290dd23736f7df6ad13dad,0.049530029296875,-44.743712571365144,1.7156815160943764e-05,0.0,0.005295148269466181,156.25,18.858411021632755,0.9949874686716792
220418,7.68,IFA_41_38_1638.wav,44100,21-03-20 00:00,mosquito,an arabiensis,Female,f,Single,,LT,telinga,tascam,Tanzania,Kilombero District,Morogoro,Ifakara,cup,D:\VGU-27\Edge AI Project\data\audio\220418.wav,44100,1,PCM_24,7.68,0.0,83fe477216989ed70b851b52455b0017c5defce3257360d2143fc1331955dcd2,e02d6f5a005e9d54c47f31d44a9b3bdcdf438c102cb1b97f3cd7552f5c641d78,0.008697509765625,-52.75677277493325,4.40663491246922e-05,0.0,0.005462254346182918,156.25,17.165715694136445,0.9707112970711297
220417,5.12,IFA_41_38_1638.wav,44100,21-03-20 00:00,mosquito,an arabiensis,Female,f,Single,,LT,telinga,tascam,Tanzania,Kilombero District,Morogoro,Ifakara,cup,D:\VGU-27\Edge AI Project\data\audio\220417.wav,44100,1,PCM_24,5.12,0.0,55f81327713929b53a08cc2b3b5c279383a3297931a3891b2da277765dbecfa6,f3f1a7c93a5ff292514a5e2ab741964e2c3aa8a4e9c9dacc3235ecc2d8261f6f,0.045196533203125,-45.32788225181591,-3.5221749692817395e-05,0.0,0.005456349206349206,156.25,18.975678575481616,0.9937106918238994
220420,2.5,IFA_41_38_1638.wav,44100,21-03-20 00:00,mosquito,an arabiensis,Female,f,Single,,LT,telinga,tascam,Tanzania,Kilombero District,Morogoro,Ifakara,cup,D:\VGU-27\Edge AI Project\data\audio\220420.wav,44100,1,PCM_24,2.5,0.0,c10b655260726e4cd64fbd8fbfee06fca0480d2235339f33405f27ea832a94b7,c0738b44403438aaec59ef77f0a32c492ee0adc4a7743f8a8a75b2667dc13dc2,0.0166015625,-47.947298787109666,7.789303872590702e-05,0.0,0.004054421768707483,156.25,17.328365039048467,1.0
220424,2.56,IFA_42_11_1651.wav,44100,21-03-20 00:00,mosquito,an arabiensis,Female,f,Single,,LT,telinga,tascam,Tanzania,Kilombero District,Morogoro,Ifakara,cup,D:\VGU-27\Edge AI Project\data\audio\220424.wav,44100,1,PCM_24,2.5599773242630386,-2.2675736961463855e-05,70a2bd5e2f65ccfe5d9fa2ef3b47ccad4d2038bd5efa65041619cb17c29eeaae,211abe7c5ca961c6173eec349f112af464cf942f0bb56512d6e9a4bbfb3417da,0.04803466796875,-38.845166619276995,0.00036278627567028546,0.0,0.0015501129367996812,156.25,14.033853678722927,0.9240506329113924
220425,2.56,IFA_42_11_1651.wav,44100,21-03-20 00:00,mosquito,an arabiensis,Female,f,Single,,LT,telinga,tascam,Tanzania,Kilombero District,Morogoro,Ifakara,cup,D:\VGU-27\Edge AI Project\data\audio\220425.wav,44100,1,PCM_24,2.5599773242630386,-2.2675736961463855e-05,ca0b790e5b8f8a3235e6394299c3d6148607480eb6f1156b8dd1d6eb29e4ba5f,4a6742945ce139921e96dce6d84b91e0f204a5c7cf31634e570fd78e4a1f2170,0.010955810546875,-50.50372669163715,-4.682452617753222e-06,0.0,0.0037202710483192347,156.25,17.65083416690028,0.9873417721518988
220426,2.56,IFA_42_11_1651.wav,44100,21-03-20 00:00,mosquito,an arabiensis,Female,f,Single,,LT,telinga,tascam,Tanzania,Kilombero District,Morogoro,Ifakara,cup,D:\VGU-27\Edge AI Project\data\audio\220426.wav,44100,1,PCM_24,2.56,0.0,6970020560a8f267ba739e23cbdf2834c4933bfa03c31b2fa20485eb6f8c9cec,fbfeccd8790c0791c201636a711b1758089426d21e4714ef0b1aada78d90d5db,0.055816650390625,-38.07768267245994,0.0001401014609131413,0.0,0.0008857709750566894,156.25,18.549664483276636,0.9873417721518988
220380,10.24,IFA_42_14_1654.wav,44100,21-03-20 00:00,mosquito,an arabiensis,Female,f,Single,,LT,telinga,tascam,Tanzania,Kilombero District,Morogoro,Ifakara,cup,D:\VGU-27\Edge AI Project\data\audio\220380.wav,44100,1,PCM_24,10.24,0.0,4702d42e404fa78ec356fc390a08e8423ba3951ef3d75fe1eb55245e93fef797,1c13bc58b613d82b68bb1a94e7c4965b5a61ca6bd98aa09f726952ef718ddcba,0.06512451171875,-43.33653045759518,-2.755748441700492e-05,0.0,0.005950166524943311,500.0,18.431372299296434,1.0
220379,5.12,IFA_42_14_1654.wav,44100,21-03-20 00:00,mosquito,an arabiensis,Female,f,Single,,LT,telinga,tascam,Tanzania,Kilombero District,Morogoro,Ifakara,cup,D:\VGU-27\Edge AI Project\data\audio\220379.wav,44100,1,PCM_24,5.12,0.0,cdb97b8e9ac2401630070d316b9972aa4ec138ebf746f1439b2143d5079d72a2,1d8e7b315deef7f438643160706a22d12cc1a6595b9af4b6ed731f2180b04e99,0.052490234375,-45.00776311952403,-3.50615875520944e-05,0.0,0.0049824617346938774,156.25,18.663649087817,1.0
220376,33.22,IFA_42_19_1659.wav,44100,21-03-20 00:00,mosquito,an arabiensis,Female,f,Single,,LT,telinga,tascam,Tanzania,Kilombero District,Morogoro,Ifakara,cup,D:\VGU-27\Edge AI Project\data\audio\220376.wav,44100,1,PCM_24,33.22,0.0,ca4bb5994c90e61ac1a03e9343ab62aa249d1262aac92ddc40f0506a2a61d015,86b12ea1f48b5798c3d9a2f0022685d3ee961052f448b7a08994dfa9b338f2be,0.066009521484375,-43.29404348623753,3.759804237495282e-05,0.0,0.0038368548302323137,593.75,21.919544730232264,0.9893924783027965
220375,5.12,IFA_42_19_1659.wav,44100,21-03-20 00:00,mosquito,an arabiensis,Female,f,Single,,LT,telinga,tascam,Tanzania,Kilombero District,Morogoro,Ifakara,cup,D:\VGU-27\Edge AI Project\data\audio\220375.wav,44100,1,PCM_24,5.12,0.0,f4cf60be69dee0aaa02386aaf620b33c4f5da23aea7e3044790c59f37777b234,0977cc89ba895ab25938b37cc0b2e6e8db228cf7fd66e0810e583f55ca0d2bfd,0.01580810546875,-50.93332793811014,-1.8873993231325735e-05,0.0,0.0047831632653061226,562.5,29.68550771950963,1.0
220388,17.92,IFA_42_21_1661.wav,44100,21-03-20 00:00,mosquito,ae aegypti,Female,f,Single,,LC,telinga,tascam,Tanzania,Kilombero District,Morogoro,Ifakara,cup,D:\VGU-27\Edge AI Project\data\audio\220388.wav,44100,1,PCM_24,17.92,0.0,73463062f13b6fc440de54d9889cba5cd8e1cea7edb9f1412b7969ef55c3dfd0,55088e363fb697537cfdf939b5f154ab8efe27001a722a5ccf6678c24c2614ce,0.051666259765625,-43.12557624207665,3.102472927487704e-05,0.0,0.0023460276967930027,156.25,17.37021736672061,0.9749552772808586
220387,12.8,IFA_42_21_1661.wav,44100,21-03-20 00:00,mosquito,ae aegypti,Female,f,Single,,LC,telinga,tascam,Tanzania,Kilombero District,Morogoro,Ifakara,cup,D:\VGU-27\Edge AI Project\data\audio\220387.wav,44100,1,PCM_24,12.8,0.0,12dd03fff0c85cfa1a359c692e02d30a66c3b57b32929518a478e4e67a692d69,7dcd3b894d86f6289b66027e8f8798e7bbedb29be00c8899a19144f595e9238b,0.08026123046875,-41.69839801569104,-2.257840163042756e-06,0.0,0.002965561224489796,156.25,17.502913579584874,0.9874686716791979
220386,2.56,IFA_42_21_1661.wav,44100,21-03-20 00:00,mosquito,ae aegypti,Female,f,Single,,LC,telinga,tascam,Tanzania,Kilombero District,Morogoro,Ifakara,cup,D:\VGU-27\Edge AI Project\data\audio\220386.wav,44100,1,PCM_24,2.56,0.0,a716e9e6aaeec7bcc0727d853d6424dad0c45757ca1cf6b0bee4598428375915,67ccc7603a5ff0115eb059376f673aae42d54441931f3557539b0fe29356dd41,0.025543212890625,-42.879107106950954,0.0003061954126336407,0.0,0.0023915816326530613,156.25,12.473553325724755,0.7848101265822784
220400,28.16,IFA_42_22_1662.wav,44100,21-03-20 00:00,mosquito,ae aegypti,Female,f,Single,,LC,telinga,tascam,Tanzania,Kilombero District,Morogoro,Ifakara,cup,D:\VGU-27\Edge AI Project\data\audio\220400.wav,44100,1,PCM_24,28.16,0.0,30c7032464138c7d98b34517c71ac11203cafdb4aaec2e16b5f7a891d323cc55,623161b3e41edaf305de6428ade68f1e0d2f473d3c5ebe0f4b5c9fc33526e844,0.05401611328125,-44.982184411263276,1.356597291737629e-05,0.0,0.003971474953617811,156.25,19.0229142105646,0.9954493742889647
220402,10.18,IFA_42_22_1662.wav,44100,21-03-20 00:00,mosquito,ae aegypti,Female,f,Single,,LC,telinga,tascam,Tanzania,Kilombero District,Morogoro,Ifakara,cup,D:\VGU-27\Edge AI Project\data\audio\220402.wav,44100,1,PCM_24,10.18,0.0,f3fff3e1fa018fba1dacf4d9559e7ae55f72eb9189da5cbde9af3c0a3db0dae9,2d70415616897cf0814ccd85746079b21ad97247eb80d77516a06b2479e44dd1,0.05621337890625,-42.16402171724283,1.7674157300291188e-05,0.0,0.0024858666452828677,156.25,18.979489099076115,0.9968454258675079
220401,5.12,IFA_42_22_1662.wav,44100,21-03-20 00:00,mosquito,ae aegypti,Female,f,Single,,LC,telinga,tascam,Tanzania,Kilombero District,Morogoro,Ifakara,cup,D:\VGU-27\Edge AI Project\data\audio\220401.wav,44100,1,PCM_24,5.119977324263038,-2.2675736961907944e-05,61ef0bc56d183b9688ede36fb0ccd4c3783165ef61b27dc73e2ad52e3952693d,eec420a6934f1e877ca158b064e70ca26bef50dd711c7498b3444b661478d71d,0.062255859375,-44.16836813774397,-3.167426476704397e-05,0.0,0.002971774782874428,156.25,18.503622598171468,1.0
220430,23.04,IFA_42_23_1663.wav,44100,21-03-20 00:00,mosquito,ae aegypti,Female,f,Single,,LC,telinga,tascam,Tanzania,Kilombero District,Morogoro,Ifakara,cup,D:\VGU-27\Edge AI Project\data\audio\220430.wav,44100,1,PCM_24,23.04,0.0,a0488ea50ea8db1c96fb1f6ec74cf4e0937abb2f4b32cb2dba7003260be2ada1,1062cd09aea7595e89dd412ed191a3811671f4eb879cbd5f393af4b455dd334f,0.075775146484375,-43.64129759958627,2.5721724431621065e-05,0.0,0.0036936649659863948,609.375,17.671457511094587,0.9916550764951322
220385,10.24,IFA_42_24_1664.wav,44100,21-03-20 00:00,mosquito,ae aegypti,Female,f,Single,,LC,telinga,tascam,Tanzania,Kilombero District,Morogoro,Ifakara,cup,D:\VGU-27\Edge AI Project\data\audio\220385.wav,44100,1,PCM_24,10.23997732426304,-2.2675736961019766e-05,45880925578f274cf29efbaf1c93c208ba1af4b8719ee14240c827dd6144389f,7927397b0741e3e3419c83307ce05da9d37d16acc6377a0fbb5687c0e83ba3ea,0.060546875,-40.86606672027087,6.423962258183989e-05,0.0,0.0024093023873795073,765.625,22.61708430281846,1.0
220405,53.76,IFA_42_25_1665.wav,44100,21-03-20 00:00,mosquito,ae aegypti,Female,f,Single,,LC,telinga,tascam,Tanzania,Kilombero District,Morogoro,Ifakara,cup,D:\VGU-27\Edge AI Project\data\audio\220405.wav,44100,1,PCM_24,53.76,0.0,7c21e32d691bdd51cac7364bd7ddae2dd1abbc4220be75448f5dbdcdfa044eaa,a3f930669b2634e95078798106d4f3b2ef6161913b3863d41fc63ed1f6137991,0.072845458984375,-42.00874882247159,2.409054849153203e-05,0.0,0.002473409998920203,156.25,19.73278379017167,0.9964264443120905
220392,2.56,IFA_42_26_1666.wav,44100,21-03-20 00:00,mosquito,ae aegypti,Female,f,Single,,LC,telinga,tascam,Tanzania,Kilombero District,Morogoro,Ifakara,cup,D:\VGU-27\Edge AI Project\data\audio\220392.wav,44100,1,PCM_24,2.56,0.0,e23817593df04c5c6c260c0bf563b4b64198a9d1aca65eecf8bffbde6eab20a8,8cf44a6b8ed24b48d509ac67192110cec16dff2b298ff1535b27f91d1b53c89e,0.0382080078125,-39.11617978525298,-0.0003675627870624568,0.0,0.0015678146258503401,156.25,22.976347444399106,1.0
220393,5.06,IFA_42_26_1666.wav,44100,21-03-20 00:00,mosquito,ae aegypti,Female,f,Single,,LC,telinga,tascam,Tanzania,Kilombero District,Morogoro,Ifakara,cup,D:\VGU-27\Edge AI Project\data\audio\220393.wav,44100,1,PCM_24,5.06,0.0,f72ffcdb891a833fe7be98c01baae5a951f792f56faa083dfbc8f4ae80de59b6,5473c8e3f265ec95402b19a347a36f57f11293ac1f88c617eb78034e17fca576,0.05877685546875,-39.08862581379416,7.001089038783745e-05,0.0,0.0015326288618214084,156.25,22.185577453428067,1.0
220390,2.56,IFA_42_26_1666.wav,44100,21-03-20 00:00,mosquito,ae aegypti,Female,f,Single,,LC,telinga,tascam,Tanzania,Kilombero District,Morogoro,Ifakara,cup,D:\VGU-27\Edge AI Project\data\audio\220390.wav,44100,1,PCM_24,2.56,0.0,a6671078c30e43add522228d5ef737f20dcd2301fc589eac4f9d71bbba8cb008,ecbafa8863bb4007f6ee8b18d7919ab3ece48eded21cad4a3beb895b9db1eab3,0.090972900390625,-34.65791328503829,0.0011239216711515742,0.0,0.0011957908163265306,156.25,19.020755922997843,1.0
220391,5.12,IFA_42_26_1666.wav,44100,21-03-20 00:00,mosquito,ae aegypti,Female,f,Single,,LC,telinga,tascam,Tanzania,Kilombero District,Morogoro,Ifakara,cup,D:\VGU-27\Edge AI Project\data\audio\220391.wav,44100,1,PCM_24,5.12,0.0,e7a1e8371abc7227f2ecdb6543c93528a6c41f56f6d975b2baf1e6f90d2aa18a,1ef85e4963e6c6c95d9549dc635f107257842c3878dc18cf5b2822057100d668,0.087493896484375,-36.29463087976298,0.00012931734526238473,0.0,0.0018734056122448979,156.25,17.754618558341157,0.9874213836477987
220427,5.12,IFA_42_27_1667.wav,44100,21-03-20 00:00,mosquito,ae aegypti,Female,f,Single,,LC,telinga,tascam,Tanzania,Kilombero District,Morogoro,Ifakara,cup,D:\VGU-27\Edge AI Project\data\audio\220427.wav,44100,1,PCM_24,5.12,0.0,005744a08cc3b07fdf52e658e29526022a9392c934274b9a472f946acb986d47,d8cd4c0ffba87b5f131ae27f892bbf4ee2380614cdfac063323261a55d255c5b,0.038848876953125,-43.55843160021785,0.00012925909219685595,0.0,0.0031046272675736963,156.25,18.375385457217202,1.0
220412,2.5,IFA_42_28_1668.wav,44100,21-03-20 00:00,mosquito,ae aegypti,Female,f,Single,,LC,telinga,tascam,Tanzania,Kilombero District,Morogoro,Ifakara,cup,D:\VGU-27\Edge AI Project\data\audio\220412.wav,44100,1,PCM_24,2.5,0.0,3475411bcf50b157629c6cdece78fc209bacb9c0cae94a5484c0870fc0755892,f84c618723c142308e0b9f8da9d44eddfd33938fef92c66b932773a735350a78,0.081451416015625,-36.571831934993874,0.0002486622090242347,0.0,0.0019229024943310657,359.375,18.84641357001765,1.0
220411,2.56,IFA_42_28_1668.wav,44100,21-03-20 00:00,mosquito,ae aegypti,Female,f,Single,,LC,telinga,tascam,Tanzania,Kilombero District,Morogoro,Ifakara,cup,D:\VGU-27\Edge AI Project\data\audio\220411.wav,44100,1,PCM_24,2.56,0.0,80538dbc0200e23fd4fe9928dd9404f32ea9e1dad429420c0266f3ab388c6635,11aa54fe6d2cc57cbece06e965c13497b1a7d90a04577bf267864750f51ee6f8,0.037353515625,-42.194754310372666,0.00019576571155297242,0.0,0.0035253684807256234,812.5,22.272287200883166,1.0
220416,7.68,IFA_42_29_1669.wav,44100,21-03-20 00:00,mosquito,ae aegypti,Female,f,Single,,LC,telinga,tascam,Tanzania,Kilombero District,Morogoro,Ifakara,cup,D:\VGU-27\Edge AI Project\data\audio\220416.wav,44100,1,PCM_24,7.68,0.0,23cc1149e23c7c38c900f730b6f60f73317181f4b5274cb36622fdc7666ed4e2,dcf55625e4b489d9776b4ea68aebcd41f233923eccccc6d4fcd6061893ffc6b5,0.078765869140625,-36.56765863698136,-2.536824140599165e-05,0.0,0.0029112339380196525,562.5,20.02095625123242,1.0
220414,5.12,IFA_42_29_1669.wav,44100,21-03-20 00:00,mosquito,ae aegypti,Female,f,Single,,LC,telinga,tascam,Tanzania,Kilombero District,Morogoro,Ifakara,cup,D:\VGU-27\Edge AI Project\data\audio\220414.wav,44100,1,PCM_24,5.12,0.0,b0b94c48e6fa8b8ae59941e7d61f0d70e9d63bc441106a614f18a941b10055a3,300ef7faf9f40c8eaeccfa02447315f9fbf83101aa3b5ff96907a515ecc1dbb6,0.055419921875,-42.15355840465874,-8.321997800381546e-05,0.0,0.005398774092970521,578.125,19.037598185276014,1.0
220415,17.92,IFA_42_29_1669.wav,44100,21-03-20 00:00,mosquito,ae aegypti,Female,f,Single,,LC,telinga,tascam,Tanzania,Kilombero District,Morogoro,Ifakara,cup,D:\VGU-27\Edge AI Project\data\audio\220415.wav,44100,1,PCM_24,17.92,0.0,6eacc67aab7cf02cdd7bdf67b759dc721675496cd1a937c766e539fe836a17ea,ea6e12eacafbc6f80ec551e48ebf178bed80ff7477e81bdd1bdcdbbbdd6e9ae2,0.09881591796875,-40.42318012600017,3.870471148650006e-05,0.0,0.003655703352769679,156.25,19.460169986789932,0.9946332737030411
220429,5.12,IFA_42_30_1670.wav,44100,21-03-20 00:00,mosquito,ae aegypti,Female,f,Single,,LC,telinga,tascam,Tanzania,Kilombero District,Morogoro,Ifakara,cup,D:\VGU-27\Edge AI Project\data\audio\220429.wav,44100,1,PCM_24,5.12,0.0,cb638cbd1613fa5f296c1e8453b6ec7e382b8449baa65bea3c90ace048e9082e,289674a00d44798918f6f1f1397d12031ccb5c721bee5359cf0270826b31409f,0.1058349609375,-38.728481422366045,6.004917918959983e-05,0.0,0.004544005102040816,562.5,18.476351004253576,0.9937106918238994
220428,5.12,IFA_42_30_1670.wav,44100,21-03-20 00:00,mosquito,ae aegypti,Female,f,Single,,LC,telinga,tascam,Tanzania,Kilombero District,Morogoro,Ifakara,cup,D:\VGU-27\Edge AI Project\data\audio\220428.wav,44100,1,PCM_24,5.12,0.0,dc4e6c5461c18b6460efcf438005096290ceaae1f81560d488c469f57f650f9d,e8e3f4ce7128d0931cea050e603825fc8f4e698b5d1da3ff98c44775935ff483,0.11029052734375,-36.63367916546113,0.0001671342622666132,0.0,0.003698093820861678,156.25,20.08280774857433,0.9622641509433962
220389,5.12,IFA_42_31_1671.wav,44100,21-03-20 00:00,mosquito,ae aegypti,Female,f,Single,,LC,telinga,tascam,Tanzania,Kilombero District,Morogoro,Ifakara,cup,D:\VGU-27\Edge AI Project\data\audio\220389.wav,44100,1,PCM_24,5.12,0.0,136ff2807acc2c5eb1ac2963d82a9c7876d2f4a68c85677b83b4f3b11fa30de9,d0796485125ea41e8aa23f33bf114084ab4cba5b33e79fa210d1681a7d4b8ef4,0.047515869140625,-41.297503277213956,0.0002647474779834012,0.0,0.0023960104875283446,156.25,16.325151667548884,0.9874213836477987
220406,2.56,IFA_42_32_1672.wav,44100,21-03-20 00:00,mosquito,ae aegypti,Female,f,Single,,LC,telinga,tascam,Tanzania,Kilombero District,Morogoro,Ifakara,cup,D:\VGU-27\Edge AI Project\data\audio\220406.wav,44100,1,PCM_24,2.5599773242630386,-2.2675736961463855e-05,b6218bff648dfd8620fd5d5b0c1028c08221062e916190b1cbf13a98d2e73ecf,670d674d20833954d0a4c203df48fd78deea87ef000e3611665ec32a706b39c9,0.051666259765625,-40.55959339256227,0.00018486956560853006,0.0,0.003986004694627752,156.25,20.613581289901376,1.0
220407,2.56,IFA_42_32_1672.wav,44100,21-03-20 00:00,mosquito,ae aegypti,Female,f,Single,,LC,telinga,tascam,Tanzania,Kilombero District,Morogoro,Ifakara,cup,D:\VGU-27\Edge AI Project\data\audio\220407.wav,44100,1,PCM_24,2.5599773242630386,-2.2675736961463855e-05,3336151a0ecba5e8e598da5fee18716eba673cb07cdda1208fe002201487919e,3f6ca27e958259f6f2c6171c90d8aa779749171ea36b053f52c88914f5fa2c43,0.051116943359375,-41.10917517288719,0.00037077742359119644,0.0,0.0024536073342486383,156.25,18.57888696035088,0.9873417721518988
220408,10.24,IFA_42_32_1672.wav,44100,21-03-20 00:00,mosquito,ae aegypti,Female,f,Single,,LC,telinga,tascam,Tanzania,Kilombero District,Morogoro,Ifakara,cup,D:\VGU-27\Edge AI Project\data\audio\220408.wav,44100,1,PCM_24,10.24,0.0,e7254823fd17c5c6d1e42052df7c5ff0f90ab335a82025ef4cce1f592622a7c6,a8375d227fccfdb5a11b4278db753c40e1dd3c3568830e80fba77c19aab67f26,0.054168701171875,-41.57870519262162,-7.183353106180827e-05,0.0,0.00371359481292517,156.25,18.90762613257136,0.9937304075235109
220398,7.68,IFA_42_33_1673.wav,44100,21-03-20 00:00,mosquito,ae aegypti,Female,f,Single,,LC,telinga,tascam,Tanzania,Kilombero District,Morogoro,Ifakara,cup,D:\VGU-27\Edge AI Project\data\audio\220398.wav,44100,1,PCM_24,7.68,0.0,e650782b245820d90b7c86a36cdd7e50508493a2c12a90eac1163d4bcd1c7a74,894402861d4082859018e336b9f71280cd0ea090621c0f793de54456e1633d55,0.0394287109375,-41.22500479206543,7.876102796397422e-07,0.0,0.002937807067271353,453.125,17.935627841015787,0.9916317991631799
220397,28.16,IFA_42_33_1673.wav,44100,21-03-20 00:00,mosquito,ae aegypti,Female,f,Single,,LC,telinga,tascam,Tanzania,Kilombero District,Morogoro,Ifakara,cup,D:\VGU-27\Edge AI Project\data\audio\220397.wav,44100,1,PCM_24,28.16,0.0,173ab7dc7a3a3d272943ff083b4ea28c491bd2c855b807e25bafc20014f409d1,7f787c64b59a167805523a6c69e48af566ce82c594783d2ed3361bd825d7beae,0.076324462890625,-41.78073639223082,4.25201178924051e-05,0.0,0.0035269789734075447,562.5,18.228527480183097,0.9908987485779295
220403,48.58,IFA_42_36_1676.wav,44100,21-03-20 00:00,mosquito,ae aegypti,Female,f,Single,,LC,telinga,tascam,Tanzania,Kilombero District,Morogoro,Ifakara,cup,D:\VGU-27\Edge AI Project\data\audio\220403.wav,44100,1,PCM_24,48.58,0.0,cda806c31fe1c887e7526a8ceca10cc43efd1f306c1640167f39813eedeb6740,857aeddc69d3d6c8b9d7d0d5c122b1c0ca6220dd951476290853d7e7d6f0d0df,0.06170654296875,-42.16409109533814,-1.4063087133236116e-05,0.0,0.003287935182306764,156.25,19.701218002382493,0.996044825313118
220399,2.56,IFA_42_38_1678.wav,44100,21-03-20 00:00,mosquito,ae aegypti,Female,f,Single,,LC,telinga,tascam,Tanzania,Kilombero District,Morogoro,Ifakara,cup,D:\VGU-27\Edge AI Project\data\audio\220399.wav,44100,1,PCM_24,2.5599773242630386,-2.2675736961463855e-05,c56b7e8990e28409f609efd4a6bc770168af47f573f121e674078d7295cde702,813029ac7152bda38f82c8ce8b73cdc89054922789cdf549efabe51db44a5a99,0.105987548828125,-34.661925283346974,-0.0015410167278984343,0.0,0.0017715576420567784,156.25,19.53477291629858,1.0
220372,61.38,IFA_42_39_1679.wav,44100,21-03-20 00:00,mosquito,ae aegypti,Female,f,Single,,LC,telinga,tascam,Tanzania,Kilombero District,Morogoro,Ifakara,cup,D:\VGU-27\Edge AI Project\data\audio\220372.wav,44100,1,PCM_24,61.38,0.0,9345a64be73e0531805391c09c8a104f8cda726f0b7230a5a439b8b569b8ff8c,cfd422edc3d61fc23b74ae285429c9985c1c870cc5992f7d4feae5d96d4ac60b,0.049072265625,-49.48416414373281,3.270646956686613e-05,0.0,0.00537966897413902,562.5,20.48521515849565,0.9979134063641106
220371,10.24,IFA_42_39_1679.wav,44100,21-03-20 00:00,mosquito,ae aegypti,Female,f,Single,,LC,telinga,tascam,Tanzania,Kilombero District,Morogoro,Ifakara,cup,D:\VGU-27\Edge AI Project\data\audio\220371.wav,44100,1,PCM_24,10.24,0.0,43e44a05b9e3a4fb9945ae6b320f2c6dcb73d25aa99868a76d6eb60c395ac1df,b542a070d94af0d4d4b72c5f64323991b217fadd54852e10ae562fc301b6a294,0.048736572265625,-45.34378647482656,3.3573228485730228e-06,0.0,0.004902742346938775,156.25,20.090504464452877,0.9968652037617555
220453,10.24,IFA_44_10_1730.wav,44100,24-03-20 00:00,mosquito,an arabiensis,Female,f,Single,,LT,telinga,tascam,Tanzania,Kilombero District,Morogoro,Ifakara,cup,D:\VGU-27\Edge AI Project\data\audio\220453.wav,44100,1,PCM_24,10.23997732426304,-2.2675736961019766e-05,43643bdd7ca053b16ccd7f521730845e3dea3bc30b2ddcb64881b2f2d7349b65,738a077e4b35ff744021a1fffe6c238126ae90b0aea148cf542e117e7a6dc8a5,0.5030517578125,-34.674417446790876,0.00016143899723739186,0.0,0.004548444029115356,593.75,17.180256395408225,0.9780564263322884
220471,35.78,IFA_44_11_1731.wav,44100,24-03-20 00:00,mosquito,an arabiensis,Female,f,Single,,LT,telinga,tascam,Tanzania,Kilombero District,Morogoro,Ifakara,cup,D:\VGU-27\Edge AI Project\data\audio\220471.wav,44100,1,PCM_24,35.78,0.0,9500892fe8dcf6f22dbe4ec696463f8a74b67872dc9f3acc33a11af86d6258a3,67670b3d00cb6441d7601cd93fb61b2bfc95224b342b1d4e5971da8524aa665c,0.05767822265625,-47.143141049256855,1.743536684167798e-05,0.0,0.006532107905580716,578.125,21.072883795686153,0.9964189794091316
220481,17.86,IFA_44_12_1732.wav,44100,24-03-20 00:00,mosquito,an arabiensis,Female,f,Single,,LT,telinga,tascam,Tanzania,Kilombero District,Morogoro,Ifakara,cup,D:\VGU-27\Edge AI Project\data\audio\220481.wav,44100,1,PCM_24,17.86,0.0,3460b58345bb5b24a5f56ac38eca51518cfc74d62aeabb5f6735d548161c7d57,412b7e3559664d583cf343301f39b8ca8212a0bbdb65aa8b50b3cd5a2ab7ec6f,0.101165771484375,-40.2611664217152,5.8250228574539185e-05,0.0,0.0037124218855141907,484.375,17.222590547647705,0.9910233393177738
220480,15.36,IFA_44_12_1732.wav,44100,24-03-20 00:00,mosquito,an arabiensis,Female,f,Single,,LT,telinga,tascam,Tanzania,Kilombero District,Morogoro,Ifakara,cup,D:\VGU-27\Edge AI Project\data\audio\220480.wav,44100,1,PCM_24,15.36,0.0,9c7153b43abb5eb39b42302784fce413a90eb8e6b7617acfd1cf0956481bbb75,ad32b2a85aa6c815ba1dee2674bd0b00d9f5a51eda12fb9b566166d713415f95,0.068817138671875,-42.931241164688174,5.130301977951961e-05,0.0,0.004815641534391534,390.625,16.12666534084252,0.9707724425887265
220460,33.28,IFA_44_34_1754.wav,44100,24-03-20 00:00,mosquito,ae aegypti,Female,f,Single,,LC,telinga,tascam,Tanzania,Kilombero District,Morogoro,Ifakara,cup,D:\VGU-27\Edge AI Project\data\audio\220460.wav,44100,1,PCM_24,33.28,0.0,2ed449646746ae4df2b80971d213bd754a27ebf110c8cc66edfb17b083a544c8,4f95f79ea4c86ccbe1bbd4c7b5cc1a73bd0b9dbd85dc0a9083dc52e42e152b93,0.118072509765625,-35.867030673081814,1.8480787638197305e-05,0.0,0.003049096241060527,156.25,18.406808012093617,0.9980750721847931
220498,38.34,IFA_44_35_1755.wav,44100,24-03-20 00:00,mosquito,ae aegypti,Female,f,Single,,LC,telinga,tascam,Tanzania,Kilombero District,Morogoro,Ifakara,cup,D:\VGU-27\Edge AI Project\data\audio\220498.wav,44100,1,PCM_24,38.34,0.0,8119db7a69940eafe704566cb5ee4eb1d1f23da8b0d5285afafaa6f8b940626b,3293b1298d5dca13ee8ed3f0de448bb81d9fd085d18c1214b14004e54ad7f958,0.08746337890625,-42.46734815493114,2.225244358313498e-05,0.0,0.0031831198833210906,375.0,18.724881808291236,0.9924812030075187
220464,30.66,IFA_44_36_1756.wav,44100,24-03-20 00:00,mosquito,ae aegypti,Female,f,Single,,LC,telinga,tascam,Tanzania,Kilombero District,Morogoro,Ifakara,cup,D:\VGU-27\Edge AI Project\data\audio\220464.wav,44100,1,PCM_24,30.66,0.0,209d7f1eefc6da932665a5a9e138396b7cfcd9a275d75364bf481bd39e64dd63,00942a2f2a84be7c9637885eded6cc0a0772364fde877ef94b05ffffd4f0e09a,0.093780517578125,-41.00612789039125,1.3609682523735195e-05,0.0,0.0028814308937317045,156.25,18.264286719314217,0.9926854754440961
220451,7.68,IFA_44_37_1757.wav,44100,24-03-20 00:00,mosquito,ae aegypti,Female,f,Single,,LC,telinga,tascam,Tanzania,Kilombero District,Morogoro,Ifakara,cup,D:\VGU-27\Edge AI Project\data\audio\220451.wav,44100,1,PCM_24,7.68,0.0,0cebbe2cae135bb4cbb00ec9c77e9edf25635a6ddf2a9dcc47f98c8c78a4e331,b64c6a4dca0b9697c2b33c606bea29af5396e5b83d1fab8adfba754deaacdd9f,0.051300048828125,-44.74815531503953,-6.995855275195202e-05,0.0,0.0038471986016628875,156.25,16.615781973971416,0.9874476987447699
220452,17.86,IFA_44_37_1757.wav,44100,24-03-20 00:00,mosquito,ae aegypti,Female,f,Single,,LC,telinga,tascam,Tanzania,Kilombero District,Morogoro,Ifakara,cup,D:\VGU-27\Edge AI Project\data\audio\220452.wav,44100,1,PCM_24,17.86,0.0,7ed5135070d5be5edfed5d010c3399f8d06ad455609b7dfb159a4b9116e025c3,f2dd0e0d5d49051f1d7243d63524d8a21a0590ed16dbbba3442c2a1238c3553a,0.0802001953125,-42.050496390503646,2.6175049963236042e-05,0.0,0.004942701231295056,546.875,18.125438047266044,0.9838420107719928
220503,25.54,IFA_44_39_1759.wav,44100,24-03-20 00:00,mosquito,ae aegypti,Female,f,Single,,LC,telinga,tascam,Tanzania,Kilombero District,Morogoro,Ifakara,cup,D:\VGU-27\Edge AI Project\data\audio\220503.wav,44100,1,PCM_24,25.54,0.0,9a25595ef4d58eeb44e3beb760f3bbedd4b2013311079938e060e96ebcc69c53,15475209583984b77be15c3c7fc2bbc68aecf46ccb170abdaf654cd57f818086,0.062774658203125,-45.97000059986474,3.1400796742668454e-05,0.0,0.004798839400025215,156.25,17.021963671412593,0.9924717691342535
220446,12.8,IFA_44_40_1760.wav,44100,24-03-20 00:00,mosquito,ae aegypti,Female,f,Single,,LC,telinga,tascam,Tanzania,Kilombero District,Morogoro,Ifakara,cup,D:\VGU-27\Edge AI Project\data\audio\220446.wav,44100,1,PCM_24,12.8,0.0,5234f5a796c0f26cb2b63dd13ab6ae418e67360bc58ab3930bd982d38f23b936,960dc2ef17a3944dfbd7a3a9fb060d5cb83b0b4b58ed77505bd19e5d7bcfdf99,0.093963623046875,-41.86153534592381,4.314186892001267e-05,0.0,0.0050347222222222225,156.25,18.764145368815413,0.9974937343358395
220447,2.56,IFA_44_40_1760.wav,44100,24-03-20 00:00,mosquito,ae aegypti,Female,f,Single,,LC,telinga,tascam,Tanzania,Kilombero District,Morogoro,Ifakara,cup,D:\VGU-27\Edge AI Project\data\audio\220447.wav,44100,1,PCM_24,2.56,0.0,68871da975d838ac275ac90752a221c7971a90bef3b7ef63a8fc1b9d4368f424,a813240e94cd9b17e7619b20391f7489d54a91494808eb40743a2f7010ca7e44,0.110992431640625,-37.798230432339274,-2.421110936032942e-05,0.0,0.004650297619047619,156.25,17.640432284616367,1.0
220445,2.56,IFA_44_40_1760.wav,44100,24-03-20 00:00,mosquito,ae aegypti,Female,f,Single,,LC,telinga,tascam,Tanzania,Kilombero District,Morogoro,Ifakara,cup,D:\VGU-27\Edge AI Project\data\audio\220445.wav,44100,1,PCM_24,2.56,0.0,5f01a564404d1fe7a60968d6236f1c80572feb31c8c8fc3b2983cfe31c187e20,03fb2b271aacd4d04c7f2606d18b9443c159e3f4d3ecf87411fc6178510cd495,0.047821044921875,-41.09201536150546,-0.0003863121646872453,0.0,0.0024713010204081634,156.25,16.58306708603093,0.9620253164556962
220444,5.12,IFA_44_40_1760.wav,44100,24-03-20 00:00,mosquito,ae aegypti,Female,f,Single,,LC,telinga,tascam,Tanzania,Kilombero District,Morogoro,Ifakara,cup,D:\VGU-27\Edge AI Project\data\audio\220444.wav,44100,1,PCM_24,5.12,0.0,2fa2f30257ae9b5ab86db5926c7b5d8e17e6b578f97f5aa659068833aa377fdc,3ff3694a3e4b0a198cb46ec808967c64b6e1a7b8aa4fccc1d491f6e195c0399b,0.045318603515625,-44.97663873557666,0.0002609323752440022,0.0,0.0034545068027210884,156.25,18.974402913205562,0.9874213836477987
220466,28.16,IFA_45_10_1770.wav,44100,24-03-20 00:00,mosquito,ae aegypti,Female,f,Single,,LC,telinga,tascam,Tanzania,Kilombero District,Morogoro,Ifakara,cup,D:\VGU-27\Edge AI Project\data\audio\220466.wav,44100,1,PCM_24,28.16,0.0,37beac79e25f27075f9d474061a9eb0cb84013142f29ea8b00bf76d50238a7f8,729e1a6f5c94659426d8d8cdedb6a0f22b136df4be19a43fba166dbb92587bdb,0.126007080078125,-40.612813107763245,3.933884438424473e-05,0.0,0.004101924860853433,859.375,16.889642623279496,0.9840728100113766
220467,5.12,IFA_45_10_1770.wav,44100,24-03-20 00:00,mosquito,ae aegypti,Female,f,Single,,LC,telinga,tascam,Tanzania,Kilombero District,Morogoro,Ifakara,cup,D:\VGU-27\Edge AI Project\data\audio\220467.wav,44100,1,PCM_24,5.12,0.0,4a6202d4b774fa08f229c6307d9d5fc6f66b19aa026c9dbe4c2fceaa293bbe97,5d3a6bed90ffa373b5505aa8de325b7cd62385004ab3c39cabbe9671b278b9d1,0.01226806640625,-51.58720455472691,4.90359708565433e-05,0.0,0.005026750283446712,156.25,18.484428074031353,0.9874213836477987
220463,38.4,IFA_45_11_1771.wav,44100,24-03-20 00:00,mosquito,ae aegypti,Female,f,Single,,LC,telinga,tascam,Tanzania,Kilombero District,Morogoro,Ifakara,cup,D:\VGU-27\Edge AI Project\data\audio\220463.wav,44100,1,PCM_24,38.4,0.0,ccc6f4d075e2d12c191a6a36568908288c286b10777e8cd87467218d95e2cdbd,53bbf6e91ccd62889fb809fb2f3649964707763d406b2f24ed2b3580e5fbc067,0.08209228515625,-41.04527955063821,2.4134609974971435e-05,0.0,0.003863732993197279,578.125,17.827647834238757,0.9883236030025021
220500,30.72,IFA_45_12_1772.wav,44100,24-03-20 00:00,mosquito,ae aegypti,Female,f,Single,,LC,telinga,tascam,Tanzania,Kilombero District,Morogoro,Ifakara,cup,D:\VGU-27\Edge AI Project\data\audio\220500.wav,44100,1,PCM_24,30.72,0.0,98a70451e2eabcdcae589b6831ef2159953390fe9e0682c7727da4bff24723e7,7dead1c01509a0af27cb0af2232ef6a7e2b56cc632f0ce69f1ff10d34aab6565,0.13671875,-37.070589880046725,4.180781515096951e-05,0.0,0.0025827605347694634,906.25,18.862480900480808,0.97288842544317
220441,28.1,IFA_45_13_1773.wav,44100,24-03-20 00:00,mosquito,ae aegypti,Female,f,Single,,LC,telinga,tascam,Tanzania,Kilombero District,Morogoro,Ifakara,cup,D:\VGU-27\Edge AI Project\data\audio\220441.wav,44100,1,PCM_24,28.1,0.0,df4ec144d4118fe5755264e78ed64763fe4ef16c6d4bc24f0aad6a0e31a20ab4,d294310bd9a52393579518335ffdb93282b192054e02ba0cb96aedc9401afa3a,0.10638427734375,-39.85506743242462,2.7188795243037902e-06,0.0,0.0032803156849928582,156.25,17.16233287344135,0.9874572405929305
220462,7.68,IFA_45_14_1774.wav,44100,24-03-20 00:00,mosquito,ae aegypti,Female,f,Single,,LC,telinga,tascam,Tanzania,Kilombero District,Morogoro,Ifakara,cup,D:\VGU-27\Edge AI Project\data\audio\220462.wav,44100,1,PCM_24,7.68,0.0,9c551c1a5390a1ee9c8589576e1ed869d1e0c5680063e36fb5506b56407e3b7e,ef7403f04ee79e7bc61525c05cfe8e4c7e8d9aa261eccc0345c40a2a55201521,0.082977294921875,-38.97568217388971,-3.465115798754126e-05,0.0,0.0037320483749055176,156.25,16.421824541554734,0.99581589958159
220461,15.36,IFA_45_14_1774.wav,44100,24-03-20 00:00,mosquito,ae aegypti,Female,f,Single,,LC,telinga,tascam,Tanzania,Kilombero District,Morogoro,Ifakara,cup,D:\VGU-27\Edge AI Project\data\audio\220461.wav,44100,1,PCM_24,15.36,0.0,e456dccf9afae7505951d482b56da6ab242b024873b820c8496b1868e19e5545,7dd52b2892bf7134ca8a009583da6a91306c6eaf722c3a84848022978f48f5cc,0.161712646484375,-34.79657401451288,0.0001358159184906398,0.0,0.003218301209372638,156.25,16.307432792313875,0.9874739039665971
220473,7.68,IFA_45_15_1775.wav,44100,24-03-20 00:00,mosquito,ae aegypti,Female,f,Single,,LC,telinga,tascam,Tanzania,Kilombero District,Morogoro,Ifakara,cup,D:\VGU-27\Edge AI Project\data\audio\220473.wav,44100,1,PCM_24,7.68,0.0,8a788d6f0beacb3029c9c17f7a29e765c04901e5bf9328a75705b5f99871e7c7,c3ebfc0b882c9206637292ad81110591fa8bb521d08423f9459ecfde3ee49da3,0.069122314453125,-43.347204336290005,4.0127666989511735e-05,0.0,0.004346182917611489,250.0,16.130751811373912,0.9748953974895398
220472,2.56,IFA_45_15_1775.wav,44100,24-03-20 00:00,mosquito,ae aegypti,Female,f,Single,,LC,telinga,tascam,Tanzania,Kilombero District,Morogoro,Ifakara,cup,D:\VGU-27\Edge AI Project\data\audio\220472.wav,44100,1,PCM_24,2.56,0.0,2a582797a35ec475d1f6051166e0d22aea6192ebd732c28a0eff48b689c02a78,e100ff441d06d4940346323b35360e3130986873e429c46caf63def116211225,0.0792236328125,-40.30352710180353,2.9420636408453354e-05,0.0,0.004322562358276644,156.25,13.780675864683694,0.9367088607594937
220488,25.6,IFA_45_16_1776.wav,44100,24-03-20 00:00,mosquito,ae aegypti,Female,f,Single,,LC,telinga,tascam,Tanzania,Kilombero District,Morogoro,Ifakara,cup,D:\VGU-27\Edge AI Project\data\audio\220488.wav,44100,1,PCM_24,25.6,0.0,0ba740eef465b49b48fd753c1ac6f961bb0a754dee92d3b040a55549aa3e8a5c,4abda2defda4d91209598a344614d099258d5c4df6fb47cb2629f3ed5ca2fbdf,0.1044921875,-37.70663525091339,3.947911619329128e-05,0.0,0.00326938066893424,156.25,17.115341028420566,0.9899874843554443
220482,30.66,IFA_45_17_1777.wav,44100,24-03-20 00:00,mosquito,ae aegypti,Female,f,Single,,LC,telinga,tascam,Tanzania,Kilombero District,Morogoro,Ifakara,cup,D:\VGU-27\Edge AI Project\data\audio\220482.wav,44100,1,PCM_24,30.66,0.0,c50c08e71f6ca4e7914e84be4b306167c726059cdafd9d11337c367714765ab8,5eeab395e5235301655de48c0452f5da41b1dec18fd31c0da1ea69097a964fb8,0.086029052734375,-41.282280288387085,3.487693872761039e-05,0.0,0.0038406752133338658,156.25,15.66761134764921,0.9759665621734587
221092,20.42,IFA_45_23_1783.wav,44100,26-03-20 00:00,mosquito,an arabiensis,Female,f,Single,,LT,telinga,tascam,Tanzania,Kilombero District,Morogoro,Ifakara,cup,D:\VGU-27\Edge AI Project\data\audio\221092.wav,44100,1,PCM_24,20.42,0.0,46c02d8d4651692508f13a3ea2a5398edb67f5afd87995496633029a84ffe641,a0a9587c815ab244580b9653d18848c14752b827938cdc62d1abc66a7f035363,0.0142822265625,-66.76036796936134,-0.0001066350646399394,0.0,0.03353943601599961,968.75,21.77683157725192,0.9968602825745683
221091,15.36,IFA_45_23_1783.wav,44100,26-03-20 00:00,mosquito,an arabiensis,Female,f,Single,,LT,telinga,tascam,Tanzania,Kilombero District,Morogoro,Ifakara,cup,D:\VGU-27\Edge AI Project\data\audio\221091.wav,44100,1,PCM_24,15.36,0.0,463aa98036dac138b8c3b8a9f8a83bd0163e3909c7a8009b009cb465141ddf50,887ac8ba33258e8baeba9965d11c4c97c01f7953b34de92d191d6635d838ca4a,0.0096435546875,-65.85351458811166,-0.00010660477686541061,0.0,0.036682728647014363,156.25,17.74781200699146,0.9874739039665971
221079,12.8,IFA_45_27_1787.wav,44100,26-03-20 00:00,mosquito,an arabiensis,Female,f,Single,,LT,telinga,tascam,Tanzania,Kilombero District,Morogoro,Ifakara,cup,D:\VGU-27\Edge AI Project\data\audio\221079.wav,44100,1,PCM_24,12.799977324263038,-2.2675736962796122e-05,65322eff1c37434d8f12bc74cf35fa941baf418a405f3cfa29f5de8d64df50e7,78feea8865ef16045dd2da67b8417f3147c380c77a18c746939df0ece7dc206f,0.011993408203125,-67.09939725209364,-0.00010659810869638751,0.0,0.03575686606587668,156.25,20.556623202630004,0.9924812030075187
221080,7.62,IFA_45_27_1787.wav,44100,26-03-20 00:00,mosquito,an arabiensis,Female,f,Single,,LT,telinga,tascam,Tanzania,Kilombero District,Morogoro,Ifakara,cup,D:\VGU-27\Edge AI Project\data\audio\221080.wav,44100,1,PCM_24,7.619977324263038,-2.2675736961907944e-05,671c7c762c91cc51e7e87213596e06417192ba79d6ed64e93b0b7bc82393adc5,2d7a03c48a439bbd4bc94da87e89ec359b8158d857b1f3f8434eb1d1639c17c0,0.003143310546875,-67.08230621286769,-0.00010688231376412216,0.0,0.02900241339598442,890.625,23.292630869726803,1.0
221078,12.8,IFA_45_27_1787.wav,44100,26-03-20 00:00,mosquito,an arabiensis,Female,f,Single,,LT,telinga,tascam,Tanzania,Kilombero District,Morogoro,Ifakara,cup,D:\VGU-27\Edge AI Project\data\audio\221078.wav,44100,1,PCM_24,12.8,0.0,8be97a90105b1d004af644631af48c6e58303f018d136989f60a9d0c6fd87deb,913cdb13edd6ff3f30ad4539bbff0e4b3a450c7d7d665ab81deaa556a87d6e3f,0.01422119140625,-67.10954111954037,-0.00010655488557015416,0.0,0.03390908446712018,484.375,17.780417099048258,0.9899749373433584
221077,7.68,IFA_45_27_1787.wav,44100,26-03-20 00:00,mosquito,an arabiensis,Female,f,Single,,LT,telinga,tascam,Tanzania,Kilombero District,Morogoro,Ifakara,cup,D:\VGU-27\Edge AI Project\data\audio\221077.wav,44100,1,PCM_24,7.68,0.0,3ae0e138ad6af6145cf52e82f567765ad5cdc2e933920f484072b7e81331f2de,d91f5c10cb8383357f6321dd38f03152bb68851ec9b6de6836bce8583f988de4,0.0030517578125,-66.95733705553384,-0.00010653760337685422,0.0,0.029336734693877552,484.375,19.261820511651194,0.99581589958159
221071,10.24,IFA_45_31_1791.wav,44100,26-03-20 00:00,mosquito,an arabiensis,Female,f,Single,,LT,telinga,tascam,Tanzania,Kilombero District,Morogoro,Ifakara,cup,D:\VGU-27\Edge AI Project\data\audio\221071.wav,44100,1,PCM_24,10.23997732426304,-2.2675736961019766e-05,0367f0d31612e35ed6c9d9dbc50f3cb3bd311b618c27f415bcf2dfaae73de8ed,6f1c63e895d3572b00b2797b909d19a92407663f61a0944afd85b626d2a2d03b,0.0135498046875,-64.84593811972873,-0.00010789566134142976,0.0,0.03431927242610993,921.875,20.53467896604804,0.9968652037617555
221094,7.68,IFA_45_33_1793.wav,44100,26-03-20 00:00,mosquito,an arabiensis,Female,f,Single,,LT,telinga,tascam,Tanzania,Kilombero District,Morogoro,Ifakara,cup,D:\VGU-27\Edge AI Project\data\audio\221094.wav,44100,1,PCM_24,7.68,0.0,1378ce1b6728d9676d6056de38c6a1478b27efe040fa84a03c5fb5ee948e7e95,77091a0e1ad060f1b76a16e2037afde82753c698379e945f4435dda62f6fa1bb,0.007843017578125,-64.75188908693467,-0.00010667393267019536,0.0,0.026717805177626605,875.0,20.344406398542986,0.99581589958159
221081,5.12,IFA_45_35_1795.wav,44100,26-03-20 00:00,mosquito,an arabiensis,Female,f,Single,,LT,telinga,tascam,Tanzania,Kilombero District,Morogoro,Ifakara,cup,D:\VGU-27\Edge AI Project\data\audio\221081.wav,44100,1,PCM_24,5.12,0.0,65adfd2c02f2231cb540cb01cbc8087cb00a26130dc815e94ecd689f75263f05,3fa79001479f3177f460b232b7c47d82b915bb91fb12a47d3494ccf56e22bc3d,0.037841796875,-52.83204685029223,-0.00010335134540826015,0.0,0.021696960034013606,578.125,19.222655286234772,0.9937106918238994
221082,5.12,IFA_45_35_1795.wav,44100,26-03-20 00:00,mosquito,an arabiensis,Female,f,Single,,LT,telinga,tascam,Tanzania,Kilombero District,Morogoro,Ifakara,cup,D:\VGU-27\Edge AI Project\data\audio\221082.wav,44100,1,PCM_24,5.12,0.0,168ad3f77905550ad6012b65546c7576c76cdd33ffa507cd9d4ac416db942752,27b70f5061619aa43bb75c4277706336f213c1e3f50427cbc3a022ee6025cd07,0.007659912109375,-63.845932941497225,-0.00010748014969079673,0.0,0.026555413832199545,156.25,19.64201245540249,0.9937106918238994
221083,10.24,IFA_45_35_1795.wav,44100,26-03-20 00:00,mosquito,an arabiensis,Female,f,Single,,LT,telinga,tascam,Tanzania,Kilombero District,Morogoro,Ifakara,cup,D:\VGU-27\Edge AI Project\data\audio\221083.wav,44100,1,PCM_24,10.23997732426304,-2.2675736961019766e-05,be7872a1cd4abcf9515188aecc1e6bd7d46ad9dbb11423d94e6ecd2b729ad206,3543197e3d4904ab416df445801d757fd574f6b77db12edacb853df564311b7f,0.0113525390625,-64.09121610263757,-0.00010652840074786224,0.0,0.02759182697311458,1046.875,21.276778710000638,1.0
221084,2.56,IFA_45_35_1795.wav,44100,26-03-20 00:00,mosquito,an arabiensis,Female,f,Single,,LT,telinga,tascam,Tanzania,Kilombero District,Morogoro,Ifakara,cup,D:\VGU-27\Edge AI Project\data\audio\221084.wav,44100,1,PCM_24,2.56,0.0,5b62251158d509a097f541363d0d3d98c2ef87a0972d2872b07345985588a9d1,fce0e50d48ec0f7b9bef9096af34cad99f2bbe1b0dd521e1da6f736b1854ee32,0.002777099609375,-67.19092981804884,-0.00010857992972376125,0.0,0.030319940476190476,515.625,20.244703546680483,1.0
221086,17.86,IFA_45_37_1797.wav,44100,26-03-20 00:00,mosquito,an arabiensis,Female,f,Single,,LT,telinga,tascam,Tanzania,Kilombero District,Morogoro,Ifakara,cup,D:\VGU-27\Edge AI Project\data\audio\221086.wav,44100,1,PCM_24,17.86,0.0,c1140300deec5ca01dc59a96dfa185e32a9ca0ea2dd15088440b075c1f0b338b,1df8743174abdc9e44849bbfde223ad2292d79c885c886bc9da8bd807e478fad,0.01544189453125,-66.27255136475381,-0.00010670059283570184,0.0,0.034322127507217894,890.625,18.597568014621405,0.992818671454219
221085,7.68,IFA_45_37_1797.wav,44100,26-03-20 00:00,mosquito,an arabiensis,Female,f,Single,,LT,telinga,tascam,Tanzania,Kilombero District,Morogoro,Ifakara,cup,D:\VGU-27\Edge AI Project\data\audio\221085.wav,44100,1,PCM_24,7.68,0.0,0b2d1777cbc20e8f5b421815f84719940c54240fd2ba62f8eff4281d20d2f585,4464935a1d5bbb287f39c3bfd04501cec57afebdc8f2de2d5858ca3355be9bbd,0.0443115234375,-50.16894560580957,-0.00010903874582534294,0.0,0.029203869047619048,375.0,20.107992836750704,0.99581589958159
221072,43.52,IFA_45_38_1798.wav,44100,26-03-20 00:00,mosquito,an arabiensis,Female,f,Single,,LT,telinga,tascam,Tanzania,Kilombero District,Morogoro,Ifakara,cup,D:\VGU-27\Edge AI Project\data\audio\221072.wav,44100,1,PCM_24,43.52,0.0,eced0c2cfd6d61b979fa1e01edb89664ca98fff8e6c689ab2cc47e82a9b7ce43,be999de8484544e8b57dfe04cf350b6ac0ab6c090ad9c722fd13f5fea2ca2472,0.01934814453125,-65.75184563516162,-0.00010664146296641215,0.0,0.026652848639455783,515.625,21.508322333141038,1.0
221070,7.68,IFA_46_12_1812.wav,44100,26-03-20 00:00,mosquito,ae aegypti,Female,f,Single,,LC,telinga,tascam,Tanzania,Kilombero District,Morogoro,Ifakara,cup,D:\VGU-27\Edge AI Project\data\audio\221070.wav,44100,1,PCM_24,7.68,0.0,8845f372b572f868a69f67d21f0b5eb8b323eb5d5aaae15ebde06f1e523e28af,da12f7f36c87381ea5017f8901137818f3ab2aff8f52ea6a9be85c0edcd07110,0.00860595703125,-65.01508194986543,-0.00010645110230507133,0.0,0.028536588246409676,156.25,20.337146358000957,1.0
221088,2.56,IFA_46_23_1823.wav,44100,26-03-20 00:00,mosquito,culex pipiens complex,Female,f,Single,,LC,telinga,tascam,Tanzania,Kilombero District,Morogoro,Ifakara,cup,D:\VGU-27\Edge AI Project\data\audio\221088.wav,44100,1,PCM_24,2.56,0.0,97731c54912e2fcc1252718ece7023c32a5810b8e13f2f006ec4836cc2df4c9c,3511061cd7cf23c5504ea161f232a44d12d4f4a9f18882348f598a45dd590983,0.0032958984375,-64.65634435095679,-0.0001080563279236255,0.0,0.022507440476190476,1046.875,20.81622987066551,1.0
221089,2.5,IFA_46_23_1823.wav,44100,26-03-20 00:00,mosquito,culex pipiens complex,Female,f,Single,,LC,telinga,tascam,Tanzania,Kilombero District,Morogoro,Ifakara,cup,D:\VGU-27\Edge AI Project\data\audio\221089.wav,44100,1,PCM_24,2.5,0.0,399d931f86b17225003f17d6a6e0ed17834bee59df5c9cbcb6a86be37b979648,312018c158a3b824f7466f4e64ad8e3a277bf1047e5ce01e41badd66edfb974b,0.00384521484375,-64.7317680882979,-0.00010681539868551588,0.0,0.02329251700680272,453.125,19.855991120241132,1.0
221087,7.68,IFA_46_23_1823.wav,44100,26-03-20 00:00,mosquito,culex pipiens complex,Female,f,Single,,LC,telinga,tascam,Tanzania,Kilombero District,Morogoro,Ifakara,cup,D:\VGU-27\Edge AI Project\data\audio\221087.wav,44100,1,PCM_24,7.68,0.0,297f1a8e60f26b10d47c739a4a936ff4096f7096254ba2cd8284e7b879ba05e6,f907ed158c375c2ff1824a4912b4312a1f0855936cde43216b93961037407301,0.004669189453125,-62.198691668385244,-0.00010688649103304516,0.0,0.017054043839758126,515.625,21.503729163800422,1.0
221303,2.56,IFA_47_16_1856.wav,44100,27-03-20 00:00,mosquito,an arabiensis,Female,f,Single,,LT,telinga,tascam,Tanzania,Kilombero District,Morogoro,Ifakara,cup,D:\VGU-27\Edge AI Project\data\audio\221303.wav,44100,1,PCM_24,2.56,0.0,e21d94092d90a7332e395bfabf1181229d28eecdcfe85962a686bfb72659e40e,cbc5e6b6ec8df836b2aba41da08970b8520b807782dd06afaaec45d2d7f3f629,0.089019775390625,-37.40003737949715,0.00014513636392260353,0.0,0.0035430839002267575,156.25,20.01748002667073,1.0
221302,2.56,IFA_47_16_1856.wav,44100,27-03-20 00:00,mosquito,an arabiensis,Female,f,Single,,LT,telinga,tascam,Tanzania,Kilombero District,Morogoro,Ifakara,cup,D:\VGU-27\Edge AI Project\data\audio\221302.wav,44100,1,PCM_24,2.5599773242630386,-2.2675736961463855e-05,911a37b0a9ef0fbb2c6aa0c6d86cc2f8b7cb9297d2999a65e3bb7b162a22c372,dfcb687b7c603627640327dd45f352603d7855123744ce09ee03f8c999428a08,0.0670166015625,-38.63178113055191,0.00012478241543926324,0.0,0.0029939324150759557,156.25,18.16681824183775,1.0
221218,5.06,IFA_47_33_1873.wav,44100,16-06-20 00:00,mosquito,culex pipiens complex,Female,f,Single,,LT,telinga,tascam,Tanzania,Kilombero District,Morogoro,Ifakara,cup,D:\VGU-27\Edge AI Project\data\audio\221218.wav,44100,1,PCM_24,5.06,0.0,919450342ec22bebf1b913fb728e8da03285c2ebd407acaa5d924e3716f376e9,1bb727de56bdea0c93ab94af343154f2b271649f1c60e40c709a525819eac058,0.143310546875,-36.04007496542124,-7.519862976481765e-05,0.0,0.002285499179909118,484.375,20.87122303651958,1.0
221217,28.16,IFA_47_33_1873.wav,44100,16-06-20 00:00,mosquito,culex pipiens complex,Female,f,Single,,LT,telinga,tascam,Tanzania,Kilombero District,Morogoro,Ifakara,cup,D:\VGU-27\Edge AI Project\data\audio\221217.wav,44100,1,PCM_24,28.16,0.0,a874af53eefb15a16ecfe15ca504ef801651b1c55bdc2a652b219a29df9694b3,d62f285f0f4e9fccd8baf978e08df8f57a514f3912aea0fe74fad41eccbbaf24,0.131866455078125,-39.625612545907835,5.171238036775953e-05,0.0,0.0020614306328592042,484.375,19.929010554650397,0.9965870307167235
221252,2.56,IFA_47_35_1875.wav,44100,16-06-20 00:00,mosquito,ma uniformis,Female,f,Single,,LT,telinga,tascam,Tanzania,Kilombero District,Morogoro,Ifakara,cup,D:\VGU-27\Edge AI Project\data\audio\221252.wav,44100,1,PCM_24,2.56,0.0,0c93e9d79cded1e325291988be68b14052da285e3c7235c291670fec6fdd20ea,d9e4dbc71a66b14feb6dfda7dea6bb407405b27586bcaee60831977ca0133bf7,0.101165771484375,-36.59926725208168,0.00027575352294645074,0.0,0.0022144274376417234,359.375,20.117149292007458,0.9873417721518988
221233,2.56,IFA_48_10_1890.wav,44100,16-06-20 00:00,mosquito,an arabiensis,Female,f,Single,,LT,telinga,tascam,Tanzania,Kilombero District,Morogoro,Ifakara,cup,D:\VGU-27\Edge AI Project\data\audio\221233.wav,44100,1,PCM_24,2.56,0.0,eb346fafc837197c48aa53a6968a21f36ae9d410bdd2500ca8319b4257014db7,c91d5b0f17f60fa4bc3e0ae62afea8d07867ff3f8bc3da900e90475e926bb320,0.055938720703125,-41.985248461786085,-3.332048316661463e-05,0.0,0.0023738662131519276,156.25,21.03390632852228,1.0
221225,12.8,IFA_48_11_1891.wav,44100,16-06-20 00:00,mosquito,an arabiensis,Female,f,Single,,LT,telinga,tascam,Tanzania,Kilombero District,Morogoro,Ifakara,cup,D:\VGU-27\Edge AI Project\data\audio\221225.wav,44100,1,PCM_24,12.8,0.0,67bf7a03e33766ed07828271a9df28ea639df24b5574737d06a0d2cb01e0dafe,0a33ec7cbdf621bd21efc8befb3917ce1bd490f5c070f7b854b7d19ec167da86,0.06732177734375,-41.473264623918254,4.225923360880811e-05,0.0,0.002085104875283447,156.25,17.33890663125321,0.9974937343358395
221224,2.56,IFA_48_11_1891.wav,44100,16-06-20 00:00,mosquito,an arabiensis,Female,f,Single,,LT,telinga,tascam,Tanzania,Kilombero District,Morogoro,Ifakara,cup,D:\VGU-27\Edge AI Project\data\audio\221224.wav,44100,1,PCM_24,2.56,0.0,aa6305ff6704d6e62662b1e899c39e713254804db06e7595ae6c6634cf4ef300,2e6402b314caa25d738617d1b6869bba8a39504e6dcd35971abbf9ae3e20b29c,0.158355712890625,-34.420890072897386,-0.0005879802228101527,0.0,0.0017272534013605442,156.25,16.652368247813996,0.9746835443037974
221226,2.56,IFA_48_11_1891.wav,44100,16-06-20 00:00,mosquito,an arabiensis,Female,f,Single,,LT,telinga,tascam,Tanzania,Kilombero District,Morogoro,Ifakara,cup,D:\VGU-27\Edge AI Project\data\audio\221226.wav,44100,1,PCM_24,2.56,0.0,1d64383fbfbacd504041ae29a884f9cf42ab9ce0f2920b69baae92d59ba926a1,1071d7eaf6ff187a4b081caf7c0b65017a44286a7831f4663f91d7bffaa6dd3a,0.01580810546875,-47.31426182407884,4.4169609779133007e-07,0.0,0.0028787556689342402,156.25,19.153813680575016,1.0
221241,12.8,IFA_48_12_1892.wav,44100,16-06-20 00:00,mosquito,an arabiensis,Female,f,Single,,LT,telinga,tascam,Tanzania,Kilombero District,Morogoro,Ifakara,cup,D:\VGU-27\Edge AI Project\data\audio\221241.wav,44100,1,PCM_24,12.8,0.0,387c33d20fc13159ac90615f197e2818fb236c95fdbca231bb51cd4725338208,6b3d391284aa09158ab416c9a15f206a846e2a7196a4e3cb8e8fa067c1d36406,0.06768798828125,-39.998887930869216,1.6602042580948395e-05,0.0,0.001080640589569161,156.25,19.480595257442207,0.9924812030075187
221240,2.56,IFA_48_12_1892.wav,44100,16-06-20 00:00,mosquito,an arabiensis,Female,f,Single,,LT,telinga,tascam,Tanzania,Kilombero District,Morogoro,Ifakara,cup,D:\VGU-27\Edge AI Project\data\audio\221240.wav,44100,1,PCM_24,2.56,0.0,131ec2038e0c65cbbbcca49326399b043c845ad36cee19431fa70d8d41e99fff,96c6aca67f37eb63cbb45aa9da927f60ba078047609dcd701eb160559ab7fa54,0.03509521484375,-39.49315416876451,0.00038980032040688997,0.0,0.0009743480725623582,156.25,17.268157942313138,1.0
221257,2.56,IFA_48_13_1893.wav,44100,16-06-20 00:00,mosquito,an arabiensis,Female,f,Single,,LT,telinga,tascam,Tanzania,Kilombero District,Morogoro,Ifakara,cup,D:\VGU-27\Edge AI Project\data\audio\221257.wav,44100,1,PCM_24,2.5599773242630386,-2.2675736961463855e-05,a5f4949a8aa07043684ed73e4a910b39dfe559d5afb3be5b39f2f39fb1d99cb6,ccf69189fa96c161839d4767d09da1f3671db6eff007e40976f50fee90ead4b3,0.063568115234375,-37.31785483022198,-0.0009205228248939833,0.0,0.0009212099738695248,156.25,18.07161682155007,0.9873417721518988
221256,2.56,IFA_48_13_1893.wav,44100,16-06-20 00:00,mosquito,an arabiensis,Female,f,Single,,LT,telinga,tascam,Tanzania,Kilombero District,Morogoro,Ifakara,cup,D:\VGU-27\Edge AI Project\data\audio\221256.wav,44100,1,PCM_24,2.56,0.0,058669017eb90dd69f253f62faf97147e6cf227d49c3c3f3e91e91608471c89c,556ddb0456f7643b5c637a8c7ff033e6bf7ef7fb5ef46e8eecf22121bed8f44a,0.09661865234375,-34.177073766764686,-6.588029753323855e-05,0.0,0.00091234410430839,515.625,18.96687735104815,0.9746835443037974
221258,20.42,IFA_48_13_1893.wav,44100,16-06-20 00:00,mosquito,an arabiensis,Female,f,Single,,LT,telinga,tascam,Tanzania,Kilombero District,Morogoro,Ifakara,cup,D:\VGU-27\Edge AI Project\data\audio\221258.wav,44100,1,PCM_24,20.419977324263037,-2.267573696457248e-05,85898e444b108242f029d2a875adf89a42f79b4d7472279b564c9d3c487300a3,341c8ec2c7cda4cec75e915958bcc55666dea52e5d73102bb6e7daa7819ddcaa,0.090576171875,-40.123510654979796,2.346060782539358e-05,0.0,0.0016801384976030543,437.5,20.741084558282484,1.0
221227,58.82,IFA_48_15_1895.wav,44100,16-06-20 00:00,mosquito,an arabiensis,Female,f,Single,,LT,telinga,tascam,Tanzania,Kilombero District,Morogoro,Ifakara,cup,D:\VGU-27\Edge AI Project\data\audio\221227.wav,44100,1,PCM_24,58.82,0.0,b5a58875f9a4f165b61ef63845543393253a7cd19dd387d7fe7c7db59290f79a,7279d6b2b635bf2d943bd2ee4b1a33e9426d286776319d90d7a6d01642c3d723,0.2293701171875,-36.895906859490914,3.7479946744473316e-05,0.0,0.00075907048753991,484.375,19.42739305431972,0.9983669025585193
221231,35.78,IFA_48_16_1896.wav,44100,16-06-20 00:00,mosquito,an arabiensis,Female,f,Single,,LT,telinga,tascam,Tanzania,Kilombero District,Morogoro,Ifakara,cup,D:\VGU-27\Edge AI Project\data\audio\221231.wav,44100,1,PCM_24,35.78,0.0,7a91a9c0ed4df3eeef4acdc51d8d19f5538bf1e253fc99f8bbd020d943b7a47b,7712fa6c9adf7e2ca919f1134d7001bb05063768384730b82cd0fc598f066b47,0.132080078125,-36.22520474407316,5.2454656082857146e-05,0.0,0.0007953619308725912,500.0,18.40220557821077,0.9919427036705462
221244,25.54,IFA_48_19_1899.wav,44100,16-06-20 00:00,mosquito,culex pipiens complex,Female,f,Single,,LT,telinga,tascam,Tanzania,Kilombero District,Morogoro,Ifakara,cup,D:\VGU-27\Edge AI Project\data\audio\221244.wav,44100,1,PCM_24,25.54,0.0,542d22b91db0675639cf0768e15a89873e6053fb69391a1991768368a25ebe58,2d7328a410d5e9a32fc3496c572b675c239402463462333526c239f88d5e6042,0.1080322265625,-36.60854105177338,-4.349669477543285e-05,0.0,0.0008132723201522843,156.25,20.551596953460425,0.9874529485570891
221243,5.12,IFA_48_19_1899.wav,44100,16-06-20 00:00,mosquito,culex pipiens complex,Female,f,Single,,LT,telinga,tascam,Tanzania,Kilombero District,Morogoro,Ifakara,cup,D:\VGU-27\Edge AI Project\data\audio\221243.wav,44100,1,PCM_24,5.12,0.0,577d529658b7462e179f2ff68ac835f6d38287fd611101eac9d5546d00578cdd,5ad48cd1f7863a47b917f961f570f612dde3618eaf967855f3b9cdf84e9ed3ea,0.16290283203125,-34.019976396007024,0.0005529295830499558,0.0,0.0006598993764172336,515.625,21.260071468778428,1.0
221219,28.1,IFA_48_20_1900.wav,44100,16-06-20 00:00,mosquito,culex pipiens complex,Female,f,Single,,LT,telinga,tascam,Tanzania,Kilombero District,Morogoro,Ifakara,cup,D:\VGU-27\Edge AI Project\data\audio\221219.wav,44100,1,PCM_24,28.1,0.0,37983805253a83c170cad96df61c7e94302fe4bb90538c4ed13ad259c9a77251,5aae3a1d9dcdba34e8e8b7e8f25036cff7f23ea261c89bea5aa9cf628b9fa96d,0.13037109375,-39.23663842537821,8.869072482103013e-05,0.0,0.0011999580377821354,468.75,20.711259001205278,0.9851767388825542
221234,28.1,IFA_48_21_1901.wav,44100,16-06-20 00:00,mosquito,culex pipiens complex,Female,f,Single,,LT,telinga,tascam,Tanzania,Kilombero District,Morogoro,Ifakara,cup,D:\VGU-27\Edge AI Project\data\audio\221234.wav,44100,1,PCM_24,28.1,0.0,bd73f4993005b18c9e08ef052c71e9ecfa5968c72bf9fd7ac47803e1526cf2a6,b7555052de185cf7eda5673967d92fdadc7cab70838786a4c95f2429af7973b5,0.13140869140625,-35.86291051727885,3.647143766082575e-05,0.0,0.000781142824864228,421.875,20.106515994434165,0.9988597491448119
221239,35.78,IFA_48_22_1902.wav,44100,16-06-20 00:00,mosquito,an arabiensis,Female,f,Single,,LT,telinga,tascam,Tanzania,Kilombero District,Morogoro,Ifakara,cup,D:\VGU-27\Edge AI Project\data\audio\221239.wav,44100,1,PCM_24,35.78,0.0,8d4847e7004c3a9dd45c292c3f309cbae5f1083ec53a3848b33ae830db88fd59,56f7ad6ee38ab4e9792ba8829da52d3d037946005967a21168bc3713aaba3e8e,0.153656005859375,-37.32338339219576,6.775804469181467e-07,0.0,0.0008169095847767093,437.5,20.19814747621238,1.0
221255,2.56,IFA_48_24_1904.wav,44100,16-06-20 00:00,mosquito,an arabiensis,Female,f,Single,,LT,telinga,tascam,Tanzania,Kilombero District,Morogoro,Ifakara,cup,D:\VGU-27\Edge AI Project\data\audio\221255.wav,44100,1,PCM_24,2.56,0.0,dc909140ea1eef45048ffc2542a21bfb9f5b4fa84ba325141ceca27e167f9087,0c5560a34549b317da730c6fbd3191e6020da5ec07e10b38679c996387f7a661,0.025390625,-46.229877723736514,0.00010998043613909594,0.0,0.0027636054421768708,156.25,16.158619634242864,1.0
221254,2.56,IFA_48_24_1904.wav,44100,16-06-20 00:00,mosquito,an arabiensis,Female,f,Single,,LT,telinga,tascam,Tanzania,Kilombero District,Morogoro,Ifakara,cup,D:\VGU-27\Edge AI Project\data\audio\221254.wav,44100,1,PCM_24,2.56,0.0,b38c98d0b915d8b7bc7c86b83e3163c3462354888e9d15b57713da1614fc7da1,5ebc26d92977866c4ef9d7bef40e160c235a54cb9bed96ce07a4409feefa5d20,0.01556396484375,-48.47470719503174,-0.00028916335159959167,0.0,0.0031799178004535147,156.25,17.343695870725966,0.9873417721518988
221253,5.12,IFA_48_24_1904.wav,44100,16-06-20 00:00,mosquito,an arabiensis,Female,f,Single,,LT,telinga,tascam,Tanzania,Kilombero District,Morogoro,Ifakara,cup,D:\VGU-27\Edge AI Project\data\audio\221253.wav,44100,1,PCM_24,5.12,0.0,140e15dfb585cc08c00bd83706a8f95404fbfa123bd04233bb10619ccc30460f,49875268910a645fefd0f08dbf199397c083f1dce3fedec4596c44a6aa7039b6,0.02056884765625,-45.46032547188412,2.9821109339223156e-05,0.0,0.0026041666666666665,156.25,16.830049638553657,0.9937106918238994
221223,2.56,IFA_48_27_1907.wav,44100,16-06-20 00:00,mosquito,culex pipiens complex,Female,f,Single,,LT,telinga,tascam,Tanzania,Kilombero District,Morogoro,Ifakara,cup,D:\VGU-27\Edge AI Project\data\audio\221223.wav,44100,1,PCM_24,2.56,0.0,be57fc6e27eda3fdb5a87c78028eeea861f2e1983a116ac3d9c25cfeecf49de9,63d9ac703eff7ca0c035c7038bc7b4dedb1ee03a860269c66642827706cc84c6,0.01190185546875,-49.61047703990733,-0.00031992772809502217,0.0,0.0039771116780045355,500.0,17.188794212931334,1.0
221222,2.56,IFA_48_27_1907.wav,44100,16-06-20 00:00,mosquito,culex pipiens complex,Female,f,Single,,LT,telinga,tascam,Tanzania,Kilombero District,Morogoro,Ifakara,cup,D:\VGU-27\Edge AI Project\data\audio\221222.wav,44100,1,PCM_24,2.5599773242630386,-2.2675736961463855e-05,e5d6e7ee9d9ceec364e6f72c87ddde6920da382c5448a29236f70cf5dcafde14,940b8ed6cb422d6e146d92250479cc1236b9e8c40a940d48d70ea019bc0cf6c3,0.055755615234375,-43.905344867216016,0.0004262786247557188,0.0,0.002223304840781257,156.25,18.884869833768725,1.0
221245,17.92,IFA_48_28_1908.wav,44100,16-06-20 00:00,mosquito,culex pipiens complex,Female,f,Single,,LT,telinga,tascam,Tanzania,Kilombero District,Morogoro,Ifakara,cup,D:\VGU-27\Edge AI Project\data\audio\221245.wav,44100,1,PCM_24,17.919977324263037,-2.267573696457248e-05,57d17ec3dee86a7b19555565d06507783ec30e5f3faa370ea517b57871377740,c5f0f7cd1d41918233d452794d0dd49f360c318850861755eded72afc180a6e8,0.119964599609375,-38.25432879920676,-0.00011602515427905823,0.0,0.0018778368433107124,484.375,19.815882683456167,0.9946332737030411
221246,12.8,IFA_48_28_1908.wav,44100,16-06-20 00:00,mosquito,culex pipiens complex,Female,f,Single,,LT,telinga,tascam,Tanzania,Kilombero District,Morogoro,Ifakara,cup,D:\VGU-27\Edge AI Project\data\audio\221246.wav,44100,1,PCM_24,12.799977324263038,-2.2675736962796122e-05,9356b57f8a51428f9a12e28997d652e8c6678e35375b9f1e7eab1b9399ff717d,02714f6e8d20bf7dcb2fa4799a4eef2869a3f94b32ce9727d983614046a9863f,0.122406005859375,-35.64503503674806,9.378727727041773e-05,0.0,0.001528843411358084,156.25,21.004924679046336,1.0
221248,2.56,IFA_48_29_1909.wav,44100,16-06-20 00:00,mosquito,culex pipiens complex,Male,f,Single,,LT,telinga,tascam,Tanzania,Kilombero District,Morogoro,Ifakara,cup,D:\VGU-27\Edge AI Project\data\audio\221248.wav,44100,1,PCM_24,2.5599773242630386,-2.2675736961463855e-05,b3b7efe6d78a07eb8a700075f2cda01bc00325d9dfd621ed007c93df8fd881ed,168ca0162cbcaab88dd3f24d3cd5fc0123a78d7504c58fcac9f91057c98c6620,0.076934814453125,-39.18666428937463,-0.00023141458272205368,0.0,0.0016918375481642233,734.375,22.901947403666554,1.0
221260,7.68,IFA_48_30_1910.wav,44100,16-06-20 00:00,mosquito,an arabiensis,Female,f,Single,,LT,telinga,tascam,Tanzania,Kilombero District,Morogoro,Ifakara,cup,D:\VGU-27\Edge AI Project\data\audio\221260.wav,44100,1,PCM_24,7.68,0.0,e5f1e6554e10fbf11ab8c8856cde77f0d0b9930a6d2e1b01cca1c17b5c08c21c,32e433b45714f49a6ec0c3ea6b668723df18a77c488e831c819f9377f18bf4c2,0.168731689453125,-34.81200364386791,0.0002372808196917683,0.0,0.001839451058201058,812.5,23.413758847018833,1.0
221259,2.56,IFA_48_33_1913.wav,44100,16-06-20 00:00,mosquito,ma uniformis,Female,f,Single,,LT,telinga,tascam,Tanzania,Kilombero District,Morogoro,Ifakara,cup,D:\VGU-27\Edge AI Project\data\audio\221259.wav,44100,1,PCM_24,2.56,0.0,ffcad18c884844caa4d76025a68b89c6ca4b5101a456d5e36dcd12eac1f03332,c1017b483b87976fed3f28ef0ce883f578f4ff9308c6eda9ab86a2376b1531b3,0.306365966796875,-25.437825912912558,-0.0015785529229646368,0.0,0.0007617630385487529,156.25,17.63154593633671,0.9620253164556962
221251,12.8,IFA_48_34_1914.wav,44100,16-06-20 00:00,mosquito,culex pipiens complex,Female,f,Single,,LT,telinga,tascam,Tanzania,Kilombero District,Morogoro,Ifakara,cup,D:\VGU-27\Edge AI Project\data\audio\221251.wav,44100,1,PCM_24,12.8,0.0,fefb8bd08ed7933696feb94d40761f21039c7b36a028463f839755de79ebbaee,6c9bbd7427079579a4fff96ca0d959ce1f87b2ce7b3c8b79fa025406fc8d5dfa,0.15625,-35.368665000658524,-3.293906750322199e-05,0.0,0.0013251133786848072,500.0,21.060028452104675,1.0
221250,15.36,IFA_48_34_1914.wav,44100,16-06-20 00:00,mosquito,culex pipiens complex,Female,f,Single,,LT,telinga,tascam,Tanzania,Kilombero District,Morogoro,Ifakara,cup,D:\VGU-27\Edge AI Project\data\audio\221250.wav,44100,1,PCM_24,15.36,0.0,d3dbbeb227c83f1b5715b2068ac4860205318ebb50c3eea2be98d1c0aeaeb630,816bd577dbfebe3d355302aaa3face38f30037c350331d6af9307f705228abba,0.148895263671875,-35.64636447332924,7.22680412632718e-06,0.0,0.0013035596182917612,484.375,22.06101692576421,1.0
221232,28.16,IFA_49_10_1930.wav,44100,16-06-20 00:00,mosquito,culex pipiens complex,Female,f,Single,,LT,telinga,tascam,Tanzania,Kilombero District,Morogoro,Ifakara,cup,D:\VGU-27\Edge AI Project\data\audio\221232.wav,44100,1,PCM_24,28.16,0.0,63a3bcfddc6f62186d1cefd07bee22762ce659665bb659045cd1300962dccd44,2c75dfe65bf95db896b1c9c3e932e1a4748aca8b1ab566d52bb1d26b32066bca,0.146759033203125,-34.25048426509284,3.1158251262060077e-05,0.0,0.001287588899196042,515.625,21.17554458132389,0.9965870307167235
221238,7.68,IFA_49_11_1931.wav,44100,16-06-20 00:00,mosquito,culex pipiens complex,Male,f,Single,,LT,telinga,tascam,Tanzania,Kilombero District,Morogoro,Ifakara,cup,D:\VGU-27\Edge AI Project\data\audio\221238.wav,44100,1,PCM_24,7.68,0.0,e0b2e1f2ac9013eec59646ad8ce3b84ddb36ea4696c72956d0327ea38adb2e4a,632650b69e0f6161223e40cbc46acb03357a39e6bb4f8938e9c4c28900539047,0.15460205078125,-34.210106085438674,0.00013342736259339347,0.0,0.0013906604308390022,781.25,23.327653584935323,1.0
221235,2.56,IFA_49_11_1931.wav,44100,16-06-20 00:00,mosquito,culex pipiens complex,Male,f,Single,,LT,telinga,tascam,Tanzania,Kilombero District,Morogoro,Ifakara,cup,D:\VGU-27\Edge AI Project\data\audio\221235.wav,44100,1,PCM_24,2.56,0.0,1fc44ec2e5f3280afc2f7aa77679fc0bfd0936236886fde27bc9b12322c0ad1e,573c3fe5d3b6902ecda229f6203a5aea4218e6c252f489a9644301b8b1d75cf8,0.13323974609375,-33.94349169999153,-0.00011644585062316757,0.0,0.0016298185941043084,781.25,27.12313410402528,1.0
221236,2.56,IFA_49_11_1931.wav,44100,16-06-20 00:00,mosquito,culex pipiens complex,Male,f,Single,,LT,telinga,tascam,Tanzania,Kilombero District,Morogoro,Ifakara,cup,D:\VGU-27\Edge AI Project\data\audio\221236.wav,44100,1,PCM_24,2.56,0.0,e3e4232fed27d8ab27061d6f5de431be347b0b487ed2d22bdc93762dc11e8a4f,6d9254b43cd929b6d043195348d5e4188832988b5bc64518998fd237f831da82,0.08294677734375,-37.75554894607447,-0.00022798844205549246,0.0,0.0023915816326530613,796.875,27.38226115982952,1.0
221237,2.56,IFA_49_11_1931.wav,44100,16-06-20 00:00,mosquito,culex pipiens complex,Male,f,Single,,LT,telinga,tascam,Tanzania,Kilombero District,Morogoro,Ifakara,cup,D:\VGU-27\Edge AI Project\data\audio\221237.wav,44100,1,PCM_24,2.5599773242630386,-2.2675736961463855e-05,cb8a44420c67325dd63714f052c10e5aab9924136dbbb4a20f02fe0ebf17839b,1a209caf1de35daa2b8fb90e1e3343ef583a22f16666f5f853a34630075b414f,0.07232666015625,-39.90624026169808,0.0007208852329944307,0.0,0.0024890384870897737,796.875,23.880711157622528,1.0
221321,12.8,IFA_49_18_1938.wav,44100,17-06-20 00:00,mosquito,an arabiensis,Female,f,Single,,LT,telinga,tascam,Tanzania,Kilombero District,Morogoro,Ifakara,cup,D:\VGU-27\Edge AI Project\data\audio\221321.wav,44100,1,PCM_24,12.799977324263038,-2.2675736962796122e-05,92c2e7451c373e8570fcc41bb86586987c1c204532beb7e3070c0365529b0608,9926bd4d21e76536ca1c17a2d27c310c4e57b7905222b8dd552433c40191b31d,0.25128173828125,-30.82070977878342,0.0001475286502264422,0.0,0.001481011693969129,156.25,17.023848593812577,0.9624060150375939
221320,5.12,IFA_49_18_1938.wav,44100,17-06-20 00:00,mosquito,an arabiensis,Female,f,Single,,LT,telinga,tascam,Tanzania,Kilombero District,Morogoro,Ifakara,cup,D:\VGU-27\Edge AI Project\data\audio\221320.wav,44100,1,PCM_24,5.12,0.0,0ca399d4342c885378468955e42f996059020ee370427fc05b382926cf23cc94,0858f7c17ac7246510320c57c76af87d899a08a2f2dc6bed8418c493af993a8e,0.149383544921875,-32.698765642919476,0.0003179015756464329,0.0,0.0015235260770975058,156.25,16.472010843135244,1.0
221322,5.12,IFA_49_18_1938.wav,44100,17-06-20 00:00,mosquito,an arabiensis,Female,f,Single,,LT,telinga,tascam,Tanzania,Kilombero District,Morogoro,Ifakara,cup,D:\VGU-27\Edge AI Project\data\audio\221322.wav,44100,1,PCM_24,5.119977324263038,-2.2675736961907944e-05,83226e73b38686185aec3b3ddb0ad7056edbc798b728fab56d2cd498927b3a10,dbb6656813f02994f29544559c2abb6c626bfbf43e0fe0f61334dd192eb0557b,0.19036865234375,-32.481520774622595,0.00016834642832724733,0.0,0.0014305264603106413,156.25,15.056127502995354,0.9559748427672956
221341,12.8,IFA_49_19_1939.wav,44100,17-06-20 00:00,mosquito,an arabiensis,Female,f,Single,,LT,telinga,tascam,Tanzania,Kilombero District,Morogoro,Ifakara,cup,D:\VGU-27\Edge AI Project\data\audio\221341.wav,44100,1,PCM_24,12.8,0.0,150ca5635b3963161b9d3b1660d06d2d73b235bf7c1d4979bef84ad314c3649f,3cb9a4eed27e0ff818b71a36b1de1a0d8eb74f033930b44bacbf662111650469,0.25274658203125,-30.007580213302035,0.00014635905657225454,0.0,0.0011709892290249432,156.25,16.024795451565616,0.9649122807017544
221342,20.48,IFA_49_19_1939.wav,44100,17-06-20 00:00,mosquito,an arabiensis,Female,f,Single,,LT,telinga,tascam,Tanzania,Kilombero District,Morogoro,Ifakara,cup,D:\VGU-27\Edge AI Project\data\audio\221342.wav,44100,1,PCM_24,20.48,0.0,1c7882fb6bf15001c63b60661f755344bcb1c06c6c590a2c130d82ac29df6331,72361a51b3a845b261073362c9e4133ef2151a9af78ab3c70ae8874acedf8092,0.257598876953125,-31.50914045512861,0.00010006285173282062,0.0,0.001904407596371882,562.5,18.20752164917963,0.9874804381846636
221343,2.56,IFA_49_19_1939.wav,44100,17-06-20 00:00,mosquito,an arabiensis,Female,f,Single,,LT,telinga,tascam,Tanzania,Kilombero District,Morogoro,Ifakara,cup,D:\VGU-27\Edge AI Project\data\audio\221343.wav,44100,1,PCM_24,2.56,0.0,f4185ec9d466780deabe059d2a64d2aeb038c5975634e8c218a39edf2cbff62b,6862a1bb61458ce09edcab0694e3c243391e7d2f52ee15ef64ad675e00aed0b0,0.125762939453125,-34.00046053479556,-0.0006162098475864955,0.0,0.001248937074829932,156.25,15.781451475315805,1.0
221318,23.04,IFA_49_23_1943.wav,44100,17-06-20 00:00,mosquito,an arabiensis,Female,f,Single,,LT,telinga,tascam,Tanzania,Kilombero District,Morogoro,Ifakara,cup,D:\VGU-27\Edge AI Project\data\audio\221318.wav,44100,1,PCM_24,23.04,0.0,db156bfb1d78fef1d260ac3d5a67b1f032f9c5af926c4b55fb2461fa46fc0c97,1b4784aea18af75c99ff66991802596eede27cd835e41cad6b2c6cd586a35393,0.2354736328125,-34.36228949019742,0.0001056126125755704,0.0,0.002755731922398589,390.625,19.58235415931751,0.9791376912378303
221313,35.78,IFA_49_24_1944.wav,44100,17-06-20 00:00,mosquito,an arabiensis,Female,f,Single,,LT,telinga,tascam,Tanzania,Kilombero District,Morogoro,Ifakara,cup,D:\VGU-27\Edge AI Project\data\audio\221313.wav,44100,1,PCM_24,35.78,0.0,82cdd74e313238ff8b332531bc742c1de113882206f6fb9106a32aa8a7f945e7,6b59e7be7cbf045afc447ca353ee528ebb8b3e27905870d1ee3bc167dc2eba04,0.17626953125,-40.83789007447344,9.989447417743415e-08,0.0,0.0024215760461069095,921.875,21.232475879083896,0.9838854073410922
221361,33.22,IFA_49_25_1945.wav,44100,17-06-20 00:00,mosquito,an arabiensis,Female,f,Single,,LT,telinga,tascam,Tanzania,Kilombero District,Morogoro,Ifakara,cup,D:\VGU-27\Edge AI Project\data\audio\221361.wav,44100,1,PCM_24,33.22,0.0,75ffe968b0d33ffc65f9aaad3d243d6fe64d291e7e8be1864a39103a686177f3,3c6302c310c3712907294811ecb32bdf560dc6f5d8b557a77542005f6d6ff84f,0.10736083984375,-43.69567894912008,8.058733565562112e-06,0.0,0.002610235344388608,156.25,18.03096072781098,0.9836065573770492
221311,20.42,IFA_49_26_1946.wav,44100,17-06-20 00:00,mosquito,an arabiensis,Female,f,Single,,LT,telinga,tascam,Tanzania,Kilombero District,Morogoro,Ifakara,cup,D:\VGU-27\Edge AI Project\data\audio\221311.wav,44100,1,PCM_24,20.419977324263037,-2.267573696457248e-05,d03f3b0aeae7adbdefe0d69dfb67601a2473e6a98ae309b8a8eea4caab84a42b,0b4b869b6d24b558b0bc258161e6320abebc5d03acf814a183316bf8f60f3770,0.20684814453125,-33.95446381438654,1.1174493666374798e-06,0.0,0.0016257255522081106,953.125,17.507736856466742,0.9811616954474097
221310,20.48,IFA_49_26_1946.wav,44100,17-06-20 00:00,mosquito,an arabiensis,Female,f,Single,,LT,telinga,tascam,Tanzania,Kilombero District,Morogoro,Ifakara,cup,D:\VGU-27\Edge AI Project\data\audio\221310.wav,44100,1,PCM_24,20.48,0.0,69ace6ffe0da8ae79c2234f9ce1430bab37851712a3d5289a15eece4ceb91532,937e2cb538426c940e03d3c959e759aa7cc205b424b0b0d1ad175de6f9490163,0.197357177734375,-35.62658578412608,9.660716770457573e-06,0.0,0.0021081349206349205,937.5,16.748406869730847,0.9702660406885759
221348,38.34,IFA_49_27_1947.wav,44100,17-06-20 00:00,mosquito,an arabiensis,Female,f,Single,,LT,telinga,tascam,Tanzania,Kilombero District,Morogoro,Ifakara,cup,D:\VGU-27\Edge AI Project\data\audio\221348.wav,44100,1,PCM_24,38.34,0.0,2f4d10f5f60d3d4ebe98bd052eabd1503aaccfcbb8eb3e763beb7fae67760a18,02a8991850e27d1e77180bef7a5040e653648dc245011a1995dfaf7d747a17b6,0.11407470703125,-40.46117329626612,-2.3776161993132e-05,0.0,0.0023249431923699753,921.875,22.00205289532441,0.9966583124477861
221327,7.68,IFA_49_28_1948.wav,44100,17-06-20 00:00,mosquito,an arabiensis,Female,f,Single,,LT,telinga,tascam,Tanzania,Kilombero District,Morogoro,Ifakara,cup,D:\VGU-27\Edge AI Project\data\audio\221327.wav,44100,1,PCM_24,7.68,0.0,83944a55f3dbd5cd11151a01304a9bcc2a54e7ff3d0c1f2fe1bd21839d7ebc33,a27429a9b51baacc96ccb653cbc16cffc142f456552c7aef12588321e57cbdc1,0.127777099609375,-40.903720196070026,3.612510020860829e-05,0.0,0.001963458994708995,937.5,16.66678739796203,0.9414225941422594
221328,38.34,IFA_49_28_1948.wav,44100,17-06-20 00:00,mosquito,an arabiensis,Female,f,Single,,LT,telinga,tascam,Tanzania,Kilombero District,Morogoro,Ifakara,cup,D:\VGU-27\Edge AI Project\data\audio\221328.wav,44100,1,PCM_24,38.34,0.0,96049ebdcdbf79db82a75e45ed439d09bbe624e4e519791332d44027e7b186f7,e651f998270815532b014c575dc77aea639a7d80b954dab308c7a24321ad6ee3,0.138427734375,-36.57762742375924,1.0705755288131271e-05,0.0,0.0024142503462870105,921.875,16.16755501392209,0.974937343358396
221375,33.22,IFA_49_29_1949.wav,44100,17-06-20 00:00,mosquito,an arabiensis,Female,f,Single,,LT,telinga,tascam,Tanzania,Kilombero District,Morogoro,Ifakara,cup,D:\VGU-27\Edge AI Project\data\audio\221375.wav,44100,1,PCM_24,33.22,0.0,391be6adbd3f897b90db92eb72c6a8796622c8e6f5fc2ec8607ab87ff6484598,cc0c78438ac5026666686c032735bb4d49079d3d3e8214a8b3ec30d0522f44a9,0.11944580078125,-41.293996854440664,4.2891074724748666e-05,0.0,0.003015695541712571,906.25,22.953521989921466,1.0
221370,20.42,IFA_49_30_1950.wav,44100,17-06-20 00:00,mosquito,an arabiensis,Female,f,Single,,LT,telinga,tascam,Tanzania,Kilombero District,Morogoro,Ifakara,cup,D:\VGU-27\Edge AI Project\data\audio\221370.wav,44100,1,PCM_24,20.42,0.0,a1dde55d75cb84f4d5173ee0b4a4d2f5d611c31ba8b49944762baa179cd06659,674759494d436f44119a5a6ac73ae15b42eae63a340912e8963e5a96d77d4b9f,0.129302978515625,-37.835101888922146,4.2808423067745707e-05,0.0,0.0022586899598233024,187.5,13.9347246531214,0.9497645211930926
221369,7.68,IFA_49_30_1950.wav,44100,17-06-20 00:00,mosquito,an arabiensis,Female,f,Single,,LT,telinga,tascam,Tanzania,Kilombero District,Morogoro,Ifakara,cup,D:\VGU-27\Edge AI Project\data\audio\221369.wav,44100,1,PCM_24,7.68,0.0,0566663e5a7bfeadd9fcc0b2d169eadd12ebed2f3c2765cf53be99f2d5aa8333,6778eb646553656f8bb287f36c3b73d2514cab6169a88637735f1223c9bcc704,0.127288818359375,-36.070883986103546,9.696454778369952e-05,0.0,0.0023236725245653817,390.625,16.894911628462708,0.9832635983263598
221356,38.34,IFA_49_31_1951.wav,44100,17-06-20 00:00,mosquito,an arabiensis,Female,f,Single,,LT,telinga,tascam,Tanzania,Kilombero District,Morogoro,Ifakara,cup,D:\VGU-27\Edge AI Project\data\audio\221356.wav,44100,1,PCM_24,38.34,0.0,a55c8111d805078dbff5515606a1313249e386441da3d011e03f88b9c38d95bb,297b91e3a40a064c54065aef3c16d5d2367cb5d318e22735b3ad298edd8a7e90,0.095672607421875,-40.56367593192398,1.1563365809938999e-05,0.0,0.0026727087983515435,875.0,19.808488967459972,0.9908103592314118
221357,25.54,IFA_49_32_1952.wav,44100,17-06-20 00:00,mosquito,an arabiensis,Female,f,Single,,LT,telinga,tascam,Tanzania,Kilombero District,Morogoro,Ifakara,cup,D:\VGU-27\Edge AI Project\data\audio\221357.wav,44100,1,PCM_24,25.54,0.0,2915464e9eed93f8bfe5e310a80f27ff18f05b3c867260fa14a19c4a5bb41eae,75459e70dbe0dc704181207f7d543faf6646c7b0026df09138cf0efecbc873f1,0.145233154296875,-36.20921277900273,-4.6296701277560584e-05,0.0,0.002394536514684182,921.875,20.416170877545945,0.9924717691342535
221345,25.6,IFA_49_36_1956.wav,44100,17-06-20 00:00,mosquito,an arabiensis,Female,f,Single,,LT,telinga,tascam,Tanzania,Kilombero District,Morogoro,Ifakara,cup,D:\VGU-27\Edge AI Project\data\audio\221345.wav,44100,1,PCM_24,25.6,0.0,2c77b873ed9c8560514f6219265519caafc6f44a71dfec42e0897255c7d278f3,c168217c1300b55330865cfe135c0106f8c538ce21c235bd357626dbf9825763,0.1314697265625,-40.732439249544605,-5.4091607091648506e-05,0.0,0.0025085034013605442,437.5,19.661077704674966,0.9924906132665833
221374,20.42,IFA_49_37_1957.wav,44100,17-06-20 00:00,mosquito,an arabiensis,Female,f,Single,,LT,telinga,tascam,Tanzania,Kilombero District,Morogoro,Ifakara,cup,D:\VGU-27\Edge AI Project\data\audio\221374.wav,44100,1,PCM_24,20.42,0.0,7060e471aa286029a7eb722fdbae1e4ee08f889e8a050bdde87b3f7fa2a00782,1e9fd0e42485304cd3376502a6a9160054da27d1a8f3a6df5fe2484c05e6a1c4,0.078125,-42.53785208496602,1.4674580648605752e-05,0.0,0.0026040452093341417,156.25,17.125308699146608,0.9733124018838305
221373,5.12,IFA_49_37_1957.wav,44100,17-06-20 00:00,mosquito,an arabiensis,Female,f,Single,,LT,telinga,tascam,Tanzania,Kilombero District,Morogoro,Ifakara,cup,D:\VGU-27\Edge AI Project\data\audio\221373.wav,44100,1,PCM_24,5.12,0.0,6ac09e6530aac73021009f4270359dcea1b7810357e360e0399ffeb02efc9d12,270dd1d451436e94d261bd5d6764728429d3566d19ba88525d3c0d7d3e0941a8,0.09088134765625,-39.54682235109886,-8.655405368934683e-05,0.0,0.0024713010204081634,875.0,19.08029834890688,0.9937106918238994
221325,33.22,IFA_49_38_1958.wav,44100,17-06-20 00:00,mosquito,an arabiensis,Female,f,Single,,LT,telinga,tascam,Tanzania,Kilombero District,Morogoro,Ifakara,cup,D:\VGU-27\Edge AI Project\data\audio\221325.wav,44100,1,PCM_24,33.22,0.0,47fdc4a89c75ed668d8f7641e42b5099c6c0064b25e4a54ef86bcdc23f1264c2,b49d1477f7f9e57fce23c0228d5d0085d602e871f58de7ef3df3d3a37872e597,0.20794677734375,-35.00511561953624,1.055973421079374e-05,0.0,0.0015262777798255565,578.125,16.432312333169843,0.9479267116682739
221324,7.68,IFA_49_38_1958.wav,44100,17-06-20 00:00,mosquito,an arabiensis,Female,f,Single,,LT,telinga,tascam,Tanzania,Kilombero District,Morogoro,Ifakara,cup,D:\VGU-27\Edge AI Project\data\audio\221324.wav,44100,1,PCM_24,7.68,0.0,f6f7c3a0d0ce5b103fc7bce86450de901fc3dd0f80d54198e20a392874545063,9b9db13dbb06758d62bfe8cd9752f4a95ae33adf1682ac5dca936a4bcf7a52e8,0.11224365234375,-37.4302785943466,-0.0001679557971853428,0.0,0.0016829648526077098,390.625,16.44250461660319,0.9456066945606695
221314,28.1,IFA_49_40_1960.wav,44100,17-06-20 00:00,mosquito,an arabiensis,Female,f,Single,,LT,telinga,tascam,Tanzania,Kilombero District,Morogoro,Ifakara,cup,D:\VGU-27\Edge AI Project\data\audio\221314.wav,44100,1,PCM_24,28.1,0.0,b2fa546d987a557c1e029b64a0b90415a373f4b5a42197d4e655e41a9ef1061e,206cf7aa8ab468b614652f84cf55bade3693dc9a86e0f807fd11853ec37aa6cf,0.2513427734375,-33.220958310730154,-1.2163540604371939e-05,0.0,0.0009481847305944916,156.25,18.036617291221017,0.9646522234891676
221352,10.24,IFA_50_10_1970.wav,44100,17-06-20 00:00,mosquito,an arabiensis,Female,f,Single,,LT,telinga,tascam,Tanzania,Kilombero District,Morogoro,Ifakara,cup,D:\VGU-27\Edge AI Project\data\audio\221352.wav,44100,1,PCM_24,10.24,0.0,24b60d0b94e3be5da03d3c37a054c31c1347cd4d5acd2a341d9ff4c9dd215277,864c67f3447be0585d348725f3aad36e9c514cf7218883bbe76ad0e21c41fe9f,0.07830810546875,-40.522004947560234,3.3608977756803e-05,0.0,0.0021634956065759636,937.5,16.069162536561745,0.9717868338557993
221354,15.36,IFA_50_10_1970.wav,44100,17-06-20 00:00,mosquito,an arabiensis,Female,f,Single,,LT,telinga,tascam,Tanzania,Kilombero District,Morogoro,Ifakara,cup,D:\VGU-27\Edge AI Project\data\audio\221354.wav,44100,1,PCM_24,15.36,0.0,657be695687e174c854798b111b0c6b4e048ca5618cd0b93cc4834b8033bdcc5,ee3e8efa554aa83889949b22978585e22ecc54e5d360a7a8694a38cd616b8171,0.164093017578125,-32.127395147927295,4.93087195485087e-05,0.0,0.0011795516817838247,156.25,14.904117203549616,0.964509394572025
221353,7.68,IFA_50_10_1970.wav,44100,17-06-20 00:00,mosquito,an arabiensis,Female,f,Single,,LT,telinga,tascam,Tanzania,Kilombero District,Morogoro,Ifakara,cup,D:\VGU-27\Edge AI Project\data\audio\221353.wav,44100,1,PCM_24,7.68,0.0,ce6db72a63306e995354fd3c8a6785a1051be0a4435987dffd6a09b5d9cdbf31,7685c653692dc77e1f2c41860f0673824e1933da8d34a2851e6f591c100f93d1,0.1490478515625,-33.99491533750797,-0.0007745370843242896,0.0,0.002054988662131519,156.25,16.858967011111133,0.9790794979079498
221355,2.56,IFA_50_10_1970.wav,44100,17-06-20 00:00,mosquito,an arabiensis,Female,f,Single,,LT,telinga,tascam,Tanzania,Kilombero District,Morogoro,Ifakara,cup,D:\VGU-27\Edge AI Project\data\audio\221355.wav,44100,1,PCM_24,2.56,0.0,4ffc70b03ed584fb9b70cc360a190899463f7f93dd6571ac93f7a3ca7eedffa1,fd6bb346b4540a515605692bcade8aaaf4ade9d65659a257839c18c88af89b61,0.10675048828125,-35.56736170997822,-0.0001189005888508561,0.0,0.001904407596371882,156.25,15.338611050367897,0.9240506329113924
221362,20.48,IFA_50_14_1974.wav,44100,17-06-20 00:00,mosquito,an arabiensis,Female,f,Single,,LT,telinga,tascam,Tanzania,Kilombero District,Morogoro,Ifakara,cup,D:\VGU-27\Edge AI Project\data\audio\221362.wav,44100,1,PCM_24,20.48,0.0,299fbe59b7b03373b75a8f5c0ecb7976e9c73accfa2fa3fb0bb6c96da898b10e,33d96d62ee4a45ecf1eea480b4a99c8492dc5f2cb9e729899530fc9bdeea412c,0.14971923828125,-35.45616267910034,-6.616554833323507e-05,0.0,0.0019819125566893424,437.5,18.72928625292062,0.9937402190923318
221363,10.18,IFA_50_14_1974.wav,44100,17-06-20 00:00,mosquito,an arabiensis,Female,f,Single,,LT,telinga,tascam,Tanzania,Kilombero District,Morogoro,Ifakara,cup,D:\VGU-27\Edge AI Project\data\audio\221363.wav,44100,1,PCM_24,10.18,0.0,efd20f38c8af964b686dcc853d1284ddb44fbd33c59d0aa567fecb648c4948b8,9278783c811e3f4315b5337d3bfd5f0a15c325850712622ce98199666b98a984,0.08056640625,-41.8831016167374,-3.611013582767136e-05,0.0,0.002027005956279041,156.25,18.29255046049497,0.9936908517350158
221458,5.12,IFA_50_21_1981.wav,44100,17-06-20 00:00,mosquito,an arabiensis,Female,f,Single,,LT,telinga,tascam,Tanzania,Kilombero District,Morogoro,Ifakara,cup,D:\VGU-27\Edge AI Project\data\audio\221458.wav,44100,1,PCM_24,5.12,0.0,4e3dfef9fd6b8f304a51347bfb943f26dd56549beb22cda1f587a3bdfb39838b,996992f1a4679ce3f4bacb5b0c46a5daaa3895fd2ac6c5360ab8102ed4fe68c5,0.190643310546875,-32.24915937338597,0.00036703026483929347,0.0,0.001992984693877551,156.25,18.649191426393262,1.0
221474,15.36,IFA_50_22_1982.wav,44100,17-06-20 00:00,mosquito,an arabiensis,Female,f,Single,,LT,telinga,tascam,Tanzania,Kilombero District,Morogoro,Ifakara,cup,D:\VGU-27\Edge AI Project\data\audio\221474.wav,44100,1,PCM_24,15.36,0.0,de0805e45255cc482e10309ff0b0349f6c866e000198c21b0171b85965dc6b90,ce5e37161ca8280bc268faeee055287f2658700ffd1cc3f86429c2f52b9537e0,0.24517822265625,-33.99942960896672,9.927448682143485e-05,0.0,0.0022218088624338626,156.25,18.222438720524366,0.9958246346555324
221470,7.68,IFA_50_23_1983.wav,44100,17-06-20 00:00,mosquito,an arabiensis,Female,f,Single,,LT,telinga,tascam,Tanzania,Kilombero District,Morogoro,Ifakara,cup,D:\VGU-27\Edge AI Project\data\audio\221470.wav,44100,1,PCM_24,7.68,0.0,f87e0b6fdac50fc247a36df32452c03c676156f38f00c9628a1dcb2aec4e5ff7,ba6bd3905285852d2ec6c55daf58669354e3a46184c37a0fbeba891b24517783,0.1142578125,-40.16303355139938,8.811503761389539e-05,0.0,0.001936885865457294,453.125,18.805965778043316,0.9874476987447699
221472,5.12,IFA_50_23_1983.wav,44100,17-06-20 00:00,mosquito,an arabiensis,Female,f,Single,,LT,telinga,tascam,Tanzania,Kilombero District,Morogoro,Ifakara,cup,D:\VGU-27\Edge AI Project\data\audio\221472.wav,44100,1,PCM_24,5.12,0.0,46be9e1d7507f5cbfebc8730874a30d2b42f072c17d300b1ac8df08b085a90c6,2a19cc2cd8104eae08099e3d6fc777b3b7dc5b8f47800a360f649eeed74a3131,0.08807373046875,-36.929807416331776,-0.00041626613426641,0.0,0.002072704081632653,156.25,19.86229242926871,1.0
221471,5.12,IFA_50_23_1983.wav,44100,17-06-20 00:00,mosquito,an arabiensis,Female,f,Single,,LT,telinga,tascam,Tanzania,Kilombero District,Morogoro,Ifakara,cup,D:\VGU-27\Edge AI Project\data\audio\221471.wav,44100,1,PCM_24,5.12,0.0,822076bd678bb374b9f42e6349224b6a4b37527e8e2aa49628676bff521a3bb6,4fc0c39fc99afc0e80810dfcdf884ab7ceb40a40abcb85375c1f3421e6a18b7d,0.067474365234375,-40.657434324749616,6.747570167593404e-05,0.0,0.001882263321995465,156.25,18.199014172248063,0.9874213836477987
221461,30.66,IFA_50_28_1988.wav,44100,17-06-20 00:00,mosquito,an arabiensis,Female,f,Single,,LT,telinga,tascam,Tanzania,Kilombero District,Morogoro,Ifakara,cup,D:\VGU-27\Edge AI Project\data\audio\221461.wav,44100,1,PCM_24,30.66,0.0,f8245a4d0e18777569b034e6bdbe067d9555351ba3017011ab3eae3a8f3d5590,d8ffc587999d744ceb24cca64c4496629a368b21f59abb7a14838e2d7bf25b55,0.10333251953125,-40.67989585877679,1.0911345632988463e-05,0.0,0.002329699002888827,156.25,16.927858135751187,0.9968652037617555
221487,33.28,IFA_50_29_1989.wav,44100,17-06-20 00:00,mosquito,culex pipiens complex,Female,f,Single,,LT,telinga,tascam,Tanzania,Kilombero District,Morogoro,Ifakara,cup,D:\VGU-27\Edge AI Project\data\audio\221487.wav,44100,1,PCM_24,33.28,0.0,5775aa80043fea89cb41a93d03dbcbb6ba0db16d121ad86f831bb602a39cd31b,bb9cb87dbdbb3f185c5aeb879d6c08e4dc2b6167fd2c706fc6bde2471f31936f,0.139251708984375,-37.80218033598912,2.371185678015948e-05,0.0,0.002091782225710797,468.75,19.36059349811206,0.9961501443695862
221469,2.5,IFA_50_31_1991.wav,44100,17-06-20 00:00,mosquito,culex pipiens complex,Female,f,Single,,LT,telinga,tascam,Tanzania,Kilombero District,Morogoro,Ifakara,cup,D:\VGU-27\Edge AI Project\data\audio\221469.wav,44100,1,PCM_24,2.5,0.0,e5792f8258146026c772785fcac68591625f0f6a7c2d4eabe6e028cd793ee639,48eb35cadc5a3dd11fc2038b6fdd5a6db10066b401d308ad7b3fdd1224fd5383,0.0120849609375,-49.28485118138902,-0.00030787073944160996,0.0,0.003836734693877551,156.25,18.34842547372467,1.0
221468,5.12,IFA_50_31_1991.wav,44100,17-06-20 00:00,mosquito,culex pipiens complex,Female,f,Single,,LT,telinga,tascam,Tanzania,Kilombero District,Morogoro,Ifakara,cup,D:\VGU-27\Edge AI Project\data\audio\221468.wav,44100,1,PCM_24,5.12,0.0,f1498a526725a322a6c5a930b986899bc0f9a34adcbdb0a22655c0fd5adc15be,d7b6a5f11326dae7369d6c027a82ce9a2f521d67a2277e5e42fccb2a1778817f,0.145782470703125,-32.92384384121442,0.0001432742931945524,0.0,0.002449156746031746,156.25,17.749837621077788,0.9874213836477987
221478,20.48,IFA_50_32_1992.wav,44100,17-06-20 00:00,mosquito,culex pipiens complex,Female,f,Single,,LT,telinga,tascam,Tanzania,Kilombero District,Morogoro,Ifakara,cup,D:\VGU-27\Edge AI Project\data\audio\221478.wav,44100,1,PCM_24,20.48,0.0,b5771d9b7d654fb0c2cd3c5fd84ba6079dd50b8ef6a52e62d66077330c2517fd,55965efa607609f3aa966c53d03af1e0d1461d09d0664d70f78db357c6b896d3,0.093719482421875,-39.9036646239857,6.288293402751828e-05,0.0,0.0021900687358276643,765.625,30.330464444026525,0.9984350547730829
221477,23.04,IFA_50_32_1992.wav,44100,17-06-20 00:00,mosquito,culex pipiens complex,Female,f,Single,,LT,telinga,tascam,Tanzania,Kilombero District,Morogoro,Ifakara,cup,D:\VGU-27\Edge AI Project\data\audio\221477.wav,44100,1,PCM_24,23.04,0.0,f5918192a3252a564fb92bf0bf61484763dc9eeb806f41ce48d31b68054651a7,3ae9be033d31e540bcaef864a1a3ed7adfec60eb997a5dcaa19daf31c8253462,0.079498291015625,-41.54777703678804,-1.0453173963451122e-05,0.0,0.0026179453262786595,765.625,28.11789532742055,0.9986091794158554
221473,30.72,IFA_50_33_1993.wav,44100,17-06-20 00:00,mosquito,culex pipiens complex,Female,f,Single,,LT,telinga,tascam,Tanzania,Kilombero District,Morogoro,Ifakara,cup,D:\VGU-27\Edge AI Project\data\audio\221473.wav,44100,1,PCM_24,30.72,0.0,4c5b163ce23e6725b792c8ac3d10f8e924a2627ac90a610ef241b0495e809688,5c9080fff83f8581df7064ee5a1c70c22615b241daed73d0617d056c946db525,0.244873046875,-36.10188901472415,2.9762631010486607e-05,0.0,0.0020291536753590327,390.625,22.674470908706162,0.9968717413972888
221481,30.72,IFA_50_35_1995.wav,44100,17-06-20 00:00,mosquito,culex pipiens complex,Female,f,Single,,LT,telinga,tascam,Tanzania,Kilombero District,Morogoro,Ifakara,cup,D:\VGU-27\Edge AI Project\data\audio\221481.wav,44100,1,PCM_24,30.72,0.0,ad5223e24061cae5ce5097de5831bf05226a8a6f5765b34f3e41003922f6b715,f1d19a16e3292ad2bf10f851ee8b1f65ad816c54b52da71d778b8bca23d4d2a7,0.1051025390625,-38.59760068329318,1.988378061278697e-05,0.0,0.0020210341080876795,546.875,20.962544039065993,0.9968717413972888
221480,5.12,IFA_50_35_1995.wav,44100,17-06-20 00:00,mosquito,culex pipiens complex,Female,f,Single,,LT,telinga,tascam,Tanzania,Kilombero District,Morogoro,Ifakara,cup,D:\VGU-27\Edge AI Project\data\audio\221480.wav,44100,1,PCM_24,5.12,0.0,2c095e20c623f2febed87edaf13132b1c7d57faef73f21dd605cbfc4e6091f1c,896dfd870526c20df381caaedc164c027d5d9b769fbafe4c0a2925ecc1d31308,0.050445556640625,-41.874150759471505,-0.00017748830540109925,0.0,0.0018778344671201814,156.25,21.067439149206635,0.9937106918238994
221464,17.92,IFA_50_36_1996.wav,44100,17-06-20 00:00,mosquito,ma uniformis,Female,f,Single,,LT,telinga,tascam,Tanzania,Kilombero District,Morogoro,Ifakara,cup,D:\VGU-27\Edge AI Project\data\audio\221464.wav,44100,1,PCM_24,17.919977324263037,-2.267573696457248e-05,bffd71d07e3d928f2d3752f02fc426a44f7b944272c10b095558eeafb2af1323,ae190145648473d6d21146ef8abde90b0ee0ef95cd89364c1e31b9b0823cab4c,0.138092041015625,-36.06892123702958,0.00010355322860814914,0.0,0.0017348479192580773,578.125,16.630275578760013,0.9749552772808586
221456,25.54,IFA_50_37_1997.wav,44100,17-06-20 00:00,mosquito,culex pipiens complex,Female,f,Single,,LT,telinga,tascam,Tanzania,Kilombero District,Morogoro,Ifakara,cup,D:\VGU-27\Edge AI Project\data\audio\221456.wav,44100,1,PCM_24,25.54,0.0,12c65881f45fdcffcd14a9f02cf21712ca03d908e4ab779e055140f93002812a,8d2f07c18d43fa99fa28b2de7384b4ad50211a47426da5af24237c3e1807ea07,0.10272216796875,-37.402668564696384,3.632860768275432e-05,0.0,0.002196545545913484,859.375,18.591016823157773,0.9887076537013801
221482,20.42,IFA_50_38_1998.wav,44100,17-06-20 00:00,mosquito,culex pipiens complex,Female,f,Single,,LT,telinga,tascam,Tanzania,Kilombero District,Morogoro,Ifakara,cup,D:\VGU-27\Edge AI Project\data\audio\221482.wav,44100,1,PCM_24,20.42,0.0,127b015fc700f12e6dd5b8c048e47dca42ab90c92ad273f4c4dda1565339720b,488f8d9b2eadd5f2c65f719a252e675fb8007bd71b4324195c5aeef98c53a25a,0.136627197265625,-34.56055343880603,-0.00013334266450979265,0.0,0.0017556483906001185,156.25,16.788573525813952,0.9717425431711146
221457,28.1,IFA_50_40_2000.wav,44100,17-06-20 00:00,mosquito,culex pipiens complex,Female,f,Single,,LT,telinga,tascam,Tanzania,Kilombero District,Morogoro,Ifakara,cup,D:\VGU-27\Edge AI Project\data\audio\221457.wav,44100,1,PCM_24,28.1,0.0,b82533cc5853181e9f85b282d94a9c7ef075dbb9b00b32a58000bf23ed36b753,9027c86721a90c71ff73cc1514ba9d780de8633a43cbf3ef5aa0c42c03e9f293,0.137115478515625,-36.95845914329557,-8.478028533709228e-05,0.0,0.0022578901074071385,500.0,19.672025720713314,1.0
221492,33.22,IFA_51_12_2012.wav,44100,17-06-20 00:00,mosquito,culex pipiens complex,Female,f,Single,,LT,telinga,tascam,Tanzania,Kilombero District,Morogoro,Ifakara,cup,D:\VGU-27\Edge AI Project\data\audio\221492.wav,44100,1,PCM_24,33.22,0.0,847898486b93823dc41cd9ff98e0f70ec2c3959779d81deb2dd127c3919e457a,41e38f43fe5bc8062ccdfcf285fb7497f0c3ba938259bd94d599b6645d20eb75,0.1083984375,-41.429571534403095,-0.0001035626660847242,0.0,0.002825934708621558,515.625,23.488268145452732,0.9990356798457087
221459,2.56,IFA_51_13_2013.wav,44100,17-06-20 00:00,mosquito,culex pipiens complex,Female,f,Single,,LT,telinga,tascam,Tanzania,Kilombero District,Morogoro,Ifakara,cup,D:\VGU-27\Edge AI Project\data\audio\221459.wav,44100,1,PCM_24,2.5599773242630386,-2.2675736961463855e-05,919ce59e062e056889fb58028dd2867cee601a38ec6730d53667ff68639f1d25,015fea7996bb208ccae876493a52ea38b3efd35ee2bfde346e14bfecb7c536e4,0.1766357421875,-35.44478067786819,0.00031033696747738497,0.0,0.0018247043713184817,500.0,21.94585694582461,0.9873417721518988
221460,17.92,IFA_51_13_2013.wav,44100,17-06-20 00:00,mosquito,culex pipiens complex,Female,f,Single,,LT,telinga,tascam,Tanzania,Kilombero District,Morogoro,Ifakara,cup,D:\VGU-27\Edge AI Project\data\audio\221460.wav,44100,1,PCM_24,17.92,0.0,d8feb48a3eeaed9b419422a85c647bc8d627f75bcc92ba04a7809fdc827e4bea,05fe6181935854b6e3ca236ada45ae80b93ea780a7715796d845d6b6419b1bc7,0.12139892578125,-40.530189839890845,0.0001380922418216845,0.0,0.0022144274376417234,156.25,18.79662941902359,0.9946332737030411
221483,46.02,IFA_51_14_2014.wav,44100,17-06-20 00:00,mosquito,culex pipiens complex,Female,f,Single,,LT,telinga,tascam,Tanzania,Kilombero District,Morogoro,Ifakara,cup,D:\VGU-27\Edge AI Project\data\audio\221483.wav,44100,1,PCM_24,46.02,0.0,4683bf63afaf1d109d4ec60f667df64e8a470c35e76891bb429f7c3ab11dcb0a,954073faedfc44944cedf39bf95945a29c3912fd20cfc291d67b6be0e293497b,0.0731201171875,-42.37861512595885,7.961918034226221e-06,0.0,0.003012098653745143,546.875,21.11029875053626,0.9951287404314544
221412,2.56,IFA_51_19_2019.wav,44100,21-06-20 00:00,mosquito,an arabiensis,Female,f,Single,,LT,telinga,tascam,Tanzania,Kilombero District,Morogoro,Ifakara,cup,D:\VGU-27\Edge AI Project\data\audio\221412.wav,44100,1,PCM_24,2.5599773242630386,-2.2675736961463855e-05,2146f520f7464e8ecca0dea75b79a52d5ed5c4404e4010b76393f286b43f6b4b,f5eba5bcda381160d64cfee5dfcc3d750894ee3736662c8c2cabb58c3b0dbe3d,0.01483154296875,-47.01645822418407,-0.00012100688052919749,0.0,0.0028344922272908455,156.25,19.675685498780226,1.0
221378,2.56,IFA_51_20_2020.wav,44100,21-06-20 00:00,mosquito,an arabiensis,Female,f,Single,,LT,telinga,tascam,Tanzania,Kilombero District,Morogoro,Ifakara,cup,D:\VGU-27\Edge AI Project\data\audio\221378.wav,44100,1,PCM_24,2.56,0.0,026e2cb5cb5b23c79ec686ea0dd243ef34c74ede9b713d82b2439d08a8e2136e,0762908e3c4739dd0cfd950f71cbc3155e36f70e83cef88df55d2c1c0503d31e,0.045318603515625,-43.98897948229358,-0.0006760485858873985,0.0,0.0019398384353741496,750.0,23.25825712393597,1.0
221389,2.56,IFA_51_21_2021.wav,44100,21-06-20 00:00,mosquito,an arabiensis,Female,f,Single,,LT,telinga,tascam,Tanzania,Kilombero District,Morogoro,Ifakara,cup,D:\VGU-27\Edge AI Project\data\audio\221389.wav,44100,1,PCM_24,2.56,0.0,79f6ee348f1c82d274766e597e1bc404ada757036eaa33ac7aecec32c1c0be67,6686f788e05c07f22356cabb1f192d9e7c74a9148fd22eb8ec9e86ba98c793be,0.0369873046875,-37.34512884356424,-0.00021689386865179013,0.0,0.0006731859410430839,156.25,18.175169010105126,1.0
221388,2.56,IFA_51_21_2021.wav,44100,21-06-20 00:00,mosquito,an arabiensis,Female,f,Single,,LT,telinga,tascam,Tanzania,Kilombero District,Morogoro,Ifakara,cup,D:\VGU-27\Edge AI Project\data\audio\221388.wav,44100,1,PCM_24,2.56,0.0,6b5f9afdfab07802b817ecd62f9b99ebf916f5753d847437565bdb69ccd58705,3bb613f21e78f7579bd299ebf7904f34accf51c354e66320a6ac1b338d897b41,0.03033447265625,-44.55982369776301,9.880503829644651e-05,0.0,0.0022587159863945577,171.875,23.680137340600318,1.0
221403,15.36,IFA_51_22_2022.wav,44100,21-06-20 00:00,mosquito,an arabiensis,Female,f,Single,,LT,telinga,tascam,Tanzania,Kilombero District,Morogoro,Ifakara,cup,D:\VGU-27\Edge AI Project\data\audio\221403.wav,44100,1,PCM_24,15.36,0.0,271b6060e47150f4b98105dd1c3fc177a80667a0766002c613f7110859c179dd,56f2521a9317d747c356c23b10a94039d44a02edd02ad47274cdcd9b53d81706,0.20233154296875,-36.63146160818788,3.1200621223593874e-05,0.0,0.0011588836923658353,171.875,20.225055271696597,1.0
221402,5.12,IFA_51_22_2022.wav,44100,21-06-20 00:00,mosquito,an arabiensis,Female,f,Single,,LT,telinga,tascam,Tanzania,Kilombero District,Morogoro,Ifakara,cup,D:\VGU-27\Edge AI Project\data\audio\221402.wav,44100,1,PCM_24,5.12,0.0,09c97670e7da761b75c0f702cce9920c410f41edd3de47c6d114e4be0d437db8,25a2efd587ab83276683588b576241b4b1920d9c5caa6ace6851321df3a6af71,0.08587646484375,-35.86837176955828,9.129579916021992e-05,0.0,0.0007706207482993197,171.875,20.7795824461288,1.0
221390,2.56,IFA_51_24_2024.wav,44100,21-06-20 00:00,mosquito,an arabiensis,Female,f,Single,,LT,telinga,tascam,Tanzania,Kilombero District,Morogoro,Ifakara,cup,D:\VGU-27\Edge AI Project\data\audio\221390.wav,44100,1,PCM_24,2.5599773242630386,-2.2675736961463855e-05,c18cd9fe9f37513a5a1d0e7bf43189b08d6a93c334fb5847c53f1feeb6614661,33c4347681224f17576b992889cb169e0acb9e2e8b1e940837a79e7bfefe89c3,0.01617431640625,-47.46588194308799,-0.00039251641675132316,0.0,0.0025864741574028963,484.375,21.03427922226214,1.0
221396,5.12,IFA_51_28_2028.wav,44100,21-06-20 00:00,mosquito,an arabiensis,Female,f,Single,,LT,telinga,tascam,Tanzania,Kilombero District,Morogoro,Ifakara,cup,D:\VGU-27\Edge AI Project\data\audio\221396.wav,44100,1,PCM_24,5.119977324263038,-2.2675736961907944e-05,30a24efb14bf52d87eb4ddeec7f0112c8377dd8de6fc15c5d81eafaaf5c3bf45,bfe9984c321df49f41fd264eb55232c3f83f11579fbedaf816b8cf51f54d6eb4,0.030731201171875,-46.08918130962529,0.0001360885490567743,0.0,0.002701613438976753,296.875,21.189551956848653,1.0
221395,2.56,IFA_51_28_2028.wav,44100,21-06-20 00:00,mosquito,an arabiensis,Female,f,Single,,LT,telinga,tascam,Tanzania,Kilombero District,Morogoro,Ifakara,cup,D:\VGU-27\Edge AI Project\data\audio\221395.wav,44100,1,PCM_24,2.5599773242630386,-2.2675736961463855e-05,5ed42c9003fababfc401d27f4aa6556627e28f56160d39d9eab74ea97565ea60,7ed0cc26135cd2c92db28c7f5b27fd2f8999e517793a46f900c2646c2663580c,0.034454345703125,-42.83782907462276,0.0006101788291422616,0.0,0.0024270339696177866,515.625,23.804530597101703,1.0
221382,22.98,IFA_51_30_2030.wav,44100,21-06-20 00:00,mosquito,an arabiensis,Female,f,Single,,LT,telinga,tascam,Tanzania,Kilombero District,Morogoro,Ifakara,cup,D:\VGU-27\Edge AI Project\data\audio\221382.wav,44100,1,PCM_24,22.98,0.0,e505a0856f8b10b156369da54fe0c9f77266f8fa03e5d76dae1d62b781582894,ca70c037cd114256b295205307cf564ea8bc917788ea4c9cc1e4fac872062c16,0.19293212890625,-40.21577897687014,4.092486912945843e-06,0.0,0.0028211458647862974,906.25,21.706687690221838,0.99860529986053
221381,2.56,IFA_51_30_2030.wav,44100,21-06-20 00:00,mosquito,an arabiensis,Female,f,Single,,LT,telinga,tascam,Tanzania,Kilombero District,Morogoro,Ifakara,cup,D:\VGU-27\Edge AI Project\data\audio\221381.wav,44100,1,PCM_24,2.56,0.0,a408c118330f0b9569cadefdd9168e46cdad20df35060a78f1f8918d004413bc,b87422851b279f5f43b3d4f2629f68d2555a96f29fd283d1d3fecc57691e8155,0.069366455078125,-37.03368463597164,0.000326259606549529,0.0,0.0014260912698412698,156.25,19.551975605830826,1.0
221387,35.78,IFA_51_31_2031.wav,44100,21-06-20 00:00,mosquito,an arabiensis,Female,f,Single,,LT,telinga,tascam,Tanzania,Kilombero District,Morogoro,Ifakara,cup,D:\VGU-27\Edge AI Project\data\audio\221387.wav,44100,1,PCM_24,35.78,0.0,e10f2af735947acd1134a3a8be8e5a99cf90ff49204352bb57ed343fdec47cc3,015724c6fe4dcd2091b38f87dc9e93e1a47fb10462a463a3f60359da43b11d3c,0.14752197265625,-43.8417072555146,4.910355911145318e-05,0.0,0.0029666049389757768,906.25,24.40940636814725,0.999104744852283
221376,2.56,IFA_51_32_2032.wav,44100,21-06-20 00:00,mosquito,an arabiensis,Female,f,Single,,LT,telinga,tascam,Tanzania,Kilombero District,Morogoro,Ifakara,cup,D:\VGU-27\Edge AI Project\data\audio\221376.wav,44100,1,PCM_24,2.5599773242630386,-2.2675736961463855e-05,106d0acd77c121b3e846c62e896dccf9bf295c72d9c9384f794d116807cad253,9f72dd7d9e3c2da97d7513093716f1a2f1f2d4de55b50b01048db84d285fd39d,0.05548095703125,-39.219176600288336,-0.0003086426127257352,0.0,0.0015501129367996812,921.875,22.120573007344632,1.0
221377,10.18,IFA_51_32_2032.wav,44100,21-06-20 00:00,mosquito,an arabiensis,Female,f,Single,,LT,telinga,tascam,Tanzania,Kilombero District,Morogoro,Ifakara,cup,D:\VGU-27\Edge AI Project\data\audio\221377.wav,44100,1,PCM_24,10.18,0.0,f04725c430667c2d1d4ea34c4c165864cf31576c3484fa6e9ddbbbcf1c29a1b5,1f4b22ced99de051dc000d4aa7d4adfb14781cc7783b688c5554cfdc4252f68f,0.097686767578125,-41.84423102692865,0.00013926115143457309,0.0,0.0023210331938931434,921.875,20.520802951217835,0.9558359621451105
221385,28.16,IFA_51_34_2034.wav,44100,21-06-20 00:00,mosquito,an arabiensis,Female,f,Single,,LT,telinga,tascam,Tanzania,Kilombero District,Morogoro,Ifakara,cup,D:\VGU-27\Edge AI Project\data\audio\221385.wav,44100,1,PCM_24,28.16,0.0,093c0d939b0a57d9b314b5f65518459b0f7d4d7922200caf478968bff95c6101,eafd318f13dc07168eb011fcbceb9ded8e38465efc008550cb83d1fc53b0750c,0.09375,-42.6873395930768,2.2532128471857346e-05,0.0,0.0028521825396825395,921.875,21.136439012136602,1.0
221411,10.18,IFA_51_35_2035.wav,44100,21-06-20 00:00,mosquito,an arabiensis,Female,f,Single,,LT,telinga,tascam,Tanzania,Kilombero District,Morogoro,Ifakara,cup,D:\VGU-27\Edge AI Project\data\audio\221411.wav,44100,1,PCM_24,10.18,0.0,20ad54079d9e612987b26fbdef566e4e71947753d519a1669a8f42f90c871cba,39ff3e60a4a5312420653bb9fe522bc9a899e8af9c4d407eb7cef0d2fb5c18fe,0.0467529296875,-45.082954443987646,-5.972414668583134e-05,0.0,0.0026618374920367623,156.25,21.173133364975946,1.0
221410,30.72,IFA_51_35_2035.wav,44100,21-06-20 00:00,mosquito,an arabiensis,Female,f,Single,,LT,telinga,tascam,Tanzania,Kilombero District,Morogoro,Ifakara,cup,D:\VGU-27\Edge AI Project\data\audio\221410.wav,44100,1,PCM_24,30.72,0.0,fb33998aa2c5c729de28b656b2a8310ace2d5cbd9542bfa847d94826eeeb31d0,2f51cbfe0dda07cdb68482f1d2bb7a95bc13c3b4b9d35d05b550d5ca37d5d63b,0.09185791015625,-41.43156330216147,8.667799350626074e-05,0.0,0.002384200207860922,156.25,21.221862894930005,1.0
221404,35.78,IFA_51_36_2036.wav,44100,21-06-20 00:00,mosquito,an arabiensis,Female,f,Single,,LT,telinga,tascam,Tanzania,Kilombero District,Morogoro,Ifakara,cup,D:\VGU-27\Edge AI Project\data\audio\221404.wav,44100,1,PCM_24,35.78,0.0,045319c3c067fd60d9b20d5fa71f7591061c1499e96233147d2d9a21d2e1eb65,a373ae3c0b825b593c9bb0f6882491883aec9f79d7dfffbd4189182c5ee5118c,0.231353759765625,-37.78074670931712,-1.42133880715535e-05,0.0,0.0024564325450694533,906.25,24.823552187506795,1.0
221393,2.56,IFA_51_37_2037.wav,44100,21-06-20 00:00,mosquito,an arabiensis,Female,f,Single,,LT,telinga,tascam,Tanzania,Kilombero District,Morogoro,Ifakara,cup,D:\VGU-27\Edge AI Project\data\audio\221393.wav,44100,1,PCM_24,2.56,0.0,43b05301f52f605f00dd3ba1615f6097fdebac789d8f308c3cda279ddf6b0809,bb8f0e689aaf8eb192707c0ba4c9b357e7d05986c6c3aa09009c03d0ff954751,0.12933349609375,-34.123361628185435,-7.360403229590176e-05,0.0,0.002568735827664399,296.875,19.545993803760023,1.0
221394,2.5,IFA_51_37_2037.wav,44100,21-06-20 00:00,mosquito,an arabiensis,Female,f,Single,,LT,telinga,tascam,Tanzania,Kilombero District,Morogoro,Ifakara,cup,D:\VGU-27\Edge AI Project\data\audio\221394.wav,44100,1,PCM_24,2.5,0.0,375c2e248d363f2f58d0fb95d9c5cd834689260f03173ebe04a0db96dbc73040,cd0ffaa04c8dcdd944a589194c32512d83528827a446b317672f15047af93fac,0.09124755859375,-35.11601443882632,0.00034064924798044217,0.0,0.0014603174603174604,156.25,21.2428492134822,0.987012987012987
221392,5.12,IFA_51_37_2037.wav,44100,21-06-20 00:00,mosquito,an arabiensis,Female,f,Single,,LT,telinga,tascam,Tanzania,Kilombero District,Morogoro,Ifakara,cup,D:\VGU-27\Edge AI Project\data\audio\221392.wav,44100,1,PCM_24,5.119977324263038,-2.2675736961907944e-05,c6ea2c12ddf735434a3312278f3693ef7bf816c2875b0d1e5bab39ad0a119d50,95a5feb786421f1ca98d08babd0e168ba34fb3afa0142c484720b83b997aaa4a,0.13604736328125,-35.352732302477975,-7.893068536348327e-05,0.0,0.0022277238685332896,156.25,20.034108436610524,1.0
221391,10.24,IFA_51_37_2037.wav,44100,21-06-20 00:00,mosquito,an arabiensis,Female,f,Single,,LT,telinga,tascam,Tanzania,Kilombero District,Morogoro,Ifakara,cup,D:\VGU-27\Edge AI Project\data\audio\221391.wav,44100,1,PCM_24,10.23997732426304,-2.2675736961019766e-05,dc587dafa9de6d174bf51300a5f9957450a46693f7efadb55bd0d45e36fedd89,a566d24f6ffe326af5e3ce17f4dcd9c2a5e0e039c4bde0f6a3f178d97299b62a,0.133026123046875,-38.81024248623609,7.61878798962483e-05,0.0,0.002205574611976093,156.25,21.213451130432382,1.0
221379,48.58,IFA_51_38_2038.wav,44100,21-06-20 00:00,mosquito,an arabiensis,Female,f,Single,,LT,telinga,tascam,Tanzania,Kilombero District,Morogoro,Ifakara,cup,D:\VGU-27\Edge AI Project\data\audio\221379.wav,44100,1,PCM_24,48.58,0.0,1accb9400875ff6c5b688f3e30304041b105583f187c3aabce4d23f3e007f390,90ad12b24daafb0d71895d5e61eb13fbee5ea0fea9e1767f654c12ec4097c90a,0.105682373046875,-41.42191002211988,1.0198650861040862e-05,0.0,0.002666196161461703,953.125,22.515542072806202,1.0
221384,22.98,IFA_51_39_2039.wav,44100,21-06-20 00:00,mosquito,an arabiensis,Female,f,Single,,LT,telinga,tascam,Tanzania,Kilombero District,Morogoro,Ifakara,cup,D:\VGU-27\Edge AI Project\data\audio\221384.wav,44100,1,PCM_24,22.97997732426304,-2.2675736961019766e-05,48dfd9becf474cdd050e2dd52796c39d9947933915bda6220ed721b0316ca80c,bcdcb551f1cc3bc4db4b5d0d1ad5c8e622c5d7892a3fdb92b79de26691021a60,0.121978759765625,-38.222373530988285,4.108547493282627e-05,0.0,0.0022014629713138817,156.25,21.608047682512872,0.99860529986053
221383,2.56,IFA_51_39_2039.wav,44100,21-06-20 00:00,mosquito,an arabiensis,Female,f,Single,,LT,telinga,tascam,Tanzania,Kilombero District,Morogoro,Ifakara,cup,D:\VGU-27\Edge AI Project\data\audio\221383.wav,44100,1,PCM_24,2.5599773242630386,-2.2675736961463855e-05,38e0a9f0d54df423bbee9d11e1f1e5a11056efdf33fa192b15da17d74cb13adb,08a4906ef28f23a60f43fa589bd77f851431636ed029622039b88901147befbf,0.024383544921875,-46.586953623134036,-0.00015148282964466429,0.0,0.0029142123211834004,437.5,20.790466397919516,1.0
221386,10.24,IFA_51_40_2040.wav,44100,21-06-20 00:00,mosquito,an arabiensis,Female,f,Single,,LT,telinga,tascam,Tanzania,Kilombero District,Morogoro,Ifakara,cup,D:\VGU-27\Edge AI Project\data\audio\221386.wav,44100,1,PCM_24,10.24,0.0,6ebe4a046aa4893a62bc9fd569affde060f441a93fce409b0333d2c4cd384e87,ac5298fd6d2ddf2238650c50c2b3a75e0c1e7dc6d12a272075abe954cdf1475e,0.043792724609375,-45.58699840808338,0.00011351576197444716,0.0,0.0027569621598639454,921.875,22.100018608584996,1.0
221405,7.68,IFA_52_10_2050.wav,44100,21-06-20 00:00,mosquito,an arabiensis,Female,f,Single,,LT,telinga,tascam,Tanzania,Kilombero District,Morogoro,Ifakara,cup,D:\VGU-27\Edge AI Project\data\audio\221405.wav,44100,1,PCM_24,7.68,0.0,46e9a0e95d45d912aca04bd502f1fb7b21a109b2b192458b0d029c32300287c7,b1ae243420aeacb195e200fe39dd2ca3a6aa2cbdc164462ac0898ff0b27fc502,0.130096435546875,-36.79449260344,-0.0002814763797924362,0.0,0.002043178382464097,281.25,19.4643348738729,1.0
221406,7.68,IFA_52_10_2050.wav,44100,21-06-20 00:00,mosquito,an arabiensis,Female,f,Single,,LT,telinga,tascam,Tanzania,Kilombero District,Morogoro,Ifakara,cup,D:\VGU-27\Edge AI Project\data\audio\221406.wav,44100,1,PCM_24,7.68,0.0,97a4044ec81bfe9dc4871061b8f96cea259f32c8fc64b2dd287855fb75dad7ed,56961d0e12e58b7e818af621439fa46a3f348a9b5542515826188be52ccf4816,0.09869384765625,-40.04374160507909,-4.1232267655122486e-05,0.0,0.001680012282690854,156.25,18.869904488256278,1.0
221407,2.5,IFA_52_10_2050.wav,44100,21-06-20 00:00,mosquito,an arabiensis,Female,f,Single,,LT,telinga,tascam,Tanzania,Kilombero District,Morogoro,Ifakara,cup,D:\VGU-27\Edge AI Project\data\audio\221407.wav,44100,1,PCM_24,2.5,0.0,673c860e99b06c5f2d264d08537b0e1704089243d6f68b2d1a2b6b52bc821dff,7d897fda334d7f87d3b643b74a31c4008444bd57598788dc603114a17992746c,0.138458251953125,-34.398658847055074,0.00047038147941468256,0.0,0.0021768707482993197,875.0,18.656751531780888,0.987012987012987
221399,15.36,IFA_52_11_2051.wav,44100,21-06-20 00:00,mosquito,an arabiensis,Female,f,Single,,LT,telinga,tascam,Tanzania,Kilombero District,Morogoro,Ifakara,cup,D:\VGU-27\Edge AI Project\data\audio\221399.wav,44100,1,PCM_24,15.36,0.0,ee6f2d1ad2c6e15fc83518ca292b4dba0adac5f714ca3cf5adc31d23e2bfb05f,5d94769f6779bd4383ce63800105ae449e47b156384b6b089df625b840e41967,0.0736083984375,-44.54286934174615,9.810302803575858e-06,0.0,0.002772463151927438,390.625,19.534538095098632,1.0
221401,12.74,IFA_52_11_2051.wav,44100,21-06-20 00:00,mosquito,an arabiensis,Female,f,Single,,LT,telinga,tascam,Tanzania,Kilombero District,Morogoro,Ifakara,cup,D:\VGU-27\Edge AI Project\data\audio\221401.wav,44100,1,PCM_24,12.74,0.0,46996cea964a9333dadab99466638810956bb9be2540c8132f553629262c2f9f,3ccfb30b689b2c5ed9e394d008029f2a672f01f9009098fc112236095402ebb5,0.032379150390625,-45.53760914119777,4.4240260242432594e-05,0.0,0.0024259834755461576,156.25,18.566789559714728,1.0
221400,2.56,IFA_52_11_2051.wav,44100,21-06-20 00:00,mosquito,an arabiensis,Female,f,Single,,LT,telinga,tascam,Tanzania,Kilombero District,Morogoro,Ifakara,cup,D:\VGU-27\Edge AI Project\data\audio\221400.wav,44100,1,PCM_24,2.5599773242630386,-2.2675736961463855e-05,d1f94c49ac0c5a1344b9ae074c7094544a76b9bd1213ea59270661b304242814,667e8a9c9374f03b390322299183e42631f195f64a5fc5691493869ab7b9a43f,0.024749755859375,-43.8883363254953,0.0007997184127293337,0.0,0.0019841445591035917,296.875,18.40269246525586,1.0
221380,30.66,IFA_52_12_2052.wav,44100,21-06-20 00:00,mosquito,culex pipiens complex,Female,f,Single,,LT,telinga,tascam,Tanzania,Kilombero District,Morogoro,Ifakara,cup,D:\VGU-27\Edge AI Project\data\audio\221380.wav,44100,1,PCM_24,30.66,0.0,9aeca50b9f775d2d8fc4ba3431563212e4f19827b3c482b7213f9fc472e6e20f,3588e880d367f126aff6829d982c35e9dcd71f581141f8b70b321d6e7e7cc5cc,0.249755859375,-37.43463154815216,2.206392373961435e-06,0.0,0.002024989165050669,156.25,18.41401701526906,0.9968652037617555
221408,7.68,IFA_52_13_2053.wav,44100,21-06-20 00:00,mosquito,an arabiensis,Female,f,Single,,LT,telinga,tascam,Tanzania,Kilombero District,Morogoro,Ifakara,cup,D:\VGU-27\Edge AI Project\data\audio\221408.wav,44100,1,PCM_24,7.68,0.0,56bf100ea814cd0273f10c627cf0f2de375520b3e830e92ae68245c8d46f5090,d3d6532a0d70933271dd87ddddbfee346a62da88b26245d1d3778eaca830e13d,0.064910888671875,-42.74209151765679,-0.00023447322917543212,0.0,0.0026395975056689343,859.375,20.824867700961747,1.0
221409,33.22,IFA_52_13_2053.wav,44100,21-06-20 00:00,mosquito,an arabiensis,Female,f,Single,,LT,telinga,tascam,Tanzania,Kilombero District,Morogoro,Ifakara,cup,D:\VGU-27\Edge AI Project\data\audio\221409.wav,44100,1,PCM_24,33.22,0.0,2bab312faef07dec988bd044309b1535eba1cbeb57f3074345c3195af9c4da53,6427a0f9202b45479ae38e97b12bf86294aee6cc5171bcdd27eb9715d1823251,0.088165283203125,-40.824986875853746,6.252897403654356e-05,0.0,0.00215972401402865,156.25,18.110601395490367,0.9922854387656702
221397,2.56,IFA_52_15_2055.wav,44100,21-06-20 00:00,mosquito,culex pipiens complex,Female,f,Single,,LT,telinga,tascam,Tanzania,Kilombero District,Morogoro,Ifakara,cup,D:\VGU-27\Edge AI Project\data\audio\221397.wav,44100,1,PCM_24,2.5599773242630386,-2.2675736961463855e-05,94fc0751d7323ead8af9df44dbcbe5d8e4c05fefb700ef9ecbc26c24b55203e0,00f8bebe626206082a65d7bfe59f7098cd319c643745e22673136f7c14b240dd,0.052154541015625,-40.30081258347872,-0.00029318770777741484,0.0,0.0015766863014305328,375.0,22.402596106831034,1.0
221398,25.6,IFA_52_15_2055.wav,44100,21-06-20 00:00,mosquito,culex pipiens complex,Female,f,Single,,LT,telinga,tascam,Tanzania,Kilombero District,Morogoro,Ifakara,cup,D:\VGU-27\Edge AI Project\data\audio\221398.wav,44100,1,PCM_24,25.6,0.0,fceb58a538a910dd8fe56927a8db67377c392e5bd034ec1d0beb1f6bc6eb6505,aae048f7b0b05cb27454cd4889360b9c5f9b6dc556f6062ece565b297fcee50c,0.23138427734375,-35.972381727778846,6.63849772239218e-05,0.0,0.0018680909863945578,921.875,22.639598504214863,0.9987484355444305
221433,51.14,IFA_52_18_2058.wav,44100,21-06-20 00:00,mosquito,an arabiensis,Female,f,Single,,LT,telinga,tascam,Tanzania,Kilombero District,Morogoro,Ifakara,cup,D:\VGU-27\Edge AI Project\data\audio\221433.wav,44100,1,PCM_24,51.14,0.0,4a0a695fafc0ed15f8fad7c32e4c1d96fb32b747432b2d78148bc6ae95679dfc,8c7c0d38bb4970fdb8d7028a0b3445627b4392ff4fa2acd73aa99795021a0ce3,0.13116455078125,-38.280361672627485,1.3098271717933442e-05,0.0,0.0014796428283215255,937.5,20.265853144423712,0.9974953036944271
221425,48.58,IFA_52_20_2060.wav,44100,21-06-20 00:00,mosquito,an arabiensis,Female,f,Single,,LT,telinga,tascam,Tanzania,Kilombero District,Morogoro,Ifakara,cup,D:\VGU-27\Edge AI Project\data\audio\221425.wav,44100,1,PCM_24,48.58,0.0,c2053113dfeff1943b379a172aca1fd6951bd91c19ac005c3b83ae94263e659c,46b6cb7679ad86e30bf884a1312b3cfe4f992d689b1b1e1171195069d9529478,0.08013916015625,-37.10994038369749,1.200871338724568e-05,0.0,0.0006231393339550723,156.25,18.70115700682141,0.998022412656559
221443,7.68,IFA_52_21_2061.wav,44100,21-06-20 00:00,mosquito,an arabiensis,Female,f,Single,,LT,telinga,tascam,Tanzania,Kilombero District,Morogoro,Ifakara,cup,D:\VGU-27\Edge AI Project\data\audio\221443.wav,44100,1,PCM_24,7.68,0.0,3e16299833db2c328369f21bd7fcb44faef9bc5e72265ca82ed1471967c11a31,24749409ca46deabfdca7c05eec69baeccdb5054d468df095eee919f84d6cdf3,0.0635986328125,-39.762602559400435,-0.00022755800911808952,0.0,0.0014556169690098262,421.875,17.63877847661791,0.99581589958159
221424,30.66,IFA_52_24_2064.wav,44100,21-06-20 00:00,mosquito,an arabiensis,Female,f,Single,,LT,telinga,tascam,Tanzania,Kilombero District,Morogoro,Ifakara,cup,D:\VGU-27\Edge AI Project\data\audio\221424.wav,44100,1,PCM_24,30.66,0.0,0c0143d10fb77ea1bf4b9cfc88838cfdc15ce4297c28d0f026f80449ced2a29d,83b1821ed4e87777a0bebc62a9a263a6e682d00c365432aa1cd3892077b734b1,0.13616943359375,-37.524761711185946,4.353074745208817e-05,0.0,0.0019599055103667906,906.25,18.1564268526027,0.9958202716823407
221422,43.52,IFA_52_25_2065.wav,44100,21-06-20 00:00,mosquito,an arabiensis,Female,f,Single,,LT,telinga,tascam,Tanzania,Kilombero District,Morogoro,Ifakara,cup,D:\VGU-27\Edge AI Project\data\audio\221422.wav,44100,1,PCM_24,43.52,0.0,3439fc0e6efd6d50f0e3d9716c806be1fcfe0f6f5d7bc355c2623b77aefd23fc,e8fd9fdcaa58ef73d798cbc88167f2b97ab98a957d58c501867a668eb466024a,0.16436767578125,-37.52132967172748,1.7444260902399695e-05,0.0,0.0017225640256102442,531.25,18.537046818200306,0.9970566593083149
221453,28.16,IFA_52_27_2067.wav,44100,21-06-20 00:00,mosquito,an arabiensis,Female,f,Single,,LT,telinga,tascam,Tanzania,Kilombero District,Morogoro,Ifakara,cup,D:\VGU-27\Edge AI Project\data\audio\221453.wav,44100,1,PCM_24,28.16,0.0,e8141b6685ba14513c28873a36006cfc43b2a8a48e7da59a836745d05319d496,62d9de959a7a8a60ac0532e2190dac47afefedb70f413fb016a226aa2d216b15,0.1124267578125,-40.23064700340008,5.337044863916136e-05,0.0,0.0019052128427128427,156.25,17.10660445244114,0.9977246871444824
221452,5.12,IFA_52_27_2067.wav,44100,21-06-20 00:00,mosquito,an arabiensis,Female,f,Single,,LT,telinga,tascam,Tanzania,Kilombero District,Morogoro,Ifakara,cup,D:\VGU-27\Edge AI Project\data\audio\221452.wav,44100,1,PCM_24,5.12,0.0,b31c3fcdb27ff9417e863a4b98dfa7ea3d6943dd364ccd6f649a81211ee81154,16ecb5522b3135438d05f0481f0b5051209c2e26fe1743c35d21bcd859110422,0.049591064453125,-41.70351594096934,1.3851254435082952e-05,0.0,0.0018866921768707482,156.25,16.62007876485368,1.0
221454,35.84,IFA_52_29_2069.wav,44100,21-06-20 00:00,mosquito,an arabiensis,Female,f,Single,,LT,telinga,tascam,Tanzania,Kilombero District,Morogoro,Ifakara,cup,D:\VGU-27\Edge AI Project\data\audio\221454.wav,44100,1,PCM_24,35.84,0.0,019e1b808d2f8fd56889957d3d732d9096d110c8416fe1d2778584daf21e6e51,a69cd8dfb949d951947f0d2759e4bb25155e48a48f3a996ee66ad6347ffe56ee,0.176300048828125,-38.94259824987617,5.246923315050071e-05,0.0,0.001865180596047943,156.25,16.353403252499533,0.9910634495084897
221455,38.34,IFA_52_30_2070.wav,44100,21-06-20 00:00,mosquito,an arabiensis,Female,f,Single,,LT,telinga,tascam,Tanzania,Kilombero District,Morogoro,Ifakara,cup,D:\VGU-27\Edge AI Project\data\audio\221455.wav,44100,1,PCM_24,38.34,0.0,5b4bfea5fc9945eb8222a4a9c21900bb2f4d8604c4d71b49914984e28a922c09,e51230583003dcdfceaf984afc0a7f42fce3e70af52d698f9aa0af919d46ea96,0.087310791015625,-40.89694594730137,3.2850769684150615e-05,0.0,0.002273488077199233,906.25,17.766612891879912,0.9933166248955723
221429,10.24,IFA_52_31_2071.wav,44100,21-06-20 00:00,mosquito,an arabiensis,Female,f,Single,,LT,telinga,tascam,Tanzania,Kilombero District,Morogoro,Ifakara,cup,D:\VGU-27\Edge AI Project\data\audio\221429.wav,44100,1,PCM_24,10.23997732426304,-2.2675736961019766e-05,ac7baff9262634892649bda2cd8653c9ad39022a1d26626c8f7c06a448c9707f,1ee3b6ee7bfd0e9ea910288166a52979c59d118b0f9264334bb9ca763a72a263,0.095458984375,-40.18316986694156,-6.566189257255865e-05,0.0,0.002577599245321458,906.25,19.643734785288586,0.987460815047022
221428,12.8,IFA_52_31_2071.wav,44100,21-06-20 00:00,mosquito,an arabiensis,Female,f,Single,,LT,telinga,tascam,Tanzania,Kilombero District,Morogoro,Ifakara,cup,D:\VGU-27\Edge AI Project\data\audio\221428.wav,44100,1,PCM_24,12.8,0.0,8272987c6dcaf1f44161c8820dd01900bd4c51034a0a39ff04c1a975241bbde3,1d471c7b85f0e24e4b3cb3d8145fa0d22d38c213ae4195027fb853727b518a42,0.0830078125,-41.01505493985471,-4.901312916727564e-05,0.0,0.0028468679138321995,906.25,20.1894509105092,0.9974937343358395
221448,10.24,IFA_52_32_2072.wav,44100,21-06-20 00:00,mosquito,an arabiensis,Female,f,Single,,LT,telinga,tascam,Tanzania,Kilombero District,Morogoro,Ifakara,cup,D:\VGU-27\Edge AI Project\data\audio\221448.wav,44100,1,PCM_24,10.23997732426304,-2.2675736961019766e-05,4ede7d66f18a05c80c1a76e2cbcbb9563091ba72033da1a2ce1fef49beb80424,b0c1249c6ca86f40ee4602784f3a7fc26a0ea9057e21266cd1f6ec62a03bceb2,0.289794921875,-29.926040636582467,0.00019335188128743083,0.0,0.00197305921613524,156.25,19.26458332157403,0.9968652037617555
221449,2.56,IFA_52_32_2072.wav,44100,21-06-20 00:00,mosquito,an arabiensis,Female,f,Single,,LT,telinga,tascam,Tanzania,Kilombero District,Morogoro,Ifakara,cup,D:\VGU-27\Edge AI Project\data\audio\221449.wav,44100,1,PCM_24,2.5599773242630386,-2.2675736961463855e-05,f8d09c69628ade70592d6a16c83207822042090ed75022e354552b3baeb66968,7a7dd217214f825e38c2fa14e4bb0517a856664713478c6cb875feab691d9534,0.01385498046875,-47.63907517379677,0.00013973155495357965,0.0,0.003144514814650782,906.25,18.127583247035094,1.0
221450,12.8,IFA_52_32_2072.wav,44100,21-06-20 00:00,mosquito,an arabiensis,Female,f,Single,,LT,telinga,tascam,Tanzania,Kilombero District,Morogoro,Ifakara,cup,D:\VGU-27\Edge AI Project\data\audio\221450.wav,44100,1,PCM_24,12.8,0.0,aabd6c36ecd63d8e69fe00c31b6f6b43d99deec244a9a6a682d6aa6dda5b3589,83358ced481caefc2ea4c2e5728da44c0e226c51533075b43a489540b2b7bf10,0.058685302734375,-43.89597251859587,-6.865006185172637e-05,0.0,0.002297689909297052,593.75,16.342091661289658,0.9924812030075187
221451,5.12,IFA_52_32_2072.wav,44100,21-06-20 00:00,mosquito,an arabiensis,Female,f,Single,,LT,telinga,tascam,Tanzania,Kilombero District,Morogoro,Ifakara,cup,D:\VGU-27\Edge AI Project\data\audio\221451.wav,44100,1,PCM_24,5.119977324263038,-2.2675736961907944e-05,dc2c424f0bbe772b4638ced8b524c931f618ba22c0c3399e3ff21a1eb796f106,e79da6cc45a7737d6fbde14398c37d0bb0efda5bfb38b5ca28da6387c01c0269,0.159576416015625,-43.831335119468804,4.9200000160892705e-05,0.0,0.002745902183878011,953.125,16.95888650382718,0.9937106918238994
221418,10.24,IFA_52_33_2073.wav,44100,21-06-20 00:00,mosquito,culex pipiens complex,Female,f,Single,,LT,telinga,tascam,Tanzania,Kilombero District,Morogoro,Ifakara,cup,D:\VGU-27\Edge AI Project\data\audio\221418.wav,44100,1,PCM_24,10.23997732426304,-2.2675736961019766e-05,76d5ffa5931c4f589494623118e65b42fd507b6608740af9daafbfd5bef05d9b,ac34ce3313b89d9c0be4e12517c4b4984ee7f450ae3fc235dda7bd6e131545f0,0.17529296875,-34.29088784925294,-3.9169393936164556e-05,0.0,0.0015323871802082896,156.25,17.09574893801912,0.9905956112852664
221419,12.8,IFA_52_33_2073.wav,44100,21-06-20 00:00,mosquito,culex pipiens complex,Female,f,Single,,LT,telinga,tascam,Tanzania,Kilombero District,Morogoro,Ifakara,cup,D:\VGU-27\Edge AI Project\data\audio\221419.wav,44100,1,PCM_24,12.799977324263038,-2.2675736962796122e-05,c4b081d428c79c7cdf549bee2884208621ca8197ff20e8721b3dc3fd9f6b5123,fa7f7a4631d05d3cfb2506540c7d0774962108f3ccdfa00cfec4639082c14019,0.1259765625,-39.52954028969519,-5.128781977150058e-05,0.0,0.0016865109242327882,156.25,16.906353743228483,0.9874686716791979
221420,10.18,IFA_52_33_2073.wav,44100,21-06-20 00:00,mosquito,culex pipiens complex,Female,f,Single,,LT,telinga,tascam,Tanzania,Kilombero District,Morogoro,Ifakara,cup,D:\VGU-27\Edge AI Project\data\audio\221420.wav,44100,1,PCM_24,10.18,0.0,bb462e167cb3c8558473a3e35f11e9882fc65853e7c4da227ed9ac393df1f600,460eb7de29c0f84fd3b546aa3c1080e0184f2f0998f6d6effe1deb0e846a8c86,0.169830322265625,-33.955473051818714,5.659957162532048e-05,0.0,0.0015369605602555364,515.625,16.18415265903919,0.9873817034700315
221441,12.8,IFA_52_35_2075.wav,44100,21-06-20 00:00,mosquito,an arabiensis,Female,f,Single,,LT,telinga,tascam,Tanzania,Kilombero District,Morogoro,Ifakara,cup,D:\VGU-27\Edge AI Project\data\audio\221441.wav,44100,1,PCM_24,12.8,0.0,c70e5696c444932f1f4400c0a2e90cd554223bdec5594f16d13fa7162b4dffe1,53e800c2637b67c8a592adf5cf72f971757f71b7ae76e6a60a765e7850ebc36c,0.1397705078125,-36.17211099660388,-3.219623954928651e-05,0.0,0.002104591836734694,437.5,18.493228806999344,0.9924812030075187
221442,5.12,IFA_52_35_2075.wav,44100,21-06-20 00:00,mosquito,an arabiensis,Female,f,Single,,LT,telinga,tascam,Tanzania,Kilombero District,Morogoro,Ifakara,cup,D:\VGU-27\Edge AI Project\data\audio\221442.wav,44100,1,PCM_24,5.12,0.0,4fa2853bf0d410535c1e39b8e8e5c70d8df00e7edc2fd7e3d2a9e30ef1f59092,556caa5d3a99a3c71532ba00573b176b46f873db7cadf60b1ac835e04ba0fda4,0.116943359375,-34.742607757413396,0.0002259362041274436,0.0,0.0015589569160997733,156.25,16.429791942367768,0.9874213836477987
221447,10.18,IFA_52_38_2078.wav,44100,21-06-20 00:00,mosquito,an arabiensis,Female,f,Single,,LT,telinga,tascam,Tanzania,Kilombero District,Morogoro,Ifakara,cup,D:\VGU-27\Edge AI Project\data\audio\221447.wav,44100,1,PCM_24,10.18,0.0,b14e479492ef5765996e27cc278a24b7307c3ddf1b871341b57b9cb8536fb39d,697d94b50dc3420c0aba43421e3dbd45cbf41d1dc6a1d0578fea43a71a432970,0.02679443359375,-46.78645029654462,5.678820854021046e-07,0.0,0.002933589938922524,484.375,18.95857810784918,1.0
221444,15.36,IFA_52_38_2078.wav,44100,21-06-20 00:00,mosquito,an arabiensis,Female,f,Single,,LT,telinga,tascam,Tanzania,Kilombero District,Morogoro,Ifakara,cup,D:\VGU-27\Edge AI Project\data\audio\221444.wav,44100,1,PCM_24,15.36,0.0,3cae4f40e274d73b0254dc7a0bf523b559658657b53deccb16161ff9cf1943c5,209ac5a072efec2df9a47c824e35f83df34940c34cafce751cc2ae8d438c58e1,0.25103759765625,-34.24006276106208,5.946475632336675e-05,0.0,0.001992984693877551,953.125,18.075767865448725,1.0
221446,2.56,IFA_52_38_2078.wav,44100,21-06-20 00:00,mosquito,an arabiensis,Female,f,Single,,LT,telinga,tascam,Tanzania,Kilombero District,Morogoro,Ifakara,cup,D:\VGU-27\Edge AI Project\data\audio\221446.wav,44100,1,PCM_24,2.56,0.0,10d99158a486b8df496f699582099d52b59fa42e30127d95c7e6237d628699d3,c03e57cd12d805d77514d097b3ace5426e24df4de7fe07610f1bf29b77d27957,0.02008056640625,-45.2798138633533,-0.00020525217596906113,0.0,0.002524447278911565,968.75,18.677011968774693,1.0
221445,7.68,IFA_52_38_2078.wav,44100,21-06-20 00:00,mosquito,an arabiensis,Female,f,Single,,LT,telinga,tascam,Tanzania,Kilombero District,Morogoro,Ifakara,cup,D:\VGU-27\Edge AI Project\data\audio\221445.wav,44100,1,PCM_24,7.68,0.0,c2e3ea38583139947b4503b8de0c29247a8c41b89202b51944eb5f0c8b394b2b,7267450dde2effa79523554cfc8d2ff55d66b5caecec26077ccf438a8ab6c3a3,0.021087646484375,-44.767088086823,7.458843251384756e-05,0.0,0.0023354828042328043,984.375,17.227839915946742,1.0
221427,10.24,IFA_52_39_2079.wav,44100,21-06-20 00:00,mosquito,an arabiensis,Female,f,Single,,LT,telinga,tascam,Tanzania,Kilombero District,Morogoro,Ifakara,cup,D:\VGU-27\Edge AI Project\data\audio\221427.wav,44100,1,PCM_24,10.24,0.0,647749bb3049eefafcb83c2ede794fec9063219d7c826ff2716d69f1f3387bd5,e786b2a6072cdeacc6426da2fcb6d03905bd78efb7b5f7ec5e12cba85011254e,0.0718994140625,-41.687069781455186,0.0001633792372247259,0.0,0.0027392467403628117,812.5,20.961148414085223,1.0
221426,5.12,IFA_52_39_2079.wav,44100,21-06-20 00:00,mosquito,an arabiensis,Female,f,Single,,LT,telinga,tascam,Tanzania,Kilombero District,Morogoro,Ifakara,cup,D:\VGU-27\Edge AI Project\data\audio\221426.wav,44100,1,PCM_24,5.12,0.0,31847ef621336fcfd7d772ceb3d207c1359d2b43501bda721be8a2f6a2c4e471,cc7529c1a5885605dfa73158d1678cc98d20322a1997d7ffcaea035b0a9ad213,0.02490234375,-46.566192874379894,0.00010404632745686573,0.0,0.002883184523809524,828.125,23.242288501444214,1.0
221416,2.56,IFA_52_40_2080.wav,44100,21-06-20 00:00,mosquito,an arabiensis,Female,f,Single,,LT,telinga,tascam,Tanzania,Kilombero District,Morogoro,Ifakara,cup,D:\VGU-27\Edge AI Project\data\audio\221416.wav,44100,1,PCM_24,2.5599773242630386,-2.2675736961463855e-05,e03fbdea7456530bfb036bce93a1fce644a738a140ac9d54cc9b2e0810b0a6f3,9c725ea1c3dcd1c6be31eb57b9c887b00f6e61d7373538812ba356c8797713f3,0.018890380859375,-47.37791227093347,0.00012734449175326077,0.0,0.002462465122458922,421.875,19.19867177307492,1.0
221526,2.56,IFA_53_10_2090.wav,44100,22-06-20 00:00,mosquito,an arabiensis,Female,f,Single,,LT,telinga,tascam,Tanzania,Kilombero District,Morogoro,Ifakara,cup,D:\VGU-27\Edge AI Project\data\audio\221526.wav,44100,1,PCM_24,2.5599773242630386,-2.2675736961463855e-05,3c552487161fa06f2b70ac078ebe88685f8d5ffe2a9ea0c3adf34340db9f0063,78bd3ee8e94cd53608c65eb6c851f64266ebc46a6be2e89b679557b35dddf8d1,0.0250244140625,-45.31461826517622,0.00016497657573478122,0.0,0.0029850746268656717,156.25,18.21053246392951,1.0
221528,2.56,IFA_53_10_2090.wav,44100,22-06-20 00:00,mosquito,an arabiensis,Female,f,Single,,LT,telinga,tascam,Tanzania,Kilombero District,Morogoro,Ifakara,cup,D:\VGU-27\Edge AI Project\data\audio\221528.wav,44100,1,PCM_24,2.56,0.0,c0c1f034881ef94dfd0889b653903b3fd159ea86639abb270356b700b1997f50,5d76116750e34d870506a5dd1263f53d84a051feae21c9a90dd9775c77c33801,0.109222412109375,-35.9474623936505,-0.0004286076746830324,0.0,0.0015058106575963719,156.25,14.290894112152422,0.9620253164556962
221527,7.68,IFA_53_10_2090.wav,44100,22-06-20 00:00,mosquito,an arabiensis,Female,f,Single,,LT,telinga,tascam,Tanzania,Kilombero District,Morogoro,Ifakara,cup,D:\VGU-27\Edge AI Project\data\audio\221527.wav,44100,1,PCM_24,7.68,0.0,8cf9ba9bb3d8dbb8531f59d9510465a0c60544f961d7acd8d4ec58d0bf44eafc,a926178825e865df33dd7ab1e9504280834119f7ddfb7139147d7ec8f1910043,0.15325927734375,-35.763383401369325,0.0007580111446654535,0.0,0.0021494708994708994,500.0,18.380574966011736,0.9665271966527197
221509,10.24,IFA_53_11_2091.wav,44100,22-06-20 00:00,mosquito,an arabiensis,Female,f,Single,,LT,telinga,tascam,Tanzania,Kilombero District,Morogoro,Ifakara,cup,D:\VGU-27\Edge AI Project\data\audio\221509.wav,44100,1,PCM_24,10.24,0.0,922c95b5e3ee10227c1e43e79accbbb1bf7770425bb5981076996a815738e0f1,a9c68c3cbf37536ccc186e6aa7137ea2f8a5ea91c7ac439e895326888c939c7a,0.125274658203125,-38.90731812801923,0.00010724794837622956,0.0,0.0031843466553287984,156.25,19.505268012629035,0.9905956112852664
221508,25.6,IFA_53_11_2091.wav,44100,22-06-20 00:00,mosquito,an arabiensis,Female,f,Single,,LT,telinga,tascam,Tanzania,Kilombero District,Morogoro,Ifakara,cup,D:\VGU-27\Edge AI Project\data\audio\221508.wav,44100,1,PCM_24,25.6,0.0,204d2838b4f4c8826dae8f7062a0a2280db47dc117864f16973aefc948841fc1,0260d33f0f3fe735cd54d046751941cc6a01a5077d2ee60fc9261a2baf51d1d4,0.081329345703125,-42.80857160335769,1.395670464790327e-05,0.0,0.004293331916099773,421.875,20.572651290504854,1.0
221546,25.6,IFA_53_12_2092.wav,44100,22-06-20 00:00,mosquito,ma uniformis,Female,f,Single,,LT,telinga,tascam,Tanzania,Kilombero District,Morogoro,Ifakara,cup,D:\VGU-27\Edge AI Project\data\audio\221546.wav,44100,1,PCM_24,25.6,0.0,80f1773a2044f332038426dfae0ea7515a566eea632503a460575d174371a6cb,204a2aed37475793147b295b046bb0f49c8b5bd1dae45a7e2f47ccd34d7b5ee6,0.082122802734375,-44.3020519000001,-7.184346516927083e-06,0.0,0.0033402423469387757,781.25,24.399134210214697,0.9949937421777222
221505,38.34,IFA_53_14_2094.wav,44100,22-06-20 00:00,mosquito,an arabiensis,Female,f,Single,,LT,telinga,tascam,Tanzania,Kilombero District,Morogoro,Ifakara,cup,D:\VGU-27\Edge AI Project\data\audio\221505.wav,44100,1,PCM_24,38.34,0.0,f081717b3b00b06a15bc72df4c71fcb279652231166f59c304255e937a2772a9,85d7e101404f0d0670cbf09c81254be95cc928b326c36afcbca053fbf0ed1386,0.064239501953125,-46.80743787302474,0.00010539146191957374,0.0,0.003599492309530315,484.375,22.370673773937572,0.9891395154553049
221532,17.86,IFA_53_15_2095.wav,44100,22-06-20 00:00,mosquito,an arabiensis,Female,f,Single,,LT,telinga,tascam,Tanzania,Kilombero District,Morogoro,Ifakara,cup,D:\VGU-27\Edge AI Project\data\audio\221532.wav,44100,1,PCM_24,17.86,0.0,59e3a2b425664cd31995e4b19e3599a0da2da6dd4cd8aed319b5b003603c2246,e405cecc9692f09ad7308caf3ca3797ef49f54860cb3380f65407fd1268f0f56,0.070831298828125,-40.7542964205129,9.605962425972162e-05,0.0,0.0016479902898075991,156.25,16.062115940118396,0.9946140035906643
221496,38.34,IFA_53_16_2096.wav,44100,22-06-20 00:00,mosquito,an arabiensis,Female,f,Single,,LT,telinga,tascam,Tanzania,Kilombero District,Morogoro,Ifakara,cup,D:\VGU-27\Edge AI Project\data\audio\221496.wav,44100,1,PCM_24,38.33997732426304,-2.267573696457248e-05,c7997b7e63d6b37c9f44e17cbd3903c46722e9eb5041e5f4b2262797422e4615,afe3f73aa383f9402da15566313102e0b5b39eff212d7d593cd463a2d3e6f30b,0.093231201171875,-38.55398287125941,-1.1911145969117746e-05,0.0,0.0011272816956303935,375.0,18.35922725027743,0.9958228905597326
221537,30.66,IFA_53_18_2098.wav,44100,22-06-20 00:00,mosquito,culex pipiens complex,Female,f,Single,,LT,telinga,tascam,Tanzania,Kilombero District,Morogoro,Ifakara,cup,D:\VGU-27\Edge AI Project\data\audio\221537.wav,44100,1,PCM_24,30.66,0.0,3025a469768336f3ce39d1a98ba7f3e80830a2f343a8a9da3f712533ad3e1c3b,26d3c1edd2b2e43df90818c95977c1d0b46a5aca80a765c2d0ddcda25e53a9fd,0.07879638671875,-40.88966650645828,2.033949976404864e-05,0.0,0.0021226146470764867,390.625,19.107038386417067,0.9885057471264368
221504,30.72,IFA_53_26_2106.wav,44100,22-06-20 00:00,mosquito,culex pipiens complex,Female,f,Single,,LT,telinga,tascam,Tanzania,Kilombero District,Morogoro,Ifakara,cup,D:\VGU-27\Edge AI Project\data\audio\221504.wav,44100,1,PCM_24,30.72,0.0,50be8804825dc12b156e9e769310200fff4d7d04f2478c0f93cb0e6afa27b954,f8c2409e4222f03a08b2e44bc01a77fb159b888a896bba66254875a5c997ce48,0.04241943359375,-45.43835322637507,8.790096998755353e-05,0.0,0.0034707459372637943,500.0,20.700964574366584,0.9958289885297185
221516,5.12,IFA_53_28_2108.wav,44100,22-06-20 00:00,mosquito,culex pipiens complex,Female,f,Single,,LT,telinga,tascam,Tanzania,Kilombero District,Morogoro,Ifakara,cup,D:\VGU-27\Edge AI Project\data\audio\221516.wav,44100,1,PCM_24,5.12,0.0,3e7904ffb07f5c6e99f73657e8f456b83bee2685237a3ea99035f7b0c1569de1,6347c38481ce51202781f026c305698b48fc2f48b6a24711125f1964cc517874,0.081634521484375,-40.55799905329938,-0.00044138942446027486,0.0,0.0016918225623582766,156.25,14.96945213567252,0.89937106918239
221517,15.3,IFA_53_28_2108.wav,44100,22-06-20 00:00,mosquito,culex pipiens complex,Female,f,Single,,LT,telinga,tascam,Tanzania,Kilombero District,Morogoro,Ifakara,cup,D:\VGU-27\Edge AI Project\data\audio\221517.wav,44100,1,PCM_24,15.3,0.0,bf8f1bd5fec4bafdc043c8fe3afd0ea43ac7a1e57081e48c1ab68312a04fe319,1db7185e72e27b8ff9f43128185249def3a7ae893ab9252fe2a5159b80029361,0.0799560546875,-40.265057545115155,-4.3875017093064075e-05,0.0,0.0019741229825263437,546.875,16.704030545461897,0.9853249475890985
221494,5.06,IFA_53_34_2114.wav,44100,22-06-20 00:00,mosquito,culex pipiens complex,Female,f,Single,,LT,telinga,tascam,Tanzania,Kilombero District,Morogoro,Ifakara,cup,D:\VGU-27\Edge AI Project\data\audio\221494.wav,44100,1,PCM_24,5.059977324263039,-2.2675736961019766e-05,d5b571a78e3f399562c18e8983d3a09226bfd656994948fe2003019ff2762888,a819c4a793c4a5377a3cdf1651fae12fa79eb6b4fb8b64374a28857e6d1161c1,0.006072998046875,-54.92188172413034,3.452331369282025e-05,0.0,0.006547312285733492,546.875,19.926908594819174,1.0
221519,12.8,IFA_53_36_2116.wav,44100,22-06-20 00:00,mosquito,an arabiensis,Female,f,Single,,LT,telinga,tascam,Tanzania,Kilombero District,Morogoro,Ifakara,cup,D:\VGU-27\Edge AI Project\data\audio\221519.wav,44100,1,PCM_24,12.8,0.0,43af74085b079634cb029cdef2a5ed380933c88a8b655233aef4201f71e6516a,4e5022ccb5a8dddc4f02b3c58b88e1299a18ddef89f99138eb70ba7f6b54d64b,0.037322998046875,-48.54769164650116,1.4894943929313261e-05,0.0,0.004845167233560091,296.875,18.240531434963184,1.0
221533,5.12,IFA_53_37_2117.wav,44100,22-06-20 00:00,mosquito,culex pipiens complex,Female,f,Single,,LT,telinga,tascam,Tanzania,Kilombero District,Morogoro,Ifakara,cup,D:\VGU-27\Edge AI Project\data\audio\221533.wav,44100,1,PCM_24,5.119977324263038,-2.2675736961907944e-05,8e435c0fae068043984494dd12909efd05ba984d637740d5459913a4221f2967,34dbf7d26f929211a8ca7ae9ef94ff74f8e653472579193c88a007dc1c5d004f,0.02294921875,-47.02662727756395,-7.025188626802552e-05,0.0,0.0030116346532855606,296.875,21.501481596812184,1.0
221534,2.56,IFA_53_37_2117.wav,44100,22-06-20 00:00,mosquito,culex pipiens complex,Female,f,Single,,LT,telinga,tascam,Tanzania,Kilombero District,Morogoro,Ifakara,cup,D:\VGU-27\Edge AI Project\data\audio\221534.wav,44100,1,PCM_24,2.5599773242630386,-2.2675736961463855e-05,06657724724a1f5cd4a12455f138087aa6cc887b97b8fdfc327ebeecf2223782,6aa2a2e5e5f2c58a6ccf113a4280576b74353acfc1d4e110eb072605f07517b8,0.029144287109375,-44.285684998216716,0.000332553072337681,0.0,0.0024181761814075025,296.875,19.362658068187436,1.0
221506,2.56,IFA_53_38_2118.wav,44100,22-06-20 00:00,mosquito,culex pipiens complex,Female,f,Single,,LT,telinga,tascam,Tanzania,Kilombero District,Morogoro,Ifakara,cup,D:\VGU-27\Edge AI Project\data\audio\221506.wav,44100,1,PCM_24,2.5599773242630386,-2.2675736961463855e-05,72b602c82d5bf7c7028a683850512b83ad66ebf0692aaebcb241e154fc9e9ae9,5cee5582c97895f7b21f676ee124be0dd6d36bab404f1a5c9c3d24bf8343bd1f,0.037017822265625,-42.49003088736749,0.0012426556695726671,0.0,0.003047079144337659,828.125,21.410044890470623,1.0
221507,5.12,IFA_53_38_2118.wav,44100,22-06-20 00:00,mosquito,culex pipiens complex,Female,f,Single,,LT,telinga,tascam,Tanzania,Kilombero District,Morogoro,Ifakara,cup,D:\VGU-27\Edge AI Project\data\audio\221507.wav,44100,1,PCM_24,5.12,0.0,21979caa1c693a578e3ead4ca626d37d285e718ff4c4a3184a7a0f37e9096504,192f6437fe8c4cdcb928c2dbebcf569391a9a8bfce14fb0df49e4eb33b69a965,0.139495849609375,-32.31216335473016,3.224057134857524e-05,0.0,0.0032463506235827664,875.0,22.431406910813113,0.9937106918238994
221498,2.56,IFA_53_39_2119.wav,44100,22-06-20 00:00,mosquito,culex pipiens complex,Female,f,Single,,LT,telinga,tascam,Tanzania,Kilombero District,Morogoro,Ifakara,cup,D:\VGU-27\Edge AI Project\data\audio\221498.wav,44100,1,PCM_24,2.56,0.0,d59fc47b2ecbf152460061e69f2b2b698392090deb4468d0bef91517daa78db8,c461f6b8d9ba432ce7104debe21dad7b6adbbfe69b760cdf72a5a36c7ebe8c6b,0.0345458984375,-43.00988734389753,0.0001802968870755496,0.0,0.0035253684807256234,875.0,18.230611505914098,1.0
221536,46.02,IFA_54_12_2132.wav,44100,22-06-20 00:00,mosquito,an arabiensis,Male,f,Single,,LT,telinga,tascam,Tanzania,Kilombero District,Morogoro,Ifakara,cup,D:\VGU-27\Edge AI Project\data\audio\221536.wav,44100,1,PCM_24,46.02,0.0,4fed675edf0a0e13b1173aee5065225d361a0f52c6f04a04fa7d8669463e6f95,f54abf92704e87de5385b64db0a5b590602af2f81889da505b3917bb759b7589,0.043304443359375,-48.86352111870366,3.197953270160964e-05,0.0,0.006112889890129599,859.375,20.66077427018692,0.9923451635351427
221497,25.6,IFA_54_13_2133.wav,44100,22-06-20 00:00,mosquito,an arabiensis,Male,f,Single,,LT,telinga,tascam,Tanzania,Kilombero District,Morogoro,Ifakara,cup,D:\VGU-27\Edge AI Project\data\audio\221497.wav,44100,1,PCM_24,25.6,0.0,bf38cc07f3dcb8ef08046b98983384f329a929558458e65fa44c96fd04615df9,4369b33c993d111568a597d8e8f7681013dddf13f8b587f4a8c78caed8ce686f,0.06396484375,-44.001478151482196,3.493697194555719e-05,0.0,0.006355406746031746,578.125,15.942568696197636,0.9774718397997497
221510,15.36,IFA_54_14_2134.wav,44100,22-06-20 00:00,mosquito,ma uniformis,Female,f,Single,,LT,telinga,tascam,Tanzania,Kilombero District,Morogoro,Ifakara,cup,D:\VGU-27\Edge AI Project\data\audio\221510.wav,44100,1,PCM_24,15.36,0.0,9ffb01cc7e00b2c153fe708884a2b5ea58ce0f8ad91d314fdda61ac339e54c5d,cf44589eb10efac0f253fde899c87afd7b3c03c6be1f7b987d8a520498f6171d,0.091644287109375,-42.29286820139423,-3.0106607928748215e-05,0.0,0.004409663170823885,343.75,17.80542045694903,0.9791231732776617
221511,7.62,IFA_54_14_2134.wav,44100,22-06-20 00:00,mosquito,ma uniformis,Female,f,Single,,LT,telinga,tascam,Tanzania,Kilombero District,Morogoro,Ifakara,cup,D:\VGU-27\Edge AI Project\data\audio\221511.wav,44100,1,PCM_24,7.62,0.0,8f042a76754fe9ea3af0ae438af4af6ba6b789eab2abd180334d5ce0f842c79f,e52ead84b0201bdd726df11005dd720a46fe16c08612cbea782ffe6813d6bee5,0.041351318359375,-43.74313613734063,0.00014096505265013377,0.0,0.003422191273709834,937.5,16.86835522695078,0.9915611814345991
221549,25.54,IFA_54_15_2135.wav,44100,22-06-20 00:00,mosquito,an arabiensis,Female,f,Single,,LT,telinga,tascam,Tanzania,Kilombero District,Morogoro,Ifakara,cup,D:\VGU-27\Edge AI Project\data\audio\221549.wav,44100,1,PCM_24,25.54,0.0,dbeea6c340123e80ae835325496e4224397875df39d8c52ed89b92f2ce6786f3,a2b4aa80509eaeb402f335cae6480102ac5b14d181389b5f7bf73851d6e561f9,0.031036376953125,-49.65560605789999,2.5249154820502987e-05,0.0,0.00655856182201411,375.0,15.591797843701347,0.9673776662484316
221501,38.4,IFA_54_17_2137.wav,44100,22-06-20 00:00,mosquito,ma uniformis,Female,f,Single,,LT,telinga,tascam,Tanzania,Kilombero District,Morogoro,Ifakara,cup,D:\VGU-27\Edge AI Project\data\audio\221501.wav,44100,1,PCM_24,38.4,0.0,d63a43dc107b032bf3bce392f58632c64e17f025064f3735574a470b2d8a1e0c,5131f123618e5625793b06d8e7b97fa25228c8b5723dde6e3321fc66a7672ff0,0.0703125,-45.826271197050104,2.5337335293885892e-05,0.0,0.00519120842781557,515.625,17.34724431729577,0.9516263552960801
221502,2.56,IFA_54_17_2137.wav,44100,22-06-20 00:00,mosquito,ma uniformis,Female,f,Single,,LT,telinga,tascam,Tanzania,Kilombero District,Morogoro,Ifakara,cup,D:\VGU-27\Edge AI Project\data\audio\221502.wav,44100,1,PCM_24,2.56,0.0,8476c08d27ee11eb4c8199e499f7240a6d651de892686a5bef98fed4a1a42796,779aa6483db6a65378ac575c9d03892b4973922335a7f765f8fdc0d00250d9b7,0.005584716796875,-56.25297965017025,-1.3060580575817567e-05,0.0,0.008388251133786847,1000.0,24.72888389565889,1.0
221520,28.1,IFA_54_18_2138.wav,44100,22-06-20 00:00,mosquito,an arabiensis,Female,f,Single,,LT,telinga,tascam,Tanzania,Kilombero District,Morogoro,Ifakara,cup,D:\VGU-27\Edge AI Project\data\audio\221520.wav,44100,1,PCM_24,28.1,0.0,7c4c9bada8754d2a95f6964fe8552ee732716090444fd901aca3f933e13b3dba,06ef5bd89e49bd3679f512551afbad9faa1049ab4e185bc488b24b50452a3411,0.056121826171875,-44.48285847689428,1.4080355101801248e-05,0.0,0.005476876397059417,484.375,19.37109973922749,0.9794754846066135
221521,35.78,IFA_54_19_2139.wav,44100,22-06-20 00:00,mosquito,an arabiensis,Female,f,Single,,LT,telinga,tascam,Tanzania,Kilombero District,Morogoro,Ifakara,cup,D:\VGU-27\Edge AI Project\data\audio\221521.wav,44100,1,PCM_24,35.78,0.0,db054950b4f745ac5cbd9b1fef31b4a8eaf37c55ba4dc45ec5f96cf3f5ad47f1,203ebace7d918ee751270b837503cf79f8f4f4051bece72f34b7fe25d2eaff64,0.040374755859375,-49.27796162260033,3.948388564371913e-05,0.0,0.008005587179906433,875.0,21.39652519835643,0.990152193375112
221493,33.22,IFA_54_23_2143.wav,44100,22-06-20 00:00,mosquito,ma uniformis,Female,f,Single,,LT,telinga,tascam,Tanzania,Kilombero District,Morogoro,Ifakara,cup,D:\VGU-27\Edge AI Project\data\audio\221493.wav,44100,1,PCM_24,33.22,0.0,158b16f46aa1a90cd9db2e838cfb8c3ef2742f7a266e15795280954defe917f7,b5e26ee31f1d4212eaaebc4136074877becd629ad5bca8fdbe6b382ace2ef473,0.04931640625,-46.78221685958492,1.764632279912203e-05,0.0,0.003528322828228221,406.25,20.850567735208244,0.9971070395371263
221499,30.66,IFA_54_25_2145.wav,44100,22-06-20 00:00,mosquito,culex pipiens complex,Female,f,Single,,LT,telinga,tascam,Tanzania,Kilombero District,Morogoro,Ifakara,cup,D:\VGU-27\Edge AI Project\data\audio\221499.wav,44100,1,PCM_24,30.66,0.0,a89646ec83b984e071ed0a4a908ac4a4479cabb6d3cbcf6648a8b644507b0002,4665be8b2cb5055e00a40371b9be10c9778d2fa9592c1e0979614206acea4d78,0.04156494140625,-44.83066148208654,1.436168323075724e-05,0.0,0.0034849338735276673,906.25,22.946379259326072,0.9989550679205852
221538,33.22,IFA_54_26_2146.wav,44100,22-06-20 00:00,mosquito,culex pipiens complex,Female,f,Single,,LT,telinga,tascam,Tanzania,Kilombero District,Morogoro,Ifakara,cup,D:\VGU-27\Edge AI Project\data\audio\221538.wav,44100,1,PCM_24,33.22,0.0,5b19b87327d629d402daeaf902990985bf3eeb5b5d1dc4d2d71bd2830b302a0c,83fa2077affcc6c8d20a19e59f9b8b823e95dadd188f0b5a0f70b7fdbc22e5e0,0.029266357421875,-48.480070580189896,5.1106812162201825e-05,0.0,0.003961086742543697,843.75,20.709008817750384,0.996142719382835
221518,33.28,IFA_54_27_2147.wav,44100,22-06-20 00:00,mosquito,culex pipiens complex,Female,f,Single,,LT,telinga,tascam,Tanzania,Kilombero District,Morogoro,Ifakara,cup,D:\VGU-27\Edge AI Project\data\audio\221518.wav,44100,1,PCM_24,33.28,0.0,145d575a4515a11c81d26b8dd7d86e5fc4f1a492d220ca473bc3e3d9c255fd13,5d60168cac8cc92f6909fa27274e6413146bad2ca3996c7144a15bcabf6c41ee,0.05438232421875,-45.40464550613419,-9.061236791579112e-06,0.0,0.004043203819989534,515.625,20.165213042991603,0.9971126082771896
221513,12.74,IFA_54_28_2148.wav,44100,22-06-20 00:00,mosquito,culex pipiens complex,Female,f,Single,,LT,telinga,tascam,Tanzania,Kilombero District,Morogoro,Ifakara,cup,D:\VGU-27\Edge AI Project\data\audio\221513.wav,44100,1,PCM_24,12.74,0.0,15e36c066af552340a81dbab9057de9530b69ce0bcef03ee4c0d46241c09fccd,dd0a222a5e0453a1c1b0f95811ad0fcea78cae08ce14b1a5fae433377b036623,0.050994873046875,-48.75975688771128,2.2151552959537427e-05,0.0,0.004807469822047081,890.625,20.111748893717017,0.9949622166246851
221512,15.36,IFA_54_28_2148.wav,44100,22-06-20 00:00,mosquito,culex pipiens complex,Female,f,Single,,LT,telinga,tascam,Tanzania,Kilombero District,Morogoro,Ifakara,cup,D:\VGU-27\Edge AI Project\data\audio\221512.wav,44100,1,PCM_24,15.36,0.0,f0ced81d171552341c70a38eaef4099335714ce05d89ee4bf3b365db53e07693,94a18d4cb3ac55dae911c846a725c7944b8bdb278dd60c8856a36dc5060f3d5a,0.0548095703125,-44.839684760659935,5.671420245123739e-05,0.0,0.004356516912320483,156.25,18.333062970540766,0.9937369519832986
221547,35.78,IFA_54_29_2149.wav,44100,22-06-20 00:00,mosquito,culex pipiens complex,Female,f,Single,,LT,telinga,tascam,Tanzania,Kilombero District,Morogoro,Ifakara,cup,D:\VGU-27\Edge AI Project\data\audio\221547.wav,44100,1,PCM_24,35.78,0.0,5e628c2d85226e8ef48befa06a04a1d91b12c399a085c5dac2fa6a141d808118,edf8581f6993fa208f8b4a6fe45442eafda8de84e63f5405ba60cafe773f1996,0.0345458984375,-46.65224804907386,4.1108171727909535e-05,0.0,0.0025052316436170144,156.25,18.780826650332447,0.981199641897941
221495,43.46,IFA_54_30_2150.wav,44100,22-06-20 00:00,mosquito,culex pipiens complex,Female,f,Single,,LT,telinga,tascam,Tanzania,Kilombero District,Morogoro,Ifakara,cup,D:\VGU-27\Edge AI Project\data\audio\221495.wav,44100,1,PCM_24,43.46,0.0,dc5703562dabace8c1c39cad75f3949ba69873356c122a7e5376f02f88943b74,3cceaa962b0db960ed2d5500cf237b10d78182bfe4f5dc896b7560d037b3f9fe,0.083984375,-45.316125921450194,3.1229633611251006e-05,0.0,0.0031305665386264954,562.5,16.85214387866953,0.9690493736182756
221613,33.22,IFA_54_31_2151.wav,44100,23-06-20 00:00,mosquito,an arabiensis,Female,f,Single,,LT,telinga,tascam,Tanzania,Kilombero District,Morogoro,Ifakara,cup,D:\VGU-27\Edge AI Project\data\audio\221613.wav,44100,1,PCM_24,33.22,0.0,70a5cde9ee8c580541d2c6ae666e10ea942b75ef3ceb6f78c62d8d422ccc9880,66851d8f055cfdb471de36439fc220aa8d99c0526d599a55fe9c5b098ddbc1e0,0.064849853515625,-45.77241142674402,1.222272122164765e-05,0.0,0.004010916026053207,578.125,19.416148106229482,0.9787849566055931
221614,35.78,IFA_54_32_2152.wav,44100,23-06-20 00:00,mosquito,an arabiensis,Female,f,Single,,LT,telinga,tascam,Tanzania,Kilombero District,Morogoro,Ifakara,cup,D:\VGU-27\Edge AI Project\data\audio\221614.wav,44100,1,PCM_24,35.78,0.0,846ca8a36dbe68c127cfaa0f04e3df11980d83c9658cd53171ac0129cc60382b,9a05142681d5a72778b9d17c6801aeaadba5975a54482066ad32abd6b173980b,0.12591552734375,-42.057891553299385,-7.599194101157442e-06,0.0,0.0037068302260348895,156.25,17.301201264650366,0.9847806624888094
221617,7.68,IFA_54_33_2153.wav,44100,23-06-20 00:00,mosquito,an arabiensis,Female,f,Single,,LT,telinga,tascam,Tanzania,Kilombero District,Morogoro,Ifakara,cup,D:\VGU-27\Edge AI Project\data\audio\221617.wav,44100,1,PCM_24,7.68,0.0,db9c55d77adbe42ec3e5d9dee32f0c265e155a9fd1187a3331aedc9fb540e7f4,520e8e7e829c6cadff73e97df1abd894b1d30abf6c771b39adbd9feba1304075,0.158294677734375,-35.866083091119954,5.581634835771603e-05,0.0,0.00248015873015873,500.0,16.53002293177021,0.9748953974895398
221618,30.72,IFA_54_33_2153.wav,44100,23-06-20 00:00,mosquito,an arabiensis,Female,f,Single,,LT,telinga,tascam,Tanzania,Kilombero District,Morogoro,Ifakara,cup,D:\VGU-27\Edge AI Project\data\audio\221618.wav,44100,1,PCM_24,30.72,0.0,d2c0d3119923e9c323c4b8503e8faebfd76703e24f7efa670f6a1e595d3a6c10,05ce7b74f07998652c5fc1bf472ade8443450476b2bd4e5eb7d30a0cca812a04,0.108123779296875,-39.27376084167782,-2.076183407034553e-06,0.0,0.003360024565381708,156.25,18.24003151193671,0.9895724713242962
221637,35.78,IFA_54_34_2154.wav,44100,23-06-20 00:00,mosquito,an arabiensis,Female,f,Single,,LT,telinga,tascam,Tanzania,Kilombero District,Morogoro,Ifakara,cup,D:\VGU-27\Edge AI Project\data\audio\221637.wav,44100,1,PCM_24,35.78,0.0,5ac94c5f58b186ac00c4a00f6154747cbbf31f85f7d619512f92aaa6bdcc5cbe,1e234579454c6b3c57b22e42f199df48e61eb4485d1daf44192a59b3f6ffb809,0.03729248046875,-49.55735670932334,1.0110500566606253e-05,0.0,0.0061074923727642725,968.75,21.811627679934077,0.999104744852283
221606,38.34,IFA_54_37_2157.wav,44100,23-06-20 00:00,mosquito,an arabiensis,Female,f,Single,,LT,telinga,tascam,Tanzania,Kilombero District,Morogoro,Ifakara,cup,D:\VGU-27\Edge AI Project\data\audio\221606.wav,44100,1,PCM_24,38.34,0.0,f112134252f4e098bf61b2a63b6dc4d1c36bc663db627b604c2cbf8416e4c2fc,9e79025ef34c07373676c6f7bdf8d62bc4fd22fe4815036732672f4b45401dd7,0.07275390625,-41.85844870848644,3.507649595766841e-05,0.0,0.003775149426837332,500.0,18.17959017017435,0.9849624060150376
221610,2.5,IFA_54_38_2158.wav,44100,23-06-20 00:00,mosquito,an arabiensis,Female,f,Single,,LT,telinga,tascam,Tanzania,Kilombero District,Morogoro,Ifakara,cup,D:\VGU-27\Edge AI Project\data\audio\221610.wav,44100,1,PCM_24,2.5,0.0,c00b6b5d9162f7d688cf8f29e004950ac32df60f03f9cc2f309b129ce9f71fcc,807f4730a771c70c383afc8f7e29b2cffa2f3069a8ff248a1a87d52c1639cee0,0.010009765625,-52.07461100130676,0.00017095075334821428,0.0,0.006077097505668934,890.625,18.89954801109742,0.987012987012987
221609,20.48,IFA_54_38_2158.wav,44100,23-06-20 00:00,mosquito,an arabiensis,Female,f,Single,,LT,telinga,tascam,Tanzania,Kilombero District,Morogoro,Ifakara,cup,D:\VGU-27\Edge AI Project\data\audio\221609.wav,44100,1,PCM_24,20.48,0.0,7f77465ad22970e945a96889c87b1ee7709d10932264bf3fddf9dd5ed1aad869,c70fc756cf9b3d2c71cc7fb4537fedd35e3e1b39535548ae39f5d1e7405b1cb4,0.049896240234375,-42.14377444194287,4.092531274505754e-05,0.0,0.0031201282596371883,156.25,17.881807517886152,0.9906103286384976
221588,35.78,IFA_55_10_2170.wav,44100,23-06-20 00:00,mosquito,culex pipiens complex,Female,f,Single,,LT,telinga,tascam,Tanzania,Kilombero District,Morogoro,Ifakara,cup,D:\VGU-27\Edge AI Project\data\audio\221588.wav,44100,1,PCM_24,35.78,0.0,fbc6f71419b6c4846597b02f06c0c97fc8100f2f90bbf6ee6360a05e1131ab9a,c817d90813f133b833fc9ad6627ae785ea2548b0c153512eeb9751646cc3677d,0.032989501953125,-50.327690562265026,2.1260039049230764e-05,0.0,0.006267832267991974,984.375,20.94255114363343,0.9838854073410922
221633,25.54,IFA_55_11_2171.wav,44100,23-06-20 00:00,mosquito,culex pipiens complex,Female,f,Single,,LT,telinga,tascam,Tanzania,Kilombero District,Morogoro,Ifakara,cup,D:\VGU-27\Edge AI Project\data\audio\221633.wav,44100,1,PCM_24,25.54,0.0,4a83d6b19b9d7ec3c2574207087695a52c488515dcb1b7f1e509bd5d28b7195a,4d5910e0e4e694ec10d0d1797c121f9672cee1e0fa01be0ca8d618253664c2cf,0.095458984375,-42.713095157971075,6.560804861865785e-05,0.0,0.004936456441099019,1000.0,22.318841522027995,0.9974905897114178
221555,10.24,IFA_55_12_2172.wav,44100,23-06-20 00:00,mosquito,culex pipiens complex,Female,f,Single,,LT,telinga,tascam,Tanzania,Kilombero District,Morogoro,Ifakara,cup,D:\VGU-27\Edge AI Project\data\audio\221555.wav,44100,1,PCM_24,10.23997732426304,-2.2675736961019766e-05,15211633103be83c0043758b9184a4068ea74d9895aec9eeb80b2c65e3694731,570bc00c326f97fff51e2eb27e39dfe277eae707cfc613a02d717edfb13f052d,0.19207763671875,-41.13910239463519,2.179568277471279e-05,0.0,0.003011627984224384,234.375,19.44339236218247,0.9937304075235109
221556,10.18,IFA_55_12_2172.wav,44100,23-06-20 00:00,mosquito,culex pipiens complex,Female,f,Single,,LT,telinga,tascam,Tanzania,Kilombero District,Morogoro,Ifakara,cup,D:\VGU-27\Edge AI Project\data\audio\221556.wav,44100,1,PCM_24,10.18,0.0,f1dc2b7da2cb865bbb0c4eba1e7be7f3d078b6cf32ec7e84003f0b16ac6c81f8,420b148c924755001f19814a323400ae884c19dbacbe13829f69c1d4a85a8882,0.158477783203125,-37.98881090820015,8.43913293358437e-05,0.0,0.003100650869385082,953.125,18.254386214843784,0.9936908517350158
221562,28.1,IFA_55_14_2174.wav,44100,23-06-20 00:00,mosquito,an arabiensis,Female,f,Single,,LT,telinga,tascam,Tanzania,Kilombero District,Morogoro,Ifakara,cup,D:\VGU-27\Edge AI Project\data\audio\221562.wav,44100,1,PCM_24,28.1,0.0,18e1edbb1c37b6497c4ef1f411c02ff44f260efd2caf0f4e08df73f51a0408ee,05f3f9102f8977e28649e028dbb570012b5ce5a4457002fa8460505112e10891,0.067230224609375,-47.71949473064875,-1.9443667818736332e-05,0.0,0.0063863267727019635,531.25,18.16445490893281,0.984036488027366
221579,35.84,IFA_55_15_2175.wav,44100,23-06-20 00:00,mosquito,culex pipiens complex,Female,f,Single,,LT,telinga,tascam,Tanzania,Kilombero District,Morogoro,Ifakara,cup,D:\VGU-27\Edge AI Project\data\audio\221579.wav,44100,1,PCM_24,35.84,0.0,a00dbf6f2ce522ed43b41c4e5f25b3a93cc56d49b481cd08e997924c45291389,ed7ffbf47f0237a854a3c1dfdc59c4db8f7497cda4b2d6d5c9455ecd07bd6ab1,0.05975341796875,-49.36831560883896,3.170248834222584e-05,0.0,0.005837230725623583,500.0,16.931870183491718,0.9830205540661304
221590,20.48,IFA_55_16_2176.wav,44100,23-06-20 00:00,mosquito,an arabiensis,Female,f,Single,,LT,telinga,tascam,Tanzania,Kilombero District,Morogoro,Ifakara,cup,D:\VGU-27\Edge AI Project\data\audio\221590.wav,44100,1,PCM_24,20.48,0.0,680ec11d5dd06d3d8b7940ac594b4355e230e78e04a8f1940e756420796bb0d1,f3762e984e2bf598dd62105a8f5958ed03d000badd9ce3fbe732c666b94785bf,0.09674072265625,-41.78542482695508,2.5368128774387765e-05,0.0,0.004700122236394558,859.375,18.83160641685711,0.9812206572769953
221591,2.5,IFA_55_16_2176.wav,44100,23-06-20 00:00,mosquito,an arabiensis,Female,f,Single,,LT,telinga,tascam,Tanzania,Kilombero District,Morogoro,Ifakara,cup,D:\VGU-27\Edge AI Project\data\audio\221591.wav,44100,1,PCM_24,2.5,0.0,c381c844c2ccb1a066a529ee3790ee496af18c5afdc14bb650ce6d784d99aa81,351013e23632ea0b7b9cc09c4f04613bfd1ff5fbe05a78f23a96f597216ce78c,0.008270263671875,-52.425567101138526,4.7165089994331065e-05,0.0,0.005950113378684807,421.875,13.643011769202758,0.935064935064935
221560,15.36,IFA_55_17_2177.wav,44100,23-06-20 00:00,mosquito,culex pipiens complex,Female,f,Single,,LT,telinga,tascam,Tanzania,Kilombero District,Morogoro,Ifakara,cup,D:\VGU-27\Edge AI Project\data\audio\221560.wav,44100,1,PCM_24,15.36,0.0,d0e9a64ed1b932a0beffa496b1b1a3aeb7952226dbc6275b795d4e984ebe589f,0588fe1c3cced01202bf2c907f6c51e7a8285db0cd90b769bc54aea794477a57,0.058258056640625,-43.15460243251289,-1.17118846982695e-06,0.0,0.0044923351284958425,875.0,18.012374429016017,0.9728601252609603
221561,10.24,IFA_55_17_2177.wav,44100,23-06-20 00:00,mosquito,culex pipiens complex,Female,f,Single,,LT,telinga,tascam,Tanzania,Kilombero District,Morogoro,Ifakara,cup,D:\VGU-27\Edge AI Project\data\audio\221561.wav,44100,1,PCM_24,10.24,0.0,3a6b39a6152bbf157473db15b37c6900c505916c05ace63bf8694afc4d45358d,5f71521a6a51b5875d05e149082bbbef598f667f6ef1a53f18bf848e2d158ad9,0.07958984375,-42.43941950442053,6.23549058053499e-05,0.0,0.004650297619047619,859.375,17.176793199205925,0.9592476489028213
221612,10.24,IFA_55_19_2179.wav,44100,23-06-20 00:00,mosquito,culex pipiens complex,Female,f,Single,,LT,telinga,tascam,Tanzania,Kilombero District,Morogoro,Ifakara,cup,D:\VGU-27\Edge AI Project\data\audio\221612.wav,44100,1,PCM_24,10.23997732426304,-2.2675736961019766e-05,3df85185cb72a75cd0a2f38a7d4f3d31a3f4f75248a44c714c2d32d4171d05d1,a2c203203edde4a0427f0996663e88de6dec15f9cef177cc26d7db0dab6185c9,0.063812255859375,-43.26438476821663,1.8065788847232955e-05,0.0,0.004446580141413649,156.25,17.32448182536327,0.9937304075235109
221611,10.24,IFA_55_19_2179.wav,44100,23-06-20 00:00,mosquito,culex pipiens complex,Female,f,Single,,LT,telinga,tascam,Tanzania,Kilombero District,Morogoro,Ifakara,cup,D:\VGU-27\Edge AI Project\data\audio\221611.wav,44100,1,PCM_24,10.24,0.0,f94be086e1d6338f4001cfdf1d2517714120ac10b22453ac7c377783e9dd6f6b,90560467947d3c5ecdae4c57c1b103f0387b20a3104f5c7f06f545672a236dee,0.05108642578125,-45.895995953969155,3.588868647205586e-05,0.0,0.004349135487528345,468.75,20.25195150072316,1.0
221602,10.24,IFA_55_20_2180.wav,44100,23-06-20 00:00,mosquito,an arabiensis,Female,f,Single,,LT,telinga,tascam,Tanzania,Kilombero District,Morogoro,Ifakara,cup,D:\VGU-27\Edge AI Project\data\audio\221602.wav,44100,1,PCM_24,10.24,0.0,e598b6420a312cc69e9f310100cc02af28a8aea586d0f03ddf3715580e452d82,124abac12fc4e2c54c6d50668b3fe4ebcb057b087a0aadcb102e0a9d1b24d36a,0.033447265625,-49.684628870986174,4.642830143710113e-05,0.0,0.005172902494331066,796.875,19.13376575590511,0.9937304075235109
221601,38.34,IFA_55_22_2182.wav,44100,23-06-20 00:00,mosquito,culex pipiens complex,Female,f,Single,,LT,telinga,tascam,Tanzania,Kilombero District,Morogoro,Ifakara,cup,D:\VGU-27\Edge AI Project\data\audio\221601.wav,44100,1,PCM_24,38.33997732426304,-2.267573696457248e-05,4c1a83941110e770458f9eb18bd71757086a16e5eb0334c3d5b379b937e5ae77,b616784e1036da63d40ad044c804ed4da7a484ae067d6fcf1a21f94e55266d6c,0.074554443359375,-44.47475088790939,2.4007098406219374e-05,0.0,0.004162543847768473,484.375,19.42087756015021,0.9966583124477861
221571,7.68,IFA_55_24_2184.wav,44100,23-06-20 00:00,mosquito,culex pipiens complex,Female,f,Single,,LT,telinga,tascam,Tanzania,Kilombero District,Morogoro,Ifakara,cup,D:\VGU-27\Edge AI Project\data\audio\221571.wav,44100,1,PCM_24,7.68,0.0,5488455d099942318354b0a43e78eb49c49399365c5ae81d24c7d4d2f492761b,e7e271f2263441d1845da07121d22f6406325d78425dfade269d5bcd19bca10e,0.074798583984375,-46.60657434276757,5.649258850743531e-05,0.0,0.0052791950113378686,156.25,18.17245856461756,0.99581589958159
221572,20.48,IFA_55_24_2184.wav,44100,23-06-20 00:00,mosquito,culex pipiens complex,Female,f,Single,,LT,telinga,tascam,Tanzania,Kilombero District,Morogoro,Ifakara,cup,D:\VGU-27\Edge AI Project\data\audio\221572.wav,44100,1,PCM_24,20.48,0.0,b46626257c146d55377863549fa8a1ae21513e56484343164a3cb84b01ecb6d7,542edaa0ad1063b16f3088bef87f72701c4dbf64273f4916b2b5a52aaa3866af,0.063995361328125,-43.15446185565432,4.343141098411716e-05,0.0,0.004002577593537415,156.25,19.812807873029186,0.9937402190923318
221616,5.06,IFA_55_25_2185.wav,44100,23-06-20 00:00,mosquito,culex pipiens complex,Female,f,Single,,LT,telinga,tascam,Tanzania,Kilombero District,Morogoro,Ifakara,cup,D:\VGU-27\Edge AI Project\data\audio\221616.wav,44100,1,PCM_24,5.059977324263039,-2.2675736961019766e-05,887a7ba28d3d1d02f8cd78af6e057ccd066fb68d7d43576af5cc8f5ed704e2b9,66c87ccb5446f2e1c70440e58394be57e90a4cadb0fe5f48a867630af75d4cda,0.01434326171875,-51.217091210172406,7.568392197688163e-05,0.0,0.0041318425239194245,156.25,16.474251875022762,0.9681528662420382
221615,7.68,IFA_55_25_2185.wav,44100,23-06-20 00:00,mosquito,culex pipiens complex,Female,f,Single,,LT,telinga,tascam,Tanzania,Kilombero District,Morogoro,Ifakara,cup,D:\VGU-27\Edge AI Project\data\audio\221615.wav,44100,1,PCM_24,7.68,0.0,4f48ce49e27af3265a59ded328599318815e37e66fb285f10fd99e533adfa01b,660aaca3261703d95d7942c6d0317c347b053da6f2a48b03bf90398116a61bc1,0.03533935546875,-47.54208448281829,-2.3114978591330737e-05,0.0,0.004490858843537415,156.25,17.274781857047316,0.9832635983263598
221559,5.06,IFA_55_26_2186.wav,44100,23-06-20 00:00,mosquito,culex pipiens complex,Female,f,Single,,LT,telinga,tascam,Tanzania,Kilombero District,Morogoro,Ifakara,cup,D:\VGU-27\Edge AI Project\data\audio\221559.wav,44100,1,PCM_24,5.06,0.0,5fd36876d6c179bc31d3f10bf9934a429bc7274be35c875b9ce8bcc073e1c40d,269ad3e13cfffdd7e786fd2d26540f576f2e5f76378ac85cc509724ddbc9981b,0.028350830078125,-49.20069039360506,2.9691954456457318e-05,0.0,0.004960877631685085,156.25,16.657795229692688,0.9426751592356688
221558,5.12,IFA_55_26_2186.wav,44100,23-06-20 00:00,mosquito,culex pipiens complex,Female,f,Single,,LT,telinga,tascam,Tanzania,Kilombero District,Morogoro,Ifakara,cup,D:\VGU-27\Edge AI Project\data\audio\221558.wav,44100,1,PCM_24,5.12,0.0,7d72c98635cdaaa17454d52094e9f8b69996f1ddb954ce4d8bb2ea24030d1b0a,aa82f816c91a636c3c9827ee406ae65e053eb4d6a4359d627ae51b20767c3fce,0.01568603515625,-51.0979002227933,1.2493052450167079e-05,0.0,0.005053323412698413,156.25,19.273942278403037,1.0
221573,25.54,IFA_55_29_2189.wav,44100,23-06-20 00:00,mosquito,an arabiensis,Male,f,Single,,LT,telinga,tascam,Tanzania,Kilombero District,Morogoro,Ifakara,cup,D:\VGU-27\Edge AI Project\data\audio\221573.wav,44100,1,PCM_24,25.54,0.0,b9900393f4a79b6f2a396287b1b90ee05ba91863cb5f3602ad251981d0cfda72,24dc49ac6c68a209bad00b818d6a953acd305920464d3a7add962cfbaa119778,0.03717041015625,-46.95914228890517,2.4955850481568083e-05,0.0,0.004180894493009942,796.875,19.61075736316453,0.9887076537013801
221626,5.12,IFA_55_30_2190.wav,44100,23-06-20 00:00,mosquito,an arabiensis,Male,f,Single,,LT,telinga,tascam,Tanzania,Kilombero District,Morogoro,Ifakara,cup,D:\VGU-27\Edge AI Project\data\audio\221626.wav,44100,1,PCM_24,5.12,0.0,566054ae6b1a1e45bf32c785a7cffa91daefbd585b45ed9c6540dab662e949aa,341403646604ca352687e90310f16125f378936b241ea9ce0a977c2622ff91ab,0.011383056640625,-52.83136183031132,5.567992895909177e-05,0.0,0.0057752267573696146,750.0,15.364402638385872,0.9685534591194969
221627,17.86,IFA_55_30_2190.wav,44100,23-06-20 00:00,mosquito,an arabiensis,Male,f,Single,,LT,telinga,tascam,Tanzania,Kilombero District,Morogoro,Ifakara,cup,D:\VGU-27\Edge AI Project\data\audio\221627.wav,44100,1,PCM_24,17.86,0.0,418797b85e408a55005de18d996a4c5236bbb96dfc0356a833075fc187a4a965,da3fdbd537ef1082e70db60b975b4f6384ad7facb73998a70339f1d999604ae2,0.0269775390625,-48.0777357701168,-5.264302180897088e-06,0.0,0.004085695495069995,937.5,16.8554318014858,0.9838420107719928
221625,12.8,IFA_55_30_2190.wav,44100,23-06-20 00:00,mosquito,an arabiensis,Male,f,Single,,LT,telinga,tascam,Tanzania,Kilombero District,Morogoro,Ifakara,cup,D:\VGU-27\Edge AI Project\data\audio\221625.wav,44100,1,PCM_24,12.8,0.0,bab86c7f8d1a81e1b797a27b25672146da25ec1973eb17a680ee7138fd860250,fd4c8eb62aae57fd5a8f6955623dcc156ea32d5c125a6984194c833e38055661,0.034393310546875,-48.10975407419993,2.26178677444285e-06,0.0,0.004637896825396825,859.375,22.386124367086015,1.0
221580,7.62,IFA_55_31_2191.wav,44100,23-06-20 00:00,mosquito,culex pipiens complex,Female,f,Single,,LT,telinga,tascam,Tanzania,Kilombero District,Morogoro,Ifakara,cup,D:\VGU-27\Edge AI Project\data\audio\221580.wav,44100,1,PCM_24,7.62,0.0,4372d48422aea758a9d03ce852121c03dca0ca1ca1dd17f4b16716b5960f214d,ca69fa534373581ca5a9cf97ba4ce7f6b441607f56846c2d327720cb89286877,0.07330322265625,-38.985211014197986,9.054750564684808e-05,0.0,0.004053064795471994,156.25,17.73668007106328,0.9915611814345991
221565,25.54,IFA_55_33_2193.wav,44100,23-06-20 00:00,mosquito,culex pipiens complex,Female,f,Single,,LT,telinga,tascam,Tanzania,Kilombero District,Morogoro,Ifakara,cup,D:\VGU-27\Edge AI Project\data\audio\221565.wav,44100,1,PCM_24,25.54,0.0,2b00783ebbddc822111db09e9043826c66d95082281f54f5752c957a677979e1,399c8f7aabc136c2145544299d940425c63f4464540d3621086f79e225b46c79,0.026580810546875,-48.89153792858255,-1.5279137474374377e-05,0.0,0.004627483987591382,500.0,20.31487133962326,0.998745294855709
221563,10.24,IFA_55_37_2197.wav,44100,23-06-20 00:00,mosquito,ma uniformis,Female,f,Single,,LT,telinga,tascam,Tanzania,Kilombero District,Morogoro,Ifakara,cup,D:\VGU-27\Edge AI Project\data\audio\221563.wav,44100,1,PCM_24,10.24,0.0,da70c62d392f98d3c0c5460da3ca96ac819b82c39278e79fdfa42964e9146ab2,ba424d174b47eab69e90b6870994c00668f7b8e4864dba0c0add55cb6b53b7b0,0.065673828125,-40.42411489656074,6.236646180790838e-05,0.0,0.002641811933106576,765.625,18.05041788577939,0.9968652037617555
221608,2.56,IFA_55_38_2198.wav,44100,23-06-20 00:00,mosquito,ma uniformis,Female,f,Single,,LT,telinga,tascam,Tanzania,Kilombero District,Morogoro,Ifakara,cup,D:\VGU-27\Edge AI Project\data\audio\221608.wav,44100,1,PCM_24,2.5599773242630386,-2.2675736961463855e-05,2274e8855980f467a929434ecb55d28912dfa567f30b81da77819552e55a0c61,75492f31778c45124500c833a9697152e20652ecbb937ce083bee971cef14e29,0.055084228515625,-41.35658218216677,-0.0001097419083585688,0.0,0.00343682182559015,750.0,20.916788441523938,0.9873417721518988
221607,2.56,IFA_55_38_2198.wav,44100,23-06-20 00:00,mosquito,ma uniformis,Female,f,Single,,LT,telinga,tascam,Tanzania,Kilombero District,Morogoro,Ifakara,cup,D:\VGU-27\Edge AI Project\data\audio\221607.wav,44100,1,PCM_24,2.5599773242630386,-2.2675736961463855e-05,0c166f28d0d3131ae962cef5684c73fea6d26083a0ff0232ec8c172d0ee0d8ee,ae1f341684c2c30c975991e79a32f3edad05e085f36d617ea3b4b63342131172,0.0167236328125,-49.14618797834801,0.0003698077920509655,0.0,0.004048009212099739,750.0,25.00226990130026,1.0
221582,33.22,IFA_55_40_2200.wav,44100,23-06-20 00:00,mosquito,culex pipiens complex,Female,f,Single,,LT,telinga,tascam,Tanzania,Kilombero District,Morogoro,Ifakara,cup,D:\VGU-27\Edge AI Project\data\audio\221582.wav,44100,1,PCM_24,33.22,0.0,2583b13eff908a257245a7b77bd9aa59f73cd51c71b626e9ba004128e923a8e4,efd2706455046bef49b6b9a8ee9a2f073108f4277bba0f44b3b65a7e278637f1,0.063140869140625,-45.401458042899456,4.715373922057786e-05,0.0,0.004589754826273274,484.375,20.126673611339058,0.9903567984570878
221592,23.04,IFA_56_13_2213.wav,44100,23-06-20 00:00,mosquito,culex pipiens complex,Female,f,Single,,LT,telinga,tascam,Tanzania,Kilombero District,Morogoro,Ifakara,cup,D:\VGU-27\Edge AI Project\data\audio\221592.wav,44100,1,PCM_24,23.04,0.0,3c9b9980e73aa17f8430c27f28455da6833eba3acc92877643767b282a53bb62,2259c1dd9ec4e55fbaed5806eccf874061c294d65dfea13f6fe5f10ca2cbd294,0.115264892578125,-43.58309896980775,3.1276354714045446e-05,0.0,0.0055213057445200305,531.25,22.347105213210977,0.9972183588317107
221587,30.72,IFA_56_15_2215.wav,44100,23-06-20 00:00,mosquito,culex pipiens complex,Female,f,Single,,LT,telinga,tascam,Tanzania,Kilombero District,Morogoro,Ifakara,cup,D:\VGU-27\Edge AI Project\data\audio\221587.wav,44100,1,PCM_24,30.72,0.0,2bd42b88c7756f52d3e05c822e83dfc1fd02ff2f0c9c668e01b57aa9da37f4c6,bc3996acc4117d683c42126a304b9f1efcb2d98b7f50f02db74bbd3d97c220f4,0.053924560546875,-47.6827667860977,3.698269976690153e-05,0.0,0.005664505385487528,500.0,21.885445063074997,0.9968717413972888
221581,28.16,IFA_56_16_2216.wav,44100,23-06-20 00:00,mosquito,culex pipiens complex,Female,f,Single,,LT,telinga,tascam,Tanzania,Kilombero District,Morogoro,Ifakara,cup,D:\VGU-27\Edge AI Project\data\audio\221581.wav,44100,1,PCM_24,28.16,0.0,be8e9d60c5977474a74e66343ba4a08c3e35cefe494fccdbaf44525e7d75bcb4,9f7fb49e74fe8d7ccd84044eb1a3993987517a6d3000af77d460d283ee2638d4,0.0537109375,-48.273111086908926,3.4486674888923814e-05,0.0,0.006379161513090085,156.25,20.077263270768675,0.9954493742889647
221557,5.12,IFA_56_18_2218.wav,44100,23-06-20 00:00,mosquito,culex pipiens complex,Female,f,Single,,LT,telinga,tascam,Tanzania,Kilombero District,Morogoro,Ifakara,cup,D:\VGU-27\Edge AI Project\data\audio\221557.wav,44100,1,PCM_24,5.12,0.0,769b083cf33729d97a442e28097979e29d7dd698788659f23b8b788f2becdc65,f3efe6737be8c6c016c3fd41d56788fe006579222eafb52bb1f9183cb443a8c1,0.061798095703125,-42.07164729586143,-2.6804519618719884e-06,0.0,0.004809736394557823,156.25,19.881713192837044,1.0
221605,5.12,IFA_56_19_2219.wav,44100,23-06-20 00:00,mosquito,culex pipiens complex,Female,f,Single,,LT,telinga,tascam,Tanzania,Kilombero District,Morogoro,Ifakara,cup,D:\VGU-27\Edge AI Project\data\audio\221605.wav,44100,1,PCM_24,5.12,0.0,108bd442272b70baafd74879224c28afe894b88353417a15030b5ceeb78c678b,c3a77ce4b22f64119dcfa9364e9bb30b219204b587ea2d09bf4aff187c89f5e7,0.066253662109375,-41.53378112707263,6.85330421205551e-05,0.0,0.004986890589569161,156.25,19.49297705193404,1.0
221552,7.68,IFA_56_21_2221.wav,44100,23-06-20 00:00,mosquito,culex pipiens complex,Female,f,Single,,LT,telinga,tascam,Tanzania,Kilombero District,Morogoro,Ifakara,cup,D:\VGU-27\Edge AI Project\data\audio\221552.wav,44100,1,PCM_24,7.68,0.0,dd94be002203f735dd862b7f0263e56f935572bb3b2354d31b08684575cf8c90,efebffc7d6aedf3ed68a2fbcf03cbc92b5ec15b82d21fd4a733f6a23b1bb0e96,0.052337646484375,-45.7279538506759,2.6570335987924357e-05,0.0,0.00633916761148904,640.625,18.089115478177927,0.9916317991631799
221619,25.54,IFA_56_27_2227.wav,44100,23-06-20 00:00,mosquito,culex pipiens complex,Female,f,Single,,LT,telinga,tascam,Tanzania,Kilombero District,Morogoro,Ifakara,cup,D:\VGU-27\Edge AI Project\data\audio\221619.wav,44100,1,PCM_24,25.54,0.0,659762eb9c8ba02269d886b8da1eaa6799cb4ab7bc8e4fdc903645520c7458b9,518f2da5cd6a82aa0840ff6c7fe712cf71b39929240db7cc7c0674b01d3721d4,0.081390380859375,-42.170499238696955,2.534135940853028e-05,0.0,0.0017854701264478645,500.0,16.696469624294323,0.986198243412798
221570,33.22,IFA_56_28_2228.wav,44100,23-06-20 00:00,mosquito,culex pipiens complex,Female,f,Single,,LT,telinga,tascam,Tanzania,Kilombero District,Morogoro,Ifakara,cup,D:\VGU-27\Edge AI Project\data\audio\221570.wav,44100,1,PCM_24,33.22,0.0,a7be7a19b4445a03572a187cace2159c87f0813d715423643e1b1571158ba23d,8ff5188f4e7fd6434467b2a0cfd2e085456c19e039dccf08aee7506a3e7d0311,0.051971435546875,-45.299578078923815,1.33060625194539e-05,0.0,0.0020778128630541117,875.0,20.779132306554715,0.973963355834137
221594,28.1,IFA_56_29_2229.wav,44100,23-06-20 00:00,mosquito,culex pipiens complex,Female,f,Single,,LT,telinga,tascam,Tanzania,Kilombero District,Morogoro,Ifakara,cup,D:\VGU-27\Edge AI Project\data\audio\221594.wav,44100,1,PCM_24,28.1,0.0,3e38239d5edc279acb4c910d68cd6d36954bc33aa59e1474d2b82dff2e7d9660,978f412c6782ba6c530b7a217b797fe3e11304878cb9ac2b32ebc23ecda9c305,0.056884765625,-47.229620952426785,1.2207942435667179e-05,0.0,0.004693312675010692,875.0,19.87741205376613,0.992018244013683
221593,7.68,IFA_56_29_2229.wav,44100,23-06-20 00:00,mosquito,culex pipiens complex,Female,f,Single,,LT,telinga,tascam,Tanzania,Kilombero District,Morogoro,Ifakara,cup,D:\VGU-27\Edge AI Project\data\audio\221593.wav,44100,1,PCM_24,7.68,0.0,e1f3128165a84f0eb3f41092bae30ae558cfd697be05d986d1b637e21bd29a76,f51da5b9110bbce81f362b6758510946b36d3c21a44e4a74f27f6f4a637fc2f2,0.018646240234375,-51.52721342676739,4.8694877307341125e-05,0.0,0.005692554799697657,437.5,18.287642943176735,0.99581589958159
221667,25.6,IFA_56_32_2232.wav,44100,28-06-20 00:00,mosquito,culex pipiens complex,Female,f,Single,,LT,telinga,tascam,Tanzania,Kilombero District,Morogoro,Ifakara,cup,D:\VGU-27\Edge AI Project\data\audio\221667.wav,44100,1,PCM_24,25.6,0.0,25f1c2e65ec6e4628b3860ac455143ee7ce038c44592cd1a5d3cb39984b6050e,2fc8c6b9711c0607bd3f276bf85151da101466ead36a40ecd60962c617c8d32b,0.5064697265625,-24.606887238372167,2.3203939537342445e-05,0.0,0.0006669855442176871,1000.0,18.08677717345667,0.9937421777221527
221668,7.68,IFA_56_32_2232.wav,44100,28-06-20 00:00,mosquito,culex pipiens complex,Female,f,Single,,LT,telinga,tascam,Tanzania,Kilombero District,Morogoro,Ifakara,cup,D:\VGU-27\Edge AI Project\data\audio\221668.wav,44100,1,PCM_24,7.68,0.0,bd8a901573c00990402a405d1a2dfcd4a49b1c46e304a502ef2098aff2c1add1,9c37725bfa2204131a6ba35ac44a76a8a37aabf7cf933766820ff9385f66cea1,0.285064697265625,-33.07987172474399,0.00021918821947554791,0.0,0.0009093915343915343,156.25,17.08575569325348,0.9790794979079498
221646,35.78,IFA_56_40_2240.wav,44100,28-06-20 00:00,mosquito,an arabiensis,Female,f,Single,,LT,telinga,tascam,Tanzania,Kilombero District,Morogoro,Ifakara,cup,D:\VGU-27\Edge AI Project\data\audio\221646.wav,44100,1,PCM_24,35.78,0.0,d13b92b2c7be944c8168a47d33bf2d565903c8ee2ace0b7136e52b7b84ff1f24,feca0884d17c4654c53e2543b7df502ce835c37f713ffe65afce81d9a8b570c5,0.037017822265625,-48.35331997970613,3.456753026192718e-05,0.0,0.005243051198493185,906.25,22.22224049953189,1.0
221675,38.34,IFA_57_10_2250.wav,44100,28-06-20 00:00,mosquito,an arabiensis,Female,f,Single,,LT,telinga,tascam,Tanzania,Kilombero District,Morogoro,Ifakara,cup,D:\VGU-27\Edge AI Project\data\audio\221675.wav,44100,1,PCM_24,38.34,0.0,9166bf2a2b6d2bcc857f568cf0246de685a891b2640ce4ef7da87db2a18b6c0e,46f487ec5939ac644518933a25707716e572d768c75d46dacf95251e935439cf,0.08642578125,-47.4808447045052,3.1850317329877634e-05,0.0,0.004887644503115104,937.5,25.712072414538916,0.9866332497911445
221652,25.6,IFA_57_12_2252.wav,44100,28-06-20 00:00,mosquito,culex pipiens complex,Female,f,Single,,LT,telinga,tascam,Tanzania,Kilombero District,Morogoro,Ifakara,cup,D:\VGU-27\Edge AI Project\data\audio\221652.wav,44100,1,PCM_24,25.6,0.0,215fef8573a7aba58e77a642605ce93480023e9478dbb17ad2d2b38d936bf89b,1b4e3c9b6be0f6ded9c875a0e8148456e6e6f1b31e48f6cefbadc7a4c8d51bb8,0.0615234375,-42.64213392874769,4.522792336081161e-05,0.0,0.003447420634920635,921.875,20.779677458478403,0.9924906132665833
221684,10.24,IFA_57_16_2256.wav,44100,28-06-20 00:00,mosquito,an arabiensis,Female,f,Single,,LT,telinga,tascam,Tanzania,Kilombero District,Morogoro,Ifakara,cup,D:\VGU-27\Edge AI Project\data\audio\221684.wav,44100,1,PCM_24,10.23997732426304,-2.2675736961019766e-05,3a70d7456886be189e781f317b78963b4bc4cf2b2b18fd37f8540c83e47593ac,1160ff5275d66d5e6702837f905a951acab1d2f8ee137028cd8fbcb6b3b10a2f,0.05718994140625,-42.652925879513774,1.0593228540109182e-05,0.0,0.003970477188025236,812.5,18.96594956238609,0.9968652037617555
221685,2.56,IFA_57_16_2256.wav,44100,28-06-20 00:00,mosquito,an arabiensis,Female,f,Single,,LT,telinga,tascam,Tanzania,Kilombero District,Morogoro,Ifakara,cup,D:\VGU-27\Edge AI Project\data\audio\221685.wav,44100,1,PCM_24,2.56,0.0,e47013a5cec7d6b496bb60119ca52311128bd2aa9f93ff22958029546f8030cf,d9074c6a773ea434c63614536ca04b2914ee398d2d7422c3d07137e49f6e202e,0.134033203125,-34.62776546489044,0.0003059361797341414,0.0,0.0013995181405895693,156.25,21.288002498817956,1.0
221642,5.12,IFA_57_17_2257.wav,44100,28-06-20 00:00,mosquito,culex pipiens complex,Female,f,Single,,LT,telinga,tascam,Tanzania,Kilombero District,Morogoro,Ifakara,cup,D:\VGU-27\Edge AI Project\data\audio\221642.wav,44100,1,PCM_24,5.12,0.0,a498e9c548256f70e39ec5fd3fe4bdec9e96675154ec016ccf8d6015edc12e5d,13e09a59b026db759e28b37069cffc840d59f8a7591ff4e4c2f7e52c736052a7,0.01898193359375,-47.93895766845553,4.741461639231295e-05,0.0,0.003153344671201814,765.625,31.82438304317753,1.0
221643,25.54,IFA_57_17_2257.wav,44100,28-06-20 00:00,mosquito,culex pipiens complex,Female,f,Single,,LT,telinga,tascam,Tanzania,Kilombero District,Morogoro,Ifakara,cup,D:\VGU-27\Edge AI Project\data\audio\221643.wav,44100,1,PCM_24,25.54,0.0,3c1a50a3489b6b9d50cd8ec749a9f3fa5f47098712f3f1c0994e2acc45045bcb,c907d677c27d6b92709286427e6eac32fa0477397d3db0435b50565656ae5dc0,0.043426513671875,-45.88181110609292,2.8221106757723646e-05,0.0,0.003396033432950314,765.625,28.77102546370585,1.0
221641,33.28,IFA_57_18_2258.wav,44100,28-06-20 00:00,mosquito,an arabiensis,Female,f,Single,,LT,telinga,tascam,Tanzania,Kilombero District,Morogoro,Ifakara,cup,D:\VGU-27\Edge AI Project\data\audio\221641.wav,44100,1,PCM_24,33.28,0.0,f0b94acde5cb5200f79c1609a1f7cc7bfaf84f8cb367aef3a2adf6cdb48b0977,aaab005c59c3249a424cfc1c27f92eeee1fcd815aed07987d0b20bcdc4b0f6fb,0.028411865234375,-47.557969221735505,4.9364643739027935e-05,0.0,0.004256470216291645,843.75,21.886253068771417,0.9961501443695862
221690,25.6,IFA_57_20_2260.wav,44100,28-06-20 00:00,mosquito,an arabiensis,Female,f,Single,,LT,telinga,tascam,Tanzania,Kilombero District,Morogoro,Ifakara,cup,D:\VGU-27\Edge AI Project\data\audio\221690.wav,44100,1,PCM_24,25.6,0.0,2a790e1c53fad86f95385139dd7e2648cb5655462c744a2100ce87c76042b294,06932947d5dbef6816082999b5ee132dcb52cc015871878e57563571f44e2864,0.040771484375,-49.06779468775922,6.41549255301893e-05,0.0,0.006152565192743764,562.5,20.586813399024464,1.0
221691,10.18,IFA_57_20_2260.wav,44100,28-06-20 00:00,mosquito,an arabiensis,Female,f,Single,,LT,telinga,tascam,Tanzania,Kilombero District,Morogoro,Ifakara,cup,D:\VGU-27\Edge AI Project\data\audio\221691.wav,44100,1,PCM_24,10.18,0.0,420d1b61fd91f12693465361eab7948a2fff7b5c4ce0a92b98fb3f609ff3c02b,cf16e302c9a2046aef6749687cef8aee42c3186b8b96b568032f59411c112604,0.04888916015625,-43.41925637796888,1.7518489359715318e-05,0.0,0.0035661939956074112,546.875,16.95231175736823,0.9747634069400631
221664,5.12,IFA_57_22_2262.wav,44100,28-06-20 00:00,mosquito,culex pipiens complex,Male,f,Single,,LT,telinga,tascam,Tanzania,Kilombero District,Morogoro,Ifakara,cup,D:\VGU-27\Edge AI Project\data\audio\221664.wav,44100,1,PCM_24,5.12,0.0,863aca7e88f23cc8f96526e20ff3595a85d119488cd62605af566d12c3bf0f1f,13d3a22465a56333acd8084a77d9563ced749c76a1bfca47801fcabdec89d024,0.035247802734375,-45.23181659476363,-3.8505005998676326e-05,0.0,0.0025333049886621314,703.125,18.634781732097686,0.9937106918238994
221665,5.12,IFA_57_22_2262.wav,44100,28-06-20 00:00,mosquito,culex pipiens complex,Male,f,Single,,LT,telinga,tascam,Tanzania,Kilombero District,Morogoro,Ifakara,cup,D:\VGU-27\Edge AI Project\data\audio\221665.wav,44100,1,PCM_24,5.12,0.0,29b1b2802f92e630404471c706e5df97d79b7ffc5bc454803db0fb13e69ac985,0b4d6b8d07a67ddf5e11e9a9c0817fd921f434194f3fa6f76b374130bf9cc85a,0.04736328125,-41.229084348191265,6.821731320854757e-05,0.0,0.0026927437641723357,156.25,19.393422335937032,1.0
221649,5.12,IFA_57_23_2263.wav,44100,28-06-20 00:00,mosquito,culex pipiens complex,Male,f,Single,,LT,telinga,tascam,Tanzania,Kilombero District,Morogoro,Ifakara,cup,D:\VGU-27\Edge AI Project\data\audio\221649.wav,44100,1,PCM_24,5.119977324263038,-2.2675736961907944e-05,31920cb37d524671b9d8276f758b5cc339edbe7390e733f41697695e7779bb63,118590b373fbe728a630770f29a6eb4bd2fb0b5f517717bb1bc2c73cd6115e3e,0.07763671875,-39.877513418411766,4.4875738367768755e-05,0.0,0.0030204924022658123,156.25,18.636655615531595,1.0
221650,2.56,IFA_57_23_2263.wav,44100,28-06-20 00:00,mosquito,culex pipiens complex,Male,f,Single,,LT,telinga,tascam,Tanzania,Kilombero District,Morogoro,Ifakara,cup,D:\VGU-27\Edge AI Project\data\audio\221650.wav,44100,1,PCM_24,2.5599773242630386,-2.2675736961463855e-05,4e81e89b87d8a2fd642dfa1eeb590db8be983f4db9d2439e017127ae74f340d8,802d9f159d491704d3e39d5694cfe7b7fcb76498943ce4a23affde004fbf4744,0.035125732421875,-44.489398222508775,-0.0002660063974164323,0.0,0.004526329775455069,296.875,19.839997673649016,1.0
221666,7.68,IFA_57_24_2264.wav,44100,28-06-20 00:00,mosquito,an arabiensis,Female,f,Single,,LT,telinga,tascam,Tanzania,Kilombero District,Morogoro,Ifakara,cup,D:\VGU-27\Edge AI Project\data\audio\221666.wav,44100,1,PCM_24,7.68,0.0,0278441c8e4599fe3fe0c53694a869a246df85d8f10d3c7c000de01402d0641b,894242ec162c33c479b3b108b8122c2811a5e898ea28d26f665601d236a08cde,0.030059814453125,-46.004310254209216,-4.146284707459373e-05,0.0,0.005784084467120181,484.375,19.96047166360945,0.99581589958159
221651,33.22,IFA_57_26_2266.wav,44100,28-06-20 00:00,mosquito,culex pipiens complex,Male,f,Single,,LT,telinga,tascam,Tanzania,Kilombero District,Morogoro,Ifakara,cup,D:\VGU-27\Edge AI Project\data\audio\221651.wav,44100,1,PCM_24,33.22,0.0,d8fcefa9258eb3ae12340ef69d0a6e804578c3a3f19ae61a7f999389804cc037,095c88b57a710eefbb797d384863526a00cfffcb2a612b6660f0023530647ef3,0.0367431640625,-49.359189461504236,2.0773776600699607e-05,0.0,0.006255964155680333,765.625,32.55153342516822,0.9971070395371263
221640,38.4,IFA_57_30_2270.wav,44100,28-06-20 00:00,mosquito,culex pipiens complex,Female,f,Single,,LT,telinga,tascam,Tanzania,Kilombero District,Morogoro,Ifakara,cup,D:\VGU-27\Edge AI Project\data\audio\221640.wav,44100,1,PCM_24,38.4,0.0,1623f55dff656be8d46e384a06bf6ff33a704c919c4f22925fbf34e2caa1b072,98ee143549f1b28f8c506a7d2d0bff4fbe5ee4ac6b622d0f4f58adde62045742,0.04632568359375,-46.72858604630795,3.914526710885092e-05,0.0,0.004812688964474679,500.0,22.131772962580534,0.9958298582151793
221681,12.8,IFA_57_32_2272.wav,44100,28-06-20 00:00,mosquito,culex pipiens complex,Female,f,Single,,LT,telinga,tascam,Tanzania,Kilombero District,Morogoro,Ifakara,cup,D:\VGU-27\Edge AI Project\data\audio\221681.wav,44100,1,PCM_24,12.8,0.0,10ec31ec94dd53613760679b28d2973f03ea330b699eacf3012a1dbac5687b11,db869e4771220bd6f39c26cf3c7ae1a5b29c553e4794799d05051c0d4d0ad59d,0.086883544921875,-45.79024430837733,3.645263291270284e-05,0.0,0.004104662698412699,921.875,22.81130517828317,1.0
221680,5.12,IFA_57_32_2272.wav,44100,28-06-20 00:00,mosquito,culex pipiens complex,Female,f,Single,,LT,telinga,tascam,Tanzania,Kilombero District,Morogoro,Ifakara,cup,D:\VGU-27\Edge AI Project\data\audio\221680.wav,44100,1,PCM_24,5.12,0.0,136a589565108788389267d215fd906d63a0aa23d0efa1e35f49c2cdff7769d7,e3b9fc630c2f376fad2716d55c1d6b6c64d4e0f3ba63b22627376271074cea91,0.055755615234375,-45.94831001278236,-2.0502105591789125e-05,0.0,0.005270337301587302,453.125,21.333593924801463,1.0
221696,2.56,IFA_57_33_2273.wav,44100,28-06-20 00:00,mosquito,culex pipiens complex,Female,f,Single,,LT,telinga,tascam,Tanzania,Kilombero District,Morogoro,Ifakara,cup,D:\VGU-27\Edge AI Project\data\audio\221696.wav,44100,1,PCM_24,2.56,0.0,83d28120c5a6a3e77a42f2e28d75c622e5e9062f3f86e0eb0fb918360959673f,d83816f8bed3393f87716456b86f82fdc55888476cc8315f1209a45935e101cd,0.031524658203125,-47.40900184665235,-0.00022994958354231992,0.0,0.004349135487528345,296.875,17.843264926549175,1.0
221694,2.56,IFA_57_33_2273.wav,44100,28-06-20 00:00,mosquito,culex pipiens complex,Female,f,Single,,LT,telinga,tascam,Tanzania,Kilombero District,Morogoro,Ifakara,cup,D:\VGU-27\Edge AI Project\data\audio\221694.wav,44100,1,PCM_24,2.5599773242630386,-2.2675736961463855e-05,7acb1f7c1c4dee1f02954c5e07d95319b377767e1424de19fa0adbb5ac1ee708,c2db009d622ade45914c36ce093456e63f184bb1042b4d1955d34cc56f2f9b01,0.017730712890625,-47.4033098758965,-0.00023861667168954007,0.0,0.0030825102971787943,296.875,19.085762749976404,1.0
221697,2.56,IFA_57_33_2273.wav,44100,28-06-20 00:00,mosquito,culex pipiens complex,Female,f,Single,,LT,telinga,tascam,Tanzania,Kilombero District,Morogoro,Ifakara,cup,D:\VGU-27\Edge AI Project\data\audio\221697.wav,44100,1,PCM_24,2.56,0.0,03682214462397a896e234005d70302e08244afb1e8411f65fc359b12d42b7d2,1c4c3bdf627d3bbccef845e6466e9b5542a00ae8f96653d7fb40e644e94e2f38,0.014923095703125,-51.71825384018202,2.8156098865327383e-05,0.0,0.005784084467120181,296.875,19.994345834749254,1.0
221695,2.56,IFA_57_33_2273.wav,44100,28-06-20 00:00,mosquito,culex pipiens complex,Female,f,Single,,LT,telinga,tascam,Tanzania,Kilombero District,Morogoro,Ifakara,cup,D:\VGU-27\Edge AI Project\data\audio\221695.wav,44100,1,PCM_24,2.56,0.0,59e0a11e1558a31d4ebf88171b42c5624cc6a3b3933ef4ece5d03bfb49c20143,0a107b1097b4c0330d0f085aefae5d4b9c1e14f518b4b61dc48cd87946a669f8,0.009429931640625,-51.145165576930026,-0.0001102339924057595,0.0,0.0042251275510204085,296.875,18.570449569815327,1.0
221654,35.78,IFA_57_35_2275.wav,44100,28-06-20 00:00,mosquito,culex pipiens complex,Female,f,Single,,LT,telinga,tascam,Tanzania,Kilombero District,Morogoro,Ifakara,cup,D:\VGU-27\Edge AI Project\data\audio\221654.wav,44100,1,PCM_24,35.78,0.0,7db28f386620dff32d8a946bef3c4dbc188dbe86530a93e170dd5d68b0808d36,ceb0dde47fe44688ea1c78bc26d26b09afb2d544431f42c46974ca3bfafea2cb,0.071075439453125,-42.1151598562207,3.315873773655284e-05,0.0,0.0022872200864694674,625.0,17.373168528495707,0.982094897045658
221658,33.28,IFA_57_36_2276.wav,44100,28-06-20 00:00,mosquito,culex pipiens complex,Female,f,Single,,LT,telinga,tascam,Tanzania,Kilombero District,Morogoro,Ifakara,cup,D:\VGU-27\Edge AI Project\data\audio\221658.wav,44100,1,PCM_24,33.28,0.0,75be7ea822fab9fe319cd663b9eabe835d7f0751ea2f5569fdded09db8cc6365,63a8e063de632c6a1b2c2ff794270be09f51aeb03c00592c8277cddce879405a,0.0517578125,-44.175064990979635,1.2419308207119486e-05,0.0,0.003325729330193616,156.25,17.56821715701584,0.9894128970163619
221659,48.58,IFA_57_37_2277.wav,44100,28-06-20 00:00,mosquito,culex pipiens complex,Female,f,Single,,LT,telinga,tascam,Tanzania,Kilombero District,Morogoro,Ifakara,cup,D:\VGU-27\Edge AI Project\data\audio\221659.wav,44100,1,PCM_24,48.58,0.0,db557aa52e990f924025dfad69c06b033b0b9ec1488f9e7bbffb7baf9307c8bd,b0c8272fd479795c4a727ed7843d69fbd2547f82fb40dcd6614416e65f7b5a5c,0.069244384765625,-47.109904141731185,3.782316876769792e-05,0.0,0.0031997154563760456,500.0,23.4078747715763,0.988793671720501
221644,38.34,IFA_57_38_2278.wav,44100,28-06-20 00:00,mosquito,culex pipiens complex,Female,f,Single,,LT,telinga,tascam,Tanzania,Kilombero District,Morogoro,Ifakara,cup,D:\VGU-27\Edge AI Project\data\audio\221644.wav,44100,1,PCM_24,38.34,0.0,75cde348919b2df0075f16af08fa35ece0c87dbfc144efbee1230472ef7f88a1,459150d733f58d3f1b2d4a2b66c83dda9d0dd6e82dfffedb53f7318e2c910491,0.116058349609375,-40.43754503043728,1.9304331833150578e-05,0.0,0.0019570686908044386,156.25,17.897268386720295,0.9741019214703425
221661,33.22,IFA_57_39_2279.wav,44100,28-06-20 00:00,mosquito,culex pipiens complex,Female,f,Single,,LT,telinga,tascam,Tanzania,Kilombero District,Morogoro,Ifakara,cup,D:\VGU-27\Edge AI Project\data\audio\221661.wav,44100,1,PCM_24,33.22,0.0,5bbb7c94e3f72092de3f984260f355cd845fbb08c2a3b389ad4748d491d280c5,d91a32205fcc00d7e18a796b76ab088173ae0798080403a4c1762eff1c39cb9a,0.15045166015625,-42.4948831633492,5.118261647291053e-05,0.0,0.003140610046948741,625.0,18.391103358901614,0.9864995178399228
221645,2.56,IFA_57_40_2280.wav,44100,28-06-20 00:00,mosquito,culex pipiens complex,Female,f,Single,,LT,telinga,tascam,Tanzania,Kilombero District,Morogoro,Ifakara,cup,D:\VGU-27\Edge AI Project\data\audio\221645.wav,44100,1,PCM_24,2.56,0.0,5195c0dc05a8382d7f16dac0ef658348abe614a7e95aa92c80a0c0fcf1fef6c2,25918871068d93df5710ed7d386b04ef70e0b7cd542c9e59050b146c6f681204,0.0870361328125,-40.21871171039476,0.0005451002899481325,0.0,0.0018512613378684807,515.625,20.652160442072955,0.9873417721518988
221791,2.56,IFA_58_24_2304.wav,44100,29-06-20 00:00,mosquito,an arabiensis,Female,f,Single,,LT,telinga,tascam,Tanzania,Kilombero District,Morogoro,Ifakara,cup,D:\VGU-27\Edge AI Project\data\audio\221791.wav,44100,1,PCM_24,2.5599773242630386,-2.2675736961463855e-05,c0ecf8d71997e6d56c1165423188e0124f0bd6de5d066da5d0f90322fdf7c39e,d0c9b993059f9ad92c8901e67030851fe33bf9f6592b59ef06cf35712b683732,0.022430419921875,-48.22935357046035,1.0639726072899598e-05,0.0,0.00364055095442668,156.25,20.858462292464782,1.0
221792,20.48,IFA_58_24_2304.wav,44100,29-06-20 00:00,mosquito,an arabiensis,Female,f,Single,,LT,telinga,tascam,Tanzania,Kilombero District,Morogoro,Ifakara,cup,D:\VGU-27\Edge AI Project\data\audio\221792.wav,44100,1,PCM_24,20.48,0.0,5597a2f268df7549957f7a7216bff88b5ac64b1090b566bb196c03c2648fb5e7,32bb34d66f1df4a5d2cbb75d31945b552b66c200e34d4cf0bea7ad34da38a727,0.01861572265625,-51.20850988692239,1.7229695709384217e-05,0.0,0.006391944798752835,296.875,22.2448342964312,1.0
221790,17.92,IFA_58_24_2304.wav,44100,29-06-20 00:00,mosquito,an arabiensis,Female,f,Single,,LT,telinga,tascam,Tanzania,Kilombero District,Morogoro,Ifakara,cup,D:\VGU-27\Edge AI Project\data\audio\221790.wav,44100,1,PCM_24,17.919977324263037,-2.267573696457248e-05,013da10af5cce6fbb58fc0476fd6682edc5f6923123ba92d2a9307c92814d065,a2e62adec2e448e08e2a2ba1463a165f17d1e0800975f4933270a02f5796e891,0.05767822265625,-48.53303500991502,2.9020065041375047e-05,0.0,0.005773968676567912,515.625,21.772190969655867,1.0
221797,30.72,IFA_58_29_2309.wav,44100,29-06-20 00:00,mosquito,an arabiensis,Female,f,Single,,LT,telinga,tascam,Tanzania,Kilombero District,Morogoro,Ifakara,cup,D:\VGU-27\Edge AI Project\data\audio\221797.wav,44100,1,PCM_24,30.72,0.0,172c25a80598a21794ae1f35b2b17f94a28204ff805ce347e9c6fea41f03d45b,41a654ab7f3750283bd22589be536f887a381cc92ccaefd3b17b62b56f19bec0,0.04022216796875,-47.229158483823554,8.612015169854427e-06,0.0,0.0048975753495842786,906.25,21.89770108687923,0.9989572471324296
221766,43.46,IFA_58_40_2320.wav,44100,29-06-20 00:00,mosquito,culex pipiens complex,Female,f,Single,,LT,telinga,tascam,Tanzania,Kilombero District,Morogoro,Ifakara,cup,D:\VGU-27\Edge AI Project\data\audio\221766.wav,44100,1,PCM_24,43.46,0.0,161957a747088493b974d9cb0f9d035892e1e620cda1b6076937ffe8cc107d42,c140e3e333d201ee6ca995f6be4cedc7bc3ab0cf908532bc7a96eeae3433c54d,0.066314697265625,-45.40771682672851,2.8165481425207373e-05,0.0,0.005686152356325257,937.5,24.808848299967664,0.997789240972734
221775,46.02,IFA_59_10_2330.wav,44100,29-06-20 00:00,mosquito,culex pipiens complex,Female,f,Single,,LT,telinga,tascam,Tanzania,Kilombero District,Morogoro,Ifakara,cup,D:\VGU-27\Edge AI Project\data\audio\221775.wav,44100,1,PCM_24,46.02,0.0,e5cc6c5a78b61bb199bfed2e3df955e670bd78ab6a3c8b9878868ac5df40adb0,831cdfc9d383231d15836bbecef6384bf8233860cc3922d6fccb94b5d13e5206,0.02935791015625,-51.97334179668613,1.3038196402879836e-05,0.0,0.007533942158639495,156.25,16.739825540856838,0.9832985386221295
221758,28.1,IFA_59_11_2331.wav,44100,29-06-20 00:00,mosquito,culex pipiens complex,Female,f,Single,,LT,telinga,tascam,Tanzania,Kilombero District,Morogoro,Ifakara,cup,D:\VGU-27\Edge AI Project\data\audio\221758.wav,44100,1,PCM_24,28.1,0.0,edb188574f892186adfa44d466847a53a51ca0cb08bc9d0c7e1f6e09fe19b329,a249457a789498cc874319b5efab8d2e26cfdfeb612cc3da0305089088a5fcd3,0.029937744140625,-49.18213500992563,2.257772786095829e-05,0.0,0.005900533404346317,921.875,20.335390161759044,0.9931584948688712
221760,2.56,IFA_59_12_2332.wav,44100,29-06-20 00:00,mosquito,culex pipiens complex,Female,f,Single,,LT,telinga,tascam,Tanzania,Kilombero District,Morogoro,Ifakara,cup,D:\VGU-27\Edge AI Project\data\audio\221760.wav,44100,1,PCM_24,2.5599773242630386,-2.2675736961463855e-05,3c709b0b3b4dedcf9821b992665f6d462c81f5934a94105709c6ca35ad13261f,b7b79fb4e64682a648171415cbcf8f4e339badec42d5eee21d82361dce08c6b9,0.013763427734375,-48.48370735574106,2.745622401484787e-06,0.0,0.0039682891182071835,187.5,17.14552040501545,0.9873417721518988
221761,20.48,IFA_59_12_2332.wav,44100,29-06-20 00:00,mosquito,culex pipiens complex,Female,f,Single,,LT,telinga,tascam,Tanzania,Kilombero District,Morogoro,Ifakara,cup,D:\VGU-27\Edge AI Project\data\audio\221761.wav,44100,1,PCM_24,20.47997732426304,-2.2675736961019766e-05,2ceae1510699a994f3195c5eb228339ca97a2c09c40be44e0f78b52fa6319b05,9e215efd83aaaefd6c81a87622f0121664ca0134eb103034601b045badbbbcaf,0.045013427734375,-46.13540637714664,4.1217671183388566e-05,0.0,0.004968073457068294,578.125,17.929534120318372,0.9953051643192489
221776,28.1,IFA_59_13_2333.wav,44100,29-06-20 00:00,mosquito,culex pipiens complex,Female,f,Single,,LT,telinga,tascam,Tanzania,Kilombero District,Morogoro,Ifakara,cup,D:\VGU-27\Edge AI Project\data\audio\221776.wav,44100,1,PCM_24,28.1,0.0,aee10ce286b5e7226b9013bcc873ad85e768f24e6c6c86366fe99760d4ab8cb2,f82aa6ef33bd2ebf08dc258dad41e34f2d342237282520635ddd58964273a96b,0.036529541015625,-48.50656879986809,2.7358423536971135e-05,0.0,0.006158762437359285,562.5,19.86083844501708,0.9988597491448119
221768,30.66,IFA_59_14_2334.wav,44100,29-06-20 00:00,mosquito,culex pipiens complex,Female,f,Single,,LT,telinga,tascam,Tanzania,Kilombero District,Morogoro,Ifakara,cup,D:\VGU-27\Edge AI Project\data\audio\221768.wav,44100,1,PCM_24,30.66,0.0,071ab47e4f97be6cc38e6069f187b3dfbed0581de6f8859a6fe291e8f2fea587,f265badd48d83a8b96e4ea786486b537fd70278f9c88918d6f0d337a6a9b790a,0.05926513671875,-44.93782789229825,2.7341628923751634e-05,0.0,0.005658580022572195,453.125,21.258923857538022,1.0
221779,40.9,IFA_59_15_2335.wav,44100,29-06-20 00:00,mosquito,culex pipiens complex,Female,f,Single,,LT,telinga,tascam,Tanzania,Kilombero District,Morogoro,Ifakara,cup,D:\VGU-27\Edge AI Project\data\audio\221779.wav,44100,1,PCM_24,40.9,0.0,8ced4aaa219a01717b0aa7431908afcfd12e35488fd89c0e6550b5548a474138,416e9926cf9ea0bc20681781f16df931e084b1ad6f16352587f1091c25735b49,0.0859375,-44.977476250106264,-2.397158308107269e-07,0.0,0.0041470540946615,156.25,21.715740754074055,0.9992169146436961
221811,43.46,IFA_59_16_2336.wav,44100,29-06-20 00:00,mosquito,culex pipiens complex,Female,f,Single,,LT,telinga,tascam,Tanzania,Kilombero District,Morogoro,Ifakara,cup,D:\VGU-27\Edge AI Project\data\audio\221811.wav,44100,1,PCM_24,43.46,0.0,eac869afcfc2da79a9760e89cad35211d935340a3726c26c4067c043e5f9f544,467a067ec4aa1d66fb26a21cdea6e847e18d23171e272c9a9b2735d3321facd8,0.0263671875,-51.2254229645923,2.9457559836784653e-05,0.0,0.007554057057705733,1109.375,21.292616595550825,0.9985261606484893
221807,25.54,IFA_59_17_2337.wav,44100,29-06-20 00:00,mosquito,culex pipiens complex,Female,f,Single,,LT,telinga,tascam,Tanzania,Kilombero District,Morogoro,Ifakara,cup,D:\VGU-27\Edge AI Project\data\audio\221807.wav,44100,1,PCM_24,25.54,0.0,d75d18947d0beae62026a156ab73e13f55a66485922b6d1060524400b3089e5e,4cd16cd37361e0b774a815e10f8442111b9136acee8340a1c7c06aac59e2a007,0.054656982421875,-43.63178081285545,5.1003822717357795e-05,0.0,0.004289212422113194,921.875,19.711845473461167,0.9912170639899623
221812,30.66,IFA_59_18_2338.wav,44100,29-06-20 00:00,mosquito,culex pipiens complex,Female,f,Single,,LT,telinga,tascam,Tanzania,Kilombero District,Morogoro,Ifakara,cup,D:\VGU-27\Edge AI Project\data\audio\221812.wav,44100,1,PCM_24,30.66,0.0,074e8216026b0aa734e969b4ff079c17aa0aef8bf7642aaa1aaa753bbd95de53,734b1f7e154c35dae20454f7722e901687bc911140cc5751e8b10315c613aa76,0.139495849609375,-43.25622084716167,5.661350133346378e-05,0.0,0.003918331846763493,937.5,19.612313141284904,0.987460815047022
221815,38.34,IFA_59_19_2339.wav,44100,29-06-20 00:00,mosquito,culex pipiens complex,Female,f,Single,,LT,telinga,tascam,Tanzania,Kilombero District,Morogoro,Ifakara,cup,D:\VGU-27\Edge AI Project\data\audio\221815.wav,44100,1,PCM_24,38.34,0.0,2b5dc78ca3c0f3c6617ac0034b2c1c39544879b01cb3c6064f58720b6bea7b7f,9a61932eaf4818756ac7949f897a69108cd65510a3a8e3dbe77c8919ae1eb4f1,0.0728759765625,-42.692834821858476,1.3063547986737296e-05,0.0,0.003715414178190838,375.0,21.496428181408408,0.9916457811194653
221789,2.5,IFA_59_20_2340.wav,44100,29-06-20 00:00,mosquito,culex pipiens complex,Female,f,Single,,LT,telinga,tascam,Tanzania,Kilombero District,Morogoro,Ifakara,cup,D:\VGU-27\Edge AI Project\data\audio\221789.wav,44100,1,PCM_24,2.5,0.0,e0e77078244813fdc84465c82ebe164b5f163cc048bad95e77d8ca2b638a855d,3032287248aa6d982c51d833fefb713154bd4216ce8a89ba7aa585d2a7d34547,0.021240234375,-49.34532051033355,0.00022344680059523808,0.0,0.006285714285714286,953.125,28.688543961056205,1.0
221788,23.04,IFA_59_20_2340.wav,44100,29-06-20 00:00,mosquito,culex pipiens complex,Female,f,Single,,LT,telinga,tascam,Tanzania,Kilombero District,Morogoro,Ifakara,cup,D:\VGU-27\Edge AI Project\data\audio\221788.wav,44100,1,PCM_24,23.04,0.0,72ee0aa0083278137b777f09020476b1e4186fe9ab82be76a22fd4c68cca6e03,77953a4209caa803adf99004f40ba150c26035d2831a790f33a4fce8aa6d6d21,0.1209716796875,-41.111105930395475,2.6496359550493374e-05,0.0,0.0033236095364071556,953.125,19.347827234795307,0.9944367176634215
221767,28.1,IFA_59_21_2341.wav,44100,29-06-20 00:00,mosquito,culex pipiens complex,Female,f,Single,,LT,telinga,tascam,Tanzania,Kilombero District,Morogoro,Ifakara,cup,D:\VGU-27\Edge AI Project\data\audio\221767.wav,44100,1,PCM_24,28.1,0.0,4a30ef580a34f967b97c8142f2a8b9b0a1c4acf7dd22aeb2f665a3ac61af881e,54a5abea06710435b4033648a37694bee343fdc42207f815211943d2ba7dd3eb,0.047119140625,-44.39484422699458,8.923709144838243e-06,0.0,0.004835338643167824,156.25,20.119537101406287,0.9988597491448119
221777,33.22,IFA_59_22_2342.wav,44100,29-06-20 00:00,mosquito,culex pipiens complex,Female,f,Single,,LT,telinga,tascam,Tanzania,Kilombero District,Morogoro,Ifakara,cup,D:\VGU-27\Edge AI Project\data\audio\221777.wav,44100,1,PCM_24,33.22,0.0,f0e4807a43f7300448995519a3be1507558e76f23835b490ab43aad4d9af534c,2f877219b09b7e85cdb4c3fbe4652ff427fee564f29a82d90fdf8cb7c4d9eac9,0.074127197265625,-43.02603563686859,4.260766784176105e-05,0.0,0.0038225203788117695,156.25,17.8523400333889,0.9816779170684667
221814,7.68,IFA_59_23_2343.wav,44100,29-06-20 00:00,mosquito,culex pipiens complex,Female,f,Single,,LT,telinga,tascam,Tanzania,Kilombero District,Morogoro,Ifakara,cup,D:\VGU-27\Edge AI Project\data\audio\221814.wav,44100,1,PCM_24,7.68,0.0,5762861fe25432c6cd171a8fe781d8eb501e67f140ea64d25d6657d89b1aaf55,4e09c6b429a057ebc7bf1b10653b48c7dda7a5eb7d656e249669fbbb5c7dbbb4,0.027099609375,-48.34977840583062,-2.112869773051636e-05,0.0,0.005911044973544974,156.25,17.17830333553075,0.99581589958159
221813,5.12,IFA_59_23_2343.wav,44100,29-06-20 00:00,mosquito,culex pipiens complex,Female,f,Single,,LT,telinga,tascam,Tanzania,Kilombero District,Morogoro,Ifakara,cup,D:\VGU-27\Edge AI Project\data\audio\221813.wav,44100,1,PCM_24,5.12,0.0,00a95566734b12c2ecf5ab68b5835769785ca4712d27eaf1b72d1f72e649045e,02099deeddb56177e17163b1ef848b207f162bb69296726f125bfab7a8f27151,0.037200927734375,-47.484605390470065,0.00014706168855939592,0.0,0.0052924815759637185,156.25,17.577860889457067,0.9937106918238994
221803,2.56,IFA_59_25_2345.wav,44100,29-06-20 00:00,mosquito,culex pipiens complex,Female,f,Single,,LT,telinga,tascam,Tanzania,Kilombero District,Morogoro,Ifakara,cup,D:\VGU-27\Edge AI Project\data\audio\221803.wav,44100,1,PCM_24,2.5599773242630386,-2.2675736961463855e-05,2cfa9052e0c03497eefca3bb5fb77f994a9e1f55952a65e3e906795b423481b8,0e32a29f699b57f59c5cc9e7ee81d75c63fdd9a13678798b01053ac43269a393,0.03570556640625,-42.893823756483485,-0.0003115031203808019,0.0,0.0023650294521457994,156.25,16.57706418358038,1.0
221783,5.12,IFA_59_26_2346.wav,44100,29-06-20 00:00,mosquito,culex pipiens complex,Female,f,Single,,LT,telinga,tascam,Tanzania,Kilombero District,Morogoro,Ifakara,cup,D:\VGU-27\Edge AI Project\data\audio\221783.wav,44100,1,PCM_24,5.12,0.0,0d2586e536c61bd1610d1011111aac15a07e5d9f142ca13b8e9cc76f79b2b249,8aa362d600f554ab83b5db659cc91c24a0e4465dbd8f3161ba300adf2da5646e,0.024871826171875,-46.21485928458916,0.0001237476223450399,0.0,0.003241921768707483,156.25,17.341276296689827,1.0
221794,2.56,IFA_59_28_2348.wav,44100,29-06-20 00:00,mosquito,culex pipiens complex,Female,f,Single,,LT,telinga,tascam,Tanzania,Kilombero District,Morogoro,Ifakara,cup,D:\VGU-27\Edge AI Project\data\audio\221794.wav,44100,1,PCM_24,2.5599773242630386,-2.2675736961463855e-05,3f8b34b44f3546ddda4bf786e82ffb24084a47f43e442958ec05d712015c3b7d,d59cef32a1695fb091b860f5109904900e200cbd7f1d145934d73e67afa73c76,0.06951904296875,-38.72532771333161,0.00014238391756098034,0.0,0.0028876389565525486,156.25,15.67939630374415,1.0
221793,5.12,IFA_59_28_2348.wav,44100,29-06-20 00:00,mosquito,culex pipiens complex,Female,f,Single,,LT,telinga,tascam,Tanzania,Kilombero District,Morogoro,Ifakara,cup,D:\VGU-27\Edge AI Project\data\audio\221793.wav,44100,1,PCM_24,5.119977324263038,-2.2675736961907944e-05,6898a3b92f05dfbf6b204219f55de943be05398fd2d2ec662679467f890e8d33,ce0264fd5341920cdc74711a039b20efa7f21ab256b24977a17d7279cce48ead,0.037933349609375,-45.62744027360951,-7.63879480654261e-05,0.0,0.005606955104499293,156.25,17.219285265068944,0.9937106918238994
221795,2.56,IFA_59_28_2348.wav,44100,29-06-20 00:00,mosquito,culex pipiens complex,Female,f,Single,,LT,telinga,tascam,Tanzania,Kilombero District,Morogoro,Ifakara,cup,D:\VGU-27\Edge AI Project\data\audio\221795.wav,44100,1,PCM_24,2.56,0.0,ae29c71a59f9c526b79b945be9fd6d08b9ee6b04b620399f117372f3003886c4,0e8d805ae99a8445b810538953b85ecaba1d686a460c8af377b121d4ca78cff6,0.02862548828125,-45.51755374841917,0.0001365860032927152,0.0,0.004916028911564626,156.25,15.793731582740758,1.0
221787,2.56,IFA_59_30_2350.wav,44100,29-06-20 00:00,mosquito,culex pipiens complex,Female,f,Single,,LT,telinga,tascam,Tanzania,Kilombero District,Morogoro,Ifakara,cup,D:\VGU-27\Edge AI Project\data\audio\221787.wav,44100,1,PCM_24,2.56,0.0,06892602addb734170b397fe1034ae895203bad7715a38e53806eb3ab5f6ba56,1bab3f8b786e2aa11c2ce71d599068e63cce88531acc1ae6c7e9068eaf99c4b1,0.021942138671875,-48.60479649641726,0.00015213997726267427,0.0,0.005651218820861678,156.25,17.41568895004119,1.0
221786,5.12,IFA_59_30_2350.wav,44100,29-06-20 00:00,mosquito,culex pipiens complex,Female,f,Single,,LT,telinga,tascam,Tanzania,Kilombero District,Morogoro,Ifakara,cup,D:\VGU-27\Edge AI Project\data\audio\221786.wav,44100,1,PCM_24,5.12,0.0,60c5ac8b0b81090cb4bdd1609ec8b4d2ffee0f067228e39db84637f1013d4cb0,bec6a33db64367aadf8e84c27736403ad61191848f688267a0ee600798b13074,0.0150146484375,-49.11756833833885,8.493432112021241e-05,0.0,0.006262400793650794,156.25,18.289421643004463,1.0
221785,5.12,IFA_59_30_2350.wav,44100,29-06-20 00:00,mosquito,culex pipiens complex,Female,f,Single,,LT,telinga,tascam,Tanzania,Kilombero District,Morogoro,Ifakara,cup,D:\VGU-27\Edge AI Project\data\audio\221785.wav,44100,1,PCM_24,5.12,0.0,7b2f8a3b4aa37369c662cdfc8aaf980e13c3625c737958f54808dc0881de04b6,7e973fc2d60bc896b168a578eab92b8cf31c35babe5706334bd1ec3e7cca1e5a,0.007171630859375,-56.58951772543051,4.216900217830459e-05,0.0,0.009065865929705215,546.875,21.0879686523478,1.0
221737,35.78,IFA_60_13_2373.wav,44100,30-06-20 00:00,mosquito,an arabiensis,Female,f,Single,,LT,telinga,tascam,Tanzania,Kilombero District,Morogoro,Ifakara,cup,D:\VGU-27\Edge AI Project\data\audio\221737.wav,44100,1,PCM_24,35.78,0.0,e944bccbc3233f1d035bcaedd2a06e3f9e50cda76ae86baac353fc66266f3acb,c9fb04eb78b2f3146a381a059159b97c1a4e31e55d272660c3eab1fdcff14520,0.043914794921875,-49.17764776077234,3.728647798096146e-05,0.0,0.006032075584099859,437.5,21.527156737757927,0.9946284691136974
221745,5.12,IFA_60_24_2384.wav,44100,30-06-20 00:00,mosquito,culex pipiens complex,Female,t,Single,,LT,telinga,tascam,Tanzania,Kilombero District,Morogoro,Ifakara,cup,D:\VGU-27\Edge AI Project\data\audio\221745.wav,44100,1,PCM_24,5.12,0.0,9b3452d6f5f3ce76cbcae070614df77b29b5e82cd34cd74fadeb814243a2a70b,c22522517ea9766cd2cd298e093a89927c226cd8a5ceef3d670ab8f3c5d51e4d,0.039031982421875,-46.389607153114596,-3.4740452323100466e-05,0.0,0.0052614795918367345,984.375,18.39580499699373,0.9937106918238994
221746,12.8,IFA_60_24_2384.wav,44100,30-06-20 00:00,mosquito,culex pipiens complex,Female,t,Single,,LT,telinga,tascam,Tanzania,Kilombero District,Morogoro,Ifakara,cup,D:\VGU-27\Edge AI Project\data\audio\221746.wav,44100,1,PCM_24,12.8,0.0,ac06ac84f57662ed82ac1b636287d0ee129b10b28877247829f591dbaffb2104,a4dbd527a5ceebc70f9fe1c6a14c023b91725f68904e7c75fed380ad4064cc65,0.033905029296875,-47.4308368854922,-3.476532138123804e-06,0.0,0.0068257511337868485,156.25,19.61962646693028,0.9949874686716792
221747,10.24,IFA_60_24_2384.wav,44100,30-06-20 00:00,mosquito,culex pipiens complex,Female,t,Single,,LT,telinga,tascam,Tanzania,Kilombero District,Morogoro,Ifakara,cup,D:\VGU-27\Edge AI Project\data\audio\221747.wav,44100,1,PCM_24,10.23997732426304,-2.2675736961019766e-05,70a6676c6336e2b1a4262c8855062f607f4772cd87f93015967a442fdcf1fc16,b28636eebfe992de8ed3bba67c8e5ca4a7ffdba561e52e3cacb6640b3c3d4e0e,0.0286865234375,-50.25580730447224,0.00014648049595897237,0.0,0.007380702993691082,156.25,18.78492117111235,0.9905956112852664
221704,22.98,IFA_60_25_2385.wav,44100,30-06-20 00:00,mosquito,culex pipiens complex,Female,t,Single,,LT,telinga,tascam,Tanzania,Kilombero District,Morogoro,Ifakara,cup,D:\VGU-27\Edge AI Project\data\audio\221704.wav,44100,1,PCM_24,22.98,0.0,2ec59ef1d05548bd6acf1b62502ce00dde872ad9b232a2b7f8a73d2d65b10798,9055928f08411ac2c83a25de1eff7d5cc2fc30fc0a88466a252bcf03a0c4f220,0.0479736328125,-46.46481422663962,5.129343415365131e-05,0.0,0.006326116173188161,906.25,18.59099446752198,0.9916317991631799
221723,28.16,IFA_60_26_2386.wav,44100,30-06-20 00:00,mosquito,culex pipiens complex,Female,f,Single,,LT,telinga,tascam,Tanzania,Kilombero District,Morogoro,Ifakara,cup,D:\VGU-27\Edge AI Project\data\audio\221723.wav,44100,1,PCM_24,28.16,0.0,6087c730cc81dd5a1befa30ac323b51d66ef0c577fa5c357a7156750d82f885a,2d5cdbf451bd7b2911c7a99e6552ebd439ce316fc9072bee8ec38cb4a5d459fa,0.045806884765625,-46.04230488021574,9.704166971464989e-06,0.0,0.005081104411461554,921.875,22.12712784650488,0.9965870307167235
221743,25.6,IFA_60_27_2387.wav,44100,30-06-20 00:00,mosquito,culex pipiens complex,Female,t,Single,,LT,telinga,tascam,Tanzania,Kilombero District,Morogoro,Ifakara,cup,D:\VGU-27\Edge AI Project\data\audio\221743.wav,44100,1,PCM_24,25.6,0.0,2b9fa838fb229081533ff0dc9d9cd72fdc7c1e9f92e73c8dc90ea61c54f1a432,5ee9fa8c0159ff34546305ae19ecfc5151334c8626fb7262592d28da4b1f995c,0.0445556640625,-46.664441893562774,4.061595652919778e-05,0.0,0.0056919642857142854,484.375,22.55814085422235,0.9987484355444305
221752,20.42,IFA_60_28_2388.wav,44100,30-06-20 00:00,mosquito,culex pipiens complex,Female,f,Single,,LT,telinga,tascam,Tanzania,Kilombero District,Morogoro,Ifakara,cup,D:\VGU-27\Edge AI Project\data\audio\221752.wav,44100,1,PCM_24,20.419977324263037,-2.267573696457248e-05,8b975ed3de3ca74a4c6fe0358a504fd6ea74a8329bacf76579d61fc0def60330,733af95db00d0f1ed9220adeed72130d539d3da63a33723da8863cae837c6a39,0.151123046875,-39.12908374382511,8.737095783909398e-05,0.0,0.0025596293701090813,156.25,18.48516091068923,0.9843014128728415
221751,7.68,IFA_60_28_2388.wav,44100,30-06-20 00:00,mosquito,culex pipiens complex,Female,f,Single,,LT,telinga,tascam,Tanzania,Kilombero District,Morogoro,Ifakara,cup,D:\VGU-27\Edge AI Project\data\audio\221751.wav,44100,1,PCM_24,7.68,0.0,a180452aa6e16ed80b7d684b7400fa934dd5d6648a6938dbb260f20dc94e3b9b,f2b9030986aa009035baa01e4bf5aebf740c15a7fef2585e33e4644492f26bc1,0.06060791015625,-42.18049364714296,5.958635340291987e-05,0.0,0.0039210128495842786,156.25,18.412069702951534,0.99581589958159
221739,23.04,IFA_60_29_2389.wav,44100,30-06-20 00:00,mosquito,culex pipiens complex,Female,f,Single,,LT,telinga,tascam,Tanzania,Kilombero District,Morogoro,Ifakara,cup,D:\VGU-27\Edge AI Project\data\audio\221739.wav,44100,1,PCM_24,23.04,0.0,bdf47def621bec247d3a8066e1f9d85268a8c1828b7c0ed493c0b1fa05326a60,db04708989830348521b40ff3583c8c9291e843037f9f3f7287b91438f29d68d,0.0601806640625,-46.12647599705341,2.5993662176038492e-05,0.0,0.0044613331443688585,156.25,19.784972457579762,0.9944367176634215
221742,28.16,IFA_60_30_2390.wav,44100,30-06-20 00:00,mosquito,culex pipiens complex,Female,f,Single,,LT,telinga,tascam,Tanzania,Kilombero District,Morogoro,Ifakara,cup,D:\VGU-27\Edge AI Project\data\audio\221742.wav,44100,1,PCM_24,28.16,0.0,d847b4a93f94c2cad442fecfe08daf770e89e2b2efaca2122daecb0978a779f9,502b9613dc37725baea3a57e09a740fbf5a23a8a6d57324fb4e21fc722ce8f7e,0.0316162109375,-47.16853594900484,2.7415605457363313e-05,0.0,0.005619008967223253,156.25,18.457993586994235,0.9920364050056882
221703,35.78,IFA_60_31_2391.wav,44100,30-06-20 00:00,mosquito,culex pipiens complex,Female,t,Single,,LT,telinga,tascam,Tanzania,Kilombero District,Morogoro,Ifakara,cup,D:\VGU-27\Edge AI Project\data\audio\221703.wav,44100,1,PCM_24,35.78,0.0,4ce0d31941a53403fce970b8d2c538b70e43150e49bb6804aeaf0edbdb1d4eb5,fe36b66674831bf3960798a4d1350c51980250a50b60545e24f0ed9168ec0058,0.063934326171875,-46.14911791902277,5.049952878370465e-05,0.0,0.005650555359091652,921.875,24.50317372039143,0.999104744852283
221753,28.1,IFA_60_32_2392.wav,44100,30-06-20 00:00,mosquito,culex pipiens complex,Female,f,Single,,LT,telinga,tascam,Tanzania,Kilombero District,Morogoro,Ifakara,cup,D:\VGU-27\Edge AI Project\data\audio\221753.wav,44100,1,PCM_24,28.1,0.0,d60aa9ce4b910f64c55bfa7b59b197ce8b041b3447c0e103c28479c71c1fb789,50a88398b79a458ed3f78cf1813702b92de969595fff1fef7fbc10f5d32717f8,0.093292236328125,-43.80749838913558,4.6496326997769747e-05,0.0,0.005918286650365959,156.25,19.367790541653246,0.9954389965792474
221738,25.54,IFA_60_33_2393.wav,44100,30-06-20 00:00,mosquito,culex pipiens complex,Female,f,Single,,LT,telinga,tascam,Tanzania,Kilombero District,Morogoro,Ifakara,cup,D:\VGU-27\Edge AI Project\data\audio\221738.wav,44100,1,PCM_24,25.54,0.0,deba6920b646ba25a9dbbdd4c7f1d35b9ea7030b89945363792e590e549d1528,3c867cfb10588e6d2421b73d9269c7c54c564bac18255631608d2fd72e303a8b,0.0423583984375,-48.404864805005914,4.352630970776133e-05,0.0,0.006408514854649769,546.875,18.895166370973403,0.9962358845671268
221734,17.92,IFA_60_34_2394.wav,44100,30-06-20 00:00,mosquito,culex pipiens complex,Female,f,Single,,LT,telinga,tascam,Tanzania,Kilombero District,Morogoro,Ifakara,cup,D:\VGU-27\Edge AI Project\data\audio\221734.wav,44100,1,PCM_24,17.919977324263037,-2.267573696457248e-05,a918670399bffbcf96006d64b37b20ece74b7c34d01a02dfbdfb346670fe32fd,e5dcbfc6a669a4e2f3230444b540ef307a4d37ef18a008b99ba268a2e6fc56c1,0.031463623046875,-51.93855993959961,8.829469055354113e-05,0.0,0.007340519897604746,968.75,22.480006907153694,1.0
221707,23.04,IFA_60_35_2395.wav,44100,30-06-20 00:00,mosquito,culex pipiens complex,Female,t,Single,,LT,telinga,tascam,Tanzania,Kilombero District,Morogoro,Ifakara,cup,D:\VGU-27\Edge AI Project\data\audio\221707.wav,44100,1,PCM_24,23.04,0.0,7ddbfeae4637da686f3dedb66388e95a95ce4ef834290d550b0da120acd3859a,9593a4dec7194f630808d3c82272d881afce7e4abb757ecb7d7dd40efdb0d8ac,0.036712646484375,-46.16638707909945,3.7894948179399254e-05,0.0,0.005078420256991686,921.875,19.405321954214774,0.9930458970792768
221741,2.5,IFA_60_36_2396.wav,44100,30-06-20 00:00,mosquito,culex pipiens complex,Male,f,Single,,LT,telinga,tascam,Tanzania,Kilombero District,Morogoro,Ifakara,cup,D:\VGU-27\Edge AI Project\data\audio\221741.wav,44100,1,PCM_24,2.5,0.0,1f7f08279ef0f904ebc226ac060e079cca016787ec9e185ed436430dac28a28e,9148902da517dde12e40174a3abbb5af37b6ef8573579a668787426b4567c503,0.011322021484375,-54.24173654509492,5.787682911706349e-06,0.0,0.007047619047619047,156.25,19.436871554494747,1.0
221740,28.16,IFA_60_36_2396.wav,44100,30-06-20 00:00,mosquito,culex pipiens complex,Male,f,Single,,LT,telinga,tascam,Tanzania,Kilombero District,Morogoro,Ifakara,cup,D:\VGU-27\Edge AI Project\data\audio\221740.wav,44100,1,PCM_24,28.16,0.0,aff92539522783967a2895c9ab0ce5d6cb3e9eb48f03f7e0b866b0a13f6aaee7,beffe586aff7f94e658de5c79a06cecc6366dce15b189eeabd74f45f007a0e0c,0.015625,-54.022684538167134,3.0571542998191816e-05,0.0,0.00747832276850134,156.25,18.59305407516379,0.9965870307167235
221713,2.56,IFA_60_37_2397.wav,44100,30-06-20 00:00,mosquito,culex pipiens complex,Female,f,Single,,LT,telinga,tascam,Tanzania,Kilombero District,Morogoro,Ifakara,cup,D:\VGU-27\Edge AI Project\data\audio\221713.wav,44100,1,PCM_24,2.5599773242630386,-2.2675736961463855e-05,f158a93b6abb7b5402a7d9cc996ac4bdbed00bb2b1191666b68aa5f05b935fec,06bf8fb2c74fc59efa4e6661c80833836dd8ad4451cab930da94bdc2b48304bf,0.010833740234375,-50.32517512988242,7.962953728090814e-05,0.0,0.004517471987244785,296.875,19.00294713380749,1.0
221712,15.36,IFA_60_37_2397.wav,44100,30-06-20 00:00,mosquito,culex pipiens complex,Female,f,Single,,LT,telinga,tascam,Tanzania,Kilombero District,Morogoro,Ifakara,cup,D:\VGU-27\Edge AI Project\data\audio\221712.wav,44100,1,PCM_24,15.36,0.0,8c96d17a7d88ecf6de321d51801d04c0a420358c24a88e9959e76cba82c6a1a0,a0591cc1649b10215dadbf2683156fdcb6f1bc56fffb9cc6709571f95369c855,0.031524658203125,-46.22508184073952,2.0887125466506046e-05,0.0,0.005003129724111867,953.125,20.579765198702717,1.0
221730,7.68,IFA_60_38_2398.wav,44100,30-06-20 00:00,mosquito,culex pipiens complex,Female,f,Single,,LT,telinga,tascam,Tanzania,Kilombero District,Morogoro,Ifakara,cup,D:\VGU-27\Edge AI Project\data\audio\221730.wav,44100,1,PCM_24,7.68,0.0,94e9fa5b765a0b5ced8854929dce966f1649333283ec27e84beb14774477dacd,5e3af5c5b954fed589a1128b8b9bee557c28659eb3d9bc70a65f7e2733c0089a,0.060028076171875,-43.745007824622434,5.0277576605118503e-05,0.0,0.0027636054421768708,156.25,19.726310847493533,1.0
221733,15.3,IFA_60_38_2398.wav,44100,30-06-20 00:00,mosquito,culex pipiens complex,Female,f,Single,,LT,telinga,tascam,Tanzania,Kilombero District,Morogoro,Ifakara,cup,D:\VGU-27\Edge AI Project\data\audio\221733.wav,44100,1,PCM_24,15.299977324263038,-2.2675736962796122e-05,6147d0b10c133860399e6c11a98971d21792883855029a4b6326183c55311065,bfe731e1b4c6fb9e7e08efc045d07fe1aaf07ee422c6ced8ffb47df9472b700a,0.011383056640625,-53.97138225629605,3.332469471366004e-05,0.0,0.006347733682708169,437.5,17.512251159044904,0.9979035639412998
221731,7.68,IFA_60_38_2398.wav,44100,30-06-20 00:00,mosquito,culex pipiens complex,Female,f,Single,,LT,telinga,tascam,Tanzania,Kilombero District,Morogoro,Ifakara,cup,D:\VGU-27\Edge AI Project\data\audio\221731.wav,44100,1,PCM_24,7.68,0.0,2e896c04959f98d475fc75d26d7784719e9076adedfaf23f22f5d41500aaf163,cc26b3cee39c5d4a414242fc5c928b52d3e8979e8bf23d8ed9feff522401e01c,0.036041259765625,-43.55787099910571,1.3049858047127814e-05,0.0,0.003947585978835979,171.875,17.946662553201868,0.9874476987447699
221732,15.36,IFA_60_38_2398.wav,44100,30-06-20 00:00,mosquito,culex pipiens complex,Female,f,Single,,LT,telinga,tascam,Tanzania,Kilombero District,Morogoro,Ifakara,cup,D:\VGU-27\Edge AI Project\data\audio\221732.wav,44100,1,PCM_24,15.36,0.0,0a89ede96a60a51226d0d6c3df73a2d3ab4790ce929b227cce7cb11be25776d0,ff955c55e46dfe10291d493f50855f38ffe8c10c79af15e1f78ea6d06dceb506,0.04400634765625,-45.406984489879804,1.521112336773631e-06,0.0,0.0049676988851096,156.25,17.755494768673664,0.9979123173277662
221702,15.36,IFA_60_39_2399.wav,44100,30-06-20 00:00,mosquito,culex pipiens complex,Female,f,Single,,LT,telinga,tascam,Tanzania,Kilombero District,Morogoro,Ifakara,cup,D:\VGU-27\Edge AI Project\data\audio\221702.wav,44100,1,PCM_24,15.36,0.0,f1d9b70756414c3e1255d96b13b1ea7b6125ee553fa631775b38610fbad85671,7c8b7a1a7f07c6c14d69e0c1ce2f0088180af68d3f6362dc2712de5be71614a5,0.027557373046875,-50.93119438308339,6.629356541420958e-05,0.0,0.005989288076341648,156.25,19.127295856901362,0.9937369519832986
221701,10.24,IFA_60_39_2399.wav,44100,30-06-20 00:00,mosquito,culex pipiens complex,Female,f,Single,,LT,telinga,tascam,Tanzania,Kilombero District,Morogoro,Ifakara,cup,D:\VGU-27\Edge AI Project\data\audio\221701.wav,44100,1,PCM_24,10.23997732426304,-2.2675736961019766e-05,5cdb2f6270a7ab6c11c40dd19a4305fc9400208e82defeb43f827cc659205831,5c053fc0f62adf68d8be0917ca8d3289da4c3abcec94d4455f7d06af21a932ba,0.058929443359375,-47.286598928235705,1.9426967320722326e-05,0.0,0.005155198490642916,156.25,20.05535627361518,0.9968652037617555
221715,25.54,IFA_60_40_2400.wav,44100,30-06-20 00:00,mosquito,culex pipiens complex,Female,f,Single,,LT,telinga,tascam,Tanzania,Kilombero District,Morogoro,Ifakara,cup,D:\VGU-27\Edge AI Project\data\audio\221715.wav,44100,1,PCM_24,25.54,0.0,3223fa45c5618dbeb2529311937f500e28f47af1cd5101dcfdf8047d29a7cf9c,94e79295afa69deb5490acf2ca2b2522be92f4911c4c61d6805400c7c82bf898,0.342926025390625,-43.057343282848734,1.5353242542918204e-05,0.0,0.004520941762243921,156.25,20.334985496320265,0.9949811794228356
221714,5.12,IFA_60_40_2400.wav,44100,30-06-20 00:00,mosquito,culex pipiens complex,Female,f,Single,,LT,telinga,tascam,Tanzania,Kilombero District,Morogoro,Ifakara,cup,D:\VGU-27\Edge AI Project\data\audio\221714.wav,44100,1,PCM_24,5.12,0.0,1d9956e5370eab3fcda758f6cab50ef650b2d62ec17294e62d6203e95587caa7,0a573949417eade792c91d4456ddf5391a2fbe248d6e4e3e63f34a7921e5b99b,0.036712646484375,-46.90454130972016,0.00011327558634232501,0.0,0.005199475623582766,156.25,19.59130292022943,1.0
221846,2.56,IFA_61_11_2411.wav,44100,05-07-20 00:00,mosquito,an arabiensis,Female,f,Single,,LT,telinga,tascam,Tanzania,Kilombero District,Morogoro,Ifakara,cup,D:\VGU-27\Edge AI Project\data\audio\221846.wav,44100,1,PCM_24,2.5599773242630386,-2.2675736961463855e-05,236e2a7f9d022c599b05d5858bc172309c3b0379ee575bec568ecb143a4b19be,719a90576545dce278561565ff27a08f62fd7ae90809cd2c22c14287209ad19d,0.03204345703125,-39.41844568057424,-6.713488741958789e-05,0.0,0.001558970725009965,750.0,11.700387159619456,0.7721518987341772
221845,5.12,IFA_61_11_2411.wav,44100,05-07-20 00:00,mosquito,an arabiensis,Female,f,Single,,LT,telinga,tascam,Tanzania,Kilombero District,Morogoro,Ifakara,cup,D:\VGU-27\Edge AI Project\data\audio\221845.wav,44100,1,PCM_24,5.119977324263038,-2.2675736961907944e-05,be6229cec69534532c86b64a8f32e992d1f3d2f8653b616dd389947531ff48af,66395e36874c9e5c8182c40e033402ab463001ab0551485b7b7afe0f7af8ba29,0.012603759765625,-52.82355649193146,0.00011001173937194685,0.0,0.006634453986208485,812.5,23.487947343499023,1.0
221844,2.56,IFA_61_11_2411.wav,44100,05-07-20 00:00,mosquito,an arabiensis,Female,f,Single,,LT,telinga,tascam,Tanzania,Kilombero District,Morogoro,Ifakara,cup,D:\VGU-27\Edge AI Project\data\audio\221844.wav,44100,1,PCM_24,2.5599773242630386,-2.2675736961463855e-05,8209bacb4bbfd59b1edd9aa05a6307ce9555c931a342546372b41c031ec7683b,8515cf04aa275505f63bcfdcfa227ef06be02c7aaf9e2b36ea53768f844f7c30,0.022247314453125,-50.63927986124274,-2.4621396592934807e-05,0.0,0.005606979937109704,812.5,21.494860799335278,1.0
221850,7.62,IFA_61_11_2411.wav,44100,05-07-20 00:00,mosquito,an arabiensis,Female,f,Single,,LT,telinga,tascam,Tanzania,Kilombero District,Morogoro,Ifakara,cup,D:\VGU-27\Edge AI Project\data\audio\221850.wav,44100,1,PCM_24,7.62,0.0,477982fba7bac0500d471e1b64864bde8a79f282f33e5405d154bf27f6f93968,316037131eb1e96df6870d4281ba1f0004c6f3c9e672eceb9953b4bf586129e9,0.0294189453125,-42.1920032101735,0.0003318776858505596,0.0,0.0017825152808279916,796.875,16.827932687870604,0.9873417721518988
221848,2.56,IFA_61_11_2411.wav,44100,05-07-20 00:00,mosquito,an arabiensis,Female,f,Single,,LT,telinga,tascam,Tanzania,Kilombero District,Morogoro,Ifakara,cup,D:\VGU-27\Edge AI Project\data\audio\221848.wav,44100,1,PCM_24,2.5599773242630386,-2.2675736961463855e-05,584ad58e69a3d265dc69c3554b9c32e5bf878b8ed9e401942b9db25856de348b,68f7d0d8f985a17fb3f0ac94468b666428eaca25978b4b0677387bda878724ae,0.01214599609375,-50.86737695368726,-0.0003555879711582112,0.0,0.00607644271225475,765.625,17.402434462490582,1.0
221847,2.56,IFA_61_11_2411.wav,44100,05-07-20 00:00,mosquito,an arabiensis,Female,f,Single,,LT,telinga,tascam,Tanzania,Kilombero District,Morogoro,Ifakara,cup,D:\VGU-27\Edge AI Project\data\audio\221847.wav,44100,1,PCM_24,2.56,0.0,1f551e500bd518ff0856066aac931751e8c8bf3c6881177f5785abcd8de54381,38d8623e3f962ef2b7749bbc8f0c19f7db14124ea417c652e9ab7831256e0d0d,0.0147705078125,-48.29985840150804,0.00122602969881088,0.0,0.005376629818594104,796.875,18.549320970808964,0.9873417721518988
221849,10.24,IFA_61_11_2411.wav,44100,05-07-20 00:00,mosquito,an arabiensis,Female,f,Single,,LT,telinga,tascam,Tanzania,Kilombero District,Morogoro,Ifakara,cup,D:\VGU-27\Edge AI Project\data\audio\221849.wav,44100,1,PCM_24,10.24,0.0,207de5c99fbf05aac4ef02fbfe180fc55011359367e7b0d3a8687ae71fd07662,03104b2e0af8fc25a5a620d516cb9ddbeef4937b473659318ed527824a3741ff,0.06268310546875,-44.25052655486317,-0.00022176955562600202,0.0,0.003450077947845805,796.875,20.008485293539824,0.9811912225705329
221823,10.24,IFA_61_12_2412.wav,44100,05-07-20 00:00,mosquito,an arabiensis,Female,f,Single,,LT,telinga,tascam,Tanzania,Kilombero District,Morogoro,Ifakara,cup,D:\VGU-27\Edge AI Project\data\audio\221823.wav,44100,1,PCM_24,10.24,0.0,617bb548fd3aa432700c740f395e60c739bd5780742005492b8551fc8a099a67,621c7a375389457771f58fc1bf0278ef2d6a802aeee1ce3abba8024400e6c405,0.027069091796875,-47.17709844460192,6.540021658484358e-06,0.0,0.004885026927437642,765.625,17.936439211125464,0.9905956112852664
221824,30.66,IFA_61_12_2412.wav,44100,05-07-20 00:00,mosquito,an arabiensis,Female,f,Single,,LT,telinga,tascam,Tanzania,Kilombero District,Morogoro,Ifakara,cup,D:\VGU-27\Edge AI Project\data\audio\221824.wav,44100,1,PCM_24,30.66,0.0,0405e957e4b145a50c8ed9ac9da2b2cede68dbb22d00de84752d69a227917b1f,0f6588d44778e4eeaece9a2ceeedb571ddc0447c8d3bb28f71f0adc08d22a806,0.057525634765625,-45.02789058067809,6.427319663154183e-05,0.0,0.004302917078986411,796.875,16.915600725830295,0.9916405433646813
221835,23.04,IFA_61_13_2413.wav,44100,05-07-20 00:00,mosquito,an arabiensis,Female,f,Single,,LT,telinga,tascam,Tanzania,Kilombero District,Morogoro,Ifakara,cup,D:\VGU-27\Edge AI Project\data\audio\221835.wav,44100,1,PCM_24,23.04,0.0,99e7dacbaf921a4d2a01d088643fa8739d539dc4bf7b5ebe7236e9bc40ff54ca,f7d7e082dd8730a966a6a89154d953f372e6e0b0118b96433c875c6d4efb9cdb,0.020538330078125,-51.05212564158124,7.265948864818371e-05,0.0,0.005423870937263794,484.375,18.328083768409297,1.0
221836,10.18,IFA_61_13_2413.wav,44100,05-07-20 00:00,mosquito,an arabiensis,Female,f,Single,,LT,telinga,tascam,Tanzania,Kilombero District,Morogoro,Ifakara,cup,D:\VGU-27\Edge AI Project\data\audio\221836.wav,44100,1,PCM_24,10.18,0.0,4d2971c28e32acbdb9be637ada17ec4f43d95f2911a45f279cf76001f81d5015,ef742ba7f6d1837d162c7d6320a82832640711f69a14174294c0e64f28f79e5e,0.019317626953125,-47.84252480671586,2.1236845844213177e-05,0.0,0.0034503650838200377,781.25,18.97370531496965,1.0
221831,2.56,IFA_61_16_2416.wav,44100,05-07-20 00:00,mosquito,an arabiensis,Female,f,Single,,LT,telinga,tascam,Tanzania,Kilombero District,Morogoro,Ifakara,cup,D:\VGU-27\Edge AI Project\data\audio\221831.wav,44100,1,PCM_24,2.5599773242630386,-2.2675736961463855e-05,72c9a49a933baec56c4ee09c82930e053f8568dd46fbbcdcda6cb90ac621906b,987fcaef9a2a2b0ac2cff5bd6992b1191078d37830ffc26ec5c5d3fe6de845c5,0.0064697265625,-56.30799055023155,-4.0319858278848706e-05,0.0,0.0073076752734842106,953.125,16.835358525348894,1.0
221841,10.24,IFA_61_19_2419.wav,44100,05-07-20 00:00,mosquito,culex pipiens complex,Female,f,Single,,LT,telinga,tascam,Tanzania,Kilombero District,Morogoro,Ifakara,cup,D:\VGU-27\Edge AI Project\data\audio\221841.wav,44100,1,PCM_24,10.24,0.0,808f31e063b3baa5bbfccca39a33d4e99f2b25cf97576b9f159f6fa679880d6e,52773ca190ef9f9af22128755b0d5e2bbefcdfb8708edb33d679797637a48201,0.051788330078125,-44.61216564449071,-7.611094148250935e-05,0.0,0.0031599879535147393,500.0,16.21733043671881,1.0
221840,2.56,IFA_61_19_2419.wav,44100,05-07-20 00:00,mosquito,culex pipiens complex,Female,f,Single,,LT,telinga,tascam,Tanzania,Kilombero District,Morogoro,Ifakara,cup,D:\VGU-27\Edge AI Project\data\audio\221840.wav,44100,1,PCM_24,2.5599773242630386,-2.2675736961463855e-05,4ea5e4f14d89131698ed773d5ada020f8233ea57b67b01bdf85524de923d3ecb,0fc1adb62c7bab9311cc4b633d017e18f19cf6365fc721a98d78eb7fc7b29283,0.0211181640625,-50.51545384574156,0.0003787023435423956,0.0,0.004738916692501882,1000.0,16.48979957757819,0.9746835443037974
221839,23.04,IFA_61_20_2420.wav,44100,05-07-20 00:00,mosquito,culex pipiens complex,Male,f,Single,,LT,telinga,tascam,Tanzania,Kilombero District,Morogoro,Ifakara,cup,D:\VGU-27\Edge AI Project\data\audio\221839.wav,44100,1,PCM_24,23.04,0.0,2e04a7ec4ff123ab66a36dda4ff773f4c51065eba208dfcc9badf4d26f6e7e16,851cbaed945fbb89b98a19b9672babcc283045c6cae4b2af7e8aaf409758b7ce,0.031951904296875,-46.57459399560511,3.1379465193014416e-06,0.0,0.003806846812799194,734.375,20.166948629001876,0.9986091794158554
221816,2.56,IFA_61_21_2421.wav,44100,05-07-20 00:00,mosquito,an arabiensis,Female,f,Single,,LT,telinga,tascam,Tanzania,Kilombero District,Morogoro,Ifakara,cup,D:\VGU-27\Edge AI Project\data\audio\221816.wav,44100,1,PCM_24,2.56,0.0,fc2c74d1954761f9fe993fb51a52f6a6071fb33bf7c688691b888fafb8801705,29c98a476b0b7a2d76fe487cff34674b97afc9d86151f0f261576a023fa51a4c,0.016632080078125,-49.95327419866393,-0.0001774437032859612,0.0,0.005677791950113378,750.0,22.829383765070155,1.0
221817,5.12,IFA_61_21_2421.wav,44100,05-07-20 00:00,mosquito,an arabiensis,Female,f,Single,,LT,telinga,tascam,Tanzania,Kilombero District,Morogoro,Ifakara,cup,D:\VGU-27\Edge AI Project\data\audio\221817.wav,44100,1,PCM_24,5.12,0.0,dad2a1fd428dd0e4a4b288f66d57ee45af1a309855acf0002e6b5faf677df927,451ea5cb67c3589cf9eeed5cde75d68df414351c12d96f741fc715f998006816,0.032196044921875,-48.20178094773124,0.00013574261784283213,0.0,0.006926729024943311,750.0,24.41481032167325,0.9937106918238994
221818,2.56,IFA_61_21_2421.wav,44100,05-07-20 00:00,mosquito,an arabiensis,Female,f,Single,,LT,telinga,tascam,Tanzania,Kilombero District,Morogoro,Ifakara,cup,D:\VGU-27\Edge AI Project\data\audio\221818.wav,44100,1,PCM_24,2.56,0.0,32acfffa653e004356b4b7ec6c402a0f9a0a5804f5448d71244a53854bd58bf9,d3ac3ad1edb93fb1d1be3c16db799c465d3f3467e9e7af20943ff7752d51bf2f,0.01458740234375,-49.59528966837054,9.66222378131754e-05,0.0,0.00561578798185941,765.625,21.678023679328607,1.0
221837,10.24,IFA_61_22_2422.wav,44100,05-07-20 00:00,mosquito,an arabiensis,Female,f,Single,,LT,telinga,tascam,Tanzania,Kilombero District,Morogoro,Ifakara,cup,D:\VGU-27\Edge AI Project\data\audio\221837.wav,44100,1,PCM_24,10.23997732426304,-2.2675736961019766e-05,eb9697859a5eb6030a3aa02b338390615f5fd60c1ab7f56bc3fd3ae9b21c3b31,17ed4196e9ed69caa992b7eba2fc1b9338076cf2069770be1f8d580807c7d9e0,0.022003173828125,-49.36858719681812,-3.0388975074903173e-05,0.0,0.005460790153748038,156.25,16.738601863285837,0.9937304075235109
221819,2.56,IFA_61_25_2425.wav,44100,05-07-20 00:00,mosquito,an arabiensis,Female,f,Single,,LT,telinga,tascam,Tanzania,Kilombero District,Morogoro,Ifakara,cup,D:\VGU-27\Edge AI Project\data\audio\221819.wav,44100,1,PCM_24,2.5599773242630386,-2.2675736961463855e-05,5fc86c251920f14c153685ce91794a945875d659fdf885b82e76b09cc332d724,cab0d4c41afbe573dc61d0e4f677bbf8e042c87344ca48bbfa773c07ba8e51e4,0.011962890625,-53.7091111281838,-0.000178345975432786,0.0,0.0066256255812923515,156.25,16.57665477330064,1.0
221820,10.24,IFA_61_25_2425.wav,44100,05-07-20 00:00,mosquito,an arabiensis,Female,f,Single,,LT,telinga,tascam,Tanzania,Kilombero District,Morogoro,Ifakara,cup,D:\VGU-27\Edge AI Project\data\audio\221820.wav,44100,1,PCM_24,10.23997732426304,-2.2675736961019766e-05,ce3fa26f612af65b8f9d6b92735b4a23f9ff34d3ad2d43b70850b544872b3400,77ec2bc9c845ae2312221812ef715cbaa76aa30664b1fc86c84187422af67d44,0.025390625,-47.70840155576642,4.692213724155498e-05,0.0,0.0048872521773406,812.5,19.388961879357986,1.0
221842,7.68,IFA_61_27_2427.wav,44100,05-07-20 00:00,mosquito,culex pipiens complex,Female,f,Single,,LT,telinga,tascam,Tanzania,Kilombero District,Morogoro,Ifakara,cup,D:\VGU-27\Edge AI Project\data\audio\221842.wav,44100,1,PCM_24,7.68,0.0,16f298b477aefb4575499c54472804de7ae0a652ef2c33fcbe272daa50626f76,554cdce7f8f41dbb1a8778a3f88a16a062820db5606320da21e7553aeb7ac386,0.069122314453125,-41.52874847070017,2.9058773591494976e-05,0.0,0.0035017479213907787,156.25,17.827659380214385,0.99581589958159
221830,5.12,IFA_61_28_2428.wav,44100,05-07-20 00:00,mosquito,culex pipiens complex,Female,f,Single,,LT,telinga,tascam,Tanzania,Kilombero District,Morogoro,Ifakara,cup,D:\VGU-27\Edge AI Project\data\audio\221830.wav,44100,1,PCM_24,5.119977324263038,-2.2675736961907944e-05,002e6f48e3bcbfa9e2917dfe9fdd31d8d33a0ad293e46e8f8d7cbfeb4269267a,e76f100dd839c1262cfb64636888df7f28356528de10bf4aeece4ad6149d9fe9,0.00616455078125,-56.17371547457231,0.00012112393252014584,0.0,0.008153557936321642,765.625,16.98951020783349,1.0
221827,7.68,IFA_61_28_2428.wav,44100,05-07-20 00:00,mosquito,culex pipiens complex,Female,f,Single,,LT,telinga,tascam,Tanzania,Kilombero District,Morogoro,Ifakara,cup,D:\VGU-27\Edge AI Project\data\audio\221827.wav,44100,1,PCM_24,7.68,0.0,c414c902a8dffe823f782d38b8bfc4d9d74732907f744d0a1f3d5853e1f32f52,4f812844be81bec91592067d8f583008b23dc73c4493da029039907d593008e5,0.015777587890625,-51.25534839838612,2.799652240894459e-05,0.0,0.005739795918367347,156.25,16.512420709078988,0.99581589958159
221828,5.12,IFA_61_28_2428.wav,44100,05-07-20 00:00,mosquito,culex pipiens complex,Female,f,Single,,LT,telinga,tascam,Tanzania,Kilombero District,Morogoro,Ifakara,cup,D:\VGU-27\Edge AI Project\data\audio\221828.wav,44100,1,PCM_24,5.119977324263038,-2.2675736961907944e-05,29be59c91da743e3614fe1be02a7be0c9bc15398702ed8015f95d03c99bc7077,3a6123819b75afe070c97d5237b389c83add7f267b0741910cac0e3d07fb7379,0.030517578125,-46.06217929004006,8.083871823631976e-05,0.0,0.005332364886111492,156.25,15.111018725459616,0.9937106918238994
221829,5.12,IFA_61_28_2428.wav,44100,05-07-20 00:00,mosquito,culex pipiens complex,Female,f,Single,,LT,telinga,tascam,Tanzania,Kilombero District,Morogoro,Ifakara,cup,D:\VGU-27\Edge AI Project\data\audio\221829.wav,44100,1,PCM_24,5.119977324263038,-2.2675736961907944e-05,a48e78e6c35fde20fb7617c68e1da048e65fc98b63a36e38d6ba0ed29be34be1,762de6c5134debfe50a3bda89682042e741ad33660966244994ecd9116a160a6,0.026214599609375,-47.74697799460369,5.543891759449281e-05,0.0,0.004814186570766771,156.25,16.115198268167713,1.0
221833,7.68,IFA_61_29_2429.wav,44100,05-07-20 00:00,mosquito,culex pipiens complex,Female,f,Single,,LT,telinga,tascam,Tanzania,Kilombero District,Morogoro,Ifakara,cup,D:\VGU-27\Edge AI Project\data\audio\221833.wav,44100,1,PCM_24,7.68,0.0,54be2a75ce1647243d466d4f953994979eb8873e521607c8eb60b771135f2dde,8d3d9395abbd2b3513a8cae36376cf59f8f7386edb5601d42b9d50c0acbf9af8,0.062408447265625,-42.215146443871035,1.5755719698836023e-05,0.0,0.003938728269085412,156.25,15.52397722432218,1.0
221834,2.56,IFA_61_29_2429.wav,44100,05-07-20 00:00,mosquito,culex pipiens complex,Female,f,Single,,LT,telinga,tascam,Tanzania,Kilombero District,Morogoro,Ifakara,cup,D:\VGU-27\Edge AI Project\data\audio\221834.wav,44100,1,PCM_24,2.5599773242630386,-2.2675736961463855e-05,6ae61b344e6c5814019c7316f67501951c2d14f0ecd64305f4c27c0519bae88e,f36b149a550cdb8c935ff0b8f5ffcc022e99d2a2d1a1dfe75cb19b8e9021075b,0.019683837890625,-50.46436566741035,0.000216634932746551,0.0,0.00639532308782497,156.25,15.720682189035621,1.0
221851,2.56,IFA_61_30_2430.wav,44100,05-07-20 00:00,mosquito,culex pipiens complex,Female,f,Single,,LT,telinga,tascam,Tanzania,Kilombero District,Morogoro,Ifakara,cup,D:\VGU-27\Edge AI Project\data\audio\221851.wav,44100,1,PCM_24,2.5599773242630386,-2.2675736961463855e-05,3b11a3c813ddb2042076517f0ed752017ea1b48251aff0966fb0988b0e2c7826,e15be9325b640f2845fae0080f28111345e21810c485142ea2538f2b44ea897d,0.016754150390625,-48.90323250512405,-0.00010328724933497387,0.0,0.003950573541786616,156.25,16.10081839841349,1.0
221857,30.66,IFA_61_31_2431.wav,44100,06-07-20 00:00,mosquito,an arabiensis,Female,f,Single,,LT,telinga,tascam,Tanzania,Kilombero District,Morogoro,Ifakara,cup,D:\VGU-27\Edge AI Project\data\audio\221857.wav,44100,1,PCM_24,30.66,0.0,df072ae213fe5ba5553627507f1c416548a3690251695c0fcbe489b77d24d79f,c50fde7128f01192f131997791028590940800cbedf38913c71281b0da7a96fd,0.027191162109375,-52.66949254120998,3.291649604163801e-05,0.0,0.0074077032422014254,437.5,21.42787207540971,1.0
221860,10.24,IFA_61_34_2434.wav,44100,06-07-20 00:00,mosquito,an arabiensis,Female,f,Single,,LT,telinga,tascam,Tanzania,Kilombero District,Morogoro,Ifakara,cup,D:\VGU-27\Edge AI Project\data\audio\221860.wav,44100,1,PCM_24,10.23997732426304,-2.2675736961019766e-05,f0c9944fffe071a56b6952b60fb1df994dd0e53d01cae8c2a40a2a9996d570cd,00bb841b9c4b08235f8c80c69c8b389d3b1cdfd359fb79215a0a8c992872baca,0.025299072265625,-50.91832645848902,6.0266984484129996e-05,0.0,0.00802953166970413,734.375,22.157787627440996,0.9968652037617555
221861,12.8,IFA_61_34_2434.wav,44100,06-07-20 00:00,mosquito,an arabiensis,Female,f,Single,,LT,telinga,tascam,Tanzania,Kilombero District,Morogoro,Ifakara,cup,D:\VGU-27\Edge AI Project\data\audio\221861.wav,44100,1,PCM_24,12.8,0.0,b49acca479f0f75e199e7346cf48db3a5e64c261047c7615b9b5095b38fb660c,9c9fc39a2a714dc59ddef688f6a79020b146a5c808b57f0eb2a90b3305d9c191,0.0240478515625,-50.6584255054333,6.863968172311242e-06,0.0,0.006850552721088436,781.25,17.4503908995242,0.9874686716791979
221863,56.26,IFA_61_35_2435.wav,44100,06-07-20 00:00,mosquito,an arabiensis,Female,f,Single,,LT,telinga,tascam,Tanzania,Kilombero District,Morogoro,Ifakara,cup,D:\VGU-27\Edge AI Project\data\audio\221863.wav,44100,1,PCM_24,56.26,0.0,26a114cb7d60ce7aa7ba45035df6d980aee8a8586e0056ff5e1d905d5ec660ea,4b1f8eede55fd7be034207ee70152383e0364b625ef17b75e2f647cad98404f1,0.023223876953125,-55.23929618511376,4.635453752225354e-05,0.0,0.008162217369469413,859.375,24.567768929399353,0.9960159362549801
221856,25.54,IFA_61_36_2436.wav,44100,06-07-20 00:00,mosquito,culex pipiens complex,Female,f,Single,,LT,telinga,tascam,Tanzania,Kilombero District,Morogoro,Ifakara,cup,D:\VGU-27\Edge AI Project\data\audio\221856.wav,44100,1,PCM_24,25.54,0.0,5520193e455b36261c28cd2e93d3788652935bb9b6369a51dd0af8da1b96fc68,9eaa9f8fa518b30ed344ac493f34b623cf22d6eca8e0692de508250237d9731f,0.022369384765625,-51.86438090873345,1.0131504076849352e-05,0.0,0.005764822243175527,1046.875,20.93841464503131,0.9949811794228356
221864,20.48,IFA_61_39_2439.wav,44100,06-07-20 00:00,mosquito,an arabiensis,Female,f,Single,,LT,telinga,tascam,Tanzania,Kilombero District,Morogoro,Ifakara,cup,D:\VGU-27\Edge AI Project\data\audio\221864.wav,44100,1,PCM_24,20.48,0.0,193bd4c16f1a17bd384137a1cba13c02ac9f09f67c26a12090b93d1ab3ed8964,3345ae1d7adb99463f14a6644c773c61cac3e32890065c6a80020abdc6332a00,0.035888671875,-46.521132617617084,1.5708256740959323e-05,0.0,0.0065281320861678,1062.5,16.479971076402265,0.97339593114241
221865,22.98,IFA_61_39_2439.wav,44100,06-07-20 00:00,mosquito,an arabiensis,Female,f,Single,,LT,telinga,tascam,Tanzania,Kilombero District,Morogoro,Ifakara,cup,D:\VGU-27\Edge AI Project\data\audio\221865.wav,44100,1,PCM_24,22.98,0.0,25a2d903b6a08ecb3474ef1f4193fefb560e382d1a1d725b1376b4e08470e80e,44f1ceaae00290c343c8b5d3096b2062438965a13627310fc57459502138ef78,0.208282470703125,-44.054995492181305,1.109731208673272e-05,0.0,0.006006406043705559,593.75,16.41514063519142,0.9804741980474198
221858,2.56,IFA_61_40_2440.wav,44100,06-07-20 00:00,mosquito,an arabiensis,Female,f,Single,,LT,telinga,tascam,Tanzania,Kilombero District,Morogoro,Ifakara,cup,D:\VGU-27\Edge AI Project\data\audio\221858.wav,44100,1,PCM_24,2.56,0.0,5ca28f0d0964678b871cc9e4cc5bc18a6a91171007550d35ba21a25fbdfe3756,0d059e0041c1cf0ee5b9e5607b7dc3878d383cab9a98a20da827fcf88335939e,0.06005859375,-45.40245174070443,7.274983421204583e-05,0.0,0.004570578231292517,343.75,16.44192824168472,0.9746835443037974
221859,35.78,IFA_61_40_2440.wav,44100,06-07-20 00:00,mosquito,an arabiensis,Female,f,Single,,LT,telinga,tascam,Tanzania,Kilombero District,Morogoro,Ifakara,cup,D:\VGU-27\Edge AI Project\data\audio\221859.wav,44100,1,PCM_24,35.78,0.0,53103a260c91561ba0321922563a3b9370895355909637324e12823d8d4c296d,327585334a62ddeb354371374576e8019d70ce21c81033b84e7a776e1e7de4c6,0.036346435546875,-51.25141088140588,7.082719361974166e-05,0.0,0.005502256799869193,921.875,32.40898640183955,0.9946284691136974
221853,30.72,IFA_62_11_2451.wav,44100,06-07-20 00:00,mosquito,an arabiensis,Female,f,Single,,LT,telinga,tascam,Tanzania,Kilombero District,Morogoro,Ifakara,cup,D:\VGU-27\Edge AI Project\data\audio\221853.wav,44100,1,PCM_24,30.72,0.0,625584b45b9b5dce040b7431372a59d733fffdd90e079b3d823a1c6be81981c4,b68ba4ca741e3472e71f3938436a3b4c648b9e4da09ca2c86b918d052e65e628,0.017913818359375,-52.06679008524351,1.4651164085866823e-05,0.0,0.007591795398715041,953.125,26.411579965479586,0.9854014598540146
221893,15.3,IFA_62_13_2453.wav,44100,07-07-20 00:00,mosquito,an arabiensis,Female,f,Single,,LT,telinga,tascam,Tanzania,Kilombero District,Morogoro,Ifakara,cup,D:\VGU-27\Edge AI Project\data\audio\221893.wav,44100,1,PCM_24,15.3,0.0,384cbbcddf291f819b975172b61ddee3e68e7a6ce25da87a8a13ff75482c3bed,47f361c95ad5c93fdd7fbf7980c731d4d00cb055112ac7fc6fcbb5445d7bc95f,0.159912109375,-41.34204648057781,6.412237384826615e-05,0.0,0.00445807952810754,156.25,16.506181672876757,0.9916142557651991
221892,2.56,IFA_62_13_2453.wav,44100,07-07-20 00:00,mosquito,an arabiensis,Female,f,Single,,LT,telinga,tascam,Tanzania,Kilombero District,Morogoro,Ifakara,cup,D:\VGU-27\Edge AI Project\data\audio\221892.wav,44100,1,PCM_24,2.56,0.0,961d0fc00b95d471025ce6c79c0d4dec6f0adaf4f21136099a2c1c87f37bf2a7,f70b129eb688ba02adec627b715f9efa4b5e44fffd3cbde89f569bc5a9fa871e,0.01470947265625,-50.34704750232692,7.381244581572863e-06,0.0,0.005978954081632653,156.25,18.453580327862685,1.0
221890,5.12,IFA_62_13_2453.wav,44100,07-07-20 00:00,mosquito,an arabiensis,Female,f,Single,,LT,telinga,tascam,Tanzania,Kilombero District,Morogoro,Ifakara,cup,D:\VGU-27\Edge AI Project\data\audio\221890.wav,44100,1,PCM_24,5.119977324263038,-2.2675736961907944e-05,9e81ac8ff414f129279f41437a70b84ac61a9d9ede3f03ddaa45bfb24778fc2e,79ac876cc6a2977b93b02e01f807a6d86a4bf1eb49ca35afc283701466a9ba3b,0.031036376953125,-46.700828948791234,-2.253646732660126e-05,0.0,0.0032197917543214743,156.25,16.617289443518953,0.9811320754716981
221891,10.24,IFA_62_13_2453.wav,44100,07-07-20 00:00,mosquito,an arabiensis,Female,f,Single,,LT,telinga,tascam,Tanzania,Kilombero District,Morogoro,Ifakara,cup,D:\VGU-27\Edge AI Project\data\audio\221891.wav,44100,1,PCM_24,10.23997732426304,-2.2675736961019766e-05,ad23b4194d9573d8772b7c3be3f2f4b96417d08c326d32a287d1f4c2e314f180,68f6921a85adb4a5c55422b10f1c17ec4162997aee6ada716299db954e061bce,0.06536865234375,-41.13818887090829,8.490707208205634e-06,0.0,0.003069203225099262,156.25,15.928793694638873,0.9686520376175548
221954,30.72,IFA_62_14_2454.wav,44100,07-07-20 00:00,mosquito,an arabiensis,Female,f,Single,,LT,telinga,tascam,Tanzania,Kilombero District,Morogoro,Ifakara,cup,D:\VGU-27\Edge AI Project\data\audio\221954.wav,44100,1,PCM_24,30.72,0.0,b836dc24e122fa29b62161a6f52f97237ad165caac5c7ae5c7c1cfbacaa83bcf,93e63f15c68d670daac7d880c2949e2b29db4ef8b8d8eb01b4f34a04f0b5d9bc,0.025421142578125,-51.16983894462899,2.9164962667636772e-05,0.0,0.007601391250944822,937.5,23.21797486387907,1.0
221941,30.66,IFA_62_15_2455.wav,44100,07-07-20 00:00,mosquito,an arabiensis,Female,t,Single,,LT,telinga,tascam,Tanzania,Kilombero District,Morogoro,Ifakara,cup,D:\VGU-27\Edge AI Project\data\audio\221941.wav,44100,1,PCM_24,30.66,0.0,bb71eaf8d3b7bfb1aa0d8c8a7de050fd5c4696ce8e5eab777ae0ee85f4ba6084,568d8596496f953faa994788569d38cf564cba8dfc1923cf5fd578f94897318d,0.041595458984375,-49.39357430578403,1.3181251122669932e-05,0.0,0.006784231413809272,921.875,22.923289780750096,0.9947753396029259
221876,5.12,IFA_62_17_2457.wav,44100,07-07-20 00:00,mosquito,an arabiensis,Female,f,Single,,LT,telinga,tascam,Tanzania,Kilombero District,Morogoro,Ifakara,cup,D:\VGU-27\Edge AI Project\data\audio\221876.wav,44100,1,PCM_24,5.12,0.0,c3992a4388ed8f414915fc5db5cbee62322e5e95398cc8bfa6cdbdcd6ebe4865,e2edc762c3779d3ef029eeec5bf5a2975caad9ded8bfa60ca3068ca888d34887,0.0186767578125,-51.63488372016798,5.79339576686591e-05,0.0,0.008676126700680272,859.375,19.961800662674563,0.9874213836477987
221877,33.22,IFA_62_17_2457.wav,44100,07-07-20 00:00,mosquito,an arabiensis,Female,f,Single,,LT,telinga,tascam,Tanzania,Kilombero District,Morogoro,Ifakara,cup,D:\VGU-27\Edge AI Project\data\audio\221877.wav,44100,1,PCM_24,33.22,0.0,56fbce00a54e79de323f03d924b3aa2e84370208e7f8d9c5df929ce016829434,e2f74b9c87a28b60fc570eb7a360aec513390ac16afdce7268294999d90db5c0,0.030914306640625,-49.83878739502967,3.279410302079579e-05,0.0,0.007175416825369521,859.375,21.13472895650482,0.9884281581485053
221894,33.22,IFA_62_18_2458.wav,44100,07-07-20 00:00,mosquito,an arabiensis,Female,f,Single,,LT,telinga,tascam,Tanzania,Kilombero District,Morogoro,Ifakara,cup,D:\VGU-27\Edge AI Project\data\audio\221894.wav,44100,1,PCM_24,33.22,0.0,adb47d2268810c76b4c2e3a90f5c36332c89d972dd92e2e1ff9a5521972ff187,1c8884b20ce7574a9f2ed39c211a16ca674b0c0f8e0b2e2a6d950501637e20fc,0.066986083984375,-49.32834718479867,2.5579632414484333e-05,0.0,0.0055808797530651835,921.875,18.61264947361318,0.9710703953712633
221913,35.84,IFA_62_19_2459.wav,44100,07-07-20 00:00,mosquito,an arabiensis,Female,f,Single,,LT,telinga,tascam,Tanzania,Kilombero District,Morogoro,Ifakara,cup,D:\VGU-27\Edge AI Project\data\audio\221913.wav,44100,1,PCM_24,35.84,0.0,340b5ecaf0194e64a9a2f5e23b87b136b615b37f40236c1b417174a071937c1a,5629598fb4e95f7772589a78804b763c619a6b119042ba63a7b706348534389d,0.084808349609375,-42.77021272258601,2.539441699073428e-05,0.0,0.005549987852283771,921.875,17.79057313494809,0.9839142091152815
221921,30.66,IFA_62_20_2460.wav,44100,07-07-20 00:00,mosquito,an arabiensis,Female,f,Single,,LT,telinga,tascam,Tanzania,Kilombero District,Morogoro,Ifakara,cup,D:\VGU-27\Edge AI Project\data\audio\221921.wav,44100,1,PCM_24,30.66,0.0,ad3667d97b75bac536edbf874c4b52fa6f2040812694ef06e9d184ce0a112a9b,92c6a70bc902bac9f9e0d0a084adbafe07065c66f6206aebdf70c6cf2ce79f8d,0.03131103515625,-51.587348006021045,2.700519448774495e-05,0.0,0.009238920617170547,859.375,20.68861300265324,0.9905956112852664
221926,30.66,IFA_62_21_2461.wav,44100,07-07-20 00:00,mosquito,an arabiensis,Female,f,Single,,LT,telinga,tascam,Tanzania,Kilombero District,Morogoro,Ifakara,cup,D:\VGU-27\Edge AI Project\data\audio\221926.wav,44100,1,PCM_24,30.66,0.0,e40081a8c9d2b5780914883f894e977b26d456e9060acff27d5ea93feb76a967,cdcf34869a62c5b29e6cfb60d549204b1c68e7bc68a10fcfa9d4dd432cce486e,0.01971435546875,-52.72474866199475,3.1468491798916374e-05,0.0,0.0062546871325177165,921.875,23.518144490928712,0.9916405433646813
221911,30.66,IFA_62_22_2462.wav,44100,07-07-20 00:00,mosquito,an arabiensis,Female,f,Single,,LT,telinga,tascam,Tanzania,Kilombero District,Morogoro,Ifakara,cup,D:\VGU-27\Edge AI Project\data\audio\221911.wav,44100,1,PCM_24,30.66,0.0,7530175b2950e8ca7763b01abc0f29b25aa247610fdd887c35e131387e124637,d04240e285067778d3393dc5bc9991406738ab0d8af467c288bc59a3d7143ffa,0.0389404296875,-51.98114617098078,3.194991850762579e-05,0.0,0.008818095622680471,859.375,25.134872086345478,0.9979101358411703
221929,30.66,IFA_62_23_2463.wav,44100,07-07-20 00:00,mosquito,an arabiensis,Female,f,Single,,LT,telinga,tascam,Tanzania,Kilombero District,Morogoro,Ifakara,cup,D:\VGU-27\Edge AI Project\data\audio\221929.wav,44100,1,PCM_24,30.66,0.0,53a319d94e18b15bdcdd015e4e69992fae2245c2fcc5f3eab13c47bff30e8bbc,7a1a2b997859604932da41e1cadd1b288669618c2ca32438270d780b7e5de249,0.022186279296875,-49.330912600268526,3.468380378403672e-05,0.0,0.005874539422205064,859.375,21.371442409543242,0.9968652037617555
221917,2.5,IFA_62_24_2464.wav,44100,07-07-20 00:00,mosquito,an arabiensis,Female,f,Single,,LT,telinga,tascam,Tanzania,Kilombero District,Morogoro,Ifakara,cup,D:\VGU-27\Edge AI Project\data\audio\221917.wav,44100,1,PCM_24,2.5,0.0,c711adc2e17f4a451c6396fc7a0cc4e00a5fddf2209e0cd08d41bbdaf73ab2e8,436851ad7abb9c2c3cf417d08b79a560f73ab4223fae922abc893306c9b77e23,0.03173828125,-52.49607885667605,-0.0001500994277919501,0.0,0.008326530612244898,562.5,13.449755761820947,0.8961038961038961
221915,20.48,IFA_62_24_2464.wav,44100,07-07-20 00:00,mosquito,an arabiensis,Female,f,Single,,LT,telinga,tascam,Tanzania,Kilombero District,Morogoro,Ifakara,cup,D:\VGU-27\Edge AI Project\data\audio\221915.wav,44100,1,PCM_24,20.48,0.0,31b4ba90ed2724272b1c611ab6cc97f4b1a346b25a83083ba80e790e8164b927,537c722431ae12b18d96eb786e955381dedfbcaf9e5c8814cd079ff91cd64381,0.04217529296875,-47.71773099883654,2.3307781370859297e-05,0.0,0.00731093218537415,765.625,16.904200390501874,0.97339593114241
221916,5.12,IFA_62_24_2464.wav,44100,07-07-20 00:00,mosquito,an arabiensis,Female,f,Single,,LT,telinga,tascam,Tanzania,Kilombero District,Morogoro,Ifakara,cup,D:\VGU-27\Edge AI Project\data\audio\221916.wav,44100,1,PCM_24,5.12,0.0,f54749f7692792b52cbb32e5e097e5dba3fcfce40a494ec6771767262389703f,df7b006c0936b9bcb41fedd9cf00d47dc5b57b566f6b92168d70b50421ceafb5,0.01153564453125,-55.303240695315964,-1.3474434141128783e-05,0.0,0.010607107426303854,562.5,16.866942532326195,0.9874213836477987
221897,48.58,IFA_62_25_2465.wav,44100,07-07-20 00:00,mosquito,an arabiensis,Female,f,Single,,LT,telinga,tascam,Tanzania,Kilombero District,Morogoro,Ifakara,cup,D:\VGU-27\Edge AI Project\data\audio\221897.wav,44100,1,PCM_24,48.58,0.0,11fc5bb8453ccddac039c2614c8d5d7eee80944862a5443f64e17a8fda3ec185,efd8e3b3da971203065da85adc27b961ac8ca1372db80d9d98ee95da90459774,0.048980712890625,-46.92520625015267,1.8027165232870028e-05,0.0,0.0073866516553101275,953.125,19.15236650306219,0.985497692814766
221957,7.68,IFA_62_27_2467.wav,44100,07-07-20 00:00,mosquito,an arabiensis,Female,f,Single,,LT,telinga,tascam,Tanzania,Kilombero District,Morogoro,Ifakara,cup,D:\VGU-27\Edge AI Project\data\audio\221957.wav,44100,1,PCM_24,7.68,0.0,587b419d3431a8aeb62f177e78a8104e4f649cff69b8264f3206266c6c6b7ac8,9e30e36c214893dcb834df7c770bc26bb21f3868a63c0625ece24dd04d6363cf,0.045867919921875,-46.48517838237848,4.4456775316395547e-05,0.0,0.005922855253212396,968.75,18.36288319134433,0.9790794979079498
221958,43.52,IFA_62_27_2467.wav,44100,07-07-20 00:00,mosquito,an arabiensis,Female,f,Single,,LT,telinga,tascam,Tanzania,Kilombero District,Morogoro,Ifakara,cup,D:\VGU-27\Edge AI Project\data\audio\221958.wav,44100,1,PCM_24,43.51997732426304,-2.267573696457248e-05,481f019ebc15fbe5e05cd9bc3a0d7237e82771c4e1056b5b846fbee8e8207d77,cf31caf72cabf93e357625a8a86fb921cc00a0aaa8c2dbbfd116de0a01c1bfb0,0.05523681640625,-45.430984790338194,9.352821953208407e-06,0.0,0.006655790782870848,500.0,17.906192228591607,0.9801324503311258
221895,10.24,IFA_62_28_2468.wav,44100,07-07-20 00:00,mosquito,an arabiensis,Female,f,Single,,LT,telinga,tascam,Tanzania,Kilombero District,Morogoro,Ifakara,cup,D:\VGU-27\Edge AI Project\data\audio\221895.wav,44100,1,PCM_24,10.23997732426304,-2.2675736961019766e-05,a781568a2280c0cd596fcf6dee4187dfdd55a99dd34695932253742cbc1f7530,badd2decffa8f6b6943ef4a745a97735500938b7698965848d91cd92c4d35064,0.042022705078125,-48.53928907722552,-1.2227696942443305e-05,0.0,0.005788526140266573,156.25,20.496740071288958,0.9937304075235109
221896,12.74,IFA_62_28_2468.wav,44100,07-07-20 00:00,mosquito,an arabiensis,Female,f,Single,,LT,telinga,tascam,Tanzania,Kilombero District,Morogoro,Ifakara,cup,D:\VGU-27\Edge AI Project\data\audio\221896.wav,44100,1,PCM_24,12.73997732426304,-2.2675736961019766e-05,be908662deae1db19ef41ad8640871e38464eddc3d9c56b5b354e9dfa86f5cdb,df3f7f1444340d09262715bef89caa945d5ee959378f17fe548c01a0388ff203,0.032440185546875,-48.55575306511984,4.966702122019021e-05,0.0,0.006809852749838475,859.375,17.646525715110812,0.9697732997481109
221920,38.34,IFA_62_29_2469.wav,44100,07-07-20 00:00,mosquito,an arabiensis,Female,f,Single,,LT,telinga,tascam,Tanzania,Kilombero District,Morogoro,Ifakara,cup,D:\VGU-27\Edge AI Project\data\audio\221920.wav,44100,1,PCM_24,38.34,0.0,cca322219f0cc5710f123e42b9cf915a26a7225bc7e5b866bb5d49ec7cb6dc52,199fb8bd4764ea56c78c84c7b732337920229b3888c372c6455a767eb169c15e,0.032623291015625,-48.76956920593565,4.0014087235512576e-05,0.0,0.005967610483595281,859.375,16.573582980075606,0.9598997493734336
221943,43.46,IFA_62_31_2471.wav,44100,07-07-20 00:00,mosquito,an arabiensis,Female,f,Single,,LT,telinga,tascam,Tanzania,Kilombero District,Morogoro,Ifakara,cup,D:\VGU-27\Edge AI Project\data\audio\221943.wav,44100,1,PCM_24,43.46,0.0,77480882ba509e8349a4244536898b65032c8a82d52d205f588fb22505686ce4,03b98d5890fdab5fef3d049a11065ed4fa00398d5210773d8ac9d74f213b0242,0.04693603515625,-47.43906600078532,1.6134277038540144e-05,0.0,0.004787157998649682,921.875,19.642573504160406,0.9793662490788504
221960,12.8,IFA_62_32_2472.wav,44100,07-07-20 00:00,mosquito,an arabiensis,Female,f,Single,,LT,telinga,tascam,Tanzania,Kilombero District,Morogoro,Ifakara,cup,D:\VGU-27\Edge AI Project\data\audio\221960.wav,44100,1,PCM_24,12.8,0.0,8c7918ef9eb9a5b589750b917dad4b1b955eb6df9d3f627c2bbf4f4f976eb189,c8b35f871ef2217750a569ac2f2fbc0f3985efbf9ae756ba6108c35131b0644d,0.058685302734375,-42.29667371206847,7.433642605805344e-05,0.0,0.005043579931972789,156.25,14.567949577659432,0.9323308270676691
221959,23.04,IFA_62_32_2472.wav,44100,07-07-20 00:00,mosquito,an arabiensis,Female,f,Single,,LT,telinga,tascam,Tanzania,Kilombero District,Morogoro,Ifakara,cup,D:\VGU-27\Edge AI Project\data\audio\221959.wav,44100,1,PCM_24,23.04,0.0,e93633b66d1a410471d6f9640d767e2789eac2b0feb9b15c7ea5fd1295e52301,19ab635e68e16742c4a0fa8abdc43758651b7b377e1e2f6bbf637a837a73b39e,0.03045654296875,-49.14818003328791,2.505149130077559e-05,0.0,0.006036037100025195,859.375,16.438967760680416,0.9735744089012517
221875,33.22,IFA_62_33_2473.wav,44100,07-07-20 00:00,mosquito,an arabiensis,Female,f,Single,,LT,telinga,tascam,Tanzania,Kilombero District,Morogoro,Ifakara,cup,D:\VGU-27\Edge AI Project\data\audio\221875.wav,44100,1,PCM_24,33.22,0.0,c898eb151aa90b760725797c6e472697c833be72aac6cde50274f189e1e319b9,66da6cf7a9f26ba5fb76de907abb1c4809569e0829f476ea638e4a8ad269423e,0.05438232421875,-45.10458881664229,3.269621776220271e-05,0.0,0.005084634696744441,828.125,15.065314738806986,0.9623915139826422
221906,28.1,IFA_62_34_2474.wav,44100,07-07-20 00:00,mosquito,an arabiensis,Female,f,Single,,LT,telinga,tascam,Tanzania,Kilombero District,Morogoro,Ifakara,cup,D:\VGU-27\Edge AI Project\data\audio\221906.wav,44100,1,PCM_24,28.1,0.0,ea081f28cafe56e4138e10eebcca36a115aecfee34fc7829ea8c9aeb2745a2ab,fcd144aeb6d2d63831a7ad67b8b97ee4eab0fd8f9227bdd27bf484df4294e9e7,0.1165771484375,-43.96688290200477,8.180812082395235e-05,0.0,0.00587309656958869,906.25,17.270310574719993,0.9680729760547321
221956,33.22,IFA_62_35_2475.wav,44100,07-07-20 00:00,mosquito,an arabiensis,Female,f,Single,,LT,telinga,tascam,Tanzania,Kilombero District,Morogoro,Ifakara,cup,D:\VGU-27\Edge AI Project\data\audio\221956.wav,44100,1,PCM_24,33.22,0.0,060d4d143d0aa5e9f1e525cb0905150761e83d6d4eabf43f1a641ae18f92009a,1c353e31e23f05a79b34bbfc420f23b33f33bd4b219f13dd6fcabfc20cfd8fc3,0.09527587890625,-42.61119275838205,5.431375737616314e-05,0.0,0.0042866835676674845,921.875,17.271761640886673,0.982642237222758
221961,43.46,IFA_62_36_2476.wav,44100,07-07-20 00:00,mosquito,an arabiensis,Female,f,Single,,LT,telinga,tascam,Tanzania,Kilombero District,Morogoro,Ifakara,cup,D:\VGU-27\Edge AI Project\data\audio\221961.wav,44100,1,PCM_24,43.46,0.0,3386bdcfc553ab0c72d537ec3369af5bef2fc92872d2fdc715141e73f4feffa1,a75df31860cf9bc0d2376e2e7dabc7338da2943060470a358968b6e8018f84ea,0.018524169921875,-53.08119658537785,2.5520992791471072e-05,0.0,0.007196650711212542,890.625,16.633055646276343,0.9859985261606485
221942,30.72,IFA_62_37_2477.wav,44100,07-07-20 00:00,mosquito,an arabiensis,Female,f,Single,,LT,telinga,tascam,Tanzania,Kilombero District,Morogoro,Ifakara,cup,D:\VGU-27\Edge AI Project\data\audio\221942.wav,44100,1,PCM_24,30.72,0.0,39b193a72aad78782fd43585e259bfdeb253adaefe66b4a8a0d8b2cef9883a5d,89c5673a6704ce9e35f9950d50b24828b3d920f1c66dac473b19591d951d0d6e,0.045318603515625,-47.614541737342364,2.8332322272764223e-05,0.0,0.004772829270597128,156.25,14.127041930176931,0.9426485922836287
221953,30.66,IFA_62_39_2479.wav,44100,07-07-20 00:00,mosquito,an arabiensis,Female,f,Single,,LT,telinga,tascam,Tanzania,Kilombero District,Morogoro,Ifakara,cup,D:\VGU-27\Edge AI Project\data\audio\221953.wav,44100,1,PCM_24,30.66,0.0,f6d7efa6381ca5bf26769068315653dee86190af85e0dd86bbba131d5ef40475,a678e3dbebd6ba13e3720d6a26d39175deb7772b7a53361eab974ef67cd45415,0.0184326171875,-51.21603019887782,1.8934289006545622e-05,0.0,0.005300619921810864,921.875,25.059235937884104,0.9905956112852664
221884,43.46,IFA_62_40_2480.wav,44100,07-07-20 00:00,mosquito,an arabiensis,Female,f,Single,,LT,telinga,tascam,Tanzania,Kilombero District,Morogoro,Ifakara,cup,D:\VGU-27\Edge AI Project\data\audio\221884.wav,44100,1,PCM_24,43.46,0.0,b378e2ae7ad6a43076dddca0ee2ca8fdd2df2abb0720950c5d9ac88b648bc0f3,0afa3650fe25f27d0834889b6af63a97e82ef13601e1275e261aca434a9ed0b0,0.061248779296875,-47.07264081424295,2.9261596893308922e-05,0.0,0.0047448953503782245,921.875,23.639828229170842,0.971997052321297
221888,35.84,IFA_63_10_2490.wav,44100,07-07-20 00:00,mosquito,an arabiensis,Female,f,Single,,LT,telinga,tascam,Tanzania,Kilombero District,Morogoro,Ifakara,cup,D:\VGU-27\Edge AI Project\data\audio\221888.wav,44100,1,PCM_24,35.84,0.0,b73fb07e60db8823fc32121c64391dfb39932f520ea6d12d4614258e245559e7,0d2f3d6fe8dac278b20c515e88c594afa6ededdb1c142ce80ade78e201ea312e,0.052886962890625,-47.77277886207838,1.2501335700121287e-05,0.0,0.007047573493683188,796.875,26.47818858106113,0.9955317247542449
221887,5.12,IFA_63_20_2500.wav,44100,07-07-20 00:00,mosquito,an arabiensis,Female,f,Single,,LT,telinga,tascam,Tanzania,Kilombero District,Morogoro,Ifakara,cup,D:\VGU-27\Edge AI Project\data\audio\221887.wav,44100,1,PCM_24,5.119977324263038,-2.2675736961907944e-05,e500b7e0805faf7559edf9d40baddc4f8c00bb985ebe92ac364bab0ae121e138,11ad233eacdd1c02d861e94fa2e38c4414d06450fdc62d8b2636500a6b3b53e2,0.013641357421875,-52.665691578861605,0.00010304918320482216,0.0,0.005890403071867346,156.25,16.730924335431357,0.9937106918238994
221886,28.16,IFA_63_20_2500.wav,44100,07-07-20 00:00,mosquito,an arabiensis,Female,f,Single,,LT,telinga,tascam,Tanzania,Kilombero District,Morogoro,Ifakara,cup,D:\VGU-27\Edge AI Project\data\audio\221886.wav,44100,1,PCM_24,28.16,0.0,294fa121240eaebcc6df1c90764caa720de60aee4986101b1166e2de92647612,5899332cb6336ce0a09f5d87fefa52842e1ea972b8f2b583ecb548b8684e060a,0.041748046875,-46.304524159533564,2.2297322295469443e-05,0.0,0.0053637458771387345,156.25,19.02486654015574,0.9965870307167235
221873,10.24,IFA_63_21_2501.wav,44100,07-07-20 00:00,mosquito,an arabiensis,Female,f,Single,,LT,telinga,tascam,Tanzania,Kilombero District,Morogoro,Ifakara,cup,D:\VGU-27\Edge AI Project\data\audio\221873.wav,44100,1,PCM_24,10.24,0.0,b8ced6db1f4a9d801c0136668b5ab3bf63b4568c8d9b66d39f9f71ac298bca75,d73f77f7b43e64305c44fdb9adcec75c4a1ca4c205846a0d5fd8c9476fa9bee3,0.0589599609375,-43.17569954794954,2.4540962275463978e-05,0.0,0.0039771116780045355,156.25,17.738182139418903,0.9749216300940439
221874,2.56,IFA_63_21_2501.wav,44100,07-07-20 00:00,mosquito,an arabiensis,Female,f,Single,,LT,telinga,tascam,Tanzania,Kilombero District,Morogoro,Ifakara,cup,D:\VGU-27\Edge AI Project\data\audio\221874.wav,44100,1,PCM_24,2.5599773242630386,-2.2675736961463855e-05,4c15a3fd345aca38d8502d0fc1833ee8a7939470d64bc14e1836813d4297e9a9,7a3bfbeaa2374965098d36ceb023051e1320ff8dc9a750dc33c257119a33672a,0.010467529296875,-54.27962380621713,-0.00012006292922212011,0.0,0.007298817485273927,812.5,19.015253168974116,1.0
221927,46.08,IFA_63_22_2502.wav,44100,07-07-20 00:00,mosquito,culex pipiens complex,Female,f,Single,,LT,telinga,tascam,Tanzania,Kilombero District,Morogoro,Ifakara,cup,D:\VGU-27\Edge AI Project\data\audio\221927.wav,44100,1,PCM_24,46.08,0.0,3c896080290de0223553b9e3b8285e7be4c2ff1cb51605ededf315f9aa08aade,ef16f74a3efd3d56aa542c5e0d4f75bc51767c92ca71a87ceaca640a5444ced8,0.029052734375,-49.61559725895985,2.4676668340596962e-05,0.0,0.005574452003023432,156.25,17.820228673756016,0.9881862404447533
221940,2.56,IFA_63_23_2503.wav,44100,07-07-20 00:00,mosquito,culex pipiens complex,Female,f,Single,,LT,telinga,tascam,Tanzania,Kilombero District,Morogoro,Ifakara,cup,D:\VGU-27\Edge AI Project\data\audio\221940.wav,44100,1,PCM_24,2.5599773242630386,-2.2675736961463855e-05,35f82bfd0902eb5643bf204fe96f2a020b7aec7e63eec3f86d3f46baf2e83579,dbcab129c3c9d73cc5ddc131d76f779ff61a54084f297109dd3bd93e73e85c68,0.0377197265625,-54.22484155617817,9.993016706618982e-05,0.0,0.008813499269232472,593.75,16.40545358839801,0.9873417721518988
221939,33.28,IFA_63_23_2503.wav,44100,07-07-20 00:00,mosquito,culex pipiens complex,Female,f,Single,,LT,telinga,tascam,Tanzania,Kilombero District,Morogoro,Ifakara,cup,D:\VGU-27\Edge AI Project\data\audio\221939.wav,44100,1,PCM_24,33.28,0.0,935767f292c5dba55fc5dd54386df00aa4398dc8da465b990fe97052a1a84638,cbd7accc348440779d113286a9cf0f370aeb8b8752b71eb69ef5c6c9694b87da,0.038360595703125,-46.370235310227706,2.1501484080257578e-05,0.0,0.005401840223268795,515.625,18.645875679924316,0.9894128970163619
221952,40.96,IFA_63_24_2504.wav,44100,07-07-20 00:00,mosquito,an arabiensis,Female,f,Single,,LT,telinga,tascam,Tanzania,Kilombero District,Morogoro,Ifakara,cup,D:\VGU-27\Edge AI Project\data\audio\221952.wav,44100,1,PCM_24,40.96,0.0,eaa2e287f697e5027e8564253eb23f8393aac6992fae8245a6f87c1215076b72,ae87e6f039f765d5a24c369ca14f7bf77e8bba1a4819683217a16b32bd81534f,0.066864013671875,-46.09173810637273,2.9962636581083543e-05,0.0,0.005466314129818594,828.125,20.18707372748597,0.9953088350273651
221905,7.68,IFA_63_27_2507.wav,44100,07-07-20 00:00,mosquito,culex pipiens complex,Female,f,Single,,LT,telinga,tascam,Tanzania,Kilombero District,Morogoro,Ifakara,cup,D:\VGU-27\Edge AI Project\data\audio\221905.wav,44100,1,PCM_24,7.68,0.0,ca690614170f215385305baf3bd62fc64573c8e9effeff9fad349ecd59360992,6272092b36a64e673f3206c38917f9d5ed80f711c3fc93cf25dab294c4dd99d4,0.050933837890625,-41.3394620517782,-2.8227642460114472e-05,0.0,0.00465620275888133,156.25,19.82208419087555,1.0
221902,12.8,IFA_63_27_2507.wav,44100,07-07-20 00:00,mosquito,culex pipiens complex,Female,f,Single,,LT,telinga,tascam,Tanzania,Kilombero District,Morogoro,Ifakara,cup,D:\VGU-27\Edge AI Project\data\audio\221902.wav,44100,1,PCM_24,12.8,0.0,29fff2be756f23c85e02e7af575f9f82817ce6a00beae4581e67f9267c1ccf39,4d04f763a83cfc4f2f0b74ea29f2745bec8e62f0de2fe2c6851528bf7601b647,0.0556640625,-43.42897811292641,4.857959660813381e-05,0.0,0.004908942743764172,156.25,15.546548672993659,0.9398496240601504
221903,10.24,IFA_63_27_2507.wav,44100,07-07-20 00:00,mosquito,culex pipiens complex,Female,f,Single,,LT,telinga,tascam,Tanzania,Kilombero District,Morogoro,Ifakara,cup,D:\VGU-27\Edge AI Project\data\audio\221903.wav,44100,1,PCM_24,10.24,0.0,267f3d2975cda56ddd55a0084b2453eb5969a5f64b18d6554014aeff679b5063,a6c2b7c2c2cfc0ba64b3e9b3c7dea42b8cfc42688ff8298e2ab208c6f0e50a6b,0.032318115234375,-44.0872992551195,3.9420025148629604e-05,0.0,0.0035652281746031745,156.25,15.242818980624689,0.9373040752351097
221904,2.56,IFA_63_27_2507.wav,44100,07-07-20 00:00,mosquito,culex pipiens complex,Female,f,Single,,LT,telinga,tascam,Tanzania,Kilombero District,Morogoro,Ifakara,cup,D:\VGU-27\Edge AI Project\data\audio\221904.wav,44100,1,PCM_24,2.5599773242630386,-2.2675736961463855e-05,72bafe7a0a26b9e62f9cd579cc4cfbfbd893efa1e44e66ff87a68a9c19209708,a16667fdc71dca161772eb91a238f1d64ec6c9d545f3194da8bef71e7774bfe4,0.02178955078125,-45.012448627428356,7.18368029508891e-05,0.0,0.002710483192346871,156.25,17.393734938250418,1.0
221924,15.36,IFA_63_28_2508.wav,44100,07-07-20 00:00,mosquito,an arabiensis,Female,f,Single,,LT,telinga,tascam,Tanzania,Kilombero District,Morogoro,Ifakara,cup,D:\VGU-27\Edge AI Project\data\audio\221924.wav,44100,1,PCM_24,15.36,0.0,49ad4b530244cf8f660441927a9158af5b9f763a9ab1b75996aa5ddc47ca135d,f6bd5e5c8f4659ccd330ea1b168ae15976a882f9e590fb2d360606bf48374c0d,0.04156494140625,-47.756479807053836,4.5436039533204235e-06,0.0,0.006525179516250945,156.25,17.84964781730952,0.9874739039665971
221925,17.92,IFA_63_28_2508.wav,44100,07-07-20 00:00,mosquito,an arabiensis,Female,f,Single,,LT,telinga,tascam,Tanzania,Kilombero District,Morogoro,Ifakara,cup,D:\VGU-27\Edge AI Project\data\audio\221925.wav,44100,1,PCM_24,17.92,0.0,db16603c51a88f9af0414e7ea6152ec0200821eab3793c77e4fd4ae5b164ef32,1efff03ef3b792cc87500a867a3d172b893696393c4f495fda597e6757ae86ef,0.020263671875,-50.42278006913071,3.498118789519621e-05,0.0,0.006075123501781665,156.25,16.5878481679429,0.9821109123434705
221879,7.68,IFA_63_29_2509.wav,44100,07-07-20 00:00,mosquito,an arabiensis,Female,f,Single,,LT,telinga,tascam,Tanzania,Kilombero District,Morogoro,Ifakara,cup,D:\VGU-27\Edge AI Project\data\audio\221879.wav,44100,1,PCM_24,7.68,0.0,a80a0e5568a04723a59f96b51d084d0f0ba188c7ecada5be9635f63189412354,28de6042ccde7eb5ed1f88a99e9a754e1e3ad994f66ad6a26e6168d81df924ab,0.06719970703125,-39.8270824765707,2.536535803693222e-05,0.0,0.00441999716553288,812.5,19.066567157512754,1.0
221878,7.68,IFA_63_29_2509.wav,44100,07-07-20 00:00,mosquito,an arabiensis,Female,f,Single,,LT,telinga,tascam,Tanzania,Kilombero District,Morogoro,Ifakara,cup,D:\VGU-27\Edge AI Project\data\audio\221878.wav,44100,1,PCM_24,7.68,0.0,c42b133341b2834a0f98879cc3df8aea3ee566dd01a95a31bf13e91028576d0e,6b3ba8606b34c82d2703d2101c716c8ce8149e254b8ec06079a187b5fd1af087,0.024749755859375,-48.22237657681602,1.2274862507123075e-05,0.0,0.006108867157974301,796.875,17.776425003870532,0.9790794979079498
221898,12.8,IFA_63_33_2513.wav,44100,07-07-20 00:00,mosquito,an arabiensis,Female,f,Single,,LT,telinga,tascam,Tanzania,Kilombero District,Morogoro,Ifakara,cup,D:\VGU-27\Edge AI Project\data\audio\221898.wav,44100,1,PCM_24,12.8,0.0,65173e1a7ac4b844f290492ecb629aa76f9a26dc7791f5c4b08fc4dc9b14a5b2,57c9e07e8472b83746043079f895d42178e7c516f5d29d7b28765c382e0db910,0.043853759765625,-43.06824245405412,1.4064317387518158e-05,0.0,0.004249929138321996,156.25,16.61377323619735,0.9774436090225563
221900,5.12,IFA_63_33_2513.wav,44100,07-07-20 00:00,mosquito,an arabiensis,Female,f,Single,,LT,telinga,tascam,Tanzania,Kilombero District,Morogoro,Ifakara,cup,D:\VGU-27\Edge AI Project\data\audio\221900.wav,44100,1,PCM_24,5.119977324263038,-2.2675736961907944e-05,6eea1e76a8613ca7738469c00d4080df2b414810fd25abb0fc17512afc98eb22,d102066ef6cf1089c40f2e36cfa9252feec63aea0c6d16f1de08d98c98065977,0.00787353515625,-55.56445616198292,8.52219091455843e-05,0.0,0.008033978325088245,843.75,16.294754482004816,0.9748427672955975
221899,10.24,IFA_63_33_2513.wav,44100,07-07-20 00:00,mosquito,an arabiensis,Female,f,Single,,LT,telinga,tascam,Tanzania,Kilombero District,Morogoro,Ifakara,cup,D:\VGU-27\Edge AI Project\data\audio\221899.wav,44100,1,PCM_24,10.23997732426304,-2.2675736961019766e-05,aa83a21a619522d93b9fc48ecd97246a12d993fa0157393be8f96b1372bd98a9,c37210146b6587e1078adf9c4a9a7c1a82cab6b0d46e822f6b6b7539642e1769,0.057769775390625,-41.80968372752892,6.677127127481271e-05,0.0,0.003454514452492676,156.25,15.356837731273727,0.9592476489028213
221901,2.5,IFA_63_33_2513.wav,44100,07-07-20 00:00,mosquito,an arabiensis,Female,f,Single,,LT,telinga,tascam,Tanzania,Kilombero District,Morogoro,Ifakara,cup,D:\VGU-27\Edge AI Project\data\audio\221901.wav,44100,1,PCM_24,2.5,0.0,6ec5df0d191b95443044c7a8de249e98f9d665fd056330278a096cade03255f1,4e460e13820b8f7d6b74724d4dd181d0fa647098b91f5cac208d16c10359e5f6,0.00592041015625,-59.74370263050122,-0.00012176887356505102,0.0,0.010403628117913833,734.375,15.931608126757721,1.0
221932,35.84,IFA_63_34_2514.wav,44100,07-07-20 00:00,mosquito,an arabiensis,Female,f,Single,,LT,telinga,tascam,Tanzania,Kilombero District,Morogoro,Ifakara,cup,D:\VGU-27\Edge AI Project\data\audio\221932.wav,44100,1,PCM_24,35.84,0.0,0d52a87d2f8af7a884fd5d1c4c4bf7cda4ffc554e09f6d9026bbcc62135cb1f5,a9d904910b3cc67bd15617c90b8067ee8479a192c1496500d95706ffbb872991,0.029693603515625,-47.89573312566091,5.055738568962451e-05,0.0,0.006156740970197603,828.125,17.43240335161199,0.9785522788203753
221923,5.12,IFA_63_36_2516.wav,44100,07-07-20 00:00,mosquito,culex pipiens complex,Female,f,Single,,LT,telinga,tascam,Tanzania,Kilombero District,Morogoro,Ifakara,cup,D:\VGU-27\Edge AI Project\data\audio\221923.wav,44100,1,PCM_24,5.119977324263038,-2.2675736961907944e-05,4e8e8f74aca56f369e7a386f830601007e0105d7ccf95e1a7cff5b49d9be8601,d687a2aceeca6c83d1b0b3e5b45ccd1e5999edea9d9c860ffc75afa9c5cd88d0,0.05712890625,-43.587210617903324,2.3807633237844953e-05,0.0,0.008215562179183403,156.25,18.33693694041741,1.0
221922,10.24,IFA_63_36_2516.wav,44100,07-07-20 00:00,mosquito,culex pipiens complex,Female,f,Single,,LT,telinga,tascam,Tanzania,Kilombero District,Morogoro,Ifakara,cup,D:\VGU-27\Edge AI Project\data\audio\221922.wav,44100,1,PCM_24,10.23997732426304,-2.2675736961019766e-05,d92acfb522d86887958f1a63bbfcd5bc469bb204ae839733278e4d605e07308b,36d7e884bc26f95b6f6f04f5cb746efb68fc638a829eada6c70862902a0e9246,0.03948974609375,-46.285580336264175,4.171320686929369e-05,0.0,0.006884670149230596,156.25,18.765341574255217,0.9968652037617555
221945,40.9,IFA_63_37_2517.wav,44100,07-07-20 00:00,mosquito,culex pipiens complex,Female,f,Single,,LT,telinga,tascam,Tanzania,Kilombero District,Morogoro,Ifakara,cup,D:\VGU-27\Edge AI Project\data\audio\221945.wav,44100,1,PCM_24,40.9,0.0,98a12eddb96792662d0e65c503a00131f0ed5e57fb74b2734e1ef3c9507f3fb6,f3bd65406511ffcf23c7d025ec74e9e10a6cecd605bb76403f60970691dc4146,0.045318603515625,-45.49294909694825,2.148192572955476e-05,0.0,0.005114515243750312,156.25,18.10241232019955,0.9882537196554424
221934,10.24,IFA_63_38_2518.wav,44100,07-07-20 00:00,mosquito,an arabiensis,Female,f,Single,,LT,telinga,tascam,Tanzania,Kilombero District,Morogoro,Ifakara,cup,D:\VGU-27\Edge AI Project\data\audio\221934.wav,44100,1,PCM_24,10.24,0.0,3240a9d2a6b06e1f746adf7a4a93cefaa7b39d34bb6a88f9439d4bad3b7c1342,f180c9997ec4edf528a59857aef32cd204de07dc94a75626c00b5dc2bc819060,0.06317138671875,-43.83945909406981,1.0907920309745806e-05,0.0,0.004045758928571429,156.25,16.046960415702852,0.9592476489028213
221933,12.8,IFA_63_38_2518.wav,44100,07-07-20 00:00,mosquito,an arabiensis,Female,f,Single,,LT,telinga,tascam,Tanzania,Kilombero District,Morogoro,Ifakara,cup,D:\VGU-27\Edge AI Project\data\audio\221933.wav,44100,1,PCM_24,12.8,0.0,d052d3a767472598e0810b1fc3138910235928b5505ee5de9c9277e83962e181,dea8389e476bf5d6e494774f51be986357afb9090032682631d073b134b9d27d,0.063720703125,-42.43291624483013,5.2353313991001675e-05,0.0,0.00401608560090703,421.875,16.162008312366428,0.974937343358396
221935,10.18,IFA_63_38_2518.wav,44100,07-07-20 00:00,mosquito,an arabiensis,Female,f,Single,,LT,telinga,tascam,Tanzania,Kilombero District,Morogoro,Ifakara,cup,D:\VGU-27\Edge AI Project\data\audio\221935.wav,44100,1,PCM_24,10.18,0.0,d8403894f4def75b2b0cf1df02a0ddcc43601c8788ded19544d12cef69820f34,c75b423d38e5061f89bfa820575fae00d2f504902cfa437d5b37f43cd44df3fc,0.047088623046875,-44.12266231560713,-3.765172428023886e-05,0.0,0.0036129710561369275,156.25,15.944465792152725,0.9810725552050473
221882,15.36,IFA_63_40_2520.wav,44100,07-07-20 00:00,mosquito,an arabiensis,Female,f,Single,,LT,telinga,tascam,Tanzania,Kilombero District,Morogoro,Ifakara,cup,D:\VGU-27\Edge AI Project\data\audio\221882.wav,44100,1,PCM_24,15.36,0.0,52daacbd1cdebaca8b7faa80cf7e5c655b3e2c7983a1e564dd28ccf2266d56b2,44015fddeeda27373681862be0e2e0d2135dc5d88964629c930f5e85a4f294f2,0.150177001953125,-38.0947306268705,4.7125603696746714e-05,0.0,0.004685728458049886,156.25,18.191214974671123,0.9916492693110647
221883,10.24,IFA_63_40_2520.wav,44100,07-07-20 00:00,mosquito,an arabiensis,Female,f,Single,,LT,telinga,tascam,Tanzania,Kilombero District,Morogoro,Ifakara,cup,D:\VGU-27\Edge AI Project\data\audio\221883.wav,44100,1,PCM_24,10.24,0.0,4b9da3d946cf316d115f070b2569bfa5113f34ad0e8c2ab844168e01453fb425,14d33f2d1f5a064b0c817b57d0a10a3c511367959dd0b4db358c64445068fe68,0.064361572265625,-40.579158531228245,7.049519729181752e-05,0.0,0.004411139455782313,156.25,17.871406898562633,0.9811912225705329
221971,12.8,IFA_64_10_2530.wav,44100,12-07-20 00:00,mosquito,an arabiensis,Female,f,Single,,LT,telinga,tascam,Tanzania,Kilombero District,Morogoro,Ifakara,cup,D:\VGU-27\Edge AI Project\data\audio\221971.wav,44100,1,PCM_24,12.8,0.0,4c55a7727f3fe21f89bc3d2e3d7834733bb6b49185400ac7ac36b7fd2a25cdf7,f06e8c391e156e7e64083500d49a6fc23a947387c92c4db4d7203a1a42d89dab,0.0472412109375,-47.40074508538284,-3.6018505658692514e-06,0.0,0.006421839569160997,156.25,17.724980837571266,0.9974937343358395
221973,10.18,IFA_64_10_2530.wav,44100,12-07-20 00:00,mosquito,an arabiensis,Female,f,Single,,LT,telinga,tascam,Tanzania,Kilombero District,Morogoro,Ifakara,cup,D:\VGU-27\Edge AI Project\data\audio\221973.wav,44100,1,PCM_24,10.18,0.0,b5d7e001d6d5c520d0aef39f5ac4d8c8bb0f8b63829529665c28c4e10b95cbf4,a8f56fa5781b459c91f9eec6eb84bdda253521afc7b2685649b0e7ffb08500c6,0.031982421875,-47.49427807562462,8.069037503160235e-06,0.0,0.004452730666595388,156.25,20.126975472354637,0.9968454258675079
221972,12.8,IFA_64_10_2530.wav,44100,12-07-20 00:00,mosquito,an arabiensis,Female,f,Single,,LT,telinga,tascam,Tanzania,Kilombero District,Morogoro,Ifakara,cup,D:\VGU-27\Edge AI Project\data\audio\221972.wav,44100,1,PCM_24,12.8,0.0,bcbae002be8da9c30690912ac06a3def4f0e9277c9f129a8d258c3777e428450,5038f5cc3def465bbe80d014b887a29d54d78a38ef308aadcb7ac6eb05b0d499,0.0263671875,-49.847372303891355,1.3685334566769415e-05,0.0,0.006820436507936508,156.25,18.557356500963657,0.9974937343358395
221984,12.8,IFA_64_11_2531.wav,44100,12-07-20 00:00,mosquito,an arabiensis,Female,f,Single,,LT,telinga,tascam,Tanzania,Kilombero District,Morogoro,Ifakara,cup,D:\VGU-27\Edge AI Project\data\audio\221984.wav,44100,1,PCM_24,12.8,0.0,9d7792938c7ffb0c84786abc36e6b91c3ed3d3d15a146636a6c44ce69d771500,406fe54ccb584cce98ca4653a9fa742e9ad9ffd80ed3b23c98a1976b9fa2537b,0.117523193359375,-40.14640282896826,-6.565355659882769e-05,0.0,0.0028149801587301587,781.25,19.76098189670283,0.9949874686716792
221989,46.08,IFA_64_12_2532.wav,44100,12-07-20 00:00,mosquito,an arabiensis,Female,f,Single,,LT,telinga,tascam,Tanzania,Kilombero District,Morogoro,Ifakara,cup,D:\VGU-27\Edge AI Project\data\audio\221989.wav,44100,1,PCM_24,46.08,0.0,bd9442019cb73f3766ce25aeff36b604a8e35a49d8f8932e048bc510311221c2,2ca78c67da5bc73249982e6dc4852205534b2b8d4c48c097be3f18229f975b57,0.04925537109375,-46.88467858107961,2.0506070224245838e-05,0.0,0.005450444066515495,781.25,20.651059963700874,0.9916608756080612
221990,2.5,IFA_64_12_2532.wav,44100,12-07-20 00:00,mosquito,an arabiensis,Female,f,Single,,LT,telinga,tascam,Tanzania,Kilombero District,Morogoro,Ifakara,cup,D:\VGU-27\Edge AI Project\data\audio\221990.wav,44100,1,PCM_24,2.5,0.0,154b5235a284ba2894b0a827daa11a5d30714486187220d7ab06f4d1ccc9566b,d4fb4de6f1d1e1e9ff105ed511f36be7e9226d20fd1092823d3e8e76da58f0d9,0.010772705078125,-50.50957991004072,0.00024567245517998865,0.0,0.0037369614512471655,156.25,15.615784741762742,0.961038961038961
221980,33.28,IFA_64_13_2533.wav,44100,12-07-20 00:00,mosquito,an arabiensis,Female,f,Single,,LT,telinga,tascam,Tanzania,Kilombero District,Morogoro,Ifakara,cup,D:\VGU-27\Edge AI Project\data\audio\221980.wav,44100,1,PCM_24,33.28,0.0,af0a8978303f8c05ccff02ac2b22fd39240f868c84fb0399a4af9001ebac7953,2105cd5e1ec7f9dd7917d9f5efd5080b4a16c1b4dde4e00cf161f483415ed350,0.0152587890625,-52.027260067766164,3.606601886759248e-05,0.0,0.006348933804290947,156.25,18.24092043345641,0.9961501443695862
221981,10.24,IFA_64_13_2533.wav,44100,12-07-20 00:00,mosquito,an arabiensis,Female,f,Single,,LT,telinga,tascam,Tanzania,Kilombero District,Morogoro,Ifakara,cup,D:\VGU-27\Edge AI Project\data\audio\221981.wav,44100,1,PCM_24,10.23997732426304,-2.2675736961019766e-05,b355f1dbbac1e83ea9ecfd0a59f1cdd223efcd648529329e30d084446c8e25d0,a82738e81e7bd4608cf6b5f719d7f25d7e78ccf9c14465115408268d5a9ae1cd,0.023681640625,-48.69183330040556,-2.1687083141761868e-05,0.0,0.0064705713013997425,562.5,17.225751459892773,0.9905956112852664
221964,35.84,IFA_64_14_2534.wav,44100,12-07-20 00:00,mosquito,an arabiensis,Female,f,Single,,LT,telinga,tascam,Tanzania,Kilombero District,Morogoro,Ifakara,cup,D:\VGU-27\Edge AI Project\data\audio\221964.wav,44100,1,PCM_24,35.84,0.0,b4dd91b8badc96c38605a535ea343c81f8a12259d0bf29e577c28f671eab7235,dbb7e0e3b71ce67a83a74ae86936137129416aede364facf83f6b11a06aa5081,0.0260009765625,-50.55787367718071,3.3077276135325084e-05,0.0,0.006133331308713962,156.25,18.313090093151725,0.9937444146559428
221974,30.72,IFA_64_17_2537.wav,44100,12-07-20 00:00,mosquito,an arabiensis,Female,f,Single,,LT,telinga,tascam,Tanzania,Kilombero District,Morogoro,Ifakara,cup,D:\VGU-27\Edge AI Project\data\audio\221974.wav,44100,1,PCM_24,30.72,0.0,718a1b8e11c0fbec10043e4365f1ea01ed12a9bb8c7039f35305f2d9205b0661,4d3b470ff807c5f303691bbe9013c8bd864fd0094d40421a966e00354ce74f18,0.034393310546875,-51.5307514767764,2.0697994477264103e-05,0.0,0.007006448412698413,859.375,23.963914686862175,0.9947862356621481
221992,25.54,IFA_64_22_2542.wav,44100,12-07-20 00:00,mosquito,an arabiensis,Female,f,Single,,LT,telinga,tascam,Tanzania,Kilombero District,Morogoro,Ifakara,cup,D:\VGU-27\Edge AI Project\data\audio\221992.wav,44100,1,PCM_24,25.54,0.0,481a8612cb0dad8214bbae3e510c73891ff033b09548c0288bd414c6da35a773,66e8b524960cbb6e6eee274b13bf23622c844b1f89e3ca629d194d74f4436207,0.01739501953125,-53.91220715653263,4.050813354862631e-05,0.0,0.009943053180551782,156.25,18.66216111476487,0.9912170639899623
221991,15.36,IFA_64_22_2542.wav,44100,12-07-20 00:00,mosquito,an arabiensis,Female,f,Single,,LT,telinga,tascam,Tanzania,Kilombero District,Morogoro,Ifakara,cup,D:\VGU-27\Edge AI Project\data\audio\221991.wav,44100,1,PCM_24,15.36,0.0,537d9c59070f66433b31c8348338f2d45eff8c427d8f7ac039c8c18a4455aa6f,dfa23b2bfc1be2ced66d9bbff40c1cb93732f73309b8101a8fd0659756e51db4,0.020538330078125,-53.62363234284427,-7.1200744184867415e-06,0.0,0.008863614890400605,906.25,21.05849097697807,0.9958246346555324
221975,35.84,IFA_64_23_2543.wav,44100,12-07-20 00:00,mosquito,culex pipiens complex,Female,f,Single,,LT,telinga,tascam,Tanzania,Kilombero District,Morogoro,Ifakara,cup,D:\VGU-27\Edge AI Project\data\audio\221975.wav,44100,1,PCM_24,35.84,0.0,152c27ee351b18c515ee028191e7d8e7dbfee71e45639f161cb484e5978b0f90,243cf61a6cca3d0ede759e6b63ea74bbc5d208f0e03951409fef99d71329c2c3,0.038665771484375,-49.95006864424859,1.2515874831159794e-05,0.0,0.006557868683187561,156.25,20.4606384984101,0.9803395889186773
222059,28.16,IFA_64_30_2550.wav,44100,13-07-20 00:00,mosquito,an arabiensis,Female,f,Single,,LT,telinga,tascam,Tanzania,Kilombero District,Morogoro,Ifakara,cup,D:\VGU-27\Edge AI Project\data\audio\222059.wav,44100,1,PCM_24,28.15997732426304,-2.2675736961019766e-05,720502960e679e0526c271f52b3f0552099443dd9bffe5eeb92c67ec83d8ca13,a1e9798b017045083f17cd432af20226dde4bda85e61a108c14c6c40ffeb6169,0.059967041015625,-45.3186777363596,1.2064623831070756e-05,0.0,0.006313136396761297,156.25,18.16720735198667,0.9863481228668942
222058,7.68,IFA_64_30_2550.wav,44100,13-07-20 00:00,mosquito,an arabiensis,Female,f,Single,,LT,telinga,tascam,Tanzania,Kilombero District,Morogoro,Ifakara,cup,D:\VGU-27\Edge AI Project\data\audio\222058.wav,44100,1,PCM_24,7.68,0.0,3d438af797aa54ef37761f4fec9fb19c1326e1dc1ba75ec87363d0765e7507a0,a93042e9618db83ec38161afcd8e11904c414fb38c1b355cca1be188ce4cf55b,0.0281982421875,-51.41540285293604,3.559221756431251e-05,0.0,0.0078095474300831445,937.5,17.210514987687628,0.99581589958159
222043,7.68,IFA_64_31_2551.wav,44100,13-07-20 00:00,mosquito,an arabiensis,Female,f,Single,,LT,telinga,tascam,Tanzania,Kilombero District,Morogoro,Ifakara,cup,D:\VGU-27\Edge AI Project\data\audio\222043.wav,44100,1,PCM_24,7.68,0.0,71aceee6ff6e88ce089360f7b3f6d7fa530b858f6892d0c29f70d6625462b285,ca370b49e3569c4f59914dc1917f1fb7bd53832b6080f50f76b698c498e84038,0.01800537109375,-52.113414098305526,0.00011695827936819802,0.0,0.007821357709750567,812.5,16.132540439745508,0.9790794979079498
222042,17.92,IFA_64_31_2551.wav,44100,13-07-20 00:00,mosquito,an arabiensis,Female,f,Single,,LT,telinga,tascam,Tanzania,Kilombero District,Morogoro,Ifakara,cup,D:\VGU-27\Edge AI Project\data\audio\222042.wav,44100,1,PCM_24,17.919977324263037,-2.267573696457248e-05,34026175ef3fe2803255a81c2a47e35b5f1c7e11375bddd05e4f60b7f722617a,e80e43a90d2dd114c77dc4c532fd30b6e642f4c3b1e7bfe9e75fd5acf85f8601,0.051422119140625,-46.98169890751874,3.672635487492186e-05,0.0,0.0061535852890970315,156.25,19.490489568064305,0.9910554561717353
222008,33.28,IFA_64_32_2552.wav,44100,13-07-20 00:00,mosquito,an arabiensis,Female,f,Single,,LT,telinga,tascam,Tanzania,Kilombero District,Morogoro,Ifakara,cup,D:\VGU-27\Edge AI Project\data\audio\222008.wav,44100,1,PCM_24,33.28,0.0,a4618d906cccc9e1b437bf2e6fc98eaa4775260c8bcd1dcd60d88dfccad682cd,a77dfdc8b57fea9ee399440aa2b3431785d6daac43d2efc97fd4fa2e7967c3e7,0.055633544921875,-46.978217733431464,2.9981084338204307e-05,0.0,0.007427530306994593,156.25,18.93863171784718,0.9932627526467758
222036,7.68,IFA_64_33_2553.wav,44100,13-07-20 00:00,mosquito,an arabiensis,Female,f,Single,,LT,telinga,tascam,Tanzania,Kilombero District,Morogoro,Ifakara,cup,D:\VGU-27\Edge AI Project\data\audio\222036.wav,44100,1,PCM_24,7.68,0.0,811dd63ac00ce2d948bd038f05e8e79b84e117ef2f7c43e0de0782e4ae1ae0dc,bea1505f2a8f6eff9479e6fda85301056027bccce66f4cd4aa35be1084d9a190,0.015960693359375,-54.851307837892016,5.340765392969525e-05,0.0,0.008586073318216175,265.625,18.91477549638637,0.9916317991631799
222035,20.48,IFA_64_33_2553.wav,44100,13-07-20 00:00,mosquito,an arabiensis,Female,f,Single,,LT,telinga,tascam,Tanzania,Kilombero District,Morogoro,Ifakara,cup,D:\VGU-27\Edge AI Project\data\audio\222035.wav,44100,1,PCM_24,20.48,0.0,1c28845e06808b694a26919aa87944198e2528e89cf342fd01e23f72603a2d52,f9ff35c788b71d098c7528881b8058305f555305e1b430364281fd7db2f886cd,0.022796630859375,-51.88531559060497,1.4995602793704356e-05,0.0,0.009035971159297052,453.125,18.588911078057446,0.9968701095461658
222034,7.68,IFA_64_34_2554.wav,44100,13-07-20 00:00,mosquito,an arabiensis,Female,f,Single,,LT,telinga,tascam,Tanzania,Kilombero District,Morogoro,Ifakara,cup,D:\VGU-27\Edge AI Project\data\audio\222034.wav,44100,1,PCM_24,7.68,0.0,a859eac689c0fc555e299ac5bea88cdcb9fbb8f483bd98b43c1373d6af92daf4,fefdb1f6ec131c531fa74b5ce006675ef88ec0634e61cb12a2bdc9e88c8ec920,0.034698486328125,-47.08079680526082,6.057354688464199e-05,0.0,0.008293768896447468,796.875,21.412565724794234,1.0
222033,10.24,IFA_64_34_2554.wav,44100,13-07-20 00:00,mosquito,an arabiensis,Female,f,Single,,LT,telinga,tascam,Tanzania,Kilombero District,Morogoro,Ifakara,cup,D:\VGU-27\Edge AI Project\data\audio\222033.wav,44100,1,PCM_24,10.24,0.0,0dc895ce75b0c6954cdc26cd8e9c3b14413e36ed6ff230b575f04551bfc71a1c,0268b37327362a62a62aa7c6cb10a58377051f78b033047b47916c7f90a05167,0.0380859375,-42.29056358319206,6.445079974306414e-05,0.0,0.003835388321995465,812.5,19.209019755109736,0.9843260188087775
222032,7.68,IFA_64_34_2554.wav,44100,13-07-20 00:00,mosquito,an arabiensis,Female,f,Single,,LT,telinga,tascam,Tanzania,Kilombero District,Morogoro,Ifakara,cup,D:\VGU-27\Edge AI Project\data\audio\222032.wav,44100,1,PCM_24,7.68,0.0,e11ff01bccf77e78e18eba364b722223b0115e00dace16feb11c134fd824fe29,fd2fb40d0c2186a566edf5f143ea70c407fe82acd727bce15540d1d5c2e5688e,0.04742431640625,-46.09796665783556,7.439776973479279e-05,0.0,0.005792942176870749,265.625,20.009177970152695,0.9832635983263598
222020,10.24,IFA_64_35_2555.wav,44100,13-07-20 00:00,mosquito,an arabiensis,Female,f,Single,,LT,telinga,tascam,Tanzania,Kilombero District,Morogoro,Ifakara,cup,D:\VGU-27\Edge AI Project\data\audio\222020.wav,44100,1,PCM_24,10.24,0.0,5e37190d94747b91ec7726a9092457b916848ffeb6f533379b0508d3e66da0de,98e6cb767b3af981e49abb579850124ff5db98ec8ab5bd7b09d9473042bf72cd,0.138824462890625,-38.67019560059701,-4.628449340526209e-05,0.0,0.004856239370748299,156.25,19.073310933798833,0.9968652037617555
222021,2.56,IFA_64_35_2555.wav,44100,13-07-20 00:00,mosquito,an arabiensis,Female,f,Single,,LT,telinga,tascam,Tanzania,Kilombero District,Morogoro,Ifakara,cup,D:\VGU-27\Edge AI Project\data\audio\222021.wav,44100,1,PCM_24,2.5599773242630386,-2.2675736961463855e-05,256f8a140fc0edbf70c6d6ce76a3a90e326bdb7ee1f23b14429e801dd6e03cb9,723967a27f04bc40133aa21212ea9be46094d505b4417ae279028e4ad4b7b975,0.06341552734375,-34.77457161110456,0.00044738237004309867,0.0,0.0018689933123699012,156.25,19.20880400285465,1.0
222039,12.8,IFA_64_36_2556.wav,44100,13-07-20 00:00,mosquito,an arabiensis,Female,t,Single,,LT,telinga,tascam,Tanzania,Kilombero District,Morogoro,Ifakara,cup,D:\VGU-27\Edge AI Project\data\audio\222039.wav,44100,1,PCM_24,12.799977324263038,-2.2675736962796122e-05,e919850f4f1c134b6bb1b693dc6da3e2bdfa15c09e82c1df98a2e1b4eb4acec6,61d096ccb69581318ca4034b3c69057ad0537195a3f58518811ce1bc662dea1c,0.04510498046875,-45.466299559717875,7.660380891951362e-05,0.0,0.00725624868241334,781.25,19.79534017587697,1.0
222038,7.68,IFA_64_36_2556.wav,44100,13-07-20 00:00,mosquito,an arabiensis,Female,t,Single,,LT,telinga,tascam,Tanzania,Kilombero District,Morogoro,Ifakara,cup,D:\VGU-27\Edge AI Project\data\audio\222038.wav,44100,1,PCM_24,7.68,0.0,99c312cd830d357cfd38a1f6c264df30f566c00d2739f940fad8d94a37c83a10,8aab20918a4ccc897c0d11d3fc6362955b3c3e4c5e56d436b0177aef3f610bb6,0.025054931640625,-48.508009134921565,6.21718343963969e-05,0.0,0.007588104686318972,781.25,20.192659162184455,1.0
222037,2.56,IFA_64_36_2556.wav,44100,13-07-20 00:00,mosquito,an arabiensis,Female,t,Single,,LT,telinga,tascam,Tanzania,Kilombero District,Morogoro,Ifakara,cup,D:\VGU-27\Edge AI Project\data\audio\222037.wav,44100,1,PCM_24,2.56,0.0,3c39db6f9d59f3d12d1ae25b40281124256b9cc0398ef706f5713cdf1b53972b,8521a5fa2c71a5a0436f9eec0e5446d7f9c524d01d796fcded8e6b2611620b67,0.01824951171875,-51.116453410247466,-2.6242262652131166e-06,0.0,0.007192460317460317,812.5,24.20080019619671,0.9873417721518988
222040,10.24,IFA_64_36_2556.wav,44100,13-07-20 00:00,mosquito,an arabiensis,Female,t,Single,,LT,telinga,tascam,Tanzania,Kilombero District,Morogoro,Ifakara,cup,D:\VGU-27\Edge AI Project\data\audio\222040.wav,44100,1,PCM_24,10.24,0.0,14e15848280cb6c3fe4221e97d75b660ba88b89ecd4188530e7b879cbf8c26fb,83ea54f59a6318930d9eada6cdc7f4cc0577c3792c46f5604d75da16038b1f58,0.04681396484375,-44.48682024997518,-9.269488641734567e-05,0.0,0.005469635770975057,812.5,19.581181195996436,0.9968652037617555
222019,38.4,IFA_64_37_2557.wav,44100,13-07-20 00:00,mosquito,an arabiensis,Female,f,Single,,LT,telinga,tascam,Tanzania,Kilombero District,Morogoro,Ifakara,cup,D:\VGU-27\Edge AI Project\data\audio\222019.wav,44100,1,PCM_24,38.4,0.0,54dd8c0fb848ffe96e4a84195498b556792fdd8869e1058733c2ab94ca2e37a7,7125b2243449d3c6aca64a476fc9d2a90e055ba8cd3a3a7e40c59266fbec430c,0.038330078125,-47.74793910222031,3.46061233670443e-05,0.0,0.006848781179138322,156.25,18.90643100196074,0.994161801501251
222026,30.66,IFA_64_38_2558.wav,44100,13-07-20 00:00,mosquito,an arabiensis,Female,f,Single,,LT,telinga,tascam,Tanzania,Kilombero District,Morogoro,Ifakara,cup,D:\VGU-27\Edge AI Project\data\audio\222026.wav,44100,1,PCM_24,30.66,0.0,19738bc900f280ba341c22a74e41c818234026df0b6a3faeb3492e5a540c8dc4,f2fd9bcf37ab2707fb862da41d8d148229d13c6b671a5f045baa0e59af15764f,0.029083251953125,-52.85551204822377,-6.518535692248333e-06,0.0,0.009133159678309246,828.125,22.480196693282334,1.0
222046,5.06,IFA_64_39_2559.wav,44100,13-07-20 00:00,mosquito,an arabiensis,Female,f,Single,,LT,telinga,tascam,Tanzania,Kilombero District,Morogoro,Ifakara,cup,D:\VGU-27\Edge AI Project\data\audio\222046.wav,44100,1,PCM_24,5.059977324263039,-2.2675736961019766e-05,1bd77a70c0f1f373212ac9263e42ee8e089f1e0af1025322ffa4475805da1fe8,cf8217dc2cc21cf1a5f70b91c757240db2a7ebe94e26dc71deef4a819b935b36,0.014434814453125,-48.51922258455105,0.00013675121710904066,0.0,0.004355912075108113,796.875,15.360611136894391,0.9617834394904459
222024,23.04,IFA_64_40_2560.wav,44100,13-07-20 00:00,mosquito,an arabiensis,Female,f,Single,,LT,telinga,tascam,Tanzania,Kilombero District,Morogoro,Ifakara,cup,D:\VGU-27\Edge AI Project\data\audio\222024.wav,44100,1,PCM_24,23.04,0.0,19e4fcf0f77d022974147b801dff4b24a8167a8fcc1687b0591cc4dc42595d48,e095feeb08097fd047f578cca6de8477950e8bb203431693a1b223e9a2ca7b23,0.037933349609375,-46.60743034541858,2.608373742405129e-05,0.0,0.004409171075837742,781.25,20.845620054306444,0.9930458970792768
222025,7.68,IFA_64_40_2560.wav,44100,13-07-20 00:00,mosquito,an arabiensis,Female,f,Single,,LT,telinga,tascam,Tanzania,Kilombero District,Morogoro,Ifakara,cup,D:\VGU-27\Edge AI Project\data\audio\222025.wav,44100,1,PCM_24,7.68,0.0,1e8c1b9cf21e8aaa80421a21dfe1f7a38488682d30ec13aa5f42de0f1a81afc8,6963344fd816d680ddb6f6dadf7647476ef827c6710b83347995d8861c6f0356,0.027435302734375,-47.303564355361935,-1.5918720155976887e-05,0.0,0.0056394085411942555,843.75,20.992103553929322,1.0
222051,5.12,IFA_65_10_2570.wav,44100,13-07-20 00:00,mosquito,an arabiensis,Female,t,Single,,LT,telinga,tascam,Tanzania,Kilombero District,Morogoro,Ifakara,cup,D:\VGU-27\Edge AI Project\data\audio\222051.wav,44100,1,PCM_24,5.119977324263038,-2.2675736961907944e-05,4af5acca53aed8e14adaa6ef82254b97d4aaa8755f1423cbbb2415e6431e964d,e46223aebe8460228dc94c93b865b5fd9cf820901900195bde08845b7a81f1cb,0.032928466796875,-45.07404358597565,3.77545060943389e-05,0.0,0.004614887218711109,921.875,18.539295862022257,1.0
222050,23.04,IFA_65_10_2570.wav,44100,13-07-20 00:00,mosquito,an arabiensis,Female,t,Single,,LT,telinga,tascam,Tanzania,Kilombero District,Morogoro,Ifakara,cup,D:\VGU-27\Edge AI Project\data\audio\222050.wav,44100,1,PCM_24,23.04,0.0,3ab8b69defeb9490cad451fd52d8f96f66e190000d5ba4ea55a0319cd61c7584,d596ec191603c18e2c74752f8089a793a637f42c03bb66dcf4634af6ca9c6b1d,0.083892822265625,-43.03809980066944,1.9200504742211737e-05,0.0,0.005444538926681784,156.25,20.264952334450506,1.0
222049,7.68,IFA_65_10_2570.wav,44100,13-07-20 00:00,mosquito,an arabiensis,Female,t,Single,,LT,telinga,tascam,Tanzania,Kilombero District,Morogoro,Ifakara,cup,D:\VGU-27\Edge AI Project\data\audio\222049.wav,44100,1,PCM_24,7.68,0.0,8e7c2087b73d5674d7c7b85d2687fbcb2f3ae247eef66cdb1f37144a711c0450,22d114621042b7102866360d434986a46508e6efea481e0b9a851b16d3232289,0.01495361328125,-55.26479717024315,7.193960750634618e-05,0.0,0.009870441232048374,937.5,20.31506104492264,0.9916317991631799
222017,5.12,IFA_65_11_2571.wav,44100,13-07-20 00:00,mosquito,an arabiensis,Female,f,Single,,LT,telinga,tascam,Tanzania,Kilombero District,Morogoro,Ifakara,cup,D:\VGU-27\Edge AI Project\data\audio\222017.wav,44100,1,PCM_24,5.12,0.0,9da1ed9ff9f2586efa22f3adead9679fb2005420dd223341db185bf3518198ef,d098b804ac7bee9f960ec20bd95f4ea973f682218b7a68d9e5ace1ef3dfa2c15,0.06561279296875,-40.00474125885893,9.765065446191904e-05,0.0,0.006027671485260771,156.25,20.64836643603437,1.0
222016,17.92,IFA_65_11_2571.wav,44100,13-07-20 00:00,mosquito,an arabiensis,Female,f,Single,,LT,telinga,tascam,Tanzania,Kilombero District,Morogoro,Ifakara,cup,D:\VGU-27\Edge AI Project\data\audio\222016.wav,44100,1,PCM_24,17.919977324263037,-2.267573696457248e-05,b394031fb0b0db171929293efbd698083b6f5be5747e84cc15e2bfa1cc43abbc,76c698e5f0e6e6606b85917c090f60c825d65423790742b57fa692eee218580d,0.05584716796875,-45.4425243196353,2.1891633991792846e-05,0.0,0.0038936010558403384,781.25,20.659645676104358,0.9785330948121646
222061,2.56,IFA_65_12_2572.wav,44100,13-07-20 00:00,mosquito,an arabiensis,Female,f,Single,,LT,telinga,tascam,Tanzania,Kilombero District,Morogoro,Ifakara,cup,D:\VGU-27\Edge AI Project\data\audio\222061.wav,44100,1,PCM_24,2.5599773242630386,-2.2675736961463855e-05,75241d89bfec9019000a4981c94149649a8a7336efce823d7252b0dcd682caa3,0d35082496449969cf473b733783b3d5ccef7b4eb8191a01255893caf04bd630,0.025970458984375,-45.73469502407441,0.0001827905479960638,0.0,0.004003720271048319,296.875,19.15896782596318,1.0
222060,17.92,IFA_65_12_2572.wav,44100,13-07-20 00:00,mosquito,an arabiensis,Female,f,Single,,LT,telinga,tascam,Tanzania,Kilombero District,Morogoro,Ifakara,cup,D:\VGU-27\Edge AI Project\data\audio\222060.wav,44100,1,PCM_24,17.919977324263037,-2.267573696457248e-05,dfa7c99c475af4a531b105654d892abb67d9bdbf61b8d78e7ae1aa3dca420811,ae3e96b2011f3666b4a92f04d2be529a63aeb4169f54cf913ec4aa7e7df1ac3e,0.025543212890625,-51.06322324869514,4.2905087911002205e-05,0.0,0.007106422986545122,218.75,18.662152143435062,0.998211091234347
222053,12.8,IFA_65_13_2573.wav,44100,13-07-20 00:00,mosquito,an arabiensis,Female,f,Single,,LT,telinga,tascam,Tanzania,Kilombero District,Morogoro,Ifakara,cup,D:\VGU-27\Edge AI Project\data\audio\222053.wav,44100,1,PCM_24,12.8,0.0,7dd02b6031fa7dac8f77f56734843766fe8adc25acb297d5a064f22a954a7e31,90b5ff950a22c6b712d9eb10c7ec288ad268a3eb344f9c79c5bdf2be447a6d10,0.025054931640625,-49.4373685792648,7.352407286767246e-05,0.0,0.006203939909297052,890.625,21.294774964299993,0.9799498746867168
222052,12.8,IFA_65_13_2573.wav,44100,13-07-20 00:00,mosquito,an arabiensis,Female,f,Single,,LT,telinga,tascam,Tanzania,Kilombero District,Morogoro,Ifakara,cup,D:\VGU-27\Edge AI Project\data\audio\222052.wav,44100,1,PCM_24,12.8,0.0,4c2f24043f1ad899d055216685ddc48fb6bfb5b6cdc20623c5721f2bd508fee7,bede10dce518ddf9a4a29e9c84bc90358295f55af2e029d4823a0285b13b411e,0.031768798828125,-51.293256872626415,9.209985365402672e-06,0.0,0.008627409297052155,921.875,24.393297107393032,0.9974937343358395
222007,25.54,IFA_65_15_2575.wav,44100,13-07-20 00:00,mosquito,an arabiensis,Female,f,Single,,LT,telinga,tascam,Tanzania,Kilombero District,Morogoro,Ifakara,cup,D:\VGU-27\Edge AI Project\data\audio\222007.wav,44100,1,PCM_24,25.54,0.0,eb316aeb3ef0d5e44748b61394272fc6212d4841b3d85eaddf49de7c5deb9e13,bb03b8353db2463f704f5b06f659c07fb80615cdb02535a5f6d9543f42386235,0.0523681640625,-44.507529125806826,4.389079284562298e-05,0.0,0.005059867852126494,156.25,19.058764347671133,0.9949811794228356
222041,38.34,IFA_65_21_2581.wav,44100,13-07-20 00:00,mosquito,an arabiensis,Female,f,Single,,LT,telinga,tascam,Tanzania,Kilombero District,Morogoro,Ifakara,cup,D:\VGU-27\Edge AI Project\data\audio\222041.wav,44100,1,PCM_24,38.34,0.0,c13784c4a99bec402ba6440637e5f4da9f25ac4b5f09af701638942333572be8,660f911980cada325ea125ddd9ed83c546754a35108ea9ca3a41eeef6841f8cc,0.045623779296875,-50.13275342962647,2.8600385877785082e-05,0.0,0.006786160821483871,921.875,24.21971723239984,0.9766081871345029
222013,15.36,IFA_65_23_2583.wav,44100,13-07-20 00:00,mosquito,culex pipiens complex,Female,f,Single,,LT,telinga,tascam,Tanzania,Kilombero District,Morogoro,Ifakara,cup,D:\VGU-27\Edge AI Project\data\audio\222013.wav,44100,1,PCM_24,15.36,0.0,731996915e93aeab9963607e7af8ee5974c9e1238b4b263b79db20e6b1e5159a,4761898700a25c2ec3c27f9b069fa2cc60746c2e6a46f1584ef92e577f82b693,0.0609130859375,-45.606027397499496,3.904626843430108e-05,0.0,0.0060365291950113375,1031.25,17.292582882288528,0.9895615866388309
222014,17.86,IFA_65_23_2583.wav,44100,13-07-20 00:00,mosquito,culex pipiens complex,Female,f,Single,,LT,telinga,tascam,Tanzania,Kilombero District,Morogoro,Ifakara,cup,D:\VGU-27\Edge AI Project\data\audio\222014.wav,44100,1,PCM_24,17.86,0.0,e45c10ecdf0a1dfc507d73bc222271dfaf9ea4594e408083252127840b8b1ee2,e49d348487cb7d89d6e40441a8e49a267bd1bcf97fc5e934a367a8ebec1d584f,0.044097900390625,-47.13653175060106,3.640654784421e-05,0.0,0.005213134152503854,156.25,16.784641136420916,0.9658886894075404
222056,48.58,IFA_65_24_2584.wav,44100,13-07-20 00:00,mosquito,an arabiensis,Female,f,Single,,LT,telinga,tascam,Tanzania,Kilombero District,Morogoro,Ifakara,cup,D:\VGU-27\Edge AI Project\data\audio\222056.wav,44100,1,PCM_24,48.58,0.0,5e938fd1cbf5df5f2e7ac1cbda371bae4e1a226bd71d00355d657d8782416d82,b1a3d807beb3789bd324ae58b32bdcea1a867be1508fec92134388ccdb936fda,0.03387451171875,-50.44026362327746,3.49742102073607e-05,0.0,0.007322704023286273,921.875,24.687169877644433,0.998681608437706
222018,51.2,IFA_65_25_2585.wav,44100,13-07-20 00:00,mosquito,an arabiensis,Female,f,Single,,LT,telinga,tascam,Tanzania,Kilombero District,Morogoro,Ifakara,cup,D:\VGU-27\Edge AI Project\data\audio\222018.wav,44100,1,PCM_24,51.2,0.0,0408cf551ccfd556d4e2660a723bd2fa16389e770a8c92c7d07d1e7088c2112c,5cd611880ef05b99cc6fcfcd9cc93f7279bc5ec4d8f80e6101805119e32804ca,0.044891357421875,-50.28629936893044,3.19726207629353e-05,0.0,0.00833953373015873,859.375,29.09537871222392,0.9987492182614134
221995,12.8,IFA_65_28_2588.wav,44100,13-07-20 00:00,mosquito,an arabiensis,Female,f,Single,,LT,telinga,tascam,Tanzania,Kilombero District,Morogoro,Ifakara,cup,D:\VGU-27\Edge AI Project\data\audio\221995.wav,44100,1,PCM_24,12.8,0.0,59d5d035477550a2b3dc94ba20d63aa6118687fa419d23345f04f89464859265,12a7eac4f958fac20a41b42d2e8063517f28bc01f9580ee7343f761a35570a80,0.122161865234375,-38.391043887528504,9.177163614978054e-05,0.0,0.005927579365079365,890.625,18.829797976896337,0.9949874686716792
222045,48.58,IFA_65_33_2593.wav,44100,13-07-20 00:00,mosquito,culex pipiens complex,Female,f,Single,,LT,telinga,tascam,Tanzania,Kilombero District,Morogoro,Ifakara,cup,D:\VGU-27\Edge AI Project\data\audio\222045.wav,44100,1,PCM_24,48.58,0.0,c3b3e0a691109a0c374ae6f91d2ce616345dc6f4610f6bcd6b8b50db93c21794,25273b7842150d305468e913b4ce8856a1860287cd160a0f3a497ee09e56cad0,0.0430908203125,-48.538033939699616,2.6866214398169638e-05,0.0,0.00554710699979182,390.625,20.69094511556688,0.979564930784443
222004,17.92,IFA_65_34_2594.wav,44100,13-07-20 00:00,mosquito,culex pipiens complex,Female,f,Single,,LT,telinga,tascam,Tanzania,Kilombero District,Morogoro,Ifakara,cup,D:\VGU-27\Edge AI Project\data\audio\222004.wav,44100,1,PCM_24,17.92,0.0,10dec89135002367fc75ca3fe3b6f2ea8e0f035d4ffd02ebe64f2f36b2a7c883,2dc772150ea4dd17436e49f9f185595f01bb597aa5b5375db858a026ec46b5f9,0.03741455078125,-43.33616988414386,4.024844668542524e-05,0.0,0.00416312358276644,156.25,17.96475967116252,0.9910554561717353
222002,15.36,IFA_65_34_2594.wav,44100,13-07-20 00:00,mosquito,culex pipiens complex,Female,f,Single,,LT,telinga,tascam,Tanzania,Kilombero District,Morogoro,Ifakara,cup,D:\VGU-27\Edge AI Project\data\audio\222002.wav,44100,1,PCM_24,15.36,0.0,eed2e31f5710deaa7a3ff554551dbeb8e78a4ee5278629f1dc64d0d6f16eb021,761ef75ae8ef0689152698234a9e1c241f824e571146223317b8ae4c4d672793,0.06060791015625,-43.500137837222894,5.514254105064063e-05,0.0,0.0037099041005291006,156.25,17.825581267470085,0.9895615866388309
222003,7.68,IFA_65_34_2594.wav,44100,13-07-20 00:00,mosquito,culex pipiens complex,Female,f,Single,,LT,telinga,tascam,Tanzania,Kilombero District,Morogoro,Ifakara,cup,D:\VGU-27\Edge AI Project\data\audio\222003.wav,44100,1,PCM_24,7.68,0.0,8218b01997f08d73d9cc94f684c93d0a3a20339f76ac9d0d8a1c0f1f47cf36b8,024cb7a4caa95cd634c525502f37bf8e663454ae2bdb5e8f1b75ccc57606a4c3,0.080078125,-39.45479242649303,0.00011714777077857239,0.0,0.002999811035525321,156.25,16.464675238159096,0.9874476987447699
222064,40.96,IFA_65_35_2595.wav,44100,13-07-20 00:00,mosquito,culex pipiens complex,Female,f,Single,,LT,telinga,tascam,Tanzania,Kilombero District,Morogoro,Ifakara,cup,D:\VGU-27\Edge AI Project\data\audio\222064.wav,44100,1,PCM_24,40.96,0.0,53460bafb9f0d2773e51924df1341a82eaa69bd64350738f78fc1830e99ba72b,8fa6ebb8a1c7ba215b3ab6fb8b1aef3c12e3abb3b07de70ec21eb42e69620fdc,0.08203125,-43.25304192396149,3.815523418439489e-05,0.0,0.004178070967970521,421.875,18.738418570298492,0.9906176700547302
222048,20.48,IFA_65_37_2597.wav,44100,13-07-20 00:00,mosquito,culex pipiens complex,Female,f,Single,,LT,telinga,tascam,Tanzania,Kilombero District,Morogoro,Ifakara,cup,D:\VGU-27\Edge AI Project\data\audio\222048.wav,44100,1,PCM_24,20.48,0.0,574d0c3a8b19eac28b9631aa359037f5839ad176a361e1ecb5fa4f791fd1d0c9,60da02782025ee4ac4e5cdb79beba984c7f4a54d32343ee5e75d507277e2b9f5,0.105621337890625,-40.92714554680647,2.4191883145546425e-05,0.0,0.004576114299886622,156.25,14.863203971634428,0.9640062597809077
222047,15.36,IFA_65_37_2597.wav,44100,13-07-20 00:00,mosquito,culex pipiens complex,Female,f,Single,,LT,telinga,tascam,Tanzania,Kilombero District,Morogoro,Ifakara,cup,D:\VGU-27\Edge AI Project\data\audio\222047.wav,44100,1,PCM_24,15.36,0.0,8a1b58d60c720b301a4ca1c3bda85dafc6a02809e46ce2ea8074b90aaa3b5254,606f050f213efe937a349ce1978b2a6c7c1821077c998c5219dde3e7717e45dd,0.043975830078125,-44.60130991307074,4.243891255385211e-05,0.0,0.003723190665154951,156.25,13.856390764012012,0.9352818371607515
222063,10.24,IFA_65_38_2598.wav,44100,13-07-20 00:00,mosquito,culex pipiens complex,Female,f,Single,,LT,telinga,tascam,Tanzania,Kilombero District,Morogoro,Ifakara,cup,D:\VGU-27\Edge AI Project\data\audio\222063.wav,44100,1,PCM_24,10.23997732426304,-2.2675736961019766e-05,63bbc178d568326636c6301d772f33faca9b9a8ca839de3f2b002bee711e9863,67560c1e6c8cc29a82c21720d3871b079245a86651fdd73b8676c09820b239e8,0.068267822265625,-41.16737188726211,1.7784727320510572e-05,0.0,0.00441779252097621,156.25,18.690648019814432,0.9937304075235109
222062,12.8,IFA_65_38_2598.wav,44100,13-07-20 00:00,mosquito,culex pipiens complex,Female,f,Single,,LT,telinga,tascam,Tanzania,Kilombero District,Morogoro,Ifakara,cup,D:\VGU-27\Edge AI Project\data\audio\222062.wav,44100,1,PCM_24,12.8,0.0,300d93cfffd0bbc592b6f0e8cba886486b671981cabfd804054dd1251eb4f0c7,574a66a686a0028bd670b1b6509a90181b0f657ed1b491d14655b4f05b61d13d,0.028350830078125,-53.281660238052154,-3.0179683313348124e-06,0.0,0.00940688775510204,390.625,21.67714330563058,0.9924812030075187
222055,12.8,IFA_65_39_2599.wav,44100,13-07-20 00:00,mosquito,culex pipiens complex,Female,f,Single,,LT,telinga,tascam,Tanzania,Kilombero District,Morogoro,Ifakara,cup,D:\VGU-27\Edge AI Project\data\audio\222055.wav,44100,1,PCM_24,12.799977324263038,-2.2675736962796122e-05,81ebf41053e71f85209b2e3f308ffcfc5c1fab04799cae9012164395cbb75b05,6a3438afbb64238382b36a0c156e96080683cfad390a63b86e0e5094032c5063,0.04248046875,-47.29744007538621,3.1421840306088665e-05,0.0,0.007382028383695408,156.25,17.472070770311305,0.9899749373433584
222054,17.92,IFA_65_39_2599.wav,44100,13-07-20 00:00,mosquito,culex pipiens complex,Female,f,Single,,LT,telinga,tascam,Tanzania,Kilombero District,Morogoro,Ifakara,cup,D:\VGU-27\Edge AI Project\data\audio\222054.wav,44100,1,PCM_24,17.919977324263037,-2.267573696457248e-05,c93a920044fcfbd8d591648475c7132e5e0a058b184fc5e89b89fb499944d2b2,1f813b44b237eb8287cd04f4346524961b0d5e54a70e687848cff490f830d768,0.072723388671875,-45.56241006472199,1.9882721290683038e-05,0.0,0.007270923518641074,156.25,17.698464478847903,0.9821109123434705
222069,48.58,IFA_65_40_2600.wav,44100,14-07-20 00:00,mosquito,an arabiensis,Female,f,Single,,LT,telinga,tascam,Tanzania,Kilombero District,Morogoro,Ifakara,cup,D:\VGU-27\Edge AI Project\data\audio\222069.wav,44100,1,PCM_24,48.58,0.0,3be6ec813fae0765b4538c43053010765a1738902eb989634e0fd95bdd0ce5e6,4d17ea9fd9a58465cb9f000a84febe11aff5dd87c30e4c83188258397e7c1ab9,0.0361328125,-48.57457927500887,3.234580267121687e-05,0.0,0.008882186056802301,468.75,20.47810004460935,0.988793671720501
222072,15.36,IFA_66_10_2610.wav,44100,14-07-20 00:00,mosquito,an arabiensis,Female,t,Single,,LT,telinga,tascam,Tanzania,Kilombero District,Morogoro,Ifakara,cup,D:\VGU-27\Edge AI Project\data\audio\222072.wav,44100,1,PCM_24,15.36,0.0,f65fb35861781888c066112d79318ed491e26b93802e9786a22efe44691cc09d,423bc00a74c37f75a6f22ef4d39f6578586f38047200351f043ec9ef810cff08,0.015380859375,-53.24109291396432,6.270156335578393e-06,0.0,0.009297642668178382,296.875,20.59696799853272,1.0
222071,12.8,IFA_66_10_2610.wav,44100,14-07-20 00:00,mosquito,an arabiensis,Female,t,Single,,LT,telinga,tascam,Tanzania,Kilombero District,Morogoro,Ifakara,cup,D:\VGU-27\Edge AI Project\data\audio\222071.wav,44100,1,PCM_24,12.8,0.0,70136c4f08f74bda56fdea267263bbaa7702a23dc9fb39000f7f4b7cfe4e657d,bfe6529a1f30d0025f52e967617cce3afaa4b89b04877102f1acc29d57985128,0.016265869140625,-53.756990890512746,1.1896113960110411e-05,0.0,0.008919713718820861,296.875,18.20609891531525,1.0
222070,12.8,IFA_66_10_2610.wav,44100,14-07-20 00:00,mosquito,an arabiensis,Female,t,Single,,LT,telinga,tascam,Tanzania,Kilombero District,Morogoro,Ifakara,cup,D:\VGU-27\Edge AI Project\data\audio\222070.wav,44100,1,PCM_24,12.8,0.0,22a7e158b8c3ab3643d9b5747e5c50793c95beeb33151fe91e537fb8521b1542,83fda9bedb720740ec3a2fa78e61ab8755c248a94654bde30a73f2cd75d52250,0.008514404296875,-56.769554071723235,4.415847276614096e-05,0.0,0.010710742630385487,296.875,20.013471523372694,1.0
222073,33.22,IFA_66_11_2611.wav,44100,14-07-20 00:00,mosquito,an arabiensis,Female,f,Single,,LT,telinga,tascam,Tanzania,Kilombero District,Morogoro,Ifakara,cup,D:\VGU-27\Edge AI Project\data\audio\222073.wav,44100,1,PCM_24,33.22,0.0,d4e07029ca2a8835cc9b82a526d5eb314faa646b4d0651f690017b524e43126e,c6bcf48610768d7e5e96cfb700acdf3aaa381c285ac3690cb2d8acd944561852,0.034210205078125,-48.10069326351568,3.5821005185167835e-05,0.0,0.008407497054611529,890.625,21.63817686586551,0.9893924783027965
222075,43.52,IFA_66_12_2612.wav,44100,14-07-20 00:00,mosquito,an arabiensis,Female,f,Single,,LT,telinga,tascam,Tanzania,Kilombero District,Morogoro,Ifakara,cup,D:\VGU-27\Edge AI Project\data\audio\222075.wav,44100,1,PCM_24,43.52,0.0,4d1820958e06783a7b9bbd819dc1f7b40dfb04186c15e4db3db65f7e43f5ac79,9be95749b60efa1acb3c611763126e731c50ee9be120621fd90b4b09c1dcd182,0.0341796875,-48.57899389228436,2.789616632480629e-05,0.0,0.007311257836467921,859.375,20.092905784156613,0.9955849889624724
222074,46.02,IFA_66_13_2613.wav,44100,14-07-20 00:00,mosquito,an arabiensis,Female,f,Single,,LT,telinga,tascam,Tanzania,Kilombero District,Morogoro,Ifakara,cup,D:\VGU-27\Edge AI Project\data\audio\222074.wav,44100,1,PCM_24,46.02,0.0,48bf70bc6371b79fce72388111b618539c3d7bb8a6389aa014d44584e7dda487,54c5fb8d846da56291583ca78c80a7bca7e737bf1dc117ed8e293dd0daa9d203,0.02154541015625,-53.58132777853654,3.383410665835851e-05,0.0,0.009282664246344633,859.375,21.971860746101658,0.9951287404314544
222065,40.96,IFA_66_14_2614.wav,44100,14-07-20 00:00,mosquito,an arabiensis,Female,f,Single,,LT,telinga,tascam,Tanzania,Kilombero District,Morogoro,Ifakara,cup,D:\VGU-27\Edge AI Project\data\audio\222065.wav,44100,1,PCM_24,40.96,0.0,339feb97efd63a2a085d8f40d0cadfaac0f107b188a3529b87c0b63dfa5d6b1e,cefbedf98570cf181a9b2c12fedfd7a7a790e1b6cfa381527ee89301837d4a1a,0.0546875,-50.240631889435974,2.8734236888063737e-05,0.0,0.00936536724064626,390.625,28.531534429089188,0.9929632525410477
222067,30.66,IFA_66_15_2615.wav,44100,14-07-20 00:00,mosquito,an arabiensis,Female,f,Single,,LT,telinga,tascam,Tanzania,Kilombero District,Morogoro,Ifakara,cup,D:\VGU-27\Edge AI Project\data\audio\222067.wav,44100,1,PCM_24,30.66,0.0,216fb5df4b52e321d38724d29d76db8822ff02430a9672e7f7149bd1c9950d1e,9b3ab4b0acec3b322aad8550f6ab28400776d3bd0cbed39719e11801f717f7d8,0.034576416015625,-50.56983863845147,1.8173327849295838e-05,0.0,0.008766324533727386,890.625,15.261894974295654,0.9498432601880877
222068,33.28,IFA_66_16_2616.wav,44100,14-07-20 00:00,mosquito,an arabiensis,Female,f,Single,,LT,telinga,tascam,Tanzania,Kilombero District,Morogoro,Ifakara,cup,D:\VGU-27\Edge AI Project\data\audio\222068.wav,44100,1,PCM_24,33.28,0.0,2fd551bb81b901f598cfd6fc853950822f50ffbedfbc945ab7f5e0bada7b2054,0ae861b14a03d3784017454ba1df37111f3bffaf6e812217b0c1f0baad229fe8,0.019500732421875,-54.16077405146666,2.6166095963203116e-05,0.0,0.010481396084074656,921.875,26.696440241543673,0.9951876804619827
222066,40.9,IFA_66_17_2617.wav,44100,14-07-20 00:00,mosquito,an arabiensis,Female,f,Single,,LT,telinga,tascam,Tanzania,Kilombero District,Morogoro,Ifakara,cup,D:\VGU-27\Edge AI Project\data\audio\222066.wav,44100,1,PCM_24,40.9,0.0,465e8e51f73fe33c2ea483f0a18c47a34a40a09314e069ea0fc07ef3e31d0976,b26aed82d121ff313275ade5c1ace4886a7b46fca46252493c2bac3aa2a94d87,0.037994384765625,-51.80142733978522,3.163254098629061e-05,0.0,0.010410879918389524,812.5,16.593772634339853,0.9678935003915426
222105,40.9,IFA_66_18_2618.wav,44100,14-07-20 00:00,mosquito,an arabiensis,Female,f,Single,,LT,telinga,tascam,Tanzania,Kilombero District,Morogoro,Ifakara,cup,D:\VGU-27\Edge AI Project\data\audio\222105.wav,44100,1,PCM_24,40.9,0.0,4c1f5f58eb36ce5cdda4b45e7361c84ba35d159b695b46c125179cf29e4d2bcf,ecf459adb7b70f1f565ad5b49bf1c0049d7c8aff21e5ab44314051ea0ef12326,0.0234375,-52.113098009052166,1.7137313169460937e-05,0.0,0.008510331598001873,390.625,18.233326090615524,0.9522317932654659
222107,33.22,IFA_66_19_2619.wav,44100,14-07-20 00:00,mosquito,an arabiensis,Female,f,Single,,LT,telinga,tascam,Tanzania,Kilombero District,Morogoro,Ifakara,cup,D:\VGU-27\Edge AI Project\data\audio\222107.wav,44100,1,PCM_24,33.22,0.0,a68b444ca330bcdb52e18fa0cda5320fc217c8d14471d956838cca6e5d0e36ea,2ec54f32599c1323752bab544867cc3af76b6de7b4f2a967c964ca9e43177166,0.019012451171875,-54.72165868883701,1.314930862055777e-05,0.0,0.009311932679955386,890.625,25.801609871236984,0.9681774349083896
222087,33.22,IFA_66_20_2620.wav,44100,14-07-20 00:00,mosquito,an arabiensis,Female,f,Single,,LT,telinga,tascam,Tanzania,Kilombero District,Morogoro,Ifakara,cup,D:\VGU-27\Edge AI Project\data\audio\222087.wav,44100,1,PCM_24,33.22,0.0,e98574a8ca6dce513672b1a31a27dbdd8071cc9cae11285d822b9d7e54439050,152c11df809b77e42cac02f6c4d58acba6eeba37c234ff1fb0440faa9c683338,0.03057861328125,-50.945662438943344,2.9524789544602583e-05,0.0,0.006946065602640815,921.875,17.73624216421495,0.9633558341369335
222088,38.4,IFA_66_21_2621.wav,44100,14-07-20 00:00,mosquito,an arabiensis,Female,f,Single,,LT,telinga,tascam,Tanzania,Kilombero District,Morogoro,Ifakara,cup,D:\VGU-27\Edge AI Project\data\audio\222088.wav,44100,1,PCM_24,38.4,0.0,ef9de4a826bd5f20a5e9119289828c9d027d8e6e857891ccbddde94ce2e4ad91,660bb1c647aafd4d1db272a08fb4a7effd7f37b9fb43b5d002649493464e5013,0.02545166015625,-53.434023068074474,2.492993326684515e-05,0.0,0.009550382653061225,468.75,18.36300066031595,0.9849874895746455
222136,38.34,IFA_66_22_2622.wav,44100,14-07-20 00:00,mosquito,an arabiensis,Female,f,Single,,LT,telinga,tascam,Tanzania,Kilombero District,Morogoro,Ifakara,cup,D:\VGU-27\Edge AI Project\data\audio\222136.wav,44100,1,PCM_24,38.34,0.0,f55eb91db3791bd76fd9c603684e10c2f8777636d21a81bf5399331f50aaf4c0,124fa0197772e66de1663ab060fe6dd9fafe340dbe67971b7ffdaf49df216de2,0.029083251953125,-52.02387496155702,2.8371051998166247e-05,0.0,0.009393811428240223,890.625,20.01379174882512,0.949874686716792
222095,30.72,IFA_66_23_2623.wav,44100,14-07-20 00:00,mosquito,an arabiensis,Female,f,Single,,LT,telinga,tascam,Tanzania,Kilombero District,Morogoro,Ifakara,cup,D:\VGU-27\Edge AI Project\data\audio\222095.wav,44100,1,PCM_24,30.72,0.0,d602b078d364902a0852785f591bdcd4cb2b5f603b1c401e2f1b6abfe33b2f08,4e87701a97c6b8ea02cfcaf600bef13008520ecaabf0ae708496a730f4b9376c,0.040618896484375,-51.60529242372965,3.269558050194565e-05,0.0,0.008624456727135299,859.375,21.626063912450235,0.9781021897810219
222094,48.58,IFA_66_25_2625.wav,44100,14-07-20 00:00,mosquito,an arabiensis,Female,f,Single,,LT,telinga,tascam,Tanzania,Kilombero District,Morogoro,Ifakara,cup,D:\VGU-27\Edge AI Project\data\audio\222094.wav,44100,1,PCM_24,48.58,0.0,5d3db6fb137ee44601e665bf865d595ab906ed2cd9244a15973bec979b7c0a60,c5aadb8b29cce4c14037a96f2f6f68b137a75769ef00a370c54ac1e60bea27f2,0.027435302734375,-51.581888093240224,2.782445681872696e-05,0.0,0.008203967740520113,921.875,21.35902098881521,0.995385629531971
222093,43.52,IFA_66_26_2626.wav,44100,14-07-20 00:00,mosquito,an arabiensis,Female,t,Single,,LT,telinga,tascam,Tanzania,Kilombero District,Morogoro,Ifakara,cup,D:\VGU-27\Edge AI Project\data\audio\222093.wav,44100,1,PCM_24,43.52,0.0,64a6a131ccf30f0924838864005e1d9213fb08e6b9635d6cf9c1ad53f89efd4f,1f640d81a54590346e0653b92e07ef8abc6a7f442e5d292f32d0c6859e5f65e0,0.022735595703125,-52.46023710984584,3.562592754081613e-05,0.0,0.007649934973989596,921.875,27.07986072277299,0.9904341427520236
222127,43.46,IFA_66_27_2627.wav,44100,14-07-20 00:00,mosquito,an arabiensis,Female,f,Single,,LT,telinga,tascam,Tanzania,Kilombero District,Morogoro,Ifakara,cup,D:\VGU-27\Edge AI Project\data\audio\222127.wav,44100,1,PCM_24,43.46,0.0,035e2f4e3f2ced085b1d31882cdef389a338b09cc73be9dbb476bb323367915b,764896308c70b07e04f0084ec2b8b43134072211e5a182c6f760de94f2452cbf,0.1041259765625,-52.51216352534649,3.470201671830145e-05,0.0,0.0070750803772958795,218.75,15.358846653740471,0.9675755342667649
222119,43.46,IFA_66_28_2628.wav,44100,14-07-20 00:00,mosquito,an arabiensis,Female,f,Single,,LT,telinga,tascam,Tanzania,Kilombero District,Morogoro,Ifakara,cup,D:\VGU-27\Edge AI Project\data\audio\222119.wav,44100,1,PCM_24,43.46,0.0,ae2cfed82e6dd80db0227808b576258530af67e382fece413036b968a1b30e7d,05393cfac826bbbb1920e75b3c1f8b42deeaf96607c9a44f341e3670f41a5588,0.085601806640625,-49.668522041224975,2.745567106571594e-05,0.0,0.006714543464264061,562.5,15.243577900050841,0.9521002210759028
222129,46.02,IFA_66_29_2629.wav,44100,14-07-20 00:00,mosquito,an arabiensis,Female,f,Single,,LT,telinga,tascam,Tanzania,Kilombero District,Morogoro,Ifakara,cup,D:\VGU-27\Edge AI Project\data\audio\222129.wav,44100,1,PCM_24,46.02,0.0,648f65b47c0b6ddbc72afa79978da8e7e36effc043a825f2e1735ee3742c6e06,0ad217c388042696ba4372f155f93214fdbf587d8626ce24bc1a113ad8990ac6,0.052032470703125,-49.723143648153126,3.284549075842536e-05,0.0,0.008743610438525692,843.75,20.98109123134318,0.9839944328462074
222118,40.9,IFA_66_30_2630.wav,44100,14-07-20 00:00,mosquito,an arabiensis,Female,f,Single,,LT,telinga,tascam,Tanzania,Kilombero District,Morogoro,Ifakara,cup,D:\VGU-27\Edge AI Project\data\audio\222118.wav,44100,1,PCM_24,40.9,0.0,3d8b68f1304ff09c8212ce8932d42e438f40ef2f8b663c76a9b9ba20243a81fe,6c29f56e2ffc50b069b2f844ace158b2d6e8b116a41618576df6ec2f24b56825,0.040679931640625,-54.18011788275379,2.701195405321868e-05,0.0,0.010755174115285886,890.625,21.23689483906173,0.9859044635865309
222091,33.22,IFA_66_32_2632.wav,44100,14-07-20 00:00,mosquito,an arabiensis,Female,f,Single,,LT,telinga,tascam,Tanzania,Kilombero District,Morogoro,Ifakara,cup,D:\VGU-27\Edge AI Project\data\audio\222091.wav,44100,1,PCM_24,33.22,0.0,caeed07f88200226cb958ea5b65e684cea6113b8f74b498be885a93d6a776e32,2b6cb271d6d153d4398225574c45821d263d973d7ceeee628e17818ca4594a4d,0.0206298828125,-50.19384243402692,3.772113324386673e-06,0.0,0.0066682502822521745,921.875,16.35525296448575,0.9855351976856316
222100,51.14,IFA_66_33_2633.wav,44100,14-07-20 00:00,mosquito,an arabiensis,Female,f,Single,,LT,telinga,tascam,Tanzania,Kilombero District,Morogoro,Ifakara,cup,D:\VGU-27\Edge AI Project\data\audio\222100.wav,44100,1,PCM_24,51.14,0.0,4c99a11c44558f99320be7767555ffa4a3f995ad7f66c9b99da8894914b0fecf,e95393adec033ea1439f455a53126ec8577769722cf2955d19026493a053fd49,0.034454345703125,-50.91513937031951,4.457362002060919e-05,0.0,0.009460047870014907,843.75,18.25304811362931,0.976205385097057
222092,53.7,IFA_66_34_2634.wav,44100,14-07-20 00:00,mosquito,an arabiensis,Female,f,Single,,LT,telinga,tascam,Tanzania,Kilombero District,Morogoro,Ifakara,cup,D:\VGU-27\Edge AI Project\data\audio\222092.wav,44100,1,PCM_24,53.7,0.0,b526b6ebbd052c796b98efb16d94cb382d1301cec72c2480ae6af5236ba30f76,efc7b46fadeeece96972d3477b0ae5e8023e785de4fc5b4409354e930e414ba0,0.039520263671875,-49.710837566075654,3.4569771573521167e-05,0.0,0.0087569726835489,890.625,22.53609798270975,0.9916517590936196
222090,2.56,IFA_66_36_2636.wav,44100,14-07-20 00:00,mosquito,an arabiensis,Female,f,Single,,LT,telinga,tascam,Tanzania,Kilombero District,Morogoro,Ifakara,cup,D:\VGU-27\Edge AI Project\data\audio\222090.wav,44100,1,PCM_24,2.5599773242630386,-2.2675736961463855e-05,7a897429bb11c21ad01ed7f0663f23a5f71e32510340070f309768789ca1b3db,789ec3eb1f8e5e3f157cc6160740338b689fc47fb3fab20b5ed6efbfab25f7fa,0.0228271484375,-45.210792297885696,9.46873447292008e-05,0.0,0.005288099561539483,906.25,20.523836191751762,1.0
222089,35.84,IFA_66_36_2636.wav,44100,14-07-20 00:00,mosquito,an arabiensis,Female,f,Single,,LT,telinga,tascam,Tanzania,Kilombero District,Morogoro,Ifakara,cup,D:\VGU-27\Edge AI Project\data\audio\222089.wav,44100,1,PCM_24,35.84,0.0,b0e9248bb124bfb31531efe35643031436cdb8c9e09f75a88d10c8b8e1dc130e,2f4117db5d73b430e78a563c8bd8cf2d116c69e681f6395f43e6b5bc9db41f25,0.040191650390625,-47.283516227245535,3.1477006307341805e-05,0.0,0.005792942176870749,296.875,20.617724150110767,0.9928507596067918
222116,15.36,IFA_66_38_2638.wav,44100,14-07-20 00:00,mosquito,an arabiensis,Female,f,Single,,LT,telinga,tascam,Tanzania,Kilombero District,Morogoro,Ifakara,cup,D:\VGU-27\Edge AI Project\data\audio\222116.wav,44100,1,PCM_24,15.36,0.0,e901dc8070946a533ab69ca4a72007ac18e74e80520bf419e668299266642df8,bde7f91cc118352a4511a8a6599db482c00a4afa030f05515ad3f30e549d6e0e,0.020294189453125,-51.11768260667009,-3.541588152527178e-07,0.0,0.01061005999622071,156.25,15.942923035406839,0.9770354906054279
222117,2.56,IFA_66_38_2638.wav,44100,14-07-20 00:00,mosquito,an arabiensis,Female,f,Single,,LT,telinga,tascam,Tanzania,Kilombero District,Morogoro,Ifakara,cup,D:\VGU-27\Edge AI Project\data\audio\222117.wav,44100,1,PCM_24,2.56,0.0,84cb1656853e32f8a7ae9829bc1e280118ded249ef46b8710432fe0e24ddc47d,d01ac13d323b27d3f0dc63ae3e042b0d5afd25f98f71933826bc5e963c21ae7a,0.008392333984375,-55.76431893828227,0.0001372007015340723,0.0,0.010584963151927437,390.625,17.56675990474285,0.9873417721518988
222112,38.4,IFA_66_39_2639.wav,44100,14-07-20 00:00,mosquito,an arabiensis,Female,f,Single,,LT,telinga,tascam,Tanzania,Kilombero District,Morogoro,Ifakara,cup,D:\VGU-27\Edge AI Project\data\audio\222112.wav,44100,1,PCM_24,38.4,0.0,ddd14ab92d8b86fc199d15e1895a5e04781267740664eb3824a4fec58baf26dc,bc5e3930f3ca18b0af646326e071d623784b7de67df64f6d63febadeda006ff2,0.03204345703125,-53.520623875009036,2.972133575923859e-05,0.0,0.012149234693877551,859.375,21.90605679320159,0.9933277731442869
222126,2.56,IFA_67_10_2650.wav,44100,14-07-20 00:00,mosquito,an arabiensis,Female,f,Single,,LT,telinga,tascam,Tanzania,Kilombero District,Morogoro,Ifakara,cup,D:\VGU-27\Edge AI Project\data\audio\222126.wav,44100,1,PCM_24,2.5599773242630386,-2.2675736961463855e-05,d7360768eeb16658934b713e99a1de742648895b17fc17b4bd1ce2e2c9e6a646,e6c70dc90b8a435b4a2ba5da562efe6e4035d113b9c6ef06c964f68841ba7020,0.018951416015625,-48.68444932282766,0.00011398860796744209,0.0,0.00771513353115727,781.25,24.98582115689667,1.0
222125,2.56,IFA_67_10_2650.wav,44100,14-07-20 00:00,mosquito,an arabiensis,Female,f,Single,,LT,telinga,tascam,Tanzania,Kilombero District,Morogoro,Ifakara,cup,D:\VGU-27\Edge AI Project\data\audio\222125.wav,44100,1,PCM_24,2.56,0.0,3a332b6e3b7ac2c9a7e9d12f390fa464c88ea758a961000cac07d3d2fdc0fa00,0bd19803fa184d32edffffd3f5c2559edae81040f37d0a7c6f3cc508793f88cc,0.02020263671875,-46.776679225510556,0.00015158042345457878,0.0,0.006492701247165533,765.625,20.53452131316682,1.0
222138,43.52,IFA_67_11_2651.wav,44100,14-07-20 00:00,mosquito,an arabiensis,Female,f,Single,,LT,telinga,tascam,Tanzania,Kilombero District,Morogoro,Ifakara,cup,D:\VGU-27\Edge AI Project\data\audio\222138.wav,44100,1,PCM_24,43.52,0.0,69c455dd18b8a5ca77a78b895c2c95f68fe28be86b960cbd6492766455108b10,12154866f5f643e55ef3fa8c1109b3e233281b07f62704ab14218308124bcea9,0.052581787109375,-49.011428457468185,6.652229767537712e-05,0.0,0.006043563258636788,156.25,18.6746176084393,0.9963208241353937
222128,33.28,IFA_67_12_2652.wav,44100,14-07-20 00:00,mosquito,an arabiensis,Female,f,Single,,LT,telinga,tascam,Tanzania,Kilombero District,Morogoro,Ifakara,cup,D:\VGU-27\Edge AI Project\data\audio\222128.wav,44100,1,PCM_24,33.28,0.0,4e914c5581a969881b4569dee34cc16a796b7408c755d99cd26df2e6fef53e39,e138d77b61b56ba78a7838d3796b2044dff116284fe8f6b0fd87ad17440a9e1d,0.037872314453125,-50.034026993455484,3.505653472506478e-05,0.0,0.006793863378684807,156.25,18.865012771336907,0.9923002887391723
222084,5.12,IFA_67_15_2655.wav,44100,14-07-20 00:00,mosquito,an arabiensis,Female,f,Single,,LT,telinga,tascam,Tanzania,Kilombero District,Morogoro,Ifakara,cup,D:\VGU-27\Edge AI Project\data\audio\222084.wav,44100,1,PCM_24,5.12,0.0,7d40e4597aea2d97c6b6a6a0f4f05cebd8d93a7434d0450fd8bff8ac2c5d7138,1f94e7bbac2dabdc10578933fccc4eeb7daa037f9aeb959fa36c137cc3f3b323,0.018310546875,-50.12206048950132,4.151632456011783e-05,0.0,0.00890642715419501,765.625,23.20616628847427,1.0
222083,2.56,IFA_67_15_2655.wav,44100,14-07-20 00:00,mosquito,an arabiensis,Female,f,Single,,LT,telinga,tascam,Tanzania,Kilombero District,Morogoro,Ifakara,cup,D:\VGU-27\Edge AI Project\data\audio\222083.wav,44100,1,PCM_24,2.5599773242630386,-2.2675736961463855e-05,e0b188c32d73a421079c2093444782c594ede376198c26535ed9a89572dbdfcb,6a24abe0e48c0cf4bcac7c54b4fcd90bc8a5a7a69b9445164436c5fb5aaf1391,0.01544189453125,-49.30835549503627,-1.2803082977407103e-05,0.0,0.006014438194782762,781.25,18.391937087036073,1.0
222085,7.68,IFA_67_15_2655.wav,44100,14-07-20 00:00,mosquito,an arabiensis,Female,f,Single,,LT,telinga,tascam,Tanzania,Kilombero District,Morogoro,Ifakara,cup,D:\VGU-27\Edge AI Project\data\audio\222085.wav,44100,1,PCM_24,7.68,0.0,623e9a6c00c498e61c21f8bb265a7c24bd20b89b3b130878ca5d575545fa477b,885e8be9a38fc86fbf2eeb54b075fa2d2918c3aa2f836fd4f73bd6308c5ca0fa,0.037200927734375,-53.10066657412682,7.252781479446976e-05,0.0,0.00975233843537415,156.25,20.349728982538696,0.9916317991631799
222097,12.8,IFA_67_17_2657.wav,44100,14-07-20 00:00,mosquito,an arabiensis,Female,f,Single,,LT,telinga,tascam,Tanzania,Kilombero District,Morogoro,Ifakara,cup,D:\VGU-27\Edge AI Project\data\audio\222097.wav,44100,1,PCM_24,12.8,0.0,c24b3dd33e2aa39e14e866b10ab66d37e4aaf18db16dbf1a15f8b4f9521d8f37,a02aa9598929f496e712ad72b18f7dcb67ca7fbe43ec4085869a065f269400b8,0.06719970703125,-46.87909227832974,1.4772220533721302e-05,0.0,0.004173752834467121,156.25,19.394996697094665,1.0
222096,23.04,IFA_67_17_2657.wav,44100,14-07-20 00:00,mosquito,an arabiensis,Female,f,Single,,LT,telinga,tascam,Tanzania,Kilombero District,Morogoro,Ifakara,cup,D:\VGU-27\Edge AI Project\data\audio\222096.wav,44100,1,PCM_24,23.04,0.0,794f880cb36daf224f75de1a9512b52ba241dc9273cbc181d39323febb70d340,7f2fcf6d57afe026570bcb04c6499489d57f383e7665cdc59809054122aecd0c,0.025634765625,-51.65681568657699,2.723834652178652e-05,0.0,0.0074266975308641976,156.25,18.891901101753238,0.9972183588317107
222134,10.24,IFA_67_19_2659.wav,44100,14-07-20 00:00,mosquito,an arabiensis,Female,f,Single,,LT,telinga,tascam,Tanzania,Kilombero District,Morogoro,Ifakara,cup,D:\VGU-27\Edge AI Project\data\audio\222134.wav,44100,1,PCM_24,10.23997732426304,-2.2675736961019766e-05,053997b6fd3d8b92478d8bd328f6bbc94f329d5bbba3228ba15bd509088de203,a4e1656a2fff819ab2a5a8921aaae65934f4aef626c935d08489a3a5200984cf,0.02227783203125,-53.11823404066906,3.68623782114113e-05,0.0,0.0099560878066712,828.125,23.626356168570734,0.987460815047022
222135,22.98,IFA_67_19_2659.wav,44100,14-07-20 00:00,mosquito,an arabiensis,Female,f,Single,,LT,telinga,tascam,Tanzania,Kilombero District,Morogoro,Ifakara,cup,D:\VGU-27\Edge AI Project\data\audio\222135.wav,44100,1,PCM_24,22.97997732426304,-2.2675736961019766e-05,5ddf489daff384770aff957fd1af8ecd63418829f572f135f2540f68dbdccff0,d24286f1ad83e098e209aaacca6a2906a3cf20371aa75e952e12d312a124309c,0.035430908203125,-56.934365882085125,3.210386931894151e-05,0.0,0.010136005217990225,796.875,28.084292951244198,0.99721059972106
222080,7.68,IFA_67_20_2660.wav,44100,14-07-20 00:00,mosquito,an arabiensis,Female,f,Single,,LT,telinga,tascam,Tanzania,Kilombero District,Morogoro,Ifakara,cup,D:\VGU-27\Edge AI Project\data\audio\222080.wav,44100,1,PCM_24,7.68,0.0,b9c488225f7e4a49531d5913553cab2912863344b5452d1f923ee8f65dd512f9,11b79d6c3686c920504caa03340116a700e1eece81a7634d862662f9b805cf70,0.013885498046875,-52.57741310715378,1.3366848433098825e-05,0.0,0.008562452758881331,484.375,18.783387261021495,0.9665271966527197
222079,23.04,IFA_67_20_2660.wav,44100,14-07-20 00:00,mosquito,an arabiensis,Female,f,Single,,LT,telinga,tascam,Tanzania,Kilombero District,Morogoro,Ifakara,cup,D:\VGU-27\Edge AI Project\data\audio\222079.wav,44100,1,PCM_24,23.04,0.0,4bf72ac75f3d979f5857d70f492635414845fb5a5f9cb2380c8d796d51dd11f0,b80bbab4e0d914fd478c4749bf7e3090d43a8c6d13d8f101a168bcf4cc9e7cda,0.042236328125,-48.600623681506065,3.516412736427036e-05,0.0,0.009116551713277904,500.0,19.02287705772442,0.9847009735744089
222109,2.56,IFA_67_21_2661.wav,44100,14-07-20 00:00,mosquito,an arabiensis,Female,f,Single,,LT,telinga,tascam,Tanzania,Kilombero District,Morogoro,Ifakara,cup,D:\VGU-27\Edge AI Project\data\audio\222109.wav,44100,1,PCM_24,2.56,0.0,c1b79d4a6f9c7fee4a2d5a8030bb7a7f105a6f05cc55dd1372133b8a47aa8465,0369efaefdf5e9882b6f3b5df8927cf30d732e6ec9e098b38a6d0fa1cba56ba4,0.003875732421875,-58.836855123954486,4.5953694384654905e-07,0.0,0.00963718820861678,343.75,19.330367444634707,1.0
222108,10.24,IFA_67_21_2661.wav,44100,14-07-20 00:00,mosquito,an arabiensis,Female,f,Single,,LT,telinga,tascam,Tanzania,Kilombero District,Morogoro,Ifakara,cup,D:\VGU-27\Edge AI Project\data\audio\222108.wav,44100,1,PCM_24,10.24,0.0,4c0ee06b4d2aac431af99f3c318680ae41eb565174f1e5b1b54cf6aac9645646,7884f2bbc57dbb71ff8460f358e1dcf2391d61e225971a26fa129149d45a8c58,0.035858154296875,-48.459113260548776,6.044329969791058e-06,0.0,0.006893512613378685,156.25,18.392742980830505,1.0
222113,5.12,IFA_67_23_2663.wav,44100,14-07-20 00:00,mosquito,an arabiensis,Female,f,Single,,LT,telinga,tascam,Tanzania,Kilombero District,Morogoro,Ifakara,cup,D:\VGU-27\Edge AI Project\data\audio\222113.wav,44100,1,PCM_24,5.12,0.0,16bfab931a694fa8bdb8f3a82f10dc2ca1a47062b31e8b639067e684be9a6767,0fcfe237e908aa9e850a4421df174dc5d8c72fed61b67c8492ba750e56c9e3f6,0.010284423828125,-56.461555243286995,1.4359988863506014e-05,0.0,0.008631838151927437,781.25,22.3492485455522,0.9937106918238994
222131,20.48,IFA_67_24_2664.wav,44100,14-07-20 00:00,mosquito,culex pipiens complex,Female,f,Single,,LT,telinga,tascam,Tanzania,Kilombero District,Morogoro,Ifakara,cup,D:\VGU-27\Edge AI Project\data\audio\222131.wav,44100,1,PCM_24,20.48,0.0,3216bb26cb60b3dc156e1b40705167b57679bc3a62d9ce44c164dc8fae5fee48,e4a7385a224bfbcac2a975e2f59576c4a22b5ad379f21f06e7ec1dab15dd4a72,0.03973388671875,-49.58112767245248,3.0637496993655253e-05,0.0,0.007738316680839003,343.75,18.042906646275732,0.9874804381846636
222130,40.96,IFA_67_27_2667.wav,44100,14-07-20 00:00,mosquito,an arabiensis,Female,f,Single,,LT,telinga,tascam,Tanzania,Kilombero District,Morogoro,Ifakara,cup,D:\VGU-27\Edge AI Project\data\audio\222130.wav,44100,1,PCM_24,40.959977324263036,-2.267573696457248e-05,235c41657b9b92b5a23fc16e2de0169bd1c0a2857af76e6de42b69ca2d92f471,165831d604c4314b72a8ee7fa324cd581ad3786093c03aa0b2e61b9f8687a4f6,0.045501708984375,-47.60164189991487,2.9262669889280296e-05,0.0,0.008179545876041819,156.25,16.70504476366176,0.9765441751368257
222115,2.56,IFA_67_29_2669.wav,44100,14-07-20 00:00,mosquito,an arabiensis,Female,f,Single,,LT,telinga,tascam,Tanzania,Kilombero District,Morogoro,Ifakara,cup,D:\VGU-27\Edge AI Project\data\audio\222115.wav,44100,1,PCM_24,2.56,0.0,f24505f7d98e88b96478ff4c8a4d01e99a0167f58db2fdf939497521d8c64e90,c61f68249f27ecbf0fcf93ed9bfa0c823ccb1c11fa3dff20e2c493c003d3839c,0.01177978515625,-53.03360055103507,9.408072819785467e-06,0.0,0.011302437641723355,156.25,19.952723752881447,1.0
222114,30.72,IFA_67_29_2669.wav,44100,14-07-20 00:00,mosquito,an arabiensis,Female,f,Single,,LT,telinga,tascam,Tanzania,Kilombero District,Morogoro,Ifakara,cup,D:\VGU-27\Edge AI Project\data\audio\222114.wav,44100,1,PCM_24,30.72,0.0,5e7b0741cc410fbbb896dd7b75cfbf83d58a5f4efac20c31538a308ef8b842ec,a3374846333d0deedf59c22cd8fa5357d11404923ab508530dffb667b3a81e27,0.038299560546875,-47.06289953699457,4.079649597969545e-05,0.0,0.005854208002645502,156.25,19.878482554385684,0.9927007299270073
222227,46.02,IFA_68_20_2700.wav,44100,19-07-20 00:00,mosquito,an arabiensis,Female,f,Single,,LT,telinga,tascam,Tanzania,Kilombero District,Morogoro,Ifakara,cup,D:\VGU-27\Edge AI Project\data\audio\222227.wav,44100,1,PCM_24,46.02,0.0,802246f457061d169fc8f0704f86c6578f7254cf99bea812b224c6c060d54bd6,7a4d2b7ec89346df13a67c6c56d97884d88f5ceff4c3bdd8d5af174faf223895,0.022247314453125,-54.772734405702366,2.543917952147087e-05,0.0,0.010398712577889333,781.25,24.48077999260739,0.9693806541405706
222164,7.68,IFA_68_35_2715.wav,44100,19-07-20 00:00,mosquito,ma uniformis,Female,f,Single,,LT,telinga,tascam,Tanzania,Kilombero District,Morogoro,Ifakara,cup,D:\VGU-27\Edge AI Project\data\audio\222164.wav,44100,1,PCM_24,7.68,0.0,e2eb676c28aa41e11e90f3827e1632472764c85df932ecead5d1d3210b8f8f9a,d3913187abe3bd711e08226eccd19896e0dd20268179654cb0cd74d306486c43,0.019012451171875,-48.90481776599508,5.513947747101499e-05,0.0,0.008157950680272108,156.25,18.87361058673649,0.9916317991631799
222163,17.92,IFA_68_35_2715.wav,44100,19-07-20 00:00,mosquito,ma uniformis,Female,f,Single,,LT,telinga,tascam,Tanzania,Kilombero District,Morogoro,Ifakara,cup,D:\VGU-27\Edge AI Project\data\audio\222163.wav,44100,1,PCM_24,17.919977324263037,-2.267573696457248e-05,df02fe91f0cc839eebc31b149076c35d9bd3d95521be264698cb368727996702,dd3374d0ba58a6e6a41dfe6f6b950b4674fef331c30a054e7bbfc59e847f18a7,0.030029296875,-45.2905300824327,1.1610466585592158e-06,0.0,0.004998285398300077,156.25,21.48721249066583,1.0
222165,2.56,IFA_68_35_2715.wav,44100,19-07-20 00:00,mosquito,ma uniformis,Female,f,Single,,LT,telinga,tascam,Tanzania,Kilombero District,Morogoro,Ifakara,cup,D:\VGU-27\Edge AI Project\data\audio\222165.wav,44100,1,PCM_24,2.5599773242630386,-2.2675736961463855e-05,b47102568744c8f0611fd44d30f1a59c0e5dfa779ec88f9ba976f2945c28b3a2,ccf9b65b5f9c1b78936a89444fdf07561983b3e447e99339ae8d1a358e4d2521,0.03033447265625,-43.51188549962905,-1.8138354153749058e-06,0.0,0.008689490234288498,156.25,14.710844638670732,0.8860759493670886
222203,40.9,IFA_68_40_2720.wav,44100,19-07-20 00:00,mosquito,an arabiensis,Female,f,Single,,LT,telinga,tascam,Tanzania,Kilombero District,Morogoro,Ifakara,cup,D:\VGU-27\Edge AI Project\data\audio\222203.wav,44100,1,PCM_24,40.9,0.0,f7c27883b231a7a0fadac0ada8efcce687ccb75b22d9c955292fc9e7ba0d149c,245bb286ce6adbb55a86269f81580200ac6b02d9d526126b8036dcc1a5a0f1b7,0.04852294921875,-48.246523054107996,1.9421652084580776e-05,0.0,0.007920984204602787,156.25,14.97716103977211,0.9678935003915426
222189,46.08,IFA_69_13_2733.wav,44100,19-07-20 00:00,mosquito,an arabiensis,Female,f,Single,,LT,telinga,tascam,Tanzania,Kilombero District,Morogoro,Ifakara,cup,D:\VGU-27\Edge AI Project\data\audio\222189.wav,44100,1,PCM_24,46.08,0.0,de162f2da58610aa76a89bcbaab6a42bbe050d253b6eb0622dde2924d2fd193e,c0d22acf638dfe8e54986d22416239c199c9c8d8532ff7f643b3379ee98a5fbd,0.045654296875,-50.002150859678196,1.6813090178551438e-05,0.0,0.009159856072058452,843.75,20.18090155565929,0.9715079916608756
222182,15.36,IFA_69_14_2734.wav,44100,19-07-20 00:00,mosquito,ma uniformis,Female,f,Single,,LT,telinga,tascam,Tanzania,Kilombero District,Morogoro,Ifakara,cup,D:\VGU-27\Edge AI Project\data\audio\222182.wav,44100,1,PCM_24,15.36,0.0,57bf823529569b33f61311c734b96240d3cf7c12186e0cd4df94231ce4e36cf7,12cfab402514a72ac21daf6a876a8730549ba2b32d9bc5e3ad3b84dafb08e1dc,0.050079345703125,-46.28673736721282,3.3432619191441495e-05,0.0,0.007089120370370371,1046.875,17.8384708520823,0.9895615866388309
222183,40.9,IFA_69_14_2734.wav,44100,19-07-20 00:00,mosquito,ma uniformis,Female,f,Single,,LT,telinga,tascam,Tanzania,Kilombero District,Morogoro,Ifakara,cup,D:\VGU-27\Edge AI Project\data\audio\222183.wav,44100,1,PCM_24,40.9,0.0,c3c192fbc08cd7e6c9a2b3deebdb1c7b7f57d2eb4ead3e7cafe1054639544ac7,d615451e6f8738d12d1a3381cedbbc4e2c39348beec597e6bc6ac22250d88d97,0.059844970703125,-46.73534977976182,2.5682434694856448e-05,0.0,0.008224805814746437,1015.625,18.759593718301197,0.9788566953797964
222179,43.46,IFA_69_15_2735.wav,44100,19-07-20 00:00,mosquito,culex pipiens complex,Female,f,Single,,LT,telinga,tascam,Tanzania,Kilombero District,Morogoro,Ifakara,cup,D:\VGU-27\Edge AI Project\data\audio\222179.wav,44100,1,PCM_24,43.46,0.0,a4b60d59630a54622ef4ff3df2ee4feb0daccff2da33971a09ae952d0bb1c994,2853edc61b4bcf133a1fd06592be7a9dd1491ed8f371a49e80a8a11eaaa05a01,0.085906982421875,-44.74186128381481,3.370325376798739e-05,0.0,0.0067072388090072665,156.25,15.102511440509636,0.9388356669123066
222225,30.72,IFA_69_21_2741.wav,44100,19-07-20 00:00,mosquito,culex pipiens complex,Female,f,Single,,LT,telinga,tascam,Tanzania,Kilombero District,Morogoro,Ifakara,cup,D:\VGU-27\Edge AI Project\data\audio\222225.wav,44100,1,PCM_24,30.72,0.0,e2ae735a2fd947cb1dba596967874c492ed0da6ab1097f13518bb3649fe5038c,68af75803cb6533b397dfd0af541d13911d265bfaa80f7a9b63c94292cfa505a,0.076812744140625,-44.89729454490926,4.321458388348015e-05,0.0,0.0060483394746787605,968.75,18.203591679513554,0.9791449426485923
222226,5.06,IFA_69_21_2741.wav,44100,19-07-20 00:00,mosquito,culex pipiens complex,Female,f,Single,,LT,telinga,tascam,Tanzania,Kilombero District,Morogoro,Ifakara,cup,D:\VGU-27\Edge AI Project\data\audio\222226.wav,44100,1,PCM_24,5.06,0.0,d79a2c836811e19b27944833e45450e4e3608a6eaa62e59e454520fc5bebf095,0bc9f5b932e7e8cfadb3a59cc8e70d5f7f1753c4f00e4f16ca701133d7f6f2a9,0.017364501953125,-49.7835790448424,-3.855691251817756e-06,0.0,0.005480716660840885,968.75,17.71871066852362,0.9936305732484076
222176,43.46,IFA_69_23_2743.wav,44100,19-07-20 00:00,mosquito,culex pipiens complex,Female,f,Single,,LT,telinga,tascam,Tanzania,Kilombero District,Morogoro,Ifakara,cup,D:\VGU-27\Edge AI Project\data\audio\222176.wav,44100,1,PCM_24,43.46,0.0,f0ad251fb513e221e6badf02eea8513f03bde77be867e21f2506fab60b15e75e,86823175143f23918f3a797a5b227b97c2b0d633b45b5a8505d07d0623791cd2,0.04791259765625,-50.70598528629888,2.307678220299663e-05,0.0,0.007711107145726829,953.125,16.679500956480023,0.9609432571849669
222221,35.78,IFA_69_25_2745.wav,44100,19-07-20 00:00,mosquito,an arabiensis,Female,f,Single,,LT,telinga,tascam,Tanzania,Kilombero District,Morogoro,Ifakara,cup,D:\VGU-27\Edge AI Project\data\audio\222221.wav,44100,1,PCM_24,35.78,0.0,8c43a76dbd5bcc53ba36398e78d174beb0c7f9e15424eae77b92b18520bff702,dee615a47b2ea585523dd0daf90d2aeaf333b65b2c57b331323943fe7539a54a,0.024383544921875,-49.97105680642286,2.9230825121805638e-05,0.0,0.007506188612952168,156.25,16.716930364919037,0.9892569382273948
222256,25.54,IFA_69_26_2746.wav,44100,20-07-20 00:00,mosquito,an arabiensis,Female,f,Single,,LT,telinga,tascam,Tanzania,Kilombero District,Morogoro,Ifakara,cup,D:\VGU-27\Edge AI Project\data\audio\222256.wav,44100,1,PCM_24,25.54,0.0,4417e6fd0f9808242721195d03986df837d8ecca16cbb73b87f4e41bee6edda0,303d11e3b4b663f41896fc48de8c226f034d0d7ac87622f185bea6b67e6666c7,0.03155517578125,-54.19394390412742,3.8268209632191265e-05,0.0,0.007920526602705818,343.75,18.066748903694737,0.9974905897114178
222262,38.34,IFA_69_28_2748.wav,44100,20-07-20 00:00,mosquito,culex pipiens complex,Female,f,Single,,LT,telinga,tascam,Tanzania,Kilombero District,Morogoro,Ifakara,cup,D:\VGU-27\Edge AI Project\data\audio\222262.wav,44100,1,PCM_24,38.34,0.0,58ff698a96a824b51fdfb17a54035c17b889a5b63729e9674d2fe453e98fb860,566b580b0d305ca90eb152ad7307e271b5f93e4795544c09d932c02f59f3aa18,0.033355712890625,-51.57810107620559,2.6786453438951982e-05,0.0,0.008779898674823781,953.125,22.886891737838724,0.9966583124477861
222261,5.12,IFA_69_28_2748.wav,44100,20-07-20 00:00,mosquito,culex pipiens complex,Female,f,Single,,LT,telinga,tascam,Tanzania,Kilombero District,Morogoro,Ifakara,cup,D:\VGU-27\Edge AI Project\data\audio\222261.wav,44100,1,PCM_24,5.12,0.0,3d94ba709002013ba7b8fd5b777d741b0a6de3cfe46768d5121d6b166ae1ec22,bdf5b8843f35f7e94355e1c436c9488884c695e86e3796f7ae6dfcb30b43ec2c,0.046478271484375,-44.41429800820168,6.509381356963765e-05,0.0,0.0049691751700680275,234.375,20.70509426046054,0.9748427672955975
222250,2.56,IFA_69_29_2749.wav,44100,20-07-20 00:00,mosquito,an arabiensis,Female,t,Single,,LT,telinga,tascam,Tanzania,Kilombero District,Morogoro,Ifakara,cup,D:\VGU-27\Edge AI Project\data\audio\222250.wav,44100,1,PCM_24,2.56,0.0,3b692e9fc62fbe6bb203564ef8d67f071575c6612198edce1f470985fddc31b4,0cdd9cef2fb3e262492c3aeff43d5a3394bf157aa96a27eca2a9cb3da88cb4fc,0.00433349609375,-57.97832702015667,3.363621207862214e-05,0.0,0.0091500141723356,359.375,16.144472987259373,1.0
222251,23.04,IFA_69_29_2749.wav,44100,20-07-20 00:00,mosquito,an arabiensis,Female,t,Single,,LT,telinga,tascam,Tanzania,Kilombero District,Morogoro,Ifakara,cup,D:\VGU-27\Edge AI Project\data\audio\222251.wav,44100,1,PCM_24,23.04,0.0,4f9ed0f9cdeb0f18d3a6e4b4c5b22bfb03fc629e1d6f83e317801b77bf8a9cff,831cba12767d61fe02271a55d02c2781ee873a9ec4fea8fae74aee26ab1a4c1d,0.0338134765625,-45.77916821414867,3.082300499963893e-05,0.0,0.0056787761400856635,359.375,15.52028889245521,0.9777468706536857
222239,38.4,IFA_69_32_2752.wav,44100,20-07-20 00:00,mosquito,an arabiensis,Female,f,Single,,LT,telinga,tascam,Tanzania,Kilombero District,Morogoro,Ifakara,cup,D:\VGU-27\Edge AI Project\data\audio\222239.wav,44100,1,PCM_24,38.4,0.0,ff69b8eea018581224206bf3e2ece62b9719ccde8535058453bf834127fdafd2,6344c23263c9174ddd5e169f59f204806927a197d97f7cabd437654cce4e1bb8,0.045074462890625,-49.8952145381815,2.0770294956429296e-05,0.0,0.009047855253212396,828.125,17.299828931996725,0.9716430358632193
222267,38.34,IFA_69_33_2753.wav,44100,20-07-20 00:00,mosquito,an arabiensis,Female,t,Single,,LT,telinga,tascam,Tanzania,Kilombero District,Morogoro,Ifakara,cup,D:\VGU-27\Edge AI Project\data\audio\222267.wav,44100,1,PCM_24,38.34,0.0,da24db59f26e1ac61f2024f11dd81d28f4dd59b08dfc7b49e9f44d3edc5ee865,0767ea8c9537a9f0083362a5fc99c05999768fd8c26b53f873e3735e26a691af,0.036529541015625,-47.585478922643595,3.0023533818929893e-05,0.0,0.007252805486653017,859.375,15.793308893985786,0.9774436090225563
222244,7.68,IFA_69_35_2755.wav,44100,20-07-20 00:00,mosquito,an arabiensis,Female,f,Single,,LT,telinga,tascam,Tanzania,Kilombero District,Morogoro,Ifakara,cup,D:\VGU-27\Edge AI Project\data\audio\222244.wav,44100,1,PCM_24,7.68,0.0,e30dd3b2b038fc988c3d8b66da94df4d3c0d68581a4be50a0beca729541a7d1f,3cf7d54ae37f916a61c94e0d700e6b90ba04481956d47dbf66553ffe9fd39b45,0.005340576171875,-58.138451202716944,2.294639160663723e-05,0.0,0.009708049886621314,359.375,14.666892888990601,0.9790794979079498
222243,20.48,IFA_69_35_2755.wav,44100,20-07-20 00:00,mosquito,an arabiensis,Female,f,Single,,LT,telinga,tascam,Tanzania,Kilombero District,Morogoro,Ifakara,cup,D:\VGU-27\Edge AI Project\data\audio\222243.wav,44100,1,PCM_24,20.47997732426304,-2.2675736961019766e-05,5e893492a6de5fe88e53ae656e311d89fc0d3996f5f11882f3e72a5ff5b9f1d3,34240c73c9a46aaeacc162f107fcd77a90622ab647af78662850aa68f5487337,0.0089111328125,-57.39739375315794,3.7253653811480186e-05,0.0,0.009837604784054333,875.0,17.123033754432914,0.9874804381846636
222242,2.56,IFA_69_35_2755.wav,44100,20-07-20 00:00,mosquito,an arabiensis,Female,f,Single,,LT,telinga,tascam,Tanzania,Kilombero District,Morogoro,Ifakara,cup,D:\VGU-27\Edge AI Project\data\audio\222242.wav,44100,1,PCM_24,2.5599773242630386,-2.2675736961463855e-05,3cafb31a1275d0d597357ce46742c739a885bfbdaea748de11c84ca98b08df45,64a849a016373ebe3df6eee83719c67f77accbf3178cd6747ac3a03970546b0c,0.00653076171875,-55.78827777945652,9.172357550503233e-05,0.0,0.007785995836839541,359.375,14.312749486311422,1.0
222248,35.78,IFA_70_10_2770.wav,44100,20-07-20 00:00,mosquito,an arabiensis,Female,f,Single,,LT,telinga,tascam,Tanzania,Kilombero District,Morogoro,Ifakara,cup,D:\VGU-27\Edge AI Project\data\audio\222248.wav,44100,1,PCM_24,35.78,0.0,ee023f8edc3c12e76e793be5f6bf6a42310d62b2299d69bb4859aaf917231982,bdf774d323a9c5f240b8b563c4e3ee0ab936dee98d4755de53fdf5a5028d7a07,0.05255126953125,-45.31900583841586,3.364774681401697e-05,0.0,0.00563471149592686,859.375,21.19784396232673,0.9982094897045658
222266,5.12,IFA_70_11_2771.wav,44100,20-07-20 00:00,mosquito,an arabiensis,Female,f,Single,,LT,telinga,tascam,Tanzania,Kilombero District,Morogoro,Ifakara,cup,D:\VGU-27\Edge AI Project\data\audio\222266.wav,44100,1,PCM_24,5.12,0.0,4a1e1cb814d44f3e4ea92339ae91f8f3044be3a611f83fea74981939a88cfcef,c66d180226f8ddf6c9ca0b676f149d412f1a27f451d9ba03e6fb6e311f6d0acf,0.049652099609375,-42.736677898661746,2.1513492342025515e-05,0.0,0.007112740929705216,578.125,18.89080680603484,1.0
222265,10.24,IFA_70_11_2771.wav,44100,20-07-20 00:00,mosquito,an arabiensis,Female,f,Single,,LT,telinga,tascam,Tanzania,Kilombero District,Morogoro,Ifakara,cup,D:\VGU-27\Edge AI Project\data\audio\222265.wav,44100,1,PCM_24,10.23997732426304,-2.2675736961019766e-05,709c600961e7d1e19fd24a2dd95ffa4d34b92f0a15e62803898791260ff6dfdb,64ecb2d8c92b0cb884a012b2a02aa090547d54ec78eecfe66f35e02ec4804cfe,0.066741943359375,-42.427546535322534,1.1422762139656498e-05,0.0,0.004951470715239502,156.25,15.685487061828871,0.9811912225705329
222264,5.12,IFA_70_11_2771.wav,44100,20-07-20 00:00,mosquito,an arabiensis,Female,f,Single,,LT,telinga,tascam,Tanzania,Kilombero District,Morogoro,Ifakara,cup,D:\VGU-27\Edge AI Project\data\audio\222264.wav,44100,1,PCM_24,5.12,0.0,b08c829d06e95220cb05bb9039227d33c2dbaada2f6bf9e7e83403c62c3d3129,b50e0f9f454ed515059d5b1f7c2fe2ad7b94c783efcdd2165bca0cec2fc4010b,0.04949951171875,-42.339349013427665,2.9646890774335452e-05,0.0,0.0036936649659863948,156.25,16.329286208157626,0.9559748427672956
222245,33.22,IFA_70_12_2772.wav,44100,20-07-20 00:00,mosquito,an arabiensis,Female,f,Single,,LT,telinga,tascam,Tanzania,Kilombero District,Morogoro,Ifakara,cup,D:\VGU-27\Edge AI Project\data\audio\222245.wav,44100,1,PCM_24,33.22,0.0,bb1231bb48c5bedd929461462c57af9fa5b7b5e4011893390b3b80d9bd3eb053,28dd7f39db3aff05272a787f139a519ca739d40658e92069e6eb0e68c21c90c2,0.0291748046875,-49.41265681886855,3.1008275114022884e-05,0.0,0.008083265415337318,906.25,24.3750391526844,0.996142719382835
222241,33.28,IFA_70_16_2776.wav,44100,20-07-20 00:00,mosquito,an arabiensis,Female,f,Single,,LT,telinga,tascam,Tanzania,Kilombero District,Morogoro,Ifakara,cup,D:\VGU-27\Edge AI Project\data\audio\222241.wav,44100,1,PCM_24,33.28,0.0,79d45b042d27cb028a13b51106c367bc22aab2aa70d88e251bf4965480e36f48,525996e4694b158456c922b0d372b95a0c99904d54ce29f54ee9bdfb7d743189,0.034759521484375,-48.33845235051506,2.2792845273046996e-05,0.0,0.006224244505494505,906.25,22.53015470647806,0.9923002887391723
222260,25.6,IFA_70_19_2779.wav,44100,20-07-20 00:00,mosquito,culex pipiens complex,Female,f,Single,,LT,telinga,tascam,Tanzania,Kilombero District,Morogoro,Ifakara,cup,D:\VGU-27\Edge AI Project\data\audio\222260.wav,44100,1,PCM_24,25.6,0.0,33cdcc0b7d5ad9ce3451cdc696c8613278f8ab012a7189055960db2e04c7d39a,46e8e050ef759e5ddeb5e7b1e5667601604059e9c8160aab0baf42c165af6f75,0.0313720703125,-46.306795818428384,4.800182351179404e-05,0.0,0.006821322278911564,968.75,20.535244233995815,0.9799749687108886
222257,30.72,IFA_70_20_2780.wav,44100,20-07-20 00:00,mosquito,culex pipiens complex,Female,f,Single,,LT,telinga,tascam,Tanzania,Kilombero District,Morogoro,Ifakara,cup,D:\VGU-27\Edge AI Project\data\audio\222257.wav,44100,1,PCM_24,30.72,0.0,0231f2b7d31f0b1053bbbc45e58de25c041116998d8968443c79ef83113fa080,da38cff2455e1809662d4d747d31c99b3d5db3b8260e039517f4ac2808aab3f8,0.08251953125,-40.7234600286456,2.344622813835346e-05,0.0,0.004090785619803477,156.25,14.827489262517158,0.9457768508863399
222238,28.16,IFA_70_21_2781.wav,44100,20-07-20 00:00,mosquito,culex pipiens complex,Female,f,Single,,LT,telinga,tascam,Tanzania,Kilombero District,Morogoro,Ifakara,cup,D:\VGU-27\Edge AI Project\data\audio\222238.wav,44100,1,PCM_24,28.16,0.0,2fa3b579ae4451635a9096c17688359b53baa3558ea77f46456b524ce22f3879,2391d8d1201ccc8e0045c45c3915211c066d60b5a009d3433346534470d7bcbb,0.06500244140625,-44.20630279880507,-2.5586132363323525e-06,0.0,0.005505469233147805,937.5,17.010851375820046,0.9920364050056882
222252,28.16,IFA_70_22_2782.wav,44100,20-07-20 00:00,mosquito,culex pipiens complex,Female,f,Single,,LT,telinga,tascam,Tanzania,Kilombero District,Morogoro,Ifakara,cup,D:\VGU-27\Edge AI Project\data\audio\222252.wav,44100,1,PCM_24,28.16,0.0,08488dd7b73e138cc960fb98d964a22b0d94f033aa474e62346bdb58a3b935d7,e94dc55aff76d359842f9edb2f9888a0bf18a70595a1d54edb747e94e863d572,0.103179931640625,-40.15289797963256,3.999553987891914e-05,0.0,0.004457038497217069,156.25,15.929444224533958,0.9738339021615472
222270,46.02,IFA_70_26_2786.wav,44100,21-07-20 00:00,mosquito,an arabiensis,Female,t,Single,,LT,telinga,tascam,Tanzania,Kilombero District,Morogoro,Ifakara,cup,D:\VGU-27\Edge AI Project\data\audio\222270.wav,44100,1,PCM_24,46.02,0.0,96dbab64f347a0930db089601db1e9d414aeaac041feaf2b74af50418ed1ad8d,8852171349861f0baa4f8728b839cf90acf65318a32c2acad88dcb7ce2b63e67,0.0494384765625,-53.41521990920343,3.689637241505006e-05,0.0,0.008527791820770028,515.625,32.44072451287022,0.9951287404314544
222297,30.66,IFA_70_29_2789.wav,44100,21-07-20 00:00,mosquito,an arabiensis,Female,t,Single,,LT,telinga,tascam,Tanzania,Kilombero District,Morogoro,Ifakara,cup,D:\VGU-27\Edge AI Project\data\audio\222297.wav,44100,1,PCM_24,30.66,0.0,7daa6a1a6a234e988f77c0da617103d70aa38b5a2270bb7f93382cbc207d2a13,ca09d47b5eef362481b7c0a5eadc72ac1fff533fdf8643088711f85ff7b410f6,0.02764892578125,-48.79490061758944,2.386858549996496e-05,0.0,0.007264223367102875,859.375,19.35706933825444,0.9905956112852664
222309,43.46,IFA_70_32_2792.wav,44100,21-07-20 00:00,mosquito,an arabiensis,Female,f,Single,,LT,telinga,tascam,Tanzania,Kilombero District,Morogoro,Ifakara,cup,D:\VGU-27\Edge AI Project\data\audio\222309.wav,44100,1,PCM_24,43.46,0.0,ba72ed512caad93fd73d5361d09f200d7522415865e7747cf32536d74ccf3ec4,14bbf72e51067f95183839df61705eaad64c9a7128dc674812888ee9a1176776,0.032867431640625,-47.87877406609866,2.9729013177190458e-05,0.0,0.006021644737048064,859.375,25.914869064005263,0.9992630803242447
222277,46.02,IFA_70_33_2793.wav,44100,21-07-20 00:00,mosquito,an arabiensis,Female,t,Single,,LT,telinga,tascam,Tanzania,Kilombero District,Morogoro,Ifakara,cup,D:\VGU-27\Edge AI Project\data\audio\222277.wav,44100,1,PCM_24,46.02,0.0,3f2cb8ef08cdbae1491cf8c3dfa669965d119351f8e8ddb2d61efdcd4d67c0e6,82254e915b5dccaa36b0ee1e4263585894cc492babbb497fab188d1ee4b8df28,0.0447998046875,-45.38936482316834,2.4365784300770777e-05,0.0,0.0051224893839905946,859.375,19.536898407266555,0.9930410577592206
222300,53.7,IFA_70_34_2794.wav,44100,21-07-20 00:00,mosquito,an arabiensis,Female,f,Single,,LT,telinga,tascam,Tanzania,Kilombero District,Morogoro,Ifakara,cup,D:\VGU-27\Edge AI Project\data\audio\222300.wav,44100,1,PCM_24,53.7,0.0,7defab0e37a08c2e2db545db6832ec4defa9fd77abc378756141966709b58800,373af9e629f50c82f9f85504860bae059d036ac02f319b26f341598c5c41875f,0.115997314453125,-45.72824636919399,2.001344209000911e-05,0.0,0.007118999058344629,921.875,25.957183465064677,0.9964221824686941
222276,53.7,IFA_70_35_2795.wav,44100,21-07-20 00:00,mosquito,an arabiensis,Female,f,Single,,LT,telinga,tascam,Tanzania,Kilombero District,Morogoro,Ifakara,cup,D:\VGU-27\Edge AI Project\data\audio\222276.wav,44100,1,PCM_24,53.7,0.0,f69e33124497328a75b6f3dfa6e5ba34cd2ecfbbcf9bb6d487b24d80574e4059,2e95dada7f1dd9e83c48292c786b1b83b68a72b713ce7c1ea4dc6630e2ad7304,0.017120361328125,-53.765127313495256,3.425787802560891e-05,0.0,0.007277349176790518,875.0,20.358223924206882,0.9958258795468098
222273,48.64,IFA_70_36_2796.wav,44100,21-07-20 00:00,mosquito,an arabiensis,Female,f,Single,,LT,telinga,tascam,Tanzania,Kilombero District,Morogoro,Ifakara,cup,D:\VGU-27\Edge AI Project\data\audio\222273.wav,44100,1,PCM_24,48.64,0.0,7047ca531606982fcf96a07263f6d0d4e15accea072b0f2712de3b19d851245b,0fd037bc6cfaf96c7d8f8448cffb59d90f953935b9332ffc8b5fb99452f9569d,0.02032470703125,-54.409890233609,2.2183854307617888e-05,0.0,0.009477749433106575,421.875,21.11835960132215,0.9973666886109283
222302,15.36,IFA_70_38_2798.wav,44100,21-07-20 00:00,mosquito,an arabiensis,Female,f,Single,,LT,telinga,tascam,Tanzania,Kilombero District,Morogoro,Ifakara,cup,D:\VGU-27\Edge AI Project\data\audio\222302.wav,44100,1,PCM_24,15.36,0.0,f0273ad543b08e69862423ffbc0ac71217b312aba322010fbd9ee7b647cdae9d,daf6b8e91b1e4f7184c407b06f01d1a70fc8b2b993f87564ca003014ff2f9e8d,0.036102294921875,-49.82376505172364,3.754232115395936e-05,0.0,0.008132853835978835,859.375,22.567453733279827,0.9937369519832986
222301,25.6,IFA_70_38_2798.wav,44100,21-07-20 00:00,mosquito,an arabiensis,Female,f,Single,,LT,telinga,tascam,Tanzania,Kilombero District,Morogoro,Ifakara,cup,D:\VGU-27\Edge AI Project\data\audio\222301.wav,44100,1,PCM_24,25.6,0.0,bd86c06724d3771a7c02333c31ac496af304d0356b88b4d2d80c35361415ad61,5b14a29cf0a0a44058afe78b7e12b38d1ff857b99929e33787196212a13dbb6c,0.043548583984375,-49.14812676226922,-1.7877338694877366e-06,0.0,0.008320046768707482,859.375,23.417226129168153,0.9974968710888611
222305,79.36,IFA_70_39_2799.wav,44100,21-07-20 00:00,mosquito,an arabiensis,Female,f,Single,,LT,telinga,tascam,Tanzania,Kilombero District,Morogoro,Ifakara,cup,D:\VGU-27\Edge AI Project\data\audio\222305.wav,44100,1,PCM_24,79.36,0.0,f001961c4aed0980ba6026742568ea19b8152814e27989a2187f5551163ce896,c0f03aafd117770e104e7cea4962838f9118a57688d11f5e22abb7922842c8c7,0.21038818359375,-50.23027061403137,2.7504515590337066e-05,0.0,0.007462191865993709,156.25,19.747875574401462,0.9971762807583703
222287,40.9,IFA_70_40_2800.wav,44100,21-07-20 00:00,mosquito,an arabiensis,Female,f,Single,,LT,telinga,tascam,Tanzania,Kilombero District,Morogoro,Ifakara,cup,D:\VGU-27\Edge AI Project\data\audio\222287.wav,44100,1,PCM_24,40.9,0.0,81433573f5e3362dd814c88c39b057e61075d4ce240bcd72c15c8b73fc7cdc37,cd4e58faecd7e726f02dafec28d415880648beb62c45a1c0b70cadcc263f9252,0.021392822265625,-50.58467482988866,3.0064811634846482e-05,0.0,0.006099717800730724,781.25,29.23279824629432,1.0
222274,40.96,IFA_71_10_2810.wav,44100,21-07-20 00:00,mosquito,an arabiensis,Female,f,Single,,LT,telinga,tascam,Tanzania,Kilombero District,Morogoro,Ifakara,cup,D:\VGU-27\Edge AI Project\data\audio\222274.wav,44100,1,PCM_24,40.96,0.0,f46334a88a4c60d4d076c7576642b195f6cecee171a9b7237e15c5861b8f1b1c,9d6a22029ca039f6970c593b857ee7f9032afd0529667a948a34974d46dda45a,0.029205322265625,-50.15440804868624,2.764782059490005e-05,0.0,0.0077206012613378686,218.75,22.259940850752756,0.9960906958561376
222290,15.36,IFA_71_12_2812.wav,44100,21-07-20 00:00,mosquito,an arabiensis,Female,f,Single,,LT,telinga,tascam,Tanzania,Kilombero District,Morogoro,Ifakara,cup,D:\VGU-27\Edge AI Project\data\audio\222290.wav,44100,1,PCM_24,15.36,0.0,1c93cc7a5b6339374ccf5e1867f68b141fd0b6cc523428dda1efd56e35db6360,4471a3658dc7db692f18e7a2e1e17d357af26fed73852f78d9797f993cf74456,0.0289306640625,-45.49429981235929,2.1468845174245912e-05,0.0,0.005905139833711263,765.625,20.101554473608957,0.9895615866388309
222294,7.68,IFA_71_13_2813.wav,44100,21-07-20 00:00,mosquito,an arabiensis,Female,f,Single,,LT,telinga,tascam,Tanzania,Kilombero District,Morogoro,Ifakara,cup,D:\VGU-27\Edge AI Project\data\audio\222294.wav,44100,1,PCM_24,7.68,0.0,c0b939c1abc66ce51e5624a888efb1893c2743a7afc32bf49db82a0e5409c973,8da6cf624a6f89df2def0d4ba6632ec9b3c7cb90827548785dea91f0b1afe8f1,0.00927734375,-55.69157515616881,8.29904798477415e-05,0.0,0.010133219954648526,437.5,26.678521358057623,1.0
222293,17.92,IFA_71_13_2813.wav,44100,21-07-20 00:00,mosquito,an arabiensis,Female,f,Single,,LT,telinga,tascam,Tanzania,Kilombero District,Morogoro,Ifakara,cup,D:\VGU-27\Edge AI Project\data\audio\222293.wav,44100,1,PCM_24,17.919977324263037,-2.267573696457248e-05,0ef52ca67fad521af1f55b5aabdc2a6261e4da679a722aa3e46f449257525e29,27edc00dd9a0990cfabc83154b5fbe4ae54e5f00938c3c67756f4bbaa33f4f01,0.01617431640625,-53.87790117800401,2.3509592246975245e-05,0.0,0.010411618292965325,796.875,25.62243548127224,1.0
222295,7.68,IFA_71_13_2813.wav,44100,21-07-20 00:00,mosquito,an arabiensis,Female,f,Single,,LT,telinga,tascam,Tanzania,Kilombero District,Morogoro,Ifakara,cup,D:\VGU-27\Edge AI Project\data\audio\222295.wav,44100,1,PCM_24,7.68,0.0,de2281ee67c4a0eb0d13a1957e0a14f0442e63924494feb9ee9337aa0bcdc1b7,554e34f5659d9f63770835814e279f702a1166450837ec42c3459a87c96497ab,0.008392333984375,-56.87029208611384,3.699993240229577e-05,0.0,0.010466860355253212,781.25,27.039084172195984,1.0
222296,7.68,IFA_71_13_2813.wav,44100,21-07-20 00:00,mosquito,an arabiensis,Female,f,Single,,LT,telinga,tascam,Tanzania,Kilombero District,Morogoro,Ifakara,cup,D:\VGU-27\Edge AI Project\data\audio\222296.wav,44100,1,PCM_24,7.68,0.0,9e8041b611d22c6f9ddc44af078726a457873c7925bf972c7d565db2234b0f19,595fd2845916ad61258c3411295e52d885ab35bb05847c9bd2b8f7e1f6930448,0.03216552734375,-48.56514007606079,6.488553520773544e-05,0.0,0.0074375236205593345,796.875,26.458110836474674,1.0
222308,38.4,IFA_71_17_2817.wav,44100,21-07-20 00:00,mosquito,culex pipiens complex,Female,f,Single,,LT,telinga,tascam,Tanzania,Kilombero District,Morogoro,Ifakara,cup,D:\VGU-27\Edge AI Project\data\audio\222308.wav,44100,1,PCM_24,38.4,0.0,888410af73f34fe6248c5e9e490ec598f9754cec7cd1f815c2f215bc0f1902d1,136badf4ccd65adba123c5a826ecabb5246d36af95d4071251f21ae67fde270f,0.020416259765625,-52.357565185430744,3.490622802296103e-05,0.0,0.009419288548752834,937.5,20.747284335898183,0.9958298582151793
222307,2.56,IFA_71_17_2817.wav,44100,21-07-20 00:00,mosquito,culex pipiens complex,Female,f,Single,,LT,telinga,tascam,Tanzania,Kilombero District,Morogoro,Ifakara,cup,D:\VGU-27\Edge AI Project\data\audio\222307.wav,44100,1,PCM_24,2.56,0.0,c070e241907e881d677140e6de183bc9b0ff64079360ac9320698d6ef712a5bf,e0f7ea931bbaa43663bbef7a9ac25bea1539a0d09d539469df4f2a3adb89cd34,0.026123046875,-52.432829739480695,-6.78811754499163e-05,0.0,0.0057575113378684805,156.25,15.908331907194926,0.9873417721518988
222272,30.66,IFA_71_20_2820.wav,44100,21-07-20 00:00,mosquito,culex pipiens complex,Female,f,Single,,LT,telinga,tascam,Tanzania,Kilombero District,Morogoro,Ifakara,cup,D:\VGU-27\Edge AI Project\data\audio\222272.wav,44100,1,PCM_24,30.66,0.0,8578d33a530d4dc766a82bdf2d1a0a28785efde349815bd7e2161e47beb56beb,8ab6fec0e48b298b309f0c1628914785e3a13adea032c5f4a50644458b44d21f,0.021881103515625,-52.22735106836662,4.817293778216399e-05,0.0,0.007088201664662386,921.875,22.359654007133788,0.9979101358411703
222343,2.56,IFA_71_23_2823.wav,44100,26-07-20 00:00,mosquito,an arabiensis,Female,f,Single,,LT,telinga,tascam,Tanzania,Kilombero District,Morogoro,Ifakara,cup,D:\VGU-27\Edge AI Project\data\audio\222343.wav,44100,1,PCM_24,2.56,0.0,f4e6077238d9baa857fc43335db24173b7d1970307c85cf7437ac2b58f825eaf,73700c2dc72b486eca831d81840d53238941a1a165a5a2ba31003be59fe9dd4b,0.014862060546875,-50.393009523150525,2.1665274691419537e-05,0.0,0.005536068594104308,765.625,16.66194588242007,1.0
222353,17.86,IFA_71_25_2825.wav,44100,26-07-20 00:00,mosquito,an arabiensis,Female,f,Single,,LT,telinga,tascam,Tanzania,Kilombero District,Morogoro,Ifakara,cup,D:\VGU-27\Edge AI Project\data\audio\222353.wav,44100,1,PCM_24,17.86,0.0,e8582a671f713069084ae98434c60f0a70286acce3bfb01d7d247d7dcd2a0305,4bac3ad5a945d511d245624fe0d8fcc610cdc3dfb840ce52b1e07688f8c01a15,0.026397705078125,-50.98617925799856,-1.506869980912181e-05,0.0,0.006382470868153159,765.625,18.54507230170868,1.0
222352,10.24,IFA_71_25_2825.wav,44100,26-07-20 00:00,mosquito,an arabiensis,Female,f,Single,,LT,telinga,tascam,Tanzania,Kilombero District,Morogoro,Ifakara,cup,D:\VGU-27\Edge AI Project\data\audio\222352.wav,44100,1,PCM_24,10.23997732426304,-2.2675736961019766e-05,9c3dec7cdac454dd3b7f6fa0d7c81272dd2160132d7707c03ec14f1688976c5f,a4f5a6ff5f04aa3faf6c186be7125d6849a4c47b6e4bf8328d7a40a2ef1677a8,0.029205322265625,-48.00891871177896,3.930806627394632e-06,0.0,0.004535157435067307,765.625,18.888578468806244,1.0
222351,28.16,IFA_71_25_2825.wav,44100,26-07-20 00:00,mosquito,an arabiensis,Female,f,Single,,LT,telinga,tascam,Tanzania,Kilombero District,Morogoro,Ifakara,cup,D:\VGU-27\Edge AI Project\data\audio\222351.wav,44100,1,PCM_24,28.16,0.0,0528bb99e98abea98a9a53b36cc0e5d694d59620d679f3a0b1dee063679d35be,8e640e8f6a112e61322b83ff17beb5c74d720c93cf80820248711359c10d35ff,0.03314208984375,-49.015114207061515,4.007857599299708e-05,0.0,0.005574720418470418,765.625,17.574294971104386,0.9977246871444824
222349,23.04,IFA_71_26_2826.wav,44100,26-07-20 00:00,mosquito,an arabiensis,Female,f,Single,,LT,telinga,tascam,Tanzania,Kilombero District,Morogoro,Ifakara,cup,D:\VGU-27\Edge AI Project\data\audio\222349.wav,44100,1,PCM_24,23.04,0.0,ef0d6f947cbe981267a5ce79ec49dbcad87d9b95e88c83e9ddfff447ab9d022a,88f516e0d5747efcd5cff846a15146919921a5465c96c6863a602b429e69a746,0.032012939453125,-48.31840840012105,-3.6841046753083465e-07,0.0,0.005381550768455531,765.625,19.30199103099249,1.0
222346,7.68,IFA_71_28_2828.wav,44100,26-07-20 00:00,mosquito,an arabiensis,Female,f,Single,,LT,telinga,tascam,Tanzania,Kilombero District,Morogoro,Ifakara,cup,D:\VGU-27\Edge AI Project\data\audio\222346.wav,44100,1,PCM_24,7.68,0.0,14e34b71e15ec65e2549855fbf105b3a4ec6c500cee471f2fb3008e5315dea98,1538464c781eaa588d1efe7ab0f544f8e1bc08414942e11f66f59ef932c03b49,0.032501220703125,-47.125244244660465,0.0001473561976772317,0.0,0.004856977513227514,765.625,17.1555357667846,1.0
222345,2.56,IFA_71_28_2828.wav,44100,26-07-20 00:00,mosquito,an arabiensis,Female,f,Single,,LT,telinga,tascam,Tanzania,Kilombero District,Morogoro,Ifakara,cup,D:\VGU-27\Edge AI Project\data\audio\222345.wav,44100,1,PCM_24,2.5599773242630386,-2.2675736961463855e-05,dfdf69f6e14d4be9f2fe3e9f42408fa41381638ac00d4ddc963b0a1b01e2d4b3,ab950db60e601035ff4effde370352401863e8894ee33f7c64fd061b14551dfd,0.006439208984375,-54.31153568535035,-0.00010393330993746955,0.0,0.006368749723194118,765.625,18.519294982881473,1.0
222340,48.58,IFA_71_30_2830.wav,44100,26-07-20 00:00,mosquito,an arabiensis,Female,f,Single,,LT,telinga,tascam,Tanzania,Kilombero District,Morogoro,Ifakara,cup,D:\VGU-27\Edge AI Project\data\audio\222340.wav,44100,1,PCM_24,48.58,0.0,bc0d0765487382a9bd2b122cb05fdf8bd56f64d105acbe8952338466f6491887,46b042cd17588682a445c31fef11570681e6ea4af11701d5b9c038f83f3c1673,0.033538818359375,-49.53472244240078,3.448746807103777e-05,0.0,0.004843683047529428,640.625,17.563128957590262,0.998022412656559
222348,48.58,IFA_71_35_2835.wav,44100,26-07-20 00:00,mosquito,an arabiensis,Female,f,Single,,LT,telinga,tascam,Tanzania,Kilombero District,Morogoro,Ifakara,cup,D:\VGU-27\Edge AI Project\data\audio\222348.wav,44100,1,PCM_24,48.58,0.0,9f42ac754abf466442e56f664d2fa0ad1d0b4cd1d3e413ecd616e15e7281a29d,65a3df546acc54530b47af44e6b458832da1c33ad386be005f4e424be94a93b6,0.025115966796875,-49.35518101255817,2.2923289710079173e-05,0.0,0.004761064574038755,765.625,19.73415193538536,0.998022412656559
222314,43.46,IFA_72_12_2852.wav,44100,27-07-20 00:00,mosquito,an arabiensis,Female,f,Single,,LT,telinga,tascam,Tanzania,Kilombero District,Morogoro,Ifakara,cup,D:\VGU-27\Edge AI Project\data\audio\222314.wav,44100,1,PCM_24,43.46,0.0,edaca244fab28895a55d1ab21daeed0884b2a7351efce011762ef5d611fd58e7,a4aeb77596a2688b21931228ac73756bf55ae8f2974229e486f2b62590eea5c7,0.021209716796875,-50.088848790603215,4.717742182278313e-05,0.0,0.005216045614441512,906.25,31.313930262818126,0.9941046425939573
222326,35.78,IFA_72_13_2853.wav,44100,27-07-20 00:00,mosquito,an arabiensis,Female,f,Single,,LT,telinga,tascam,Tanzania,Kilombero District,Morogoro,Ifakara,cup,D:\VGU-27\Edge AI Project\data\audio\222326.wav,44100,1,PCM_24,35.78,0.0,81426bc7372084c89348b23203b858a5a8a97b14af9aa98af5c9f6da9103eaf4,0aa40107b0dcfc42158666a9024e5384e49d510a65e979f4717db858d2ca47ed,0.024322509765625,-48.51915111259216,4.0042521072981666e-05,0.0,0.004478109484896996,921.875,28.15444401670628,0.9946284691136974
222317,38.34,IFA_72_14_2854.wav,44100,27-07-20 00:00,mosquito,an arabiensis,Female,f,Single,,LT,telinga,tascam,Tanzania,Kilombero District,Morogoro,Ifakara,cup,D:\VGU-27\Edge AI Project\data\audio\222317.wav,44100,1,PCM_24,38.34,0.0,6de54defe2a09f73b2caf6033f0c09fe580058fe08587f44e9a7347288a3e8fb,1fb0b0089c128afb46c64715d6ac76d230c889fe13b33ef4d5fa74858e91bc36,0.025634765625,-49.23918708568487,1.2335097959385132e-05,0.0,0.004581871002617705,828.125,18.426533941586513,0.9933166248955723
222330,35.78,IFA_72_15_2855.wav,44100,27-07-20 00:00,mosquito,an arabiensis,Female,t,Single,,LT,telinga,tascam,Tanzania,Kilombero District,Morogoro,Ifakara,cup,D:\VGU-27\Edge AI Project\data\audio\222330.wav,44100,1,PCM_24,35.78,0.0,1381c66ea48cf6e2f61cdd9e3e38e85972b411ae00b4cc89bd2c587de77b40da,449a4b0dc76d4a3bf17bd626a94f2761944a1de848f848937690ac81897085a1,0.022918701171875,-50.07904227476166,4.311422296714125e-05,0.0,0.0050903163575845845,859.375,28.279352051839453,0.999104744852283
222310,40.9,IFA_72_17_2857.wav,44100,27-07-20 00:00,mosquito,an arabiensis,Female,f,Single,,LT,telinga,tascam,Tanzania,Kilombero District,Morogoro,Ifakara,cup,D:\VGU-27\Edge AI Project\data\audio\222310.wav,44100,1,PCM_24,40.9,0.0,563b7d20fd7b34847f4fdae484416c66fb43d39d915b1380941b6497a26c76ba,fc62b51be44935b48f9338704a2985204714a24eb7ce759d43e8fecc36337dfc,0.033416748046875,-42.81840468906857,3.3667790653725835e-05,0.0,0.0013367042008327373,765.625,18.70857402389716,0.995301487862177
222318,33.22,IFA_72_19_2859.wav,44100,27-07-20 00:00,mosquito,culex pipiens complex,Female,f,Single,,LT,telinga,tascam,Tanzania,Kilombero District,Morogoro,Ifakara,cup,D:\VGU-27\Edge AI Project\data\audio\222318.wav,44100,1,PCM_24,33.22,0.0,95f5fc5cbe576d8fdc69de1ba859b529aff834f27eeb056bdd317c5fd753aef1,969f9eff9dee64a8a3337e89393f6b1f4632f24e74e93b94b281aa7a92d1d156,0.06195068359375,-40.76937381190692,2.795108455510001e-05,0.0,0.0013098958226678188,968.75,18.92618572361686,0.996142719382835
222327,33.22,IFA_72_20_2860.wav,44100,27-07-20 00:00,mosquito,an arabiensis,Female,t,Single,,LT,telinga,tascam,Tanzania,Kilombero District,Morogoro,Ifakara,cup,D:\VGU-27\Edge AI Project\data\audio\222327.wav,44100,1,PCM_24,33.22,0.0,3b32aa31dd8ef0b2f72a5adfafacfc643f4c7e8c41b1f7d257b12894220c0b93,f3dbf586793c2f7952ba8d9e7fd1ad8e71a7bf1e92830bce72935f0ef486c417,0.034210205078125,-46.48557818006606,3.0406006844935195e-05,0.0,0.003980881937362543,375.0,25.20299582574497,0.996142719382835
222312,38.34,IFA_72_21_2861.wav,44100,27-07-20 00:00,mosquito,an arabiensis,Female,f,Single,,LT,telinga,tascam,Tanzania,Kilombero District,Morogoro,Ifakara,cup,D:\VGU-27\Edge AI Project\data\audio\222312.wav,44100,1,PCM_24,38.34,0.0,3fc9fefc0470538208f3afbef19eb4b68e682af9b72df88f55a85e4bae5f5255,0c9eb902938cd3542294c0ef2d37a591823637f8666065f5cc4802b19f279389,0.043853759765625,-44.53080858047361,3.185401742788817e-05,0.0,0.0043819649229888446,156.25,18.058665341621086,0.9916457811194653
222324,56.26,IFA_72_26_2866.wav,44100,27-07-20 00:00,mosquito,an arabiensis,Female,f,Single,,LT,telinga,tascam,Tanzania,Kilombero District,Morogoro,Ifakara,cup,D:\VGU-27\Edge AI Project\data\audio\222324.wav,44100,1,PCM_24,56.26,0.0,b7f948071d2124941f991d366a2ee6dba32d340fce77a7645ea4ff0d038c6be0,f70e615da69a0549316e44384967a777739426f6a6b2e41eda2fde1d05e3b079,0.023040771484375,-51.313254028989746,2.2757672449469554e-05,0.0,0.006237641400913962,859.375,20.981126453963416,0.9977233921457029
222329,43.46,IFA_72_28_2868.wav,44100,27-07-20 00:00,mosquito,culex pipiens complex,Female,f,Single,,LT,telinga,tascam,Tanzania,Kilombero District,Morogoro,Ifakara,cup,D:\VGU-27\Edge AI Project\data\audio\222329.wav,44100,1,PCM_24,43.46,0.0,557685979ea35c0366fcb607d82ecaa58efc208b6de0a6f8a59775c95cf31145,99736544d43571a38d08f33a9a42eec0b3015fbe69c4e1e85bf49484f633c1a8,0.04132080078125,-44.69656550954036,3.9591218116606497e-05,0.0,0.004576888279471936,156.25,15.954619448303934,0.9859985261606485
222334,35.78,IFA_72_33_2873.wav,44100,27-07-20 00:00,mosquito,an arabiensis,Female,f,Single,,LT,telinga,tascam,Tanzania,Kilombero District,Morogoro,Ifakara,cup,D:\VGU-27\Edge AI Project\data\audio\222334.wav,44100,1,PCM_24,35.78,0.0,ada58956f43f8e34f66302b51be94377e6860942974f84b898fe38946ffab81f,0b3b72253b35ec79366e834c3f2db098212377b3660480ca85cffb788478b3ad,0.01702880859375,-48.485665359700796,3.807696916171269e-05,0.0,0.0037068302260348895,921.875,18.401250264867198,0.999104744852283
222313,46.02,IFA_72_35_2875.wav,44100,27-07-20 00:00,mosquito,culex pipiens complex,Female,f,Single,,LT,telinga,tascam,Tanzania,Kilombero District,Morogoro,Ifakara,cup,D:\VGU-27\Edge AI Project\data\audio\222313.wav,44100,1,PCM_24,46.02,0.0,b3f27d81bf6a5ac37ee4533ee40f808a900781d5f40e3d8df6a169e4731d4311,943f9c185b1c52ab7cc3e4706230f3c33155543b6da8e18fe92bbe3c2870680a,0.031005859375,-47.52886904099402,1.956352749336869e-05,0.0,0.005149589895352608,937.5,24.997875481309944,0.9986082115518441
222325,5.12,IFA_72_36_2876.wav,44100,27-07-20 00:00,mosquito,culex pipiens complex,Female,f,Single,,LT,telinga,tascam,Tanzania,Kilombero District,Morogoro,Ifakara,cup,D:\VGU-27\Edge AI Project\data\audio\222325.wav,44100,1,PCM_24,5.119977324263038,-2.2675736961907944e-05,779431e0e575ccfb152662260825c999ebdf4553fb3a57374a6c9f809280e8f0,67c8ced043552f839b56faf6ac827ffec91ee8c7f86ae89a16b073785b74430b,0.029449462890625,-46.85367661802643,1.202599992394792e-05,0.0,0.0042384328870504135,968.75,18.004227917532376,1.0
222383,35.84,IFA_72_37_2877.wav,44100,28-07-20 00:00,mosquito,an arabiensis,Female,f,Single,,LT,telinga,tascam,Tanzania,Kilombero District,Morogoro,Ifakara,cup,D:\VGU-27\Edge AI Project\data\audio\222383.wav,44100,1,PCM_24,35.84,0.0,e50cc0d92c7aedaeda5d88e0a5b7242467420097f324e3fd0e7fb958b517e70a,63a8ac0035d103b14192550ee9059fdeb71ea1d55b0411334d0fe5a3377ceefe,0.022491455078125,-54.65113554573098,3.777928517634791e-05,0.0,0.012815840621963072,390.625,20.187964726622667,0.9937444146559428
222428,25.54,IFA_72_39_2879.wav,44100,28-07-20 00:00,mosquito,an arabiensis,Female,f,Single,,LT,telinga,tascam,Tanzania,Kilombero District,Morogoro,Ifakara,cup,D:\VGU-27\Edge AI Project\data\audio\222428.wav,44100,1,PCM_24,25.54,0.0,c30ae37b86411bd5bcc987fab3e674e62966cd813840cb2f4a61cc4e0f777ad4,25e6f8292b4dbcab7687e7473ee5c6d0fee48eb69685e11ad3390b6963069e1d,0.0341796875,-50.504471630419744,3.277860911580274e-05,0.0,0.007140992653913563,859.375,23.794601381801943,0.9949811794228356
222429,38.34,IFA_72_40_2880.wav,44100,28-07-20 00:00,mosquito,an arabiensis,Female,f,Single,,LT,telinga,tascam,Tanzania,Kilombero District,Morogoro,Ifakara,cup,D:\VGU-27\Edge AI Project\data\audio\222429.wav,44100,1,PCM_24,38.34,0.0,0ebfdb311f25a6860ae8ddbfa9e5614eb9a8d909717fa0e59ae0d958c17d6333,d69104701170e492d1ad527c59dc9ebf34bd1bf58a4358965aa3f007fc13d47c,0.03741455078125,-48.190823091651026,2.5459850981994257e-05,0.0,0.007652026207805327,859.375,24.038369109373793,0.9949874686716792
222382,30.66,IFA_73_10_2890.wav,44100,28-07-20 00:00,mosquito,an arabiensis,Female,f,Single,,LT,telinga,tascam,Tanzania,Kilombero District,Morogoro,Ifakara,cup,D:\VGU-27\Edge AI Project\data\audio\222382.wav,44100,1,PCM_24,30.66,0.0,4d66a1243ca702f931b4656a234b05a8c46e8c71bf83d40fce59db07d23868d8,800cf51fed23dab4e084a88337aa158e1ad9fd5a49bd58e5b9bc7209b3381103,0.022674560546875,-46.27920152406794,3.2596673422678215e-05,0.0,0.0033436727593842493,781.25,22.014397350025092,0.9895506792058516
222422,40.96,IFA_73_11_2891.wav,44100,28-07-20 00:00,mosquito,an arabiensis,Female,f,Single,,LT,telinga,tascam,Tanzania,Kilombero District,Morogoro,Ifakara,cup,D:\VGU-27\Edge AI Project\data\audio\222422.wav,44100,1,PCM_24,40.96,0.0,b8db1585b6be14acbf4761ed46e7c3843b7d61127531435a505a3e438bd4727b,6a5c204a5528ac5546f42b98b59ce38950936b6a4bb168b401125f561f926733,0.04388427734375,-43.89898343343806,3.36496433973853e-05,0.0,0.001535705428004535,234.375,20.1622407074947,0.9781078967943706
222437,43.46,IFA_73_12_2892.wav,44100,28-07-20 00:00,mosquito,an arabiensis,Female,f,Single,,LT,telinga,tascam,Tanzania,Kilombero District,Morogoro,Ifakara,cup,D:\VGU-27\Edge AI Project\data\audio\222437.wav,44100,1,PCM_24,43.46,0.0,4364f495c4d6cac67b4a0c09b49109a9596390fe92637b5fb254ddf0785bbae6,17a6d00f012e63c0576a7caff36eb0aef48e99957d7156aa0daa595260f7690b,0.01849365234375,-52.897182961115796,2.283835292570683e-05,0.0,0.009979202602961725,484.375,22.079664628333006,0.993367722918202
222388,5.12,IFA_73_13_2893.wav,44100,28-07-20 00:00,mosquito,an arabiensis,Female,f,Single,,LT,telinga,tascam,Tanzania,Kilombero District,Morogoro,Ifakara,cup,D:\VGU-27\Edge AI Project\data\audio\222388.wav,44100,1,PCM_24,5.119977324263038,-2.2675736961907944e-05,22db29233ea4859310ce80086f1cc502f29493024b42e75c5c2e1d88970784f2,633ec019388d6e09bce1b3c169456612c92b3d2428126f1fab6094493d2e07e2,0.018035888671875,-50.06272032323594,3.349552586794868e-05,0.0,0.009522080153770523,781.25,29.961170735100623,0.9874213836477987
222387,2.56,IFA_73_13_2893.wav,44100,28-07-20 00:00,mosquito,an arabiensis,Female,f,Single,,LT,telinga,tascam,Tanzania,Kilombero District,Morogoro,Ifakara,cup,D:\VGU-27\Edge AI Project\data\audio\222387.wav,44100,1,PCM_24,2.5599773242630386,-2.2675736961463855e-05,be223867cb5d2f00aff90597a8e4abc4fd4366ea2702628d6a9c83f786970e67,8f69eaf2682bab993f4e222a99ea0b53329a2b6a10da33f47bc53fbc64fd294a,0.003662109375,-59.216211430394914,-2.671014566217503e-06,0.0,0.013454980291421233,765.625,26.79883848502802,1.0
222389,30.66,IFA_73_13_2893.wav,44100,28-07-20 00:00,mosquito,an arabiensis,Female,f,Single,,LT,telinga,tascam,Tanzania,Kilombero District,Morogoro,Ifakara,cup,D:\VGU-27\Edge AI Project\data\audio\222389.wav,44100,1,PCM_24,30.65997732426304,-2.2675736961019766e-05,3a924ea371f66797bb36c1545e3fdb7c1c3a6856959734170df58d5bff928a58,ad53bbd90dc848ecd920a703294eebc050f00de4d6bcef43e797f84049edb4f2,0.0201416015625,-51.14659266224538,3.0271289698805288e-05,0.0,0.008202025730250239,781.25,27.68929867961541,0.9958202716823407
222370,30.66,IFA_73_14_2894.wav,44100,28-07-20 00:00,mosquito,an arabiensis,Female,f,Single,,LT,telinga,tascam,Tanzania,Kilombero District,Morogoro,Ifakara,cup,D:\VGU-27\Edge AI Project\data\audio\222370.wav,44100,1,PCM_24,30.66,0.0,3e071a181f863fc622cdd385206f28949b18ce33caa3ac4c2d38356407f70a9e,a870c2e5cdda57e1e0516bebea8a2030c50105121b6f7c3a6cf8b940b678e06e,0.040313720703125,-49.567872926530754,3.450558787724021e-05,0.0,0.007875122216749278,859.375,20.43605734257912,0.9916405433646813
222379,33.22,IFA_73_15_2895.wav,44100,28-07-20 00:00,mosquito,an arabiensis,Female,f,Single,,LT,telinga,tascam,Tanzania,Kilombero District,Morogoro,Ifakara,cup,D:\VGU-27\Edge AI Project\data\audio\222379.wav,44100,1,PCM_24,33.22,0.0,f8ee702714f289ba68dffb24b405d571bccb35545b18194ccc95fef17bb10409,7fb3c20a5a7382f54135c9c04080ddadc061e223ac4a2ca93f487aabdb4cc124,0.024688720703125,-50.77933473559923,2.1666659307461696e-05,0.0,0.00811398209695277,875.0,23.690539234100328,0.9922854387656702
222416,28.1,IFA_73_16_2896.wav,44100,28-07-20 00:00,mosquito,an arabiensis,Female,f,Single,,LT,telinga,tascam,Tanzania,Kilombero District,Morogoro,Ifakara,cup,D:\VGU-27\Edge AI Project\data\audio\222416.wav,44100,1,PCM_24,28.1,0.0,3be033d744c5c12898145e7f2efb787c9ebf1d75923fab146b49312762fceb45,4303ab57f10fee0b1ebd1b83b4fe052fc85a9c0dc7d0b53f4e1d48cac456904e,0.049163818359375,-48.59407946256417,2.90073987015291e-05,0.0,0.007169890494750688,218.75,21.39730928244092,0.9885974914481186
222362,25.6,IFA_73_17_2897.wav,44100,28-07-20 00:00,mosquito,an arabiensis,Female,f,Single,,LT,telinga,tascam,Tanzania,Kilombero District,Morogoro,Ifakara,cup,D:\VGU-27\Edge AI Project\data\audio\222362.wav,44100,1,PCM_24,25.6,0.0,5dcdb4faaa037ace8b536440501e2166ce4d9b5e31e776f62deb0f7bab793a82,7cf60c6556de8c1691860007cb9c0ed14b94d45ca2bf0b153c63291b9ada904a,0.053009033203125,-48.621230100755554,1.8845718193486704e-05,0.0,0.008603493480725623,875.0,22.664443213864452,0.9787234042553191
222364,15.3,IFA_73_18_2898.wav,44100,28-07-20 00:00,mosquito,an arabiensis,Female,f,Single,,LT,telinga,tascam,Tanzania,Kilombero District,Morogoro,Ifakara,cup,D:\VGU-27\Edge AI Project\data\audio\222364.wav,44100,1,PCM_24,15.299977324263038,-2.2675736962796122e-05,52fda1f2eaff76e44849fad1fec48f686c998b383ce535d02f6a7e8c79a7d27f,402679065ef241c5e0f3ef36b6b29ff15cd9718c9032167337026a08ad34d3da,0.062744140625,-45.78226672767358,3.4968330586821706e-05,0.0,0.005972768326246537,875.0,16.729371915694905,0.960167714884696
222363,7.68,IFA_73_18_2898.wav,44100,28-07-20 00:00,mosquito,an arabiensis,Female,f,Single,,LT,telinga,tascam,Tanzania,Kilombero District,Morogoro,Ifakara,cup,D:\VGU-27\Edge AI Project\data\audio\222363.wav,44100,1,PCM_24,7.68,0.0,df274116f6f8b729e7c06e5f913748b55f15dbf1378b88f21edf4b40ce69d549,a39d262b5ae35d9abf2d4d1ca92961ba9375fedb964e601393fb4ce7c7fcebbe,0.021575927734375,-48.95367276623816,4.197869982038226e-05,0.0,0.008919713718820861,859.375,19.14962652857287,0.9874476987447699
222397,12.74,IFA_73_20_2900.wav,44100,28-07-20 00:00,mosquito,an arabiensis,Female,f,Single,,LT,telinga,tascam,Tanzania,Kilombero District,Morogoro,Ifakara,cup,D:\VGU-27\Edge AI Project\data\audio\222397.wav,44100,1,PCM_24,12.74,0.0,b2155a6a43c0f3b39ab84f981445d7bcbb7eeb6778b11449ebe87d2355b9f882,2d56edfc0b41751e24fdb9810ef2a44a248975acb087eba41c33a87bbaada8d1,0.02008056640625,-53.47682992019066,4.35789955341847e-05,0.0,0.010983671333525562,812.5,30.01377675188983,0.9974811083123426
222396,2.56,IFA_73_20_2900.wav,44100,28-07-20 00:00,mosquito,an arabiensis,Female,f,Single,,LT,telinga,tascam,Tanzania,Kilombero District,Morogoro,Ifakara,cup,D:\VGU-27\Edge AI Project\data\audio\222396.wav,44100,1,PCM_24,2.5599773242630386,-2.2675736961463855e-05,a0bf221bbd964b475fd7e4961dadf1b8958b8606fdb809e6191c9130dcc5fe52,ba1abe8c1123dd4464d0de94be05b1242e669a192b09dc6fef60d5a3ee420f95,0.143524169921875,-34.793376431450795,0.0002672144496476261,0.0,0.0010363612206032153,156.25,16.29025539058461,0.9746835443037974
222395,2.56,IFA_73_20_2900.wav,44100,28-07-20 00:00,mosquito,an arabiensis,Female,f,Single,,LT,telinga,tascam,Tanzania,Kilombero District,Morogoro,Ifakara,cup,D:\VGU-27\Edge AI Project\data\audio\222395.wav,44100,1,PCM_24,2.5599773242630386,-2.2675736961463855e-05,d2779e57e0c90a94c2d635ddf7c2e4ac041bd199aceefb120389f30937d1ccf9,54548f2c625c91cd4bda09979ae1b70788c8a00c94c689e3990cecc19589ee9b,0.015167236328125,-49.28398474606429,3.3799511922029316e-05,0.0,0.004349174011249391,828.125,18.787553859801097,1.0
222366,35.78,IFA_73_21_2901.wav,44100,28-07-20 00:00,mosquito,an arabiensis,Female,f,Single,,LT,telinga,tascam,Tanzania,Kilombero District,Morogoro,Ifakara,cup,D:\VGU-27\Edge AI Project\data\audio\222366.wav,44100,1,PCM_24,35.78,0.0,aaf15f48627e5faa3c7a31e065cb70e5c05b5f0caf3c68b7d245573192c0d3e2,3eb7149e7ff1650e2594cf04eab402d5bf48d0c4f0946fdc7a0dbe24e9f9b4ae,0.021514892578125,-49.50231584098934,3.589400896695319e-05,0.0,0.008156420757235258,843.75,26.110506054931783,0.9955237242614146
222408,38.34,IFA_73_22_2902.wav,44100,28-07-20 00:00,mosquito,an arabiensis,Female,f,Single,,LT,telinga,tascam,Tanzania,Kilombero District,Morogoro,Ifakara,cup,D:\VGU-27\Edge AI Project\data\audio\222408.wav,44100,1,PCM_24,38.34,0.0,cbdc434e9b7a39d71b5ab0befee900cd9bfa804c9e0a0b6b3131a2cce4565215,86aa50e6a788f1276b8197e21ecb8437433530eadfad8bdbb5f3bd52cd53af05,0.0294189453125,-49.97153103267895,3.8179344001527535e-05,0.0,0.008222763979526778,468.75,21.664853443257147,0.9966583124477861
222400,28.1,IFA_73_24_2904.wav,44100,28-07-20 00:00,mosquito,an arabiensis,Female,f,Single,,LT,telinga,tascam,Tanzania,Kilombero District,Morogoro,Ifakara,cup,D:\VGU-27\Edge AI Project\data\audio\222400.wav,44100,1,PCM_24,28.1,0.0,c42da2ad5c3607db11874cac3620c64ff5df1dbb7f6c14403de5930a32a7f93c,d551032769dfe2f0c9169832c38adf542b3ece43c7c376d345770c22d35f7b69,0.028778076171875,-50.71795161810611,3.2474657178262764e-05,0.0,0.007144067591449391,906.25,20.370915156460395,0.9908779931584949
222434,2.56,IFA_73_27_2907.wav,44100,28-07-20 00:00,mosquito,an arabiensis,Female,f,Single,,LT,telinga,tascam,Tanzania,Kilombero District,Morogoro,Ifakara,cup,D:\VGU-27\Edge AI Project\data\audio\222434.wav,44100,1,PCM_24,2.5599773242630386,-2.2675736961463855e-05,4c9c24773c41a3fa7d5ee3b7e4babba8d764bed715651291d9147527c3b1c538,f38fa084776ef1e8472dfe0e1adcd3ba7afc3599b8c2fa9f92c4158b6fd00571,0.06219482421875,-42.35845592112455,0.0001342613949736204,0.0,0.006094158288675318,156.25,17.44552751145359,0.9873417721518988
222435,15.36,IFA_73_27_2907.wav,44100,28-07-20 00:00,mosquito,an arabiensis,Female,f,Single,,LT,telinga,tascam,Tanzania,Kilombero District,Morogoro,Ifakara,cup,D:\VGU-27\Edge AI Project\data\audio\222435.wav,44100,1,PCM_24,15.36,0.0,5f1db8637fe5500048891fa619e504456220b0e659f2caa575726e965c1bf1f3,766d1fcf8dd3d65c772886ca02a5b078ebd1c97e2b85866a0f9cbaedf50d77a8,0.06707763671875,-43.076995184774844,3.834889859569316e-05,0.0,0.005567070578231292,796.875,17.49144237647708,0.9707724425887265
222436,12.8,IFA_73_27_2907.wav,44100,28-07-20 00:00,mosquito,an arabiensis,Female,f,Single,,LT,telinga,tascam,Tanzania,Kilombero District,Morogoro,Ifakara,cup,D:\VGU-27\Edge AI Project\data\audio\222436.wav,44100,1,PCM_24,12.8,0.0,efd4069cd5faa274847ba9bf526aa9128a6b8109b54eb346303b810b8f5decfd,628d8cd8281f50a436ded2123bbf4e22e86ff0edbf78e3e1bb880859c10e30aa,0.03125,-46.5600780012401,1.3235312740818984e-05,0.0,0.005447491496598639,796.875,15.761599841892739,0.949874686716792
222409,10.24,IFA_73_29_2909.wav,44100,28-07-20 00:00,mosquito,an arabiensis,Female,f,Single,,LT,telinga,tascam,Tanzania,Kilombero District,Morogoro,Ifakara,cup,D:\VGU-27\Edge AI Project\data\audio\222409.wav,44100,1,PCM_24,10.23997732426304,-2.2675736961019766e-05,5ea0024e8104dc666bbd154a92d117aab4fc77ace9e1604543b8cd608f8da88d,ccd087b3359ce10655f83854ef4b21a7e0f97270d14356c9da6e7f3bc1550fb3,0.05975341796875,-47.752261790686994,2.544353566024961e-05,0.0,0.007092826789316693,796.875,26.616155705402342,0.9686520376175548
222410,23.04,IFA_73_29_2909.wav,44100,28-07-20 00:00,mosquito,an arabiensis,Female,f,Single,,LT,telinga,tascam,Tanzania,Kilombero District,Morogoro,Ifakara,cup,D:\VGU-27\Edge AI Project\data\audio\222410.wav,44100,1,PCM_24,23.04,0.0,83f8b4e54d7c05f7bfb8494ccb55aad2f1fe8d78dc1506d0d251e4ca849b69de,6120d17bd90324b30c8cc4313507f243322b0af5013fce6ba3b0d1afa8a547b2,0.074005126953125,-44.26527481076769,3.094107295560368e-05,0.0,0.007585152116402117,781.25,25.30172072490774,0.9986091794158554
222433,10.24,IFA_73_30_2910.wav,44100,28-07-20 00:00,mosquito,an arabiensis,Female,f,Single,,LT,telinga,tascam,Tanzania,Kilombero District,Morogoro,Ifakara,cup,D:\VGU-27\Edge AI Project\data\audio\222433.wav,44100,1,PCM_24,10.23997732426304,-2.2675736961019766e-05,fc2e9a5d11129d616297d0f9ff7ed164d74278c1defce51619e66507491dd2c7,9648a707fb2f27b90d5d4ff5746b78b6127c03ce5702f6dabeaef3e089b294ce,0.01702880859375,-51.60470747163748,1.2913557349922384e-05,0.0,0.0070131072250284,781.25,28.120476480129305,0.9905956112852664
222368,15.36,IFA_73_32_2912.wav,44100,28-07-20 00:00,mosquito,an arabiensis,Female,f,Single,,LT,telinga,tascam,Tanzania,Kilombero District,Morogoro,Ifakara,cup,D:\VGU-27\Edge AI Project\data\audio\222368.wav,44100,1,PCM_24,15.36,0.0,e3a3860351ea329c11f93d19c23d114b616f5d2fbb99c0b0a8223b224bd40dfb,bfe7bb593e2904e75e8fbb07b5b3f54cf44756b6187fa5cece7dfc77bb5811b2,0.051116943359375,-46.366702973580544,3.966204793905545e-05,0.0,0.008101851851851851,750.0,17.71523884559364,0.9853862212943633
222367,7.68,IFA_73_32_2912.wav,44100,28-07-20 00:00,mosquito,an arabiensis,Female,f,Single,,LT,telinga,tascam,Tanzania,Kilombero District,Morogoro,Ifakara,cup,D:\VGU-27\Edge AI Project\data\audio\222367.wav,44100,1,PCM_24,7.68,0.0,9bf13bd766000994388d529b6d4a52390f4457e49840274050e83c661bdb52bb,4ad1759ade8e19bb0e696f8a17c814174d8d1285243d5b2a5fabc93214dc4bc4,0.006622314453125,-58.1515016981908,7.500489913236888e-05,0.0,0.011801421957671959,781.25,24.888274947574907,1.0
222369,5.06,IFA_73_32_2912.wav,44100,28-07-20 00:00,mosquito,an arabiensis,Female,f,Single,,LT,telinga,tascam,Tanzania,Kilombero District,Morogoro,Ifakara,cup,D:\VGU-27\Edge AI Project\data\audio\222369.wav,44100,1,PCM_24,5.06,0.0,a5f2495b8a0dfc807a560329f1f2a4f5727f4debba3e05451d2be7d1ef688c1d,d5a597c21a21d850a608b0ff0c064748061666d58cbb1d34e28aca4883c1cecb,0.02386474609375,-50.996375507266706,3.805404383684057e-05,0.0,0.00948258091115234,796.875,25.060003288798598,0.9872611464968153
222378,7.62,IFA_73_33_2913.wav,44100,28-07-20 00:00,mosquito,an arabiensis,Female,f,Single,,LT,telinga,tascam,Tanzania,Kilombero District,Morogoro,Ifakara,cup,D:\VGU-27\Edge AI Project\data\audio\222378.wav,44100,1,PCM_24,7.62,0.0,47816b035ad36d35759a54b0d4d1789efef4c4ea6668874a6f59cec294dcb567,9026e22954cffb8b21d82631aebb20da492c7b90b2b1a9aa3dae3527d2b8ce84,0.014984130859375,-53.37079516446436,3.737336700797445e-05,0.0,0.010805196969426441,765.625,24.36834658315208,1.0
222377,20.48,IFA_73_33_2913.wav,44100,28-07-20 00:00,mosquito,an arabiensis,Female,f,Single,,LT,telinga,tascam,Tanzania,Kilombero District,Morogoro,Ifakara,cup,D:\VGU-27\Edge AI Project\data\audio\222377.wav,44100,1,PCM_24,20.48,0.0,bf717ae850b97ed27cab22152081836d2db657974c32b38727dcd0b5819e0e0b,1528a6f996d222bde278d3ed78337ffac478b75d7c208a1a7906cb9d58be89f4,0.033538818359375,-49.51809778803657,4.2494327302963015e-05,0.0,0.007584413973922902,781.25,26.73951734140726,1.0
222357,25.6,IFA_73_34_2914.wav,44100,28-07-20 00:00,mosquito,an arabiensis,Female,f,Single,,LT,telinga,tascam,Tanzania,Kilombero District,Morogoro,Ifakara,cup,D:\VGU-27\Edge AI Project\data\audio\222357.wav,44100,1,PCM_24,25.6,0.0,f1669efbe521c5e2af0bab3332845bbd94a86082775498ddfc903ad0274c7e35,763fed15a2e6d27e5ed085deed16e0286daccf30056bb6422c677d7ca38993a9,0.015167236328125,-52.78565231669535,2.4934231288849362e-05,0.0,0.009095982142857144,796.875,24.84896314415684,0.9924906132665833
222398,35.84,IFA_73_35_2915.wav,44100,28-07-20 00:00,mosquito,an arabiensis,Female,f,Single,,LT,telinga,tascam,Tanzania,Kilombero District,Morogoro,Ifakara,cup,D:\VGU-27\Edge AI Project\data\audio\222398.wav,44100,1,PCM_24,35.84,0.0,c3e6f4beb34c692adb7512b54eb34c0b38cb4fb65f0942aa2d9a76abbc860ccc,6d376802209ee6077306675eadef95e7e80a956bc2e7596d5de85af4bf4aacd2,0.057037353515625,-47.5612434752955,3.441309982957213e-05,0.0,0.007735944080012958,890.625,18.869567654125838,0.9937444146559428
222414,33.22,IFA_73_36_2916.wav,44100,28-07-20 00:00,mosquito,an arabiensis,Female,f,Single,,LT,telinga,tascam,Tanzania,Kilombero District,Morogoro,Ifakara,cup,D:\VGU-27\Edge AI Project\data\audio\222414.wav,44100,1,PCM_24,33.22,0.0,1ae19576f8c1da2bfe26f44368978d3998cb11246fca9d2319a0b33d86fa8be3,1784b74341c4a075156d97091332a061839a21ccfa3d2404033888a699dc8ce7,0.01751708984375,-53.403998777039746,4.357533413616927e-05,0.0,0.007908521626591636,796.875,25.535312609670385,0.9922854387656702
222372,25.54,IFA_73_37_2917.wav,44100,28-07-20 00:00,mosquito,an arabiensis,Female,f,Single,,LT,telinga,tascam,Tanzania,Kilombero District,Morogoro,Ifakara,cup,D:\VGU-27\Edge AI Project\data\audio\222372.wav,44100,1,PCM_24,25.54,0.0,79478df4698199ae5a9501c6d4536faae1a128837d666113e4c6088bb9edc1f2,a0abe1036de758a123f1c57c9ea74d94d2b08384c4afe48cffd191eea6bdfa35,0.029541015625,-48.20130734630057,3.230246711597798e-05,0.0,0.007371834142166394,796.875,26.484044744839878,0.9887076537013801
222411,35.78,IFA_73_38_2918.wav,44100,28-07-20 00:00,mosquito,an arabiensis,Female,f,Single,,LT,telinga,tascam,Tanzania,Kilombero District,Morogoro,Ifakara,cup,D:\VGU-27\Edge AI Project\data\audio\222411.wav,44100,1,PCM_24,35.78,0.0,a6d527fdceab9df4866e27a6505da1995d04ab519787d65b259d3038c954191d,7ac698ff36b575ee85b99b3c0c711ad2708b2eb8fecbb20e60a87a608d8abaf1,0.0267333984375,-52.39926687226132,2.48384853999098e-05,0.0,0.008471396756951336,812.5,27.536114586619473,0.9919427036705462
222402,20.48,IFA_73_39_2919.wav,44100,28-07-20 00:00,mosquito,an arabiensis,Female,f,Single,,LT,telinga,tascam,Tanzania,Kilombero District,Morogoro,Ifakara,cup,D:\VGU-27\Edge AI Project\data\audio\222402.wav,44100,1,PCM_24,20.48,0.0,063f4786b4ff37f27d96377cef66a390e1244f986630cfca08d43183e51b3df5,76bc095ecc7de8f10e34cc03719f60fa945914886ff4fae21f9cb46b83a93e92,0.015167236328125,-51.629647900145144,3.941282798914142e-05,0.0,0.007227891156462585,781.25,20.38345311545308,0.9968701095461658
222401,7.68,IFA_73_39_2919.wav,44100,28-07-20 00:00,mosquito,an arabiensis,Female,f,Single,,LT,telinga,tascam,Tanzania,Kilombero District,Morogoro,Ifakara,cup,D:\VGU-27\Edge AI Project\data\audio\222401.wav,44100,1,PCM_24,7.68,0.0,53c08da2f6870eeac9486e77c44890c2a255d3f592169efe4e0c66fd46b51d5d,933c01c5d1b64487b3dbe94248bf40a14864989c899bcee131d1ca9f2fe61d43,0.048004150390625,-45.57253906808153,5.606035346437023e-05,0.0,0.005748653628117914,156.25,19.916553565142557,0.99581589958159
222425,38.34,IFA_73_40_2920.wav,44100,28-07-20 00:00,mosquito,an arabiensis,Female,f,Single,,LT,telinga,tascam,Tanzania,Kilombero District,Morogoro,Ifakara,cup,D:\VGU-27\Edge AI Project\data\audio\222425.wav,44100,1,PCM_24,38.34,0.0,e7d6b7ddc014ceec1724b100e83fc42e8a7586cf637c98d2615cd09db72e2b73,ba7a105e24d6cf3296daadc52228a35c9a3eae41941ca4636751386eb113dec9,0.021453857421875,-52.159262224691325,2.521537377442011e-05,0.0,0.008541549118343216,828.125,25.34502021862757,0.9899749373433584
222360,17.86,IFA_74_11_2931.wav,44100,28-07-20 00:00,mosquito,an arabiensis,Female,f,Single,,LT,telinga,tascam,Tanzania,Kilombero District,Morogoro,Ifakara,cup,D:\VGU-27\Edge AI Project\data\audio\222360.wav,44100,1,PCM_24,17.86,0.0,d07eb1c5eeb335093fc968b9e66b07032c735546c78b8cb97c2e502d9be7fde6,debb707249b9e7215c30d8a93a7f86c22f457e908772aef5e45629fff8386ff3,0.011627197265625,-53.30353626535293,2.866616459174072e-05,0.0,0.008471025588286827,156.25,15.273185266398517,0.9838420107719928
222359,5.12,IFA_74_11_2931.wav,44100,28-07-20 00:00,mosquito,an arabiensis,Female,f,Single,,LT,telinga,tascam,Tanzania,Kilombero District,Morogoro,Ifakara,cup,D:\VGU-27\Edge AI Project\data\audio\222359.wav,44100,1,PCM_24,5.12,0.0,4b7481f4c69a06fc0cbfe4a670e6d51568e61282e1293264a604a9407c410f94,561dec2d1c38e80b615f3e1d76e271be4801b2c6233a72ca23986d1e9568ec8c,0.0042724609375,-60.09045642085777,3.173467523657005e-05,0.0,0.014424780328798186,656.25,23.242403459347493,1.0
222431,46.08,IFA_74_12_2932.wav,44100,28-07-20 00:00,mosquito,an arabiensis,Female,f,Single,,LT,telinga,tascam,Tanzania,Kilombero District,Morogoro,Ifakara,cup,D:\VGU-27\Edge AI Project\data\audio\222431.wav,44100,1,PCM_24,46.08,0.0,eaf8561a548bf0db8e6d043deb5236461392c98b460e116d4bf152f15c12a7fb,69f7662d425d9640bb168a7acd3c07866828f47af10909e4b5794f0961b11d83,0.032379150390625,-48.55608434744579,2.9983268813721686e-05,0.0,0.007668316169060217,796.875,25.99315860606079,0.9930507296733843
222381,33.28,IFA_74_13_2933.wav,44100,28-07-20 00:00,mosquito,an arabiensis,Female,f,Single,,LT,telinga,tascam,Tanzania,Kilombero District,Morogoro,Ifakara,cup,D:\VGU-27\Edge AI Project\data\audio\222381.wav,44100,1,PCM_24,33.28,0.0,a43dc0bd002dabc50eb0ba4d7cca2cabb85f9a7caa72df47ec282307f566e0de,a57a28b437f1b195e7c2fd1a37db2d444aaea715444d6b94cdfb4692b40b5d6a,0.03662109375,-50.247922590576366,4.121572293890889e-05,0.0,0.008681918280132565,937.5,20.180193016936844,0.9951876804619827
222361,43.46,IFA_74_14_2934.wav,44100,28-07-20 00:00,mosquito,an arabiensis,Male,f,Single,,LT,telinga,tascam,Tanzania,Kilombero District,Morogoro,Ifakara,cup,D:\VGU-27\Edge AI Project\data\audio\222361.wav,44100,1,PCM_24,43.46,0.0,f476a7c2cf20221efe0113848b3b97dc82bffdf9b3e284a68f7ef3e31fbe5e09,172bb0c94ec72f5495714247fb4c3ba0019b982a4835aa6b1a1dfe483dcd1f6c,0.024566650390625,-50.74414603826972,3.4914730536607476e-05,0.0,0.009575881280568677,156.25,15.755440423485789,0.9778924097273397
222426,28.1,IFA_74_15_2935.wav,44100,28-07-20 00:00,mosquito,an arabiensis,Female,f,Single,,LT,telinga,tascam,Tanzania,Kilombero District,Morogoro,Ifakara,cup,D:\VGU-27\Edge AI Project\data\audio\222426.wav,44100,1,PCM_24,28.1,0.0,934857e488418add0c5ca01903a9a1d4980d4383adde6754e22d396f93cd5e22,9c68be95b0c489446df1da6553f90db0495f1c2480e2cfea96d8435f0d471d66,0.0157470703125,-53.965573314303086,2.7955668801847548e-05,0.0,0.009598050370800752,859.375,30.83542335455047,0.9942987457240593
222424,30.66,IFA_74_18_2938.wav,44100,28-07-20 00:00,mosquito,culex pipiens complex,Male,f,Single,,LT,telinga,tascam,Tanzania,Kilombero District,Morogoro,Ifakara,cup,D:\VGU-27\Edge AI Project\data\audio\222424.wav,44100,1,PCM_24,30.66,0.0,f9f3a60e8fde72204f1be8f0da612b40c03e068147c2bceec9019fd283ab0565,1accbda62d2e9315b069cc2cafda903d2369292594bf86f5a89e7665ad4f48f8,0.017059326171875,-50.91916423359042,3.01861768889953e-05,0.0,0.007063795294155932,156.25,14.90480320477926,0.9592476489028213
222438,28.1,IFA_74_19_2939.wav,44100,28-07-20 00:00,mosquito,an arabiensis,Female,f,Single,,LT,telinga,tascam,Tanzania,Kilombero District,Morogoro,Ifakara,cup,D:\VGU-27\Edge AI Project\data\audio\222438.wav,44100,1,PCM_24,28.1,0.0,00f0bed2d062963c27b7791954a63d7228db5e7ecda60a3abf16c96b77804847,d1c712355c013cb2fc0164c48ca6f0bd0cf7f31110b927a207557f4924fc019e,0.020050048828125,-55.89782605655766,2.9039043933483832e-05,0.0,0.011266855496647058,906.25,31.767131817701745,0.9988597491448119
222371,28.1,IFA_74_20_2940.wav,44100,28-07-20 00:00,mosquito,an arabiensis,Female,f,Single,,LT,telinga,tascam,Tanzania,Kilombero District,Morogoro,Ifakara,cup,D:\VGU-27\Edge AI Project\data\audio\222371.wav,44100,1,PCM_24,28.1,0.0,e262a688509ed326e7faad70987d01315fc543355a5611a38dadfc878ed224de,87b14365a7e802bacbd1bc4989323995ce03af9cf836201d8c3a61ad59e2e115,0.04132080078125,-48.804083202655484,3.17182253146662e-05,0.0,0.007432961322132649,875.0,26.82024490627161,0.9908779931584949
222427,46.02,IFA_74_21_2941.wav,44100,28-07-20 00:00,mosquito,an arabiensis,Female,f,Single,,LT,telinga,tascam,Tanzania,Kilombero District,Morogoro,Ifakara,cup,D:\VGU-27\Edge AI Project\data\audio\222427.wav,44100,1,PCM_24,46.02,0.0,1811dd39f67f0070dff629080464d75e2bc8d8a308adca54ff7765ea5892aeb3,3f22c6ba694fd58bca82ca41076f9d6bcda7bf29a0e4e926fcd4c58aeedbe087,0.021392822265625,-52.10549120744488,3.1424377018141203e-05,0.0,0.00897963125566031,828.125,26.849398919420736,0.9923451635351427
222420,30.72,IFA_74_22_2942.wav,44100,28-07-20 00:00,mosquito,culex pipiens complex,Female,f,Single,,LT,telinga,tascam,Tanzania,Kilombero District,Morogoro,Ifakara,cup,D:\VGU-27\Edge AI Project\data\audio\222420.wav,44100,1,PCM_24,30.72,0.0,cc4027497031f32e3445ce525d16d31a7873684a557a3938dca7c7bc4b98edfb,bdb36e84ca9efc986bda933fc2fd0b6cbdba9bb7a9bfbdcdcbc5d80900017149,0.030242919921875,-49.496506566580756,3.846432346335344e-05,0.0,0.007557102702191988,156.25,17.226951117677146,0.9989572471324296
222418,2.56,IFA_74_26_2946.wav,44100,28-07-20 00:00,mosquito,culex pipiens complex,Female,f,Single,,LT,telinga,tascam,Tanzania,Kilombero District,Morogoro,Ifakara,cup,D:\VGU-27\Edge AI Project\data\audio\222418.wav,44100,1,PCM_24,2.5599773242630386,-2.2675736961463855e-05,7b4f25836527ade5e7c584ad2ec161a329b08d763d051d48c7848f0e68b0ddfb,c3ea938fae20e080c0041b8c7c8f18ac49f0237e5a28db6ab98efc8bc7023673,0.028289794921875,-48.04104508456181,0.00012717581316917822,0.0,0.006297887417511847,484.375,17.029554774344117,1.0
222419,22.98,IFA_74_26_2946.wav,44100,28-07-20 00:00,mosquito,culex pipiens complex,Female,f,Single,,LT,telinga,tascam,Tanzania,Kilombero District,Morogoro,Ifakara,cup,D:\VGU-27\Edge AI Project\data\audio\222419.wav,44100,1,PCM_24,22.97997732426304,-2.2675736961019766e-05,9b174d5b51ddae64bb551f3e996cd24be38f272c3850fff6d1cba42fa37b025d,3ed7746e11d138e7a32a5d9978cb0331ae242c4ccb8d97ce56f83ffde166666c,0.10528564453125,-43.29878527038544,9.787112820953146e-06,0.0,0.007001066688243833,156.25,19.50817356411976,0.9693165969316597
222417,28.16,IFA_74_29_2949.wav,44100,28-07-20 00:00,mosquito,an arabiensis,Female,f,Single,,LT,telinga,tascam,Tanzania,Kilombero District,Morogoro,Ifakara,cup,D:\VGU-27\Edge AI Project\data\audio\222417.wav,44100,1,PCM_24,28.16,0.0,efba65739dc164fc59101537ed7d8a568de251e86066f0b8cd93006461493453,aad49c522cff900a8b24037312a6270a4f6743ee206d34a403f445927df4edf9,0.069580078125,-46.40254846922683,2.4616312818462346e-05,0.0,0.008658008658008658,734.375,20.99742883453142,0.9783845278725825
222430,17.86,IFA_74_33_2953.wav,44100,28-07-20 00:00,mosquito,culex pipiens complex,Female,f,Single,,LT,telinga,tascam,Tanzania,Kilombero District,Morogoro,Ifakara,cup,D:\VGU-27\Edge AI Project\data\audio\222430.wav,44100,1,PCM_24,17.86,0.0,2b558b99b4ba83b00a335feb74efc478bad637c1432d17ac1222630e19d3045e,1bcf9fd28082f2da4713ad58f09f29ddbc7950601b9016f2c0e032608ae66a67,0.0296630859375,-48.689350070539945,4.850340791951463e-05,0.0,0.006132352156988216,390.625,21.356705464448066,0.9730700179533214
222376,33.22,IFA_74_34_2954.wav,44100,28-07-20 00:00,mosquito,an arabiensis,Female,f,Single,,LT,telinga,tascam,Tanzania,Kilombero District,Morogoro,Ifakara,cup,D:\VGU-27\Edge AI Project\data\audio\222376.wav,44100,1,PCM_24,33.22,0.0,3f8947956f63ed369308fa36f4c6eed3667885e9cb0ee204a616fadd265cbe72,ae9365121a004dcd6a1f0e753a188ebdfe7b6558f713e689f4785d33f2257395,0.054840087890625,-49.92959378464115,3.14990554273774e-05,0.0,0.010301692420897719,890.625,27.269893898492903,0.9932497589199615
222423,22.98,IFA_74_35_2955.wav,44100,28-07-20 00:00,mosquito,culex pipiens complex,Female,f,Single,,LT,telinga,tascam,Tanzania,Kilombero District,Morogoro,Ifakara,cup,D:\VGU-27\Edge AI Project\data\audio\222423.wav,44100,1,PCM_24,22.98,0.0,45c3c2be6f517d2474567857b7543164f7023db262283c13c7e417677c5744a6,c988e60a4dc0bbb64b3499bb32d9886b5140bedc70ed9ac31bd1210067d6c8d8,0.050018310546875,-48.52484915526388,2.0662057055538164e-05,0.0,0.009622880193562776,937.5,29.18792011538806,0.9804741980474198
222432,30.66,IFA_74_36_2956.wav,44100,28-07-20 00:00,mosquito,an arabiensis,Female,f,Single,,LT,telinga,tascam,Tanzania,Kilombero District,Morogoro,Ifakara,cup,D:\VGU-27\Edge AI Project\data\audio\222432.wav,44100,1,PCM_24,30.66,0.0,ca68df90d7353044bb8333cd32f41266b2d2d7e5b8c9a8417261d8c9e9ac941d,707e0166c13e1534ff05223f632633c84b0b51008f6aebb530d4e6f825ff66b2,0.035003662109375,-49.511848247042415,2.368964734025337e-05,0.0,0.010190769066922269,750.0,17.536670242856108,0.9832810867293625
222415,28.1,IFA_74_38_2958.wav,44100,28-07-20 00:00,mosquito,an arabiensis,Female,f,Single,,LT,telinga,tascam,Tanzania,Kilombero District,Morogoro,Ifakara,cup,D:\VGU-27\Edge AI Project\data\audio\222415.wav,44100,1,PCM_24,28.1,0.0,455d6b60d2ece815c961e98d52224fcce63cc8ae87340c56ea27f72a257f523c,9676f06f7925a26ac2b3f39a929cd720b6a8cf785d492ecfdfea9bd30cc1c72e,0.03875732421875,-51.94981501995919,2.177408672914599e-05,0.0,0.009876453547017858,921.875,31.28861740292595,0.9908779931584949
222391,28.16,IFA_74_39_2959.wav,44100,28-07-20 00:00,mosquito,culex pipiens complex,Male,f,Single,,LT,telinga,tascam,Tanzania,Kilombero District,Morogoro,Ifakara,cup,D:\VGU-27\Edge AI Project\data\audio\222391.wav,44100,1,PCM_24,28.16,0.0,7c544e38d3bbc8b6d7a173f45a1dc61014249a2458a36386e3c4205175d75632,3d90a40b7e4c83259172925aa6f360eef9d599d2f6e86b42cac228e60cc2cb0d,0.053802490234375,-47.375036158990994,4.480313183327012e-05,0.0,0.008106414914450629,734.375,18.3328892902364,0.9943117178612059
222421,40.9,IFA_74_40_2960.wav,44100,28-07-20 00:00,mosquito,culex pipiens complex,Male,f,Single,,LT,telinga,tascam,Tanzania,Kilombero District,Morogoro,Ifakara,cup,D:\VGU-27\Edge AI Project\data\audio\222421.wav,44100,1,PCM_24,40.9,0.0,2b5c00bd95820c13fb5c2e6c1164efdb9e91a4d8755b44948f06683ed015215a,565c0117c02526195cd6284d99b7e6a62f9b6c31f45f6f861fd4f2178d7504b7,0.015533447265625,-56.347837761821154,3.7475343649901385e-05,0.0,0.012726133648243324,671.875,15.044910717444802,0.9436178543461238
222506,33.22,IFA_75_11_2971.wav,44100,02-08-20 00:00,mosquito,an arabiensis,Female,f,Single,,LT,telinga,tascam,Tanzania,Kilombero District,Morogoro,Ifakara,cup,D:\VGU-27\Edge AI Project\data\audio\222506.wav,44100,1,PCM_24,33.22,0.0,b4448cb3cf567b8d371c21582d8fff0a6ad219c19428b22b472b25240a11328d,c438611bf1becc4bc16f2b2a19f066ca6c83eb2c6b554f5513056e4ca5a1d8b9,0.048004150390625,-44.64025134653755,4.608185501837199e-05,0.0,0.007163812745648129,843.75,23.90348833285996,0.9951783992285439
222485,33.28,IFA_75_13_2973.wav,44100,02-08-20 00:00,mosquito,an arabiensis,Female,f,Single,,LT,telinga,tascam,Tanzania,Kilombero District,Morogoro,Ifakara,cup,D:\VGU-27\Edge AI Project\data\audio\222485.wav,44100,1,PCM_24,33.28,0.0,7280ba508fb5ab7877466a2bbba976723f388310778547d01f3ba65f40166b85,77b0597e750ce87467689738f09ed50290e2f431ed81fbafa0f8bfdc5bccde1a,0.033447265625,-46.60667834582778,3.8051426400278285e-05,0.0,0.008354864381650095,843.75,24.30949839325619,0.9951876804619827
222502,48.64,IFA_75_14_2974.wav,44100,02-08-20 00:00,mosquito,an arabiensis,Female,f,Single,,LT,telinga,tascam,Tanzania,Kilombero District,Morogoro,Ifakara,cup,D:\VGU-27\Edge AI Project\data\audio\222502.wav,44100,1,PCM_24,48.64,0.0,a6090eaf8bd1affb2b85a556627ea5ece4c5d031eb78960b5c6a555e6aaeb161,16ae6e21ea07c07d46fa95fdd93deeab790a26e2824ff923caefb2af14500739,0.0357666015625,-50.092371661954076,3.1058935408291176e-05,0.0,0.008532771661296098,859.375,20.64491013901587,0.9953917050691244
222495,20.48,IFA_75_15_2975.wav,44100,02-08-20 00:00,mosquito,an arabiensis,Female,f,Single,,LT,telinga,tascam,Tanzania,Kilombero District,Morogoro,Ifakara,cup,D:\VGU-27\Edge AI Project\data\audio\222495.wav,44100,1,PCM_24,20.48,0.0,a58ec4e4668fdaab7d1fe930ade2da38197c5a24306e3cd193d8f7813df1e5dd,cb2a77f8cf0e867eb2d28bae4f9dd98dc767b7fed96a7a0ffae44b52961c5b12,0.0198974609375,-49.404090268821086,2.0688150475084645e-05,0.0,0.00859640731292517,843.75,23.942946803831852,0.9968701095461658
222484,48.64,IFA_75_16_2976.wav,44100,02-08-20 00:00,mosquito,ma uniformis,Female,f,Single,,LT,telinga,tascam,Tanzania,Kilombero District,Morogoro,Ifakara,cup,D:\VGU-27\Edge AI Project\data\audio\222484.wav,44100,1,PCM_24,48.64,0.0,3155d809c0acfca1075c002022316fe50b79df014e20b37081057415281a3492,ab9abde0ad52cb56099ff9d8ab8c42541520245aaa850b60c0d9b09c5e8ce1c1,0.02178955078125,-54.26740617880856,2.81994774455685e-05,0.0,0.011061880892707961,734.375,21.153018560175436,0.9967083607636603
222459,28.1,IFA_75_17_2977.wav,44100,02-08-20 00:00,mosquito,an arabiensis,Female,f,Single,,LT,telinga,tascam,Tanzania,Kilombero District,Morogoro,Ifakara,cup,D:\VGU-27\Edge AI Project\data\audio\222459.wav,44100,1,PCM_24,28.1,0.0,4e274936f341282e8fa8fec0b09842c1c93bd1ca6359430a9cc6d722a7eb5ce2,68fc7c5bf8d5ebd4e802be76df773a514dd0727df2b00673fa13c798250c9abb,0.04986572265625,-45.22606219981731,2.602489099973471e-05,0.0,0.005727842738518895,859.375,18.55216372378324,0.9885974914481186
222509,35.84,IFA_75_19_2979.wav,44100,02-08-20 00:00,mosquito,an arabiensis,Female,f,Single,,LT,telinga,tascam,Tanzania,Kilombero District,Morogoro,Ifakara,cup,D:\VGU-27\Edge AI Project\data\audio\222509.wav,44100,1,PCM_24,35.84,0.0,1e115bbc440a4774b48065fac61f8a840d29e93a99548f9c2c51b98c28b3782e,efb4e2b6bf00395fb0c4cb4243c7dfc654417a8ac16bed7d2248098ef6513167,0.065765380859375,-44.960546651050024,3.482355513849187e-05,0.0,0.005584153304178815,156.25,17.156104628530255,0.9883824843610366
222475,53.7,IFA_75_20_2980.wav,44100,02-08-20 00:00,mosquito,an arabiensis,Female,f,Single,,LT,telinga,tascam,Tanzania,Kilombero District,Morogoro,Ifakara,cup,D:\VGU-27\Edge AI Project\data\audio\222475.wav,44100,1,PCM_24,53.7,0.0,02d75cf819c080b06a91ee2c1a760ecf4a1f1f984bcc1167b96474584b7c8c65,0ebc282091d17a5e2481a874d6fbf6346d04c8d3cc0bf62db49ed55055176d02,0.024993896484375,-55.07464985139677,2.9519642482710805e-05,0.0,0.00994354290443676,921.875,29.599833254916316,0.9994036970781157
222445,33.28,IFA_75_21_2981.wav,44100,02-08-20 00:00,mosquito,culex pipiens complex,Male,f,Single,,LT,telinga,tascam,Tanzania,Kilombero District,Morogoro,Ifakara,cup,D:\VGU-27\Edge AI Project\data\audio\222445.wav,44100,1,PCM_24,33.28,0.0,d5474f44a86851a3e8e0135d0a8f48aab2d2ed1cea85d11044199ddc3d16e423,1f7ce734ed3fe9d096f110a2ef3e52655fabd260c8a08d7422f974e5a85f4c77,0.018402099609375,-51.19914787635406,1.7958890907264973e-05,0.0,0.0084877300279086,718.75,18.74302311736828,0.9923002887391723
222498,15.36,IFA_75_22_2982.wav,44100,02-08-20 00:00,mosquito,an arabiensis,Female,f,Single,,LT,telinga,tascam,Tanzania,Kilombero District,Morogoro,Ifakara,cup,D:\VGU-27\Edge AI Project\data\audio\222498.wav,44100,1,PCM_24,15.36,0.0,2f208ad37247247db70ee7a131218ad31b4a6f38870a0958a7a2ab38c0051a7d,7f7d398092959274d8147299d1bbb770e81feface3accffd44d4cee3926cc07c,0.02679443359375,-48.23187729857466,-2.4505167951749655e-05,0.0,0.006505987811791384,156.25,17.673649385195077,0.9958246346555324
222499,15.3,IFA_75_22_2982.wav,44100,02-08-20 00:00,mosquito,an arabiensis,Female,f,Single,,LT,telinga,tascam,Tanzania,Kilombero District,Morogoro,Ifakara,cup,D:\VGU-27\Edge AI Project\data\audio\222499.wav,44100,1,PCM_24,15.3,0.0,d8687a0abff79bfb66536d22b8f1d680dea45b3e0a275fbcc5d5c921e77dd681,49d7942b5ea26f77c005f94aac381b17c60cf82df7308bf87dc04343a417b391,0.039520263671875,-46.80882636952708,4.290891884821058e-05,0.0,0.0073599810294488165,156.25,17.452521531767168,0.9790356394129979
222474,35.84,IFA_75_24_2984.wav,44100,02-08-20 00:00,mosquito,ma uniformis,Female,f,Single,,LT,telinga,tascam,Tanzania,Kilombero District,Morogoro,Ifakara,cup,D:\VGU-27\Edge AI Project\data\audio\222474.wav,44100,1,PCM_24,35.84,0.0,519acec035931096bddc3c68629a71b24460abaf8c02202a30b91cc2d8dda2e2,b71c6b742f1b43bc7ba5c793e958fbd6c84a5425ac8d460a2e08b58eb589b79f,0.018707275390625,-53.76844721732952,2.8238004567671795e-05,0.0,0.01144542638483965,781.25,20.987512832183384,0.9937444146559428
222453,33.28,IFA_75_25_2985.wav,44100,02-08-20 00:00,mosquito,an arabiensis,Female,f,Single,,LT,telinga,tascam,Tanzania,Kilombero District,Morogoro,Ifakara,cup,D:\VGU-27\Edge AI Project\data\audio\222453.wav,44100,1,PCM_24,33.28,0.0,5a3b843cd92fee7d303aa0c247279a0545401f96c8a0f0b1d70f3c7a9ad7b3cf,bbe93fed894cc1271e9cfca8fa0896c41af67f9b9f5f0f4facbb1e0bbb14d7fc,0.044921875,-44.52499250996497,2.3169249696463746e-05,0.0,0.008078231292517007,828.125,18.76926700905964,0.9990375360923965
222500,38.34,IFA_75_26_2986.wav,44100,02-08-20 00:00,mosquito,an arabiensis,Female,f,Single,,LT,telinga,tascam,Tanzania,Kilombero District,Morogoro,Ifakara,cup,D:\VGU-27\Edge AI Project\data\audio\222500.wav,44100,1,PCM_24,38.33997732426304,-2.267573696457248e-05,ae2359d232bf11b5483e1153011b4ba223dba6fa0cf73305d82d3b4009dcaab2,a2847d5fffc69a1f9a928c7571494b858c6952a9505f8340e42f0e7b858b1b9d,0.0345458984375,-48.6668112214918,3.1884810271672446e-05,0.0,0.007540248865473183,156.25,17.645340712117285,0.9824561403508771
222518,56.26,IFA_75_27_2987.wav,44100,02-08-20 00:00,mosquito,an arabiensis,Female,f,Single,,LT,telinga,tascam,Tanzania,Kilombero District,Morogoro,Ifakara,cup,D:\VGU-27\Edge AI Project\data\audio\222518.wav,44100,1,PCM_24,56.26,0.0,e7f9174d3cfe3b11c42a14a1c026b7bb880db3b0b9c351a0cd11f087a9515881,b27db86dcf457d3133bb00303a669dd4c761120fec6040fd848b5d02a18ead10,0.0208740234375,-53.20849164885139,2.5798180510067295e-05,0.0,0.011368500475198967,796.875,18.415412407824814,0.993739328400683
222447,5.12,IFA_75_28_2988.wav,44100,02-08-20 00:00,mosquito,culex pipiens complex,Female,f,Single,,LT,telinga,tascam,Tanzania,Kilombero District,Morogoro,Ifakara,cup,D:\VGU-27\Edge AI Project\data\audio\222447.wav,44100,1,PCM_24,5.12,0.0,de2a5b3af8ace34ca926093fd4abb7654d2665837a977ec12c1b6382f665d872,c546d4e803d5be7b771a30359902a778cc328aa1e6dfce0868099500fa28a62f,0.056671142578125,-43.817283388604274,-7.77832504843368e-05,0.0,0.006696428571428571,984.375,19.42494369083492,1.0
222449,20.48,IFA_75_28_2988.wav,44100,02-08-20 00:00,mosquito,culex pipiens complex,Female,f,Single,,LT,telinga,tascam,Tanzania,Kilombero District,Morogoro,Ifakara,cup,D:\VGU-27\Edge AI Project\data\audio\222449.wav,44100,1,PCM_24,20.47997732426304,-2.2675736961019766e-05,a3c49d49c5746d142dd97c8343d39b21030da0f19fc86392393230f083416804,74aaf01d7163511c1740752f668fe8d29aa67e58c530f663a8f912776434889d,0.09014892578125,-42.82382773425978,4.201912477452606e-05,0.0,0.006093003840928643,156.25,18.15579478207917,0.9937402190923318
222448,10.24,IFA_75_28_2988.wav,44100,02-08-20 00:00,mosquito,culex pipiens complex,Female,f,Single,,LT,telinga,tascam,Tanzania,Kilombero District,Morogoro,Ifakara,cup,D:\VGU-27\Edge AI Project\data\audio\222448.wav,44100,1,PCM_24,10.23997732426304,-2.2675736961019766e-05,70ab2299c043f7302394f0b7735b7efa1814de3a694b38a122d8a94dc5810f8f,488b14e160570c0488c519e79a339fa92356d8143e47c04c718900f8e866d440,0.1441650390625,-38.052572924638255,-2.1284581950812475e-05,0.0,0.004393433765221454,968.75,18.606073730745962,0.987460815047022
222489,56.26,IFA_75_29_2989.wav,44100,02-08-20 00:00,mosquito,an arabiensis,Female,f,Single,,LT,telinga,tascam,Tanzania,Kilombero District,Morogoro,Ifakara,cup,D:\VGU-27\Edge AI Project\data\audio\222489.wav,44100,1,PCM_24,56.26,0.0,420e51e42f59bf999e7cbbb652bfc93f72a7787b49ee1684c8d6a145ef6219ae,e4139d2777857fb715bd7185111c7c2204119b611ccf55b97f3ec2781909e7e4,0.062652587890625,-50.41490729604541,3.041327253115445e-05,0.0,0.009427802404289124,859.375,29.464533259232127,0.9994308480364257
222508,5.06,IFA_75_30_2990.wav,44100,02-08-20 00:00,mosquito,culex pipiens complex,Female,f,Single,,LT,telinga,tascam,Tanzania,Kilombero District,Morogoro,Ifakara,cup,D:\VGU-27\Edge AI Project\data\audio\222508.wav,44100,1,PCM_24,5.06,0.0,2872edf5ee19b8d3e34f7c26b28402fc9e883422227b308a7e0afa8a52d12552,0f40ada98366c40a5788cc838ace286da01259d34df6095d71089d1b7dcb4489,0.019012451171875,-48.156533998108024,5.004822090799017e-05,0.0,0.00891344680164556,921.875,17.28747486618098,0.9808917197452229
222507,25.6,IFA_75_30_2990.wav,44100,02-08-20 00:00,mosquito,culex pipiens complex,Female,f,Single,,LT,telinga,tascam,Tanzania,Kilombero District,Morogoro,Ifakara,cup,D:\VGU-27\Edge AI Project\data\audio\222507.wav,44100,1,PCM_24,25.6,0.0,b638f5fe38b8f6e9bcb40ee442ec13e9cc69e9dbcdd9e82a192e25026253758e,7fbad55bb33982049f2019510a20f5de9dfab5c419e9a7cd6d3cb0f0d3b5eb22,0.103424072265625,-43.480346224471305,-2.560350630018446e-06,0.0,0.007295209750566894,921.875,24.82149413434854,1.0
222483,33.22,IFA_75_31_2991.wav,44100,02-08-20 00:00,mosquito,an arabiensis,Female,f,Single,,LT,telinga,tascam,Tanzania,Kilombero District,Morogoro,Ifakara,cup,D:\VGU-27\Edge AI Project\data\audio\222483.wav,44100,1,PCM_24,33.22,0.0,673aa1d48434d83bc9cb7d26ba3b7ec8abd31f7501a6c2f9025f0d823dbbf794,cfe74fe0b6ed7775e826351cfed61f8639e25ddbb46bb01b2b99c363c9767b69,0.03033447265625,-49.73335863927733,2.5730241143922074e-05,0.0,0.007204768321135398,828.125,22.887882270537435,0.9971070395371263
222496,40.9,IFA_75_32_2992.wav,44100,02-08-20 00:00,mosquito,an arabiensis,Female,f,Single,,LT,telinga,tascam,Tanzania,Kilombero District,Morogoro,Ifakara,cup,D:\VGU-27\Edge AI Project\data\audio\222496.wav,44100,1,PCM_24,40.9,0.0,150a02c34669aecdab62af464aafe81bae1cb50c244a1aba71c7c1c870b230ac,6416fe78e787f58fafc612ea3895fd0da73481d8a330e384735c6443bb3d0823,0.048370361328125,-52.1953977218072,2.5027649075688243e-05,0.0,0.007173627397169136,156.25,18.377577940411236,0.9937353171495693
222460,33.28,IFA_75_33_2993.wav,44100,02-08-20 00:00,mosquito,an arabiensis,Female,t,Single,,LT,telinga,tascam,Tanzania,Kilombero District,Morogoro,Ifakara,cup,D:\VGU-27\Edge AI Project\data\audio\222460.wav,44100,1,PCM_24,33.28,0.0,f94beae1e2db35529a54811cfab4ecf67e26ac6303447ee1a41099d90ffc4e61,c377bd31f35398e353cf46a157622efe5a0d31c9c8afd3d47370ee51865b2c8e,0.027862548828125,-48.96140680647639,3.2834018605470284e-05,0.0,0.007131137711494854,843.75,24.090569519055542,0.9971126082771896
222452,35.78,IFA_75_34_2994.wav,44100,02-08-20 00:00,mosquito,an arabiensis,Female,f,Single,,LT,telinga,tascam,Tanzania,Kilombero District,Morogoro,Ifakara,cup,D:\VGU-27\Edge AI Project\data\audio\222452.wav,44100,1,PCM_24,35.78,0.0,9842b213e889433ac9569d1be5862f52000d162372e60ce43517967a468a1bb0,678f14943ccf5a1108948171ff4855578fffcb098911dd1b8801dacccd977fa9,0.03076171875,-48.57585383081947,2.3076590567651155e-05,0.0,0.005078275021579342,343.75,18.490408935579943,0.9919427036705462
222443,40.96,IFA_75_35_2995.wav,44100,02-08-20 00:00,mosquito,an arabiensis,Female,f,Single,,LT,telinga,tascam,Tanzania,Kilombero District,Morogoro,Ifakara,cup,D:\VGU-27\Edge AI Project\data\audio\222443.wav,44100,1,PCM_24,40.96,0.0,06ad18bb3330ea3f77414e0af01e30a4603f362b5f443ae023a33820191dba6e,326801082e53e2eb6bdcee7aa7cd861d214a50fd26d8d85baf7859da7386bba0,0.044708251953125,-45.74585897989978,2.5672031367987463e-05,0.0,0.003911786068594104,218.75,17.94763283395277,0.9867083659108679
222444,2.56,IFA_75_35_2995.wav,44100,02-08-20 00:00,mosquito,an arabiensis,Female,f,Single,,LT,telinga,tascam,Tanzania,Kilombero District,Morogoro,Ifakara,cup,D:\VGU-27\Edge AI Project\data\audio\222444.wav,44100,1,PCM_24,2.56,0.0,7480fcf2fe4519b549e0a7ce76627197bd6281256cec02bbb0b762c64cd08ffb,13e2760523c3a64f552c30d05789698a41c7892534068c7b86c83dda91210d74,0.006561279296875,-55.36742115820183,0.00014781816746372214,0.0,0.0076796343537414965,296.875,17.527492005006444,1.0
222458,33.22,IFA_75_36_2996.wav,44100,02-08-20 00:00,mosquito,an arabiensis,Female,f,Single,,LT,telinga,tascam,Tanzania,Kilombero District,Morogoro,Ifakara,cup,D:\VGU-27\Edge AI Project\data\audio\222458.wav,44100,1,PCM_24,33.22,0.0,d9a880fababff0b936b43d4f2fb3bf08ade2f4e8d8314f0808f735c99e55fc3e,b9288150f0cd54798b8f8211599ac83a3cc451e8f3675560cf72f185cf2f7a64,0.033203125,-46.95720606642986,3.6087893019407996e-05,0.0,0.004190437965272403,218.75,19.90667159375172,0.9836065573770492
222450,30.66,IFA_75_38_2998.wav,44100,02-08-20 00:00,mosquito,an arabiensis,Female,f,Single,,LT,telinga,tascam,Tanzania,Kilombero District,Morogoro,Ifakara,cup,D:\VGU-27\Edge AI Project\data\audio\222450.wav,44100,1,PCM_24,30.66,0.0,1eb622bfb253f37e04ed6c5513b504e8ff819219e219967856707b064f52292c,5e563f3cb43c12a275e4333d0fc1f5dc29440a47a202b3a6fe044ca02a75e829,0.0245361328125,-49.6594075105909,3.035193393300664e-05,0.0,0.004100270245084335,921.875,23.178001199000782,0.9958202716823407
222504,58.82,IFA_75_39_2999.wav,44100,02-08-20 00:00,mosquito,an arabiensis,Male,f,Single,,LT,telinga,tascam,Tanzania,Kilombero District,Morogoro,Ifakara,cup,D:\VGU-27\Edge AI Project\data\audio\222504.wav,44100,1,PCM_24,58.82,0.0,268d4dff9d1437f5a09942a7058f1cce10c065a29ee079138f4b82395169306d,237cfe71724dcf90af40c98915b3ebb17c07101648494e35f2afeb78bbb34268,0.0355224609375,-46.309583409319366,3.0412200348738965e-05,0.0,0.003214002363951361,156.25,16.297259237368696,0.9902014153511159
222468,10.24,IFA_75_40_3000.wav,44100,02-08-20 00:00,mosquito,an arabiensis,Male,f,Single,,LT,telinga,tascam,Tanzania,Kilombero District,Morogoro,Ifakara,cup,D:\VGU-27\Edge AI Project\data\audio\222468.wav,44100,1,PCM_24,10.24,0.0,0b69792ccc13ef76bfd6038fb852046d6f45b7d5f2463538f70a5d68c158edc7,13c2e6769156f945d042bc784777d8ea517eee5f59e044764db15a010058b7bc,0.046844482421875,-43.19723766378451,7.471394917321583e-05,0.0,0.0042251275510204085,156.25,16.045709668724434,0.987460815047022
222467,17.92,IFA_75_40_3000.wav,44100,02-08-20 00:00,mosquito,an arabiensis,Male,f,Single,,LT,telinga,tascam,Tanzania,Kilombero District,Morogoro,Ifakara,cup,D:\VGU-27\Edge AI Project\data\audio\222467.wav,44100,1,PCM_24,17.919977324263037,-2.267573696457248e-05,8bfdb4fc1fd23817f69bb64f567aa5af8f035c840c6ad47edc28295397e4bfe8,229f0bcab1073b72d9e0d7d93bafd8ecce6856cfe361ebcf08cdc4fca18e2d44,0.014739990234375,-50.70755817403529,7.597661341212381e-06,0.0,0.004416206592422093,593.75,17.145407613548414,0.998211091234347
222469,5.12,IFA_75_40_3000.wav,44100,02-08-20 00:00,mosquito,an arabiensis,Male,f,Single,,LT,telinga,tascam,Tanzania,Kilombero District,Morogoro,Ifakara,cup,D:\VGU-27\Edge AI Project\data\audio\222469.wav,44100,1,PCM_24,5.12,0.0,6ca7f7bf6b2cba4c7dbdb0ebb26acdfea26e285adf1538c485e1a3d7f4c4fc91,a3cd54cbe5a647a29295bd1c3f0625756038b348ccba5dddf6e747e904fee699,0.013397216796875,-51.18432783745643,3.056136929259008e-05,0.0,0.006040958049886622,156.25,14.88805779542239,0.9811320754716981
222524,40.96,IFA_76_11_3011.wav,44100,02-08-20 00:00,mosquito,an arabiensis,Female,f,Single,,LT,telinga,tascam,Tanzania,Kilombero District,Morogoro,Ifakara,cup,D:\VGU-27\Edge AI Project\data\audio\222524.wav,44100,1,PCM_24,40.96,0.0,0485341f0340ec7e2a9d50932ee0c5d4a3e93b38633f8f54d23e454712c10199,de470dae99fb2379052e8f8ae33c97d51b76134b130f61610879ca40faf06168,0.031524658203125,-51.79392797293704,3.370924804216069e-05,0.0,0.007384561897675737,859.375,19.331288840324437,1.0
222491,15.3,IFA_76_12_3012.wav,44100,02-08-20 00:00,mosquito,culex pipiens complex,Female,f,Single,,LT,telinga,tascam,Tanzania,Kilombero District,Morogoro,Ifakara,cup,D:\VGU-27\Edge AI Project\data\audio\222491.wav,44100,1,PCM_24,15.299977324263038,-2.2675736962796122e-05,83712c3ad8b6645b540ec1b7398efc213c29bc53ecedca8854a99cb6490fb717,f73cdb25400fdf71792c3e6fd0649813cbab40ce16dff9847aa7e44556a4b395,0.046417236328125,-46.776784899232766,3.756743723104943e-05,0.0,0.006325502535091867,953.125,17.507026067780842,1.0
222490,20.48,IFA_76_12_3012.wav,44100,02-08-20 00:00,mosquito,culex pipiens complex,Female,f,Single,,LT,telinga,tascam,Tanzania,Kilombero District,Morogoro,Ifakara,cup,D:\VGU-27\Edge AI Project\data\audio\222490.wav,44100,1,PCM_24,20.48,0.0,162e23c092f14ff17ed650811ebc7d864acab5f8f06c388a8d9ddef294008240,179e4554d3a5022ebf4503f8b3d5b7f7c56a0a2c477584f4677d5f35471ee733,0.04241943359375,-46.293027611646956,2.502280027687955e-05,0.0,0.005770797902494331,515.625,19.176725576455325,0.9937402190923318
222511,53.7,IFA_76_13_3013.wav,44100,02-08-20 00:00,mosquito,an arabiensis,Female,f,Single,,LT,telinga,tascam,Tanzania,Kilombero District,Morogoro,Ifakara,cup,D:\VGU-27\Edge AI Project\data\audio\222511.wav,44100,1,PCM_24,53.7,0.0,b977fa7613a85a8893bc43dc62c8c8f95a132da9f6e055563fe686d388e7c0de,0731b60925488572108f13f41e66cdbd114a0e0ce2342e445eb5bd8131bc398b,0.04107666015625,-47.20495558250717,2.5251264009201988e-05,0.0,0.006216192249711803,781.25,17.079404094642847,0.9976147883124628
222473,40.9,IFA_76_14_3014.wav,44100,02-08-20 00:00,mosquito,culex pipiens complex,Female,f,Single,,LT,telinga,tascam,Tanzania,Kilombero District,Morogoro,Ifakara,cup,D:\VGU-27\Edge AI Project\data\audio\222473.wav,44100,1,PCM_24,40.9,0.0,800cafdb9f8c41ffef074a219c89b46385625cc3df79d313551b36c5fbb16ebc,421e8732b317c54351225771c6668cc49d001cae6e5b072bc86e1d73a04c85f1,0.04705810546875,-47.60526048228209,1.9822627908577348e-05,0.0,0.006476722718427224,937.5,17.47289538966202,0.995301487862177
222497,40.96,IFA_76_15_3015.wav,44100,02-08-20 00:00,mosquito,an arabiensis,Female,f,Single,,LT,telinga,tascam,Tanzania,Kilombero District,Morogoro,Ifakara,cup,D:\VGU-27\Edge AI Project\data\audio\222497.wav,44100,1,PCM_24,40.96,0.0,8f25cec8e603ac308a77da298287767cd777514a9ee1cba1a60b684182edcf35,02d10e3d8fa98d71737a20099678934bf2a1ceda5ee0824f4ac4d4f32c090a0b,0.03741455078125,-46.73892992970956,2.7296190359154527e-05,0.0,0.00671968005952381,343.75,24.937809236584542,0.9984362783424551
222505,48.58,IFA_76_16_3016.wav,44100,02-08-20 00:00,mosquito,an arabiensis,Female,f,Single,,LT,telinga,tascam,Tanzania,Kilombero District,Morogoro,Ifakara,cup,D:\VGU-27\Edge AI Project\data\audio\222505.wav,44100,1,PCM_24,48.58,0.0,4835396bef7ff3e5f1f95312d0974fe6205638881f15c34093182f4b5c49af23,e08fd1968549bd20f530c6055982390c9c298a85780722119aae1744bd78ece2,0.032867431640625,-51.43522739239724,3.277495339819963e-05,0.0,0.008074205392325723,859.375,27.547073082392824,0.998022412656559
222441,53.76,IFA_76_17_3017.wav,44100,02-08-20 00:00,mosquito,an arabiensis,Female,f,Single,,LT,telinga,tascam,Tanzania,Kilombero District,Morogoro,Ifakara,cup,D:\VGU-27\Edge AI Project\data\audio\222441.wav,44100,1,PCM_24,53.76,0.0,d19a5e4bd4b5de97d78d8fea99ebdfc765e23a6c3cbe4ccfad96e4caa83d1309,13f4f11451dc53ace2e5e6802251758089f726e945454511539a6a1ed2181c27,0.023773193359375,-51.2547273981835,3.261789365767815e-05,0.0,0.007224094995140914,906.25,26.83360919407498,0.9976176295413937
222512,40.96,IFA_76_18_3018.wav,44100,02-08-20 00:00,mosquito,an arabiensis,Female,f,Single,,LT,telinga,tascam,Tanzania,Kilombero District,Morogoro,Ifakara,cup,D:\VGU-27\Edge AI Project\data\audio\222512.wav,44100,1,PCM_24,40.96,0.0,9384acab67906c9ae7b16341b88c577ff2d07605f5817b25b0006d229e23fef7,3c5110c2608c351318bf8df244bcae156ce8e512c78f1889c09d6deb7c10c2c7,0.0477294921875,-47.488832655093624,2.9904535568220005e-05,0.0,0.0074664957128684805,828.125,17.637155844615794,0.9953088350273651
222442,53.7,IFA_76_20_3020.wav,44100,02-08-20 00:00,mosquito,ma uniformis,Female,f,Single,,LT,telinga,tascam,Tanzania,Kilombero District,Morogoro,Ifakara,cup,D:\VGU-27\Edge AI Project\data\audio\222442.wav,44100,1,PCM_24,53.7,0.0,d615c3d6f913a259fcc24ca8d0e9a69adb53117036b22190fee80d851fc45cbb,3a642810ce400c5c85a94b00d47d949ff1e60ddf69640b0ff71e049f1cf7561a,0.028167724609375,-49.82653610380284,3.139444448320724e-05,0.0,0.006707288750385319,781.25,27.445226663440245,0.998211091234347
222519,7.68,IFA_76_21_3021.wav,44100,02-08-20 00:00,mosquito,an arabiensis,Female,f,Single,,LT,telinga,tascam,Tanzania,Kilombero District,Morogoro,Ifakara,cup,D:\VGU-27\Edge AI Project\data\audio\222519.wav,44100,1,PCM_24,7.68,0.0,3268c78d1f2e4d89208252566758b9c052d7aa8df0b276edec6406796bcdcd89,f941045ca226b98cecb42e188db98b040ec67c3ebcac9cb43e9894d99d813217,0.0098876953125,-55.34870540816739,-5.808186549087951e-07,0.0,0.008845899470899471,781.25,22.748404094889906,1.0
222523,7.68,IFA_76_21_3021.wav,44100,02-08-20 00:00,mosquito,an arabiensis,Female,f,Single,,LT,telinga,tascam,Tanzania,Kilombero District,Morogoro,Ifakara,cup,D:\VGU-27\Edge AI Project\data\audio\222523.wav,44100,1,PCM_24,7.679977324263039,-2.2675736961019766e-05,08d030683746c6792058b258926eb7a62324d0b421eb514a00d1f0ae944300ba,63b59352b04905f8f0defcab566614327d83d707d1b21a47064237ed0bbcba95,0.005615234375,-57.09492852656765,4.214047312096973e-05,0.0,0.009421678422850596,781.25,21.240240939420588,1.0
222522,25.6,IFA_76_21_3021.wav,44100,02-08-20 00:00,mosquito,an arabiensis,Female,f,Single,,LT,telinga,tascam,Tanzania,Kilombero District,Morogoro,Ifakara,cup,D:\VGU-27\Edge AI Project\data\audio\222522.wav,44100,1,PCM_24,25.6,0.0,86ebdb32aaafe1899eb108a6c636b15b5ac70c9c65015c0f904266ba61ea838a,474e8696a79a33a763850c2e5ea1fd66114a0662cc42894b840c179d04d6af8b,0.018157958984375,-52.93396586475278,2.1174489235391424e-05,0.0,0.00857514880952381,781.25,23.785904378627386,0.9962453066332916
222520,15.36,IFA_76_21_3021.wav,44100,02-08-20 00:00,mosquito,an arabiensis,Female,f,Single,,LT,telinga,tascam,Tanzania,Kilombero District,Morogoro,Ifakara,cup,D:\VGU-27\Edge AI Project\data\audio\222520.wav,44100,1,PCM_24,15.36,0.0,8188b98671236ee95fc34260aa47349e50279cd5f6a849fe63d12d7cb569be67,2ab9eeabb4f51dc53144b8dc5587ad129d264d47a9943e21ef3d77844c2e8936,0.013519287109375,-57.559137156922546,3.238185643248727e-05,0.0,0.01302378590325019,781.25,22.398177276693204,1.0
222521,7.68,IFA_76_21_3021.wav,44100,02-08-20 00:00,mosquito,an arabiensis,Female,f,Single,,LT,telinga,tascam,Tanzania,Kilombero District,Morogoro,Ifakara,cup,D:\VGU-27\Edge AI Project\data\audio\222521.wav,44100,1,PCM_24,7.68,0.0,6fefc489d6c08681bbb5e64b158f5764522e3b277762761a68ab1e703d8e0650,a0569571d97d1fb7a48fb8edbe77d60b54839cc0d9d7f0d1c907c54dc6953d5c,0.031036376953125,-50.09943664477301,3.6259176869871755e-05,0.0,0.008261290627362056,781.25,25.846095027009618,0.99581589958159
222513,53.76,IFA_76_22_3022.wav,44100,02-08-20 00:00,mosquito,an arabiensis,Female,f,Single,,LT,telinga,tascam,Tanzania,Kilombero District,Morogoro,Ifakara,cup,D:\VGU-27\Edge AI Project\data\audio\222513.wav,44100,1,PCM_24,53.76,0.0,dadae54a926d7b0d9abdb5d5514e8b24a84b1f486e858ab9c7a2cb9ef842ae0d,869867f5f149fdf344fd734af1c6396c1b5ac26466946f11139cf72d2a5d50b8,0.0474853515625,-48.29784460383836,2.9788034264231175e-05,0.0,0.007311828501241766,890.625,22.67400345341555,0.9940440738534843
222482,46.02,IFA_76_23_3023.wav,44100,02-08-20 00:00,mosquito,an arabiensis,Female,f,Single,,LT,telinga,tascam,Tanzania,Kilombero District,Morogoro,Ifakara,cup,D:\VGU-27\Edge AI Project\data\audio\222482.wav,44100,1,PCM_24,46.02,0.0,59a6219ad0748ecdc29251b5df1a5bc4e6b6f93d96851bc652bc563d84abd5e5,bbab31e72dc99eb62356937e9d297a4c24a49b40d5c0d5f43c036811201df2c3,0.02783203125,-50.614273914102284,3.2284666078162127e-05,0.0,0.007945377194771867,812.5,23.323983106384006,0.9923451635351427
222464,84.42,IFA_76_24_3024.wav,44100,02-08-20 00:00,mosquito,ma uniformis,Male,f,Single,,LT,telinga,tascam,Tanzania,Kilombero District,Morogoro,Ifakara,cup,D:\VGU-27\Edge AI Project\data\audio\222464.wav,44100,1,PCM_24,84.42,0.0,ab298160a34b6a7fbdb283b99c44e85a71acebc399260abddce6cd26f46cec20,e38d7dff9a1c7e762c19ea37c91a5b0f99647e1e2a60c6c6c1e7cb14af568c4f,0.031646728515625,-50.78112657293553,2.688143456426414e-05,0.0,0.009523702081322144,593.75,23.493033990457594,0.999620781190747
222486,33.28,IFA_76_25_3025.wav,44100,02-08-20 00:00,mosquito,culex pipiens complex,Female,f,Single,,LT,telinga,tascam,Tanzania,Kilombero District,Morogoro,Ifakara,cup,D:\VGU-27\Edge AI Project\data\audio\222486.wav,44100,1,PCM_24,33.28,0.0,2e30af1ee97cc97edf37079a7eed6705cb730e32e7071e6ca19672c30d537be7,bbd4eaeeca984024f16ecee1a48d69747c7c3fa39a8eb9198f63dda49dc5553e,0.046173095703125,-44.82917663662167,3.279613279951153e-05,0.0,0.005624645691609977,156.25,19.238752777587273,0.9942252165543792
222451,56.26,IFA_76_26_3026.wav,44100,02-08-20 00:00,mosquito,an arabiensis,Female,f,Single,,LT,telinga,tascam,Tanzania,Kilombero District,Morogoro,Ifakara,cup,D:\VGU-27\Edge AI Project\data\audio\222451.wav,44100,1,PCM_24,56.26,0.0,4d4bd3e6f4e4934494b4547172aae588329db5848d88ba308e8a0b21e7046051,d6ecdd7121ee49c01ab9cd339752e3659b64ea59b2299644131d84f3149adc55,0.030303955078125,-49.95925891065294,2.8008708788127766e-05,0.0,0.007082036511725202,875.0,22.890083622603612,0.9965850882185544
222492,12.8,IFA_76_27_3027.wav,44100,02-08-20 00:00,mosquito,culex pipiens complex,Female,f,Single,,LT,telinga,tascam,Tanzania,Kilombero District,Morogoro,Ifakara,cup,D:\VGU-27\Edge AI Project\data\audio\222492.wav,44100,1,PCM_24,12.8,0.0,41404c252a79044d8087b8bb259d8cfbb40c3e52a582ebffdbeeba3cb584b2c1,0f2f315218f59f8e0ee1f6a39b5acaae36e4c52968a21fdde3001436faf1e034,0.0693359375,-44.07120858152997,2.9402254930699493e-05,0.0,0.008439625850340136,500.0,21.12435146616238,0.9974937343358395
222494,2.56,IFA_76_27_3027.wav,44100,02-08-20 00:00,mosquito,culex pipiens complex,Female,f,Single,,LT,telinga,tascam,Tanzania,Kilombero District,Morogoro,Ifakara,cup,D:\VGU-27\Edge AI Project\data\audio\222494.wav,44100,1,PCM_24,2.56,0.0,2b7797001cfe081ddfc24b26967d5bf5b309a48d353a3a47daaf8e14701b7c54,26b78fd9e99f7876a24fb814852fac7fe62ad4219c15552bfaa526ed0f92c1fc,0.0389404296875,-40.496466343956705,0.00016497511442015771,0.0,0.0016918225623582766,156.25,19.024022515417233,1.0
222493,5.12,IFA_76_27_3027.wav,44100,02-08-20 00:00,mosquito,culex pipiens complex,Female,f,Single,,LT,telinga,tascam,Tanzania,Kilombero District,Morogoro,Ifakara,cup,D:\VGU-27\Edge AI Project\data\audio\222493.wav,44100,1,PCM_24,5.12,0.0,d4089a62defd757030358600a4f196186f15527811f5dd7435ecb69094d39722,add3bd155c338d7b35e0071b1b42a63a36444df347c5d8ab71951514b8f13468,0.0069580078125,-57.47839522097092,0.00010779939270884543,0.0,0.010212939342403629,515.625,25.056456243537085,1.0
222465,33.28,IFA_76_28_3028.wav,44100,02-08-20 00:00,mosquito,an arabiensis,Female,f,Single,,LT,telinga,tascam,Tanzania,Kilombero District,Morogoro,Ifakara,cup,D:\VGU-27\Edge AI Project\data\audio\222465.wav,44100,1,PCM_24,33.28,0.0,af48315e83d70b8946efac31efbd94fce8eba93c74e7c7f5eab3fc8fd0a7fbd1,ac7659fa7fcb7fcb4d6377c973eaf4f254bbc400b0b3741ca805eed7314cd300,0.045806884765625,-48.62952417174153,2.7137590332137714e-05,0.0,0.007379834946799233,359.375,18.289268380365314,0.9923002887391723
222466,7.68,IFA_76_28_3028.wav,44100,02-08-20 00:00,mosquito,an arabiensis,Female,f,Single,,LT,telinga,tascam,Tanzania,Kilombero District,Morogoro,Ifakara,cup,D:\VGU-27\Edge AI Project\data\audio\222466.wav,44100,1,PCM_24,7.68,0.0,97c6c43600dae4e2cfb3ac6c3e9a1ee7162057069e7fedafa0e4c6ad02b30087,fde436621992ada9baafe372284af4b19602ba281ca4916005870f8bb6b0972a,0.039306640625,-46.432079810179694,0.00017521738195094933,0.0,0.00837939342403628,156.25,18.64961078693852,0.99581589958159
222487,17.92,IFA_76_29_3029.wav,44100,02-08-20 00:00,mosquito,culex pipiens complex,Female,f,Single,,LT,telinga,tascam,Tanzania,Kilombero District,Morogoro,Ifakara,cup,D:\VGU-27\Edge AI Project\data\audio\222487.wav,44100,1,PCM_24,17.919977324263037,-2.267573696457248e-05,031d9cc7c2653a7a0f7db8944a7f4b722d5c3c78fe4fbd06750134aa21a444ee,9c85fba5f91af2963a5a4621371b45f68a52dbf8d3998e98ad72830be04d00b0,0.0662841796875,-44.18961682207599,3.3974227113922785e-05,0.0,0.007749240450427765,796.875,19.92949789972551,0.998211091234347
222488,7.68,IFA_76_29_3029.wav,44100,02-08-20 00:00,mosquito,culex pipiens complex,Female,f,Single,,LT,telinga,tascam,Tanzania,Kilombero District,Morogoro,Ifakara,cup,D:\VGU-27\Edge AI Project\data\audio\222488.wav,44100,1,PCM_24,7.68,0.0,560fdcce74020538b38e76663c0fda7c5419e6a45a2300dd9afcded87da8dbc5,141ce481f0ac789090f7306e181ff616a3e26d17271b69fa57786b054b444c0e,0.053955078125,-43.02029525605221,0.00025654100416649137,0.0,0.0043520880574452,156.25,17.457392296749386,0.9874476987447699
222462,12.8,IFA_76_32_3032.wav,44100,02-08-20 00:00,mosquito,an arabiensis,Female,f,Single,,LT,telinga,tascam,Tanzania,Kilombero District,Morogoro,Ifakara,cup,D:\VGU-27\Edge AI Project\data\audio\222462.wav,44100,1,PCM_24,12.8,0.0,8c029aac7006a1dcc0b3e237a604c3b02d24f899666fb551dabad3fea0cd21be,7cd179fd26f96ab5b6ec4dbe6a2ab4225e734785d1d5a904fc3c74f3a9fb5b6c,0.0635986328125,-46.77746975503726,6.814786906685689e-05,0.0,0.007057823129251701,156.25,19.12843718458602,0.9949874686716792
222461,10.24,IFA_76_32_3032.wav,44100,02-08-20 00:00,mosquito,an arabiensis,Female,f,Single,,LT,telinga,tascam,Tanzania,Kilombero District,Morogoro,Ifakara,cup,D:\VGU-27\Edge AI Project\data\audio\222461.wav,44100,1,PCM_24,10.24,0.0,a2d68b075c97ad6070f5046a9f09bdc062258f74cdda3f6d690f82803e0a7475,c2277d281b470b10ab0c911598a7aecac427f075292e552583cf93e960c76ba7,0.021697998046875,-48.59201867989795,-3.17654912433927e-05,0.0,0.005686649659863946,765.625,17.80647516013821,0.9905956112852664
222463,2.56,IFA_76_32_3032.wav,44100,02-08-20 00:00,mosquito,an arabiensis,Female,f,Single,,LT,telinga,tascam,Tanzania,Kilombero District,Morogoro,Ifakara,cup,D:\VGU-27\Edge AI Project\data\audio\222463.wav,44100,1,PCM_24,2.56,0.0,1ab098630fa692e05f415fca9e4de4898a0bacbc3bc11c46601c38a25d00e4ef,2da0c636957e1d56e1dbcd46b81a6f412c4884ce68056993faeee7756c092f70,0.01483154296875,-52.6314464170932,-8.065873533149425e-05,0.0,0.009158871882086167,437.5,21.9244347460844,1.0
222515,10.24,IFA_76_33_3033.wav,44100,02-08-20 00:00,mosquito,ma uniformis,Female,f,Single,,LT,telinga,tascam,Tanzania,Kilombero District,Morogoro,Ifakara,cup,D:\VGU-27\Edge AI Project\data\audio\222515.wav,44100,1,PCM_24,10.24,0.0,b2e25044e56d20445a988c84864784124c8b21adf88b8e986d2201a7dec61674,cb1910cf2ce0e5624e811c7175b0e61da528c8252dccc5a6fcc0d4b7bbb9d4d8,0.01885986328125,-52.17045785759537,3.5567010611363276e-05,0.0,0.009612829506802721,734.375,21.655287942101126,0.9937304075235109
222514,2.56,IFA_76_33_3033.wav,44100,02-08-20 00:00,mosquito,ma uniformis,Female,f,Single,,LT,telinga,tascam,Tanzania,Kilombero District,Morogoro,Ifakara,cup,D:\VGU-27\Edge AI Project\data\audio\222514.wav,44100,1,PCM_24,2.56,0.0,5a217d7903601d67a463d136f5c565b66e9d8c86073470fc23e9729871e706ca,4dd5903bbd99d702fcc2ed3decfad2c537ccdfefc4381009de8b03fd399b2049,0.0301513671875,-50.297378324712945,5.650033756178253e-05,0.0,0.008423681972789115,734.375,26.01450379191851,1.0
222516,12.8,IFA_76_33_3033.wav,44100,02-08-20 00:00,mosquito,ma uniformis,Female,f,Single,,LT,telinga,tascam,Tanzania,Kilombero District,Morogoro,Ifakara,cup,D:\VGU-27\Edge AI Project\data\audio\222516.wav,44100,1,PCM_24,12.8,0.0,61df392cd73b6693db31faf247bbc8bbfaf478049b1cd411074bbd082de6286e,e92714a5cd7f48e3e2c4e0ce24ffc62ce875d91d86e63f2c66e2084487a834a1,0.02490234375,-51.717530404599984,1.9216537475585936e-05,0.0,0.007224348072562358,734.375,24.53832776042384,0.9974937343358395
222517,5.12,IFA_76_33_3033.wav,44100,02-08-20 00:00,mosquito,ma uniformis,Female,f,Single,,LT,telinga,tascam,Tanzania,Kilombero District,Morogoro,Ifakara,cup,D:\VGU-27\Edge AI Project\data\audio\222517.wav,44100,1,PCM_24,5.12,0.0,a0c544c03b1ef0d0f9e3ab5658151546da0aaf2f604829cdfc559c91426f0054,1b8d6e0fcde73fe5e109d1e7f52e1cd81d4957beb53d1a9858ff9eea6ef9330e,0.00469970703125,-58.29332373046435,3.0432158316614405e-05,0.0,0.010877267573696146,734.375,25.931110730165056,1.0
222457,17.86,IFA_76_34_3034.wav,44100,02-08-20 00:00,mosquito,an arabiensis,Female,f,Single,,LT,telinga,tascam,Tanzania,Kilombero District,Morogoro,Ifakara,cup,D:\VGU-27\Edge AI Project\data\audio\222457.wav,44100,1,PCM_24,17.86,0.0,ddbab0da4b4185018513c272bd3061addddbee9d2eb8e87a0aa9999f4d737f51,fe807fd7b56f64684968a03a80a0ab596875317c87e808668d9c4fdb75b23bb3,0.01092529296875,-56.68258329802106,4.2005114189170206e-05,0.0,0.009922221968294597,843.75,18.38380098331001,0.9730700179533214
222456,58.88,IFA_76_34_3034.wav,44100,02-08-20 00:00,mosquito,an arabiensis,Female,f,Single,,LT,telinga,tascam,Tanzania,Kilombero District,Morogoro,Ifakara,cup,D:\VGU-27\Edge AI Project\data\audio\222456.wav,44100,1,PCM_24,58.88,0.0,98ca02371bb9ac4c55200eb9bfc557c9ee15b6bfb15886a201576f95a28265c2,493f7ff2202296f60097b6e06f739040e2ccc93e4b552a4fddf8e5dcde2dd986,0.031158447265625,-51.624609923164265,2.6724412104416608e-05,0.0,0.009015608054816129,156.25,20.189524298082176,0.9934747145187602
222454,10.24,IFA_76_35_3035.wav,44100,02-08-20 00:00,mosquito,an arabiensis,Female,f,Single,,LT,telinga,tascam,Tanzania,Kilombero District,Morogoro,Ifakara,cup,D:\VGU-27\Edge AI Project\data\audio\222454.wav,44100,1,PCM_24,10.23997732426304,-2.2675736961019766e-05,2de21cb0a5dd3f02524e8e262bc3da128cb08eabc4da4b93e939fcdf73c8ef1b,cb013851f573755b7df2975d30f94c6326b269ee8d6eb06d47b0e50961afa9c3,0.026702880859375,-47.360699508498605,1.1929537900390127e-05,0.0,0.005148555193618892,781.25,20.33955719765837,0.987460815047022
222455,5.12,IFA_76_35_3035.wav,44100,02-08-20 00:00,mosquito,an arabiensis,Female,f,Single,,LT,telinga,tascam,Tanzania,Kilombero District,Morogoro,Ifakara,cup,D:\VGU-27\Edge AI Project\data\audio\222455.wav,44100,1,PCM_24,5.119977324263038,-2.2675736961907944e-05,1e26dcdc49cfd775947bc493f9240ba8042edc598690a7e3fd254826beff344f,91f042b5524e15f013ff45d06eb8719bc2e6c40556d821bb672c7fad51a1e057,0.0301513671875,-44.81033859002746,9.764513996938818e-05,0.0,0.004424445615635699,781.25,17.863762468910917,0.9937106918238994
222501,10.24,IFA_76_36_3036.wav,44100,02-08-20 00:00,mosquito,culex pipiens complex,Female,f,Single,,LT,telinga,tascam,Tanzania,Kilombero District,Morogoro,Ifakara,cup,D:\VGU-27\Edge AI Project\data\audio\222501.wav,44100,1,PCM_24,10.24,0.0,c4294dbfc244cb59e6d564d8465e14cea7b29b1eab9ac0dc10d22bda24963a00,3e702bca6624c1b51d32ec813464c5d12979cafcf5c76ff86397bbaf341f2da1,0.006744384765625,-57.66527606811499,2.0419051047085093e-05,0.0,0.011379942602040817,546.875,22.49428760235596,1.0
222477,23.04,IFA_76_38_3038.wav,44100,02-08-20 00:00,mosquito,an arabiensis,Female,f,Single,,LT,telinga,tascam,Tanzania,Kilombero District,Morogoro,Ifakara,cup,D:\VGU-27\Edge AI Project\data\audio\222477.wav,44100,1,PCM_24,23.04,0.0,cdf10704d2b57bd58829bb8e60c5ec0382c442a07081dfcd0a750ad84498bc7c,e4020f234cf3e89b83502048560d901c54b2f66d6bf193dd469c603cfec4220f,0.030120849609375,-46.738346161581546,9.222335796207227e-06,0.0,0.00329802059712774,781.25,21.952947363115165,0.9972183588317107
222476,7.68,IFA_76_38_3038.wav,44100,02-08-20 00:00,mosquito,an arabiensis,Female,f,Single,,LT,telinga,tascam,Tanzania,Kilombero District,Morogoro,Ifakara,cup,D:\VGU-27\Edge AI Project\data\audio\222476.wav,44100,1,PCM_24,7.68,0.0,0e42fa9392fc73bee99c5c202b5e83c3251c61048f015132928ec6c0c3666bda,ec9c74a65478b41bebc0724a6be23d12d8737e29fd05200a88fa65cf59d212f8,0.02471923828125,-47.23250776659075,6.513350494684636e-06,0.0,0.004806783824640968,781.25,23.68910293248588,0.99581589958159
222446,30.72,IFA_76_39_3039.wav,44100,02-08-20 00:00,mosquito,culex pipiens complex,Female,f,Single,,LT,telinga,tascam,Tanzania,Kilombero District,Morogoro,Ifakara,cup,D:\VGU-27\Edge AI Project\data\audio\222446.wav,44100,1,PCM_24,30.72,0.0,089515efefb0d02af4e77568f826dad730ac3f6b51d840a771125c21c931a1c0,d90c98d51a2ccf7c7c2f188c539b55408f9a11c4a3752c32936eee1f8b624c89,0.06634521484375,-41.98773477806505,2.6047747872223568e-05,0.0,0.0024565381708238853,390.625,19.757210835482088,0.9906152241918665
