"source_id","source_file","species","name","record_datetime","duration_metadata_seconds","method","gender","fed","plurality","mic_type","device_type","country","location","partition","audio_audit_status"
"221149","221149.wav","an arabiensis","IFA_17_26_666.wav","30-01-20 00:00","2.56","HBN","Female","f","Single","telinga","tascam","Tanzania","cup","training","PENDING_NETWORK_RETRIEVAL"
"221150","221150.wav","an arabiensis","IFA_17_26_666.wav","30-01-20 00:00","2.56","HBN","Female","f","Single","telinga","tascam","Tanzania","cup","training","PENDING_NETWORK_RETRIEVAL"
"221121","221121.wav","ma uniformis","IFA_17_27_667.wav","30-01-20 00:00","2.56","HBN","Female","f","Single","telinga","tascam","Tanzania","cup","training","PENDING_NETWORK_RETRIEVAL"
"221123","221123.wav","ma uniformis","IFA_17_27_667.wav","30-01-20 00:00","2.56","HBN","Female","f","Single","telinga","tascam","Tanzania","cup","training","PENDING_NETWORK_RETRIEVAL"
"221122","221122.wav","ma uniformis","IFA_17_27_667.wav","30-01-20 00:00","2.56","HBN","Female","f","Single","telinga","tascam","Tanzania","cup","training","PENDING_NETWORK_RETRIEVAL"
"221124","221124.wav","ma uniformis","IFA_17_27_667.wav","30-01-20 00:00","2.56","HBN","Female","f","Single","telinga","tascam","Tanzania","cup","training","PENDING_NETWORK_RETRIEVAL"
"221145","221145.wav","culex pipiens complex","IFA_17_28_668.wav","30-01-20 00:00","38.4","HBN","Female","f","Single","telinga","tascam","Tanzania","cup","training","PENDING_NETWORK_RETRIEVAL"
"221146","221146.wav","culex pipiens complex","IFA_17_28_668.wav","30-01-20 00:00","5.12","HBN","Female","f","Single","telinga","tascam","Tanzania","cup","training","PENDING_NETWORK_RETRIEVAL"
"221144","221144.wav","culex pipiens complex","IFA_17_28_668.wav","30-01-20 00:00","2.56","HBN","Female","f","Single","telinga","tascam","Tanzania","cup","training","PENDING_NETWORK_RETRIEVAL"
"221102","221102.wav","culex pipiens complex","IFA_17_31_671.wav","30-01-20 00:00","12.8","HBN","Female","f","Single","telinga","tascam","Tanzania","cup","training","PENDING_NETWORK_RETRIEVAL"
"221101","221101.wav","culex pipiens complex","IFA_17_31_671.wav","30-01-20 00:00","2.56","HBN","Female","f","Single","telinga","tascam","Tanzania","cup","training","PENDING_NETWORK_RETRIEVAL"
"221148","221148.wav","ma uniformis","IFA_17_33_673.wav","30-01-20 00:00","2.5","HBN","Female","f","Single","telinga","tascam","Tanzania","cup","training","PENDING_NETWORK_RETRIEVAL"
"221132","221132.wav","culex pipiens complex","IFA_17_35_675.wav","30-01-20 00:00","2.56","HBN","Female","f","Single","telinga","tascam","Tanzania","cup","testing","PENDING_NETWORK_RETRIEVAL"
"221131","221131.wav","culex pipiens complex","IFA_17_35_675.wav","30-01-20 00:00","7.68","HBN","Female","f","Single","telinga","tascam","Tanzania","cup","testing","PENDING_NETWORK_RETRIEVAL"
"221158","221158.wav","culex pipiens complex","IFA_17_36_676.wav","30-01-20 00:00","7.68","HBN","Female","f","Single","telinga","tascam","Tanzania","cup","training","PENDING_NETWORK_RETRIEVAL"
"221157","221157.wav","culex pipiens complex","IFA_17_36_676.wav","30-01-20 00:00","5.12","HBN","Female","f","Single","telinga","tascam","Tanzania","cup","training","PENDING_NETWORK_RETRIEVAL"
"221127","221127.wav","ma uniformis","IFA_17_37_677.wav","30-01-20 00:00","5.12","HBN","Female","f","Single","telinga","tascam","Tanzania","cup","testing","PENDING_NETWORK_RETRIEVAL"
"221126","221126.wav","ma uniformis","IFA_17_37_677.wav","30-01-20 00:00","2.56","HBN","Female","f","Single","telinga","tascam","Tanzania","cup","testing","PENDING_NETWORK_RETRIEVAL"
"221133","221133.wav","culex pipiens complex","IFA_17_38_678.wav","30-01-20 00:00","2.56","HBN","Female","f","Single","telinga","tascam","Tanzania","cup","training","PENDING_NETWORK_RETRIEVAL"
"221151","221151.wav","culex pipiens complex","IFA_18_13_693.wav","30-01-20 00:00","12.8","HBN","Female","f","Single","telinga","tascam","Tanzania","cup","training","PENDING_NETWORK_RETRIEVAL"
"221105","221105.wav","culex pipiens complex","IFA_18_14_694.wav","30-01-20 00:00","2.56","HBN","Female","f","Single","telinga","tascam","Tanzania","cup","validation","PENDING_NETWORK_RETRIEVAL"
"221107","221107.wav","culex pipiens complex","IFA_18_14_694.wav","30-01-20 00:00","2.56","HBN","Female","f","Single","telinga","tascam","Tanzania","cup","validation","PENDING_NETWORK_RETRIEVAL"
"221106","221106.wav","culex pipiens complex","IFA_18_14_694.wav","30-01-20 00:00","10.24","HBN","Female","f","Single","telinga","tascam","Tanzania","cup","validation","PENDING_NETWORK_RETRIEVAL"
"221104","221104.wav","culex pipiens complex","IFA_18_14_694.wav","30-01-20 00:00","2.56","HBN","Female","f","Single","telinga","tascam","Tanzania","cup","validation","PENDING_NETWORK_RETRIEVAL"
"221109","221109.wav","culex pipiens complex","IFA_18_15_695.wav","30-01-20 00:00","2.56","HBN","Female","f","Single","telinga","tascam","Tanzania","cup","training","PENDING_NETWORK_RETRIEVAL"
"221128","221128.wav","culex pipiens complex","IFA_18_18_698.wav","30-01-20 00:00","12.8","HBN","Female","f","Single","telinga","tascam","Tanzania","cup","testing","PENDING_NETWORK_RETRIEVAL"
"221130","221130.wav","culex pipiens complex","IFA_18_18_698.wav","30-01-20 00:00","2.56","HBN","Female","f","Single","telinga","tascam","Tanzania","cup","testing","PENDING_NETWORK_RETRIEVAL"
"221129","221129.wav","culex pipiens complex","IFA_18_18_698.wav","30-01-20 00:00","2.56","HBN","Female","f","Single","telinga","tascam","Tanzania","cup","testing","PENDING_NETWORK_RETRIEVAL"
"221147","221147.wav","culex pipiens complex","IFA_18_19_699.wav","30-01-20 00:00","12.8","HBN","Female","f","Single","telinga","tascam","Tanzania","cup","training","PENDING_NETWORK_RETRIEVAL"
"221116","221116.wav","culex pipiens complex","IFA_18_21_701.wav","30-01-20 00:00","2.56","HBN","Female","f","Single","telinga","tascam","Tanzania","cup","validation","PENDING_NETWORK_RETRIEVAL"
"221141","221141.wav","culex pipiens complex","IFA_18_23_703.wav","30-01-20 00:00","7.68","HBN","Female","f","Single","telinga","tascam","Tanzania","cup","testing","PENDING_NETWORK_RETRIEVAL"
"221142","221142.wav","culex pipiens complex","IFA_18_23_703.wav","30-01-20 00:00","10.24","HBN","Female","f","Single","telinga","tascam","Tanzania","cup","testing","PENDING_NETWORK_RETRIEVAL"
"221108","221108.wav","culex pipiens complex","IFA_18_24_704.wav","30-01-20 00:00","17.92","HBN","Female","f","Single","telinga","tascam","Tanzania","cup","training","PENDING_NETWORK_RETRIEVAL"
"221114","221114.wav","culex pipiens complex","IFA_18_27_707.wav","30-01-20 00:00","5.12","HBN","Female","f","Single","telinga","tascam","Tanzania","cup","training","PENDING_NETWORK_RETRIEVAL"
"221100","221100.wav","culex pipiens complex","IFA_18_28_708.wav","30-01-20 00:00","2.56","HBN","Female","f","Single","telinga","tascam","Tanzania","cup","testing","PENDING_NETWORK_RETRIEVAL"
"221143","221143.wav","an arabiensis","IFA_18_29_709.wav","30-01-20 00:00","12.8","HBN","Female","f","Single","telinga","tascam","Tanzania","cup","training","PENDING_NETWORK_RETRIEVAL"
"221113","221113.wav","culex pipiens complex","IFA_18_30_710.wav","30-01-20 00:00","2.56","HBN","Female","f","Single","telinga","tascam","Tanzania","cup","training","PENDING_NETWORK_RETRIEVAL"
"221112","221112.wav","culex pipiens complex","IFA_18_30_710.wav","30-01-20 00:00","17.92","HBN","Female","f","Single","telinga","tascam","Tanzania","cup","training","PENDING_NETWORK_RETRIEVAL"
"221118","221118.wav","culex pipiens complex","IFA_18_31_711.wav","30-01-20 00:00","5.12","HBN","Female","f","Single","telinga","tascam","Tanzania","cup","training","PENDING_NETWORK_RETRIEVAL"
"221117","221117.wav","culex pipiens complex","IFA_18_31_711.wav","30-01-20 00:00","2.56","HBN","Female","f","Single","telinga","tascam","Tanzania","cup","training","PENDING_NETWORK_RETRIEVAL"
"221115","221115.wav","culex pipiens complex","IFA_18_33_713.wav","30-01-20 00:00","17.92","HBN","Female","f","Single","telinga","tascam","Tanzania","cup","testing","PENDING_NETWORK_RETRIEVAL"
"221201","221201.wav","an arabiensis","IFA_18_37_717.wav","03-02-20 00:00","2.56","HBN","Female","f","Single","telinga","tascam","Tanzania","cup","training","PENDING_NETWORK_RETRIEVAL"
"221200","221200.wav","an arabiensis","IFA_18_37_717.wav","03-02-20 00:00","2.56","HBN","Female","f","Single","telinga","tascam","Tanzania","cup","training","PENDING_NETWORK_RETRIEVAL"
"221167","221167.wav","an arabiensis","IFA_18_38_718.wav","03-02-20 00:00","2.56","HBN","Female","f","Single","telinga","tascam","Tanzania","cup","training","PENDING_NETWORK_RETRIEVAL"
"221166","221166.wav","an arabiensis","IFA_18_38_718.wav","03-02-20 00:00","2.56","HBN","Female","f","Single","telinga","tascam","Tanzania","cup","training","PENDING_NETWORK_RETRIEVAL"
"221165","221165.wav","an arabiensis","IFA_18_38_718.wav","03-02-20 00:00","7.68","HBN","Female","f","Single","telinga","tascam","Tanzania","cup","training","PENDING_NETWORK_RETRIEVAL"
"221180","221180.wav","an arabiensis","IFA_18_39_719.wav","03-02-20 00:00","15.36","HBN","Female","f","Single","telinga","tascam","Tanzania","cup","training","PENDING_NETWORK_RETRIEVAL"
"221181","221181.wav","an arabiensis","IFA_18_39_719.wav","03-02-20 00:00","7.68","HBN","Female","f","Single","telinga","tascam","Tanzania","cup","training","PENDING_NETWORK_RETRIEVAL"
"221182","221182.wav","an arabiensis","IFA_19_12_732.wav","03-02-20 00:00","7.68","HBN","Female","f","Single","telinga","tascam","Tanzania","cup","training","PENDING_NETWORK_RETRIEVAL"
"221183","221183.wav","an arabiensis","IFA_19_12_732.wav","03-02-20 00:00","2.56","HBN","Female","f","Single","telinga","tascam","Tanzania","cup","training","PENDING_NETWORK_RETRIEVAL"
"221177","221177.wav","an arabiensis","IFA_19_18_738.wav","03-02-20 00:00","7.68","HBN","Female","f","Single","telinga","tascam","Tanzania","cup","training","PENDING_NETWORK_RETRIEVAL"
"221176","221176.wav","an arabiensis","IFA_19_18_738.wav","03-02-20 00:00","2.56","HBN","Female","f","Single","telinga","tascam","Tanzania","cup","training","PENDING_NETWORK_RETRIEVAL"
"221175","221175.wav","an arabiensis","IFA_19_18_738.wav","03-02-20 00:00","5.12","HBN","Female","f","Single","telinga","tascam","Tanzania","cup","training","PENDING_NETWORK_RETRIEVAL"
"221178","221178.wav","an arabiensis","IFA_19_18_738.wav","03-02-20 00:00","2.56","HBN","Female","f","Single","telinga","tascam","Tanzania","cup","training","PENDING_NETWORK_RETRIEVAL"
"221179","221179.wav","an arabiensis","IFA_19_18_738.wav","03-02-20 00:00","7.62","HBN","Female","f","Single","telinga","tascam","Tanzania","cup","training","PENDING_NETWORK_RETRIEVAL"
"221210","221210.wav","an arabiensis","IFA_19_19_739.wav","03-02-20 00:00","63.94","HBN","Female","f","Single","telinga","tascam","Tanzania","cup","training","PENDING_NETWORK_RETRIEVAL"
"221196","221196.wav","an arabiensis","IFA_19_20_740.wav","03-02-20 00:00","2.56","HBN","Female","f","Single","telinga","tascam","Tanzania","cup","validation","PENDING_NETWORK_RETRIEVAL"
"221197","221197.wav","an arabiensis","IFA_19_20_740.wav","03-02-20 00:00","35.78","HBN","Female","f","Single","telinga","tascam","Tanzania","cup","validation","PENDING_NETWORK_RETRIEVAL"
"221211","221211.wav","an arabiensis","IFA_19_21_741.wav","03-02-20 00:00","2.56","HBN","Female","f","Single","telinga","tascam","Tanzania","cup","training","PENDING_NETWORK_RETRIEVAL"
"221212","221212.wav","an arabiensis","IFA_19_21_741.wav","03-02-20 00:00","12.8","HBN","Female","f","Single","telinga","tascam","Tanzania","cup","training","PENDING_NETWORK_RETRIEVAL"
"221199","221199.wav","an arabiensis","IFA_19_22_742.wav","03-02-20 00:00","43.46","HBN","Female","f","Single","telinga","tascam","Tanzania","cup","training","PENDING_NETWORK_RETRIEVAL"
"221159","221159.wav","an arabiensis","IFA_19_24_744.wav","03-02-20 00:00","2.56","HBN","Female","f","Single","telinga","tascam","Tanzania","cup","testing","PENDING_NETWORK_RETRIEVAL"
"221160","221160.wav","an arabiensis","IFA_19_24_744.wav","03-02-20 00:00","5.12","HBN","Female","f","Single","telinga","tascam","Tanzania","cup","testing","PENDING_NETWORK_RETRIEVAL"
"221215","221215.wav","an arabiensis","IFA_19_26_746.wav","03-02-20 00:00","7.68","HBN","Female","f","Single","telinga","tascam","Tanzania","cup","training","PENDING_NETWORK_RETRIEVAL"
"221216","221216.wav","an arabiensis","IFA_19_26_746.wav","03-02-20 00:00","2.5","HBN","Female","f","Single","telinga","tascam","Tanzania","cup","training","PENDING_NETWORK_RETRIEVAL"
"221214","221214.wav","an arabiensis","IFA_19_26_746.wav","03-02-20 00:00","5.12","HBN","Female","f","Single","telinga","tascam","Tanzania","cup","training","PENDING_NETWORK_RETRIEVAL"
"221213","221213.wav","an arabiensis","IFA_19_26_746.wav","03-02-20 00:00","20.48","HBN","Female","f","Single","telinga","tascam","Tanzania","cup","training","PENDING_NETWORK_RETRIEVAL"
"221190","221190.wav","an arabiensis","IFA_19_27_747.wav","03-02-20 00:00","5.12","HBN","Female","f","Single","telinga","tascam","Tanzania","cup","testing","PENDING_NETWORK_RETRIEVAL"
"221189","221189.wav","an arabiensis","IFA_19_27_747.wav","03-02-20 00:00","2.56","HBN","Female","f","Single","telinga","tascam","Tanzania","cup","testing","PENDING_NETWORK_RETRIEVAL"
"221188","221188.wav","an arabiensis","IFA_19_27_747.wav","03-02-20 00:00","5.12","HBN","Female","f","Single","telinga","tascam","Tanzania","cup","testing","PENDING_NETWORK_RETRIEVAL"
"221187","221187.wav","an arabiensis","IFA_19_27_747.wav","03-02-20 00:00","2.56","HBN","Female","f","Single","telinga","tascam","Tanzania","cup","testing","PENDING_NETWORK_RETRIEVAL"
"221209","221209.wav","an arabiensis","IFA_19_28_748.wav","03-02-20 00:00","20.48","HBN","Female","t","Single","telinga","tascam","Tanzania","cup","training","PENDING_NETWORK_RETRIEVAL"
"221204","221204.wav","an arabiensis","IFA_19_31_751.wav","03-02-20 00:00","5.06","HBN","Female","f","Single","telinga","tascam","Tanzania","cup","training","PENDING_NETWORK_RETRIEVAL"
"221203","221203.wav","an arabiensis","IFA_19_31_751.wav","03-02-20 00:00","15.36","HBN","Female","f","Single","telinga","tascam","Tanzania","cup","training","PENDING_NETWORK_RETRIEVAL"
"221202","221202.wav","an arabiensis","IFA_19_31_751.wav","03-02-20 00:00","17.92","HBN","Female","f","Single","telinga","tascam","Tanzania","cup","training","PENDING_NETWORK_RETRIEVAL"
"221170","221170.wav","an arabiensis","IFA_19_32_752.wav","03-02-20 00:00","5.12","HBN","Female","f","Single","telinga","tascam","Tanzania","cup","validation","PENDING_NETWORK_RETRIEVAL"
"221169","221169.wav","an arabiensis","IFA_19_32_752.wav","03-02-20 00:00","5.12","HBN","Female","f","Single","telinga","tascam","Tanzania","cup","validation","PENDING_NETWORK_RETRIEVAL"
"221168","221168.wav","an arabiensis","IFA_19_32_752.wav","03-02-20 00:00","7.68","HBN","Female","f","Single","telinga","tascam","Tanzania","cup","validation","PENDING_NETWORK_RETRIEVAL"
"221171","221171.wav","an arabiensis","IFA_19_32_752.wav","03-02-20 00:00","10.24","HBN","Female","f","Single","telinga","tascam","Tanzania","cup","validation","PENDING_NETWORK_RETRIEVAL"
"221198","221198.wav","an arabiensis","IFA_19_34_754.wav","03-02-20 00:00","12.8","HBN","Female","f","Single","telinga","tascam","Tanzania","cup","training","PENDING_NETWORK_RETRIEVAL"
"221184","221184.wav","an arabiensis","IFA_19_36_756.wav","03-02-20 00:00","5.12","HBN","Female","f","Single","telinga","tascam","Tanzania","cup","training","PENDING_NETWORK_RETRIEVAL"
"221186","221186.wav","an arabiensis","IFA_19_36_756.wav","03-02-20 00:00","5.12","HBN","Female","f","Single","telinga","tascam","Tanzania","cup","training","PENDING_NETWORK_RETRIEVAL"
"221185","221185.wav","an arabiensis","IFA_19_36_756.wav","03-02-20 00:00","2.56","HBN","Female","f","Single","telinga","tascam","Tanzania","cup","training","PENDING_NETWORK_RETRIEVAL"
"221191","221191.wav","an arabiensis","IFA_19_38_758.wav","03-02-20 00:00","2.56","HBN","Female","f","Single","telinga","tascam","Tanzania","cup","training","PENDING_NETWORK_RETRIEVAL"
"221192","221192.wav","an arabiensis","IFA_19_38_758.wav","03-02-20 00:00","2.56","HBN","Female","f","Single","telinga","tascam","Tanzania","cup","training","PENDING_NETWORK_RETRIEVAL"
"220517","220517.wav","an arabiensis","IFA_20_12_772.wav","03-02-20 00:00","5.12","HBN","Female","f","Single","telinga","tascam","Tanzania","cup","validation","PENDING_NETWORK_RETRIEVAL"
"220516","220516.wav","an arabiensis","IFA_20_12_772.wav","03-02-20 00:00","7.68","HBN","Female","f","Single","telinga","tascam","Tanzania","cup","validation","PENDING_NETWORK_RETRIEVAL"
"220520","220520.wav","culex pipiens complex","IFA_20_14_774.wav","03-02-20 00:00","5.12","HBN","Female","f","Single","telinga","tascam","Tanzania","cup","training","PENDING_NETWORK_RETRIEVAL"
"220521","220521.wav","an arabiensis","IFA_20_17_777.wav","03-02-20 00:00","2.56","HBN","Female","f","Single","telinga","tascam","Tanzania","cup","training","PENDING_NETWORK_RETRIEVAL"
"220522","220522.wav","an arabiensis","IFA_20_18_778.wav","03-02-20 00:00","2.56","HBN","Female","f","Single","telinga","tascam","Tanzania","cup","training","PENDING_NETWORK_RETRIEVAL"
"220514","220514.wav","an arabiensis","IFA_20_38_798.wav","03-02-20 00:00","5.12","HBN","Female","f","Single","telinga","tascam","Tanzania","cup","testing","PENDING_NETWORK_RETRIEVAL"
"220553","220553.wav","an arabiensis","IFA_21_10_810.wav","08-02-20 00:00","2.56","HBN","Female","f","Single","telinga","tascam","Tanzania","cup","training","PENDING_NETWORK_RETRIEVAL"
"220543","220543.wav","an arabiensis","IFA_21_20_820.wav","08-02-20 00:00","5.12","HBN","Female","f","Single","telinga","tascam","Tanzania","cup","training","PENDING_NETWORK_RETRIEVAL"
"220538","220538.wav","an arabiensis","IFA_21_22_822.wav","08-02-20 00:00","5.12","HBN","Female","f","Single","telinga","tascam","Tanzania","cup","validation","PENDING_NETWORK_RETRIEVAL"
"220541","220541.wav","an arabiensis","IFA_21_27_827.wav","08-02-20 00:00","5.12","HBN","Female","f","Single","telinga","tascam","Tanzania","cup","training","PENDING_NETWORK_RETRIEVAL"
"220540","220540.wav","an arabiensis","IFA_21_27_827.wav","08-02-20 00:00","2.56","HBN","Female","f","Single","telinga","tascam","Tanzania","cup","training","PENDING_NETWORK_RETRIEVAL"
"220542","220542.wav","an arabiensis","IFA_21_27_827.wav","08-02-20 00:00","2.56","HBN","Female","f","Single","telinga","tascam","Tanzania","cup","training","PENDING_NETWORK_RETRIEVAL"
"220554","220554.wav","an arabiensis","IFA_21_29_829.wav","08-02-20 00:00","2.56","HBN","Female","f","Single","telinga","tascam","Tanzania","cup","training","PENDING_NETWORK_RETRIEVAL"
"220552","220552.wav","an arabiensis","IFA_21_36_836.wav","08-02-20 00:00","10.24","HBN","Female","f","Single","telinga","tascam","Tanzania","cup","training","PENDING_NETWORK_RETRIEVAL"
"220528","220528.wav","an arabiensis","IFA_22_14_854.wav","08-02-20 00:00","2.56","HBN","Female","f","Single","telinga","tascam","Tanzania","cup","validation","PENDING_NETWORK_RETRIEVAL"
"220539","220539.wav","an arabiensis","IFA_22_16_856.wav","08-02-20 00:00","2.56","HBN","Female","f","Single","telinga","tascam","Tanzania","cup","testing","PENDING_NETWORK_RETRIEVAL"
"220533","220533.wav","an arabiensis","IFA_22_19_859.wav","08-02-20 00:00","5.12","HBN","Female","f","Single","telinga","tascam","Tanzania","cup","validation","PENDING_NETWORK_RETRIEVAL"
"220534","220534.wav","an arabiensis","IFA_22_19_859.wav","08-02-20 00:00","2.56","HBN","Female","f","Single","telinga","tascam","Tanzania","cup","validation","PENDING_NETWORK_RETRIEVAL"
"220527","220527.wav","an arabiensis","IFA_22_20_860.wav","08-02-20 00:00","2.56","HBN","Female","f","Single","telinga","tascam","Tanzania","cup","training","PENDING_NETWORK_RETRIEVAL"
"220526","220526.wav","an arabiensis","IFA_22_20_860.wav","08-02-20 00:00","23.04","HBN","Female","f","Single","telinga","tascam","Tanzania","cup","training","PENDING_NETWORK_RETRIEVAL"
"220523","220523.wav","an arabiensis","IFA_22_21_861.wav","08-02-20 00:00","117.76","HBN","Female","f","Single","telinga","tascam","Tanzania","cup","validation","PENDING_NETWORK_RETRIEVAL"
"220549","220549.wav","an arabiensis","IFA_22_22_862.wav","08-02-20 00:00","5.12","HBN","Female","f","Single","telinga","tascam","Tanzania","cup","training","PENDING_NETWORK_RETRIEVAL"
"220547","220547.wav","an arabiensis","IFA_22_22_862.wav","08-02-20 00:00","2.56","HBN","Female","f","Single","telinga","tascam","Tanzania","cup","training","PENDING_NETWORK_RETRIEVAL"
"220548","220548.wav","an arabiensis","IFA_22_22_862.wav","08-02-20 00:00","5.12","HBN","Female","f","Single","telinga","tascam","Tanzania","cup","training","PENDING_NETWORK_RETRIEVAL"
"220535","220535.wav","an arabiensis","IFA_22_23_863.wav","08-02-20 00:00","46.08","HBN","Female","f","Single","telinga","tascam","Tanzania","cup","validation","PENDING_NETWORK_RETRIEVAL"
"220537","220537.wav","an arabiensis","IFA_22_23_863.wav","08-02-20 00:00","5.06","HBN","Female","f","Single","telinga","tascam","Tanzania","cup","validation","PENDING_NETWORK_RETRIEVAL"
"220536","220536.wav","an arabiensis","IFA_22_23_863.wav","08-02-20 00:00","2.56","HBN","Female","f","Single","telinga","tascam","Tanzania","cup","validation","PENDING_NETWORK_RETRIEVAL"
"220551","220551.wav","culex pipiens complex","IFA_22_25_865.wav","08-02-20 00:00","2.56","HBN","Female","f","Single","telinga","tascam","Tanzania","cup","training","PENDING_NETWORK_RETRIEVAL"
"220550","220550.wav","culex pipiens complex","IFA_22_25_865.wav","08-02-20 00:00","5.12","HBN","Female","f","Single","telinga","tascam","Tanzania","cup","training","PENDING_NETWORK_RETRIEVAL"
"220545","220545.wav","an arabiensis","IFA_22_27_867.wav","08-02-20 00:00","5.12","HBN","Female","f","Single","telinga","tascam","Tanzania","cup","training","PENDING_NETWORK_RETRIEVAL"
"220544","220544.wav","an arabiensis","IFA_22_27_867.wav","08-02-20 00:00","7.68","HBN","Female","f","Single","telinga","tascam","Tanzania","cup","training","PENDING_NETWORK_RETRIEVAL"
"220524","220524.wav","an arabiensis","IFA_22_28_868.wav","08-02-20 00:00","2.56","HBN","Female","f","Single","telinga","tascam","Tanzania","cup","training","PENDING_NETWORK_RETRIEVAL"
"220525","220525.wav","an arabiensis","IFA_22_28_868.wav","08-02-20 00:00","5.12","HBN","Female","f","Single","telinga","tascam","Tanzania","cup","training","PENDING_NETWORK_RETRIEVAL"
"220555","220555.wav","an arabiensis","IFA_22_29_869.wav","08-02-20 00:00","5.12","HBN","Female","f","Single","telinga","tascam","Tanzania","cup","validation","PENDING_NETWORK_RETRIEVAL"
"220532","220532.wav","an arabiensis","IFA_22_37_877.wav","08-02-20 00:00","2.56","HBN","Female","f","Single","telinga","tascam","Tanzania","cup","training","PENDING_NETWORK_RETRIEVAL"
"220531","220531.wav","an arabiensis","IFA_22_38_878.wav","08-02-20 00:00","5.12","HBN","Female","f","Single","telinga","tascam","Tanzania","cup","training","PENDING_NETWORK_RETRIEVAL"
"220530","220530.wav","an arabiensis","IFA_22_39_879.wav","08-02-20 00:00","2.56","HBN","Female","f","Single","telinga","tascam","Tanzania","cup","training","PENDING_NETWORK_RETRIEVAL"
"220529","220529.wav","an arabiensis","IFA_22_39_879.wav","08-02-20 00:00","2.56","HBN","Female","f","Single","telinga","tascam","Tanzania","cup","training","PENDING_NETWORK_RETRIEVAL"
"220556","220556.wav","an arabiensis","IFA_22_40_880.wav","08-02-20 00:00","5.12","HBN","Female","f","Single","telinga","tascam","Tanzania","cup","training","PENDING_NETWORK_RETRIEVAL"
"220558","220558.wav","an arabiensis","IFA_22_40_880.wav","08-02-20 00:00","10.18","HBN","Female","f","Single","telinga","tascam","Tanzania","cup","training","PENDING_NETWORK_RETRIEVAL"
"220557","220557.wav","an arabiensis","IFA_22_40_880.wav","08-02-20 00:00","5.12","HBN","Female","f","Single","telinga","tascam","Tanzania","cup","training","PENDING_NETWORK_RETRIEVAL"
"220578","220578.wav","ma uniformis","IFA_23_10_890.wav","10-02-20 00:00","2.56","HBN","Female","f","Single","telinga","tascam","Tanzania","cup","training","PENDING_NETWORK_RETRIEVAL"
"220577","220577.wav","ma uniformis","IFA_23_10_890.wav","10-02-20 00:00","2.56","HBN","Female","f","Single","telinga","tascam","Tanzania","cup","training","PENDING_NETWORK_RETRIEVAL"
"220602","220602.wav","ma uniformis","IFA_23_12_892.wav","10-02-20 00:00","10.24","HBN","Female","f","Single","telinga","tascam","Tanzania","cup","training","PENDING_NETWORK_RETRIEVAL"
"220601","220601.wav","ma uniformis","IFA_23_12_892.wav","10-02-20 00:00","12.8","HBN","Female","f","Single","telinga","tascam","Tanzania","cup","training","PENDING_NETWORK_RETRIEVAL"
"220608","220608.wav","ma uniformis","IFA_23_13_893.wav","10-02-20 00:00","15.36","HBN","Female","f","Single","telinga","tascam","Tanzania","cup","validation","PENDING_NETWORK_RETRIEVAL"
"220607","220607.wav","ma uniformis","IFA_23_13_893.wav","10-02-20 00:00","20.48","HBN","Female","f","Single","telinga","tascam","Tanzania","cup","validation","PENDING_NETWORK_RETRIEVAL"
"220559","220559.wav","culex pipiens complex","IFA_23_14_894.wav","10-02-20 00:00","2.56","HBN","Female","f","Single","telinga","tascam","Tanzania","cup","training","PENDING_NETWORK_RETRIEVAL"
"220604","220604.wav","ma uniformis","IFA_23_16_896.wav","10-02-20 00:00","15.36","HBN","Female","f","Single","telinga","tascam","Tanzania","cup","testing","PENDING_NETWORK_RETRIEVAL"
"220603","220603.wav","ma uniformis","IFA_23_16_896.wav","10-02-20 00:00","23.04","HBN","Female","f","Single","telinga","tascam","Tanzania","cup","testing","PENDING_NETWORK_RETRIEVAL"
"220565","220565.wav","an arabiensis","IFA_23_17_897.wav","10-02-20 00:00","20.48","HBN","Female","f","Single","telinga","tascam","Tanzania","cup","training","PENDING_NETWORK_RETRIEVAL"
"220566","220566.wav","an arabiensis","IFA_23_17_897.wav","10-02-20 00:00","15.36","HBN","Female","f","Single","telinga","tascam","Tanzania","cup","training","PENDING_NETWORK_RETRIEVAL"
"220572","220572.wav","ma uniformis","IFA_23_18_898.wav","10-02-20 00:00","2.56","HBN","Female","f","Single","telinga","tascam","Tanzania","cup","training","PENDING_NETWORK_RETRIEVAL"
"220609","220609.wav","ma uniformis","IFA_23_21_901.wav","10-02-20 00:00","30.72","HBN","Female","f","Single","telinga","tascam","Tanzania","cup","training","PENDING_NETWORK_RETRIEVAL"
"220612","220612.wav","ma uniformis","IFA_23_27_907.wav","10-02-20 00:00","30.72","HBN","Female","f","Single","telinga","tascam","Tanzania","cup","training","PENDING_NETWORK_RETRIEVAL"
"220598","220598.wav","ma uniformis","IFA_23_30_910.wav","10-02-20 00:00","2.56","HBN","Female","f","Single","telinga","tascam","Tanzania","cup","training","PENDING_NETWORK_RETRIEVAL"
"220597","220597.wav","ma uniformis","IFA_23_30_910.wav","10-02-20 00:00","2.56","HBN","Female","f","Single","telinga","tascam","Tanzania","cup","training","PENDING_NETWORK_RETRIEVAL"
"220595","220595.wav","ma uniformis","IFA_23_30_910.wav","10-02-20 00:00","2.56","HBN","Female","f","Single","telinga","tascam","Tanzania","cup","training","PENDING_NETWORK_RETRIEVAL"
"220596","220596.wav","ma uniformis","IFA_23_30_910.wav","10-02-20 00:00","10.24","HBN","Female","f","Single","telinga","tascam","Tanzania","cup","training","PENDING_NETWORK_RETRIEVAL"
"220605","220605.wav","culex pipiens complex","IFA_23_31_911.wav","10-02-20 00:00","2.56","HBN","Female","f","Single","telinga","tascam","Tanzania","cup","validation","PENDING_NETWORK_RETRIEVAL"
"220606","220606.wav","culex pipiens complex","IFA_23_31_911.wav","10-02-20 00:00","2.56","HBN","Female","f","Single","telinga","tascam","Tanzania","cup","validation","PENDING_NETWORK_RETRIEVAL"
"220590","220590.wav","culex pipiens complex","IFA_23_32_912.wav","10-02-20 00:00","5.12","HBN","Female","f","Single","telinga","tascam","Tanzania","cup","training","PENDING_NETWORK_RETRIEVAL"
"220599","220599.wav","ma uniformis","IFA_23_33_913.wav","10-02-20 00:00","10.24","HBN","Female","f","Single","telinga","tascam","Tanzania","cup","validation","PENDING_NETWORK_RETRIEVAL"
"220600","220600.wav","ma uniformis","IFA_23_33_913.wav","10-02-20 00:00","28.1","HBN","Female","f","Single","telinga","tascam","Tanzania","cup","validation","PENDING_NETWORK_RETRIEVAL"
"220573","220573.wav","ma uniformis","IFA_23_34_914.wav","10-02-20 00:00","2.56","HBN","Female","f","Single","telinga","tascam","Tanzania","cup","training","PENDING_NETWORK_RETRIEVAL"
"220584","220584.wav","ma uniformis","IFA_23_36_916.wav","10-02-20 00:00","17.86","HBN","Female","f","Single","telinga","tascam","Tanzania","cup","training","PENDING_NETWORK_RETRIEVAL"
"220583","220583.wav","ma uniformis","IFA_23_36_916.wav","10-02-20 00:00","10.24","HBN","Female","f","Single","telinga","tascam","Tanzania","cup","training","PENDING_NETWORK_RETRIEVAL"
"220582","220582.wav","ma uniformis","IFA_23_36_916.wav","10-02-20 00:00","10.24","HBN","Female","f","Single","telinga","tascam","Tanzania","cup","training","PENDING_NETWORK_RETRIEVAL"
"220586","220586.wav","ma uniformis","IFA_23_37_917.wav","10-02-20 00:00","2.5","HBN","Female","f","Single","telinga","tascam","Tanzania","cup","validation","PENDING_NETWORK_RETRIEVAL"
"220585","220585.wav","ma uniformis","IFA_23_37_917.wav","10-02-20 00:00","10.24","HBN","Female","f","Single","telinga","tascam","Tanzania","cup","validation","PENDING_NETWORK_RETRIEVAL"
"220564","220564.wav","culex pipiens complex","IFA_23_38_918.wav","10-02-20 00:00","2.56","HBN","Female","f","Single","telinga","tascam","Tanzania","cup","training","PENDING_NETWORK_RETRIEVAL"
"220575","220575.wav","ma uniformis","IFA_23_39_919.wav","10-02-20 00:00","2.56","HBN","Female","f","Single","telinga","tascam","Tanzania","cup","training","PENDING_NETWORK_RETRIEVAL"
"220576","220576.wav","ma uniformis","IFA_23_39_919.wav","10-02-20 00:00","10.24","HBN","Female","f","Single","telinga","tascam","Tanzania","cup","training","PENDING_NETWORK_RETRIEVAL"
"220574","220574.wav","ma uniformis","IFA_23_39_919.wav","10-02-20 00:00","10.24","HBN","Female","f","Single","telinga","tascam","Tanzania","cup","training","PENDING_NETWORK_RETRIEVAL"
"220610","220610.wav","culex pipiens complex","IFA_24_11_931.wav","10-02-20 00:00","2.56","HBN","Female","f","Single","telinga","tascam","Tanzania","cup","testing","PENDING_NETWORK_RETRIEVAL"
"220587","220587.wav","culex pipiens complex","IFA_24_12_932.wav","10-02-20 00:00","7.68","HBN","Female","f","Single","telinga","tascam","Tanzania","cup","validation","PENDING_NETWORK_RETRIEVAL"
"220589","220589.wav","culex pipiens complex","IFA_24_12_932.wav","10-02-20 00:00","2.56","HBN","Female","f","Single","telinga","tascam","Tanzania","cup","validation","PENDING_NETWORK_RETRIEVAL"
"220588","220588.wav","culex pipiens complex","IFA_24_12_932.wav","10-02-20 00:00","2.56","HBN","Female","f","Single","telinga","tascam","Tanzania","cup","validation","PENDING_NETWORK_RETRIEVAL"
"220615","220615.wav","ma uniformis","IFA_24_14_934.wav","10-02-20 00:00","15.36","HBN","Female","f","Single","telinga","tascam","Tanzania","cup","training","PENDING_NETWORK_RETRIEVAL"
"220614","220614.wav","ma uniformis","IFA_24_14_934.wav","10-02-20 00:00","15.36","HBN","Female","f","Single","telinga","tascam","Tanzania","cup","training","PENDING_NETWORK_RETRIEVAL"
"220641","220641.wav","ma uniformis","IFA_24_18_938.wav","10-02-20 00:00","23.04","HBN","Female","f","Single","telinga","tascam","Tanzania","cup","validation","PENDING_NETWORK_RETRIEVAL"
"220633","220633.wav","ma uniformis","IFA_24_19_939.wav","10-02-20 00:00","22.98","HBN","Female","f","Single","telinga","tascam","Tanzania","cup","training","PENDING_NETWORK_RETRIEVAL"
"220643","220643.wav","an arabiensis","IFA_24_20_940.wav","10-02-20 00:00","20.42","HBN","Female","f","Single","telinga","tascam","Tanzania","cup","testing","PENDING_NETWORK_RETRIEVAL"
"220642","220642.wav","an arabiensis","IFA_24_20_940.wav","10-02-20 00:00","15.36","HBN","Female","f","Single","telinga","tascam","Tanzania","cup","testing","PENDING_NETWORK_RETRIEVAL"
"220657","220657.wav","an arabiensis","IFA_24_21_941.wav","10-02-20 00:00","40.9","HBN","Female","f","Single","telinga","tascam","Tanzania","cup","validation","PENDING_NETWORK_RETRIEVAL"
"220631","220631.wav","culex pipiens complex","IFA_24_22_942.wav","10-02-20 00:00","23.04","HBN","Female","f","Single","telinga","tascam","Tanzania","cup","training","PENDING_NETWORK_RETRIEVAL"
"220687","220687.wav","ma uniformis","IFA_24_24_944.wav","10-02-20 00:00","23.04","HBN","Female","f","Single","telinga","tascam","Tanzania","cup","testing","PENDING_NETWORK_RETRIEVAL"
"220654","220654.wav","an arabiensis","IFA_24_25_945.wav","10-02-20 00:00","7.68","HBN","Female","f","Single","telinga","tascam","Tanzania","cup","training","PENDING_NETWORK_RETRIEVAL"
"220655","220655.wav","an arabiensis","IFA_24_25_945.wav","10-02-20 00:00","23.04","HBN","Female","f","Single","telinga","tascam","Tanzania","cup","training","PENDING_NETWORK_RETRIEVAL"
"220656","220656.wav","an arabiensis","IFA_24_25_945.wav","10-02-20 00:00","7.68","HBN","Female","f","Single","telinga","tascam","Tanzania","cup","training","PENDING_NETWORK_RETRIEVAL"
"220634","220634.wav","culex pipiens complex","IFA_24_26_946.wav","10-02-20 00:00","15.36","HBN","Female","f","Single","telinga","tascam","Tanzania","cup","training","PENDING_NETWORK_RETRIEVAL"
"220636","220636.wav","culex pipiens complex","IFA_24_26_946.wav","10-02-20 00:00","5.12","HBN","Female","f","Single","telinga","tascam","Tanzania","cup","training","PENDING_NETWORK_RETRIEVAL"
"220635","220635.wav","culex pipiens complex","IFA_24_26_946.wav","10-02-20 00:00","15.36","HBN","Female","f","Single","telinga","tascam","Tanzania","cup","training","PENDING_NETWORK_RETRIEVAL"
"220647","220647.wav","ma uniformis","IFA_24_27_947.wav","10-02-20 00:00","5.12","HBN","Female","f","Single","telinga","tascam","Tanzania","cup","training","PENDING_NETWORK_RETRIEVAL"
"220663","220663.wav","ma uniformis","IFA_24_29_949.wav","10-02-20 00:00","15.36","HBN","Female","f","Single","telinga","tascam","Tanzania","cup","testing","PENDING_NETWORK_RETRIEVAL"
"220662","220662.wav","ma uniformis","IFA_24_29_949.wav","10-02-20 00:00","2.56","HBN","Female","f","Single","telinga","tascam","Tanzania","cup","testing","PENDING_NETWORK_RETRIEVAL"
"220617","220617.wav","ma uniformis","IFA_24_30_950.wav","10-02-20 00:00","5.12","HBN","Female","f","Single","telinga","tascam","Tanzania","cup","training","PENDING_NETWORK_RETRIEVAL"
"220618","220618.wav","ma uniformis","IFA_24_30_950.wav","10-02-20 00:00","12.8","HBN","Female","f","Single","telinga","tascam","Tanzania","cup","training","PENDING_NETWORK_RETRIEVAL"
"220616","220616.wav","ma uniformis","IFA_24_30_950.wav","10-02-20 00:00","15.36","HBN","Female","f","Single","telinga","tascam","Tanzania","cup","training","PENDING_NETWORK_RETRIEVAL"
"220694","220694.wav","ma uniformis","IFA_24_31_951.wav","10-02-20 00:00","5.12","HBN","Female","f","Single","telinga","tascam","Tanzania","cup","validation","PENDING_NETWORK_RETRIEVAL"
"220695","220695.wav","ma uniformis","IFA_24_31_951.wav","10-02-20 00:00","2.5","HBN","Female","f","Single","telinga","tascam","Tanzania","cup","validation","PENDING_NETWORK_RETRIEVAL"
"220682","220682.wav","ma uniformis","IFA_24_32_952.wav","10-02-20 00:00","7.68","HBN","Female","f","Single","telinga","tascam","Tanzania","cup","training","PENDING_NETWORK_RETRIEVAL"
"220683","220683.wav","ma uniformis","IFA_24_32_952.wav","10-02-20 00:00","7.62","HBN","Female","f","Single","telinga","tascam","Tanzania","cup","training","PENDING_NETWORK_RETRIEVAL"
"220680","220680.wav","ma uniformis","IFA_24_32_952.wav","10-02-20 00:00","7.68","HBN","Female","f","Single","telinga","tascam","Tanzania","cup","training","PENDING_NETWORK_RETRIEVAL"
"220681","220681.wav","ma uniformis","IFA_24_32_952.wav","10-02-20 00:00","10.24","HBN","Female","f","Single","telinga","tascam","Tanzania","cup","training","PENDING_NETWORK_RETRIEVAL"
"220685","220685.wav","culex pipiens complex","IFA_24_33_953.wav","10-02-20 00:00","20.42","HBN","Female","f","Single","telinga","tascam","Tanzania","cup","training","PENDING_NETWORK_RETRIEVAL"
"220684","220684.wav","culex pipiens complex","IFA_24_33_953.wav","10-02-20 00:00","12.8","HBN","Female","f","Single","telinga","tascam","Tanzania","cup","training","PENDING_NETWORK_RETRIEVAL"
"220639","220639.wav","culex pipiens complex","IFA_24_36_956.wav","10-02-20 00:00","10.24","HBN","Female","f","Single","telinga","tascam","Tanzania","cup","training","PENDING_NETWORK_RETRIEVAL"
"220640","220640.wav","culex pipiens complex","IFA_24_36_956.wav","10-02-20 00:00","2.56","HBN","Female","f","Single","telinga","tascam","Tanzania","cup","training","PENDING_NETWORK_RETRIEVAL"
"220638","220638.wav","culex pipiens complex","IFA_24_36_956.wav","10-02-20 00:00","2.56","HBN","Female","f","Single","telinga","tascam","Tanzania","cup","training","PENDING_NETWORK_RETRIEVAL"
"220668","220668.wav","culex pipiens complex","IFA_24_37_957.wav","10-02-20 00:00","7.68","HBN","Female","f","Single","telinga","tascam","Tanzania","cup","training","PENDING_NETWORK_RETRIEVAL"
"220667","220667.wav","culex pipiens complex","IFA_24_37_957.wav","10-02-20 00:00","2.56","HBN","Female","f","Single","telinga","tascam","Tanzania","cup","training","PENDING_NETWORK_RETRIEVAL"
"220665","220665.wav","culex pipiens complex","IFA_24_37_957.wav","10-02-20 00:00","10.24","HBN","Female","f","Single","telinga","tascam","Tanzania","cup","training","PENDING_NETWORK_RETRIEVAL"
"220666","220666.wav","culex pipiens complex","IFA_24_37_957.wav","10-02-20 00:00","2.56","HBN","Female","f","Single","telinga","tascam","Tanzania","cup","training","PENDING_NETWORK_RETRIEVAL"
"220664","220664.wav","culex pipiens complex","IFA_24_37_957.wav","10-02-20 00:00","2.56","HBN","Female","f","Single","telinga","tascam","Tanzania","cup","training","PENDING_NETWORK_RETRIEVAL"
"220686","220686.wav","culex pipiens complex","IFA_24_38_958.wav","10-02-20 00:00","17.92","HBN","Female","f","Single","telinga","tascam","Tanzania","cup","training","PENDING_NETWORK_RETRIEVAL"
"220628","220628.wav","culex pipiens complex","IFA_24_39_959.wav","10-02-20 00:00","20.48","HBN","Female","f","Single","telinga","tascam","Tanzania","cup","training","PENDING_NETWORK_RETRIEVAL"
"220627","220627.wav","culex pipiens complex","IFA_24_39_959.wav","10-02-20 00:00","2.56","HBN","Female","f","Single","telinga","tascam","Tanzania","cup","training","PENDING_NETWORK_RETRIEVAL"
"220621","220621.wav","ma uniformis","IFA_24_40_960.wav","10-02-20 00:00","28.16","HBN","Female","f","Single","telinga","tascam","Tanzania","cup","training","PENDING_NETWORK_RETRIEVAL"
"220622","220622.wav","ma uniformis","IFA_24_40_960.wav","10-02-20 00:00","2.56","HBN","Female","f","Single","telinga","tascam","Tanzania","cup","training","PENDING_NETWORK_RETRIEVAL"
"220632","220632.wav","ma uniformis","IFA_25_14_974.wav","10-02-20 00:00","2.56","HBN","Female","f","Single","telinga","tascam","Tanzania","cup","validation","PENDING_NETWORK_RETRIEVAL"
"220646","220646.wav","culex pipiens complex","IFA_25_15_975.wav","10-02-20 00:00","23.04","HBN","Female","f","Single","telinga","tascam","Tanzania","cup","training","PENDING_NETWORK_RETRIEVAL"
"220645","220645.wav","culex pipiens complex","IFA_25_15_975.wav","10-02-20 00:00","17.92","HBN","Female","f","Single","telinga","tascam","Tanzania","cup","training","PENDING_NETWORK_RETRIEVAL"
"220648","220648.wav","culex pipiens complex","IFA_25_16_976.wav","10-02-20 00:00","5.12","HBN","Female","f","Single","telinga","tascam","Tanzania","cup","training","PENDING_NETWORK_RETRIEVAL"
"220649","220649.wav","culex pipiens complex","IFA_25_16_976.wav","10-02-20 00:00","7.68","HBN","Female","f","Single","telinga","tascam","Tanzania","cup","training","PENDING_NETWORK_RETRIEVAL"
"220629","220629.wav","culex pipiens complex","IFA_25_17_977.wav","10-02-20 00:00","7.68","HBN","Female","f","Single","telinga","tascam","Tanzania","cup","training","PENDING_NETWORK_RETRIEVAL"
"220630","220630.wav","culex pipiens complex","IFA_25_17_977.wav","10-02-20 00:00","7.62","HBN","Female","f","Single","telinga","tascam","Tanzania","cup","training","PENDING_NETWORK_RETRIEVAL"
"220693","220693.wav","culex pipiens complex","IFA_25_18_978.wav","10-02-20 00:00","7.68","HBN","Female","f","Single","telinga","tascam","Tanzania","cup","validation","PENDING_NETWORK_RETRIEVAL"
"220692","220692.wav","culex pipiens complex","IFA_25_18_978.wav","10-02-20 00:00","5.12","HBN","Female","f","Single","telinga","tascam","Tanzania","cup","validation","PENDING_NETWORK_RETRIEVAL"
"220626","220626.wav","culex pipiens complex","IFA_25_20_980.wav","10-02-20 00:00","10.24","HBN","Female","f","Single","telinga","tascam","Tanzania","cup","training","PENDING_NETWORK_RETRIEVAL"
"220670","220670.wav","culex pipiens complex","IFA_25_22_982.wav","10-02-20 00:00","7.68","HBN","Female","f","Single","telinga","tascam","Tanzania","cup","training","PENDING_NETWORK_RETRIEVAL"
"220671","220671.wav","culex pipiens complex","IFA_25_22_982.wav","10-02-20 00:00","25.6","HBN","Female","f","Single","telinga","tascam","Tanzania","cup","training","PENDING_NETWORK_RETRIEVAL"
"220672","220672.wav","ma uniformis","IFA_25_23_983.wav","10-02-20 00:00","22.98","HBN","Female","f","Single","telinga","tascam","Tanzania","cup","testing","PENDING_NETWORK_RETRIEVAL"
"220644","220644.wav","ma uniformis","IFA_25_24_984.wav","10-02-20 00:00","23.04","HBN","Female","f","Single","telinga","tascam","Tanzania","cup","testing","PENDING_NETWORK_RETRIEVAL"
"220659","220659.wav","ma uniformis","IFA_25_25_985.wav","10-02-20 00:00","5.12","HBN","Female","f","Single","telinga","tascam","Tanzania","cup","training","PENDING_NETWORK_RETRIEVAL"
"220660","220660.wav","ma uniformis","IFA_25_25_985.wav","10-02-20 00:00","15.3","HBN","Female","f","Single","telinga","tascam","Tanzania","cup","training","PENDING_NETWORK_RETRIEVAL"
"220658","220658.wav","ma uniformis","IFA_25_25_985.wav","10-02-20 00:00","10.24","HBN","Female","f","Single","telinga","tascam","Tanzania","cup","training","PENDING_NETWORK_RETRIEVAL"
"220650","220650.wav","culex pipiens complex","IFA_25_28_988.wav","10-02-20 00:00","12.8","HBN","Female","f","Single","telinga","tascam","Tanzania","cup","training","PENDING_NETWORK_RETRIEVAL"
"220652","220652.wav","culex pipiens complex","IFA_25_28_988.wav","10-02-20 00:00","10.24","HBN","Female","f","Single","telinga","tascam","Tanzania","cup","training","PENDING_NETWORK_RETRIEVAL"
"220651","220651.wav","culex pipiens complex","IFA_25_28_988.wav","10-02-20 00:00","10.24","HBN","Female","f","Single","telinga","tascam","Tanzania","cup","training","PENDING_NETWORK_RETRIEVAL"
"220653","220653.wav","culex pipiens complex","IFA_25_28_988.wav","10-02-20 00:00","2.5","HBN","Female","f","Single","telinga","tascam","Tanzania","cup","training","PENDING_NETWORK_RETRIEVAL"
"220661","220661.wav","ma uniformis","IFA_25_29_989.wav","10-02-20 00:00","22.98","HBN","Female","f","Single","telinga","tascam","Tanzania","cup","training","PENDING_NETWORK_RETRIEVAL"
"220852","220852.wav","an arabiensis","IFA_25_30_990.wav","10-02-20 00:00","35.78","HBN","Female","f","Single","telinga","tascam","Tanzania","cup","training","PENDING_NETWORK_RETRIEVAL"
"220872","220872.wav","ma uniformis","IFA_25_31_991.wav","10-02-20 00:00","12.74","HBN","Female","f","Single","telinga","tascam","Tanzania","cup","testing","PENDING_NETWORK_RETRIEVAL"
"220871","220871.wav","ma uniformis","IFA_25_31_991.wav","10-02-20 00:00","2.56","HBN","Female","f","Single","telinga","tascam","Tanzania","cup","testing","PENDING_NETWORK_RETRIEVAL"
"220870","220870.wav","ma uniformis","IFA_25_31_991.wav","10-02-20 00:00","2.56","HBN","Female","f","Single","telinga","tascam","Tanzania","cup","testing","PENDING_NETWORK_RETRIEVAL"
"220869","220869.wav","ma uniformis","IFA_25_31_991.wav","10-02-20 00:00","5.12","HBN","Female","f","Single","telinga","tascam","Tanzania","cup","testing","PENDING_NETWORK_RETRIEVAL"
"220835","220835.wav","an arabiensis","IFA_25_33_993.wav","10-02-20 00:00","23.04","HBN","Female","f","Single","telinga","tascam","Tanzania","cup","training","PENDING_NETWORK_RETRIEVAL"
"220834","220834.wav","an arabiensis","IFA_25_33_993.wav","10-02-20 00:00","2.56","HBN","Female","f","Single","telinga","tascam","Tanzania","cup","training","PENDING_NETWORK_RETRIEVAL"
"220836","220836.wav","an arabiensis","IFA_25_33_993.wav","10-02-20 00:00","2.5","HBN","Female","f","Single","telinga","tascam","Tanzania","cup","training","PENDING_NETWORK_RETRIEVAL"
"220853","220853.wav","an arabiensis","IFA_25_35_995.wav","10-02-20 00:00","23.04","HBN","Female","f","Single","telinga","tascam","Tanzania","cup","training","PENDING_NETWORK_RETRIEVAL"
"220855","220855.wav","an arabiensis","IFA_25_35_995.wav","10-02-20 00:00","5.06","HBN","Female","f","Single","telinga","tascam","Tanzania","cup","training","PENDING_NETWORK_RETRIEVAL"
"220854","220854.wav","an arabiensis","IFA_25_35_995.wav","10-02-20 00:00","10.24","HBN","Female","f","Single","telinga","tascam","Tanzania","cup","training","PENDING_NETWORK_RETRIEVAL"
"220879","220879.wav","ma uniformis","IFA_25_38_998.wav","10-02-20 00:00","25.54","HBN","Female","f","Single","telinga","tascam","Tanzania","cup","training","PENDING_NETWORK_RETRIEVAL"
"220848","220848.wav","ma uniformis","IFA_25_40_1000.wav","10-02-20 00:00","35.78","HBN","Female","f","Single","telinga","tascam","Tanzania","cup","training","PENDING_NETWORK_RETRIEVAL"
"220862","220862.wav","ma uniformis","IFA_26_13_1013.wav","10-02-20 00:00","5.12","HBN","Female","f","Single","telinga","tascam","Tanzania","cup","validation","PENDING_NETWORK_RETRIEVAL"
"220863","220863.wav","ma uniformis","IFA_26_13_1013.wav","10-02-20 00:00","17.86","HBN","Female","f","Single","telinga","tascam","Tanzania","cup","validation","PENDING_NETWORK_RETRIEVAL"
"220831","220831.wav","ma uniformis","IFA_26_15_1015.wav","10-02-20 00:00","5.12","HBN","Female","f","Single","telinga","tascam","Tanzania","cup","training","PENDING_NETWORK_RETRIEVAL"
"220867","220867.wav","culex pipiens complex","IFA_26_16_1016.wav","10-02-20 00:00","2.56","HBN","Female","f","Single","telinga","tascam","Tanzania","cup","testing","PENDING_NETWORK_RETRIEVAL"
"220843","220843.wav","ma uniformis","IFA_26_18_1018.wav","10-02-20 00:00","20.48","HBN","Female","f","Single","telinga","tascam","Tanzania","cup","training","PENDING_NETWORK_RETRIEVAL"
"220873","220873.wav","ma uniformis","IFA_26_22_1022.wav","10-02-20 00:00","17.92","HBN","Female","f","Single","telinga","tascam","Tanzania","cup","training","PENDING_NETWORK_RETRIEVAL"
"220876","220876.wav","ma uniformis","IFA_26_24_1024.wav","10-02-20 00:00","2.56","HBN","Female","f","Single","telinga","tascam","Tanzania","cup","training","PENDING_NETWORK_RETRIEVAL"
"220847","220847.wav","ma uniformis","IFA_26_25_1025.wav","10-02-20 00:00","15.36","HBN","Female","f","Single","telinga","tascam","Tanzania","cup","training","PENDING_NETWORK_RETRIEVAL"
"220856","220856.wav","ma uniformis","IFA_26_26_1026.wav","10-02-20 00:00","7.68","HBN","Female","f","Single","telinga","tascam","Tanzania","cup","training","PENDING_NETWORK_RETRIEVAL"
"220858","220858.wav","ma uniformis","IFA_26_26_1026.wav","10-02-20 00:00","5.12","HBN","Female","f","Single","telinga","tascam","Tanzania","cup","training","PENDING_NETWORK_RETRIEVAL"
"220857","220857.wav","ma uniformis","IFA_26_26_1026.wav","10-02-20 00:00","10.24","HBN","Female","f","Single","telinga","tascam","Tanzania","cup","training","PENDING_NETWORK_RETRIEVAL"
"220859","220859.wav","ma uniformis","IFA_26_26_1026.wav","10-02-20 00:00","7.68","HBN","Female","f","Single","telinga","tascam","Tanzania","cup","training","PENDING_NETWORK_RETRIEVAL"
"220868","220868.wav","ma uniformis","IFA_26_27_1027.wav","10-02-20 00:00","10.24","HBN","Female","f","Single","telinga","tascam","Tanzania","cup","testing","PENDING_NETWORK_RETRIEVAL"
"220851","220851.wav","an arabiensis","IFA_26_32_1032.wav","10-02-20 00:00","2.56","HBN","Female","f","Single","telinga","tascam","Tanzania","cup","training","PENDING_NETWORK_RETRIEVAL"
"220850","220850.wav","an arabiensis","IFA_26_32_1032.wav","10-02-20 00:00","7.68","HBN","Female","f","Single","telinga","tascam","Tanzania","cup","training","PENDING_NETWORK_RETRIEVAL"
"220849","220849.wav","an arabiensis","IFA_26_32_1032.wav","10-02-20 00:00","2.56","HBN","Female","f","Single","telinga","tascam","Tanzania","cup","training","PENDING_NETWORK_RETRIEVAL"
"220875","220875.wav","ma uniformis","IFA_26_36_1036.wav","10-02-20 00:00","7.68","HBN","Female","f","Single","telinga","tascam","Tanzania","cup","testing","PENDING_NETWORK_RETRIEVAL"
"220753","220753.wav","an arabiensis","IFA_27_10_1050.wav","12-02-20 00:00","2.56","HBN","Female","f","Single","telinga","tascam","Tanzania","cup","training","PENDING_NETWORK_RETRIEVAL"
"220754","220754.wav","an arabiensis","IFA_27_10_1050.wav","12-02-20 00:00","30.66","HBN","Female","f","Single","telinga","tascam","Tanzania","cup","training","PENDING_NETWORK_RETRIEVAL"
"220776","220776.wav","ma uniformis","IFA_27_11_1051.wav","12-02-20 00:00","25.54","HBN","Female","f","Single","telinga","tascam","Tanzania","cup","training","PENDING_NETWORK_RETRIEVAL"
"220775","220775.wav","ma uniformis","IFA_27_11_1051.wav","12-02-20 00:00","2.56","HBN","Female","f","Single","telinga","tascam","Tanzania","cup","training","PENDING_NETWORK_RETRIEVAL"
"220750","220750.wav","culex pipiens complex","IFA_27_12_1052.wav","12-02-20 00:00","30.66","HBN","Female","f","Single","telinga","tascam","Tanzania","cup","training","PENDING_NETWORK_RETRIEVAL"
"220774","220774.wav","culex pipiens complex","IFA_27_13_1053.wav","12-02-20 00:00","2.56","HBN","Female","f","Single","telinga","tascam","Tanzania","cup","training","PENDING_NETWORK_RETRIEVAL"
"220771","220771.wav","culex pipiens complex","IFA_27_13_1053.wav","12-02-20 00:00","5.12","HBN","Female","f","Single","telinga","tascam","Tanzania","cup","training","PENDING_NETWORK_RETRIEVAL"
"220773","220773.wav","culex pipiens complex","IFA_27_13_1053.wav","12-02-20 00:00","7.68","HBN","Female","f","Single","telinga","tascam","Tanzania","cup","training","PENDING_NETWORK_RETRIEVAL"
"220772","220772.wav","culex pipiens complex","IFA_27_13_1053.wav","12-02-20 00:00","5.12","HBN","Female","f","Single","telinga","tascam","Tanzania","cup","training","PENDING_NETWORK_RETRIEVAL"
"220752","220752.wav","culex pipiens complex","IFA_27_14_1054.wav","12-02-20 00:00","2.56","HBN","Female","f","Single","telinga","tascam","Tanzania","cup","validation","PENDING_NETWORK_RETRIEVAL"
"220751","220751.wav","culex pipiens complex","IFA_27_14_1054.wav","12-02-20 00:00","5.12","HBN","Female","f","Single","telinga","tascam","Tanzania","cup","validation","PENDING_NETWORK_RETRIEVAL"
"220759","220759.wav","culex pipiens complex","IFA_27_15_1055.wav","12-02-20 00:00","2.56","HBN","Female","f","Single","telinga","tascam","Tanzania","cup","training","PENDING_NETWORK_RETRIEVAL"
"220756","220756.wav","culex pipiens complex","IFA_27_15_1055.wav","12-02-20 00:00","7.68","HBN","Female","f","Single","telinga","tascam","Tanzania","cup","training","PENDING_NETWORK_RETRIEVAL"
"220758","220758.wav","culex pipiens complex","IFA_27_15_1055.wav","12-02-20 00:00","7.68","HBN","Female","f","Single","telinga","tascam","Tanzania","cup","training","PENDING_NETWORK_RETRIEVAL"
"220757","220757.wav","culex pipiens complex","IFA_27_15_1055.wav","12-02-20 00:00","10.24","HBN","Female","f","Single","telinga","tascam","Tanzania","cup","training","PENDING_NETWORK_RETRIEVAL"
"220761","220761.wav","culex pipiens complex","IFA_27_17_1057.wav","12-02-20 00:00","7.62","HBN","Female","f","Single","telinga","tascam","Tanzania","cup","training","PENDING_NETWORK_RETRIEVAL"
"220767","220767.wav","culex pipiens complex","IFA_27_18_1058.wav","12-02-20 00:00","17.86","HBN","Female","f","Single","telinga","tascam","Tanzania","cup","validation","PENDING_NETWORK_RETRIEVAL"
"220766","220766.wav","culex pipiens complex","IFA_27_18_1058.wav","12-02-20 00:00","2.56","HBN","Female","f","Single","telinga","tascam","Tanzania","cup","validation","PENDING_NETWORK_RETRIEVAL"
"220765","220765.wav","an arabiensis","IFA_27_19_1059.wav","12-02-20 00:00","2.56","HBN","Female","f","Single","telinga","tascam","Tanzania","cup","validation","PENDING_NETWORK_RETRIEVAL"
"220764","220764.wav","an arabiensis","IFA_27_19_1059.wav","12-02-20 00:00","2.56","HBN","Female","f","Single","telinga","tascam","Tanzania","cup","validation","PENDING_NETWORK_RETRIEVAL"
"220763","220763.wav","an arabiensis","IFA_27_19_1059.wav","12-02-20 00:00","2.56","HBN","Female","f","Single","telinga","tascam","Tanzania","cup","validation","PENDING_NETWORK_RETRIEVAL"
"220755","220755.wav","culex pipiens complex","IFA_27_20_1060.wav","12-02-20 00:00","5.12","HBN","Female","f","Single","telinga","tascam","Tanzania","cup","training","PENDING_NETWORK_RETRIEVAL"
"220770","220770.wav","culex pipiens complex","IFA_27_24_1064.wav","12-02-20 00:00","7.62","HBN","Female","f","Single","telinga","tascam","Tanzania","cup","testing","PENDING_NETWORK_RETRIEVAL"
"220769","220769.wav","culex pipiens complex","IFA_27_24_1064.wav","12-02-20 00:00","2.56","HBN","Female","f","Single","telinga","tascam","Tanzania","cup","testing","PENDING_NETWORK_RETRIEVAL"
"220768","220768.wav","culex pipiens complex","IFA_27_25_1065.wav","12-02-20 00:00","15.36","HBN","Female","f","Single","telinga","tascam","Tanzania","cup","validation","PENDING_NETWORK_RETRIEVAL"
"220777","220777.wav","culex pipiens complex","IFA_27_28_1068.wav","12-02-20 00:00","25.6","HBN","Female","f","Single","telinga","tascam","Tanzania","cup","training","PENDING_NETWORK_RETRIEVAL"
"220778","220778.wav","culex pipiens complex","IFA_27_28_1068.wav","12-02-20 00:00","7.62","HBN","Female","f","Single","telinga","tascam","Tanzania","cup","training","PENDING_NETWORK_RETRIEVAL"
"220762","220762.wav","culex pipiens complex","IFA_27_30_1070.wav","12-02-20 00:00","40.9","HBN","Female","f","Single","telinga","tascam","Tanzania","cup","training","PENDING_NETWORK_RETRIEVAL"
"220803","220803.wav","ma uniformis","IFA_27_31_1071.wav","12-02-20 00:00","33.22","HBN","Female","f","Single","telinga","tascam","Tanzania","cup","training","PENDING_NETWORK_RETRIEVAL"
"220783","220783.wav","culex pipiens complex","IFA_27_32_1072.wav","12-02-20 00:00","20.48","HBN","Female","f","Single","telinga","tascam","Tanzania","cup","validation","PENDING_NETWORK_RETRIEVAL"
"220782","220782.wav","culex pipiens complex","IFA_27_33_1073.wav","12-02-20 00:00","17.92","HBN","Female","f","Single","telinga","tascam","Tanzania","cup","training","PENDING_NETWORK_RETRIEVAL"
"220789","220789.wav","culex pipiens complex","IFA_27_35_1075.wav","12-02-20 00:00","2.5","HBN","Female","f","Single","telinga","tascam","Tanzania","cup","testing","PENDING_NETWORK_RETRIEVAL"
"220788","220788.wav","culex pipiens complex","IFA_27_35_1075.wav","12-02-20 00:00","12.8","HBN","Female","f","Single","telinga","tascam","Tanzania","cup","testing","PENDING_NETWORK_RETRIEVAL"
"220819","220819.wav","ma uniformis","IFA_27_36_1076.wav","12-02-20 00:00","25.54","HBN","Female","f","Single","telinga","tascam","Tanzania","cup","training","PENDING_NETWORK_RETRIEVAL"
"220785","220785.wav","an arabiensis","IFA_28_14_1094.wav","12-02-20 00:00","2.56","HBN","Female","f","Single","telinga","tascam","Tanzania","cup","training","PENDING_NETWORK_RETRIEVAL"
"220786","220786.wav","an arabiensis","IFA_28_14_1094.wav","12-02-20 00:00","5.12","HBN","Female","f","Single","telinga","tascam","Tanzania","cup","training","PENDING_NETWORK_RETRIEVAL"
"220822","220822.wav","an arabiensis","IFA_28_15_1095.wav","12-02-20 00:00","2.5","HBN","Female","f","Single","telinga","tascam","Tanzania","cup","validation","PENDING_NETWORK_RETRIEVAL"
"220821","220821.wav","an arabiensis","IFA_28_15_1095.wav","12-02-20 00:00","2.56","HBN","Female","f","Single","telinga","tascam","Tanzania","cup","validation","PENDING_NETWORK_RETRIEVAL"
"220820","220820.wav","an arabiensis","IFA_28_15_1095.wav","12-02-20 00:00","38.4","HBN","Female","f","Single","telinga","tascam","Tanzania","cup","validation","PENDING_NETWORK_RETRIEVAL"
"220780","220780.wav","culex pipiens complex","IFA_28_16_1096.wav","12-02-20 00:00","5.12","HBN","Female","f","Single","telinga","tascam","Tanzania","cup","validation","PENDING_NETWORK_RETRIEVAL"
"220779","220779.wav","culex pipiens complex","IFA_28_16_1096.wav","12-02-20 00:00","10.24","HBN","Female","f","Single","telinga","tascam","Tanzania","cup","validation","PENDING_NETWORK_RETRIEVAL"
"220795","220795.wav","an arabiensis","IFA_28_17_1097.wav","12-02-20 00:00","5.12","HBN","Female","f","Single","telinga","tascam","Tanzania","cup","validation","PENDING_NETWORK_RETRIEVAL"
"220823","220823.wav","ma uniformis","IFA_28_19_1099.wav","12-02-20 00:00","5.12","HBN","Female","f","Single","telinga","tascam","Tanzania","cup","training","PENDING_NETWORK_RETRIEVAL"
"220824","220824.wav","ma uniformis","IFA_28_19_1099.wav","12-02-20 00:00","2.56","HBN","Female","f","Single","telinga","tascam","Tanzania","cup","training","PENDING_NETWORK_RETRIEVAL"
"220816","220816.wav","ma uniformis","IFA_28_20_1100.wav","12-02-20 00:00","28.1","HBN","Female","f","Single","telinga","tascam","Tanzania","cup","validation","PENDING_NETWORK_RETRIEVAL"
"220794","220794.wav","an arabiensis","IFA_28_22_1102.wav","12-02-20 00:00","7.68","HBN","Female","f","Single","telinga","tascam","Tanzania","cup","training","PENDING_NETWORK_RETRIEVAL"
"220814","220814.wav","ma uniformis","IFA_28_23_1103.wav","12-02-20 00:00","2.56","HBN","Female","f","Single","telinga","tascam","Tanzania","cup","testing","PENDING_NETWORK_RETRIEVAL"
"220815","220815.wav","ma uniformis","IFA_28_23_1103.wav","12-02-20 00:00","2.56","HBN","Female","f","Single","telinga","tascam","Tanzania","cup","testing","PENDING_NETWORK_RETRIEVAL"
"220817","220817.wav","an arabiensis","IFA_28_24_1104.wav","12-02-20 00:00","20.48","HBN","Female","f","Single","telinga","tascam","Tanzania","cup","testing","PENDING_NETWORK_RETRIEVAL"
"220793","220793.wav","an arabiensis","IFA_28_27_1107.wav","12-02-20 00:00","5.06","HBN","Female","f","Single","telinga","tascam","Tanzania","cup","training","PENDING_NETWORK_RETRIEVAL"
"220792","220792.wav","an arabiensis","IFA_28_27_1107.wav","12-02-20 00:00","5.12","HBN","Female","f","Single","telinga","tascam","Tanzania","cup","training","PENDING_NETWORK_RETRIEVAL"
"220790","220790.wav","an arabiensis","IFA_28_27_1107.wav","12-02-20 00:00","5.12","HBN","Female","f","Single","telinga","tascam","Tanzania","cup","training","PENDING_NETWORK_RETRIEVAL"
"220791","220791.wav","an arabiensis","IFA_28_27_1107.wav","12-02-20 00:00","2.56","HBN","Female","f","Single","telinga","tascam","Tanzania","cup","training","PENDING_NETWORK_RETRIEVAL"
"220781","220781.wav","ma uniformis","IFA_28_29_1109.wav","12-02-20 00:00","12.74","HBN","Female","f","Single","telinga","tascam","Tanzania","cup","training","PENDING_NETWORK_RETRIEVAL"
"220796","220796.wav","ma uniformis","IFA_28_32_1112.wav","12-02-20 00:00","2.5","HBN","Female","f","Single","telinga","tascam","Tanzania","cup","training","PENDING_NETWORK_RETRIEVAL"
"220804","220804.wav","ma uniformis","IFA_28_34_1114.wav","12-02-20 00:00","2.56","HBN","Female","f","Single","telinga","tascam","Tanzania","cup","testing","PENDING_NETWORK_RETRIEVAL"
"220825","220825.wav","ma uniformis","IFA_28_35_1115.wav","12-02-20 00:00","7.62","HBN","Female","f","Single","telinga","tascam","Tanzania","cup","training","PENDING_NETWORK_RETRIEVAL"
"220784","220784.wav","culex pipiens complex","IFA_28_39_1119.wav","12-02-20 00:00","15.36","HBN","Female","f","Single","telinga","tascam","Tanzania","cup","testing","PENDING_NETWORK_RETRIEVAL"
"220716","220716.wav","culex pipiens complex","IFA_29_11_1131.wav","14-02-20 00:00","2.56","HBN","Female","f","Single","telinga","tascam","Tanzania","cup","validation","PENDING_NETWORK_RETRIEVAL"
"220717","220717.wav","culex pipiens complex","IFA_29_11_1131.wav","14-02-20 00:00","5.12","HBN","Female","f","Single","telinga","tascam","Tanzania","cup","validation","PENDING_NETWORK_RETRIEVAL"
"220738","220738.wav","culex pipiens complex","IFA_29_13_1133.wav","14-02-20 00:00","2.5","HBN","Female","f","Single","telinga","tascam","Tanzania","cup","testing","PENDING_NETWORK_RETRIEVAL"
"220737","220737.wav","culex pipiens complex","IFA_29_13_1133.wav","14-02-20 00:00","20.48","HBN","Female","f","Single","telinga","tascam","Tanzania","cup","testing","PENDING_NETWORK_RETRIEVAL"
"220732","220732.wav","culex pipiens complex","IFA_29_14_1134.wav","14-02-20 00:00","22.98","HBN","Female","f","Single","telinga","tascam","Tanzania","cup","testing","PENDING_NETWORK_RETRIEVAL"
"220745","220745.wav","culex pipiens complex","IFA_29_15_1135.wav","14-02-20 00:00","43.46","HBN","Female","f","Single","telinga","tascam","Tanzania","cup","training","PENDING_NETWORK_RETRIEVAL"
"220720","220720.wav","ma uniformis","IFA_29_16_1136.wav","14-02-20 00:00","20.42","HBN","Female","f","Single","telinga","tascam","Tanzania","cup","validation","PENDING_NETWORK_RETRIEVAL"
"220730","220730.wav","an arabiensis","IFA_29_17_1137.wav","14-02-20 00:00","2.56","HBN","Female","f","Single","telinga","tascam","Tanzania","cup","training","PENDING_NETWORK_RETRIEVAL"
"220729","220729.wav","an arabiensis","IFA_29_17_1137.wav","14-02-20 00:00","2.56","HBN","Female","f","Single","telinga","tascam","Tanzania","cup","training","PENDING_NETWORK_RETRIEVAL"
"220728","220728.wav","an arabiensis","IFA_29_17_1137.wav","14-02-20 00:00","5.12","HBN","Female","f","Single","telinga","tascam","Tanzania","cup","training","PENDING_NETWORK_RETRIEVAL"
"220747","220747.wav","culex pipiens complex","IFA_29_19_1139.wav","14-02-20 00:00","5.12","HBN","Female","f","Single","telinga","tascam","Tanzania","cup","testing","PENDING_NETWORK_RETRIEVAL"
"220748","220748.wav","culex pipiens complex","IFA_29_19_1139.wav","14-02-20 00:00","7.62","HBN","Female","f","Single","telinga","tascam","Tanzania","cup","testing","PENDING_NETWORK_RETRIEVAL"
"220746","220746.wav","culex pipiens complex","IFA_29_19_1139.wav","14-02-20 00:00","7.68","HBN","Female","f","Single","telinga","tascam","Tanzania","cup","testing","PENDING_NETWORK_RETRIEVAL"
"220725","220725.wav","culex pipiens complex","IFA_29_20_1140.wav","14-02-20 00:00","2.56","HBN","Female","f","Single","telinga","tascam","Tanzania","cup","training","PENDING_NETWORK_RETRIEVAL"
"220726","220726.wav","culex pipiens complex","IFA_29_20_1140.wav","14-02-20 00:00","25.54","HBN","Female","f","Single","telinga","tascam","Tanzania","cup","training","PENDING_NETWORK_RETRIEVAL"
"220713","220713.wav","culex pipiens complex","IFA_29_21_1141.wav","14-02-20 00:00","7.68","HBN","Female","f","Single","telinga","tascam","Tanzania","cup","testing","PENDING_NETWORK_RETRIEVAL"
"220714","220714.wav","culex pipiens complex","IFA_29_21_1141.wav","14-02-20 00:00","2.56","HBN","Female","f","Single","telinga","tascam","Tanzania","cup","testing","PENDING_NETWORK_RETRIEVAL"
"220723","220723.wav","culex pipiens complex","IFA_29_22_1142.wav","14-02-20 00:00","20.48","HBN","Female","f","Single","telinga","tascam","Tanzania","cup","training","PENDING_NETWORK_RETRIEVAL"
"220742","220742.wav","culex pipiens complex","IFA_29_23_1143.wav","14-02-20 00:00","2.5","HBN","Female","f","Single","telinga","tascam","Tanzania","cup","training","PENDING_NETWORK_RETRIEVAL"
"220741","220741.wav","culex pipiens complex","IFA_29_23_1143.wav","14-02-20 00:00","5.12","HBN","Female","f","Single","telinga","tascam","Tanzania","cup","training","PENDING_NETWORK_RETRIEVAL"
"220739","220739.wav","culex pipiens complex","IFA_29_23_1143.wav","14-02-20 00:00","2.56","HBN","Female","f","Single","telinga","tascam","Tanzania","cup","training","PENDING_NETWORK_RETRIEVAL"
"220740","220740.wav","culex pipiens complex","IFA_29_23_1143.wav","14-02-20 00:00","10.24","HBN","Female","f","Single","telinga","tascam","Tanzania","cup","training","PENDING_NETWORK_RETRIEVAL"
"220718","220718.wav","culex pipiens complex","IFA_29_24_1144.wav","14-02-20 00:00","10.24","HBN","Female","f","Single","telinga","tascam","Tanzania","cup","training","PENDING_NETWORK_RETRIEVAL"
"220719","220719.wav","culex pipiens complex","IFA_29_24_1144.wav","14-02-20 00:00","15.3","HBN","Female","f","Single","telinga","tascam","Tanzania","cup","training","PENDING_NETWORK_RETRIEVAL"
"220727","220727.wav","culex pipiens complex","IFA_29_25_1145.wav","14-02-20 00:00","30.66","HBN","Female","f","Single","telinga","tascam","Tanzania","cup","testing","PENDING_NETWORK_RETRIEVAL"
"220724","220724.wav","an arabiensis","IFA_29_27_1147.wav","14-02-20 00:00","2.56","HBN","Female","f","Single","telinga","tascam","Tanzania","cup","training","PENDING_NETWORK_RETRIEVAL"
"220708","220708.wav","culex pipiens complex","IFA_29_28_1148.wav","14-02-20 00:00","12.8","HBN","Female","f","Single","telinga","tascam","Tanzania","cup","training","PENDING_NETWORK_RETRIEVAL"
"220707","220707.wav","culex pipiens complex","IFA_29_28_1148.wav","14-02-20 00:00","7.68","HBN","Female","f","Single","telinga","tascam","Tanzania","cup","training","PENDING_NETWORK_RETRIEVAL"
"220706","220706.wav","culex pipiens complex","IFA_29_28_1148.wav","14-02-20 00:00","2.56","HBN","Female","f","Single","telinga","tascam","Tanzania","cup","training","PENDING_NETWORK_RETRIEVAL"
"220703","220703.wav","culex pipiens complex","IFA_29_29_1149.wav","14-02-20 00:00","2.56","HBN","Female","f","Single","telinga","tascam","Tanzania","cup","testing","PENDING_NETWORK_RETRIEVAL"
"220702","220702.wav","culex pipiens complex","IFA_29_29_1149.wav","14-02-20 00:00","7.68","HBN","Female","f","Single","telinga","tascam","Tanzania","cup","testing","PENDING_NETWORK_RETRIEVAL"
"220701","220701.wav","culex pipiens complex","IFA_29_29_1149.wav","14-02-20 00:00","7.68","HBN","Female","f","Single","telinga","tascam","Tanzania","cup","testing","PENDING_NETWORK_RETRIEVAL"
"220736","220736.wav","ma uniformis","IFA_29_30_1150.wav","14-02-20 00:00","2.56","HBN","Female","f","Single","telinga","tascam","Tanzania","cup","training","PENDING_NETWORK_RETRIEVAL"
"220735","220735.wav","ma uniformis","IFA_29_30_1150.wav","14-02-20 00:00","2.56","HBN","Female","f","Single","telinga","tascam","Tanzania","cup","training","PENDING_NETWORK_RETRIEVAL"
"220715","220715.wav","culex pipiens complex","IFA_29_31_1151.wav","14-02-20 00:00","12.8","HBN","Female","f","Single","telinga","tascam","Tanzania","cup","training","PENDING_NETWORK_RETRIEVAL"
"220705","220705.wav","culex pipiens complex","IFA_29_32_1152.wav","14-02-20 00:00","23.04","HBN","Female","f","Single","telinga","tascam","Tanzania","cup","training","PENDING_NETWORK_RETRIEVAL"
"220704","220704.wav","culex pipiens complex","IFA_29_32_1152.wav","14-02-20 00:00","10.24","HBN","Female","f","Single","telinga","tascam","Tanzania","cup","training","PENDING_NETWORK_RETRIEVAL"
"220722","220722.wav","culex pipiens complex","IFA_29_33_1153.wav","14-02-20 00:00","5.12","HBN","Female","f","Single","telinga","tascam","Tanzania","cup","training","PENDING_NETWORK_RETRIEVAL"
"220721","220721.wav","culex pipiens complex","IFA_29_33_1153.wav","14-02-20 00:00","7.68","HBN","Female","f","Single","telinga","tascam","Tanzania","cup","training","PENDING_NETWORK_RETRIEVAL"
"220731","220731.wav","culex pipiens complex","IFA_29_35_1155.wav","14-02-20 00:00","5.06","HBN","Female","f","Single","telinga","tascam","Tanzania","cup","testing","PENDING_NETWORK_RETRIEVAL"
"220699","220699.wav","culex pipiens complex","IFA_29_36_1156.wav","14-02-20 00:00","2.56","HBN","Female","f","Single","telinga","tascam","Tanzania","cup","validation","PENDING_NETWORK_RETRIEVAL"
"220700","220700.wav","culex pipiens complex","IFA_29_36_1156.wav","14-02-20 00:00","5.12","HBN","Female","f","Single","telinga","tascam","Tanzania","cup","validation","PENDING_NETWORK_RETRIEVAL"
"220733","220733.wav","culex pipiens complex","IFA_29_37_1157.wav","14-02-20 00:00","25.54","HBN","Female","f","Single","telinga","tascam","Tanzania","cup","validation","PENDING_NETWORK_RETRIEVAL"
"220734","220734.wav","culex pipiens complex","IFA_29_38_1158.wav","14-02-20 00:00","2.56","HBN","Female","f","Single","telinga","tascam","Tanzania","cup","training","PENDING_NETWORK_RETRIEVAL"
"220710","220710.wav","ma uniformis","IFA_29_39_1159.wav","14-02-20 00:00","17.92","HBN","Female","f","Single","telinga","tascam","Tanzania","cup","validation","PENDING_NETWORK_RETRIEVAL"
"220709","220709.wav","ma uniformis","IFA_29_39_1159.wav","14-02-20 00:00","5.12","HBN","Female","f","Single","telinga","tascam","Tanzania","cup","validation","PENDING_NETWORK_RETRIEVAL"
"220712","220712.wav","ma uniformis","IFA_29_39_1159.wav","14-02-20 00:00","2.5","HBN","Female","f","Single","telinga","tascam","Tanzania","cup","validation","PENDING_NETWORK_RETRIEVAL"
"220711","220711.wav","ma uniformis","IFA_29_39_1159.wav","14-02-20 00:00","2.56","HBN","Female","f","Single","telinga","tascam","Tanzania","cup","validation","PENDING_NETWORK_RETRIEVAL"
"220743","220743.wav","culex pipiens complex","IFA_29_40_1160.wav","14-02-20 00:00","10.24","HBN","Female","f","Single","telinga","tascam","Tanzania","cup","validation","PENDING_NETWORK_RETRIEVAL"
"220744","220744.wav","culex pipiens complex","IFA_29_40_1160.wav","14-02-20 00:00","5.12","HBN","Female","f","Single","telinga","tascam","Tanzania","cup","validation","PENDING_NETWORK_RETRIEVAL"
"220954","220954.wav","culex pipiens complex","IFA_30_14_1174.wav","17-02-20 00:00","20.42","HBN","Female","f","Single","telinga","tascam","Tanzania","cup","training","PENDING_NETWORK_RETRIEVAL"
"220953","220953.wav","culex pipiens complex","IFA_30_14_1174.wav","17-02-20 00:00","2.56","HBN","Female","f","Single","telinga","tascam","Tanzania","cup","training","PENDING_NETWORK_RETRIEVAL"
"220964","220964.wav","culex pipiens complex","IFA_30_15_1175.wav","17-02-20 00:00","12.8","HBN","Female","f","Single","telinga","tascam","Tanzania","cup","testing","PENDING_NETWORK_RETRIEVAL"
"220928","220928.wav","culex pipiens complex","IFA_30_16_1176.wav","17-02-20 00:00","15.3","HBN","Female","f","Single","telinga","tascam","Tanzania","cup","training","PENDING_NETWORK_RETRIEVAL"
"220927","220927.wav","culex pipiens complex","IFA_30_16_1176.wav","17-02-20 00:00","10.24","HBN","Female","f","Single","telinga","tascam","Tanzania","cup","training","PENDING_NETWORK_RETRIEVAL"
"220956","220956.wav","culex pipiens complex","IFA_30_17_1177.wav","17-02-20 00:00","10.24","HBN","Female","f","Single","telinga","tascam","Tanzania","cup","training","PENDING_NETWORK_RETRIEVAL"
"220955","220955.wav","culex pipiens complex","IFA_30_17_1177.wav","17-02-20 00:00","17.92","HBN","Female","f","Single","telinga","tascam","Tanzania","cup","training","PENDING_NETWORK_RETRIEVAL"
"220926","220926.wav","culex pipiens complex","IFA_30_18_1178.wav","17-02-20 00:00","30.66","HBN","Female","f","Single","telinga","tascam","Tanzania","cup","testing","PENDING_NETWORK_RETRIEVAL"
"220950","220950.wav","culex pipiens complex","IFA_30_19_1179.wav","17-02-20 00:00","23.04","HBN","Female","f","Single","telinga","tascam","Tanzania","cup","training","PENDING_NETWORK_RETRIEVAL"
"220963","220963.wav","culex pipiens complex","IFA_30_20_1180.wav","17-02-20 00:00","30.72","HBN","Female","f","Single","telinga","tascam","Tanzania","cup","training","PENDING_NETWORK_RETRIEVAL"
"220967","220967.wav","culex pipiens complex","IFA_30_23_1183.wav","17-02-20 00:00","22.98","HBN","Female","f","Single","telinga","tascam","Tanzania","cup","testing","PENDING_NETWORK_RETRIEVAL"
"220965","220965.wav","culex pipiens complex","IFA_30_23_1183.wav","17-02-20 00:00","2.56","HBN","Female","f","Single","telinga","tascam","Tanzania","cup","testing","PENDING_NETWORK_RETRIEVAL"
"220966","220966.wav","culex pipiens complex","IFA_30_23_1183.wav","17-02-20 00:00","2.56","HBN","Female","f","Single","telinga","tascam","Tanzania","cup","testing","PENDING_NETWORK_RETRIEVAL"
"220971","220971.wav","culex pipiens complex","IFA_30_24_1184.wav","17-02-20 00:00","28.16","HBN","Female","f","Single","telinga","tascam","Tanzania","cup","training","PENDING_NETWORK_RETRIEVAL"
"220940","220940.wav","culex pipiens complex","IFA_30_25_1185.wav","17-02-20 00:00","25.54","HBN","Female","f","Single","telinga","tascam","Tanzania","cup","testing","PENDING_NETWORK_RETRIEVAL"
"220930","220930.wav","an arabiensis","IFA_30_27_1187.wav","17-02-20 00:00","7.68","HBN","Female","f","Single","telinga","tascam","Tanzania","cup","training","PENDING_NETWORK_RETRIEVAL"
"220929","220929.wav","an arabiensis","IFA_30_27_1187.wav","17-02-20 00:00","7.68","HBN","Female","f","Single","telinga","tascam","Tanzania","cup","training","PENDING_NETWORK_RETRIEVAL"
"220961","220961.wav","culex pipiens complex","IFA_30_28_1188.wav","17-02-20 00:00","7.68","HBN","Female","f","Single","telinga","tascam","Tanzania","cup","validation","PENDING_NETWORK_RETRIEVAL"
"220960","220960.wav","culex pipiens complex","IFA_30_28_1188.wav","17-02-20 00:00","12.8","HBN","Female","f","Single","telinga","tascam","Tanzania","cup","validation","PENDING_NETWORK_RETRIEVAL"
"220962","220962.wav","culex pipiens complex","IFA_30_28_1188.wav","17-02-20 00:00","5.12","HBN","Female","f","Single","telinga","tascam","Tanzania","cup","validation","PENDING_NETWORK_RETRIEVAL"
"220925","220925.wav","culex pipiens complex","IFA_30_29_1189.wav","17-02-20 00:00","5.12","HBN","Female","f","Single","telinga","tascam","Tanzania","cup","training","PENDING_NETWORK_RETRIEVAL"
"220924","220924.wav","culex pipiens complex","IFA_30_29_1189.wav","17-02-20 00:00","23.04","HBN","Female","f","Single","telinga","tascam","Tanzania","cup","training","PENDING_NETWORK_RETRIEVAL"
"220959","220959.wav","culex pipiens complex","IFA_30_30_1190.wav","17-02-20 00:00","28.1","HBN","Female","f","Single","telinga","tascam","Tanzania","cup","training","PENDING_NETWORK_RETRIEVAL"
"220923","220923.wav","culex pipiens complex","IFA_30_31_1191.wav","17-02-20 00:00","25.6","HBN","Female","f","Single","telinga","tascam","Tanzania","cup","testing","PENDING_NETWORK_RETRIEVAL"
"220957","220957.wav","an arabiensis","IFA_30_32_1192.wav","17-02-20 00:00","7.68","HBN","Female","f","Single","telinga","tascam","Tanzania","cup","training","PENDING_NETWORK_RETRIEVAL"
"220949","220949.wav","an arabiensis","IFA_30_33_1193.wav","17-02-20 00:00","2.56","HBN","Female","f","Single","telinga","tascam","Tanzania","cup","training","PENDING_NETWORK_RETRIEVAL"
"220948","220948.wav","an arabiensis","IFA_30_33_1193.wav","17-02-20 00:00","5.12","HBN","Female","f","Single","telinga","tascam","Tanzania","cup","training","PENDING_NETWORK_RETRIEVAL"
"220941","220941.wav","culex pipiens complex","IFA_30_34_1194.wav","17-02-20 00:00","30.66","HBN","Female","f","Single","telinga","tascam","Tanzania","cup","training","PENDING_NETWORK_RETRIEVAL"
"220943","220943.wav","an arabiensis","IFA_30_36_1196.wav","17-02-20 00:00","15.36","HBN","Female","f","Single","telinga","tascam","Tanzania","cup","training","PENDING_NETWORK_RETRIEVAL"
"220942","220942.wav","an arabiensis","IFA_30_36_1196.wav","17-02-20 00:00","2.56","HBN","Female","f","Single","telinga","tascam","Tanzania","cup","training","PENDING_NETWORK_RETRIEVAL"
"220934","220934.wav","culex pipiens complex","IFA_30_38_1198.wav","17-02-20 00:00","28.16","HBN","Female","f","Single","telinga","tascam","Tanzania","cup","training","PENDING_NETWORK_RETRIEVAL"
"220958","220958.wav","culex pipiens complex","IFA_30_39_1199.wav","17-02-20 00:00","2.56","HBN","Female","f","Single","telinga","tascam","Tanzania","cup","validation","PENDING_NETWORK_RETRIEVAL"
"220945","220945.wav","culex pipiens complex","IFA_31_10_1210.wav","17-02-20 00:00","38.34","HBN","Female","f","Single","telinga","tascam","Tanzania","cup","training","PENDING_NETWORK_RETRIEVAL"
"220938","220938.wav","an arabiensis","IFA_31_11_1211.wav","17-02-20 00:00","2.5","HBN","Female","f","Single","telinga","tascam","Tanzania","cup","training","PENDING_NETWORK_RETRIEVAL"
"220937","220937.wav","an arabiensis","IFA_31_11_1211.wav","17-02-20 00:00","2.56","HBN","Female","f","Single","telinga","tascam","Tanzania","cup","training","PENDING_NETWORK_RETRIEVAL"
"220936","220936.wav","an arabiensis","IFA_31_11_1211.wav","17-02-20 00:00","7.68","HBN","Female","f","Single","telinga","tascam","Tanzania","cup","training","PENDING_NETWORK_RETRIEVAL"
"220935","220935.wav","culex pipiens complex","IFA_31_12_1212.wav","17-02-20 00:00","48.58","HBN","Female","f","Single","telinga","tascam","Tanzania","cup","training","PENDING_NETWORK_RETRIEVAL"
"220931","220931.wav","culex pipiens complex","IFA_31_13_1213.wav","17-02-20 00:00","35.78","HBN","Female","f","Single","telinga","tascam","Tanzania","cup","validation","PENDING_NETWORK_RETRIEVAL"
"220939","220939.wav","culex pipiens complex","IFA_31_14_1214.wav","17-02-20 00:00","30.66","HBN","Female","f","Single","telinga","tascam","Tanzania","cup","training","PENDING_NETWORK_RETRIEVAL"
"221025","221025.wav","culex pipiens complex","IFA_31_15_1215.wav","18-02-20 00:00","5.12","HBN","Female","f","Single","telinga","tascam","Tanzania","cup","training","PENDING_NETWORK_RETRIEVAL"
"221024","221024.wav","culex pipiens complex","IFA_31_15_1215.wav","18-02-20 00:00","2.56","HBN","Female","f","Single","telinga","tascam","Tanzania","cup","training","PENDING_NETWORK_RETRIEVAL"
"221026","221026.wav","culex pipiens complex","IFA_31_15_1215.wav","18-02-20 00:00","2.56","HBN","Female","f","Single","telinga","tascam","Tanzania","cup","training","PENDING_NETWORK_RETRIEVAL"
"221036","221036.wav","culex pipiens complex","IFA_31_16_1216.wav","18-02-20 00:00","5.06","HBN","Female","f","Single","telinga","tascam","Tanzania","cup","training","PENDING_NETWORK_RETRIEVAL"
"221034","221034.wav","culex pipiens complex","IFA_31_16_1216.wav","18-02-20 00:00","15.36","HBN","Female","f","Single","telinga","tascam","Tanzania","cup","training","PENDING_NETWORK_RETRIEVAL"
"221035","221035.wav","culex pipiens complex","IFA_31_16_1216.wav","18-02-20 00:00","10.24","HBN","Female","f","Single","telinga","tascam","Tanzania","cup","training","PENDING_NETWORK_RETRIEVAL"
"221030","221030.wav","culex pipiens complex","IFA_31_18_1218.wav","18-02-20 00:00","7.62","HBN","Female","f","Single","telinga","tascam","Tanzania","cup","testing","PENDING_NETWORK_RETRIEVAL"
"221029","221029.wav","culex pipiens complex","IFA_31_18_1218.wav","18-02-20 00:00","2.56","HBN","Female","f","Single","telinga","tascam","Tanzania","cup","testing","PENDING_NETWORK_RETRIEVAL"
"221028","221028.wav","culex pipiens complex","IFA_31_18_1218.wav","18-02-20 00:00","10.24","HBN","Female","f","Single","telinga","tascam","Tanzania","cup","testing","PENDING_NETWORK_RETRIEVAL"
"221038","221038.wav","culex pipiens complex","IFA_31_19_1219.wav","18-02-20 00:00","5.06","HBN","Female","f","Single","telinga","tascam","Tanzania","cup","testing","PENDING_NETWORK_RETRIEVAL"
"221037","221037.wav","culex pipiens complex","IFA_31_19_1219.wav","18-02-20 00:00","33.28","HBN","Female","f","Single","telinga","tascam","Tanzania","cup","testing","PENDING_NETWORK_RETRIEVAL"
"221041","221041.wav","culex pipiens complex","IFA_31_20_1220.wav","18-02-20 00:00","20.48","HBN","Female","f","Single","telinga","tascam","Tanzania","cup","training","PENDING_NETWORK_RETRIEVAL"
"221042","221042.wav","culex pipiens complex","IFA_31_20_1220.wav","18-02-20 00:00","2.5","HBN","Female","f","Single","telinga","tascam","Tanzania","cup","training","PENDING_NETWORK_RETRIEVAL"
"221027","221027.wav","culex pipiens complex","IFA_31_21_1221.wav","18-02-20 00:00","38.4","HBN","Female","f","Single","telinga","tascam","Tanzania","cup","validation","PENDING_NETWORK_RETRIEVAL"
"221040","221040.wav","culex pipiens complex","IFA_31_22_1222.wav","18-02-20 00:00","10.24","HBN","Female","f","Single","telinga","tascam","Tanzania","cup","training","PENDING_NETWORK_RETRIEVAL"
"221039","221039.wav","culex pipiens complex","IFA_31_22_1222.wav","18-02-20 00:00","5.12","HBN","Female","f","Single","telinga","tascam","Tanzania","cup","training","PENDING_NETWORK_RETRIEVAL"
"221022","221022.wav","culex pipiens complex","IFA_31_23_1223.wav","18-02-20 00:00","7.68","HBN","Female","f","Single","telinga","tascam","Tanzania","cup","training","PENDING_NETWORK_RETRIEVAL"
"221023","221023.wav","culex pipiens complex","IFA_31_23_1223.wav","18-02-20 00:00","25.6","HBN","Female","f","Single","telinga","tascam","Tanzania","cup","training","PENDING_NETWORK_RETRIEVAL"
"221032","221032.wav","culex pipiens complex","IFA_31_25_1225.wav","18-02-20 00:00","5.12","HBN","Female","f","Single","telinga","tascam","Tanzania","cup","training","PENDING_NETWORK_RETRIEVAL"
"221031","221031.wav","culex pipiens complex","IFA_31_25_1225.wav","18-02-20 00:00","2.56","HBN","Female","f","Single","telinga","tascam","Tanzania","cup","training","PENDING_NETWORK_RETRIEVAL"
"221050","221050.wav","culex pipiens complex","IFA_31_26_1226.wav","18-02-20 00:00","10.24","HBN","Female","f","Single","telinga","tascam","Tanzania","cup","training","PENDING_NETWORK_RETRIEVAL"
"221051","221051.wav","culex pipiens complex","IFA_31_26_1226.wav","18-02-20 00:00","12.74","HBN","Female","f","Single","telinga","tascam","Tanzania","cup","training","PENDING_NETWORK_RETRIEVAL"
"221049","221049.wav","culex pipiens complex","IFA_31_26_1226.wav","18-02-20 00:00","5.12","HBN","Female","f","Single","telinga","tascam","Tanzania","cup","training","PENDING_NETWORK_RETRIEVAL"
"221021","221021.wav","culex pipiens complex","IFA_31_27_1227.wav","18-02-20 00:00","5.06","HBN","Female","f","Single","telinga","tascam","Tanzania","cup","training","PENDING_NETWORK_RETRIEVAL"
"221020","221020.wav","culex pipiens complex","IFA_31_27_1227.wav","18-02-20 00:00","10.24","HBN","Female","f","Single","telinga","tascam","Tanzania","cup","training","PENDING_NETWORK_RETRIEVAL"
"221019","221019.wav","culex pipiens complex","IFA_31_27_1227.wav","18-02-20 00:00","5.12","HBN","Female","f","Single","telinga","tascam","Tanzania","cup","training","PENDING_NETWORK_RETRIEVAL"
"221058","221058.wav","culex pipiens complex","IFA_31_30_1230.wav","18-02-20 00:00","28.1","HBN","Female","f","Single","telinga","tascam","Tanzania","cup","training","PENDING_NETWORK_RETRIEVAL"
"221057","221057.wav","culex pipiens complex","IFA_31_32_1232.wav","18-02-20 00:00","30.66","HBN","Female","f","Single","telinga","tascam","Tanzania","cup","training","PENDING_NETWORK_RETRIEVAL"
"221056","221056.wav","culex pipiens complex","IFA_31_32_1232.wav","18-02-20 00:00","2.56","HBN","Female","f","Single","telinga","tascam","Tanzania","cup","training","PENDING_NETWORK_RETRIEVAL"
"221033","221033.wav","culex pipiens complex","IFA_31_33_1233.wav","18-02-20 00:00","51.14","HBN","Female","f","Single","telinga","tascam","Tanzania","cup","testing","PENDING_NETWORK_RETRIEVAL"
"221013","221013.wav","culex pipiens complex","IFA_31_34_1234.wav","18-02-20 00:00","2.56","HBN","Female","f","Single","telinga","tascam","Tanzania","cup","validation","PENDING_NETWORK_RETRIEVAL"
"221014","221014.wav","culex pipiens complex","IFA_31_34_1234.wav","18-02-20 00:00","33.22","HBN","Female","f","Single","telinga","tascam","Tanzania","cup","validation","PENDING_NETWORK_RETRIEVAL"
"221053","221053.wav","culex pipiens complex","IFA_31_35_1235.wav","18-02-20 00:00","2.56","HBN","Female","f","Single","telinga","tascam","Tanzania","cup","training","PENDING_NETWORK_RETRIEVAL"
"221054","221054.wav","culex pipiens complex","IFA_31_35_1235.wav","18-02-20 00:00","30.72","HBN","Female","f","Single","telinga","tascam","Tanzania","cup","training","PENDING_NETWORK_RETRIEVAL"
"221055","221055.wav","culex pipiens complex","IFA_31_35_1235.wav","18-02-20 00:00","7.62","HBN","Female","f","Single","telinga","tascam","Tanzania","cup","training","PENDING_NETWORK_RETRIEVAL"
"221047","221047.wav","an arabiensis","IFA_31_36_1236.wav","18-02-20 00:00","10.24","HBN","Female","f","Single","telinga","tascam","Tanzania","cup","validation","PENDING_NETWORK_RETRIEVAL"
"221048","221048.wav","an arabiensis","IFA_31_36_1236.wav","18-02-20 00:00","10.24","HBN","Female","f","Single","telinga","tascam","Tanzania","cup","validation","PENDING_NETWORK_RETRIEVAL"
"221015","221015.wav","culex pipiens complex","IFA_31_38_1238.wav","18-02-20 00:00","28.1","HBN","Female","f","Single","telinga","tascam","Tanzania","cup","validation","PENDING_NETWORK_RETRIEVAL"
"221044","221044.wav","culex pipiens complex","IFA_31_39_1239.wav","18-02-20 00:00","5.12","HBN","Female","f","Single","telinga","tascam","Tanzania","cup","training","PENDING_NETWORK_RETRIEVAL"
"221045","221045.wav","culex pipiens complex","IFA_31_39_1239.wav","18-02-20 00:00","5.12","HBN","Female","f","Single","telinga","tascam","Tanzania","cup","training","PENDING_NETWORK_RETRIEVAL"
"221043","221043.wav","culex pipiens complex","IFA_31_39_1239.wav","18-02-20 00:00","15.36","HBN","Female","f","Single","telinga","tascam","Tanzania","cup","training","PENDING_NETWORK_RETRIEVAL"
"221046","221046.wav","culex pipiens complex","IFA_31_39_1239.wav","18-02-20 00:00","7.62","HBN","Female","f","Single","telinga","tascam","Tanzania","cup","training","PENDING_NETWORK_RETRIEVAL"
"221063","221063.wav","culex pipiens complex","IFA_32_13_1253.wav","18-02-20 00:00","33.22","HBN","Female","f","Single","telinga","tascam","Tanzania","cup","training","PENDING_NETWORK_RETRIEVAL"
"220888","220888.wav","an arabiensis","IFA_32_14_1254.wav","20-02-20 00:00","2.56","HBN","Female","f","Single","telinga","tascam","Tanzania","cup","training","PENDING_NETWORK_RETRIEVAL"
"220907","220907.wav","an arabiensis","IFA_32_17_1257.wav","20-02-20 00:00","5.06","HBN","Female","f","Single","telinga","tascam","Tanzania","cup","validation","PENDING_NETWORK_RETRIEVAL"
"220906","220906.wav","an arabiensis","IFA_32_17_1257.wav","20-02-20 00:00","2.56","HBN","Female","f","Single","telinga","tascam","Tanzania","cup","validation","PENDING_NETWORK_RETRIEVAL"
"220905","220905.wav","an arabiensis","IFA_32_18_1258.wav","20-02-20 00:00","5.12","HBN","Female","t","Single","telinga","tascam","Tanzania","cup","training","PENDING_NETWORK_RETRIEVAL"
"220904","220904.wav","an arabiensis","IFA_32_18_1258.wav","20-02-20 00:00","2.56","HBN","Female","t","Single","telinga","tascam","Tanzania","cup","training","PENDING_NETWORK_RETRIEVAL"
"220901","220901.wav","culex pipiens complex","IFA_32_19_1259.wav","20-02-20 00:00","2.56","HBN","Female","f","Single","telinga","tascam","Tanzania","cup","training","PENDING_NETWORK_RETRIEVAL"
"220900","220900.wav","culex pipiens complex","IFA_32_19_1259.wav","20-02-20 00:00","10.24","HBN","Female","f","Single","telinga","tascam","Tanzania","cup","training","PENDING_NETWORK_RETRIEVAL"
"220899","220899.wav","culex pipiens complex","IFA_32_19_1259.wav","20-02-20 00:00","10.24","HBN","Female","f","Single","telinga","tascam","Tanzania","cup","training","PENDING_NETWORK_RETRIEVAL"
"220909","220909.wav","culex pipiens complex","IFA_32_22_1262.wav","20-02-20 00:00","2.56","HBN","Female","f","Single","telinga","tascam","Tanzania","cup","validation","PENDING_NETWORK_RETRIEVAL"
"220911","220911.wav","culex pipiens complex","IFA_32_22_1262.wav","20-02-20 00:00","5.12","HBN","Female","f","Single","telinga","tascam","Tanzania","cup","validation","PENDING_NETWORK_RETRIEVAL"
"220910","220910.wav","culex pipiens complex","IFA_32_22_1262.wav","20-02-20 00:00","2.56","HBN","Female","f","Single","telinga","tascam","Tanzania","cup","validation","PENDING_NETWORK_RETRIEVAL"
"220908","220908.wav","culex pipiens complex","IFA_32_22_1262.wav","20-02-20 00:00","7.68","HBN","Female","f","Single","telinga","tascam","Tanzania","cup","validation","PENDING_NETWORK_RETRIEVAL"
"220917","220917.wav","an arabiensis","IFA_32_23_1263.wav","20-02-20 00:00","5.12","HBN","Female","f","Single","telinga","tascam","Tanzania","cup","training","PENDING_NETWORK_RETRIEVAL"
"220918","220918.wav","an arabiensis","IFA_32_23_1263.wav","20-02-20 00:00","2.56","HBN","Female","f","Single","telinga","tascam","Tanzania","cup","training","PENDING_NETWORK_RETRIEVAL"
"220919","220919.wav","an arabiensis","IFA_32_23_1263.wav","20-02-20 00:00","2.56","HBN","Female","f","Single","telinga","tascam","Tanzania","cup","training","PENDING_NETWORK_RETRIEVAL"
"220891","220891.wav","an arabiensis","IFA_32_26_1266.wav","20-02-20 00:00","12.8","HBN","Female","f","Single","telinga","tascam","Tanzania","cup","validation","PENDING_NETWORK_RETRIEVAL"
"220892","220892.wav","an arabiensis","IFA_32_26_1266.wav","20-02-20 00:00","7.68","HBN","Female","f","Single","telinga","tascam","Tanzania","cup","validation","PENDING_NETWORK_RETRIEVAL"
"220893","220893.wav","an arabiensis","IFA_32_26_1266.wav","20-02-20 00:00","5.12","HBN","Female","f","Single","telinga","tascam","Tanzania","cup","validation","PENDING_NETWORK_RETRIEVAL"
"220897","220897.wav","an arabiensis","IFA_32_28_1268.wav","20-02-20 00:00","17.92","HBN","Female","f","Single","telinga","tascam","Tanzania","cup","testing","PENDING_NETWORK_RETRIEVAL"
"220896","220896.wav","an arabiensis","IFA_32_30_1270.wav","20-02-20 00:00","25.6","HBN","Female","t","Single","telinga","tascam","Tanzania","cup","validation","PENDING_NETWORK_RETRIEVAL"
"220912","220912.wav","ma uniformis","IFA_32_31_1271.wav","20-02-20 00:00","17.92","HBN","Female","f","Single","telinga","tascam","Tanzania","cup","testing","PENDING_NETWORK_RETRIEVAL"
"220922","220922.wav","an arabiensis","IFA_32_32_1272.wav","20-02-20 00:00","7.68","HBN","Female","f","Single","telinga","tascam","Tanzania","cup","testing","PENDING_NETWORK_RETRIEVAL"
"220903","220903.wav","an arabiensis","IFA_32_34_1274.wav","20-02-20 00:00","10.24","HBN","Female","f","Single","telinga","tascam","Tanzania","cup","validation","PENDING_NETWORK_RETRIEVAL"
"220902","220902.wav","an arabiensis","IFA_32_34_1274.wav","20-02-20 00:00","15.36","HBN","Female","f","Single","telinga","tascam","Tanzania","cup","validation","PENDING_NETWORK_RETRIEVAL"
"220895","220895.wav","an arabiensis","IFA_32_37_1277.wav","20-02-20 00:00","17.86","HBN","Female","f","Single","telinga","tascam","Tanzania","cup","training","PENDING_NETWORK_RETRIEVAL"
"220894","220894.wav","an arabiensis","IFA_32_37_1277.wav","20-02-20 00:00","7.68","HBN","Female","f","Single","telinga","tascam","Tanzania","cup","training","PENDING_NETWORK_RETRIEVAL"
"220890","220890.wav","culex pipiens complex","IFA_32_38_1278.wav","20-02-20 00:00","20.48","HBN","Female","f","Single","telinga","tascam","Tanzania","cup","training","PENDING_NETWORK_RETRIEVAL"
"220990","220990.wav","culex pipiens complex","IFA_33_11_1291.wav","29-02-20 00:00","2.56","HBN","Female","f","Single","telinga","tascam","Tanzania","cup","training","PENDING_NETWORK_RETRIEVAL"
"220989","220989.wav","culex pipiens complex","IFA_33_11_1291.wav","29-02-20 00:00","2.56","HBN","Female","f","Single","telinga","tascam","Tanzania","cup","training","PENDING_NETWORK_RETRIEVAL"
"220988","220988.wav","culex pipiens complex","IFA_33_11_1291.wav","29-02-20 00:00","10.24","HBN","Female","f","Single","telinga","tascam","Tanzania","cup","training","PENDING_NETWORK_RETRIEVAL"
"220977","220977.wav","culex pipiens complex","IFA_33_12_1292.wav","29-02-20 00:00","2.56","HBN","Female","f","Single","telinga","tascam","Tanzania","cup","training","PENDING_NETWORK_RETRIEVAL"
"220999","220999.wav","an arabiensis","IFA_33_15_1295.wav","29-02-20 00:00","2.56","HBN","Female","f","Single","telinga","tascam","Tanzania","cup","training","PENDING_NETWORK_RETRIEVAL"
"220980","220980.wav","culex pipiens complex","IFA_33_16_1296.wav","29-02-20 00:00","2.56","HBN","Female","f","Single","telinga","tascam","Tanzania","cup","training","PENDING_NETWORK_RETRIEVAL"
"220981","220981.wav","culex pipiens complex","IFA_33_16_1296.wav","29-02-20 00:00","2.56","HBN","Female","f","Single","telinga","tascam","Tanzania","cup","training","PENDING_NETWORK_RETRIEVAL"
"220972","220972.wav","an arabiensis","IFA_33_18_1298.wav","29-02-20 00:00","2.56","HBN","Female","f","Single","telinga","tascam","Tanzania","cup","training","PENDING_NETWORK_RETRIEVAL"
"220985","220985.wav","an arabiensis","IFA_33_20_1300.wav","29-02-20 00:00","5.12","HBN","Female","f","Single","telinga","tascam","Tanzania","cup","training","PENDING_NETWORK_RETRIEVAL"
"220978","220978.wav","an arabiensis","IFA_33_21_1301.wav","29-02-20 00:00","12.8","HBN","Female","f","Single","telinga","tascam","Tanzania","cup","validation","PENDING_NETWORK_RETRIEVAL"
"220997","220997.wav","an arabiensis","IFA_33_22_1302.wav","29-02-20 00:00","2.56","HBN","Female","f","Single","telinga","tascam","Tanzania","cup","training","PENDING_NETWORK_RETRIEVAL"
"220984","220984.wav","an arabiensis","IFA_33_23_1303.wav","29-02-20 00:00","5.12","HBN","Female","f","Single","telinga","tascam","Tanzania","cup","training","PENDING_NETWORK_RETRIEVAL"
"220979","220979.wav","culex pipiens complex","IFA_33_24_1304.wav","29-02-20 00:00","25.54","HBN","Female","f","Single","telinga","tascam","Tanzania","cup","training","PENDING_NETWORK_RETRIEVAL"
"220976","220976.wav","an arabiensis","IFA_33_27_1307.wav","29-02-20 00:00","2.56","HBN","Female","f","Single","telinga","tascam","Tanzania","cup","training","PENDING_NETWORK_RETRIEVAL"
"220995","220995.wav","culex pipiens complex","IFA_33_34_1314.wav","29-02-20 00:00","7.68","HBN","Female","f","Single","telinga","tascam","Tanzania","cup","training","PENDING_NETWORK_RETRIEVAL"
"220996","220996.wav","culex pipiens complex","IFA_33_34_1314.wav","29-02-20 00:00","25.54","HBN","Female","f","Single","telinga","tascam","Tanzania","cup","training","PENDING_NETWORK_RETRIEVAL"
"220994","220994.wav","culex pipiens complex","IFA_33_34_1314.wav","29-02-20 00:00","5.12","HBN","Female","f","Single","telinga","tascam","Tanzania","cup","training","PENDING_NETWORK_RETRIEVAL"
"221003","221003.wav","an arabiensis","IFA_33_40_1320.wav","29-02-20 00:00","5.12","HBN","Female","f","Single","telinga","tascam","Tanzania","cup","testing","PENDING_NETWORK_RETRIEVAL"
"221007","221007.wav","an arabiensis","IFA_33_40_1320.wav","29-02-20 00:00","5.06","HBN","Female","f","Single","telinga","tascam","Tanzania","cup","testing","PENDING_NETWORK_RETRIEVAL"
"221004","221004.wav","an arabiensis","IFA_33_40_1320.wav","29-02-20 00:00","5.12","HBN","Female","f","Single","telinga","tascam","Tanzania","cup","testing","PENDING_NETWORK_RETRIEVAL"
"221005","221005.wav","an arabiensis","IFA_33_40_1320.wav","29-02-20 00:00","15.36","HBN","Female","f","Single","telinga","tascam","Tanzania","cup","testing","PENDING_NETWORK_RETRIEVAL"
"221006","221006.wav","an arabiensis","IFA_33_40_1320.wav","29-02-20 00:00","2.56","HBN","Female","f","Single","telinga","tascam","Tanzania","cup","testing","PENDING_NETWORK_RETRIEVAL"
"220998","220998.wav","culex pipiens complex","IFA_34_11_1331.wav","29-02-20 00:00","28.16","HBN","Female","f","Single","telinga","tascam","Tanzania","cup","training","PENDING_NETWORK_RETRIEVAL"
"220992","220992.wav","culex pipiens complex","IFA_34_12_1332.wav","29-02-20 00:00","2.56","HBN","Female","f","Single","telinga","tascam","Tanzania","cup","training","PENDING_NETWORK_RETRIEVAL"
"220991","220991.wav","culex pipiens complex","IFA_34_12_1332.wav","29-02-20 00:00","15.36","HBN","Female","f","Single","telinga","tascam","Tanzania","cup","training","PENDING_NETWORK_RETRIEVAL"
"220993","220993.wav","culex pipiens complex","IFA_34_12_1332.wav","29-02-20 00:00","2.5","HBN","Female","f","Single","telinga","tascam","Tanzania","cup","training","PENDING_NETWORK_RETRIEVAL"
"221000","221000.wav","culex pipiens complex","IFA_34_14_1334.wav","29-02-20 00:00","2.56","HBN","Female","f","Single","telinga","tascam","Tanzania","cup","training","PENDING_NETWORK_RETRIEVAL"
"220982","220982.wav","culex pipiens complex","IFA_34_18_1338.wav","29-02-20 00:00","12.8","HBN","Female","f","Single","telinga","tascam","Tanzania","cup","testing","PENDING_NETWORK_RETRIEVAL"
"220983","220983.wav","culex pipiens complex","IFA_34_18_1338.wav","29-02-20 00:00","12.8","HBN","Female","f","Single","telinga","tascam","Tanzania","cup","testing","PENDING_NETWORK_RETRIEVAL"
"220061","220061.wav","culex pipiens complex","IFA_34_20_1340.wav","02-03-20 00:00","20.48","HBN","Female","f","Single","telinga","tascam","Tanzania","cup","validation","PENDING_NETWORK_RETRIEVAL"
"220062","220062.wav","culex pipiens complex","IFA_34_20_1340.wav","02-03-20 00:00","5.12","HBN","Female","f","Single","telinga","tascam","Tanzania","cup","validation","PENDING_NETWORK_RETRIEVAL"
"220067","220067.wav","culex pipiens complex","IFA_34_21_1341.wav","02-03-20 00:00","53.7","HBN","Female","f","Single","telinga","tascam","Tanzania","cup","training","PENDING_NETWORK_RETRIEVAL"
"220055","220055.wav","culex pipiens complex","IFA_34_22_1342.wav","02-03-20 00:00","35.78","HBN","Female","f","Single","telinga","tascam","Tanzania","cup","testing","PENDING_NETWORK_RETRIEVAL"
"220044","220044.wav","an arabiensis","IFA_34_23_1343.wav","02-03-20 00:00","61.38","HBN","Female","f","Single","telinga","tascam","Tanzania","cup","validation","PENDING_NETWORK_RETRIEVAL"
"220058","220058.wav","culex pipiens complex","IFA_34_24_1344.wav","02-03-20 00:00","28.16","HBN","Female","f","Single","telinga","tascam","Tanzania","cup","validation","PENDING_NETWORK_RETRIEVAL"
"220059","220059.wav","culex pipiens complex","IFA_34_24_1344.wav","02-03-20 00:00","12.74","HBN","Female","f","Single","telinga","tascam","Tanzania","cup","validation","PENDING_NETWORK_RETRIEVAL"
"220066","220066.wav","culex pipiens complex","IFA_34_25_1345.wav","02-03-20 00:00","38.34","HBN","Female","f","Single","telinga","tascam","Tanzania","cup","training","PENDING_NETWORK_RETRIEVAL"
"220041","220041.wav","an arabiensis","IFA_34_26_1346.wav","02-03-20 00:00","17.92","HBN","Female","f","Single","telinga","tascam","Tanzania","cup","testing","PENDING_NETWORK_RETRIEVAL"
"220042","220042.wav","an arabiensis","IFA_34_26_1346.wav","02-03-20 00:00","5.12","HBN","Female","f","Single","telinga","tascam","Tanzania","cup","testing","PENDING_NETWORK_RETRIEVAL"
"220043","220043.wav","an arabiensis","IFA_34_26_1346.wav","02-03-20 00:00","15.36","HBN","Female","f","Single","telinga","tascam","Tanzania","cup","testing","PENDING_NETWORK_RETRIEVAL"
"220054","220054.wav","culex pipiens complex","IFA_34_27_1347.wav","02-03-20 00:00","43.46","HBN","Female","f","Single","telinga","tascam","Tanzania","cup","training","PENDING_NETWORK_RETRIEVAL"
"220070","220070.wav","culex pipiens complex","IFA_34_28_1348.wav","02-03-20 00:00","43.46","HBN","Female","f","Single","telinga","tascam","Tanzania","cup","testing","PENDING_NETWORK_RETRIEVAL"
"220060","220060.wav","culex pipiens complex","IFA_34_29_1349.wav","02-03-20 00:00","35.78","HBN","Female","f","Single","telinga","tascam","Tanzania","cup","testing","PENDING_NETWORK_RETRIEVAL"
"220057","220057.wav","an arabiensis","IFA_34_30_1350.wav","02-03-20 00:00","48.58","HBN","Female","f","Single","telinga","tascam","Tanzania","cup","training","PENDING_NETWORK_RETRIEVAL"
"220074","220074.wav","culex pipiens complex","IFA_34_31_1351.wav","02-03-20 00:00","33.22","HBN","Female","f","Single","telinga","tascam","Tanzania","cup","validation","PENDING_NETWORK_RETRIEVAL"
"220051","220051.wav","culex pipiens complex","IFA_34_32_1352.wav","02-03-20 00:00","20.42","HBN","Female","f","Single","telinga","tascam","Tanzania","cup","testing","PENDING_NETWORK_RETRIEVAL"
"220045","220045.wav","culex pipiens complex","IFA_34_33_1353.wav","02-03-20 00:00","51.14","HBN","Female","f","Single","telinga","tascam","Tanzania","cup","training","PENDING_NETWORK_RETRIEVAL"
"220063","220063.wav","an arabiensis","IFA_34_35_1355.wav","02-03-20 00:00","51.14","HBN","Female","f","Single","telinga","tascam","Tanzania","cup","training","PENDING_NETWORK_RETRIEVAL"
"220069","220069.wav","an arabiensis","IFA_34_36_1356.wav","02-03-20 00:00","40.9","HBN","Female","f","Single","telinga","tascam","Tanzania","cup","training","PENDING_NETWORK_RETRIEVAL"
"220049","220049.wav","an arabiensis","IFA_34_37_1357.wav","02-03-20 00:00","28.1","HBN","Female","f","Single","telinga","tascam","Tanzania","cup","validation","PENDING_NETWORK_RETRIEVAL"
"220068","220068.wav","an arabiensis","IFA_34_38_1358.wav","02-03-20 00:00","30.66","HBN","Female","f","Single","telinga","tascam","Tanzania","cup","training","PENDING_NETWORK_RETRIEVAL"
"220056","220056.wav","an arabiensis","IFA_34_39_1359.wav","02-03-20 00:00","40.9","HBN","Female","f","Single","telinga","tascam","Tanzania","cup","validation","PENDING_NETWORK_RETRIEVAL"
"220072","220072.wav","an arabiensis","IFA_34_40_1360.wav","02-03-20 00:00","7.68","HBN","Female","f","Single","telinga","tascam","Tanzania","cup","training","PENDING_NETWORK_RETRIEVAL"
"220073","220073.wav","an arabiensis","IFA_34_40_1360.wav","02-03-20 00:00","7.62","HBN","Female","f","Single","telinga","tascam","Tanzania","cup","training","PENDING_NETWORK_RETRIEVAL"
"220071","220071.wav","an arabiensis","IFA_34_40_1360.wav","02-03-20 00:00","17.92","HBN","Female","f","Single","telinga","tascam","Tanzania","cup","training","PENDING_NETWORK_RETRIEVAL"
"220046","220046.wav","an arabiensis","IFA_35_10_1370.wav","02-03-20 00:00","2.56","HBN","Female","f","Single","telinga","tascam","Tanzania","cup","training","PENDING_NETWORK_RETRIEVAL"
"220047","220047.wav","an arabiensis","IFA_35_10_1370.wav","02-03-20 00:00","5.12","HBN","Female","f","Single","telinga","tascam","Tanzania","cup","training","PENDING_NETWORK_RETRIEVAL"
"220048","220048.wav","an arabiensis","IFA_35_10_1370.wav","02-03-20 00:00","17.92","HBN","Female","f","Single","telinga","tascam","Tanzania","cup","training","PENDING_NETWORK_RETRIEVAL"
"220053","220053.wav","an arabiensis","IFA_35_11_1371.wav","02-03-20 00:00","25.6","HBN","Female","f","Single","telinga","tascam","Tanzania","cup","testing","PENDING_NETWORK_RETRIEVAL"
"220050","220050.wav","an arabiensis","IFA_35_12_1372.wav","02-03-20 00:00","40.9","HBN","Female","f","Single","telinga","tascam","Tanzania","cup","training","PENDING_NETWORK_RETRIEVAL"
"220065","220065.wav","an arabiensis","IFA_35_13_1373.wav","02-03-20 00:00","51.14","HBN","Female","f","Single","telinga","tascam","Tanzania","cup","testing","PENDING_NETWORK_RETRIEVAL"
"220040","220040.wav","an arabiensis","IFA_35_14_1374.wav","02-03-20 00:00","40.9","HBN","Female","f","Single","telinga","tascam","Tanzania","cup","testing","PENDING_NETWORK_RETRIEVAL"
"220064","220064.wav","an arabiensis","IFA_35_15_1375.wav","02-03-20 00:00","35.78","HBN","Female","f","Single","telinga","tascam","Tanzania","cup","testing","PENDING_NETWORK_RETRIEVAL"
"220108","220108.wav","an arabiensis","IFA_35_16_1376.wav","02-03-20 00:00","40.9","HBN","Female","f","Single","telinga","tascam","Tanzania","cup","training","PENDING_NETWORK_RETRIEVAL"
"220099","220099.wav","an arabiensis","IFA_35_17_1377.wav","02-03-20 00:00","35.84","HBN","Female","f","Single","telinga","tascam","Tanzania","cup","training","PENDING_NETWORK_RETRIEVAL"
"220105","220105.wav","an arabiensis","IFA_35_18_1378.wav","02-03-20 00:00","17.86","HBN","Female","f","Single","telinga","tascam","Tanzania","cup","training","PENDING_NETWORK_RETRIEVAL"
"220104","220104.wav","an arabiensis","IFA_35_18_1378.wav","02-03-20 00:00","2.56","HBN","Female","f","Single","telinga","tascam","Tanzania","cup","training","PENDING_NETWORK_RETRIEVAL"
"220103","220103.wav","an arabiensis","IFA_35_18_1378.wav","02-03-20 00:00","2.56","HBN","Female","f","Single","telinga","tascam","Tanzania","cup","training","PENDING_NETWORK_RETRIEVAL"
"220080","220080.wav","an arabiensis","IFA_35_19_1379.wav","02-03-20 00:00","12.8","HBN","Female","f","Single","telinga","tascam","Tanzania","cup","training","PENDING_NETWORK_RETRIEVAL"
"220079","220079.wav","an arabiensis","IFA_35_19_1379.wav","02-03-20 00:00","17.92","HBN","Female","f","Single","telinga","tascam","Tanzania","cup","training","PENDING_NETWORK_RETRIEVAL"
"220115","220115.wav","an arabiensis","IFA_35_20_1380.wav","02-03-20 00:00","33.22","HBN","Female","f","Single","telinga","tascam","Tanzania","cup","validation","PENDING_NETWORK_RETRIEVAL"
"220098","220098.wav","an arabiensis","IFA_35_21_1381.wav","02-03-20 00:00","38.4","HBN","Female","f","Single","telinga","tascam","Tanzania","cup","testing","PENDING_NETWORK_RETRIEVAL"
"220088","220088.wav","an arabiensis","IFA_35_22_1382.wav","02-03-20 00:00","5.12","HBN","Female","f","Single","telinga","tascam","Tanzania","cup","training","PENDING_NETWORK_RETRIEVAL"
"220087","220087.wav","an arabiensis","IFA_35_22_1382.wav","02-03-20 00:00","15.36","HBN","Female","f","Single","telinga","tascam","Tanzania","cup","training","PENDING_NETWORK_RETRIEVAL"
"220086","220086.wav","an arabiensis","IFA_35_22_1382.wav","02-03-20 00:00","12.8","HBN","Female","f","Single","telinga","tascam","Tanzania","cup","training","PENDING_NETWORK_RETRIEVAL"
"220077","220077.wav","an arabiensis","IFA_35_23_1383.wav","02-03-20 00:00","40.9","HBN","Female","f","Single","telinga","tascam","Tanzania","cup","training","PENDING_NETWORK_RETRIEVAL"
"220083","220083.wav","an arabiensis","IFA_35_24_1384.wav","02-03-20 00:00","10.18","HBN","Female","f","Single","telinga","tascam","Tanzania","cup","training","PENDING_NETWORK_RETRIEVAL"
"220082","220082.wav","an arabiensis","IFA_35_24_1384.wav","02-03-20 00:00","15.36","HBN","Female","f","Single","telinga","tascam","Tanzania","cup","training","PENDING_NETWORK_RETRIEVAL"
"220111","220111.wav","an arabiensis","IFA_35_25_1385.wav","02-03-20 00:00","25.54","HBN","Female","f","Single","telinga","tascam","Tanzania","cup","validation","PENDING_NETWORK_RETRIEVAL"
"220094","220094.wav","an arabiensis","IFA_35_26_1386.wav","02-03-20 00:00","12.8","HBN","Female","f","Single","telinga","tascam","Tanzania","cup","training","PENDING_NETWORK_RETRIEVAL"
"220095","220095.wav","an arabiensis","IFA_35_26_1386.wav","02-03-20 00:00","5.12","HBN","Female","f","Single","telinga","tascam","Tanzania","cup","training","PENDING_NETWORK_RETRIEVAL"
"220075","220075.wav","culex pipiens complex","IFA_35_27_1387.wav","02-03-20 00:00","22.98","HBN","Female","f","Single","telinga","tascam","Tanzania","cup","training","PENDING_NETWORK_RETRIEVAL"
"220100","220100.wav","an arabiensis","IFA_35_29_1389.wav","02-03-20 00:00","2.56","HBN","Female","f","Single","telinga","tascam","Tanzania","cup","validation","PENDING_NETWORK_RETRIEVAL"
"220101","220101.wav","an arabiensis","IFA_35_29_1389.wav","02-03-20 00:00","10.24","HBN","Female","f","Single","telinga","tascam","Tanzania","cup","validation","PENDING_NETWORK_RETRIEVAL"
"220102","220102.wav","an arabiensis","IFA_35_29_1389.wav","02-03-20 00:00","5.12","HBN","Female","f","Single","telinga","tascam","Tanzania","cup","validation","PENDING_NETWORK_RETRIEVAL"
"220114","220114.wav","an arabiensis","IFA_35_30_1390.wav","02-03-20 00:00","15.36","HBN","Female","f","Single","telinga","tascam","Tanzania","cup","training","PENDING_NETWORK_RETRIEVAL"
"220081","220081.wav","culex pipiens complex","IFA_35_31_1391.wav","02-03-20 00:00","5.12","HBN","Female","f","Single","telinga","tascam","Tanzania","cup","testing","PENDING_NETWORK_RETRIEVAL"
"220112","220112.wav","culex pipiens complex","IFA_35_32_1392.wav","02-03-20 00:00","15.36","HBN","Female","f","Single","telinga","tascam","Tanzania","cup","training","PENDING_NETWORK_RETRIEVAL"
"220113","220113.wav","culex pipiens complex","IFA_35_32_1392.wav","02-03-20 00:00","2.56","HBN","Female","f","Single","telinga","tascam","Tanzania","cup","training","PENDING_NETWORK_RETRIEVAL"
"220097","220097.wav","culex pipiens complex","IFA_35_33_1393.wav","02-03-20 00:00","23.04","HBN","Female","f","Single","telinga","tascam","Tanzania","cup","training","PENDING_NETWORK_RETRIEVAL"
"220096","220096.wav","culex pipiens complex","IFA_35_33_1393.wav","02-03-20 00:00","15.36","HBN","Female","f","Single","telinga","tascam","Tanzania","cup","training","PENDING_NETWORK_RETRIEVAL"
"220109","220109.wav","culex pipiens complex","IFA_35_34_1394.wav","02-03-20 00:00","7.68","HBN","Female","f","Single","telinga","tascam","Tanzania","cup","validation","PENDING_NETWORK_RETRIEVAL"
"220110","220110.wav","culex pipiens complex","IFA_35_34_1394.wav","02-03-20 00:00","5.12","HBN","Female","f","Single","telinga","tascam","Tanzania","cup","validation","PENDING_NETWORK_RETRIEVAL"
"220078","220078.wav","culex pipiens complex","IFA_35_35_1395.wav","02-03-20 00:00","35.84","HBN","Female","f","Single","telinga","tascam","Tanzania","cup","training","PENDING_NETWORK_RETRIEVAL"
"220076","220076.wav","an arabiensis","IFA_35_36_1396.wav","02-03-20 00:00","5.12","HBN","Female","f","Single","telinga","tascam","Tanzania","cup","training","PENDING_NETWORK_RETRIEVAL"
"220090","220090.wav","ma uniformis","IFA_35_37_1397.wav","02-03-20 00:00","5.12","HBN","Female","f","Single","telinga","tascam","Tanzania","cup","testing","PENDING_NETWORK_RETRIEVAL"
"220091","220091.wav","ma uniformis","IFA_35_37_1397.wav","02-03-20 00:00","2.56","HBN","Female","f","Single","telinga","tascam","Tanzania","cup","testing","PENDING_NETWORK_RETRIEVAL"
"220092","220092.wav","culex pipiens complex","IFA_35_38_1398.wav","02-03-20 00:00","2.56","HBN","Female","f","Single","telinga","tascam","Tanzania","cup","testing","PENDING_NETWORK_RETRIEVAL"
"220093","220093.wav","culex pipiens complex","IFA_35_38_1398.wav","02-03-20 00:00","17.92","HBN","Female","f","Single","telinga","tascam","Tanzania","cup","testing","PENDING_NETWORK_RETRIEVAL"
"220089","220089.wav","culex pipiens complex","IFA_35_39_1399.wav","02-03-20 00:00","2.56","HBN","Female","f","Single","telinga","tascam","Tanzania","cup","training","PENDING_NETWORK_RETRIEVAL"
"220085","220085.wav","culex pipiens complex","IFA_35_40_1400.wav","02-03-20 00:00","5.12","HBN","Female","f","Single","telinga","tascam","Tanzania","cup","training","PENDING_NETWORK_RETRIEVAL"
"220084","220084.wav","culex pipiens complex","IFA_35_40_1400.wav","02-03-20 00:00","28.16","HBN","Female","f","Single","telinga","tascam","Tanzania","cup","training","PENDING_NETWORK_RETRIEVAL"
"220158","220158.wav","culex pipiens complex","IFA_36_14_1414.wav","04-03-20 00:00","2.56","HBN","Female","f","Single","telinga","tascam","Tanzania","cup","validation","PENDING_NETWORK_RETRIEVAL"
"220159","220159.wav","culex pipiens complex","IFA_36_14_1414.wav","04-03-20 00:00","2.56","HBN","Female","f","Single","telinga","tascam","Tanzania","cup","validation","PENDING_NETWORK_RETRIEVAL"
"220157","220157.wav","culex pipiens complex","IFA_36_14_1414.wav","04-03-20 00:00","17.92","HBN","Female","f","Single","telinga","tascam","Tanzania","cup","validation","PENDING_NETWORK_RETRIEVAL"
"220138","220138.wav","an arabiensis","IFA_36_16_1416.wav","04-03-20 00:00","22.98","HBN","Female","f","Single","telinga","tascam","Tanzania","cup","training","PENDING_NETWORK_RETRIEVAL"
"220170","220170.wav","an arabiensis","IFA_36_17_1417.wav","04-03-20 00:00","33.22","HBN","Female","f","Single","telinga","tascam","Tanzania","cup","testing","PENDING_NETWORK_RETRIEVAL"
"220186","220186.wav","an arabiensis","IFA_36_20_1420.wav","04-03-20 00:00","38.34","HBN","Female","f","Single","telinga","tascam","Tanzania","cup","validation","PENDING_NETWORK_RETRIEVAL"
"220181","220181.wav","an arabiensis","IFA_36_21_1421.wav","04-03-20 00:00","43.46","HBN","Female","f","Single","telinga","tascam","Tanzania","cup","training","PENDING_NETWORK_RETRIEVAL"
"220192","220192.wav","an arabiensis","IFA_36_23_1423.wav","04-03-20 00:00","28.1","HBN","Female","f","Single","telinga","tascam","Tanzania","cup","training","PENDING_NETWORK_RETRIEVAL"
"220127","220127.wav","an arabiensis","IFA_36_26_1426.wav","04-03-20 00:00","30.66","HBN","Female","f","Single","telinga","tascam","Tanzania","cup","training","PENDING_NETWORK_RETRIEVAL"
"220171","220171.wav","an arabiensis","IFA_36_27_1427.wav","04-03-20 00:00","51.14","HBN","Female","t","Single","telinga","tascam","Tanzania","cup","testing","PENDING_NETWORK_RETRIEVAL"
"220139","220139.wav","culex pipiens complex","IFA_36_30_1430.wav","04-03-20 00:00","10.24","HBN","Female","f","Single","telinga","tascam","Tanzania","cup","training","PENDING_NETWORK_RETRIEVAL"
"220176","220176.wav","an arabiensis","IFA_36_34_1434.wav","04-03-20 00:00","2.56","HBN","Female","f","Single","telinga","tascam","Tanzania","cup","training","PENDING_NETWORK_RETRIEVAL"
"220177","220177.wav","an arabiensis","IFA_36_34_1434.wav","04-03-20 00:00","35.84","HBN","Female","f","Single","telinga","tascam","Tanzania","cup","training","PENDING_NETWORK_RETRIEVAL"
"220144","220144.wav","an arabiensis","IFA_36_35_1435.wav","04-03-20 00:00","17.92","HBN","Female","f","Single","telinga","tascam","Tanzania","cup","training","PENDING_NETWORK_RETRIEVAL"
"220119","220119.wav","ma uniformis","IFA_36_36_1436.wav","04-03-20 00:00","30.72","HBN","Female","f","Single","telinga","tascam","Tanzania","cup","training","PENDING_NETWORK_RETRIEVAL"
"220120","220120.wav","ma uniformis","IFA_36_36_1436.wav","04-03-20 00:00","2.5","HBN","Female","f","Single","telinga","tascam","Tanzania","cup","training","PENDING_NETWORK_RETRIEVAL"
"220185","220185.wav","culex pipiens complex","IFA_36_38_1438.wav","04-03-20 00:00","30.66","HBN","Female","f","Single","telinga","tascam","Tanzania","cup","validation","PENDING_NETWORK_RETRIEVAL"
"220145","220145.wav","an arabiensis","IFA_37_12_1452.wav","04-03-20 00:00","15.36","HBN","Female","f","Single","telinga","tascam","Tanzania","cup","validation","PENDING_NETWORK_RETRIEVAL"
"220146","220146.wav","an arabiensis","IFA_37_12_1452.wav","04-03-20 00:00","15.36","HBN","Female","f","Single","telinga","tascam","Tanzania","cup","validation","PENDING_NETWORK_RETRIEVAL"
"220129","220129.wav","an arabiensis","IFA_37_13_1453.wav","04-03-20 00:00","15.36","HBN","Female","f","Single","telinga","tascam","Tanzania","cup","validation","PENDING_NETWORK_RETRIEVAL"
"220128","220128.wav","an arabiensis","IFA_37_13_1453.wav","04-03-20 00:00","5.12","HBN","Female","f","Single","telinga","tascam","Tanzania","cup","validation","PENDING_NETWORK_RETRIEVAL"
"220182","220182.wav","an arabiensis","IFA_37_15_1455.wav","04-03-20 00:00","33.22","HBN","Female","f","Single","telinga","tascam","Tanzania","cup","training","PENDING_NETWORK_RETRIEVAL"
"220199","220199.wav","an arabiensis","IFA_37_16_1456.wav","04-03-20 00:00","25.54","HBN","Female","f","Single","telinga","tascam","Tanzania","cup","testing","PENDING_NETWORK_RETRIEVAL"
"220173","220173.wav","an arabiensis","IFA_37_17_1457.wav","04-03-20 00:00","5.06","HBN","Female","f","Single","telinga","tascam","Tanzania","cup","training","PENDING_NETWORK_RETRIEVAL"
"220172","220172.wav","an arabiensis","IFA_37_17_1457.wav","04-03-20 00:00","23.04","HBN","Female","f","Single","telinga","tascam","Tanzania","cup","training","PENDING_NETWORK_RETRIEVAL"
"220180","220180.wav","culex pipiens complex","IFA_37_20_1460.wav","04-03-20 00:00","15.36","HBN","Female","f","Single","telinga","tascam","Tanzania","cup","training","PENDING_NETWORK_RETRIEVAL"
"220178","220178.wav","culex pipiens complex","IFA_37_20_1460.wav","04-03-20 00:00","2.56","HBN","Female","f","Single","telinga","tascam","Tanzania","cup","training","PENDING_NETWORK_RETRIEVAL"
"220179","220179.wav","culex pipiens complex","IFA_37_20_1460.wav","04-03-20 00:00","10.24","HBN","Female","f","Single","telinga","tascam","Tanzania","cup","training","PENDING_NETWORK_RETRIEVAL"
"220116","220116.wav","culex pipiens complex","IFA_37_21_1461.wav","04-03-20 00:00","33.22","HBN","Female","f","Single","telinga","tascam","Tanzania","cup","training","PENDING_NETWORK_RETRIEVAL"
"220125","220125.wav","culex pipiens complex","IFA_37_22_1462.wav","04-03-20 00:00","12.8","HBN","Female","f","Single","telinga","tascam","Tanzania","cup","training","PENDING_NETWORK_RETRIEVAL"
"220126","220126.wav","culex pipiens complex","IFA_37_22_1462.wav","04-03-20 00:00","5.12","HBN","Female","f","Single","telinga","tascam","Tanzania","cup","training","PENDING_NETWORK_RETRIEVAL"
"220123","220123.wav","an arabiensis","IFA_37_24_1464.wav","04-03-20 00:00","10.24","HBN","Female","f","Single","telinga","tascam","Tanzania","cup","training","PENDING_NETWORK_RETRIEVAL"
"220141","220141.wav","an arabiensis","IFA_37_25_1465.wav","04-03-20 00:00","2.56","HBN","Female","f","Single","telinga","tascam","Tanzania","cup","training","PENDING_NETWORK_RETRIEVAL"
"220152","220152.wav","an arabiensis","IFA_37_26_1466.wav","04-03-20 00:00","5.12","HBN","Female","f","Single","telinga","tascam","Tanzania","cup","training","PENDING_NETWORK_RETRIEVAL"
"220153","220153.wav","an arabiensis","IFA_37_26_1466.wav","04-03-20 00:00","15.36","HBN","Female","f","Single","telinga","tascam","Tanzania","cup","training","PENDING_NETWORK_RETRIEVAL"
"220154","220154.wav","an arabiensis","IFA_37_26_1466.wav","04-03-20 00:00","5.12","HBN","Female","f","Single","telinga","tascam","Tanzania","cup","training","PENDING_NETWORK_RETRIEVAL"
"220156","220156.wav","an arabiensis","IFA_37_27_1467.wav","04-03-20 00:00","35.78","HBN","Female","f","Single","telinga","tascam","Tanzania","cup","training","PENDING_NETWORK_RETRIEVAL"
"220198","220198.wav","culex pipiens complex","IFA_37_28_1468.wav","04-03-20 00:00","23.04","HBN","Female","f","Single","telinga","tascam","Tanzania","cup","training","PENDING_NETWORK_RETRIEVAL"
"220130","220130.wav","an arabiensis","IFA_37_29_1469.wav","04-03-20 00:00","17.92","HBN","Female","f","Single","telinga","tascam","Tanzania","cup","testing","PENDING_NETWORK_RETRIEVAL"
"220131","220131.wav","an arabiensis","IFA_37_29_1469.wav","04-03-20 00:00","30.72","HBN","Female","f","Single","telinga","tascam","Tanzania","cup","testing","PENDING_NETWORK_RETRIEVAL"
"220194","220194.wav","an arabiensis","IFA_37_30_1470.wav","04-03-20 00:00","10.24","HBN","Female","f","Single","telinga","tascam","Tanzania","cup","training","PENDING_NETWORK_RETRIEVAL"
"220195","220195.wav","an arabiensis","IFA_37_30_1470.wav","04-03-20 00:00","5.12","HBN","Female","f","Single","telinga","tascam","Tanzania","cup","training","PENDING_NETWORK_RETRIEVAL"
"220117","220117.wav","culex pipiens complex","IFA_37_32_1472.wav","04-03-20 00:00","25.54","HBN","Female","f","Single","telinga","tascam","Tanzania","cup","testing","PENDING_NETWORK_RETRIEVAL"
"220132","220132.wav","an arabiensis","IFA_37_34_1474.wav","04-03-20 00:00","28.1","HBN","Female","f","Single","telinga","tascam","Tanzania","cup","training","PENDING_NETWORK_RETRIEVAL"
"220118","220118.wav","culex pipiens complex","IFA_37_37_1477.wav","04-03-20 00:00","12.8","HBN","Female","f","Single","telinga","tascam","Tanzania","cup","training","PENDING_NETWORK_RETRIEVAL"
"220200","220200.wav","culex pipiens complex","IFA_37_38_1478.wav","04-03-20 00:00","15.36","HBN","Female","f","Single","telinga","tascam","Tanzania","cup","training","PENDING_NETWORK_RETRIEVAL"
"220203","220203.wav","an arabiensis","IFA_38_10_1490.wav","07-03-20 00:00","5.12","HBN","Female","f","Single","telinga","tascam","Tanzania","cup","training","PENDING_NETWORK_RETRIEVAL"
"220227","220227.wav","culex pipiens complex","IFA_38_11_1491.wav","07-03-20 00:00","15.3","HBN","Female","f","Single","telinga","tascam","Tanzania","cup","validation","PENDING_NETWORK_RETRIEVAL"
"220226","220226.wav","culex pipiens complex","IFA_38_11_1491.wav","07-03-20 00:00","17.92","HBN","Female","f","Single","telinga","tascam","Tanzania","cup","validation","PENDING_NETWORK_RETRIEVAL"
"220220","220220.wav","an arabiensis","IFA_38_13_1493.wav","07-03-20 00:00","7.68","HBN","Female","f","Single","telinga","tascam","Tanzania","cup","training","PENDING_NETWORK_RETRIEVAL"
"220221","220221.wav","an arabiensis","IFA_38_13_1493.wav","07-03-20 00:00","25.6","HBN","Female","f","Single","telinga","tascam","Tanzania","cup","training","PENDING_NETWORK_RETRIEVAL"
"220222","220222.wav","an arabiensis","IFA_38_13_1493.wav","07-03-20 00:00","2.56","HBN","Female","f","Single","telinga","tascam","Tanzania","cup","training","PENDING_NETWORK_RETRIEVAL"
"220213","220213.wav","an arabiensis","IFA_38_14_1494.wav","07-03-20 00:00","2.56","HBN","Female","f","Single","telinga","tascam","Tanzania","cup","training","PENDING_NETWORK_RETRIEVAL"
"220212","220212.wav","an arabiensis","IFA_38_14_1494.wav","07-03-20 00:00","2.56","HBN","Female","f","Single","telinga","tascam","Tanzania","cup","training","PENDING_NETWORK_RETRIEVAL"
"220210","220210.wav","an arabiensis","IFA_38_15_1495.wav","07-03-20 00:00","7.68","HBN","Female","f","Single","telinga","tascam","Tanzania","cup","training","PENDING_NETWORK_RETRIEVAL"
"220209","220209.wav","culex pipiens complex","IFA_38_16_1496.wav","07-03-20 00:00","20.42","HBN","Female","f","Single","telinga","tascam","Tanzania","cup","training","PENDING_NETWORK_RETRIEVAL"
"220208","220208.wav","culex pipiens complex","IFA_38_16_1496.wav","07-03-20 00:00","30.72","HBN","Female","f","Single","telinga","tascam","Tanzania","cup","training","PENDING_NETWORK_RETRIEVAL"
"220214","220214.wav","an arabiensis","IFA_38_19_1499.wav","07-03-20 00:00","5.12","HBN","Female","f","Single","telinga","tascam","Tanzania","cup","training","PENDING_NETWORK_RETRIEVAL"
"220215","220215.wav","an arabiensis","IFA_38_19_1499.wav","07-03-20 00:00","2.56","HBN","Female","f","Single","telinga","tascam","Tanzania","cup","training","PENDING_NETWORK_RETRIEVAL"
"220223","220223.wav","an arabiensis","IFA_38_21_1501.wav","07-03-20 00:00","5.12","HBN","Female","f","Single","telinga","tascam","Tanzania","cup","validation","PENDING_NETWORK_RETRIEVAL"
"220225","220225.wav","an arabiensis","IFA_38_23_1503.wav","07-03-20 00:00","5.12","HBN","Female","f","Single","telinga","tascam","Tanzania","cup","training","PENDING_NETWORK_RETRIEVAL"
"220211","220211.wav","an arabiensis","IFA_38_25_1505.wav","07-03-20 00:00","12.8","HBN","Female","f","Single","telinga","tascam","Tanzania","cup","testing","PENDING_NETWORK_RETRIEVAL"
"220219","220219.wav","culex pipiens complex","IFA_38_26_1506.wav","07-03-20 00:00","5.12","HBN","Female","f","Single","telinga","tascam","Tanzania","cup","training","PENDING_NETWORK_RETRIEVAL"
"220204","220204.wav","culex pipiens complex","IFA_38_29_1509.wav","07-03-20 00:00","5.12","HBN","Female","f","Single","telinga","tascam","Tanzania","cup","validation","PENDING_NETWORK_RETRIEVAL"
"220206","220206.wav","an arabiensis","IFA_38_30_1510.wav","07-03-20 00:00","7.68","HBN","Female","f","Single","telinga","tascam","Tanzania","cup","training","PENDING_NETWORK_RETRIEVAL"
"220207","220207.wav","an arabiensis","IFA_38_30_1510.wav","07-03-20 00:00","20.48","HBN","Female","f","Single","telinga","tascam","Tanzania","cup","training","PENDING_NETWORK_RETRIEVAL"
"220202","220202.wav","an arabiensis","IFA_38_31_1511.wav","07-03-20 00:00","7.62","HBN","Female","f","Single","telinga","tascam","Tanzania","cup","testing","PENDING_NETWORK_RETRIEVAL"
"220201","220201.wav","an arabiensis","IFA_38_31_1511.wav","07-03-20 00:00","25.6","HBN","Female","f","Single","telinga","tascam","Tanzania","cup","testing","PENDING_NETWORK_RETRIEVAL"
"220216","220216.wav","culex pipiens complex","IFA_38_32_1512.wav","07-03-20 00:00","25.6","HBN","Female","f","Single","telinga","tascam","Tanzania","cup","validation","PENDING_NETWORK_RETRIEVAL"
"220218","220218.wav","culex pipiens complex","IFA_38_32_1512.wav","07-03-20 00:00","10.24","HBN","Female","f","Single","telinga","tascam","Tanzania","cup","validation","PENDING_NETWORK_RETRIEVAL"
"220217","220217.wav","culex pipiens complex","IFA_38_32_1512.wav","07-03-20 00:00","5.12","HBN","Female","f","Single","telinga","tascam","Tanzania","cup","validation","PENDING_NETWORK_RETRIEVAL"
"220261","220261.wav","culex pipiens complex","IFA_38_35_1515.wav","11-03-20 00:00","15.36","HBN","Female","f","Single","telinga","tascam","Tanzania","cup","training","PENDING_NETWORK_RETRIEVAL"
"220238","220238.wav","an arabiensis","IFA_38_36_1516.wav","11-03-20 00:00","5.12","HBN","Female","f","Single","telinga","tascam","Tanzania","cup","training","PENDING_NETWORK_RETRIEVAL"
"220237","220237.wav","an arabiensis","IFA_38_36_1516.wav","11-03-20 00:00","2.56","HBN","Female","f","Single","telinga","tascam","Tanzania","cup","training","PENDING_NETWORK_RETRIEVAL"
"220236","220236.wav","an arabiensis","IFA_38_36_1516.wav","11-03-20 00:00","17.92","HBN","Female","f","Single","telinga","tascam","Tanzania","cup","training","PENDING_NETWORK_RETRIEVAL"
"220265","220265.wav","an arabiensis","IFA_38_37_1517.wav","11-03-20 00:00","33.22","HBN","Female","f","Single","telinga","tascam","Tanzania","cup","testing","PENDING_NETWORK_RETRIEVAL"
"220248","220248.wav","an arabiensis","IFA_38_38_1518.wav","11-03-20 00:00","7.68","HBN","Female","f","Single","telinga","tascam","Tanzania","cup","training","PENDING_NETWORK_RETRIEVAL"
"220249","220249.wav","an arabiensis","IFA_38_38_1518.wav","11-03-20 00:00","2.56","HBN","Female","f","Single","telinga","tascam","Tanzania","cup","training","PENDING_NETWORK_RETRIEVAL"
"220251","220251.wav","an arabiensis","IFA_38_38_1518.wav","11-03-20 00:00","2.5","HBN","Female","f","Single","telinga","tascam","Tanzania","cup","training","PENDING_NETWORK_RETRIEVAL"
"220250","220250.wav","an arabiensis","IFA_38_38_1518.wav","11-03-20 00:00","28.16","HBN","Female","f","Single","telinga","tascam","Tanzania","cup","training","PENDING_NETWORK_RETRIEVAL"
"220231","220231.wav","an arabiensis","IFA_38_39_1519.wav","11-03-20 00:00","35.78","HBN","Female","f","Single","telinga","tascam","Tanzania","cup","validation","PENDING_NETWORK_RETRIEVAL"
"220259","220259.wav","an arabiensis","IFA_38_40_1520.wav","11-03-20 00:00","30.66","HBN","Female","f","Single","telinga","tascam","Tanzania","cup","training","PENDING_NETWORK_RETRIEVAL"
"220258","220258.wav","an arabiensis","IFA_38_40_1520.wav","11-03-20 00:00","5.12","HBN","Female","f","Single","telinga","tascam","Tanzania","cup","training","PENDING_NETWORK_RETRIEVAL"
"220257","220257.wav","an arabiensis","IFA_39_10_1530.wav","11-03-20 00:00","33.28","HBN","Female","f","Single","telinga","tascam","Tanzania","cup","training","PENDING_NETWORK_RETRIEVAL"
"220262","220262.wav","an arabiensis","IFA_39_12_1532.wav","11-03-20 00:00","2.56","HBN","Female","f","Single","telinga","tascam","Tanzania","cup","training","PENDING_NETWORK_RETRIEVAL"
"220264","220264.wav","an arabiensis","IFA_39_12_1532.wav","11-03-20 00:00","5.12","HBN","Female","f","Single","telinga","tascam","Tanzania","cup","training","PENDING_NETWORK_RETRIEVAL"
"220263","220263.wav","an arabiensis","IFA_39_12_1532.wav","11-03-20 00:00","7.68","HBN","Female","f","Single","telinga","tascam","Tanzania","cup","training","PENDING_NETWORK_RETRIEVAL"
"220275","220275.wav","an arabiensis","IFA_39_13_1533.wav","11-03-20 00:00","33.28","HBN","Female","f","Single","telinga","tascam","Tanzania","cup","training","PENDING_NETWORK_RETRIEVAL"
"220269","220269.wav","an arabiensis","IFA_39_14_1534.wav","11-03-20 00:00","23.04","HBN","Female","f","Single","telinga","tascam","Tanzania","cup","training","PENDING_NETWORK_RETRIEVAL"
"220260","220260.wav","an arabiensis","IFA_39_16_1536.wav","11-03-20 00:00","17.92","HBN","Female","f","Single","telinga","tascam","Tanzania","cup","testing","PENDING_NETWORK_RETRIEVAL"
"220272","220272.wav","an arabiensis","IFA_39_17_1537.wav","11-03-20 00:00","2.56","HBN","Female","f","Single","telinga","tascam","Tanzania","cup","testing","PENDING_NETWORK_RETRIEVAL"
"220271","220271.wav","an arabiensis","IFA_39_17_1537.wav","11-03-20 00:00","5.12","HBN","Female","f","Single","telinga","tascam","Tanzania","cup","testing","PENDING_NETWORK_RETRIEVAL"
"220273","220273.wav","an arabiensis","IFA_39_17_1537.wav","11-03-20 00:00","12.74","HBN","Female","f","Single","telinga","tascam","Tanzania","cup","testing","PENDING_NETWORK_RETRIEVAL"
"220233","220233.wav","an arabiensis","IFA_39_18_1538.wav","11-03-20 00:00","2.56","HBN","Female","f","Single","telinga","tascam","Tanzania","cup","testing","PENDING_NETWORK_RETRIEVAL"
"220234","220234.wav","an arabiensis","IFA_39_18_1538.wav","11-03-20 00:00","20.48","HBN","Female","f","Single","telinga","tascam","Tanzania","cup","testing","PENDING_NETWORK_RETRIEVAL"
"220235","220235.wav","an arabiensis","IFA_39_18_1538.wav","11-03-20 00:00","5.06","HBN","Female","f","Single","telinga","tascam","Tanzania","cup","testing","PENDING_NETWORK_RETRIEVAL"
"220274","220274.wav","an arabiensis","IFA_39_19_1539.wav","11-03-20 00:00","2.56","HBN","Female","f","Single","telinga","tascam","Tanzania","cup","training","PENDING_NETWORK_RETRIEVAL"
"220268","220268.wav","ma uniformis","IFA_39_20_1540.wav","11-03-20 00:00","2.56","HBN","Female","f","Single","telinga","tascam","Tanzania","cup","training","PENDING_NETWORK_RETRIEVAL"
"220266","220266.wav","ma uniformis","IFA_39_20_1540.wav","11-03-20 00:00","10.24","HBN","Female","f","Single","telinga","tascam","Tanzania","cup","training","PENDING_NETWORK_RETRIEVAL"
"220267","220267.wav","ma uniformis","IFA_39_20_1540.wav","11-03-20 00:00","10.24","HBN","Female","f","Single","telinga","tascam","Tanzania","cup","training","PENDING_NETWORK_RETRIEVAL"
"220270","220270.wav","an arabiensis","IFA_39_21_1541.wav","11-03-20 00:00","15.36","HBN","Female","f","Single","telinga","tascam","Tanzania","cup","validation","PENDING_NETWORK_RETRIEVAL"
"220240","220240.wav","an arabiensis","IFA_39_22_1542.wav","11-03-20 00:00","5.12","HBN","Female","f","Single","telinga","tascam","Tanzania","cup","training","PENDING_NETWORK_RETRIEVAL"
"220239","220239.wav","an arabiensis","IFA_39_22_1542.wav","11-03-20 00:00","10.24","HBN","Female","f","Single","telinga","tascam","Tanzania","cup","training","PENDING_NETWORK_RETRIEVAL"
"220246","220246.wav","an arabiensis","IFA_39_24_1544.wav","11-03-20 00:00","2.5","HBN","Female","f","Single","telinga","tascam","Tanzania","cup","testing","PENDING_NETWORK_RETRIEVAL"
"220245","220245.wav","an arabiensis","IFA_39_24_1544.wav","11-03-20 00:00","10.24","HBN","Female","f","Single","telinga","tascam","Tanzania","cup","testing","PENDING_NETWORK_RETRIEVAL"
"220244","220244.wav","an arabiensis","IFA_39_24_1544.wav","11-03-20 00:00","5.12","HBN","Female","f","Single","telinga","tascam","Tanzania","cup","testing","PENDING_NETWORK_RETRIEVAL"
"220252","220252.wav","an arabiensis","IFA_39_25_1545.wav","11-03-20 00:00","20.48","HBN","Female","f","Single","telinga","tascam","Tanzania","cup","training","PENDING_NETWORK_RETRIEVAL"
"220242","220242.wav","an arabiensis","IFA_39_26_1546.wav","11-03-20 00:00","2.56","HBN","Female","f","Single","telinga","tascam","Tanzania","cup","testing","PENDING_NETWORK_RETRIEVAL"
"220243","220243.wav","an arabiensis","IFA_39_26_1546.wav","11-03-20 00:00","7.68","HBN","Female","f","Single","telinga","tascam","Tanzania","cup","testing","PENDING_NETWORK_RETRIEVAL"
"220241","220241.wav","an arabiensis","IFA_39_26_1546.wav","11-03-20 00:00","7.68","HBN","Female","f","Single","telinga","tascam","Tanzania","cup","testing","PENDING_NETWORK_RETRIEVAL"
"220230","220230.wav","an arabiensis","IFA_39_27_1547.wav","11-03-20 00:00","2.5","HBN","Female","f","Single","telinga","tascam","Tanzania","cup","testing","PENDING_NETWORK_RETRIEVAL"
"220229","220229.wav","an arabiensis","IFA_39_27_1547.wav","11-03-20 00:00","5.12","HBN","Female","f","Single","telinga","tascam","Tanzania","cup","testing","PENDING_NETWORK_RETRIEVAL"
"220228","220228.wav","an arabiensis","IFA_39_27_1547.wav","11-03-20 00:00","5.12","HBN","Female","f","Single","telinga","tascam","Tanzania","cup","testing","PENDING_NETWORK_RETRIEVAL"
"220289","220289.wav","an arabiensis","IFA_39_28_1548.wav","11-03-20 00:00","7.68","HBN","Female","f","Single","telinga","tascam","Tanzania","cup","validation","PENDING_NETWORK_RETRIEVAL"
"220280","220280.wav","an arabiensis","IFA_39_31_1551.wav","11-03-20 00:00","7.68","HBN","Female","f","Single","telinga","tascam","Tanzania","cup","validation","PENDING_NETWORK_RETRIEVAL"
"220290","220290.wav","an arabiensis","IFA_39_32_1552.wav","11-03-20 00:00","15.36","HBN","Female","f","Single","telinga","tascam","Tanzania","cup","training","PENDING_NETWORK_RETRIEVAL"
"220277","220277.wav","an arabiensis","IFA_39_33_1553.wav","11-03-20 00:00","2.56","HBN","Female","f","Single","telinga","tascam","Tanzania","cup","training","PENDING_NETWORK_RETRIEVAL"
"220276","220276.wav","an arabiensis","IFA_39_33_1553.wav","11-03-20 00:00","2.56","HBN","Female","f","Single","telinga","tascam","Tanzania","cup","training","PENDING_NETWORK_RETRIEVAL"
"220279","220279.wav","an arabiensis","IFA_39_33_1553.wav","11-03-20 00:00","5.12","HBN","Female","f","Single","telinga","tascam","Tanzania","cup","training","PENDING_NETWORK_RETRIEVAL"
"220278","220278.wav","an arabiensis","IFA_39_33_1553.wav","11-03-20 00:00","2.56","HBN","Female","f","Single","telinga","tascam","Tanzania","cup","training","PENDING_NETWORK_RETRIEVAL"
"220285","220285.wav","an arabiensis","IFA_39_35_1555.wav","11-03-20 00:00","5.12","HBN","Female","f","Single","telinga","tascam","Tanzania","cup","testing","PENDING_NETWORK_RETRIEVAL"
"220284","220284.wav","an arabiensis","IFA_39_35_1555.wav","11-03-20 00:00","15.36","HBN","Female","f","Single","telinga","tascam","Tanzania","cup","testing","PENDING_NETWORK_RETRIEVAL"
"220286","220286.wav","an arabiensis","IFA_39_35_1555.wav","11-03-20 00:00","5.12","HBN","Female","f","Single","telinga","tascam","Tanzania","cup","testing","PENDING_NETWORK_RETRIEVAL"
"220312","220312.wav","ae aegypti","IFA_40_10_1570.wav","13-03-20 00:00","43.52","LC","Female","f","Single","telinga","tascam","Tanzania","cup","validation","PENDING_NETWORK_RETRIEVAL"
"220323","220323.wav","ae aegypti","IFA_40_11_1571.wav","13-03-20 00:00","20.42","LC","Female","f","Single","telinga","tascam","Tanzania","cup","training","PENDING_NETWORK_RETRIEVAL"
"220307","220307.wav","ae aegypti","IFA_40_12_1572.wav","13-03-20 00:00","2.56","LC","Female","f","Single","telinga","tascam","Tanzania","cup","training","PENDING_NETWORK_RETRIEVAL"
"220309","220309.wav","ae aegypti","IFA_40_12_1572.wav","13-03-20 00:00","5.12","LC","Female","f","Single","telinga","tascam","Tanzania","cup","training","PENDING_NETWORK_RETRIEVAL"
"220308","220308.wav","ae aegypti","IFA_40_12_1572.wav","13-03-20 00:00","2.56","LC","Female","f","Single","telinga","tascam","Tanzania","cup","training","PENDING_NETWORK_RETRIEVAL"
"220306","220306.wav","ae aegypti","IFA_40_12_1572.wav","13-03-20 00:00","5.12","LC","Female","f","Single","telinga","tascam","Tanzania","cup","training","PENDING_NETWORK_RETRIEVAL"
"220314","220314.wav","ae aegypti","IFA_40_13_1573.wav","13-03-20 00:00","15.36","LC","Female","f","Single","telinga","tascam","Tanzania","cup","validation","PENDING_NETWORK_RETRIEVAL"
"220313","220313.wav","ae aegypti","IFA_40_13_1573.wav","13-03-20 00:00","2.56","LC","Female","f","Single","telinga","tascam","Tanzania","cup","validation","PENDING_NETWORK_RETRIEVAL"
"220316","220316.wav","ae aegypti","IFA_40_13_1573.wav","13-03-20 00:00","2.5","LC","Female","f","Single","telinga","tascam","Tanzania","cup","validation","PENDING_NETWORK_RETRIEVAL"
"220315","220315.wav","ae aegypti","IFA_40_13_1573.wav","13-03-20 00:00","2.56","LC","Female","f","Single","telinga","tascam","Tanzania","cup","validation","PENDING_NETWORK_RETRIEVAL"
"220326","220326.wav","ae aegypti","IFA_40_14_1574.wav","13-03-20 00:00","10.24","LC","Female","f","Single","telinga","tascam","Tanzania","cup","validation","PENDING_NETWORK_RETRIEVAL"
"220325","220325.wav","ae aegypti","IFA_40_14_1574.wav","13-03-20 00:00","7.68","LC","Female","f","Single","telinga","tascam","Tanzania","cup","validation","PENDING_NETWORK_RETRIEVAL"
"220324","220324.wav","ae aegypti","IFA_40_14_1574.wav","13-03-20 00:00","12.8","LC","Female","f","Single","telinga","tascam","Tanzania","cup","validation","PENDING_NETWORK_RETRIEVAL"
"220321","220321.wav","ae aegypti","IFA_40_15_1575.wav","13-03-20 00:00","30.72","LC","Female","f","Single","telinga","tascam","Tanzania","cup","training","PENDING_NETWORK_RETRIEVAL"
"220305","220305.wav","ae aegypti","IFA_40_16_1576.wav","13-03-20 00:00","2.56","LC","Female","f","Single","telinga","tascam","Tanzania","cup","training","PENDING_NETWORK_RETRIEVAL"
"220303","220303.wav","ae aegypti","IFA_40_16_1576.wav","13-03-20 00:00","20.48","LC","Female","f","Single","telinga","tascam","Tanzania","cup","training","PENDING_NETWORK_RETRIEVAL"
"220304","220304.wav","ae aegypti","IFA_40_16_1576.wav","13-03-20 00:00","7.68","LC","Female","f","Single","telinga","tascam","Tanzania","cup","training","PENDING_NETWORK_RETRIEVAL"
"220294","220294.wav","ae aegypti","IFA_40_17_1577.wav","13-03-20 00:00","5.12","LC","Female","f","Single","telinga","tascam","Tanzania","cup","validation","PENDING_NETWORK_RETRIEVAL"
"220295","220295.wav","ae aegypti","IFA_40_17_1577.wav","13-03-20 00:00","28.16","LC","Female","f","Single","telinga","tascam","Tanzania","cup","validation","PENDING_NETWORK_RETRIEVAL"
"220293","220293.wav","ae aegypti","IFA_40_17_1577.wav","13-03-20 00:00","7.68","LC","Female","f","Single","telinga","tascam","Tanzania","cup","validation","PENDING_NETWORK_RETRIEVAL"
"220299","220299.wav","ae aegypti","IFA_40_18_1578.wav","13-03-20 00:00","5.12","LC","Female","f","Single","telinga","tascam","Tanzania","cup","training","PENDING_NETWORK_RETRIEVAL"
"220300","220300.wav","ae aegypti","IFA_40_18_1578.wav","13-03-20 00:00","17.92","LC","Female","f","Single","telinga","tascam","Tanzania","cup","training","PENDING_NETWORK_RETRIEVAL"
"220318","220318.wav","ae aegypti","IFA_40_19_1579.wav","13-03-20 00:00","5.06","LC","Female","f","Single","telinga","tascam","Tanzania","cup","testing","PENDING_NETWORK_RETRIEVAL"
"220317","220317.wav","ae aegypti","IFA_40_19_1579.wav","13-03-20 00:00","23.04","LC","Female","f","Single","telinga","tascam","Tanzania","cup","testing","PENDING_NETWORK_RETRIEVAL"
"220310","220310.wav","ae aegypti","IFA_40_21_1581.wav","13-03-20 00:00","12.8","LC","Female","f","Single","telinga","tascam","Tanzania","cup","testing","PENDING_NETWORK_RETRIEVAL"
"220311","220311.wav","ae aegypti","IFA_40_21_1581.wav","13-03-20 00:00","5.12","LC","Female","f","Single","telinga","tascam","Tanzania","cup","testing","PENDING_NETWORK_RETRIEVAL"
"220302","220302.wav","ae aegypti","IFA_40_22_1582.wav","13-03-20 00:00","2.56","LC","Female","f","Single","telinga","tascam","Tanzania","cup","training","PENDING_NETWORK_RETRIEVAL"
"220301","220301.wav","ae aegypti","IFA_40_22_1582.wav","13-03-20 00:00","5.12","LC","Female","f","Single","telinga","tascam","Tanzania","cup","training","PENDING_NETWORK_RETRIEVAL"
"220296","220296.wav","ae aegypti","IFA_40_23_1583.wav","13-03-20 00:00","20.48","LC","Female","f","Single","telinga","tascam","Tanzania","cup","testing","PENDING_NETWORK_RETRIEVAL"
"220297","220297.wav","ae aegypti","IFA_40_24_1584.wav","13-03-20 00:00","2.56","LC","Female","f","Single","telinga","tascam","Tanzania","cup","testing","PENDING_NETWORK_RETRIEVAL"
"220298","220298.wav","ae aegypti","IFA_40_24_1584.wav","13-03-20 00:00","20.48","LC","Female","f","Single","telinga","tascam","Tanzania","cup","testing","PENDING_NETWORK_RETRIEVAL"
"220322","220322.wav","ae aegypti","IFA_40_25_1585.wav","13-03-20 00:00","38.34","LC","Female","f","Single","telinga","tascam","Tanzania","cup","training","PENDING_NETWORK_RETRIEVAL"
"220320","220320.wav","ae aegypti","IFA_40_26_1586.wav","13-03-20 00:00","25.54","LC","Female","f","Single","telinga","tascam","Tanzania","cup","training","PENDING_NETWORK_RETRIEVAL"
"220292","220292.wav","ae aegypti","IFA_40_27_1587.wav","13-03-20 00:00","48.58","LC","Female","f","Single","telinga","tascam","Tanzania","cup","validation","PENDING_NETWORK_RETRIEVAL"
"220291","220291.wav","ae aegypti","IFA_40_27_1587.wav","13-03-20 00:00","2.56","LC","Female","f","Single","telinga","tascam","Tanzania","cup","validation","PENDING_NETWORK_RETRIEVAL"
"220319","220319.wav","ae aegypti","IFA_40_28_1588.wav","13-03-20 00:00","38.34","LC","Female","f","Single","telinga","tascam","Tanzania","cup","training","PENDING_NETWORK_RETRIEVAL"
"220361","220361.wav","culex pipiens complex","IFA_40_36_1596.wav","16-03-20 00:00","5.12","LT","Female","f","Single","telinga","tascam","Tanzania","cup","training","PENDING_NETWORK_RETRIEVAL"
"220363","220363.wav","culex pipiens complex","IFA_40_36_1596.wav","16-03-20 00:00","2.56","LT","Female","f","Single","telinga","tascam","Tanzania","cup","training","PENDING_NETWORK_RETRIEVAL"
"220362","220362.wav","culex pipiens complex","IFA_40_36_1596.wav","16-03-20 00:00","2.56","LT","Female","f","Single","telinga","tascam","Tanzania","cup","training","PENDING_NETWORK_RETRIEVAL"
"220345","220345.wav","culex pipiens complex","IFA_40_37_1597.wav","16-03-20 00:00","2.56","LT","Female","f","Single","telinga","tascam","Tanzania","cup","testing","PENDING_NETWORK_RETRIEVAL"
"220344","220344.wav","culex pipiens complex","IFA_40_37_1597.wav","16-03-20 00:00","7.68","LT","Female","f","Single","telinga","tascam","Tanzania","cup","testing","PENDING_NETWORK_RETRIEVAL"
"220338","220338.wav","culex pipiens complex","IFA_41_10_1610.wav","16-03-20 00:00","12.8","LT","Female","f","Single","telinga","tascam","Tanzania","cup","validation","PENDING_NETWORK_RETRIEVAL"
"220337","220337.wav","culex pipiens complex","IFA_41_10_1610.wav","16-03-20 00:00","7.68","LT","Female","f","Single","telinga","tascam","Tanzania","cup","validation","PENDING_NETWORK_RETRIEVAL"
"220351","220351.wav","an arabiensis","IFA_41_11_1611.wav","16-03-20 00:00","2.56","LT","Female","f","Single","telinga","tascam","Tanzania","cup","training","PENDING_NETWORK_RETRIEVAL"
"220350","220350.wav","an arabiensis","IFA_41_11_1611.wav","16-03-20 00:00","5.12","LT","Female","f","Single","telinga","tascam","Tanzania","cup","training","PENDING_NETWORK_RETRIEVAL"
"220360","220360.wav","an arabiensis","IFA_41_12_1612.wav","16-03-20 00:00","40.9","LT","Female","f","Single","telinga","tascam","Tanzania","cup","validation","PENDING_NETWORK_RETRIEVAL"
"220349","220349.wav","culex pipiens complex","IFA_41_13_1613.wav","16-03-20 00:00","5.12","LT","Female","f","Single","telinga","tascam","Tanzania","cup","training","PENDING_NETWORK_RETRIEVAL"
"220332","220332.wav","culex pipiens complex","IFA_41_24_1624.wav","16-03-20 00:00","5.12","LT","Female","f","Single","telinga","tascam","Tanzania","cup","validation","PENDING_NETWORK_RETRIEVAL"
"220333","220333.wav","culex pipiens complex","IFA_41_24_1624.wav","16-03-20 00:00","2.56","LT","Female","f","Single","telinga","tascam","Tanzania","cup","validation","PENDING_NETWORK_RETRIEVAL"
"220334","220334.wav","culex pipiens complex","IFA_41_25_1625.wav","16-03-20 00:00","12.8","LT","Female","f","Single","telinga","tascam","Tanzania","cup","training","PENDING_NETWORK_RETRIEVAL"
"220330","220330.wav","culex pipiens complex","IFA_41_26_1626.wav","16-03-20 00:00","5.12","LT","Female","f","Single","telinga","tascam","Tanzania","cup","validation","PENDING_NETWORK_RETRIEVAL"
"220423","220423.wav","an arabiensis","IFA_41_34_1634.wav","21-03-20 00:00","5.06","LT","Female","f","Single","telinga","tascam","Tanzania","cup","training","PENDING_NETWORK_RETRIEVAL"
"220422","220422.wav","an arabiensis","IFA_41_34_1634.wav","21-03-20 00:00","2.56","LT","Female","f","Single","telinga","tascam","Tanzania","cup","training","PENDING_NETWORK_RETRIEVAL"
"220421","220421.wav","an arabiensis","IFA_41_34_1634.wav","21-03-20 00:00","5.12","LT","Female","f","Single","telinga","tascam","Tanzania","cup","training","PENDING_NETWORK_RETRIEVAL"
"220384","220384.wav","an arabiensis","IFA_41_36_1636.wav","21-03-20 00:00","2.56","LT","Female","f","Single","telinga","tascam","Tanzania","cup","training","PENDING_NETWORK_RETRIEVAL"
"220374","220374.wav","an arabiensis","IFA_41_37_1637.wav","21-03-20 00:00","2.56","LT","Female","f","Single","telinga","tascam","Tanzania","cup","training","PENDING_NETWORK_RETRIEVAL"
"220373","220373.wav","an arabiensis","IFA_41_37_1637.wav","21-03-20 00:00","5.12","LT","Female","f","Single","telinga","tascam","Tanzania","cup","training","PENDING_NETWORK_RETRIEVAL"
"220419","220419.wav","an arabiensis","IFA_41_38_1638.wav","21-03-20 00:00","12.8","LT","Female","f","Single","telinga","tascam","Tanzania","cup","training","PENDING_NETWORK_RETRIEVAL"
"220418","220418.wav","an arabiensis","IFA_41_38_1638.wav","21-03-20 00:00","7.68","LT","Female","f","Single","telinga","tascam","Tanzania","cup","training","PENDING_NETWORK_RETRIEVAL"
"220417","220417.wav","an arabiensis","IFA_41_38_1638.wav","21-03-20 00:00","5.12","LT","Female","f","Single","telinga","tascam","Tanzania","cup","training","PENDING_NETWORK_RETRIEVAL"
"220420","220420.wav","an arabiensis","IFA_41_38_1638.wav","21-03-20 00:00","2.5","LT","Female","f","Single","telinga","tascam","Tanzania","cup","training","PENDING_NETWORK_RETRIEVAL"
"220424","220424.wav","an arabiensis","IFA_42_11_1651.wav","21-03-20 00:00","2.56","LT","Female","f","Single","telinga","tascam","Tanzania","cup","testing","PENDING_NETWORK_RETRIEVAL"
"220425","220425.wav","an arabiensis","IFA_42_11_1651.wav","21-03-20 00:00","2.56","LT","Female","f","Single","telinga","tascam","Tanzania","cup","testing","PENDING_NETWORK_RETRIEVAL"
"220426","220426.wav","an arabiensis","IFA_42_11_1651.wav","21-03-20 00:00","2.56","LT","Female","f","Single","telinga","tascam","Tanzania","cup","testing","PENDING_NETWORK_RETRIEVAL"
"220380","220380.wav","an arabiensis","IFA_42_14_1654.wav","21-03-20 00:00","10.24","LT","Female","f","Single","telinga","tascam","Tanzania","cup","training","PENDING_NETWORK_RETRIEVAL"
"220379","220379.wav","an arabiensis","IFA_42_14_1654.wav","21-03-20 00:00","5.12","LT","Female","f","Single","telinga","tascam","Tanzania","cup","training","PENDING_NETWORK_RETRIEVAL"
"220376","220376.wav","an arabiensis","IFA_42_19_1659.wav","21-03-20 00:00","33.22","LT","Female","f","Single","telinga","tascam","Tanzania","cup","training","PENDING_NETWORK_RETRIEVAL"
"220375","220375.wav","an arabiensis","IFA_42_19_1659.wav","21-03-20 00:00","5.12","LT","Female","f","Single","telinga","tascam","Tanzania","cup","training","PENDING_NETWORK_RETRIEVAL"
"220388","220388.wav","ae aegypti","IFA_42_21_1661.wav","21-03-20 00:00","17.92","LC","Female","f","Single","telinga","tascam","Tanzania","cup","validation","PENDING_NETWORK_RETRIEVAL"
"220387","220387.wav","ae aegypti","IFA_42_21_1661.wav","21-03-20 00:00","12.8","LC","Female","f","Single","telinga","tascam","Tanzania","cup","validation","PENDING_NETWORK_RETRIEVAL"
"220386","220386.wav","ae aegypti","IFA_42_21_1661.wav","21-03-20 00:00","2.56","LC","Female","f","Single","telinga","tascam","Tanzania","cup","validation","PENDING_NETWORK_RETRIEVAL"
"220400","220400.wav","ae aegypti","IFA_42_22_1662.wav","21-03-20 00:00","28.16","LC","Female","f","Single","telinga","tascam","Tanzania","cup","training","PENDING_NETWORK_RETRIEVAL"
"220402","220402.wav","ae aegypti","IFA_42_22_1662.wav","21-03-20 00:00","10.18","LC","Female","f","Single","telinga","tascam","Tanzania","cup","training","PENDING_NETWORK_RETRIEVAL"
"220401","220401.wav","ae aegypti","IFA_42_22_1662.wav","21-03-20 00:00","5.12","LC","Female","f","Single","telinga","tascam","Tanzania","cup","training","PENDING_NETWORK_RETRIEVAL"
"220430","220430.wav","ae aegypti","IFA_42_23_1663.wav","21-03-20 00:00","23.04","LC","Female","f","Single","telinga","tascam","Tanzania","cup","training","PENDING_NETWORK_RETRIEVAL"
"220385","220385.wav","ae aegypti","IFA_42_24_1664.wav","21-03-20 00:00","10.24","LC","Female","f","Single","telinga","tascam","Tanzania","cup","validation","PENDING_NETWORK_RETRIEVAL"
"220405","220405.wav","ae aegypti","IFA_42_25_1665.wav","21-03-20 00:00","53.76","LC","Female","f","Single","telinga","tascam","Tanzania","cup","testing","PENDING_NETWORK_RETRIEVAL"
"220392","220392.wav","ae aegypti","IFA_42_26_1666.wav","21-03-20 00:00","2.56","LC","Female","f","Single","telinga","tascam","Tanzania","cup","testing","PENDING_NETWORK_RETRIEVAL"
"220393","220393.wav","ae aegypti","IFA_42_26_1666.wav","21-03-20 00:00","5.06","LC","Female","f","Single","telinga","tascam","Tanzania","cup","testing","PENDING_NETWORK_RETRIEVAL"
"220390","220390.wav","ae aegypti","IFA_42_26_1666.wav","21-03-20 00:00","2.56","LC","Female","f","Single","telinga","tascam","Tanzania","cup","testing","PENDING_NETWORK_RETRIEVAL"
"220391","220391.wav","ae aegypti","IFA_42_26_1666.wav","21-03-20 00:00","5.12","LC","Female","f","Single","telinga","tascam","Tanzania","cup","testing","PENDING_NETWORK_RETRIEVAL"
"220427","220427.wav","ae aegypti","IFA_42_27_1667.wav","21-03-20 00:00","5.12","LC","Female","f","Single","telinga","tascam","Tanzania","cup","training","PENDING_NETWORK_RETRIEVAL"
"220412","220412.wav","ae aegypti","IFA_42_28_1668.wav","21-03-20 00:00","2.5","LC","Female","f","Single","telinga","tascam","Tanzania","cup","training","PENDING_NETWORK_RETRIEVAL"
"220411","220411.wav","ae aegypti","IFA_42_28_1668.wav","21-03-20 00:00","2.56","LC","Female","f","Single","telinga","tascam","Tanzania","cup","training","PENDING_NETWORK_RETRIEVAL"
"220416","220416.wav","ae aegypti","IFA_42_29_1669.wav","21-03-20 00:00","7.68","LC","Female","f","Single","telinga","tascam","Tanzania","cup","validation","PENDING_NETWORK_RETRIEVAL"
"220414","220414.wav","ae aegypti","IFA_42_29_1669.wav","21-03-20 00:00","5.12","LC","Female","f","Single","telinga","tascam","Tanzania","cup","validation","PENDING_NETWORK_RETRIEVAL"
"220415","220415.wav","ae aegypti","IFA_42_29_1669.wav","21-03-20 00:00","17.92","LC","Female","f","Single","telinga","tascam","Tanzania","cup","validation","PENDING_NETWORK_RETRIEVAL"
"220429","220429.wav","ae aegypti","IFA_42_30_1670.wav","21-03-20 00:00","5.12","LC","Female","f","Single","telinga","tascam","Tanzania","cup","training","PENDING_NETWORK_RETRIEVAL"
"220428","220428.wav","ae aegypti","IFA_42_30_1670.wav","21-03-20 00:00","5.12","LC","Female","f","Single","telinga","tascam","Tanzania","cup","training","PENDING_NETWORK_RETRIEVAL"
"220389","220389.wav","ae aegypti","IFA_42_31_1671.wav","21-03-20 00:00","5.12","LC","Female","f","Single","telinga","tascam","Tanzania","cup","testing","PENDING_NETWORK_RETRIEVAL"
"220406","220406.wav","ae aegypti","IFA_42_32_1672.wav","21-03-20 00:00","2.56","LC","Female","f","Single","telinga","tascam","Tanzania","cup","testing","PENDING_NETWORK_RETRIEVAL"
"220407","220407.wav","ae aegypti","IFA_42_32_1672.wav","21-03-20 00:00","2.56","LC","Female","f","Single","telinga","tascam","Tanzania","cup","testing","PENDING_NETWORK_RETRIEVAL"
"220408","220408.wav","ae aegypti","IFA_42_32_1672.wav","21-03-20 00:00","10.24","LC","Female","f","Single","telinga","tascam","Tanzania","cup","testing","PENDING_NETWORK_RETRIEVAL"
"220398","220398.wav","ae aegypti","IFA_42_33_1673.wav","21-03-20 00:00","7.68","LC","Female","f","Single","telinga","tascam","Tanzania","cup","training","PENDING_NETWORK_RETRIEVAL"
"220397","220397.wav","ae aegypti","IFA_42_33_1673.wav","21-03-20 00:00","28.16","LC","Female","f","Single","telinga","tascam","Tanzania","cup","training","PENDING_NETWORK_RETRIEVAL"
"220403","220403.wav","ae aegypti","IFA_42_36_1676.wav","21-03-20 00:00","48.58","LC","Female","f","Single","telinga","tascam","Tanzania","cup","training","PENDING_NETWORK_RETRIEVAL"
"220399","220399.wav","ae aegypti","IFA_42_38_1678.wav","21-03-20 00:00","2.56","LC","Female","f","Single","telinga","tascam","Tanzania","cup","training","PENDING_NETWORK_RETRIEVAL"
"220372","220372.wav","ae aegypti","IFA_42_39_1679.wav","21-03-20 00:00","61.38","LC","Female","f","Single","telinga","tascam","Tanzania","cup","training","PENDING_NETWORK_RETRIEVAL"
"220371","220371.wav","ae aegypti","IFA_42_39_1679.wav","21-03-20 00:00","10.24","LC","Female","f","Single","telinga","tascam","Tanzania","cup","training","PENDING_NETWORK_RETRIEVAL"
"220453","220453.wav","an arabiensis","IFA_44_10_1730.wav","24-03-20 00:00","10.24","LT","Female","f","Single","telinga","tascam","Tanzania","cup","training","PENDING_NETWORK_RETRIEVAL"
"220471","220471.wav","an arabiensis","IFA_44_11_1731.wav","24-03-20 00:00","35.78","LT","Female","f","Single","telinga","tascam","Tanzania","cup","training","PENDING_NETWORK_RETRIEVAL"
"220481","220481.wav","an arabiensis","IFA_44_12_1732.wav","24-03-20 00:00","17.86","LT","Female","f","Single","telinga","tascam","Tanzania","cup","testing","PENDING_NETWORK_RETRIEVAL"
"220480","220480.wav","an arabiensis","IFA_44_12_1732.wav","24-03-20 00:00","15.36","LT","Female","f","Single","telinga","tascam","Tanzania","cup","testing","PENDING_NETWORK_RETRIEVAL"
"220460","220460.wav","ae aegypti","IFA_44_34_1754.wav","24-03-20 00:00","33.28","LC","Female","f","Single","telinga","tascam","Tanzania","cup","testing","PENDING_NETWORK_RETRIEVAL"
"220498","220498.wav","ae aegypti","IFA_44_35_1755.wav","24-03-20 00:00","38.34","LC","Female","f","Single","telinga","tascam","Tanzania","cup","training","PENDING_NETWORK_RETRIEVAL"
"220464","220464.wav","ae aegypti","IFA_44_36_1756.wav","24-03-20 00:00","30.66","LC","Female","f","Single","telinga","tascam","Tanzania","cup","training","PENDING_NETWORK_RETRIEVAL"
"220451","220451.wav","ae aegypti","IFA_44_37_1757.wav","24-03-20 00:00","7.68","LC","Female","f","Single","telinga","tascam","Tanzania","cup","training","PENDING_NETWORK_RETRIEVAL"
"220452","220452.wav","ae aegypti","IFA_44_37_1757.wav","24-03-20 00:00","17.86","LC","Female","f","Single","telinga","tascam","Tanzania","cup","training","PENDING_NETWORK_RETRIEVAL"
"220503","220503.wav","ae aegypti","IFA_44_39_1759.wav","24-03-20 00:00","25.54","LC","Female","f","Single","telinga","tascam","Tanzania","cup","validation","PENDING_NETWORK_RETRIEVAL"
"220446","220446.wav","ae aegypti","IFA_44_40_1760.wav","24-03-20 00:00","12.8","LC","Female","f","Single","telinga","tascam","Tanzania","cup","testing","PENDING_NETWORK_RETRIEVAL"
"220447","220447.wav","ae aegypti","IFA_44_40_1760.wav","24-03-20 00:00","2.56","LC","Female","f","Single","telinga","tascam","Tanzania","cup","testing","PENDING_NETWORK_RETRIEVAL"
"220445","220445.wav","ae aegypti","IFA_44_40_1760.wav","24-03-20 00:00","2.56","LC","Female","f","Single","telinga","tascam","Tanzania","cup","testing","PENDING_NETWORK_RETRIEVAL"
"220444","220444.wav","ae aegypti","IFA_44_40_1760.wav","24-03-20 00:00","5.12","LC","Female","f","Single","telinga","tascam","Tanzania","cup","testing","PENDING_NETWORK_RETRIEVAL"
"220466","220466.wav","ae aegypti","IFA_45_10_1770.wav","24-03-20 00:00","28.16","LC","Female","f","Single","telinga","tascam","Tanzania","cup","training","PENDING_NETWORK_RETRIEVAL"
"220467","220467.wav","ae aegypti","IFA_45_10_1770.wav","24-03-20 00:00","5.12","LC","Female","f","Single","telinga","tascam","Tanzania","cup","training","PENDING_NETWORK_RETRIEVAL"
"220463","220463.wav","ae aegypti","IFA_45_11_1771.wav","24-03-20 00:00","38.4","LC","Female","f","Single","telinga","tascam","Tanzania","cup","training","PENDING_NETWORK_RETRIEVAL"
"220500","220500.wav","ae aegypti","IFA_45_12_1772.wav","24-03-20 00:00","30.72","LC","Female","f","Single","telinga","tascam","Tanzania","cup","training","PENDING_NETWORK_RETRIEVAL"
"220441","220441.wav","ae aegypti","IFA_45_13_1773.wav","24-03-20 00:00","28.1","LC","Female","f","Single","telinga","tascam","Tanzania","cup","training","PENDING_NETWORK_RETRIEVAL"
"220462","220462.wav","ae aegypti","IFA_45_14_1774.wav","24-03-20 00:00","7.68","LC","Female","f","Single","telinga","tascam","Tanzania","cup","training","PENDING_NETWORK_RETRIEVAL"
"220461","220461.wav","ae aegypti","IFA_45_14_1774.wav","24-03-20 00:00","15.36","LC","Female","f","Single","telinga","tascam","Tanzania","cup","training","PENDING_NETWORK_RETRIEVAL"
"220473","220473.wav","ae aegypti","IFA_45_15_1775.wav","24-03-20 00:00","7.68","LC","Female","f","Single","telinga","tascam","Tanzania","cup","training","PENDING_NETWORK_RETRIEVAL"
"220472","220472.wav","ae aegypti","IFA_45_15_1775.wav","24-03-20 00:00","2.56","LC","Female","f","Single","telinga","tascam","Tanzania","cup","training","PENDING_NETWORK_RETRIEVAL"
"220488","220488.wav","ae aegypti","IFA_45_16_1776.wav","24-03-20 00:00","25.6","LC","Female","f","Single","telinga","tascam","Tanzania","cup","training","PENDING_NETWORK_RETRIEVAL"
"220482","220482.wav","ae aegypti","IFA_45_17_1777.wav","24-03-20 00:00","30.66","LC","Female","f","Single","telinga","tascam","Tanzania","cup","validation","PENDING_NETWORK_RETRIEVAL"
"221092","221092.wav","an arabiensis","IFA_45_23_1783.wav","26-03-20 00:00","20.42","LT","Female","f","Single","telinga","tascam","Tanzania","cup","validation","PENDING_NETWORK_RETRIEVAL"
"221091","221091.wav","an arabiensis","IFA_45_23_1783.wav","26-03-20 00:00","15.36","LT","Female","f","Single","telinga","tascam","Tanzania","cup","validation","PENDING_NETWORK_RETRIEVAL"
"221079","221079.wav","an arabiensis","IFA_45_27_1787.wav","26-03-20 00:00","12.8","LT","Female","f","Single","telinga","tascam","Tanzania","cup","testing","PENDING_NETWORK_RETRIEVAL"
"221080","221080.wav","an arabiensis","IFA_45_27_1787.wav","26-03-20 00:00","7.62","LT","Female","f","Single","telinga","tascam","Tanzania","cup","testing","PENDING_NETWORK_RETRIEVAL"
"221078","221078.wav","an arabiensis","IFA_45_27_1787.wav","26-03-20 00:00","12.8","LT","Female","f","Single","telinga","tascam","Tanzania","cup","testing","PENDING_NETWORK_RETRIEVAL"
"221077","221077.wav","an arabiensis","IFA_45_27_1787.wav","26-03-20 00:00","7.68","LT","Female","f","Single","telinga","tascam","Tanzania","cup","testing","PENDING_NETWORK_RETRIEVAL"
"221071","221071.wav","an arabiensis","IFA_45_31_1791.wav","26-03-20 00:00","10.24","LT","Female","f","Single","telinga","tascam","Tanzania","cup","validation","PENDING_NETWORK_RETRIEVAL"
"221094","221094.wav","an arabiensis","IFA_45_33_1793.wav","26-03-20 00:00","7.68","LT","Female","f","Single","telinga","tascam","Tanzania","cup","training","PENDING_NETWORK_RETRIEVAL"
"221081","221081.wav","an arabiensis","IFA_45_35_1795.wav","26-03-20 00:00","5.12","LT","Female","f","Single","telinga","tascam","Tanzania","cup","training","PENDING_NETWORK_RETRIEVAL"
"221082","221082.wav","an arabiensis","IFA_45_35_1795.wav","26-03-20 00:00","5.12","LT","Female","f","Single","telinga","tascam","Tanzania","cup","training","PENDING_NETWORK_RETRIEVAL"
"221083","221083.wav","an arabiensis","IFA_45_35_1795.wav","26-03-20 00:00","10.24","LT","Female","f","Single","telinga","tascam","Tanzania","cup","training","PENDING_NETWORK_RETRIEVAL"
"221084","221084.wav","an arabiensis","IFA_45_35_1795.wav","26-03-20 00:00","2.56","LT","Female","f","Single","telinga","tascam","Tanzania","cup","training","PENDING_NETWORK_RETRIEVAL"
"221086","221086.wav","an arabiensis","IFA_45_37_1797.wav","26-03-20 00:00","17.86","LT","Female","f","Single","telinga","tascam","Tanzania","cup","validation","PENDING_NETWORK_RETRIEVAL"
"221085","221085.wav","an arabiensis","IFA_45_37_1797.wav","26-03-20 00:00","7.68","LT","Female","f","Single","telinga","tascam","Tanzania","cup","validation","PENDING_NETWORK_RETRIEVAL"
"221072","221072.wav","an arabiensis","IFA_45_38_1798.wav","26-03-20 00:00","43.52","LT","Female","f","Single","telinga","tascam","Tanzania","cup","training","PENDING_NETWORK_RETRIEVAL"
"221070","221070.wav","ae aegypti","IFA_46_12_1812.wav","26-03-20 00:00","7.68","LC","Female","f","Single","telinga","tascam","Tanzania","cup","training","PENDING_NETWORK_RETRIEVAL"
"221088","221088.wav","culex pipiens complex","IFA_46_23_1823.wav","26-03-20 00:00","2.56","LC","Female","f","Single","telinga","tascam","Tanzania","cup","training","PENDING_NETWORK_RETRIEVAL"
"221089","221089.wav","culex pipiens complex","IFA_46_23_1823.wav","26-03-20 00:00","2.5","LC","Female","f","Single","telinga","tascam","Tanzania","cup","training","PENDING_NETWORK_RETRIEVAL"
"221087","221087.wav","culex pipiens complex","IFA_46_23_1823.wav","26-03-20 00:00","7.68","LC","Female","f","Single","telinga","tascam","Tanzania","cup","training","PENDING_NETWORK_RETRIEVAL"
"221303","221303.wav","an arabiensis","IFA_47_16_1856.wav","27-03-20 00:00","2.56","LT","Female","f","Single","telinga","tascam","Tanzania","cup","testing","PENDING_NETWORK_RETRIEVAL"
"221302","221302.wav","an arabiensis","IFA_47_16_1856.wav","27-03-20 00:00","2.56","LT","Female","f","Single","telinga","tascam","Tanzania","cup","testing","PENDING_NETWORK_RETRIEVAL"
"221218","221218.wav","culex pipiens complex","IFA_47_33_1873.wav","16-06-20 00:00","5.06","LT","Female","f","Single","telinga","tascam","Tanzania","cup","training","PENDING_NETWORK_RETRIEVAL"
"221217","221217.wav","culex pipiens complex","IFA_47_33_1873.wav","16-06-20 00:00","28.16","LT","Female","f","Single","telinga","tascam","Tanzania","cup","training","PENDING_NETWORK_RETRIEVAL"
"221252","221252.wav","ma uniformis","IFA_47_35_1875.wav","16-06-20 00:00","2.56","LT","Female","f","Single","telinga","tascam","Tanzania","cup","testing","PENDING_NETWORK_RETRIEVAL"
"221233","221233.wav","an arabiensis","IFA_48_10_1890.wav","16-06-20 00:00","2.56","LT","Female","f","Single","telinga","tascam","Tanzania","cup","validation","PENDING_NETWORK_RETRIEVAL"
"221225","221225.wav","an arabiensis","IFA_48_11_1891.wav","16-06-20 00:00","12.8","LT","Female","f","Single","telinga","tascam","Tanzania","cup","training","PENDING_NETWORK_RETRIEVAL"
"221224","221224.wav","an arabiensis","IFA_48_11_1891.wav","16-06-20 00:00","2.56","LT","Female","f","Single","telinga","tascam","Tanzania","cup","training","PENDING_NETWORK_RETRIEVAL"
"221226","221226.wav","an arabiensis","IFA_48_11_1891.wav","16-06-20 00:00","2.56","LT","Female","f","Single","telinga","tascam","Tanzania","cup","training","PENDING_NETWORK_RETRIEVAL"
"221241","221241.wav","an arabiensis","IFA_48_12_1892.wav","16-06-20 00:00","12.8","LT","Female","f","Single","telinga","tascam","Tanzania","cup","training","PENDING_NETWORK_RETRIEVAL"
"221240","221240.wav","an arabiensis","IFA_48_12_1892.wav","16-06-20 00:00","2.56","LT","Female","f","Single","telinga","tascam","Tanzania","cup","training","PENDING_NETWORK_RETRIEVAL"
"221257","221257.wav","an arabiensis","IFA_48_13_1893.wav","16-06-20 00:00","2.56","LT","Female","f","Single","telinga","tascam","Tanzania","cup","training","PENDING_NETWORK_RETRIEVAL"
"221256","221256.wav","an arabiensis","IFA_48_13_1893.wav","16-06-20 00:00","2.56","LT","Female","f","Single","telinga","tascam","Tanzania","cup","training","PENDING_NETWORK_RETRIEVAL"
"221258","221258.wav","an arabiensis","IFA_48_13_1893.wav","16-06-20 00:00","20.42","LT","Female","f","Single","telinga","tascam","Tanzania","cup","training","PENDING_NETWORK_RETRIEVAL"
"221227","221227.wav","an arabiensis","IFA_48_15_1895.wav","16-06-20 00:00","58.82","LT","Female","f","Single","telinga","tascam","Tanzania","cup","training","PENDING_NETWORK_RETRIEVAL"
"221231","221231.wav","an arabiensis","IFA_48_16_1896.wav","16-06-20 00:00","35.78","LT","Female","f","Single","telinga","tascam","Tanzania","cup","testing","PENDING_NETWORK_RETRIEVAL"
"221244","221244.wav","culex pipiens complex","IFA_48_19_1899.wav","16-06-20 00:00","25.54","LT","Female","f","Single","telinga","tascam","Tanzania","cup","training","PENDING_NETWORK_RETRIEVAL"
"221243","221243.wav","culex pipiens complex","IFA_48_19_1899.wav","16-06-20 00:00","5.12","LT","Female","f","Single","telinga","tascam","Tanzania","cup","training","PENDING_NETWORK_RETRIEVAL"
"221219","221219.wav","culex pipiens complex","IFA_48_20_1900.wav","16-06-20 00:00","28.1","LT","Female","f","Single","telinga","tascam","Tanzania","cup","validation","PENDING_NETWORK_RETRIEVAL"
"221234","221234.wav","culex pipiens complex","IFA_48_21_1901.wav","16-06-20 00:00","28.1","LT","Female","f","Single","telinga","tascam","Tanzania","cup","testing","PENDING_NETWORK_RETRIEVAL"
"221239","221239.wav","an arabiensis","IFA_48_22_1902.wav","16-06-20 00:00","35.78","LT","Female","f","Single","telinga","tascam","Tanzania","cup","validation","PENDING_NETWORK_RETRIEVAL"
"221255","221255.wav","an arabiensis","IFA_48_24_1904.wav","16-06-20 00:00","2.56","LT","Female","f","Single","telinga","tascam","Tanzania","cup","training","PENDING_NETWORK_RETRIEVAL"
"221254","221254.wav","an arabiensis","IFA_48_24_1904.wav","16-06-20 00:00","2.56","LT","Female","f","Single","telinga","tascam","Tanzania","cup","training","PENDING_NETWORK_RETRIEVAL"
"221253","221253.wav","an arabiensis","IFA_48_24_1904.wav","16-06-20 00:00","5.12","LT","Female","f","Single","telinga","tascam","Tanzania","cup","training","PENDING_NETWORK_RETRIEVAL"
"221223","221223.wav","culex pipiens complex","IFA_48_27_1907.wav","16-06-20 00:00","2.56","LT","Female","f","Single","telinga","tascam","Tanzania","cup","validation","PENDING_NETWORK_RETRIEVAL"
"221222","221222.wav","culex pipiens complex","IFA_48_27_1907.wav","16-06-20 00:00","2.56","LT","Female","f","Single","telinga","tascam","Tanzania","cup","validation","PENDING_NETWORK_RETRIEVAL"
"221245","221245.wav","culex pipiens complex","IFA_48_28_1908.wav","16-06-20 00:00","17.92","LT","Female","f","Single","telinga","tascam","Tanzania","cup","training","PENDING_NETWORK_RETRIEVAL"
"221246","221246.wav","culex pipiens complex","IFA_48_28_1908.wav","16-06-20 00:00","12.8","LT","Female","f","Single","telinga","tascam","Tanzania","cup","training","PENDING_NETWORK_RETRIEVAL"
"221248","221248.wav","culex pipiens complex","IFA_48_29_1909.wav","16-06-20 00:00","2.56","LT","Male","f","Single","telinga","tascam","Tanzania","cup","training","PENDING_NETWORK_RETRIEVAL"
"221260","221260.wav","an arabiensis","IFA_48_30_1910.wav","16-06-20 00:00","7.68","LT","Female","f","Single","telinga","tascam","Tanzania","cup","validation","PENDING_NETWORK_RETRIEVAL"
"221259","221259.wav","ma uniformis","IFA_48_33_1913.wav","16-06-20 00:00","2.56","LT","Female","f","Single","telinga","tascam","Tanzania","cup","training","PENDING_NETWORK_RETRIEVAL"
"221251","221251.wav","culex pipiens complex","IFA_48_34_1914.wav","16-06-20 00:00","12.8","LT","Female","f","Single","telinga","tascam","Tanzania","cup","validation","PENDING_NETWORK_RETRIEVAL"
"221250","221250.wav","culex pipiens complex","IFA_48_34_1914.wav","16-06-20 00:00","15.36","LT","Female","f","Single","telinga","tascam","Tanzania","cup","validation","PENDING_NETWORK_RETRIEVAL"
"221232","221232.wav","culex pipiens complex","IFA_49_10_1930.wav","16-06-20 00:00","28.16","LT","Female","f","Single","telinga","tascam","Tanzania","cup","training","PENDING_NETWORK_RETRIEVAL"
"221238","221238.wav","culex pipiens complex","IFA_49_11_1931.wav","16-06-20 00:00","7.68","LT","Male","f","Single","telinga","tascam","Tanzania","cup","training","PENDING_NETWORK_RETRIEVAL"
"221235","221235.wav","culex pipiens complex","IFA_49_11_1931.wav","16-06-20 00:00","2.56","LT","Male","f","Single","telinga","tascam","Tanzania","cup","training","PENDING_NETWORK_RETRIEVAL"
"221236","221236.wav","culex pipiens complex","IFA_49_11_1931.wav","16-06-20 00:00","2.56","LT","Male","f","Single","telinga","tascam","Tanzania","cup","training","PENDING_NETWORK_RETRIEVAL"
"221237","221237.wav","culex pipiens complex","IFA_49_11_1931.wav","16-06-20 00:00","2.56","LT","Male","f","Single","telinga","tascam","Tanzania","cup","training","PENDING_NETWORK_RETRIEVAL"
"221321","221321.wav","an arabiensis","IFA_49_18_1938.wav","17-06-20 00:00","12.8","LT","Female","f","Single","telinga","tascam","Tanzania","cup","training","PENDING_NETWORK_RETRIEVAL"
"221320","221320.wav","an arabiensis","IFA_49_18_1938.wav","17-06-20 00:00","5.12","LT","Female","f","Single","telinga","tascam","Tanzania","cup","training","PENDING_NETWORK_RETRIEVAL"
"221322","221322.wav","an arabiensis","IFA_49_18_1938.wav","17-06-20 00:00","5.12","LT","Female","f","Single","telinga","tascam","Tanzania","cup","training","PENDING_NETWORK_RETRIEVAL"
"221341","221341.wav","an arabiensis","IFA_49_19_1939.wav","17-06-20 00:00","12.8","LT","Female","f","Single","telinga","tascam","Tanzania","cup","training","PENDING_NETWORK_RETRIEVAL"
"221342","221342.wav","an arabiensis","IFA_49_19_1939.wav","17-06-20 00:00","20.48","LT","Female","f","Single","telinga","tascam","Tanzania","cup","training","PENDING_NETWORK_RETRIEVAL"
"221343","221343.wav","an arabiensis","IFA_49_19_1939.wav","17-06-20 00:00","2.56","LT","Female","f","Single","telinga","tascam","Tanzania","cup","training","PENDING_NETWORK_RETRIEVAL"
"221318","221318.wav","an arabiensis","IFA_49_23_1943.wav","17-06-20 00:00","23.04","LT","Female","f","Single","telinga","tascam","Tanzania","cup","training","PENDING_NETWORK_RETRIEVAL"
"221313","221313.wav","an arabiensis","IFA_49_24_1944.wav","17-06-20 00:00","35.78","LT","Female","f","Single","telinga","tascam","Tanzania","cup","training","PENDING_NETWORK_RETRIEVAL"
"221361","221361.wav","an arabiensis","IFA_49_25_1945.wav","17-06-20 00:00","33.22","LT","Female","f","Single","telinga","tascam","Tanzania","cup","validation","PENDING_NETWORK_RETRIEVAL"
"221311","221311.wav","an arabiensis","IFA_49_26_1946.wav","17-06-20 00:00","20.42","LT","Female","f","Single","telinga","tascam","Tanzania","cup","training","PENDING_NETWORK_RETRIEVAL"
"221310","221310.wav","an arabiensis","IFA_49_26_1946.wav","17-06-20 00:00","20.48","LT","Female","f","Single","telinga","tascam","Tanzania","cup","training","PENDING_NETWORK_RETRIEVAL"
"221348","221348.wav","an arabiensis","IFA_49_27_1947.wav","17-06-20 00:00","38.34","LT","Female","f","Single","telinga","tascam","Tanzania","cup","testing","PENDING_NETWORK_RETRIEVAL"
"221327","221327.wav","an arabiensis","IFA_49_28_1948.wav","17-06-20 00:00","7.68","LT","Female","f","Single","telinga","tascam","Tanzania","cup","validation","PENDING_NETWORK_RETRIEVAL"
"221328","221328.wav","an arabiensis","IFA_49_28_1948.wav","17-06-20 00:00","38.34","LT","Female","f","Single","telinga","tascam","Tanzania","cup","validation","PENDING_NETWORK_RETRIEVAL"
"221375","221375.wav","an arabiensis","IFA_49_29_1949.wav","17-06-20 00:00","33.22","LT","Female","f","Single","telinga","tascam","Tanzania","cup","training","PENDING_NETWORK_RETRIEVAL"
"221370","221370.wav","an arabiensis","IFA_49_30_1950.wav","17-06-20 00:00","20.42","LT","Female","f","Single","telinga","tascam","Tanzania","cup","testing","PENDING_NETWORK_RETRIEVAL"
"221369","221369.wav","an arabiensis","IFA_49_30_1950.wav","17-06-20 00:00","7.68","LT","Female","f","Single","telinga","tascam","Tanzania","cup","testing","PENDING_NETWORK_RETRIEVAL"
"221356","221356.wav","an arabiensis","IFA_49_31_1951.wav","17-06-20 00:00","38.34","LT","Female","f","Single","telinga","tascam","Tanzania","cup","training","PENDING_NETWORK_RETRIEVAL"
"221357","221357.wav","an arabiensis","IFA_49_32_1952.wav","17-06-20 00:00","25.54","LT","Female","f","Single","telinga","tascam","Tanzania","cup","testing","PENDING_NETWORK_RETRIEVAL"
"221345","221345.wav","an arabiensis","IFA_49_36_1956.wav","17-06-20 00:00","25.6","LT","Female","f","Single","telinga","tascam","Tanzania","cup","training","PENDING_NETWORK_RETRIEVAL"
"221374","221374.wav","an arabiensis","IFA_49_37_1957.wav","17-06-20 00:00","20.42","LT","Female","f","Single","telinga","tascam","Tanzania","cup","training","PENDING_NETWORK_RETRIEVAL"
"221373","221373.wav","an arabiensis","IFA_49_37_1957.wav","17-06-20 00:00","5.12","LT","Female","f","Single","telinga","tascam","Tanzania","cup","training","PENDING_NETWORK_RETRIEVAL"
"221325","221325.wav","an arabiensis","IFA_49_38_1958.wav","17-06-20 00:00","33.22","LT","Female","f","Single","telinga","tascam","Tanzania","cup","training","PENDING_NETWORK_RETRIEVAL"
"221324","221324.wav","an arabiensis","IFA_49_38_1958.wav","17-06-20 00:00","7.68","LT","Female","f","Single","telinga","tascam","Tanzania","cup","training","PENDING_NETWORK_RETRIEVAL"
"221314","221314.wav","an arabiensis","IFA_49_40_1960.wav","17-06-20 00:00","28.1","LT","Female","f","Single","telinga","tascam","Tanzania","cup","testing","PENDING_NETWORK_RETRIEVAL"
"221352","221352.wav","an arabiensis","IFA_50_10_1970.wav","17-06-20 00:00","10.24","LT","Female","f","Single","telinga","tascam","Tanzania","cup","training","PENDING_NETWORK_RETRIEVAL"
"221354","221354.wav","an arabiensis","IFA_50_10_1970.wav","17-06-20 00:00","15.36","LT","Female","f","Single","telinga","tascam","Tanzania","cup","training","PENDING_NETWORK_RETRIEVAL"
"221353","221353.wav","an arabiensis","IFA_50_10_1970.wav","17-06-20 00:00","7.68","LT","Female","f","Single","telinga","tascam","Tanzania","cup","training","PENDING_NETWORK_RETRIEVAL"
"221355","221355.wav","an arabiensis","IFA_50_10_1970.wav","17-06-20 00:00","2.56","LT","Female","f","Single","telinga","tascam","Tanzania","cup","training","PENDING_NETWORK_RETRIEVAL"
"221362","221362.wav","an arabiensis","IFA_50_14_1974.wav","17-06-20 00:00","20.48","LT","Female","f","Single","telinga","tascam","Tanzania","cup","testing","PENDING_NETWORK_RETRIEVAL"
"221363","221363.wav","an arabiensis","IFA_50_14_1974.wav","17-06-20 00:00","10.18","LT","Female","f","Single","telinga","tascam","Tanzania","cup","testing","PENDING_NETWORK_RETRIEVAL"
"221458","221458.wav","an arabiensis","IFA_50_21_1981.wav","17-06-20 00:00","5.12","LT","Female","f","Single","telinga","tascam","Tanzania","cup","validation","PENDING_NETWORK_RETRIEVAL"
"221474","221474.wav","an arabiensis","IFA_50_22_1982.wav","17-06-20 00:00","15.36","LT","Female","f","Single","telinga","tascam","Tanzania","cup","testing","PENDING_NETWORK_RETRIEVAL"
"221470","221470.wav","an arabiensis","IFA_50_23_1983.wav","17-06-20 00:00","7.68","LT","Female","f","Single","telinga","tascam","Tanzania","cup","testing","PENDING_NETWORK_RETRIEVAL"
"221472","221472.wav","an arabiensis","IFA_50_23_1983.wav","17-06-20 00:00","5.12","LT","Female","f","Single","telinga","tascam","Tanzania","cup","testing","PENDING_NETWORK_RETRIEVAL"
"221471","221471.wav","an arabiensis","IFA_50_23_1983.wav","17-06-20 00:00","5.12","LT","Female","f","Single","telinga","tascam","Tanzania","cup","testing","PENDING_NETWORK_RETRIEVAL"
"221461","221461.wav","an arabiensis","IFA_50_28_1988.wav","17-06-20 00:00","30.66","LT","Female","f","Single","telinga","tascam","Tanzania","cup","training","PENDING_NETWORK_RETRIEVAL"
"221487","221487.wav","culex pipiens complex","IFA_50_29_1989.wav","17-06-20 00:00","33.28","LT","Female","f","Single","telinga","tascam","Tanzania","cup","testing","PENDING_NETWORK_RETRIEVAL"
"221469","221469.wav","culex pipiens complex","IFA_50_31_1991.wav","17-06-20 00:00","2.5","LT","Female","f","Single","telinga","tascam","Tanzania","cup","validation","PENDING_NETWORK_RETRIEVAL"
"221468","221468.wav","culex pipiens complex","IFA_50_31_1991.wav","17-06-20 00:00","5.12","LT","Female","f","Single","telinga","tascam","Tanzania","cup","validation","PENDING_NETWORK_RETRIEVAL"
"221478","221478.wav","culex pipiens complex","IFA_50_32_1992.wav","17-06-20 00:00","20.48","LT","Female","f","Single","telinga","tascam","Tanzania","cup","training","PENDING_NETWORK_RETRIEVAL"
"221477","221477.wav","culex pipiens complex","IFA_50_32_1992.wav","17-06-20 00:00","23.04","LT","Female","f","Single","telinga","tascam","Tanzania","cup","training","PENDING_NETWORK_RETRIEVAL"
"221473","221473.wav","culex pipiens complex","IFA_50_33_1993.wav","17-06-20 00:00","30.72","LT","Female","f","Single","telinga","tascam","Tanzania","cup","validation","PENDING_NETWORK_RETRIEVAL"
"221481","221481.wav","culex pipiens complex","IFA_50_35_1995.wav","17-06-20 00:00","30.72","LT","Female","f","Single","telinga","tascam","Tanzania","cup","training","PENDING_NETWORK_RETRIEVAL"
"221480","221480.wav","culex pipiens complex","IFA_50_35_1995.wav","17-06-20 00:00","5.12","LT","Female","f","Single","telinga","tascam","Tanzania","cup","training","PENDING_NETWORK_RETRIEVAL"
"221464","221464.wav","ma uniformis","IFA_50_36_1996.wav","17-06-20 00:00","17.92","LT","Female","f","Single","telinga","tascam","Tanzania","cup","training","PENDING_NETWORK_RETRIEVAL"
"221456","221456.wav","culex pipiens complex","IFA_50_37_1997.wav","17-06-20 00:00","25.54","LT","Female","f","Single","telinga","tascam","Tanzania","cup","validation","PENDING_NETWORK_RETRIEVAL"
"221482","221482.wav","culex pipiens complex","IFA_50_38_1998.wav","17-06-20 00:00","20.42","LT","Female","f","Single","telinga","tascam","Tanzania","cup","training","PENDING_NETWORK_RETRIEVAL"
"221457","221457.wav","culex pipiens complex","IFA_50_40_2000.wav","17-06-20 00:00","28.1","LT","Female","f","Single","telinga","tascam","Tanzania","cup","validation","PENDING_NETWORK_RETRIEVAL"
"221492","221492.wav","culex pipiens complex","IFA_51_12_2012.wav","17-06-20 00:00","33.22","LT","Female","f","Single","telinga","tascam","Tanzania","cup","training","PENDING_NETWORK_RETRIEVAL"
"221459","221459.wav","culex pipiens complex","IFA_51_13_2013.wav","17-06-20 00:00","2.56","LT","Female","f","Single","telinga","tascam","Tanzania","cup","training","PENDING_NETWORK_RETRIEVAL"
"221460","221460.wav","culex pipiens complex","IFA_51_13_2013.wav","17-06-20 00:00","17.92","LT","Female","f","Single","telinga","tascam","Tanzania","cup","training","PENDING_NETWORK_RETRIEVAL"
"221483","221483.wav","culex pipiens complex","IFA_51_14_2014.wav","17-06-20 00:00","46.02","LT","Female","f","Single","telinga","tascam","Tanzania","cup","training","PENDING_NETWORK_RETRIEVAL"
"221412","221412.wav","an arabiensis","IFA_51_19_2019.wav","21-06-20 00:00","2.56","LT","Female","f","Single","telinga","tascam","Tanzania","cup","training","PENDING_NETWORK_RETRIEVAL"
"221378","221378.wav","an arabiensis","IFA_51_20_2020.wav","21-06-20 00:00","2.56","LT","Female","f","Single","telinga","tascam","Tanzania","cup","training","PENDING_NETWORK_RETRIEVAL"
"221389","221389.wav","an arabiensis","IFA_51_21_2021.wav","21-06-20 00:00","2.56","LT","Female","f","Single","telinga","tascam","Tanzania","cup","training","PENDING_NETWORK_RETRIEVAL"
"221388","221388.wav","an arabiensis","IFA_51_21_2021.wav","21-06-20 00:00","2.56","LT","Female","f","Single","telinga","tascam","Tanzania","cup","training","PENDING_NETWORK_RETRIEVAL"
"221403","221403.wav","an arabiensis","IFA_51_22_2022.wav","21-06-20 00:00","15.36","LT","Female","f","Single","telinga","tascam","Tanzania","cup","validation","PENDING_NETWORK_RETRIEVAL"
"221402","221402.wav","an arabiensis","IFA_51_22_2022.wav","21-06-20 00:00","5.12","LT","Female","f","Single","telinga","tascam","Tanzania","cup","validation","PENDING_NETWORK_RETRIEVAL"
"221390","221390.wav","an arabiensis","IFA_51_24_2024.wav","21-06-20 00:00","2.56","LT","Female","f","Single","telinga","tascam","Tanzania","cup","training","PENDING_NETWORK_RETRIEVAL"
"221396","221396.wav","an arabiensis","IFA_51_28_2028.wav","21-06-20 00:00","5.12","LT","Female","f","Single","telinga","tascam","Tanzania","cup","validation","PENDING_NETWORK_RETRIEVAL"
"221395","221395.wav","an arabiensis","IFA_51_28_2028.wav","21-06-20 00:00","2.56","LT","Female","f","Single","telinga","tascam","Tanzania","cup","validation","PENDING_NETWORK_RETRIEVAL"
"221382","221382.wav","an arabiensis","IFA_51_30_2030.wav","21-06-20 00:00","22.98","LT","Female","f","Single","telinga","tascam","Tanzania","cup","training","PENDING_NETWORK_RETRIEVAL"
"221381","221381.wav","an arabiensis","IFA_51_30_2030.wav","21-06-20 00:00","2.56","LT","Female","f","Single","telinga","tascam","Tanzania","cup","training","PENDING_NETWORK_RETRIEVAL"
"221387","221387.wav","an arabiensis","IFA_51_31_2031.wav","21-06-20 00:00","35.78","LT","Female","f","Single","telinga","tascam","Tanzania","cup","training","PENDING_NETWORK_RETRIEVAL"
"221376","221376.wav","an arabiensis","IFA_51_32_2032.wav","21-06-20 00:00","2.56","LT","Female","f","Single","telinga","tascam","Tanzania","cup","training","PENDING_NETWORK_RETRIEVAL"
"221377","221377.wav","an arabiensis","IFA_51_32_2032.wav","21-06-20 00:00","10.18","LT","Female","f","Single","telinga","tascam","Tanzania","cup","training","PENDING_NETWORK_RETRIEVAL"
"221385","221385.wav","an arabiensis","IFA_51_34_2034.wav","21-06-20 00:00","28.16","LT","Female","f","Single","telinga","tascam","Tanzania","cup","validation","PENDING_NETWORK_RETRIEVAL"
"221411","221411.wav","an arabiensis","IFA_51_35_2035.wav","21-06-20 00:00","10.18","LT","Female","f","Single","telinga","tascam","Tanzania","cup","training","PENDING_NETWORK_RETRIEVAL"
"221410","221410.wav","an arabiensis","IFA_51_35_2035.wav","21-06-20 00:00","30.72","LT","Female","f","Single","telinga","tascam","Tanzania","cup","training","PENDING_NETWORK_RETRIEVAL"
"221404","221404.wav","an arabiensis","IFA_51_36_2036.wav","21-06-20 00:00","35.78","LT","Female","f","Single","telinga","tascam","Tanzania","cup","training","PENDING_NETWORK_RETRIEVAL"
"221393","221393.wav","an arabiensis","IFA_51_37_2037.wav","21-06-20 00:00","2.56","LT","Female","f","Single","telinga","tascam","Tanzania","cup","testing","PENDING_NETWORK_RETRIEVAL"
"221394","221394.wav","an arabiensis","IFA_51_37_2037.wav","21-06-20 00:00","2.5","LT","Female","f","Single","telinga","tascam","Tanzania","cup","testing","PENDING_NETWORK_RETRIEVAL"
"221392","221392.wav","an arabiensis","IFA_51_37_2037.wav","21-06-20 00:00","5.12","LT","Female","f","Single","telinga","tascam","Tanzania","cup","testing","PENDING_NETWORK_RETRIEVAL"
"221391","221391.wav","an arabiensis","IFA_51_37_2037.wav","21-06-20 00:00","10.24","LT","Female","f","Single","telinga","tascam","Tanzania","cup","testing","PENDING_NETWORK_RETRIEVAL"
"221379","221379.wav","an arabiensis","IFA_51_38_2038.wav","21-06-20 00:00","48.58","LT","Female","f","Single","telinga","tascam","Tanzania","cup","training","PENDING_NETWORK_RETRIEVAL"
"221384","221384.wav","an arabiensis","IFA_51_39_2039.wav","21-06-20 00:00","22.98","LT","Female","f","Single","telinga","tascam","Tanzania","cup","training","PENDING_NETWORK_RETRIEVAL"
"221383","221383.wav","an arabiensis","IFA_51_39_2039.wav","21-06-20 00:00","2.56","LT","Female","f","Single","telinga","tascam","Tanzania","cup","training","PENDING_NETWORK_RETRIEVAL"
"221386","221386.wav","an arabiensis","IFA_51_40_2040.wav","21-06-20 00:00","10.24","LT","Female","f","Single","telinga","tascam","Tanzania","cup","training","PENDING_NETWORK_RETRIEVAL"
"221405","221405.wav","an arabiensis","IFA_52_10_2050.wav","21-06-20 00:00","7.68","LT","Female","f","Single","telinga","tascam","Tanzania","cup","training","PENDING_NETWORK_RETRIEVAL"
"221406","221406.wav","an arabiensis","IFA_52_10_2050.wav","21-06-20 00:00","7.68","LT","Female","f","Single","telinga","tascam","Tanzania","cup","training","PENDING_NETWORK_RETRIEVAL"
"221407","221407.wav","an arabiensis","IFA_52_10_2050.wav","21-06-20 00:00","2.5","LT","Female","f","Single","telinga","tascam","Tanzania","cup","training","PENDING_NETWORK_RETRIEVAL"
"221399","221399.wav","an arabiensis","IFA_52_11_2051.wav","21-06-20 00:00","15.36","LT","Female","f","Single","telinga","tascam","Tanzania","cup","validation","PENDING_NETWORK_RETRIEVAL"
"221401","221401.wav","an arabiensis","IFA_52_11_2051.wav","21-06-20 00:00","12.74","LT","Female","f","Single","telinga","tascam","Tanzania","cup","validation","PENDING_NETWORK_RETRIEVAL"
"221400","221400.wav","an arabiensis","IFA_52_11_2051.wav","21-06-20 00:00","2.56","LT","Female","f","Single","telinga","tascam","Tanzania","cup","validation","PENDING_NETWORK_RETRIEVAL"
"221380","221380.wav","culex pipiens complex","IFA_52_12_2052.wav","21-06-20 00:00","30.66","LT","Female","f","Single","telinga","tascam","Tanzania","cup","training","PENDING_NETWORK_RETRIEVAL"
"221408","221408.wav","an arabiensis","IFA_52_13_2053.wav","21-06-20 00:00","7.68","LT","Female","f","Single","telinga","tascam","Tanzania","cup","training","PENDING_NETWORK_RETRIEVAL"
"221409","221409.wav","an arabiensis","IFA_52_13_2053.wav","21-06-20 00:00","33.22","LT","Female","f","Single","telinga","tascam","Tanzania","cup","training","PENDING_NETWORK_RETRIEVAL"
"221397","221397.wav","culex pipiens complex","IFA_52_15_2055.wav","21-06-20 00:00","2.56","LT","Female","f","Single","telinga","tascam","Tanzania","cup","training","PENDING_NETWORK_RETRIEVAL"
"221398","221398.wav","culex pipiens complex","IFA_52_15_2055.wav","21-06-20 00:00","25.6","LT","Female","f","Single","telinga","tascam","Tanzania","cup","training","PENDING_NETWORK_RETRIEVAL"
"221433","221433.wav","an arabiensis","IFA_52_18_2058.wav","21-06-20 00:00","51.14","LT","Female","f","Single","telinga","tascam","Tanzania","cup","training","PENDING_NETWORK_RETRIEVAL"
"221425","221425.wav","an arabiensis","IFA_52_20_2060.wav","21-06-20 00:00","48.58","LT","Female","f","Single","telinga","tascam","Tanzania","cup","training","PENDING_NETWORK_RETRIEVAL"
"221443","221443.wav","an arabiensis","IFA_52_21_2061.wav","21-06-20 00:00","7.68","LT","Female","f","Single","telinga","tascam","Tanzania","cup","training","PENDING_NETWORK_RETRIEVAL"
"221424","221424.wav","an arabiensis","IFA_52_24_2064.wav","21-06-20 00:00","30.66","LT","Female","f","Single","telinga","tascam","Tanzania","cup","validation","PENDING_NETWORK_RETRIEVAL"
"221422","221422.wav","an arabiensis","IFA_52_25_2065.wav","21-06-20 00:00","43.52","LT","Female","f","Single","telinga","tascam","Tanzania","cup","testing","PENDING_NETWORK_RETRIEVAL"
"221453","221453.wav","an arabiensis","IFA_52_27_2067.wav","21-06-20 00:00","28.16","LT","Female","f","Single","telinga","tascam","Tanzania","cup","training","PENDING_NETWORK_RETRIEVAL"
"221452","221452.wav","an arabiensis","IFA_52_27_2067.wav","21-06-20 00:00","5.12","LT","Female","f","Single","telinga","tascam","Tanzania","cup","training","PENDING_NETWORK_RETRIEVAL"
"221454","221454.wav","an arabiensis","IFA_52_29_2069.wav","21-06-20 00:00","35.84","LT","Female","f","Single","telinga","tascam","Tanzania","cup","validation","PENDING_NETWORK_RETRIEVAL"
"221455","221455.wav","an arabiensis","IFA_52_30_2070.wav","21-06-20 00:00","38.34","LT","Female","f","Single","telinga","tascam","Tanzania","cup","training","PENDING_NETWORK_RETRIEVAL"
"221429","221429.wav","an arabiensis","IFA_52_31_2071.wav","21-06-20 00:00","10.24","LT","Female","f","Single","telinga","tascam","Tanzania","cup","testing","PENDING_NETWORK_RETRIEVAL"
"221428","221428.wav","an arabiensis","IFA_52_31_2071.wav","21-06-20 00:00","12.8","LT","Female","f","Single","telinga","tascam","Tanzania","cup","testing","PENDING_NETWORK_RETRIEVAL"
"221448","221448.wav","an arabiensis","IFA_52_32_2072.wav","21-06-20 00:00","10.24","LT","Female","f","Single","telinga","tascam","Tanzania","cup","testing","PENDING_NETWORK_RETRIEVAL"
"221449","221449.wav","an arabiensis","IFA_52_32_2072.wav","21-06-20 00:00","2.56","LT","Female","f","Single","telinga","tascam","Tanzania","cup","testing","PENDING_NETWORK_RETRIEVAL"
"221450","221450.wav","an arabiensis","IFA_52_32_2072.wav","21-06-20 00:00","12.8","LT","Female","f","Single","telinga","tascam","Tanzania","cup","testing","PENDING_NETWORK_RETRIEVAL"
"221451","221451.wav","an arabiensis","IFA_52_32_2072.wav","21-06-20 00:00","5.12","LT","Female","f","Single","telinga","tascam","Tanzania","cup","testing","PENDING_NETWORK_RETRIEVAL"
"221418","221418.wav","culex pipiens complex","IFA_52_33_2073.wav","21-06-20 00:00","10.24","LT","Female","f","Single","telinga","tascam","Tanzania","cup","training","PENDING_NETWORK_RETRIEVAL"
"221419","221419.wav","culex pipiens complex","IFA_52_33_2073.wav","21-06-20 00:00","12.8","LT","Female","f","Single","telinga","tascam","Tanzania","cup","training","PENDING_NETWORK_RETRIEVAL"
"221420","221420.wav","culex pipiens complex","IFA_52_33_2073.wav","21-06-20 00:00","10.18","LT","Female","f","Single","telinga","tascam","Tanzania","cup","training","PENDING_NETWORK_RETRIEVAL"
"221441","221441.wav","an arabiensis","IFA_52_35_2075.wav","21-06-20 00:00","12.8","LT","Female","f","Single","telinga","tascam","Tanzania","cup","training","PENDING_NETWORK_RETRIEVAL"
"221442","221442.wav","an arabiensis","IFA_52_35_2075.wav","21-06-20 00:00","5.12","LT","Female","f","Single","telinga","tascam","Tanzania","cup","training","PENDING_NETWORK_RETRIEVAL"
"221447","221447.wav","an arabiensis","IFA_52_38_2078.wav","21-06-20 00:00","10.18","LT","Female","f","Single","telinga","tascam","Tanzania","cup","validation","PENDING_NETWORK_RETRIEVAL"
"221444","221444.wav","an arabiensis","IFA_52_38_2078.wav","21-06-20 00:00","15.36","LT","Female","f","Single","telinga","tascam","Tanzania","cup","validation","PENDING_NETWORK_RETRIEVAL"
"221446","221446.wav","an arabiensis","IFA_52_38_2078.wav","21-06-20 00:00","2.56","LT","Female","f","Single","telinga","tascam","Tanzania","cup","validation","PENDING_NETWORK_RETRIEVAL"
"221445","221445.wav","an arabiensis","IFA_52_38_2078.wav","21-06-20 00:00","7.68","LT","Female","f","Single","telinga","tascam","Tanzania","cup","validation","PENDING_NETWORK_RETRIEVAL"
"221427","221427.wav","an arabiensis","IFA_52_39_2079.wav","21-06-20 00:00","10.24","LT","Female","f","Single","telinga","tascam","Tanzania","cup","training","PENDING_NETWORK_RETRIEVAL"
"221426","221426.wav","an arabiensis","IFA_52_39_2079.wav","21-06-20 00:00","5.12","LT","Female","f","Single","telinga","tascam","Tanzania","cup","training","PENDING_NETWORK_RETRIEVAL"
"221416","221416.wav","an arabiensis","IFA_52_40_2080.wav","21-06-20 00:00","2.56","LT","Female","f","Single","telinga","tascam","Tanzania","cup","training","PENDING_NETWORK_RETRIEVAL"
"221526","221526.wav","an arabiensis","IFA_53_10_2090.wav","22-06-20 00:00","2.56","LT","Female","f","Single","telinga","tascam","Tanzania","cup","training","PENDING_NETWORK_RETRIEVAL"
"221528","221528.wav","an arabiensis","IFA_53_10_2090.wav","22-06-20 00:00","2.56","LT","Female","f","Single","telinga","tascam","Tanzania","cup","training","PENDING_NETWORK_RETRIEVAL"
"221527","221527.wav","an arabiensis","IFA_53_10_2090.wav","22-06-20 00:00","7.68","LT","Female","f","Single","telinga","tascam","Tanzania","cup","training","PENDING_NETWORK_RETRIEVAL"
"221509","221509.wav","an arabiensis","IFA_53_11_2091.wav","22-06-20 00:00","10.24","LT","Female","f","Single","telinga","tascam","Tanzania","cup","validation","PENDING_NETWORK_RETRIEVAL"
"221508","221508.wav","an arabiensis","IFA_53_11_2091.wav","22-06-20 00:00","25.6","LT","Female","f","Single","telinga","tascam","Tanzania","cup","validation","PENDING_NETWORK_RETRIEVAL"
"221546","221546.wav","ma uniformis","IFA_53_12_2092.wav","22-06-20 00:00","25.6","LT","Female","f","Single","telinga","tascam","Tanzania","cup","validation","PENDING_NETWORK_RETRIEVAL"
"221505","221505.wav","an arabiensis","IFA_53_14_2094.wav","22-06-20 00:00","38.34","LT","Female","f","Single","telinga","tascam","Tanzania","cup","training","PENDING_NETWORK_RETRIEVAL"
"221532","221532.wav","an arabiensis","IFA_53_15_2095.wav","22-06-20 00:00","17.86","LT","Female","f","Single","telinga","tascam","Tanzania","cup","training","PENDING_NETWORK_RETRIEVAL"
"221496","221496.wav","an arabiensis","IFA_53_16_2096.wav","22-06-20 00:00","38.34","LT","Female","f","Single","telinga","tascam","Tanzania","cup","validation","PENDING_NETWORK_RETRIEVAL"
"221537","221537.wav","culex pipiens complex","IFA_53_18_2098.wav","22-06-20 00:00","30.66","LT","Female","f","Single","telinga","tascam","Tanzania","cup","testing","PENDING_NETWORK_RETRIEVAL"
"221504","221504.wav","culex pipiens complex","IFA_53_26_2106.wav","22-06-20 00:00","30.72","LT","Female","f","Single","telinga","tascam","Tanzania","cup","testing","PENDING_NETWORK_RETRIEVAL"
"221516","221516.wav","culex pipiens complex","IFA_53_28_2108.wav","22-06-20 00:00","5.12","LT","Female","f","Single","telinga","tascam","Tanzania","cup","training","PENDING_NETWORK_RETRIEVAL"
"221517","221517.wav","culex pipiens complex","IFA_53_28_2108.wav","22-06-20 00:00","15.3","LT","Female","f","Single","telinga","tascam","Tanzania","cup","training","PENDING_NETWORK_RETRIEVAL"
"221494","221494.wav","culex pipiens complex","IFA_53_34_2114.wav","22-06-20 00:00","5.06","LT","Female","f","Single","telinga","tascam","Tanzania","cup","training","PENDING_NETWORK_RETRIEVAL"
"221519","221519.wav","an arabiensis","IFA_53_36_2116.wav","22-06-20 00:00","12.8","LT","Female","f","Single","telinga","tascam","Tanzania","cup","training","PENDING_NETWORK_RETRIEVAL"
"221533","221533.wav","culex pipiens complex","IFA_53_37_2117.wav","22-06-20 00:00","5.12","LT","Female","f","Single","telinga","tascam","Tanzania","cup","validation","PENDING_NETWORK_RETRIEVAL"
"221534","221534.wav","culex pipiens complex","IFA_53_37_2117.wav","22-06-20 00:00","2.56","LT","Female","f","Single","telinga","tascam","Tanzania","cup","validation","PENDING_NETWORK_RETRIEVAL"
"221506","221506.wav","culex pipiens complex","IFA_53_38_2118.wav","22-06-20 00:00","2.56","LT","Female","f","Single","telinga","tascam","Tanzania","cup","validation","PENDING_NETWORK_RETRIEVAL"
"221507","221507.wav","culex pipiens complex","IFA_53_38_2118.wav","22-06-20 00:00","5.12","LT","Female","f","Single","telinga","tascam","Tanzania","cup","validation","PENDING_NETWORK_RETRIEVAL"
"221498","221498.wav","culex pipiens complex","IFA_53_39_2119.wav","22-06-20 00:00","2.56","LT","Female","f","Single","telinga","tascam","Tanzania","cup","training","PENDING_NETWORK_RETRIEVAL"
"221536","221536.wav","an arabiensis","IFA_54_12_2132.wav","22-06-20 00:00","46.02","LT","Male","f","Single","telinga","tascam","Tanzania","cup","testing","PENDING_NETWORK_RETRIEVAL"
"221497","221497.wav","an arabiensis","IFA_54_13_2133.wav","22-06-20 00:00","25.6","LT","Male","f","Single","telinga","tascam","Tanzania","cup","training","PENDING_NETWORK_RETRIEVAL"
"221510","221510.wav","ma uniformis","IFA_54_14_2134.wav","22-06-20 00:00","15.36","LT","Female","f","Single","telinga","tascam","Tanzania","cup","validation","PENDING_NETWORK_RETRIEVAL"
"221511","221511.wav","ma uniformis","IFA_54_14_2134.wav","22-06-20 00:00","7.62","LT","Female","f","Single","telinga","tascam","Tanzania","cup","validation","PENDING_NETWORK_RETRIEVAL"
"221549","221549.wav","an arabiensis","IFA_54_15_2135.wav","22-06-20 00:00","25.54","LT","Female","f","Single","telinga","tascam","Tanzania","cup","validation","PENDING_NETWORK_RETRIEVAL"
"221501","221501.wav","ma uniformis","IFA_54_17_2137.wav","22-06-20 00:00","38.4","LT","Female","f","Single","telinga","tascam","Tanzania","cup","training","PENDING_NETWORK_RETRIEVAL"
"221502","221502.wav","ma uniformis","IFA_54_17_2137.wav","22-06-20 00:00","2.56","LT","Female","f","Single","telinga","tascam","Tanzania","cup","training","PENDING_NETWORK_RETRIEVAL"
"221520","221520.wav","an arabiensis","IFA_54_18_2138.wav","22-06-20 00:00","28.1","LT","Female","f","Single","telinga","tascam","Tanzania","cup","training","PENDING_NETWORK_RETRIEVAL"
"221521","221521.wav","an arabiensis","IFA_54_19_2139.wav","22-06-20 00:00","35.78","LT","Female","f","Single","telinga","tascam","Tanzania","cup","training","PENDING_NETWORK_RETRIEVAL"
"221493","221493.wav","ma uniformis","IFA_54_23_2143.wav","22-06-20 00:00","33.22","LT","Female","f","Single","telinga","tascam","Tanzania","cup","validation","PENDING_NETWORK_RETRIEVAL"
"221499","221499.wav","culex pipiens complex","IFA_54_25_2145.wav","22-06-20 00:00","30.66","LT","Female","f","Single","telinga","tascam","Tanzania","cup","training","PENDING_NETWORK_RETRIEVAL"
"221538","221538.wav","culex pipiens complex","IFA_54_26_2146.wav","22-06-20 00:00","33.22","LT","Female","f","Single","telinga","tascam","Tanzania","cup","training","PENDING_NETWORK_RETRIEVAL"
"221518","221518.wav","culex pipiens complex","IFA_54_27_2147.wav","22-06-20 00:00","33.28","LT","Female","f","Single","telinga","tascam","Tanzania","cup","training","PENDING_NETWORK_RETRIEVAL"
"221513","221513.wav","culex pipiens complex","IFA_54_28_2148.wav","22-06-20 00:00","12.74","LT","Female","f","Single","telinga","tascam","Tanzania","cup","validation","PENDING_NETWORK_RETRIEVAL"
"221512","221512.wav","culex pipiens complex","IFA_54_28_2148.wav","22-06-20 00:00","15.36","LT","Female","f","Single","telinga","tascam","Tanzania","cup","validation","PENDING_NETWORK_RETRIEVAL"
"221547","221547.wav","culex pipiens complex","IFA_54_29_2149.wav","22-06-20 00:00","35.78","LT","Female","f","Single","telinga","tascam","Tanzania","cup","training","PENDING_NETWORK_RETRIEVAL"
"221495","221495.wav","culex pipiens complex","IFA_54_30_2150.wav","22-06-20 00:00","43.46","LT","Female","f","Single","telinga","tascam","Tanzania","cup","training","PENDING_NETWORK_RETRIEVAL"
"221613","221613.wav","an arabiensis","IFA_54_31_2151.wav","23-06-20 00:00","33.22","LT","Female","f","Single","telinga","tascam","Tanzania","cup","training","PENDING_NETWORK_RETRIEVAL"
"221614","221614.wav","an arabiensis","IFA_54_32_2152.wav","23-06-20 00:00","35.78","LT","Female","f","Single","telinga","tascam","Tanzania","cup","training","PENDING_NETWORK_RETRIEVAL"
"221617","221617.wav","an arabiensis","IFA_54_33_2153.wav","23-06-20 00:00","7.68","LT","Female","f","Single","telinga","tascam","Tanzania","cup","training","PENDING_NETWORK_RETRIEVAL"
"221618","221618.wav","an arabiensis","IFA_54_33_2153.wav","23-06-20 00:00","30.72","LT","Female","f","Single","telinga","tascam","Tanzania","cup","training","PENDING_NETWORK_RETRIEVAL"
"221637","221637.wav","an arabiensis","IFA_54_34_2154.wav","23-06-20 00:00","35.78","LT","Female","f","Single","telinga","tascam","Tanzania","cup","training","PENDING_NETWORK_RETRIEVAL"
"221606","221606.wav","an arabiensis","IFA_54_37_2157.wav","23-06-20 00:00","38.34","LT","Female","f","Single","telinga","tascam","Tanzania","cup","validation","PENDING_NETWORK_RETRIEVAL"
"221610","221610.wav","an arabiensis","IFA_54_38_2158.wav","23-06-20 00:00","2.5","LT","Female","f","Single","telinga","tascam","Tanzania","cup","testing","PENDING_NETWORK_RETRIEVAL"
"221609","221609.wav","an arabiensis","IFA_54_38_2158.wav","23-06-20 00:00","20.48","LT","Female","f","Single","telinga","tascam","Tanzania","cup","testing","PENDING_NETWORK_RETRIEVAL"
"221588","221588.wav","culex pipiens complex","IFA_55_10_2170.wav","23-06-20 00:00","35.78","LT","Female","f","Single","telinga","tascam","Tanzania","cup","training","PENDING_NETWORK_RETRIEVAL"
"221633","221633.wav","culex pipiens complex","IFA_55_11_2171.wav","23-06-20 00:00","25.54","LT","Female","f","Single","telinga","tascam","Tanzania","cup","training","PENDING_NETWORK_RETRIEVAL"
"221555","221555.wav","culex pipiens complex","IFA_55_12_2172.wav","23-06-20 00:00","10.24","LT","Female","f","Single","telinga","tascam","Tanzania","cup","training","PENDING_NETWORK_RETRIEVAL"
"221556","221556.wav","culex pipiens complex","IFA_55_12_2172.wav","23-06-20 00:00","10.18","LT","Female","f","Single","telinga","tascam","Tanzania","cup","training","PENDING_NETWORK_RETRIEVAL"
"221562","221562.wav","an arabiensis","IFA_55_14_2174.wav","23-06-20 00:00","28.1","LT","Female","f","Single","telinga","tascam","Tanzania","cup","testing","PENDING_NETWORK_RETRIEVAL"
"221579","221579.wav","culex pipiens complex","IFA_55_15_2175.wav","23-06-20 00:00","35.84","LT","Female","f","Single","telinga","tascam","Tanzania","cup","training","PENDING_NETWORK_RETRIEVAL"
"221590","221590.wav","an arabiensis","IFA_55_16_2176.wav","23-06-20 00:00","20.48","LT","Female","f","Single","telinga","tascam","Tanzania","cup","validation","PENDING_NETWORK_RETRIEVAL"
"221591","221591.wav","an arabiensis","IFA_55_16_2176.wav","23-06-20 00:00","2.5","LT","Female","f","Single","telinga","tascam","Tanzania","cup","validation","PENDING_NETWORK_RETRIEVAL"
"221560","221560.wav","culex pipiens complex","IFA_55_17_2177.wav","23-06-20 00:00","15.36","LT","Female","f","Single","telinga","tascam","Tanzania","cup","training","PENDING_NETWORK_RETRIEVAL"
"221561","221561.wav","culex pipiens complex","IFA_55_17_2177.wav","23-06-20 00:00","10.24","LT","Female","f","Single","telinga","tascam","Tanzania","cup","training","PENDING_NETWORK_RETRIEVAL"
"221612","221612.wav","culex pipiens complex","IFA_55_19_2179.wav","23-06-20 00:00","10.24","LT","Female","f","Single","telinga","tascam","Tanzania","cup","training","PENDING_NETWORK_RETRIEVAL"
"221611","221611.wav","culex pipiens complex","IFA_55_19_2179.wav","23-06-20 00:00","10.24","LT","Female","f","Single","telinga","tascam","Tanzania","cup","training","PENDING_NETWORK_RETRIEVAL"
"221602","221602.wav","an arabiensis","IFA_55_20_2180.wav","23-06-20 00:00","10.24","LT","Female","f","Single","telinga","tascam","Tanzania","cup","validation","PENDING_NETWORK_RETRIEVAL"
"221601","221601.wav","culex pipiens complex","IFA_55_22_2182.wav","23-06-20 00:00","38.34","LT","Female","f","Single","telinga","tascam","Tanzania","cup","testing","PENDING_NETWORK_RETRIEVAL"
"221571","221571.wav","culex pipiens complex","IFA_55_24_2184.wav","23-06-20 00:00","7.68","LT","Female","f","Single","telinga","tascam","Tanzania","cup","training","PENDING_NETWORK_RETRIEVAL"
"221572","221572.wav","culex pipiens complex","IFA_55_24_2184.wav","23-06-20 00:00","20.48","LT","Female","f","Single","telinga","tascam","Tanzania","cup","training","PENDING_NETWORK_RETRIEVAL"
"221616","221616.wav","culex pipiens complex","IFA_55_25_2185.wav","23-06-20 00:00","5.06","LT","Female","f","Single","telinga","tascam","Tanzania","cup","training","PENDING_NETWORK_RETRIEVAL"
"221615","221615.wav","culex pipiens complex","IFA_55_25_2185.wav","23-06-20 00:00","7.68","LT","Female","f","Single","telinga","tascam","Tanzania","cup","training","PENDING_NETWORK_RETRIEVAL"
"221559","221559.wav","culex pipiens complex","IFA_55_26_2186.wav","23-06-20 00:00","5.06","LT","Female","f","Single","telinga","tascam","Tanzania","cup","validation","PENDING_NETWORK_RETRIEVAL"
"221558","221558.wav","culex pipiens complex","IFA_55_26_2186.wav","23-06-20 00:00","5.12","LT","Female","f","Single","telinga","tascam","Tanzania","cup","validation","PENDING_NETWORK_RETRIEVAL"
"221573","221573.wav","an arabiensis","IFA_55_29_2189.wav","23-06-20 00:00","25.54","LT","Male","f","Single","telinga","tascam","Tanzania","cup","training","PENDING_NETWORK_RETRIEVAL"
"221626","221626.wav","an arabiensis","IFA_55_30_2190.wav","23-06-20 00:00","5.12","LT","Male","f","Single","telinga","tascam","Tanzania","cup","training","PENDING_NETWORK_RETRIEVAL"
"221627","221627.wav","an arabiensis","IFA_55_30_2190.wav","23-06-20 00:00","17.86","LT","Male","f","Single","telinga","tascam","Tanzania","cup","training","PENDING_NETWORK_RETRIEVAL"
"221625","221625.wav","an arabiensis","IFA_55_30_2190.wav","23-06-20 00:00","12.8","LT","Male","f","Single","telinga","tascam","Tanzania","cup","training","PENDING_NETWORK_RETRIEVAL"
"221580","221580.wav","culex pipiens complex","IFA_55_31_2191.wav","23-06-20 00:00","7.62","LT","Female","f","Single","telinga","tascam","Tanzania","cup","testing","PENDING_NETWORK_RETRIEVAL"
"221565","221565.wav","culex pipiens complex","IFA_55_33_2193.wav","23-06-20 00:00","25.54","LT","Female","f","Single","telinga","tascam","Tanzania","cup","testing","PENDING_NETWORK_RETRIEVAL"
"221563","221563.wav","ma uniformis","IFA_55_37_2197.wav","23-06-20 00:00","10.24","LT","Female","f","Single","telinga","tascam","Tanzania","cup","validation","PENDING_NETWORK_RETRIEVAL"
"221608","221608.wav","ma uniformis","IFA_55_38_2198.wav","23-06-20 00:00","2.56","LT","Female","f","Single","telinga","tascam","Tanzania","cup","training","PENDING_NETWORK_RETRIEVAL"
"221607","221607.wav","ma uniformis","IFA_55_38_2198.wav","23-06-20 00:00","2.56","LT","Female","f","Single","telinga","tascam","Tanzania","cup","training","PENDING_NETWORK_RETRIEVAL"
"221582","221582.wav","culex pipiens complex","IFA_55_40_2200.wav","23-06-20 00:00","33.22","LT","Female","f","Single","telinga","tascam","Tanzania","cup","validation","PENDING_NETWORK_RETRIEVAL"
"221592","221592.wav","culex pipiens complex","IFA_56_13_2213.wav","23-06-20 00:00","23.04","LT","Female","f","Single","telinga","tascam","Tanzania","cup","training","PENDING_NETWORK_RETRIEVAL"
"221587","221587.wav","culex pipiens complex","IFA_56_15_2215.wav","23-06-20 00:00","30.72","LT","Female","f","Single","telinga","tascam","Tanzania","cup","testing","PENDING_NETWORK_RETRIEVAL"
"221581","221581.wav","culex pipiens complex","IFA_56_16_2216.wav","23-06-20 00:00","28.16","LT","Female","f","Single","telinga","tascam","Tanzania","cup","training","PENDING_NETWORK_RETRIEVAL"
"221557","221557.wav","culex pipiens complex","IFA_56_18_2218.wav","23-06-20 00:00","5.12","LT","Female","f","Single","telinga","tascam","Tanzania","cup","training","PENDING_NETWORK_RETRIEVAL"
"221605","221605.wav","culex pipiens complex","IFA_56_19_2219.wav","23-06-20 00:00","5.12","LT","Female","f","Single","telinga","tascam","Tanzania","cup","testing","PENDING_NETWORK_RETRIEVAL"
"221552","221552.wav","culex pipiens complex","IFA_56_21_2221.wav","23-06-20 00:00","7.68","LT","Female","f","Single","telinga","tascam","Tanzania","cup","training","PENDING_NETWORK_RETRIEVAL"
"221619","221619.wav","culex pipiens complex","IFA_56_27_2227.wav","23-06-20 00:00","25.54","LT","Female","f","Single","telinga","tascam","Tanzania","cup","training","PENDING_NETWORK_RETRIEVAL"
"221570","221570.wav","culex pipiens complex","IFA_56_28_2228.wav","23-06-20 00:00","33.22","LT","Female","f","Single","telinga","tascam","Tanzania","cup","validation","PENDING_NETWORK_RETRIEVAL"
"221594","221594.wav","culex pipiens complex","IFA_56_29_2229.wav","23-06-20 00:00","28.1","LT","Female","f","Single","telinga","tascam","Tanzania","cup","validation","PENDING_NETWORK_RETRIEVAL"
"221593","221593.wav","culex pipiens complex","IFA_56_29_2229.wav","23-06-20 00:00","7.68","LT","Female","f","Single","telinga","tascam","Tanzania","cup","validation","PENDING_NETWORK_RETRIEVAL"
"221667","221667.wav","culex pipiens complex","IFA_56_32_2232.wav","28-06-20 00:00","25.6","LT","Female","f","Single","telinga","tascam","Tanzania","cup","training","PENDING_NETWORK_RETRIEVAL"
"221668","221668.wav","culex pipiens complex","IFA_56_32_2232.wav","28-06-20 00:00","7.68","LT","Female","f","Single","telinga","tascam","Tanzania","cup","training","PENDING_NETWORK_RETRIEVAL"
"221646","221646.wav","an arabiensis","IFA_56_40_2240.wav","28-06-20 00:00","35.78","LT","Female","f","Single","telinga","tascam","Tanzania","cup","training","PENDING_NETWORK_RETRIEVAL"
"221675","221675.wav","an arabiensis","IFA_57_10_2250.wav","28-06-20 00:00","38.34","LT","Female","f","Single","telinga","tascam","Tanzania","cup","testing","PENDING_NETWORK_RETRIEVAL"
"221652","221652.wav","culex pipiens complex","IFA_57_12_2252.wav","28-06-20 00:00","25.6","LT","Female","f","Single","telinga","tascam","Tanzania","cup","training","PENDING_NETWORK_RETRIEVAL"
"221684","221684.wav","an arabiensis","IFA_57_16_2256.wav","28-06-20 00:00","10.24","LT","Female","f","Single","telinga","tascam","Tanzania","cup","validation","PENDING_NETWORK_RETRIEVAL"
"221685","221685.wav","an arabiensis","IFA_57_16_2256.wav","28-06-20 00:00","2.56","LT","Female","f","Single","telinga","tascam","Tanzania","cup","validation","PENDING_NETWORK_RETRIEVAL"
"221642","221642.wav","culex pipiens complex","IFA_57_17_2257.wav","28-06-20 00:00","5.12","LT","Female","f","Single","telinga","tascam","Tanzania","cup","training","PENDING_NETWORK_RETRIEVAL"
"221643","221643.wav","culex pipiens complex","IFA_57_17_2257.wav","28-06-20 00:00","25.54","LT","Female","f","Single","telinga","tascam","Tanzania","cup","training","PENDING_NETWORK_RETRIEVAL"
"221641","221641.wav","an arabiensis","IFA_57_18_2258.wav","28-06-20 00:00","33.28","LT","Female","f","Single","telinga","tascam","Tanzania","cup","training","PENDING_NETWORK_RETRIEVAL"
"221690","221690.wav","an arabiensis","IFA_57_20_2260.wav","28-06-20 00:00","25.6","LT","Female","f","Single","telinga","tascam","Tanzania","cup","training","PENDING_NETWORK_RETRIEVAL"
"221691","221691.wav","an arabiensis","IFA_57_20_2260.wav","28-06-20 00:00","10.18","LT","Female","f","Single","telinga","tascam","Tanzania","cup","training","PENDING_NETWORK_RETRIEVAL"
"221664","221664.wav","culex pipiens complex","IFA_57_22_2262.wav","28-06-20 00:00","5.12","LT","Male","f","Single","telinga","tascam","Tanzania","cup","training","PENDING_NETWORK_RETRIEVAL"
"221665","221665.wav","culex pipiens complex","IFA_57_22_2262.wav","28-06-20 00:00","5.12","LT","Male","f","Single","telinga","tascam","Tanzania","cup","training","PENDING_NETWORK_RETRIEVAL"
"221649","221649.wav","culex pipiens complex","IFA_57_23_2263.wav","28-06-20 00:00","5.12","LT","Male","f","Single","telinga","tascam","Tanzania","cup","testing","PENDING_NETWORK_RETRIEVAL"
"221650","221650.wav","culex pipiens complex","IFA_57_23_2263.wav","28-06-20 00:00","2.56","LT","Male","f","Single","telinga","tascam","Tanzania","cup","testing","PENDING_NETWORK_RETRIEVAL"
"221666","221666.wav","an arabiensis","IFA_57_24_2264.wav","28-06-20 00:00","7.68","LT","Female","f","Single","telinga","tascam","Tanzania","cup","training","PENDING_NETWORK_RETRIEVAL"
"221651","221651.wav","culex pipiens complex","IFA_57_26_2266.wav","28-06-20 00:00","33.22","LT","Male","f","Single","telinga","tascam","Tanzania","cup","training","PENDING_NETWORK_RETRIEVAL"
"221640","221640.wav","culex pipiens complex","IFA_57_30_2270.wav","28-06-20 00:00","38.4","LT","Female","f","Single","telinga","tascam","Tanzania","cup","training","PENDING_NETWORK_RETRIEVAL"
"221681","221681.wav","culex pipiens complex","IFA_57_32_2272.wav","28-06-20 00:00","12.8","LT","Female","f","Single","telinga","tascam","Tanzania","cup","training","PENDING_NETWORK_RETRIEVAL"
"221680","221680.wav","culex pipiens complex","IFA_57_32_2272.wav","28-06-20 00:00","5.12","LT","Female","f","Single","telinga","tascam","Tanzania","cup","training","PENDING_NETWORK_RETRIEVAL"
"221696","221696.wav","culex pipiens complex","IFA_57_33_2273.wav","28-06-20 00:00","2.56","LT","Female","f","Single","telinga","tascam","Tanzania","cup","validation","PENDING_NETWORK_RETRIEVAL"
"221694","221694.wav","culex pipiens complex","IFA_57_33_2273.wav","28-06-20 00:00","2.56","LT","Female","f","Single","telinga","tascam","Tanzania","cup","validation","PENDING_NETWORK_RETRIEVAL"
"221697","221697.wav","culex pipiens complex","IFA_57_33_2273.wav","28-06-20 00:00","2.56","LT","Female","f","Single","telinga","tascam","Tanzania","cup","validation","PENDING_NETWORK_RETRIEVAL"
"221695","221695.wav","culex pipiens complex","IFA_57_33_2273.wav","28-06-20 00:00","2.56","LT","Female","f","Single","telinga","tascam","Tanzania","cup","validation","PENDING_NETWORK_RETRIEVAL"
"221654","221654.wav","culex pipiens complex","IFA_57_35_2275.wav","28-06-20 00:00","35.78","LT","Female","f","Single","telinga","tascam","Tanzania","cup","training","PENDING_NETWORK_RETRIEVAL"
"221658","221658.wav","culex pipiens complex","IFA_57_36_2276.wav","28-06-20 00:00","33.28","LT","Female","f","Single","telinga","tascam","Tanzania","cup","testing","PENDING_NETWORK_RETRIEVAL"
"221659","221659.wav","culex pipiens complex","IFA_57_37_2277.wav","28-06-20 00:00","48.58","LT","Female","f","Single","telinga","tascam","Tanzania","cup","testing","PENDING_NETWORK_RETRIEVAL"
"221644","221644.wav","culex pipiens complex","IFA_57_38_2278.wav","28-06-20 00:00","38.34","LT","Female","f","Single","telinga","tascam","Tanzania","cup","training","PENDING_NETWORK_RETRIEVAL"
"221661","221661.wav","culex pipiens complex","IFA_57_39_2279.wav","28-06-20 00:00","33.22","LT","Female","f","Single","telinga","tascam","Tanzania","cup","testing","PENDING_NETWORK_RETRIEVAL"
"221645","221645.wav","culex pipiens complex","IFA_57_40_2280.wav","28-06-20 00:00","2.56","LT","Female","f","Single","telinga","tascam","Tanzania","cup","testing","PENDING_NETWORK_RETRIEVAL"
"221791","221791.wav","an arabiensis","IFA_58_24_2304.wav","29-06-20 00:00","2.56","LT","Female","f","Single","telinga","tascam","Tanzania","cup","training","PENDING_NETWORK_RETRIEVAL"
"221792","221792.wav","an arabiensis","IFA_58_24_2304.wav","29-06-20 00:00","20.48","LT","Female","f","Single","telinga","tascam","Tanzania","cup","training","PENDING_NETWORK_RETRIEVAL"
"221790","221790.wav","an arabiensis","IFA_58_24_2304.wav","29-06-20 00:00","17.92","LT","Female","f","Single","telinga","tascam","Tanzania","cup","training","PENDING_NETWORK_RETRIEVAL"
"221797","221797.wav","an arabiensis","IFA_58_29_2309.wav","29-06-20 00:00","30.72","LT","Female","f","Single","telinga","tascam","Tanzania","cup","validation","PENDING_NETWORK_RETRIEVAL"
"221766","221766.wav","culex pipiens complex","IFA_58_40_2320.wav","29-06-20 00:00","43.46","LT","Female","f","Single","telinga","tascam","Tanzania","cup","training","PENDING_NETWORK_RETRIEVAL"
"221775","221775.wav","culex pipiens complex","IFA_59_10_2330.wav","29-06-20 00:00","46.02","LT","Female","f","Single","telinga","tascam","Tanzania","cup","testing","PENDING_NETWORK_RETRIEVAL"
"221758","221758.wav","culex pipiens complex","IFA_59_11_2331.wav","29-06-20 00:00","28.1","LT","Female","f","Single","telinga","tascam","Tanzania","cup","testing","PENDING_NETWORK_RETRIEVAL"
"221760","221760.wav","culex pipiens complex","IFA_59_12_2332.wav","29-06-20 00:00","2.56","LT","Female","f","Single","telinga","tascam","Tanzania","cup","training","PENDING_NETWORK_RETRIEVAL"
"221761","221761.wav","culex pipiens complex","IFA_59_12_2332.wav","29-06-20 00:00","20.48","LT","Female","f","Single","telinga","tascam","Tanzania","cup","training","PENDING_NETWORK_RETRIEVAL"
"221776","221776.wav","culex pipiens complex","IFA_59_13_2333.wav","29-06-20 00:00","28.1","LT","Female","f","Single","telinga","tascam","Tanzania","cup","testing","PENDING_NETWORK_RETRIEVAL"
"221768","221768.wav","culex pipiens complex","IFA_59_14_2334.wav","29-06-20 00:00","30.66","LT","Female","f","Single","telinga","tascam","Tanzania","cup","training","PENDING_NETWORK_RETRIEVAL"
"221779","221779.wav","culex pipiens complex","IFA_59_15_2335.wav","29-06-20 00:00","40.9","LT","Female","f","Single","telinga","tascam","Tanzania","cup","training","PENDING_NETWORK_RETRIEVAL"
"221811","221811.wav","culex pipiens complex","IFA_59_16_2336.wav","29-06-20 00:00","43.46","LT","Female","f","Single","telinga","tascam","Tanzania","cup","validation","PENDING_NETWORK_RETRIEVAL"
"221807","221807.wav","culex pipiens complex","IFA_59_17_2337.wav","29-06-20 00:00","25.54","LT","Female","f","Single","telinga","tascam","Tanzania","cup","training","PENDING_NETWORK_RETRIEVAL"
"221812","221812.wav","culex pipiens complex","IFA_59_18_2338.wav","29-06-20 00:00","30.66","LT","Female","f","Single","telinga","tascam","Tanzania","cup","testing","PENDING_NETWORK_RETRIEVAL"
"221815","221815.wav","culex pipiens complex","IFA_59_19_2339.wav","29-06-20 00:00","38.34","LT","Female","f","Single","telinga","tascam","Tanzania","cup","testing","PENDING_NETWORK_RETRIEVAL"
"221789","221789.wav","culex pipiens complex","IFA_59_20_2340.wav","29-06-20 00:00","2.5","LT","Female","f","Single","telinga","tascam","Tanzania","cup","testing","PENDING_NETWORK_RETRIEVAL"
"221788","221788.wav","culex pipiens complex","IFA_59_20_2340.wav","29-06-20 00:00","23.04","LT","Female","f","Single","telinga","tascam","Tanzania","cup","testing","PENDING_NETWORK_RETRIEVAL"
"221767","221767.wav","culex pipiens complex","IFA_59_21_2341.wav","29-06-20 00:00","28.1","LT","Female","f","Single","telinga","tascam","Tanzania","cup","training","PENDING_NETWORK_RETRIEVAL"
"221777","221777.wav","culex pipiens complex","IFA_59_22_2342.wav","29-06-20 00:00","33.22","LT","Female","f","Single","telinga","tascam","Tanzania","cup","validation","PENDING_NETWORK_RETRIEVAL"
"221814","221814.wav","culex pipiens complex","IFA_59_23_2343.wav","29-06-20 00:00","7.68","LT","Female","f","Single","telinga","tascam","Tanzania","cup","training","PENDING_NETWORK_RETRIEVAL"
"221813","221813.wav","culex pipiens complex","IFA_59_23_2343.wav","29-06-20 00:00","5.12","LT","Female","f","Single","telinga","tascam","Tanzania","cup","training","PENDING_NETWORK_RETRIEVAL"
"221803","221803.wav","culex pipiens complex","IFA_59_25_2345.wav","29-06-20 00:00","2.56","LT","Female","f","Single","telinga","tascam","Tanzania","cup","training","PENDING_NETWORK_RETRIEVAL"
"221783","221783.wav","culex pipiens complex","IFA_59_26_2346.wav","29-06-20 00:00","5.12","LT","Female","f","Single","telinga","tascam","Tanzania","cup","training","PENDING_NETWORK_RETRIEVAL"
"221794","221794.wav","culex pipiens complex","IFA_59_28_2348.wav","29-06-20 00:00","2.56","LT","Female","f","Single","telinga","tascam","Tanzania","cup","training","PENDING_NETWORK_RETRIEVAL"
"221793","221793.wav","culex pipiens complex","IFA_59_28_2348.wav","29-06-20 00:00","5.12","LT","Female","f","Single","telinga","tascam","Tanzania","cup","training","PENDING_NETWORK_RETRIEVAL"
"221795","221795.wav","culex pipiens complex","IFA_59_28_2348.wav","29-06-20 00:00","2.56","LT","Female","f","Single","telinga","tascam","Tanzania","cup","training","PENDING_NETWORK_RETRIEVAL"
"221787","221787.wav","culex pipiens complex","IFA_59_30_2350.wav","29-06-20 00:00","2.56","LT","Female","f","Single","telinga","tascam","Tanzania","cup","validation","PENDING_NETWORK_RETRIEVAL"
"221786","221786.wav","culex pipiens complex","IFA_59_30_2350.wav","29-06-20 00:00","5.12","LT","Female","f","Single","telinga","tascam","Tanzania","cup","validation","PENDING_NETWORK_RETRIEVAL"
"221785","221785.wav","culex pipiens complex","IFA_59_30_2350.wav","29-06-20 00:00","5.12","LT","Female","f","Single","telinga","tascam","Tanzania","cup","validation","PENDING_NETWORK_RETRIEVAL"
"221737","221737.wav","an arabiensis","IFA_60_13_2373.wav","30-06-20 00:00","35.78","LT","Female","f","Single","telinga","tascam","Tanzania","cup","testing","PENDING_NETWORK_RETRIEVAL"
"221745","221745.wav","culex pipiens complex","IFA_60_24_2384.wav","30-06-20 00:00","5.12","LT","Female","t","Single","telinga","tascam","Tanzania","cup","training","PENDING_NETWORK_RETRIEVAL"
"221746","221746.wav","culex pipiens complex","IFA_60_24_2384.wav","30-06-20 00:00","12.8","LT","Female","t","Single","telinga","tascam","Tanzania","cup","training","PENDING_NETWORK_RETRIEVAL"
"221747","221747.wav","culex pipiens complex","IFA_60_24_2384.wav","30-06-20 00:00","10.24","LT","Female","t","Single","telinga","tascam","Tanzania","cup","training","PENDING_NETWORK_RETRIEVAL"
"221704","221704.wav","culex pipiens complex","IFA_60_25_2385.wav","30-06-20 00:00","22.98","LT","Female","t","Single","telinga","tascam","Tanzania","cup","training","PENDING_NETWORK_RETRIEVAL"
"221723","221723.wav","culex pipiens complex","IFA_60_26_2386.wav","30-06-20 00:00","28.16","LT","Female","f","Single","telinga","tascam","Tanzania","cup","training","PENDING_NETWORK_RETRIEVAL"
"221743","221743.wav","culex pipiens complex","IFA_60_27_2387.wav","30-06-20 00:00","25.6","LT","Female","t","Single","telinga","tascam","Tanzania","cup","validation","PENDING_NETWORK_RETRIEVAL"
"221752","221752.wav","culex pipiens complex","IFA_60_28_2388.wav","30-06-20 00:00","20.42","LT","Female","f","Single","telinga","tascam","Tanzania","cup","training","PENDING_NETWORK_RETRIEVAL"
"221751","221751.wav","culex pipiens complex","IFA_60_28_2388.wav","30-06-20 00:00","7.68","LT","Female","f","Single","telinga","tascam","Tanzania","cup","training","PENDING_NETWORK_RETRIEVAL"
"221739","221739.wav","culex pipiens complex","IFA_60_29_2389.wav","30-06-20 00:00","23.04","LT","Female","f","Single","telinga","tascam","Tanzania","cup","training","PENDING_NETWORK_RETRIEVAL"
"221742","221742.wav","culex pipiens complex","IFA_60_30_2390.wav","30-06-20 00:00","28.16","LT","Female","f","Single","telinga","tascam","Tanzania","cup","training","PENDING_NETWORK_RETRIEVAL"
"221703","221703.wav","culex pipiens complex","IFA_60_31_2391.wav","30-06-20 00:00","35.78","LT","Female","t","Single","telinga","tascam","Tanzania","cup","training","PENDING_NETWORK_RETRIEVAL"
"221753","221753.wav","culex pipiens complex","IFA_60_32_2392.wav","30-06-20 00:00","28.1","LT","Female","f","Single","telinga","tascam","Tanzania","cup","testing","PENDING_NETWORK_RETRIEVAL"
"221738","221738.wav","culex pipiens complex","IFA_60_33_2393.wav","30-06-20 00:00","25.54","LT","Female","f","Single","telinga","tascam","Tanzania","cup","training","PENDING_NETWORK_RETRIEVAL"
"221734","221734.wav","culex pipiens complex","IFA_60_34_2394.wav","30-06-20 00:00","17.92","LT","Female","f","Single","telinga","tascam","Tanzania","cup","training","PENDING_NETWORK_RETRIEVAL"
"221707","221707.wav","culex pipiens complex","IFA_60_35_2395.wav","30-06-20 00:00","23.04","LT","Female","t","Single","telinga","tascam","Tanzania","cup","training","PENDING_NETWORK_RETRIEVAL"
"221741","221741.wav","culex pipiens complex","IFA_60_36_2396.wav","30-06-20 00:00","2.5","LT","Male","f","Single","telinga","tascam","Tanzania","cup","training","PENDING_NETWORK_RETRIEVAL"
"221740","221740.wav","culex pipiens complex","IFA_60_36_2396.wav","30-06-20 00:00","28.16","LT","Male","f","Single","telinga","tascam","Tanzania","cup","training","PENDING_NETWORK_RETRIEVAL"
"221713","221713.wav","culex pipiens complex","IFA_60_37_2397.wav","30-06-20 00:00","2.56","LT","Female","f","Single","telinga","tascam","Tanzania","cup","training","PENDING_NETWORK_RETRIEVAL"
"221712","221712.wav","culex pipiens complex","IFA_60_37_2397.wav","30-06-20 00:00","15.36","LT","Female","f","Single","telinga","tascam","Tanzania","cup","training","PENDING_NETWORK_RETRIEVAL"
"221730","221730.wav","culex pipiens complex","IFA_60_38_2398.wav","30-06-20 00:00","7.68","LT","Female","f","Single","telinga","tascam","Tanzania","cup","training","PENDING_NETWORK_RETRIEVAL"
"221733","221733.wav","culex pipiens complex","IFA_60_38_2398.wav","30-06-20 00:00","15.3","LT","Female","f","Single","telinga","tascam","Tanzania","cup","training","PENDING_NETWORK_RETRIEVAL"
"221731","221731.wav","culex pipiens complex","IFA_60_38_2398.wav","30-06-20 00:00","7.68","LT","Female","f","Single","telinga","tascam","Tanzania","cup","training","PENDING_NETWORK_RETRIEVAL"
"221732","221732.wav","culex pipiens complex","IFA_60_38_2398.wav","30-06-20 00:00","15.36","LT","Female","f","Single","telinga","tascam","Tanzania","cup","training","PENDING_NETWORK_RETRIEVAL"
"221702","221702.wav","culex pipiens complex","IFA_60_39_2399.wav","30-06-20 00:00","15.36","LT","Female","f","Single","telinga","tascam","Tanzania","cup","testing","PENDING_NETWORK_RETRIEVAL"
"221701","221701.wav","culex pipiens complex","IFA_60_39_2399.wav","30-06-20 00:00","10.24","LT","Female","f","Single","telinga","tascam","Tanzania","cup","testing","PENDING_NETWORK_RETRIEVAL"
"221715","221715.wav","culex pipiens complex","IFA_60_40_2400.wav","30-06-20 00:00","25.54","LT","Female","f","Single","telinga","tascam","Tanzania","cup","validation","PENDING_NETWORK_RETRIEVAL"
"221714","221714.wav","culex pipiens complex","IFA_60_40_2400.wav","30-06-20 00:00","5.12","LT","Female","f","Single","telinga","tascam","Tanzania","cup","validation","PENDING_NETWORK_RETRIEVAL"
"221846","221846.wav","an arabiensis","IFA_61_11_2411.wav","05-07-20 00:00","2.56","LT","Female","f","Single","telinga","tascam","Tanzania","cup","testing","PENDING_NETWORK_RETRIEVAL"
"221845","221845.wav","an arabiensis","IFA_61_11_2411.wav","05-07-20 00:00","5.12","LT","Female","f","Single","telinga","tascam","Tanzania","cup","testing","PENDING_NETWORK_RETRIEVAL"
"221844","221844.wav","an arabiensis","IFA_61_11_2411.wav","05-07-20 00:00","2.56","LT","Female","f","Single","telinga","tascam","Tanzania","cup","testing","PENDING_NETWORK_RETRIEVAL"
"221850","221850.wav","an arabiensis","IFA_61_11_2411.wav","05-07-20 00:00","7.62","LT","Female","f","Single","telinga","tascam","Tanzania","cup","testing","PENDING_NETWORK_RETRIEVAL"
"221848","221848.wav","an arabiensis","IFA_61_11_2411.wav","05-07-20 00:00","2.56","LT","Female","f","Single","telinga","tascam","Tanzania","cup","testing","PENDING_NETWORK_RETRIEVAL"
"221847","221847.wav","an arabiensis","IFA_61_11_2411.wav","05-07-20 00:00","2.56","LT","Female","f","Single","telinga","tascam","Tanzania","cup","testing","PENDING_NETWORK_RETRIEVAL"
"221849","221849.wav","an arabiensis","IFA_61_11_2411.wav","05-07-20 00:00","10.24","LT","Female","f","Single","telinga","tascam","Tanzania","cup","testing","PENDING_NETWORK_RETRIEVAL"
"221823","221823.wav","an arabiensis","IFA_61_12_2412.wav","05-07-20 00:00","10.24","LT","Female","f","Single","telinga","tascam","Tanzania","cup","training","PENDING_NETWORK_RETRIEVAL"
"221824","221824.wav","an arabiensis","IFA_61_12_2412.wav","05-07-20 00:00","30.66","LT","Female","f","Single","telinga","tascam","Tanzania","cup","training","PENDING_NETWORK_RETRIEVAL"
"221835","221835.wav","an arabiensis","IFA_61_13_2413.wav","05-07-20 00:00","23.04","LT","Female","f","Single","telinga","tascam","Tanzania","cup","testing","PENDING_NETWORK_RETRIEVAL"
"221836","221836.wav","an arabiensis","IFA_61_13_2413.wav","05-07-20 00:00","10.18","LT","Female","f","Single","telinga","tascam","Tanzania","cup","testing","PENDING_NETWORK_RETRIEVAL"
"221831","221831.wav","an arabiensis","IFA_61_16_2416.wav","05-07-20 00:00","2.56","LT","Female","f","Single","telinga","tascam","Tanzania","cup","training","PENDING_NETWORK_RETRIEVAL"
"221841","221841.wav","culex pipiens complex","IFA_61_19_2419.wav","05-07-20 00:00","10.24","LT","Female","f","Single","telinga","tascam","Tanzania","cup","testing","PENDING_NETWORK_RETRIEVAL"
"221840","221840.wav","culex pipiens complex","IFA_61_19_2419.wav","05-07-20 00:00","2.56","LT","Female","f","Single","telinga","tascam","Tanzania","cup","testing","PENDING_NETWORK_RETRIEVAL"
"221839","221839.wav","culex pipiens complex","IFA_61_20_2420.wav","05-07-20 00:00","23.04","LT","Male","f","Single","telinga","tascam","Tanzania","cup","testing","PENDING_NETWORK_RETRIEVAL"
"221816","221816.wav","an arabiensis","IFA_61_21_2421.wav","05-07-20 00:00","2.56","LT","Female","f","Single","telinga","tascam","Tanzania","cup","validation","PENDING_NETWORK_RETRIEVAL"
"221817","221817.wav","an arabiensis","IFA_61_21_2421.wav","05-07-20 00:00","5.12","LT","Female","f","Single","telinga","tascam","Tanzania","cup","validation","PENDING_NETWORK_RETRIEVAL"
"221818","221818.wav","an arabiensis","IFA_61_21_2421.wav","05-07-20 00:00","2.56","LT","Female","f","Single","telinga","tascam","Tanzania","cup","validation","PENDING_NETWORK_RETRIEVAL"
"221837","221837.wav","an arabiensis","IFA_61_22_2422.wav","05-07-20 00:00","10.24","LT","Female","f","Single","telinga","tascam","Tanzania","cup","training","PENDING_NETWORK_RETRIEVAL"
"221819","221819.wav","an arabiensis","IFA_61_25_2425.wav","05-07-20 00:00","2.56","LT","Female","f","Single","telinga","tascam","Tanzania","cup","validation","PENDING_NETWORK_RETRIEVAL"
"221820","221820.wav","an arabiensis","IFA_61_25_2425.wav","05-07-20 00:00","10.24","LT","Female","f","Single","telinga","tascam","Tanzania","cup","validation","PENDING_NETWORK_RETRIEVAL"
"221842","221842.wav","culex pipiens complex","IFA_61_27_2427.wav","05-07-20 00:00","7.68","LT","Female","f","Single","telinga","tascam","Tanzania","cup","validation","PENDING_NETWORK_RETRIEVAL"
"221830","221830.wav","culex pipiens complex","IFA_61_28_2428.wav","05-07-20 00:00","5.12","LT","Female","f","Single","telinga","tascam","Tanzania","cup","training","PENDING_NETWORK_RETRIEVAL"
"221827","221827.wav","culex pipiens complex","IFA_61_28_2428.wav","05-07-20 00:00","7.68","LT","Female","f","Single","telinga","tascam","Tanzania","cup","training","PENDING_NETWORK_RETRIEVAL"
"221828","221828.wav","culex pipiens complex","IFA_61_28_2428.wav","05-07-20 00:00","5.12","LT","Female","f","Single","telinga","tascam","Tanzania","cup","training","PENDING_NETWORK_RETRIEVAL"
"221829","221829.wav","culex pipiens complex","IFA_61_28_2428.wav","05-07-20 00:00","5.12","LT","Female","f","Single","telinga","tascam","Tanzania","cup","training","PENDING_NETWORK_RETRIEVAL"
"221833","221833.wav","culex pipiens complex","IFA_61_29_2429.wav","05-07-20 00:00","7.68","LT","Female","f","Single","telinga","tascam","Tanzania","cup","training","PENDING_NETWORK_RETRIEVAL"
"221834","221834.wav","culex pipiens complex","IFA_61_29_2429.wav","05-07-20 00:00","2.56","LT","Female","f","Single","telinga","tascam","Tanzania","cup","training","PENDING_NETWORK_RETRIEVAL"
"221851","221851.wav","culex pipiens complex","IFA_61_30_2430.wav","05-07-20 00:00","2.56","LT","Female","f","Single","telinga","tascam","Tanzania","cup","validation","PENDING_NETWORK_RETRIEVAL"
"221857","221857.wav","an arabiensis","IFA_61_31_2431.wav","06-07-20 00:00","30.66","LT","Female","f","Single","telinga","tascam","Tanzania","cup","testing","PENDING_NETWORK_RETRIEVAL"
"221860","221860.wav","an arabiensis","IFA_61_34_2434.wav","06-07-20 00:00","10.24","LT","Female","f","Single","telinga","tascam","Tanzania","cup","training","PENDING_NETWORK_RETRIEVAL"
"221861","221861.wav","an arabiensis","IFA_61_34_2434.wav","06-07-20 00:00","12.8","LT","Female","f","Single","telinga","tascam","Tanzania","cup","training","PENDING_NETWORK_RETRIEVAL"
"221863","221863.wav","an arabiensis","IFA_61_35_2435.wav","06-07-20 00:00","56.26","LT","Female","f","Single","telinga","tascam","Tanzania","cup","testing","PENDING_NETWORK_RETRIEVAL"
"221856","221856.wav","culex pipiens complex","IFA_61_36_2436.wav","06-07-20 00:00","25.54","LT","Female","f","Single","telinga","tascam","Tanzania","cup","validation","PENDING_NETWORK_RETRIEVAL"
"221864","221864.wav","an arabiensis","IFA_61_39_2439.wav","06-07-20 00:00","20.48","LT","Female","f","Single","telinga","tascam","Tanzania","cup","training","PENDING_NETWORK_RETRIEVAL"
"221865","221865.wav","an arabiensis","IFA_61_39_2439.wav","06-07-20 00:00","22.98","LT","Female","f","Single","telinga","tascam","Tanzania","cup","training","PENDING_NETWORK_RETRIEVAL"
"221858","221858.wav","an arabiensis","IFA_61_40_2440.wav","06-07-20 00:00","2.56","LT","Female","f","Single","telinga","tascam","Tanzania","cup","training","PENDING_NETWORK_RETRIEVAL"
"221859","221859.wav","an arabiensis","IFA_61_40_2440.wav","06-07-20 00:00","35.78","LT","Female","f","Single","telinga","tascam","Tanzania","cup","training","PENDING_NETWORK_RETRIEVAL"
"221853","221853.wav","an arabiensis","IFA_62_11_2451.wav","06-07-20 00:00","30.72","LT","Female","f","Single","telinga","tascam","Tanzania","cup","validation","PENDING_NETWORK_RETRIEVAL"
"221893","221893.wav","an arabiensis","IFA_62_13_2453.wav","07-07-20 00:00","15.3","LT","Female","f","Single","telinga","tascam","Tanzania","cup","training","PENDING_NETWORK_RETRIEVAL"
"221892","221892.wav","an arabiensis","IFA_62_13_2453.wav","07-07-20 00:00","2.56","LT","Female","f","Single","telinga","tascam","Tanzania","cup","training","PENDING_NETWORK_RETRIEVAL"
"221890","221890.wav","an arabiensis","IFA_62_13_2453.wav","07-07-20 00:00","5.12","LT","Female","f","Single","telinga","tascam","Tanzania","cup","training","PENDING_NETWORK_RETRIEVAL"
"221891","221891.wav","an arabiensis","IFA_62_13_2453.wav","07-07-20 00:00","10.24","LT","Female","f","Single","telinga","tascam","Tanzania","cup","training","PENDING_NETWORK_RETRIEVAL"
"221954","221954.wav","an arabiensis","IFA_62_14_2454.wav","07-07-20 00:00","30.72","LT","Female","f","Single","telinga","tascam","Tanzania","cup","training","PENDING_NETWORK_RETRIEVAL"
"221941","221941.wav","an arabiensis","IFA_62_15_2455.wav","07-07-20 00:00","30.66","LT","Female","t","Single","telinga","tascam","Tanzania","cup","validation","PENDING_NETWORK_RETRIEVAL"
"221876","221876.wav","an arabiensis","IFA_62_17_2457.wav","07-07-20 00:00","5.12","LT","Female","f","Single","telinga","tascam","Tanzania","cup","training","PENDING_NETWORK_RETRIEVAL"
"221877","221877.wav","an arabiensis","IFA_62_17_2457.wav","07-07-20 00:00","33.22","LT","Female","f","Single","telinga","tascam","Tanzania","cup","training","PENDING_NETWORK_RETRIEVAL"
"221894","221894.wav","an arabiensis","IFA_62_18_2458.wav","07-07-20 00:00","33.22","LT","Female","f","Single","telinga","tascam","Tanzania","cup","training","PENDING_NETWORK_RETRIEVAL"
"221913","221913.wav","an arabiensis","IFA_62_19_2459.wav","07-07-20 00:00","35.84","LT","Female","f","Single","telinga","tascam","Tanzania","cup","testing","PENDING_NETWORK_RETRIEVAL"
"221921","221921.wav","an arabiensis","IFA_62_20_2460.wav","07-07-20 00:00","30.66","LT","Female","f","Single","telinga","tascam","Tanzania","cup","validation","PENDING_NETWORK_RETRIEVAL"
"221926","221926.wav","an arabiensis","IFA_62_21_2461.wav","07-07-20 00:00","30.66","LT","Female","f","Single","telinga","tascam","Tanzania","cup","training","PENDING_NETWORK_RETRIEVAL"
"221911","221911.wav","an arabiensis","IFA_62_22_2462.wav","07-07-20 00:00","30.66","LT","Female","f","Single","telinga","tascam","Tanzania","cup","training","PENDING_NETWORK_RETRIEVAL"
"221929","221929.wav","an arabiensis","IFA_62_23_2463.wav","07-07-20 00:00","30.66","LT","Female","f","Single","telinga","tascam","Tanzania","cup","validation","PENDING_NETWORK_RETRIEVAL"
"221917","221917.wav","an arabiensis","IFA_62_24_2464.wav","07-07-20 00:00","2.5","LT","Female","f","Single","telinga","tascam","Tanzania","cup","training","PENDING_NETWORK_RETRIEVAL"
"221915","221915.wav","an arabiensis","IFA_62_24_2464.wav","07-07-20 00:00","20.48","LT","Female","f","Single","telinga","tascam","Tanzania","cup","training","PENDING_NETWORK_RETRIEVAL"
"221916","221916.wav","an arabiensis","IFA_62_24_2464.wav","07-07-20 00:00","5.12","LT","Female","f","Single","telinga","tascam","Tanzania","cup","training","PENDING_NETWORK_RETRIEVAL"
"221897","221897.wav","an arabiensis","IFA_62_25_2465.wav","07-07-20 00:00","48.58","LT","Female","f","Single","telinga","tascam","Tanzania","cup","testing","PENDING_NETWORK_RETRIEVAL"
"221957","221957.wav","an arabiensis","IFA_62_27_2467.wav","07-07-20 00:00","7.68","LT","Female","f","Single","telinga","tascam","Tanzania","cup","testing","PENDING_NETWORK_RETRIEVAL"
"221958","221958.wav","an arabiensis","IFA_62_27_2467.wav","07-07-20 00:00","43.52","LT","Female","f","Single","telinga","tascam","Tanzania","cup","testing","PENDING_NETWORK_RETRIEVAL"
"221895","221895.wav","an arabiensis","IFA_62_28_2468.wav","07-07-20 00:00","10.24","LT","Female","f","Single","telinga","tascam","Tanzania","cup","testing","PENDING_NETWORK_RETRIEVAL"
"221896","221896.wav","an arabiensis","IFA_62_28_2468.wav","07-07-20 00:00","12.74","LT","Female","f","Single","telinga","tascam","Tanzania","cup","testing","PENDING_NETWORK_RETRIEVAL"
"221920","221920.wav","an arabiensis","IFA_62_29_2469.wav","07-07-20 00:00","38.34","LT","Female","f","Single","telinga","tascam","Tanzania","cup","training","PENDING_NETWORK_RETRIEVAL"
"221943","221943.wav","an arabiensis","IFA_62_31_2471.wav","07-07-20 00:00","43.46","LT","Female","f","Single","telinga","tascam","Tanzania","cup","training","PENDING_NETWORK_RETRIEVAL"
"221960","221960.wav","an arabiensis","IFA_62_32_2472.wav","07-07-20 00:00","12.8","LT","Female","f","Single","telinga","tascam","Tanzania","cup","validation","PENDING_NETWORK_RETRIEVAL"
"221959","221959.wav","an arabiensis","IFA_62_32_2472.wav","07-07-20 00:00","23.04","LT","Female","f","Single","telinga","tascam","Tanzania","cup","validation","PENDING_NETWORK_RETRIEVAL"
"221875","221875.wav","an arabiensis","IFA_62_33_2473.wav","07-07-20 00:00","33.22","LT","Female","f","Single","telinga","tascam","Tanzania","cup","testing","PENDING_NETWORK_RETRIEVAL"
"221906","221906.wav","an arabiensis","IFA_62_34_2474.wav","07-07-20 00:00","28.1","LT","Female","f","Single","telinga","tascam","Tanzania","cup","training","PENDING_NETWORK_RETRIEVAL"
"221956","221956.wav","an arabiensis","IFA_62_35_2475.wav","07-07-20 00:00","33.22","LT","Female","f","Single","telinga","tascam","Tanzania","cup","training","PENDING_NETWORK_RETRIEVAL"
"221961","221961.wav","an arabiensis","IFA_62_36_2476.wav","07-07-20 00:00","43.46","LT","Female","f","Single","telinga","tascam","Tanzania","cup","testing","PENDING_NETWORK_RETRIEVAL"
"221942","221942.wav","an arabiensis","IFA_62_37_2477.wav","07-07-20 00:00","30.72","LT","Female","f","Single","telinga","tascam","Tanzania","cup","training","PENDING_NETWORK_RETRIEVAL"
"221953","221953.wav","an arabiensis","IFA_62_39_2479.wav","07-07-20 00:00","30.66","LT","Female","f","Single","telinga","tascam","Tanzania","cup","training","PENDING_NETWORK_RETRIEVAL"
"221884","221884.wav","an arabiensis","IFA_62_40_2480.wav","07-07-20 00:00","43.46","LT","Female","f","Single","telinga","tascam","Tanzania","cup","training","PENDING_NETWORK_RETRIEVAL"
"221888","221888.wav","an arabiensis","IFA_63_10_2490.wav","07-07-20 00:00","35.84","LT","Female","f","Single","telinga","tascam","Tanzania","cup","training","PENDING_NETWORK_RETRIEVAL"
"221887","221887.wav","an arabiensis","IFA_63_20_2500.wav","07-07-20 00:00","5.12","LT","Female","f","Single","telinga","tascam","Tanzania","cup","training","PENDING_NETWORK_RETRIEVAL"
"221886","221886.wav","an arabiensis","IFA_63_20_2500.wav","07-07-20 00:00","28.16","LT","Female","f","Single","telinga","tascam","Tanzania","cup","training","PENDING_NETWORK_RETRIEVAL"
"221873","221873.wav","an arabiensis","IFA_63_21_2501.wav","07-07-20 00:00","10.24","LT","Female","f","Single","telinga","tascam","Tanzania","cup","validation","PENDING_NETWORK_RETRIEVAL"
"221874","221874.wav","an arabiensis","IFA_63_21_2501.wav","07-07-20 00:00","2.56","LT","Female","f","Single","telinga","tascam","Tanzania","cup","validation","PENDING_NETWORK_RETRIEVAL"
"221927","221927.wav","culex pipiens complex","IFA_63_22_2502.wav","07-07-20 00:00","46.08","LT","Female","f","Single","telinga","tascam","Tanzania","cup","training","PENDING_NETWORK_RETRIEVAL"
"221940","221940.wav","culex pipiens complex","IFA_63_23_2503.wav","07-07-20 00:00","2.56","LT","Female","f","Single","telinga","tascam","Tanzania","cup","training","PENDING_NETWORK_RETRIEVAL"
"221939","221939.wav","culex pipiens complex","IFA_63_23_2503.wav","07-07-20 00:00","33.28","LT","Female","f","Single","telinga","tascam","Tanzania","cup","training","PENDING_NETWORK_RETRIEVAL"
"221952","221952.wav","an arabiensis","IFA_63_24_2504.wav","07-07-20 00:00","40.96","LT","Female","f","Single","telinga","tascam","Tanzania","cup","training","PENDING_NETWORK_RETRIEVAL"
"221905","221905.wav","culex pipiens complex","IFA_63_27_2507.wav","07-07-20 00:00","7.68","LT","Female","f","Single","telinga","tascam","Tanzania","cup","validation","PENDING_NETWORK_RETRIEVAL"
"221902","221902.wav","culex pipiens complex","IFA_63_27_2507.wav","07-07-20 00:00","12.8","LT","Female","f","Single","telinga","tascam","Tanzania","cup","validation","PENDING_NETWORK_RETRIEVAL"
"221903","221903.wav","culex pipiens complex","IFA_63_27_2507.wav","07-07-20 00:00","10.24","LT","Female","f","Single","telinga","tascam","Tanzania","cup","validation","PENDING_NETWORK_RETRIEVAL"
"221904","221904.wav","culex pipiens complex","IFA_63_27_2507.wav","07-07-20 00:00","2.56","LT","Female","f","Single","telinga","tascam","Tanzania","cup","validation","PENDING_NETWORK_RETRIEVAL"
"221924","221924.wav","an arabiensis","IFA_63_28_2508.wav","07-07-20 00:00","15.36","LT","Female","f","Single","telinga","tascam","Tanzania","cup","validation","PENDING_NETWORK_RETRIEVAL"
"221925","221925.wav","an arabiensis","IFA_63_28_2508.wav","07-07-20 00:00","17.92","LT","Female","f","Single","telinga","tascam","Tanzania","cup","validation","PENDING_NETWORK_RETRIEVAL"
"221879","221879.wav","an arabiensis","IFA_63_29_2509.wav","07-07-20 00:00","7.68","LT","Female","f","Single","telinga","tascam","Tanzania","cup","testing","PENDING_NETWORK_RETRIEVAL"
"221878","221878.wav","an arabiensis","IFA_63_29_2509.wav","07-07-20 00:00","7.68","LT","Female","f","Single","telinga","tascam","Tanzania","cup","testing","PENDING_NETWORK_RETRIEVAL"
"221898","221898.wav","an arabiensis","IFA_63_33_2513.wav","07-07-20 00:00","12.8","LT","Female","f","Single","telinga","tascam","Tanzania","cup","validation","PENDING_NETWORK_RETRIEVAL"
"221900","221900.wav","an arabiensis","IFA_63_33_2513.wav","07-07-20 00:00","5.12","LT","Female","f","Single","telinga","tascam","Tanzania","cup","validation","PENDING_NETWORK_RETRIEVAL"
"221899","221899.wav","an arabiensis","IFA_63_33_2513.wav","07-07-20 00:00","10.24","LT","Female","f","Single","telinga","tascam","Tanzania","cup","validation","PENDING_NETWORK_RETRIEVAL"
"221901","221901.wav","an arabiensis","IFA_63_33_2513.wav","07-07-20 00:00","2.5","LT","Female","f","Single","telinga","tascam","Tanzania","cup","validation","PENDING_NETWORK_RETRIEVAL"
"221932","221932.wav","an arabiensis","IFA_63_34_2514.wav","07-07-20 00:00","35.84","LT","Female","f","Single","telinga","tascam","Tanzania","cup","training","PENDING_NETWORK_RETRIEVAL"
"221923","221923.wav","culex pipiens complex","IFA_63_36_2516.wav","07-07-20 00:00","5.12","LT","Female","f","Single","telinga","tascam","Tanzania","cup","training","PENDING_NETWORK_RETRIEVAL"
"221922","221922.wav","culex pipiens complex","IFA_63_36_2516.wav","07-07-20 00:00","10.24","LT","Female","f","Single","telinga","tascam","Tanzania","cup","training","PENDING_NETWORK_RETRIEVAL"
"221945","221945.wav","culex pipiens complex","IFA_63_37_2517.wav","07-07-20 00:00","40.9","LT","Female","f","Single","telinga","tascam","Tanzania","cup","training","PENDING_NETWORK_RETRIEVAL"
"221934","221934.wav","an arabiensis","IFA_63_38_2518.wav","07-07-20 00:00","10.24","LT","Female","f","Single","telinga","tascam","Tanzania","cup","validation","PENDING_NETWORK_RETRIEVAL"
"221933","221933.wav","an arabiensis","IFA_63_38_2518.wav","07-07-20 00:00","12.8","LT","Female","f","Single","telinga","tascam","Tanzania","cup","validation","PENDING_NETWORK_RETRIEVAL"
"221935","221935.wav","an arabiensis","IFA_63_38_2518.wav","07-07-20 00:00","10.18","LT","Female","f","Single","telinga","tascam","Tanzania","cup","validation","PENDING_NETWORK_RETRIEVAL"
"221882","221882.wav","an arabiensis","IFA_63_40_2520.wav","07-07-20 00:00","15.36","LT","Female","f","Single","telinga","tascam","Tanzania","cup","testing","PENDING_NETWORK_RETRIEVAL"
"221883","221883.wav","an arabiensis","IFA_63_40_2520.wav","07-07-20 00:00","10.24","LT","Female","f","Single","telinga","tascam","Tanzania","cup","testing","PENDING_NETWORK_RETRIEVAL"
"221971","221971.wav","an arabiensis","IFA_64_10_2530.wav","12-07-20 00:00","12.8","LT","Female","f","Single","telinga","tascam","Tanzania","cup","validation","PENDING_NETWORK_RETRIEVAL"
"221973","221973.wav","an arabiensis","IFA_64_10_2530.wav","12-07-20 00:00","10.18","LT","Female","f","Single","telinga","tascam","Tanzania","cup","validation","PENDING_NETWORK_RETRIEVAL"
"221972","221972.wav","an arabiensis","IFA_64_10_2530.wav","12-07-20 00:00","12.8","LT","Female","f","Single","telinga","tascam","Tanzania","cup","validation","PENDING_NETWORK_RETRIEVAL"
"221984","221984.wav","an arabiensis","IFA_64_11_2531.wav","12-07-20 00:00","12.8","LT","Female","f","Single","telinga","tascam","Tanzania","cup","training","PENDING_NETWORK_RETRIEVAL"
"221989","221989.wav","an arabiensis","IFA_64_12_2532.wav","12-07-20 00:00","46.08","LT","Female","f","Single","telinga","tascam","Tanzania","cup","training","PENDING_NETWORK_RETRIEVAL"
"221990","221990.wav","an arabiensis","IFA_64_12_2532.wav","12-07-20 00:00","2.5","LT","Female","f","Single","telinga","tascam","Tanzania","cup","training","PENDING_NETWORK_RETRIEVAL"
"221980","221980.wav","an arabiensis","IFA_64_13_2533.wav","12-07-20 00:00","33.28","LT","Female","f","Single","telinga","tascam","Tanzania","cup","validation","PENDING_NETWORK_RETRIEVAL"
"221981","221981.wav","an arabiensis","IFA_64_13_2533.wav","12-07-20 00:00","10.24","LT","Female","f","Single","telinga","tascam","Tanzania","cup","validation","PENDING_NETWORK_RETRIEVAL"
"221964","221964.wav","an arabiensis","IFA_64_14_2534.wav","12-07-20 00:00","35.84","LT","Female","f","Single","telinga","tascam","Tanzania","cup","training","PENDING_NETWORK_RETRIEVAL"
"221974","221974.wav","an arabiensis","IFA_64_17_2537.wav","12-07-20 00:00","30.72","LT","Female","f","Single","telinga","tascam","Tanzania","cup","training","PENDING_NETWORK_RETRIEVAL"
"221992","221992.wav","an arabiensis","IFA_64_22_2542.wav","12-07-20 00:00","25.54","LT","Female","f","Single","telinga","tascam","Tanzania","cup","training","PENDING_NETWORK_RETRIEVAL"
"221991","221991.wav","an arabiensis","IFA_64_22_2542.wav","12-07-20 00:00","15.36","LT","Female","f","Single","telinga","tascam","Tanzania","cup","training","PENDING_NETWORK_RETRIEVAL"
"221975","221975.wav","culex pipiens complex","IFA_64_23_2543.wav","12-07-20 00:00","35.84","LT","Female","f","Single","telinga","tascam","Tanzania","cup","training","PENDING_NETWORK_RETRIEVAL"
"222059","222059.wav","an arabiensis","IFA_64_30_2550.wav","13-07-20 00:00","28.16","LT","Female","f","Single","telinga","tascam","Tanzania","cup","training","PENDING_NETWORK_RETRIEVAL"
"222058","222058.wav","an arabiensis","IFA_64_30_2550.wav","13-07-20 00:00","7.68","LT","Female","f","Single","telinga","tascam","Tanzania","cup","training","PENDING_NETWORK_RETRIEVAL"
"222043","222043.wav","an arabiensis","IFA_64_31_2551.wav","13-07-20 00:00","7.68","LT","Female","f","Single","telinga","tascam","Tanzania","cup","testing","PENDING_NETWORK_RETRIEVAL"
"222042","222042.wav","an arabiensis","IFA_64_31_2551.wav","13-07-20 00:00","17.92","LT","Female","f","Single","telinga","tascam","Tanzania","cup","testing","PENDING_NETWORK_RETRIEVAL"
"222008","222008.wav","an arabiensis","IFA_64_32_2552.wav","13-07-20 00:00","33.28","LT","Female","f","Single","telinga","tascam","Tanzania","cup","training","PENDING_NETWORK_RETRIEVAL"
"222036","222036.wav","an arabiensis","IFA_64_33_2553.wav","13-07-20 00:00","7.68","LT","Female","f","Single","telinga","tascam","Tanzania","cup","training","PENDING_NETWORK_RETRIEVAL"
"222035","222035.wav","an arabiensis","IFA_64_33_2553.wav","13-07-20 00:00","20.48","LT","Female","f","Single","telinga","tascam","Tanzania","cup","training","PENDING_NETWORK_RETRIEVAL"
"222034","222034.wav","an arabiensis","IFA_64_34_2554.wav","13-07-20 00:00","7.68","LT","Female","f","Single","telinga","tascam","Tanzania","cup","validation","PENDING_NETWORK_RETRIEVAL"
"222033","222033.wav","an arabiensis","IFA_64_34_2554.wav","13-07-20 00:00","10.24","LT","Female","f","Single","telinga","tascam","Tanzania","cup","validation","PENDING_NETWORK_RETRIEVAL"
"222032","222032.wav","an arabiensis","IFA_64_34_2554.wav","13-07-20 00:00","7.68","LT","Female","f","Single","telinga","tascam","Tanzania","cup","validation","PENDING_NETWORK_RETRIEVAL"
"222020","222020.wav","an arabiensis","IFA_64_35_2555.wav","13-07-20 00:00","10.24","LT","Female","f","Single","telinga","tascam","Tanzania","cup","validation","PENDING_NETWORK_RETRIEVAL"
"222021","222021.wav","an arabiensis","IFA_64_35_2555.wav","13-07-20 00:00","2.56","LT","Female","f","Single","telinga","tascam","Tanzania","cup","validation","PENDING_NETWORK_RETRIEVAL"
"222039","222039.wav","an arabiensis","IFA_64_36_2556.wav","13-07-20 00:00","12.8","LT","Female","t","Single","telinga","tascam","Tanzania","cup","testing","PENDING_NETWORK_RETRIEVAL"
"222038","222038.wav","an arabiensis","IFA_64_36_2556.wav","13-07-20 00:00","7.68","LT","Female","t","Single","telinga","tascam","Tanzania","cup","testing","PENDING_NETWORK_RETRIEVAL"
"222037","222037.wav","an arabiensis","IFA_64_36_2556.wav","13-07-20 00:00","2.56","LT","Female","t","Single","telinga","tascam","Tanzania","cup","testing","PENDING_NETWORK_RETRIEVAL"
"222040","222040.wav","an arabiensis","IFA_64_36_2556.wav","13-07-20 00:00","10.24","LT","Female","t","Single","telinga","tascam","Tanzania","cup","testing","PENDING_NETWORK_RETRIEVAL"
"222019","222019.wav","an arabiensis","IFA_64_37_2557.wav","13-07-20 00:00","38.4","LT","Female","f","Single","telinga","tascam","Tanzania","cup","validation","PENDING_NETWORK_RETRIEVAL"
"222026","222026.wav","an arabiensis","IFA_64_38_2558.wav","13-07-20 00:00","30.66","LT","Female","f","Single","telinga","tascam","Tanzania","cup","validation","PENDING_NETWORK_RETRIEVAL"
"222046","222046.wav","an arabiensis","IFA_64_39_2559.wav","13-07-20 00:00","5.06","LT","Female","f","Single","telinga","tascam","Tanzania","cup","testing","PENDING_NETWORK_RETRIEVAL"
"222024","222024.wav","an arabiensis","IFA_64_40_2560.wav","13-07-20 00:00","23.04","LT","Female","f","Single","telinga","tascam","Tanzania","cup","training","PENDING_NETWORK_RETRIEVAL"
"222025","222025.wav","an arabiensis","IFA_64_40_2560.wav","13-07-20 00:00","7.68","LT","Female","f","Single","telinga","tascam","Tanzania","cup","training","PENDING_NETWORK_RETRIEVAL"
"222051","222051.wav","an arabiensis","IFA_65_10_2570.wav","13-07-20 00:00","5.12","LT","Female","t","Single","telinga","tascam","Tanzania","cup","testing","PENDING_NETWORK_RETRIEVAL"
"222050","222050.wav","an arabiensis","IFA_65_10_2570.wav","13-07-20 00:00","23.04","LT","Female","t","Single","telinga","tascam","Tanzania","cup","testing","PENDING_NETWORK_RETRIEVAL"
"222049","222049.wav","an arabiensis","IFA_65_10_2570.wav","13-07-20 00:00","7.68","LT","Female","t","Single","telinga","tascam","Tanzania","cup","testing","PENDING_NETWORK_RETRIEVAL"
"222017","222017.wav","an arabiensis","IFA_65_11_2571.wav","13-07-20 00:00","5.12","LT","Female","f","Single","telinga","tascam","Tanzania","cup","training","PENDING_NETWORK_RETRIEVAL"
"222016","222016.wav","an arabiensis","IFA_65_11_2571.wav","13-07-20 00:00","17.92","LT","Female","f","Single","telinga","tascam","Tanzania","cup","training","PENDING_NETWORK_RETRIEVAL"
"222061","222061.wav","an arabiensis","IFA_65_12_2572.wav","13-07-20 00:00","2.56","LT","Female","f","Single","telinga","tascam","Tanzania","cup","training","PENDING_NETWORK_RETRIEVAL"
"222060","222060.wav","an arabiensis","IFA_65_12_2572.wav","13-07-20 00:00","17.92","LT","Female","f","Single","telinga","tascam","Tanzania","cup","training","PENDING_NETWORK_RETRIEVAL"
"222053","222053.wav","an arabiensis","IFA_65_13_2573.wav","13-07-20 00:00","12.8","LT","Female","f","Single","telinga","tascam","Tanzania","cup","testing","PENDING_NETWORK_RETRIEVAL"
"222052","222052.wav","an arabiensis","IFA_65_13_2573.wav","13-07-20 00:00","12.8","LT","Female","f","Single","telinga","tascam","Tanzania","cup","testing","PENDING_NETWORK_RETRIEVAL"
"222007","222007.wav","an arabiensis","IFA_65_15_2575.wav","13-07-20 00:00","25.54","LT","Female","f","Single","telinga","tascam","Tanzania","cup","training","PENDING_NETWORK_RETRIEVAL"
"222041","222041.wav","an arabiensis","IFA_65_21_2581.wav","13-07-20 00:00","38.34","LT","Female","f","Single","telinga","tascam","Tanzania","cup","training","PENDING_NETWORK_RETRIEVAL"
"222013","222013.wav","culex pipiens complex","IFA_65_23_2583.wav","13-07-20 00:00","15.36","LT","Female","f","Single","telinga","tascam","Tanzania","cup","validation","PENDING_NETWORK_RETRIEVAL"
"222014","222014.wav","culex pipiens complex","IFA_65_23_2583.wav","13-07-20 00:00","17.86","LT","Female","f","Single","telinga","tascam","Tanzania","cup","validation","PENDING_NETWORK_RETRIEVAL"
"222056","222056.wav","an arabiensis","IFA_65_24_2584.wav","13-07-20 00:00","48.58","LT","Female","f","Single","telinga","tascam","Tanzania","cup","training","PENDING_NETWORK_RETRIEVAL"
"222018","222018.wav","an arabiensis","IFA_65_25_2585.wav","13-07-20 00:00","51.2","LT","Female","f","Single","telinga","tascam","Tanzania","cup","training","PENDING_NETWORK_RETRIEVAL"
"221995","221995.wav","an arabiensis","IFA_65_28_2588.wav","13-07-20 00:00","12.8","LT","Female","f","Single","telinga","tascam","Tanzania","cup","training","PENDING_NETWORK_RETRIEVAL"
"222045","222045.wav","culex pipiens complex","IFA_65_33_2593.wav","13-07-20 00:00","48.58","LT","Female","f","Single","telinga","tascam","Tanzania","cup","validation","PENDING_NETWORK_RETRIEVAL"
"222004","222004.wav","culex pipiens complex","IFA_65_34_2594.wav","13-07-20 00:00","17.92","LT","Female","f","Single","telinga","tascam","Tanzania","cup","training","PENDING_NETWORK_RETRIEVAL"
"222002","222002.wav","culex pipiens complex","IFA_65_34_2594.wav","13-07-20 00:00","15.36","LT","Female","f","Single","telinga","tascam","Tanzania","cup","training","PENDING_NETWORK_RETRIEVAL"
"222003","222003.wav","culex pipiens complex","IFA_65_34_2594.wav","13-07-20 00:00","7.68","LT","Female","f","Single","telinga","tascam","Tanzania","cup","training","PENDING_NETWORK_RETRIEVAL"
"222064","222064.wav","culex pipiens complex","IFA_65_35_2595.wav","13-07-20 00:00","40.96","LT","Female","f","Single","telinga","tascam","Tanzania","cup","testing","PENDING_NETWORK_RETRIEVAL"
"222048","222048.wav","culex pipiens complex","IFA_65_37_2597.wav","13-07-20 00:00","20.48","LT","Female","f","Single","telinga","tascam","Tanzania","cup","training","PENDING_NETWORK_RETRIEVAL"
"222047","222047.wav","culex pipiens complex","IFA_65_37_2597.wav","13-07-20 00:00","15.36","LT","Female","f","Single","telinga","tascam","Tanzania","cup","training","PENDING_NETWORK_RETRIEVAL"
"222063","222063.wav","culex pipiens complex","IFA_65_38_2598.wav","13-07-20 00:00","10.24","LT","Female","f","Single","telinga","tascam","Tanzania","cup","training","PENDING_NETWORK_RETRIEVAL"
"222062","222062.wav","culex pipiens complex","IFA_65_38_2598.wav","13-07-20 00:00","12.8","LT","Female","f","Single","telinga","tascam","Tanzania","cup","training","PENDING_NETWORK_RETRIEVAL"
"222055","222055.wav","culex pipiens complex","IFA_65_39_2599.wav","13-07-20 00:00","12.8","LT","Female","f","Single","telinga","tascam","Tanzania","cup","testing","PENDING_NETWORK_RETRIEVAL"
"222054","222054.wav","culex pipiens complex","IFA_65_39_2599.wav","13-07-20 00:00","17.92","LT","Female","f","Single","telinga","tascam","Tanzania","cup","testing","PENDING_NETWORK_RETRIEVAL"
"222069","222069.wav","an arabiensis","IFA_65_40_2600.wav","14-07-20 00:00","48.58","LT","Female","f","Single","telinga","tascam","Tanzania","cup","training","PENDING_NETWORK_RETRIEVAL"
"222072","222072.wav","an arabiensis","IFA_66_10_2610.wav","14-07-20 00:00","15.36","LT","Female","t","Single","telinga","tascam","Tanzania","cup","validation","PENDING_NETWORK_RETRIEVAL"
"222071","222071.wav","an arabiensis","IFA_66_10_2610.wav","14-07-20 00:00","12.8","LT","Female","t","Single","telinga","tascam","Tanzania","cup","validation","PENDING_NETWORK_RETRIEVAL"
"222070","222070.wav","an arabiensis","IFA_66_10_2610.wav","14-07-20 00:00","12.8","LT","Female","t","Single","telinga","tascam","Tanzania","cup","validation","PENDING_NETWORK_RETRIEVAL"
"222073","222073.wav","an arabiensis","IFA_66_11_2611.wav","14-07-20 00:00","33.22","LT","Female","f","Single","telinga","tascam","Tanzania","cup","training","PENDING_NETWORK_RETRIEVAL"
"222075","222075.wav","an arabiensis","IFA_66_12_2612.wav","14-07-20 00:00","43.52","LT","Female","f","Single","telinga","tascam","Tanzania","cup","testing","PENDING_NETWORK_RETRIEVAL"
"222074","222074.wav","an arabiensis","IFA_66_13_2613.wav","14-07-20 00:00","46.02","LT","Female","f","Single","telinga","tascam","Tanzania","cup","training","PENDING_NETWORK_RETRIEVAL"
"222065","222065.wav","an arabiensis","IFA_66_14_2614.wav","14-07-20 00:00","40.96","LT","Female","f","Single","telinga","tascam","Tanzania","cup","training","PENDING_NETWORK_RETRIEVAL"
"222067","222067.wav","an arabiensis","IFA_66_15_2615.wav","14-07-20 00:00","30.66","LT","Female","f","Single","telinga","tascam","Tanzania","cup","testing","PENDING_NETWORK_RETRIEVAL"
"222068","222068.wav","an arabiensis","IFA_66_16_2616.wav","14-07-20 00:00","33.28","LT","Female","f","Single","telinga","tascam","Tanzania","cup","training","PENDING_NETWORK_RETRIEVAL"
"222066","222066.wav","an arabiensis","IFA_66_17_2617.wav","14-07-20 00:00","40.9","LT","Female","f","Single","telinga","tascam","Tanzania","cup","validation","PENDING_NETWORK_RETRIEVAL"
"222105","222105.wav","an arabiensis","IFA_66_18_2618.wav","14-07-20 00:00","40.9","LT","Female","f","Single","telinga","tascam","Tanzania","cup","training","PENDING_NETWORK_RETRIEVAL"
"222107","222107.wav","an arabiensis","IFA_66_19_2619.wav","14-07-20 00:00","33.22","LT","Female","f","Single","telinga","tascam","Tanzania","cup","validation","PENDING_NETWORK_RETRIEVAL"
"222087","222087.wav","an arabiensis","IFA_66_20_2620.wav","14-07-20 00:00","33.22","LT","Female","f","Single","telinga","tascam","Tanzania","cup","training","PENDING_NETWORK_RETRIEVAL"
"222088","222088.wav","an arabiensis","IFA_66_21_2621.wav","14-07-20 00:00","38.4","LT","Female","f","Single","telinga","tascam","Tanzania","cup","training","PENDING_NETWORK_RETRIEVAL"
"222136","222136.wav","an arabiensis","IFA_66_22_2622.wav","14-07-20 00:00","38.34","LT","Female","f","Single","telinga","tascam","Tanzania","cup","training","PENDING_NETWORK_RETRIEVAL"
"222095","222095.wav","an arabiensis","IFA_66_23_2623.wav","14-07-20 00:00","30.72","LT","Female","f","Single","telinga","tascam","Tanzania","cup","training","PENDING_NETWORK_RETRIEVAL"
"222094","222094.wav","an arabiensis","IFA_66_25_2625.wav","14-07-20 00:00","48.58","LT","Female","f","Single","telinga","tascam","Tanzania","cup","training","PENDING_NETWORK_RETRIEVAL"
"222093","222093.wav","an arabiensis","IFA_66_26_2626.wav","14-07-20 00:00","43.52","LT","Female","t","Single","telinga","tascam","Tanzania","cup","training","PENDING_NETWORK_RETRIEVAL"
"222127","222127.wav","an arabiensis","IFA_66_27_2627.wav","14-07-20 00:00","43.46","LT","Female","f","Single","telinga","tascam","Tanzania","cup","testing","PENDING_NETWORK_RETRIEVAL"
"222119","222119.wav","an arabiensis","IFA_66_28_2628.wav","14-07-20 00:00","43.46","LT","Female","f","Single","telinga","tascam","Tanzania","cup","training","PENDING_NETWORK_RETRIEVAL"
"222129","222129.wav","an arabiensis","IFA_66_29_2629.wav","14-07-20 00:00","46.02","LT","Female","f","Single","telinga","tascam","Tanzania","cup","training","PENDING_NETWORK_RETRIEVAL"
"222118","222118.wav","an arabiensis","IFA_66_30_2630.wav","14-07-20 00:00","40.9","LT","Female","f","Single","telinga","tascam","Tanzania","cup","training","PENDING_NETWORK_RETRIEVAL"
"222091","222091.wav","an arabiensis","IFA_66_32_2632.wav","14-07-20 00:00","33.22","LT","Female","f","Single","telinga","tascam","Tanzania","cup","testing","PENDING_NETWORK_RETRIEVAL"
"222100","222100.wav","an arabiensis","IFA_66_33_2633.wav","14-07-20 00:00","51.14","LT","Female","f","Single","telinga","tascam","Tanzania","cup","testing","PENDING_NETWORK_RETRIEVAL"
"222092","222092.wav","an arabiensis","IFA_66_34_2634.wav","14-07-20 00:00","53.7","LT","Female","f","Single","telinga","tascam","Tanzania","cup","training","PENDING_NETWORK_RETRIEVAL"
"222090","222090.wav","an arabiensis","IFA_66_36_2636.wav","14-07-20 00:00","2.56","LT","Female","f","Single","telinga","tascam","Tanzania","cup","validation","PENDING_NETWORK_RETRIEVAL"
"222089","222089.wav","an arabiensis","IFA_66_36_2636.wav","14-07-20 00:00","35.84","LT","Female","f","Single","telinga","tascam","Tanzania","cup","validation","PENDING_NETWORK_RETRIEVAL"
"222116","222116.wav","an arabiensis","IFA_66_38_2638.wav","14-07-20 00:00","15.36","LT","Female","f","Single","telinga","tascam","Tanzania","cup","training","PENDING_NETWORK_RETRIEVAL"
"222117","222117.wav","an arabiensis","IFA_66_38_2638.wav","14-07-20 00:00","2.56","LT","Female","f","Single","telinga","tascam","Tanzania","cup","training","PENDING_NETWORK_RETRIEVAL"
"222112","222112.wav","an arabiensis","IFA_66_39_2639.wav","14-07-20 00:00","38.4","LT","Female","f","Single","telinga","tascam","Tanzania","cup","validation","PENDING_NETWORK_RETRIEVAL"
"222126","222126.wav","an arabiensis","IFA_67_10_2650.wav","14-07-20 00:00","2.56","LT","Female","f","Single","telinga","tascam","Tanzania","cup","training","PENDING_NETWORK_RETRIEVAL"
"222125","222125.wav","an arabiensis","IFA_67_10_2650.wav","14-07-20 00:00","2.56","LT","Female","f","Single","telinga","tascam","Tanzania","cup","training","PENDING_NETWORK_RETRIEVAL"
"222138","222138.wav","an arabiensis","IFA_67_11_2651.wav","14-07-20 00:00","43.52","LT","Female","f","Single","telinga","tascam","Tanzania","cup","validation","PENDING_NETWORK_RETRIEVAL"
"222128","222128.wav","an arabiensis","IFA_67_12_2652.wav","14-07-20 00:00","33.28","LT","Female","f","Single","telinga","tascam","Tanzania","cup","testing","PENDING_NETWORK_RETRIEVAL"
"222084","222084.wav","an arabiensis","IFA_67_15_2655.wav","14-07-20 00:00","5.12","LT","Female","f","Single","telinga","tascam","Tanzania","cup","training","PENDING_NETWORK_RETRIEVAL"
"222083","222083.wav","an arabiensis","IFA_67_15_2655.wav","14-07-20 00:00","2.56","LT","Female","f","Single","telinga","tascam","Tanzania","cup","training","PENDING_NETWORK_RETRIEVAL"
"222085","222085.wav","an arabiensis","IFA_67_15_2655.wav","14-07-20 00:00","7.68","LT","Female","f","Single","telinga","tascam","Tanzania","cup","training","PENDING_NETWORK_RETRIEVAL"
"222097","222097.wav","an arabiensis","IFA_67_17_2657.wav","14-07-20 00:00","12.8","LT","Female","f","Single","telinga","tascam","Tanzania","cup","training","PENDING_NETWORK_RETRIEVAL"
"222096","222096.wav","an arabiensis","IFA_67_17_2657.wav","14-07-20 00:00","23.04","LT","Female","f","Single","telinga","tascam","Tanzania","cup","training","PENDING_NETWORK_RETRIEVAL"
"222134","222134.wav","an arabiensis","IFA_67_19_2659.wav","14-07-20 00:00","10.24","LT","Female","f","Single","telinga","tascam","Tanzania","cup","training","PENDING_NETWORK_RETRIEVAL"
"222135","222135.wav","an arabiensis","IFA_67_19_2659.wav","14-07-20 00:00","22.98","LT","Female","f","Single","telinga","tascam","Tanzania","cup","training","PENDING_NETWORK_RETRIEVAL"
"222080","222080.wav","an arabiensis","IFA_67_20_2660.wav","14-07-20 00:00","7.68","LT","Female","f","Single","telinga","tascam","Tanzania","cup","testing","PENDING_NETWORK_RETRIEVAL"
"222079","222079.wav","an arabiensis","IFA_67_20_2660.wav","14-07-20 00:00","23.04","LT","Female","f","Single","telinga","tascam","Tanzania","cup","testing","PENDING_NETWORK_RETRIEVAL"
"222109","222109.wav","an arabiensis","IFA_67_21_2661.wav","14-07-20 00:00","2.56","LT","Female","f","Single","telinga","tascam","Tanzania","cup","testing","PENDING_NETWORK_RETRIEVAL"
"222108","222108.wav","an arabiensis","IFA_67_21_2661.wav","14-07-20 00:00","10.24","LT","Female","f","Single","telinga","tascam","Tanzania","cup","testing","PENDING_NETWORK_RETRIEVAL"
"222113","222113.wav","an arabiensis","IFA_67_23_2663.wav","14-07-20 00:00","5.12","LT","Female","f","Single","telinga","tascam","Tanzania","cup","training","PENDING_NETWORK_RETRIEVAL"
"222131","222131.wav","culex pipiens complex","IFA_67_24_2664.wav","14-07-20 00:00","20.48","LT","Female","f","Single","telinga","tascam","Tanzania","cup","validation","PENDING_NETWORK_RETRIEVAL"
"222130","222130.wav","an arabiensis","IFA_67_27_2667.wav","14-07-20 00:00","40.96","LT","Female","f","Single","telinga","tascam","Tanzania","cup","validation","PENDING_NETWORK_RETRIEVAL"
"222115","222115.wav","an arabiensis","IFA_67_29_2669.wav","14-07-20 00:00","2.56","LT","Female","f","Single","telinga","tascam","Tanzania","cup","training","PENDING_NETWORK_RETRIEVAL"
"222114","222114.wav","an arabiensis","IFA_67_29_2669.wav","14-07-20 00:00","30.72","LT","Female","f","Single","telinga","tascam","Tanzania","cup","training","PENDING_NETWORK_RETRIEVAL"
"222227","222227.wav","an arabiensis","IFA_68_20_2700.wav","19-07-20 00:00","46.02","LT","Female","f","Single","telinga","tascam","Tanzania","cup","validation","PENDING_NETWORK_RETRIEVAL"
"222164","222164.wav","ma uniformis","IFA_68_35_2715.wav","19-07-20 00:00","7.68","LT","Female","f","Single","telinga","tascam","Tanzania","cup","training","PENDING_NETWORK_RETRIEVAL"
"222163","222163.wav","ma uniformis","IFA_68_35_2715.wav","19-07-20 00:00","17.92","LT","Female","f","Single","telinga","tascam","Tanzania","cup","training","PENDING_NETWORK_RETRIEVAL"
"222165","222165.wav","ma uniformis","IFA_68_35_2715.wav","19-07-20 00:00","2.56","LT","Female","f","Single","telinga","tascam","Tanzania","cup","training","PENDING_NETWORK_RETRIEVAL"
"222203","222203.wav","an arabiensis","IFA_68_40_2720.wav","19-07-20 00:00","40.9","LT","Female","f","Single","telinga","tascam","Tanzania","cup","validation","PENDING_NETWORK_RETRIEVAL"
"222189","222189.wav","an arabiensis","IFA_69_13_2733.wav","19-07-20 00:00","46.08","LT","Female","f","Single","telinga","tascam","Tanzania","cup","testing","PENDING_NETWORK_RETRIEVAL"
"222182","222182.wav","ma uniformis","IFA_69_14_2734.wav","19-07-20 00:00","15.36","LT","Female","f","Single","telinga","tascam","Tanzania","cup","training","PENDING_NETWORK_RETRIEVAL"
"222183","222183.wav","ma uniformis","IFA_69_14_2734.wav","19-07-20 00:00","40.9","LT","Female","f","Single","telinga","tascam","Tanzania","cup","training","PENDING_NETWORK_RETRIEVAL"
"222179","222179.wav","culex pipiens complex","IFA_69_15_2735.wav","19-07-20 00:00","43.46","LT","Female","f","Single","telinga","tascam","Tanzania","cup","training","PENDING_NETWORK_RETRIEVAL"
"222225","222225.wav","culex pipiens complex","IFA_69_21_2741.wav","19-07-20 00:00","30.72","LT","Female","f","Single","telinga","tascam","Tanzania","cup","training","PENDING_NETWORK_RETRIEVAL"
"222226","222226.wav","culex pipiens complex","IFA_69_21_2741.wav","19-07-20 00:00","5.06","LT","Female","f","Single","telinga","tascam","Tanzania","cup","training","PENDING_NETWORK_RETRIEVAL"
"222176","222176.wav","culex pipiens complex","IFA_69_23_2743.wav","19-07-20 00:00","43.46","LT","Female","f","Single","telinga","tascam","Tanzania","cup","training","PENDING_NETWORK_RETRIEVAL"
"222221","222221.wav","an arabiensis","IFA_69_25_2745.wav","19-07-20 00:00","35.78","LT","Female","f","Single","telinga","tascam","Tanzania","cup","testing","PENDING_NETWORK_RETRIEVAL"
"222256","222256.wav","an arabiensis","IFA_69_26_2746.wav","20-07-20 00:00","25.54","LT","Female","f","Single","telinga","tascam","Tanzania","cup","training","PENDING_NETWORK_RETRIEVAL"
"222262","222262.wav","culex pipiens complex","IFA_69_28_2748.wav","20-07-20 00:00","38.34","LT","Female","f","Single","telinga","tascam","Tanzania","cup","validation","PENDING_NETWORK_RETRIEVAL"
"222261","222261.wav","culex pipiens complex","IFA_69_28_2748.wav","20-07-20 00:00","5.12","LT","Female","f","Single","telinga","tascam","Tanzania","cup","validation","PENDING_NETWORK_RETRIEVAL"
"222250","222250.wav","an arabiensis","IFA_69_29_2749.wav","20-07-20 00:00","2.56","LT","Female","t","Single","telinga","tascam","Tanzania","cup","validation","PENDING_NETWORK_RETRIEVAL"
"222251","222251.wav","an arabiensis","IFA_69_29_2749.wav","20-07-20 00:00","23.04","LT","Female","t","Single","telinga","tascam","Tanzania","cup","validation","PENDING_NETWORK_RETRIEVAL"
"222239","222239.wav","an arabiensis","IFA_69_32_2752.wav","20-07-20 00:00","38.4","LT","Female","f","Single","telinga","tascam","Tanzania","cup","training","PENDING_NETWORK_RETRIEVAL"
"222267","222267.wav","an arabiensis","IFA_69_33_2753.wav","20-07-20 00:00","38.34","LT","Female","t","Single","telinga","tascam","Tanzania","cup","training","PENDING_NETWORK_RETRIEVAL"
"222244","222244.wav","an arabiensis","IFA_69_35_2755.wav","20-07-20 00:00","7.68","LT","Female","f","Single","telinga","tascam","Tanzania","cup","training","PENDING_NETWORK_RETRIEVAL"
"222243","222243.wav","an arabiensis","IFA_69_35_2755.wav","20-07-20 00:00","20.48","LT","Female","f","Single","telinga","tascam","Tanzania","cup","training","PENDING_NETWORK_RETRIEVAL"
"222242","222242.wav","an arabiensis","IFA_69_35_2755.wav","20-07-20 00:00","2.56","LT","Female","f","Single","telinga","tascam","Tanzania","cup","training","PENDING_NETWORK_RETRIEVAL"
"222248","222248.wav","an arabiensis","IFA_70_10_2770.wav","20-07-20 00:00","35.78","LT","Female","f","Single","telinga","tascam","Tanzania","cup","testing","PENDING_NETWORK_RETRIEVAL"
"222266","222266.wav","an arabiensis","IFA_70_11_2771.wav","20-07-20 00:00","5.12","LT","Female","f","Single","telinga","tascam","Tanzania","cup","validation","PENDING_NETWORK_RETRIEVAL"
"222265","222265.wav","an arabiensis","IFA_70_11_2771.wav","20-07-20 00:00","10.24","LT","Female","f","Single","telinga","tascam","Tanzania","cup","validation","PENDING_NETWORK_RETRIEVAL"
"222264","222264.wav","an arabiensis","IFA_70_11_2771.wav","20-07-20 00:00","5.12","LT","Female","f","Single","telinga","tascam","Tanzania","cup","validation","PENDING_NETWORK_RETRIEVAL"
"222245","222245.wav","an arabiensis","IFA_70_12_2772.wav","20-07-20 00:00","33.22","LT","Female","f","Single","telinga","tascam","Tanzania","cup","training","PENDING_NETWORK_RETRIEVAL"
"222241","222241.wav","an arabiensis","IFA_70_16_2776.wav","20-07-20 00:00","33.28","LT","Female","f","Single","telinga","tascam","Tanzania","cup","training","PENDING_NETWORK_RETRIEVAL"
"222260","222260.wav","culex pipiens complex","IFA_70_19_2779.wav","20-07-20 00:00","25.6","LT","Female","f","Single","telinga","tascam","Tanzania","cup","testing","PENDING_NETWORK_RETRIEVAL"
"222257","222257.wav","culex pipiens complex","IFA_70_20_2780.wav","20-07-20 00:00","30.72","LT","Female","f","Single","telinga","tascam","Tanzania","cup","testing","PENDING_NETWORK_RETRIEVAL"
"222238","222238.wav","culex pipiens complex","IFA_70_21_2781.wav","20-07-20 00:00","28.16","LT","Female","f","Single","telinga","tascam","Tanzania","cup","training","PENDING_NETWORK_RETRIEVAL"
"222252","222252.wav","culex pipiens complex","IFA_70_22_2782.wav","20-07-20 00:00","28.16","LT","Female","f","Single","telinga","tascam","Tanzania","cup","testing","PENDING_NETWORK_RETRIEVAL"
"222270","222270.wav","an arabiensis","IFA_70_26_2786.wav","21-07-20 00:00","46.02","LT","Female","t","Single","telinga","tascam","Tanzania","cup","testing","PENDING_NETWORK_RETRIEVAL"
"222297","222297.wav","an arabiensis","IFA_70_29_2789.wav","21-07-20 00:00","30.66","LT","Female","t","Single","telinga","tascam","Tanzania","cup","training","PENDING_NETWORK_RETRIEVAL"
"222309","222309.wav","an arabiensis","IFA_70_32_2792.wav","21-07-20 00:00","43.46","LT","Female","f","Single","telinga","tascam","Tanzania","cup","testing","PENDING_NETWORK_RETRIEVAL"
"222277","222277.wav","an arabiensis","IFA_70_33_2793.wav","21-07-20 00:00","46.02","LT","Female","t","Single","telinga","tascam","Tanzania","cup","training","PENDING_NETWORK_RETRIEVAL"
"222300","222300.wav","an arabiensis","IFA_70_34_2794.wav","21-07-20 00:00","53.7","LT","Female","f","Single","telinga","tascam","Tanzania","cup","training","PENDING_NETWORK_RETRIEVAL"
"222276","222276.wav","an arabiensis","IFA_70_35_2795.wav","21-07-20 00:00","53.7","LT","Female","f","Single","telinga","tascam","Tanzania","cup","training","PENDING_NETWORK_RETRIEVAL"
"222273","222273.wav","an arabiensis","IFA_70_36_2796.wav","21-07-20 00:00","48.64","LT","Female","f","Single","telinga","tascam","Tanzania","cup","testing","PENDING_NETWORK_RETRIEVAL"
"222302","222302.wav","an arabiensis","IFA_70_38_2798.wav","21-07-20 00:00","15.36","LT","Female","f","Single","telinga","tascam","Tanzania","cup","training","PENDING_NETWORK_RETRIEVAL"
"222301","222301.wav","an arabiensis","IFA_70_38_2798.wav","21-07-20 00:00","25.6","LT","Female","f","Single","telinga","tascam","Tanzania","cup","training","PENDING_NETWORK_RETRIEVAL"
"222305","222305.wav","an arabiensis","IFA_70_39_2799.wav","21-07-20 00:00","79.36","LT","Female","f","Single","telinga","tascam","Tanzania","cup","training","PENDING_NETWORK_RETRIEVAL"
"222287","222287.wav","an arabiensis","IFA_70_40_2800.wav","21-07-20 00:00","40.9","LT","Female","f","Single","telinga","tascam","Tanzania","cup","training","PENDING_NETWORK_RETRIEVAL"
"222274","222274.wav","an arabiensis","IFA_71_10_2810.wav","21-07-20 00:00","40.96","LT","Female","f","Single","telinga","tascam","Tanzania","cup","training","PENDING_NETWORK_RETRIEVAL"
"222290","222290.wav","an arabiensis","IFA_71_12_2812.wav","21-07-20 00:00","15.36","LT","Female","f","Single","telinga","tascam","Tanzania","cup","training","PENDING_NETWORK_RETRIEVAL"
"222294","222294.wav","an arabiensis","IFA_71_13_2813.wav","21-07-20 00:00","7.68","LT","Female","f","Single","telinga","tascam","Tanzania","cup","testing","PENDING_NETWORK_RETRIEVAL"
"222293","222293.wav","an arabiensis","IFA_71_13_2813.wav","21-07-20 00:00","17.92","LT","Female","f","Single","telinga","tascam","Tanzania","cup","testing","PENDING_NETWORK_RETRIEVAL"
"222295","222295.wav","an arabiensis","IFA_71_13_2813.wav","21-07-20 00:00","7.68","LT","Female","f","Single","telinga","tascam","Tanzania","cup","testing","PENDING_NETWORK_RETRIEVAL"
"222296","222296.wav","an arabiensis","IFA_71_13_2813.wav","21-07-20 00:00","7.68","LT","Female","f","Single","telinga","tascam","Tanzania","cup","testing","PENDING_NETWORK_RETRIEVAL"
"222308","222308.wav","culex pipiens complex","IFA_71_17_2817.wav","21-07-20 00:00","38.4","LT","Female","f","Single","telinga","tascam","Tanzania","cup","validation","PENDING_NETWORK_RETRIEVAL"
"222307","222307.wav","culex pipiens complex","IFA_71_17_2817.wav","21-07-20 00:00","2.56","LT","Female","f","Single","telinga","tascam","Tanzania","cup","validation","PENDING_NETWORK_RETRIEVAL"
"222272","222272.wav","culex pipiens complex","IFA_71_20_2820.wav","21-07-20 00:00","30.66","LT","Female","f","Single","telinga","tascam","Tanzania","cup","training","PENDING_NETWORK_RETRIEVAL"
"222343","222343.wav","an arabiensis","IFA_71_23_2823.wav","26-07-20 00:00","2.56","LT","Female","f","Single","telinga","tascam","Tanzania","cup","training","PENDING_NETWORK_RETRIEVAL"
"222353","222353.wav","an arabiensis","IFA_71_25_2825.wav","26-07-20 00:00","17.86","LT","Female","f","Single","telinga","tascam","Tanzania","cup","validation","PENDING_NETWORK_RETRIEVAL"
"222352","222352.wav","an arabiensis","IFA_71_25_2825.wav","26-07-20 00:00","10.24","LT","Female","f","Single","telinga","tascam","Tanzania","cup","validation","PENDING_NETWORK_RETRIEVAL"
"222351","222351.wav","an arabiensis","IFA_71_25_2825.wav","26-07-20 00:00","28.16","LT","Female","f","Single","telinga","tascam","Tanzania","cup","validation","PENDING_NETWORK_RETRIEVAL"
"222349","222349.wav","an arabiensis","IFA_71_26_2826.wav","26-07-20 00:00","23.04","LT","Female","f","Single","telinga","tascam","Tanzania","cup","validation","PENDING_NETWORK_RETRIEVAL"
"222346","222346.wav","an arabiensis","IFA_71_28_2828.wav","26-07-20 00:00","7.68","LT","Female","f","Single","telinga","tascam","Tanzania","cup","training","PENDING_NETWORK_RETRIEVAL"
"222345","222345.wav","an arabiensis","IFA_71_28_2828.wav","26-07-20 00:00","2.56","LT","Female","f","Single","telinga","tascam","Tanzania","cup","training","PENDING_NETWORK_RETRIEVAL"
"222340","222340.wav","an arabiensis","IFA_71_30_2830.wav","26-07-20 00:00","48.58","LT","Female","f","Single","telinga","tascam","Tanzania","cup","training","PENDING_NETWORK_RETRIEVAL"
"222348","222348.wav","an arabiensis","IFA_71_35_2835.wav","26-07-20 00:00","48.58","LT","Female","f","Single","telinga","tascam","Tanzania","cup","training","PENDING_NETWORK_RETRIEVAL"
"222314","222314.wav","an arabiensis","IFA_72_12_2852.wav","27-07-20 00:00","43.46","LT","Female","f","Single","telinga","tascam","Tanzania","cup","training","PENDING_NETWORK_RETRIEVAL"
"222326","222326.wav","an arabiensis","IFA_72_13_2853.wav","27-07-20 00:00","35.78","LT","Female","f","Single","telinga","tascam","Tanzania","cup","training","PENDING_NETWORK_RETRIEVAL"
"222317","222317.wav","an arabiensis","IFA_72_14_2854.wav","27-07-20 00:00","38.34","LT","Female","f","Single","telinga","tascam","Tanzania","cup","training","PENDING_NETWORK_RETRIEVAL"
"222330","222330.wav","an arabiensis","IFA_72_15_2855.wav","27-07-20 00:00","35.78","LT","Female","t","Single","telinga","tascam","Tanzania","cup","training","PENDING_NETWORK_RETRIEVAL"
"222310","222310.wav","an arabiensis","IFA_72_17_2857.wav","27-07-20 00:00","40.9","LT","Female","f","Single","telinga","tascam","Tanzania","cup","training","PENDING_NETWORK_RETRIEVAL"
"222318","222318.wav","culex pipiens complex","IFA_72_19_2859.wav","27-07-20 00:00","33.22","LT","Female","f","Single","telinga","tascam","Tanzania","cup","testing","PENDING_NETWORK_RETRIEVAL"
"222327","222327.wav","an arabiensis","IFA_72_20_2860.wav","27-07-20 00:00","33.22","LT","Female","t","Single","telinga","tascam","Tanzania","cup","testing","PENDING_NETWORK_RETRIEVAL"
"222312","222312.wav","an arabiensis","IFA_72_21_2861.wav","27-07-20 00:00","38.34","LT","Female","f","Single","telinga","tascam","Tanzania","cup","training","PENDING_NETWORK_RETRIEVAL"
"222324","222324.wav","an arabiensis","IFA_72_26_2866.wav","27-07-20 00:00","56.26","LT","Female","f","Single","telinga","tascam","Tanzania","cup","training","PENDING_NETWORK_RETRIEVAL"
"222329","222329.wav","culex pipiens complex","IFA_72_28_2868.wav","27-07-20 00:00","43.46","LT","Female","f","Single","telinga","tascam","Tanzania","cup","training","PENDING_NETWORK_RETRIEVAL"
"222334","222334.wav","an arabiensis","IFA_72_33_2873.wav","27-07-20 00:00","35.78","LT","Female","f","Single","telinga","tascam","Tanzania","cup","validation","PENDING_NETWORK_RETRIEVAL"
"222313","222313.wav","culex pipiens complex","IFA_72_35_2875.wav","27-07-20 00:00","46.02","LT","Female","f","Single","telinga","tascam","Tanzania","cup","training","PENDING_NETWORK_RETRIEVAL"
"222325","222325.wav","culex pipiens complex","IFA_72_36_2876.wav","27-07-20 00:00","5.12","LT","Female","f","Single","telinga","tascam","Tanzania","cup","training","PENDING_NETWORK_RETRIEVAL"
"222383","222383.wav","an arabiensis","IFA_72_37_2877.wav","28-07-20 00:00","35.84","LT","Female","f","Single","telinga","tascam","Tanzania","cup","testing","PENDING_NETWORK_RETRIEVAL"
"222428","222428.wav","an arabiensis","IFA_72_39_2879.wav","28-07-20 00:00","25.54","LT","Female","f","Single","telinga","tascam","Tanzania","cup","testing","PENDING_NETWORK_RETRIEVAL"
"222429","222429.wav","an arabiensis","IFA_72_40_2880.wav","28-07-20 00:00","38.34","LT","Female","f","Single","telinga","tascam","Tanzania","cup","validation","PENDING_NETWORK_RETRIEVAL"
"222382","222382.wav","an arabiensis","IFA_73_10_2890.wav","28-07-20 00:00","30.66","LT","Female","f","Single","telinga","tascam","Tanzania","cup","training","PENDING_NETWORK_RETRIEVAL"
"222422","222422.wav","an arabiensis","IFA_73_11_2891.wav","28-07-20 00:00","40.96","LT","Female","f","Single","telinga","tascam","Tanzania","cup","training","PENDING_NETWORK_RETRIEVAL"
"222437","222437.wav","an arabiensis","IFA_73_12_2892.wav","28-07-20 00:00","43.46","LT","Female","f","Single","telinga","tascam","Tanzania","cup","validation","PENDING_NETWORK_RETRIEVAL"
"222388","222388.wav","an arabiensis","IFA_73_13_2893.wav","28-07-20 00:00","5.12","LT","Female","f","Single","telinga","tascam","Tanzania","cup","training","PENDING_NETWORK_RETRIEVAL"
"222387","222387.wav","an arabiensis","IFA_73_13_2893.wav","28-07-20 00:00","2.56","LT","Female","f","Single","telinga","tascam","Tanzania","cup","training","PENDING_NETWORK_RETRIEVAL"
"222389","222389.wav","an arabiensis","IFA_73_13_2893.wav","28-07-20 00:00","30.66","LT","Female","f","Single","telinga","tascam","Tanzania","cup","training","PENDING_NETWORK_RETRIEVAL"
"222370","222370.wav","an arabiensis","IFA_73_14_2894.wav","28-07-20 00:00","30.66","LT","Female","f","Single","telinga","tascam","Tanzania","cup","training","PENDING_NETWORK_RETRIEVAL"
"222379","222379.wav","an arabiensis","IFA_73_15_2895.wav","28-07-20 00:00","33.22","LT","Female","f","Single","telinga","tascam","Tanzania","cup","training","PENDING_NETWORK_RETRIEVAL"
"222416","222416.wav","an arabiensis","IFA_73_16_2896.wav","28-07-20 00:00","28.1","LT","Female","f","Single","telinga","tascam","Tanzania","cup","validation","PENDING_NETWORK_RETRIEVAL"
"222362","222362.wav","an arabiensis","IFA_73_17_2897.wav","28-07-20 00:00","25.6","LT","Female","f","Single","telinga","tascam","Tanzania","cup","validation","PENDING_NETWORK_RETRIEVAL"
"222364","222364.wav","an arabiensis","IFA_73_18_2898.wav","28-07-20 00:00","15.3","LT","Female","f","Single","telinga","tascam","Tanzania","cup","testing","PENDING_NETWORK_RETRIEVAL"
"222363","222363.wav","an arabiensis","IFA_73_18_2898.wav","28-07-20 00:00","7.68","LT","Female","f","Single","telinga","tascam","Tanzania","cup","testing","PENDING_NETWORK_RETRIEVAL"
"222397","222397.wav","an arabiensis","IFA_73_20_2900.wav","28-07-20 00:00","12.74","LT","Female","f","Single","telinga","tascam","Tanzania","cup","validation","PENDING_NETWORK_RETRIEVAL"
"222396","222396.wav","an arabiensis","IFA_73_20_2900.wav","28-07-20 00:00","2.56","LT","Female","f","Single","telinga","tascam","Tanzania","cup","validation","PENDING_NETWORK_RETRIEVAL"
"222395","222395.wav","an arabiensis","IFA_73_20_2900.wav","28-07-20 00:00","2.56","LT","Female","f","Single","telinga","tascam","Tanzania","cup","validation","PENDING_NETWORK_RETRIEVAL"
"222366","222366.wav","an arabiensis","IFA_73_21_2901.wav","28-07-20 00:00","35.78","LT","Female","f","Single","telinga","tascam","Tanzania","cup","testing","PENDING_NETWORK_RETRIEVAL"
"222408","222408.wav","an arabiensis","IFA_73_22_2902.wav","28-07-20 00:00","38.34","LT","Female","f","Single","telinga","tascam","Tanzania","cup","training","PENDING_NETWORK_RETRIEVAL"
"222400","222400.wav","an arabiensis","IFA_73_24_2904.wav","28-07-20 00:00","28.1","LT","Female","f","Single","telinga","tascam","Tanzania","cup","training","PENDING_NETWORK_RETRIEVAL"
"222434","222434.wav","an arabiensis","IFA_73_27_2907.wav","28-07-20 00:00","2.56","LT","Female","f","Single","telinga","tascam","Tanzania","cup","training","PENDING_NETWORK_RETRIEVAL"
"222435","222435.wav","an arabiensis","IFA_73_27_2907.wav","28-07-20 00:00","15.36","LT","Female","f","Single","telinga","tascam","Tanzania","cup","training","PENDING_NETWORK_RETRIEVAL"
"222436","222436.wav","an arabiensis","IFA_73_27_2907.wav","28-07-20 00:00","12.8","LT","Female","f","Single","telinga","tascam","Tanzania","cup","training","PENDING_NETWORK_RETRIEVAL"
"222409","222409.wav","an arabiensis","IFA_73_29_2909.wav","28-07-20 00:00","10.24","LT","Female","f","Single","telinga","tascam","Tanzania","cup","training","PENDING_NETWORK_RETRIEVAL"
"222410","222410.wav","an arabiensis","IFA_73_29_2909.wav","28-07-20 00:00","23.04","LT","Female","f","Single","telinga","tascam","Tanzania","cup","training","PENDING_NETWORK_RETRIEVAL"
"222433","222433.wav","an arabiensis","IFA_73_30_2910.wav","28-07-20 00:00","10.24","LT","Female","f","Single","telinga","tascam","Tanzania","cup","testing","PENDING_NETWORK_RETRIEVAL"
"222368","222368.wav","an arabiensis","IFA_73_32_2912.wav","28-07-20 00:00","15.36","LT","Female","f","Single","telinga","tascam","Tanzania","cup","training","PENDING_NETWORK_RETRIEVAL"
"222367","222367.wav","an arabiensis","IFA_73_32_2912.wav","28-07-20 00:00","7.68","LT","Female","f","Single","telinga","tascam","Tanzania","cup","training","PENDING_NETWORK_RETRIEVAL"
"222369","222369.wav","an arabiensis","IFA_73_32_2912.wav","28-07-20 00:00","5.06","LT","Female","f","Single","telinga","tascam","Tanzania","cup","training","PENDING_NETWORK_RETRIEVAL"
"222378","222378.wav","an arabiensis","IFA_73_33_2913.wav","28-07-20 00:00","7.62","LT","Female","f","Single","telinga","tascam","Tanzania","cup","validation","PENDING_NETWORK_RETRIEVAL"
"222377","222377.wav","an arabiensis","IFA_73_33_2913.wav","28-07-20 00:00","20.48","LT","Female","f","Single","telinga","tascam","Tanzania","cup","validation","PENDING_NETWORK_RETRIEVAL"
"222357","222357.wav","an arabiensis","IFA_73_34_2914.wav","28-07-20 00:00","25.6","LT","Female","f","Single","telinga","tascam","Tanzania","cup","testing","PENDING_NETWORK_RETRIEVAL"
"222398","222398.wav","an arabiensis","IFA_73_35_2915.wav","28-07-20 00:00","35.84","LT","Female","f","Single","telinga","tascam","Tanzania","cup","training","PENDING_NETWORK_RETRIEVAL"
"222414","222414.wav","an arabiensis","IFA_73_36_2916.wav","28-07-20 00:00","33.22","LT","Female","f","Single","telinga","tascam","Tanzania","cup","testing","PENDING_NETWORK_RETRIEVAL"
"222372","222372.wav","an arabiensis","IFA_73_37_2917.wav","28-07-20 00:00","25.54","LT","Female","f","Single","telinga","tascam","Tanzania","cup","testing","PENDING_NETWORK_RETRIEVAL"
"222411","222411.wav","an arabiensis","IFA_73_38_2918.wav","28-07-20 00:00","35.78","LT","Female","f","Single","telinga","tascam","Tanzania","cup","training","PENDING_NETWORK_RETRIEVAL"
"222402","222402.wav","an arabiensis","IFA_73_39_2919.wav","28-07-20 00:00","20.48","LT","Female","f","Single","telinga","tascam","Tanzania","cup","testing","PENDING_NETWORK_RETRIEVAL"
"222401","222401.wav","an arabiensis","IFA_73_39_2919.wav","28-07-20 00:00","7.68","LT","Female","f","Single","telinga","tascam","Tanzania","cup","testing","PENDING_NETWORK_RETRIEVAL"
"222425","222425.wav","an arabiensis","IFA_73_40_2920.wav","28-07-20 00:00","38.34","LT","Female","f","Single","telinga","tascam","Tanzania","cup","validation","PENDING_NETWORK_RETRIEVAL"
"222360","222360.wav","an arabiensis","IFA_74_11_2931.wav","28-07-20 00:00","17.86","LT","Female","f","Single","telinga","tascam","Tanzania","cup","training","PENDING_NETWORK_RETRIEVAL"
"222359","222359.wav","an arabiensis","IFA_74_11_2931.wav","28-07-20 00:00","5.12","LT","Female","f","Single","telinga","tascam","Tanzania","cup","training","PENDING_NETWORK_RETRIEVAL"
"222431","222431.wav","an arabiensis","IFA_74_12_2932.wav","28-07-20 00:00","46.08","LT","Female","f","Single","telinga","tascam","Tanzania","cup","testing","PENDING_NETWORK_RETRIEVAL"
"222381","222381.wav","an arabiensis","IFA_74_13_2933.wav","28-07-20 00:00","33.28","LT","Female","f","Single","telinga","tascam","Tanzania","cup","validation","PENDING_NETWORK_RETRIEVAL"
"222361","222361.wav","an arabiensis","IFA_74_14_2934.wav","28-07-20 00:00","43.46","LT","Male","f","Single","telinga","tascam","Tanzania","cup","training","PENDING_NETWORK_RETRIEVAL"
"222426","222426.wav","an arabiensis","IFA_74_15_2935.wav","28-07-20 00:00","28.1","LT","Female","f","Single","telinga","tascam","Tanzania","cup","validation","PENDING_NETWORK_RETRIEVAL"
"222424","222424.wav","culex pipiens complex","IFA_74_18_2938.wav","28-07-20 00:00","30.66","LT","Male","f","Single","telinga","tascam","Tanzania","cup","validation","PENDING_NETWORK_RETRIEVAL"
"222438","222438.wav","an arabiensis","IFA_74_19_2939.wav","28-07-20 00:00","28.1","LT","Female","f","Single","telinga","tascam","Tanzania","cup","training","PENDING_NETWORK_RETRIEVAL"
"222371","222371.wav","an arabiensis","IFA_74_20_2940.wav","28-07-20 00:00","28.1","LT","Female","f","Single","telinga","tascam","Tanzania","cup","training","PENDING_NETWORK_RETRIEVAL"
"222427","222427.wav","an arabiensis","IFA_74_21_2941.wav","28-07-20 00:00","46.02","LT","Female","f","Single","telinga","tascam","Tanzania","cup","testing","PENDING_NETWORK_RETRIEVAL"
"222420","222420.wav","culex pipiens complex","IFA_74_22_2942.wav","28-07-20 00:00","30.72","LT","Female","f","Single","telinga","tascam","Tanzania","cup","training","PENDING_NETWORK_RETRIEVAL"
"222418","222418.wav","culex pipiens complex","IFA_74_26_2946.wav","28-07-20 00:00","2.56","LT","Female","f","Single","telinga","tascam","Tanzania","cup","training","PENDING_NETWORK_RETRIEVAL"
"222419","222419.wav","culex pipiens complex","IFA_74_26_2946.wav","28-07-20 00:00","22.98","LT","Female","f","Single","telinga","tascam","Tanzania","cup","training","PENDING_NETWORK_RETRIEVAL"
"222417","222417.wav","an arabiensis","IFA_74_29_2949.wav","28-07-20 00:00","28.16","LT","Female","f","Single","telinga","tascam","Tanzania","cup","testing","PENDING_NETWORK_RETRIEVAL"
"222430","222430.wav","culex pipiens complex","IFA_74_33_2953.wav","28-07-20 00:00","17.86","LT","Female","f","Single","telinga","tascam","Tanzania","cup","validation","PENDING_NETWORK_RETRIEVAL"
"222376","222376.wav","an arabiensis","IFA_74_34_2954.wav","28-07-20 00:00","33.22","LT","Female","f","Single","telinga","tascam","Tanzania","cup","validation","PENDING_NETWORK_RETRIEVAL"
"222423","222423.wav","culex pipiens complex","IFA_74_35_2955.wav","28-07-20 00:00","22.98","LT","Female","f","Single","telinga","tascam","Tanzania","cup","training","PENDING_NETWORK_RETRIEVAL"
"222432","222432.wav","an arabiensis","IFA_74_36_2956.wav","28-07-20 00:00","30.66","LT","Female","f","Single","telinga","tascam","Tanzania","cup","training","PENDING_NETWORK_RETRIEVAL"
"222415","222415.wav","an arabiensis","IFA_74_38_2958.wav","28-07-20 00:00","28.1","LT","Female","f","Single","telinga","tascam","Tanzania","cup","testing","PENDING_NETWORK_RETRIEVAL"
"222391","222391.wav","culex pipiens complex","IFA_74_39_2959.wav","28-07-20 00:00","28.16","LT","Male","f","Single","telinga","tascam","Tanzania","cup","validation","PENDING_NETWORK_RETRIEVAL"
"222421","222421.wav","culex pipiens complex","IFA_74_40_2960.wav","28-07-20 00:00","40.9","LT","Male","f","Single","telinga","tascam","Tanzania","cup","validation","PENDING_NETWORK_RETRIEVAL"
"222506","222506.wav","an arabiensis","IFA_75_11_2971.wav","02-08-20 00:00","33.22","LT","Female","f","Single","telinga","tascam","Tanzania","cup","training","PENDING_NETWORK_RETRIEVAL"
"222485","222485.wav","an arabiensis","IFA_75_13_2973.wav","02-08-20 00:00","33.28","LT","Female","f","Single","telinga","tascam","Tanzania","cup","training","PENDING_NETWORK_RETRIEVAL"
"222502","222502.wav","an arabiensis","IFA_75_14_2974.wav","02-08-20 00:00","48.64","LT","Female","f","Single","telinga","tascam","Tanzania","cup","training","PENDING_NETWORK_RETRIEVAL"
"222495","222495.wav","an arabiensis","IFA_75_15_2975.wav","02-08-20 00:00","20.48","LT","Female","f","Single","telinga","tascam","Tanzania","cup","testing","PENDING_NETWORK_RETRIEVAL"
"222484","222484.wav","ma uniformis","IFA_75_16_2976.wav","02-08-20 00:00","48.64","LT","Female","f","Single","telinga","tascam","Tanzania","cup","testing","PENDING_NETWORK_RETRIEVAL"
"222459","222459.wav","an arabiensis","IFA_75_17_2977.wav","02-08-20 00:00","28.1","LT","Female","f","Single","telinga","tascam","Tanzania","cup","validation","PENDING_NETWORK_RETRIEVAL"
"222509","222509.wav","an arabiensis","IFA_75_19_2979.wav","02-08-20 00:00","35.84","LT","Female","f","Single","telinga","tascam","Tanzania","cup","training","PENDING_NETWORK_RETRIEVAL"
"222475","222475.wav","an arabiensis","IFA_75_20_2980.wav","02-08-20 00:00","53.7","LT","Female","f","Single","telinga","tascam","Tanzania","cup","training","PENDING_NETWORK_RETRIEVAL"
"222445","222445.wav","culex pipiens complex","IFA_75_21_2981.wav","02-08-20 00:00","33.28","LT","Male","f","Single","telinga","tascam","Tanzania","cup","testing","PENDING_NETWORK_RETRIEVAL"
"222498","222498.wav","an arabiensis","IFA_75_22_2982.wav","02-08-20 00:00","15.36","LT","Female","f","Single","telinga","tascam","Tanzania","cup","training","PENDING_NETWORK_RETRIEVAL"
"222499","222499.wav","an arabiensis","IFA_75_22_2982.wav","02-08-20 00:00","15.3","LT","Female","f","Single","telinga","tascam","Tanzania","cup","training","PENDING_NETWORK_RETRIEVAL"
"222474","222474.wav","ma uniformis","IFA_75_24_2984.wav","02-08-20 00:00","35.84","LT","Female","f","Single","telinga","tascam","Tanzania","cup","training","PENDING_NETWORK_RETRIEVAL"
"222453","222453.wav","an arabiensis","IFA_75_25_2985.wav","02-08-20 00:00","33.28","LT","Female","f","Single","telinga","tascam","Tanzania","cup","training","PENDING_NETWORK_RETRIEVAL"
"222500","222500.wav","an arabiensis","IFA_75_26_2986.wav","02-08-20 00:00","38.34","LT","Female","f","Single","telinga","tascam","Tanzania","cup","training","PENDING_NETWORK_RETRIEVAL"
"222518","222518.wav","an arabiensis","IFA_75_27_2987.wav","02-08-20 00:00","56.26","LT","Female","f","Single","telinga","tascam","Tanzania","cup","testing","PENDING_NETWORK_RETRIEVAL"
"222447","222447.wav","culex pipiens complex","IFA_75_28_2988.wav","02-08-20 00:00","5.12","LT","Female","f","Single","telinga","tascam","Tanzania","cup","training","PENDING_NETWORK_RETRIEVAL"
"222449","222449.wav","culex pipiens complex","IFA_75_28_2988.wav","02-08-20 00:00","20.48","LT","Female","f","Single","telinga","tascam","Tanzania","cup","training","PENDING_NETWORK_RETRIEVAL"
"222448","222448.wav","culex pipiens complex","IFA_75_28_2988.wav","02-08-20 00:00","10.24","LT","Female","f","Single","telinga","tascam","Tanzania","cup","training","PENDING_NETWORK_RETRIEVAL"
"222489","222489.wav","an arabiensis","IFA_75_29_2989.wav","02-08-20 00:00","56.26","LT","Female","f","Single","telinga","tascam","Tanzania","cup","training","PENDING_NETWORK_RETRIEVAL"
"222508","222508.wav","culex pipiens complex","IFA_75_30_2990.wav","02-08-20 00:00","5.06","LT","Female","f","Single","telinga","tascam","Tanzania","cup","training","PENDING_NETWORK_RETRIEVAL"
"222507","222507.wav","culex pipiens complex","IFA_75_30_2990.wav","02-08-20 00:00","25.6","LT","Female","f","Single","telinga","tascam","Tanzania","cup","training","PENDING_NETWORK_RETRIEVAL"
"222483","222483.wav","an arabiensis","IFA_75_31_2991.wav","02-08-20 00:00","33.22","LT","Female","f","Single","telinga","tascam","Tanzania","cup","training","PENDING_NETWORK_RETRIEVAL"
"222496","222496.wav","an arabiensis","IFA_75_32_2992.wav","02-08-20 00:00","40.9","LT","Female","f","Single","telinga","tascam","Tanzania","cup","testing","PENDING_NETWORK_RETRIEVAL"
"222460","222460.wav","an arabiensis","IFA_75_33_2993.wav","02-08-20 00:00","33.28","LT","Female","t","Single","telinga","tascam","Tanzania","cup","testing","PENDING_NETWORK_RETRIEVAL"
"222452","222452.wav","an arabiensis","IFA_75_34_2994.wav","02-08-20 00:00","35.78","LT","Female","f","Single","telinga","tascam","Tanzania","cup","training","PENDING_NETWORK_RETRIEVAL"
"222443","222443.wav","an arabiensis","IFA_75_35_2995.wav","02-08-20 00:00","40.96","LT","Female","f","Single","telinga","tascam","Tanzania","cup","training","PENDING_NETWORK_RETRIEVAL"
"222444","222444.wav","an arabiensis","IFA_75_35_2995.wav","02-08-20 00:00","2.56","LT","Female","f","Single","telinga","tascam","Tanzania","cup","training","PENDING_NETWORK_RETRIEVAL"
"222458","222458.wav","an arabiensis","IFA_75_36_2996.wav","02-08-20 00:00","33.22","LT","Female","f","Single","telinga","tascam","Tanzania","cup","training","PENDING_NETWORK_RETRIEVAL"
"222450","222450.wav","an arabiensis","IFA_75_38_2998.wav","02-08-20 00:00","30.66","LT","Female","f","Single","telinga","tascam","Tanzania","cup","training","PENDING_NETWORK_RETRIEVAL"
"222504","222504.wav","an arabiensis","IFA_75_39_2999.wav","02-08-20 00:00","58.82","LT","Male","f","Single","telinga","tascam","Tanzania","cup","validation","PENDING_NETWORK_RETRIEVAL"
"222468","222468.wav","an arabiensis","IFA_75_40_3000.wav","02-08-20 00:00","10.24","LT","Male","f","Single","telinga","tascam","Tanzania","cup","testing","PENDING_NETWORK_RETRIEVAL"
"222467","222467.wav","an arabiensis","IFA_75_40_3000.wav","02-08-20 00:00","17.92","LT","Male","f","Single","telinga","tascam","Tanzania","cup","testing","PENDING_NETWORK_RETRIEVAL"
"222469","222469.wav","an arabiensis","IFA_75_40_3000.wav","02-08-20 00:00","5.12","LT","Male","f","Single","telinga","tascam","Tanzania","cup","testing","PENDING_NETWORK_RETRIEVAL"
"222524","222524.wav","an arabiensis","IFA_76_11_3011.wav","02-08-20 00:00","40.96","LT","Female","f","Single","telinga","tascam","Tanzania","cup","training","PENDING_NETWORK_RETRIEVAL"
"222491","222491.wav","culex pipiens complex","IFA_76_12_3012.wav","02-08-20 00:00","15.3","LT","Female","f","Single","telinga","tascam","Tanzania","cup","training","PENDING_NETWORK_RETRIEVAL"
"222490","222490.wav","culex pipiens complex","IFA_76_12_3012.wav","02-08-20 00:00","20.48","LT","Female","f","Single","telinga","tascam","Tanzania","cup","training","PENDING_NETWORK_RETRIEVAL"
"222511","222511.wav","an arabiensis","IFA_76_13_3013.wav","02-08-20 00:00","53.7","LT","Female","f","Single","telinga","tascam","Tanzania","cup","training","PENDING_NETWORK_RETRIEVAL"
"222473","222473.wav","culex pipiens complex","IFA_76_14_3014.wav","02-08-20 00:00","40.9","LT","Female","f","Single","telinga","tascam","Tanzania","cup","validation","PENDING_NETWORK_RETRIEVAL"
"222497","222497.wav","an arabiensis","IFA_76_15_3015.wav","02-08-20 00:00","40.96","LT","Female","f","Single","telinga","tascam","Tanzania","cup","validation","PENDING_NETWORK_RETRIEVAL"
"222505","222505.wav","an arabiensis","IFA_76_16_3016.wav","02-08-20 00:00","48.58","LT","Female","f","Single","telinga","tascam","Tanzania","cup","training","PENDING_NETWORK_RETRIEVAL"
"222441","222441.wav","an arabiensis","IFA_76_17_3017.wav","02-08-20 00:00","53.76","LT","Female","f","Single","telinga","tascam","Tanzania","cup","training","PENDING_NETWORK_RETRIEVAL"
"222512","222512.wav","an arabiensis","IFA_76_18_3018.wav","02-08-20 00:00","40.96","LT","Female","f","Single","telinga","tascam","Tanzania","cup","validation","PENDING_NETWORK_RETRIEVAL"
"222442","222442.wav","ma uniformis","IFA_76_20_3020.wav","02-08-20 00:00","53.7","LT","Female","f","Single","telinga","tascam","Tanzania","cup","training","PENDING_NETWORK_RETRIEVAL"
"222519","222519.wav","an arabiensis","IFA_76_21_3021.wav","02-08-20 00:00","7.68","LT","Female","f","Single","telinga","tascam","Tanzania","cup","training","PENDING_NETWORK_RETRIEVAL"
"222523","222523.wav","an arabiensis","IFA_76_21_3021.wav","02-08-20 00:00","7.68","LT","Female","f","Single","telinga","tascam","Tanzania","cup","training","PENDING_NETWORK_RETRIEVAL"
"222522","222522.wav","an arabiensis","IFA_76_21_3021.wav","02-08-20 00:00","25.6","LT","Female","f","Single","telinga","tascam","Tanzania","cup","training","PENDING_NETWORK_RETRIEVAL"
"222520","222520.wav","an arabiensis","IFA_76_21_3021.wav","02-08-20 00:00","15.36","LT","Female","f","Single","telinga","tascam","Tanzania","cup","training","PENDING_NETWORK_RETRIEVAL"
"222521","222521.wav","an arabiensis","IFA_76_21_3021.wav","02-08-20 00:00","7.68","LT","Female","f","Single","telinga","tascam","Tanzania","cup","training","PENDING_NETWORK_RETRIEVAL"
"222513","222513.wav","an arabiensis","IFA_76_22_3022.wav","02-08-20 00:00","53.76","LT","Female","f","Single","telinga","tascam","Tanzania","cup","training","PENDING_NETWORK_RETRIEVAL"
"222482","222482.wav","an arabiensis","IFA_76_23_3023.wav","02-08-20 00:00","46.02","LT","Female","f","Single","telinga","tascam","Tanzania","cup","training","PENDING_NETWORK_RETRIEVAL"
"222464","222464.wav","ma uniformis","IFA_76_24_3024.wav","02-08-20 00:00","84.42","LT","Male","f","Single","telinga","tascam","Tanzania","cup","training","PENDING_NETWORK_RETRIEVAL"
"222486","222486.wav","culex pipiens complex","IFA_76_25_3025.wav","02-08-20 00:00","33.28","LT","Female","f","Single","telinga","tascam","Tanzania","cup","training","PENDING_NETWORK_RETRIEVAL"
"222451","222451.wav","an arabiensis","IFA_76_26_3026.wav","02-08-20 00:00","56.26","LT","Female","f","Single","telinga","tascam","Tanzania","cup","training","PENDING_NETWORK_RETRIEVAL"
"222492","222492.wav","culex pipiens complex","IFA_76_27_3027.wav","02-08-20 00:00","12.8","LT","Female","f","Single","telinga","tascam","Tanzania","cup","training","PENDING_NETWORK_RETRIEVAL"
"222494","222494.wav","culex pipiens complex","IFA_76_27_3027.wav","02-08-20 00:00","2.56","LT","Female","f","Single","telinga","tascam","Tanzania","cup","training","PENDING_NETWORK_RETRIEVAL"
"222493","222493.wav","culex pipiens complex","IFA_76_27_3027.wav","02-08-20 00:00","5.12","LT","Female","f","Single","telinga","tascam","Tanzania","cup","training","PENDING_NETWORK_RETRIEVAL"
"222465","222465.wav","an arabiensis","IFA_76_28_3028.wav","02-08-20 00:00","33.28","LT","Female","f","Single","telinga","tascam","Tanzania","cup","testing","PENDING_NETWORK_RETRIEVAL"
"222466","222466.wav","an arabiensis","IFA_76_28_3028.wav","02-08-20 00:00","7.68","LT","Female","f","Single","telinga","tascam","Tanzania","cup","testing","PENDING_NETWORK_RETRIEVAL"
"222487","222487.wav","culex pipiens complex","IFA_76_29_3029.wav","02-08-20 00:00","17.92","LT","Female","f","Single","telinga","tascam","Tanzania","cup","testing","PENDING_NETWORK_RETRIEVAL"
"222488","222488.wav","culex pipiens complex","IFA_76_29_3029.wav","02-08-20 00:00","7.68","LT","Female","f","Single","telinga","tascam","Tanzania","cup","testing","PENDING_NETWORK_RETRIEVAL"
"222462","222462.wav","an arabiensis","IFA_76_32_3032.wav","02-08-20 00:00","12.8","LT","Female","f","Single","telinga","tascam","Tanzania","cup","testing","PENDING_NETWORK_RETRIEVAL"
"222461","222461.wav","an arabiensis","IFA_76_32_3032.wav","02-08-20 00:00","10.24","LT","Female","f","Single","telinga","tascam","Tanzania","cup","testing","PENDING_NETWORK_RETRIEVAL"
"222463","222463.wav","an arabiensis","IFA_76_32_3032.wav","02-08-20 00:00","2.56","LT","Female","f","Single","telinga","tascam","Tanzania","cup","testing","PENDING_NETWORK_RETRIEVAL"
"222515","222515.wav","ma uniformis","IFA_76_33_3033.wav","02-08-20 00:00","10.24","LT","Female","f","Single","telinga","tascam","Tanzania","cup","validation","PENDING_NETWORK_RETRIEVAL"
"222514","222514.wav","ma uniformis","IFA_76_33_3033.wav","02-08-20 00:00","2.56","LT","Female","f","Single","telinga","tascam","Tanzania","cup","validation","PENDING_NETWORK_RETRIEVAL"
"222516","222516.wav","ma uniformis","IFA_76_33_3033.wav","02-08-20 00:00","12.8","LT","Female","f","Single","telinga","tascam","Tanzania","cup","validation","PENDING_NETWORK_RETRIEVAL"
"222517","222517.wav","ma uniformis","IFA_76_33_3033.wav","02-08-20 00:00","5.12","LT","Female","f","Single","telinga","tascam","Tanzania","cup","validation","PENDING_NETWORK_RETRIEVAL"
"222457","222457.wav","an arabiensis","IFA_76_34_3034.wav","02-08-20 00:00","17.86","LT","Female","f","Single","telinga","tascam","Tanzania","cup","training","PENDING_NETWORK_RETRIEVAL"
"222456","222456.wav","an arabiensis","IFA_76_34_3034.wav","02-08-20 00:00","58.88","LT","Female","f","Single","telinga","tascam","Tanzania","cup","training","PENDING_NETWORK_RETRIEVAL"
"222454","222454.wav","an arabiensis","IFA_76_35_3035.wav","02-08-20 00:00","10.24","LT","Female","f","Single","telinga","tascam","Tanzania","cup","training","PENDING_NETWORK_RETRIEVAL"
"222455","222455.wav","an arabiensis","IFA_76_35_3035.wav","02-08-20 00:00","5.12","LT","Female","f","Single","telinga","tascam","Tanzania","cup","training","PENDING_NETWORK_RETRIEVAL"
"222501","222501.wav","culex pipiens complex","IFA_76_36_3036.wav","02-08-20 00:00","10.24","LT","Female","f","Single","telinga","tascam","Tanzania","cup","testing","PENDING_NETWORK_RETRIEVAL"
"222477","222477.wav","an arabiensis","IFA_76_38_3038.wav","02-08-20 00:00","23.04","LT","Female","f","Single","telinga","tascam","Tanzania","cup","training","PENDING_NETWORK_RETRIEVAL"
"222476","222476.wav","an arabiensis","IFA_76_38_3038.wav","02-08-20 00:00","7.68","LT","Female","f","Single","telinga","tascam","Tanzania","cup","training","PENDING_NETWORK_RETRIEVAL"
"222446","222446.wav","culex pipiens complex","IFA_76_39_3039.wav","02-08-20 00:00","30.72","LT","Female","f","Single","telinga","tascam","Tanzania","cup","training","PENDING_NETWORK_RETRIEVAL"
