"id","name","species","path","exists"
"221149","IFA_17_26_666.wav","an arabiensis","data\audio\221149.wav","True"
"221150","IFA_17_26_666.wav","an arabiensis","data\audio\221150.wav","True"
"221121","IFA_17_27_667.wav","ma uniformis","data\audio\221121.wav","True"
"221123","IFA_17_27_667.wav","ma uniformis","data\audio\221123.wav","True"
"221122","IFA_17_27_667.wav","ma uniformis","data\audio\221122.wav","True"
"221124","IFA_17_27_667.wav","ma uniformis","data\audio\221124.wav","True"
"221145","IFA_17_28_668.wav","culex pipiens complex","data\audio\221145.wav","True"
"221146","IFA_17_28_668.wav","culex pipiens complex","data\audio\221146.wav","True"
"221144","IFA_17_28_668.wav","culex pipiens complex","data\audio\221144.wav","True"
"221102","IFA_17_31_671.wav","culex pipiens complex","data\audio\221102.wav","True"
"221101","IFA_17_31_671.wav","culex pipiens complex","data\audio\221101.wav","True"
"221148","IFA_17_33_673.wav","ma uniformis","data\audio\221148.wav","True"
"221132","IFA_17_35_675.wav","culex pipiens complex","data\audio\221132.wav","True"
"221131","IFA_17_35_675.wav","culex pipiens complex","data\audio\221131.wav","True"
"221158","IFA_17_36_676.wav","culex pipiens complex","data\audio\221158.wav","True"
"221157","IFA_17_36_676.wav","culex pipiens complex","data\audio\221157.wav","True"
"221127","IFA_17_37_677.wav","ma uniformis","data\audio\221127.wav","True"
"221126","IFA_17_37_677.wav","ma uniformis","data\audio\221126.wav","True"
"221133","IFA_17_38_678.wav","culex pipiens complex","data\audio\221133.wav","True"
"221151","IFA_18_13_693.wav","culex pipiens complex","data\audio\221151.wav","True"
"221105","IFA_18_14_694.wav","culex pipiens complex","data\audio\221105.wav","True"
"221107","IFA_18_14_694.wav","culex pipiens complex","data\audio\221107.wav","True"
"221106","IFA_18_14_694.wav","culex pipiens complex","data\audio\221106.wav","True"
"221104","IFA_18_14_694.wav","culex pipiens complex","data\audio\221104.wav","True"
"221109","IFA_18_15_695.wav","culex pipiens complex","data\audio\221109.wav","True"
"221128","IFA_18_18_698.wav","culex pipiens complex","data\audio\221128.wav","True"
"221130","IFA_18_18_698.wav","culex pipiens complex","data\audio\221130.wav","True"
"221129","IFA_18_18_698.wav","culex pipiens complex","data\audio\221129.wav","True"
"221147","IFA_18_19_699.wav","culex pipiens complex","data\audio\221147.wav","True"
"221116","IFA_18_21_701.wav","culex pipiens complex","data\audio\221116.wav","True"
"221141","IFA_18_23_703.wav","culex pipiens complex","data\audio\221141.wav","True"
"221142","IFA_18_23_703.wav","culex pipiens complex","data\audio\221142.wav","True"
"221108","IFA_18_24_704.wav","culex pipiens complex","data\audio\221108.wav","True"
"221114","IFA_18_27_707.wav","culex pipiens complex","data\audio\221114.wav","True"
"221100","IFA_18_28_708.wav","culex pipiens complex","data\audio\221100.wav","True"
"221143","IFA_18_29_709.wav","an arabiensis","data\audio\221143.wav","True"
"221113","IFA_18_30_710.wav","culex pipiens complex","data\audio\221113.wav","True"
"221112","IFA_18_30_710.wav","culex pipiens complex","data\audio\221112.wav","True"
"221118","IFA_18_31_711.wav","culex pipiens complex","data\audio\221118.wav","True"
"221117","IFA_18_31_711.wav","culex pipiens complex","data\audio\221117.wav","True"
"221115","IFA_18_33_713.wav","culex pipiens complex","data\audio\221115.wav","True"
"221201","IFA_18_37_717.wav","an arabiensis","data\audio\221201.wav","True"
"221200","IFA_18_37_717.wav","an arabiensis","data\audio\221200.wav","True"
"221167","IFA_18_38_718.wav","an arabiensis","data\audio\221167.wav","True"
"221166","IFA_18_38_718.wav","an arabiensis","data\audio\221166.wav","True"
"221165","IFA_18_38_718.wav","an arabiensis","data\audio\221165.wav","True"
"221180","IFA_18_39_719.wav","an arabiensis","data\audio\221180.wav","True"
"221181","IFA_18_39_719.wav","an arabiensis","data\audio\221181.wav","True"
"221182","IFA_19_12_732.wav","an arabiensis","data\audio\221182.wav","True"
"221183","IFA_19_12_732.wav","an arabiensis","data\audio\221183.wav","True"
"221177","IFA_19_18_738.wav","an arabiensis","data\audio\221177.wav","True"
"221176","IFA_19_18_738.wav","an arabiensis","data\audio\221176.wav","True"
"221175","IFA_19_18_738.wav","an arabiensis","data\audio\221175.wav","True"
"221178","IFA_19_18_738.wav","an arabiensis","data\audio\221178.wav","True"
"221179","IFA_19_18_738.wav","an arabiensis","data\audio\221179.wav","True"
"221210","IFA_19_19_739.wav","an arabiensis","data\audio\221210.wav","True"
"221196","IFA_19_20_740.wav","an arabiensis","data\audio\221196.wav","True"
"221197","IFA_19_20_740.wav","an arabiensis","data\audio\221197.wav","True"
"221211","IFA_19_21_741.wav","an arabiensis","data\audio\221211.wav","True"
"221212","IFA_19_21_741.wav","an arabiensis","data\audio\221212.wav","True"
"221199","IFA_19_22_742.wav","an arabiensis","data\audio\221199.wav","True"
"221159","IFA_19_24_744.wav","an arabiensis","data\audio\221159.wav","True"
"221160","IFA_19_24_744.wav","an arabiensis","data\audio\221160.wav","True"
"221215","IFA_19_26_746.wav","an arabiensis","data\audio\221215.wav","True"
"221216","IFA_19_26_746.wav","an arabiensis","data\audio\221216.wav","True"
"221214","IFA_19_26_746.wav","an arabiensis","data\audio\221214.wav","True"
"221213","IFA_19_26_746.wav","an arabiensis","data\audio\221213.wav","True"
"221190","IFA_19_27_747.wav","an arabiensis","data\audio\221190.wav","True"
"221189","IFA_19_27_747.wav","an arabiensis","data\audio\221189.wav","True"
"221188","IFA_19_27_747.wav","an arabiensis","data\audio\221188.wav","True"
"221187","IFA_19_27_747.wav","an arabiensis","data\audio\221187.wav","True"
"221209","IFA_19_28_748.wav","an arabiensis","data\audio\221209.wav","True"
"221204","IFA_19_31_751.wav","an arabiensis","data\audio\221204.wav","True"
"221203","IFA_19_31_751.wav","an arabiensis","data\audio\221203.wav","True"
"221202","IFA_19_31_751.wav","an arabiensis","data\audio\221202.wav","True"
"221170","IFA_19_32_752.wav","an arabiensis","data\audio\221170.wav","True"
"221169","IFA_19_32_752.wav","an arabiensis","data\audio\221169.wav","True"
"221168","IFA_19_32_752.wav","an arabiensis","data\audio\221168.wav","True"
"221171","IFA_19_32_752.wav","an arabiensis","data\audio\221171.wav","True"
"221198","IFA_19_34_754.wav","an arabiensis","data\audio\221198.wav","True"
"221184","IFA_19_36_756.wav","an arabiensis","data\audio\221184.wav","True"
"221186","IFA_19_36_756.wav","an arabiensis","data\audio\221186.wav","True"
"221185","IFA_19_36_756.wav","an arabiensis","data\audio\221185.wav","True"
"221191","IFA_19_38_758.wav","an arabiensis","data\audio\221191.wav","True"
"221192","IFA_19_38_758.wav","an arabiensis","data\audio\221192.wav","True"
"220517","IFA_20_12_772.wav","an arabiensis","data\audio\220517.wav","True"
"220516","IFA_20_12_772.wav","an arabiensis","data\audio\220516.wav","True"
"220520","IFA_20_14_774.wav","culex pipiens complex","data\audio\220520.wav","True"
"220521","IFA_20_17_777.wav","an arabiensis","data\audio\220521.wav","True"
"220522","IFA_20_18_778.wav","an arabiensis","data\audio\220522.wav","True"
"220514","IFA_20_38_798.wav","an arabiensis","data\audio\220514.wav","True"
"220553","IFA_21_10_810.wav","an arabiensis","data\audio\220553.wav","True"
"220543","IFA_21_20_820.wav","an arabiensis","data\audio\220543.wav","True"
"220538","IFA_21_22_822.wav","an arabiensis","data\audio\220538.wav","True"
"220541","IFA_21_27_827.wav","an arabiensis","data\audio\220541.wav","True"
"220540","IFA_21_27_827.wav","an arabiensis","data\audio\220540.wav","True"
"220542","IFA_21_27_827.wav","an arabiensis","data\audio\220542.wav","True"
"220554","IFA_21_29_829.wav","an arabiensis","data\audio\220554.wav","True"
"220552","IFA_21_36_836.wav","an arabiensis","data\audio\220552.wav","True"
"220528","IFA_22_14_854.wav","an arabiensis","data\audio\220528.wav","True"
"220539","IFA_22_16_856.wav","an arabiensis","data\audio\220539.wav","True"
"220533","IFA_22_19_859.wav","an arabiensis","data\audio\220533.wav","True"
"220534","IFA_22_19_859.wav","an arabiensis","data\audio\220534.wav","True"
"220527","IFA_22_20_860.wav","an arabiensis","data\audio\220527.wav","True"
"220526","IFA_22_20_860.wav","an arabiensis","data\audio\220526.wav","True"
"220523","IFA_22_21_861.wav","an arabiensis","data\audio\220523.wav","True"
"220549","IFA_22_22_862.wav","an arabiensis","data\audio\220549.wav","True"
"220547","IFA_22_22_862.wav","an arabiensis","data\audio\220547.wav","True"
"220548","IFA_22_22_862.wav","an arabiensis","data\audio\220548.wav","True"
"220535","IFA_22_23_863.wav","an arabiensis","data\audio\220535.wav","True"
"220537","IFA_22_23_863.wav","an arabiensis","data\audio\220537.wav","True"
"220536","IFA_22_23_863.wav","an arabiensis","data\audio\220536.wav","True"
"220551","IFA_22_25_865.wav","culex pipiens complex","data\audio\220551.wav","True"
"220550","IFA_22_25_865.wav","culex pipiens complex","data\audio\220550.wav","True"
"220545","IFA_22_27_867.wav","an arabiensis","data\audio\220545.wav","True"
"220544","IFA_22_27_867.wav","an arabiensis","data\audio\220544.wav","True"
"220524","IFA_22_28_868.wav","an arabiensis","data\audio\220524.wav","True"
"220525","IFA_22_28_868.wav","an arabiensis","data\audio\220525.wav","True"
"220555","IFA_22_29_869.wav","an arabiensis","data\audio\220555.wav","True"
"220532","IFA_22_37_877.wav","an arabiensis","data\audio\220532.wav","True"
"220531","IFA_22_38_878.wav","an arabiensis","data\audio\220531.wav","True"
"220530","IFA_22_39_879.wav","an arabiensis","data\audio\220530.wav","True"
"220529","IFA_22_39_879.wav","an arabiensis","data\audio\220529.wav","True"
"220556","IFA_22_40_880.wav","an arabiensis","data\audio\220556.wav","True"
"220558","IFA_22_40_880.wav","an arabiensis","data\audio\220558.wav","True"
"220557","IFA_22_40_880.wav","an arabiensis","data\audio\220557.wav","True"
"220578","IFA_23_10_890.wav","ma uniformis","data\audio\220578.wav","True"
"220577","IFA_23_10_890.wav","ma uniformis","data\audio\220577.wav","True"
"220602","IFA_23_12_892.wav","ma uniformis","data\audio\220602.wav","True"
"220601","IFA_23_12_892.wav","ma uniformis","data\audio\220601.wav","True"
"220608","IFA_23_13_893.wav","ma uniformis","data\audio\220608.wav","True"
"220607","IFA_23_13_893.wav","ma uniformis","data\audio\220607.wav","True"
"220559","IFA_23_14_894.wav","culex pipiens complex","data\audio\220559.wav","True"
"220604","IFA_23_16_896.wav","ma uniformis","data\audio\220604.wav","True"
"220603","IFA_23_16_896.wav","ma uniformis","data\audio\220603.wav","True"
"220565","IFA_23_17_897.wav","an arabiensis","data\audio\220565.wav","True"
"220566","IFA_23_17_897.wav","an arabiensis","data\audio\220566.wav","True"
"220572","IFA_23_18_898.wav","ma uniformis","data\audio\220572.wav","True"
"220609","IFA_23_21_901.wav","ma uniformis","data\audio\220609.wav","True"
"220612","IFA_23_27_907.wav","ma uniformis","data\audio\220612.wav","True"
"220598","IFA_23_30_910.wav","ma uniformis","data\audio\220598.wav","True"
"220597","IFA_23_30_910.wav","ma uniformis","data\audio\220597.wav","True"
"220595","IFA_23_30_910.wav","ma uniformis","data\audio\220595.wav","True"
"220596","IFA_23_30_910.wav","ma uniformis","data\audio\220596.wav","True"
"220605","IFA_23_31_911.wav","culex pipiens complex","data\audio\220605.wav","True"
"220606","IFA_23_31_911.wav","culex pipiens complex","data\audio\220606.wav","True"
"220590","IFA_23_32_912.wav","culex pipiens complex","data\audio\220590.wav","True"
"220599","IFA_23_33_913.wav","ma uniformis","data\audio\220599.wav","True"
"220600","IFA_23_33_913.wav","ma uniformis","data\audio\220600.wav","True"
"220573","IFA_23_34_914.wav","ma uniformis","data\audio\220573.wav","True"
"220584","IFA_23_36_916.wav","ma uniformis","data\audio\220584.wav","True"
"220583","IFA_23_36_916.wav","ma uniformis","data\audio\220583.wav","True"
"220582","IFA_23_36_916.wav","ma uniformis","data\audio\220582.wav","True"
"220586","IFA_23_37_917.wav","ma uniformis","data\audio\220586.wav","True"
"220585","IFA_23_37_917.wav","ma uniformis","data\audio\220585.wav","True"
"220564","IFA_23_38_918.wav","culex pipiens complex","data\audio\220564.wav","True"
"220575","IFA_23_39_919.wav","ma uniformis","data\audio\220575.wav","True"
"220576","IFA_23_39_919.wav","ma uniformis","data\audio\220576.wav","True"
"220574","IFA_23_39_919.wav","ma uniformis","data\audio\220574.wav","True"
"220610","IFA_24_11_931.wav","culex pipiens complex","data\audio\220610.wav","True"
"220587","IFA_24_12_932.wav","culex pipiens complex","data\audio\220587.wav","True"
"220589","IFA_24_12_932.wav","culex pipiens complex","data\audio\220589.wav","True"
"220588","IFA_24_12_932.wav","culex pipiens complex","data\audio\220588.wav","True"
"220615","IFA_24_14_934.wav","ma uniformis","data\audio\220615.wav","True"
"220614","IFA_24_14_934.wav","ma uniformis","data\audio\220614.wav","True"
"220641","IFA_24_18_938.wav","ma uniformis","data\audio\220641.wav","True"
"220633","IFA_24_19_939.wav","ma uniformis","data\audio\220633.wav","True"
"220643","IFA_24_20_940.wav","an arabiensis","data\audio\220643.wav","True"
"220642","IFA_24_20_940.wav","an arabiensis","data\audio\220642.wav","True"
"220657","IFA_24_21_941.wav","an arabiensis","data\audio\220657.wav","True"
"220631","IFA_24_22_942.wav","culex pipiens complex","data\audio\220631.wav","True"
"220687","IFA_24_24_944.wav","ma uniformis","data\audio\220687.wav","True"
"220654","IFA_24_25_945.wav","an arabiensis","data\audio\220654.wav","True"
"220655","IFA_24_25_945.wav","an arabiensis","data\audio\220655.wav","True"
"220656","IFA_24_25_945.wav","an arabiensis","data\audio\220656.wav","True"
"220634","IFA_24_26_946.wav","culex pipiens complex","data\audio\220634.wav","True"
"220636","IFA_24_26_946.wav","culex pipiens complex","data\audio\220636.wav","True"
"220635","IFA_24_26_946.wav","culex pipiens complex","data\audio\220635.wav","True"
"220647","IFA_24_27_947.wav","ma uniformis","data\audio\220647.wav","True"
"220663","IFA_24_29_949.wav","ma uniformis","data\audio\220663.wav","True"
"220662","IFA_24_29_949.wav","ma uniformis","data\audio\220662.wav","True"
"220617","IFA_24_30_950.wav","ma uniformis","data\audio\220617.wav","True"
"220618","IFA_24_30_950.wav","ma uniformis","data\audio\220618.wav","True"
"220616","IFA_24_30_950.wav","ma uniformis","data\audio\220616.wav","True"
"220694","IFA_24_31_951.wav","ma uniformis","data\audio\220694.wav","True"
"220695","IFA_24_31_951.wav","ma uniformis","data\audio\220695.wav","True"
"220682","IFA_24_32_952.wav","ma uniformis","data\audio\220682.wav","True"
"220683","IFA_24_32_952.wav","ma uniformis","data\audio\220683.wav","True"
"220680","IFA_24_32_952.wav","ma uniformis","data\audio\220680.wav","True"
"220681","IFA_24_32_952.wav","ma uniformis","data\audio\220681.wav","True"
"220685","IFA_24_33_953.wav","culex pipiens complex","data\audio\220685.wav","True"
"220684","IFA_24_33_953.wav","culex pipiens complex","data\audio\220684.wav","True"
"220639","IFA_24_36_956.wav","culex pipiens complex","data\audio\220639.wav","True"
"220640","IFA_24_36_956.wav","culex pipiens complex","data\audio\220640.wav","True"
"220638","IFA_24_36_956.wav","culex pipiens complex","data\audio\220638.wav","True"
"220668","IFA_24_37_957.wav","culex pipiens complex","data\audio\220668.wav","True"
"220667","IFA_24_37_957.wav","culex pipiens complex","data\audio\220667.wav","True"
"220665","IFA_24_37_957.wav","culex pipiens complex","data\audio\220665.wav","True"
"220666","IFA_24_37_957.wav","culex pipiens complex","data\audio\220666.wav","True"
"220664","IFA_24_37_957.wav","culex pipiens complex","data\audio\220664.wav","True"
"220686","IFA_24_38_958.wav","culex pipiens complex","data\audio\220686.wav","True"
"220628","IFA_24_39_959.wav","culex pipiens complex","data\audio\220628.wav","True"
"220627","IFA_24_39_959.wav","culex pipiens complex","data\audio\220627.wav","True"
"220621","IFA_24_40_960.wav","ma uniformis","data\audio\220621.wav","True"
"220622","IFA_24_40_960.wav","ma uniformis","data\audio\220622.wav","True"
"220632","IFA_25_14_974.wav","ma uniformis","data\audio\220632.wav","True"
"220646","IFA_25_15_975.wav","culex pipiens complex","data\audio\220646.wav","True"
"220645","IFA_25_15_975.wav","culex pipiens complex","data\audio\220645.wav","True"
"220648","IFA_25_16_976.wav","culex pipiens complex","data\audio\220648.wav","True"
"220649","IFA_25_16_976.wav","culex pipiens complex","data\audio\220649.wav","True"
"220629","IFA_25_17_977.wav","culex pipiens complex","data\audio\220629.wav","True"
"220630","IFA_25_17_977.wav","culex pipiens complex","data\audio\220630.wav","True"
"220693","IFA_25_18_978.wav","culex pipiens complex","data\audio\220693.wav","True"
"220692","IFA_25_18_978.wav","culex pipiens complex","data\audio\220692.wav","True"
"220626","IFA_25_20_980.wav","culex pipiens complex","data\audio\220626.wav","True"
"220670","IFA_25_22_982.wav","culex pipiens complex","data\audio\220670.wav","True"
"220671","IFA_25_22_982.wav","culex pipiens complex","data\audio\220671.wav","True"
"220672","IFA_25_23_983.wav","ma uniformis","data\audio\220672.wav","True"
"220644","IFA_25_24_984.wav","ma uniformis","data\audio\220644.wav","True"
"220659","IFA_25_25_985.wav","ma uniformis","data\audio\220659.wav","True"
"220660","IFA_25_25_985.wav","ma uniformis","data\audio\220660.wav","True"
"220658","IFA_25_25_985.wav","ma uniformis","data\audio\220658.wav","True"
"220650","IFA_25_28_988.wav","culex pipiens complex","data\audio\220650.wav","True"
"220652","IFA_25_28_988.wav","culex pipiens complex","data\audio\220652.wav","True"
"220651","IFA_25_28_988.wav","culex pipiens complex","data\audio\220651.wav","True"
"220653","IFA_25_28_988.wav","culex pipiens complex","data\audio\220653.wav","True"
"220661","IFA_25_29_989.wav","ma uniformis","data\audio\220661.wav","True"
"220852","IFA_25_30_990.wav","an arabiensis","data\audio\220852.wav","True"
"220872","IFA_25_31_991.wav","ma uniformis","data\audio\220872.wav","True"
"220871","IFA_25_31_991.wav","ma uniformis","data\audio\220871.wav","True"
"220870","IFA_25_31_991.wav","ma uniformis","data\audio\220870.wav","True"
"220869","IFA_25_31_991.wav","ma uniformis","data\audio\220869.wav","True"
"220835","IFA_25_33_993.wav","an arabiensis","data\audio\220835.wav","True"
"220834","IFA_25_33_993.wav","an arabiensis","data\audio\220834.wav","True"
"220836","IFA_25_33_993.wav","an arabiensis","data\audio\220836.wav","True"
"220853","IFA_25_35_995.wav","an arabiensis","data\audio\220853.wav","True"
"220855","IFA_25_35_995.wav","an arabiensis","data\audio\220855.wav","True"
"220854","IFA_25_35_995.wav","an arabiensis","data\audio\220854.wav","True"
"220879","IFA_25_38_998.wav","ma uniformis","data\audio\220879.wav","True"
"220848","IFA_25_40_1000.wav","ma uniformis","data\audio\220848.wav","True"
"220862","IFA_26_13_1013.wav","ma uniformis","data\audio\220862.wav","True"
"220863","IFA_26_13_1013.wav","ma uniformis","data\audio\220863.wav","True"
"220831","IFA_26_15_1015.wav","ma uniformis","data\audio\220831.wav","True"
"220867","IFA_26_16_1016.wav","culex pipiens complex","data\audio\220867.wav","True"
"220843","IFA_26_18_1018.wav","ma uniformis","data\audio\220843.wav","True"
"220873","IFA_26_22_1022.wav","ma uniformis","data\audio\220873.wav","True"
"220876","IFA_26_24_1024.wav","ma uniformis","data\audio\220876.wav","True"
"220847","IFA_26_25_1025.wav","ma uniformis","data\audio\220847.wav","True"
"220856","IFA_26_26_1026.wav","ma uniformis","data\audio\220856.wav","True"
"220858","IFA_26_26_1026.wav","ma uniformis","data\audio\220858.wav","True"
"220857","IFA_26_26_1026.wav","ma uniformis","data\audio\220857.wav","True"
"220859","IFA_26_26_1026.wav","ma uniformis","data\audio\220859.wav","True"
"220868","IFA_26_27_1027.wav","ma uniformis","data\audio\220868.wav","True"
"220851","IFA_26_32_1032.wav","an arabiensis","data\audio\220851.wav","True"
"220850","IFA_26_32_1032.wav","an arabiensis","data\audio\220850.wav","True"
"220849","IFA_26_32_1032.wav","an arabiensis","data\audio\220849.wav","True"
"220875","IFA_26_36_1036.wav","ma uniformis","data\audio\220875.wav","True"
"220753","IFA_27_10_1050.wav","an arabiensis","data\audio\220753.wav","True"
"220754","IFA_27_10_1050.wav","an arabiensis","data\audio\220754.wav","True"
"220776","IFA_27_11_1051.wav","ma uniformis","data\audio\220776.wav","True"
"220775","IFA_27_11_1051.wav","ma uniformis","data\audio\220775.wav","True"
"220750","IFA_27_12_1052.wav","culex pipiens complex","data\audio\220750.wav","True"
"220774","IFA_27_13_1053.wav","culex pipiens complex","data\audio\220774.wav","True"
"220771","IFA_27_13_1053.wav","culex pipiens complex","data\audio\220771.wav","True"
"220773","IFA_27_13_1053.wav","culex pipiens complex","data\audio\220773.wav","True"
"220772","IFA_27_13_1053.wav","culex pipiens complex","data\audio\220772.wav","True"
"220752","IFA_27_14_1054.wav","culex pipiens complex","data\audio\220752.wav","True"
"220751","IFA_27_14_1054.wav","culex pipiens complex","data\audio\220751.wav","True"
"220759","IFA_27_15_1055.wav","culex pipiens complex","data\audio\220759.wav","True"
"220756","IFA_27_15_1055.wav","culex pipiens complex","data\audio\220756.wav","True"
"220758","IFA_27_15_1055.wav","culex pipiens complex","data\audio\220758.wav","True"
"220757","IFA_27_15_1055.wav","culex pipiens complex","data\audio\220757.wav","True"
"220761","IFA_27_17_1057.wav","culex pipiens complex","data\audio\220761.wav","True"
"220767","IFA_27_18_1058.wav","culex pipiens complex","data\audio\220767.wav","True"
"220766","IFA_27_18_1058.wav","culex pipiens complex","data\audio\220766.wav","True"
"220765","IFA_27_19_1059.wav","an arabiensis","data\audio\220765.wav","True"
"220764","IFA_27_19_1059.wav","an arabiensis","data\audio\220764.wav","True"
"220763","IFA_27_19_1059.wav","an arabiensis","data\audio\220763.wav","True"
"220755","IFA_27_20_1060.wav","culex pipiens complex","data\audio\220755.wav","True"
"220770","IFA_27_24_1064.wav","culex pipiens complex","data\audio\220770.wav","True"
"220769","IFA_27_24_1064.wav","culex pipiens complex","data\audio\220769.wav","True"
"220768","IFA_27_25_1065.wav","culex pipiens complex","data\audio\220768.wav","True"
"220777","IFA_27_28_1068.wav","culex pipiens complex","data\audio\220777.wav","True"
"220778","IFA_27_28_1068.wav","culex pipiens complex","data\audio\220778.wav","True"
"220762","IFA_27_30_1070.wav","culex pipiens complex","data\audio\220762.wav","True"
"220803","IFA_27_31_1071.wav","ma uniformis","data\audio\220803.wav","True"
"220783","IFA_27_32_1072.wav","culex pipiens complex","data\audio\220783.wav","True"
"220782","IFA_27_33_1073.wav","culex pipiens complex","data\audio\220782.wav","True"
"220789","IFA_27_35_1075.wav","culex pipiens complex","data\audio\220789.wav","True"
"220788","IFA_27_35_1075.wav","culex pipiens complex","data\audio\220788.wav","True"
"220819","IFA_27_36_1076.wav","ma uniformis","data\audio\220819.wav","True"
"220785","IFA_28_14_1094.wav","an arabiensis","data\audio\220785.wav","True"
"220786","IFA_28_14_1094.wav","an arabiensis","data\audio\220786.wav","True"
"220822","IFA_28_15_1095.wav","an arabiensis","data\audio\220822.wav","True"
"220821","IFA_28_15_1095.wav","an arabiensis","data\audio\220821.wav","True"
"220820","IFA_28_15_1095.wav","an arabiensis","data\audio\220820.wav","True"
"220780","IFA_28_16_1096.wav","culex pipiens complex","data\audio\220780.wav","True"
"220779","IFA_28_16_1096.wav","culex pipiens complex","data\audio\220779.wav","True"
"220795","IFA_28_17_1097.wav","an arabiensis","data\audio\220795.wav","True"
"220823","IFA_28_19_1099.wav","ma uniformis","data\audio\220823.wav","True"
"220824","IFA_28_19_1099.wav","ma uniformis","data\audio\220824.wav","True"
"220816","IFA_28_20_1100.wav","ma uniformis","data\audio\220816.wav","True"
"220794","IFA_28_22_1102.wav","an arabiensis","data\audio\220794.wav","True"
"220814","IFA_28_23_1103.wav","ma uniformis","data\audio\220814.wav","True"
"220815","IFA_28_23_1103.wav","ma uniformis","data\audio\220815.wav","True"
"220817","IFA_28_24_1104.wav","an arabiensis","data\audio\220817.wav","True"
"220793","IFA_28_27_1107.wav","an arabiensis","data\audio\220793.wav","True"
"220792","IFA_28_27_1107.wav","an arabiensis","data\audio\220792.wav","True"
"220790","IFA_28_27_1107.wav","an arabiensis","data\audio\220790.wav","True"
"220791","IFA_28_27_1107.wav","an arabiensis","data\audio\220791.wav","True"
"220781","IFA_28_29_1109.wav","ma uniformis","data\audio\220781.wav","True"
"220796","IFA_28_32_1112.wav","ma uniformis","data\audio\220796.wav","True"
"220804","IFA_28_34_1114.wav","ma uniformis","data\audio\220804.wav","True"
"220825","IFA_28_35_1115.wav","ma uniformis","data\audio\220825.wav","True"
"220784","IFA_28_39_1119.wav","culex pipiens complex","data\audio\220784.wav","True"
"220716","IFA_29_11_1131.wav","culex pipiens complex","data\audio\220716.wav","True"
"220717","IFA_29_11_1131.wav","culex pipiens complex","data\audio\220717.wav","True"
"220738","IFA_29_13_1133.wav","culex pipiens complex","data\audio\220738.wav","True"
"220737","IFA_29_13_1133.wav","culex pipiens complex","data\audio\220737.wav","True"
"220732","IFA_29_14_1134.wav","culex pipiens complex","data\audio\220732.wav","True"
"220745","IFA_29_15_1135.wav","culex pipiens complex","data\audio\220745.wav","True"
"220720","IFA_29_16_1136.wav","ma uniformis","data\audio\220720.wav","True"
"220730","IFA_29_17_1137.wav","an arabiensis","data\audio\220730.wav","True"
"220729","IFA_29_17_1137.wav","an arabiensis","data\audio\220729.wav","True"
"220728","IFA_29_17_1137.wav","an arabiensis","data\audio\220728.wav","True"
"220747","IFA_29_19_1139.wav","culex pipiens complex","data\audio\220747.wav","True"
"220748","IFA_29_19_1139.wav","culex pipiens complex","data\audio\220748.wav","True"
"220746","IFA_29_19_1139.wav","culex pipiens complex","data\audio\220746.wav","True"
"220725","IFA_29_20_1140.wav","culex pipiens complex","data\audio\220725.wav","True"
"220726","IFA_29_20_1140.wav","culex pipiens complex","data\audio\220726.wav","True"
"220713","IFA_29_21_1141.wav","culex pipiens complex","data\audio\220713.wav","True"
"220714","IFA_29_21_1141.wav","culex pipiens complex","data\audio\220714.wav","True"
"220723","IFA_29_22_1142.wav","culex pipiens complex","data\audio\220723.wav","True"
"220742","IFA_29_23_1143.wav","culex pipiens complex","data\audio\220742.wav","True"
"220741","IFA_29_23_1143.wav","culex pipiens complex","data\audio\220741.wav","True"
"220739","IFA_29_23_1143.wav","culex pipiens complex","data\audio\220739.wav","True"
"220740","IFA_29_23_1143.wav","culex pipiens complex","data\audio\220740.wav","True"
"220718","IFA_29_24_1144.wav","culex pipiens complex","data\audio\220718.wav","True"
"220719","IFA_29_24_1144.wav","culex pipiens complex","data\audio\220719.wav","True"
"220727","IFA_29_25_1145.wav","culex pipiens complex","data\audio\220727.wav","True"
"220724","IFA_29_27_1147.wav","an arabiensis","data\audio\220724.wav","True"
"220708","IFA_29_28_1148.wav","culex pipiens complex","data\audio\220708.wav","True"
"220707","IFA_29_28_1148.wav","culex pipiens complex","data\audio\220707.wav","True"
"220706","IFA_29_28_1148.wav","culex pipiens complex","data\audio\220706.wav","True"
"220703","IFA_29_29_1149.wav","culex pipiens complex","data\audio\220703.wav","True"
"220702","IFA_29_29_1149.wav","culex pipiens complex","data\audio\220702.wav","True"
"220701","IFA_29_29_1149.wav","culex pipiens complex","data\audio\220701.wav","True"
"220736","IFA_29_30_1150.wav","ma uniformis","data\audio\220736.wav","True"
"220735","IFA_29_30_1150.wav","ma uniformis","data\audio\220735.wav","True"
"220715","IFA_29_31_1151.wav","culex pipiens complex","data\audio\220715.wav","True"
"220705","IFA_29_32_1152.wav","culex pipiens complex","data\audio\220705.wav","True"
"220704","IFA_29_32_1152.wav","culex pipiens complex","data\audio\220704.wav","True"
"220722","IFA_29_33_1153.wav","culex pipiens complex","data\audio\220722.wav","True"
"220721","IFA_29_33_1153.wav","culex pipiens complex","data\audio\220721.wav","True"
"220731","IFA_29_35_1155.wav","culex pipiens complex","data\audio\220731.wav","True"
"220699","IFA_29_36_1156.wav","culex pipiens complex","data\audio\220699.wav","True"
"220700","IFA_29_36_1156.wav","culex pipiens complex","data\audio\220700.wav","True"
"220733","IFA_29_37_1157.wav","culex pipiens complex","data\audio\220733.wav","True"
"220734","IFA_29_38_1158.wav","culex pipiens complex","data\audio\220734.wav","True"
"220710","IFA_29_39_1159.wav","ma uniformis","data\audio\220710.wav","True"
"220709","IFA_29_39_1159.wav","ma uniformis","data\audio\220709.wav","True"
"220712","IFA_29_39_1159.wav","ma uniformis","data\audio\220712.wav","True"
"220711","IFA_29_39_1159.wav","ma uniformis","data\audio\220711.wav","True"
"220743","IFA_29_40_1160.wav","culex pipiens complex","data\audio\220743.wav","True"
"220744","IFA_29_40_1160.wav","culex pipiens complex","data\audio\220744.wav","True"
"220954","IFA_30_14_1174.wav","culex pipiens complex","data\audio\220954.wav","True"
"220953","IFA_30_14_1174.wav","culex pipiens complex","data\audio\220953.wav","True"
"220964","IFA_30_15_1175.wav","culex pipiens complex","data\audio\220964.wav","True"
"220928","IFA_30_16_1176.wav","culex pipiens complex","data\audio\220928.wav","True"
"220927","IFA_30_16_1176.wav","culex pipiens complex","data\audio\220927.wav","True"
"220956","IFA_30_17_1177.wav","culex pipiens complex","data\audio\220956.wav","True"
"220955","IFA_30_17_1177.wav","culex pipiens complex","data\audio\220955.wav","True"
"220926","IFA_30_18_1178.wav","culex pipiens complex","data\audio\220926.wav","True"
"220950","IFA_30_19_1179.wav","culex pipiens complex","data\audio\220950.wav","True"
"220963","IFA_30_20_1180.wav","culex pipiens complex","data\audio\220963.wav","True"
"220967","IFA_30_23_1183.wav","culex pipiens complex","data\audio\220967.wav","True"
"220965","IFA_30_23_1183.wav","culex pipiens complex","data\audio\220965.wav","True"
"220966","IFA_30_23_1183.wav","culex pipiens complex","data\audio\220966.wav","True"
"220971","IFA_30_24_1184.wav","culex pipiens complex","data\audio\220971.wav","True"
"220940","IFA_30_25_1185.wav","culex pipiens complex","data\audio\220940.wav","True"
"220930","IFA_30_27_1187.wav","an arabiensis","data\audio\220930.wav","True"
"220929","IFA_30_27_1187.wav","an arabiensis","data\audio\220929.wav","True"
"220961","IFA_30_28_1188.wav","culex pipiens complex","data\audio\220961.wav","True"
"220960","IFA_30_28_1188.wav","culex pipiens complex","data\audio\220960.wav","True"
"220962","IFA_30_28_1188.wav","culex pipiens complex","data\audio\220962.wav","True"
"220925","IFA_30_29_1189.wav","culex pipiens complex","data\audio\220925.wav","True"
"220924","IFA_30_29_1189.wav","culex pipiens complex","data\audio\220924.wav","True"
"220959","IFA_30_30_1190.wav","culex pipiens complex","data\audio\220959.wav","True"
"220923","IFA_30_31_1191.wav","culex pipiens complex","data\audio\220923.wav","True"
"220957","IFA_30_32_1192.wav","an arabiensis","data\audio\220957.wav","True"
"220949","IFA_30_33_1193.wav","an arabiensis","data\audio\220949.wav","True"
"220948","IFA_30_33_1193.wav","an arabiensis","data\audio\220948.wav","True"
"220941","IFA_30_34_1194.wav","culex pipiens complex","data\audio\220941.wav","True"
"220943","IFA_30_36_1196.wav","an arabiensis","data\audio\220943.wav","True"
"220942","IFA_30_36_1196.wav","an arabiensis","data\audio\220942.wav","True"
"220934","IFA_30_38_1198.wav","culex pipiens complex","data\audio\220934.wav","True"
"220958","IFA_30_39_1199.wav","culex pipiens complex","data\audio\220958.wav","True"
"220945","IFA_31_10_1210.wav","culex pipiens complex","data\audio\220945.wav","True"
"220938","IFA_31_11_1211.wav","an arabiensis","data\audio\220938.wav","True"
"220937","IFA_31_11_1211.wav","an arabiensis","data\audio\220937.wav","True"
"220936","IFA_31_11_1211.wav","an arabiensis","data\audio\220936.wav","True"
"220935","IFA_31_12_1212.wav","culex pipiens complex","data\audio\220935.wav","True"
"220931","IFA_31_13_1213.wav","culex pipiens complex","data\audio\220931.wav","True"
"220939","IFA_31_14_1214.wav","culex pipiens complex","data\audio\220939.wav","True"
"221025","IFA_31_15_1215.wav","culex pipiens complex","data\audio\221025.wav","True"
"221024","IFA_31_15_1215.wav","culex pipiens complex","data\audio\221024.wav","True"
"221026","IFA_31_15_1215.wav","culex pipiens complex","data\audio\221026.wav","True"
"221036","IFA_31_16_1216.wav","culex pipiens complex","data\audio\221036.wav","True"
"221034","IFA_31_16_1216.wav","culex pipiens complex","data\audio\221034.wav","True"
"221035","IFA_31_16_1216.wav","culex pipiens complex","data\audio\221035.wav","True"
"221030","IFA_31_18_1218.wav","culex pipiens complex","data\audio\221030.wav","True"
"221029","IFA_31_18_1218.wav","culex pipiens complex","data\audio\221029.wav","True"
"221028","IFA_31_18_1218.wav","culex pipiens complex","data\audio\221028.wav","True"
"221038","IFA_31_19_1219.wav","culex pipiens complex","data\audio\221038.wav","True"
"221037","IFA_31_19_1219.wav","culex pipiens complex","data\audio\221037.wav","True"
"221041","IFA_31_20_1220.wav","culex pipiens complex","data\audio\221041.wav","True"
"221042","IFA_31_20_1220.wav","culex pipiens complex","data\audio\221042.wav","True"
"221027","IFA_31_21_1221.wav","culex pipiens complex","data\audio\221027.wav","True"
"221040","IFA_31_22_1222.wav","culex pipiens complex","data\audio\221040.wav","True"
"221039","IFA_31_22_1222.wav","culex pipiens complex","data\audio\221039.wav","True"
"221022","IFA_31_23_1223.wav","culex pipiens complex","data\audio\221022.wav","True"
"221023","IFA_31_23_1223.wav","culex pipiens complex","data\audio\221023.wav","True"
"221032","IFA_31_25_1225.wav","culex pipiens complex","data\audio\221032.wav","True"
"221031","IFA_31_25_1225.wav","culex pipiens complex","data\audio\221031.wav","True"
"221050","IFA_31_26_1226.wav","culex pipiens complex","data\audio\221050.wav","True"
"221051","IFA_31_26_1226.wav","culex pipiens complex","data\audio\221051.wav","True"
"221049","IFA_31_26_1226.wav","culex pipiens complex","data\audio\221049.wav","True"
"221021","IFA_31_27_1227.wav","culex pipiens complex","data\audio\221021.wav","True"
"221020","IFA_31_27_1227.wav","culex pipiens complex","data\audio\221020.wav","True"
"221019","IFA_31_27_1227.wav","culex pipiens complex","data\audio\221019.wav","True"
"221058","IFA_31_30_1230.wav","culex pipiens complex","data\audio\221058.wav","True"
"221057","IFA_31_32_1232.wav","culex pipiens complex","data\audio\221057.wav","True"
"221056","IFA_31_32_1232.wav","culex pipiens complex","data\audio\221056.wav","True"
"221033","IFA_31_33_1233.wav","culex pipiens complex","data\audio\221033.wav","True"
"221013","IFA_31_34_1234.wav","culex pipiens complex","data\audio\221013.wav","True"
"221014","IFA_31_34_1234.wav","culex pipiens complex","data\audio\221014.wav","True"
"221053","IFA_31_35_1235.wav","culex pipiens complex","data\audio\221053.wav","True"
"221054","IFA_31_35_1235.wav","culex pipiens complex","data\audio\221054.wav","True"
"221055","IFA_31_35_1235.wav","culex pipiens complex","data\audio\221055.wav","True"
"221047","IFA_31_36_1236.wav","an arabiensis","data\audio\221047.wav","True"
"221048","IFA_31_36_1236.wav","an arabiensis","data\audio\221048.wav","True"
"221015","IFA_31_38_1238.wav","culex pipiens complex","data\audio\221015.wav","True"
"221044","IFA_31_39_1239.wav","culex pipiens complex","data\audio\221044.wav","True"
"221045","IFA_31_39_1239.wav","culex pipiens complex","data\audio\221045.wav","True"
"221043","IFA_31_39_1239.wav","culex pipiens complex","data\audio\221043.wav","True"
"221046","IFA_31_39_1239.wav","culex pipiens complex","data\audio\221046.wav","True"
"221063","IFA_32_13_1253.wav","culex pipiens complex","data\audio\221063.wav","True"
"220888","IFA_32_14_1254.wav","an arabiensis","data\audio\220888.wav","True"
"220907","IFA_32_17_1257.wav","an arabiensis","data\audio\220907.wav","True"
"220906","IFA_32_17_1257.wav","an arabiensis","data\audio\220906.wav","True"
"220905","IFA_32_18_1258.wav","an arabiensis","data\audio\220905.wav","True"
"220904","IFA_32_18_1258.wav","an arabiensis","data\audio\220904.wav","True"
"220901","IFA_32_19_1259.wav","culex pipiens complex","data\audio\220901.wav","True"
"220900","IFA_32_19_1259.wav","culex pipiens complex","data\audio\220900.wav","True"
"220899","IFA_32_19_1259.wav","culex pipiens complex","data\audio\220899.wav","True"
"220909","IFA_32_22_1262.wav","culex pipiens complex","data\audio\220909.wav","True"
"220911","IFA_32_22_1262.wav","culex pipiens complex","data\audio\220911.wav","True"
"220910","IFA_32_22_1262.wav","culex pipiens complex","data\audio\220910.wav","True"
"220908","IFA_32_22_1262.wav","culex pipiens complex","data\audio\220908.wav","True"
"220917","IFA_32_23_1263.wav","an arabiensis","data\audio\220917.wav","True"
"220918","IFA_32_23_1263.wav","an arabiensis","data\audio\220918.wav","True"
"220919","IFA_32_23_1263.wav","an arabiensis","data\audio\220919.wav","True"
"220891","IFA_32_26_1266.wav","an arabiensis","data\audio\220891.wav","True"
"220892","IFA_32_26_1266.wav","an arabiensis","data\audio\220892.wav","True"
"220893","IFA_32_26_1266.wav","an arabiensis","data\audio\220893.wav","True"
"220897","IFA_32_28_1268.wav","an arabiensis","data\audio\220897.wav","True"
"220896","IFA_32_30_1270.wav","an arabiensis","data\audio\220896.wav","True"
"220912","IFA_32_31_1271.wav","ma uniformis","data\audio\220912.wav","True"
"220922","IFA_32_32_1272.wav","an arabiensis","data\audio\220922.wav","True"
"220903","IFA_32_34_1274.wav","an arabiensis","data\audio\220903.wav","True"
"220902","IFA_32_34_1274.wav","an arabiensis","data\audio\220902.wav","True"
"220895","IFA_32_37_1277.wav","an arabiensis","data\audio\220895.wav","True"
"220894","IFA_32_37_1277.wav","an arabiensis","data\audio\220894.wav","True"
"220890","IFA_32_38_1278.wav","culex pipiens complex","data\audio\220890.wav","True"
"220990","IFA_33_11_1291.wav","culex pipiens complex","data\audio\220990.wav","True"
"220989","IFA_33_11_1291.wav","culex pipiens complex","data\audio\220989.wav","True"
"220988","IFA_33_11_1291.wav","culex pipiens complex","data\audio\220988.wav","True"
"220977","IFA_33_12_1292.wav","culex pipiens complex","data\audio\220977.wav","True"
"220999","IFA_33_15_1295.wav","an arabiensis","data\audio\220999.wav","True"
"220980","IFA_33_16_1296.wav","culex pipiens complex","data\audio\220980.wav","True"
"220981","IFA_33_16_1296.wav","culex pipiens complex","data\audio\220981.wav","True"
"220972","IFA_33_18_1298.wav","an arabiensis","data\audio\220972.wav","True"
"220985","IFA_33_20_1300.wav","an arabiensis","data\audio\220985.wav","True"
"220978","IFA_33_21_1301.wav","an arabiensis","data\audio\220978.wav","True"
"220997","IFA_33_22_1302.wav","an arabiensis","data\audio\220997.wav","True"
"220984","IFA_33_23_1303.wav","an arabiensis","data\audio\220984.wav","True"
"220979","IFA_33_24_1304.wav","culex pipiens complex","data\audio\220979.wav","True"
"220976","IFA_33_27_1307.wav","an arabiensis","data\audio\220976.wav","True"
"220995","IFA_33_34_1314.wav","culex pipiens complex","data\audio\220995.wav","True"
"220996","IFA_33_34_1314.wav","culex pipiens complex","data\audio\220996.wav","True"
"220994","IFA_33_34_1314.wav","culex pipiens complex","data\audio\220994.wav","True"
"221003","IFA_33_40_1320.wav","an arabiensis","data\audio\221003.wav","True"
"221007","IFA_33_40_1320.wav","an arabiensis","data\audio\221007.wav","True"
"221004","IFA_33_40_1320.wav","an arabiensis","data\audio\221004.wav","True"
"221005","IFA_33_40_1320.wav","an arabiensis","data\audio\221005.wav","True"
"221006","IFA_33_40_1320.wav","an arabiensis","data\audio\221006.wav","True"
"220998","IFA_34_11_1331.wav","culex pipiens complex","data\audio\220998.wav","True"
"220992","IFA_34_12_1332.wav","culex pipiens complex","data\audio\220992.wav","True"
"220991","IFA_34_12_1332.wav","culex pipiens complex","data\audio\220991.wav","True"
"220993","IFA_34_12_1332.wav","culex pipiens complex","data\audio\220993.wav","True"
"221000","IFA_34_14_1334.wav","culex pipiens complex","data\audio\221000.wav","True"
"220982","IFA_34_18_1338.wav","culex pipiens complex","data\audio\220982.wav","True"
"220983","IFA_34_18_1338.wav","culex pipiens complex","data\audio\220983.wav","True"
"220061","IFA_34_20_1340.wav","culex pipiens complex","data\audio\220061.wav","True"
"220062","IFA_34_20_1340.wav","culex pipiens complex","data\audio\220062.wav","True"
"220067","IFA_34_21_1341.wav","culex pipiens complex","data\audio\220067.wav","True"
"220055","IFA_34_22_1342.wav","culex pipiens complex","data\audio\220055.wav","True"
"220044","IFA_34_23_1343.wav","an arabiensis","data\audio\220044.wav","True"
"220058","IFA_34_24_1344.wav","culex pipiens complex","data\audio\220058.wav","True"
"220059","IFA_34_24_1344.wav","culex pipiens complex","data\audio\220059.wav","True"
"220066","IFA_34_25_1345.wav","culex pipiens complex","data\audio\220066.wav","True"
"220041","IFA_34_26_1346.wav","an arabiensis","data\audio\220041.wav","True"
"220042","IFA_34_26_1346.wav","an arabiensis","data\audio\220042.wav","True"
"220043","IFA_34_26_1346.wav","an arabiensis","data\audio\220043.wav","True"
"220054","IFA_34_27_1347.wav","culex pipiens complex","data\audio\220054.wav","True"
"220070","IFA_34_28_1348.wav","culex pipiens complex","data\audio\220070.wav","True"
"220060","IFA_34_29_1349.wav","culex pipiens complex","data\audio\220060.wav","True"
"220057","IFA_34_30_1350.wav","an arabiensis","data\audio\220057.wav","True"
"220074","IFA_34_31_1351.wav","culex pipiens complex","data\audio\220074.wav","True"
"220051","IFA_34_32_1352.wav","culex pipiens complex","data\audio\220051.wav","True"
"220045","IFA_34_33_1353.wav","culex pipiens complex","data\audio\220045.wav","True"
"220063","IFA_34_35_1355.wav","an arabiensis","data\audio\220063.wav","True"
"220069","IFA_34_36_1356.wav","an arabiensis","data\audio\220069.wav","True"
"220049","IFA_34_37_1357.wav","an arabiensis","data\audio\220049.wav","True"
"220068","IFA_34_38_1358.wav","an arabiensis","data\audio\220068.wav","True"
"220056","IFA_34_39_1359.wav","an arabiensis","data\audio\220056.wav","True"
"220072","IFA_34_40_1360.wav","an arabiensis","data\audio\220072.wav","True"
"220073","IFA_34_40_1360.wav","an arabiensis","data\audio\220073.wav","True"
"220071","IFA_34_40_1360.wav","an arabiensis","data\audio\220071.wav","True"
"220046","IFA_35_10_1370.wav","an arabiensis","data\audio\220046.wav","True"
"220047","IFA_35_10_1370.wav","an arabiensis","data\audio\220047.wav","True"
"220048","IFA_35_10_1370.wav","an arabiensis","data\audio\220048.wav","True"
"220053","IFA_35_11_1371.wav","an arabiensis","data\audio\220053.wav","True"
"220050","IFA_35_12_1372.wav","an arabiensis","data\audio\220050.wav","True"
"220065","IFA_35_13_1373.wav","an arabiensis","data\audio\220065.wav","True"
"220040","IFA_35_14_1374.wav","an arabiensis","data\audio\220040.wav","True"
"220064","IFA_35_15_1375.wav","an arabiensis","data\audio\220064.wav","True"
"220108","IFA_35_16_1376.wav","an arabiensis","data\audio\220108.wav","True"
"220099","IFA_35_17_1377.wav","an arabiensis","data\audio\220099.wav","True"
"220105","IFA_35_18_1378.wav","an arabiensis","data\audio\220105.wav","True"
"220104","IFA_35_18_1378.wav","an arabiensis","data\audio\220104.wav","True"
"220103","IFA_35_18_1378.wav","an arabiensis","data\audio\220103.wav","True"
"220080","IFA_35_19_1379.wav","an arabiensis","data\audio\220080.wav","True"
"220079","IFA_35_19_1379.wav","an arabiensis","data\audio\220079.wav","True"
"220115","IFA_35_20_1380.wav","an arabiensis","data\audio\220115.wav","True"
"220098","IFA_35_21_1381.wav","an arabiensis","data\audio\220098.wav","True"
"220088","IFA_35_22_1382.wav","an arabiensis","data\audio\220088.wav","True"
"220087","IFA_35_22_1382.wav","an arabiensis","data\audio\220087.wav","True"
"220086","IFA_35_22_1382.wav","an arabiensis","data\audio\220086.wav","True"
"220077","IFA_35_23_1383.wav","an arabiensis","data\audio\220077.wav","True"
"220083","IFA_35_24_1384.wav","an arabiensis","data\audio\220083.wav","True"
"220082","IFA_35_24_1384.wav","an arabiensis","data\audio\220082.wav","True"
"220111","IFA_35_25_1385.wav","an arabiensis","data\audio\220111.wav","True"
"220094","IFA_35_26_1386.wav","an arabiensis","data\audio\220094.wav","True"
"220095","IFA_35_26_1386.wav","an arabiensis","data\audio\220095.wav","True"
"220075","IFA_35_27_1387.wav","culex pipiens complex","data\audio\220075.wav","True"
"220100","IFA_35_29_1389.wav","an arabiensis","data\audio\220100.wav","True"
"220101","IFA_35_29_1389.wav","an arabiensis","data\audio\220101.wav","True"
"220102","IFA_35_29_1389.wav","an arabiensis","data\audio\220102.wav","True"
"220114","IFA_35_30_1390.wav","an arabiensis","data\audio\220114.wav","True"
"220081","IFA_35_31_1391.wav","culex pipiens complex","data\audio\220081.wav","True"
"220112","IFA_35_32_1392.wav","culex pipiens complex","data\audio\220112.wav","True"
"220113","IFA_35_32_1392.wav","culex pipiens complex","data\audio\220113.wav","True"
"220097","IFA_35_33_1393.wav","culex pipiens complex","data\audio\220097.wav","True"
"220096","IFA_35_33_1393.wav","culex pipiens complex","data\audio\220096.wav","True"
"220109","IFA_35_34_1394.wav","culex pipiens complex","data\audio\220109.wav","True"
"220110","IFA_35_34_1394.wav","culex pipiens complex","data\audio\220110.wav","True"
"220078","IFA_35_35_1395.wav","culex pipiens complex","data\audio\220078.wav","True"
"220076","IFA_35_36_1396.wav","an arabiensis","data\audio\220076.wav","True"
"220090","IFA_35_37_1397.wav","ma uniformis","data\audio\220090.wav","True"
"220091","IFA_35_37_1397.wav","ma uniformis","data\audio\220091.wav","True"
"220092","IFA_35_38_1398.wav","culex pipiens complex","data\audio\220092.wav","True"
"220093","IFA_35_38_1398.wav","culex pipiens complex","data\audio\220093.wav","True"
"220089","IFA_35_39_1399.wav","culex pipiens complex","data\audio\220089.wav","True"
"220085","IFA_35_40_1400.wav","culex pipiens complex","data\audio\220085.wav","True"
"220084","IFA_35_40_1400.wav","culex pipiens complex","data\audio\220084.wav","True"
"220158","IFA_36_14_1414.wav","culex pipiens complex","data\audio\220158.wav","True"
"220159","IFA_36_14_1414.wav","culex pipiens complex","data\audio\220159.wav","True"
"220157","IFA_36_14_1414.wav","culex pipiens complex","data\audio\220157.wav","True"
"220138","IFA_36_16_1416.wav","an arabiensis","data\audio\220138.wav","True"
"220170","IFA_36_17_1417.wav","an arabiensis","data\audio\220170.wav","True"
"220186","IFA_36_20_1420.wav","an arabiensis","data\audio\220186.wav","True"
"220181","IFA_36_21_1421.wav","an arabiensis","data\audio\220181.wav","True"
"220192","IFA_36_23_1423.wav","an arabiensis","data\audio\220192.wav","True"
"220127","IFA_36_26_1426.wav","an arabiensis","data\audio\220127.wav","True"
"220171","IFA_36_27_1427.wav","an arabiensis","data\audio\220171.wav","True"
"220139","IFA_36_30_1430.wav","culex pipiens complex","data\audio\220139.wav","True"
"220176","IFA_36_34_1434.wav","an arabiensis","data\audio\220176.wav","True"
"220177","IFA_36_34_1434.wav","an arabiensis","data\audio\220177.wav","True"
"220144","IFA_36_35_1435.wav","an arabiensis","data\audio\220144.wav","True"
"220119","IFA_36_36_1436.wav","ma uniformis","data\audio\220119.wav","True"
"220120","IFA_36_36_1436.wav","ma uniformis","data\audio\220120.wav","True"
"220185","IFA_36_38_1438.wav","culex pipiens complex","data\audio\220185.wav","True"
"220145","IFA_37_12_1452.wav","an arabiensis","data\audio\220145.wav","True"
"220146","IFA_37_12_1452.wav","an arabiensis","data\audio\220146.wav","True"
"220129","IFA_37_13_1453.wav","an arabiensis","data\audio\220129.wav","True"
"220128","IFA_37_13_1453.wav","an arabiensis","data\audio\220128.wav","True"
"220182","IFA_37_15_1455.wav","an arabiensis","data\audio\220182.wav","True"
"220199","IFA_37_16_1456.wav","an arabiensis","data\audio\220199.wav","True"
"220173","IFA_37_17_1457.wav","an arabiensis","data\audio\220173.wav","True"
"220172","IFA_37_17_1457.wav","an arabiensis","data\audio\220172.wav","True"
"220180","IFA_37_20_1460.wav","culex pipiens complex","data\audio\220180.wav","True"
"220178","IFA_37_20_1460.wav","culex pipiens complex","data\audio\220178.wav","True"
"220179","IFA_37_20_1460.wav","culex pipiens complex","data\audio\220179.wav","True"
"220116","IFA_37_21_1461.wav","culex pipiens complex","data\audio\220116.wav","True"
"220125","IFA_37_22_1462.wav","culex pipiens complex","data\audio\220125.wav","True"
"220126","IFA_37_22_1462.wav","culex pipiens complex","data\audio\220126.wav","True"
"220123","IFA_37_24_1464.wav","an arabiensis","data\audio\220123.wav","True"
"220141","IFA_37_25_1465.wav","an arabiensis","data\audio\220141.wav","True"
"220152","IFA_37_26_1466.wav","an arabiensis","data\audio\220152.wav","True"
"220153","IFA_37_26_1466.wav","an arabiensis","data\audio\220153.wav","True"
"220154","IFA_37_26_1466.wav","an arabiensis","data\audio\220154.wav","True"
"220156","IFA_37_27_1467.wav","an arabiensis","data\audio\220156.wav","True"
"220198","IFA_37_28_1468.wav","culex pipiens complex","data\audio\220198.wav","True"
"220130","IFA_37_29_1469.wav","an arabiensis","data\audio\220130.wav","True"
"220131","IFA_37_29_1469.wav","an arabiensis","data\audio\220131.wav","True"
"220194","IFA_37_30_1470.wav","an arabiensis","data\audio\220194.wav","True"
"220195","IFA_37_30_1470.wav","an arabiensis","data\audio\220195.wav","True"
"220117","IFA_37_32_1472.wav","culex pipiens complex","data\audio\220117.wav","True"
"220132","IFA_37_34_1474.wav","an arabiensis","data\audio\220132.wav","True"
"220118","IFA_37_37_1477.wav","culex pipiens complex","data\audio\220118.wav","True"
"220200","IFA_37_38_1478.wav","culex pipiens complex","data\audio\220200.wav","True"
"220203","IFA_38_10_1490.wav","an arabiensis","data\audio\220203.wav","True"
"220227","IFA_38_11_1491.wav","culex pipiens complex","data\audio\220227.wav","True"
"220226","IFA_38_11_1491.wav","culex pipiens complex","data\audio\220226.wav","True"
"220220","IFA_38_13_1493.wav","an arabiensis","data\audio\220220.wav","True"
"220221","IFA_38_13_1493.wav","an arabiensis","data\audio\220221.wav","True"
"220222","IFA_38_13_1493.wav","an arabiensis","data\audio\220222.wav","True"
"220213","IFA_38_14_1494.wav","an arabiensis","data\audio\220213.wav","True"
"220212","IFA_38_14_1494.wav","an arabiensis","data\audio\220212.wav","True"
"220210","IFA_38_15_1495.wav","an arabiensis","data\audio\220210.wav","True"
"220209","IFA_38_16_1496.wav","culex pipiens complex","data\audio\220209.wav","True"
"220208","IFA_38_16_1496.wav","culex pipiens complex","data\audio\220208.wav","True"
"220214","IFA_38_19_1499.wav","an arabiensis","data\audio\220214.wav","True"
"220215","IFA_38_19_1499.wav","an arabiensis","data\audio\220215.wav","True"
"220223","IFA_38_21_1501.wav","an arabiensis","data\audio\220223.wav","True"
"220225","IFA_38_23_1503.wav","an arabiensis","data\audio\220225.wav","True"
"220211","IFA_38_25_1505.wav","an arabiensis","data\audio\220211.wav","True"
"220219","IFA_38_26_1506.wav","culex pipiens complex","data\audio\220219.wav","True"
"220204","IFA_38_29_1509.wav","culex pipiens complex","data\audio\220204.wav","True"
"220206","IFA_38_30_1510.wav","an arabiensis","data\audio\220206.wav","True"
"220207","IFA_38_30_1510.wav","an arabiensis","data\audio\220207.wav","True"
"220202","IFA_38_31_1511.wav","an arabiensis","data\audio\220202.wav","True"
"220201","IFA_38_31_1511.wav","an arabiensis","data\audio\220201.wav","True"
"220216","IFA_38_32_1512.wav","culex pipiens complex","data\audio\220216.wav","True"
"220218","IFA_38_32_1512.wav","culex pipiens complex","data\audio\220218.wav","True"
"220217","IFA_38_32_1512.wav","culex pipiens complex","data\audio\220217.wav","True"
"220261","IFA_38_35_1515.wav","culex pipiens complex","data\audio\220261.wav","True"
"220238","IFA_38_36_1516.wav","an arabiensis","data\audio\220238.wav","True"
"220237","IFA_38_36_1516.wav","an arabiensis","data\audio\220237.wav","True"
"220236","IFA_38_36_1516.wav","an arabiensis","data\audio\220236.wav","True"
"220265","IFA_38_37_1517.wav","an arabiensis","data\audio\220265.wav","True"
"220248","IFA_38_38_1518.wav","an arabiensis","data\audio\220248.wav","True"
"220249","IFA_38_38_1518.wav","an arabiensis","data\audio\220249.wav","True"
"220251","IFA_38_38_1518.wav","an arabiensis","data\audio\220251.wav","True"
"220250","IFA_38_38_1518.wav","an arabiensis","data\audio\220250.wav","True"
"220231","IFA_38_39_1519.wav","an arabiensis","data\audio\220231.wav","True"
"220259","IFA_38_40_1520.wav","an arabiensis","data\audio\220259.wav","True"
"220258","IFA_38_40_1520.wav","an arabiensis","data\audio\220258.wav","True"
"220257","IFA_39_10_1530.wav","an arabiensis","data\audio\220257.wav","True"
"220262","IFA_39_12_1532.wav","an arabiensis","data\audio\220262.wav","True"
"220264","IFA_39_12_1532.wav","an arabiensis","data\audio\220264.wav","True"
"220263","IFA_39_12_1532.wav","an arabiensis","data\audio\220263.wav","True"
"220275","IFA_39_13_1533.wav","an arabiensis","data\audio\220275.wav","True"
"220269","IFA_39_14_1534.wav","an arabiensis","data\audio\220269.wav","True"
"220260","IFA_39_16_1536.wav","an arabiensis","data\audio\220260.wav","True"
"220272","IFA_39_17_1537.wav","an arabiensis","data\audio\220272.wav","True"
"220271","IFA_39_17_1537.wav","an arabiensis","data\audio\220271.wav","True"
"220273","IFA_39_17_1537.wav","an arabiensis","data\audio\220273.wav","True"
"220233","IFA_39_18_1538.wav","an arabiensis","data\audio\220233.wav","True"
"220234","IFA_39_18_1538.wav","an arabiensis","data\audio\220234.wav","True"
"220235","IFA_39_18_1538.wav","an arabiensis","data\audio\220235.wav","True"
"220274","IFA_39_19_1539.wav","an arabiensis","data\audio\220274.wav","True"
"220268","IFA_39_20_1540.wav","ma uniformis","data\audio\220268.wav","True"
"220266","IFA_39_20_1540.wav","ma uniformis","data\audio\220266.wav","True"
"220267","IFA_39_20_1540.wav","ma uniformis","data\audio\220267.wav","True"
"220270","IFA_39_21_1541.wav","an arabiensis","data\audio\220270.wav","True"
"220240","IFA_39_22_1542.wav","an arabiensis","data\audio\220240.wav","True"
"220239","IFA_39_22_1542.wav","an arabiensis","data\audio\220239.wav","True"
"220246","IFA_39_24_1544.wav","an arabiensis","data\audio\220246.wav","True"
"220245","IFA_39_24_1544.wav","an arabiensis","data\audio\220245.wav","True"
"220244","IFA_39_24_1544.wav","an arabiensis","data\audio\220244.wav","True"
"220252","IFA_39_25_1545.wav","an arabiensis","data\audio\220252.wav","True"
"220242","IFA_39_26_1546.wav","an arabiensis","data\audio\220242.wav","True"
"220243","IFA_39_26_1546.wav","an arabiensis","data\audio\220243.wav","True"
"220241","IFA_39_26_1546.wav","an arabiensis","data\audio\220241.wav","True"
"220230","IFA_39_27_1547.wav","an arabiensis","data\audio\220230.wav","True"
"220229","IFA_39_27_1547.wav","an arabiensis","data\audio\220229.wav","True"
"220228","IFA_39_27_1547.wav","an arabiensis","data\audio\220228.wav","True"
"220289","IFA_39_28_1548.wav","an arabiensis","data\audio\220289.wav","True"
"220280","IFA_39_31_1551.wav","an arabiensis","data\audio\220280.wav","True"
"220290","IFA_39_32_1552.wav","an arabiensis","data\audio\220290.wav","True"
"220277","IFA_39_33_1553.wav","an arabiensis","data\audio\220277.wav","True"
"220276","IFA_39_33_1553.wav","an arabiensis","data\audio\220276.wav","True"
"220279","IFA_39_33_1553.wav","an arabiensis","data\audio\220279.wav","True"
"220278","IFA_39_33_1553.wav","an arabiensis","data\audio\220278.wav","True"
"220285","IFA_39_35_1555.wav","an arabiensis","data\audio\220285.wav","True"
"220284","IFA_39_35_1555.wav","an arabiensis","data\audio\220284.wav","True"
"220286","IFA_39_35_1555.wav","an arabiensis","data\audio\220286.wav","True"
"220312","IFA_40_10_1570.wav","ae aegypti","data\audio\220312.wav","True"
"220323","IFA_40_11_1571.wav","ae aegypti","data\audio\220323.wav","True"
"220307","IFA_40_12_1572.wav","ae aegypti","data\audio\220307.wav","True"
"220309","IFA_40_12_1572.wav","ae aegypti","data\audio\220309.wav","True"
"220308","IFA_40_12_1572.wav","ae aegypti","data\audio\220308.wav","True"
"220306","IFA_40_12_1572.wav","ae aegypti","data\audio\220306.wav","True"
"220314","IFA_40_13_1573.wav","ae aegypti","data\audio\220314.wav","True"
"220313","IFA_40_13_1573.wav","ae aegypti","data\audio\220313.wav","True"
"220316","IFA_40_13_1573.wav","ae aegypti","data\audio\220316.wav","True"
"220315","IFA_40_13_1573.wav","ae aegypti","data\audio\220315.wav","True"
"220326","IFA_40_14_1574.wav","ae aegypti","data\audio\220326.wav","True"
"220325","IFA_40_14_1574.wav","ae aegypti","data\audio\220325.wav","True"
"220324","IFA_40_14_1574.wav","ae aegypti","data\audio\220324.wav","True"
"220321","IFA_40_15_1575.wav","ae aegypti","data\audio\220321.wav","True"
"220305","IFA_40_16_1576.wav","ae aegypti","data\audio\220305.wav","True"
"220303","IFA_40_16_1576.wav","ae aegypti","data\audio\220303.wav","True"
"220304","IFA_40_16_1576.wav","ae aegypti","data\audio\220304.wav","True"
"220294","IFA_40_17_1577.wav","ae aegypti","data\audio\220294.wav","True"
"220295","IFA_40_17_1577.wav","ae aegypti","data\audio\220295.wav","True"
"220293","IFA_40_17_1577.wav","ae aegypti","data\audio\220293.wav","True"
"220299","IFA_40_18_1578.wav","ae aegypti","data\audio\220299.wav","True"
"220300","IFA_40_18_1578.wav","ae aegypti","data\audio\220300.wav","True"
"220318","IFA_40_19_1579.wav","ae aegypti","data\audio\220318.wav","True"
"220317","IFA_40_19_1579.wav","ae aegypti","data\audio\220317.wav","True"
"220310","IFA_40_21_1581.wav","ae aegypti","data\audio\220310.wav","True"
"220311","IFA_40_21_1581.wav","ae aegypti","data\audio\220311.wav","True"
"220302","IFA_40_22_1582.wav","ae aegypti","data\audio\220302.wav","True"
"220301","IFA_40_22_1582.wav","ae aegypti","data\audio\220301.wav","True"
"220296","IFA_40_23_1583.wav","ae aegypti","data\audio\220296.wav","True"
"220297","IFA_40_24_1584.wav","ae aegypti","data\audio\220297.wav","True"
"220298","IFA_40_24_1584.wav","ae aegypti","data\audio\220298.wav","True"
"220322","IFA_40_25_1585.wav","ae aegypti","data\audio\220322.wav","True"
"220320","IFA_40_26_1586.wav","ae aegypti","data\audio\220320.wav","True"
"220292","IFA_40_27_1587.wav","ae aegypti","data\audio\220292.wav","True"
"220291","IFA_40_27_1587.wav","ae aegypti","data\audio\220291.wav","True"
"220319","IFA_40_28_1588.wav","ae aegypti","data\audio\220319.wav","True"
"220361","IFA_40_36_1596.wav","culex pipiens complex","data\audio\220361.wav","True"
"220363","IFA_40_36_1596.wav","culex pipiens complex","data\audio\220363.wav","True"
"220362","IFA_40_36_1596.wav","culex pipiens complex","data\audio\220362.wav","True"
"220345","IFA_40_37_1597.wav","culex pipiens complex","data\audio\220345.wav","True"
"220344","IFA_40_37_1597.wav","culex pipiens complex","data\audio\220344.wav","True"
"220338","IFA_41_10_1610.wav","culex pipiens complex","data\audio\220338.wav","True"
"220337","IFA_41_10_1610.wav","culex pipiens complex","data\audio\220337.wav","True"
"220351","IFA_41_11_1611.wav","an arabiensis","data\audio\220351.wav","True"
"220350","IFA_41_11_1611.wav","an arabiensis","data\audio\220350.wav","True"
"220360","IFA_41_12_1612.wav","an arabiensis","data\audio\220360.wav","True"
"220349","IFA_41_13_1613.wav","culex pipiens complex","data\audio\220349.wav","True"
"220332","IFA_41_24_1624.wav","culex pipiens complex","data\audio\220332.wav","True"
"220333","IFA_41_24_1624.wav","culex pipiens complex","data\audio\220333.wav","True"
"220334","IFA_41_25_1625.wav","culex pipiens complex","data\audio\220334.wav","True"
"220330","IFA_41_26_1626.wav","culex pipiens complex","data\audio\220330.wav","True"
"220423","IFA_41_34_1634.wav","an arabiensis","data\audio\220423.wav","True"
"220422","IFA_41_34_1634.wav","an arabiensis","data\audio\220422.wav","True"
"220421","IFA_41_34_1634.wav","an arabiensis","data\audio\220421.wav","True"
"220384","IFA_41_36_1636.wav","an arabiensis","data\audio\220384.wav","True"
"220374","IFA_41_37_1637.wav","an arabiensis","data\audio\220374.wav","True"
"220373","IFA_41_37_1637.wav","an arabiensis","data\audio\220373.wav","True"
"220419","IFA_41_38_1638.wav","an arabiensis","data\audio\220419.wav","True"
"220418","IFA_41_38_1638.wav","an arabiensis","data\audio\220418.wav","True"
"220417","IFA_41_38_1638.wav","an arabiensis","data\audio\220417.wav","True"
"220420","IFA_41_38_1638.wav","an arabiensis","data\audio\220420.wav","True"
"220424","IFA_42_11_1651.wav","an arabiensis","data\audio\220424.wav","True"
"220425","IFA_42_11_1651.wav","an arabiensis","data\audio\220425.wav","True"
"220426","IFA_42_11_1651.wav","an arabiensis","data\audio\220426.wav","True"
"220380","IFA_42_14_1654.wav","an arabiensis","data\audio\220380.wav","True"
"220379","IFA_42_14_1654.wav","an arabiensis","data\audio\220379.wav","True"
"220376","IFA_42_19_1659.wav","an arabiensis","data\audio\220376.wav","True"
"220375","IFA_42_19_1659.wav","an arabiensis","data\audio\220375.wav","True"
"220388","IFA_42_21_1661.wav","ae aegypti","data\audio\220388.wav","True"
"220387","IFA_42_21_1661.wav","ae aegypti","data\audio\220387.wav","True"
"220386","IFA_42_21_1661.wav","ae aegypti","data\audio\220386.wav","True"
"220400","IFA_42_22_1662.wav","ae aegypti","data\audio\220400.wav","True"
"220402","IFA_42_22_1662.wav","ae aegypti","data\audio\220402.wav","True"
"220401","IFA_42_22_1662.wav","ae aegypti","data\audio\220401.wav","True"
"220430","IFA_42_23_1663.wav","ae aegypti","data\audio\220430.wav","True"
"220385","IFA_42_24_1664.wav","ae aegypti","data\audio\220385.wav","True"
"220405","IFA_42_25_1665.wav","ae aegypti","data\audio\220405.wav","True"
"220392","IFA_42_26_1666.wav","ae aegypti","data\audio\220392.wav","True"
"220393","IFA_42_26_1666.wav","ae aegypti","data\audio\220393.wav","True"
"220390","IFA_42_26_1666.wav","ae aegypti","data\audio\220390.wav","True"
"220391","IFA_42_26_1666.wav","ae aegypti","data\audio\220391.wav","True"
"220427","IFA_42_27_1667.wav","ae aegypti","data\audio\220427.wav","True"
"220412","IFA_42_28_1668.wav","ae aegypti","data\audio\220412.wav","True"
"220411","IFA_42_28_1668.wav","ae aegypti","data\audio\220411.wav","True"
"220416","IFA_42_29_1669.wav","ae aegypti","data\audio\220416.wav","True"
"220414","IFA_42_29_1669.wav","ae aegypti","data\audio\220414.wav","True"
"220415","IFA_42_29_1669.wav","ae aegypti","data\audio\220415.wav","True"
"220429","IFA_42_30_1670.wav","ae aegypti","data\audio\220429.wav","True"
"220428","IFA_42_30_1670.wav","ae aegypti","data\audio\220428.wav","True"
"220389","IFA_42_31_1671.wav","ae aegypti","data\audio\220389.wav","True"
"220406","IFA_42_32_1672.wav","ae aegypti","data\audio\220406.wav","True"
"220407","IFA_42_32_1672.wav","ae aegypti","data\audio\220407.wav","True"
"220408","IFA_42_32_1672.wav","ae aegypti","data\audio\220408.wav","True"
"220398","IFA_42_33_1673.wav","ae aegypti","data\audio\220398.wav","True"
"220397","IFA_42_33_1673.wav","ae aegypti","data\audio\220397.wav","True"
"220403","IFA_42_36_1676.wav","ae aegypti","data\audio\220403.wav","True"
"220399","IFA_42_38_1678.wav","ae aegypti","data\audio\220399.wav","True"
"220372","IFA_42_39_1679.wav","ae aegypti","data\audio\220372.wav","True"
"220371","IFA_42_39_1679.wav","ae aegypti","data\audio\220371.wav","True"
"220453","IFA_44_10_1730.wav","an arabiensis","data\audio\220453.wav","True"
"220471","IFA_44_11_1731.wav","an arabiensis","data\audio\220471.wav","True"
"220481","IFA_44_12_1732.wav","an arabiensis","data\audio\220481.wav","True"
"220480","IFA_44_12_1732.wav","an arabiensis","data\audio\220480.wav","True"
"220460","IFA_44_34_1754.wav","ae aegypti","data\audio\220460.wav","True"
"220498","IFA_44_35_1755.wav","ae aegypti","data\audio\220498.wav","True"
"220464","IFA_44_36_1756.wav","ae aegypti","data\audio\220464.wav","True"
"220451","IFA_44_37_1757.wav","ae aegypti","data\audio\220451.wav","True"
"220452","IFA_44_37_1757.wav","ae aegypti","data\audio\220452.wav","True"
"220503","IFA_44_39_1759.wav","ae aegypti","data\audio\220503.wav","True"
"220446","IFA_44_40_1760.wav","ae aegypti","data\audio\220446.wav","True"
"220447","IFA_44_40_1760.wav","ae aegypti","data\audio\220447.wav","True"
"220445","IFA_44_40_1760.wav","ae aegypti","data\audio\220445.wav","True"
"220444","IFA_44_40_1760.wav","ae aegypti","data\audio\220444.wav","True"
"220466","IFA_45_10_1770.wav","ae aegypti","data\audio\220466.wav","True"
"220467","IFA_45_10_1770.wav","ae aegypti","data\audio\220467.wav","True"
"220463","IFA_45_11_1771.wav","ae aegypti","data\audio\220463.wav","True"
"220500","IFA_45_12_1772.wav","ae aegypti","data\audio\220500.wav","True"
"220441","IFA_45_13_1773.wav","ae aegypti","data\audio\220441.wav","True"
"220462","IFA_45_14_1774.wav","ae aegypti","data\audio\220462.wav","True"
"220461","IFA_45_14_1774.wav","ae aegypti","data\audio\220461.wav","True"
"220473","IFA_45_15_1775.wav","ae aegypti","data\audio\220473.wav","True"
"220472","IFA_45_15_1775.wav","ae aegypti","data\audio\220472.wav","True"
"220488","IFA_45_16_1776.wav","ae aegypti","data\audio\220488.wav","True"
"220482","IFA_45_17_1777.wav","ae aegypti","data\audio\220482.wav","True"
"221092","IFA_45_23_1783.wav","an arabiensis","data\audio\221092.wav","True"
"221091","IFA_45_23_1783.wav","an arabiensis","data\audio\221091.wav","True"
"221079","IFA_45_27_1787.wav","an arabiensis","data\audio\221079.wav","True"
"221080","IFA_45_27_1787.wav","an arabiensis","data\audio\221080.wav","True"
"221078","IFA_45_27_1787.wav","an arabiensis","data\audio\221078.wav","True"
"221077","IFA_45_27_1787.wav","an arabiensis","data\audio\221077.wav","True"
"221071","IFA_45_31_1791.wav","an arabiensis","data\audio\221071.wav","True"
"221094","IFA_45_33_1793.wav","an arabiensis","data\audio\221094.wav","True"
"221081","IFA_45_35_1795.wav","an arabiensis","data\audio\221081.wav","True"
"221082","IFA_45_35_1795.wav","an arabiensis","data\audio\221082.wav","True"
"221083","IFA_45_35_1795.wav","an arabiensis","data\audio\221083.wav","True"
"221084","IFA_45_35_1795.wav","an arabiensis","data\audio\221084.wav","True"
"221086","IFA_45_37_1797.wav","an arabiensis","data\audio\221086.wav","True"
"221085","IFA_45_37_1797.wav","an arabiensis","data\audio\221085.wav","True"
"221072","IFA_45_38_1798.wav","an arabiensis","data\audio\221072.wav","True"
"221070","IFA_46_12_1812.wav","ae aegypti","data\audio\221070.wav","True"
"221088","IFA_46_23_1823.wav","culex pipiens complex","data\audio\221088.wav","True"
"221089","IFA_46_23_1823.wav","culex pipiens complex","data\audio\221089.wav","True"
"221087","IFA_46_23_1823.wav","culex pipiens complex","data\audio\221087.wav","True"
"221303","IFA_47_16_1856.wav","an arabiensis","data\audio\221303.wav","True"
"221302","IFA_47_16_1856.wav","an arabiensis","data\audio\221302.wav","True"
"221218","IFA_47_33_1873.wav","culex pipiens complex","data\audio\221218.wav","True"
"221217","IFA_47_33_1873.wav","culex pipiens complex","data\audio\221217.wav","True"
"221252","IFA_47_35_1875.wav","ma uniformis","data\audio\221252.wav","True"
"221233","IFA_48_10_1890.wav","an arabiensis","data\audio\221233.wav","True"
"221225","IFA_48_11_1891.wav","an arabiensis","data\audio\221225.wav","True"
"221224","IFA_48_11_1891.wav","an arabiensis","data\audio\221224.wav","True"
"221226","IFA_48_11_1891.wav","an arabiensis","data\audio\221226.wav","True"
"221241","IFA_48_12_1892.wav","an arabiensis","data\audio\221241.wav","True"
"221240","IFA_48_12_1892.wav","an arabiensis","data\audio\221240.wav","True"
"221257","IFA_48_13_1893.wav","an arabiensis","data\audio\221257.wav","True"
"221256","IFA_48_13_1893.wav","an arabiensis","data\audio\221256.wav","True"
"221258","IFA_48_13_1893.wav","an arabiensis","data\audio\221258.wav","True"
"221227","IFA_48_15_1895.wav","an arabiensis","data\audio\221227.wav","True"
"221231","IFA_48_16_1896.wav","an arabiensis","data\audio\221231.wav","True"
"221244","IFA_48_19_1899.wav","culex pipiens complex","data\audio\221244.wav","True"
"221243","IFA_48_19_1899.wav","culex pipiens complex","data\audio\221243.wav","True"
"221219","IFA_48_20_1900.wav","culex pipiens complex","data\audio\221219.wav","True"
"221234","IFA_48_21_1901.wav","culex pipiens complex","data\audio\221234.wav","True"
"221239","IFA_48_22_1902.wav","an arabiensis","data\audio\221239.wav","True"
"221255","IFA_48_24_1904.wav","an arabiensis","data\audio\221255.wav","True"
"221254","IFA_48_24_1904.wav","an arabiensis","data\audio\221254.wav","True"
"221253","IFA_48_24_1904.wav","an arabiensis","data\audio\221253.wav","True"
"221223","IFA_48_27_1907.wav","culex pipiens complex","data\audio\221223.wav","True"
"221222","IFA_48_27_1907.wav","culex pipiens complex","data\audio\221222.wav","True"
"221245","IFA_48_28_1908.wav","culex pipiens complex","data\audio\221245.wav","True"
"221246","IFA_48_28_1908.wav","culex pipiens complex","data\audio\221246.wav","True"
"221248","IFA_48_29_1909.wav","culex pipiens complex","data\audio\221248.wav","True"
"221260","IFA_48_30_1910.wav","an arabiensis","data\audio\221260.wav","True"
"221259","IFA_48_33_1913.wav","ma uniformis","data\audio\221259.wav","True"
"221251","IFA_48_34_1914.wav","culex pipiens complex","data\audio\221251.wav","True"
"221250","IFA_48_34_1914.wav","culex pipiens complex","data\audio\221250.wav","True"
"221232","IFA_49_10_1930.wav","culex pipiens complex","data\audio\221232.wav","True"
"221238","IFA_49_11_1931.wav","culex pipiens complex","data\audio\221238.wav","True"
"221235","IFA_49_11_1931.wav","culex pipiens complex","data\audio\221235.wav","True"
"221236","IFA_49_11_1931.wav","culex pipiens complex","data\audio\221236.wav","True"
"221237","IFA_49_11_1931.wav","culex pipiens complex","data\audio\221237.wav","True"
"221321","IFA_49_18_1938.wav","an arabiensis","data\audio\221321.wav","True"
"221320","IFA_49_18_1938.wav","an arabiensis","data\audio\221320.wav","True"
"221322","IFA_49_18_1938.wav","an arabiensis","data\audio\221322.wav","True"
"221341","IFA_49_19_1939.wav","an arabiensis","data\audio\221341.wav","True"
"221342","IFA_49_19_1939.wav","an arabiensis","data\audio\221342.wav","True"
"221343","IFA_49_19_1939.wav","an arabiensis","data\audio\221343.wav","True"
"221318","IFA_49_23_1943.wav","an arabiensis","data\audio\221318.wav","True"
"221313","IFA_49_24_1944.wav","an arabiensis","data\audio\221313.wav","True"
"221361","IFA_49_25_1945.wav","an arabiensis","data\audio\221361.wav","True"
"221311","IFA_49_26_1946.wav","an arabiensis","data\audio\221311.wav","True"
"221310","IFA_49_26_1946.wav","an arabiensis","data\audio\221310.wav","True"
"221348","IFA_49_27_1947.wav","an arabiensis","data\audio\221348.wav","True"
"221327","IFA_49_28_1948.wav","an arabiensis","data\audio\221327.wav","True"
"221328","IFA_49_28_1948.wav","an arabiensis","data\audio\221328.wav","True"
"221375","IFA_49_29_1949.wav","an arabiensis","data\audio\221375.wav","True"
"221370","IFA_49_30_1950.wav","an arabiensis","data\audio\221370.wav","True"
"221369","IFA_49_30_1950.wav","an arabiensis","data\audio\221369.wav","True"
"221356","IFA_49_31_1951.wav","an arabiensis","data\audio\221356.wav","True"
"221357","IFA_49_32_1952.wav","an arabiensis","data\audio\221357.wav","True"
"221345","IFA_49_36_1956.wav","an arabiensis","data\audio\221345.wav","True"
"221374","IFA_49_37_1957.wav","an arabiensis","data\audio\221374.wav","True"
"221373","IFA_49_37_1957.wav","an arabiensis","data\audio\221373.wav","True"
"221325","IFA_49_38_1958.wav","an arabiensis","data\audio\221325.wav","True"
"221324","IFA_49_38_1958.wav","an arabiensis","data\audio\221324.wav","True"
"221314","IFA_49_40_1960.wav","an arabiensis","data\audio\221314.wav","True"
"221352","IFA_50_10_1970.wav","an arabiensis","data\audio\221352.wav","True"
"221354","IFA_50_10_1970.wav","an arabiensis","data\audio\221354.wav","True"
"221353","IFA_50_10_1970.wav","an arabiensis","data\audio\221353.wav","True"
"221355","IFA_50_10_1970.wav","an arabiensis","data\audio\221355.wav","True"
"221362","IFA_50_14_1974.wav","an arabiensis","data\audio\221362.wav","True"
"221363","IFA_50_14_1974.wav","an arabiensis","data\audio\221363.wav","True"
"221458","IFA_50_21_1981.wav","an arabiensis","data\audio\221458.wav","True"
"221474","IFA_50_22_1982.wav","an arabiensis","data\audio\221474.wav","True"
"221470","IFA_50_23_1983.wav","an arabiensis","data\audio\221470.wav","True"
"221472","IFA_50_23_1983.wav","an arabiensis","data\audio\221472.wav","True"
"221471","IFA_50_23_1983.wav","an arabiensis","data\audio\221471.wav","True"
"221461","IFA_50_28_1988.wav","an arabiensis","data\audio\221461.wav","True"
"221487","IFA_50_29_1989.wav","culex pipiens complex","data\audio\221487.wav","True"
"221469","IFA_50_31_1991.wav","culex pipiens complex","data\audio\221469.wav","True"
"221468","IFA_50_31_1991.wav","culex pipiens complex","data\audio\221468.wav","True"
"221478","IFA_50_32_1992.wav","culex pipiens complex","data\audio\221478.wav","True"
"221477","IFA_50_32_1992.wav","culex pipiens complex","data\audio\221477.wav","True"
"221473","IFA_50_33_1993.wav","culex pipiens complex","data\audio\221473.wav","True"
"221481","IFA_50_35_1995.wav","culex pipiens complex","data\audio\221481.wav","True"
"221480","IFA_50_35_1995.wav","culex pipiens complex","data\audio\221480.wav","True"
"221464","IFA_50_36_1996.wav","ma uniformis","data\audio\221464.wav","True"
"221456","IFA_50_37_1997.wav","culex pipiens complex","data\audio\221456.wav","True"
"221482","IFA_50_38_1998.wav","culex pipiens complex","data\audio\221482.wav","True"
"221457","IFA_50_40_2000.wav","culex pipiens complex","data\audio\221457.wav","True"
"221492","IFA_51_12_2012.wav","culex pipiens complex","data\audio\221492.wav","True"
"221459","IFA_51_13_2013.wav","culex pipiens complex","data\audio\221459.wav","True"
"221460","IFA_51_13_2013.wav","culex pipiens complex","data\audio\221460.wav","True"
"221483","IFA_51_14_2014.wav","culex pipiens complex","data\audio\221483.wav","True"
"221412","IFA_51_19_2019.wav","an arabiensis","data\audio\221412.wav","True"
"221378","IFA_51_20_2020.wav","an arabiensis","data\audio\221378.wav","True"
"221389","IFA_51_21_2021.wav","an arabiensis","data\audio\221389.wav","True"
"221388","IFA_51_21_2021.wav","an arabiensis","data\audio\221388.wav","True"
"221403","IFA_51_22_2022.wav","an arabiensis","data\audio\221403.wav","True"
"221402","IFA_51_22_2022.wav","an arabiensis","data\audio\221402.wav","True"
"221390","IFA_51_24_2024.wav","an arabiensis","data\audio\221390.wav","True"
"221396","IFA_51_28_2028.wav","an arabiensis","data\audio\221396.wav","True"
"221395","IFA_51_28_2028.wav","an arabiensis","data\audio\221395.wav","True"
"221382","IFA_51_30_2030.wav","an arabiensis","data\audio\221382.wav","True"
"221381","IFA_51_30_2030.wav","an arabiensis","data\audio\221381.wav","True"
"221387","IFA_51_31_2031.wav","an arabiensis","data\audio\221387.wav","True"
"221376","IFA_51_32_2032.wav","an arabiensis","data\audio\221376.wav","True"
"221377","IFA_51_32_2032.wav","an arabiensis","data\audio\221377.wav","True"
"221385","IFA_51_34_2034.wav","an arabiensis","data\audio\221385.wav","True"
"221411","IFA_51_35_2035.wav","an arabiensis","data\audio\221411.wav","True"
"221410","IFA_51_35_2035.wav","an arabiensis","data\audio\221410.wav","True"
"221404","IFA_51_36_2036.wav","an arabiensis","data\audio\221404.wav","True"
"221393","IFA_51_37_2037.wav","an arabiensis","data\audio\221393.wav","True"
"221394","IFA_51_37_2037.wav","an arabiensis","data\audio\221394.wav","True"
"221392","IFA_51_37_2037.wav","an arabiensis","data\audio\221392.wav","True"
"221391","IFA_51_37_2037.wav","an arabiensis","data\audio\221391.wav","True"
"221379","IFA_51_38_2038.wav","an arabiensis","data\audio\221379.wav","True"
"221384","IFA_51_39_2039.wav","an arabiensis","data\audio\221384.wav","True"
"221383","IFA_51_39_2039.wav","an arabiensis","data\audio\221383.wav","True"
"221386","IFA_51_40_2040.wav","an arabiensis","data\audio\221386.wav","True"
"221405","IFA_52_10_2050.wav","an arabiensis","data\audio\221405.wav","True"
"221406","IFA_52_10_2050.wav","an arabiensis","data\audio\221406.wav","True"
"221407","IFA_52_10_2050.wav","an arabiensis","data\audio\221407.wav","True"
"221399","IFA_52_11_2051.wav","an arabiensis","data\audio\221399.wav","True"
"221401","IFA_52_11_2051.wav","an arabiensis","data\audio\221401.wav","True"
"221400","IFA_52_11_2051.wav","an arabiensis","data\audio\221400.wav","True"
"221380","IFA_52_12_2052.wav","culex pipiens complex","data\audio\221380.wav","True"
"221408","IFA_52_13_2053.wav","an arabiensis","data\audio\221408.wav","True"
"221409","IFA_52_13_2053.wav","an arabiensis","data\audio\221409.wav","True"
"221397","IFA_52_15_2055.wav","culex pipiens complex","data\audio\221397.wav","True"
"221398","IFA_52_15_2055.wav","culex pipiens complex","data\audio\221398.wav","True"
"221433","IFA_52_18_2058.wav","an arabiensis","data\audio\221433.wav","True"
"221425","IFA_52_20_2060.wav","an arabiensis","data\audio\221425.wav","True"
"221443","IFA_52_21_2061.wav","an arabiensis","data\audio\221443.wav","True"
"221424","IFA_52_24_2064.wav","an arabiensis","data\audio\221424.wav","True"
"221422","IFA_52_25_2065.wav","an arabiensis","data\audio\221422.wav","True"
"221453","IFA_52_27_2067.wav","an arabiensis","data\audio\221453.wav","True"
"221452","IFA_52_27_2067.wav","an arabiensis","data\audio\221452.wav","True"
"221454","IFA_52_29_2069.wav","an arabiensis","data\audio\221454.wav","True"
"221455","IFA_52_30_2070.wav","an arabiensis","data\audio\221455.wav","True"
"221429","IFA_52_31_2071.wav","an arabiensis","data\audio\221429.wav","True"
"221428","IFA_52_31_2071.wav","an arabiensis","data\audio\221428.wav","True"
"221448","IFA_52_32_2072.wav","an arabiensis","data\audio\221448.wav","True"
"221449","IFA_52_32_2072.wav","an arabiensis","data\audio\221449.wav","True"
"221450","IFA_52_32_2072.wav","an arabiensis","data\audio\221450.wav","True"
"221451","IFA_52_32_2072.wav","an arabiensis","data\audio\221451.wav","True"
"221418","IFA_52_33_2073.wav","culex pipiens complex","data\audio\221418.wav","True"
"221419","IFA_52_33_2073.wav","culex pipiens complex","data\audio\221419.wav","True"
"221420","IFA_52_33_2073.wav","culex pipiens complex","data\audio\221420.wav","True"
"221441","IFA_52_35_2075.wav","an arabiensis","data\audio\221441.wav","True"
"221442","IFA_52_35_2075.wav","an arabiensis","data\audio\221442.wav","True"
"221447","IFA_52_38_2078.wav","an arabiensis","data\audio\221447.wav","True"
"221444","IFA_52_38_2078.wav","an arabiensis","data\audio\221444.wav","True"
"221446","IFA_52_38_2078.wav","an arabiensis","data\audio\221446.wav","True"
"221445","IFA_52_38_2078.wav","an arabiensis","data\audio\221445.wav","True"
"221427","IFA_52_39_2079.wav","an arabiensis","data\audio\221427.wav","True"
"221426","IFA_52_39_2079.wav","an arabiensis","data\audio\221426.wav","True"
"221416","IFA_52_40_2080.wav","an arabiensis","data\audio\221416.wav","True"
"221526","IFA_53_10_2090.wav","an arabiensis","data\audio\221526.wav","True"
"221528","IFA_53_10_2090.wav","an arabiensis","data\audio\221528.wav","True"
"221527","IFA_53_10_2090.wav","an arabiensis","data\audio\221527.wav","True"
"221509","IFA_53_11_2091.wav","an arabiensis","data\audio\221509.wav","True"
"221508","IFA_53_11_2091.wav","an arabiensis","data\audio\221508.wav","True"
"221546","IFA_53_12_2092.wav","ma uniformis","data\audio\221546.wav","True"
"221505","IFA_53_14_2094.wav","an arabiensis","data\audio\221505.wav","True"
"221532","IFA_53_15_2095.wav","an arabiensis","data\audio\221532.wav","True"
"221496","IFA_53_16_2096.wav","an arabiensis","data\audio\221496.wav","True"
"221537","IFA_53_18_2098.wav","culex pipiens complex","data\audio\221537.wav","True"
"221504","IFA_53_26_2106.wav","culex pipiens complex","data\audio\221504.wav","True"
"221516","IFA_53_28_2108.wav","culex pipiens complex","data\audio\221516.wav","True"
"221517","IFA_53_28_2108.wav","culex pipiens complex","data\audio\221517.wav","True"
"221494","IFA_53_34_2114.wav","culex pipiens complex","data\audio\221494.wav","True"
"221519","IFA_53_36_2116.wav","an arabiensis","data\audio\221519.wav","True"
"221533","IFA_53_37_2117.wav","culex pipiens complex","data\audio\221533.wav","True"
"221534","IFA_53_37_2117.wav","culex pipiens complex","data\audio\221534.wav","True"
"221506","IFA_53_38_2118.wav","culex pipiens complex","data\audio\221506.wav","True"
"221507","IFA_53_38_2118.wav","culex pipiens complex","data\audio\221507.wav","True"
"221498","IFA_53_39_2119.wav","culex pipiens complex","data\audio\221498.wav","True"
"221536","IFA_54_12_2132.wav","an arabiensis","data\audio\221536.wav","True"
"221497","IFA_54_13_2133.wav","an arabiensis","data\audio\221497.wav","True"
"221510","IFA_54_14_2134.wav","ma uniformis","data\audio\221510.wav","True"
"221511","IFA_54_14_2134.wav","ma uniformis","data\audio\221511.wav","True"
"221549","IFA_54_15_2135.wav","an arabiensis","data\audio\221549.wav","True"
"221501","IFA_54_17_2137.wav","ma uniformis","data\audio\221501.wav","True"
"221502","IFA_54_17_2137.wav","ma uniformis","data\audio\221502.wav","True"
"221520","IFA_54_18_2138.wav","an arabiensis","data\audio\221520.wav","True"
"221521","IFA_54_19_2139.wav","an arabiensis","data\audio\221521.wav","True"
"221493","IFA_54_23_2143.wav","ma uniformis","data\audio\221493.wav","True"
"221499","IFA_54_25_2145.wav","culex pipiens complex","data\audio\221499.wav","True"
"221538","IFA_54_26_2146.wav","culex pipiens complex","data\audio\221538.wav","True"
"221518","IFA_54_27_2147.wav","culex pipiens complex","data\audio\221518.wav","True"
"221513","IFA_54_28_2148.wav","culex pipiens complex","data\audio\221513.wav","True"
"221512","IFA_54_28_2148.wav","culex pipiens complex","data\audio\221512.wav","True"
"221547","IFA_54_29_2149.wav","culex pipiens complex","data\audio\221547.wav","True"
"221495","IFA_54_30_2150.wav","culex pipiens complex","data\audio\221495.wav","True"
"221613","IFA_54_31_2151.wav","an arabiensis","data\audio\221613.wav","True"
"221614","IFA_54_32_2152.wav","an arabiensis","data\audio\221614.wav","True"
"221617","IFA_54_33_2153.wav","an arabiensis","data\audio\221617.wav","True"
"221618","IFA_54_33_2153.wav","an arabiensis","data\audio\221618.wav","True"
"221637","IFA_54_34_2154.wav","an arabiensis","data\audio\221637.wav","True"
"221606","IFA_54_37_2157.wav","an arabiensis","data\audio\221606.wav","True"
"221610","IFA_54_38_2158.wav","an arabiensis","data\audio\221610.wav","True"
"221609","IFA_54_38_2158.wav","an arabiensis","data\audio\221609.wav","True"
"221588","IFA_55_10_2170.wav","culex pipiens complex","data\audio\221588.wav","True"
"221633","IFA_55_11_2171.wav","culex pipiens complex","data\audio\221633.wav","True"
"221555","IFA_55_12_2172.wav","culex pipiens complex","data\audio\221555.wav","True"
"221556","IFA_55_12_2172.wav","culex pipiens complex","data\audio\221556.wav","True"
"221562","IFA_55_14_2174.wav","an arabiensis","data\audio\221562.wav","True"
"221579","IFA_55_15_2175.wav","culex pipiens complex","data\audio\221579.wav","True"
"221590","IFA_55_16_2176.wav","an arabiensis","data\audio\221590.wav","True"
"221591","IFA_55_16_2176.wav","an arabiensis","data\audio\221591.wav","True"
"221560","IFA_55_17_2177.wav","culex pipiens complex","data\audio\221560.wav","True"
"221561","IFA_55_17_2177.wav","culex pipiens complex","data\audio\221561.wav","True"
"221612","IFA_55_19_2179.wav","culex pipiens complex","data\audio\221612.wav","True"
"221611","IFA_55_19_2179.wav","culex pipiens complex","data\audio\221611.wav","True"
"221602","IFA_55_20_2180.wav","an arabiensis","data\audio\221602.wav","True"
"221601","IFA_55_22_2182.wav","culex pipiens complex","data\audio\221601.wav","True"
"221571","IFA_55_24_2184.wav","culex pipiens complex","data\audio\221571.wav","True"
"221572","IFA_55_24_2184.wav","culex pipiens complex","data\audio\221572.wav","True"
"221616","IFA_55_25_2185.wav","culex pipiens complex","data\audio\221616.wav","True"
"221615","IFA_55_25_2185.wav","culex pipiens complex","data\audio\221615.wav","True"
"221559","IFA_55_26_2186.wav","culex pipiens complex","data\audio\221559.wav","True"
"221558","IFA_55_26_2186.wav","culex pipiens complex","data\audio\221558.wav","True"
"221573","IFA_55_29_2189.wav","an arabiensis","data\audio\221573.wav","True"
"221626","IFA_55_30_2190.wav","an arabiensis","data\audio\221626.wav","True"
"221627","IFA_55_30_2190.wav","an arabiensis","data\audio\221627.wav","True"
"221625","IFA_55_30_2190.wav","an arabiensis","data\audio\221625.wav","True"
"221580","IFA_55_31_2191.wav","culex pipiens complex","data\audio\221580.wav","True"
"221565","IFA_55_33_2193.wav","culex pipiens complex","data\audio\221565.wav","True"
"221563","IFA_55_37_2197.wav","ma uniformis","data\audio\221563.wav","True"
"221608","IFA_55_38_2198.wav","ma uniformis","data\audio\221608.wav","True"
"221607","IFA_55_38_2198.wav","ma uniformis","data\audio\221607.wav","True"
"221582","IFA_55_40_2200.wav","culex pipiens complex","data\audio\221582.wav","True"
"221592","IFA_56_13_2213.wav","culex pipiens complex","data\audio\221592.wav","True"
"221587","IFA_56_15_2215.wav","culex pipiens complex","data\audio\221587.wav","True"
"221581","IFA_56_16_2216.wav","culex pipiens complex","data\audio\221581.wav","True"
"221557","IFA_56_18_2218.wav","culex pipiens complex","data\audio\221557.wav","True"
"221605","IFA_56_19_2219.wav","culex pipiens complex","data\audio\221605.wav","True"
"221552","IFA_56_21_2221.wav","culex pipiens complex","data\audio\221552.wav","True"
"221619","IFA_56_27_2227.wav","culex pipiens complex","data\audio\221619.wav","True"
"221570","IFA_56_28_2228.wav","culex pipiens complex","data\audio\221570.wav","True"
"221594","IFA_56_29_2229.wav","culex pipiens complex","data\audio\221594.wav","True"
"221593","IFA_56_29_2229.wav","culex pipiens complex","data\audio\221593.wav","True"
"221667","IFA_56_32_2232.wav","culex pipiens complex","data\audio\221667.wav","True"
"221668","IFA_56_32_2232.wav","culex pipiens complex","data\audio\221668.wav","True"
"221646","IFA_56_40_2240.wav","an arabiensis","data\audio\221646.wav","True"
"221675","IFA_57_10_2250.wav","an arabiensis","data\audio\221675.wav","True"
"221652","IFA_57_12_2252.wav","culex pipiens complex","data\audio\221652.wav","True"
"221684","IFA_57_16_2256.wav","an arabiensis","data\audio\221684.wav","True"
"221685","IFA_57_16_2256.wav","an arabiensis","data\audio\221685.wav","True"
"221642","IFA_57_17_2257.wav","culex pipiens complex","data\audio\221642.wav","True"
"221643","IFA_57_17_2257.wav","culex pipiens complex","data\audio\221643.wav","True"
"221641","IFA_57_18_2258.wav","an arabiensis","data\audio\221641.wav","True"
"221690","IFA_57_20_2260.wav","an arabiensis","data\audio\221690.wav","True"
"221691","IFA_57_20_2260.wav","an arabiensis","data\audio\221691.wav","True"
"221664","IFA_57_22_2262.wav","culex pipiens complex","data\audio\221664.wav","True"
"221665","IFA_57_22_2262.wav","culex pipiens complex","data\audio\221665.wav","True"
"221649","IFA_57_23_2263.wav","culex pipiens complex","data\audio\221649.wav","True"
"221650","IFA_57_23_2263.wav","culex pipiens complex","data\audio\221650.wav","True"
"221666","IFA_57_24_2264.wav","an arabiensis","data\audio\221666.wav","True"
"221651","IFA_57_26_2266.wav","culex pipiens complex","data\audio\221651.wav","True"
"221640","IFA_57_30_2270.wav","culex pipiens complex","data\audio\221640.wav","True"
"221681","IFA_57_32_2272.wav","culex pipiens complex","data\audio\221681.wav","True"
"221680","IFA_57_32_2272.wav","culex pipiens complex","data\audio\221680.wav","True"
"221696","IFA_57_33_2273.wav","culex pipiens complex","data\audio\221696.wav","True"
"221694","IFA_57_33_2273.wav","culex pipiens complex","data\audio\221694.wav","True"
"221697","IFA_57_33_2273.wav","culex pipiens complex","data\audio\221697.wav","True"
"221695","IFA_57_33_2273.wav","culex pipiens complex","data\audio\221695.wav","True"
"221654","IFA_57_35_2275.wav","culex pipiens complex","data\audio\221654.wav","True"
"221658","IFA_57_36_2276.wav","culex pipiens complex","data\audio\221658.wav","True"
"221659","IFA_57_37_2277.wav","culex pipiens complex","data\audio\221659.wav","True"
"221644","IFA_57_38_2278.wav","culex pipiens complex","data\audio\221644.wav","True"
"221661","IFA_57_39_2279.wav","culex pipiens complex","data\audio\221661.wav","True"
"221645","IFA_57_40_2280.wav","culex pipiens complex","data\audio\221645.wav","True"
"221791","IFA_58_24_2304.wav","an arabiensis","data\audio\221791.wav","True"
"221792","IFA_58_24_2304.wav","an arabiensis","data\audio\221792.wav","True"
"221790","IFA_58_24_2304.wav","an arabiensis","data\audio\221790.wav","True"
"221797","IFA_58_29_2309.wav","an arabiensis","data\audio\221797.wav","True"
"221766","IFA_58_40_2320.wav","culex pipiens complex","data\audio\221766.wav","True"
"221775","IFA_59_10_2330.wav","culex pipiens complex","data\audio\221775.wav","True"
"221758","IFA_59_11_2331.wav","culex pipiens complex","data\audio\221758.wav","True"
"221760","IFA_59_12_2332.wav","culex pipiens complex","data\audio\221760.wav","True"
"221761","IFA_59_12_2332.wav","culex pipiens complex","data\audio\221761.wav","True"
"221776","IFA_59_13_2333.wav","culex pipiens complex","data\audio\221776.wav","True"
"221768","IFA_59_14_2334.wav","culex pipiens complex","data\audio\221768.wav","True"
"221779","IFA_59_15_2335.wav","culex pipiens complex","data\audio\221779.wav","True"
"221811","IFA_59_16_2336.wav","culex pipiens complex","data\audio\221811.wav","True"
"221807","IFA_59_17_2337.wav","culex pipiens complex","data\audio\221807.wav","True"
"221812","IFA_59_18_2338.wav","culex pipiens complex","data\audio\221812.wav","True"
"221815","IFA_59_19_2339.wav","culex pipiens complex","data\audio\221815.wav","True"
"221789","IFA_59_20_2340.wav","culex pipiens complex","data\audio\221789.wav","True"
"221788","IFA_59_20_2340.wav","culex pipiens complex","data\audio\221788.wav","True"
"221767","IFA_59_21_2341.wav","culex pipiens complex","data\audio\221767.wav","True"
"221777","IFA_59_22_2342.wav","culex pipiens complex","data\audio\221777.wav","True"
"221814","IFA_59_23_2343.wav","culex pipiens complex","data\audio\221814.wav","True"
"221813","IFA_59_23_2343.wav","culex pipiens complex","data\audio\221813.wav","True"
"221803","IFA_59_25_2345.wav","culex pipiens complex","data\audio\221803.wav","True"
"221783","IFA_59_26_2346.wav","culex pipiens complex","data\audio\221783.wav","True"
"221794","IFA_59_28_2348.wav","culex pipiens complex","data\audio\221794.wav","True"
"221793","IFA_59_28_2348.wav","culex pipiens complex","data\audio\221793.wav","True"
"221795","IFA_59_28_2348.wav","culex pipiens complex","data\audio\221795.wav","True"
"221787","IFA_59_30_2350.wav","culex pipiens complex","data\audio\221787.wav","True"
"221786","IFA_59_30_2350.wav","culex pipiens complex","data\audio\221786.wav","True"
"221785","IFA_59_30_2350.wav","culex pipiens complex","data\audio\221785.wav","True"
"221737","IFA_60_13_2373.wav","an arabiensis","data\audio\221737.wav","True"
"221745","IFA_60_24_2384.wav","culex pipiens complex","data\audio\221745.wav","True"
"221746","IFA_60_24_2384.wav","culex pipiens complex","data\audio\221746.wav","True"
"221747","IFA_60_24_2384.wav","culex pipiens complex","data\audio\221747.wav","True"
"221704","IFA_60_25_2385.wav","culex pipiens complex","data\audio\221704.wav","True"
"221723","IFA_60_26_2386.wav","culex pipiens complex","data\audio\221723.wav","True"
"221743","IFA_60_27_2387.wav","culex pipiens complex","data\audio\221743.wav","True"
"221752","IFA_60_28_2388.wav","culex pipiens complex","data\audio\221752.wav","True"
"221751","IFA_60_28_2388.wav","culex pipiens complex","data\audio\221751.wav","True"
"221739","IFA_60_29_2389.wav","culex pipiens complex","data\audio\221739.wav","True"
"221742","IFA_60_30_2390.wav","culex pipiens complex","data\audio\221742.wav","True"
"221703","IFA_60_31_2391.wav","culex pipiens complex","data\audio\221703.wav","True"
"221753","IFA_60_32_2392.wav","culex pipiens complex","data\audio\221753.wav","True"
"221738","IFA_60_33_2393.wav","culex pipiens complex","data\audio\221738.wav","True"
"221734","IFA_60_34_2394.wav","culex pipiens complex","data\audio\221734.wav","True"
"221707","IFA_60_35_2395.wav","culex pipiens complex","data\audio\221707.wav","True"
"221741","IFA_60_36_2396.wav","culex pipiens complex","data\audio\221741.wav","True"
"221740","IFA_60_36_2396.wav","culex pipiens complex","data\audio\221740.wav","True"
"221713","IFA_60_37_2397.wav","culex pipiens complex","data\audio\221713.wav","True"
"221712","IFA_60_37_2397.wav","culex pipiens complex","data\audio\221712.wav","True"
"221730","IFA_60_38_2398.wav","culex pipiens complex","data\audio\221730.wav","True"
"221733","IFA_60_38_2398.wav","culex pipiens complex","data\audio\221733.wav","True"
"221731","IFA_60_38_2398.wav","culex pipiens complex","data\audio\221731.wav","True"
"221732","IFA_60_38_2398.wav","culex pipiens complex","data\audio\221732.wav","True"
"221702","IFA_60_39_2399.wav","culex pipiens complex","data\audio\221702.wav","True"
"221701","IFA_60_39_2399.wav","culex pipiens complex","data\audio\221701.wav","True"
"221715","IFA_60_40_2400.wav","culex pipiens complex","data\audio\221715.wav","True"
"221714","IFA_60_40_2400.wav","culex pipiens complex","data\audio\221714.wav","True"
"221846","IFA_61_11_2411.wav","an arabiensis","data\audio\221846.wav","True"
"221845","IFA_61_11_2411.wav","an arabiensis","data\audio\221845.wav","True"
"221844","IFA_61_11_2411.wav","an arabiensis","data\audio\221844.wav","True"
"221850","IFA_61_11_2411.wav","an arabiensis","data\audio\221850.wav","True"
"221848","IFA_61_11_2411.wav","an arabiensis","data\audio\221848.wav","True"
"221847","IFA_61_11_2411.wav","an arabiensis","data\audio\221847.wav","True"
"221849","IFA_61_11_2411.wav","an arabiensis","data\audio\221849.wav","True"
"221823","IFA_61_12_2412.wav","an arabiensis","data\audio\221823.wav","True"
"221824","IFA_61_12_2412.wav","an arabiensis","data\audio\221824.wav","True"
"221835","IFA_61_13_2413.wav","an arabiensis","data\audio\221835.wav","True"
"221836","IFA_61_13_2413.wav","an arabiensis","data\audio\221836.wav","True"
"221831","IFA_61_16_2416.wav","an arabiensis","data\audio\221831.wav","True"
"221841","IFA_61_19_2419.wav","culex pipiens complex","data\audio\221841.wav","True"
"221840","IFA_61_19_2419.wav","culex pipiens complex","data\audio\221840.wav","True"
"221839","IFA_61_20_2420.wav","culex pipiens complex","data\audio\221839.wav","True"
"221816","IFA_61_21_2421.wav","an arabiensis","data\audio\221816.wav","True"
"221817","IFA_61_21_2421.wav","an arabiensis","data\audio\221817.wav","True"
"221818","IFA_61_21_2421.wav","an arabiensis","data\audio\221818.wav","True"
"221837","IFA_61_22_2422.wav","an arabiensis","data\audio\221837.wav","True"
"221819","IFA_61_25_2425.wav","an arabiensis","data\audio\221819.wav","True"
"221820","IFA_61_25_2425.wav","an arabiensis","data\audio\221820.wav","True"
"221842","IFA_61_27_2427.wav","culex pipiens complex","data\audio\221842.wav","True"
"221830","IFA_61_28_2428.wav","culex pipiens complex","data\audio\221830.wav","True"
"221827","IFA_61_28_2428.wav","culex pipiens complex","data\audio\221827.wav","True"
"221828","IFA_61_28_2428.wav","culex pipiens complex","data\audio\221828.wav","True"
"221829","IFA_61_28_2428.wav","culex pipiens complex","data\audio\221829.wav","True"
"221833","IFA_61_29_2429.wav","culex pipiens complex","data\audio\221833.wav","True"
"221834","IFA_61_29_2429.wav","culex pipiens complex","data\audio\221834.wav","True"
"221851","IFA_61_30_2430.wav","culex pipiens complex","data\audio\221851.wav","True"
"221857","IFA_61_31_2431.wav","an arabiensis","data\audio\221857.wav","True"
"221860","IFA_61_34_2434.wav","an arabiensis","data\audio\221860.wav","True"
"221861","IFA_61_34_2434.wav","an arabiensis","data\audio\221861.wav","True"
"221863","IFA_61_35_2435.wav","an arabiensis","data\audio\221863.wav","True"
"221856","IFA_61_36_2436.wav","culex pipiens complex","data\audio\221856.wav","True"
"221864","IFA_61_39_2439.wav","an arabiensis","data\audio\221864.wav","True"
"221865","IFA_61_39_2439.wav","an arabiensis","data\audio\221865.wav","True"
"221858","IFA_61_40_2440.wav","an arabiensis","data\audio\221858.wav","True"
"221859","IFA_61_40_2440.wav","an arabiensis","data\audio\221859.wav","True"
"221853","IFA_62_11_2451.wav","an arabiensis","data\audio\221853.wav","True"
"221893","IFA_62_13_2453.wav","an arabiensis","data\audio\221893.wav","True"
"221892","IFA_62_13_2453.wav","an arabiensis","data\audio\221892.wav","True"
"221890","IFA_62_13_2453.wav","an arabiensis","data\audio\221890.wav","True"
"221891","IFA_62_13_2453.wav","an arabiensis","data\audio\221891.wav","True"
"221954","IFA_62_14_2454.wav","an arabiensis","data\audio\221954.wav","True"
"221941","IFA_62_15_2455.wav","an arabiensis","data\audio\221941.wav","True"
"221876","IFA_62_17_2457.wav","an arabiensis","data\audio\221876.wav","True"
"221877","IFA_62_17_2457.wav","an arabiensis","data\audio\221877.wav","True"
"221894","IFA_62_18_2458.wav","an arabiensis","data\audio\221894.wav","True"
"221913","IFA_62_19_2459.wav","an arabiensis","data\audio\221913.wav","True"
"221921","IFA_62_20_2460.wav","an arabiensis","data\audio\221921.wav","True"
"221926","IFA_62_21_2461.wav","an arabiensis","data\audio\221926.wav","True"
"221911","IFA_62_22_2462.wav","an arabiensis","data\audio\221911.wav","True"
"221929","IFA_62_23_2463.wav","an arabiensis","data\audio\221929.wav","True"
"221917","IFA_62_24_2464.wav","an arabiensis","data\audio\221917.wav","True"
"221915","IFA_62_24_2464.wav","an arabiensis","data\audio\221915.wav","True"
"221916","IFA_62_24_2464.wav","an arabiensis","data\audio\221916.wav","True"
"221897","IFA_62_25_2465.wav","an arabiensis","data\audio\221897.wav","True"
"221957","IFA_62_27_2467.wav","an arabiensis","data\audio\221957.wav","True"
"221958","IFA_62_27_2467.wav","an arabiensis","data\audio\221958.wav","True"
"221895","IFA_62_28_2468.wav","an arabiensis","data\audio\221895.wav","True"
"221896","IFA_62_28_2468.wav","an arabiensis","data\audio\221896.wav","True"
"221920","IFA_62_29_2469.wav","an arabiensis","data\audio\221920.wav","True"
"221943","IFA_62_31_2471.wav","an arabiensis","data\audio\221943.wav","True"
"221960","IFA_62_32_2472.wav","an arabiensis","data\audio\221960.wav","True"
"221959","IFA_62_32_2472.wav","an arabiensis","data\audio\221959.wav","True"
"221875","IFA_62_33_2473.wav","an arabiensis","data\audio\221875.wav","True"
"221906","IFA_62_34_2474.wav","an arabiensis","data\audio\221906.wav","True"
"221956","IFA_62_35_2475.wav","an arabiensis","data\audio\221956.wav","True"
"221961","IFA_62_36_2476.wav","an arabiensis","data\audio\221961.wav","True"
"221942","IFA_62_37_2477.wav","an arabiensis","data\audio\221942.wav","True"
"221953","IFA_62_39_2479.wav","an arabiensis","data\audio\221953.wav","True"
"221884","IFA_62_40_2480.wav","an arabiensis","data\audio\221884.wav","True"
"221888","IFA_63_10_2490.wav","an arabiensis","data\audio\221888.wav","True"
"221887","IFA_63_20_2500.wav","an arabiensis","data\audio\221887.wav","True"
"221886","IFA_63_20_2500.wav","an arabiensis","data\audio\221886.wav","True"
"221873","IFA_63_21_2501.wav","an arabiensis","data\audio\221873.wav","True"
"221874","IFA_63_21_2501.wav","an arabiensis","data\audio\221874.wav","True"
"221927","IFA_63_22_2502.wav","culex pipiens complex","data\audio\221927.wav","True"
"221940","IFA_63_23_2503.wav","culex pipiens complex","data\audio\221940.wav","True"
"221939","IFA_63_23_2503.wav","culex pipiens complex","data\audio\221939.wav","True"
"221952","IFA_63_24_2504.wav","an arabiensis","data\audio\221952.wav","True"
"221905","IFA_63_27_2507.wav","culex pipiens complex","data\audio\221905.wav","True"
"221902","IFA_63_27_2507.wav","culex pipiens complex","data\audio\221902.wav","True"
"221903","IFA_63_27_2507.wav","culex pipiens complex","data\audio\221903.wav","True"
"221904","IFA_63_27_2507.wav","culex pipiens complex","data\audio\221904.wav","True"
"221924","IFA_63_28_2508.wav","an arabiensis","data\audio\221924.wav","True"
"221925","IFA_63_28_2508.wav","an arabiensis","data\audio\221925.wav","True"
"221879","IFA_63_29_2509.wav","an arabiensis","data\audio\221879.wav","True"
"221878","IFA_63_29_2509.wav","an arabiensis","data\audio\221878.wav","True"
"221898","IFA_63_33_2513.wav","an arabiensis","data\audio\221898.wav","True"
"221900","IFA_63_33_2513.wav","an arabiensis","data\audio\221900.wav","True"
"221899","IFA_63_33_2513.wav","an arabiensis","data\audio\221899.wav","True"
"221901","IFA_63_33_2513.wav","an arabiensis","data\audio\221901.wav","True"
"221932","IFA_63_34_2514.wav","an arabiensis","data\audio\221932.wav","True"
"221923","IFA_63_36_2516.wav","culex pipiens complex","data\audio\221923.wav","True"
"221922","IFA_63_36_2516.wav","culex pipiens complex","data\audio\221922.wav","True"
"221945","IFA_63_37_2517.wav","culex pipiens complex","data\audio\221945.wav","True"
"221934","IFA_63_38_2518.wav","an arabiensis","data\audio\221934.wav","True"
"221933","IFA_63_38_2518.wav","an arabiensis","data\audio\221933.wav","True"
"221935","IFA_63_38_2518.wav","an arabiensis","data\audio\221935.wav","True"
"221882","IFA_63_40_2520.wav","an arabiensis","data\audio\221882.wav","True"
"221883","IFA_63_40_2520.wav","an arabiensis","data\audio\221883.wav","True"
"221971","IFA_64_10_2530.wav","an arabiensis","data\audio\221971.wav","True"
"221973","IFA_64_10_2530.wav","an arabiensis","data\audio\221973.wav","True"
"221972","IFA_64_10_2530.wav","an arabiensis","data\audio\221972.wav","True"
"221984","IFA_64_11_2531.wav","an arabiensis","data\audio\221984.wav","True"
"221989","IFA_64_12_2532.wav","an arabiensis","data\audio\221989.wav","True"
"221990","IFA_64_12_2532.wav","an arabiensis","data\audio\221990.wav","True"
"221980","IFA_64_13_2533.wav","an arabiensis","data\audio\221980.wav","True"
"221981","IFA_64_13_2533.wav","an arabiensis","data\audio\221981.wav","True"
"221964","IFA_64_14_2534.wav","an arabiensis","data\audio\221964.wav","True"
"221974","IFA_64_17_2537.wav","an arabiensis","data\audio\221974.wav","True"
"221992","IFA_64_22_2542.wav","an arabiensis","data\audio\221992.wav","True"
"221991","IFA_64_22_2542.wav","an arabiensis","data\audio\221991.wav","True"
"221975","IFA_64_23_2543.wav","culex pipiens complex","data\audio\221975.wav","True"
"222059","IFA_64_30_2550.wav","an arabiensis","data\audio\222059.wav","False"
"222058","IFA_64_30_2550.wav","an arabiensis","data\audio\222058.wav","False"
"222043","IFA_64_31_2551.wav","an arabiensis","data\audio\222043.wav","False"
"222042","IFA_64_31_2551.wav","an arabiensis","data\audio\222042.wav","False"
"222008","IFA_64_32_2552.wav","an arabiensis","data\audio\222008.wav","True"
"222036","IFA_64_33_2553.wav","an arabiensis","data\audio\222036.wav","False"
"222035","IFA_64_33_2553.wav","an arabiensis","data\audio\222035.wav","False"
"222034","IFA_64_34_2554.wav","an arabiensis","data\audio\222034.wav","False"
"222033","IFA_64_34_2554.wav","an arabiensis","data\audio\222033.wav","False"
"222032","IFA_64_34_2554.wav","an arabiensis","data\audio\222032.wav","False"
"222020","IFA_64_35_2555.wav","an arabiensis","data\audio\222020.wav","True"
"222021","IFA_64_35_2555.wav","an arabiensis","data\audio\222021.wav","False"
"222039","IFA_64_36_2556.wav","an arabiensis","data\audio\222039.wav","False"
"222038","IFA_64_36_2556.wav","an arabiensis","data\audio\222038.wav","False"
"222037","IFA_64_36_2556.wav","an arabiensis","data\audio\222037.wav","False"
"222040","IFA_64_36_2556.wav","an arabiensis","data\audio\222040.wav","False"
"222019","IFA_64_37_2557.wav","an arabiensis","data\audio\222019.wav","True"
"222026","IFA_64_38_2558.wav","an arabiensis","data\audio\222026.wav","False"
"222046","IFA_64_39_2559.wav","an arabiensis","data\audio\222046.wav","False"
"222024","IFA_64_40_2560.wav","an arabiensis","data\audio\222024.wav","False"
"222025","IFA_64_40_2560.wav","an arabiensis","data\audio\222025.wav","False"
"222051","IFA_65_10_2570.wav","an arabiensis","data\audio\222051.wav","False"
"222050","IFA_65_10_2570.wav","an arabiensis","data\audio\222050.wav","False"
"222049","IFA_65_10_2570.wav","an arabiensis","data\audio\222049.wav","False"
"222017","IFA_65_11_2571.wav","an arabiensis","data\audio\222017.wav","True"
"222016","IFA_65_11_2571.wav","an arabiensis","data\audio\222016.wav","True"
"222061","IFA_65_12_2572.wav","an arabiensis","data\audio\222061.wav","False"
"222060","IFA_65_12_2572.wav","an arabiensis","data\audio\222060.wav","False"
"222053","IFA_65_13_2573.wav","an arabiensis","data\audio\222053.wav","False"
"222052","IFA_65_13_2573.wav","an arabiensis","data\audio\222052.wav","False"
"222007","IFA_65_15_2575.wav","an arabiensis","data\audio\222007.wav","True"
"222041","IFA_65_21_2581.wav","an arabiensis","data\audio\222041.wav","False"
"222013","IFA_65_23_2583.wav","culex pipiens complex","data\audio\222013.wav","True"
"222014","IFA_65_23_2583.wav","culex pipiens complex","data\audio\222014.wav","True"
"222056","IFA_65_24_2584.wav","an arabiensis","data\audio\222056.wav","False"
"222018","IFA_65_25_2585.wav","an arabiensis","data\audio\222018.wav","True"
"221995","IFA_65_28_2588.wav","an arabiensis","data\audio\221995.wav","True"
"222045","IFA_65_33_2593.wav","culex pipiens complex","data\audio\222045.wav","False"
"222004","IFA_65_34_2594.wav","culex pipiens complex","data\audio\222004.wav","True"
"222002","IFA_65_34_2594.wav","culex pipiens complex","data\audio\222002.wav","True"
"222003","IFA_65_34_2594.wav","culex pipiens complex","data\audio\222003.wav","True"
"222064","IFA_65_35_2595.wav","culex pipiens complex","data\audio\222064.wav","False"
"222048","IFA_65_37_2597.wav","culex pipiens complex","data\audio\222048.wav","False"
"222047","IFA_65_37_2597.wav","culex pipiens complex","data\audio\222047.wav","False"
"222063","IFA_65_38_2598.wav","culex pipiens complex","data\audio\222063.wav","False"
"222062","IFA_65_38_2598.wav","culex pipiens complex","data\audio\222062.wav","False"
"222055","IFA_65_39_2599.wav","culex pipiens complex","data\audio\222055.wav","False"
"222054","IFA_65_39_2599.wav","culex pipiens complex","data\audio\222054.wav","False"
"222069","IFA_65_40_2600.wav","an arabiensis","data\audio\222069.wav","False"
"222072","IFA_66_10_2610.wav","an arabiensis","data\audio\222072.wav","False"
"222071","IFA_66_10_2610.wav","an arabiensis","data\audio\222071.wav","False"
"222070","IFA_66_10_2610.wav","an arabiensis","data\audio\222070.wav","False"
"222073","IFA_66_11_2611.wav","an arabiensis","data\audio\222073.wav","False"
"222075","IFA_66_12_2612.wav","an arabiensis","data\audio\222075.wav","False"
"222074","IFA_66_13_2613.wav","an arabiensis","data\audio\222074.wav","False"
"222065","IFA_66_14_2614.wav","an arabiensis","data\audio\222065.wav","False"
"222067","IFA_66_15_2615.wav","an arabiensis","data\audio\222067.wav","False"
"222068","IFA_66_16_2616.wav","an arabiensis","data\audio\222068.wav","False"
"222066","IFA_66_17_2617.wav","an arabiensis","data\audio\222066.wav","False"
"222105","IFA_66_18_2618.wav","an arabiensis","data\audio\222105.wav","False"
"222107","IFA_66_19_2619.wav","an arabiensis","data\audio\222107.wav","False"
"222087","IFA_66_20_2620.wav","an arabiensis","data\audio\222087.wav","False"
"222088","IFA_66_21_2621.wav","an arabiensis","data\audio\222088.wav","False"
"222136","IFA_66_22_2622.wav","an arabiensis","data\audio\222136.wav","False"
"222095","IFA_66_23_2623.wav","an arabiensis","data\audio\222095.wav","False"
"222094","IFA_66_25_2625.wav","an arabiensis","data\audio\222094.wav","False"
"222093","IFA_66_26_2626.wav","an arabiensis","data\audio\222093.wav","False"
"222127","IFA_66_27_2627.wav","an arabiensis","data\audio\222127.wav","False"
"222119","IFA_66_28_2628.wav","an arabiensis","data\audio\222119.wav","False"
"222129","IFA_66_29_2629.wav","an arabiensis","data\audio\222129.wav","False"
"222118","IFA_66_30_2630.wav","an arabiensis","data\audio\222118.wav","False"
"222091","IFA_66_32_2632.wav","an arabiensis","data\audio\222091.wav","False"
"222100","IFA_66_33_2633.wav","an arabiensis","data\audio\222100.wav","False"
"222092","IFA_66_34_2634.wav","an arabiensis","data\audio\222092.wav","False"
"222090","IFA_66_36_2636.wav","an arabiensis","data\audio\222090.wav","False"
"222089","IFA_66_36_2636.wav","an arabiensis","data\audio\222089.wav","False"
"222116","IFA_66_38_2638.wav","an arabiensis","data\audio\222116.wav","False"
"222117","IFA_66_38_2638.wav","an arabiensis","data\audio\222117.wav","False"
"222112","IFA_66_39_2639.wav","an arabiensis","data\audio\222112.wav","False"
"222126","IFA_67_10_2650.wav","an arabiensis","data\audio\222126.wav","False"
"222125","IFA_67_10_2650.wav","an arabiensis","data\audio\222125.wav","False"
"222138","IFA_67_11_2651.wav","an arabiensis","data\audio\222138.wav","False"
"222128","IFA_67_12_2652.wav","an arabiensis","data\audio\222128.wav","False"
"222084","IFA_67_15_2655.wav","an arabiensis","data\audio\222084.wav","False"
"222083","IFA_67_15_2655.wav","an arabiensis","data\audio\222083.wav","False"
"222085","IFA_67_15_2655.wav","an arabiensis","data\audio\222085.wav","False"
"222097","IFA_67_17_2657.wav","an arabiensis","data\audio\222097.wav","False"
"222096","IFA_67_17_2657.wav","an arabiensis","data\audio\222096.wav","False"
"222134","IFA_67_19_2659.wav","an arabiensis","data\audio\222134.wav","False"
"222135","IFA_67_19_2659.wav","an arabiensis","data\audio\222135.wav","False"
"222080","IFA_67_20_2660.wav","an arabiensis","data\audio\222080.wav","False"
"222079","IFA_67_20_2660.wav","an arabiensis","data\audio\222079.wav","False"
"222109","IFA_67_21_2661.wav","an arabiensis","data\audio\222109.wav","False"
"222108","IFA_67_21_2661.wav","an arabiensis","data\audio\222108.wav","False"
"222113","IFA_67_23_2663.wav","an arabiensis","data\audio\222113.wav","False"
"222131","IFA_67_24_2664.wav","culex pipiens complex","data\audio\222131.wav","False"
"222130","IFA_67_27_2667.wav","an arabiensis","data\audio\222130.wav","False"
"222115","IFA_67_29_2669.wav","an arabiensis","data\audio\222115.wav","False"
"222114","IFA_67_29_2669.wav","an arabiensis","data\audio\222114.wav","False"
"222227","IFA_68_20_2700.wav","an arabiensis","data\audio\222227.wav","False"
"222164","IFA_68_35_2715.wav","ma uniformis","data\audio\222164.wav","False"
"222163","IFA_68_35_2715.wav","ma uniformis","data\audio\222163.wav","False"
"222165","IFA_68_35_2715.wav","ma uniformis","data\audio\222165.wav","False"
"222203","IFA_68_40_2720.wav","an arabiensis","data\audio\222203.wav","False"
"222189","IFA_69_13_2733.wav","an arabiensis","data\audio\222189.wav","False"
"222182","IFA_69_14_2734.wav","ma uniformis","data\audio\222182.wav","False"
"222183","IFA_69_14_2734.wav","ma uniformis","data\audio\222183.wav","False"
"222179","IFA_69_15_2735.wav","culex pipiens complex","data\audio\222179.wav","False"
"222225","IFA_69_21_2741.wav","culex pipiens complex","data\audio\222225.wav","False"
"222226","IFA_69_21_2741.wav","culex pipiens complex","data\audio\222226.wav","False"
"222176","IFA_69_23_2743.wav","culex pipiens complex","data\audio\222176.wav","False"
"222221","IFA_69_25_2745.wav","an arabiensis","data\audio\222221.wav","False"
"222256","IFA_69_26_2746.wav","an arabiensis","data\audio\222256.wav","False"
"222262","IFA_69_28_2748.wav","culex pipiens complex","data\audio\222262.wav","False"
"222261","IFA_69_28_2748.wav","culex pipiens complex","data\audio\222261.wav","False"
"222250","IFA_69_29_2749.wav","an arabiensis","data\audio\222250.wav","False"
"222251","IFA_69_29_2749.wav","an arabiensis","data\audio\222251.wav","False"
"222239","IFA_69_32_2752.wav","an arabiensis","data\audio\222239.wav","False"
"222267","IFA_69_33_2753.wav","an arabiensis","data\audio\222267.wav","False"
"222244","IFA_69_35_2755.wav","an arabiensis","data\audio\222244.wav","False"
"222243","IFA_69_35_2755.wav","an arabiensis","data\audio\222243.wav","False"
"222242","IFA_69_35_2755.wav","an arabiensis","data\audio\222242.wav","False"
"222248","IFA_70_10_2770.wav","an arabiensis","data\audio\222248.wav","False"
"222266","IFA_70_11_2771.wav","an arabiensis","data\audio\222266.wav","False"
"222265","IFA_70_11_2771.wav","an arabiensis","data\audio\222265.wav","False"
"222264","IFA_70_11_2771.wav","an arabiensis","data\audio\222264.wav","False"
"222245","IFA_70_12_2772.wav","an arabiensis","data\audio\222245.wav","False"
"222241","IFA_70_16_2776.wav","an arabiensis","data\audio\222241.wav","False"
"222260","IFA_70_19_2779.wav","culex pipiens complex","data\audio\222260.wav","False"
"222257","IFA_70_20_2780.wav","culex pipiens complex","data\audio\222257.wav","False"
"222238","IFA_70_21_2781.wav","culex pipiens complex","data\audio\222238.wav","False"
"222252","IFA_70_22_2782.wav","culex pipiens complex","data\audio\222252.wav","False"
"222270","IFA_70_26_2786.wav","an arabiensis","data\audio\222270.wav","False"
"222297","IFA_70_29_2789.wav","an arabiensis","data\audio\222297.wav","False"
"222309","IFA_70_32_2792.wav","an arabiensis","data\audio\222309.wav","False"
"222277","IFA_70_33_2793.wav","an arabiensis","data\audio\222277.wav","False"
"222300","IFA_70_34_2794.wav","an arabiensis","data\audio\222300.wav","False"
"222276","IFA_70_35_2795.wav","an arabiensis","data\audio\222276.wav","False"
"222273","IFA_70_36_2796.wav","an arabiensis","data\audio\222273.wav","False"
"222302","IFA_70_38_2798.wav","an arabiensis","data\audio\222302.wav","False"
"222301","IFA_70_38_2798.wav","an arabiensis","data\audio\222301.wav","False"
"222305","IFA_70_39_2799.wav","an arabiensis","data\audio\222305.wav","False"
"222287","IFA_70_40_2800.wav","an arabiensis","data\audio\222287.wav","False"
"222274","IFA_71_10_2810.wav","an arabiensis","data\audio\222274.wav","False"
"222290","IFA_71_12_2812.wav","an arabiensis","data\audio\222290.wav","False"
"222294","IFA_71_13_2813.wav","an arabiensis","data\audio\222294.wav","False"
"222293","IFA_71_13_2813.wav","an arabiensis","data\audio\222293.wav","False"
"222295","IFA_71_13_2813.wav","an arabiensis","data\audio\222295.wav","False"
"222296","IFA_71_13_2813.wav","an arabiensis","data\audio\222296.wav","False"
"222308","IFA_71_17_2817.wav","culex pipiens complex","data\audio\222308.wav","False"
"222307","IFA_71_17_2817.wav","culex pipiens complex","data\audio\222307.wav","False"
"222272","IFA_71_20_2820.wav","culex pipiens complex","data\audio\222272.wav","False"
"222343","IFA_71_23_2823.wav","an arabiensis","data\audio\222343.wav","False"
"222353","IFA_71_25_2825.wav","an arabiensis","data\audio\222353.wav","False"
"222352","IFA_71_25_2825.wav","an arabiensis","data\audio\222352.wav","False"
"222351","IFA_71_25_2825.wav","an arabiensis","data\audio\222351.wav","False"
"222349","IFA_71_26_2826.wav","an arabiensis","data\audio\222349.wav","False"
"222346","IFA_71_28_2828.wav","an arabiensis","data\audio\222346.wav","False"
"222345","IFA_71_28_2828.wav","an arabiensis","data\audio\222345.wav","False"
"222340","IFA_71_30_2830.wav","an arabiensis","data\audio\222340.wav","False"
"222348","IFA_71_35_2835.wav","an arabiensis","data\audio\222348.wav","False"
"222314","IFA_72_12_2852.wav","an arabiensis","data\audio\222314.wav","False"
"222326","IFA_72_13_2853.wav","an arabiensis","data\audio\222326.wav","False"
"222317","IFA_72_14_2854.wav","an arabiensis","data\audio\222317.wav","False"
"222330","IFA_72_15_2855.wav","an arabiensis","data\audio\222330.wav","False"
"222310","IFA_72_17_2857.wav","an arabiensis","data\audio\222310.wav","False"
"222318","IFA_72_19_2859.wav","culex pipiens complex","data\audio\222318.wav","False"
"222327","IFA_72_20_2860.wav","an arabiensis","data\audio\222327.wav","False"
"222312","IFA_72_21_2861.wav","an arabiensis","data\audio\222312.wav","False"
"222324","IFA_72_26_2866.wav","an arabiensis","data\audio\222324.wav","False"
"222329","IFA_72_28_2868.wav","culex pipiens complex","data\audio\222329.wav","False"
"222334","IFA_72_33_2873.wav","an arabiensis","data\audio\222334.wav","False"
"222313","IFA_72_35_2875.wav","culex pipiens complex","data\audio\222313.wav","False"
"222325","IFA_72_36_2876.wav","culex pipiens complex","data\audio\222325.wav","False"
"222383","IFA_72_37_2877.wav","an arabiensis","data\audio\222383.wav","False"
"222428","IFA_72_39_2879.wav","an arabiensis","data\audio\222428.wav","False"
"222429","IFA_72_40_2880.wav","an arabiensis","data\audio\222429.wav","False"
"222382","IFA_73_10_2890.wav","an arabiensis","data\audio\222382.wav","False"
"222422","IFA_73_11_2891.wav","an arabiensis","data\audio\222422.wav","False"
"222437","IFA_73_12_2892.wav","an arabiensis","data\audio\222437.wav","False"
"222388","IFA_73_13_2893.wav","an arabiensis","data\audio\222388.wav","False"
"222387","IFA_73_13_2893.wav","an arabiensis","data\audio\222387.wav","False"
"222389","IFA_73_13_2893.wav","an arabiensis","data\audio\222389.wav","False"
"222370","IFA_73_14_2894.wav","an arabiensis","data\audio\222370.wav","False"
"222379","IFA_73_15_2895.wav","an arabiensis","data\audio\222379.wav","False"
"222416","IFA_73_16_2896.wav","an arabiensis","data\audio\222416.wav","False"
"222362","IFA_73_17_2897.wav","an arabiensis","data\audio\222362.wav","False"
"222364","IFA_73_18_2898.wav","an arabiensis","data\audio\222364.wav","False"
"222363","IFA_73_18_2898.wav","an arabiensis","data\audio\222363.wav","False"
"222397","IFA_73_20_2900.wav","an arabiensis","data\audio\222397.wav","False"
"222396","IFA_73_20_2900.wav","an arabiensis","data\audio\222396.wav","False"
"222395","IFA_73_20_2900.wav","an arabiensis","data\audio\222395.wav","False"
"222366","IFA_73_21_2901.wav","an arabiensis","data\audio\222366.wav","False"
"222408","IFA_73_22_2902.wav","an arabiensis","data\audio\222408.wav","False"
"222400","IFA_73_24_2904.wav","an arabiensis","data\audio\222400.wav","False"
"222434","IFA_73_27_2907.wav","an arabiensis","data\audio\222434.wav","False"
"222435","IFA_73_27_2907.wav","an arabiensis","data\audio\222435.wav","False"
"222436","IFA_73_27_2907.wav","an arabiensis","data\audio\222436.wav","False"
"222409","IFA_73_29_2909.wav","an arabiensis","data\audio\222409.wav","False"
"222410","IFA_73_29_2909.wav","an arabiensis","data\audio\222410.wav","False"
"222433","IFA_73_30_2910.wav","an arabiensis","data\audio\222433.wav","False"
"222368","IFA_73_32_2912.wav","an arabiensis","data\audio\222368.wav","False"
"222367","IFA_73_32_2912.wav","an arabiensis","data\audio\222367.wav","False"
"222369","IFA_73_32_2912.wav","an arabiensis","data\audio\222369.wav","False"
"222378","IFA_73_33_2913.wav","an arabiensis","data\audio\222378.wav","False"
"222377","IFA_73_33_2913.wav","an arabiensis","data\audio\222377.wav","False"
"222357","IFA_73_34_2914.wav","an arabiensis","data\audio\222357.wav","False"
"222398","IFA_73_35_2915.wav","an arabiensis","data\audio\222398.wav","False"
"222414","IFA_73_36_2916.wav","an arabiensis","data\audio\222414.wav","False"
"222372","IFA_73_37_2917.wav","an arabiensis","data\audio\222372.wav","False"
"222411","IFA_73_38_2918.wav","an arabiensis","data\audio\222411.wav","False"
"222402","IFA_73_39_2919.wav","an arabiensis","data\audio\222402.wav","False"
"222401","IFA_73_39_2919.wav","an arabiensis","data\audio\222401.wav","False"
"222425","IFA_73_40_2920.wav","an arabiensis","data\audio\222425.wav","False"
"222360","IFA_74_11_2931.wav","an arabiensis","data\audio\222360.wav","False"
"222359","IFA_74_11_2931.wav","an arabiensis","data\audio\222359.wav","False"
"222431","IFA_74_12_2932.wav","an arabiensis","data\audio\222431.wav","False"
"222381","IFA_74_13_2933.wav","an arabiensis","data\audio\222381.wav","False"
"222361","IFA_74_14_2934.wav","an arabiensis","data\audio\222361.wav","False"
"222426","IFA_74_15_2935.wav","an arabiensis","data\audio\222426.wav","False"
"222424","IFA_74_18_2938.wav","culex pipiens complex","data\audio\222424.wav","False"
"222438","IFA_74_19_2939.wav","an arabiensis","data\audio\222438.wav","False"
"222371","IFA_74_20_2940.wav","an arabiensis","data\audio\222371.wav","False"
"222427","IFA_74_21_2941.wav","an arabiensis","data\audio\222427.wav","False"
"222420","IFA_74_22_2942.wav","culex pipiens complex","data\audio\222420.wav","False"
"222418","IFA_74_26_2946.wav","culex pipiens complex","data\audio\222418.wav","False"
"222419","IFA_74_26_2946.wav","culex pipiens complex","data\audio\222419.wav","False"
"222417","IFA_74_29_2949.wav","an arabiensis","data\audio\222417.wav","False"
"222430","IFA_74_33_2953.wav","culex pipiens complex","data\audio\222430.wav","False"
"222376","IFA_74_34_2954.wav","an arabiensis","data\audio\222376.wav","False"
"222423","IFA_74_35_2955.wav","culex pipiens complex","data\audio\222423.wav","False"
"222432","IFA_74_36_2956.wav","an arabiensis","data\audio\222432.wav","False"
"222415","IFA_74_38_2958.wav","an arabiensis","data\audio\222415.wav","False"
"222391","IFA_74_39_2959.wav","culex pipiens complex","data\audio\222391.wav","False"
"222421","IFA_74_40_2960.wav","culex pipiens complex","data\audio\222421.wav","False"
"222506","IFA_75_11_2971.wav","an arabiensis","data\audio\222506.wav","False"
"222485","IFA_75_13_2973.wav","an arabiensis","data\audio\222485.wav","False"
"222502","IFA_75_14_2974.wav","an arabiensis","data\audio\222502.wav","False"
"222495","IFA_75_15_2975.wav","an arabiensis","data\audio\222495.wav","False"
"222484","IFA_75_16_2976.wav","ma uniformis","data\audio\222484.wav","False"
"222459","IFA_75_17_2977.wav","an arabiensis","data\audio\222459.wav","False"
"222509","IFA_75_19_2979.wav","an arabiensis","data\audio\222509.wav","False"
"222475","IFA_75_20_2980.wav","an arabiensis","data\audio\222475.wav","False"
"222445","IFA_75_21_2981.wav","culex pipiens complex","data\audio\222445.wav","False"
"222498","IFA_75_22_2982.wav","an arabiensis","data\audio\222498.wav","False"
"222499","IFA_75_22_2982.wav","an arabiensis","data\audio\222499.wav","False"
"222474","IFA_75_24_2984.wav","ma uniformis","data\audio\222474.wav","False"
"222453","IFA_75_25_2985.wav","an arabiensis","data\audio\222453.wav","False"
"222500","IFA_75_26_2986.wav","an arabiensis","data\audio\222500.wav","False"
"222518","IFA_75_27_2987.wav","an arabiensis","data\audio\222518.wav","False"
"222447","IFA_75_28_2988.wav","culex pipiens complex","data\audio\222447.wav","False"
"222449","IFA_75_28_2988.wav","culex pipiens complex","data\audio\222449.wav","False"
"222448","IFA_75_28_2988.wav","culex pipiens complex","data\audio\222448.wav","False"
"222489","IFA_75_29_2989.wav","an arabiensis","data\audio\222489.wav","False"
"222508","IFA_75_30_2990.wav","culex pipiens complex","data\audio\222508.wav","False"
"222507","IFA_75_30_2990.wav","culex pipiens complex","data\audio\222507.wav","False"
"222483","IFA_75_31_2991.wav","an arabiensis","data\audio\222483.wav","False"
"222496","IFA_75_32_2992.wav","an arabiensis","data\audio\222496.wav","False"
"222460","IFA_75_33_2993.wav","an arabiensis","data\audio\222460.wav","False"
"222452","IFA_75_34_2994.wav","an arabiensis","data\audio\222452.wav","False"
"222443","IFA_75_35_2995.wav","an arabiensis","data\audio\222443.wav","False"
"222444","IFA_75_35_2995.wav","an arabiensis","data\audio\222444.wav","False"
"222458","IFA_75_36_2996.wav","an arabiensis","data\audio\222458.wav","False"
"222450","IFA_75_38_2998.wav","an arabiensis","data\audio\222450.wav","False"
"222504","IFA_75_39_2999.wav","an arabiensis","data\audio\222504.wav","False"
"222468","IFA_75_40_3000.wav","an arabiensis","data\audio\222468.wav","False"
"222467","IFA_75_40_3000.wav","an arabiensis","data\audio\222467.wav","False"
"222469","IFA_75_40_3000.wav","an arabiensis","data\audio\222469.wav","False"
"222524","IFA_76_11_3011.wav","an arabiensis","data\audio\222524.wav","False"
"222491","IFA_76_12_3012.wav","culex pipiens complex","data\audio\222491.wav","False"
"222490","IFA_76_12_3012.wav","culex pipiens complex","data\audio\222490.wav","False"
"222511","IFA_76_13_3013.wav","an arabiensis","data\audio\222511.wav","False"
"222473","IFA_76_14_3014.wav","culex pipiens complex","data\audio\222473.wav","False"
"222497","IFA_76_15_3015.wav","an arabiensis","data\audio\222497.wav","False"
"222505","IFA_76_16_3016.wav","an arabiensis","data\audio\222505.wav","False"
"222441","IFA_76_17_3017.wav","an arabiensis","data\audio\222441.wav","False"
"222512","IFA_76_18_3018.wav","an arabiensis","data\audio\222512.wav","False"
"222442","IFA_76_20_3020.wav","ma uniformis","data\audio\222442.wav","False"
"222519","IFA_76_21_3021.wav","an arabiensis","data\audio\222519.wav","False"
"222523","IFA_76_21_3021.wav","an arabiensis","data\audio\222523.wav","False"
"222522","IFA_76_21_3021.wav","an arabiensis","data\audio\222522.wav","False"
"222520","IFA_76_21_3021.wav","an arabiensis","data\audio\222520.wav","False"
"222521","IFA_76_21_3021.wav","an arabiensis","data\audio\222521.wav","False"
"222513","IFA_76_22_3022.wav","an arabiensis","data\audio\222513.wav","False"
"222482","IFA_76_23_3023.wav","an arabiensis","data\audio\222482.wav","False"
"222464","IFA_76_24_3024.wav","ma uniformis","data\audio\222464.wav","False"
"222486","IFA_76_25_3025.wav","culex pipiens complex","data\audio\222486.wav","False"
"222451","IFA_76_26_3026.wav","an arabiensis","data\audio\222451.wav","False"
"222492","IFA_76_27_3027.wav","culex pipiens complex","data\audio\222492.wav","False"
"222494","IFA_76_27_3027.wav","culex pipiens complex","data\audio\222494.wav","False"
"222493","IFA_76_27_3027.wav","culex pipiens complex","data\audio\222493.wav","False"
"222465","IFA_76_28_3028.wav","an arabiensis","data\audio\222465.wav","False"
"222466","IFA_76_28_3028.wav","an arabiensis","data\audio\222466.wav","False"
"222487","IFA_76_29_3029.wav","culex pipiens complex","data\audio\222487.wav","False"
"222488","IFA_76_29_3029.wav","culex pipiens complex","data\audio\222488.wav","False"
"222462","IFA_76_32_3032.wav","an arabiensis","data\audio\222462.wav","False"
"222461","IFA_76_32_3032.wav","an arabiensis","data\audio\222461.wav","False"
"222463","IFA_76_32_3032.wav","an arabiensis","data\audio\222463.wav","False"
"222515","IFA_76_33_3033.wav","ma uniformis","data\audio\222515.wav","False"
"222514","IFA_76_33_3033.wav","ma uniformis","data\audio\222514.wav","False"
"222516","IFA_76_33_3033.wav","ma uniformis","data\audio\222516.wav","False"
"222517","IFA_76_33_3033.wav","ma uniformis","data\audio\222517.wav","False"
"222457","IFA_76_34_3034.wav","an arabiensis","data\audio\222457.wav","False"
"222456","IFA_76_34_3034.wav","an arabiensis","data\audio\222456.wav","False"
"222454","IFA_76_35_3035.wav","an arabiensis","data\audio\222454.wav","False"
"222455","IFA_76_35_3035.wav","an arabiensis","data\audio\222455.wav","False"
"222501","IFA_76_36_3036.wav","culex pipiens complex","data\audio\222501.wav","False"
"222477","IFA_76_38_3038.wav","an arabiensis","data\audio\222477.wav","False"
"222476","IFA_76_38_3038.wav","an arabiensis","data\audio\222476.wav","False"
"222446","IFA_76_39_3039.wav","culex pipiens complex","data\audio\222446.wav","False"
