source_identifier,filename,kind,species,label,sex,sex_token,day_token,temperature_token,apparatus_token,microphone_variant,cut_token,individual_id,session_id,original_recording_id,independent_group_identifier,group_evidence,duration_seconds,sample_rate,channels,subtype,frames,file_sha256,pcm_sha256,partition,candidate_partition,exclusion_reason,baseline_duration_eligible,local_path
1CcT02aUM_-atZ6Tb5v-L1aoBWDZZlb0E,Ae.Aegypti_1F_21D_25C_SmallCylinder_cut10_16bit.wav,mosquito,Aedes aegypti,aedes_aegypti,F,1F,21D,25C,SmallCylinder,unmarked,cut10,,,,ae.aegypti_1f_21d_25c_smallcylinder,inferred_filename_source_family; merges cuts and microphone variants; individual/session identity UNKNOWN,0.86,8000,1,PCM_16,6880,517107f80ca2cd70bbb3f3f550be72318fe7082c7b8b47319b606a3034824bd9,ca9fa967be5feb6090fa1143474694d7fcdc26019fba75bfce85b4e27dbaa20f,testing,testing,HOLD: source-family grouping is not verified individual/session independence; shorter than original 1-second context; no padding/looping/concatenation authorized,False,raw/mosquito/Ae.Aegypti_1F_21D_25C_SmallCylinder_cut10_16bit.wav
1Bwq3GiukIXWS5eXzdJ7dqH04uDqA2jtP,Ae.Aegypti_1F_21D_25C_SmallCylinder_cut11_16bit.wav,mosquito,Aedes aegypti,aedes_aegypti,F,1F,21D,25C,SmallCylinder,unmarked,cut11,,,,ae.aegypti_1f_21d_25c_smallcylinder,inferred_filename_source_family; merges cuts and microphone variants; individual/session identity UNKNOWN,0.562,8000,1,PCM_16,4496,8607852d3659de0399fb4588912c46f462507c1a12e37db4995316b556268518,62eb9ae9e69be06ac2782cb889ba38277caa56dfd594cf6a6095973102034733,testing,testing,HOLD: source-family grouping is not verified individual/session independence; shorter than original 1-second context; no padding/looping/concatenation authorized,False,raw/mosquito/Ae.Aegypti_1F_21D_25C_SmallCylinder_cut11_16bit.wav
1FpcPK-lUXcU1g1mDuznHpGmo5E0ey-qM,Ae.Aegypti_1F_21D_25C_SmallCylinder_cut12_16bit.wav,mosquito,Aedes aegypti,aedes_aegypti,F,1F,21D,25C,SmallCylinder,unmarked,cut12,,,,ae.aegypti_1f_21d_25c_smallcylinder,inferred_filename_source_family; merges cuts and microphone variants; individual/session identity UNKNOWN,0.607,8000,1,PCM_16,4856,9d07d55aeb382328509ac749fba97088560105571bc2eb5cac29fb42f975c734,50041eb3c0059b58a661f8cc8693f39226d6722146c2cc20cdcb6f77a843d5c9,testing,testing,HOLD: source-family grouping is not verified individual/session independence; shorter than original 1-second context; no padding/looping/concatenation authorized,False,raw/mosquito/Ae.Aegypti_1F_21D_25C_SmallCylinder_cut12_16bit.wav
1SS434g-01vrMEWbtRRLBW0O55Sm5W3w0,Ae.Aegypti_1F_21D_25C_SmallCylinder_cut13_16bit.wav,mosquito,Aedes aegypti,aedes_aegypti,F,1F,21D,25C,SmallCylinder,unmarked,cut13,,,,ae.aegypti_1f_21d_25c_smallcylinder,inferred_filename_source_family; merges cuts and microphone variants; individual/session identity UNKNOWN,0.684,8000,1,PCM_16,5472,dc02583e9da2b63b5992fd1f2ec5eabc712fa3077563e1a7bc59a1a4668ef72b,4975b069ceaed42685375cd731b2660ae78adcb155a9da5c928de2a0d191299b,testing,testing,HOLD: source-family grouping is not verified individual/session independence; shorter than original 1-second context; no padding/looping/concatenation authorized,False,raw/mosquito/Ae.Aegypti_1F_21D_25C_SmallCylinder_cut13_16bit.wav
1ZzeYlrrO7xZOItxtXXyAlbnz6FwQULr0,Ae.Aegypti_1F_21D_25C_SmallCylinder_cut14_16bit.wav,mosquito,Aedes aegypti,aedes_aegypti,F,1F,21D,25C,SmallCylinder,unmarked,cut14,,,,ae.aegypti_1f_21d_25c_smallcylinder,inferred_filename_source_family; merges cuts and microphone variants; individual/session identity UNKNOWN,0.879,8000,1,PCM_16,7032,df98c4bd2ca30724552bf54cbc63495c387c364bc673c361e3f241e6b725be3d,98b2edd314b8b8bb3f1cffa101419cf4c1d85cb4a29a846b5fba6a823c41d97f,testing,testing,HOLD: source-family grouping is not verified individual/session independence; shorter than original 1-second context; no padding/looping/concatenation authorized,False,raw/mosquito/Ae.Aegypti_1F_21D_25C_SmallCylinder_cut14_16bit.wav
1pTcxUuuHsQJ7REd1QKd_FBaKKkozYA42,Ae.Aegypti_1F_21D_25C_SmallCylinder_cut15_16bit.wav,mosquito,Aedes aegypti,aedes_aegypti,F,1F,21D,25C,SmallCylinder,unmarked,cut15,,,,ae.aegypti_1f_21d_25c_smallcylinder,inferred_filename_source_family; merges cuts and microphone variants; individual/session identity UNKNOWN,0.986,8000,1,PCM_16,7888,075753ebbe8efbf28456a7bdc4e58c98d62d49a2a602eac0a2e885850917a5d8,96e6f518e4950179e03d5fafe41d8894f63bdf1e61bf4a409f8bf2195ed22bff,testing,testing,HOLD: source-family grouping is not verified individual/session independence; shorter than original 1-second context; no padding/looping/concatenation authorized,False,raw/mosquito/Ae.Aegypti_1F_21D_25C_SmallCylinder_cut15_16bit.wav
18r-dvCdzHdfIQXDlZIRNVpeKLUqbJU0F,Ae.Aegypti_1F_21D_25C_SmallCylinder_cut16_16bit.wav,mosquito,Aedes aegypti,aedes_aegypti,F,1F,21D,25C,SmallCylinder,unmarked,cut16,,,,ae.aegypti_1f_21d_25c_smallcylinder,inferred_filename_source_family; merges cuts and microphone variants; individual/session identity UNKNOWN,0.775,8000,1,PCM_16,6200,f41f01cbcb9ee3303330690b7cfec9535a63afa0da7c1195ba1cad9246218785,4764288e10bc72bc51b44af9fe58ed68d1586d03d2766187de2a6b01867f7f52,testing,testing,HOLD: source-family grouping is not verified individual/session independence; shorter than original 1-second context; no padding/looping/concatenation authorized,False,raw/mosquito/Ae.Aegypti_1F_21D_25C_SmallCylinder_cut16_16bit.wav
1SaU_WdHrub_-CyReVEYlc2ZLgi1QI6-c,Ae.Aegypti_1F_21D_25C_SmallCylinder_cut17_16bit.wav,mosquito,Aedes aegypti,aedes_aegypti,F,1F,21D,25C,SmallCylinder,unmarked,cut17,,,,ae.aegypti_1f_21d_25c_smallcylinder,inferred_filename_source_family; merges cuts and microphone variants; individual/session identity UNKNOWN,0.688,8000,1,PCM_16,5504,c35529901e524e718781cd2cce815540570673d2c2001c08cc925b8b8809848e,380c1acf72d44f0b7cc64d49b4ff045d3fab18b3d8ad081c664f9e78dccab9dc,testing,testing,HOLD: source-family grouping is not verified individual/session independence; shorter than original 1-second context; no padding/looping/concatenation authorized,False,raw/mosquito/Ae.Aegypti_1F_21D_25C_SmallCylinder_cut17_16bit.wav
1USErs2mHdDtuUFeMx1Bmx8oqBSd7DdDW,Ae.Aegypti_1F_21D_25C_SmallCylinder_cut18_16bit.wav,mosquito,Aedes aegypti,aedes_aegypti,F,1F,21D,25C,SmallCylinder,unmarked,cut18,,,,ae.aegypti_1f_21d_25c_smallcylinder,inferred_filename_source_family; merges cuts and microphone variants; individual/session identity UNKNOWN,0.646,8000,1,PCM_16,5168,9858cac9b60d0457fd0ac2348d5389c935fac48f3bf7c72619bd17527273bd9c,b64a5f0e1070ab99ccc1f4164343003faddf2a09bcf7bd4b3653c74b81083ce3,testing,testing,HOLD: source-family grouping is not verified individual/session independence; shorter than original 1-second context; no padding/looping/concatenation authorized,False,raw/mosquito/Ae.Aegypti_1F_21D_25C_SmallCylinder_cut18_16bit.wav
1sBaZjYnkag8GKikoRNdQByKsserswbQn,Ae.Aegypti_1F_21D_25C_SmallCylinder_cut19_16bit.wav,mosquito,Aedes aegypti,aedes_aegypti,F,1F,21D,25C,SmallCylinder,unmarked,cut19,,,,ae.aegypti_1f_21d_25c_smallcylinder,inferred_filename_source_family; merges cuts and microphone variants; individual/session identity UNKNOWN,0.792,8000,1,PCM_16,6336,44da01a0ca49a8027c76f8e13d0b4bcb89d7a516a9752cacf09d1da92f71d696,b3dcc1af6c84bd3a0d65c384cdfb0409392444f9f8fc74937f9c523a33e5d5aa,testing,testing,HOLD: source-family grouping is not verified individual/session independence; shorter than original 1-second context; no padding/looping/concatenation authorized,False,raw/mosquito/Ae.Aegypti_1F_21D_25C_SmallCylinder_cut19_16bit.wav
1UaSly0KWShhqf56K8gTAqOn598BX_CiI,Ae.Aegypti_1F_21D_25C_SmallCylinder_cut1_16bit.wav,mosquito,Aedes aegypti,aedes_aegypti,F,1F,21D,25C,SmallCylinder,unmarked,cut1,,,,ae.aegypti_1f_21d_25c_smallcylinder,inferred_filename_source_family; merges cuts and microphone variants; individual/session identity UNKNOWN,0.671,8000,1,PCM_16,5368,332dc979a3c9ee07e2f2210abf55f035cf7595af1df56c1ef60025de37710202,5655dd64a9487d4e3d39a2b02ceb1f231a3e41146e36d38f9087a050d7681432,testing,testing,HOLD: source-family grouping is not verified individual/session independence; shorter than original 1-second context; no padding/looping/concatenation authorized,False,raw/mosquito/Ae.Aegypti_1F_21D_25C_SmallCylinder_cut1_16bit.wav
1_jCotC2shsxKmLNjKJi70V68y4Ov1fh_,Ae.Aegypti_1F_21D_25C_SmallCylinder_cut20_16bit.wav,mosquito,Aedes aegypti,aedes_aegypti,F,1F,21D,25C,SmallCylinder,unmarked,cut20,,,,ae.aegypti_1f_21d_25c_smallcylinder,inferred_filename_source_family; merges cuts and microphone variants; individual/session identity UNKNOWN,1.497,8000,1,PCM_16,11976,9be754de7c3fadc6df1715b25e54cb68a4d40c12a017303237fe9cfebf7b4af0,1c515345b3b4b3a3af0fd46bb11d127a3cb5fabdc2edad1e98eaf2da3830c1f8,testing,testing,HOLD: source-family grouping is not verified individual/session independence,True,raw/mosquito/Ae.Aegypti_1F_21D_25C_SmallCylinder_cut20_16bit.wav
1JX0lFAvS-9HNRZHfihnaMKEtRzf9mbyl,Ae.Aegypti_1F_21D_25C_SmallCylinder_cut21_16bit.wav,mosquito,Aedes aegypti,aedes_aegypti,F,1F,21D,25C,SmallCylinder,unmarked,cut21,,,,ae.aegypti_1f_21d_25c_smallcylinder,inferred_filename_source_family; merges cuts and microphone variants; individual/session identity UNKNOWN,0.851,8000,1,PCM_16,6808,5b7bb021d05901df20cfe852d07561451a8da2ce21f1cebf48c4f0bf901924e1,ad1484995b162682e1577ca795d485d94901bd3c5e71b8701a5f81dca3496230,testing,testing,HOLD: source-family grouping is not verified individual/session independence; shorter than original 1-second context; no padding/looping/concatenation authorized,False,raw/mosquito/Ae.Aegypti_1F_21D_25C_SmallCylinder_cut21_16bit.wav
1RXfW6-ssLb8jbXFyGhkB8waUQDigs3tD,Ae.Aegypti_1F_21D_25C_SmallCylinder_cut22_16bit.wav,mosquito,Aedes aegypti,aedes_aegypti,F,1F,21D,25C,SmallCylinder,unmarked,cut22,,,,ae.aegypti_1f_21d_25c_smallcylinder,inferred_filename_source_family; merges cuts and microphone variants; individual/session identity UNKNOWN,0.891,8000,1,PCM_16,7128,8e20eb0658d5994a95f90369abad26d8018901e9c2fa298eb2c6fac73d98a553,be25d8a48d866363348f42655c56f54266527ae0e96b9e61c802a023afb6c851,testing,testing,HOLD: source-family grouping is not verified individual/session independence; shorter than original 1-second context; no padding/looping/concatenation authorized,False,raw/mosquito/Ae.Aegypti_1F_21D_25C_SmallCylinder_cut22_16bit.wav
17-sDw44JFRf65KMKn5azNEm3_hxCRW5I,Ae.Aegypti_1F_21D_25C_SmallCylinder_cut23_16bit.wav,mosquito,Aedes aegypti,aedes_aegypti,F,1F,21D,25C,SmallCylinder,unmarked,cut23,,,,ae.aegypti_1f_21d_25c_smallcylinder,inferred_filename_source_family; merges cuts and microphone variants; individual/session identity UNKNOWN,0.945,8000,1,PCM_16,7560,ad528ac92bf24d24208a570dea63a1f7c2b3c1a8c33210d0c44e18e1aba56b67,7f02951a2263ba6913469e69dcb76d50011f82dff08e8e8cba1ccfe6d47a03bb,testing,testing,HOLD: source-family grouping is not verified individual/session independence; shorter than original 1-second context; no padding/looping/concatenation authorized,False,raw/mosquito/Ae.Aegypti_1F_21D_25C_SmallCylinder_cut23_16bit.wav
11LVNV6AZQjn_APw0UZeSgK5SL83ErdFM,Ae.Aegypti_1F_21D_25C_SmallCylinder_cut24_16bit.wav,mosquito,Aedes aegypti,aedes_aegypti,F,1F,21D,25C,SmallCylinder,unmarked,cut24,,,,ae.aegypti_1f_21d_25c_smallcylinder,inferred_filename_source_family; merges cuts and microphone variants; individual/session identity UNKNOWN,0.716,8000,1,PCM_16,5728,764ee99b41e1f0ec4284eff5b11ce87106100b12820a8ca6d36c47495ed420f4,e8712be55489b5e29f590a5860daadfc56a116e147fe1aa1756724c3f1bc9a38,testing,testing,HOLD: source-family grouping is not verified individual/session independence; shorter than original 1-second context; no padding/looping/concatenation authorized,False,raw/mosquito/Ae.Aegypti_1F_21D_25C_SmallCylinder_cut24_16bit.wav
1iS8qLyGiI2Fc0Br4XtJd4Ny7lJ1C14Wa,Ae.Aegypti_1F_21D_25C_SmallCylinder_cut25_16bit.wav,mosquito,Aedes aegypti,aedes_aegypti,F,1F,21D,25C,SmallCylinder,unmarked,cut25,,,,ae.aegypti_1f_21d_25c_smallcylinder,inferred_filename_source_family; merges cuts and microphone variants; individual/session identity UNKNOWN,1.432,8000,1,PCM_16,11456,28c19fda3f61a6d1775f27dad624d5008d6130d5c70da975cab5d37a43cbcc8f,4fc6e3c755684f313670b8af83867d25c6350d20a999129b8fdabdf2c510ed35,testing,testing,HOLD: source-family grouping is not verified individual/session independence,True,raw/mosquito/Ae.Aegypti_1F_21D_25C_SmallCylinder_cut25_16bit.wav
1gt7ulufQKC6XkMD6BM4qW1DJ64j5Oiwu,Ae.Aegypti_1F_21D_25C_SmallCylinder_cut26_16bit.wav,mosquito,Aedes aegypti,aedes_aegypti,F,1F,21D,25C,SmallCylinder,unmarked,cut26,,,,ae.aegypti_1f_21d_25c_smallcylinder,inferred_filename_source_family; merges cuts and microphone variants; individual/session identity UNKNOWN,0.79,8000,1,PCM_16,6320,ba6bc61de84e78babe7383aa011c6fb50de5d11fb795bd8aa2239cfbda59a19b,96e5b67e02f2951c1e844156df46d5aaf4d3819bd97f4cfa058bbff4c796f7a6,testing,testing,HOLD: source-family grouping is not verified individual/session independence; shorter than original 1-second context; no padding/looping/concatenation authorized,False,raw/mosquito/Ae.Aegypti_1F_21D_25C_SmallCylinder_cut26_16bit.wav
1C7ErGuE-el39G36GpT-hTOt_dhp3H48X,Ae.Aegypti_1F_21D_25C_SmallCylinder_cut27_16bit.wav,mosquito,Aedes aegypti,aedes_aegypti,F,1F,21D,25C,SmallCylinder,unmarked,cut27,,,,ae.aegypti_1f_21d_25c_smallcylinder,inferred_filename_source_family; merges cuts and microphone variants; individual/session identity UNKNOWN,1.301,8000,1,PCM_16,10408,29c20e821a896973622d69d7dbbaca597485e4b48c75bc83042e3d5354cbe67f,3f69083d9b7138fc447946eac6d4b3f462442fba6b825dfefbf8acd5f7f7cda3,testing,testing,HOLD: source-family grouping is not verified individual/session independence,True,raw/mosquito/Ae.Aegypti_1F_21D_25C_SmallCylinder_cut27_16bit.wav
1_KBzjn2Jk-gDjvh1U-dY__BE8-jNvlvw,Ae.Aegypti_1F_21D_25C_SmallCylinder_cut28_16bit.wav,mosquito,Aedes aegypti,aedes_aegypti,F,1F,21D,25C,SmallCylinder,unmarked,cut28,,,,ae.aegypti_1f_21d_25c_smallcylinder,inferred_filename_source_family; merges cuts and microphone variants; individual/session identity UNKNOWN,0.928,8000,1,PCM_16,7424,19cbf9681e2adb0e5ac40af3b34b219b8310690886a178a43cf6a2dec070e2fb,23a92fd392fe6b59d4ec7474c5cd9fc78f17a2a86aadaedc287b4143c50c5d68,testing,testing,HOLD: source-family grouping is not verified individual/session independence; shorter than original 1-second context; no padding/looping/concatenation authorized,False,raw/mosquito/Ae.Aegypti_1F_21D_25C_SmallCylinder_cut28_16bit.wav
18Ub6MIzi1TKxcCdCZIWBi3VFK6v66eTE,Ae.Aegypti_1F_21D_25C_SmallCylinder_cut29_16bit.wav,mosquito,Aedes aegypti,aedes_aegypti,F,1F,21D,25C,SmallCylinder,unmarked,cut29,,,,ae.aegypti_1f_21d_25c_smallcylinder,inferred_filename_source_family; merges cuts and microphone variants; individual/session identity UNKNOWN,0.65,8000,1,PCM_16,5200,905d54e945cc998c783537cc25259e3fe26bdcc307f1416345e32123138cdc5d,8414ce069eac9ebe7eacc324ac7b921dd0f1840ab43c13ad72be62719a0e30ca,testing,testing,HOLD: source-family grouping is not verified individual/session independence; shorter than original 1-second context; no padding/looping/concatenation authorized,False,raw/mosquito/Ae.Aegypti_1F_21D_25C_SmallCylinder_cut29_16bit.wav
1LLtF59T-VprLqAex_OZ78yl4yc14RRKS,Ae.Aegypti_1F_21D_25C_SmallCylinder_cut2_16bit.wav,mosquito,Aedes aegypti,aedes_aegypti,F,1F,21D,25C,SmallCylinder,unmarked,cut2,,,,ae.aegypti_1f_21d_25c_smallcylinder,inferred_filename_source_family; merges cuts and microphone variants; individual/session identity UNKNOWN,1.25,8000,1,PCM_16,10000,1abf28853c14da2d9c3f023b57de4dfb789ebf06128dfa54ec81ff6d9b25e1e3,60c55e0b480cca9ce1dd6cbf7a5d9127fec187c5b918e6da9bec81ad7000fc9e,testing,testing,HOLD: source-family grouping is not verified individual/session independence,True,raw/mosquito/Ae.Aegypti_1F_21D_25C_SmallCylinder_cut2_16bit.wav
1oq5DiyF9cB86a5SY1F-MkNEmA32eM61r,Ae.Aegypti_1F_21D_25C_SmallCylinder_cut30_16bit.wav,mosquito,Aedes aegypti,aedes_aegypti,F,1F,21D,25C,SmallCylinder,unmarked,cut30,,,,ae.aegypti_1f_21d_25c_smallcylinder,inferred_filename_source_family; merges cuts and microphone variants; individual/session identity UNKNOWN,0.909,8000,1,PCM_16,7272,275d3e329065255dd15323c4a289d4673d5f9e129d3fadfe89eeeb5806c44664,32ab573fd58904179f523c940fcc20c60cb8322563a484dacc086c1ddec7813a,testing,testing,HOLD: source-family grouping is not verified individual/session independence; shorter than original 1-second context; no padding/looping/concatenation authorized,False,raw/mosquito/Ae.Aegypti_1F_21D_25C_SmallCylinder_cut30_16bit.wav
1bofM_g6eAKQ-pK6fSFmdr749dElFUDuA,Ae.Aegypti_1F_21D_25C_SmallCylinder_cut31_16bit.wav,mosquito,Aedes aegypti,aedes_aegypti,F,1F,21D,25C,SmallCylinder,unmarked,cut31,,,,ae.aegypti_1f_21d_25c_smallcylinder,inferred_filename_source_family; merges cuts and microphone variants; individual/session identity UNKNOWN,0.87,8000,1,PCM_16,6960,9082945b3e132714a3a3a293f14621a1b66519ebb42dd9f5a464d5c353ffba9f,a29ce90335ed1d166d4c659b9d2e4f45a765594715114adb7e165a8b68f3f164,testing,testing,HOLD: source-family grouping is not verified individual/session independence; shorter than original 1-second context; no padding/looping/concatenation authorized,False,raw/mosquito/Ae.Aegypti_1F_21D_25C_SmallCylinder_cut31_16bit.wav
1533nJKsXiMiXUfdqyhfCSW3uivg6j16C,Ae.Aegypti_1F_21D_25C_SmallCylinder_cut32_16bit.wav,mosquito,Aedes aegypti,aedes_aegypti,F,1F,21D,25C,SmallCylinder,unmarked,cut32,,,,ae.aegypti_1f_21d_25c_smallcylinder,inferred_filename_source_family; merges cuts and microphone variants; individual/session identity UNKNOWN,0.775,8000,1,PCM_16,6200,1a57383fd7d9a1b2196d956b704c79ce208ef67bfedc18a9b534ab2f87632bf8,255a4278709a2ad5082082f0573ce5105905da5bce2db551cdf9c1448f099a87,testing,testing,HOLD: source-family grouping is not verified individual/session independence; shorter than original 1-second context; no padding/looping/concatenation authorized,False,raw/mosquito/Ae.Aegypti_1F_21D_25C_SmallCylinder_cut32_16bit.wav
1a3ROcg03tAZVDK5RbyWP8NYkH3Sh4iu6,Ae.Aegypti_1F_21D_25C_SmallCylinder_cut33_16bit.wav,mosquito,Aedes aegypti,aedes_aegypti,F,1F,21D,25C,SmallCylinder,unmarked,cut33,,,,ae.aegypti_1f_21d_25c_smallcylinder,inferred_filename_source_family; merges cuts and microphone variants; individual/session identity UNKNOWN,1.167,8000,1,PCM_16,9336,d83d409887c1bdb9cebaabfbc6dfe26ed690e1136f30626f5f2ff8f26afc839b,2c77de412912ba032d177e0a1e77452b313f6f8c4f56eea7b3b96e97cf1c1819,testing,testing,HOLD: source-family grouping is not verified individual/session independence,True,raw/mosquito/Ae.Aegypti_1F_21D_25C_SmallCylinder_cut33_16bit.wav
1SE2rxE-WfPrJp0dtVeqxOcXcpZNjt0SV,Ae.Aegypti_1F_21D_25C_SmallCylinder_cut34_16bit.wav,mosquito,Aedes aegypti,aedes_aegypti,F,1F,21D,25C,SmallCylinder,unmarked,cut34,,,,ae.aegypti_1f_21d_25c_smallcylinder,inferred_filename_source_family; merges cuts and microphone variants; individual/session identity UNKNOWN,0.775,8000,1,PCM_16,6200,b2e8ce0d2e3beca64914bd019144bf969ab5fdcc6d1e762134d208ab5e3c880e,c7a2efebdd9ac594e92ced945d5dcddbd8d5956ef835e54e2344536cbc980724,testing,testing,HOLD: source-family grouping is not verified individual/session independence; shorter than original 1-second context; no padding/looping/concatenation authorized,False,raw/mosquito/Ae.Aegypti_1F_21D_25C_SmallCylinder_cut34_16bit.wav
1iP50Qn7SSdq-pSw45CtkkYD6Tmnf9dBC,Ae.Aegypti_1F_21D_25C_SmallCylinder_cut35_16bit.wav,mosquito,Aedes aegypti,aedes_aegypti,F,1F,21D,25C,SmallCylinder,unmarked,cut35,,,,ae.aegypti_1f_21d_25c_smallcylinder,inferred_filename_source_family; merges cuts and microphone variants; individual/session identity UNKNOWN,1.186,8000,1,PCM_16,9488,92afb3eb72cb7d3c0449b6228a6c2a209d2b65b00ad99b6982a3eecb2ad44778,e70b266cd7cca2b903c79322425984076b45c1802262247d665ae44334d100d0,testing,testing,HOLD: source-family grouping is not verified individual/session independence,True,raw/mosquito/Ae.Aegypti_1F_21D_25C_SmallCylinder_cut35_16bit.wav
1AhbufuOk6DnxgdysBKbWODclSfhNxCnn,Ae.Aegypti_1F_21D_25C_SmallCylinder_cut36_16bit.wav,mosquito,Aedes aegypti,aedes_aegypti,F,1F,21D,25C,SmallCylinder,unmarked,cut36,,,,ae.aegypti_1f_21d_25c_smallcylinder,inferred_filename_source_family; merges cuts and microphone variants; individual/session identity UNKNOWN,0.736,8000,1,PCM_16,5888,26565003049130a20cb5f11490d0c48fb2a7ab15035622a1feafb4e0eb8b6b32,666079a68e22f44a062abd61849fae8724479bcab6f446b1fa35a31cf259b327,testing,testing,HOLD: source-family grouping is not verified individual/session independence; shorter than original 1-second context; no padding/looping/concatenation authorized,False,raw/mosquito/Ae.Aegypti_1F_21D_25C_SmallCylinder_cut36_16bit.wav
1J5K6l2hVr4INe1PkcDprw6nFmvNYHHE6,Ae.Aegypti_1F_21D_25C_SmallCylinder_cut37_16bit.wav,mosquito,Aedes aegypti,aedes_aegypti,F,1F,21D,25C,SmallCylinder,unmarked,cut37,,,,ae.aegypti_1f_21d_25c_smallcylinder,inferred_filename_source_family; merges cuts and microphone variants; individual/session identity UNKNOWN,1.607,8000,1,PCM_16,12856,a692399636e63529360551c77244c479577741025949549d6288d65795442647,f04191f48015b0ceab31358c97e1b7990915278fc8020fd0b2f900485fd14e83,testing,testing,HOLD: source-family grouping is not verified individual/session independence,True,raw/mosquito/Ae.Aegypti_1F_21D_25C_SmallCylinder_cut37_16bit.wav
1ILxRPz5n6kFVoSME53Ebw1SD_OhrIFAe,Ae.Aegypti_1F_21D_25C_SmallCylinder_cut3_16bit.wav,mosquito,Aedes aegypti,aedes_aegypti,F,1F,21D,25C,SmallCylinder,unmarked,cut3,,,,ae.aegypti_1f_21d_25c_smallcylinder,inferred_filename_source_family; merges cuts and microphone variants; individual/session identity UNKNOWN,1.81,8000,1,PCM_16,14480,79c83f9632da8fad9695124d83def055b5fac6ff86a48a854cb99b318809e7d7,c7da16365f3f4e0d72af847d250eb34a652810dcc0671cc8b276a9691c958007,testing,testing,HOLD: source-family grouping is not verified individual/session independence,True,raw/mosquito/Ae.Aegypti_1F_21D_25C_SmallCylinder_cut3_16bit.wav
1rij6pqU9_oFu2h0vVl8i7nnE5-cfb3G6,Ae.Aegypti_1F_21D_25C_SmallCylinder_cut4_16bit.wav,mosquito,Aedes aegypti,aedes_aegypti,F,1F,21D,25C,SmallCylinder,unmarked,cut4,,,,ae.aegypti_1f_21d_25c_smallcylinder,inferred_filename_source_family; merges cuts and microphone variants; individual/session identity UNKNOWN,1.081,8000,1,PCM_16,8648,4cde6bbe0af4bf0a4ebc8aec544e3a966f21319d366db2bcf405b6da8fa2c6d8,85de5704bf11d7d54721973fcf8b4a535b2d31505c63abcdb7027a95fd2bb426,testing,testing,HOLD: source-family grouping is not verified individual/session independence,True,raw/mosquito/Ae.Aegypti_1F_21D_25C_SmallCylinder_cut4_16bit.wav
1n8QJrLGTEy-ckTqYGPEcP-GCgk6k5jGo,Ae.Aegypti_1F_21D_25C_SmallCylinder_cut5_16bit.wav,mosquito,Aedes aegypti,aedes_aegypti,F,1F,21D,25C,SmallCylinder,unmarked,cut5,,,,ae.aegypti_1f_21d_25c_smallcylinder,inferred_filename_source_family; merges cuts and microphone variants; individual/session identity UNKNOWN,1.787,8000,1,PCM_16,14296,3f5b0c07d60482842a74eeea8a1f4d497e1a8306c0a5d45f73d7b2ac8aa73a1e,4c84cc869d78ecffbf86369ebb36803661900ad88d25dea4d06879ac210a342b,testing,testing,HOLD: source-family grouping is not verified individual/session independence,True,raw/mosquito/Ae.Aegypti_1F_21D_25C_SmallCylinder_cut5_16bit.wav
1n_QNrXmKUPfsXw2b6hgGywpLW_YFg5d4,Ae.Aegypti_1F_21D_25C_SmallCylinder_cut6_16bit.wav,mosquito,Aedes aegypti,aedes_aegypti,F,1F,21D,25C,SmallCylinder,unmarked,cut6,,,,ae.aegypti_1f_21d_25c_smallcylinder,inferred_filename_source_family; merges cuts and microphone variants; individual/session identity UNKNOWN,2.199,8000,1,PCM_16,17592,44dd8eae6ad3398f427297735f351d3e98811386baf95d0850b39e4d521085a5,e8a9aab2f177c81ba2d80ae115d015b919012830ad10ba7d07add1ba05731906,testing,testing,HOLD: source-family grouping is not verified individual/session independence,True,raw/mosquito/Ae.Aegypti_1F_21D_25C_SmallCylinder_cut6_16bit.wav
1TUyFIHEyMn8QwVC4kyXQx82P1Gwa8gs4,Ae.Aegypti_1F_21D_25C_SmallCylinder_cut7_16bit.wav,mosquito,Aedes aegypti,aedes_aegypti,F,1F,21D,25C,SmallCylinder,unmarked,cut7,,,,ae.aegypti_1f_21d_25c_smallcylinder,inferred_filename_source_family; merges cuts and microphone variants; individual/session identity UNKNOWN,1.419,8000,1,PCM_16,11352,8939f6c2b456ace8d1a05760a5617008187642d9ec3e803a2cd7e7aba7f8a7f7,de18aa5a986e30b601a11f266910ecf1faadea1389ab87f25612e367dca2dae3,testing,testing,HOLD: source-family grouping is not verified individual/session independence,True,raw/mosquito/Ae.Aegypti_1F_21D_25C_SmallCylinder_cut7_16bit.wav
1Gl7zzEn1mmnt1r2hHm17oc2fChGH793u,Ae.Aegypti_1F_21D_25C_SmallCylinder_cut8_16bit.wav,mosquito,Aedes aegypti,aedes_aegypti,F,1F,21D,25C,SmallCylinder,unmarked,cut8,,,,ae.aegypti_1f_21d_25c_smallcylinder,inferred_filename_source_family; merges cuts and microphone variants; individual/session identity UNKNOWN,2.114,8000,1,PCM_16,16912,febd848ff07e67dacc4274c10e7aa73a38f3982b5f49dc761845286a55d84899,822ebec70ce9560e3029e797e9cace3fbef769ca37853ff63ca67d13fa62e122,testing,testing,HOLD: source-family grouping is not verified individual/session independence,True,raw/mosquito/Ae.Aegypti_1F_21D_25C_SmallCylinder_cut8_16bit.wav
197onGAediD0CiLJQaQwkDMtXiwetRdxj,Ae.Aegypti_1F_21D_25C_SmallCylinder_cut9_16bit.wav,mosquito,Aedes aegypti,aedes_aegypti,F,1F,21D,25C,SmallCylinder,unmarked,cut9,,,,ae.aegypti_1f_21d_25c_smallcylinder,inferred_filename_source_family; merges cuts and microphone variants; individual/session identity UNKNOWN,0.673,8000,1,PCM_16,5384,75246ca07a5a0713b3c3d2b761eb32f5d543301b184b511acb05ea3e3c13071a,ff43dbf7022e73354b2278c66ce0a52390e6d9b9baab9bef5f78c68ee8e9f3d5,testing,testing,HOLD: source-family grouping is not verified individual/session independence; shorter than original 1-second context; no padding/looping/concatenation authorized,False,raw/mosquito/Ae.Aegypti_1F_21D_25C_SmallCylinder_cut9_16bit.wav
1eLh8cxUVaeiaUFWo1ywFO9jtplecgCXk,Ae.Aegypti_1F_21D_25C_SmallCylinder_LowMic_cut10_16bit.wav,mosquito,Aedes aegypti,aedes_aegypti,F,1F,21D,25C,SmallCylinder,LowMic,cut10,,,,ae.aegypti_1f_21d_25c_smallcylinder,inferred_filename_source_family; merges cuts and microphone variants; individual/session identity UNKNOWN,0.860125,8000,1,PCM_16,6881,7d5b18e9bd9708dd5abdf6c700d568d1f935333f6a2f25b1ec5611de02425971,262b69563786cc3823e944b5ffb389f426576841d98b60a818ba9820a2d1e22b,testing,testing,HOLD: source-family grouping is not verified individual/session independence; shorter than original 1-second context; no padding/looping/concatenation authorized,False,raw/mosquito/Ae.Aegypti_1F_21D_25C_SmallCylinder_LowMic_cut10_16bit.wav
1Z8HVSIwHiSh8BSZ9bP9jk0CR3URNRZ5M,Ae.Aegypti_1F_21D_25C_SmallCylinder_LowMic_cut11_16bit.wav,mosquito,Aedes aegypti,aedes_aegypti,F,1F,21D,25C,SmallCylinder,LowMic,cut11,,,,ae.aegypti_1f_21d_25c_smallcylinder,inferred_filename_source_family; merges cuts and microphone variants; individual/session identity UNKNOWN,0.561625,8000,1,PCM_16,4493,1834b362d724be05155d519204991ec84957b00c21e1d22bc4edde5adbd01ec6,a96d0ee39eae2e78c3251a51590904152e77915dc66971e4d1b6aa681c2a8dff,testing,testing,HOLD: source-family grouping is not verified individual/session independence; shorter than original 1-second context; no padding/looping/concatenation authorized,False,raw/mosquito/Ae.Aegypti_1F_21D_25C_SmallCylinder_LowMic_cut11_16bit.wav
1ftYqeFLJ6sdS3WIYRD3ja6joKDs2jtaj,Ae.Aegypti_1F_21D_25C_SmallCylinder_LowMic_cut12_16bit.wav,mosquito,Aedes aegypti,aedes_aegypti,F,1F,21D,25C,SmallCylinder,LowMic,cut12,,,,ae.aegypti_1f_21d_25c_smallcylinder,inferred_filename_source_family; merges cuts and microphone variants; individual/session identity UNKNOWN,0.607125,8000,1,PCM_16,4857,4df4a025111fd0287e928764982865011dfd8b8d03f82c63e9e785f603c73bf6,60567777d283fcc546945b8b013524d72163356a7a021c6a1da68db709d8727e,testing,testing,HOLD: source-family grouping is not verified individual/session independence; shorter than original 1-second context; no padding/looping/concatenation authorized,False,raw/mosquito/Ae.Aegypti_1F_21D_25C_SmallCylinder_LowMic_cut12_16bit.wav
1ovVF-S0dVQm9VL-qpSU6oSiraIK4z0ce,Ae.Aegypti_1F_21D_25C_SmallCylinder_LowMic_cut13_16bit.wav,mosquito,Aedes aegypti,aedes_aegypti,F,1F,21D,25C,SmallCylinder,LowMic,cut13,,,,ae.aegypti_1f_21d_25c_smallcylinder,inferred_filename_source_family; merges cuts and microphone variants; individual/session identity UNKNOWN,0.68375,8000,1,PCM_16,5470,363a76939360c13e26ab23344b09c449e0c04d0c49ca3600bff5b861e0d21674,ca6e801891b2ffb240d76d804f13c7d6ca28473ab53f6a34dfe4d2b93c138582,testing,testing,HOLD: source-family grouping is not verified individual/session independence; shorter than original 1-second context; no padding/looping/concatenation authorized,False,raw/mosquito/Ae.Aegypti_1F_21D_25C_SmallCylinder_LowMic_cut13_16bit.wav
1gFeuDUeaGOalHkHjIqzjr7hTtpjWPUgo,Ae.Aegypti_1F_21D_25C_SmallCylinder_LowMic_cut14_16bit.wav,mosquito,Aedes aegypti,aedes_aegypti,F,1F,21D,25C,SmallCylinder,LowMic,cut14,,,,ae.aegypti_1f_21d_25c_smallcylinder,inferred_filename_source_family; merges cuts and microphone variants; individual/session identity UNKNOWN,0.879125,8000,1,PCM_16,7033,2c464f3cbc47b22c088c618d55a9537578ff99ed165edade0a908b67785b3d06,3d3fa8197d837f49d39da7072ae209ee0b8ee6308dad96a04c10131f3b47f623,testing,testing,HOLD: source-family grouping is not verified individual/session independence; shorter than original 1-second context; no padding/looping/concatenation authorized,False,raw/mosquito/Ae.Aegypti_1F_21D_25C_SmallCylinder_LowMic_cut14_16bit.wav
1DEJp7fe2wtc97-dyfDHl94De2h2bf6LR,Ae.Aegypti_1F_21D_25C_SmallCylinder_LowMic_cut15_16bit.wav,mosquito,Aedes aegypti,aedes_aegypti,F,1F,21D,25C,SmallCylinder,LowMic,cut15,,,,ae.aegypti_1f_21d_25c_smallcylinder,inferred_filename_source_family; merges cuts and microphone variants; individual/session identity UNKNOWN,0.985625,8000,1,PCM_16,7885,f5d7c383eb7289f39dbedadeb0a9e2c0b19ca78de60772d1ecf52d59f3751d9e,11963ff4896db1685e8d058f241f0ca96dafee555588f7656fbf4fbdc653633b,testing,testing,HOLD: source-family grouping is not verified individual/session independence; shorter than original 1-second context; no padding/looping/concatenation authorized,False,raw/mosquito/Ae.Aegypti_1F_21D_25C_SmallCylinder_LowMic_cut15_16bit.wav
1V40MQ1QLH9OgRj4lAHEeBOf5aE8-ROrj,Ae.Aegypti_1F_21D_25C_SmallCylinder_LowMic_cut16_16bit.wav,mosquito,Aedes aegypti,aedes_aegypti,F,1F,21D,25C,SmallCylinder,LowMic,cut16,,,,ae.aegypti_1f_21d_25c_smallcylinder,inferred_filename_source_family; merges cuts and microphone variants; individual/session identity UNKNOWN,0.774875,8000,1,PCM_16,6199,9448abc35dbeb274b18ea6c3404cf0ed5a141c403dc934d9fc81aed294c858db,5166ca0d59f7c0297f92a7e0510f2b2464cbab0315f205ab486d77e5199f82fe,testing,testing,HOLD: source-family grouping is not verified individual/session independence; shorter than original 1-second context; no padding/looping/concatenation authorized,False,raw/mosquito/Ae.Aegypti_1F_21D_25C_SmallCylinder_LowMic_cut16_16bit.wav
1kLjWnvbkg9wIjPagA8bp2OcRypd5JZUp,Ae.Aegypti_1F_21D_25C_SmallCylinder_LowMic_cut17_16bit.wav,mosquito,Aedes aegypti,aedes_aegypti,F,1F,21D,25C,SmallCylinder,LowMic,cut17,,,,ae.aegypti_1f_21d_25c_smallcylinder,inferred_filename_source_family; merges cuts and microphone variants; individual/session identity UNKNOWN,0.68825,8000,1,PCM_16,5506,b91f29a15f53a9b5d2863d70dc3c520a9cabb0d1775f46708e8ae8b57ed41cdd,c5ee7a170791b19bce7e0667fd842576efc8bd64db90c15431a781137003bd80,testing,testing,HOLD: source-family grouping is not verified individual/session independence; shorter than original 1-second context; no padding/looping/concatenation authorized,False,raw/mosquito/Ae.Aegypti_1F_21D_25C_SmallCylinder_LowMic_cut17_16bit.wav
17erpXger2TGBmVEoGBsklR0u72gW4wxS,Ae.Aegypti_1F_21D_25C_SmallCylinder_LowMic_cut18_16bit.wav,mosquito,Aedes aegypti,aedes_aegypti,F,1F,21D,25C,SmallCylinder,LowMic,cut18,,,,ae.aegypti_1f_21d_25c_smallcylinder,inferred_filename_source_family; merges cuts and microphone variants; individual/session identity UNKNOWN,0.645625,8000,1,PCM_16,5165,a7581a00019afdc101a04fbe307b1a680ce717f4db648eb2aa6fcf4096f7783d,27758a36b75087742d3181f364c0110d1c8e936d0641883be61e59cec0b05eec,testing,testing,HOLD: source-family grouping is not verified individual/session independence; shorter than original 1-second context; no padding/looping/concatenation authorized,False,raw/mosquito/Ae.Aegypti_1F_21D_25C_SmallCylinder_LowMic_cut18_16bit.wav
1tFap4vsj1R_FQZAfnFbkK9sQXlznhDuU,Ae.Aegypti_1F_21D_25C_SmallCylinder_LowMic_cut19_16bit.wav,mosquito,Aedes aegypti,aedes_aegypti,F,1F,21D,25C,SmallCylinder,LowMic,cut19,,,,ae.aegypti_1f_21d_25c_smallcylinder,inferred_filename_source_family; merges cuts and microphone variants; individual/session identity UNKNOWN,0.792375,8000,1,PCM_16,6339,5b999b34fdb50ad00c6d19ca5428ca64f6776e0174e06d3423e52c0311481478,543f1fb3c99399478100692c0df71ceffa14120c64eaaab1feae0900930f5024,testing,testing,HOLD: source-family grouping is not verified individual/session independence; shorter than original 1-second context; no padding/looping/concatenation authorized,False,raw/mosquito/Ae.Aegypti_1F_21D_25C_SmallCylinder_LowMic_cut19_16bit.wav
1oxp39vSv95ixJuXFYSYnR6F3LlaILvk2,Ae.Aegypti_1F_21D_25C_SmallCylinder_LowMic_cut1_16bit.wav,mosquito,Aedes aegypti,aedes_aegypti,F,1F,21D,25C,SmallCylinder,LowMic,cut1,,,,ae.aegypti_1f_21d_25c_smallcylinder,inferred_filename_source_family; merges cuts and microphone variants; individual/session identity UNKNOWN,0.670625,8000,1,PCM_16,5365,65fe87bb52fa046391bd396ef48cb54d5c25f2c29e837accf2343097210a8255,1e55677f5f59cb562fc065be4d767d65998c89cab619b9fa2342447cc80f2150,testing,testing,HOLD: source-family grouping is not verified individual/session independence; shorter than original 1-second context; no padding/looping/concatenation authorized,False,raw/mosquito/Ae.Aegypti_1F_21D_25C_SmallCylinder_LowMic_cut1_16bit.wav
19e0erEqpmE1romfpmWyRpHV-tpUHsZnG,Ae.Aegypti_1F_21D_25C_SmallCylinder_LowMic_cut20_16bit.wav,mosquito,Aedes aegypti,aedes_aegypti,F,1F,21D,25C,SmallCylinder,LowMic,cut20,,,,ae.aegypti_1f_21d_25c_smallcylinder,inferred_filename_source_family; merges cuts and microphone variants; individual/session identity UNKNOWN,1.49675,8000,1,PCM_16,11974,4f5cc6f1ab08baf50447e7a04d77f710ab58f5f8aa58273eafbf910627fd977a,206af56cb5f96f06d946c83c524d11f5a5ad98e839f62def63d19a214635183c,testing,testing,HOLD: source-family grouping is not verified individual/session independence,True,raw/mosquito/Ae.Aegypti_1F_21D_25C_SmallCylinder_LowMic_cut20_16bit.wav
1Vn0IX4hK062ogcSDewXroPAt2s_hfu31,Ae.Aegypti_1F_21D_25C_SmallCylinder_LowMic_cut21_16bit.wav,mosquito,Aedes aegypti,aedes_aegypti,F,1F,21D,25C,SmallCylinder,LowMic,cut21,,,,ae.aegypti_1f_21d_25c_smallcylinder,inferred_filename_source_family; merges cuts and microphone variants; individual/session identity UNKNOWN,0.851125,8000,1,PCM_16,6809,cf6d18880ad441408c130d32e3cc26d183a57dbbbd5776b550ac36a7129a4271,acc7e923ecf9e506039af306b15bd87902cd44a5da093ff2ccb66acb66f74b2a,testing,testing,HOLD: source-family grouping is not verified individual/session independence; shorter than original 1-second context; no padding/looping/concatenation authorized,False,raw/mosquito/Ae.Aegypti_1F_21D_25C_SmallCylinder_LowMic_cut21_16bit.wav
1eaWbeYHGkp5yTTHbLujZ7a4H06bMzSRw,Ae.Aegypti_1F_21D_25C_SmallCylinder_LowMic_cut22_16bit.wav,mosquito,Aedes aegypti,aedes_aegypti,F,1F,21D,25C,SmallCylinder,LowMic,cut22,,,,ae.aegypti_1f_21d_25c_smallcylinder,inferred_filename_source_family; merges cuts and microphone variants; individual/session identity UNKNOWN,0.890875,8000,1,PCM_16,7127,0701b2dce539322cc0c7d9ae672d7262e8417b957e65d77a7ae20b36639fbcaf,91a77c65891139808d8021e8d4acaf3b8a87b7d460fe713f3650010ca2eed1db,testing,testing,HOLD: source-family grouping is not verified individual/session independence; shorter than original 1-second context; no padding/looping/concatenation authorized,False,raw/mosquito/Ae.Aegypti_1F_21D_25C_SmallCylinder_LowMic_cut22_16bit.wav
1_x150rzBaj0nW2BZjE7CH-jb7AJ-vG34,Ae.Aegypti_1F_21D_25C_SmallCylinder_LowMic_cut23_16bit.wav,mosquito,Aedes aegypti,aedes_aegypti,F,1F,21D,25C,SmallCylinder,LowMic,cut23,,,,ae.aegypti_1f_21d_25c_smallcylinder,inferred_filename_source_family; merges cuts and microphone variants; individual/session identity UNKNOWN,0.9455,8000,1,PCM_16,7564,aa2c7130dffa7876f2246e225e54766eb291d0b058008dac64e4c644f7e9fe7d,785ea0e95630db67e9cdf3b57b5e9be03fbbba3f6d7f75c2d3bfa14f5e3ecaa2,testing,testing,HOLD: source-family grouping is not verified individual/session independence; shorter than original 1-second context; no padding/looping/concatenation authorized,False,raw/mosquito/Ae.Aegypti_1F_21D_25C_SmallCylinder_LowMic_cut23_16bit.wav
1ssyqHRBXxLi5yCcSsjA1JGjmVlm8WuYx,Ae.Aegypti_1F_21D_25C_SmallCylinder_LowMic_cut24_16bit.wav,mosquito,Aedes aegypti,aedes_aegypti,F,1F,21D,25C,SmallCylinder,LowMic,cut24,,,,ae.aegypti_1f_21d_25c_smallcylinder,inferred_filename_source_family; merges cuts and microphone variants; individual/session identity UNKNOWN,0.716,8000,1,PCM_16,5728,894c8723b53a85a0e2ece6df4b48f7b1050172a6f8ca61cd4220b80a4d061f03,7ae770c340aac6bd15ca5a462269ad134db324049b617da7de3b466b3922b276,testing,testing,HOLD: source-family grouping is not verified individual/session independence; shorter than original 1-second context; no padding/looping/concatenation authorized,False,raw/mosquito/Ae.Aegypti_1F_21D_25C_SmallCylinder_LowMic_cut24_16bit.wav
1BvTDyRJMwEHVCVpFY0KRz8d3CkA8ZQu0,Ae.Aegypti_1F_21D_25C_SmallCylinder_LowMic_cut25_16bit.wav,mosquito,Aedes aegypti,aedes_aegypti,F,1F,21D,25C,SmallCylinder,LowMic,cut25,,,,ae.aegypti_1f_21d_25c_smallcylinder,inferred_filename_source_family; merges cuts and microphone variants; individual/session identity UNKNOWN,1.431875,8000,1,PCM_16,11455,464371305603de7e96538214d3195fb33d77d9957d91e35f88d0f28820540ee0,594641cb65e90315bf47a51c1782a3bdafbae74011db2992b0c7e6e4987ac6f3,testing,testing,HOLD: source-family grouping is not verified individual/session independence,True,raw/mosquito/Ae.Aegypti_1F_21D_25C_SmallCylinder_LowMic_cut25_16bit.wav
1FzrcLicyX-AkZ-rqxdGkK87e-W6yaNQe,Ae.Aegypti_1F_21D_25C_SmallCylinder_LowMic_cut26_16bit.wav,mosquito,Aedes aegypti,aedes_aegypti,F,1F,21D,25C,SmallCylinder,LowMic,cut26,,,,ae.aegypti_1f_21d_25c_smallcylinder,inferred_filename_source_family; merges cuts and microphone variants; individual/session identity UNKNOWN,0.79,8000,1,PCM_16,6320,e55076a1aea6907fb3e4586b90389c4b108752875eefca115f8cc40e26766ef5,801827227105b20b2fbab8b4d67f23c4e2967d34cde9c7c3fc8892736ac326e2,testing,testing,HOLD: source-family grouping is not verified individual/session independence; shorter than original 1-second context; no padding/looping/concatenation authorized,False,raw/mosquito/Ae.Aegypti_1F_21D_25C_SmallCylinder_LowMic_cut26_16bit.wav
1yezyGANu6uqrG53E02W7kINWGzOeXgYd,Ae.Aegypti_1F_21D_25C_SmallCylinder_LowMic_cut27_16bit.wav,mosquito,Aedes aegypti,aedes_aegypti,F,1F,21D,25C,SmallCylinder,LowMic,cut27,,,,ae.aegypti_1f_21d_25c_smallcylinder,inferred_filename_source_family; merges cuts and microphone variants; individual/session identity UNKNOWN,1.300875,8000,1,PCM_16,10407,1395a9dbd32e45525e65a6d45b9756c1087654af57335649f9ecd006ad996f60,8bce11a4e2500ce9a85beb2104ae6d59fb2d8ec747141d8eb56e7d2d16df87d0,testing,testing,HOLD: source-family grouping is not verified individual/session independence,True,raw/mosquito/Ae.Aegypti_1F_21D_25C_SmallCylinder_LowMic_cut27_16bit.wav
1Iu8MiWnT5a-zFvBUZ-_S6LSvdtu13f4o,Ae.Aegypti_1F_21D_25C_SmallCylinder_LowMic_cut28_16bit.wav,mosquito,Aedes aegypti,aedes_aegypti,F,1F,21D,25C,SmallCylinder,LowMic,cut28,,,,ae.aegypti_1f_21d_25c_smallcylinder,inferred_filename_source_family; merges cuts and microphone variants; individual/session identity UNKNOWN,0.927875,8000,1,PCM_16,7423,7e7aca3d0bbbd9605b1a47e68605036f63d76220ff39b189f7b97d1af79ab7b0,4a61071d2afd124794226313d3b7624fbec69e4ac7a8e08c0bab4a8768101468,testing,testing,HOLD: source-family grouping is not verified individual/session independence; shorter than original 1-second context; no padding/looping/concatenation authorized,False,raw/mosquito/Ae.Aegypti_1F_21D_25C_SmallCylinder_LowMic_cut28_16bit.wav
1Osh6XCF11t35N1EXmVX7gIaeA_rzidEc,Ae.Aegypti_1F_21D_25C_SmallCylinder_LowMic_cut29_16bit.wav,mosquito,Aedes aegypti,aedes_aegypti,F,1F,21D,25C,SmallCylinder,LowMic,cut29,,,,ae.aegypti_1f_21d_25c_smallcylinder,inferred_filename_source_family; merges cuts and microphone variants; individual/session identity UNKNOWN,0.6505,8000,1,PCM_16,5204,dad3842384a89f5094f82fcec8118b6d9a713545265dab80f135521113244b7c,1253c0b1fc01d648c97cd5c99c4a5ab6fa4c8dfa11619480afc644ad4b4398d7,testing,testing,HOLD: source-family grouping is not verified individual/session independence; shorter than original 1-second context; no padding/looping/concatenation authorized,False,raw/mosquito/Ae.Aegypti_1F_21D_25C_SmallCylinder_LowMic_cut29_16bit.wav
19RVbgGgOsB58SmrTznx3AjLjfq_GDWPt,Ae.Aegypti_1F_21D_25C_SmallCylinder_LowMic_cut2_16bit.wav,mosquito,Aedes aegypti,aedes_aegypti,F,1F,21D,25C,SmallCylinder,LowMic,cut2,,,,ae.aegypti_1f_21d_25c_smallcylinder,inferred_filename_source_family; merges cuts and microphone variants; individual/session identity UNKNOWN,1.250125,8000,1,PCM_16,10001,7ace390868642ca07808abc94288ce188082ca7742badeb24cb8760961ea13a7,c566c1e41480da3eb87a6b4b9d005158979c5fbb41445eaa98a1cb0d4eaa81ac,testing,testing,HOLD: source-family grouping is not verified individual/session independence,True,raw/mosquito/Ae.Aegypti_1F_21D_25C_SmallCylinder_LowMic_cut2_16bit.wav
1xoiQjihRbORdJnFKb2NCUz06usqyrgLS,Ae.Aegypti_1F_21D_25C_SmallCylinder_LowMic_cut30_16bit.wav,mosquito,Aedes aegypti,aedes_aegypti,F,1F,21D,25C,SmallCylinder,LowMic,cut30,,,,ae.aegypti_1f_21d_25c_smallcylinder,inferred_filename_source_family; merges cuts and microphone variants; individual/session identity UNKNOWN,0.90875,8000,1,PCM_16,7270,9d77670363f8e3154fc49435399ceb96f08400dbc99d2b253a13db70609efe84,9d65f777a762979c070f4796b7c40dcff3e24f2335f9587e82137b29dc410df7,testing,testing,HOLD: source-family grouping is not verified individual/session independence; shorter than original 1-second context; no padding/looping/concatenation authorized,False,raw/mosquito/Ae.Aegypti_1F_21D_25C_SmallCylinder_LowMic_cut30_16bit.wav
1vZVivgYL9rHnydE2EZeNvX0YgeVnziNn,Ae.Aegypti_1F_21D_25C_SmallCylinder_LowMic_cut31_16bit.wav,mosquito,Aedes aegypti,aedes_aegypti,F,1F,21D,25C,SmallCylinder,LowMic,cut31,,,,ae.aegypti_1f_21d_25c_smallcylinder,inferred_filename_source_family; merges cuts and microphone variants; individual/session identity UNKNOWN,0.8705,8000,1,PCM_16,6964,f54e15d77ffb16cace3bfd26fe34b233751e9d9334fec81ff33c718bf92ffbe9,e013c84ae57cb65bb5c6203991182a3cc3b121cc67287f1fda183975ec500a84,testing,testing,HOLD: source-family grouping is not verified individual/session independence; shorter than original 1-second context; no padding/looping/concatenation authorized,False,raw/mosquito/Ae.Aegypti_1F_21D_25C_SmallCylinder_LowMic_cut31_16bit.wav
14zMxTbvjF70n9uCkNbiK85ogeZbHm0cL,Ae.Aegypti_1F_21D_25C_SmallCylinder_LowMic_cut32_16bit.wav,mosquito,Aedes aegypti,aedes_aegypti,F,1F,21D,25C,SmallCylinder,LowMic,cut32,,,,ae.aegypti_1f_21d_25c_smallcylinder,inferred_filename_source_family; merges cuts and microphone variants; individual/session identity UNKNOWN,0.77475,8000,1,PCM_16,6198,6c963939c41c1aff772870f3e3a2c291f68f794d4e4bf93d8f255c400c57f5e6,2dae922bf96fc2138c5a970e145574cd12210979184f3d1b3b41bd9f304e9147,testing,testing,HOLD: source-family grouping is not verified individual/session independence; shorter than original 1-second context; no padding/looping/concatenation authorized,False,raw/mosquito/Ae.Aegypti_1F_21D_25C_SmallCylinder_LowMic_cut32_16bit.wav
1InaM2j0QK2jKrPOrGDd4AqJeplhO1j0f,Ae.Aegypti_1F_21D_25C_SmallCylinder_LowMic_cut33_16bit.wav,mosquito,Aedes aegypti,aedes_aegypti,F,1F,21D,25C,SmallCylinder,LowMic,cut33,,,,ae.aegypti_1f_21d_25c_smallcylinder,inferred_filename_source_family; merges cuts and microphone variants; individual/session identity UNKNOWN,1.167,8000,1,PCM_16,9336,9e433707206c00191d89eff5b0506ce3a4e8dfb0f82964dffe07b4258fd2e08a,60ac77a6bfb0f51e14016498c7615e071cc24baf3b4844aff9d59400f68f9b02,testing,testing,HOLD: source-family grouping is not verified individual/session independence,True,raw/mosquito/Ae.Aegypti_1F_21D_25C_SmallCylinder_LowMic_cut33_16bit.wav
1jv98O38uzpTkOmul29RbZt0XHvgifp54,Ae.Aegypti_1F_21D_25C_SmallCylinder_LowMic_cut34_16bit.wav,mosquito,Aedes aegypti,aedes_aegypti,F,1F,21D,25C,SmallCylinder,LowMic,cut34,,,,ae.aegypti_1f_21d_25c_smallcylinder,inferred_filename_source_family; merges cuts and microphone variants; individual/session identity UNKNOWN,0.77475,8000,1,PCM_16,6198,827ab022c256d5da72be232d6ed52fdebe13a068aaf3f1bca46b20ca56f5db20,59e673bbd11a4d813e5ca3217159b6b39cb308ef97de9461ce074e641ec86379,testing,testing,HOLD: source-family grouping is not verified individual/session independence; shorter than original 1-second context; no padding/looping/concatenation authorized,False,raw/mosquito/Ae.Aegypti_1F_21D_25C_SmallCylinder_LowMic_cut34_16bit.wav
1aP_XQEu0TG_u5wyeYA6EnFELSYUjqHEt,Ae.Aegypti_1F_21D_25C_SmallCylinder_LowMic_cut35_16bit.wav,mosquito,Aedes aegypti,aedes_aegypti,F,1F,21D,25C,SmallCylinder,LowMic,cut35,,,,ae.aegypti_1f_21d_25c_smallcylinder,inferred_filename_source_family; merges cuts and microphone variants; individual/session identity UNKNOWN,1.186125,8000,1,PCM_16,9489,31957b0b87563cba0aeaaab09eb41975dbbf7db7943a9691a85da5cef6cb7dd0,a1bea7aa8234b634510a7a604e8c78ce467bef7654b0b1b94c1855b749ea817d,testing,testing,HOLD: source-family grouping is not verified individual/session independence,True,raw/mosquito/Ae.Aegypti_1F_21D_25C_SmallCylinder_LowMic_cut35_16bit.wav
1O61GlCTMpp_8iTIQl6yEUFC5q7ASge9c,Ae.Aegypti_1F_21D_25C_SmallCylinder_LowMic_cut36_16bit.wav,mosquito,Aedes aegypti,aedes_aegypti,F,1F,21D,25C,SmallCylinder,LowMic,cut36,,,,ae.aegypti_1f_21d_25c_smallcylinder,inferred_filename_source_family; merges cuts and microphone variants; individual/session identity UNKNOWN,0.7365,8000,1,PCM_16,5892,e43f61029952046d8bfdb8744367bcb6181a12efed350ba5a6427a381bf6ac8d,a6eaffe7b1e7a538de876216055614af635f4b92b5e2a6da0d67ac6452156ea9,testing,testing,HOLD: source-family grouping is not verified individual/session independence; shorter than original 1-second context; no padding/looping/concatenation authorized,False,raw/mosquito/Ae.Aegypti_1F_21D_25C_SmallCylinder_LowMic_cut36_16bit.wav
1O5iMZOR_rfv2LZxHVIKSY6CKa03KtGTi,Ae.Aegypti_1F_21D_25C_SmallCylinder_LowMic_cut37_16bit.wav,mosquito,Aedes aegypti,aedes_aegypti,F,1F,21D,25C,SmallCylinder,LowMic,cut37,,,,ae.aegypti_1f_21d_25c_smallcylinder,inferred_filename_source_family; merges cuts and microphone variants; individual/session identity UNKNOWN,1.607,8000,1,PCM_16,12856,be4394219af5ad4802d22f84aea23683307e33a0fba64c275d881df4b40551cb,8a3bc9a5d34d333ba5da04060a60a35ea493b83e7a7ef45394ab5fa3dfbcf6dd,testing,testing,HOLD: source-family grouping is not verified individual/session independence,True,raw/mosquito/Ae.Aegypti_1F_21D_25C_SmallCylinder_LowMic_cut37_16bit.wav
1mQU46hxpWlkLGMzgcCmQpb98y-INbJrD,Ae.Aegypti_1F_21D_25C_SmallCylinder_LowMic_cut3_16bit.wav,mosquito,Aedes aegypti,aedes_aegypti,F,1F,21D,25C,SmallCylinder,LowMic,cut3,,,,ae.aegypti_1f_21d_25c_smallcylinder,inferred_filename_source_family; merges cuts and microphone variants; individual/session identity UNKNOWN,1.81,8000,1,PCM_16,14480,6cc394328827ad5b03d56f917ae06409b57af704efa1fa7d86ca64aadabe8f9e,25e4974f825141bcceaeee679907faba4bb064e46d004d8a4e6390d458283f0a,testing,testing,HOLD: source-family grouping is not verified individual/session independence,True,raw/mosquito/Ae.Aegypti_1F_21D_25C_SmallCylinder_LowMic_cut3_16bit.wav
1k-jRjwU3ejj3NjUjKGJq1SczKousVeMQ,Ae.Aegypti_1F_21D_25C_SmallCylinder_LowMic_cut4_16bit.wav,mosquito,Aedes aegypti,aedes_aegypti,F,1F,21D,25C,SmallCylinder,LowMic,cut4,,,,ae.aegypti_1f_21d_25c_smallcylinder,inferred_filename_source_family; merges cuts and microphone variants; individual/session identity UNKNOWN,1.080875,8000,1,PCM_16,8647,06fd34e2343fd15b29e1267c165db6efa10eeb2c4cadae99d6823d2187daec2f,3a3da17007d7eae019fa390acea891e641e001045d65e7b699609eb2ee729c7d,testing,testing,HOLD: source-family grouping is not verified individual/session independence,True,raw/mosquito/Ae.Aegypti_1F_21D_25C_SmallCylinder_LowMic_cut4_16bit.wav
1s4SVFvi0sPWZaRWT8YWMZSOr9A-rrsLx,Ae.Aegypti_1F_21D_25C_SmallCylinder_LowMic_cut5_16bit.wav,mosquito,Aedes aegypti,aedes_aegypti,F,1F,21D,25C,SmallCylinder,LowMic,cut5,,,,ae.aegypti_1f_21d_25c_smallcylinder,inferred_filename_source_family; merges cuts and microphone variants; individual/session identity UNKNOWN,1.7875,8000,1,PCM_16,14300,3da8fac74807b270948f5c586422350cd71a075e9ff460833f9b5b4a43d7ede9,0384058b1e99c6057055d08aacb997ccfd4936d661a3864c7e12ad1ce05d6f41,testing,testing,HOLD: source-family grouping is not verified individual/session independence,True,raw/mosquito/Ae.Aegypti_1F_21D_25C_SmallCylinder_LowMic_cut5_16bit.wav
1c9LDF-IxyCW_5NfFA8DRSsnSX9Je-wXS,Ae.Aegypti_1F_21D_25C_SmallCylinder_LowMic_cut6_16bit.wav,mosquito,Aedes aegypti,aedes_aegypti,F,1F,21D,25C,SmallCylinder,LowMic,cut6,,,,ae.aegypti_1f_21d_25c_smallcylinder,inferred_filename_source_family; merges cuts and microphone variants; individual/session identity UNKNOWN,2.198875,8000,1,PCM_16,17591,63147d122c74fa045471f12b87be36b51f3c7fefd1a87b8e152946f91a8464a6,fad7b0cb947c0baa3595fee9074893fa7646614e04b37fb46a07e140fcb744ed,testing,testing,HOLD: source-family grouping is not verified individual/session independence,True,raw/mosquito/Ae.Aegypti_1F_21D_25C_SmallCylinder_LowMic_cut6_16bit.wav
1dF5WM2aQITQ78j28ktJHyYJYLr4npXHk,Ae.Aegypti_1F_21D_25C_SmallCylinder_LowMic_cut7_16bit.wav,mosquito,Aedes aegypti,aedes_aegypti,F,1F,21D,25C,SmallCylinder,LowMic,cut7,,,,ae.aegypti_1f_21d_25c_smallcylinder,inferred_filename_source_family; merges cuts and microphone variants; individual/session identity UNKNOWN,1.418625,8000,1,PCM_16,11349,81aac484f272bc02adef40f6ef3081307ada7e95b893997c2bd3ed713e1e34a6,7fdce87ba53afadb216a37f335d9a510a360d722396856857887de8b430dab7c,testing,testing,HOLD: source-family grouping is not verified individual/session independence,True,raw/mosquito/Ae.Aegypti_1F_21D_25C_SmallCylinder_LowMic_cut7_16bit.wav
1Pz-IXXl2Q3Ets23wxNOhhJlW46wBo6I8,Ae.Aegypti_1F_21D_25C_SmallCylinder_LowMic_cut8_16bit.wav,mosquito,Aedes aegypti,aedes_aegypti,F,1F,21D,25C,SmallCylinder,LowMic,cut8,,,,ae.aegypti_1f_21d_25c_smallcylinder,inferred_filename_source_family; merges cuts and microphone variants; individual/session identity UNKNOWN,2.11375,8000,1,PCM_16,16910,4dba6fc87435ef8c3789b5ec10e229703367ad33104ae882425a270f0774e43d,cbdf07ebca6321708d9d53da1061c8586346f63a37b660e9ac51b838636f89d4,testing,testing,HOLD: source-family grouping is not verified individual/session independence,True,raw/mosquito/Ae.Aegypti_1F_21D_25C_SmallCylinder_LowMic_cut8_16bit.wav
14jvTcBoHeVoRguCQ4VjZbt5RCBt3Wj_P,Ae.Aegypti_1F_21D_25C_SmallCylinder_LowMic_cut9_16bit.wav,mosquito,Aedes aegypti,aedes_aegypti,F,1F,21D,25C,SmallCylinder,LowMic,cut9,,,,ae.aegypti_1f_21d_25c_smallcylinder,inferred_filename_source_family; merges cuts and microphone variants; individual/session identity UNKNOWN,0.672875,8000,1,PCM_16,5383,9529d2190e634b37147f938a8e15ebcbc3e583f7276509e425631b77aaa78a12,fc3c37f2939d4c219128aa09d2c86d683e1adc12debdac507abfb9f421469f89,testing,testing,HOLD: source-family grouping is not verified individual/session independence; shorter than original 1-second context; no padding/looping/concatenation authorized,False,raw/mosquito/Ae.Aegypti_1F_21D_25C_SmallCylinder_LowMic_cut9_16bit.wav
1qQOi4oENdqgN2t-vJQlHmR9KSHl-2paW,Ae.Aegypti_1F_5D_25C_SmallCylinder_cut10_16bit.wav,mosquito,Aedes aegypti,aedes_aegypti,F,1F,5D,25C,SmallCylinder,unmarked,cut10,,,,ae.aegypti_1f_5d_25c_smallcylinder,inferred_filename_source_family; merges cuts and microphone variants; individual/session identity UNKNOWN,2.05,8000,1,PCM_16,16400,7012b5cc1fd21455dc153cbe92a06705168e064eb584d25a546f023ae0dff5f2,63f7976a18eb17b90fd15200d49c379319eaa0105ff0af51eead171e5ca18025,training,training,HOLD: source-family grouping is not verified individual/session independence,True,raw/mosquito/Ae.Aegypti_1F_5D_25C_SmallCylinder_cut10_16bit.wav
1F8TmslanppEhtfbU1OyAanF8QKdVRKeL,Ae.Aegypti_1F_5D_25C_SmallCylinder_cut11_16bit.wav,mosquito,Aedes aegypti,aedes_aegypti,F,1F,5D,25C,SmallCylinder,unmarked,cut11,,,,ae.aegypti_1f_5d_25c_smallcylinder,inferred_filename_source_family; merges cuts and microphone variants; individual/session identity UNKNOWN,4.353,8000,1,PCM_16,34824,be4b1aa446ef1f009f8bd5d6cc3b04a1f5b0e685dd9883192e4dd78e29494e71,0178fb7f07a6939cec902504b5fd37c6cf8a938b02e9bfbc4618e1260e1b412f,training,training,HOLD: source-family grouping is not verified individual/session independence,True,raw/mosquito/Ae.Aegypti_1F_5D_25C_SmallCylinder_cut11_16bit.wav
19NDNALT5-DPJVNPNW4NtWlcPegRVjOF7,Ae.Aegypti_1F_5D_25C_SmallCylinder_cut12_16bit.wav,mosquito,Aedes aegypti,aedes_aegypti,F,1F,5D,25C,SmallCylinder,unmarked,cut12,,,,ae.aegypti_1f_5d_25c_smallcylinder,inferred_filename_source_family; merges cuts and microphone variants; individual/session identity UNKNOWN,1.172,8000,1,PCM_16,9376,e9f3c3cd638ad3948bf4b12268c2247cc230f658e5e58d43ea9a284ce6df28df,88b902ec2879c534535acc54efde72fb561d8043da0dc855e81db11d51f565b3,training,training,HOLD: source-family grouping is not verified individual/session independence,True,raw/mosquito/Ae.Aegypti_1F_5D_25C_SmallCylinder_cut12_16bit.wav
10u3c4ROjJAfyCDjNbNT1bdqtr0Iq2edd,Ae.Aegypti_1F_5D_25C_SmallCylinder_cut13_16bit.wav,mosquito,Aedes aegypti,aedes_aegypti,F,1F,5D,25C,SmallCylinder,unmarked,cut13,,,,ae.aegypti_1f_5d_25c_smallcylinder,inferred_filename_source_family; merges cuts and microphone variants; individual/session identity UNKNOWN,1.964,8000,1,PCM_16,15712,8daa04981b0d6436bf85f8d6031fbed17c4370309b5fcc7c5c2ebaf21f3ece99,4bd3bead699f21e46ee3de2d50f5807b2f46f0d261fbd1dc622485e3f82ded07,training,training,HOLD: source-family grouping is not verified individual/session independence,True,raw/mosquito/Ae.Aegypti_1F_5D_25C_SmallCylinder_cut13_16bit.wav
1gXLPsjx6ucefpsM8UuqgeQvAKpIEOhxW,Ae.Aegypti_1F_5D_25C_SmallCylinder_cut14_16bit.wav,mosquito,Aedes aegypti,aedes_aegypti,F,1F,5D,25C,SmallCylinder,unmarked,cut14,,,,ae.aegypti_1f_5d_25c_smallcylinder,inferred_filename_source_family; merges cuts and microphone variants; individual/session identity UNKNOWN,1.929,8000,1,PCM_16,15432,b1cec36d362ff7fd752975000f3b84660dce59411e833e35efa0873a78b772c2,52997e006fe7ccabb15639cdf909219b46ed87d51b149b95c0d1009724f91dc3,training,training,HOLD: source-family grouping is not verified individual/session independence,True,raw/mosquito/Ae.Aegypti_1F_5D_25C_SmallCylinder_cut14_16bit.wav
1-t2U2iw3QaXhMNl5dDa19thy5xpgqRMr,Ae.Aegypti_1F_5D_25C_SmallCylinder_cut15_16bit.wav,mosquito,Aedes aegypti,aedes_aegypti,F,1F,5D,25C,SmallCylinder,unmarked,cut15,,,,ae.aegypti_1f_5d_25c_smallcylinder,inferred_filename_source_family; merges cuts and microphone variants; individual/session identity UNKNOWN,1.121,8000,1,PCM_16,8968,6dbfaad3d36f4560ba5913005b76165e841d533c34f8d2934777bb17598f00b8,557b4ccafb8ecf70779b1cf5eb580834c79fc8dd832cef75704e5d19ac1200a6,training,training,HOLD: source-family grouping is not verified individual/session independence,True,raw/mosquito/Ae.Aegypti_1F_5D_25C_SmallCylinder_cut15_16bit.wav
1SIZswxJab7OXaYchHn8fkHp_0Frwl8gh,Ae.Aegypti_1F_5D_25C_SmallCylinder_cut16_16bit.wav,mosquito,Aedes aegypti,aedes_aegypti,F,1F,5D,25C,SmallCylinder,unmarked,cut16,,,,ae.aegypti_1f_5d_25c_smallcylinder,inferred_filename_source_family; merges cuts and microphone variants; individual/session identity UNKNOWN,2.348,8000,1,PCM_16,18784,a6b8c569ae3dd18e34a8dd9c4cfd09bfd18c7d2336357ceed8631c6dc2922ea9,f84133a28fb679d0237fed9c55c2ec304773b3150999806e3f434aaaf726c01e,training,training,HOLD: source-family grouping is not verified individual/session independence,True,raw/mosquito/Ae.Aegypti_1F_5D_25C_SmallCylinder_cut16_16bit.wav
1AWWmts-JsYQFgqt2xaJsAYrPbRLYXwqN,Ae.Aegypti_1F_5D_25C_SmallCylinder_cut17_16bit.wav,mosquito,Aedes aegypti,aedes_aegypti,F,1F,5D,25C,SmallCylinder,unmarked,cut17,,,,ae.aegypti_1f_5d_25c_smallcylinder,inferred_filename_source_family; merges cuts and microphone variants; individual/session identity UNKNOWN,2.242,8000,1,PCM_16,17936,6de7d8e19c77c2880bcb0e79c98d373a92a9650bf98207fa4ac41883e486ca22,e47c2b7f5fea9f6f85823abd59544f4f4263dcedafdfa18d0448373d8c12193c,training,training,HOLD: source-family grouping is not verified individual/session independence,True,raw/mosquito/Ae.Aegypti_1F_5D_25C_SmallCylinder_cut17_16bit.wav
1uGQ-DZEUlydTvX-q4lxjNtYyLUHzvjTF,Ae.Aegypti_1F_5D_25C_SmallCylinder_cut18_16bit.wav,mosquito,Aedes aegypti,aedes_aegypti,F,1F,5D,25C,SmallCylinder,unmarked,cut18,,,,ae.aegypti_1f_5d_25c_smallcylinder,inferred_filename_source_family; merges cuts and microphone variants; individual/session identity UNKNOWN,1.035,8000,1,PCM_16,8280,b4a24471194d15c7b77b7210fa5057b685186362f4c22ab7ee84c09d0accaf5d,1b3e209ae2c760540673fef1fc3703ecf1df7bcc41be5ded347ea47c163c0c34,training,training,HOLD: source-family grouping is not verified individual/session independence,True,raw/mosquito/Ae.Aegypti_1F_5D_25C_SmallCylinder_cut18_16bit.wav
167oryQZB3RffeLORiy5bPS6bEwK-tWFp,Ae.Aegypti_1F_5D_25C_SmallCylinder_cut19_16bit.wav,mosquito,Aedes aegypti,aedes_aegypti,F,1F,5D,25C,SmallCylinder,unmarked,cut19,,,,ae.aegypti_1f_5d_25c_smallcylinder,inferred_filename_source_family; merges cuts and microphone variants; individual/session identity UNKNOWN,3.404,8000,1,PCM_16,27232,cf11d01449e5ef175e6deb87d754035bb1376ce61e70a28e1d704b04a3609a77,161b17f4727b80ea4986ddf7de7d82d82db7a4f19ad43aac283255a5c75bb558,training,training,HOLD: source-family grouping is not verified individual/session independence,True,raw/mosquito/Ae.Aegypti_1F_5D_25C_SmallCylinder_cut19_16bit.wav
128vI81VPQTnUIlhzQpLepA-XFhOD--sk,Ae.Aegypti_1F_5D_25C_SmallCylinder_cut1_16bit.wav,mosquito,Aedes aegypti,aedes_aegypti,F,1F,5D,25C,SmallCylinder,unmarked,cut1,,,,ae.aegypti_1f_5d_25c_smallcylinder,inferred_filename_source_family; merges cuts and microphone variants; individual/session identity UNKNOWN,5.622,8000,1,PCM_16,44976,6308063ef206a3b4ffd4fd11b175acc3c9cc9ea4787b43a7f554d1ade48a30ee,abb7ba54422b5455836746166b74124df61c4fd9febd37edca3639ba0206d30c,training,training,HOLD: source-family grouping is not verified individual/session independence,True,raw/mosquito/Ae.Aegypti_1F_5D_25C_SmallCylinder_cut1_16bit.wav
1d1im26c5P9x6_dDrrtNcgj4OHq1LeuTL,Ae.Aegypti_1F_5D_25C_SmallCylinder_cut20_16bit.wav,mosquito,Aedes aegypti,aedes_aegypti,F,1F,5D,25C,SmallCylinder,unmarked,cut20,,,,ae.aegypti_1f_5d_25c_smallcylinder,inferred_filename_source_family; merges cuts and microphone variants; individual/session identity UNKNOWN,2.469,8000,1,PCM_16,19752,3e3831849cf7a2f24569133c8b7095b9762b556a60eb2570a3e5973ff90ae06e,5b61abfe8b27b4396a4a3bb98b8bf3c3c3ac120de315cff50d636a6327b20707,training,training,HOLD: source-family grouping is not verified individual/session independence,True,raw/mosquito/Ae.Aegypti_1F_5D_25C_SmallCylinder_cut20_16bit.wav
1MjnboH1_N_pSqlZUfHt5jup08ayeMUob,Ae.Aegypti_1F_5D_25C_SmallCylinder_cut21_16bit.wav,mosquito,Aedes aegypti,aedes_aegypti,F,1F,5D,25C,SmallCylinder,unmarked,cut21,,,,ae.aegypti_1f_5d_25c_smallcylinder,inferred_filename_source_family; merges cuts and microphone variants; individual/session identity UNKNOWN,1.02,8000,1,PCM_16,8160,be9ba35f31bccb12c87f60785db8f7b20496b62e25d3e019ec749994623b93f8,07f7c2a6fe912f8278ffdd2960b1cfffa2861ee2c5567ca58fa43c732722e8ee,training,training,HOLD: source-family grouping is not verified individual/session independence,True,raw/mosquito/Ae.Aegypti_1F_5D_25C_SmallCylinder_cut21_16bit.wav
1-jRB4l5-5JMSQYb4QvGmZDcROxvU261O,Ae.Aegypti_1F_5D_25C_SmallCylinder_cut22_16bit.wav,mosquito,Aedes aegypti,aedes_aegypti,F,1F,5D,25C,SmallCylinder,unmarked,cut22,,,,ae.aegypti_1f_5d_25c_smallcylinder,inferred_filename_source_family; merges cuts and microphone variants; individual/session identity UNKNOWN,2.358,8000,1,PCM_16,18864,68ab84b49bab26d1dd64b6d26f4a642bdd32bdbd60c4dcb7dbc7ed21ebda883c,1930c3c6c77349b3ddfaef70d14900e65cf501fdc346abd138c5f504f7cea516,training,training,HOLD: source-family grouping is not verified individual/session independence,True,raw/mosquito/Ae.Aegypti_1F_5D_25C_SmallCylinder_cut22_16bit.wav
1suP-n8UhFToQyRk-ZeW2tqKLkFBu32sK,Ae.Aegypti_1F_5D_25C_SmallCylinder_cut23_16bit.wav,mosquito,Aedes aegypti,aedes_aegypti,F,1F,5D,25C,SmallCylinder,unmarked,cut23,,,,ae.aegypti_1f_5d_25c_smallcylinder,inferred_filename_source_family; merges cuts and microphone variants; individual/session identity UNKNOWN,1.182,8000,1,PCM_16,9456,fc1d6005fdde09e9e869ae38ff2c8dbcf6384c74ba3385b9775548aedbed8803,f788958df74f5c4c41f342fd32cc68f4d4e5864851bde9a1514118714166e02a,training,training,HOLD: source-family grouping is not verified individual/session independence,True,raw/mosquito/Ae.Aegypti_1F_5D_25C_SmallCylinder_cut23_16bit.wav
1U8JUe8JA4cABSu5NozLYStwIkRTad46H,Ae.Aegypti_1F_5D_25C_SmallCylinder_cut24_16bit.wav,mosquito,Aedes aegypti,aedes_aegypti,F,1F,5D,25C,SmallCylinder,unmarked,cut24,,,,ae.aegypti_1f_5d_25c_smallcylinder,inferred_filename_source_family; merges cuts and microphone variants; individual/session identity UNKNOWN,10.319,8000,1,PCM_16,82552,d2651df930e76011d4b169ab06ea70bf9224eab8ae67d6d47a5671652ef2aa4f,c835dfa1fdeedc9e70f7a9803a51044c7e51cb05382ecf7f350331fea5023638,training,training,HOLD: source-family grouping is not verified individual/session independence,True,raw/mosquito/Ae.Aegypti_1F_5D_25C_SmallCylinder_cut24_16bit.wav
1vhZnSGqy8Y4_Eob7Zlib1OWcTZFs-Ix3,Ae.Aegypti_1F_5D_25C_SmallCylinder_cut25_16bit.wav,mosquito,Aedes aegypti,aedes_aegypti,F,1F,5D,25C,SmallCylinder,unmarked,cut25,,,,ae.aegypti_1f_5d_25c_smallcylinder,inferred_filename_source_family; merges cuts and microphone variants; individual/session identity UNKNOWN,2.301,8000,1,PCM_16,18408,f13d595a6bd0ddc30f27647c7c0ce8c990aa696b9085cf4192057f9259866c5e,0b1b393afed46d6f8b960ca755cb5f918a007c3f3d5890fd7b6d1a82c6138c5a,training,training,HOLD: source-family grouping is not verified individual/session independence,True,raw/mosquito/Ae.Aegypti_1F_5D_25C_SmallCylinder_cut25_16bit.wav
1qgdETreWaRVq5QppRJO59-mrwE4hPZhF,Ae.Aegypti_1F_5D_25C_SmallCylinder_cut26_16bit.wav,mosquito,Aedes aegypti,aedes_aegypti,F,1F,5D,25C,SmallCylinder,unmarked,cut26,,,,ae.aegypti_1f_5d_25c_smallcylinder,inferred_filename_source_family; merges cuts and microphone variants; individual/session identity UNKNOWN,3.031,8000,1,PCM_16,24248,ec71793f7152e0d800982382413fe41ca2b31c34b7ab7452f1241b2cf934fbc7,fc89bffe912b506fc993c0ff9e5b1fc52f60e0168354768f126d3b2e60d8d6d1,training,training,HOLD: source-family grouping is not verified individual/session independence,True,raw/mosquito/Ae.Aegypti_1F_5D_25C_SmallCylinder_cut26_16bit.wav
1Q7tlsaMxKArrq8We3BJGvz2NtWutkuRC,Ae.Aegypti_1F_5D_25C_SmallCylinder_cut27_16bit.wav,mosquito,Aedes aegypti,aedes_aegypti,F,1F,5D,25C,SmallCylinder,unmarked,cut27,,,,ae.aegypti_1f_5d_25c_smallcylinder,inferred_filename_source_family; merges cuts and microphone variants; individual/session identity UNKNOWN,1.61,8000,1,PCM_16,12880,e59b0219b9bb830b780157ee5a60b9399ea1d5f9d392124d556ead73a60145eb,dec2ddd1f0a5f2ba424feffa1f9ba5a657a9ba7f26ebd934a47c72ffc2972fc3,training,training,HOLD: source-family grouping is not verified individual/session independence,True,raw/mosquito/Ae.Aegypti_1F_5D_25C_SmallCylinder_cut27_16bit.wav
1tA3hYdE7kSToPLejMOdrMM81nzQKNhc8,Ae.Aegypti_1F_5D_25C_SmallCylinder_cut28_16bit.wav,mosquito,Aedes aegypti,aedes_aegypti,F,1F,5D,25C,SmallCylinder,unmarked,cut28,,,,ae.aegypti_1f_5d_25c_smallcylinder,inferred_filename_source_family; merges cuts and microphone variants; individual/session identity UNKNOWN,1.323,8000,1,PCM_16,10584,e9259a8ead30bfaedad536ef91ed4da2d668f6efc4847117ce86e49805205a56,5dd93e456c03d314ea54af6b120a2d211bc4afc9d71ff2ed78428ec7c82e950a,training,training,HOLD: source-family grouping is not verified individual/session independence,True,raw/mosquito/Ae.Aegypti_1F_5D_25C_SmallCylinder_cut28_16bit.wav
1T0WF29Y9OHilG9Eq7w3Q7KxpvaEyiRrQ,Ae.Aegypti_1F_5D_25C_SmallCylinder_cut29_16bit.wav,mosquito,Aedes aegypti,aedes_aegypti,F,1F,5D,25C,SmallCylinder,unmarked,cut29,,,,ae.aegypti_1f_5d_25c_smallcylinder,inferred_filename_source_family; merges cuts and microphone variants; individual/session identity UNKNOWN,2.737,8000,1,PCM_16,21896,ff32ef5d60398f0c784717d04d93f9428e8308c5fe466ba5735434db2f9817aa,97de1bd06bca251d7bd21be86a64914889a050e984a5bdbeff5ea5a75fef5ca1,training,training,HOLD: source-family grouping is not verified individual/session independence,True,raw/mosquito/Ae.Aegypti_1F_5D_25C_SmallCylinder_cut29_16bit.wav
1hFWDBM-lSJfVnN6q5WF6dh8z1cBEkQ_9,Ae.Aegypti_1F_5D_25C_SmallCylinder_cut2_16bit.wav,mosquito,Aedes aegypti,aedes_aegypti,F,1F,5D,25C,SmallCylinder,unmarked,cut2,,,,ae.aegypti_1f_5d_25c_smallcylinder,inferred_filename_source_family; merges cuts and microphone variants; individual/session identity UNKNOWN,1.646,8000,1,PCM_16,13168,004525637bb342f54500d5b82c2155cd80b0a09d12b91f76c537e0d416869b6c,aa5e68b227c12ddf16da19eb62882a08980f8e620c07459ff8feab342aaf8d12,training,training,HOLD: source-family grouping is not verified individual/session independence,True,raw/mosquito/Ae.Aegypti_1F_5D_25C_SmallCylinder_cut2_16bit.wav
1OBEnwWReGU5rpPV7WgAHVxOL_DkpuIpj,Ae.Aegypti_1F_5D_25C_SmallCylinder_cut30_16bit.wav,mosquito,Aedes aegypti,aedes_aegypti,F,1F,5D,25C,SmallCylinder,unmarked,cut30,,,,ae.aegypti_1f_5d_25c_smallcylinder,inferred_filename_source_family; merges cuts and microphone variants; individual/session identity UNKNOWN,1.079,8000,1,PCM_16,8632,3f3021553a70be99c1f070e46aad94904c978ed76d8d30df369823b6f196b876,3c38e6ea887fc03ce22235c9f3aa746d8bc54ac3f4f2898a89402ec977f5db1f,training,training,HOLD: source-family grouping is not verified individual/session independence,True,raw/mosquito/Ae.Aegypti_1F_5D_25C_SmallCylinder_cut30_16bit.wav
1r7Ud_DC8LViHrkJMlcOl86aKqZ2b08JU,Ae.Aegypti_1F_5D_25C_SmallCylinder_cut31_16bit.wav,mosquito,Aedes aegypti,aedes_aegypti,F,1F,5D,25C,SmallCylinder,unmarked,cut31,,,,ae.aegypti_1f_5d_25c_smallcylinder,inferred_filename_source_family; merges cuts and microphone variants; individual/session identity UNKNOWN,0.914,8000,1,PCM_16,7312,d0d7b70e36f5b51c540032a9764ba805783af1fe30c3949e627bbe6ad3eff7e3,3850acd2fab3cc246af6ac98558253b7fde288038e6d49113fc0744e4fcbfe23,training,training,HOLD: source-family grouping is not verified individual/session independence; shorter than original 1-second context; no padding/looping/concatenation authorized,False,raw/mosquito/Ae.Aegypti_1F_5D_25C_SmallCylinder_cut31_16bit.wav
1T0p9JiBMGs1lyp4snmhpuB-Tx47xXeBQ,Ae.Aegypti_1F_5D_25C_SmallCylinder_cut32_16bit.wav,mosquito,Aedes aegypti,aedes_aegypti,F,1F,5D,25C,SmallCylinder,unmarked,cut32,,,,ae.aegypti_1f_5d_25c_smallcylinder,inferred_filename_source_family; merges cuts and microphone variants; individual/session identity UNKNOWN,2.232,8000,1,PCM_16,17856,1d2c7665b4141a045fbf0f6572e3ac10627df91349abb36a83da360abce5ca25,1794801e9214d0772eabc4a1af8bbf63ced4b6a0f3b37cc8d295c72403238c45,training,training,HOLD: source-family grouping is not verified individual/session independence,True,raw/mosquito/Ae.Aegypti_1F_5D_25C_SmallCylinder_cut32_16bit.wav
1RnBkHDRQJoHbBMgU2iEvwPhMRjRqPdM2,Ae.Aegypti_1F_5D_25C_SmallCylinder_cut33_16bit.wav,mosquito,Aedes aegypti,aedes_aegypti,F,1F,5D,25C,SmallCylinder,unmarked,cut33,,,,ae.aegypti_1f_5d_25c_smallcylinder,inferred_filename_source_family; merges cuts and microphone variants; individual/session identity UNKNOWN,1.483,8000,1,PCM_16,11864,b408a170d87c60518eacc645ff30247434fbde56a1d6df0707d77e978aade3ca,3d4aae80f3b1c125d2294bfbce8c35e3dbed85cb254fbd50ff6dcc069bbf0d83,training,training,HOLD: source-family grouping is not verified individual/session independence,True,raw/mosquito/Ae.Aegypti_1F_5D_25C_SmallCylinder_cut33_16bit.wav
1m2wqJLfuydSE3Y7vhi-Im-adeS57CW-7,Ae.Aegypti_1F_5D_25C_SmallCylinder_cut34_16bit.wav,mosquito,Aedes aegypti,aedes_aegypti,F,1F,5D,25C,SmallCylinder,unmarked,cut34,,,,ae.aegypti_1f_5d_25c_smallcylinder,inferred_filename_source_family; merges cuts and microphone variants; individual/session identity UNKNOWN,2.342,8000,1,PCM_16,18736,2c2f51d98afb012ec5fa660454e2252a6fc55956ab18836515a9f275f98c6602,86e3e4d6801053eb810b1d14ebfa0b239679ce25839d942953ae205cc293e391,training,training,HOLD: source-family grouping is not verified individual/session independence,True,raw/mosquito/Ae.Aegypti_1F_5D_25C_SmallCylinder_cut34_16bit.wav
1hlEf6IwuHmLue98AhkUTf-X29s65rY0h,Ae.Aegypti_1F_5D_25C_SmallCylinder_cut35_16bit.wav,mosquito,Aedes aegypti,aedes_aegypti,F,1F,5D,25C,SmallCylinder,unmarked,cut35,,,,ae.aegypti_1f_5d_25c_smallcylinder,inferred_filename_source_family; merges cuts and microphone variants; individual/session identity UNKNOWN,2.457,8000,1,PCM_16,19656,7546e9d07bae5f15c1aa857617bfaf453f78dcb08fc7cfd09431049fda943e16,cdaa7ab6ead4a01cf0260b532b636a98d4148dac85612fd6a2f4e2a9e4b526d3,training,training,HOLD: source-family grouping is not verified individual/session independence,True,raw/mosquito/Ae.Aegypti_1F_5D_25C_SmallCylinder_cut35_16bit.wav
1QVOJjNYAJSMzBjyUVEYYzPwvT5Nk0OQ9,Ae.Aegypti_1F_5D_25C_SmallCylinder_cut36_16bit.wav,mosquito,Aedes aegypti,aedes_aegypti,F,1F,5D,25C,SmallCylinder,unmarked,cut36,,,,ae.aegypti_1f_5d_25c_smallcylinder,inferred_filename_source_family; merges cuts and microphone variants; individual/session identity UNKNOWN,0.659,8000,1,PCM_16,5272,a00ba14dd9f767dfaa1e7884bdd702cee2b888cc87a39730422940d96ff8fec5,86ccc4c5c0bd5b97911ed2e8ecf1df81a1b0624e8579dd869c8cc8226b738b4f,training,training,HOLD: source-family grouping is not verified individual/session independence; shorter than original 1-second context; no padding/looping/concatenation authorized,False,raw/mosquito/Ae.Aegypti_1F_5D_25C_SmallCylinder_cut36_16bit.wav
1PY7O3b5r8Wa5oghgmaKrDV4oXUsgGUN6,Ae.Aegypti_1F_5D_25C_SmallCylinder_cut37_16bit.wav,mosquito,Aedes aegypti,aedes_aegypti,F,1F,5D,25C,SmallCylinder,unmarked,cut37,,,,ae.aegypti_1f_5d_25c_smallcylinder,inferred_filename_source_family; merges cuts and microphone variants; individual/session identity UNKNOWN,1.773,8000,1,PCM_16,14184,30857a9cdb8dab7d3ce883282cd5fbf22fec1d0e118e26efececfd40fcec760e,0ccc544b0cb1590fdd94ea43360fd7035326a356a2187c11df57a01b7f96776d,training,training,HOLD: source-family grouping is not verified individual/session independence,True,raw/mosquito/Ae.Aegypti_1F_5D_25C_SmallCylinder_cut37_16bit.wav
1tKFaBrtXdewOJDmkKe_cXsCwtOIEeW8O,Ae.Aegypti_1F_5D_25C_SmallCylinder_cut38_16bit.wav,mosquito,Aedes aegypti,aedes_aegypti,F,1F,5D,25C,SmallCylinder,unmarked,cut38,,,,ae.aegypti_1f_5d_25c_smallcylinder,inferred_filename_source_family; merges cuts and microphone variants; individual/session identity UNKNOWN,2.319,8000,1,PCM_16,18552,735816b241d9d531496445cd869525c4646f2a39dafacf9b72a613b3059e29b9,3d5b3cd7a60819d033d6ce8f5846b14d1c0435e5793612c1cf0700b4023f397d,training,training,HOLD: source-family grouping is not verified individual/session independence,True,raw/mosquito/Ae.Aegypti_1F_5D_25C_SmallCylinder_cut38_16bit.wav
1Lkp4BIjebL2xK3cqdWsuocrm2NbjajU8,Ae.Aegypti_1F_5D_25C_SmallCylinder_cut39_16bit.wav,mosquito,Aedes aegypti,aedes_aegypti,F,1F,5D,25C,SmallCylinder,unmarked,cut39,,,,ae.aegypti_1f_5d_25c_smallcylinder,inferred_filename_source_family; merges cuts and microphone variants; individual/session identity UNKNOWN,1.376,8000,1,PCM_16,11008,595723d19459c14f7380c1ae36e79a66dc3d75e786ca5af44acae0f2ceac4d96,599d2e90b20c7b57ccace9432cb36e4cb0819f9c59dc5b8f2d35692a3add9cab,training,training,HOLD: source-family grouping is not verified individual/session independence,True,raw/mosquito/Ae.Aegypti_1F_5D_25C_SmallCylinder_cut39_16bit.wav
166g_Y1Ztwc28sfmBGQY7MBe9AYybtUtX,Ae.Aegypti_1F_5D_25C_SmallCylinder_cut3_16bit.wav,mosquito,Aedes aegypti,aedes_aegypti,F,1F,5D,25C,SmallCylinder,unmarked,cut3,,,,ae.aegypti_1f_5d_25c_smallcylinder,inferred_filename_source_family; merges cuts and microphone variants; individual/session identity UNKNOWN,1.247,8000,1,PCM_16,9976,977d625bdbc7182fd8f1a111f7f93fdad617b565e94f8500022c0296c4c94770,880db0f0fc166563513861e2f3044dabc65e590959240b52887299a7d5806743,training,training,HOLD: source-family grouping is not verified individual/session independence,True,raw/mosquito/Ae.Aegypti_1F_5D_25C_SmallCylinder_cut3_16bit.wav
1GoNw-vXyolrktF5kzAnXuq4ZUB0coyub,Ae.Aegypti_1F_5D_25C_SmallCylinder_cut40_16bit.wav,mosquito,Aedes aegypti,aedes_aegypti,F,1F,5D,25C,SmallCylinder,unmarked,cut40,,,,ae.aegypti_1f_5d_25c_smallcylinder,inferred_filename_source_family; merges cuts and microphone variants; individual/session identity UNKNOWN,1.382,8000,1,PCM_16,11056,6bd137d1d2424e7d9517b1a30cbb2cedd99f44f50f5b43c4205995f3679c8812,d9ef873a43171a77e6aaba73952089c52df322b8f11bc4a698bf0147a443c0fb,training,training,HOLD: source-family grouping is not verified individual/session independence,True,raw/mosquito/Ae.Aegypti_1F_5D_25C_SmallCylinder_cut40_16bit.wav
1aoe-cThFYBPt-FaIUybPqzLSTJjmO6Tx,Ae.Aegypti_1F_5D_25C_SmallCylinder_cut41_16bit.wav,mosquito,Aedes aegypti,aedes_aegypti,F,1F,5D,25C,SmallCylinder,unmarked,cut41,,,,ae.aegypti_1f_5d_25c_smallcylinder,inferred_filename_source_family; merges cuts and microphone variants; individual/session identity UNKNOWN,2.964,8000,1,PCM_16,23712,5d36f998493574a4aa680e7b9f15b7838f169fb1fd7cb1a93a6e51cdc47b499d,4ff6cf4fa08e2697538c8103de5f67532dc895547696fa4d5b1820df64bf0a04,training,training,HOLD: source-family grouping is not verified individual/session independence,True,raw/mosquito/Ae.Aegypti_1F_5D_25C_SmallCylinder_cut41_16bit.wav
1gA8byb36ogNg8PFtfFaQTD9ElKTsnzjl,Ae.Aegypti_1F_5D_25C_SmallCylinder_cut42_16bit.wav,mosquito,Aedes aegypti,aedes_aegypti,F,1F,5D,25C,SmallCylinder,unmarked,cut42,,,,ae.aegypti_1f_5d_25c_smallcylinder,inferred_filename_source_family; merges cuts and microphone variants; individual/session identity UNKNOWN,1.707,8000,1,PCM_16,13656,fa438fc8f4bb43b61a4989bf7a3b0c82a932270c4369b9b09de437e7bc75fdf5,60e4f57a7e067a20cf79a2625520167f110996c25296a456c6f33dd66815d6ff,training,training,HOLD: source-family grouping is not verified individual/session independence,True,raw/mosquito/Ae.Aegypti_1F_5D_25C_SmallCylinder_cut42_16bit.wav
15EjSK-IOEgPkh86uXKTqTK4ViPw_GdzU,Ae.Aegypti_1F_5D_25C_SmallCylinder_cut43_16bit.wav,mosquito,Aedes aegypti,aedes_aegypti,F,1F,5D,25C,SmallCylinder,unmarked,cut43,,,,ae.aegypti_1f_5d_25c_smallcylinder,inferred_filename_source_family; merges cuts and microphone variants; individual/session identity UNKNOWN,1.644,8000,1,PCM_16,13152,2969469a58a753049e4b965901576f768f5b079e937a3b01b08dfd9a67e45fb1,73f0f6a6c8674f8812c94f7178c1457aa4c9e2fa5dc3fdf75149be52438dabee,training,training,HOLD: source-family grouping is not verified individual/session independence,True,raw/mosquito/Ae.Aegypti_1F_5D_25C_SmallCylinder_cut43_16bit.wav
1xLosBWsG26tJZp13l_dxns6CNOdMYwwf,Ae.Aegypti_1F_5D_25C_SmallCylinder_cut44_16bit.wav,mosquito,Aedes aegypti,aedes_aegypti,F,1F,5D,25C,SmallCylinder,unmarked,cut44,,,,ae.aegypti_1f_5d_25c_smallcylinder,inferred_filename_source_family; merges cuts and microphone variants; individual/session identity UNKNOWN,1.171,8000,1,PCM_16,9368,82a299a66a41ccafa56219b857e88db9af4e11ae80bf94a250779742fb5449bf,acfbf7c61323451a2a67ddc1e4a708a1bda591aab676b0dbd1aa549a7aee5d70,training,training,HOLD: source-family grouping is not verified individual/session independence,True,raw/mosquito/Ae.Aegypti_1F_5D_25C_SmallCylinder_cut44_16bit.wav
1g-6qqgCPF9bSIFXDQuJsVi8mDP5ffbLx,Ae.Aegypti_1F_5D_25C_SmallCylinder_cut45_16bit.wav,mosquito,Aedes aegypti,aedes_aegypti,F,1F,5D,25C,SmallCylinder,unmarked,cut45,,,,ae.aegypti_1f_5d_25c_smallcylinder,inferred_filename_source_family; merges cuts and microphone variants; individual/session identity UNKNOWN,2.369,8000,1,PCM_16,18952,3eaf62f146fec63c2eb4a3b770ebb819936b3f2ebc7904c7ff74ff39f69d09ac,664a6455ddad5e6310d311099b9e92f1e0899334ceb50c16d6c61c6e58b69d91,training,training,HOLD: source-family grouping is not verified individual/session independence,True,raw/mosquito/Ae.Aegypti_1F_5D_25C_SmallCylinder_cut45_16bit.wav
12SPdN7K2BDa3bl-aYF1B9PsKH4EuRkEC,Ae.Aegypti_1F_5D_25C_SmallCylinder_cut46_16bit.wav,mosquito,Aedes aegypti,aedes_aegypti,F,1F,5D,25C,SmallCylinder,unmarked,cut46,,,,ae.aegypti_1f_5d_25c_smallcylinder,inferred_filename_source_family; merges cuts and microphone variants; individual/session identity UNKNOWN,4.283,8000,1,PCM_16,34264,434776f234f233909cee8232fa0a1af3aed5647b159daf8a454e9dd09545ef0d,df07b2662302c462a382f66f82a782aa822b98dda3f9c8f31eef65e9ba29f9e9,training,training,HOLD: source-family grouping is not verified individual/session independence,True,raw/mosquito/Ae.Aegypti_1F_5D_25C_SmallCylinder_cut46_16bit.wav
1FUNVpzeLmFaxSjwIH4Vp6HI3bh2NPwPX,Ae.Aegypti_1F_5D_25C_SmallCylinder_cut4_16bit.wav,mosquito,Aedes aegypti,aedes_aegypti,F,1F,5D,25C,SmallCylinder,unmarked,cut4,,,,ae.aegypti_1f_5d_25c_smallcylinder,inferred_filename_source_family; merges cuts and microphone variants; individual/session identity UNKNOWN,0.64925,8000,1,PCM_16,5194,992934175e0336fadbd0106280119db694118a0fc338871d8b77819dd21004f6,e5e7aa06c1866d8f341155025605e77ae8e33e774ab2089fe822812c04c5d8c0,training,training,HOLD: source-family grouping is not verified individual/session independence; shorter than original 1-second context; no padding/looping/concatenation authorized,False,raw/mosquito/Ae.Aegypti_1F_5D_25C_SmallCylinder_cut4_16bit.wav
1aq5LRIun3WNCAGVlt5SIFBUCrOoK31_S,Ae.Aegypti_1F_5D_25C_SmallCylinder_cut5_16bit.wav,mosquito,Aedes aegypti,aedes_aegypti,F,1F,5D,25C,SmallCylinder,unmarked,cut5,,,,ae.aegypti_1f_5d_25c_smallcylinder,inferred_filename_source_family; merges cuts and microphone variants; individual/session identity UNKNOWN,6.182875,8000,1,PCM_16,49463,60dc1e3666f95db7f78ccad818f37724998f754d45a04766399e1d3db4a87cef,d8da9606c3a369c355220da3135b751d83c927cc7b7728ae3ac7321a37d9a8e5,training,training,HOLD: source-family grouping is not verified individual/session independence,True,raw/mosquito/Ae.Aegypti_1F_5D_25C_SmallCylinder_cut5_16bit.wav
1YoLzdzMEN2GWqplZdAXF8ibAVtyZoxpA,Ae.Aegypti_1F_5D_25C_SmallCylinder_cut6_16bit.wav,mosquito,Aedes aegypti,aedes_aegypti,F,1F,5D,25C,SmallCylinder,unmarked,cut6,,,,ae.aegypti_1f_5d_25c_smallcylinder,inferred_filename_source_family; merges cuts and microphone variants; individual/session identity UNKNOWN,1.631,8000,1,PCM_16,13048,d292f025216ff01b1ee398141ba44793e2517ca670c1b9ed998f823656ab1597,f3384a4443e6bb779c9e74f98fad8f1b40858515a15bf84c8df9cdd50460e83f,training,training,HOLD: source-family grouping is not verified individual/session independence,True,raw/mosquito/Ae.Aegypti_1F_5D_25C_SmallCylinder_cut6_16bit.wav
1QC_IkTpjzQ1r18D2j71JBZJfrWlQcQwf,Ae.Aegypti_1F_5D_25C_SmallCylinder_cut7_16bit.wav,mosquito,Aedes aegypti,aedes_aegypti,F,1F,5D,25C,SmallCylinder,unmarked,cut7,,,,ae.aegypti_1f_5d_25c_smallcylinder,inferred_filename_source_family; merges cuts and microphone variants; individual/session identity UNKNOWN,3.26175,8000,1,PCM_16,26094,09414b30401232b7cd064c3c4e4fe901400c479388d849769a7bdd01a63450eb,503e5bf534fdc77bdfcdce81eba449362c68dcfc0df4b6c3027daf8fd608f275,training,training,HOLD: source-family grouping is not verified individual/session independence,True,raw/mosquito/Ae.Aegypti_1F_5D_25C_SmallCylinder_cut7_16bit.wav
1yRTQhd1c6zKRmvWjb_yKqln3u9qwj1Ib,Ae.Aegypti_1F_5D_25C_SmallCylinder_cut8_16bit.wav,mosquito,Aedes aegypti,aedes_aegypti,F,1F,5D,25C,SmallCylinder,unmarked,cut8,,,,ae.aegypti_1f_5d_25c_smallcylinder,inferred_filename_source_family; merges cuts and microphone variants; individual/session identity UNKNOWN,2.348,8000,1,PCM_16,18784,38751f2d2de74eb33d2a9367b425483986adc9f9d885ff605c7a080a885ffed7,83cc675ed1b3caa21fed26de2042bd7e000927ee73e6346c3222d5cead1114fb,training,training,HOLD: source-family grouping is not verified individual/session independence,True,raw/mosquito/Ae.Aegypti_1F_5D_25C_SmallCylinder_cut8_16bit.wav
1LOEMgAqPiX37eEkD2Qu0v6qsZPNc4Pqs,Ae.Aegypti_1F_5D_25C_SmallCylinder_cut9_16bit.wav,mosquito,Aedes aegypti,aedes_aegypti,F,1F,5D,25C,SmallCylinder,unmarked,cut9,,,,ae.aegypti_1f_5d_25c_smallcylinder,inferred_filename_source_family; merges cuts and microphone variants; individual/session identity UNKNOWN,2.575,8000,1,PCM_16,20600,87305d373de83a779d5b7a7dcd2d0bc20fd14efc6f97fe2175337b23383a9113,18faeded9128648cb6144ed5b0c9fe755404c5d2706a4aa9c9962a2d82750a38,training,training,HOLD: source-family grouping is not verified individual/session independence,True,raw/mosquito/Ae.Aegypti_1F_5D_25C_SmallCylinder_cut9_16bit.wav
1sCAhLQE7Dtxggs-4UmFmXF_Iaq0UFAh4,Ae.Aegypti_1F_5D_25C_SmallCylinder_LowMic_cut10_16bit.wav,mosquito,Aedes aegypti,aedes_aegypti,F,1F,5D,25C,SmallCylinder,LowMic,cut10,,,,ae.aegypti_1f_5d_25c_smallcylinder,inferred_filename_source_family; merges cuts and microphone variants; individual/session identity UNKNOWN,2.05025,8000,1,PCM_16,16402,d3c1229fb2e0405a732b5d3b46e44a91e36f4f6971bbc51ee513a6bc38255304,fdd26abfd971216cad7073dd852155573725c4ee030c82c305f54817eb465ef5,training,training,HOLD: source-family grouping is not verified individual/session independence,True,raw/mosquito/Ae.Aegypti_1F_5D_25C_SmallCylinder_LowMic_cut10_16bit.wav
16KSswVkmkpBDH9ZKcuVLjYNEXwbV76Kl,Ae.Aegypti_1F_5D_25C_SmallCylinder_LowMic_cut11_16bit.wav,mosquito,Aedes aegypti,aedes_aegypti,F,1F,5D,25C,SmallCylinder,LowMic,cut11,,,,ae.aegypti_1f_5d_25c_smallcylinder,inferred_filename_source_family; merges cuts and microphone variants; individual/session identity UNKNOWN,4.353,8000,1,PCM_16,34824,5c136d1a5298e5bed58f7a08c9b80505a2b2e17b8b6c3eb55ed6d67ef3b084ae,e6fc80cd674a130e3b8f05807bd8110d856267aaf81129e17bad0d8a8b4a5632,training,training,HOLD: source-family grouping is not verified individual/session independence,True,raw/mosquito/Ae.Aegypti_1F_5D_25C_SmallCylinder_LowMic_cut11_16bit.wav
1RoYqjUvvGwFn_O_pHHgrC4KVsvEeHR6q,Ae.Aegypti_1F_5D_25C_SmallCylinder_LowMic_cut12_16bit.wav,mosquito,Aedes aegypti,aedes_aegypti,F,1F,5D,25C,SmallCylinder,LowMic,cut12,,,,ae.aegypti_1f_5d_25c_smallcylinder,inferred_filename_source_family; merges cuts and microphone variants; individual/session identity UNKNOWN,1.171625,8000,1,PCM_16,9373,939d020074d6a25c253a1936cff50e604bbf33eeae43f6970b50c02c8a462cc8,d9cae80d3f1bafa540566d78494d42e794f5b90a7efb2747da546b08d6bf8597,training,training,HOLD: source-family grouping is not verified individual/session independence,True,raw/mosquito/Ae.Aegypti_1F_5D_25C_SmallCylinder_LowMic_cut12_16bit.wav
1F0bkwk-_GqHlHowIA1HzS2yPP2Jp7xoa,Ae.Aegypti_1F_5D_25C_SmallCylinder_LowMic_cut13_16bit.wav,mosquito,Aedes aegypti,aedes_aegypti,F,1F,5D,25C,SmallCylinder,LowMic,cut13,,,,ae.aegypti_1f_5d_25c_smallcylinder,inferred_filename_source_family; merges cuts and microphone variants; individual/session identity UNKNOWN,1.964375,8000,1,PCM_16,15715,6c4e46d8ad5fb0e141d6e531d834c4d040d541223ace80e9419998c1d1c3bb30,95ee46d51195b76c689bb09a019c93210b3d6f9ec4c67badaff18f59d7a70edc,training,training,HOLD: source-family grouping is not verified individual/session independence,True,raw/mosquito/Ae.Aegypti_1F_5D_25C_SmallCylinder_LowMic_cut13_16bit.wav
1hxA6t99Bsfl8EqYxkfjuYVm1yC42XNtu,Ae.Aegypti_1F_5D_25C_SmallCylinder_LowMic_cut14_16bit.wav,mosquito,Aedes aegypti,aedes_aegypti,F,1F,5D,25C,SmallCylinder,LowMic,cut14,,,,ae.aegypti_1f_5d_25c_smallcylinder,inferred_filename_source_family; merges cuts and microphone variants; individual/session identity UNKNOWN,1.929125,8000,1,PCM_16,15433,b2f7c9b7bafd0d3eb16fa89e9d08dd706d7aceddc32a456403149ab804fab9ef,fd25b70e3ca8ec41727a24c673a4e861be853955e44faa6d8460e711be2aefa7,training,training,HOLD: source-family grouping is not verified individual/session independence,True,raw/mosquito/Ae.Aegypti_1F_5D_25C_SmallCylinder_LowMic_cut14_16bit.wav
1iFB6DotD8rukRNTrvrhUi0rgYeiOFRuT,Ae.Aegypti_1F_5D_25C_SmallCylinder_LowMic_cut15_16bit.wav,mosquito,Aedes aegypti,aedes_aegypti,F,1F,5D,25C,SmallCylinder,LowMic,cut15,,,,ae.aegypti_1f_5d_25c_smallcylinder,inferred_filename_source_family; merges cuts and microphone variants; individual/session identity UNKNOWN,1.121125,8000,1,PCM_16,8969,21274828fc0e0ee29e9dce7f0aa5f6a986e373fa751e6c8538115db0c1dc2d09,9ba00c67f5738333d3a7d758f0581ef23856a6f7e526fdefbc3329f2d168a797,training,training,HOLD: source-family grouping is not verified individual/session independence,True,raw/mosquito/Ae.Aegypti_1F_5D_25C_SmallCylinder_LowMic_cut15_16bit.wav
14LUBvXDXNYOJOP3plyTJZTDxtXf9GIHC,Ae.Aegypti_1F_5D_25C_SmallCylinder_LowMic_cut16_16bit.wav,mosquito,Aedes aegypti,aedes_aegypti,F,1F,5D,25C,SmallCylinder,LowMic,cut16,,,,ae.aegypti_1f_5d_25c_smallcylinder,inferred_filename_source_family; merges cuts and microphone variants; individual/session identity UNKNOWN,2.34825,8000,1,PCM_16,18786,67954e924ece644ed661f1405652aad412d7a48995afb0b9d3f8121d85a94e78,0305490e2651ca97bb9401f78432ec9bb6e51d764bbd6f8a66eb531e5703e0fe,training,training,HOLD: source-family grouping is not verified individual/session independence,True,raw/mosquito/Ae.Aegypti_1F_5D_25C_SmallCylinder_LowMic_cut16_16bit.wav
1wOTEeq39BUhixKfEa6mO0IQfDvhDceKq,Ae.Aegypti_1F_5D_25C_SmallCylinder_LowMic_cut17_16bit.wav,mosquito,Aedes aegypti,aedes_aegypti,F,1F,5D,25C,SmallCylinder,LowMic,cut17,,,,ae.aegypti_1f_5d_25c_smallcylinder,inferred_filename_source_family; merges cuts and microphone variants; individual/session identity UNKNOWN,2.242125,8000,1,PCM_16,17937,6b980531f32fc5adbd66e4a3cd4c00393705de8113aa472a07349680079c3f19,90d7548bcfc419c42a3ea6f495158db2131b45b3b92aa738828058c630e80b4a,training,training,HOLD: source-family grouping is not verified individual/session independence,True,raw/mosquito/Ae.Aegypti_1F_5D_25C_SmallCylinder_LowMic_cut17_16bit.wav
1Mb5UXEX0rw-xrJ4pkgynVfBRIBe3XJh_,Ae.Aegypti_1F_5D_25C_SmallCylinder_LowMic_cut18_16bit.wav,mosquito,Aedes aegypti,aedes_aegypti,F,1F,5D,25C,SmallCylinder,LowMic,cut18,,,,ae.aegypti_1f_5d_25c_smallcylinder,inferred_filename_source_family; merges cuts and microphone variants; individual/session identity UNKNOWN,1.03525,8000,1,PCM_16,8282,5aa8caccca3dc2330f9fa604ddc87bfc9de1aa06c317a1826788f6d573247cdd,c6f1713c93bb67906296c494a646670c4cba4d2aeaa43dfdd34ba0c435a94d1c,training,training,HOLD: source-family grouping is not verified individual/session independence,True,raw/mosquito/Ae.Aegypti_1F_5D_25C_SmallCylinder_LowMic_cut18_16bit.wav
1m5rqS3rdnsC71KOm6WjGE0Up19OX6fSu,Ae.Aegypti_1F_5D_25C_SmallCylinder_LowMic_cut19_16bit.wav,mosquito,Aedes aegypti,aedes_aegypti,F,1F,5D,25C,SmallCylinder,LowMic,cut19,,,,ae.aegypti_1f_5d_25c_smallcylinder,inferred_filename_source_family; merges cuts and microphone variants; individual/session identity UNKNOWN,3.403625,8000,1,PCM_16,27229,01d9fdb4c85ff43bbf6d024ca8fd0a379b04b0b2c2fa37a2160612da80eca9fa,0c6b94fd80347cfbdbba2a523e16a56e266250f1b405ab69eda516625be3973b,training,training,HOLD: source-family grouping is not verified individual/session independence,True,raw/mosquito/Ae.Aegypti_1F_5D_25C_SmallCylinder_LowMic_cut19_16bit.wav
1QFv-cinSmH4JV9MFOzr6sY_LwVsfyRUS,Ae.Aegypti_1F_5D_25C_SmallCylinder_LowMic_cut1_16bit.wav,mosquito,Aedes aegypti,aedes_aegypti,F,1F,5D,25C,SmallCylinder,LowMic,cut1,,,,ae.aegypti_1f_5d_25c_smallcylinder,inferred_filename_source_family; merges cuts and microphone variants; individual/session identity UNKNOWN,5.622375,8000,1,PCM_16,44979,92367d0441b16bca3d78b5acb0b98916e62ccbe6c98656a6462d0888a364bc2f,9b5022e51b1289f26be2268db0d1ceae0f4ba144799cdf81231b1cf5ab2cbc5b,training,training,HOLD: source-family grouping is not verified individual/session independence,True,raw/mosquito/Ae.Aegypti_1F_5D_25C_SmallCylinder_LowMic_cut1_16bit.wav
1vzoONtDF8qcO9yKI1x8HavCXESCwCf-P,Ae.Aegypti_1F_5D_25C_SmallCylinder_LowMic_cut20_16bit.wav,mosquito,Aedes aegypti,aedes_aegypti,F,1F,5D,25C,SmallCylinder,LowMic,cut20,,,,ae.aegypti_1f_5d_25c_smallcylinder,inferred_filename_source_family; merges cuts and microphone variants; individual/session identity UNKNOWN,2.469375,8000,1,PCM_16,19755,f2ad801768256b885b6959921251f123a71bafb24c110fc43ff578fb2e9359fd,05fdb2000fc1826001061407ca19edf584552679c9e13e18316e24a4d731e36e,training,training,HOLD: source-family grouping is not verified individual/session independence,True,raw/mosquito/Ae.Aegypti_1F_5D_25C_SmallCylinder_LowMic_cut20_16bit.wav
1YoLFvE4Xgbl2uHLofPIfTezV8L6LHDuW,Ae.Aegypti_1F_5D_25C_SmallCylinder_LowMic_cut21_16bit.wav,mosquito,Aedes aegypti,aedes_aegypti,F,1F,5D,25C,SmallCylinder,LowMic,cut21,,,,ae.aegypti_1f_5d_25c_smallcylinder,inferred_filename_source_family; merges cuts and microphone variants; individual/session identity UNKNOWN,1.020125,8000,1,PCM_16,8161,8f7248a4b12a5c84cf67365ca1cd80646828b8f3a7e1f2e1fc49d03c20f826d2,c00650c721af6fb8a0ec09072616fd50c6af7fc0012e6d1a1616a3475aaa8d68,training,training,HOLD: source-family grouping is not verified individual/session independence,True,raw/mosquito/Ae.Aegypti_1F_5D_25C_SmallCylinder_LowMic_cut21_16bit.wav
1hltokJTS22L7NiP_MkzsKFcfhVliwxRQ,Ae.Aegypti_1F_5D_25C_SmallCylinder_LowMic_cut22_16bit.wav,mosquito,Aedes aegypti,aedes_aegypti,F,1F,5D,25C,SmallCylinder,LowMic,cut22,,,,ae.aegypti_1f_5d_25c_smallcylinder,inferred_filename_source_family; merges cuts and microphone variants; individual/session identity UNKNOWN,2.35825,8000,1,PCM_16,18866,ee095dcb663d2083a6610ef109e5dd5c657b2adf9744792a1678d260eeb9255b,2d690da8fecb29635852dcbab7276fd91d7c02aa12aa8dfcb9d97710615c304a,training,training,HOLD: source-family grouping is not verified individual/session independence,True,raw/mosquito/Ae.Aegypti_1F_5D_25C_SmallCylinder_LowMic_cut22_16bit.wav
1bt-LovEaa0w-mcorO2I69U-_IcW555Jw,Ae.Aegypti_1F_5D_25C_SmallCylinder_LowMic_cut23_16bit.wav,mosquito,Aedes aegypti,aedes_aegypti,F,1F,5D,25C,SmallCylinder,LowMic,cut23,,,,ae.aegypti_1f_5d_25c_smallcylinder,inferred_filename_source_family; merges cuts and microphone variants; individual/session identity UNKNOWN,1.18175,8000,1,PCM_16,9454,8ffc9a7c3ad7a24efca5099cbdabc182685512a7e67cb18faaa22b56e09bf96b,a8c34ff706f7a8a8e3560fd83d44852489245eb848a446c2593406651424405b,training,training,HOLD: source-family grouping is not verified individual/session independence,True,raw/mosquito/Ae.Aegypti_1F_5D_25C_SmallCylinder_LowMic_cut23_16bit.wav
11TukBKHOfyJbjE87fBFynjBo0ZBo4EkP,Ae.Aegypti_1F_5D_25C_SmallCylinder_LowMic_cut24_16bit.wav,mosquito,Aedes aegypti,aedes_aegypti,F,1F,5D,25C,SmallCylinder,LowMic,cut24,,,,ae.aegypti_1f_5d_25c_smallcylinder,inferred_filename_source_family; merges cuts and microphone variants; individual/session identity UNKNOWN,10.31875,8000,1,PCM_16,82550,3aa2740d22cfac9facba05146dbd9c0a53f51b805551de4546723ddc4bb2f38f,1aa51ba546074dc27c4e902473a4073a1aec1aab505320c017809c26d9f4f5d2,training,training,HOLD: source-family grouping is not verified individual/session independence,True,raw/mosquito/Ae.Aegypti_1F_5D_25C_SmallCylinder_LowMic_cut24_16bit.wav
1wWc_nbF1EhOzH85CxuzvI0ofS2EaFgFj,Ae.Aegypti_1F_5D_25C_SmallCylinder_LowMic_cut25_16bit.wav,mosquito,Aedes aegypti,aedes_aegypti,F,1F,5D,25C,SmallCylinder,LowMic,cut25,,,,ae.aegypti_1f_5d_25c_smallcylinder,inferred_filename_source_family; merges cuts and microphone variants; individual/session identity UNKNOWN,2.30075,8000,1,PCM_16,18406,bf88f2c761b4156a4a9b2cf9241898500bb047e1103c503c417dcaf080ded522,65ab4acc0fdbc516af5be9cf7e684c9d26b3a5872808b868742b88cab4ff12cd,training,training,HOLD: source-family grouping is not verified individual/session independence,True,raw/mosquito/Ae.Aegypti_1F_5D_25C_SmallCylinder_LowMic_cut25_16bit.wav
1FvjBUDbDWschZSYZZ5tqgyffpeDZ1bpx,Ae.Aegypti_1F_5D_25C_SmallCylinder_LowMic_cut26_16bit.wav,mosquito,Aedes aegypti,aedes_aegypti,F,1F,5D,25C,SmallCylinder,LowMic,cut26,,,,ae.aegypti_1f_5d_25c_smallcylinder,inferred_filename_source_family; merges cuts and microphone variants; individual/session identity UNKNOWN,3.0315,8000,1,PCM_16,24252,7c2525d67500b965e4aa08a1664969204b79831c1670dbb9000c23bab3e6a7e2,aedb5dbe19a4a013a6d9d328b4959c48b823b771b6e59974cb6e41f9f61b009f,training,training,HOLD: source-family grouping is not verified individual/session independence,True,raw/mosquito/Ae.Aegypti_1F_5D_25C_SmallCylinder_LowMic_cut26_16bit.wav
1eNOcLzof_pHE5NuA4OPElVHVpr-Uj8OG,Ae.Aegypti_1F_5D_25C_SmallCylinder_LowMic_cut27_16bit.wav,mosquito,Aedes aegypti,aedes_aegypti,F,1F,5D,25C,SmallCylinder,LowMic,cut27,,,,ae.aegypti_1f_5d_25c_smallcylinder,inferred_filename_source_family; merges cuts and microphone variants; individual/session identity UNKNOWN,1.609625,8000,1,PCM_16,12877,990ffff08d39b0cf96e74e629a3506d4a3275c60df5e8186ea16512fc47a1570,953ebbaca6493c1a0e18675f3a12f6cae613f009ed538909674585310123fc5e,training,training,HOLD: source-family grouping is not verified individual/session independence,True,raw/mosquito/Ae.Aegypti_1F_5D_25C_SmallCylinder_LowMic_cut27_16bit.wav
1SnCeFdTWVxqFBFX5KxgZWOo0KkXYHkqg,Ae.Aegypti_1F_5D_25C_SmallCylinder_LowMic_cut28_16bit.wav,mosquito,Aedes aegypti,aedes_aegypti,F,1F,5D,25C,SmallCylinder,LowMic,cut28,,,,ae.aegypti_1f_5d_25c_smallcylinder,inferred_filename_source_family; merges cuts and microphone variants; individual/session identity UNKNOWN,1.323375,8000,1,PCM_16,10587,f5244a2b8d4cf901514ffa3ff838b9db11365bc69eff9b3990caf398ddfa0ac3,754efbbef43263d70f378c8612c69b03fba4630769330039978d3fe586a08ce6,training,training,HOLD: source-family grouping is not verified individual/session independence,True,raw/mosquito/Ae.Aegypti_1F_5D_25C_SmallCylinder_LowMic_cut28_16bit.wav
1tRKYE5NfVnClblWk462F35TubSQqHdzc,Ae.Aegypti_1F_5D_25C_SmallCylinder_LowMic_cut29_16bit.wav,mosquito,Aedes aegypti,aedes_aegypti,F,1F,5D,25C,SmallCylinder,LowMic,cut29,,,,ae.aegypti_1f_5d_25c_smallcylinder,inferred_filename_source_family; merges cuts and microphone variants; individual/session identity UNKNOWN,2.736625,8000,1,PCM_16,21893,57d207b19846f213ff0f8a297742419dc2c33df653390e1a20c2831700335293,fa2cd36d5d9e731c71236598fde0f165fed2eaf4320fdbcfe22a4971d83755cb,training,training,HOLD: source-family grouping is not verified individual/session independence,True,raw/mosquito/Ae.Aegypti_1F_5D_25C_SmallCylinder_LowMic_cut29_16bit.wav
1bS_Lz2ALGUEuwak0dfYbGrpY9D0gCy35,Ae.Aegypti_1F_5D_25C_SmallCylinder_LowMic_cut2_16bit.wav,mosquito,Aedes aegypti,aedes_aegypti,F,1F,5D,25C,SmallCylinder,LowMic,cut2,,,,ae.aegypti_1f_5d_25c_smallcylinder,inferred_filename_source_family; merges cuts and microphone variants; individual/session identity UNKNOWN,1.64625,8000,1,PCM_16,13170,31844826bc159ec61b59d501e6d6047c3346eaa39cb0f3c79145b28e5d46f72c,ba9744ea7d89e8dd1f22d5e5982f2deb909a1fe7969a3dbaa9513eab53ae3a05,training,training,HOLD: source-family grouping is not verified individual/session independence,True,raw/mosquito/Ae.Aegypti_1F_5D_25C_SmallCylinder_LowMic_cut2_16bit.wav
14IYjRH8aJ50v2rqBewr9Z4Vrym-MsaCj,Ae.Aegypti_1F_5D_25C_SmallCylinder_LowMic_cut30_16bit.wav,mosquito,Aedes aegypti,aedes_aegypti,F,1F,5D,25C,SmallCylinder,LowMic,cut30,,,,ae.aegypti_1f_5d_25c_smallcylinder,inferred_filename_source_family; merges cuts and microphone variants; individual/session identity UNKNOWN,1.07875,8000,1,PCM_16,8630,e35a5251c767f4018342b789a662b2b8138216d57ff0c5ad9ea5983b059ed46f,b241c2a355cee289ffb4076a63099b0c2c89e3c6a0f993c8411e690b3306f02c,training,training,HOLD: source-family grouping is not verified individual/session independence,True,raw/mosquito/Ae.Aegypti_1F_5D_25C_SmallCylinder_LowMic_cut30_16bit.wav
1laSkGRxbKpAEOOPgzZdqR9kBIL9mu_hP,Ae.Aegypti_1F_5D_25C_SmallCylinder_LowMic_cut31_16bit.wav,mosquito,Aedes aegypti,aedes_aegypti,F,1F,5D,25C,SmallCylinder,LowMic,cut31,,,,ae.aegypti_1f_5d_25c_smallcylinder,inferred_filename_source_family; merges cuts and microphone variants; individual/session identity UNKNOWN,0.913875,8000,1,PCM_16,7311,d755d329c16a785d7bafdf2b3f8a5e653a509a47cf3333a11abe55b64a077245,1aa456a72f3f41aca8dcd1fcc57382139545387f31bf8c0b12db60bf49857aba,training,training,HOLD: source-family grouping is not verified individual/session independence; shorter than original 1-second context; no padding/looping/concatenation authorized,False,raw/mosquito/Ae.Aegypti_1F_5D_25C_SmallCylinder_LowMic_cut31_16bit.wav
1R2TFmQNJphqJ7DxbZf4gNQ3Xxlnd7XAf,Ae.Aegypti_1F_5D_25C_SmallCylinder_LowMic_cut32_16bit.wav,mosquito,Aedes aegypti,aedes_aegypti,F,1F,5D,25C,SmallCylinder,LowMic,cut32,,,,ae.aegypti_1f_5d_25c_smallcylinder,inferred_filename_source_family; merges cuts and microphone variants; individual/session identity UNKNOWN,2.23225,8000,1,PCM_16,17858,3e50b3d0a3bb4cc73b16c11b8e02b812e2f48935f5b03d08c94de35ec345a8ea,4fd0fa504b8e219f0cbeead29062931a6afb0e225a640d797b2285b28b137467,training,training,HOLD: source-family grouping is not verified individual/session independence,True,raw/mosquito/Ae.Aegypti_1F_5D_25C_SmallCylinder_LowMic_cut32_16bit.wav
1ychqvILn-XV0NRasqT9lLjZ3OCfNgcxd,Ae.Aegypti_1F_5D_25C_SmallCylinder_LowMic_cut33_16bit.wav,mosquito,Aedes aegypti,aedes_aegypti,F,1F,5D,25C,SmallCylinder,LowMic,cut33,,,,ae.aegypti_1f_5d_25c_smallcylinder,inferred_filename_source_family; merges cuts and microphone variants; individual/session identity UNKNOWN,1.48325,8000,1,PCM_16,11866,3dce8a20d1cd41703c3aa7e557152f90872c092cd31dccf0f95e663043017202,fe2bb6236af1f271c9b6f7a22d4106f931a596551fb24d69dd2a5ec4b10d2b93,training,training,HOLD: source-family grouping is not verified individual/session independence,True,raw/mosquito/Ae.Aegypti_1F_5D_25C_SmallCylinder_LowMic_cut33_16bit.wav
1a_noFe3Es7q6N_EHIru5ViEvinpi_gjl,Ae.Aegypti_1F_5D_25C_SmallCylinder_LowMic_cut34_16bit.wav,mosquito,Aedes aegypti,aedes_aegypti,F,1F,5D,25C,SmallCylinder,LowMic,cut34,,,,ae.aegypti_1f_5d_25c_smallcylinder,inferred_filename_source_family; merges cuts and microphone variants; individual/session identity UNKNOWN,2.342125,8000,1,PCM_16,18737,550ee7d85caa7b2e50b261a632edcd73ed828d57d416b5f2728071d22ecb86d0,8f9f0b444b7d22253c3d33641f7ef20aba41cf032ef9375bc822db00da229e28,training,training,HOLD: source-family grouping is not verified individual/session independence,True,raw/mosquito/Ae.Aegypti_1F_5D_25C_SmallCylinder_LowMic_cut34_16bit.wav
1wjF7D5I9zS7q_AqhGJqiL5AM7KtpOj1y,Ae.Aegypti_1F_5D_25C_SmallCylinder_LowMic_cut35_16bit.wav,mosquito,Aedes aegypti,aedes_aegypti,F,1F,5D,25C,SmallCylinder,LowMic,cut35,,,,ae.aegypti_1f_5d_25c_smallcylinder,inferred_filename_source_family; merges cuts and microphone variants; individual/session identity UNKNOWN,2.457,8000,1,PCM_16,19656,9fe8b93687f184ad4dbd3ecd9545e0f1a6ca7bf0c7acaf00804969aadda39fce,95fbadb0d322edff6d639738ce7f6a6f253cc101ac170687f981e3a5288309ea,training,training,HOLD: source-family grouping is not verified individual/session independence,True,raw/mosquito/Ae.Aegypti_1F_5D_25C_SmallCylinder_LowMic_cut35_16bit.wav
1dI4WukFuFnsH41j1IfzBm2dTWYWEW8ct,Ae.Aegypti_1F_5D_25C_SmallCylinder_LowMic_cut36_16bit.wav,mosquito,Aedes aegypti,aedes_aegypti,F,1F,5D,25C,SmallCylinder,LowMic,cut36,,,,ae.aegypti_1f_5d_25c_smallcylinder,inferred_filename_source_family; merges cuts and microphone variants; individual/session identity UNKNOWN,0.65925,8000,1,PCM_16,5274,8bc48de4abbe8cef1a8c50be209817c3ccf42fe4a484cd376706345493679954,19dbc666607ff7f12fc0097398b6197a8b0a728cd4da9a31ea8618e3e4870fac,training,training,HOLD: source-family grouping is not verified individual/session independence; shorter than original 1-second context; no padding/looping/concatenation authorized,False,raw/mosquito/Ae.Aegypti_1F_5D_25C_SmallCylinder_LowMic_cut36_16bit.wav
1OjRKYAPkLNL5wjnYRYfvHK0QVV0Et2lN,Ae.Aegypti_1F_5D_25C_SmallCylinder_LowMic_cut37_16bit.wav,mosquito,Aedes aegypti,aedes_aegypti,F,1F,5D,25C,SmallCylinder,LowMic,cut37,,,,ae.aegypti_1f_5d_25c_smallcylinder,inferred_filename_source_family; merges cuts and microphone variants; individual/session identity UNKNOWN,1.773125,8000,1,PCM_16,14185,04225a785b6e629e7bc93ab0553d1b99b376edc9fb373b99a5ca5ef59ff73bef,3ac2105eb1e2c623b84f8280635f1fdf3334a6d1f738a8cf88a5bc198d3e23da,training,training,HOLD: source-family grouping is not verified individual/session independence,True,raw/mosquito/Ae.Aegypti_1F_5D_25C_SmallCylinder_LowMic_cut37_16bit.wav
1ig-_7UNbcJ0jNYXMkE6j2sEmHKQoV1yL,Ae.Aegypti_1F_5D_25C_SmallCylinder_LowMic_cut38_16bit.wav,mosquito,Aedes aegypti,aedes_aegypti,F,1F,5D,25C,SmallCylinder,LowMic,cut38,,,,ae.aegypti_1f_5d_25c_smallcylinder,inferred_filename_source_family; merges cuts and microphone variants; individual/session identity UNKNOWN,2.318625,8000,1,PCM_16,18549,0cb3071f267f554a0d31e2841f3ddb642da46f5a09eb9b19277e68ffe87fc6ae,07e7f9e6748b8ac50deb9f0899066b572426a42779453847a37cbdc7d1e24d3b,training,training,HOLD: source-family grouping is not verified individual/session independence,True,raw/mosquito/Ae.Aegypti_1F_5D_25C_SmallCylinder_LowMic_cut38_16bit.wav
1A_X202ZckcB32wYR28MULgzARpTI-igc,Ae.Aegypti_1F_5D_25C_SmallCylinder_LowMic_cut39_16bit.wav,mosquito,Aedes aegypti,aedes_aegypti,F,1F,5D,25C,SmallCylinder,LowMic,cut39,,,,ae.aegypti_1f_5d_25c_smallcylinder,inferred_filename_source_family; merges cuts and microphone variants; individual/session identity UNKNOWN,1.3765,8000,1,PCM_16,11012,9805edb8f5cecda242c03f7c467e05d0de04eea764a9ae777dd03dbc8b2b1e81,ae6827154b0c90edd8ce87ed39660c7674263dc85f4e4f3094a54a0431651f39,training,training,HOLD: source-family grouping is not verified individual/session independence,True,raw/mosquito/Ae.Aegypti_1F_5D_25C_SmallCylinder_LowMic_cut39_16bit.wav
1xxaJUN08ICqQB3gKSrHpNz0QA5IHBV0u,Ae.Aegypti_1F_5D_25C_SmallCylinder_LowMic_cut3_16bit.wav,mosquito,Aedes aegypti,aedes_aegypti,F,1F,5D,25C,SmallCylinder,LowMic,cut3,,,,ae.aegypti_1f_5d_25c_smallcylinder,inferred_filename_source_family; merges cuts and microphone variants; individual/session identity UNKNOWN,1.247375,8000,1,PCM_16,9979,f38db48057eb51005b0d8f0c878c45501d83993f421ff06b102a7c77afc96bae,c539d3202b36f61a5e5d340b5d1db03133838f59cff62e76634dccdaf885fd64,training,training,HOLD: source-family grouping is not verified individual/session independence,True,raw/mosquito/Ae.Aegypti_1F_5D_25C_SmallCylinder_LowMic_cut3_16bit.wav
1UPqRUf6c1Gs0yqpkepZuA4GWhchW8EmO,Ae.Aegypti_1F_5D_25C_SmallCylinder_LowMic_cut40_16bit.wav,mosquito,Aedes aegypti,aedes_aegypti,F,1F,5D,25C,SmallCylinder,LowMic,cut40,,,,ae.aegypti_1f_5d_25c_smallcylinder,inferred_filename_source_family; merges cuts and microphone variants; individual/session identity UNKNOWN,1.38175,8000,1,PCM_16,11054,7a68daebbdbf4a842643f25409347a4646659b02a70a26a651698347c2316296,7b14150080e3712fa877d64f7bbe7be6e7f77ecb2b2d49d9cea83ae2a5e7e61e,training,training,HOLD: source-family grouping is not verified individual/session independence,True,raw/mosquito/Ae.Aegypti_1F_5D_25C_SmallCylinder_LowMic_cut40_16bit.wav
1-x-7JEhayGRlMLdOwnlvSFZUxZbdzh_y,Ae.Aegypti_1F_5D_25C_SmallCylinder_LowMic_cut41_16bit.wav,mosquito,Aedes aegypti,aedes_aegypti,F,1F,5D,25C,SmallCylinder,LowMic,cut41,,,,ae.aegypti_1f_5d_25c_smallcylinder,inferred_filename_source_family; merges cuts and microphone variants; individual/session identity UNKNOWN,2.96425,8000,1,PCM_16,23714,328fa3d892b8eb63709c572608ba19ce8cf4747b4e554a4bbaa849a3a839d5dc,3daf39261fd4f4b8f2c3386a381c24e023e3fc7171e3931567084a0724c17d64,training,training,HOLD: source-family grouping is not verified individual/session independence,True,raw/mosquito/Ae.Aegypti_1F_5D_25C_SmallCylinder_LowMic_cut41_16bit.wav
13b1NAgemD_UPVXbaF5KbkylNq0qYzmZ5,Ae.Aegypti_1F_5D_25C_SmallCylinder_LowMic_cut42_16bit.wav,mosquito,Aedes aegypti,aedes_aegypti,F,1F,5D,25C,SmallCylinder,LowMic,cut42,,,,ae.aegypti_1f_5d_25c_smallcylinder,inferred_filename_source_family; merges cuts and microphone variants; individual/session identity UNKNOWN,1.707,8000,1,PCM_16,13656,81ad6a86cf0ae64ef62b236649d4c8f22dfab4d10a24b3b9fdd79e5b3ed0cb02,2609e25f27dc91912510c76a3ff1b0619d1fe47a3fb8b7b22531a7295ab2176d,training,training,HOLD: source-family grouping is not verified individual/session independence,True,raw/mosquito/Ae.Aegypti_1F_5D_25C_SmallCylinder_LowMic_cut42_16bit.wav
1iVL9VEo9XXlKFWtydPyMAh-FNwX0__ua,Ae.Aegypti_1F_5D_25C_SmallCylinder_LowMic_cut43_16bit.wav,mosquito,Aedes aegypti,aedes_aegypti,F,1F,5D,25C,SmallCylinder,LowMic,cut43,,,,ae.aegypti_1f_5d_25c_smallcylinder,inferred_filename_source_family; merges cuts and microphone variants; individual/session identity UNKNOWN,1.644,8000,1,PCM_16,13152,75eb67213315db4d32d60377113afa6e0216942552e62c5f7f998b2a75251459,d23846e192d0878357b0297b94a9d4a94d46538b7b8b24b44eb14d9fb55e3933,training,training,HOLD: source-family grouping is not verified individual/session independence,True,raw/mosquito/Ae.Aegypti_1F_5D_25C_SmallCylinder_LowMic_cut43_16bit.wav
1zWKD86-GeEMN_-51jBZ521rduLpcNfNe,Ae.Aegypti_1F_5D_25C_SmallCylinder_LowMic_cut44_16bit.wav,mosquito,Aedes aegypti,aedes_aegypti,F,1F,5D,25C,SmallCylinder,LowMic,cut44,,,,ae.aegypti_1f_5d_25c_smallcylinder,inferred_filename_source_family; merges cuts and microphone variants; individual/session identity UNKNOWN,1.17075,8000,1,PCM_16,9366,d99d9a7342c5491179b88624e42d91aced890cb48be49d6c9ce95f50fb97111b,367de0e92b4175f975ad225b61266b5e3a3a9c59f4a075c586c7c525f52cfc67,training,training,HOLD: source-family grouping is not verified individual/session independence,True,raw/mosquito/Ae.Aegypti_1F_5D_25C_SmallCylinder_LowMic_cut44_16bit.wav
1XjmygXWeQX7uZO1sd1loOx5SxzyGxJph,Ae.Aegypti_1F_5D_25C_SmallCylinder_LowMic_cut45_16bit.wav,mosquito,Aedes aegypti,aedes_aegypti,F,1F,5D,25C,SmallCylinder,LowMic,cut45,,,,ae.aegypti_1f_5d_25c_smallcylinder,inferred_filename_source_family; merges cuts and microphone variants; individual/session identity UNKNOWN,2.368875,8000,1,PCM_16,18951,a4f232cd8c1616633ea99ce3b835146004faa2cc57653de2f6ebd14a04296db2,d0a1e0d961e9b8a7a6232bbacc612b40c504baf736219b34b98a037bd5c7f290,training,training,HOLD: source-family grouping is not verified individual/session independence,True,raw/mosquito/Ae.Aegypti_1F_5D_25C_SmallCylinder_LowMic_cut45_16bit.wav
1RUH65O8qNC8ClbfVAD6QLb01Lwyy1uGo,Ae.Aegypti_1F_5D_25C_SmallCylinder_LowMic_cut46_16bit.wav,mosquito,Aedes aegypti,aedes_aegypti,F,1F,5D,25C,SmallCylinder,LowMic,cut46,,,,ae.aegypti_1f_5d_25c_smallcylinder,inferred_filename_source_family; merges cuts and microphone variants; individual/session identity UNKNOWN,4.282875,8000,1,PCM_16,34263,0a88b71c70693c37b4ae7488ac9f34a450628749d14b1ffee0efb84c1b3120a6,0bc8ed7cb185ff566e303168d7e2c951fcb13d3fc17dfbf87562fefb59c4471c,training,training,HOLD: source-family grouping is not verified individual/session independence,True,raw/mosquito/Ae.Aegypti_1F_5D_25C_SmallCylinder_LowMic_cut46_16bit.wav
1xjjRa0AJSgAzUouLxd5krUlGkiUCq0dX,Ae.Aegypti_1F_5D_25C_SmallCylinder_LowMic_cut4_16bit.wav,mosquito,Aedes aegypti,aedes_aegypti,F,1F,5D,25C,SmallCylinder,LowMic,cut4,,,,ae.aegypti_1f_5d_25c_smallcylinder,inferred_filename_source_family; merges cuts and microphone variants; individual/session identity UNKNOWN,0.649,8000,1,PCM_16,5192,d1d1aef14e029c927792a4fd98f282ff9ceb314f4e77f3623956ec8288834690,d543976a4b23c6a46309cd33b2c699942904a5dba1a2ee0981f6dc2e67a349d0,training,training,HOLD: source-family grouping is not verified individual/session independence; shorter than original 1-second context; no padding/looping/concatenation authorized,False,raw/mosquito/Ae.Aegypti_1F_5D_25C_SmallCylinder_LowMic_cut4_16bit.wav
1_TYsUxdrVXiNIOopLIMyeygzk6whsafI,Ae.Aegypti_1F_5D_25C_SmallCylinder_LowMic_cut5_16bit.wav,mosquito,Aedes aegypti,aedes_aegypti,F,1F,5D,25C,SmallCylinder,LowMic,cut5,,,,ae.aegypti_1f_5d_25c_smallcylinder,inferred_filename_source_family; merges cuts and microphone variants; individual/session identity UNKNOWN,6.183,8000,1,PCM_16,49464,8f3b47cb5d3e4ad452ae25e72203501eda2710a20b2e62a1ebb027cd21f9c111,c3588e1c7317abee37f4374eb6a037225a078494db3016659906b446cf033ae7,training,training,HOLD: source-family grouping is not verified individual/session independence,True,raw/mosquito/Ae.Aegypti_1F_5D_25C_SmallCylinder_LowMic_cut5_16bit.wav
1ynhy1N1D9Cmmfky_TqVRz6MyyAy1DI1A,Ae.Aegypti_1F_5D_25C_SmallCylinder_LowMic_cut6_16bit.wav,mosquito,Aedes aegypti,aedes_aegypti,F,1F,5D,25C,SmallCylinder,LowMic,cut6,,,,ae.aegypti_1f_5d_25c_smallcylinder,inferred_filename_source_family; merges cuts and microphone variants; individual/session identity UNKNOWN,1.631125,8000,1,PCM_16,13049,ba4efe1b2568353a25e59ee7b5c1d4cb9e61ef4401289bca8dbd749f266b8136,fefad054800639b82086fb8791a7159d271fc111a2369e69e74a87c8ed37c5bc,training,training,HOLD: source-family grouping is not verified individual/session independence,True,raw/mosquito/Ae.Aegypti_1F_5D_25C_SmallCylinder_LowMic_cut6_16bit.wav
1JvuvLFn69SVdX1DWqRLRR-44UGjeauMi,Ae.Aegypti_1F_5D_25C_SmallCylinder_LowMic_cut7_16bit.wav,mosquito,Aedes aegypti,aedes_aegypti,F,1F,5D,25C,SmallCylinder,LowMic,cut7,,,,ae.aegypti_1f_5d_25c_smallcylinder,inferred_filename_source_family; merges cuts and microphone variants; individual/session identity UNKNOWN,3.262,8000,1,PCM_16,26096,89f8e9faa9ffe79ce76ba32d0cb0093f11c0afc3ebfc1d20f8e960afde76cb33,8937179fb992e964bd50e31d1d8f466e39f222272b75fa78f95ac85387546c9d,training,training,HOLD: source-family grouping is not verified individual/session independence,True,raw/mosquito/Ae.Aegypti_1F_5D_25C_SmallCylinder_LowMic_cut7_16bit.wav
1mDGAjtpG6HLUASyQtsU829iCyM8C1XZQ,Ae.Aegypti_1F_5D_25C_SmallCylinder_LowMic_cut8_16bit.wav,mosquito,Aedes aegypti,aedes_aegypti,F,1F,5D,25C,SmallCylinder,LowMic,cut8,,,,ae.aegypti_1f_5d_25c_smallcylinder,inferred_filename_source_family; merges cuts and microphone variants; individual/session identity UNKNOWN,2.34825,8000,1,PCM_16,18786,74db405cda9c23f704b83e8b2ca88e935c9da6f689dfb5a42206fd9efa00f355,617d7ff1d28d07597fa1439b6d49dbb57d6fac3a31f1e737001c3c8a7b72369e,training,training,HOLD: source-family grouping is not verified individual/session independence,True,raw/mosquito/Ae.Aegypti_1F_5D_25C_SmallCylinder_LowMic_cut8_16bit.wav
1t3XS71AXPos8x08oz37pZ6yYyF4lyaKj,Ae.Aegypti_1F_5D_25C_SmallCylinder_LowMic_cut9_16bit.wav,mosquito,Aedes aegypti,aedes_aegypti,F,1F,5D,25C,SmallCylinder,LowMic,cut9,,,,ae.aegypti_1f_5d_25c_smallcylinder,inferred_filename_source_family; merges cuts and microphone variants; individual/session identity UNKNOWN,2.575375,8000,1,PCM_16,20603,1040ffba71e8bdfcc89f64f4d1daa1731134abbf8079fd603d81a64b7c439c71,26e53f9f0a22cea3eabfac541499509fbedb04d5bc11cfb80c01d370ff3b4b28,training,training,HOLD: source-family grouping is not verified individual/session independence,True,raw/mosquito/Ae.Aegypti_1F_5D_25C_SmallCylinder_LowMic_cut9_16bit.wav
16A50sw0z_mgU5b-G6VZTwTPwwAjLArLW,Ae.Aegypti_1M _21D_25C_SmallCylinder_cut10_16bit.wav,mosquito,Aedes aegypti,aedes_aegypti,M,1M,21D,25C,SmallCylinder,unmarked,cut10,,,,ae.aegypti_1m_21d_25c_smallcylinder,inferred_filename_source_family; merges cuts and microphone variants; individual/session identity UNKNOWN,1.2,8000,1,PCM_16,9600,fa4e2d05a43dd64c5873a5d019153a191bf0e2301708b5392373d2ca36feebe3,6611415d1f41f89f044a590e3bae0cd07386b66439ef1b9371c52ce2b1587c92,validation,validation,HOLD: source-family grouping is not verified individual/session independence,True,raw/mosquito/Ae.Aegypti_1M _21D_25C_SmallCylinder_cut10_16bit.wav
1X13nxGXKHM8DDh5g1TJuzu9B2zrsgerY,Ae.Aegypti_1M _21D_25C_SmallCylinder_cut11_16bit.wav,mosquito,Aedes aegypti,aedes_aegypti,M,1M,21D,25C,SmallCylinder,unmarked,cut11,,,,ae.aegypti_1m_21d_25c_smallcylinder,inferred_filename_source_family; merges cuts and microphone variants; individual/session identity UNKNOWN,1.267,8000,1,PCM_16,10136,0f56d729ff6efa0edfaaa5da0dee23cf642c235f25f328b157b65fe3ec0984ea,693fae2188ec8e5bc099923531091e56526e5611efe59a85203bd77734ec3f04,validation,validation,HOLD: source-family grouping is not verified individual/session independence,True,raw/mosquito/Ae.Aegypti_1M _21D_25C_SmallCylinder_cut11_16bit.wav
1e2kibbFv4LFN76m6OCwFUOtoc_yO4hGs,Ae.Aegypti_1M _21D_25C_SmallCylinder_cut12_16bit.wav,mosquito,Aedes aegypti,aedes_aegypti,M,1M,21D,25C,SmallCylinder,unmarked,cut12,,,,ae.aegypti_1m_21d_25c_smallcylinder,inferred_filename_source_family; merges cuts and microphone variants; individual/session identity UNKNOWN,2.44,8000,1,PCM_16,19520,396bf013de31f1680f9da886a57b7cd9b801721893c36e9c6e7d0b086623af6a,c0b678d96b855f9d5d579d7bfecb9f61cd8034a774c41d7d1592379c3ce53550,validation,validation,HOLD: source-family grouping is not verified individual/session independence,True,raw/mosquito/Ae.Aegypti_1M _21D_25C_SmallCylinder_cut12_16bit.wav
12SUIMjcKvj9yErJtI-QyI5HyW-scLbsp,Ae.Aegypti_1M _21D_25C_SmallCylinder_cut13_16bit.wav,mosquito,Aedes aegypti,aedes_aegypti,M,1M,21D,25C,SmallCylinder,unmarked,cut13,,,,ae.aegypti_1m_21d_25c_smallcylinder,inferred_filename_source_family; merges cuts and microphone variants; individual/session identity UNKNOWN,2.414,8000,1,PCM_16,19312,59ccb2094d162ffc8dc9d3a0f80e3a5ff9ce01eda03cbd07ae202ba251268911,0b3d36ca869d32ce3cc2914a1c94f3ee6ffe873bfdb4715c618798c85b11fe83,validation,validation,HOLD: source-family grouping is not verified individual/session independence,True,raw/mosquito/Ae.Aegypti_1M _21D_25C_SmallCylinder_cut13_16bit.wav
1m2rdgCd1Tb1udsOa4VFlOZqat06SXKob,Ae.Aegypti_1M _21D_25C_SmallCylinder_cut14_16bit.wav,mosquito,Aedes aegypti,aedes_aegypti,M,1M,21D,25C,SmallCylinder,unmarked,cut14,,,,ae.aegypti_1m_21d_25c_smallcylinder,inferred_filename_source_family; merges cuts and microphone variants; individual/session identity UNKNOWN,1.203,8000,1,PCM_16,9624,9c4dce1fdb29fb4275dc37639ef25ba075cabc8d113ff5b53ed5849cc4e126ad,fe342aa22e27f4693b0bab175388cec59eb7d51b9884cd3844435c8b6e26b305,validation,validation,HOLD: source-family grouping is not verified individual/session independence,True,raw/mosquito/Ae.Aegypti_1M _21D_25C_SmallCylinder_cut14_16bit.wav
1cizMk5woqZ1OUQLZ0m47s3DDxn8BiXuF,Ae.Aegypti_1M _21D_25C_SmallCylinder_cut15_16bit.wav,mosquito,Aedes aegypti,aedes_aegypti,M,1M,21D,25C,SmallCylinder,unmarked,cut15,,,,ae.aegypti_1m_21d_25c_smallcylinder,inferred_filename_source_family; merges cuts and microphone variants; individual/session identity UNKNOWN,1.539,8000,1,PCM_16,12312,78da24243580354f069dc20ba3d7191dc46f07b18b5c43c58bf81711f2c6eabb,6bbc2e8fc96b39076e5a1b5d7c10eb3cc5daa7e45339d4befec48329f8a49447,validation,validation,HOLD: source-family grouping is not verified individual/session independence,True,raw/mosquito/Ae.Aegypti_1M _21D_25C_SmallCylinder_cut15_16bit.wav
1ZXcU7Pvq-kIgvJ--NACwc_76Vb8fy2Af,Ae.Aegypti_1M _21D_25C_SmallCylinder_cut16_16bit.wav,mosquito,Aedes aegypti,aedes_aegypti,M,1M,21D,25C,SmallCylinder,unmarked,cut16,,,,ae.aegypti_1m_21d_25c_smallcylinder,inferred_filename_source_family; merges cuts and microphone variants; individual/session identity UNKNOWN,1.275,8000,1,PCM_16,10200,9641343a10457b380cb9ed2b800597ffd4c9d6e645a07edd96883efdfa35f55f,36ce6388ba8c9136ec34d4d1d369565c946031e4acc19f4c42eb3025e5318bc2,validation,validation,HOLD: source-family grouping is not verified individual/session independence,True,raw/mosquito/Ae.Aegypti_1M _21D_25C_SmallCylinder_cut16_16bit.wav
1nZLrR5ej3y_Q4L0aZUEoOgchDJDe0YxE,Ae.Aegypti_1M _21D_25C_SmallCylinder_cut17_16bit.wav,mosquito,Aedes aegypti,aedes_aegypti,M,1M,21D,25C,SmallCylinder,unmarked,cut17,,,,ae.aegypti_1m_21d_25c_smallcylinder,inferred_filename_source_family; merges cuts and microphone variants; individual/session identity UNKNOWN,0.766,8000,1,PCM_16,6128,615b65de7c9ff57bfaecc17f224bbd3115ec52733a4ad62991093c48c3eb3e93,3aeaf9dbbd93b6268634695495759abe877162d834c5597b0dfe80f24d062bc0,validation,validation,HOLD: source-family grouping is not verified individual/session independence; shorter than original 1-second context; no padding/looping/concatenation authorized,False,raw/mosquito/Ae.Aegypti_1M _21D_25C_SmallCylinder_cut17_16bit.wav
1HARIp3YrkwYg1ePz9vITYoDzedabaueI,Ae.Aegypti_1M _21D_25C_SmallCylinder_cut18_16bit.wav,mosquito,Aedes aegypti,aedes_aegypti,M,1M,21D,25C,SmallCylinder,unmarked,cut18,,,,ae.aegypti_1m_21d_25c_smallcylinder,inferred_filename_source_family; merges cuts and microphone variants; individual/session identity UNKNOWN,1.825,8000,1,PCM_16,14600,aebc700bf5aa59d5011eec2d68d116dae8837e7cb6abbf80a0fa4110b3195a4d,bd8ab6153e0753e0f63cbbab007de0083092331062a8d1b11628d9111c25fdf8,validation,validation,HOLD: source-family grouping is not verified individual/session independence,True,raw/mosquito/Ae.Aegypti_1M _21D_25C_SmallCylinder_cut18_16bit.wav
1yree34IXk61HZYnrDdWN9yVX3A3fxNXC,Ae.Aegypti_1M _21D_25C_SmallCylinder_cut19_16bit.wav,mosquito,Aedes aegypti,aedes_aegypti,M,1M,21D,25C,SmallCylinder,unmarked,cut19,,,,ae.aegypti_1m_21d_25c_smallcylinder,inferred_filename_source_family; merges cuts and microphone variants; individual/session identity UNKNOWN,3.245,8000,1,PCM_16,25960,12e5c7dc3dba990869365e57899a98af9b06708925d225a8df956e50646ecf09,9a3895453ea19ffbfe59d2ffbbd799c1bb3fa9eb6514c7ada09d9fcceb280655,validation,validation,HOLD: source-family grouping is not verified individual/session independence,True,raw/mosquito/Ae.Aegypti_1M _21D_25C_SmallCylinder_cut19_16bit.wav
1b-kec1g3SzhTGk8s09_NR0YdS6oe2ayy,Ae.Aegypti_1M _21D_25C_SmallCylinder_cut1_16bit.wav,mosquito,Aedes aegypti,aedes_aegypti,M,1M,21D,25C,SmallCylinder,unmarked,cut1,,,,ae.aegypti_1m_21d_25c_smallcylinder,inferred_filename_source_family; merges cuts and microphone variants; individual/session identity UNKNOWN,1.773,8000,1,PCM_16,14184,5cf05e8d562546ffc49fdc5393a97278438f406b5185f01edd7276f82bb40feb,59fafa818d6aeebacbab37154b92f8b26d3ba7464f9e08a81b0b77a192385f8a,validation,validation,HOLD: source-family grouping is not verified individual/session independence,True,raw/mosquito/Ae.Aegypti_1M _21D_25C_SmallCylinder_cut1_16bit.wav
1GQEA5CvVu1EZAiUQIGoXIBOADO1viutg,Ae.Aegypti_1M _21D_25C_SmallCylinder_cut20_16bit.wav,mosquito,Aedes aegypti,aedes_aegypti,M,1M,21D,25C,SmallCylinder,unmarked,cut20,,,,ae.aegypti_1m_21d_25c_smallcylinder,inferred_filename_source_family; merges cuts and microphone variants; individual/session identity UNKNOWN,1.185,8000,1,PCM_16,9480,0301c3a66aa38c8a45cccc68040a9940172b1b1412aef8e1389c1d50d6ff5b4d,313f5ecdc12377b29e5c84fc6b3f61cd5d2ca06f5da697612c599c5a39c317b8,validation,validation,HOLD: source-family grouping is not verified individual/session independence,True,raw/mosquito/Ae.Aegypti_1M _21D_25C_SmallCylinder_cut20_16bit.wav
1zR8SCYhZUG_Cnp8dsgjPm2WjmG2g6moa,Ae.Aegypti_1M _21D_25C_SmallCylinder_cut21_16bit.wav,mosquito,Aedes aegypti,aedes_aegypti,M,1M,21D,25C,SmallCylinder,unmarked,cut21,,,,ae.aegypti_1m_21d_25c_smallcylinder,inferred_filename_source_family; merges cuts and microphone variants; individual/session identity UNKNOWN,2.363,8000,1,PCM_16,18904,4c30f896514ae5f0f26eded3899e6ca70fe4ff8f93fbe946ecd64d7f89e17a8f,fd70491570a36128ce583d73b60455d23ba6ca97a5448a0e9c0b9efcfefc3be4,validation,validation,HOLD: source-family grouping is not verified individual/session independence,True,raw/mosquito/Ae.Aegypti_1M _21D_25C_SmallCylinder_cut21_16bit.wav
1Og3816--wBnQ_QMyyqOV3SA9Tejb5-hQ,Ae.Aegypti_1M _21D_25C_SmallCylinder_cut22_16bit.wav,mosquito,Aedes aegypti,aedes_aegypti,M,1M,21D,25C,SmallCylinder,unmarked,cut22,,,,ae.aegypti_1m_21d_25c_smallcylinder,inferred_filename_source_family; merges cuts and microphone variants; individual/session identity UNKNOWN,1.235,8000,1,PCM_16,9880,6a8c141e6e6e52da9f98232f1fe96b9aea358d9d427105d25c78ccc523ce9853,8e7c66729d75cc223df35fe741da670b40fd2712dfffa7e9dcf162f7c2408448,validation,validation,HOLD: source-family grouping is not verified individual/session independence,True,raw/mosquito/Ae.Aegypti_1M _21D_25C_SmallCylinder_cut22_16bit.wav
1Fv7EeFOVqH-VNtJLFenYe9IDV-bnRzMI,Ae.Aegypti_1M _21D_25C_SmallCylinder_cut23_16bit.wav,mosquito,Aedes aegypti,aedes_aegypti,M,1M,21D,25C,SmallCylinder,unmarked,cut23,,,,ae.aegypti_1m_21d_25c_smallcylinder,inferred_filename_source_family; merges cuts and microphone variants; individual/session identity UNKNOWN,1.246,8000,1,PCM_16,9968,5d87a95fe2f5b251e6f02b4987822b04e6664d974c0434737f2322f9d6b826ae,ae8286a25b972e569acdb43af742ac9778cb26edcb24accb1cf7898552050ae5,validation,validation,HOLD: source-family grouping is not verified individual/session independence,True,raw/mosquito/Ae.Aegypti_1M _21D_25C_SmallCylinder_cut23_16bit.wav
17DsYUIOEr9JwlP9Obsa7euYIH5AIFIuI,Ae.Aegypti_1M _21D_25C_SmallCylinder_cut24_16bit.wav,mosquito,Aedes aegypti,aedes_aegypti,M,1M,21D,25C,SmallCylinder,unmarked,cut24,,,,ae.aegypti_1m_21d_25c_smallcylinder,inferred_filename_source_family; merges cuts and microphone variants; individual/session identity UNKNOWN,0.841,8000,1,PCM_16,6728,00874719ad61e60425ce2fac0210ce801defd1b3ea839a562e14319fb6551830,eebcba59f08523496be8869c3d4113c9214f301af98001b17d879d1b6c126154,validation,validation,HOLD: source-family grouping is not verified individual/session independence; shorter than original 1-second context; no padding/looping/concatenation authorized,False,raw/mosquito/Ae.Aegypti_1M _21D_25C_SmallCylinder_cut24_16bit.wav
1JM2dikO81gCMJH0KKlXywG9UZe6-bNg0,Ae.Aegypti_1M _21D_25C_SmallCylinder_cut25_16bit.wav,mosquito,Aedes aegypti,aedes_aegypti,M,1M,21D,25C,SmallCylinder,unmarked,cut25,,,,ae.aegypti_1m_21d_25c_smallcylinder,inferred_filename_source_family; merges cuts and microphone variants; individual/session identity UNKNOWN,0.745,8000,1,PCM_16,5960,1778f0b487599bfae94698024283382d1fca40ea6e715cc83fa27a091f733fff,5a556ad33cdc07c704288ee749e5925c1a1d14dba274220cb2c22c587e369605,validation,validation,HOLD: source-family grouping is not verified individual/session independence; shorter than original 1-second context; no padding/looping/concatenation authorized,False,raw/mosquito/Ae.Aegypti_1M _21D_25C_SmallCylinder_cut25_16bit.wav
1KngZLXvDPKFi0uOiGoyFIRANAoPZN9_Q,Ae.Aegypti_1M _21D_25C_SmallCylinder_cut26_16bit.wav,mosquito,Aedes aegypti,aedes_aegypti,M,1M,21D,25C,SmallCylinder,unmarked,cut26,,,,ae.aegypti_1m_21d_25c_smallcylinder,inferred_filename_source_family; merges cuts and microphone variants; individual/session identity UNKNOWN,2.92,8000,1,PCM_16,23360,e72b562d8d7a90015af3b894d130bcdeff80b346bf545e77b32644d52b3a705d,bc082e4480844ca10b30a3afd4ca29562515d9f71af69be3139df1d9c756e0c7,validation,validation,HOLD: source-family grouping is not verified individual/session independence,True,raw/mosquito/Ae.Aegypti_1M _21D_25C_SmallCylinder_cut26_16bit.wav
1cPWHHWCIRepe1NYuh4G1EWRcvnqApIaR,Ae.Aegypti_1M _21D_25C_SmallCylinder_cut27_16bit.wav,mosquito,Aedes aegypti,aedes_aegypti,M,1M,21D,25C,SmallCylinder,unmarked,cut27,,,,ae.aegypti_1m_21d_25c_smallcylinder,inferred_filename_source_family; merges cuts and microphone variants; individual/session identity UNKNOWN,0.974,8000,1,PCM_16,7792,e14dfc0aa9c12923ca896915d019a1cd4b5204b1428657d3f455a752a3bc8277,d4adb07c8c5a1794d6f8450c3220250e74eb244cfd52ba3feff0e2a46beb69b5,validation,validation,HOLD: source-family grouping is not verified individual/session independence; shorter than original 1-second context; no padding/looping/concatenation authorized,False,raw/mosquito/Ae.Aegypti_1M _21D_25C_SmallCylinder_cut27_16bit.wav
1dx22OPUZm5zqsWhfW1cBqw6ia6Y7vW5A,Ae.Aegypti_1M _21D_25C_SmallCylinder_cut28_16bit.wav,mosquito,Aedes aegypti,aedes_aegypti,M,1M,21D,25C,SmallCylinder,unmarked,cut28,,,,ae.aegypti_1m_21d_25c_smallcylinder,inferred_filename_source_family; merges cuts and microphone variants; individual/session identity UNKNOWN,1.535,8000,1,PCM_16,12280,b6f715a0656c07b53ae8c0d568c1dc60e82629d1be3c47485cb16b07e1eb76ff,b2b88377149d861b783961220f39a20e47b7722aa609b9fa9f193da9600fa078,validation,validation,HOLD: source-family grouping is not verified individual/session independence,True,raw/mosquito/Ae.Aegypti_1M _21D_25C_SmallCylinder_cut28_16bit.wav
1lkvUFTA9hH2KsrQ2ZwbdI1ff3gm8t0SZ,Ae.Aegypti_1M _21D_25C_SmallCylinder_cut29_16bit.wav,mosquito,Aedes aegypti,aedes_aegypti,M,1M,21D,25C,SmallCylinder,unmarked,cut29,,,,ae.aegypti_1m_21d_25c_smallcylinder,inferred_filename_source_family; merges cuts and microphone variants; individual/session identity UNKNOWN,0.611,8000,1,PCM_16,4888,c74d66b7920c7eaa47ae5615a9a5a3b7868d78ee7e47f3c0c111d28eeb0ba258,417d0e60d4ddf1d6805305e568002e3f6f55ab6ca1a305a1cfd01b9edcaefcfb,validation,validation,HOLD: source-family grouping is not verified individual/session independence; shorter than original 1-second context; no padding/looping/concatenation authorized,False,raw/mosquito/Ae.Aegypti_1M _21D_25C_SmallCylinder_cut29_16bit.wav
1TRH7dJTTgl5APhCdl1jwodg3h1ttYOCh,Ae.Aegypti_1M _21D_25C_SmallCylinder_cut2_16bit.wav,mosquito,Aedes aegypti,aedes_aegypti,M,1M,21D,25C,SmallCylinder,unmarked,cut2,,,,ae.aegypti_1m_21d_25c_smallcylinder,inferred_filename_source_family; merges cuts and microphone variants; individual/session identity UNKNOWN,2.747,8000,1,PCM_16,21976,2f3b14f32f67b9b80dd0bb7bcece137f175b2f107ef2eab9af06134d883b88f4,6db078314cb435fbe17beedb4617b5325b65c5e688ff765b00b05de1ddd1973a,validation,validation,HOLD: source-family grouping is not verified individual/session independence,True,raw/mosquito/Ae.Aegypti_1M _21D_25C_SmallCylinder_cut2_16bit.wav
1rB-XoNZj8S6I8J88dk7TY6JNaNHyfHk9,Ae.Aegypti_1M _21D_25C_SmallCylinder_cut30_16bit.wav,mosquito,Aedes aegypti,aedes_aegypti,M,1M,21D,25C,SmallCylinder,unmarked,cut30,,,,ae.aegypti_1m_21d_25c_smallcylinder,inferred_filename_source_family; merges cuts and microphone variants; individual/session identity UNKNOWN,2.562,8000,1,PCM_16,20496,294f14c004e38a804b63d2976a6d9ce1e04e206da60fea7a2307fce06b84a67d,4f8652bba362b8c8cba9f44630f5ed4de47743ba28cdbf3674fde8036a62ddde,validation,validation,HOLD: source-family grouping is not verified individual/session independence,True,raw/mosquito/Ae.Aegypti_1M _21D_25C_SmallCylinder_cut30_16bit.wav
1ANXG2b4xU7YgBRB91OXWHUsCpGcKlaKf,Ae.Aegypti_1M _21D_25C_SmallCylinder_cut31_16bit.wav,mosquito,Aedes aegypti,aedes_aegypti,M,1M,21D,25C,SmallCylinder,unmarked,cut31,,,,ae.aegypti_1m_21d_25c_smallcylinder,inferred_filename_source_family; merges cuts and microphone variants; individual/session identity UNKNOWN,0.654,8000,1,PCM_16,5232,116a29bb41273b879d0fc65e3fd53a9c6c8b1a298c21af1d0e875e606d3603f7,f30e1c00caffc32c5d8f6d16e153eaf8ff498740f1a9b15d5fb173bf009117ca,validation,validation,HOLD: source-family grouping is not verified individual/session independence; shorter than original 1-second context; no padding/looping/concatenation authorized,False,raw/mosquito/Ae.Aegypti_1M _21D_25C_SmallCylinder_cut31_16bit.wav
1gQK1GGiJW-9BhooQsob4S6HQ3h12nqJB,Ae.Aegypti_1M _21D_25C_SmallCylinder_cut32_16bit.wav,mosquito,Aedes aegypti,aedes_aegypti,M,1M,21D,25C,SmallCylinder,unmarked,cut32,,,,ae.aegypti_1m_21d_25c_smallcylinder,inferred_filename_source_family; merges cuts and microphone variants; individual/session identity UNKNOWN,1.246,8000,1,PCM_16,9968,2feec3d9bb104efe65292e05d209d97470803cf2980e25eb81c22aa33694275f,c707950681df9ff7d170bff7be46a53142b05b8f0238c40a04528e5337d5f300,validation,validation,HOLD: source-family grouping is not verified individual/session independence,True,raw/mosquito/Ae.Aegypti_1M _21D_25C_SmallCylinder_cut32_16bit.wav
1j3zHUGW0m1NMVYkigIYLKOhJcYzZPC08,Ae.Aegypti_1M _21D_25C_SmallCylinder_cut33_16bit.wav,mosquito,Aedes aegypti,aedes_aegypti,M,1M,21D,25C,SmallCylinder,unmarked,cut33,,,,ae.aegypti_1m_21d_25c_smallcylinder,inferred_filename_source_family; merges cuts and microphone variants; individual/session identity UNKNOWN,1.76,8000,1,PCM_16,14080,6e862a63858ba2324f7e1fea7345b6e484338858cc244eb8709b78115a5ad795,af5f137c8a2614d26e647692c9d1e53037830c7e9db851fe97f12759462839ed,validation,validation,HOLD: source-family grouping is not verified individual/session independence,True,raw/mosquito/Ae.Aegypti_1M _21D_25C_SmallCylinder_cut33_16bit.wav
1BxusY0VGMmdT7xjuRr1DmOW1i3E93fsb,Ae.Aegypti_1M _21D_25C_SmallCylinder_cut34_16bit.wav,mosquito,Aedes aegypti,aedes_aegypti,M,1M,21D,25C,SmallCylinder,unmarked,cut34,,,,ae.aegypti_1m_21d_25c_smallcylinder,inferred_filename_source_family; merges cuts and microphone variants; individual/session identity UNKNOWN,1.653,8000,1,PCM_16,13224,c336b52266169f6cbc6118832fd4a8f534ad012a42ff31ef2e71f49588871b3e,e1131a5b26d278a4597df4337a075f47d7ec4095f1c23e376a9ff9c3055804de,validation,validation,HOLD: source-family grouping is not verified individual/session independence,True,raw/mosquito/Ae.Aegypti_1M _21D_25C_SmallCylinder_cut34_16bit.wav
1x-0KCfc4KGj0T4SUC5d3yZIf6T5HY66s,Ae.Aegypti_1M _21D_25C_SmallCylinder_cut35_16bit.wav,mosquito,Aedes aegypti,aedes_aegypti,M,1M,21D,25C,SmallCylinder,unmarked,cut35,,,,ae.aegypti_1m_21d_25c_smallcylinder,inferred_filename_source_family; merges cuts and microphone variants; individual/session identity UNKNOWN,1.71,8000,1,PCM_16,13680,d6df1824575c25460f7300f11078ee24927feb06d9e3253aab119cb3977499e9,8db4b0f90a8fd345d459ec792f59c6863beea8d905ccd1999b84e3c0fb3a5c85,validation,validation,HOLD: source-family grouping is not verified individual/session independence,True,raw/mosquito/Ae.Aegypti_1M _21D_25C_SmallCylinder_cut35_16bit.wav
10TSAGuW9ohwo5QrTYDp00yqyB1lbUkno,Ae.Aegypti_1M _21D_25C_SmallCylinder_cut36_16bit.wav,mosquito,Aedes aegypti,aedes_aegypti,M,1M,21D,25C,SmallCylinder,unmarked,cut36,,,,ae.aegypti_1m_21d_25c_smallcylinder,inferred_filename_source_family; merges cuts and microphone variants; individual/session identity UNKNOWN,1.662,8000,1,PCM_16,13296,5a2e7bbbef670766513532585a22a03c3758300cffe8fe11ff15d233d9d0a7dc,b869f567b85e359e12338f4d3b2fe8df310a32eab112155ecb1784d8bdc2631e,validation,validation,HOLD: source-family grouping is not verified individual/session independence,True,raw/mosquito/Ae.Aegypti_1M _21D_25C_SmallCylinder_cut36_16bit.wav
12Nn7DLb9PDMmNhOKmQsGqpuvT8gm2J5k,Ae.Aegypti_1M _21D_25C_SmallCylinder_cut37_16bit.wav,mosquito,Aedes aegypti,aedes_aegypti,M,1M,21D,25C,SmallCylinder,unmarked,cut37,,,,ae.aegypti_1m_21d_25c_smallcylinder,inferred_filename_source_family; merges cuts and microphone variants; individual/session identity UNKNOWN,1.694,8000,1,PCM_16,13552,e8af9f4d20093f0b540d1c4873f588531c8eff78bde421b41b317d4118dfb539,2e6c88d162bcf9ac462afb334dfc92d9aed380d8341650adccfb6a6cfc1158a9,validation,validation,HOLD: source-family grouping is not verified individual/session independence,True,raw/mosquito/Ae.Aegypti_1M _21D_25C_SmallCylinder_cut37_16bit.wav
1rA-rPj1WBagWpgtAa34TtXm6tgbyYfxd,Ae.Aegypti_1M _21D_25C_SmallCylinder_cut38_16bit.wav,mosquito,Aedes aegypti,aedes_aegypti,M,1M,21D,25C,SmallCylinder,unmarked,cut38,,,,ae.aegypti_1m_21d_25c_smallcylinder,inferred_filename_source_family; merges cuts and microphone variants; individual/session identity UNKNOWN,1.888,8000,1,PCM_16,15104,15a80e3c19231638e74648509e63654437fe2320ff9afb3e868123a1df67f0ab,80726ada79a44c6a64a6b8aa28f9816573b902a2017b5b8f7ac1a76a7efc6d68,validation,validation,HOLD: source-family grouping is not verified individual/session independence,True,raw/mosquito/Ae.Aegypti_1M _21D_25C_SmallCylinder_cut38_16bit.wav
1FjTna8tym-z1n7GzFeancvxLVYOkyfIF,Ae.Aegypti_1M _21D_25C_SmallCylinder_cut39_16bit.wav,mosquito,Aedes aegypti,aedes_aegypti,M,1M,21D,25C,SmallCylinder,unmarked,cut39,,,,ae.aegypti_1m_21d_25c_smallcylinder,inferred_filename_source_family; merges cuts and microphone variants; individual/session identity UNKNOWN,1.715,8000,1,PCM_16,13720,49a9d38dc002e117a90d1b05e66c9d55a834adcc85d147b25fa796d69afdf3ca,e9c389f276fa61c02b3382f247858030c2cd067c6e803f06569c5460a380aa36,validation,validation,HOLD: source-family grouping is not verified individual/session independence,True,raw/mosquito/Ae.Aegypti_1M _21D_25C_SmallCylinder_cut39_16bit.wav
143JX5yZDGmwc-Xky3PM11Kp39MHkamYL,Ae.Aegypti_1M _21D_25C_SmallCylinder_cut3_16bit.wav,mosquito,Aedes aegypti,aedes_aegypti,M,1M,21D,25C,SmallCylinder,unmarked,cut3,,,,ae.aegypti_1m_21d_25c_smallcylinder,inferred_filename_source_family; merges cuts and microphone variants; individual/session identity UNKNOWN,1.431,8000,1,PCM_16,11448,846ef643fe15866a1ef470393fc7bf620de6042ce7689d53039b46726c22b0d7,ee4d81076ef5d0fa52447847fc984289c6b1dc78884e3325c10a4673f626cd72,validation,validation,HOLD: source-family grouping is not verified individual/session independence,True,raw/mosquito/Ae.Aegypti_1M _21D_25C_SmallCylinder_cut3_16bit.wav
1oVgIZ80r_3M3iFvJW2flw-__1k0GqwKM,Ae.Aegypti_1M _21D_25C_SmallCylinder_cut40_16bit.wav,mosquito,Aedes aegypti,aedes_aegypti,M,1M,21D,25C,SmallCylinder,unmarked,cut40,,,,ae.aegypti_1m_21d_25c_smallcylinder,inferred_filename_source_family; merges cuts and microphone variants; individual/session identity UNKNOWN,1.596,8000,1,PCM_16,12768,39a9c6e7d6041de74deee8938aaeee369bf205082161b9416093c398081f84f6,be44a1af61b088457bc5a0701ceef9025480e2415613a5f5897822ad43e6ca0c,validation,validation,HOLD: source-family grouping is not verified individual/session independence,True,raw/mosquito/Ae.Aegypti_1M _21D_25C_SmallCylinder_cut40_16bit.wav
1oPEYRJhmg0PYPrddKnErHX-cwRxZdp-Y,Ae.Aegypti_1M _21D_25C_SmallCylinder_cut41_16bit.wav,mosquito,Aedes aegypti,aedes_aegypti,M,1M,21D,25C,SmallCylinder,unmarked,cut41,,,,ae.aegypti_1m_21d_25c_smallcylinder,inferred_filename_source_family; merges cuts and microphone variants; individual/session identity UNKNOWN,0.97,8000,1,PCM_16,7760,472c32218ce2ad60ed61e4b9b633dc9f30be901088a0106ae2df47fa282da31e,363927dff65c4bc93da54e70d3d4e6e5afa79b583dc4fee18157d67c1f992389,validation,validation,HOLD: source-family grouping is not verified individual/session independence; shorter than original 1-second context; no padding/looping/concatenation authorized,False,raw/mosquito/Ae.Aegypti_1M _21D_25C_SmallCylinder_cut41_16bit.wav
1slgbnU7QHtoKfHf-qiRBLj5frZeY000m,Ae.Aegypti_1M _21D_25C_SmallCylinder_cut42_16bit.wav,mosquito,Aedes aegypti,aedes_aegypti,M,1M,21D,25C,SmallCylinder,unmarked,cut42,,,,ae.aegypti_1m_21d_25c_smallcylinder,inferred_filename_source_family; merges cuts and microphone variants; individual/session identity UNKNOWN,1.915,8000,1,PCM_16,15320,66ec1ac44621e84e009ec1fd6efd69224f597fb7adaac05110ee49597a12f975,09d11654a5b299651273334fa7041a4eba8bd3559a563c0dd71c205e877166b4,validation,validation,HOLD: source-family grouping is not verified individual/session independence,True,raw/mosquito/Ae.Aegypti_1M _21D_25C_SmallCylinder_cut42_16bit.wav
1WCohgqMfBe2ebpNZskd4IAXP6y5mBj90,Ae.Aegypti_1M _21D_25C_SmallCylinder_cut43_16bit.wav,mosquito,Aedes aegypti,aedes_aegypti,M,1M,21D,25C,SmallCylinder,unmarked,cut43,,,,ae.aegypti_1m_21d_25c_smallcylinder,inferred_filename_source_family; merges cuts and microphone variants; individual/session identity UNKNOWN,1.396,8000,1,PCM_16,11168,5026e2c0095e793e9a80785a63f033d9f9867260f8c0b4600de1bef329798efc,53cc9f5234913ce7c50ee9f6b0d0f22a6ff323058d3f72d52c878a389e9e903f,validation,validation,HOLD: source-family grouping is not verified individual/session independence,True,raw/mosquito/Ae.Aegypti_1M _21D_25C_SmallCylinder_cut43_16bit.wav
10NK_2OdSSaVWLG0Py_KpaDv-5BiQ0AM9,Ae.Aegypti_1M _21D_25C_SmallCylinder_cut44_16bit.wav,mosquito,Aedes aegypti,aedes_aegypti,M,1M,21D,25C,SmallCylinder,unmarked,cut44,,,,ae.aegypti_1m_21d_25c_smallcylinder,inferred_filename_source_family; merges cuts and microphone variants; individual/session identity UNKNOWN,2.261,8000,1,PCM_16,18088,bcab57165273105b77a666d53ef949cca55b4265b7801d4276e0872be5411e99,b4db59ab8f4375a3cf6617a311cc1181c8e4227c33943cb63e73c5b20938d6da,validation,validation,HOLD: source-family grouping is not verified individual/session independence,True,raw/mosquito/Ae.Aegypti_1M _21D_25C_SmallCylinder_cut44_16bit.wav
1WDYnyHPE_41GagdsyL37Q1e2HKfifXw1,Ae.Aegypti_1M _21D_25C_SmallCylinder_cut4_16bit.wav,mosquito,Aedes aegypti,aedes_aegypti,M,1M,21D,25C,SmallCylinder,unmarked,cut4,,,,ae.aegypti_1m_21d_25c_smallcylinder,inferred_filename_source_family; merges cuts and microphone variants; individual/session identity UNKNOWN,1.273,8000,1,PCM_16,10184,d49438d57d5d67ee6d221a6d3d339dbdf0045bf597516180a322140740bb446f,b7a7f7abc80684689d5112ea556a6ed1ba6c71cd26880f2dd34391879ae9fd6f,validation,validation,HOLD: source-family grouping is not verified individual/session independence,True,raw/mosquito/Ae.Aegypti_1M _21D_25C_SmallCylinder_cut4_16bit.wav
1MqpOERY4GrYZoxa3CFsvRUZt1dbqe5x2,Ae.Aegypti_1M _21D_25C_SmallCylinder_cut5_16bit.wav,mosquito,Aedes aegypti,aedes_aegypti,M,1M,21D,25C,SmallCylinder,unmarked,cut5,,,,ae.aegypti_1m_21d_25c_smallcylinder,inferred_filename_source_family; merges cuts and microphone variants; individual/session identity UNKNOWN,1.246,8000,1,PCM_16,9968,8ace5036b069596eaad848432f9bc1783443428b1555ad8a17ff1e56a477e157,30f3d5dc9d3f22b17a1ef095c6de2de45c0c7008146cef1853de4306c623f123,validation,validation,HOLD: source-family grouping is not verified individual/session independence,True,raw/mosquito/Ae.Aegypti_1M _21D_25C_SmallCylinder_cut5_16bit.wav
17KILtOi02eIpqLRNUpYTO0BsFj2pjyKG,Ae.Aegypti_1M _21D_25C_SmallCylinder_cut6_16bit.wav,mosquito,Aedes aegypti,aedes_aegypti,M,1M,21D,25C,SmallCylinder,unmarked,cut6,,,,ae.aegypti_1m_21d_25c_smallcylinder,inferred_filename_source_family; merges cuts and microphone variants; individual/session identity UNKNOWN,1.058,8000,1,PCM_16,8464,235c1418db7d0be54d045efcb329dc884f5ce84c68ea786819781235c15f84c5,ef3233d61c5ab7e03c6a7fc0e967929b2c6e12507a613c45e84eb86b5f406804,validation,validation,HOLD: source-family grouping is not verified individual/session independence,True,raw/mosquito/Ae.Aegypti_1M _21D_25C_SmallCylinder_cut6_16bit.wav
148J8uKAAjS9hhIFQurncnUVquZ_Xi986,Ae.Aegypti_1M _21D_25C_SmallCylinder_cut7_16bit.wav,mosquito,Aedes aegypti,aedes_aegypti,M,1M,21D,25C,SmallCylinder,unmarked,cut7,,,,ae.aegypti_1m_21d_25c_smallcylinder,inferred_filename_source_family; merges cuts and microphone variants; individual/session identity UNKNOWN,1.296,8000,1,PCM_16,10368,7fb4d91a96a37cc3474bcf11c535ca5b658beff335cb0d663c9c5560fbb65560,35387ec7be7e99565ec2803fdb61c234cb0ba12b0eae5581c84fbf899caa2b92,validation,validation,HOLD: source-family grouping is not verified individual/session independence,True,raw/mosquito/Ae.Aegypti_1M _21D_25C_SmallCylinder_cut7_16bit.wav
1KREfk2TxQLVWV8AIOwayLsGu0g_Obs_j,Ae.Aegypti_1M _21D_25C_SmallCylinder_cut8_16bit.wav,mosquito,Aedes aegypti,aedes_aegypti,M,1M,21D,25C,SmallCylinder,unmarked,cut8,,,,ae.aegypti_1m_21d_25c_smallcylinder,inferred_filename_source_family; merges cuts and microphone variants; individual/session identity UNKNOWN,0.83,8000,1,PCM_16,6640,1f9751a3fc65cc472e20e9a180900bd7edfc27588210cfa880ad0bffc990d51a,77f68bacbda6a248d3394ca48c1af04b3bd4f436e199c8aae279b9582de698dc,validation,validation,HOLD: source-family grouping is not verified individual/session independence; shorter than original 1-second context; no padding/looping/concatenation authorized,False,raw/mosquito/Ae.Aegypti_1M _21D_25C_SmallCylinder_cut8_16bit.wav
1IYz8QklayZDyzPjZ0y5jbDRi-d99u7R8,Ae.Aegypti_1M _21D_25C_SmallCylinder_cut9_16bit.wav,mosquito,Aedes aegypti,aedes_aegypti,M,1M,21D,25C,SmallCylinder,unmarked,cut9,,,,ae.aegypti_1m_21d_25c_smallcylinder,inferred_filename_source_family; merges cuts and microphone variants; individual/session identity UNKNOWN,2.443,8000,1,PCM_16,19544,dbd9fe5458f00a52b42bb79e4f4a3d85179fb1fb20e2edc21b090c2b7aa574f4,9d23d8697c3d169c06f18674b02a79568f9c82d91af66c7b6343f3ff27f94899,validation,validation,HOLD: source-family grouping is not verified individual/session independence,True,raw/mosquito/Ae.Aegypti_1M _21D_25C_SmallCylinder_cut9_16bit.wav
1dfYoKyaAyQusBq6AW3ZS1_kniQfJHYmW,Ae.Aegypti_1M_21D_25C_SmallCylinder_LowMic_cut10_16bit.wav,mosquito,Aedes aegypti,aedes_aegypti,M,1M,21D,25C,SmallCylinder,LowMic,cut10,,,,ae.aegypti_1m_21d_25c_smallcylinder,inferred_filename_source_family; merges cuts and microphone variants; individual/session identity UNKNOWN,1.20025,8000,1,PCM_16,9602,d56f8f2f2b38a1509781d112f9d353118233a5af1040b7a097408e20868e2f6b,41f6dfec41d0644ad43d5ea7d2a3ae580dec3302443b66cedb22454f3cbb0e56,validation,validation,HOLD: source-family grouping is not verified individual/session independence,True,raw/mosquito/Ae.Aegypti_1M_21D_25C_SmallCylinder_LowMic_cut10_16bit.wav
10FXJOGZ6pjmFM2cqsx0mpAzwO400Qwvk,Ae.Aegypti_1M_21D_25C_SmallCylinder_LowMic_cut11_16bit.wav,mosquito,Aedes aegypti,aedes_aegypti,M,1M,21D,25C,SmallCylinder,LowMic,cut11,,,,ae.aegypti_1m_21d_25c_smallcylinder,inferred_filename_source_family; merges cuts and microphone variants; individual/session identity UNKNOWN,1.266625,8000,1,PCM_16,10133,07ecfcc9abdb5946a5b9a14e94ca75dcfbbeb41f851946b3aeec301e4a3b9e81,4b6bb190e0f108560a30affb6c5acfee22ba419a7ea2ab365a42f543e9c46530,validation,validation,HOLD: source-family grouping is not verified individual/session independence,True,raw/mosquito/Ae.Aegypti_1M_21D_25C_SmallCylinder_LowMic_cut11_16bit.wav
1j_DoZlqUdY--nRyNoOIS3MrYmC3PSCG3,Ae.Aegypti_1M_21D_25C_SmallCylinder_LowMic_cut12_16bit.wav,mosquito,Aedes aegypti,aedes_aegypti,M,1M,21D,25C,SmallCylinder,LowMic,cut12,,,,ae.aegypti_1m_21d_25c_smallcylinder,inferred_filename_source_family; merges cuts and microphone variants; individual/session identity UNKNOWN,2.44025,8000,1,PCM_16,19522,d04fd0670d0162d5c2768193d8f68708fb33697629f19a89c8b44a06931bbbcb,83c3d6114cc55ac8fc643f5f97c9e7974a092e9d1d5bef064b88ae5aae253660,validation,validation,HOLD: source-family grouping is not verified individual/session independence,True,raw/mosquito/Ae.Aegypti_1M_21D_25C_SmallCylinder_LowMic_cut12_16bit.wav
1vOgttPCW9yupA9FgUoPTwGG8w2fPO6gM,Ae.Aegypti_1M_21D_25C_SmallCylinder_LowMic_cut13_16bit.wav,mosquito,Aedes aegypti,aedes_aegypti,M,1M,21D,25C,SmallCylinder,LowMic,cut13,,,,ae.aegypti_1m_21d_25c_smallcylinder,inferred_filename_source_family; merges cuts and microphone variants; individual/session identity UNKNOWN,2.413625,8000,1,PCM_16,19309,8f20a47d44c8d02af3d0eac7838d1cc0d06759e398ae3430cc6c357572a86842,6ee5d8d6278439113c61d0ccba23862f4f68921970018e4590f1187cf0e99f2d,validation,validation,HOLD: source-family grouping is not verified individual/session independence,True,raw/mosquito/Ae.Aegypti_1M_21D_25C_SmallCylinder_LowMic_cut13_16bit.wav
1wdmnC3SjE82hs0r-srbDRcA8Ek8l0zdO,Ae.Aegypti_1M_21D_25C_SmallCylinder_LowMic_cut14_16bit.wav,mosquito,Aedes aegypti,aedes_aegypti,M,1M,21D,25C,SmallCylinder,LowMic,cut14,,,,ae.aegypti_1m_21d_25c_smallcylinder,inferred_filename_source_family; merges cuts and microphone variants; individual/session identity UNKNOWN,1.2035,8000,1,PCM_16,9628,82724300605432f75252945dd288cdf4d57abe1dc2d600903a15fe0951193cac,f5de0649d082b44d51ff59600e922429ac0b1752b5a4b079493038f71136b79d,validation,validation,HOLD: source-family grouping is not verified individual/session independence,True,raw/mosquito/Ae.Aegypti_1M_21D_25C_SmallCylinder_LowMic_cut14_16bit.wav
1nnUkYdsVvOMg145sUevWryc5WaHQvCvk,Ae.Aegypti_1M_21D_25C_SmallCylinder_LowMic_cut15_16bit.wav,mosquito,Aedes aegypti,aedes_aegypti,M,1M,21D,25C,SmallCylinder,LowMic,cut15,,,,ae.aegypti_1m_21d_25c_smallcylinder,inferred_filename_source_family; merges cuts and microphone variants; individual/session identity UNKNOWN,1.53925,8000,1,PCM_16,12314,37ed0e75ea700eb84750f41aa3484483092e940ffc3677c739123427c3b3dd83,387f4e5de84031170c4460bc198591443d2b8b23cb9f133715745675df998ccc,validation,validation,HOLD: source-family grouping is not verified individual/session independence,True,raw/mosquito/Ae.Aegypti_1M_21D_25C_SmallCylinder_LowMic_cut15_16bit.wav
1IiQrm81GZatWulvmTTGmmkcMl_0FzHnZ,Ae.Aegypti_1M_21D_25C_SmallCylinder_LowMic_cut16_16bit.wav,mosquito,Aedes aegypti,aedes_aegypti,M,1M,21D,25C,SmallCylinder,LowMic,cut16,,,,ae.aegypti_1m_21d_25c_smallcylinder,inferred_filename_source_family; merges cuts and microphone variants; individual/session identity UNKNOWN,1.275125,8000,1,PCM_16,10201,c4df346878600611a6771aab2898ffbd0c943d943c754b3585c9d32984fb1dfb,e962937ac4a0b1729ec2a83c3c30ec4041f7af24ac54572607900baec0415ba0,validation,validation,HOLD: source-family grouping is not verified individual/session independence,True,raw/mosquito/Ae.Aegypti_1M_21D_25C_SmallCylinder_LowMic_cut16_16bit.wav
1RqPF2dzI7gJUuoGlnqHycbh0wI1B4Q9C,Ae.Aegypti_1M_21D_25C_SmallCylinder_LowMic_cut17_16bit.wav,mosquito,Aedes aegypti,aedes_aegypti,M,1M,21D,25C,SmallCylinder,LowMic,cut17,,,,ae.aegypti_1m_21d_25c_smallcylinder,inferred_filename_source_family; merges cuts and microphone variants; individual/session identity UNKNOWN,0.76575,8000,1,PCM_16,6126,07c3b159cddd65478bdcf404330a25629def34b99181e26fd339827fa0527de6,4315a28ad1b62db21af8bf7efe9b97a93e54a0e57bdc2dbe3a810cb0abd0049d,validation,validation,HOLD: source-family grouping is not verified individual/session independence; shorter than original 1-second context; no padding/looping/concatenation authorized,False,raw/mosquito/Ae.Aegypti_1M_21D_25C_SmallCylinder_LowMic_cut17_16bit.wav
1YPBMrXN4rFLveiOuie1i7P9HXSR3H8fr,Ae.Aegypti_1M_21D_25C_SmallCylinder_LowMic_cut18_16bit.wav,mosquito,Aedes aegypti,aedes_aegypti,M,1M,21D,25C,SmallCylinder,LowMic,cut18,,,,ae.aegypti_1m_21d_25c_smallcylinder,inferred_filename_source_family; merges cuts and microphone variants; individual/session identity UNKNOWN,1.825,8000,1,PCM_16,14600,544096a1e0a2ed444dae8cb42a77757ad072c45f2135b4942545e102f398658f,cfb7b34057fd411e32d6c6729217c2f8ae7818ff5885948cb6c881d6b76dd063,validation,validation,HOLD: source-family grouping is not verified individual/session independence,True,raw/mosquito/Ae.Aegypti_1M_21D_25C_SmallCylinder_LowMic_cut18_16bit.wav
1byruxei9j899PWi7SowSedfm0nv2Czvk,Ae.Aegypti_1M_21D_25C_SmallCylinder_LowMic_cut19_16bit.wav,mosquito,Aedes aegypti,aedes_aegypti,M,1M,21D,25C,SmallCylinder,LowMic,cut19,,,,ae.aegypti_1m_21d_25c_smallcylinder,inferred_filename_source_family; merges cuts and microphone variants; individual/session identity UNKNOWN,3.2455,8000,1,PCM_16,25964,d57a7eb04a972088b9cdc9205b7cf7adb68859db67d5d0cb630de7c854a42c0c,31c48bd58137e0ed874c96af5404ca235e6e81661bf7ccfbcc2f10208453027b,validation,validation,HOLD: source-family grouping is not verified individual/session independence,True,raw/mosquito/Ae.Aegypti_1M_21D_25C_SmallCylinder_LowMic_cut19_16bit.wav
12LEElz8N7oRJMV2pY4OXM0y7Xuskt4v1,Ae.Aegypti_1M_21D_25C_SmallCylinder_LowMic_cut1_16bit.wav,mosquito,Aedes aegypti,aedes_aegypti,M,1M,21D,25C,SmallCylinder,LowMic,cut1,,,,ae.aegypti_1m_21d_25c_smallcylinder,inferred_filename_source_family; merges cuts and microphone variants; individual/session identity UNKNOWN,1.77325,8000,1,PCM_16,14186,7edec8e63e9b190c65a4cf42cfd5cbcbea26bda79bc3634ab9422e258ac32810,c48dd26f7418180adc53bdade54987507168d64d20ba645c439e258c30343ced,validation,validation,HOLD: source-family grouping is not verified individual/session independence,True,raw/mosquito/Ae.Aegypti_1M_21D_25C_SmallCylinder_LowMic_cut1_16bit.wav
17v_5zoR85aD6YE9HJE09bIjyFOzj9BZC,Ae.Aegypti_1M_21D_25C_SmallCylinder_LowMic_cut20_16bit.wav,mosquito,Aedes aegypti,aedes_aegypti,M,1M,21D,25C,SmallCylinder,LowMic,cut20,,,,ae.aegypti_1m_21d_25c_smallcylinder,inferred_filename_source_family; merges cuts and microphone variants; individual/session identity UNKNOWN,1.185,8000,1,PCM_16,9480,acc55626cf23da7c893fef0c53a25cadb5eaae85b29fac4c347b3ee465005256,9d12c8bb4c0e778a254fe5a8c237508ed95ed2253baf908b1581572dbb84dc86,validation,validation,HOLD: source-family grouping is not verified individual/session independence,True,raw/mosquito/Ae.Aegypti_1M_21D_25C_SmallCylinder_LowMic_cut20_16bit.wav
1lcZKK4EmmhLSmlp2Wx1f1ku-_mZuGpVj,Ae.Aegypti_1M_21D_25C_SmallCylinder_LowMic_cut21_16bit.wav,mosquito,Aedes aegypti,aedes_aegypti,M,1M,21D,25C,SmallCylinder,LowMic,cut21,,,,ae.aegypti_1m_21d_25c_smallcylinder,inferred_filename_source_family; merges cuts and microphone variants; individual/session identity UNKNOWN,2.36275,8000,1,PCM_16,18902,8e9a0ce2f5e0a5c1d0e5470d6efb4afe012f63bb98dc78a78fbeac8ab73be209,d0cfe9970d2a1d1a8bcee3585e8d99a98fdeb354987e81b74f6d1653b231957d,validation,validation,HOLD: source-family grouping is not verified individual/session independence,True,raw/mosquito/Ae.Aegypti_1M_21D_25C_SmallCylinder_LowMic_cut21_16bit.wav
1IThVLK1IbIToMLjbMRk5lhcEdfEFNuSt,Ae.Aegypti_1M_21D_25C_SmallCylinder_LowMic_cut22_16bit.wav,mosquito,Aedes aegypti,aedes_aegypti,M,1M,21D,25C,SmallCylinder,LowMic,cut22,,,,ae.aegypti_1m_21d_25c_smallcylinder,inferred_filename_source_family; merges cuts and microphone variants; individual/session identity UNKNOWN,1.23525,8000,1,PCM_16,9882,8653c0eee43c555ec37a2d8688b39233844cd57adbc6a0c64eaee52286a04dbc,aab1928184e3ee94c7766535462d1c822fd0aa36664d289baad7fd2fe15911c9,validation,validation,HOLD: source-family grouping is not verified individual/session independence,True,raw/mosquito/Ae.Aegypti_1M_21D_25C_SmallCylinder_LowMic_cut22_16bit.wav
10j3ZthEGD_5rVuj_RDEnxnvK_onqUEEQ,Ae.Aegypti_1M_21D_25C_SmallCylinder_LowMic_cut23_16bit.wav,mosquito,Aedes aegypti,aedes_aegypti,M,1M,21D,25C,SmallCylinder,LowMic,cut23,,,,ae.aegypti_1m_21d_25c_smallcylinder,inferred_filename_source_family; merges cuts and microphone variants; individual/session identity UNKNOWN,1.24575,8000,1,PCM_16,9966,1265eece95f91218c405156e4f586ef6338690e5edf35945e570da29429bbaa4,43b4c6064a6f4d53bea7ff4f4f85ecee76aa4511d709e34253a15a0ae9f6f5ed,validation,validation,HOLD: source-family grouping is not verified individual/session independence,True,raw/mosquito/Ae.Aegypti_1M_21D_25C_SmallCylinder_LowMic_cut23_16bit.wav
14OF2mF6SlaMVOdGxBFAuWUC93_O2IwZl,Ae.Aegypti_1M_21D_25C_SmallCylinder_LowMic_cut24_16bit.wav,mosquito,Aedes aegypti,aedes_aegypti,M,1M,21D,25C,SmallCylinder,LowMic,cut24,,,,ae.aegypti_1m_21d_25c_smallcylinder,inferred_filename_source_family; merges cuts and microphone variants; individual/session identity UNKNOWN,0.841,8000,1,PCM_16,6728,ef754ba7d14d0595bccc90fb54a62b46e864c5a88af2bd9bbb7992e2f196c250,faa2fe4c5fc968a152a0bbab59306ae35853ed5785e0f8ba98a75d8751d468fc,validation,validation,HOLD: source-family grouping is not verified individual/session independence; shorter than original 1-second context; no padding/looping/concatenation authorized,False,raw/mosquito/Ae.Aegypti_1M_21D_25C_SmallCylinder_LowMic_cut24_16bit.wav
1THb3ZJpZ4ocVlcVfjx4WLv2SmRu-7_ys,Ae.Aegypti_1M_21D_25C_SmallCylinder_LowMic_cut25_16bit.wav,mosquito,Aedes aegypti,aedes_aegypti,M,1M,21D,25C,SmallCylinder,LowMic,cut25,,,,ae.aegypti_1m_21d_25c_smallcylinder,inferred_filename_source_family; merges cuts and microphone variants; individual/session identity UNKNOWN,0.7445,8000,1,PCM_16,5956,1479d1a9f7b5d61c9da3012961c61a8bf777d10306bbcb5997805c0f2af7a426,79a88ebb8594016c9c1fd93fde64284bc95db9b0f2ec446de99a530ea452441a,validation,validation,HOLD: source-family grouping is not verified individual/session independence; shorter than original 1-second context; no padding/looping/concatenation authorized,False,raw/mosquito/Ae.Aegypti_1M_21D_25C_SmallCylinder_LowMic_cut25_16bit.wav
1IdYDagkBT2vHfJgduobwmtGRxZkzDlJR,Ae.Aegypti_1M_21D_25C_SmallCylinder_LowMic_cut26_16bit.wav,mosquito,Aedes aegypti,aedes_aegypti,M,1M,21D,25C,SmallCylinder,LowMic,cut26,,,,ae.aegypti_1m_21d_25c_smallcylinder,inferred_filename_source_family; merges cuts and microphone variants; individual/session identity UNKNOWN,2.919875,8000,1,PCM_16,23359,ac98c09e5ed3d66e469c704b4081f1c16e4d954ca42fa7d3f08b641fb5d22206,fca48bf4cb70de5b12a64a985321d0016a3e24f1a1bf898c9eae025799cd10ce,validation,validation,HOLD: source-family grouping is not verified individual/session independence,True,raw/mosquito/Ae.Aegypti_1M_21D_25C_SmallCylinder_LowMic_cut26_16bit.wav
1bFZAoNo2j6WHZ0an44iEBRBVBy6uCBU0,Ae.Aegypti_1M_21D_25C_SmallCylinder_LowMic_cut27_16bit.wav,mosquito,Aedes aegypti,aedes_aegypti,M,1M,21D,25C,SmallCylinder,LowMic,cut27,,,,ae.aegypti_1m_21d_25c_smallcylinder,inferred_filename_source_family; merges cuts and microphone variants; individual/session identity UNKNOWN,0.974,8000,1,PCM_16,7792,de329358116a7199a4baef54a7e8f0180f109eab2fc926bfd75560150893e89d,f16d058ac507a71163ca480387e7eb55d57354973b563fd30aaf5c90ab65f8cf,validation,validation,HOLD: source-family grouping is not verified individual/session independence; shorter than original 1-second context; no padding/looping/concatenation authorized,False,raw/mosquito/Ae.Aegypti_1M_21D_25C_SmallCylinder_LowMic_cut27_16bit.wav
17ewR1hqHbpbkSKiVJwQNsPVSMUiUmE72,Ae.Aegypti_1M_21D_25C_SmallCylinder_LowMic_cut28_16bit.wav,mosquito,Aedes aegypti,aedes_aegypti,M,1M,21D,25C,SmallCylinder,LowMic,cut28,,,,ae.aegypti_1m_21d_25c_smallcylinder,inferred_filename_source_family; merges cuts and microphone variants; individual/session identity UNKNOWN,1.535,8000,1,PCM_16,12280,c4d4535373fb94213c6a25f094cedd309e5c885f8e968e1f5f7160876a0f147c,d69c60869898fc3a132898cab822c9aa42dfe25ffea5ba5d7782e4af741f326f,validation,validation,HOLD: source-family grouping is not verified individual/session independence,True,raw/mosquito/Ae.Aegypti_1M_21D_25C_SmallCylinder_LowMic_cut28_16bit.wav
1NtueXNp1wvzWCfY_hKZa4FwVeTvmodUT,Ae.Aegypti_1M_21D_25C_SmallCylinder_LowMic_cut29_16bit.wav,mosquito,Aedes aegypti,aedes_aegypti,M,1M,21D,25C,SmallCylinder,LowMic,cut29,,,,ae.aegypti_1m_21d_25c_smallcylinder,inferred_filename_source_family; merges cuts and microphone variants; individual/session identity UNKNOWN,0.61075,8000,1,PCM_16,4886,c231f4139dbbeb6c253ed18c902c499dd26b3f0fd556407ee14534afc82a42ae,a23a9e0c8ae9066ae591195ea339899ce6afd6f465bcbd4aaf7d93d0d91c8e46,validation,validation,HOLD: source-family grouping is not verified individual/session independence; shorter than original 1-second context; no padding/looping/concatenation authorized,False,raw/mosquito/Ae.Aegypti_1M_21D_25C_SmallCylinder_LowMic_cut29_16bit.wav
1QqnAfKAFTG1U1Noz8dgqegcckMqv51_J,Ae.Aegypti_1M_21D_25C_SmallCylinder_LowMic_cut2_16bit.wav,mosquito,Aedes aegypti,aedes_aegypti,M,1M,21D,25C,SmallCylinder,LowMic,cut2,,,,ae.aegypti_1m_21d_25c_smallcylinder,inferred_filename_source_family; merges cuts and microphone variants; individual/session identity UNKNOWN,2.74675,8000,1,PCM_16,21974,000ce3fb5b94c4c781dea2698c9466d82c45df45bc76e86fa2dc546a1b104443,c73cbdcb1fed2c70be07a6a655169ab79b591359500baa965d97cf32918eaad3,validation,validation,HOLD: source-family grouping is not verified individual/session independence,True,raw/mosquito/Ae.Aegypti_1M_21D_25C_SmallCylinder_LowMic_cut2_16bit.wav
1EpRPR1HwebzZ16-jyN4VG13c0eaaOPN8,Ae.Aegypti_1M_21D_25C_SmallCylinder_LowMic_cut30_16bit.wav,mosquito,Aedes aegypti,aedes_aegypti,M,1M,21D,25C,SmallCylinder,LowMic,cut30,,,,ae.aegypti_1m_21d_25c_smallcylinder,inferred_filename_source_family; merges cuts and microphone variants; individual/session identity UNKNOWN,2.562,8000,1,PCM_16,20496,bd612484191cbd7076962b95091ea17361b8803c7501a0eed859287c87b49de8,21bc0b6c37ce5c9bdeb61b3140b620d64b7c3a69f92ee8e095df27a2661f68d9,validation,validation,HOLD: source-family grouping is not verified individual/session independence,True,raw/mosquito/Ae.Aegypti_1M_21D_25C_SmallCylinder_LowMic_cut30_16bit.wav
1PLiNqQ2jKSlBZjJh1honEE59C3796wMh,Ae.Aegypti_1M_21D_25C_SmallCylinder_LowMic_cut31_16bit.wav,mosquito,Aedes aegypti,aedes_aegypti,M,1M,21D,25C,SmallCylinder,LowMic,cut31,,,,ae.aegypti_1m_21d_25c_smallcylinder,inferred_filename_source_family; merges cuts and microphone variants; individual/session identity UNKNOWN,0.653875,8000,1,PCM_16,5231,519db27c1d1901473947ef8d04d3092dffc49d060a681539eaf77dfca1a90a60,048dfc572d9a50425bab9c93287454d5a60cdd4d6d0ea17ed7a99a8d68d6a152,validation,validation,HOLD: source-family grouping is not verified individual/session independence; shorter than original 1-second context; no padding/looping/concatenation authorized,False,raw/mosquito/Ae.Aegypti_1M_21D_25C_SmallCylinder_LowMic_cut31_16bit.wav
1sixiAbcM4XIRcimo3ZvRl4NQjyeT_Spp,Ae.Aegypti_1M_21D_25C_SmallCylinder_LowMic_cut32_16bit.wav,mosquito,Aedes aegypti,aedes_aegypti,M,1M,21D,25C,SmallCylinder,LowMic,cut32,,,,ae.aegypti_1m_21d_25c_smallcylinder,inferred_filename_source_family; merges cuts and microphone variants; individual/session identity UNKNOWN,1.24575,8000,1,PCM_16,9966,ba10fc79ced81b5fdf83149817b071b88a21df41d09ee5e64d20ed4c53bfac60,f5ef8b28bc47fabcc2852544b13ef5de11b83c9708e5aa103d87602ebd740907,validation,validation,HOLD: source-family grouping is not verified individual/session independence,True,raw/mosquito/Ae.Aegypti_1M_21D_25C_SmallCylinder_LowMic_cut32_16bit.wav
15TnUfJ7_L5rcGilp92G1Ljlu0-xXg_FY,Ae.Aegypti_1M_21D_25C_SmallCylinder_LowMic_cut33_16bit.wav,mosquito,Aedes aegypti,aedes_aegypti,M,1M,21D,25C,SmallCylinder,LowMic,cut33,,,,ae.aegypti_1m_21d_25c_smallcylinder,inferred_filename_source_family; merges cuts and microphone variants; individual/session identity UNKNOWN,1.76025,8000,1,PCM_16,14082,c4dda575ec78852139e1cb089277721438cfdc69c7a2dce33f0717ceca2c0ae8,ef7509dea9c26792027b6f84331f59c3cdd0631c4012b4ae04b87e18e28a1033,validation,validation,HOLD: source-family grouping is not verified individual/session independence,True,raw/mosquito/Ae.Aegypti_1M_21D_25C_SmallCylinder_LowMic_cut33_16bit.wav
1hfqFJs1sJAKkFE07Dg2vxP75JOiqWEdc,Ae.Aegypti_1M_21D_25C_SmallCylinder_LowMic_cut34_16bit.wav,mosquito,Aedes aegypti,aedes_aegypti,M,1M,21D,25C,SmallCylinder,LowMic,cut34,,,,ae.aegypti_1m_21d_25c_smallcylinder,inferred_filename_source_family; merges cuts and microphone variants; individual/session identity UNKNOWN,1.653,8000,1,PCM_16,13224,4c0880525a98380e66f794fdf6b5994e411acab34a38687de653d7cb91cc8526,25f12b7f83238de3f6d6df355036b7853aadbfcf6d87275b72daf09abd99738b,validation,validation,HOLD: source-family grouping is not verified individual/session independence,True,raw/mosquito/Ae.Aegypti_1M_21D_25C_SmallCylinder_LowMic_cut34_16bit.wav
1D_3pou0fZR2Kf_4UfCK7esczl4Ik86dq,Ae.Aegypti_1M_21D_25C_SmallCylinder_LowMic_cut35_16bit.wav,mosquito,Aedes aegypti,aedes_aegypti,M,1M,21D,25C,SmallCylinder,LowMic,cut35,,,,ae.aegypti_1m_21d_25c_smallcylinder,inferred_filename_source_family; merges cuts and microphone variants; individual/session identity UNKNOWN,1.7105,8000,1,PCM_16,13684,432647c6d900f73f4d5f8a4e7119002e5f44d6d3d3a4a255eefd6aa0ad6ee716,f3c36276b10af9903d9d38fc5c7560e3125276d114785d60c34e06dccc86deff,validation,validation,HOLD: source-family grouping is not verified individual/session independence,True,raw/mosquito/Ae.Aegypti_1M_21D_25C_SmallCylinder_LowMic_cut35_16bit.wav
1ARZx9DjbdgBv2jHa9FxSJy8geIWEgTmb,Ae.Aegypti_1M_21D_25C_SmallCylinder_LowMic_cut36_16bit.wav,mosquito,Aedes aegypti,aedes_aegypti,M,1M,21D,25C,SmallCylinder,LowMic,cut36,,,,ae.aegypti_1m_21d_25c_smallcylinder,inferred_filename_source_family; merges cuts and microphone variants; individual/session identity UNKNOWN,1.662,8000,1,PCM_16,13296,522145a10077071ffedd22c96ef6cf4a136b943bc59c7d58b671bd555e2952d4,5853c3d7fcee5174db88f0c6c6ca5e3a98c5f990945af0460c2177553351fd54,validation,validation,HOLD: source-family grouping is not verified individual/session independence,True,raw/mosquito/Ae.Aegypti_1M_21D_25C_SmallCylinder_LowMic_cut36_16bit.wav
1twTy_vdKdUcf3n7_zwJVIbDX1meISGZ_,Ae.Aegypti_1M_21D_25C_SmallCylinder_LowMic_cut37_16bit.wav,mosquito,Aedes aegypti,aedes_aegypti,M,1M,21D,25C,SmallCylinder,LowMic,cut37,,,,ae.aegypti_1m_21d_25c_smallcylinder,inferred_filename_source_family; merges cuts and microphone variants; individual/session identity UNKNOWN,1.694375,8000,1,PCM_16,13555,1aa7d6e84486953ee02df6a43db742ee2a3dc80106705a62478724e27e1522d7,1ee5201eef0dfbbaa85cc53d0500342b72fcd2a5876429a036a53148df72c97c,validation,validation,HOLD: source-family grouping is not verified individual/session independence,True,raw/mosquito/Ae.Aegypti_1M_21D_25C_SmallCylinder_LowMic_cut37_16bit.wav
1OaYduq1nYmpvuYtCZvWo0TEgdPjwMO2y,Ae.Aegypti_1M_21D_25C_SmallCylinder_LowMic_cut38_16bit.wav,mosquito,Aedes aegypti,aedes_aegypti,M,1M,21D,25C,SmallCylinder,LowMic,cut38,,,,ae.aegypti_1m_21d_25c_smallcylinder,inferred_filename_source_family; merges cuts and microphone variants; individual/session identity UNKNOWN,1.887875,8000,1,PCM_16,15103,2d47ddcab3e880e5d2416d70c1c3b1a8f5557c4a810f2e9171d8e4c055b4d4d6,38539d05007b15f39c8f670fe428c25954fe17cbc7ef7a41ff4f550b7a6c349c,validation,validation,HOLD: source-family grouping is not verified individual/session independence,True,raw/mosquito/Ae.Aegypti_1M_21D_25C_SmallCylinder_LowMic_cut38_16bit.wav
121RMEW3Gn2wSw4DCwgIjyKt53JkT9IKb,Ae.Aegypti_1M_21D_25C_SmallCylinder_LowMic_cut39_16bit.wav,mosquito,Aedes aegypti,aedes_aegypti,M,1M,21D,25C,SmallCylinder,LowMic,cut39,,,,ae.aegypti_1m_21d_25c_smallcylinder,inferred_filename_source_family; merges cuts and microphone variants; individual/session identity UNKNOWN,1.714875,8000,1,PCM_16,13719,888a633bc624192d30d0345bbc4a968bcbc7807bab0ee2baefdb2745ec3ee281,1ba13c0df0c5f1ac16e7c6bfc5459b8c8b219141e8baeeaff556a60303f301b4,validation,validation,HOLD: source-family grouping is not verified individual/session independence,True,raw/mosquito/Ae.Aegypti_1M_21D_25C_SmallCylinder_LowMic_cut39_16bit.wav
1mHSxQ12sTHS0uOB5kSzO3qxdJ1aHYEU0,Ae.Aegypti_1M_21D_25C_SmallCylinder_LowMic_cut3_16bit.wav,mosquito,Aedes aegypti,aedes_aegypti,M,1M,21D,25C,SmallCylinder,LowMic,cut3,,,,ae.aegypti_1m_21d_25c_smallcylinder,inferred_filename_source_family; merges cuts and microphone variants; individual/session identity UNKNOWN,1.431125,8000,1,PCM_16,11449,28300842544282df3f4e6c3cfe3dbc0ef9e98b35603a7ad9fcb41ffaeeba6785,663d32ef19f5143986737085aa29da83199d92a89cd42966708d89414fb02b45,validation,validation,HOLD: source-family grouping is not verified individual/session independence,True,raw/mosquito/Ae.Aegypti_1M_21D_25C_SmallCylinder_LowMic_cut3_16bit.wav
15SjMKUVkn1go65WN_xRD4_MteG-HaPZS,Ae.Aegypti_1M_21D_25C_SmallCylinder_LowMic_cut40_16bit.wav,mosquito,Aedes aegypti,aedes_aegypti,M,1M,21D,25C,SmallCylinder,LowMic,cut40,,,,ae.aegypti_1m_21d_25c_smallcylinder,inferred_filename_source_family; merges cuts and microphone variants; individual/session identity UNKNOWN,1.596375,8000,1,PCM_16,12771,59b37f75b58b7d748fd65a1d6760d56922d8e4d3360b065f37e3484a45762c55,3144c1ec2cab48c2c74224a5dbb7925b415ae2bcf5b8d01c7b82917b3b230259,validation,validation,HOLD: source-family grouping is not verified individual/session independence,True,raw/mosquito/Ae.Aegypti_1M_21D_25C_SmallCylinder_LowMic_cut40_16bit.wav
1XjXkQG3GgOgoaou2griZJqadWZlWxfC8,Ae.Aegypti_1M_21D_25C_SmallCylinder_LowMic_cut41_16bit.wav,mosquito,Aedes aegypti,aedes_aegypti,M,1M,21D,25C,SmallCylinder,LowMic,cut41,,,,ae.aegypti_1m_21d_25c_smallcylinder,inferred_filename_source_family; merges cuts and microphone variants; individual/session identity UNKNOWN,0.97025,8000,1,PCM_16,7762,2eebbe1b60dd1e645ef1bbaca1d2c768f5f9de337779d611efaab22b0c061bbf,195826c79a8e1e4a686d783f435bb3aad0902fe5415cf0de91c917260c2c2f1d,validation,validation,HOLD: source-family grouping is not verified individual/session independence; shorter than original 1-second context; no padding/looping/concatenation authorized,False,raw/mosquito/Ae.Aegypti_1M_21D_25C_SmallCylinder_LowMic_cut41_16bit.wav
1YO8fOMoaZ8pSOu8lofQ_fbyGgE-m9EvQ,Ae.Aegypti_1M_21D_25C_SmallCylinder_LowMic_cut42_16bit.wav,mosquito,Aedes aegypti,aedes_aegypti,M,1M,21D,25C,SmallCylinder,LowMic,cut42,,,,ae.aegypti_1m_21d_25c_smallcylinder,inferred_filename_source_family; merges cuts and microphone variants; individual/session identity UNKNOWN,1.9155,8000,1,PCM_16,15324,c0efca7abbfe3baa9e8696299c88feafbbde4a84aa882642ba9170764832a1ef,e6edbed7b8b0839b83afd0404040415ca98db7c5dd1bbb21d3f3b0a232462893,validation,validation,HOLD: source-family grouping is not verified individual/session independence,True,raw/mosquito/Ae.Aegypti_1M_21D_25C_SmallCylinder_LowMic_cut42_16bit.wav
1efW2RwRZWHSdhrqYqMUtjLdiRxaMZaEz,Ae.Aegypti_1M_21D_25C_SmallCylinder_LowMic_cut43_16bit.wav,mosquito,Aedes aegypti,aedes_aegypti,M,1M,21D,25C,SmallCylinder,LowMic,cut43,,,,ae.aegypti_1m_21d_25c_smallcylinder,inferred_filename_source_family; merges cuts and microphone variants; individual/session identity UNKNOWN,1.3965,8000,1,PCM_16,11172,e4f5ebe4f7c83c31cc2a469d51982297879ac5573dce60b13c1eb6fba69919cb,e23ef3c51263a2922da14960f0b7e079ef555eed55a9660d0e3aff42a9881cbe,validation,validation,HOLD: source-family grouping is not verified individual/session independence,True,raw/mosquito/Ae.Aegypti_1M_21D_25C_SmallCylinder_LowMic_cut43_16bit.wav
1MYwFc4PvaEC8jt-B3xH1cI9Pe6CjxfTY,Ae.Aegypti_1M_21D_25C_SmallCylinder_LowMic_cut44_16bit.wav,mosquito,Aedes aegypti,aedes_aegypti,M,1M,21D,25C,SmallCylinder,LowMic,cut44,,,,ae.aegypti_1m_21d_25c_smallcylinder,inferred_filename_source_family; merges cuts and microphone variants; individual/session identity UNKNOWN,2.2615,8000,1,PCM_16,18092,0daf53832140fe8f31f3e5445b64feecb4f581320c9233d31648a08be68010ff,536fbe5df96d3e1dce74f44c384c9f1d908c76623b15695c838f2bc9983fa418,validation,validation,HOLD: source-family grouping is not verified individual/session independence,True,raw/mosquito/Ae.Aegypti_1M_21D_25C_SmallCylinder_LowMic_cut44_16bit.wav
1UsLes0nnXmT2pNBBc7Ub6stD3HloE4qw,Ae.Aegypti_1M_21D_25C_SmallCylinder_LowMic_cut4_16bit.wav,mosquito,Aedes aegypti,aedes_aegypti,M,1M,21D,25C,SmallCylinder,LowMic,cut4,,,,ae.aegypti_1m_21d_25c_smallcylinder,inferred_filename_source_family; merges cuts and microphone variants; individual/session identity UNKNOWN,1.27275,8000,1,PCM_16,10182,1f0ed0d98a21993bac41e11a3a40d9bdad50e53014c0c742c2d00eb7f82c7def,f2b97f0262eb3c1a4994700b90c984ac51d30b7df3917c305df68e0a045468e0,validation,validation,HOLD: source-family grouping is not verified individual/session independence,True,raw/mosquito/Ae.Aegypti_1M_21D_25C_SmallCylinder_LowMic_cut4_16bit.wav
1WKmly_tdcOUFGCOKe2RYrM9N847nhyr0,Ae.Aegypti_1M_21D_25C_SmallCylinder_LowMic_cut5_16bit.wav,mosquito,Aedes aegypti,aedes_aegypti,M,1M,21D,25C,SmallCylinder,LowMic,cut5,,,,ae.aegypti_1m_21d_25c_smallcylinder,inferred_filename_source_family; merges cuts and microphone variants; individual/session identity UNKNOWN,1.246375,8000,1,PCM_16,9971,e53f7a1f0efd00a3e1b4fb251a827f0162a963c99e4b35c8694323a1349b2e2e,0cc7d5ba8515990488c84be46a37f32ed0d927df98a311ff46e5871c16fb312a,validation,validation,HOLD: source-family grouping is not verified individual/session independence,True,raw/mosquito/Ae.Aegypti_1M_21D_25C_SmallCylinder_LowMic_cut5_16bit.wav
1H2W3dzGyqs9Vtg6vCZmh38TepKY_zvf7,Ae.Aegypti_1M_21D_25C_SmallCylinder_LowMic_cut6_16bit.wav,mosquito,Aedes aegypti,aedes_aegypti,M,1M,21D,25C,SmallCylinder,LowMic,cut6,,,,ae.aegypti_1m_21d_25c_smallcylinder,inferred_filename_source_family; merges cuts and microphone variants; individual/session identity UNKNOWN,1.0585,8000,1,PCM_16,8468,1974332e9bc30d7a3889a0e08e58b8d9984ea72a6c617492c1e14cdf6ea420d4,1d45fc65283c1f1db3681fa669e0683dd552642ce79af55bc56ccf8dc07e404f,validation,validation,HOLD: source-family grouping is not verified individual/session independence,True,raw/mosquito/Ae.Aegypti_1M_21D_25C_SmallCylinder_LowMic_cut6_16bit.wav
1kbMBqtmveEJFla2OPiyYcRJycIwdnEW9,Ae.Aegypti_1M_21D_25C_SmallCylinder_LowMic_cut7_16bit.wav,mosquito,Aedes aegypti,aedes_aegypti,M,1M,21D,25C,SmallCylinder,LowMic,cut7,,,,ae.aegypti_1m_21d_25c_smallcylinder,inferred_filename_source_family; merges cuts and microphone variants; individual/session identity UNKNOWN,1.295875,8000,1,PCM_16,10367,c0f02a92fa5ddde0423a3ae77feaa402948fd5a5a7438c8a885e5b61fc7a3381,4c77a55a0189d9485fc79e2660644ce74c55efdf68a0b46eae43a18939648539,validation,validation,HOLD: source-family grouping is not verified individual/session independence,True,raw/mosquito/Ae.Aegypti_1M_21D_25C_SmallCylinder_LowMic_cut7_16bit.wav
1jyp55FB6f520zSyg7vU9iJxlkDi9Lv_i,Ae.Aegypti_1M_21D_25C_SmallCylinder_LowMic_cut8_16bit.wav,mosquito,Aedes aegypti,aedes_aegypti,M,1M,21D,25C,SmallCylinder,LowMic,cut8,,,,ae.aegypti_1m_21d_25c_smallcylinder,inferred_filename_source_family; merges cuts and microphone variants; individual/session identity UNKNOWN,0.83025,8000,1,PCM_16,6642,a47b2104c2c80d6aad96b9e086140ef0a11338b83ad351c648d80500134ba428,314d3a680f586a06fbd5f829807eb39875c0022f6ba1e65559ad567b196d39e0,validation,validation,HOLD: source-family grouping is not verified individual/session independence; shorter than original 1-second context; no padding/looping/concatenation authorized,False,raw/mosquito/Ae.Aegypti_1M_21D_25C_SmallCylinder_LowMic_cut8_16bit.wav
1aShL38Umy5qs9sa6A72hDAasK3fB1b2v,Ae.Aegypti_1M_21D_25C_SmallCylinder_LowMic_cut9_16bit.wav,mosquito,Aedes aegypti,aedes_aegypti,M,1M,21D,25C,SmallCylinder,LowMic,cut9,,,,ae.aegypti_1m_21d_25c_smallcylinder,inferred_filename_source_family; merges cuts and microphone variants; individual/session identity UNKNOWN,2.442625,8000,1,PCM_16,19541,c85228c5ea011563075fd520ce869d9a687bb7e59ef35e6f45554906ed38f33d,802a3abd467de8d0cfc253ae12625fd21a55cb539014e18300db4c9f4db9320c,validation,validation,HOLD: source-family grouping is not verified individual/session independence,True,raw/mosquito/Ae.Aegypti_1M_21D_25C_SmallCylinder_LowMic_cut9_16bit.wav
1Vdwz2tPw63ZXNiZMVQASbGSyoMStkrz4,Ae.Aegypti_1M_5D_25C_SmallCylinder_cut10_16bit.wav,mosquito,Aedes aegypti,aedes_aegypti,M,1M,5D,25C,SmallCylinder,unmarked,cut10,,,,ae.aegypti_1m_5d_25c_smallcylinder,inferred_filename_source_family; merges cuts and microphone variants; individual/session identity UNKNOWN,4.193,8000,1,PCM_16,33544,24a5b5f19f1784cc18b7e4bf0e4c9a15a1a3084b52450283a0c318e21ec39295,d43ff176a6d3cd24fe23bdd5b406b3d99b3b558d89d149dcf4c611d968e7a0dd,training,training,HOLD: source-family grouping is not verified individual/session independence,True,raw/mosquito/Ae.Aegypti_1M_5D_25C_SmallCylinder_cut10_16bit.wav
17qS_JGaeACLuey_07rXb-BbxeGyKzaip,Ae.Aegypti_1M_5D_25C_SmallCylinder_cut11_16bit.wav,mosquito,Aedes aegypti,aedes_aegypti,M,1M,5D,25C,SmallCylinder,unmarked,cut11,,,,ae.aegypti_1m_5d_25c_smallcylinder,inferred_filename_source_family; merges cuts and microphone variants; individual/session identity UNKNOWN,2.838,8000,1,PCM_16,22704,745872d313c01618ed2037df086c66cfc9b522915b44b596c4aced31d67a197c,b441f655e7f8dd915675efdb0e4b880b2a71abb3ff8b4b3e3adf9385e3096a68,training,training,HOLD: source-family grouping is not verified individual/session independence,True,raw/mosquito/Ae.Aegypti_1M_5D_25C_SmallCylinder_cut11_16bit.wav
1BXfnEi7wIqd4c4Mo1z51UffPul7wMf50,Ae.Aegypti_1M_5D_25C_SmallCylinder_cut12_16bit.wav,mosquito,Aedes aegypti,aedes_aegypti,M,1M,5D,25C,SmallCylinder,unmarked,cut12,,,,ae.aegypti_1m_5d_25c_smallcylinder,inferred_filename_source_family; merges cuts and microphone variants; individual/session identity UNKNOWN,1.364,8000,1,PCM_16,10912,226bac3a5e1bee93d19f706d0f035fdd8b6896748776bddc900d0fbfcd82de3f,0dcffd3719c2f09747725a1ca9b016eef4b9fa6bb846427ff2b1250e4718cc91,training,training,HOLD: source-family grouping is not verified individual/session independence,True,raw/mosquito/Ae.Aegypti_1M_5D_25C_SmallCylinder_cut12_16bit.wav
1PxZFTn-VFj4kmNMPLacLAgzhhVPc8PlZ,Ae.Aegypti_1M_5D_25C_SmallCylinder_cut13_16bit.wav,mosquito,Aedes aegypti,aedes_aegypti,M,1M,5D,25C,SmallCylinder,unmarked,cut13,,,,ae.aegypti_1m_5d_25c_smallcylinder,inferred_filename_source_family; merges cuts and microphone variants; individual/session identity UNKNOWN,1.288,8000,1,PCM_16,10304,b1506cafb080a181176b1f67524f7bf1280a88b69062850b8cd5cf90de1da5cb,ca7313b9cea5f30e74225e7f54f9bd54c8e514ba249a9e76706bc2e8fd0cfe62,training,training,HOLD: source-family grouping is not verified individual/session independence,True,raw/mosquito/Ae.Aegypti_1M_5D_25C_SmallCylinder_cut13_16bit.wav
1eluLcfVH85JGlrnA4V549B8_QhC1fp58,Ae.Aegypti_1M_5D_25C_SmallCylinder_cut14_16bit.wav,mosquito,Aedes aegypti,aedes_aegypti,M,1M,5D,25C,SmallCylinder,unmarked,cut14,,,,ae.aegypti_1m_5d_25c_smallcylinder,inferred_filename_source_family; merges cuts and microphone variants; individual/session identity UNKNOWN,2.651,8000,1,PCM_16,21208,3acaf641581a5eb7a444150ba17a1cdc70768c703d578d8a346d3a251861cf2d,69def44389722b5396a181026ee5e02fdc93fbbb7dcbc34788fe8f1bb406b47d,training,training,HOLD: source-family grouping is not verified individual/session independence,True,raw/mosquito/Ae.Aegypti_1M_5D_25C_SmallCylinder_cut14_16bit.wav
1G76dDWkt2aCT0-stVLFM3HgKo1YEkroy,Ae.Aegypti_1M_5D_25C_SmallCylinder_cut15_16bit.wav,mosquito,Aedes aegypti,aedes_aegypti,M,1M,5D,25C,SmallCylinder,unmarked,cut15,,,,ae.aegypti_1m_5d_25c_smallcylinder,inferred_filename_source_family; merges cuts and microphone variants; individual/session identity UNKNOWN,1.635,8000,1,PCM_16,13080,d2fde9e979833e5bb5495ef0f8dc5df7e149f50c67d68d54ccd5ba9e3ac072a2,554b97b0e22ad852e8dafe65a38b3e014c3d60028622e4d0aa4b561292839618,training,training,HOLD: source-family grouping is not verified individual/session independence,True,raw/mosquito/Ae.Aegypti_1M_5D_25C_SmallCylinder_cut15_16bit.wav
1_iSR2NsYa0aUrhpg5nOZorthNzlcWJje,Ae.Aegypti_1M_5D_25C_SmallCylinder_cut16_16bit.wav,mosquito,Aedes aegypti,aedes_aegypti,M,1M,5D,25C,SmallCylinder,unmarked,cut16,,,,ae.aegypti_1m_5d_25c_smallcylinder,inferred_filename_source_family; merges cuts and microphone variants; individual/session identity UNKNOWN,1.11,8000,1,PCM_16,8880,4581a162e338b1fa6424f4ad1a5e712f6d0dfd1ada29dd005699eb29d14e7712,8fa4751c2bab59a0a80ebaf3f98b5c0f96e33519f05859e4485b80b053b61c79,training,training,HOLD: source-family grouping is not verified individual/session independence,True,raw/mosquito/Ae.Aegypti_1M_5D_25C_SmallCylinder_cut16_16bit.wav
1qdhYYVueU7vCKONCN1TpkJm1PS4jFxGJ,Ae.Aegypti_1M_5D_25C_SmallCylinder_cut17_16bit.wav,mosquito,Aedes aegypti,aedes_aegypti,M,1M,5D,25C,SmallCylinder,unmarked,cut17,,,,ae.aegypti_1m_5d_25c_smallcylinder,inferred_filename_source_family; merges cuts and microphone variants; individual/session identity UNKNOWN,1.0,8000,1,PCM_16,8000,79d9b805ca3b874d9f3002c17dd462fa30478e3b089539a4ef79804ce94c5aea,2c4e19a8cc2a6b2c15abcaa76863760901d0e7406097c37579b65025ffb5eb4d,training,training,HOLD: source-family grouping is not verified individual/session independence,True,raw/mosquito/Ae.Aegypti_1M_5D_25C_SmallCylinder_cut17_16bit.wav
1VJFlLZEhz6HjNg8Aj32L8eVSBqi0SNx_,Ae.Aegypti_1M_5D_25C_SmallCylinder_cut18_16bit.wav,mosquito,Aedes aegypti,aedes_aegypti,M,1M,5D,25C,SmallCylinder,unmarked,cut18,,,,ae.aegypti_1m_5d_25c_smallcylinder,inferred_filename_source_family; merges cuts and microphone variants; individual/session identity UNKNOWN,0.83,8000,1,PCM_16,6640,0b4103c981406853810f843372298bb2e939c94c98ef013224ec0724afa4ca2a,261aa6196178f2eb4877c140bb9d3a3608917433c9ffc7fbfb4af908d444d3ed,training,training,HOLD: source-family grouping is not verified individual/session independence; shorter than original 1-second context; no padding/looping/concatenation authorized,False,raw/mosquito/Ae.Aegypti_1M_5D_25C_SmallCylinder_cut18_16bit.wav
1AITOWAuc9zpspznVj-3zgA4Vx2fUDl1i,Ae.Aegypti_1M_5D_25C_SmallCylinder_cut19_16bit.wav,mosquito,Aedes aegypti,aedes_aegypti,M,1M,5D,25C,SmallCylinder,unmarked,cut19,,,,ae.aegypti_1m_5d_25c_smallcylinder,inferred_filename_source_family; merges cuts and microphone variants; individual/session identity UNKNOWN,2.16,8000,1,PCM_16,17280,a20cec035fc136961878b7b244a644e5f9c70caa7a058843a77094ad9ed32b01,00cd05a053dd0b039103a064cf6e2aeb8cc8f45fc11dcf14159df915f713bed4,training,training,HOLD: source-family grouping is not verified individual/session independence,True,raw/mosquito/Ae.Aegypti_1M_5D_25C_SmallCylinder_cut19_16bit.wav
18bxXV6Uq4u6upxXcxFtfR4R3OAgz6WNR,Ae.Aegypti_1M_5D_25C_SmallCylinder_cut1_16bit.wav,mosquito,Aedes aegypti,aedes_aegypti,M,1M,5D,25C,SmallCylinder,unmarked,cut1,,,,ae.aegypti_1m_5d_25c_smallcylinder,inferred_filename_source_family; merges cuts and microphone variants; individual/session identity UNKNOWN,1.995625,8000,1,PCM_16,15965,ed45c6b252f7696a9beb55bf9d4236e43e2cf4464ce3e4138caff787aafb974c,4129db1ee1b2e0e33ad4734e3d98908db8858c2069edaee3c7ebe6d9d078dfd9,training,training,HOLD: source-family grouping is not verified individual/session independence,True,raw/mosquito/Ae.Aegypti_1M_5D_25C_SmallCylinder_cut1_16bit.wav
12xOFyrRHnWFYhiKJvMjurQcKssnv8x5u,Ae.Aegypti_1M_5D_25C_SmallCylinder_cut20_16bit.wav,mosquito,Aedes aegypti,aedes_aegypti,M,1M,5D,25C,SmallCylinder,unmarked,cut20,,,,ae.aegypti_1m_5d_25c_smallcylinder,inferred_filename_source_family; merges cuts and microphone variants; individual/session identity UNKNOWN,1.584,8000,1,PCM_16,12672,7ebe535db03f09bfbf75d0c5e50dacbd8b04ca381c1d3c57c3f3c4c643305738,7431fb5b89748f911d326bbe1f3e070c925432b5dcf0cc6796a3fc23449d18a7,training,training,HOLD: source-family grouping is not verified individual/session independence,True,raw/mosquito/Ae.Aegypti_1M_5D_25C_SmallCylinder_cut20_16bit.wav
1BBQPdvCnI1OcVuOGBHXO8e3_C5wsUZC6,Ae.Aegypti_1M_5D_25C_SmallCylinder_cut21_16bit.wav,mosquito,Aedes aegypti,aedes_aegypti,M,1M,5D,25C,SmallCylinder,unmarked,cut21,,,,ae.aegypti_1m_5d_25c_smallcylinder,inferred_filename_source_family; merges cuts and microphone variants; individual/session identity UNKNOWN,1.32,8000,1,PCM_16,10560,4bed39264f4f9b5b68b2d3b84a606ff18ae754f20661a8440bd5264fcf713b7d,219ed1ab512aa29a4b24c2f2ca94aa341f14f57afe362fa697e8dd10febc82ee,training,training,HOLD: source-family grouping is not verified individual/session independence,True,raw/mosquito/Ae.Aegypti_1M_5D_25C_SmallCylinder_cut21_16bit.wav
1RVqsiC9kQhi4rOiP2jWRpnH9qmy-n-8V,Ae.Aegypti_1M_5D_25C_SmallCylinder_cut22_16bit.wav,mosquito,Aedes aegypti,aedes_aegypti,M,1M,5D,25C,SmallCylinder,unmarked,cut22,,,,ae.aegypti_1m_5d_25c_smallcylinder,inferred_filename_source_family; merges cuts and microphone variants; individual/session identity UNKNOWN,1.987,8000,1,PCM_16,15896,b4ad8587a59b9dd48ddde353aeec5710ec8b69d14c27d701d258fcf59a9e1657,639b8d41014c99a9b47939e36a630261d4a51a06dc37f9f513faa0f73a6b12c3,training,training,HOLD: source-family grouping is not verified individual/session independence,True,raw/mosquito/Ae.Aegypti_1M_5D_25C_SmallCylinder_cut22_16bit.wav
10IHZ_1bRGH-GfUi2rV4a100zzqrFRuQF,Ae.Aegypti_1M_5D_25C_SmallCylinder_cut23_16bit.wav,mosquito,Aedes aegypti,aedes_aegypti,M,1M,5D,25C,SmallCylinder,unmarked,cut23,,,,ae.aegypti_1m_5d_25c_smallcylinder,inferred_filename_source_family; merges cuts and microphone variants; individual/session identity UNKNOWN,1.32,8000,1,PCM_16,10560,553eb7cdba84858b2683ec2cdf96304f6bfc0b218a9a83205f25008b9be1e20f,e0a5946d8901b3c72774e8d91f22c676b14e42fa5965a75faf9f14b7ba2376e3,training,training,HOLD: source-family grouping is not verified individual/session independence,True,raw/mosquito/Ae.Aegypti_1M_5D_25C_SmallCylinder_cut23_16bit.wav
1t1ln3aG1AXbG07IshJ3uRnlYfaoaVltN,Ae.Aegypti_1M_5D_25C_SmallCylinder_cut24_16bit.wav,mosquito,Aedes aegypti,aedes_aegypti,M,1M,5D,25C,SmallCylinder,unmarked,cut24,,,,ae.aegypti_1m_5d_25c_smallcylinder,inferred_filename_source_family; merges cuts and microphone variants; individual/session identity UNKNOWN,1.654,8000,1,PCM_16,13232,382839c0877ffe6273c721f19de80353f5c5243bc0f0a9f18494284d6f62970a,3cf9f0c8471168c7cacd72df03c7ec6377008e56032095521bb84530d61b75bd,training,training,HOLD: source-family grouping is not verified individual/session independence,True,raw/mosquito/Ae.Aegypti_1M_5D_25C_SmallCylinder_cut24_16bit.wav
1xw0jQfO0f8sWT0YtDoZxiCF2nnrtsERc,Ae.Aegypti_1M_5D_25C_SmallCylinder_cut25_16bit.wav,mosquito,Aedes aegypti,aedes_aegypti,M,1M,5D,25C,SmallCylinder,unmarked,cut25,,,,ae.aegypti_1m_5d_25c_smallcylinder,inferred_filename_source_family; merges cuts and microphone variants; individual/session identity UNKNOWN,1.632,8000,1,PCM_16,13056,52e582d770f711c8c511b7a53e9088c96a4e8900d79a1d07e9d56dafb7fdd6a0,f3d7ff6fae69aafef2bc276a879abbb72466c67bfd38016b364f1c174399bb7e,training,training,HOLD: source-family grouping is not verified individual/session independence,True,raw/mosquito/Ae.Aegypti_1M_5D_25C_SmallCylinder_cut25_16bit.wav
1O-ePqlZT8lUmyZNW7_4iYkf633ahC2fW,Ae.Aegypti_1M_5D_25C_SmallCylinder_cut26_16bit.wav,mosquito,Aedes aegypti,aedes_aegypti,M,1M,5D,25C,SmallCylinder,unmarked,cut26,,,,ae.aegypti_1m_5d_25c_smallcylinder,inferred_filename_source_family; merges cuts and microphone variants; individual/session identity UNKNOWN,0.98325,8000,1,PCM_16,7866,e6cfb841de14b9246d701f9d1893a126227c43f52d3ed7d84bdcebf51f9f206e,07383aef05d1746eb949e037b70e2c8457e49252c40a93710f32bf123932f8ef,training,training,HOLD: source-family grouping is not verified individual/session independence; shorter than original 1-second context; no padding/looping/concatenation authorized,False,raw/mosquito/Ae.Aegypti_1M_5D_25C_SmallCylinder_cut26_16bit.wav
1mtW9TGKxKNXtkkjOaoK1vSs16tCDZL1I,Ae.Aegypti_1M_5D_25C_SmallCylinder_cut27_16bit.wav,mosquito,Aedes aegypti,aedes_aegypti,M,1M,5D,25C,SmallCylinder,unmarked,cut27,,,,ae.aegypti_1m_5d_25c_smallcylinder,inferred_filename_source_family; merges cuts and microphone variants; individual/session identity UNKNOWN,1.036,8000,1,PCM_16,8288,50a027001aef5ce09385e0f1d43732e1d1133704fd0b45cd86ae6ac60d58bc1c,874fca871a7f819dc794f8354988f24ebfb79110a67f44fdbd5721789b781b05,training,training,HOLD: source-family grouping is not verified individual/session independence,True,raw/mosquito/Ae.Aegypti_1M_5D_25C_SmallCylinder_cut27_16bit.wav
1IFhYR7Kca_8vchzueyEzarLhvbkLtME1,Ae.Aegypti_1M_5D_25C_SmallCylinder_cut28_16bit.wav,mosquito,Aedes aegypti,aedes_aegypti,M,1M,5D,25C,SmallCylinder,unmarked,cut28,,,,ae.aegypti_1m_5d_25c_smallcylinder,inferred_filename_source_family; merges cuts and microphone variants; individual/session identity UNKNOWN,1.193,8000,1,PCM_16,9544,43b67de038ffb1a1fab5369eea9826bb54fb7e371f9fb78387d94980bef91541,c849bb8d010e4d1c65b6b5fd97bf0b8398a0ca36e17fa1c44d10c19cec9527c9,training,training,HOLD: source-family grouping is not verified individual/session independence,True,raw/mosquito/Ae.Aegypti_1M_5D_25C_SmallCylinder_cut28_16bit.wav
1QX7x07POhQ6EJiWA1Egppr-REUbz0YXr,Ae.Aegypti_1M_5D_25C_SmallCylinder_cut29_16bit.wav,mosquito,Aedes aegypti,aedes_aegypti,M,1M,5D,25C,SmallCylinder,unmarked,cut29,,,,ae.aegypti_1m_5d_25c_smallcylinder,inferred_filename_source_family; merges cuts and microphone variants; individual/session identity UNKNOWN,1.199,8000,1,PCM_16,9592,c7b1088c2e2b8e555958a5c8d35df99a8e91430b6bb53016ab69fc97edcf3cb8,efe1676692505433e7b81dd5ff7ae8c08fdc0a01acfd99151fdba81bff0e9e08,training,training,HOLD: source-family grouping is not verified individual/session independence,True,raw/mosquito/Ae.Aegypti_1M_5D_25C_SmallCylinder_cut29_16bit.wav
19YsC74okURokaCwaIDxl4iCbB-YmQrlI,Ae.Aegypti_1M_5D_25C_SmallCylinder_cut2_16bit.wav,mosquito,Aedes aegypti,aedes_aegypti,M,1M,5D,25C,SmallCylinder,unmarked,cut2,,,,ae.aegypti_1m_5d_25c_smallcylinder,inferred_filename_source_family; merges cuts and microphone variants; individual/session identity UNKNOWN,0.788,8000,1,PCM_16,6304,caad3e34a5d0e0143b330cbbcd31a2d429188b63d67488c6a6c4c7fb150c3eb5,27295c6b753ab306d8105761e04c305bf728468db830d306155b8e529019e464,training,training,HOLD: source-family grouping is not verified individual/session independence; shorter than original 1-second context; no padding/looping/concatenation authorized,False,raw/mosquito/Ae.Aegypti_1M_5D_25C_SmallCylinder_cut2_16bit.wav
1JPZo9wYH3-QvK_p1L1dGPUr-HSTChAiz,Ae.Aegypti_1M_5D_25C_SmallCylinder_cut30_16bit.wav,mosquito,Aedes aegypti,aedes_aegypti,M,1M,5D,25C,SmallCylinder,unmarked,cut30,,,,ae.aegypti_1m_5d_25c_smallcylinder,inferred_filename_source_family; merges cuts and microphone variants; individual/session identity UNKNOWN,1.497,8000,1,PCM_16,11976,821262a9fc316aa6ba32d9077ee8b63a60e4443e4bd221b573dd9701de16ab48,6aab633adb37b039e09e03bb3af2fe958d136fb4ccdfcb4c35c62927338a58c0,training,training,HOLD: source-family grouping is not verified individual/session independence,True,raw/mosquito/Ae.Aegypti_1M_5D_25C_SmallCylinder_cut30_16bit.wav
1bCTAwTjHvxaXMK1LOKsLN2Xm1dPNaGXG,Ae.Aegypti_1M_5D_25C_SmallCylinder_cut31_16bit.wav,mosquito,Aedes aegypti,aedes_aegypti,M,1M,5D,25C,SmallCylinder,unmarked,cut31,,,,ae.aegypti_1m_5d_25c_smallcylinder,inferred_filename_source_family; merges cuts and microphone variants; individual/session identity UNKNOWN,1.522,8000,1,PCM_16,12176,4323c15bb2a9dad92f2af572c254a925c42ded0e4b00e6f5c6def41bb8ace54e,91045cd38aff30c9ef2b8f25c9d87aebf664e53cb92737e81cae990579069014,training,training,HOLD: source-family grouping is not verified individual/session independence,True,raw/mosquito/Ae.Aegypti_1M_5D_25C_SmallCylinder_cut31_16bit.wav
114miQ46ifF_OsmfMex9ZFcwl4sbZm0JK,Ae.Aegypti_1M_5D_25C_SmallCylinder_cut32_16bit.wav,mosquito,Aedes aegypti,aedes_aegypti,M,1M,5D,25C,SmallCylinder,unmarked,cut32,,,,ae.aegypti_1m_5d_25c_smallcylinder,inferred_filename_source_family; merges cuts and microphone variants; individual/session identity UNKNOWN,3.075,8000,1,PCM_16,24600,c5d93268e899e22141423b4b2756c6ee883f89fc0da046c6bf58379df4976864,04f282fb89075ee3d39977c803e2b3345a796c7a74f8c4c146a93eb5bebf8f56,training,training,HOLD: source-family grouping is not verified individual/session independence,True,raw/mosquito/Ae.Aegypti_1M_5D_25C_SmallCylinder_cut32_16bit.wav
1TvFXsMsLUNiL9_158nzGM0Ai0khw8W6s,Ae.Aegypti_1M_5D_25C_SmallCylinder_cut33_16bit.wav,mosquito,Aedes aegypti,aedes_aegypti,M,1M,5D,25C,SmallCylinder,unmarked,cut33,,,,ae.aegypti_1m_5d_25c_smallcylinder,inferred_filename_source_family; merges cuts and microphone variants; individual/session identity UNKNOWN,1.727,8000,1,PCM_16,13816,0c35ed7b6c597e8a16e85ddb96c36640c62fec8d830c1b9e34475d9023cef8de,00c6cf6a39e4bc2d6cd13ee9ead8a9cc3de00d4e21a41922caedf2b585892c3e,training,training,HOLD: source-family grouping is not verified individual/session independence,True,raw/mosquito/Ae.Aegypti_1M_5D_25C_SmallCylinder_cut33_16bit.wav
1rwCSPAy2t4x8-3MkXEMOZdHRHjMf0lUx,Ae.Aegypti_1M_5D_25C_SmallCylinder_cut34_16bit.wav,mosquito,Aedes aegypti,aedes_aegypti,M,1M,5D,25C,SmallCylinder,unmarked,cut34,,,,ae.aegypti_1m_5d_25c_smallcylinder,inferred_filename_source_family; merges cuts and microphone variants; individual/session identity UNKNOWN,1.596,8000,1,PCM_16,12768,a676320d03a2942d825e0040e35df79db3f76fd6751f6e2330ff064ed4349426,9002ff5e02caa2f0e7ebe3ff55b93666a26dc65bf6d87ecd24bcdc567e628de9,training,training,HOLD: source-family grouping is not verified individual/session independence,True,raw/mosquito/Ae.Aegypti_1M_5D_25C_SmallCylinder_cut34_16bit.wav
1-gy9xHAea3nuhvEmBSe6JN30URmi4faD,Ae.Aegypti_1M_5D_25C_SmallCylinder_cut35_16bit.wav,mosquito,Aedes aegypti,aedes_aegypti,M,1M,5D,25C,SmallCylinder,unmarked,cut35,,,,ae.aegypti_1m_5d_25c_smallcylinder,inferred_filename_source_family; merges cuts and microphone variants; individual/session identity UNKNOWN,1.509,8000,1,PCM_16,12072,05a714fe440353e91eb4b5ba206359e6403033e002430e6b0e0da9bce57c5f89,cd026e48566fb6d7f3d55cd84e4a4c48a4bdb519a439960bb57c236d7395c84a,training,training,HOLD: source-family grouping is not verified individual/session independence,True,raw/mosquito/Ae.Aegypti_1M_5D_25C_SmallCylinder_cut35_16bit.wav
1c2mBDS3qa8OCGlYagwXL9GY8QqoTFpSy,Ae.Aegypti_1M_5D_25C_SmallCylinder_cut36_16bit.wav,mosquito,Aedes aegypti,aedes_aegypti,M,1M,5D,25C,SmallCylinder,unmarked,cut36,,,,ae.aegypti_1m_5d_25c_smallcylinder,inferred_filename_source_family; merges cuts and microphone variants; individual/session identity UNKNOWN,0.876,8000,1,PCM_16,7008,67caac387e09b7c1c3ece6898c741addcf8dad08c1b626f6ae2edcb7b515bf94,05aa698bbd887174e4462471d45978de0660eef19f3ea718bda15728dd391104,training,training,HOLD: source-family grouping is not verified individual/session independence; shorter than original 1-second context; no padding/looping/concatenation authorized,False,raw/mosquito/Ae.Aegypti_1M_5D_25C_SmallCylinder_cut36_16bit.wav
13ctwhaJJJinTz5VgRVQxg2RmlolppN8E,Ae.Aegypti_1M_5D_25C_SmallCylinder_cut37_16bit.wav,mosquito,Aedes aegypti,aedes_aegypti,M,1M,5D,25C,SmallCylinder,unmarked,cut37,,,,ae.aegypti_1m_5d_25c_smallcylinder,inferred_filename_source_family; merges cuts and microphone variants; individual/session identity UNKNOWN,1.497,8000,1,PCM_16,11976,bf0e2a0d18fefdadaa1f10ead540200e3ff358967919f9627b9bc003c9173941,bab900c01450da5145485abf64080d52ee73276ef242375f442419efd975dc33,training,training,HOLD: source-family grouping is not verified individual/session independence,True,raw/mosquito/Ae.Aegypti_1M_5D_25C_SmallCylinder_cut37_16bit.wav
1REbgHrAJHFqROHmeVZg7khTf25qWJ2b5,Ae.Aegypti_1M_5D_25C_SmallCylinder_cut38_16bit.wav,mosquito,Aedes aegypti,aedes_aegypti,M,1M,5D,25C,SmallCylinder,unmarked,cut38,,,,ae.aegypti_1m_5d_25c_smallcylinder,inferred_filename_source_family; merges cuts and microphone variants; individual/session identity UNKNOWN,2.594,8000,1,PCM_16,20752,15ad2e879f427d782779b5deeb462566d7e2f759f1291283e2b4d3c01a819df2,313078f4eb8aeeb15ed0088453d0b2e5eab3f4f778a504a56327048f4f59fe8e,training,training,HOLD: source-family grouping is not verified individual/session independence,True,raw/mosquito/Ae.Aegypti_1M_5D_25C_SmallCylinder_cut38_16bit.wav
1X029bSRX6o_caS3eRXAq9jiHogmLT8Zx,Ae.Aegypti_1M_5D_25C_SmallCylinder_cut39_16bit.wav,mosquito,Aedes aegypti,aedes_aegypti,M,1M,5D,25C,SmallCylinder,unmarked,cut39,,,,ae.aegypti_1m_5d_25c_smallcylinder,inferred_filename_source_family; merges cuts and microphone variants; individual/session identity UNKNOWN,1.124,8000,1,PCM_16,8992,9c88ec2bd089da4e3224064ef8bcd5ff678185678422b2a7b674e13718c4c2f7,bd683fe4406e4aed02133826ac281455b66918e1a1f02695e84ca3beb40e3d51,training,training,HOLD: source-family grouping is not verified individual/session independence,True,raw/mosquito/Ae.Aegypti_1M_5D_25C_SmallCylinder_cut39_16bit.wav
1zfx1K-zh5B9C9aIw8zfmCb00XNAlhaYB,Ae.Aegypti_1M_5D_25C_SmallCylinder_cut3_16bit.wav,mosquito,Aedes aegypti,aedes_aegypti,M,1M,5D,25C,SmallCylinder,unmarked,cut3,,,,ae.aegypti_1m_5d_25c_smallcylinder,inferred_filename_source_family; merges cuts and microphone variants; individual/session identity UNKNOWN,2.651,8000,1,PCM_16,21208,03dd2d00d7e61791d0cd61360d2481564c8d5d10676bbbeaa073e71e04785089,78e489cb9751da776df3c9111727f334810ea38767af315a5fc9bbab251ac052,training,training,HOLD: source-family grouping is not verified individual/session independence,True,raw/mosquito/Ae.Aegypti_1M_5D_25C_SmallCylinder_cut3_16bit.wav
1n_082diisZxKrOSRulYdjKAEw-qT7uVb,Ae.Aegypti_1M_5D_25C_SmallCylinder_cut40_16bit.wav,mosquito,Aedes aegypti,aedes_aegypti,M,1M,5D,25C,SmallCylinder,unmarked,cut40,,,,ae.aegypti_1m_5d_25c_smallcylinder,inferred_filename_source_family; merges cuts and microphone variants; individual/session identity UNKNOWN,0.802,8000,1,PCM_16,6416,5ef5455d01e0309a13ea7c229dd2814994727a0cc3f6e55e0a4f32fe2f638234,4f1aa89fd7e46053fc4a01c7dcabd3847782240e9c9a0de814f4e24ceec2e5cf,training,training,HOLD: source-family grouping is not verified individual/session independence; shorter than original 1-second context; no padding/looping/concatenation authorized,False,raw/mosquito/Ae.Aegypti_1M_5D_25C_SmallCylinder_cut40_16bit.wav
1PJ899e4Q9ZzDNPTIecggcTJzR5viCjtd,Ae.Aegypti_1M_5D_25C_SmallCylinder_cut41_16bit.wav,mosquito,Aedes aegypti,aedes_aegypti,M,1M,5D,25C,SmallCylinder,unmarked,cut41,,,,ae.aegypti_1m_5d_25c_smallcylinder,inferred_filename_source_family; merges cuts and microphone variants; individual/session identity UNKNOWN,0.77,8000,1,PCM_16,6160,1fa9d65ae1ee55b40258b78e723ade5773b3839a69a71d227c39f1df18bae9fe,71176d0042975399b7f032534cb8c5b56e87e54f39102184d07f0da99b79d93d,training,training,HOLD: source-family grouping is not verified individual/session independence; shorter than original 1-second context; no padding/looping/concatenation authorized,False,raw/mosquito/Ae.Aegypti_1M_5D_25C_SmallCylinder_cut41_16bit.wav
14wFewdEAfETWTFeoG25WmlHsUE21xGU9,Ae.Aegypti_1M_5D_25C_SmallCylinder_cut42_16bit.wav,mosquito,Aedes aegypti,aedes_aegypti,M,1M,5D,25C,SmallCylinder,unmarked,cut42,,,,ae.aegypti_1m_5d_25c_smallcylinder,inferred_filename_source_family; merges cuts and microphone variants; individual/session identity UNKNOWN,1.85,8000,1,PCM_16,14800,5b0009f1ee39add198e5d31b0e012e4984fb5a854d82143c117c0d3ab0e7f682,d07038df40f59564bc85863e0c358afee630425127113285f933c8af9c06b4f7,training,training,HOLD: source-family grouping is not verified individual/session independence,True,raw/mosquito/Ae.Aegypti_1M_5D_25C_SmallCylinder_cut42_16bit.wav
1eiUYOjUAZaFd9jaOGhJOcYqEoNPsOZ5U,Ae.Aegypti_1M_5D_25C_SmallCylinder_cut43_16bit.wav,mosquito,Aedes aegypti,aedes_aegypti,M,1M,5D,25C,SmallCylinder,unmarked,cut43,,,,ae.aegypti_1m_5d_25c_smallcylinder,inferred_filename_source_family; merges cuts and microphone variants; individual/session identity UNKNOWN,0.882,8000,1,PCM_16,7056,75ff4be15b5eb395386756e538e99d39b9b74dfa9ae9316a1b0a12beb182b94c,761eace3d499bf80aad2aefcbf2490c3739f785f2caec17a2fe6695111027422,training,training,HOLD: source-family grouping is not verified individual/session independence; shorter than original 1-second context; no padding/looping/concatenation authorized,False,raw/mosquito/Ae.Aegypti_1M_5D_25C_SmallCylinder_cut43_16bit.wav
1R1qP7TlGEkLKuvd-wAK8Qkh0Y65E5shl,Ae.Aegypti_1M_5D_25C_SmallCylinder_cut44_16bit.wav,mosquito,Aedes aegypti,aedes_aegypti,M,1M,5D,25C,SmallCylinder,unmarked,cut44,,,,ae.aegypti_1m_5d_25c_smallcylinder,inferred_filename_source_family; merges cuts and microphone variants; individual/session identity UNKNOWN,0.596,8000,1,PCM_16,4768,17f15a2f8d8e0cd576d23de71df7b2abc5f8029ded4c273d1f10ef6a17c51910,4bd64aa25615e748b778dc136858b8a411493492d1c1d0ad3af04cce69f1e6a0,training,training,HOLD: source-family grouping is not verified individual/session independence; shorter than original 1-second context; no padding/looping/concatenation authorized,False,raw/mosquito/Ae.Aegypti_1M_5D_25C_SmallCylinder_cut44_16bit.wav
1pRJcuOq4NIKnBSTGzJnwkgOaqGAq7v8g,Ae.Aegypti_1M_5D_25C_SmallCylinder_cut45_16bit.wav,mosquito,Aedes aegypti,aedes_aegypti,M,1M,5D,25C,SmallCylinder,unmarked,cut45,,,,ae.aegypti_1m_5d_25c_smallcylinder,inferred_filename_source_family; merges cuts and microphone variants; individual/session identity UNKNOWN,0.972,8000,1,PCM_16,7776,fdd4c4ad05f138ac2ea62097aeb3d9bb42c5faf35791caa0ade6b7d8a15caf8a,5a5dad9c81f8f622b1992484b52932483e2982d65ffeb3b3bb4fe773faa2b482,training,training,HOLD: source-family grouping is not verified individual/session independence; shorter than original 1-second context; no padding/looping/concatenation authorized,False,raw/mosquito/Ae.Aegypti_1M_5D_25C_SmallCylinder_cut45_16bit.wav
1Pe-WFx7xXznyBtycnUGJJXDbpDBsZusY,Ae.Aegypti_1M_5D_25C_SmallCylinder_cut46_16bit.wav,mosquito,Aedes aegypti,aedes_aegypti,M,1M,5D,25C,SmallCylinder,unmarked,cut46,,,,ae.aegypti_1m_5d_25c_smallcylinder,inferred_filename_source_family; merges cuts and microphone variants; individual/session identity UNKNOWN,0.567375,8000,1,PCM_16,4539,edd7d298109fa55a3a15b30e800380f40145b34042ab7d1da51adb73594e4e69,6bc9063a092aa48bbe8fb2300ec1dbea35f331484240eb505677aa82064fef57,training,training,HOLD: source-family grouping is not verified individual/session independence; shorter than original 1-second context; no padding/looping/concatenation authorized,False,raw/mosquito/Ae.Aegypti_1M_5D_25C_SmallCylinder_cut46_16bit.wav
1RfKZZl4-ErbAncx7T5vIqlJjIp9e8f3P,Ae.Aegypti_1M_5D_25C_SmallCylinder_cut47_16bit.wav,mosquito,Aedes aegypti,aedes_aegypti,M,1M,5D,25C,SmallCylinder,unmarked,cut47,,,,ae.aegypti_1m_5d_25c_smallcylinder,inferred_filename_source_family; merges cuts and microphone variants; individual/session identity UNKNOWN,3.932,8000,1,PCM_16,31456,92f65039faf8e8148c33f1e47def208ae937d5530920b6762fd623873e0de8e6,ff0a4151d18a1e594f7bbb9827b191fc5fcd3ff9b076d4da08786f19dfee48cf,training,training,HOLD: source-family grouping is not verified individual/session independence,True,raw/mosquito/Ae.Aegypti_1M_5D_25C_SmallCylinder_cut47_16bit.wav
1xH1zhJkDzYZsHwuoWr7O9tKI0jGjtbtA,Ae.Aegypti_1M_5D_25C_SmallCylinder_cut48_16bit.wav,mosquito,Aedes aegypti,aedes_aegypti,M,1M,5D,25C,SmallCylinder,unmarked,cut48,,,,ae.aegypti_1m_5d_25c_smallcylinder,inferred_filename_source_family; merges cuts and microphone variants; individual/session identity UNKNOWN,1.234,8000,1,PCM_16,9872,b9dabb884b75d5d08b26dc361c84e28ab0ce71810ba14da905e18f5b8a23f3b5,a5deff96f3d340924f3b9f8aa6fab781b1fadd719056725834bfc237c011e316,training,training,HOLD: source-family grouping is not verified individual/session independence,True,raw/mosquito/Ae.Aegypti_1M_5D_25C_SmallCylinder_cut48_16bit.wav
1SUbdvhAri3uI01x_tWvZuQZiA3kJJg2f,Ae.Aegypti_1M_5D_25C_SmallCylinder_cut49_16bit.wav,mosquito,Aedes aegypti,aedes_aegypti,M,1M,5D,25C,SmallCylinder,unmarked,cut49,,,,ae.aegypti_1m_5d_25c_smallcylinder,inferred_filename_source_family; merges cuts and microphone variants; individual/session identity UNKNOWN,1.621,8000,1,PCM_16,12968,fc52e42aebf64412a2c105f552069b465bee28d9e1f1c9f942e6d9b4e5ad17db,9025d9164c66e52455ba23c9ac5a1ca661f6f5baa548af07c781a0c00be8856b,training,training,HOLD: source-family grouping is not verified individual/session independence,True,raw/mosquito/Ae.Aegypti_1M_5D_25C_SmallCylinder_cut49_16bit.wav
17rYVzjCgUQBVwezKz2Nc18RwRiPKmCIe,Ae.Aegypti_1M_5D_25C_SmallCylinder_cut4_16bit.wav,mosquito,Aedes aegypti,aedes_aegypti,M,1M,5D,25C,SmallCylinder,unmarked,cut4,,,,ae.aegypti_1m_5d_25c_smallcylinder,inferred_filename_source_family; merges cuts and microphone variants; individual/session identity UNKNOWN,1.694,8000,1,PCM_16,13552,f23964102c37b28c61caf75ac5ddd6e38c4b1e84633f743f09b110a36b2d659f,c98ccab4516787ca90313a21b7864bffd621921032efee0bbe95162eb5829211,training,training,HOLD: source-family grouping is not verified individual/session independence,True,raw/mosquito/Ae.Aegypti_1M_5D_25C_SmallCylinder_cut4_16bit.wav
1_tGfJAic6gCCI_VOzKkh89W4OGLj5Z6c,Ae.Aegypti_1M_5D_25C_SmallCylinder_cut50_16bit.wav,mosquito,Aedes aegypti,aedes_aegypti,M,1M,5D,25C,SmallCylinder,unmarked,cut50,,,,ae.aegypti_1m_5d_25c_smallcylinder,inferred_filename_source_family; merges cuts and microphone variants; individual/session identity UNKNOWN,0.697,8000,1,PCM_16,5576,06ccd44d2b380c197bd2ca3f1babee8a5ed3c9d1cb272fa5b146c17cdf35fc0d,659f1a9aab150db09694ac5a3e25567263b9d450141e5279d15daa49529c326c,training,training,HOLD: source-family grouping is not verified individual/session independence; shorter than original 1-second context; no padding/looping/concatenation authorized,False,raw/mosquito/Ae.Aegypti_1M_5D_25C_SmallCylinder_cut50_16bit.wav
1_f2FyaBnAhOEHEVt2q_6Ae7XaG2zsZuv,Ae.Aegypti_1M_5D_25C_SmallCylinder_cut51_16bit.wav,mosquito,Aedes aegypti,aedes_aegypti,M,1M,5D,25C,SmallCylinder,unmarked,cut51,,,,ae.aegypti_1m_5d_25c_smallcylinder,inferred_filename_source_family; merges cuts and microphone variants; individual/session identity UNKNOWN,2.11,8000,1,PCM_16,16880,1eea3bee4191e2b649637b0db4f9a23999b47306b4288667de5b0c03072089a7,1a672171ad74d19ab362e65899affc3dcc3074463f846c1ed07368dc149d73b1,training,training,HOLD: source-family grouping is not verified individual/session independence,True,raw/mosquito/Ae.Aegypti_1M_5D_25C_SmallCylinder_cut51_16bit.wav
1MUtuAGjxB9mRKpVk1dWnrY3zSjQ6w4Q6,Ae.Aegypti_1M_5D_25C_SmallCylinder_cut52_16bit.wav,mosquito,Aedes aegypti,aedes_aegypti,M,1M,5D,25C,SmallCylinder,unmarked,cut52,,,,ae.aegypti_1m_5d_25c_smallcylinder,inferred_filename_source_family; merges cuts and microphone variants; individual/session identity UNKNOWN,1.454,8000,1,PCM_16,11632,d5e9acf77bbe13f6e6b90a0e604b0009a5a3494d888931996dc30af09e609e1e,aa7ed71f5f7cd93000213027ca6abd6d42a57a776fe77d23e5817d5813e751d0,training,training,HOLD: source-family grouping is not verified individual/session independence,True,raw/mosquito/Ae.Aegypti_1M_5D_25C_SmallCylinder_cut52_16bit.wav
1xbnqF8fJ3il51WxyO0nqWuKImJZmBtw5,Ae.Aegypti_1M_5D_25C_SmallCylinder_cut53_16bit.wav,mosquito,Aedes aegypti,aedes_aegypti,M,1M,5D,25C,SmallCylinder,unmarked,cut53,,,,ae.aegypti_1m_5d_25c_smallcylinder,inferred_filename_source_family; merges cuts and microphone variants; individual/session identity UNKNOWN,1.317,8000,1,PCM_16,10536,d6ff6e132779419bb7bdf6d45d127d4196f96a1f4646dd7e32088daacdc0bd86,189e8e1a442ca39008bc82e07212fcb257a5ad23662da79c35fe66d1700fec1a,training,training,HOLD: source-family grouping is not verified individual/session independence,True,raw/mosquito/Ae.Aegypti_1M_5D_25C_SmallCylinder_cut53_16bit.wav
1OQaJQeSfC3Z8aD6TW60Y_IaVbRKObDGs,Ae.Aegypti_1M_5D_25C_SmallCylinder_cut54_16bit.wav,mosquito,Aedes aegypti,aedes_aegypti,M,1M,5D,25C,SmallCylinder,unmarked,cut54,,,,ae.aegypti_1m_5d_25c_smallcylinder,inferred_filename_source_family; merges cuts and microphone variants; individual/session identity UNKNOWN,1.347,8000,1,PCM_16,10776,62b98cf13baafdff02b4da9f21b92ea9761babd619c435171ee03100264be2de,aed95d2529d8efdf8312f68897ccc77fc307b9bfa0eda9c7e49c0a5dd2c459b7,training,training,HOLD: source-family grouping is not verified individual/session independence,True,raw/mosquito/Ae.Aegypti_1M_5D_25C_SmallCylinder_cut54_16bit.wav
1_-THPAlOusLnoVsppKVcJpVYz6D3TRKz,Ae.Aegypti_1M_5D_25C_SmallCylinder_cut5_16bit.wav,mosquito,Aedes aegypti,aedes_aegypti,M,1M,5D,25C,SmallCylinder,unmarked,cut5,,,,ae.aegypti_1m_5d_25c_smallcylinder,inferred_filename_source_family; merges cuts and microphone variants; individual/session identity UNKNOWN,1.288,8000,1,PCM_16,10304,587fea659ddaed3fb8ff50489f26844168236dad8e371109f766c905bf25522e,903a41ad066c63cf99b52ace031370f4c622f51872cb958fba466d42382b008a,training,training,HOLD: source-family grouping is not verified individual/session independence,True,raw/mosquito/Ae.Aegypti_1M_5D_25C_SmallCylinder_cut5_16bit.wav
1hunmQbusYYGczLNRx8eaQSAbRka5oYJr,Ae.Aegypti_1M_5D_25C_SmallCylinder_cut6_16bit.wav,mosquito,Aedes aegypti,aedes_aegypti,M,1M,5D,25C,SmallCylinder,unmarked,cut6,,,,ae.aegypti_1m_5d_25c_smallcylinder,inferred_filename_source_family; merges cuts and microphone variants; individual/session identity UNKNOWN,1.067,8000,1,PCM_16,8536,cfd526a6fc0d2e2c11f62551901b91433bd68e922c9c1f9b0749b02ad2e52162,ebe1e2df9039293a93965b43097163314cde462dcfabc7d96ca5003526fe86df,training,training,HOLD: source-family grouping is not verified individual/session independence,True,raw/mosquito/Ae.Aegypti_1M_5D_25C_SmallCylinder_cut6_16bit.wav
1Xe-kyc7Jytcd8rGhAwaQoSVABh8FypFQ,Ae.Aegypti_1M_5D_25C_SmallCylinder_cut7_16bit.wav,mosquito,Aedes aegypti,aedes_aegypti,M,1M,5D,25C,SmallCylinder,unmarked,cut7,,,,ae.aegypti_1m_5d_25c_smallcylinder,inferred_filename_source_family; merges cuts and microphone variants; individual/session identity UNKNOWN,1.889,8000,1,PCM_16,15112,a1058be99ce6f5082a86147f72231a26417b6cc649a4413cba71aa10a12074bd,df596e4bd9833beb90aebec9063da3ffb28215c030e682eef93ecc03500fde96,training,training,HOLD: source-family grouping is not verified individual/session independence,True,raw/mosquito/Ae.Aegypti_1M_5D_25C_SmallCylinder_cut7_16bit.wav
1aERWzacYyR9LIChEeO9i8KGiXhAP7Ixr,Ae.Aegypti_1M_5D_25C_SmallCylinder_cut8_16bit.wav,mosquito,Aedes aegypti,aedes_aegypti,M,1M,5D,25C,SmallCylinder,unmarked,cut8,,,,ae.aegypti_1m_5d_25c_smallcylinder,inferred_filename_source_family; merges cuts and microphone variants; individual/session identity UNKNOWN,1.203,8000,1,PCM_16,9624,23b8cbf2e6e10d7a73a6caa33e08ff18699b290d35d76aac3a5b95ec46c3d805,c637fef76ec5cd5c96e1448cf5ebd5bc0493ea4d92ebfd15e3293d4584100753,training,training,HOLD: source-family grouping is not verified individual/session independence,True,raw/mosquito/Ae.Aegypti_1M_5D_25C_SmallCylinder_cut8_16bit.wav
1d0YW_WTyh1ZhCkIyWB1ZbbIyagYBtbhP,Ae.Aegypti_1M_5D_25C_SmallCylinder_cut9_16bit.wav,mosquito,Aedes aegypti,aedes_aegypti,M,1M,5D,25C,SmallCylinder,unmarked,cut9,,,,ae.aegypti_1m_5d_25c_smallcylinder,inferred_filename_source_family; merges cuts and microphone variants; individual/session identity UNKNOWN,2.465,8000,1,PCM_16,19720,9236acec9574ba2fbea3376705b6bb175360239ac98f82e11cf1f105ddc584a2,494946058442156906c216afb94568e55b190b1215f111c052d2081918074c5f,training,training,HOLD: source-family grouping is not verified individual/session independence,True,raw/mosquito/Ae.Aegypti_1M_5D_25C_SmallCylinder_cut9_16bit.wav
1nJFvfBGJL_Sb-N1xRMV_f2bdTrn73DlX,Ae.Aegypti_1M_5D_25C_SmallCylinder_LowMic_cut10_16bit.wav,mosquito,Aedes aegypti,aedes_aegypti,M,1M,5D,25C,SmallCylinder,LowMic,cut10,,,,ae.aegypti_1m_5d_25c_smallcylinder,inferred_filename_source_family; merges cuts and microphone variants; individual/session identity UNKNOWN,4.192875,8000,1,PCM_16,33543,e88e9e47213e848498f0e5db3c1b66f8557e5898902ac7a9b13f394b40644381,dc9d24fa6cbb1d1441a54f8174efdafe3377491f10483bb388129dad2a6d7770,training,training,HOLD: source-family grouping is not verified individual/session independence,True,raw/mosquito/Ae.Aegypti_1M_5D_25C_SmallCylinder_LowMic_cut10_16bit.wav
1IDlIxl_Gr6X0wd1UgNgPFNrXe9hYMK-L,Ae.Aegypti_1M_5D_25C_SmallCylinder_LowMic_cut11_16bit.wav,mosquito,Aedes aegypti,aedes_aegypti,M,1M,5D,25C,SmallCylinder,LowMic,cut11,,,,ae.aegypti_1m_5d_25c_smallcylinder,inferred_filename_source_family; merges cuts and microphone variants; individual/session identity UNKNOWN,2.837625,8000,1,PCM_16,22701,367bbc9b8dcfec43ed75f242fc1951776659d069cd98c1ce15bfd96820888787,4599a52944883715634ef586edaadd73cebcb7bb911ff623b5f77f25b56cb062,training,training,HOLD: source-family grouping is not verified individual/session independence,True,raw/mosquito/Ae.Aegypti_1M_5D_25C_SmallCylinder_LowMic_cut11_16bit.wav
1hcqWBzyQqmSOGNK5EfrP4c3f_g7izkOQ,Ae.Aegypti_1M_5D_25C_SmallCylinder_LowMic_cut12_16bit.wav,mosquito,Aedes aegypti,aedes_aegypti,M,1M,5D,25C,SmallCylinder,LowMic,cut12,,,,ae.aegypti_1m_5d_25c_smallcylinder,inferred_filename_source_family; merges cuts and microphone variants; individual/session identity UNKNOWN,1.36375,8000,1,PCM_16,10910,464577872e97b9adb390292cb3658fba22f03d0eba50237eac9cc062b8879fb1,244e966c55019bce7bb7bdfe786ed79d51648b31ea9724fbe5c0dd5946a87f70,training,training,HOLD: source-family grouping is not verified individual/session independence,True,raw/mosquito/Ae.Aegypti_1M_5D_25C_SmallCylinder_LowMic_cut12_16bit.wav
1Cc-NNceVuzD24Pd2i6Fkp4d1MDoejCps,Ae.Aegypti_1M_5D_25C_SmallCylinder_LowMic_cut13_16bit.wav,mosquito,Aedes aegypti,aedes_aegypti,M,1M,5D,25C,SmallCylinder,LowMic,cut13,,,,ae.aegypti_1m_5d_25c_smallcylinder,inferred_filename_source_family; merges cuts and microphone variants; individual/session identity UNKNOWN,1.2875,8000,1,PCM_16,10300,4aae28a792563a4d53328c36898e032855c462cbee4631cd70540ce82fa57c6a,8e62f438512da3876aedb5102ba4351513ff850461d8dd8006a29d878b36b6f9,training,training,HOLD: source-family grouping is not verified individual/session independence,True,raw/mosquito/Ae.Aegypti_1M_5D_25C_SmallCylinder_LowMic_cut13_16bit.wav
1YZ76mv53UMS4tuL5Pv0sXOXBwwIuf79u,Ae.Aegypti_1M_5D_25C_SmallCylinder_LowMic_cut14_16bit.wav,mosquito,Aedes aegypti,aedes_aegypti,M,1M,5D,25C,SmallCylinder,LowMic,cut14,,,,ae.aegypti_1m_5d_25c_smallcylinder,inferred_filename_source_family; merges cuts and microphone variants; individual/session identity UNKNOWN,2.65125,8000,1,PCM_16,21210,9497d22271349b5d51ac34477c6f7b78c2eff1fffe792db6a5cf10f3babee750,6e3be9deece5adca6369b383671085e29640c964dbe7563d2cb0e07fb6c55974,training,training,HOLD: source-family grouping is not verified individual/session independence,True,raw/mosquito/Ae.Aegypti_1M_5D_25C_SmallCylinder_LowMic_cut14_16bit.wav
1DSLNfZHNCq4EyxbMWwvZro1FDNFjpFk-,Ae.Aegypti_1M_5D_25C_SmallCylinder_LowMic_cut15_16bit.wav,mosquito,Aedes aegypti,aedes_aegypti,M,1M,5D,25C,SmallCylinder,LowMic,cut15,,,,ae.aegypti_1m_5d_25c_smallcylinder,inferred_filename_source_family; merges cuts and microphone variants; individual/session identity UNKNOWN,1.634875,8000,1,PCM_16,13079,b7c3fe25fb27f860504dd2be0f352845708635b8b63c4743d78497acdc3c6adf,002810f9d7a04c48a581347ad153362fbef50de038ce78d59bb87cb688e0eab4,training,training,HOLD: source-family grouping is not verified individual/session independence,True,raw/mosquito/Ae.Aegypti_1M_5D_25C_SmallCylinder_LowMic_cut15_16bit.wav
16ivVOSwR5wFQaCyf_zAO7ze8aFLbx6VP,Ae.Aegypti_1M_5D_25C_SmallCylinder_LowMic_cut16_16bit.wav,mosquito,Aedes aegypti,aedes_aegypti,M,1M,5D,25C,SmallCylinder,LowMic,cut16,,,,ae.aegypti_1m_5d_25c_smallcylinder,inferred_filename_source_family; merges cuts and microphone variants; individual/session identity UNKNOWN,1.109625,8000,1,PCM_16,8877,585726c7e2f05ff00d7ec0dcde5c47ed2ad8e1e4d277f1b199325b7478322eef,13443f60cf8ecb1b356a1a513425ca46d48802b4d5302134aeb88bc6f2bca165,training,training,HOLD: source-family grouping is not verified individual/session independence,True,raw/mosquito/Ae.Aegypti_1M_5D_25C_SmallCylinder_LowMic_cut16_16bit.wav
1rundHdJ25tGshlw2xsIo-fsQkdqO7AxR,Ae.Aegypti_1M_5D_25C_SmallCylinder_LowMic_cut17_16bit.wav,mosquito,Aedes aegypti,aedes_aegypti,M,1M,5D,25C,SmallCylinder,LowMic,cut17,,,,ae.aegypti_1m_5d_25c_smallcylinder,inferred_filename_source_family; merges cuts and microphone variants; individual/session identity UNKNOWN,0.9995,8000,1,PCM_16,7996,d700606100ca33977686d729956f6d893a38f1eb61c083f897bf754507db7aea,53db8b5ec5d205cfc3d62cdb0907cc954503dd1ba1395a338cfeb6aac2b1e66e,training,training,HOLD: source-family grouping is not verified individual/session independence; shorter than original 1-second context; no padding/looping/concatenation authorized,False,raw/mosquito/Ae.Aegypti_1M_5D_25C_SmallCylinder_LowMic_cut17_16bit.wav
1uGyYxyrRQWunDX3Gmg1dWcXDZ_DiPfz9,Ae.Aegypti_1M_5D_25C_SmallCylinder_LowMic_cut18_16bit.wav,mosquito,Aedes aegypti,aedes_aegypti,M,1M,5D,25C,SmallCylinder,LowMic,cut18,,,,ae.aegypti_1m_5d_25c_smallcylinder,inferred_filename_source_family; merges cuts and microphone variants; individual/session identity UNKNOWN,0.830125,8000,1,PCM_16,6641,94cfefe4ee905bf29c9a99844b23050c148b1e071dd50ab4a95e9730e4184028,f48d8820f6649e3c89100d98f76951cf5df53a652e6c65c9f7c3eeddc3e46d26,training,training,HOLD: source-family grouping is not verified individual/session independence; shorter than original 1-second context; no padding/looping/concatenation authorized,False,raw/mosquito/Ae.Aegypti_1M_5D_25C_SmallCylinder_LowMic_cut18_16bit.wav
1ob2wmiSG08st6Zfc_Uxpe6bVChVygaBp,Ae.Aegypti_1M_5D_25C_SmallCylinder_LowMic_cut19_16bit.wav,mosquito,Aedes aegypti,aedes_aegypti,M,1M,5D,25C,SmallCylinder,LowMic,cut19,,,,ae.aegypti_1m_5d_25c_smallcylinder,inferred_filename_source_family; merges cuts and microphone variants; individual/session identity UNKNOWN,2.16,8000,1,PCM_16,17280,ceeb1481c036976f59eb26a2ed116bd5eefa0c969d9a470d8f8897bb25612ab5,d811320847c942440da11429f625f9302fe983c47812d0ebb5c4fdd1a8574af9,training,training,HOLD: source-family grouping is not verified individual/session independence,True,raw/mosquito/Ae.Aegypti_1M_5D_25C_SmallCylinder_LowMic_cut19_16bit.wav
1H_iIJ1dTfTvQ4aNtwoQYCB2n84Ek7Dz6,Ae.Aegypti_1M_5D_25C_SmallCylinder_LowMic_cut1_16bit.wav,mosquito,Aedes aegypti,aedes_aegypti,M,1M,5D,25C,SmallCylinder,LowMic,cut1,,,,ae.aegypti_1m_5d_25c_smallcylinder,inferred_filename_source_family; merges cuts and microphone variants; individual/session identity UNKNOWN,1.996,8000,1,PCM_16,15968,0d5ae6be6309a1a2981bb8de3fc6b50529c5a938964fa0560b7049e3b0a3e0ec,2151551167159c3ec52c2898ee23caac0c2a372f1d78e726237615e3e8a063a6,training,training,HOLD: source-family grouping is not verified individual/session independence,True,raw/mosquito/Ae.Aegypti_1M_5D_25C_SmallCylinder_LowMic_cut1_16bit.wav
1jOMadCRdtYnNsTDrDUrAl0bGEx4T1ITw,Ae.Aegypti_1M_5D_25C_SmallCylinder_LowMic_cut20_16bit.wav,mosquito,Aedes aegypti,aedes_aegypti,M,1M,5D,25C,SmallCylinder,LowMic,cut20,,,,ae.aegypti_1m_5d_25c_smallcylinder,inferred_filename_source_family; merges cuts and microphone variants; individual/session identity UNKNOWN,1.584,8000,1,PCM_16,12672,991d00970f528c3583551e33d8e542ca5ba560ae7d704189c651d6c3004aeff4,647e1b8be619ed4f9486b120ca0166dd452faad27a5506dedc3a6bea2426d531,training,training,HOLD: source-family grouping is not verified individual/session independence,True,raw/mosquito/Ae.Aegypti_1M_5D_25C_SmallCylinder_LowMic_cut20_16bit.wav
1Civ798ZHNM41cnkWgzEUfeBjwAVUUcdv,Ae.Aegypti_1M_5D_25C_SmallCylinder_LowMic_cut21_16bit.wav,mosquito,Aedes aegypti,aedes_aegypti,M,1M,5D,25C,SmallCylinder,LowMic,cut21,,,,ae.aegypti_1m_5d_25c_smallcylinder,inferred_filename_source_family; merges cuts and microphone variants; individual/session identity UNKNOWN,1.32,8000,1,PCM_16,10560,4e9281d2deb0059c42f1d877ff56594880bff9a8983b31c81c36a09c061137ef,17c2d21dc7220c59140893640d18fb7808b4d5437b585b07636cd4619c9003d3,training,training,HOLD: source-family grouping is not verified individual/session independence,True,raw/mosquito/Ae.Aegypti_1M_5D_25C_SmallCylinder_LowMic_cut21_16bit.wav
1cpv1fnyPjGnxl69YumyP9hMAz6O21nV1,Ae.Aegypti_1M_5D_25C_SmallCylinder_LowMic_cut22_16bit.wav,mosquito,Aedes aegypti,aedes_aegypti,M,1M,5D,25C,SmallCylinder,LowMic,cut22,,,,ae.aegypti_1m_5d_25c_smallcylinder,inferred_filename_source_family; merges cuts and microphone variants; individual/session identity UNKNOWN,1.98725,8000,1,PCM_16,15898,829c60dbe88fc6e18e3f389b094750fdf297446e6d9717ecad410f0332a4e7f1,41f21149f500be68ec0bd8db27e2f055a239a38f1e101edf75fb0a13f19f44ab,training,training,HOLD: source-family grouping is not verified individual/session independence,True,raw/mosquito/Ae.Aegypti_1M_5D_25C_SmallCylinder_LowMic_cut22_16bit.wav
19wSU6elNLrQI3-Puz7zKnXCDb9dibV1t,Ae.Aegypti_1M_5D_25C_SmallCylinder_LowMic_cut23_16bit.wav,mosquito,Aedes aegypti,aedes_aegypti,M,1M,5D,25C,SmallCylinder,LowMic,cut23,,,,ae.aegypti_1m_5d_25c_smallcylinder,inferred_filename_source_family; merges cuts and microphone variants; individual/session identity UNKNOWN,1.32,8000,1,PCM_16,10560,8e2ff3c732058e8165f877cad22a3709f19a7789644af34b7d09d5d00b7c1fb7,bfe979f7a83325728ecc417d4aa5ae636c6468ee642e4a5d4bea37ca6ef9281e,training,training,HOLD: source-family grouping is not verified individual/session independence,True,raw/mosquito/Ae.Aegypti_1M_5D_25C_SmallCylinder_LowMic_cut23_16bit.wav
1Oiqb08O9QNf8wPQVq0YyWAIhCk3yKJa_,Ae.Aegypti_1M_5D_25C_SmallCylinder_LowMic_cut24_16bit.wav,mosquito,Aedes aegypti,aedes_aegypti,M,1M,5D,25C,SmallCylinder,LowMic,cut24,,,,ae.aegypti_1m_5d_25c_smallcylinder,inferred_filename_source_family; merges cuts and microphone variants; individual/session identity UNKNOWN,1.653625,8000,1,PCM_16,13229,74f0b271286d5f642f4aa31a8a662adea8107029be783a266810d0b752bc2096,4843877f14da69f2ae923fe1f06d2a3486c543eaf4e67b075758cf08b221dbf3,training,training,HOLD: source-family grouping is not verified individual/session independence,True,raw/mosquito/Ae.Aegypti_1M_5D_25C_SmallCylinder_LowMic_cut24_16bit.wav
1aCxtTwoHF5b2i0Ql8KhMrKsY8EJPcbY3,Ae.Aegypti_1M_5D_25C_SmallCylinder_LowMic_cut25_16bit.wav,mosquito,Aedes aegypti,aedes_aegypti,M,1M,5D,25C,SmallCylinder,LowMic,cut25,,,,ae.aegypti_1m_5d_25c_smallcylinder,inferred_filename_source_family; merges cuts and microphone variants; individual/session identity UNKNOWN,1.631875,8000,1,PCM_16,13055,a4a1a12f7e563e139d7f47c671f2bc6637ff9b5bbb28cfcf6a4d56c433791cfc,ef4d914c0d854e4d9f02ce57129cebcfcd14a9efa8125275e36d8941b77436ce,training,training,HOLD: source-family grouping is not verified individual/session independence,True,raw/mosquito/Ae.Aegypti_1M_5D_25C_SmallCylinder_LowMic_cut25_16bit.wav
1yjmd5qVywKo9-_lOzeshXQQuhXyFKwFO,Ae.Aegypti_1M_5D_25C_SmallCylinder_LowMic_cut26_16bit.wav,mosquito,Aedes aegypti,aedes_aegypti,M,1M,5D,25C,SmallCylinder,LowMic,cut26,,,,ae.aegypti_1m_5d_25c_smallcylinder,inferred_filename_source_family; merges cuts and microphone variants; individual/session identity UNKNOWN,0.983,8000,1,PCM_16,7864,f0486d2df9a172b0a3c7392c89968ad5d8702d9e6e09ff4291cbc914b817c743,97182387cf7232906aaa544e5ed2c88238ad5a407bda24855b744676aef1943e,training,training,HOLD: source-family grouping is not verified individual/session independence; shorter than original 1-second context; no padding/looping/concatenation authorized,False,raw/mosquito/Ae.Aegypti_1M_5D_25C_SmallCylinder_LowMic_cut26_16bit.wav
1Q_Zab4pVDooXPdwOYgGF_KFbprTZHDvV,Ae.Aegypti_1M_5D_25C_SmallCylinder_LowMic_cut27_16bit.wav,mosquito,Aedes aegypti,aedes_aegypti,M,1M,5D,25C,SmallCylinder,LowMic,cut27,,,,ae.aegypti_1m_5d_25c_smallcylinder,inferred_filename_source_family; merges cuts and microphone variants; individual/session identity UNKNOWN,1.036,8000,1,PCM_16,8288,63393fda6ad32cfcacebf1c013a1a32b287c9d4e212d5d197235a581421c020f,e53539903aa1a82de9b261b9277795aeb5a974cf42292e7cfc9e7fe007ec31c0,training,training,HOLD: source-family grouping is not verified individual/session independence,True,raw/mosquito/Ae.Aegypti_1M_5D_25C_SmallCylinder_LowMic_cut27_16bit.wav
1s6lP-Xg7cQdXiGkOCxsBLqAwBFkA1Ekc,Ae.Aegypti_1M_5D_25C_SmallCylinder_LowMic_cut28_16bit.wav,mosquito,Aedes aegypti,aedes_aegypti,M,1M,5D,25C,SmallCylinder,LowMic,cut28,,,,ae.aegypti_1m_5d_25c_smallcylinder,inferred_filename_source_family; merges cuts and microphone variants; individual/session identity UNKNOWN,1.19275,8000,1,PCM_16,9542,17045e5142aef2a65ccde90e77862fb48230ba64f319eb9f51a90cb74fb1f1f3,8ccd2a76496b7bce8cba63e7380f325ee38b1ccf5f087e7742ac777201605462,training,training,HOLD: source-family grouping is not verified individual/session independence,True,raw/mosquito/Ae.Aegypti_1M_5D_25C_SmallCylinder_LowMic_cut28_16bit.wav
1z4hfiMWkaDjtjVRY0NdaUKT7GQYWdY5K,Ae.Aegypti_1M_5D_25C_SmallCylinder_LowMic_cut29_16bit.wav,mosquito,Aedes aegypti,aedes_aegypti,M,1M,5D,25C,SmallCylinder,LowMic,cut29,,,,ae.aegypti_1m_5d_25c_smallcylinder,inferred_filename_source_family; merges cuts and microphone variants; individual/session identity UNKNOWN,1.198875,8000,1,PCM_16,9591,ef15ad32e89ea6c6bb2c020a2366373c1e6d87428964627ff912d42c1bc7c97e,d934eb11fba9eafb405316ff15cfd6328050e2585e92bf50fe0f8b2046497902,training,training,HOLD: source-family grouping is not verified individual/session independence,True,raw/mosquito/Ae.Aegypti_1M_5D_25C_SmallCylinder_LowMic_cut29_16bit.wav
19huRnHZXO59rEDZbnvj0cpLkDEd7Iiwd,Ae.Aegypti_1M_5D_25C_SmallCylinder_LowMic_cut2_16bit.wav,mosquito,Aedes aegypti,aedes_aegypti,M,1M,5D,25C,SmallCylinder,LowMic,cut2,,,,ae.aegypti_1m_5d_25c_smallcylinder,inferred_filename_source_family; merges cuts and microphone variants; individual/session identity UNKNOWN,0.78775,8000,1,PCM_16,6302,5dd8d7cebe4a553849b23ebe1dab902f0f9530c8a137e6e3e451f5e7e084900f,ecd1f776cd959f483023daee5e48dbdc1dba20fa3d58d087bae854cfeeb307f7,training,training,HOLD: source-family grouping is not verified individual/session independence; shorter than original 1-second context; no padding/looping/concatenation authorized,False,raw/mosquito/Ae.Aegypti_1M_5D_25C_SmallCylinder_LowMic_cut2_16bit.wav
1-CgFQL4YANC_Q6ZyYtb7az8LdYpmbzPB,Ae.Aegypti_1M_5D_25C_SmallCylinder_LowMic_cut30_16bit.wav,mosquito,Aedes aegypti,aedes_aegypti,M,1M,5D,25C,SmallCylinder,LowMic,cut30,,,,ae.aegypti_1m_5d_25c_smallcylinder,inferred_filename_source_family; merges cuts and microphone variants; individual/session identity UNKNOWN,1.497125,8000,1,PCM_16,11977,a77a00f9f2b25d1fb55e53f1eaaa571414317a4d31f7d203b052f354474dd538,917c55347384df451299d005ddae8526193a632609d5c99e8713eb059596ccd8,training,training,HOLD: source-family grouping is not verified individual/session independence,True,raw/mosquito/Ae.Aegypti_1M_5D_25C_SmallCylinder_LowMic_cut30_16bit.wav
1EIOVZqS7mFcH7B7FRGwUhdeDjumFLSof,Ae.Aegypti_1M_5D_25C_SmallCylinder_LowMic_cut31_16bit.wav,mosquito,Aedes aegypti,aedes_aegypti,M,1M,5D,25C,SmallCylinder,LowMic,cut31,,,,ae.aegypti_1m_5d_25c_smallcylinder,inferred_filename_source_family; merges cuts and microphone variants; individual/session identity UNKNOWN,1.522,8000,1,PCM_16,12176,43369fea12a40e2a381ff004fc957a0162aa9c041b991da0120b20a296b5f1e9,335cc14688e7750959cfbcecf0d857d6ce229154afcd0bbbcc0f1aba5cd3bed5,training,training,HOLD: source-family grouping is not verified individual/session independence,True,raw/mosquito/Ae.Aegypti_1M_5D_25C_SmallCylinder_LowMic_cut31_16bit.wav
1fMB5Xd0YL_E05BTghvbqPVJ_1EkuwEPX,Ae.Aegypti_1M_5D_25C_SmallCylinder_LowMic_cut32_16bit.wav,mosquito,Aedes aegypti,aedes_aegypti,M,1M,5D,25C,SmallCylinder,LowMic,cut32,,,,ae.aegypti_1m_5d_25c_smallcylinder,inferred_filename_source_family; merges cuts and microphone variants; individual/session identity UNKNOWN,3.074875,8000,1,PCM_16,24599,10e3538eb102fd83f9c6b8ba4f7fefacccb70824350eec6e67791706da037250,c63d70badfd397035a699c8507d33eb1f94185284766cb139154f08d0b9d99ca,training,training,HOLD: source-family grouping is not verified individual/session independence,True,raw/mosquito/Ae.Aegypti_1M_5D_25C_SmallCylinder_LowMic_cut32_16bit.wav
1zqfyAHNaDDrnHwZNfY5614HEvFHKi9XN,Ae.Aegypti_1M_5D_25C_SmallCylinder_LowMic_cut33_16bit.wav,mosquito,Aedes aegypti,aedes_aegypti,M,1M,5D,25C,SmallCylinder,LowMic,cut33,,,,ae.aegypti_1m_5d_25c_smallcylinder,inferred_filename_source_family; merges cuts and microphone variants; individual/session identity UNKNOWN,1.726875,8000,1,PCM_16,13815,f10e9e301ff5b82ae88c7480ddebd2ec49a4c2bbf2eaf9494a40214383bf6c6a,5a77b4f1227cd30d392a4f4eca0d535cd41cd15408e920e18fffd43962d72e9d,training,training,HOLD: source-family grouping is not verified individual/session independence,True,raw/mosquito/Ae.Aegypti_1M_5D_25C_SmallCylinder_LowMic_cut33_16bit.wav
1QiQ67ZEX0XKHUBcQ9R-uPzAepAEWXaGP,Ae.Aegypti_1M_5D_25C_SmallCylinder_LowMic_cut34_16bit.wav,mosquito,Aedes aegypti,aedes_aegypti,M,1M,5D,25C,SmallCylinder,LowMic,cut34,,,,ae.aegypti_1m_5d_25c_smallcylinder,inferred_filename_source_family; merges cuts and microphone variants; individual/session identity UNKNOWN,1.5965,8000,1,PCM_16,12772,f19b9b800ee77e4ce6a93d310670830afe855997f64855bcc82e40b84adfefb8,6a26f747e09ab931700970a1f1d2cec027ab220254c2dbec434854c52b5b9876,training,training,HOLD: source-family grouping is not verified individual/session independence,True,raw/mosquito/Ae.Aegypti_1M_5D_25C_SmallCylinder_LowMic_cut34_16bit.wav
12f050T4RnRX5LrjlI4Ju3rbgV0CWOeLb,Ae.Aegypti_1M_5D_25C_SmallCylinder_LowMic_cut35_16bit.wav,mosquito,Aedes aegypti,aedes_aegypti,M,1M,5D,25C,SmallCylinder,LowMic,cut35,,,,ae.aegypti_1m_5d_25c_smallcylinder,inferred_filename_source_family; merges cuts and microphone variants; individual/session identity UNKNOWN,1.5095,8000,1,PCM_16,12076,c96c2e52c2c1210ff67c08e08081d4ce6362932f1940d8320c7c4a97e9f44752,dbd14ee1f573da19607dd5798e08a03497e1531abe9ad38eb3a12d2e77b471f3,training,training,HOLD: source-family grouping is not verified individual/session independence,True,raw/mosquito/Ae.Aegypti_1M_5D_25C_SmallCylinder_LowMic_cut35_16bit.wav
1VmJH6ZLNVI48_hEzMhA9dBsX9FbGSK8s,Ae.Aegypti_1M_5D_25C_SmallCylinder_LowMic_cut36_16bit.wav,mosquito,Aedes aegypti,aedes_aegypti,M,1M,5D,25C,SmallCylinder,LowMic,cut36,,,,ae.aegypti_1m_5d_25c_smallcylinder,inferred_filename_source_family; merges cuts and microphone variants; individual/session identity UNKNOWN,0.875875,8000,1,PCM_16,7007,1093eb401b19e4e7f52dc06befaa3bd1ffae9b1e79841c53a0b54d028f9bc545,e0766aaf151cee5ce47b7ad87ac875606caa90a5a2b6014d723f5137e61e86df,training,training,HOLD: source-family grouping is not verified individual/session independence; shorter than original 1-second context; no padding/looping/concatenation authorized,False,raw/mosquito/Ae.Aegypti_1M_5D_25C_SmallCylinder_LowMic_cut36_16bit.wav
1mLjCxjQrWAfTOpfS1wIU4mgpzuhmZAKW,Ae.Aegypti_1M_5D_25C_SmallCylinder_LowMic_cut37_16bit.wav,mosquito,Aedes aegypti,aedes_aegypti,M,1M,5D,25C,SmallCylinder,LowMic,cut37,,,,ae.aegypti_1m_5d_25c_smallcylinder,inferred_filename_source_family; merges cuts and microphone variants; individual/session identity UNKNOWN,1.497125,8000,1,PCM_16,11977,da9ebf86ac94cfbecb96abcd1a27e34437d87f8e3ddde1dd760a0284c3f3a1ae,5ac3b0e1e710b9842024c382e24c38428a482bcd9736fc7ce4c37e6b045901e3,training,training,HOLD: source-family grouping is not verified individual/session independence,True,raw/mosquito/Ae.Aegypti_1M_5D_25C_SmallCylinder_LowMic_cut37_16bit.wav
1eWOMqI5ZbbkXHh-CHc2gvxVSmU87uela,Ae.Aegypti_1M_5D_25C_SmallCylinder_LowMic_cut38_16bit.wav,mosquito,Aedes aegypti,aedes_aegypti,M,1M,5D,25C,SmallCylinder,LowMic,cut38,,,,ae.aegypti_1m_5d_25c_smallcylinder,inferred_filename_source_family; merges cuts and microphone variants; individual/session identity UNKNOWN,2.594,8000,1,PCM_16,20752,c2ec7765d01155c3689481f4f6d678f8f7be8c0d3f84bfa1ecb4a2433c8ec355,8f2cd71eba418e8c06f1228c4f72e1bfd405ed0c33d9e6fb0beb947e15d98095,training,training,HOLD: source-family grouping is not verified individual/session independence,True,raw/mosquito/Ae.Aegypti_1M_5D_25C_SmallCylinder_LowMic_cut38_16bit.wav
19FEW2YQUfkBU7CuB4sckzf4xF7dUBnSZ,Ae.Aegypti_1M_5D_25C_SmallCylinder_LowMic_cut39_16bit.wav,mosquito,Aedes aegypti,aedes_aegypti,M,1M,5D,25C,SmallCylinder,LowMic,cut39,,,,ae.aegypti_1m_5d_25c_smallcylinder,inferred_filename_source_family; merges cuts and microphone variants; individual/session identity UNKNOWN,1.124375,8000,1,PCM_16,8995,445051b2da3c3ade221f9dd55904c9c332cdd981bb2ac4dfef6f354675f022fd,893c5419e817aef5c377e573208c4e3119de69d1f4fac9fe52e7e4164b173b82,training,training,HOLD: source-family grouping is not verified individual/session independence,True,raw/mosquito/Ae.Aegypti_1M_5D_25C_SmallCylinder_LowMic_cut39_16bit.wav
1GdwatcezdTXIdxjoXvXE1XhqcRHE7qLG,Ae.Aegypti_1M_5D_25C_SmallCylinder_LowMic_cut3_16bit.wav,mosquito,Aedes aegypti,aedes_aegypti,M,1M,5D,25C,SmallCylinder,LowMic,cut3,,,,ae.aegypti_1m_5d_25c_smallcylinder,inferred_filename_source_family; merges cuts and microphone variants; individual/session identity UNKNOWN,2.65125,8000,1,PCM_16,21210,c4789a9d1c570f3fccb22089497f5d062f5b44d42d8391b7f939f4eda12f5822,e15e892b6700d5c5f9aac5a5b8f223321c1050c046cffc3ade4c31a92070cc65,training,training,HOLD: source-family grouping is not verified individual/session independence,True,raw/mosquito/Ae.Aegypti_1M_5D_25C_SmallCylinder_LowMic_cut3_16bit.wav
1GQgkUHhF3n8kkTySpdp5dsnC0Ekhikl8,Ae.Aegypti_1M_5D_25C_SmallCylinder_LowMic_cut40_16bit.wav,mosquito,Aedes aegypti,aedes_aegypti,M,1M,5D,25C,SmallCylinder,LowMic,cut40,,,,ae.aegypti_1m_5d_25c_smallcylinder,inferred_filename_source_family; merges cuts and microphone variants; individual/session identity UNKNOWN,0.801875,8000,1,PCM_16,6415,4a5dc0ae724496f665639c596470989190b667cea19a5efa3a72e0aeb73dc754,b9918e93ac493a503cd432af79d1f7fa7eadeafc46d62512c625d1d6c441e97f,training,training,HOLD: source-family grouping is not verified individual/session independence; shorter than original 1-second context; no padding/looping/concatenation authorized,False,raw/mosquito/Ae.Aegypti_1M_5D_25C_SmallCylinder_LowMic_cut40_16bit.wav
1x-96fXQToxUUxbB9CYKMm3_9tAuGR4b7,Ae.Aegypti_1M_5D_25C_SmallCylinder_LowMic_cut41_16bit.wav,mosquito,Aedes aegypti,aedes_aegypti,M,1M,5D,25C,SmallCylinder,LowMic,cut41,,,,ae.aegypti_1m_5d_25c_smallcylinder,inferred_filename_source_family; merges cuts and microphone variants; individual/session identity UNKNOWN,0.7705,8000,1,PCM_16,6164,963840aaee230d933f60db895591340b6363271210fa2e4729def2e854926488,aea3367620c7be39b0f094d6ffeff9e9aeecfbbe38c3939200110dd1680c746e,training,training,HOLD: source-family grouping is not verified individual/session independence; shorter than original 1-second context; no padding/looping/concatenation authorized,False,raw/mosquito/Ae.Aegypti_1M_5D_25C_SmallCylinder_LowMic_cut41_16bit.wav
1f6orv-zbY8CYltPJAe-HZcpgLekh9qqo,Ae.Aegypti_1M_5D_25C_SmallCylinder_LowMic_cut42_16bit.wav,mosquito,Aedes aegypti,aedes_aegypti,M,1M,5D,25C,SmallCylinder,LowMic,cut42,,,,ae.aegypti_1m_5d_25c_smallcylinder,inferred_filename_source_family; merges cuts and microphone variants; individual/session identity UNKNOWN,1.850125,8000,1,PCM_16,14801,fef151e5d270544f99a0b62cb5f3fa7145d6a3fb96fc8bcefe1a9ec60e5bf89f,d5b5e461d45e0e1264eddd0edb8ab3450b79f6a7578762383446e67970fa4aab,training,training,HOLD: source-family grouping is not verified individual/session independence,True,raw/mosquito/Ae.Aegypti_1M_5D_25C_SmallCylinder_LowMic_cut42_16bit.wav
17crOwKP9G9EJOW-FdGBUK1FEFEmTXiOn,Ae.Aegypti_1M_5D_25C_SmallCylinder_LowMic_cut43_16bit.wav,mosquito,Aedes aegypti,aedes_aegypti,M,1M,5D,25C,SmallCylinder,LowMic,cut43,,,,ae.aegypti_1m_5d_25c_smallcylinder,inferred_filename_source_family; merges cuts and microphone variants; individual/session identity UNKNOWN,0.8825,8000,1,PCM_16,7060,f20c704429ad363792b6275079875da90d0483a7f106c3beb848d19ee04196ce,513936491bfc942034ec1b232e25c11c2acc39ba42138decbba92190f6d4c2cd,training,training,HOLD: source-family grouping is not verified individual/session independence; shorter than original 1-second context; no padding/looping/concatenation authorized,False,raw/mosquito/Ae.Aegypti_1M_5D_25C_SmallCylinder_LowMic_cut43_16bit.wav
1_yQdL1b_vpMmNQhkwpfMgMt9OJ48EMRi,Ae.Aegypti_1M_5D_25C_SmallCylinder_LowMic_cut44_16bit.wav,mosquito,Aedes aegypti,aedes_aegypti,M,1M,5D,25C,SmallCylinder,LowMic,cut44,,,,ae.aegypti_1m_5d_25c_smallcylinder,inferred_filename_source_family; merges cuts and microphone variants; individual/session identity UNKNOWN,0.595875,8000,1,PCM_16,4767,14f400143b32f78a9cf34b7a7d5f55059dc236d835a4de219b1c315e4bd58382,3cb602915b1f0d5cf28c957cec4c8527ec07d16089c642b1336f5a94268f94bc,training,training,HOLD: source-family grouping is not verified individual/session independence; shorter than original 1-second context; no padding/looping/concatenation authorized,False,raw/mosquito/Ae.Aegypti_1M_5D_25C_SmallCylinder_LowMic_cut44_16bit.wav
13IglXN0mZ-7SmMaHiE409zeKFlCTDs4v,Ae.Aegypti_1M_5D_25C_SmallCylinder_LowMic_cut45_16bit.wav,mosquito,Aedes aegypti,aedes_aegypti,M,1M,5D,25C,SmallCylinder,LowMic,cut45,,,,ae.aegypti_1m_5d_25c_smallcylinder,inferred_filename_source_family; merges cuts and microphone variants; individual/session identity UNKNOWN,0.972125,8000,1,PCM_16,7777,a68ff6d4979ec94ef2c4fd8b74b9d1c6171dce5a6f1f1e32b22824083525b569,8d0c628b43069fdb1fcf989e2f3ac35f366c3fae48d5cee56efd7dec348df187,training,training,HOLD: source-family grouping is not verified individual/session independence; shorter than original 1-second context; no padding/looping/concatenation authorized,False,raw/mosquito/Ae.Aegypti_1M_5D_25C_SmallCylinder_LowMic_cut45_16bit.wav
1Vgs8tRBmghqMPWJ9NaNtpnfTiL1oXF4A,Ae.Aegypti_1M_5D_25C_SmallCylinder_LowMic_cut46_16bit.wav,mosquito,Aedes aegypti,aedes_aegypti,M,1M,5D,25C,SmallCylinder,LowMic,cut46,,,,ae.aegypti_1m_5d_25c_smallcylinder,inferred_filename_source_family; merges cuts and microphone variants; individual/session identity UNKNOWN,0.567,8000,1,PCM_16,4536,11460ad077868b22e1f04e5926982257d560f920635875c0869a4ef575c1501d,65d4456ecc8d6bb0704fd14fc524c9c4dc686da7c750213efc2e1fdb913b0b71,training,training,HOLD: source-family grouping is not verified individual/session independence; shorter than original 1-second context; no padding/looping/concatenation authorized,False,raw/mosquito/Ae.Aegypti_1M_5D_25C_SmallCylinder_LowMic_cut46_16bit.wav
169zwZfSxW5pBEdASRZyLtgESzUkXS6lr,Ae.Aegypti_1M_5D_25C_SmallCylinder_LowMic_cut47_16bit.wav,mosquito,Aedes aegypti,aedes_aegypti,M,1M,5D,25C,SmallCylinder,LowMic,cut47,,,,ae.aegypti_1m_5d_25c_smallcylinder,inferred_filename_source_family; merges cuts and microphone variants; individual/session identity UNKNOWN,3.932,8000,1,PCM_16,31456,9d1e6f873dbe7483950a141cd00cbd2725a235efb2ead9ba8c906f406c8b31a1,718c27896dbe36a95be71b8e983fe4a25d3d2fc1285799679215862f0bc7616f,training,training,HOLD: source-family grouping is not verified individual/session independence,True,raw/mosquito/Ae.Aegypti_1M_5D_25C_SmallCylinder_LowMic_cut47_16bit.wav
1ovRPGs8ZdNADlbbUpjJOS68adZT2M2w_,Ae.Aegypti_1M_5D_25C_SmallCylinder_LowMic_cut48_16bit.wav,mosquito,Aedes aegypti,aedes_aegypti,M,1M,5D,25C,SmallCylinder,LowMic,cut48,,,,ae.aegypti_1m_5d_25c_smallcylinder,inferred_filename_source_family; merges cuts and microphone variants; individual/session identity UNKNOWN,1.233625,8000,1,PCM_16,9869,020d6153a9b2758983682e193e9a98fdf65aff95a270db39da28f0bf07ea28f8,31fbf9e86e7a8fd877395c2fe4e949056ae310b38d74fb009214f9994e39b8a0,training,training,HOLD: source-family grouping is not verified individual/session independence,True,raw/mosquito/Ae.Aegypti_1M_5D_25C_SmallCylinder_LowMic_cut48_16bit.wav
1UUWX8shJ1Cu3lRk_zPBNQyCxvbm0lCxB,Ae.Aegypti_1M_5D_25C_SmallCylinder_LowMic_cut49_16bit.wav,mosquito,Aedes aegypti,aedes_aegypti,M,1M,5D,25C,SmallCylinder,LowMic,cut49,,,,ae.aegypti_1m_5d_25c_smallcylinder,inferred_filename_source_family; merges cuts and microphone variants; individual/session identity UNKNOWN,1.621,8000,1,PCM_16,12968,61c08d881f4898e9d8d05b950d6d510a4d12ee2ed1362a0dac348f8669e71c9b,2ddd2d41686bf7281866c16fcc7903a72ef77daf3ec350ccda36a5573e98b41f,training,training,HOLD: source-family grouping is not verified individual/session independence,True,raw/mosquito/Ae.Aegypti_1M_5D_25C_SmallCylinder_LowMic_cut49_16bit.wav
1qNFXiBUu12fR5CV5_HrdtMt7CNgBex2L,Ae.Aegypti_1M_5D_25C_SmallCylinder_LowMic_cut4_16bit.wav,mosquito,Aedes aegypti,aedes_aegypti,M,1M,5D,25C,SmallCylinder,LowMic,cut4,,,,ae.aegypti_1m_5d_25c_smallcylinder,inferred_filename_source_family; merges cuts and microphone variants; individual/session identity UNKNOWN,1.694125,8000,1,PCM_16,13553,dc6224554c4ac034d92d514793550bf8c3671f59246fced0506b7fe1bf10b7ec,25689d00f7ceebc24d06e16cd28df5eede74df63148d74079c387c899384200d,training,training,HOLD: source-family grouping is not verified individual/session independence,True,raw/mosquito/Ae.Aegypti_1M_5D_25C_SmallCylinder_LowMic_cut4_16bit.wav
1qtlDejHTEDn7QyncNaMRF182NMX0kB2R,Ae.Aegypti_1M_5D_25C_SmallCylinder_LowMic_cut50_16bit.wav,mosquito,Aedes aegypti,aedes_aegypti,M,1M,5D,25C,SmallCylinder,LowMic,cut50,,,,ae.aegypti_1m_5d_25c_smallcylinder,inferred_filename_source_family; merges cuts and microphone variants; individual/session identity UNKNOWN,0.69725,8000,1,PCM_16,5578,a9d42e4e2e9a6a6b5c29495dd05edee43a43c64d69609f43effb8c4ccc1eaef8,a094e6750cfa5b7f76c3dca5055af3e5436b2c42eb485b1cf3e3d36b87d077ed,training,training,HOLD: source-family grouping is not verified individual/session independence; shorter than original 1-second context; no padding/looping/concatenation authorized,False,raw/mosquito/Ae.Aegypti_1M_5D_25C_SmallCylinder_LowMic_cut50_16bit.wav
10RTlPLr4U08LiIdFKk_0W4Nm5z8gdnuw,Ae.Aegypti_1M_5D_25C_SmallCylinder_LowMic_cut51_16bit.wav,mosquito,Aedes aegypti,aedes_aegypti,M,1M,5D,25C,SmallCylinder,LowMic,cut51,,,,ae.aegypti_1m_5d_25c_smallcylinder,inferred_filename_source_family; merges cuts and microphone variants; individual/session identity UNKNOWN,2.109625,8000,1,PCM_16,16877,c9312578a1f96f8c1b0927c1c4900ed99180457ef3c540657f05e237775bce86,30cc86e7286f22de05a2850054ba3099e531c50d4406d35e81e78344f188337a,training,training,HOLD: source-family grouping is not verified individual/session independence,True,raw/mosquito/Ae.Aegypti_1M_5D_25C_SmallCylinder_LowMic_cut51_16bit.wav
17r1d1N84s9Np_s-cmAOVlJeXHPAxb8w2,Ae.Aegypti_1M_5D_25C_SmallCylinder_LowMic_cut52_16bit.wav,mosquito,Aedes aegypti,aedes_aegypti,M,1M,5D,25C,SmallCylinder,LowMic,cut52,,,,ae.aegypti_1m_5d_25c_smallcylinder,inferred_filename_source_family; merges cuts and microphone variants; individual/session identity UNKNOWN,1.454125,8000,1,PCM_16,11633,2764c1a81bb6c7a3a04711f680033a5cb29304d6769e0b73c5dc8028f4e9527b,58573015ea414b2d53be52a9bc56139e68fecaa8344ad4a282b131e0c7c7804e,training,training,HOLD: source-family grouping is not verified individual/session independence,True,raw/mosquito/Ae.Aegypti_1M_5D_25C_SmallCylinder_LowMic_cut52_16bit.wav
1NMcunvZGpCZ3WMf6IhkEhsKuoKsWZObM,Ae.Aegypti_1M_5D_25C_SmallCylinder_LowMic_cut53_16bit.wav,mosquito,Aedes aegypti,aedes_aegypti,M,1M,5D,25C,SmallCylinder,LowMic,cut53,,,,ae.aegypti_1m_5d_25c_smallcylinder,inferred_filename_source_family; merges cuts and microphone variants; individual/session identity UNKNOWN,1.317,8000,1,PCM_16,10536,0812e38ed53fb60547531fc155170434d851a1979b168613c91439e4a64949f6,a9652474860c50fb875d0d14e2723ffd623e482b54a7ff7e3acfd15f34d09d51,training,training,HOLD: source-family grouping is not verified individual/session independence,True,raw/mosquito/Ae.Aegypti_1M_5D_25C_SmallCylinder_LowMic_cut53_16bit.wav
1TZv5aORTdsYz_ZEaDpOv82qIcxiQGWHY,Ae.Aegypti_1M_5D_25C_SmallCylinder_LowMic_cut54_16bit.wav,mosquito,Aedes aegypti,aedes_aegypti,M,1M,5D,25C,SmallCylinder,LowMic,cut54,,,,ae.aegypti_1m_5d_25c_smallcylinder,inferred_filename_source_family; merges cuts and microphone variants; individual/session identity UNKNOWN,1.346875,8000,1,PCM_16,10775,b17e935bc0da2fd8555d873c844d1aa73cc8990654769f6b1c2e00af07c38cb9,ab877f9f90215398d421c91ef80783a2c05bdd1bf40bd3beda76b49864934798,training,training,HOLD: source-family grouping is not verified individual/session independence,True,raw/mosquito/Ae.Aegypti_1M_5D_25C_SmallCylinder_LowMic_cut54_16bit.wav
1N2jjd0w9eTEj8maySSdM2_IVfJLLltuQ,Ae.Aegypti_1M_5D_25C_SmallCylinder_LowMic_cut5_16bit.wav,mosquito,Aedes aegypti,aedes_aegypti,M,1M,5D,25C,SmallCylinder,LowMic,cut5,,,,ae.aegypti_1m_5d_25c_smallcylinder,inferred_filename_source_family; merges cuts and microphone variants; individual/session identity UNKNOWN,1.2875,8000,1,PCM_16,10300,7b41612927136b4b5b873bce594df3bee9d858f0652c0fd48a741217d8e22452,40b6c34242c7c514b5dea3e1f10e34897f1248b073cdb9f8ab6d207bf1ab6183,training,training,HOLD: source-family grouping is not verified individual/session independence,True,raw/mosquito/Ae.Aegypti_1M_5D_25C_SmallCylinder_LowMic_cut5_16bit.wav
1ytDdE23-0Br03IB__Ws5kXG6k8Qtd-q1,Ae.Aegypti_1M_5D_25C_SmallCylinder_LowMic_cut6_16bit.wav,mosquito,Aedes aegypti,aedes_aegypti,M,1M,5D,25C,SmallCylinder,LowMic,cut6,,,,ae.aegypti_1m_5d_25c_smallcylinder,inferred_filename_source_family; merges cuts and microphone variants; individual/session identity UNKNOWN,1.067375,8000,1,PCM_16,8539,d6c72e6af31b246cdbc84ffca3f51202eb852835352e8cb7607907b8f871d1ed,3490670613b50da079396b1a43d786e350fec41e42b629be3b239b1cad9e4e96,training,training,HOLD: source-family grouping is not verified individual/session independence,True,raw/mosquito/Ae.Aegypti_1M_5D_25C_SmallCylinder_LowMic_cut6_16bit.wav
1yoc4e2PV46ZK1h5oo_aJL4VMMN8tcZmU,Ae.Aegypti_1M_5D_25C_SmallCylinder_LowMic_cut7_16bit.wav,mosquito,Aedes aegypti,aedes_aegypti,M,1M,5D,25C,SmallCylinder,LowMic,cut7,,,,ae.aegypti_1m_5d_25c_smallcylinder,inferred_filename_source_family; merges cuts and microphone variants; individual/session identity UNKNOWN,1.889,8000,1,PCM_16,15112,73dbb062d4662de45bbf31f58aec6f55695758dfb1fe4fb2761b7341ff8e7e13,002a73fd71a80fa5b1ce785d10f09ab3916e992ff969da81d627d8846c4494e5,training,training,HOLD: source-family grouping is not verified individual/session independence,True,raw/mosquito/Ae.Aegypti_1M_5D_25C_SmallCylinder_LowMic_cut7_16bit.wav
17_WnxRF7Qz97Qfc2n6hgCo0_n6NmT-S1,Ae.Aegypti_1M_5D_25C_SmallCylinder_LowMic_cut8_16bit.wav,mosquito,Aedes aegypti,aedes_aegypti,M,1M,5D,25C,SmallCylinder,LowMic,cut8,,,,ae.aegypti_1m_5d_25c_smallcylinder,inferred_filename_source_family; merges cuts and microphone variants; individual/session identity UNKNOWN,1.203,8000,1,PCM_16,9624,bb9dca0ce16b317c6b04057f193ab86f83d9f457d62fa4b3fb2587303ff05614,cb15a4f81b0e36cb2e4d83354f2cb375a86c4c48546f1bd268c0f1b28266b9d6,training,training,HOLD: source-family grouping is not verified individual/session independence,True,raw/mosquito/Ae.Aegypti_1M_5D_25C_SmallCylinder_LowMic_cut8_16bit.wav
12-Hd1XGlcbNuQDvgvmV1ilBiqjwZkw-0,Ae.Aegypti_1M_5D_25C_SmallCylinder_LowMic_cut9_16bit.wav,mosquito,Aedes aegypti,aedes_aegypti,M,1M,5D,25C,SmallCylinder,LowMic,cut9,,,,ae.aegypti_1m_5d_25c_smallcylinder,inferred_filename_source_family; merges cuts and microphone variants; individual/session identity UNKNOWN,2.464875,8000,1,PCM_16,19719,c3724f49a1cc06313275536083ac9897a26eb0f5f72ff8936e167c332dc1b57d,bc06b8e20eb92174bd4ad91d0320e7027eac16534e133ee8f0cd5dcbf00600d3,training,training,HOLD: source-family grouping is not verified individual/session independence,True,raw/mosquito/Ae.Aegypti_1M_5D_25C_SmallCylinder_LowMic_cut9_16bit.wav
1QgPP_xfweVPbesZ9kErGTBmL5J0DKTuA,Ae.Albopictus_1F_14D_25C_SmallCylinder_Cut10_16bit.wav,mosquito,Aedes albopictus,aedes_albopictus,F,1F,14D,25C,SmallCylinder,unmarked,cut10,,,,ae.albopictus_1f_14d_25c_smallcylinder,inferred_filename_source_family; merges cuts and microphone variants; individual/session identity UNKNOWN,0.7315,8000,1,PCM_16,5852,4dd1cfe8bf146ce6039959c3a2c879a7d46482cc04346a90f7dbe8fc96021fff,fa5b85b3be75c4acd05a24defa2d87f3a85f87461c69e2341ae55a6a54f8415e,validation,validation,HOLD: source-family grouping is not verified individual/session independence; shorter than original 1-second context; no padding/looping/concatenation authorized,False,raw/mosquito/Ae.Albopictus_1F_14D_25C_SmallCylinder_Cut10_16bit.wav
1qTHmtruk0UWgVigGlEc7JsEkClmShEfY,Ae.Albopictus_1F_14D_25C_SmallCylinder_Cut11_16bit.wav,mosquito,Aedes albopictus,aedes_albopictus,F,1F,14D,25C,SmallCylinder,unmarked,cut11,,,,ae.albopictus_1f_14d_25c_smallcylinder,inferred_filename_source_family; merges cuts and microphone variants; individual/session identity UNKNOWN,3.866125,8000,1,PCM_16,30929,2197f44c39a0eb3c9e0f5071fda27116ae83c4605a741f9764024a53a1312403,84ce669fb85deb32dbcc0c03041c7c4043ae57138ad9b73ccd5d51f3c2db61a4,validation,validation,HOLD: source-family grouping is not verified individual/session independence,True,raw/mosquito/Ae.Albopictus_1F_14D_25C_SmallCylinder_Cut11_16bit.wav
1DMtR89xEmFaH907GeXRxkF_OMTUomENr,Ae.Albopictus_1F_14D_25C_SmallCylinder_Cut12_16bit.wav,mosquito,Aedes albopictus,aedes_albopictus,F,1F,14D,25C,SmallCylinder,unmarked,cut12,,,,ae.albopictus_1f_14d_25c_smallcylinder,inferred_filename_source_family; merges cuts and microphone variants; individual/session identity UNKNOWN,1.486125,8000,1,PCM_16,11889,f56a8fe364d4dcf3fdb6104eec769bdc227aaf4eae5af8682be96c564be6ab90,fbdba145ae15b0409cf10779fa1889c85e250cb3155eb2fae33df576b143b311,validation,validation,HOLD: source-family grouping is not verified individual/session independence,True,raw/mosquito/Ae.Albopictus_1F_14D_25C_SmallCylinder_Cut12_16bit.wav
1D7a1__mf5aEbicTR722uEsC9F1t-Lc3z,Ae.Albopictus_1F_14D_25C_SmallCylinder_Cut13_16bit.wav,mosquito,Aedes albopictus,aedes_albopictus,F,1F,14D,25C,SmallCylinder,unmarked,cut13,,,,ae.albopictus_1f_14d_25c_smallcylinder,inferred_filename_source_family; merges cuts and microphone variants; individual/session identity UNKNOWN,5.08525,8000,1,PCM_16,40682,02fbd115b67a77a19e9dd3d679ad7947e91fb0040c91366c2b7470369b840c73,5a62702d5642ec466ac9ad52d4ce219795898f9861ff3ee83cb39b9ba5d53a6d,validation,validation,HOLD: source-family grouping is not verified individual/session independence,True,raw/mosquito/Ae.Albopictus_1F_14D_25C_SmallCylinder_Cut13_16bit.wav
1BDARNBVXg_dzBBaV7o6G8MzpDJNcweG5,Ae.Albopictus_1F_14D_25C_SmallCylinder_Cut14_16bit.wav,mosquito,Aedes albopictus,aedes_albopictus,F,1F,14D,25C,SmallCylinder,unmarked,cut14,,,,ae.albopictus_1f_14d_25c_smallcylinder,inferred_filename_source_family; merges cuts and microphone variants; individual/session identity UNKNOWN,0.894,8000,1,PCM_16,7152,91080a98de44abb76dc57722b1fa68203fd734e7c392f0fa887a1b2e395f7fe4,d3a2e74043f79ff6db746a472542019c3744ac36901f2cbbbab7c6f0d170e738,validation,validation,HOLD: source-family grouping is not verified individual/session independence; shorter than original 1-second context; no padding/looping/concatenation authorized,False,raw/mosquito/Ae.Albopictus_1F_14D_25C_SmallCylinder_Cut14_16bit.wav
1MHWT9VqYKEgc6w6k3saKlTVchD-Kz6mX,Ae.Albopictus_1F_14D_25C_SmallCylinder_Cut15_16bit.wav,mosquito,Aedes albopictus,aedes_albopictus,F,1F,14D,25C,SmallCylinder,unmarked,cut15,,,,ae.albopictus_1f_14d_25c_smallcylinder,inferred_filename_source_family; merges cuts and microphone variants; individual/session identity UNKNOWN,1.312,8000,1,PCM_16,10496,7aa26a62080d3921242ed34de990a078234802bcebadffbf56007fa65e5a063b,1f4f4a9397d138e619e17e74d6ef2b81b25c7f2d72208425b8fcdcbe52c02207,validation,validation,HOLD: source-family grouping is not verified individual/session independence,True,raw/mosquito/Ae.Albopictus_1F_14D_25C_SmallCylinder_Cut15_16bit.wav
18Pxhn8597p8ye6tQ44QEPNpLfrSgndim,Ae.Albopictus_1F_14D_25C_SmallCylinder_Cut16_16bit.wav,mosquito,Aedes albopictus,aedes_albopictus,F,1F,14D,25C,SmallCylinder,unmarked,cut16,,,,ae.albopictus_1f_14d_25c_smallcylinder,inferred_filename_source_family; merges cuts and microphone variants; individual/session identity UNKNOWN,7.523375,8000,1,PCM_16,60187,3bd7b0113fcf2d2416a4b5ff911438db833f0f5666c6c69d35596f708fe675f3,440057fe78fc2ae71ce26ba1d4ca8d50b0c2c6910f01261ce90b43798622fd07,validation,validation,HOLD: source-family grouping is not verified individual/session independence,True,raw/mosquito/Ae.Albopictus_1F_14D_25C_SmallCylinder_Cut16_16bit.wav
1PWNjhMv7lE8eVOKM6hi5wdBmYBhYPgjB,Ae.Albopictus_1F_14D_25C_SmallCylinder_Cut17_16bit.wav,mosquito,Aedes albopictus,aedes_albopictus,F,1F,14D,25C,SmallCylinder,unmarked,cut17,,,,ae.albopictus_1f_14d_25c_smallcylinder,inferred_filename_source_family; merges cuts and microphone variants; individual/session identity UNKNOWN,1.277125,8000,1,PCM_16,10217,992b09fea7668d93d0ba2a7f2872801ba057c36d9fee20ae1ea5cf0ce71fcc7e,b99c9e20727a8c1d5e3e6aa97e5dd418511520900f75dba88f49d6d47b1368c7,validation,validation,HOLD: source-family grouping is not verified individual/session independence,True,raw/mosquito/Ae.Albopictus_1F_14D_25C_SmallCylinder_Cut17_16bit.wav
1Hc8aVvp-LTUWeQRibMjI1YLeN66nIId7,Ae.Albopictus_1F_14D_25C_SmallCylinder_Cut18_16bit.wav,mosquito,Aedes albopictus,aedes_albopictus,F,1F,14D,25C,SmallCylinder,unmarked,cut18,,,,ae.albopictus_1f_14d_25c_smallcylinder,inferred_filename_source_family; merges cuts and microphone variants; individual/session identity UNKNOWN,4.597625,8000,1,PCM_16,36781,6662549c807e5971fee61937f15bd193a0756df9aaeaf7e78947d4093f6a3f4e,e864cbf6e743ee0a2ba432e95a9e5cf85f03272a4c6f8230f31506ce00620276,validation,validation,HOLD: source-family grouping is not verified individual/session independence,True,raw/mosquito/Ae.Albopictus_1F_14D_25C_SmallCylinder_Cut18_16bit.wav
1Seip1HpcK2_0vdjHyyPZJ0NIOagjVj8M,Ae.Albopictus_1F_14D_25C_SmallCylinder_Cut19_16bit.wav,mosquito,Aedes albopictus,aedes_albopictus,F,1F,14D,25C,SmallCylinder,unmarked,cut19,,,,ae.albopictus_1f_14d_25c_smallcylinder,inferred_filename_source_family; merges cuts and microphone variants; individual/session identity UNKNOWN,5.45675,8000,1,PCM_16,43654,555d8b20f66344689a41414b217b431cd8a5150c6abe077f28451427686633c7,556aa309472495ab0028ca1cb1c9cd8259c5436dec68d1149340c2b1b1f2b639,validation,validation,HOLD: source-family grouping is not verified individual/session independence,True,raw/mosquito/Ae.Albopictus_1F_14D_25C_SmallCylinder_Cut19_16bit.wav
11yHLRJCkn6gG8lvAXgJ3mfCKdHMsqJcn,Ae.Albopictus_1F_14D_25C_SmallCylinder_Cut1_16bit.wav,mosquito,Aedes albopictus,aedes_albopictus,F,1F,14D,25C,SmallCylinder,unmarked,cut1,,,,ae.albopictus_1f_14d_25c_smallcylinder,inferred_filename_source_family; merges cuts and microphone variants; individual/session identity UNKNOWN,0.661875,8000,1,PCM_16,5295,a64617112e26bb8bdf7e96817026040dde910566f390a8c5a03450f78c8a6018,3e459682928a281d461bf6a99ea00ec8491715c484c9eed25829b544f6c18eae,validation,validation,HOLD: source-family grouping is not verified individual/session independence; shorter than original 1-second context; no padding/looping/concatenation authorized,False,raw/mosquito/Ae.Albopictus_1F_14D_25C_SmallCylinder_Cut1_16bit.wav
1C3VkkZJII623alqYy0qbdk1MqVWmuk1U,Ae.Albopictus_1F_14D_25C_SmallCylinder_Cut20_16bit.wav,mosquito,Aedes albopictus,aedes_albopictus,F,1F,14D,25C,SmallCylinder,unmarked,cut20,,,,ae.albopictus_1f_14d_25c_smallcylinder,inferred_filename_source_family; merges cuts and microphone variants; individual/session identity UNKNOWN,0.836,8000,1,PCM_16,6688,f4dd9a195e4e08d32622b910c3b6aed81f8a5280ae77bf076b11c629164534c0,1c98fd080c05c33eb9d8ac56068363e6bd61594bafe4fe18846948ac84feb1cd,validation,validation,HOLD: source-family grouping is not verified individual/session independence; shorter than original 1-second context; no padding/looping/concatenation authorized,False,raw/mosquito/Ae.Albopictus_1F_14D_25C_SmallCylinder_Cut20_16bit.wav
11N5Syt1C-XJS8xtbzd7EuDLcbTnNGVn8,Ae.Albopictus_1F_14D_25C_SmallCylinder_Cut21_16bit.wav,mosquito,Aedes albopictus,aedes_albopictus,F,1F,14D,25C,SmallCylinder,unmarked,cut21,,,,ae.albopictus_1f_14d_25c_smallcylinder,inferred_filename_source_family; merges cuts and microphone variants; individual/session identity UNKNOWN,1.33525,8000,1,PCM_16,10682,3dfe59333d69621450af03e7a834d5ad05e0d770c331300ef32971b3c6e122cf,f9de7778b90af463ad07dabee4ece3d45eefd5f4ef8ec1a2225e903a37264f66,validation,validation,HOLD: source-family grouping is not verified individual/session independence,True,raw/mosquito/Ae.Albopictus_1F_14D_25C_SmallCylinder_Cut21_16bit.wav
1LT6_LXlnW8S1h1Dea3DNMeaKqwasomBl,Ae.Albopictus_1F_14D_25C_SmallCylinder_Cut22_16bit.wav,mosquito,Aedes albopictus,aedes_albopictus,F,1F,14D,25C,SmallCylinder,unmarked,cut22,,,,ae.albopictus_1f_14d_25c_smallcylinder,inferred_filename_source_family; merges cuts and microphone variants; individual/session identity UNKNOWN,1.2655,8000,1,PCM_16,10124,6c94d7f5ca6989e3be0558fe210b2f666a120cfc3c0e8e3f9d62fb651b5baf9d,2343adbb9d56168167e976b3ad665aaccb32eb74a57416cd516edfc3b83d3df3,validation,validation,HOLD: source-family grouping is not verified individual/session independence,True,raw/mosquito/Ae.Albopictus_1F_14D_25C_SmallCylinder_Cut22_16bit.wav
1O59mFGpRB1ckAZLE4kWtwGao4xZLJxQ3,Ae.Albopictus_1F_14D_25C_SmallCylinder_Cut23_16bit.wav,mosquito,Aedes albopictus,aedes_albopictus,F,1F,14D,25C,SmallCylinder,unmarked,cut23,,,,ae.albopictus_1f_14d_25c_smallcylinder,inferred_filename_source_family; merges cuts and microphone variants; individual/session identity UNKNOWN,0.9405,8000,1,PCM_16,7524,786c3d8d996e81185768ac42515414ee2cbc1c8d2ec2ae4d0d929f66fb5a891d,a475b21f75f3a88cedb6dbdfe8e70d2d01c55419b0be6a8b52a01c7c5aca167b,validation,validation,HOLD: source-family grouping is not verified individual/session independence; shorter than original 1-second context; no padding/looping/concatenation authorized,False,raw/mosquito/Ae.Albopictus_1F_14D_25C_SmallCylinder_Cut23_16bit.wav
1-Th6_OFgnO7fkXwHAnIhOsYspYSJ4Dvd,Ae.Albopictus_1F_14D_25C_SmallCylinder_Cut24_16bit.wav,mosquito,Aedes albopictus,aedes_albopictus,F,1F,14D,25C,SmallCylinder,unmarked,cut24,,,,ae.albopictus_1f_14d_25c_smallcylinder,inferred_filename_source_family; merges cuts and microphone variants; individual/session identity UNKNOWN,1.37,8000,1,PCM_16,10960,a87003654ac8436f70149f31cf6fa211c3e12875bb34dcf62c5103cc7f3aa1d7,b960b96a71dc59aa7ca08b3644e46c7600ff426d9efac5e9c4fbf1a5efa6c4c4,validation,validation,HOLD: source-family grouping is not verified individual/session independence,True,raw/mosquito/Ae.Albopictus_1F_14D_25C_SmallCylinder_Cut24_16bit.wav
1vW6NjV-3yYjXvWwdmfaMM5jWE0v6EBPW,Ae.Albopictus_1F_14D_25C_SmallCylinder_Cut25_16bit.wav,mosquito,Aedes albopictus,aedes_albopictus,F,1F,14D,25C,SmallCylinder,unmarked,cut25,,,,ae.albopictus_1f_14d_25c_smallcylinder,inferred_filename_source_family; merges cuts and microphone variants; individual/session identity UNKNOWN,1.822875,8000,1,PCM_16,14583,49ef0b8a5e1ccc9592a965812a345f2eb1cb6f96543aaaf75042d091b1fc7b71,6bde17e26212b492d8fa8e4a270ebbf8ea3813fa3549b20f16bca62c6ec53a07,validation,validation,HOLD: source-family grouping is not verified individual/session independence,True,raw/mosquito/Ae.Albopictus_1F_14D_25C_SmallCylinder_Cut25_16bit.wav
1EGoQJGUflPa5lmUKUePsH-nkBfVAFmo0,Ae.Albopictus_1F_14D_25C_SmallCylinder_Cut26_16bit.wav,mosquito,Aedes albopictus,aedes_albopictus,F,1F,14D,25C,SmallCylinder,unmarked,cut26,,,,ae.albopictus_1f_14d_25c_smallcylinder,inferred_filename_source_family; merges cuts and microphone variants; individual/session identity UNKNOWN,0.743125,8000,1,PCM_16,5945,3dfa7c5681323b3ff1b94a7f4bf27ebe753d869410f2993c67e69804b1d83728,b8eafd6ccf579a7ed802991f11d30e2aaad6327eaffdfa461090fc342e9aa4d7,validation,validation,HOLD: source-family grouping is not verified individual/session independence; shorter than original 1-second context; no padding/looping/concatenation authorized,False,raw/mosquito/Ae.Albopictus_1F_14D_25C_SmallCylinder_Cut26_16bit.wav
1gArhR08Oyhz8OLpwL66iU29oTAHHbtWC,Ae.Albopictus_1F_14D_25C_SmallCylinder_Cut27_16bit.wav,mosquito,Aedes albopictus,aedes_albopictus,F,1F,14D,25C,SmallCylinder,unmarked,cut27,,,,ae.albopictus_1f_14d_25c_smallcylinder,inferred_filename_source_family; merges cuts and microphone variants; individual/session identity UNKNOWN,0.592125,8000,1,PCM_16,4737,361a10fd08fb8dd799d78841d31b6622efbd9f5e4bbd6b2761c8cf24a71707c8,2020aa1f067a6835466ded63ba0b00cdc3ebb3ce6b25a75cdae66d46e454ee04,validation,validation,HOLD: source-family grouping is not verified individual/session independence; shorter than original 1-second context; no padding/looping/concatenation authorized,False,raw/mosquito/Ae.Albopictus_1F_14D_25C_SmallCylinder_Cut27_16bit.wav
1R8zTPhRYybzoYBHmNHLsrTOCu9tbr_tO,Ae.Albopictus_1F_14D_25C_SmallCylinder_Cut28_16bit.wav,mosquito,Aedes albopictus,aedes_albopictus,F,1F,14D,25C,SmallCylinder,unmarked,cut28,,,,ae.albopictus_1f_14d_25c_smallcylinder,inferred_filename_source_family; merges cuts and microphone variants; individual/session identity UNKNOWN,1.2075,8000,1,PCM_16,9660,d6ea9c51e460c5282dd4216ed2d6268b3640b40034a74cfdd1bed662baf42f95,630b9ae7244719de849e6ba692735ebfeb4b6c0bef65a371e80e4871d34ef961,validation,validation,HOLD: source-family grouping is not verified individual/session independence,True,raw/mosquito/Ae.Albopictus_1F_14D_25C_SmallCylinder_Cut28_16bit.wav
1nC7kHfZMuDB4BG2XhCiTCnvNVBcbAa_b,Ae.Albopictus_1F_14D_25C_SmallCylinder_Cut29_16bit.wav,mosquito,Aedes albopictus,aedes_albopictus,F,1F,14D,25C,SmallCylinder,unmarked,cut29,,,,ae.albopictus_1f_14d_25c_smallcylinder,inferred_filename_source_family; merges cuts and microphone variants; individual/session identity UNKNOWN,0.627,8000,1,PCM_16,5016,c1e17c4d745acd4f5ac9ad89ae0a30378c71d9823755156f3b8857b32f263cd6,cc1b62e593e8a295e31d783ed2a17eb538ddaa258d7aca67e8ef4f63da741cfb,validation,validation,HOLD: source-family grouping is not verified individual/session independence; shorter than original 1-second context; no padding/looping/concatenation authorized,False,raw/mosquito/Ae.Albopictus_1F_14D_25C_SmallCylinder_Cut29_16bit.wav
186SZr-BLrdDLsQakh9MHPolMKicFBNH6,Ae.Albopictus_1F_14D_25C_SmallCylinder_Cut2_16bit.wav,mosquito,Aedes albopictus,aedes_albopictus,F,1F,14D,25C,SmallCylinder,unmarked,cut2,,,,ae.albopictus_1f_14d_25c_smallcylinder,inferred_filename_source_family; merges cuts and microphone variants; individual/session identity UNKNOWN,2.39175,8000,1,PCM_16,19134,44c5edd10d136141c901e9f59c6037b8649710f73013d43312018f0cdc4032d4,e0bfd668d2fdd4068f51ac6b03f1dff69e1ef0fbbdba082328a3aa7488c8eb9a,validation,validation,HOLD: source-family grouping is not verified individual/session independence,True,raw/mosquito/Ae.Albopictus_1F_14D_25C_SmallCylinder_Cut2_16bit.wav
1XfNLfJwSmNvbLMdJZallIla4ri71B7jr,Ae.Albopictus_1F_14D_25C_SmallCylinder_Cut30_16bit.wav,mosquito,Aedes albopictus,aedes_albopictus,F,1F,14D,25C,SmallCylinder,unmarked,cut30,,,,ae.albopictus_1f_14d_25c_smallcylinder,inferred_filename_source_family; merges cuts and microphone variants; individual/session identity UNKNOWN,1.1495,8000,1,PCM_16,9196,3a8cc0941cebf6361eaeb5958ae8ab0d3337586c05761c8cd821f9a41c8061e4,d609f4472347cc6d1356a7fb7960409468c3c51c0b1b69b94543c1c73812f796,validation,validation,HOLD: source-family grouping is not verified individual/session independence,True,raw/mosquito/Ae.Albopictus_1F_14D_25C_SmallCylinder_Cut30_16bit.wav
1AAULuFeLMpX2D7G3HRH9XoY2HriQYKnI,Ae.Albopictus_1F_14D_25C_SmallCylinder_Cut31_16bit.wav,mosquito,Aedes albopictus,aedes_albopictus,F,1F,14D,25C,SmallCylinder,unmarked,cut31,,,,ae.albopictus_1f_14d_25c_smallcylinder,inferred_filename_source_family; merges cuts and microphone variants; individual/session identity UNKNOWN,0.801125,8000,1,PCM_16,6409,0d24dea4799deb1724147f51a875aa565722a9c5457f648db6263de53859e8c5,eca1d9c14ae99f2dabb3d7c1960ef0665d138fab294a464f8d6a642c34d50592,validation,validation,HOLD: source-family grouping is not verified individual/session independence; shorter than original 1-second context; no padding/looping/concatenation authorized,False,raw/mosquito/Ae.Albopictus_1F_14D_25C_SmallCylinder_Cut31_16bit.wav
1fbpO4lTSOOnstDzFtbmT6dKIv7YA3eYH,Ae.Albopictus_1F_14D_25C_SmallCylinder_Cut32_16bit.wav,mosquito,Aedes albopictus,aedes_albopictus,F,1F,14D,25C,SmallCylinder,unmarked,cut32,,,,ae.albopictus_1f_14d_25c_smallcylinder,inferred_filename_source_family; merges cuts and microphone variants; individual/session identity UNKNOWN,1.103,8000,1,PCM_16,8824,3fdf0e0d5b4a5873e6fb9c61adb1d4cc718abb63e4129fd57d001a13901b7a7f,bd956ef09afffabc732baccde863cf758e422eea1bfb99f7eada14911c46e8d2,validation,validation,HOLD: source-family grouping is not verified individual/session independence,True,raw/mosquito/Ae.Albopictus_1F_14D_25C_SmallCylinder_Cut32_16bit.wav
1by1VqdgGyIHJ-1Jgcm3q0LJUtfXuO41R,Ae.Albopictus_1F_14D_25C_SmallCylinder_Cut33_16bit.wav,mosquito,Aedes albopictus,aedes_albopictus,F,1F,14D,25C,SmallCylinder,unmarked,cut33,,,,ae.albopictus_1f_14d_25c_smallcylinder,inferred_filename_source_family; merges cuts and microphone variants; individual/session identity UNKNOWN,0.882375,8000,1,PCM_16,7059,15ac9f4c6075a071c44fa81dbc4256b440ac0563b931f87e43e029d4395be64f,0f0b9488a24baeea4d4ee67578339c204ae81d369815a4c4e3b67c6fe792b028,validation,validation,HOLD: source-family grouping is not verified individual/session independence; shorter than original 1-second context; no padding/looping/concatenation authorized,False,raw/mosquito/Ae.Albopictus_1F_14D_25C_SmallCylinder_Cut33_16bit.wav
1h3jJg1RLomYbd9xuhigo_QURnjtnUMWv,Ae.Albopictus_1F_14D_25C_SmallCylinder_Cut34_16bit.wav,mosquito,Aedes albopictus,aedes_albopictus,F,1F,14D,25C,SmallCylinder,unmarked,cut34,,,,ae.albopictus_1f_14d_25c_smallcylinder,inferred_filename_source_family; merges cuts and microphone variants; individual/session identity UNKNOWN,8.324375,8000,1,PCM_16,66595,0b52b55ac55b9d0e40791eeabc84896ef8d10768e2ec81ba5c1d0bee0ed8d6b0,40f9649a1e80268a44d35fbda37da9dfb3ff98e806a10beef97d367dc200f710,validation,validation,HOLD: source-family grouping is not verified individual/session independence,True,raw/mosquito/Ae.Albopictus_1F_14D_25C_SmallCylinder_Cut34_16bit.wav
1eEW_0qUgcBnh-eP4bZVRdbRQ0aiH68q2,Ae.Albopictus_1F_14D_25C_SmallCylinder_Cut35_16bit.wav,mosquito,Aedes albopictus,aedes_albopictus,F,1F,14D,25C,SmallCylinder,unmarked,cut35,,,,ae.albopictus_1f_14d_25c_smallcylinder,inferred_filename_source_family; merges cuts and microphone variants; individual/session identity UNKNOWN,5.445125,8000,1,PCM_16,43561,645a8904a0cc0e5c7b464c47b1f4bf7ec80ddd8a0e9999fad31cb0cd6d1593fe,74405e49f4a9951ccaa9533cb3867e5433618070b097ad55890c2c0946ddf89b,validation,validation,HOLD: source-family grouping is not verified individual/session independence,True,raw/mosquito/Ae.Albopictus_1F_14D_25C_SmallCylinder_Cut35_16bit.wav
1z2lkiqmuOsuzC0A-viyO6KeLDgaQCv_f,Ae.Albopictus_1F_14D_25C_SmallCylinder_Cut3_16bit.wav,mosquito,Aedes albopictus,aedes_albopictus,F,1F,14D,25C,SmallCylinder,unmarked,cut3,,,,ae.albopictus_1f_14d_25c_smallcylinder,inferred_filename_source_family; merges cuts and microphone variants; individual/session identity UNKNOWN,0.847625,8000,1,PCM_16,6781,35aa7a96beb6f518c7a4e7a0fa44cb11be771a734cbb8893f6c0628c235f7ed6,ee7bca7400190917ea298c26f7088186369376531e78fc6bf781e74c9a216bc1,validation,validation,HOLD: source-family grouping is not verified individual/session independence; shorter than original 1-second context; no padding/looping/concatenation authorized,False,raw/mosquito/Ae.Albopictus_1F_14D_25C_SmallCylinder_Cut3_16bit.wav
18p729HMXiZ0MXFZuniyUpY3x14iCT_Fl,Ae.Albopictus_1F_14D_25C_SmallCylinder_Cut4_16bit.wav,mosquito,Aedes albopictus,aedes_albopictus,F,1F,14D,25C,SmallCylinder,unmarked,cut4,,,,ae.albopictus_1f_14d_25c_smallcylinder,inferred_filename_source_family; merges cuts and microphone variants; individual/session identity UNKNOWN,1.18425,8000,1,PCM_16,9474,e78be2996b44988305f4261023d07fb4f37fb01a7b1b8d99f701fb0352550292,37653dbb6526bc26c58c0d545310b5a34f79e1a49e7ccf03d1aecfe0ca62a3f6,validation,validation,HOLD: source-family grouping is not verified individual/session independence,True,raw/mosquito/Ae.Albopictus_1F_14D_25C_SmallCylinder_Cut4_16bit.wav
1XUy64XYuzuKjYxXXrToxa9913tz0IbN4,Ae.Albopictus_1F_14D_25C_SmallCylinder_Cut5_16bit.wav,mosquito,Aedes albopictus,aedes_albopictus,F,1F,14D,25C,SmallCylinder,unmarked,cut5,,,,ae.albopictus_1f_14d_25c_smallcylinder,inferred_filename_source_family; merges cuts and microphone variants; individual/session identity UNKNOWN,0.510875,8000,1,PCM_16,4087,710b42e553fd052853b70007ee6a2e2c7c43c2a016a1884c11fd7de261c28f4a,8ed5d521d0cb8ee5445de9960f5974a8c9bfd4e9f86afcdb70be3398af631303,validation,validation,HOLD: source-family grouping is not verified individual/session independence; shorter than original 1-second context; no padding/looping/concatenation authorized,False,raw/mosquito/Ae.Albopictus_1F_14D_25C_SmallCylinder_Cut5_16bit.wav
1plS2e7m3jX0Sq9ebpyb9pRPFDCxYLomi,Ae.Albopictus_1F_14D_25C_SmallCylinder_Cut6_16bit.wav,mosquito,Aedes albopictus,aedes_albopictus,F,1F,14D,25C,SmallCylinder,unmarked,cut6,,,,ae.albopictus_1f_14d_25c_smallcylinder,inferred_filename_source_family; merges cuts and microphone variants; individual/session identity UNKNOWN,1.07975,8000,1,PCM_16,8638,d302708bc3fc33f391e5a7d4265fea974c110b993c3e5db9b71f4c56910c6f38,cfc9aad6e6b6a60f82061ca09aec294c792b890e0f1616bbb066518063df8311,validation,validation,HOLD: source-family grouping is not verified individual/session independence,True,raw/mosquito/Ae.Albopictus_1F_14D_25C_SmallCylinder_Cut6_16bit.wav
18Mfx12i-RdRlKToaOu8gTHsIY4LMqbNk,Ae.Albopictus_1F_14D_25C_SmallCylinder_Cut7_16bit.wav,mosquito,Aedes albopictus,aedes_albopictus,F,1F,14D,25C,SmallCylinder,unmarked,cut7,,,,ae.albopictus_1f_14d_25c_smallcylinder,inferred_filename_source_family; merges cuts and microphone variants; individual/session identity UNKNOWN,4.11,8000,1,PCM_16,32880,6e8e84b0ccb5797b25cf8284ad028542393b1b30789f47859fc23b1d2f4baf4d,532154f92e32cc542c30a5a8ddad1d19cff1e62489212a50981ccb36a6c86b02,validation,validation,HOLD: source-family grouping is not verified individual/session independence,True,raw/mosquito/Ae.Albopictus_1F_14D_25C_SmallCylinder_Cut7_16bit.wav
1fg2V1AAhrmoBwNyMDG2scqcj7351TDtf,Ae.Albopictus_1F_14D_25C_SmallCylinder_Cut8_16bit.wav,mosquito,Aedes albopictus,aedes_albopictus,F,1F,14D,25C,SmallCylinder,unmarked,cut8,,,,ae.albopictus_1f_14d_25c_smallcylinder,inferred_filename_source_family; merges cuts and microphone variants; individual/session identity UNKNOWN,1.091375,8000,1,PCM_16,8731,5e449100c7243880aceccf79401b82cf00867d2c797544b30c22a37df333eaaf,35dbfea352c1959062053a8bf4d963f80dd4ec7736bd92d50f4808286fc72c7d,validation,validation,HOLD: source-family grouping is not verified individual/session independence,True,raw/mosquito/Ae.Albopictus_1F_14D_25C_SmallCylinder_Cut8_16bit.wav
1P9IdPyAoQ-VoJ0WFiLD5DajOnbqccPgy,Ae.Albopictus_1F_14D_25C_SmallCylinder_Cut9_16bit.wav,mosquito,Aedes albopictus,aedes_albopictus,F,1F,14D,25C,SmallCylinder,unmarked,cut9,,,,ae.albopictus_1f_14d_25c_smallcylinder,inferred_filename_source_family; merges cuts and microphone variants; individual/session identity UNKNOWN,0.60375,8000,1,PCM_16,4830,ed8a8a9fb751bb66a35f7453bff6aa47ef82bc0c8b1896c53f61032f157cc49f,79d32a5344bcc05950a3a2e0405210a712c24a8479a85d91aef4d3a52ab4e8fd,validation,validation,HOLD: source-family grouping is not verified individual/session independence; shorter than original 1-second context; no padding/looping/concatenation authorized,False,raw/mosquito/Ae.Albopictus_1F_14D_25C_SmallCylinder_Cut9_16bit.wav
1vbxA0AwSLs_MSkWWeUKHvsBaBq9eB7dc,Ae.Albopictus_1F_14D_25C_SmallCylinder_LowMic_Cut10_16bit.wav,mosquito,Aedes albopictus,aedes_albopictus,F,1F,14D,25C,SmallCylinder,LowMic,cut10,,,,ae.albopictus_1f_14d_25c_smallcylinder,inferred_filename_source_family; merges cuts and microphone variants; individual/session identity UNKNOWN,0.766375,8000,1,PCM_16,6131,736b2881409c0276fdc423ed86718173ec38c450b168cc13d48f629b24f1e202,e346622767b6908919f1bdd0f9bd0b78179cb365d3aef1c270c9bcdddfb7f6f7,validation,validation,HOLD: source-family grouping is not verified individual/session independence; shorter than original 1-second context; no padding/looping/concatenation authorized,False,raw/mosquito/Ae.Albopictus_1F_14D_25C_SmallCylinder_LowMic_Cut10_16bit.wav
1Q2l5L4SldkgMjC0eVP-d_T-QoIaimsj5,Ae.Albopictus_1F_14D_25C_SmallCylinder_LowMic_Cut11_16bit.wav,mosquito,Aedes albopictus,aedes_albopictus,F,1F,14D,25C,SmallCylinder,LowMic,cut11,,,,ae.albopictus_1f_14d_25c_smallcylinder,inferred_filename_source_family; merges cuts and microphone variants; individual/session identity UNKNOWN,3.831375,8000,1,PCM_16,30651,a514b9b57de98cd09fd5d526699ff39e97315d4e0bb63385ff8a5077a55c4e76,be064f1a246a196859a65f6ca23c75688a0bf7b4cfb9c9b61dea5241b0b5e52a,validation,validation,HOLD: source-family grouping is not verified individual/session independence,True,raw/mosquito/Ae.Albopictus_1F_14D_25C_SmallCylinder_LowMic_Cut11_16bit.wav
1ddEpUqWf3aWIYRBPYu2YShcxQ72De2yn,Ae.Albopictus_1F_14D_25C_SmallCylinder_LowMic_Cut12_16bit.wav,mosquito,Aedes albopictus,aedes_albopictus,F,1F,14D,25C,SmallCylinder,LowMic,cut12,,,,ae.albopictus_1f_14d_25c_smallcylinder,inferred_filename_source_family; merges cuts and microphone variants; individual/session identity UNKNOWN,1.462875,8000,1,PCM_16,11703,c6e562ce9abe1d3eb5a6d71c64cfcd47e07a487ce84d153594bd033c590fc0f1,294c70f68d47382ae8591d1d055538d32d0acbd1da0648d38d82c6441cd3aaf5,validation,validation,HOLD: source-family grouping is not verified individual/session independence,True,raw/mosquito/Ae.Albopictus_1F_14D_25C_SmallCylinder_LowMic_Cut12_16bit.wav
1hm3pnardpKOQi68Z7KkQWtMwPaf2-kPG,Ae.Albopictus_1F_14D_25C_SmallCylinder_LowMic_Cut13_16bit.wav,mosquito,Aedes albopictus,aedes_albopictus,F,1F,14D,25C,SmallCylinder,LowMic,cut13,,,,ae.albopictus_1f_14d_25c_smallcylinder,inferred_filename_source_family; merges cuts and microphone variants; individual/session identity UNKNOWN,5.08525,8000,1,PCM_16,40682,479a6976fd00567aebde44535502ad9e27a1e4aa27f4c0f35f8707bd70810d82,84638020bfc8061001388e0a639d6b979f84a91a92fafa73dbee561c0b970c0f,validation,validation,HOLD: source-family grouping is not verified individual/session independence,True,raw/mosquito/Ae.Albopictus_1F_14D_25C_SmallCylinder_LowMic_Cut13_16bit.wav
1NpG4nZs-sATcLOcLgIjmEgRwpMez0cJA,Ae.Albopictus_1F_14D_25C_SmallCylinder_LowMic_Cut14_16bit.wav,mosquito,Aedes albopictus,aedes_albopictus,F,1F,14D,25C,SmallCylinder,LowMic,cut14,,,,ae.albopictus_1f_14d_25c_smallcylinder,inferred_filename_source_family; merges cuts and microphone variants; individual/session identity UNKNOWN,0.91725,8000,1,PCM_16,7338,f90e2e3ab3e60dbcbe057332154a7e059562bff755c33786f8cabdd87eb84e1e,82013d463c078a133e2131da490eec0c2179ab10675db2666487d780d12e7ef4,validation,validation,HOLD: source-family grouping is not verified individual/session independence; shorter than original 1-second context; no padding/looping/concatenation authorized,False,raw/mosquito/Ae.Albopictus_1F_14D_25C_SmallCylinder_LowMic_Cut14_16bit.wav
1ru2RS-FS5f7vVRbm1YxqXmn6HPsDZMbK,Ae.Albopictus_1F_14D_25C_SmallCylinder_LowMic_Cut15_16bit.wav,mosquito,Aedes albopictus,aedes_albopictus,F,1F,14D,25C,SmallCylinder,LowMic,cut15,,,,ae.albopictus_1f_14d_25c_smallcylinder,inferred_filename_source_family; merges cuts and microphone variants; individual/session identity UNKNOWN,1.346875,8000,1,PCM_16,10775,c94b024368e6b3ea61e0762eb3cdc77b3970070fd472bf0d6d2ff29f978701ba,9a1e24d06ec1d2a90126e385eea8a16dab131ff97b99a597898c1918384e4ff8,validation,validation,HOLD: source-family grouping is not verified individual/session independence,True,raw/mosquito/Ae.Albopictus_1F_14D_25C_SmallCylinder_LowMic_Cut15_16bit.wav
13ePT4JzVGWS_NfTuobZ-vz1vQOU0ZR_m,Ae.Albopictus_1F_14D_25C_SmallCylinder_LowMic_Cut16_16bit.wav,mosquito,Aedes albopictus,aedes_albopictus,F,1F,14D,25C,SmallCylinder,LowMic,cut16,,,,ae.albopictus_1f_14d_25c_smallcylinder,inferred_filename_source_family; merges cuts and microphone variants; individual/session identity UNKNOWN,7.523375,8000,1,PCM_16,60187,9b56094c938d55c8f6eabece7a8ffb96978d141e251e5984e64da79417af85ad,aa16bf68a00acd237f6cbdec8c58cfdf3dbde77802229fe9f9cfdbb1aaedc8c8,validation,validation,HOLD: source-family grouping is not verified individual/session independence,True,raw/mosquito/Ae.Albopictus_1F_14D_25C_SmallCylinder_LowMic_Cut16_16bit.wav
1N75DJ0yUuzirwcVpGpQJcvhSe3Sx6LTF,Ae.Albopictus_1F_14D_25C_SmallCylinder_LowMic_Cut17_16bit.wav,mosquito,Aedes albopictus,aedes_albopictus,F,1F,14D,25C,SmallCylinder,LowMic,cut17,,,,ae.albopictus_1f_14d_25c_smallcylinder,inferred_filename_source_family; merges cuts and microphone variants; individual/session identity UNKNOWN,1.300375,8000,1,PCM_16,10403,f55bcbb73d72d5bfd7e8b032ebd8bd7dbaaadb9048a8ee8536c5f3f3806700d2,9112f0b780680f05f013f80b8ac68bfaa265d4ddbd0e2a724c7da95b163d9846,validation,validation,HOLD: source-family grouping is not verified individual/session independence,True,raw/mosquito/Ae.Albopictus_1F_14D_25C_SmallCylinder_LowMic_Cut17_16bit.wav
1EeancxM5TlkVsX7Y6kAM31Tkc6o3D3nj,Ae.Albopictus_1F_14D_25C_SmallCylinder_LowMic_Cut18_16bit.wav,mosquito,Aedes albopictus,aedes_albopictus,F,1F,14D,25C,SmallCylinder,LowMic,cut18,,,,ae.albopictus_1f_14d_25c_smallcylinder,inferred_filename_source_family; merges cuts and microphone variants; individual/session identity UNKNOWN,4.60925,8000,1,PCM_16,36874,178803dbe40fe1541605b371089e24ed8e7bf19756aac8de551faf5e70f8ab1c,90c140f0a3a0f9b5d5289f06c6199270dd7b4e7a5492b85145943b43e3377b61,validation,validation,HOLD: source-family grouping is not verified individual/session independence,True,raw/mosquito/Ae.Albopictus_1F_14D_25C_SmallCylinder_LowMic_Cut18_16bit.wav
1OmS7s5vKoSXO2tw6rS4vUDIu8ZAE_XTU,Ae.Albopictus_1F_14D_25C_SmallCylinder_LowMic_Cut19_16bit.wav,mosquito,Aedes albopictus,aedes_albopictus,F,1F,14D,25C,SmallCylinder,LowMic,cut19,,,,ae.albopictus_1f_14d_25c_smallcylinder,inferred_filename_source_family; merges cuts and microphone variants; individual/session identity UNKNOWN,5.48,8000,1,PCM_16,43840,09caf42ba66898a59ed40b276065c5ad2c97bcc16be9f5eee3dd4039581441be,c6092491faa1716a13daa2728b7362bae2c48fb8baf5a59243711a2d2d0aa61d,validation,validation,HOLD: source-family grouping is not verified individual/session independence,True,raw/mosquito/Ae.Albopictus_1F_14D_25C_SmallCylinder_LowMic_Cut19_16bit.wav
1PZZ9uyYYSnQOKf3DquCg1tTEd0LwabKZ,Ae.Albopictus_1F_14D_25C_SmallCylinder_LowMic_Cut1_16bit.wav,mosquito,Aedes albopictus,aedes_albopictus,F,1F,14D,25C,SmallCylinder,LowMic,cut1,,,,ae.albopictus_1f_14d_25c_smallcylinder,inferred_filename_source_family; merges cuts and microphone variants; individual/session identity UNKNOWN,0.673375,8000,1,PCM_16,5387,10e4d0efd262bcab7151c772ca347905a6367ac436d90902c6421e68c5d5870e,d208a2de81a22bd273655f2c94929005d16e219316590161705e03675c590405,validation,validation,HOLD: source-family grouping is not verified individual/session independence; shorter than original 1-second context; no padding/looping/concatenation authorized,False,raw/mosquito/Ae.Albopictus_1F_14D_25C_SmallCylinder_LowMic_Cut1_16bit.wav
1HUld2_L_aPA990DCbxg10NV4VD772O71,Ae.Albopictus_1F_14D_25C_SmallCylinder_LowMic_Cut20_16bit.wav,mosquito,Aedes albopictus,aedes_albopictus,F,1F,14D,25C,SmallCylinder,LowMic,cut20,,,,ae.albopictus_1f_14d_25c_smallcylinder,inferred_filename_source_family; merges cuts and microphone variants; individual/session identity UNKNOWN,0.847625,8000,1,PCM_16,6781,83905b1878a35a34d2c29e6a4d47d4080056f3d4ab1900246f9ac7ccfa842d27,f2ab0235e8ac9e463ce32d02e3f590d2fb19e9dc706226b8bf4fedb0cfb28d74,validation,validation,HOLD: source-family grouping is not verified individual/session independence; shorter than original 1-second context; no padding/looping/concatenation authorized,False,raw/mosquito/Ae.Albopictus_1F_14D_25C_SmallCylinder_LowMic_Cut20_16bit.wav
1FSMbkRbfu8J-tdLg7VCQHUPlBms8aR4p,Ae.Albopictus_1F_14D_25C_SmallCylinder_LowMic_Cut21_16bit.wav,mosquito,Aedes albopictus,aedes_albopictus,F,1F,14D,25C,SmallCylinder,LowMic,cut21,,,,ae.albopictus_1f_14d_25c_smallcylinder,inferred_filename_source_family; merges cuts and microphone variants; individual/session identity UNKNOWN,1.253875,8000,1,PCM_16,10031,9429e9aaed3f40985bea31efe8c230f855976797a3f6c023b79bcb262574668b,955da11ebe3a2b8a7e652f275aa48b72c9abcce74bb68037e4bdb7970fcd541a,validation,validation,HOLD: source-family grouping is not verified individual/session independence,True,raw/mosquito/Ae.Albopictus_1F_14D_25C_SmallCylinder_LowMic_Cut21_16bit.wav
1aIar7tpb-XdPmrU0_xO0NI5BlcOdkC1J,Ae.Albopictus_1F_14D_25C_SmallCylinder_LowMic_Cut22_16bit.wav,mosquito,Aedes albopictus,aedes_albopictus,F,1F,14D,25C,SmallCylinder,LowMic,cut22,,,,ae.albopictus_1f_14d_25c_smallcylinder,inferred_filename_source_family; merges cuts and microphone variants; individual/session identity UNKNOWN,1.28875,8000,1,PCM_16,10310,ff1ee30e6222cbc640b518d014287b2720bb962a9225d97f7218f83c388699cb,257213e6826f702cdae30bce6ea6527308d494e7c21f321dd713420e651687ef,validation,validation,HOLD: source-family grouping is not verified individual/session independence,True,raw/mosquito/Ae.Albopictus_1F_14D_25C_SmallCylinder_LowMic_Cut22_16bit.wav
1g4fSM_AFloPh8Jscd47vRL_Y4BaoDcDI,Ae.Albopictus_1F_14D_25C_SmallCylinder_LowMic_Cut23_16bit.wav,mosquito,Aedes albopictus,aedes_albopictus,F,1F,14D,25C,SmallCylinder,LowMic,cut23,,,,ae.albopictus_1f_14d_25c_smallcylinder,inferred_filename_source_family; merges cuts and microphone variants; individual/session identity UNKNOWN,0.9405,8000,1,PCM_16,7524,0872626bd8688608af65f2cd53a4939ab154c55b61f51fc57509f779ef45bc52,e85f60fcd292b060ee2968d848763a601fd166e993062b18b35abeb2ba01e5e7,validation,validation,HOLD: source-family grouping is not verified individual/session independence; shorter than original 1-second context; no padding/looping/concatenation authorized,False,raw/mosquito/Ae.Albopictus_1F_14D_25C_SmallCylinder_LowMic_Cut23_16bit.wav
1O4EQx4EBMAqjr8RvhEhy-9aHmfCd6xKL,Ae.Albopictus_1F_14D_25C_SmallCylinder_LowMic_Cut24_16bit.wav,mosquito,Aedes albopictus,aedes_albopictus,F,1F,14D,25C,SmallCylinder,LowMic,cut24,,,,ae.albopictus_1f_14d_25c_smallcylinder,inferred_filename_source_family; merges cuts and microphone variants; individual/session identity UNKNOWN,1.358375,8000,1,PCM_16,10867,6b1be62dbbbe0cbd34221ae8914ee60cdc57295d7fac47ea98829ffe3bab4070,4c03e4e4c350543313a4a829bdcb0ca8faee8e065a4923e2f3c9c249e7107dea,validation,validation,HOLD: source-family grouping is not verified individual/session independence,True,raw/mosquito/Ae.Albopictus_1F_14D_25C_SmallCylinder_LowMic_Cut24_16bit.wav
1umunojw7Z8ww70z8wJgQA1pNAmRSIsVW,Ae.Albopictus_1F_14D_25C_SmallCylinder_LowMic_Cut25_16bit.wav,mosquito,Aedes albopictus,aedes_albopictus,F,1F,14D,25C,SmallCylinder,LowMic,cut25,,,,ae.albopictus_1f_14d_25c_smallcylinder,inferred_filename_source_family; merges cuts and microphone variants; individual/session identity UNKNOWN,1.846,8000,1,PCM_16,14768,d5b39c8b2bc08ff6556a94b6f3854ae87fd8ec59ffb2a37cbd9d860a1b79eb67,2565b9002e031c70a199f706ceca0c7e48c6a0f5c62856ef70783718ebe833a1,validation,validation,HOLD: source-family grouping is not verified individual/session independence,True,raw/mosquito/Ae.Albopictus_1F_14D_25C_SmallCylinder_LowMic_Cut25_16bit.wav
1OhSIN7o9s6XhvH8M0Ssg4uCmSjPkFbE6,Ae.Albopictus_1F_14D_25C_SmallCylinder_LowMic_Cut26_16bit.wav,mosquito,Aedes albopictus,aedes_albopictus,F,1F,14D,25C,SmallCylinder,LowMic,cut26,,,,ae.albopictus_1f_14d_25c_smallcylinder,inferred_filename_source_family; merges cuts and microphone variants; individual/session identity UNKNOWN,0.743125,8000,1,PCM_16,5945,b3dae1b4d7b3c39c5e38a9b5fd743fef91eacb0aec88cc61b09e3050d61b117d,04a107ecd60cfe88a9187e7d5b1a5c20830f1983a50cb382247a7028b1997fc6,validation,validation,HOLD: source-family grouping is not verified individual/session independence; shorter than original 1-second context; no padding/looping/concatenation authorized,False,raw/mosquito/Ae.Albopictus_1F_14D_25C_SmallCylinder_LowMic_Cut26_16bit.wav
1fd8fdkEfMkoT60dNLQS-TKxehW-61Y4E,Ae.Albopictus_1F_14D_25C_SmallCylinder_LowMic_Cut27_16bit.wav,mosquito,Aedes albopictus,aedes_albopictus,F,1F,14D,25C,SmallCylinder,LowMic,cut27,,,,ae.albopictus_1f_14d_25c_smallcylinder,inferred_filename_source_family; merges cuts and microphone variants; individual/session identity UNKNOWN,0.592125,8000,1,PCM_16,4737,c87756b4b0184f8384112a6cc4fc3e1d936253f8075568df2edf74f4b491225e,82e617e85e0bb8751a32efea16d9482827928d868e51ccd67dcc8c3c926068e7,validation,validation,HOLD: source-family grouping is not verified individual/session independence; shorter than original 1-second context; no padding/looping/concatenation authorized,False,raw/mosquito/Ae.Albopictus_1F_14D_25C_SmallCylinder_LowMic_Cut27_16bit.wav
1MfsPAsZUbfpGgzBTl4Wy9xk1Qvcnjm6v,Ae.Albopictus_1F_14D_25C_SmallCylinder_LowMic_Cut28_16bit.wav,mosquito,Aedes albopictus,aedes_albopictus,F,1F,14D,25C,SmallCylinder,LowMic,cut28,,,,ae.albopictus_1f_14d_25c_smallcylinder,inferred_filename_source_family; merges cuts and microphone variants; individual/session identity UNKNOWN,1.195875,8000,1,PCM_16,9567,ce071400c481c5eea8a7630012e666f248064f9d440e4cb0ef37d7943319883f,ec8272f68617c5ce09bff7d2e736f8dc2b95a0c14c9283fe5b202d348dbd127c,validation,validation,HOLD: source-family grouping is not verified individual/session independence,True,raw/mosquito/Ae.Albopictus_1F_14D_25C_SmallCylinder_LowMic_Cut28_16bit.wav
1F-rpAHRghZv6GhJwjMw7U8LOZUULfN1a,Ae.Albopictus_1F_14D_25C_SmallCylinder_LowMic_Cut29_16bit.wav,mosquito,Aedes albopictus,aedes_albopictus,F,1F,14D,25C,SmallCylinder,LowMic,cut29,,,,ae.albopictus_1f_14d_25c_smallcylinder,inferred_filename_source_family; merges cuts and microphone variants; individual/session identity UNKNOWN,0.661875,8000,1,PCM_16,5295,ea5035d1715d3a20a4c44c31d65cbad46b9780954340c45d51cca39c14c495e3,2bbb8a663498745969da50acb18ed055a541c2b5de245f4dad7677f0add96395,validation,validation,HOLD: source-family grouping is not verified individual/session independence; shorter than original 1-second context; no padding/looping/concatenation authorized,False,raw/mosquito/Ae.Albopictus_1F_14D_25C_SmallCylinder_LowMic_Cut29_16bit.wav
1YJV86_wsSHO58vPACN1GU2WfqxDae6g1,Ae.Albopictus_1F_14D_25C_SmallCylinder_LowMic_Cut2_16bit.wav,mosquito,Aedes albopictus,aedes_albopictus,F,1F,14D,25C,SmallCylinder,LowMic,cut2,,,,ae.albopictus_1f_14d_25c_smallcylinder,inferred_filename_source_family; merges cuts and microphone variants; individual/session identity UNKNOWN,2.461375,8000,1,PCM_16,19691,ce46275c28699c5870534d5112bb9105e37197aa544520a7113391f65d0855e1,83a2d50f5c133556ce0597e6cac56c8ad1752d3320b2c808fea7ef68ec3966fa,validation,validation,HOLD: source-family grouping is not verified individual/session independence,True,raw/mosquito/Ae.Albopictus_1F_14D_25C_SmallCylinder_LowMic_Cut2_16bit.wav
1pjWr4fFm2VZM3o6kXo_JK4vQ5iXmaBRs,Ae.Albopictus_1F_14D_25C_SmallCylinder_LowMic_Cut30_16bit.wav,mosquito,Aedes albopictus,aedes_albopictus,F,1F,14D,25C,SmallCylinder,LowMic,cut30,,,,ae.albopictus_1f_14d_25c_smallcylinder,inferred_filename_source_family; merges cuts and microphone variants; individual/session identity UNKNOWN,1.1495,8000,1,PCM_16,9196,09e795f1b91187bbbbc05fc4b713101f04ecf26f89f8c0af588e782fbda2fb87,2ea2a128cd30e12f8475d3cec27017fb41da3b3ecc538d20a2964f1459b7e611,validation,validation,HOLD: source-family grouping is not verified individual/session independence,True,raw/mosquito/Ae.Albopictus_1F_14D_25C_SmallCylinder_LowMic_Cut30_16bit.wav
1LAeo0jY0dIq2cjyO6KXcyfQUifzdcOlM,Ae.Albopictus_1F_14D_25C_SmallCylinder_LowMic_Cut31_16bit.wav,mosquito,Aedes albopictus,aedes_albopictus,F,1F,14D,25C,SmallCylinder,LowMic,cut31,,,,ae.albopictus_1f_14d_25c_smallcylinder,inferred_filename_source_family; merges cuts and microphone variants; individual/session identity UNKNOWN,0.81275,8000,1,PCM_16,6502,1bdea77ea850650babd5da2c8d7666cea4de3ddd00bd18fcb07069d3917812c1,a569ea3f20d4555dffe452b1d395c61058a0295d4bfe34e81bac370144558dac,validation,validation,HOLD: source-family grouping is not verified individual/session independence; shorter than original 1-second context; no padding/looping/concatenation authorized,False,raw/mosquito/Ae.Albopictus_1F_14D_25C_SmallCylinder_LowMic_Cut31_16bit.wav
1PBJUacru6fiQU5LXEfBWDauOMpASaak3,Ae.Albopictus_1F_14D_25C_SmallCylinder_LowMic_Cut32_16bit.wav,mosquito,Aedes albopictus,aedes_albopictus,F,1F,14D,25C,SmallCylinder,LowMic,cut32,,,,ae.albopictus_1f_14d_25c_smallcylinder,inferred_filename_source_family; merges cuts and microphone variants; individual/session identity UNKNOWN,1.114625,8000,1,PCM_16,8917,1eef81be9ce96e2cfa5dcaf98770c14d147285f19e673dd722413a8df892252c,702228b5e7ac9cb9b8fdae44825a6d428d8eacf5498b1a1be6237095e81f3b4f,validation,validation,HOLD: source-family grouping is not verified individual/session independence,True,raw/mosquito/Ae.Albopictus_1F_14D_25C_SmallCylinder_LowMic_Cut32_16bit.wav
1AG7J2rHF81qF-eQF-K_XLD3oe-fQ13WD,Ae.Albopictus_1F_14D_25C_SmallCylinder_LowMic_Cut33_16bit.wav,mosquito,Aedes albopictus,aedes_albopictus,F,1F,14D,25C,SmallCylinder,LowMic,cut33,,,,ae.albopictus_1f_14d_25c_smallcylinder,inferred_filename_source_family; merges cuts and microphone variants; individual/session identity UNKNOWN,0.905625,8000,1,PCM_16,7245,ce1083302a6e5a8913c4a570151ffb8fd9e2e59bcd492b3ea058e396bf597e36,1b0bbd2be801c09106a6e48e9db964db8e81ee038e6af4a5f5abe396cbf52c0c,validation,validation,HOLD: source-family grouping is not verified individual/session independence; shorter than original 1-second context; no padding/looping/concatenation authorized,False,raw/mosquito/Ae.Albopictus_1F_14D_25C_SmallCylinder_LowMic_Cut33_16bit.wav
1aG6gfWhPvkm8Hhy9jJdl0EnpUw7y_UIc,Ae.Albopictus_1F_14D_25C_SmallCylinder_LowMic_Cut34_16bit.wav,mosquito,Aedes albopictus,aedes_albopictus,F,1F,14D,25C,SmallCylinder,LowMic,cut34,,,,ae.albopictus_1f_14d_25c_smallcylinder,inferred_filename_source_family; merges cuts and microphone variants; individual/session identity UNKNOWN,8.336,8000,1,PCM_16,66688,99a30429b5b5269d5a4be3e2c70d20ffef15e2c0f964542a3a3de8ad00a960bf,004ede671796dc6f86cebca328c32260219ac830e89075bd7066bb46f7ee22d8,validation,validation,HOLD: source-family grouping is not verified individual/session independence,True,raw/mosquito/Ae.Albopictus_1F_14D_25C_SmallCylinder_LowMic_Cut34_16bit.wav
1V35UkUndiQhEeNJU_Q8u5Tm_Z9KQi-DR,Ae.Albopictus_1F_14D_25C_SmallCylinder_LowMic_Cut35_16bit.wav,mosquito,Aedes albopictus,aedes_albopictus,F,1F,14D,25C,SmallCylinder,LowMic,cut35,,,,ae.albopictus_1f_14d_25c_smallcylinder,inferred_filename_source_family; merges cuts and microphone variants; individual/session identity UNKNOWN,5.445125,8000,1,PCM_16,43561,1f90dcae0dbfa1ea3e53ed9e54d3ec9a7614d755375b4d44db1b4611bdef27b0,ad8630df3d5505ba1ff2bf3d7ae5a5a436ac0ae46fd161bea45587a89bfacd36,validation,validation,HOLD: source-family grouping is not verified individual/session independence,True,raw/mosquito/Ae.Albopictus_1F_14D_25C_SmallCylinder_LowMic_Cut35_16bit.wav
1uw2fIOVQ7hGae_sxlNT6xMExuXi-NOZZ,Ae.Albopictus_1F_14D_25C_SmallCylinder_LowMic_Cut3_16bit.wav,mosquito,Aedes albopictus,aedes_albopictus,F,1F,14D,25C,SmallCylinder,LowMic,cut3,,,,ae.albopictus_1f_14d_25c_smallcylinder,inferred_filename_source_family; merges cuts and microphone variants; individual/session identity UNKNOWN,0.847625,8000,1,PCM_16,6781,2923ad5f118482d46024d1764904315af0cfc69a935fa29a9fccbea432dd1ce1,18f63883b7731b9555a5cf8e789dccb1e07f7016b6fd076f4c26fddef163cf4a,validation,validation,HOLD: source-family grouping is not verified individual/session independence; shorter than original 1-second context; no padding/looping/concatenation authorized,False,raw/mosquito/Ae.Albopictus_1F_14D_25C_SmallCylinder_LowMic_Cut3_16bit.wav
1iX_X6511ztSWikj94FBKYB2Wbyxl8M0q,Ae.Albopictus_1F_14D_25C_SmallCylinder_LowMic_Cut4_16bit.wav,mosquito,Aedes albopictus,aedes_albopictus,F,1F,14D,25C,SmallCylinder,LowMic,cut4,,,,ae.albopictus_1f_14d_25c_smallcylinder,inferred_filename_source_family; merges cuts and microphone variants; individual/session identity UNKNOWN,1.18425,8000,1,PCM_16,9474,7f23817f6cb1f655a3f61d2cffba14228189f0db917cfe2c46d3561faa9ebd9a,35d6fb17abf74e35c04ad5fc43747bd86f8950fdb5acf41228a32977801f72e9,validation,validation,HOLD: source-family grouping is not verified individual/session independence,True,raw/mosquito/Ae.Albopictus_1F_14D_25C_SmallCylinder_LowMic_Cut4_16bit.wav
13vAnr2Wc17AEkH4pYjCmZwJ5ZTht_5He,Ae.Albopictus_1F_14D_25C_SmallCylinder_LowMic_Cut5_16bit.wav,mosquito,Aedes albopictus,aedes_albopictus,F,1F,14D,25C,SmallCylinder,LowMic,cut5,,,,ae.albopictus_1f_14d_25c_smallcylinder,inferred_filename_source_family; merges cuts and microphone variants; individual/session identity UNKNOWN,0.510875,8000,1,PCM_16,4087,254cd73d30cd6914dc080a5b4057bd977c38b3602bc702ae80e3152e0cf0dd9b,b009c9639ba2090eea1439ec87c816a236b9b324f3bcc6f702146b827a02d73b,validation,validation,HOLD: source-family grouping is not verified individual/session independence; shorter than original 1-second context; no padding/looping/concatenation authorized,False,raw/mosquito/Ae.Albopictus_1F_14D_25C_SmallCylinder_LowMic_Cut5_16bit.wav
1bEcjx-Y1liTTSoco9_9JNSOgJRH7v7n2,Ae.Albopictus_1F_14D_25C_SmallCylinder_LowMic_Cut6_16bit.wav,mosquito,Aedes albopictus,aedes_albopictus,F,1F,14D,25C,SmallCylinder,LowMic,cut6,,,,ae.albopictus_1f_14d_25c_smallcylinder,inferred_filename_source_family; merges cuts and microphone variants; individual/session identity UNKNOWN,1.114625,8000,1,PCM_16,8917,ab70db6258dccb2084643064a838084d04d39ab400aaf3fc203f3c56e4ba287a,799aa96c4f19984ce660aa475f38a36039b484960f05e87575057c991d564969,validation,validation,HOLD: source-family grouping is not verified individual/session independence,True,raw/mosquito/Ae.Albopictus_1F_14D_25C_SmallCylinder_LowMic_Cut6_16bit.wav
1E9qdC_-Jzs-l_j2Kq3ZD-iyPmq-nn7oW,Ae.Albopictus_1F_14D_25C_SmallCylinder_LowMic_Cut7_16bit.wav,mosquito,Aedes albopictus,aedes_albopictus,F,1F,14D,25C,SmallCylinder,LowMic,cut7,,,,ae.albopictus_1f_14d_25c_smallcylinder,inferred_filename_source_family; merges cuts and microphone variants; individual/session identity UNKNOWN,4.11,8000,1,PCM_16,32880,d3c03161843f2416e9b9de2ef66aea50e77dcaa2899a879d612ac58e4e4a3112,680a27216a575193b1f12dff28aa97df41302d0608f1a39031f9096da3498050,validation,validation,HOLD: source-family grouping is not verified individual/session independence,True,raw/mosquito/Ae.Albopictus_1F_14D_25C_SmallCylinder_LowMic_Cut7_16bit.wav
1gmCEfqxPPg6gTKYmQTlVD0X4SnFttZ7I,Ae.Albopictus_1F_14D_25C_SmallCylinder_LowMic_Cut8_16bit.wav,mosquito,Aedes albopictus,aedes_albopictus,F,1F,14D,25C,SmallCylinder,LowMic,cut8,,,,ae.albopictus_1f_14d_25c_smallcylinder,inferred_filename_source_family; merges cuts and microphone variants; individual/session identity UNKNOWN,1.103,8000,1,PCM_16,8824,d21da46a2ebeea6f49f62225884e90435f764413851c4a653c927e437cea2f2c,c4c0461887bcb17f19c42fa51fcdac360345a0eeb224768ea5538d3d9598502f,validation,validation,HOLD: source-family grouping is not verified individual/session independence,True,raw/mosquito/Ae.Albopictus_1F_14D_25C_SmallCylinder_LowMic_Cut8_16bit.wav
1TLWZLS2BvFvLz7kYI5UD5nY5zo3hbtmd,Ae.Albopictus_1F_14D_25C_SmallCylinder_LowMic_Cut9_16bit.wav,mosquito,Aedes albopictus,aedes_albopictus,F,1F,14D,25C,SmallCylinder,LowMic,cut9,,,,ae.albopictus_1f_14d_25c_smallcylinder,inferred_filename_source_family; merges cuts and microphone variants; individual/session identity UNKNOWN,0.5805,8000,1,PCM_16,4644,f520a21f33552a03083a9f20e93c7e92c11b9a03d2bed7251839282fac709fbc,11c59dc5d33feb79c4bdb71a47ff368c03869a1fe7bd03d750d4d0cae2c6df44,validation,validation,HOLD: source-family grouping is not verified individual/session independence; shorter than original 1-second context; no padding/looping/concatenation authorized,False,raw/mosquito/Ae.Albopictus_1F_14D_25C_SmallCylinder_LowMic_Cut9_16bit.wav
1Q0ZyE-XU0Jx4oG8AvniaSLlFylBFZhlS,Ae.Albopictus_1F_7D_25C_SmallCylinder_Cut10_16bit.wav,mosquito,Aedes albopictus,aedes_albopictus,F,1F,7D,25C,SmallCylinder,unmarked,cut10,,,,ae.albopictus_1f_7d_25c_smallcylinder,inferred_filename_source_family; merges cuts and microphone variants; individual/session identity UNKNOWN,3.40175,8000,1,PCM_16,27214,4ca1c32aa456fea5fca27f920b9f2c7c636fafed19344c37ea160a6696a80a1a,66c9fe1bda2956f8cbcd77067dc4e38dd3cebdefb823048c703749812637aa3d,training,training,HOLD: source-family grouping is not verified individual/session independence,True,raw/mosquito/Ae.Albopictus_1F_7D_25C_SmallCylinder_Cut10_16bit.wav
1HWVCj6KgNweyptrkLhzQHyAPS9VTIQzc,Ae.Albopictus_1F_7D_25C_SmallCylinder_Cut11_16bit.wav,mosquito,Aedes albopictus,aedes_albopictus,F,1F,7D,25C,SmallCylinder,unmarked,cut11,,,,ae.albopictus_1f_7d_25c_smallcylinder,inferred_filename_source_family; merges cuts and microphone variants; individual/session identity UNKNOWN,1.776375,8000,1,PCM_16,14211,f6d2dbea7328f08b71e1a9f4fab00a868fa573f2a51c69935b4f24ddfa494338,dd850204cb5a8b673a8087ad4451574c42b95db011e19f15250019582b029181,training,training,HOLD: source-family grouping is not verified individual/session independence,True,raw/mosquito/Ae.Albopictus_1F_7D_25C_SmallCylinder_Cut11_16bit.wav
1HvPqXmY5bIk5xTOmp-Fn4Zs01zUXHHLt,Ae.Albopictus_1F_7D_25C_SmallCylinder_Cut12_16bit.wav,mosquito,Aedes albopictus,aedes_albopictus,F,1F,7D,25C,SmallCylinder,unmarked,cut12,,,,ae.albopictus_1f_7d_25c_smallcylinder,inferred_filename_source_family; merges cuts and microphone variants; individual/session identity UNKNOWN,2.03175,8000,1,PCM_16,16254,08b3b19340397cc155fb0a3eced153e68c57fe464fd72be5581dae4f900b4583,dbd9f5e531548ef6e6cc835b366a0d6fb9d19194fa8718416e7250dbaf16c621,training,training,HOLD: source-family grouping is not verified individual/session independence,True,raw/mosquito/Ae.Albopictus_1F_7D_25C_SmallCylinder_Cut12_16bit.wav
1PmTUpfu5dhSIWdunpF5fWWVuBveCC8Dw,Ae.Albopictus_1F_7D_25C_SmallCylinder_Cut13_16bit.wav,mosquito,Aedes albopictus,aedes_albopictus,F,1F,7D,25C,SmallCylinder,unmarked,cut13,,,,ae.albopictus_1f_7d_25c_smallcylinder,inferred_filename_source_family; merges cuts and microphone variants; individual/session identity UNKNOWN,4.8995,8000,1,PCM_16,39196,5c4c45c55975567f45f2dd4d51871e20614a0b3087f726aba5bba5881357d55b,ba7861c6bb7a7f6bd9b0c7893f7cd90f9559ce5e9100548c12e0fc9f14e5d66f,training,training,HOLD: source-family grouping is not verified individual/session independence,True,raw/mosquito/Ae.Albopictus_1F_7D_25C_SmallCylinder_Cut13_16bit.wav
14OsINxip6J9Ep5XEns9-mRv9_19Q9yKE,Ae.Albopictus_1F_7D_25C_SmallCylinder_Cut14_16bit.wav,mosquito,Aedes albopictus,aedes_albopictus,F,1F,7D,25C,SmallCylinder,unmarked,cut14,,,,ae.albopictus_1f_7d_25c_smallcylinder,inferred_filename_source_family; merges cuts and microphone variants; individual/session identity UNKNOWN,2.008625,8000,1,PCM_16,16069,e4a398c078133077c6cc45ae8f2f108999d60bea7d0194e3bd4de7f16fc822fa,11416c27f8d391eac122a7b4a0485053610afb09940343ba25edaef3cc779365,training,training,HOLD: source-family grouping is not verified individual/session independence,True,raw/mosquito/Ae.Albopictus_1F_7D_25C_SmallCylinder_Cut14_16bit.wav
15_SgkxNJcBX8FxzfiTr8PE6sM3jkh5_h,Ae.Albopictus_1F_7D_25C_SmallCylinder_Cut15_16bit.wav,mosquito,Aedes albopictus,aedes_albopictus,F,1F,7D,25C,SmallCylinder,unmarked,cut15,,,,ae.albopictus_1f_7d_25c_smallcylinder,inferred_filename_source_family; merges cuts and microphone variants; individual/session identity UNKNOWN,1.590625,8000,1,PCM_16,12725,a73ba4216349894d91dd8489a5400554d9393cbdcb0f787ddbaf4b9f6022109a,78dbc0daf9d0f13d7cf301e0223ab5f8e7f6f51868855128499c23331a43d7d5,training,training,HOLD: source-family grouping is not verified individual/session independence,True,raw/mosquito/Ae.Albopictus_1F_7D_25C_SmallCylinder_Cut15_16bit.wav
1c5oW8YPxa4d4s4HSdP907BMmCMLMIeu8,Ae.Albopictus_1F_7D_25C_SmallCylinder_Cut16_16bit.wav,mosquito,Aedes albopictus,aedes_albopictus,F,1F,7D,25C,SmallCylinder,unmarked,cut16,,,,ae.albopictus_1f_7d_25c_smallcylinder,inferred_filename_source_family; merges cuts and microphone variants; individual/session identity UNKNOWN,2.264,8000,1,PCM_16,18112,c424252f3e2cff2987bbeeaf0c4af9ea884bf5a4353ce2661ded5f6d690d03c6,871f3f61f1f1d0958cdb22c3fe048ec0c8992718e1f9df5d489256e9257db8d0,training,training,HOLD: source-family grouping is not verified individual/session independence,True,raw/mosquito/Ae.Albopictus_1F_7D_25C_SmallCylinder_Cut16_16bit.wav
1THLuMl5JMHDp_BluJzJ_nHYx3M1aAVme,Ae.Albopictus_1F_7D_25C_SmallCylinder_Cut17_16bit.wav,mosquito,Aedes albopictus,aedes_albopictus,F,1F,7D,25C,SmallCylinder,unmarked,cut17,,,,ae.albopictus_1f_7d_25c_smallcylinder,inferred_filename_source_family; merges cuts and microphone variants; individual/session identity UNKNOWN,0.847625,8000,1,PCM_16,6781,f59c6970fee61959968d9970afc6fe29f90d216ff4bd01e504447cf9fab190d3,7d994cc68658a10386c2a9b16a2c9833d2d50e12c0dc7fb5f8a2aae6fd1e71ac,training,training,HOLD: source-family grouping is not verified individual/session independence; shorter than original 1-second context; no padding/looping/concatenation authorized,False,raw/mosquito/Ae.Albopictus_1F_7D_25C_SmallCylinder_Cut17_16bit.wav
1hdU_HC1uU9lzqYWqOVYGI4CZUpQsjlMi,Ae.Albopictus_1F_7D_25C_SmallCylinder_Cut18_16bit.wav,mosquito,Aedes albopictus,aedes_albopictus,F,1F,7D,25C,SmallCylinder,unmarked,cut18,,,,ae.albopictus_1f_7d_25c_smallcylinder,inferred_filename_source_family; merges cuts and microphone variants; individual/session identity UNKNOWN,2.1015,8000,1,PCM_16,16812,3415564bf239e374ab591749be9f7f9ee58f110c36a6150343763a98d01d4e52,54874fd0ceb9667b395b715c09610c93511210ac02482b58ea18350394b5633d,training,training,HOLD: source-family grouping is not verified individual/session independence,True,raw/mosquito/Ae.Albopictus_1F_7D_25C_SmallCylinder_Cut18_16bit.wav
1aXVi9QKtfJlN-6Cq4EyZNpdIDTcvVv-e,Ae.Albopictus_1F_7D_25C_SmallCylinder_Cut19_16bit.wav,mosquito,Aedes albopictus,aedes_albopictus,F,1F,7D,25C,SmallCylinder,unmarked,cut19,,,,ae.albopictus_1f_7d_25c_smallcylinder,inferred_filename_source_family; merges cuts and microphone variants; individual/session identity UNKNOWN,1.172625,8000,1,PCM_16,9381,771643847fd479f203eeb1abe5aec91b3e832eec415a18b8ac333bbcdcd8a270,d2d3b4185244aeb1507ff239d8a29bacf2a63554aeb944660f02b85aaffeebf2,training,training,HOLD: source-family grouping is not verified individual/session independence,True,raw/mosquito/Ae.Albopictus_1F_7D_25C_SmallCylinder_Cut19_16bit.wav
1WpoNbWTUPToQd4-jsa9iZArhdKhb4v0m,Ae.Albopictus_1F_7D_25C_SmallCylinder_Cut1_16bit.wav,mosquito,Aedes albopictus,aedes_albopictus,F,1F,7D,25C,SmallCylinder,unmarked,cut1,,,,ae.albopictus_1f_7d_25c_smallcylinder,inferred_filename_source_family; merges cuts and microphone variants; individual/session identity UNKNOWN,1.300375,8000,1,PCM_16,10403,1e9110909a8a1b1d520dd26286ea594a9eb76e6cb90540b10e42af40e06715d2,0db31e951541e2b14e654027f741a107e507702b546fe89aa1d052425c2d8e86,training,training,HOLD: source-family grouping is not verified individual/session independence,True,raw/mosquito/Ae.Albopictus_1F_7D_25C_SmallCylinder_Cut1_16bit.wav
1fORddz1fnIHSNTOhklKHgT1EKm_pDOmU,Ae.Albopictus_1F_7D_25C_SmallCylinder_Cut20_16bit.wav,mosquito,Aedes albopictus,aedes_albopictus,F,1F,7D,25C,SmallCylinder,unmarked,cut20,,,,ae.albopictus_1f_7d_25c_smallcylinder,inferred_filename_source_family; merges cuts and microphone variants; individual/session identity UNKNOWN,0.836,8000,1,PCM_16,6688,58b970faff4f52126c72b928b6fc0073cc912bdad35e7f0fbc6d7b17dbf4a5e4,f1f011ec17bd82da394f5f5dc85d6666cd6a3e03b838b4896c2dc970b275e9b4,training,training,HOLD: source-family grouping is not verified individual/session independence; shorter than original 1-second context; no padding/looping/concatenation authorized,False,raw/mosquito/Ae.Albopictus_1F_7D_25C_SmallCylinder_Cut20_16bit.wav
1kKsx44W6MZ6wIAVmRZS2EsdTfc0I1d0H,Ae.Albopictus_1F_7D_25C_SmallCylinder_Cut21_16bit.wav,mosquito,Aedes albopictus,aedes_albopictus,F,1F,7D,25C,SmallCylinder,unmarked,cut21,,,,ae.albopictus_1f_7d_25c_smallcylinder,inferred_filename_source_family; merges cuts and microphone variants; individual/session identity UNKNOWN,1.532625,8000,1,PCM_16,12261,927e62076c6938384f5cfa220b1b78cc701b27df466f0d8b49597fd659dbaa58,6cc46d00c697b01e9591a03efd5272d425a5bdd1a6cfc6b274f1d15a62ae41b6,training,training,HOLD: source-family grouping is not verified individual/session independence,True,raw/mosquito/Ae.Albopictus_1F_7D_25C_SmallCylinder_Cut21_16bit.wav
1NWjnN_CdkU8MVRhDBXJxeTs6WbV9mo1x,Ae.Albopictus_1F_7D_25C_SmallCylinder_Cut22_16bit.wav,mosquito,Aedes albopictus,aedes_albopictus,F,1F,7D,25C,SmallCylinder,unmarked,cut22,,,,ae.albopictus_1f_7d_25c_smallcylinder,inferred_filename_source_family; merges cuts and microphone variants; individual/session identity UNKNOWN,0.44125,8000,1,PCM_16,3530,31eb79a5bd5310778206a2ec24e1e08c215c60309df0a8c326275db681b11c82,b4eacff98947c1fd39c5f3fe5bf1f771b6d01837233fce5440efd1c3952913a8,training,training,HOLD: source-family grouping is not verified individual/session independence; shorter than original 1-second context; no padding/looping/concatenation authorized,False,raw/mosquito/Ae.Albopictus_1F_7D_25C_SmallCylinder_Cut22_16bit.wav
1Mi8tB_nsM7rdpuBo_77lV_j6xsGupfHL,Ae.Albopictus_1F_7D_25C_SmallCylinder_Cut23_16bit.wav,mosquito,Aedes albopictus,aedes_albopictus,F,1F,7D,25C,SmallCylinder,unmarked,cut23,,,,ae.albopictus_1f_7d_25c_smallcylinder,inferred_filename_source_family; merges cuts and microphone variants; individual/session identity UNKNOWN,1.6255,8000,1,PCM_16,13004,6e28bc9bbf63111bb27da2afe5d0f70083f236e26407e9db5b254895e9703f0c,e5f6379c6e4abd58611270b8c28df6c37b59ac1002e7d2cc979282ff86e39718,training,training,HOLD: source-family grouping is not verified individual/session independence,True,raw/mosquito/Ae.Albopictus_1F_7D_25C_SmallCylinder_Cut23_16bit.wav
1ol8H7xUQZf38IqV0XZq2mCoTHVKBk3mz,Ae.Albopictus_1F_7D_25C_SmallCylinder_Cut24_16bit.wav,mosquito,Aedes albopictus,aedes_albopictus,F,1F,7D,25C,SmallCylinder,unmarked,cut24,,,,ae.albopictus_1f_7d_25c_smallcylinder,inferred_filename_source_family; merges cuts and microphone variants; individual/session identity UNKNOWN,2.333625,8000,1,PCM_16,18669,de5122416cb91c2245dd70134d61891026a304fe3fe107ebe9072db3096d5037,779afcd32947b39ab121962ecf7d790c5afc264479af365dd87fa63aa69896e3,training,training,HOLD: source-family grouping is not verified individual/session independence,True,raw/mosquito/Ae.Albopictus_1F_7D_25C_SmallCylinder_Cut24_16bit.wav
1QMEyfc98jV1Mx0jgEfQfp8aR0If3OCmA,Ae.Albopictus_1F_7D_25C_SmallCylinder_Cut25_16bit.wav,mosquito,Aedes albopictus,aedes_albopictus,F,1F,7D,25C,SmallCylinder,unmarked,cut25,,,,ae.albopictus_1f_7d_25c_smallcylinder,inferred_filename_source_family; merges cuts and microphone variants; individual/session identity UNKNOWN,2.39175,8000,1,PCM_16,19134,44540286f24a9fc3d08fcf6421c39b65b426ed9f73a66b87c3a87dd6dd215250,35133570983ec5cfb3f3252bfa809ffa457c2a55ab651e0888f94913cd510f11,training,training,HOLD: source-family grouping is not verified individual/session independence,True,raw/mosquito/Ae.Albopictus_1F_7D_25C_SmallCylinder_Cut25_16bit.wav
1SO5t-Il6odfcCpzq6LTFha53VdUEvy2o,Ae.Albopictus_1F_7D_25C_SmallCylinder_Cut26_16bit.wav,mosquito,Aedes albopictus,aedes_albopictus,F,1F,7D,25C,SmallCylinder,unmarked,cut26,,,,ae.albopictus_1f_7d_25c_smallcylinder,inferred_filename_source_family; merges cuts and microphone variants; individual/session identity UNKNOWN,2.5775,8000,1,PCM_16,20620,065f9724e3c149765020665b142907d100a880e85487bc0863133e69345ab715,923feac88b968d27330aa28e6b0ceacf1a35c7bb95bcea17e4d52395159cf997,training,training,HOLD: source-family grouping is not verified individual/session independence,True,raw/mosquito/Ae.Albopictus_1F_7D_25C_SmallCylinder_Cut26_16bit.wav
1GE4ist3rQKWI8bp77JUrdnn5erORMQNI,Ae.Albopictus_1F_7D_25C_SmallCylinder_Cut27_16bit.wav,mosquito,Aedes albopictus,aedes_albopictus,F,1F,7D,25C,SmallCylinder,unmarked,cut27,,,,ae.albopictus_1f_7d_25c_smallcylinder,inferred_filename_source_family; merges cuts and microphone variants; individual/session identity UNKNOWN,1.45125,8000,1,PCM_16,11610,04e55c8b95ce97346bba5cefe8f884fefeed173687d8a854bdc0f0d824174275,60a04543124a8762d89624271f0305844196f0850e6da9bec5e7467d7135fb31,training,training,HOLD: source-family grouping is not verified individual/session independence,True,raw/mosquito/Ae.Albopictus_1F_7D_25C_SmallCylinder_Cut27_16bit.wav
1oAvdatAG_k6FpuZWHHyqAVpm0Bc8MFJ6,Ae.Albopictus_1F_7D_25C_SmallCylinder_Cut28_16bit.wav,mosquito,Aedes albopictus,aedes_albopictus,F,1F,7D,25C,SmallCylinder,unmarked,cut28,,,,ae.albopictus_1f_7d_25c_smallcylinder,inferred_filename_source_family; merges cuts and microphone variants; individual/session identity UNKNOWN,3.854625,8000,1,PCM_16,30837,74cd7ef5269770e7da6a996f6d2b7bb4324f188a09778310aad6892925e082ed,115b974721adc24bd64df145b363331e8b34638639d0f98d4640135cb060199c,training,training,HOLD: source-family grouping is not verified individual/session independence,True,raw/mosquito/Ae.Albopictus_1F_7D_25C_SmallCylinder_Cut28_16bit.wav
1_7SusgrXjLl-1LUHKFp-UVFhHfhFnk51,Ae.Albopictus_1F_7D_25C_SmallCylinder_Cut29_16bit.wav,mosquito,Aedes albopictus,aedes_albopictus,F,1F,7D,25C,SmallCylinder,unmarked,cut29,,,,ae.albopictus_1f_7d_25c_smallcylinder,inferred_filename_source_family; merges cuts and microphone variants; individual/session identity UNKNOWN,1.509375,8000,1,PCM_16,12075,6f4b4d6986535d41f997711d3ba4d696ef9e6bef19f0014a3f8efd85ad63313e,d612fa2195d3c5ebcff07fc56e6cb76888c67a1798af50bbe9dd8926902f6e89,training,training,HOLD: source-family grouping is not verified individual/session independence,True,raw/mosquito/Ae.Albopictus_1F_7D_25C_SmallCylinder_Cut29_16bit.wav
1aOSJDDtq_o9-xgAkmQgqMhckFazziX9d,Ae.Albopictus_1F_7D_25C_SmallCylinder_Cut2_16bit.wav,mosquito,Aedes albopictus,aedes_albopictus,F,1F,7D,25C,SmallCylinder,unmarked,cut2,,,,ae.albopictus_1f_7d_25c_smallcylinder,inferred_filename_source_family; merges cuts and microphone variants; individual/session identity UNKNOWN,0.9405,8000,1,PCM_16,7524,89297d9e82b6c0178aa939857fa91e23980dd62f87a87807ba0dbd7606e14b14,ba8d29c62f8c03edf4899fd328599bc78f75e1d004be5ed246c2133d33edb51f,training,training,HOLD: source-family grouping is not verified individual/session independence; shorter than original 1-second context; no padding/looping/concatenation authorized,False,raw/mosquito/Ae.Albopictus_1F_7D_25C_SmallCylinder_Cut2_16bit.wav
1BEbFvtjUSjgcQM9B0BS_GtjHFNfSp66T,Ae.Albopictus_1F_7D_25C_SmallCylinder_Cut30_16bit.wav,mosquito,Aedes albopictus,aedes_albopictus,F,1F,7D,25C,SmallCylinder,unmarked,cut30,,,,ae.albopictus_1f_7d_25c_smallcylinder,inferred_filename_source_family; merges cuts and microphone variants; individual/session identity UNKNOWN,1.23075,8000,1,PCM_16,9846,fd0c2ad04d5945fa6dbd00099958df9667bb8a80c83dc74bc9c2dd8f62b59923,3154d2a018e772c7fdab86b2ef1b4abe40bc2902128b18717d332de22ecc6d1a,training,training,HOLD: source-family grouping is not verified individual/session independence,True,raw/mosquito/Ae.Albopictus_1F_7D_25C_SmallCylinder_Cut30_16bit.wav
1KATUCs9CE5Z6H5ZKLCnA8JzDJlzFt_9e,Ae.Albopictus_1F_7D_25C_SmallCylinder_Cut31_16bit.wav,mosquito,Aedes albopictus,aedes_albopictus,F,1F,7D,25C,SmallCylinder,unmarked,cut31,,,,ae.albopictus_1f_7d_25c_smallcylinder,inferred_filename_source_family; merges cuts and microphone variants; individual/session identity UNKNOWN,2.774875,8000,1,PCM_16,22199,09992807a59afc12872946af94bbe92d1b46b88a063483e590b809f72cf73a45,6719f8753af87ae7790323862f71781ee97f9cd9cafa3f5d37d86ee87c2f33d8,training,training,HOLD: source-family grouping is not verified individual/session independence,True,raw/mosquito/Ae.Albopictus_1F_7D_25C_SmallCylinder_Cut31_16bit.wav
1LoSSTyUca0huxbwTdUgm2afdBjGA0tWt,Ae.Albopictus_1F_7D_25C_SmallCylinder_Cut32_16bit.wav,mosquito,Aedes albopictus,aedes_albopictus,F,1F,7D,25C,SmallCylinder,unmarked,cut32,,,,ae.albopictus_1f_7d_25c_smallcylinder,inferred_filename_source_family; merges cuts and microphone variants; individual/session identity UNKNOWN,1.6255,8000,1,PCM_16,13004,daae3eb2055fe147733dec2bd9cd7e134c680f6039eb0314ace180ca1e89adde,a921fc1c35d24d21432ad012f8d9bc3936cb080ace979f62672217c8b456b9e7,training,training,HOLD: source-family grouping is not verified individual/session independence,True,raw/mosquito/Ae.Albopictus_1F_7D_25C_SmallCylinder_Cut32_16bit.wav
1VlQHF3Tb7RVfR2WtH9p5v9sj9BPcxgSK,Ae.Albopictus_1F_7D_25C_SmallCylinder_Cut33_16bit.wav,mosquito,Aedes albopictus,aedes_albopictus,F,1F,7D,25C,SmallCylinder,unmarked,cut33,,,,ae.albopictus_1f_7d_25c_smallcylinder,inferred_filename_source_family; merges cuts and microphone variants; individual/session identity UNKNOWN,0.836,8000,1,PCM_16,6688,32d011628d4ad5bf6b73f10b9e2d5225bef52a9d70e5cd8cb2061a1a1cb7526f,8be1b3190db80b876c30aa3a9091683f8ac30fd59ed27c441924920926d8989c,training,training,HOLD: source-family grouping is not verified individual/session independence; shorter than original 1-second context; no padding/looping/concatenation authorized,False,raw/mosquito/Ae.Albopictus_1F_7D_25C_SmallCylinder_Cut33_16bit.wav
1CA7wFIUpOcNFAWBB0j5AB5OwThq-tG3B,Ae.Albopictus_1F_7D_25C_SmallCylinder_Cut34_16bit.wav,mosquito,Aedes albopictus,aedes_albopictus,F,1F,7D,25C,SmallCylinder,unmarked,cut34,,,,ae.albopictus_1f_7d_25c_smallcylinder,inferred_filename_source_family; merges cuts and microphone variants; individual/session identity UNKNOWN,2.461375,8000,1,PCM_16,19691,fc1b09327d66f12670d1be57e702f68de58e02e3a179913b45c9d5ef3a40fea6,cf193ab4bb0dae5d1f9dd73d2ba3b8d3673c0c61728cf0ecace8dce0a592889e,training,training,HOLD: source-family grouping is not verified individual/session independence,True,raw/mosquito/Ae.Albopictus_1F_7D_25C_SmallCylinder_Cut34_16bit.wav
1icMQKSb3YY8V8l_CJTw5WDb8QKatqCOk,Ae.Albopictus_1F_7D_25C_SmallCylinder_Cut35_16bit.wav,mosquito,Aedes albopictus,aedes_albopictus,F,1F,7D,25C,SmallCylinder,unmarked,cut35,,,,ae.albopictus_1f_7d_25c_smallcylinder,inferred_filename_source_family; merges cuts and microphone variants; individual/session identity UNKNOWN,1.521,8000,1,PCM_16,12168,34d7ad960206236edb8780a34c772fc3645db539db31d869e34b09f2a5a796d5,6fc5db80090f65220a1aac421c806af0efd7b13310795ee661f563cdde5c6102,training,training,HOLD: source-family grouping is not verified individual/session independence,True,raw/mosquito/Ae.Albopictus_1F_7D_25C_SmallCylinder_Cut35_16bit.wav
1EF1DJ1ZiMbia_mAvcHNb54pQYx31PGDn,Ae.Albopictus_1F_7D_25C_SmallCylinder_Cut36_16bit.wav,mosquito,Aedes albopictus,aedes_albopictus,F,1F,7D,25C,SmallCylinder,unmarked,cut36,,,,ae.albopictus_1f_7d_25c_smallcylinder,inferred_filename_source_family; merges cuts and microphone variants; individual/session identity UNKNOWN,1.904125,8000,1,PCM_16,15233,18185dbb3b88632fce7a60724aeb6d1a510e595d9e070dfd47c5a8a60e347dcd,034690526c6cff01f34b86657b13a6fc10d43402527922515f304ffeb1dcd769,training,training,HOLD: source-family grouping is not verified individual/session independence,True,raw/mosquito/Ae.Albopictus_1F_7D_25C_SmallCylinder_Cut36_16bit.wav
1E4ti0lTU8TBj8ePwIUujOoSQy3hFYHWn,Ae.Albopictus_1F_7D_25C_SmallCylinder_Cut37_16bit.wav,mosquito,Aedes albopictus,aedes_albopictus,F,1F,7D,25C,SmallCylinder,unmarked,cut37,,,,ae.albopictus_1f_7d_25c_smallcylinder,inferred_filename_source_family; merges cuts and microphone variants; individual/session identity UNKNOWN,1.195875,8000,1,PCM_16,9567,d1f816bd2605a70eade6569e03e8055d8756cf2dc37df8d591367fcefaddcb2e,40e043393f852356c9da58ea52accf5b6974caa2f6cd2746a2bbb7dbe7937331,training,training,HOLD: source-family grouping is not verified individual/session independence,True,raw/mosquito/Ae.Albopictus_1F_7D_25C_SmallCylinder_Cut37_16bit.wav
1rjWE2wqftcT1ldynoqCwnXOXuXl3-V7K,Ae.Albopictus_1F_7D_25C_SmallCylinder_Cut38_16bit.wav,mosquito,Aedes albopictus,aedes_albopictus,F,1F,7D,25C,SmallCylinder,unmarked,cut38,,,,ae.albopictus_1f_7d_25c_smallcylinder,inferred_filename_source_family; merges cuts and microphone variants; individual/session identity UNKNOWN,1.172625,8000,1,PCM_16,9381,b6fd44bd044371b1e5f92133c82a760cac811fc27b42b7d37b9f5445023bde61,60cae0a9bb2cb499538d9ffb9d407c6ab205fa87a6f007997a6570157d845927,training,training,HOLD: source-family grouping is not verified individual/session independence,True,raw/mosquito/Ae.Albopictus_1F_7D_25C_SmallCylinder_Cut38_16bit.wav
1yyF77kCoSEjoi-Tjs10Dg6yJYKRwbOZ9,Ae.Albopictus_1F_7D_25C_SmallCylinder_Cut39_16bit.wav,mosquito,Aedes albopictus,aedes_albopictus,F,1F,7D,25C,SmallCylinder,unmarked,cut39,,,,ae.albopictus_1f_7d_25c_smallcylinder,inferred_filename_source_family; merges cuts and microphone variants; individual/session identity UNKNOWN,1.195875,8000,1,PCM_16,9567,0e2c88dd2393806f3bd422cf4cd7f7978e0edcc5d96596b64d1803472c12c5c8,3538f05c7586a3acad0197155fd3272b14ae3ab80c9e8c78270f72fdc6855001,training,training,HOLD: source-family grouping is not verified individual/session independence,True,raw/mosquito/Ae.Albopictus_1F_7D_25C_SmallCylinder_Cut39_16bit.wav
1hspofeOIb9vLvx1CcvMYzKORVU1ScbgL,Ae.Albopictus_1F_7D_25C_SmallCylinder_Cut3_16bit.wav,mosquito,Aedes albopictus,aedes_albopictus,F,1F,7D,25C,SmallCylinder,unmarked,cut3,,,,ae.albopictus_1f_7d_25c_smallcylinder,inferred_filename_source_family; merges cuts and microphone variants; individual/session identity UNKNOWN,0.5225,8000,1,PCM_16,4180,2b6d8bf9d63d1622fd81934fc2caf92e701fddc22e04382c260ca0d008c0ec4b,4b7e21fb306d0fdbedcb1978cf8dbaee9506be72374433d2d7423e485457413d,training,training,HOLD: source-family grouping is not verified individual/session independence; shorter than original 1-second context; no padding/looping/concatenation authorized,False,raw/mosquito/Ae.Albopictus_1F_7D_25C_SmallCylinder_Cut3_16bit.wav
1tEItkbXnahrLPGbd8Fgd-iNP0RxiEfj3,Ae.Albopictus_1F_7D_25C_SmallCylinder_Cut40_16bit.wav,mosquito,Aedes albopictus,aedes_albopictus,F,1F,7D,25C,SmallCylinder,unmarked,cut40,,,,ae.albopictus_1f_7d_25c_smallcylinder,inferred_filename_source_family; merges cuts and microphone variants; individual/session identity UNKNOWN,1.6835,8000,1,PCM_16,13468,fddfacb8c335072c47c953eb0f445aee370ceefbcf3ee842d99d7a1314f7abb9,4c7337b6af97692e4d688fd56dc0d3b800ff84df08b156d973d64ac6c4c783e9,training,training,HOLD: source-family grouping is not verified individual/session independence,True,raw/mosquito/Ae.Albopictus_1F_7D_25C_SmallCylinder_Cut40_16bit.wav
1JXvn_QvLKwq2LNxkjwduIs1FYgtiEKb2,Ae.Albopictus_1F_7D_25C_SmallCylinder_Cut41_16bit.wav,mosquito,Aedes albopictus,aedes_albopictus,F,1F,7D,25C,SmallCylinder,unmarked,cut41,,,,ae.albopictus_1f_7d_25c_smallcylinder,inferred_filename_source_family; merges cuts and microphone variants; individual/session identity UNKNOWN,0.9985,8000,1,PCM_16,7988,8cb6b2ccc8b2d133e9f19cc7d5612eeb0e2a3dd58f0fe39088b6ef6a1dd9f449,8a462ed28e00b4474632deecadd282756196a41e48dcf14f942a1d708f4e793b,training,training,HOLD: source-family grouping is not verified individual/session independence; shorter than original 1-second context; no padding/looping/concatenation authorized,False,raw/mosquito/Ae.Albopictus_1F_7D_25C_SmallCylinder_Cut41_16bit.wav
1RYdesI-VUvnVGVccMLSWnVMzIkZEL3SD,Ae.Albopictus_1F_7D_25C_SmallCylinder_Cut42_16bit.wav,mosquito,Aedes albopictus,aedes_albopictus,F,1F,7D,25C,SmallCylinder,unmarked,cut42,,,,ae.albopictus_1f_7d_25c_smallcylinder,inferred_filename_source_family; merges cuts and microphone variants; individual/session identity UNKNOWN,1.6835,8000,1,PCM_16,13468,5143a749585d7e61a01cc2d35bac9d61bdbbbc0899b5dde2944d4ac0ead40ce2,cfe3a9f0c670f6d40d8beb09dbefa0e229bf4fdc3a4ace92839f2a368814c398,training,training,HOLD: source-family grouping is not verified individual/session independence,True,raw/mosquito/Ae.Albopictus_1F_7D_25C_SmallCylinder_Cut42_16bit.wav
1UTMjz3MSVn8i5ifysGnDHwtCg9Vp9hHJ,Ae.Albopictus_1F_7D_25C_SmallCylinder_Cut43_16bit.wav,mosquito,Aedes albopictus,aedes_albopictus,F,1F,7D,25C,SmallCylinder,unmarked,cut43,,,,ae.albopictus_1f_7d_25c_smallcylinder,inferred_filename_source_family; merges cuts and microphone variants; individual/session identity UNKNOWN,1.2655,8000,1,PCM_16,10124,b212c29e5b4d6a71daf1b8047356e24b01837a58f615014dd5ac3e9340736c5b,97b1d41659ef7b08e7ce092e39f6a1e33c33596008e446ff471f864f47aae390,training,training,HOLD: source-family grouping is not verified individual/session independence,True,raw/mosquito/Ae.Albopictus_1F_7D_25C_SmallCylinder_Cut43_16bit.wav
1vbj4My62AfEvl-8da3fnx_nPX1Y0W_p2,Ae.Albopictus_1F_7D_25C_SmallCylinder_Cut44_16bit.wav,mosquito,Aedes albopictus,aedes_albopictus,F,1F,7D,25C,SmallCylinder,unmarked,cut44,,,,ae.albopictus_1f_7d_25c_smallcylinder,inferred_filename_source_family; merges cuts and microphone variants; individual/session identity UNKNOWN,3.274125,8000,1,PCM_16,26193,178bba82cb8622a834c059d9194dbea8bc0ff56735ef844228417d649388ef5a,3e975d588ec25effbd75ab79597d1a8a5babc56b7a605b253e06cb4275c93475,training,training,HOLD: source-family grouping is not verified individual/session independence,True,raw/mosquito/Ae.Albopictus_1F_7D_25C_SmallCylinder_Cut44_16bit.wav
1iGB9AZ0KuHYht17wjPDD1r41q4D5u0fg,Ae.Albopictus_1F_7D_25C_SmallCylinder_Cut45_16bit.wav,mosquito,Aedes albopictus,aedes_albopictus,F,1F,7D,25C,SmallCylinder,unmarked,cut45,,,,ae.albopictus_1f_7d_25c_smallcylinder,inferred_filename_source_family; merges cuts and microphone variants; individual/session identity UNKNOWN,1.2075,8000,1,PCM_16,9660,6459652a96e9b106b3c4ec08a84cc702608b433ba74f9011afcfa1c1d17d6fe2,4846a2e64abdfd3ac2db996265a3ecf97d4581da4aa02400987763008ff552b9,training,training,HOLD: source-family grouping is not verified individual/session independence,True,raw/mosquito/Ae.Albopictus_1F_7D_25C_SmallCylinder_Cut45_16bit.wav
1xIgiWoa2iMrav1thd_hbma-2A9tAMrv_,Ae.Albopictus_1F_7D_25C_SmallCylinder_Cut46_16bit.wav,mosquito,Aedes albopictus,aedes_albopictus,F,1F,7D,25C,SmallCylinder,unmarked,cut46,,,,ae.albopictus_1f_7d_25c_smallcylinder,inferred_filename_source_family; merges cuts and microphone variants; individual/session identity UNKNOWN,1.2655,8000,1,PCM_16,10124,79e90d6b7a4c4263534b68ae991f72840aec62389275a8affcf35512e25ca9ee,426937ed8c0b487390023aa5ffb21881ee1e2d14a5ad738b1d3caf0be972f40b,training,training,HOLD: source-family grouping is not verified individual/session independence,True,raw/mosquito/Ae.Albopictus_1F_7D_25C_SmallCylinder_Cut46_16bit.wav
1-Sjh_rEbKGjyPoc6kTqcAlzGp9TkyEld,Ae.Albopictus_1F_7D_25C_SmallCylinder_Cut47_16bit.wav,mosquito,Aedes albopictus,aedes_albopictus,F,1F,7D,25C,SmallCylinder,unmarked,cut47,,,,ae.albopictus_1f_7d_25c_smallcylinder,inferred_filename_source_family; merges cuts and microphone variants; individual/session identity UNKNOWN,1.12625,8000,1,PCM_16,9010,61595e1152e0cd9b507d539850c64aa42230dbabd5ca85aca6d5bd578a0b6df5,abf604d85eb9ce9395663bb026b8eaaabdc0b0fa9a8d0b65fdefdc343e7f9f30,training,training,HOLD: source-family grouping is not verified individual/session independence,True,raw/mosquito/Ae.Albopictus_1F_7D_25C_SmallCylinder_Cut47_16bit.wav
1lIIe4uVDAllKAEa70MBgYs1LemFGLlNk,Ae.Albopictus_1F_7D_25C_SmallCylinder_Cut48_16bit.wav,mosquito,Aedes albopictus,aedes_albopictus,F,1F,7D,25C,SmallCylinder,unmarked,cut48,,,,ae.albopictus_1f_7d_25c_smallcylinder,inferred_filename_source_family; merges cuts and microphone variants; individual/session identity UNKNOWN,0.905625,8000,1,PCM_16,7245,70797411fe5b86ddc8d8d814ed3fdbcc264f00520f8603c4523c35d2903f2fba,0daceac0977f5a582a65460a3ea1ac42021dcb440db6a624e4eebc96339ac44e,training,training,HOLD: source-family grouping is not verified individual/session independence; shorter than original 1-second context; no padding/looping/concatenation authorized,False,raw/mosquito/Ae.Albopictus_1F_7D_25C_SmallCylinder_Cut48_16bit.wav
1jPEcZbaj8kI71HQz5bSFiMzIyExfQMVy,Ae.Albopictus_1F_7D_25C_SmallCylinder_Cut49_16bit.wav,mosquito,Aedes albopictus,aedes_albopictus,F,1F,7D,25C,SmallCylinder,unmarked,cut49,,,,ae.albopictus_1f_7d_25c_smallcylinder,inferred_filename_source_family; merges cuts and microphone variants; individual/session identity UNKNOWN,0.615375,8000,1,PCM_16,4923,e79a83bd2c83604484ecd25d6be0d4fac6c41dc709c9d48bf43ecbd8a601660f,76911aced0dc44b5f4e9bbad5d49c770f78dd96bd1e1a2fade5643d00e1f746b,training,training,HOLD: source-family grouping is not verified individual/session independence; shorter than original 1-second context; no padding/looping/concatenation authorized,False,raw/mosquito/Ae.Albopictus_1F_7D_25C_SmallCylinder_Cut49_16bit.wav
1lYRwe3Pp7lO_i9UDhY2l6W5qkeujvkrA,Ae.Albopictus_1F_7D_25C_SmallCylinder_Cut4_16bit.wav,mosquito,Aedes albopictus,aedes_albopictus,F,1F,7D,25C,SmallCylinder,unmarked,cut4,,,,ae.albopictus_1f_7d_25c_smallcylinder,inferred_filename_source_family; merges cuts and microphone variants; individual/session identity UNKNOWN,1.49775,8000,1,PCM_16,11982,a53b58a2f035d7e4ae025f259e70a356b0b19d966efc8685de59b3b6d0a10248,f99b9817c872f13fc215098f374df3f1498412157eb55137ac785542c3b5d57c,training,training,HOLD: source-family grouping is not verified individual/session independence,True,raw/mosquito/Ae.Albopictus_1F_7D_25C_SmallCylinder_Cut4_16bit.wav
13VsCYSduXosK1n9NgxV13OWX5qr4VU7d,Ae.Albopictus_1F_7D_25C_SmallCylinder_Cut50_16bit.wav,mosquito,Aedes albopictus,aedes_albopictus,F,1F,7D,25C,SmallCylinder,unmarked,cut50,,,,ae.albopictus_1f_7d_25c_smallcylinder,inferred_filename_source_family; merges cuts and microphone variants; individual/session identity UNKNOWN,0.9985,8000,1,PCM_16,7988,022e0ab4b5cee6b2a4d30483336b2c6ea89138a2331e526b5b612494b3b09d37,232a50c1ce0ab811d929d8908f5133af079b949136e627a185268ddd663f5d18,training,training,HOLD: source-family grouping is not verified individual/session independence; shorter than original 1-second context; no padding/looping/concatenation authorized,False,raw/mosquito/Ae.Albopictus_1F_7D_25C_SmallCylinder_Cut50_16bit.wav
1Ziuqva52w0DUbgcjKhDHfFJVaEOFqNBJ,Ae.Albopictus_1F_7D_25C_SmallCylinder_Cut51_16bit.wav,mosquito,Aedes albopictus,aedes_albopictus,F,1F,7D,25C,SmallCylinder,unmarked,cut51,,,,ae.albopictus_1f_7d_25c_smallcylinder,inferred_filename_source_family; merges cuts and microphone variants; individual/session identity UNKNOWN,0.75475,8000,1,PCM_16,6038,f594d51b8a612c2681b71d82329d5b1af69fc6f65c726ca9698edf836000c5ca,4f0272bf105d2a8995936d4d1590c98f2e752255aeb2b793e4ca30cd9d985cc8,training,training,HOLD: source-family grouping is not verified individual/session independence; shorter than original 1-second context; no padding/looping/concatenation authorized,False,raw/mosquito/Ae.Albopictus_1F_7D_25C_SmallCylinder_Cut51_16bit.wav
1rvAr_lTskB-tsI5pIGVePU41V1yFCQXG,Ae.Albopictus_1F_7D_25C_SmallCylinder_Cut52_16bit.wav,mosquito,Aedes albopictus,aedes_albopictus,F,1F,7D,25C,SmallCylinder,unmarked,cut52,,,,ae.albopictus_1f_7d_25c_smallcylinder,inferred_filename_source_family; merges cuts and microphone variants; individual/session identity UNKNOWN,1.2075,8000,1,PCM_16,9660,30f7ef9627a351a9c1bd9d9ff3d9d7e71db8c9e623cb42060a4f62a52a9cd61f,80f75e648b04f12cb79bef1aa6f95496996dbb3827dcdf0993524f396ba8d507,training,training,HOLD: source-family grouping is not verified individual/session independence,True,raw/mosquito/Ae.Albopictus_1F_7D_25C_SmallCylinder_Cut52_16bit.wav
18V5jTiFvlC90QBvUIN-JQxQkanDpYHtp,Ae.Albopictus_1F_7D_25C_SmallCylinder_Cut53_16bit.wav,mosquito,Aedes albopictus,aedes_albopictus,F,1F,7D,25C,SmallCylinder,unmarked,cut53,,,,ae.albopictus_1f_7d_25c_smallcylinder,inferred_filename_source_family; merges cuts and microphone variants; individual/session identity UNKNOWN,1.12625,8000,1,PCM_16,9010,56da7bcacd2ca9e8bed6aa01e72cde80d828f317f19ada8cf45541914602bc1d,06ee1e939e9e11afc36d03f88d2f0f7e77fc9fe6dccd3682cbaa931dd4c5cafe,training,training,HOLD: source-family grouping is not verified individual/session independence,True,raw/mosquito/Ae.Albopictus_1F_7D_25C_SmallCylinder_Cut53_16bit.wav
1PIjIQMTxg22Y94ieXK0busGUfItsap_7,Ae.Albopictus_1F_7D_25C_SmallCylinder_Cut54_16bit.wav,mosquito,Aedes albopictus,aedes_albopictus,F,1F,7D,25C,SmallCylinder,unmarked,cut54,,,,ae.albopictus_1f_7d_25c_smallcylinder,inferred_filename_source_family; merges cuts and microphone variants; individual/session identity UNKNOWN,1.161,8000,1,PCM_16,9288,a47ef4cba32aff87bfe0d508bd67aae4fc1d18ae36cad270a8e572f64f71062d,c3421a3ca76ed1a8470e919f4209f53bf853356607839861ffda487dd5d36f8e,training,training,HOLD: source-family grouping is not verified individual/session independence,True,raw/mosquito/Ae.Albopictus_1F_7D_25C_SmallCylinder_Cut54_16bit.wav
15Aarj2VkpPry9hO70hsZED9xHvn8dm5x,Ae.Albopictus_1F_7D_25C_SmallCylinder_Cut55_16bit.wav,mosquito,Aedes albopictus,aedes_albopictus,F,1F,7D,25C,SmallCylinder,unmarked,cut55,,,,ae.albopictus_1f_7d_25c_smallcylinder,inferred_filename_source_family; merges cuts and microphone variants; individual/session identity UNKNOWN,1.161,8000,1,PCM_16,9288,c8c672d66e10662a3475ae69f84dbdcf053eb3490f25954a050bc5fc01232fe5,51bf693c267b51a4add7f38c6ae7872ed317ffa8dd397825ab573e2af6c3bcc9,training,training,HOLD: source-family grouping is not verified individual/session independence,True,raw/mosquito/Ae.Albopictus_1F_7D_25C_SmallCylinder_Cut55_16bit.wav
1TFiDJmScG1_GvFVZA0c9iHJ6ggl6LM7U,Ae.Albopictus_1F_7D_25C_SmallCylinder_Cut56_16bit.wav,mosquito,Aedes albopictus,aedes_albopictus,F,1F,7D,25C,SmallCylinder,unmarked,cut56,,,,ae.albopictus_1f_7d_25c_smallcylinder,inferred_filename_source_family; merges cuts and microphone variants; individual/session identity UNKNOWN,1.49775,8000,1,PCM_16,11982,62b4555899554db356da48d96a81331306c0b8fbcc7a5f100f41348117a436b2,fd0d365d8a2cfe4770afd0652822dab14543c849c8eaf40fae524d8a4cb60a33,training,training,HOLD: source-family grouping is not verified individual/session independence,True,raw/mosquito/Ae.Albopictus_1F_7D_25C_SmallCylinder_Cut56_16bit.wav
1l6wicrdh6_wKFokI21YZAds0odHwAjVk,Ae.Albopictus_1F_7D_25C_SmallCylinder_Cut5_16bit.wav,mosquito,Aedes albopictus,aedes_albopictus,F,1F,7D,25C,SmallCylinder,unmarked,cut5,,,,ae.albopictus_1f_7d_25c_smallcylinder,inferred_filename_source_family; merges cuts and microphone variants; individual/session identity UNKNOWN,1.253875,8000,1,PCM_16,10031,603694f413dcfb6e344724d3651bf5268ebc9b7f4ca6db3e9a7433cbb4b7e129,8f87ba8545f79f3abe38a96554274d4fe6f153c4ad389cf198ee195ac0421675,training,training,HOLD: source-family grouping is not verified individual/session independence,True,raw/mosquito/Ae.Albopictus_1F_7D_25C_SmallCylinder_Cut5_16bit.wav
1NSjnCTJTXj9e1YXx1p0eLLz2d46r-MAP,Ae.Albopictus_1F_7D_25C_SmallCylinder_Cut6_16bit.wav,mosquito,Aedes albopictus,aedes_albopictus,F,1F,7D,25C,SmallCylinder,unmarked,cut6,,,,ae.albopictus_1f_7d_25c_smallcylinder,inferred_filename_source_family; merges cuts and microphone variants; individual/session identity UNKNOWN,0.685,8000,1,PCM_16,5480,d95713b938d7d476ca6b4719ea34cb4872ffc33c2214a249f6669c137e3d0629,a0395eb3d82954920f79eb1be61a164d12590aff9cda588cfd76552910592136,training,training,HOLD: source-family grouping is not verified individual/session independence; shorter than original 1-second context; no padding/looping/concatenation authorized,False,raw/mosquito/Ae.Albopictus_1F_7D_25C_SmallCylinder_Cut6_16bit.wav
1CmpS0u2ncgZD2T5EFv8u_-Wu_AxSyFst,Ae.Albopictus_1F_7D_25C_SmallCylinder_Cut7_16bit.wav,mosquito,Aedes albopictus,aedes_albopictus,F,1F,7D,25C,SmallCylinder,unmarked,cut7,,,,ae.albopictus_1f_7d_25c_smallcylinder,inferred_filename_source_family; merges cuts and microphone variants; individual/session identity UNKNOWN,1.462875,8000,1,PCM_16,11703,2a277eb64b7c56378232c6b99fb8de3430537b64502591d2fafe479fecd4a20a,d3c43194ce1b7435b39e4e2a9800de7b8c220e4ebb3d3ae6d75bfd763ab3322b,training,training,HOLD: source-family grouping is not verified individual/session independence,True,raw/mosquito/Ae.Albopictus_1F_7D_25C_SmallCylinder_Cut7_16bit.wav
12Ol9tMEEeDya8oZMgXriC7Pb9DSupnF8,Ae.Albopictus_1F_7D_25C_SmallCylinder_Cut8_16bit.wav,mosquito,Aedes albopictus,aedes_albopictus,F,1F,7D,25C,SmallCylinder,unmarked,cut8,,,,ae.albopictus_1f_7d_25c_smallcylinder,inferred_filename_source_family; merges cuts and microphone variants; individual/session identity UNKNOWN,2.60075,8000,1,PCM_16,20806,b70a5958b83f0f56164d0be4e736443ab2cc44efa5b2656e0b0741521155bd40,b1454b09e7d294686f76de53a7477e29458c1da9d18a1cf7e50aa15e92c6f4cd,training,training,HOLD: source-family grouping is not verified individual/session independence,True,raw/mosquito/Ae.Albopictus_1F_7D_25C_SmallCylinder_Cut8_16bit.wav
1tQMfRedpZrw8SYx-nNOfRqnV2Z9kieeq,Ae.Albopictus_1F_7D_25C_SmallCylinder_Cut9_16bit.wav,mosquito,Aedes albopictus,aedes_albopictus,F,1F,7D,25C,SmallCylinder,unmarked,cut9,,,,ae.albopictus_1f_7d_25c_smallcylinder,inferred_filename_source_family; merges cuts and microphone variants; individual/session identity UNKNOWN,1.799625,8000,1,PCM_16,14397,c58302e8dc61eecebce075319836dce3b5fc3682590e86850d40da0be3d5cc54,a27ba56dc681f959b86706e0fcdf051582da7114f1779c27777058bd44cc13c8,training,training,HOLD: source-family grouping is not verified individual/session independence,True,raw/mosquito/Ae.Albopictus_1F_7D_25C_SmallCylinder_Cut9_16bit.wav
1nMQI440RrTkXLz4BV0-M9xEo9FDbZhUs,Ae.Albopictus_1F_7D_25C_SmallCylinder_LowMic_Cut10_16bit.wav,mosquito,Aedes albopictus,aedes_albopictus,F,1F,7D,25C,SmallCylinder,LowMic,cut10,,,,ae.albopictus_1f_7d_25c_smallcylinder,inferred_filename_source_family; merges cuts and microphone variants; individual/session identity UNKNOWN,3.44825,8000,1,PCM_16,27586,ef67c46aee3115dc400ba74de1765dd07893b1c3dfd95ad102ee8b9c43829aa0,6fb26f806f076abed7361453f6b302f4cae23c77acfc7372829c79e769cfcce2,training,training,HOLD: source-family grouping is not verified individual/session independence,True,raw/mosquito/Ae.Albopictus_1F_7D_25C_SmallCylinder_LowMic_Cut10_16bit.wav
1WssgskIo2c_Olz1McFK_2vOXN5H5RXD2,Ae.Albopictus_1F_7D_25C_SmallCylinder_LowMic_Cut11_16bit.wav,mosquito,Aedes albopictus,aedes_albopictus,F,1F,7D,25C,SmallCylinder,LowMic,cut11,,,,ae.albopictus_1f_7d_25c_smallcylinder,inferred_filename_source_family; merges cuts and microphone variants; individual/session identity UNKNOWN,1.73,8000,1,PCM_16,13840,6fb75e3e9bd5c26c6fce805bf22be4bbaab9d7deb1fcd1ed80ae902d10b5df7a,7d3351bc2e1fe0e0120b51734b18422f042200b013570d724fa9933b282cfbb8,training,training,HOLD: source-family grouping is not verified individual/session independence,True,raw/mosquito/Ae.Albopictus_1F_7D_25C_SmallCylinder_LowMic_Cut11_16bit.wav
1rTzNGscnNfuznDznHXZXsOT8cAEDuxRx,Ae.Albopictus_1F_7D_25C_SmallCylinder_LowMic_Cut12_16bit.wav,mosquito,Aedes albopictus,aedes_albopictus,F,1F,7D,25C,SmallCylinder,LowMic,cut12,,,,ae.albopictus_1f_7d_25c_smallcylinder,inferred_filename_source_family; merges cuts and microphone variants; individual/session identity UNKNOWN,2.066625,8000,1,PCM_16,16533,e13fbcaa61832350a8dc7f0a6fbfe88b91129f2fa54be0fd1ca14dfc34d7d8eb,7a094ab936bc4ce2e0c37070c9f1a91874e93450d59895a0d06ec7236056e3c9,training,training,HOLD: source-family grouping is not verified individual/session independence,True,raw/mosquito/Ae.Albopictus_1F_7D_25C_SmallCylinder_LowMic_Cut12_16bit.wav
1fIp-FjdtSMN8HSDcUJiHIBc18fu4Y4UR,Ae.Albopictus_1F_7D_25C_SmallCylinder_LowMic_Cut13_16bit.wav,mosquito,Aedes albopictus,aedes_albopictus,F,1F,7D,25C,SmallCylinder,LowMic,cut13,,,,ae.albopictus_1f_7d_25c_smallcylinder,inferred_filename_source_family; merges cuts and microphone variants; individual/session identity UNKNOWN,4.864625,8000,1,PCM_16,38917,16362f99db1077a2bb9c120aa68c7f0d88925ee3d706835cae84f4723f490ad9,a5701abe7e0b3ef019631d462ac8206047f63a66495cbe1c4906088095b63269,training,training,HOLD: source-family grouping is not verified individual/session independence,True,raw/mosquito/Ae.Albopictus_1F_7D_25C_SmallCylinder_LowMic_Cut13_16bit.wav
1PxQsOoYug-LSAhIkg3iQlglq-i4xkPfn,Ae.Albopictus_1F_7D_25C_SmallCylinder_LowMic_Cut14_16bit.wav,mosquito,Aedes albopictus,aedes_albopictus,F,1F,7D,25C,SmallCylinder,LowMic,cut14,,,,ae.albopictus_1f_7d_25c_smallcylinder,inferred_filename_source_family; merges cuts and microphone variants; individual/session identity UNKNOWN,2.13625,8000,1,PCM_16,17090,dab42fd371385a185bfd8c5c7db40ee99597e7f069ac1cfa484b71f65dbc031f,265f3e3ba3b9def99357284a634bdd7951e1903d1209ed5fd7558adef337ce59,training,training,HOLD: source-family grouping is not verified individual/session independence,True,raw/mosquito/Ae.Albopictus_1F_7D_25C_SmallCylinder_LowMic_Cut14_16bit.wav
1_fSbESXX7jw0VHkdc5wIn7tycvRiuvDb,Ae.Albopictus_1F_7D_25C_SmallCylinder_LowMic_Cut15_16bit.wav,mosquito,Aedes albopictus,aedes_albopictus,F,1F,7D,25C,SmallCylinder,LowMic,cut15,,,,ae.albopictus_1f_7d_25c_smallcylinder,inferred_filename_source_family; merges cuts and microphone variants; individual/session identity UNKNOWN,1.43975,8000,1,PCM_16,11518,45c0bb2aa7849a4c0cd446ab22e9ef4c1ce6cb77e8bb14b6d297011c10554809,ccdbf9993fc6cc662597cd285a1fc21370eae1fbefaa77ffff5d89d69f2ec6aa,training,training,HOLD: source-family grouping is not verified individual/session independence,True,raw/mosquito/Ae.Albopictus_1F_7D_25C_SmallCylinder_LowMic_Cut15_16bit.wav
1OEZrUKzBjTT0rmXSxYpZdJ355t92jPTb,Ae.Albopictus_1F_7D_25C_SmallCylinder_LowMic_Cut16_16bit.wav,mosquito,Aedes albopictus,aedes_albopictus,F,1F,7D,25C,SmallCylinder,LowMic,cut16,,,,ae.albopictus_1f_7d_25c_smallcylinder,inferred_filename_source_family; merges cuts and microphone variants; individual/session identity UNKNOWN,2.28725,8000,1,PCM_16,18298,4a4ed6f0e9686a47ec2418e8f192a4595f209427a6d0583e6a2a89d3c28f0041,82f193c0f386924d4a8f744a6b2dcaadf59fedb7a7644bd06f3a7743ccbd855a,training,training,HOLD: source-family grouping is not verified individual/session independence,True,raw/mosquito/Ae.Albopictus_1F_7D_25C_SmallCylinder_LowMic_Cut16_16bit.wav
1oXBNqXhVtEto6VSmvZwrmogxjU9iTuWR,Ae.Albopictus_1F_7D_25C_SmallCylinder_LowMic_Cut17_16bit.wav,mosquito,Aedes albopictus,aedes_albopictus,F,1F,7D,25C,SmallCylinder,LowMic,cut17,,,,ae.albopictus_1f_7d_25c_smallcylinder,inferred_filename_source_family; merges cuts and microphone variants; individual/session identity UNKNOWN,0.836,8000,1,PCM_16,6688,ee47267489f92861fdc82ec7269d84954fb43718d5ba62e687c032b577392766,6f888ad461426cf84938e8fde81d81e51aa7c01771d10541e81bca5af6b20e4f,training,training,HOLD: source-family grouping is not verified individual/session independence; shorter than original 1-second context; no padding/looping/concatenation authorized,False,raw/mosquito/Ae.Albopictus_1F_7D_25C_SmallCylinder_LowMic_Cut17_16bit.wav
1chhKNDNcou0bD9LmbRue_fkA8Mo1a77i,Ae.Albopictus_1F_7D_25C_SmallCylinder_LowMic_Cut18_16bit.wav,mosquito,Aedes albopictus,aedes_albopictus,F,1F,7D,25C,SmallCylinder,LowMic,cut18,,,,ae.albopictus_1f_7d_25c_smallcylinder,inferred_filename_source_family; merges cuts and microphone variants; individual/session identity UNKNOWN,2.089875,8000,1,PCM_16,16719,acbeb334f8ff5220ab099f9cca77c006a2695c3718456cb989d7eb36cf0a235c,232680fd7886b8ef20abc51fe164984b17749a78d93e5a1a6c5bd528ff51708b,training,training,HOLD: source-family grouping is not verified individual/session independence,True,raw/mosquito/Ae.Albopictus_1F_7D_25C_SmallCylinder_LowMic_Cut18_16bit.wav
1TlALk3TVBXlNyamlzaT7HSI3CtrBHt7A,Ae.Albopictus_1F_7D_25C_SmallCylinder_LowMic_Cut19_16bit.wav,mosquito,Aedes albopictus,aedes_albopictus,F,1F,7D,25C,SmallCylinder,LowMic,cut19,,,,ae.albopictus_1f_7d_25c_smallcylinder,inferred_filename_source_family; merges cuts and microphone variants; individual/session identity UNKNOWN,1.23075,8000,1,PCM_16,9846,e24197f23ee98a21dbe630b6ca27191002aff273ae000828fd2221236c64de59,0dd18a70ed2b05c458ca19b35a18816f1d6fa937b333f8f0c6cc61c6c31ab304,training,training,HOLD: source-family grouping is not verified individual/session independence,True,raw/mosquito/Ae.Albopictus_1F_7D_25C_SmallCylinder_LowMic_Cut19_16bit.wav
15Q9iNEvHMUIlTK5Y_UZirz03cE6JVVdk,Ae.Albopictus_1F_7D_25C_SmallCylinder_LowMic_Cut1_16bit.wav,mosquito,Aedes albopictus,aedes_albopictus,F,1F,7D,25C,SmallCylinder,LowMic,cut1,,,,ae.albopictus_1f_7d_25c_smallcylinder,inferred_filename_source_family; merges cuts and microphone variants; individual/session identity UNKNOWN,1.37,8000,1,PCM_16,10960,05e449e2bd520f1ee1adbe290e775c5706e5970e92a5fbbdc5bbd219af4d68a2,75dd47ca80dddea36d1893e2dc538443dd719d443d06ff5a62c9cf317b3bc22e,training,training,HOLD: source-family grouping is not verified individual/session independence,True,raw/mosquito/Ae.Albopictus_1F_7D_25C_SmallCylinder_LowMic_Cut1_16bit.wav
1H1PYn6BpsstEYhEj1P0iIr0IhCyjIfeM,Ae.Albopictus_1F_7D_25C_SmallCylinder_LowMic_Cut20_16bit.wav,mosquito,Aedes albopictus,aedes_albopictus,F,1F,7D,25C,SmallCylinder,LowMic,cut20,,,,ae.albopictus_1f_7d_25c_smallcylinder,inferred_filename_source_family; merges cuts and microphone variants; individual/session identity UNKNOWN,0.836,8000,1,PCM_16,6688,cc133d59ce38dd3369895c744a9382f8f37423b3bd35c7560dfc12e490de838a,395ef3ae1bb5612f7b5821598e24785a024853d72c04f467fbff1ea3ad5153e6,training,training,HOLD: source-family grouping is not verified individual/session independence; shorter than original 1-second context; no padding/looping/concatenation authorized,False,raw/mosquito/Ae.Albopictus_1F_7D_25C_SmallCylinder_LowMic_Cut20_16bit.wav
1c_SyoNk0HDZ7csUf4IdO55N37VyKNaN6,Ae.Albopictus_1F_7D_25C_SmallCylinder_LowMic_Cut21_16bit.wav,mosquito,Aedes albopictus,aedes_albopictus,F,1F,7D,25C,SmallCylinder,LowMic,cut21,,,,ae.albopictus_1f_7d_25c_smallcylinder,inferred_filename_source_family; merges cuts and microphone variants; individual/session identity UNKNOWN,1.521,8000,1,PCM_16,12168,141d2a7d1c3306538d9005558ff19ae0c313519d062c24c2f6cd4b655d87e630,57e3d4438fcc995d5138e63386d6046ce9ae97b3bf38f76b7c79da6934e04f0e,training,training,HOLD: source-family grouping is not verified individual/session independence,True,raw/mosquito/Ae.Albopictus_1F_7D_25C_SmallCylinder_LowMic_Cut21_16bit.wav
19fZ1CPCVhhFgm40_Xdk0ki_KeaBuPg8E,Ae.Albopictus_1F_7D_25C_SmallCylinder_LowMic_Cut22_16bit.wav,mosquito,Aedes albopictus,aedes_albopictus,F,1F,7D,25C,SmallCylinder,LowMic,cut22,,,,ae.albopictus_1f_7d_25c_smallcylinder,inferred_filename_source_family; merges cuts and microphone variants; individual/session identity UNKNOWN,0.44125,8000,1,PCM_16,3530,3fda156b3f409b88128df98bf754663d5b224fa0b30f8b370a147951ab453b59,2497a860109e66252d28f07ce3fdcb66820ef1b079d0f8d67b9b0b7815b2ce81,training,training,HOLD: source-family grouping is not verified individual/session independence; shorter than original 1-second context; no padding/looping/concatenation authorized,False,raw/mosquito/Ae.Albopictus_1F_7D_25C_SmallCylinder_LowMic_Cut22_16bit.wav
1WYn4-X6dEUpX3t90UM0C_oW9ExeGtfFb,Ae.Albopictus_1F_7D_25C_SmallCylinder_LowMic_Cut23_16bit.wav,mosquito,Aedes albopictus,aedes_albopictus,F,1F,7D,25C,SmallCylinder,LowMic,cut23,,,,ae.albopictus_1f_7d_25c_smallcylinder,inferred_filename_source_family; merges cuts and microphone variants; individual/session identity UNKNOWN,1.60225,8000,1,PCM_16,12818,894aaad90a7c05edc088bd82fffe4181575de9b0ae5221e6ec17ce79f8aab8c7,a60a042a74c664b9228e45d7d1f77f50473a196caa7d30c250a9aa2d65fb4d45,training,training,HOLD: source-family grouping is not verified individual/session independence,True,raw/mosquito/Ae.Albopictus_1F_7D_25C_SmallCylinder_LowMic_Cut23_16bit.wav
1odKqLt2I-WQkIyZ-ozOLkZIiwSQwWwem,Ae.Albopictus_1F_7D_25C_SmallCylinder_LowMic_Cut24_16bit.wav,mosquito,Aedes albopictus,aedes_albopictus,F,1F,7D,25C,SmallCylinder,LowMic,cut24,,,,ae.albopictus_1f_7d_25c_smallcylinder,inferred_filename_source_family; merges cuts and microphone variants; individual/session identity UNKNOWN,2.333625,8000,1,PCM_16,18669,2313dc7bb711d5ea2c91f0f4cb8640311397b9134b8d48af766612db5186a871,d4dd20ec89983060d3e19d0cdc74d36021db83b61b196280eefad17e2bbb2017,training,training,HOLD: source-family grouping is not verified individual/session independence,True,raw/mosquito/Ae.Albopictus_1F_7D_25C_SmallCylinder_LowMic_Cut24_16bit.wav
1yfNpJJ1uI2ULRwJ_D0K7dryS2PXH9jdA,Ae.Albopictus_1F_7D_25C_SmallCylinder_LowMic_Cut25_16bit.wav,mosquito,Aedes albopictus,aedes_albopictus,F,1F,7D,25C,SmallCylinder,LowMic,cut25,,,,ae.albopictus_1f_7d_25c_smallcylinder,inferred_filename_source_family; merges cuts and microphone variants; individual/session identity UNKNOWN,2.322,8000,1,PCM_16,18576,46c6d4836b4c27c2bd2f77f0fd2c4dc3ce30de1491ea73c5e1633ee0c6f8f42f,61d1b43ea20505a9ff827a04e3923ef49ed59cabb75e0a86f74c914f3163728b,training,training,HOLD: source-family grouping is not verified individual/session independence,True,raw/mosquito/Ae.Albopictus_1F_7D_25C_SmallCylinder_LowMic_Cut25_16bit.wav
1mX9tLCkbpM12-p0vEW5CyHSWGDqLLel4,Ae.Albopictus_1F_7D_25C_SmallCylinder_LowMic_Cut26_16bit.wav,mosquito,Aedes albopictus,aedes_albopictus,F,1F,7D,25C,SmallCylinder,LowMic,cut26,,,,ae.albopictus_1f_7d_25c_smallcylinder,inferred_filename_source_family; merges cuts and microphone variants; individual/session identity UNKNOWN,2.565875,8000,1,PCM_16,20527,4b6154ab5b407e62ec6fa36b15aa6ff1ea0f112571605843cdbde04f4921c3d0,7e896ae2053c1cdd3fa6157feb021cf4d49880807ffe39f9e0f0891ff18f0d12,training,training,HOLD: source-family grouping is not verified individual/session independence,True,raw/mosquito/Ae.Albopictus_1F_7D_25C_SmallCylinder_LowMic_Cut26_16bit.wav
16eWGDaH2DDv8GKa3w2yxSvEf0WtbGsQD,Ae.Albopictus_1F_7D_25C_SmallCylinder_LowMic_Cut27_16bit.wav,mosquito,Aedes albopictus,aedes_albopictus,F,1F,7D,25C,SmallCylinder,LowMic,cut27,,,,ae.albopictus_1f_7d_25c_smallcylinder,inferred_filename_source_family; merges cuts and microphone variants; individual/session identity UNKNOWN,1.509375,8000,1,PCM_16,12075,7cae97383b55ee5bf1110083f77f894431032e9cfda036864c155db115bb687a,c917a2c7bb18af6a7a3f169889b1f175206db68738d3774f0512a891491ce9c3,training,training,HOLD: source-family grouping is not verified individual/session independence,True,raw/mosquito/Ae.Albopictus_1F_7D_25C_SmallCylinder_LowMic_Cut27_16bit.wav
1k6cg4mP7ph77Y3b3oAQrRZZefGXEhjGI,Ae.Albopictus_1F_7D_25C_SmallCylinder_LowMic_Cut28_16bit.wav,mosquito,Aedes albopictus,aedes_albopictus,F,1F,7D,25C,SmallCylinder,LowMic,cut28,,,,ae.albopictus_1f_7d_25c_smallcylinder,inferred_filename_source_family; merges cuts and microphone variants; individual/session identity UNKNOWN,3.935875,8000,1,PCM_16,31487,dfabfcac0108e4b8083009d569c63a1d9dd218fc030d24b5e2511ef4a2c1152c,a5c1134e6db016077869d7a792c5554f0b7cfd68d074068005c183edb7e64871,training,training,HOLD: source-family grouping is not verified individual/session independence,True,raw/mosquito/Ae.Albopictus_1F_7D_25C_SmallCylinder_LowMic_Cut28_16bit.wav
1PqlUNmc2mVn2XZNCjFz7s4QvOYXhXQYS,Ae.Albopictus_1F_7D_25C_SmallCylinder_LowMic_Cut29_16bit.wav,mosquito,Aedes albopictus,aedes_albopictus,F,1F,7D,25C,SmallCylinder,LowMic,cut29,,,,ae.albopictus_1f_7d_25c_smallcylinder,inferred_filename_source_family; merges cuts and microphone variants; individual/session identity UNKNOWN,1.590625,8000,1,PCM_16,12725,9bddb9b31bb09e55c00bdcea254af3ebf387361f7f69a9d1583d0dd06513b6b0,f1e2735fd3560b4ca0a55b95af65a99585b700aec4a7a1c3f0fbffec49acef0c,training,training,HOLD: source-family grouping is not verified individual/session independence,True,raw/mosquito/Ae.Albopictus_1F_7D_25C_SmallCylinder_LowMic_Cut29_16bit.wav
1TrtdqIpjBRDrcWjUEgN15hbcq2FkVSqY,Ae.Albopictus_1F_7D_25C_SmallCylinder_LowMic_Cut2_16bit.wav,mosquito,Aedes albopictus,aedes_albopictus,F,1F,7D,25C,SmallCylinder,LowMic,cut2,,,,ae.albopictus_1f_7d_25c_smallcylinder,inferred_filename_source_family; merges cuts and microphone variants; individual/session identity UNKNOWN,0.9405,8000,1,PCM_16,7524,df3aae41ccf9f47e7215ca59ca2e460c9e22f0535a67e168b93ee01df241d79b,3db01f0f654a5c9b2adf68ff6beadc75b8bb9d0030bf18a33003525df0bfcda8,training,training,HOLD: source-family grouping is not verified individual/session independence; shorter than original 1-second context; no padding/looping/concatenation authorized,False,raw/mosquito/Ae.Albopictus_1F_7D_25C_SmallCylinder_LowMic_Cut2_16bit.wav
1bVyJoGMBoKsjJGR74yZ5pLcv7LFm3JZK,Ae.Albopictus_1F_7D_25C_SmallCylinder_LowMic_Cut30_16bit.wav,mosquito,Aedes albopictus,aedes_albopictus,F,1F,7D,25C,SmallCylinder,LowMic,cut30,,,,ae.albopictus_1f_7d_25c_smallcylinder,inferred_filename_source_family; merges cuts and microphone variants; individual/session identity UNKNOWN,1.242375,8000,1,PCM_16,9939,e0a828e19f516c04d536d5474462c980e78338ac2cb13c413a1f1966fa044b28,9c49159b032dde1946d025b1998ae4d7ae6f88509f1eb6d15ab96bb9b1587b36,training,training,HOLD: source-family grouping is not verified individual/session independence,True,raw/mosquito/Ae.Albopictus_1F_7D_25C_SmallCylinder_LowMic_Cut30_16bit.wav
10WJXuvqxHwBsqDLGFxzEH9JQQmefnAVM,Ae.Albopictus_1F_7D_25C_SmallCylinder_LowMic_Cut31_16bit.wav,mosquito,Aedes albopictus,aedes_albopictus,F,1F,7D,25C,SmallCylinder,LowMic,cut31,,,,ae.albopictus_1f_7d_25c_smallcylinder,inferred_filename_source_family; merges cuts and microphone variants; individual/session identity UNKNOWN,2.798,8000,1,PCM_16,22384,338ae344a5a590cc32c6509c9961b1cdb13657b2d0f5b036f519de4e993560d7,79eeae278c689999dabfb4ac8eed7324f5012e574b86722bbe7629dc3e0fc8da,training,training,HOLD: source-family grouping is not verified individual/session independence,True,raw/mosquito/Ae.Albopictus_1F_7D_25C_SmallCylinder_LowMic_Cut31_16bit.wav
1uGipeDgq9OnwJe_97ARBCJhqH90PvQW9,Ae.Albopictus_1F_7D_25C_SmallCylinder_LowMic_Cut32_16bit.wav,mosquito,Aedes albopictus,aedes_albopictus,F,1F,7D,25C,SmallCylinder,LowMic,cut32,,,,ae.albopictus_1f_7d_25c_smallcylinder,inferred_filename_source_family; merges cuts and microphone variants; individual/session identity UNKNOWN,1.6255,8000,1,PCM_16,13004,305915acabf44e30c4c172307d5596b44d33262317e2ed4a56d0fc43a1596fa6,f69f2b8285c64b3f5d5cab9e80aae8628d52c3ad4f8329eb47e4fb90d656689d,training,training,HOLD: source-family grouping is not verified individual/session independence,True,raw/mosquito/Ae.Albopictus_1F_7D_25C_SmallCylinder_LowMic_Cut32_16bit.wav
1HvVf7FC5s9xqERtBD3d83jjIX3mXKCzf,Ae.Albopictus_1F_7D_25C_SmallCylinder_LowMic_Cut33_16bit.wav,mosquito,Aedes albopictus,aedes_albopictus,F,1F,7D,25C,SmallCylinder,LowMic,cut33,,,,ae.albopictus_1f_7d_25c_smallcylinder,inferred_filename_source_family; merges cuts and microphone variants; individual/session identity UNKNOWN,0.952125,8000,1,PCM_16,7617,53c8a63f6bfb47cf4ff1097cab003344e8181c949cd5641c617488b5f500f318,8b04f588561c8bf4b88fa8e599c1f8137790eea0928819ca31f21a19051f6cca,training,training,HOLD: source-family grouping is not verified individual/session independence; shorter than original 1-second context; no padding/looping/concatenation authorized,False,raw/mosquito/Ae.Albopictus_1F_7D_25C_SmallCylinder_LowMic_Cut33_16bit.wav
1tS8Dob10nn5LsmGAtzz9_T0jjnlctTNr,Ae.Albopictus_1F_7D_25C_SmallCylinder_LowMic_Cut34_16bit.wav,mosquito,Aedes albopictus,aedes_albopictus,F,1F,7D,25C,SmallCylinder,LowMic,cut34,,,,ae.albopictus_1f_7d_25c_smallcylinder,inferred_filename_source_family; merges cuts and microphone variants; individual/session identity UNKNOWN,2.473,8000,1,PCM_16,19784,86255aab0bd67dcdad255cd431b54d183949a359a336232c07ffc0a699636ede,b3791a47755cb3ea21d55e5423164ac0ab60482e5446d509ba087b502b97a5ec,training,training,HOLD: source-family grouping is not verified individual/session independence,True,raw/mosquito/Ae.Albopictus_1F_7D_25C_SmallCylinder_LowMic_Cut34_16bit.wav
10N8i0gs4uIA7c63v71hzm5YkJAgZ5fYS,Ae.Albopictus_1F_7D_25C_SmallCylinder_LowMic_Cut35_16bit.wav,mosquito,Aedes albopictus,aedes_albopictus,F,1F,7D,25C,SmallCylinder,LowMic,cut35,,,,ae.albopictus_1f_7d_25c_smallcylinder,inferred_filename_source_family; merges cuts and microphone variants; individual/session identity UNKNOWN,1.509375,8000,1,PCM_16,12075,2d5ded4ade91c5eba458d7aa6298a3f67226729475ee29876485febb2c2be345,700921151f054c204bd1c51edfe27338b17e4af400eb582ffa99ef7b05f58831,training,training,HOLD: source-family grouping is not verified individual/session independence,True,raw/mosquito/Ae.Albopictus_1F_7D_25C_SmallCylinder_LowMic_Cut35_16bit.wav
1Uz85LlFvvZQfntOhnab9SMTLV5eRVzNF,Ae.Albopictus_1F_7D_25C_SmallCylinder_LowMic_Cut36_16bit.wav,mosquito,Aedes albopictus,aedes_albopictus,F,1F,7D,25C,SmallCylinder,LowMic,cut36,,,,ae.albopictus_1f_7d_25c_smallcylinder,inferred_filename_source_family; merges cuts and microphone variants; individual/session identity UNKNOWN,1.962125,8000,1,PCM_16,15697,7c4a530c63b1fdcfe907a2e30d09f9148a51f6e07d322a276a4fc12b513ce067,aba1ed15c1936e3a58c0ab5f6a31d418726cdf2977239b3b4db19aa9b6bdb2e9,training,training,HOLD: source-family grouping is not verified individual/session independence,True,raw/mosquito/Ae.Albopictus_1F_7D_25C_SmallCylinder_LowMic_Cut36_16bit.wav
1laoaBvVuhjlWFgnAae9CUsuA4fmogoHr,Ae.Albopictus_1F_7D_25C_SmallCylinder_LowMic_Cut37_16bit.wav,mosquito,Aedes albopictus,aedes_albopictus,F,1F,7D,25C,SmallCylinder,LowMic,cut37,,,,ae.albopictus_1f_7d_25c_smallcylinder,inferred_filename_source_family; merges cuts and microphone variants; individual/session identity UNKNOWN,1.172625,8000,1,PCM_16,9381,5364b9781818b4dbc02bc8172c9389bb99701180c8ae9078ae5beda41003fdd1,48a1bda857b1376889fbd4d343b57e1fce95abb974fe04c6846a4bb465817077,training,training,HOLD: source-family grouping is not verified individual/session independence,True,raw/mosquito/Ae.Albopictus_1F_7D_25C_SmallCylinder_LowMic_Cut37_16bit.wav
1R3QIZIJcrEUH8Pq3rc9_SwZ8lHU5Hm6_,Ae.Albopictus_1F_7D_25C_SmallCylinder_LowMic_Cut38_16bit.wav,mosquito,Aedes albopictus,aedes_albopictus,F,1F,7D,25C,SmallCylinder,LowMic,cut38,,,,ae.albopictus_1f_7d_25c_smallcylinder,inferred_filename_source_family; merges cuts and microphone variants; individual/session identity UNKNOWN,1.1495,8000,1,PCM_16,9196,18e2da4ea814475aee1d81a6c046521e8c71449c75e016a335b8f5006a215026,d2fa4bc6ca240bd1e1a5e194b7096133e8c93b6747f4fabde591e05186a00b44,training,training,HOLD: source-family grouping is not verified individual/session independence,True,raw/mosquito/Ae.Albopictus_1F_7D_25C_SmallCylinder_LowMic_Cut38_16bit.wav
1E5zl0wPlqWCkuYNo42TEU010OzPQKVqs,Ae.Albopictus_1F_7D_25C_SmallCylinder_LowMic_Cut39_16bit.wav,mosquito,Aedes albopictus,aedes_albopictus,F,1F,7D,25C,SmallCylinder,LowMic,cut39,,,,ae.albopictus_1f_7d_25c_smallcylinder,inferred_filename_source_family; merges cuts and microphone variants; individual/session identity UNKNOWN,1.253875,8000,1,PCM_16,10031,8b7f3373e4c36f4905abdcc06f6750830659d617a4844d1dade6b789f9843e8e,fcbd26deacb976f1d34cdd828f3c39ce069c12564437368c3f890e7f0c3c8a7b,training,training,HOLD: source-family grouping is not verified individual/session independence,True,raw/mosquito/Ae.Albopictus_1F_7D_25C_SmallCylinder_LowMic_Cut39_16bit.wav
1Mkbknxbb05s2ZgicjA39bym82M1Lp4Sp,Ae.Albopictus_1F_7D_25C_SmallCylinder_LowMic_Cut3_16bit.wav,mosquito,Aedes albopictus,aedes_albopictus,F,1F,7D,25C,SmallCylinder,LowMic,cut3,,,,ae.albopictus_1f_7d_25c_smallcylinder,inferred_filename_source_family; merges cuts and microphone variants; individual/session identity UNKNOWN,0.44125,8000,1,PCM_16,3530,0081478c242ec89280ffa9d0c88fdd1a577da70161c70502830e5de203e6d865,261c4b0be23b67e1db93e5288ced3efaf42333204ffddf2760fa5aa2237fa1bd,training,training,HOLD: source-family grouping is not verified individual/session independence; shorter than original 1-second context; no padding/looping/concatenation authorized,False,raw/mosquito/Ae.Albopictus_1F_7D_25C_SmallCylinder_LowMic_Cut3_16bit.wav
1h4tQpt5nsLmifYeoSrhnxf6LZSuHa3zR,Ae.Albopictus_1F_7D_25C_SmallCylinder_LowMic_Cut40_16bit.wav,mosquito,Aedes albopictus,aedes_albopictus,F,1F,7D,25C,SmallCylinder,LowMic,cut40,,,,ae.albopictus_1f_7d_25c_smallcylinder,inferred_filename_source_family; merges cuts and microphone variants; individual/session identity UNKNOWN,1.671875,8000,1,PCM_16,13375,2a3eb28b7c410564bf9dfb061a5d5d797e61015c66e4ca789f274066736c8a88,44f98d692b0af29536dda510b4e1d45852fd40b20d534059608473395f5cc962,training,training,HOLD: source-family grouping is not verified individual/session independence,True,raw/mosquito/Ae.Albopictus_1F_7D_25C_SmallCylinder_LowMic_Cut40_16bit.wav
1bAAkxuFhvUJH9_B0p3N5x8ZvrfEDztmi,Ae.Albopictus_1F_7D_25C_SmallCylinder_LowMic_Cut41_16bit.wav,mosquito,Aedes albopictus,aedes_albopictus,F,1F,7D,25C,SmallCylinder,LowMic,cut41,,,,ae.albopictus_1f_7d_25c_smallcylinder,inferred_filename_source_family; merges cuts and microphone variants; individual/session identity UNKNOWN,1.033375,8000,1,PCM_16,8267,9763a05556629a60ef10c1e002eba6f0e3c5b7d544caf22ac38d755c3c28ee5c,aaac8fbd7d60306a2f95d2461bb8ed443e3bb18395f4a14db22036d406682d47,training,training,HOLD: source-family grouping is not verified individual/session independence,True,raw/mosquito/Ae.Albopictus_1F_7D_25C_SmallCylinder_LowMic_Cut41_16bit.wav
1SrdVreyppHmLnJ335FGNKNdGM_GRooed,Ae.Albopictus_1F_7D_25C_SmallCylinder_LowMic_Cut42_16bit.wav,mosquito,Aedes albopictus,aedes_albopictus,F,1F,7D,25C,SmallCylinder,LowMic,cut42,,,,ae.albopictus_1f_7d_25c_smallcylinder,inferred_filename_source_family; merges cuts and microphone variants; individual/session identity UNKNOWN,1.6835,8000,1,PCM_16,13468,4cf3efcaec954322800bb9bb2ea3fc5849ea694868d00cd438ccc5000e7fa5e9,6b95d35d829d011cd6fb6c7a7fa53464f718f5df41cf4b85cc50703bd89abf4e,training,training,HOLD: source-family grouping is not verified individual/session independence,True,raw/mosquito/Ae.Albopictus_1F_7D_25C_SmallCylinder_LowMic_Cut42_16bit.wav
18WG1FWxYSrIUIQEdTAYu_VO0biIP1nEy,Ae.Albopictus_1F_7D_25C_SmallCylinder_LowMic_Cut43_16bit.wav,mosquito,Aedes albopictus,aedes_albopictus,F,1F,7D,25C,SmallCylinder,LowMic,cut43,,,,ae.albopictus_1f_7d_25c_smallcylinder,inferred_filename_source_family; merges cuts and microphone variants; individual/session identity UNKNOWN,1.253875,8000,1,PCM_16,10031,7aa4f29f18052d0114124403f73c13e79069a59841545faf45307c141694c627,6ee96c0451bbffc678ef15dfd72bde43179f3e04edc20579c8813c838e65724a,training,training,HOLD: source-family grouping is not verified individual/session independence,True,raw/mosquito/Ae.Albopictus_1F_7D_25C_SmallCylinder_LowMic_Cut43_16bit.wav
1VqIF1-FnSDgdyGhi8zPSJ6tX-h9I7dSa,Ae.Albopictus_1F_7D_25C_SmallCylinder_LowMic_Cut44_16bit.wav,mosquito,Aedes albopictus,aedes_albopictus,F,1F,7D,25C,SmallCylinder,LowMic,cut44,,,,ae.albopictus_1f_7d_25c_smallcylinder,inferred_filename_source_family; merges cuts and microphone variants; individual/session identity UNKNOWN,3.204375,8000,1,PCM_16,25635,bfed3710cde032bf8b7f4c130929264f0d5bc34189413d5b64f8921e9125843d,43164000121dc0202e0fb653e327913136bcb224dac8b2080105fb4433f5ee1e,training,training,HOLD: source-family grouping is not verified individual/session independence,True,raw/mosquito/Ae.Albopictus_1F_7D_25C_SmallCylinder_LowMic_Cut44_16bit.wav
15OF3eMfWizU4GE-uw-PGvGsnUyPHWFJq,Ae.Albopictus_1F_7D_25C_SmallCylinder_LowMic_Cut45_16bit.wav,mosquito,Aedes albopictus,aedes_albopictus,F,1F,7D,25C,SmallCylinder,LowMic,cut45,,,,ae.albopictus_1f_7d_25c_smallcylinder,inferred_filename_source_family; merges cuts and microphone variants; individual/session identity UNKNOWN,1.253875,8000,1,PCM_16,10031,878a17211cfd9301d7f4996d2b65160e076304f357e5163224721a1b2e06d927,481963c63587ee94ea53603ca675af12dbaa99288b567db8367e173a35dcfa74,training,training,HOLD: source-family grouping is not verified individual/session independence,True,raw/mosquito/Ae.Albopictus_1F_7D_25C_SmallCylinder_LowMic_Cut45_16bit.wav
1PKYuDBvJnKVC5A0jDkG4YAkpTNp3qIs7,Ae.Albopictus_1F_7D_25C_SmallCylinder_LowMic_Cut46_16bit.wav,mosquito,Aedes albopictus,aedes_albopictus,F,1F,7D,25C,SmallCylinder,LowMic,cut46,,,,ae.albopictus_1f_7d_25c_smallcylinder,inferred_filename_source_family; merges cuts and microphone variants; individual/session identity UNKNOWN,1.18425,8000,1,PCM_16,9474,153e4958dd556a801f0aed810b3c5094d72db5cc107e797a42025a3fdfafd346,21c750993d9fc3662c046e4d043d5426c29dc564a95e1d830399366a4768f9d2,training,training,HOLD: source-family grouping is not verified individual/session independence,True,raw/mosquito/Ae.Albopictus_1F_7D_25C_SmallCylinder_LowMic_Cut46_16bit.wav
1uJQwEwxWXf28EbWhfYz9U4I1XxlV4fWL,Ae.Albopictus_1F_7D_25C_SmallCylinder_LowMic_Cut47_16bit.wav,mosquito,Aedes albopictus,aedes_albopictus,F,1F,7D,25C,SmallCylinder,LowMic,cut47,,,,ae.albopictus_1f_7d_25c_smallcylinder,inferred_filename_source_family; merges cuts and microphone variants; individual/session identity UNKNOWN,1.068125,8000,1,PCM_16,8545,f256fa57f8e41b315ef16ff34dc293424e0f158b654c7e22ac531376b03ffbec,6072ec0b3e913d700e098a8b25e15c71de13a1ff08983fba1d14953de1268024,training,training,HOLD: source-family grouping is not verified individual/session independence,True,raw/mosquito/Ae.Albopictus_1F_7D_25C_SmallCylinder_LowMic_Cut47_16bit.wav
13rm_s5JVgBpP9xiu2EmCPcg98ukNYOxv,Ae.Albopictus_1F_7D_25C_SmallCylinder_LowMic_Cut48_16bit.wav,mosquito,Aedes albopictus,aedes_albopictus,F,1F,7D,25C,SmallCylinder,LowMic,cut48,,,,ae.albopictus_1f_7d_25c_smallcylinder,inferred_filename_source_family; merges cuts and microphone variants; individual/session identity UNKNOWN,0.928875,8000,1,PCM_16,7431,5e30177289047ab934130faaebbfee3ce14c45c1f957eed76990c519d72866a2,484d561a1e16ab6e948b163118c7cd4536d80b426024dc92cb4147239512b786,training,training,HOLD: source-family grouping is not verified individual/session independence; shorter than original 1-second context; no padding/looping/concatenation authorized,False,raw/mosquito/Ae.Albopictus_1F_7D_25C_SmallCylinder_LowMic_Cut48_16bit.wav
1nswS-g1J8YaAhilKzXr6G7I-lrqdaCas,Ae.Albopictus_1F_7D_25C_SmallCylinder_LowMic_Cut49_16bit.wav,mosquito,Aedes albopictus,aedes_albopictus,F,1F,7D,25C,SmallCylinder,LowMic,cut49,,,,ae.albopictus_1f_7d_25c_smallcylinder,inferred_filename_source_family; merges cuts and microphone variants; individual/session identity UNKNOWN,0.592125,8000,1,PCM_16,4737,44ce258bf8f67f4a5a244fcf611c6642c44b4ad14341f49e108a78f5cd7a4865,58a576bdb767ad5202e1dddf2888c49eed6c898bd347d03ca9852f4652768858,training,training,HOLD: source-family grouping is not verified individual/session independence; shorter than original 1-second context; no padding/looping/concatenation authorized,False,raw/mosquito/Ae.Albopictus_1F_7D_25C_SmallCylinder_LowMic_Cut49_16bit.wav
10krLcPsn-XNFoJgOIgcFmg87cV10LsN0,Ae.Albopictus_1F_7D_25C_SmallCylinder_LowMic_Cut4_16bit.wav,mosquito,Aedes albopictus,aedes_albopictus,F,1F,7D,25C,SmallCylinder,LowMic,cut4,,,,ae.albopictus_1f_7d_25c_smallcylinder,inferred_filename_source_family; merges cuts and microphone variants; individual/session identity UNKNOWN,1.45125,8000,1,PCM_16,11610,2ee346ef435b450bf1178c49be78152887b82394269fdd49ffecbd43e3b4b74f,7a159e89bf4cafb3d11e3b8f27db502018320a2ff83e25cfa967eba927690a50,training,training,HOLD: source-family grouping is not verified individual/session independence,True,raw/mosquito/Ae.Albopictus_1F_7D_25C_SmallCylinder_LowMic_Cut4_16bit.wav
10WmluVfls29JC_HDgPvOLp1GBKbYbc9Z,Ae.Albopictus_1F_7D_25C_SmallCylinder_LowMic_Cut50_16bit.wav,mosquito,Aedes albopictus,aedes_albopictus,F,1F,7D,25C,SmallCylinder,LowMic,cut50,,,,ae.albopictus_1f_7d_25c_smallcylinder,inferred_filename_source_family; merges cuts and microphone variants; individual/session identity UNKNOWN,1.114625,8000,1,PCM_16,8917,63c1cfec7f0788503b43ed58cef85b8c2ca51730e5b1a51b8ec3e0bdd8b63ba8,f6aa0300da33df560f39aad67f84943f77b9f31054b8317a0f0dedd6fe97bda2,training,training,HOLD: source-family grouping is not verified individual/session independence,True,raw/mosquito/Ae.Albopictus_1F_7D_25C_SmallCylinder_LowMic_Cut50_16bit.wav
1pE1948P1AwVlpBLuKWzNJYhbjRmHR5BI,Ae.Albopictus_1F_7D_25C_SmallCylinder_LowMic_Cut51_16bit.wav,mosquito,Aedes albopictus,aedes_albopictus,F,1F,7D,25C,SmallCylinder,LowMic,cut51,,,,ae.albopictus_1f_7d_25c_smallcylinder,inferred_filename_source_family; merges cuts and microphone variants; individual/session identity UNKNOWN,0.777875,8000,1,PCM_16,6223,a6bbba400031415cf6cd0969c9ec8393d57ef0971902c0ad5cc23cccee02d5b7,4547ed21426147553a0b80549044cd6f9623b79abc6e4a42725bfccc47478a6c,training,training,HOLD: source-family grouping is not verified individual/session independence; shorter than original 1-second context; no padding/looping/concatenation authorized,False,raw/mosquito/Ae.Albopictus_1F_7D_25C_SmallCylinder_LowMic_Cut51_16bit.wav
1dA0KW5pZGtMxJtmo0afNrQApG8yrveDz,Ae.Albopictus_1F_7D_25C_SmallCylinder_LowMic_Cut52_16bit.wav,mosquito,Aedes albopictus,aedes_albopictus,F,1F,7D,25C,SmallCylinder,LowMic,cut52,,,,ae.albopictus_1f_7d_25c_smallcylinder,inferred_filename_source_family; merges cuts and microphone variants; individual/session identity UNKNOWN,1.277125,8000,1,PCM_16,10217,accc95bf159b15d6ef6753a041adfc006eb8ad85c16ab8d37a11b7b322093d3e,5a32dc4c681d29ce359d3c670bfd546ffa7005d8a6fcbeca519f780bea0f9066,training,training,HOLD: source-family grouping is not verified individual/session independence,True,raw/mosquito/Ae.Albopictus_1F_7D_25C_SmallCylinder_LowMic_Cut52_16bit.wav
1umFB4e62P4xC4lyWQcBDHYq-UuHXGqql,Ae.Albopictus_1F_7D_25C_SmallCylinder_LowMic_Cut53_16bit.wav,mosquito,Aedes albopictus,aedes_albopictus,F,1F,7D,25C,SmallCylinder,LowMic,cut53,,,,ae.albopictus_1f_7d_25c_smallcylinder,inferred_filename_source_family; merges cuts and microphone variants; individual/session identity UNKNOWN,1.18425,8000,1,PCM_16,9474,abe02d894c65af0f86e2cde39c61569c2736d6a29791cde593d41365feb29db8,05d0d6bc5054bb0fc5c232d06f528d6ddceac52995693d5cb7a59bac5470c63d,training,training,HOLD: source-family grouping is not verified individual/session independence,True,raw/mosquito/Ae.Albopictus_1F_7D_25C_SmallCylinder_LowMic_Cut53_16bit.wav
1TNRhAEwJOGTutQNVPVlEO3CPg89z7jHt,Ae.Albopictus_1F_7D_25C_SmallCylinder_LowMic_Cut54_16bit.wav,mosquito,Aedes albopictus,aedes_albopictus,F,1F,7D,25C,SmallCylinder,LowMic,cut54,,,,ae.albopictus_1f_7d_25c_smallcylinder,inferred_filename_source_family; merges cuts and microphone variants; individual/session identity UNKNOWN,1.091375,8000,1,PCM_16,8731,88404d3669268eb8c22064cceed3f3e48120b00bfd10531a0d18d5e271d29d8c,a7c9fc687d96ed87d46a074cb517987b71a609c399c86423d57b6dccd4cfe6f3,training,training,HOLD: source-family grouping is not verified individual/session independence,True,raw/mosquito/Ae.Albopictus_1F_7D_25C_SmallCylinder_LowMic_Cut54_16bit.wav
1A8cjggkj3BOTA50HEE5Wj1kbh7nYOh0k,Ae.Albopictus_1F_7D_25C_SmallCylinder_LowMic_Cut55_16bit.wav,mosquito,Aedes albopictus,aedes_albopictus,F,1F,7D,25C,SmallCylinder,LowMic,cut55,,,,ae.albopictus_1f_7d_25c_smallcylinder,inferred_filename_source_family; merges cuts and microphone variants; individual/session identity UNKNOWN,1.12625,8000,1,PCM_16,9010,876c485e53130fa26adedcd508a8122992b49fa6fda7388f3ecb54d34cf99c56,fe1de4fbacd92ad4fdf1bebdab76c22a1e6cdae636e1003202f51628b172adb9,training,training,HOLD: source-family grouping is not verified individual/session independence,True,raw/mosquito/Ae.Albopictus_1F_7D_25C_SmallCylinder_LowMic_Cut55_16bit.wav
1g4aW6zg6H9X1EaReAt3ianFRwDaPX2-g,Ae.Albopictus_1F_7D_25C_SmallCylinder_LowMic_Cut56_16bit.wav,mosquito,Aedes albopictus,aedes_albopictus,F,1F,7D,25C,SmallCylinder,LowMic,cut56,,,,ae.albopictus_1f_7d_25c_smallcylinder,inferred_filename_source_family; merges cuts and microphone variants; individual/session identity UNKNOWN,1.49775,8000,1,PCM_16,11982,a2dadb4ed8309b023fb3f5f4917d1890b86c5d352f535bbf9fc914f64f3d28b0,eb4d71682148f29dd38b052d4b2017ec0ac055132cafaf6ce3291c574352285a,training,training,HOLD: source-family grouping is not verified individual/session independence,True,raw/mosquito/Ae.Albopictus_1F_7D_25C_SmallCylinder_LowMic_Cut56_16bit.wav
1dL_RNtf9E48NW5BZ9xHYaJ2CAzmBywb-,Ae.Albopictus_1F_7D_25C_SmallCylinder_LowMic_Cut5_16bit.wav,mosquito,Aedes albopictus,aedes_albopictus,F,1F,7D,25C,SmallCylinder,LowMic,cut5,,,,ae.albopictus_1f_7d_25c_smallcylinder,inferred_filename_source_family; merges cuts and microphone variants; individual/session identity UNKNOWN,1.300375,8000,1,PCM_16,10403,b7245384bb13d295cb322b0b2c32ba78ae706ec89a1ce5136ca2783e7263e8c2,15f83627f3b750fb79577a907e1dec6831fdd610a52146eaa22c1127554cc93d,training,training,HOLD: source-family grouping is not verified individual/session independence,True,raw/mosquito/Ae.Albopictus_1F_7D_25C_SmallCylinder_LowMic_Cut5_16bit.wav
1Gd7tcx_vIheo0a_JrosvlYc_hJuIRpTF,Ae.Albopictus_1F_7D_25C_SmallCylinder_LowMic_Cut6_16bit.wav,mosquito,Aedes albopictus,aedes_albopictus,F,1F,7D,25C,SmallCylinder,LowMic,cut6,,,,ae.albopictus_1f_7d_25c_smallcylinder,inferred_filename_source_family; merges cuts and microphone variants; individual/session identity UNKNOWN,0.719875,8000,1,PCM_16,5759,78df8d0457d9e0c9144dd5ee388e73a1390dc0f58c2005b56132bdd57a785d38,6041139d22cc950878e8c7b407201a454558733fc15d237009fd441741b28cdc,training,training,HOLD: source-family grouping is not verified individual/session independence; shorter than original 1-second context; no padding/looping/concatenation authorized,False,raw/mosquito/Ae.Albopictus_1F_7D_25C_SmallCylinder_LowMic_Cut6_16bit.wav
1fISiU5YnAP6iZ0R1Rw7hofNJ-h60EOJv,Ae.Albopictus_1F_7D_25C_SmallCylinder_LowMic_Cut7_16bit.wav,mosquito,Aedes albopictus,aedes_albopictus,F,1F,7D,25C,SmallCylinder,LowMic,cut7,,,,ae.albopictus_1f_7d_25c_smallcylinder,inferred_filename_source_family; merges cuts and microphone variants; individual/session identity UNKNOWN,1.509375,8000,1,PCM_16,12075,996c4868663d8ee89f1319c26a3446afa771e7f1833696e4fa299392438a3529,4607a81857f1ec3a16d964457e333a351a709134bd9e1bc3ea8a26b873ccbf01,training,training,HOLD: source-family grouping is not verified individual/session independence,True,raw/mosquito/Ae.Albopictus_1F_7D_25C_SmallCylinder_LowMic_Cut7_16bit.wav
1dwxSziyf-wt6thkSqOX3nIjHZ1CCbkqa,Ae.Albopictus_1F_7D_25C_SmallCylinder_LowMic_Cut8_16bit.wav,mosquito,Aedes albopictus,aedes_albopictus,F,1F,7D,25C,SmallCylinder,LowMic,cut8,,,,ae.albopictus_1f_7d_25c_smallcylinder,inferred_filename_source_family; merges cuts and microphone variants; individual/session identity UNKNOWN,2.7865,8000,1,PCM_16,22292,b97797569d505fc2652dc1dc0f1e8aa8150cf44d3a7b135e07d745dc2ded2232,44c9e0224f4e45dd9cdfacfed8028f07dfcdbc1dee8b88ed089b7b46be553e14,training,training,HOLD: source-family grouping is not verified individual/session independence,True,raw/mosquito/Ae.Albopictus_1F_7D_25C_SmallCylinder_LowMic_Cut8_16bit.wav
1-xlJkFpiahlDD_ddIGZpWNXU93DpPPWj,Ae.Albopictus_1F_7D_25C_SmallCylinder_LowMic_Cut9_16bit.wav,mosquito,Aedes albopictus,aedes_albopictus,F,1F,7D,25C,SmallCylinder,LowMic,cut9,,,,ae.albopictus_1f_7d_25c_smallcylinder,inferred_filename_source_family; merges cuts and microphone variants; individual/session identity UNKNOWN,1.718375,8000,1,PCM_16,13747,ae3e58b621335f0dd81549259978caf88df530b15e0eb87a3d3afc1b47e3da14,33091375da46ea6d4a839dcf6791536392aaf2094fc4ff740ea2b42aed844f2f,training,training,HOLD: source-family grouping is not verified individual/session independence,True,raw/mosquito/Ae.Albopictus_1F_7D_25C_SmallCylinder_LowMic_Cut9_16bit.wav
1DAEOuQp-sOCa-nP3V4mZ6Kxi3honazLH,Ae.Albopictus_1M_14D_25C_SmallCylinder_Cut10_16bit.wav,mosquito,Aedes albopictus,aedes_albopictus,M,1M,14D,25C,SmallCylinder,unmarked,cut10,,,,ae.albopictus_1m_14d_25c_smallcylinder,inferred_filename_source_family; merges cuts and microphone variants; individual/session identity UNKNOWN,2.484625,8000,1,PCM_16,19877,1a0b0ce0154c841b14e4e0d59842510176419af25f5e86694efe056a632b744e,75e7ba7ef7fb448bad7163e26e74b1f8248da522d07cbc66a227f9809eba9176,testing,testing,HOLD: source-family grouping is not verified individual/session independence,True,raw/mosquito/Ae.Albopictus_1M_14D_25C_SmallCylinder_Cut10_16bit.wav
1GFUO_L0bZq_EekNumcj7iaK04X5oa3wF,Ae.Albopictus_1M_14D_25C_SmallCylinder_Cut11_16bit.wav,mosquito,Aedes albopictus,aedes_albopictus,M,1M,14D,25C,SmallCylinder,unmarked,cut11,,,,ae.albopictus_1m_14d_25c_smallcylinder,inferred_filename_source_family; merges cuts and microphone variants; individual/session identity UNKNOWN,1.73,8000,1,PCM_16,13840,56c720d72efb343280331fb2afc02e17355305025b89b7fb3ff94100b13a3610,e5badcdf4436fbd13d1a2132a0a2c0a1429e1816904e2ea978721286a664954a,testing,testing,HOLD: source-family grouping is not verified individual/session independence,True,raw/mosquito/Ae.Albopictus_1M_14D_25C_SmallCylinder_Cut11_16bit.wav
1LFtVq8N9x2Oogv9Pzmi1HwKBu4Fnncvd,Ae.Albopictus_1M_14D_25C_SmallCylinder_Cut12_16bit.wav,mosquito,Aedes albopictus,aedes_albopictus,M,1M,14D,25C,SmallCylinder,unmarked,cut12,,,,ae.albopictus_1m_14d_25c_smallcylinder,inferred_filename_source_family; merges cuts and microphone variants; individual/session identity UNKNOWN,1.242375,8000,1,PCM_16,9939,3c064d98f53465a8039ac290e94fceaac134a7af7ba47e2fd88432be15cb3369,517e99931870b284a98347803d1d352dae9ab1f544bf34f7a800db577683c2ec,testing,testing,HOLD: source-family grouping is not verified individual/session independence,True,raw/mosquito/Ae.Albopictus_1M_14D_25C_SmallCylinder_Cut12_16bit.wav
1w-POFpGHSRkjaKXSFCu5mff6GPPQT83x,Ae.Albopictus_1M_14D_25C_SmallCylinder_Cut13_16bit.wav,mosquito,Aedes albopictus,aedes_albopictus,M,1M,14D,25C,SmallCylinder,unmarked,cut13,,,,ae.albopictus_1m_14d_25c_smallcylinder,inferred_filename_source_family; merges cuts and microphone variants; individual/session identity UNKNOWN,1.880875,8000,1,PCM_16,15047,75934615a5c2d832a8480c91c8c22ee12584dfc32b62195c7df659a0d5d23ad8,88d0836cf5e5f8d95578fd0ac84bffc783c6836cb565c8e2a7a216b0258eb170,testing,testing,HOLD: source-family grouping is not verified individual/session independence,True,raw/mosquito/Ae.Albopictus_1M_14D_25C_SmallCylinder_Cut13_16bit.wav
1izAtJNIoNvTnfQ0EUCrWNRTZK_wei4MR,Ae.Albopictus_1M_14D_25C_SmallCylinder_Cut14_16bit.wav,mosquito,Aedes albopictus,aedes_albopictus,M,1M,14D,25C,SmallCylinder,unmarked,cut14,,,,ae.albopictus_1m_14d_25c_smallcylinder,inferred_filename_source_family; merges cuts and microphone variants; individual/session identity UNKNOWN,1.579,8000,1,PCM_16,12632,559c80c6a6fabc71a2e5c626861e779894004fe573a94c4b1b558c6a913880af,a8105e88afc9fea6b6d836a5c2418ee021d81e7935581378fed37637bd4b57fe,testing,testing,HOLD: source-family grouping is not verified individual/session independence,True,raw/mosquito/Ae.Albopictus_1M_14D_25C_SmallCylinder_Cut14_16bit.wav
1iO8rDevIzw_97z5aa49ojX8iF3g7sMfZ,Ae.Albopictus_1M_14D_25C_SmallCylinder_Cut15_16bit.wav,mosquito,Aedes albopictus,aedes_albopictus,M,1M,14D,25C,SmallCylinder,unmarked,cut15,,,,ae.albopictus_1m_14d_25c_smallcylinder,inferred_filename_source_family; merges cuts and microphone variants; individual/session identity UNKNOWN,1.4165,8000,1,PCM_16,11332,0d8b5dd8cd96696a906812165dc82181f7d9d82b9a83f7c793c4135250220174,f3e43f88c18fa5a0ca932ddac47095ebb0b4a759b0faef792119adc861be0d41,testing,testing,HOLD: source-family grouping is not verified individual/session independence,True,raw/mosquito/Ae.Albopictus_1M_14D_25C_SmallCylinder_Cut15_16bit.wav
1EenqCRcM_hBwJKIBZQycGZljvacLy3Bm,Ae.Albopictus_1M_14D_25C_SmallCylinder_Cut16_16bit.wav,mosquito,Aedes albopictus,aedes_albopictus,M,1M,14D,25C,SmallCylinder,unmarked,cut16,,,,ae.albopictus_1m_14d_25c_smallcylinder,inferred_filename_source_family; merges cuts and microphone variants; individual/session identity UNKNOWN,1.195875,8000,1,PCM_16,9567,b0be0f6c53644ce764717444f947690cf78ed44aa8507aef175ba21046404c5f,1e9684722aac275d49360c5cde9fd5a73b6322d547edca3c39065b1774386862,testing,testing,HOLD: source-family grouping is not verified individual/session independence,True,raw/mosquito/Ae.Albopictus_1M_14D_25C_SmallCylinder_Cut16_16bit.wav
1Is8K9TUgDElI_qIR3C7peZwF9C9p7PGp,Ae.Albopictus_1M_14D_25C_SmallCylinder_Cut17_16bit.wav,mosquito,Aedes albopictus,aedes_albopictus,M,1M,14D,25C,SmallCylinder,unmarked,cut17,,,,ae.albopictus_1m_14d_25c_smallcylinder,inferred_filename_source_family; merges cuts and microphone variants; individual/session identity UNKNOWN,0.963625,8000,1,PCM_16,7709,384a2cabc3e0a45f6365210b84d801c8db614d9345db303aaddb0116cfec5eae,eb2dc7dd7feaff542c1071b28dd20b959b61b295f702d8e14e609588854bf294,testing,testing,HOLD: source-family grouping is not verified individual/session independence; shorter than original 1-second context; no padding/looping/concatenation authorized,False,raw/mosquito/Ae.Albopictus_1M_14D_25C_SmallCylinder_Cut17_16bit.wav
1zq8O0YnfFhUIWaBVFaFvgvVT0FPMxp5y,Ae.Albopictus_1M_14D_25C_SmallCylinder_Cut18_16bit.wav,mosquito,Aedes albopictus,aedes_albopictus,M,1M,14D,25C,SmallCylinder,unmarked,cut18,,,,ae.albopictus_1m_14d_25c_smallcylinder,inferred_filename_source_family; merges cuts and microphone variants; individual/session identity UNKNOWN,1.671875,8000,1,PCM_16,13375,c79c130e05620c8edaf3ee33cd97287e634f449ab758a80a886468809b884323,5fa61254c352c1d6d268d573f066e911280adeffc3e4eae4f5ee1f7fde4d1df2,testing,testing,HOLD: source-family grouping is not verified individual/session independence,True,raw/mosquito/Ae.Albopictus_1M_14D_25C_SmallCylinder_Cut18_16bit.wav
1xV4OpGgzQn59SUglM1uwg95Y7K03wr7_,Ae.Albopictus_1M_14D_25C_SmallCylinder_Cut19_16bit.wav,mosquito,Aedes albopictus,aedes_albopictus,M,1M,14D,25C,SmallCylinder,unmarked,cut19,,,,ae.albopictus_1m_14d_25c_smallcylinder,inferred_filename_source_family; merges cuts and microphone variants; individual/session identity UNKNOWN,1.66025,8000,1,PCM_16,13282,aeeccfcd5668d625136bcb04cb1bbe5578028e2801766415660d4795fe990944,3aeb66b2cc30f731db58dec4a1e48ea2fab387c4811508c2de72013fb0a9f26b,testing,testing,HOLD: source-family grouping is not verified individual/session independence,True,raw/mosquito/Ae.Albopictus_1M_14D_25C_SmallCylinder_Cut19_16bit.wav
1EMDBz7V90TVtZKG4MsvXT8LqIER8JcPd,Ae.Albopictus_1M_14D_25C_SmallCylinder_Cut1_16bit.wav,mosquito,Aedes albopictus,aedes_albopictus,M,1M,14D,25C,SmallCylinder,unmarked,cut1,,,,ae.albopictus_1m_14d_25c_smallcylinder,inferred_filename_source_family; merges cuts and microphone variants; individual/session identity UNKNOWN,1.323625,8000,1,PCM_16,10589,8d9944f05259c5d11a6064ff2eb98df0d73a0be8ee8e2c82c2802b3b96199409,5b1693f59d5ce1eedc7595c02709e744b7da4da12b207454b4ffcb948c23ef2e,testing,testing,HOLD: source-family grouping is not verified individual/session independence,True,raw/mosquito/Ae.Albopictus_1M_14D_25C_SmallCylinder_Cut1_16bit.wav
1pIkZ7vJcSN6cFOc--Uvm8tzE8z702aBt,Ae.Albopictus_1M_14D_25C_SmallCylinder_Cut20_16bit.wav,mosquito,Aedes albopictus,aedes_albopictus,M,1M,14D,25C,SmallCylinder,unmarked,cut20,,,,ae.albopictus_1m_14d_25c_smallcylinder,inferred_filename_source_family; merges cuts and microphone variants; individual/session identity UNKNOWN,3.13475,8000,1,PCM_16,25078,d63d37ce87cf4716ea497416522f860337696e980a17e9ae7091b9093bbf0466,bc5877ed913ded8a4c90d7afdd8e2249499bf14aecbf520e4f752ef38496a126,testing,testing,HOLD: source-family grouping is not verified individual/session independence,True,raw/mosquito/Ae.Albopictus_1M_14D_25C_SmallCylinder_Cut20_16bit.wav
19A0QoPaVlNz_pTiHA5dyeCwinNhtxbZL,Ae.Albopictus_1M_14D_25C_SmallCylinder_Cut21_16bit.wav,mosquito,Aedes albopictus,aedes_albopictus,M,1M,14D,25C,SmallCylinder,unmarked,cut21,,,,ae.albopictus_1m_14d_25c_smallcylinder,inferred_filename_source_family; merges cuts and microphone variants; individual/session identity UNKNOWN,1.695125,8000,1,PCM_16,13561,2aedb73e8ed1913fbaec2cc2082f38c67e8061138065eb593a0e1fe5983c7334,68dbb7c38be1a17987d981912b5c5bee4d360f21adf4a7ed3eeabbb8f1301369,testing,testing,HOLD: source-family grouping is not verified individual/session independence,True,raw/mosquito/Ae.Albopictus_1M_14D_25C_SmallCylinder_Cut21_16bit.wav
1JwNTiExexQYLoSMJ47Xm6DwLHSM50NgD,Ae.Albopictus_1M_14D_25C_SmallCylinder_Cut22_16bit.wav,mosquito,Aedes albopictus,aedes_albopictus,M,1M,14D,25C,SmallCylinder,unmarked,cut22,,,,ae.albopictus_1m_14d_25c_smallcylinder,inferred_filename_source_family; merges cuts and microphone variants; individual/session identity UNKNOWN,2.774875,8000,1,PCM_16,22199,4070195acfe9e038bcb1ce497a1bf7fea8fdf8df02b6b3b1bfa9f916ee6d79c4,404296d598c46a4a246591ac2891f9f5357b925d0afae5f68291fc7e367066c2,testing,testing,HOLD: source-family grouping is not verified individual/session independence,True,raw/mosquito/Ae.Albopictus_1M_14D_25C_SmallCylinder_Cut22_16bit.wav
1RNWxy71-6dCPYzgR4adJaZQMwrNmq8m8,Ae.Albopictus_1M_14D_25C_SmallCylinder_Cut23_16bit.wav,mosquito,Aedes albopictus,aedes_albopictus,M,1M,14D,25C,SmallCylinder,unmarked,cut23,,,,ae.albopictus_1m_14d_25c_smallcylinder,inferred_filename_source_family; merges cuts and microphone variants; individual/session identity UNKNOWN,0.7315,8000,1,PCM_16,5852,78818094be86f1a5b8b3661bbaaa06c8144fa6ccd41fa73fc8b9c56a984c7d3c,c19bc3f9a56727c8479d254818fcb681ffdb9ee553bc9f3e5a23caf1a0413d60,testing,testing,HOLD: source-family grouping is not verified individual/session independence; shorter than original 1-second context; no padding/looping/concatenation authorized,False,raw/mosquito/Ae.Albopictus_1M_14D_25C_SmallCylinder_Cut23_16bit.wav
1UxnvjcTuxgwrnbbLrKrlx8f1C8palNdp,Ae.Albopictus_1M_14D_25C_SmallCylinder_Cut24_16bit.wav,mosquito,Aedes albopictus,aedes_albopictus,M,1M,14D,25C,SmallCylinder,unmarked,cut24,,,,ae.albopictus_1m_14d_25c_smallcylinder,inferred_filename_source_family; merges cuts and microphone variants; individual/session identity UNKNOWN,2.623875,8000,1,PCM_16,20991,86d884fc2682d6d0c20fa475e81dd1e187f765957e35676525ba61923d2a96c3,b0ca5b6f7f2a3b6dc9ebe52264839f539960f0335a9b10f479d0bd0a6a836dfe,testing,testing,HOLD: source-family grouping is not verified individual/session independence,True,raw/mosquito/Ae.Albopictus_1M_14D_25C_SmallCylinder_Cut24_16bit.wav
19DtBZrEYC9k6Az3W30F2D4aOTLkS1FOQ,Ae.Albopictus_1M_14D_25C_SmallCylinder_Cut25_16bit.wav,mosquito,Aedes albopictus,aedes_albopictus,M,1M,14D,25C,SmallCylinder,unmarked,cut25,,,,ae.albopictus_1m_14d_25c_smallcylinder,inferred_filename_source_family; merges cuts and microphone variants; individual/session identity UNKNOWN,4.260875,8000,1,PCM_16,34087,36782d80ea741982f98363e91bf24be5100700375525c9cad1c5de0a15d65a88,39cfcb63c8413cfa48ffd6328bc1ea55d70236af8db9bebda5c68429eccbdf45,testing,testing,HOLD: source-family grouping is not verified individual/session independence,True,raw/mosquito/Ae.Albopictus_1M_14D_25C_SmallCylinder_Cut25_16bit.wav
1kNryr396wSXWEBRFy4pFOOOQENDk3WNg,Ae.Albopictus_1M_14D_25C_SmallCylinder_Cut26_16bit.wav,mosquito,Aedes albopictus,aedes_albopictus,M,1M,14D,25C,SmallCylinder,unmarked,cut26,,,,ae.albopictus_1m_14d_25c_smallcylinder,inferred_filename_source_family; merges cuts and microphone variants; individual/session identity UNKNOWN,0.7315,8000,1,PCM_16,5852,111fc0823e3f99a87fb9e842f1ea4ca11d3b76cee4605006971cb67e4c1e95e0,fdf9c0b0ae1f12e5ba5629782c057a685ece8910c30e70658b9ce3fa9ec7da30,testing,testing,HOLD: source-family grouping is not verified individual/session independence; shorter than original 1-second context; no padding/looping/concatenation authorized,False,raw/mosquito/Ae.Albopictus_1M_14D_25C_SmallCylinder_Cut26_16bit.wav
1mgI1jrlDztLywjPmWhWxeXmjY3SpAJWJ,Ae.Albopictus_1M_14D_25C_SmallCylinder_Cut27_16bit.wav,mosquito,Aedes albopictus,aedes_albopictus,M,1M,14D,25C,SmallCylinder,unmarked,cut27,,,,ae.albopictus_1m_14d_25c_smallcylinder,inferred_filename_source_family; merges cuts and microphone variants; individual/session identity UNKNOWN,3.98225,8000,1,PCM_16,31858,5eb3844e68a4ad6803b2a68b0b6bdac758d7db11560d9d440474c11b9bcdb894,445af3dd7599cea4c88287bc443f63b5131518cb212461a2c8b845f2f73e41a2,testing,testing,HOLD: source-family grouping is not verified individual/session independence,True,raw/mosquito/Ae.Albopictus_1M_14D_25C_SmallCylinder_Cut27_16bit.wav
1i6RhgL2yHCWbfPobmH6M5gEft3D5yyhV,Ae.Albopictus_1M_14D_25C_SmallCylinder_Cut28_16bit.wav,mosquito,Aedes albopictus,aedes_albopictus,M,1M,14D,25C,SmallCylinder,unmarked,cut28,,,,ae.albopictus_1m_14d_25c_smallcylinder,inferred_filename_source_family; merges cuts and microphone variants; individual/session identity UNKNOWN,0.87075,8000,1,PCM_16,6966,af21010b0649081b9cd7fdd8795b93cabec2f5b8da77ba1a1a268bcada4b8d04,e12f46bb161cc5a6e72d4ecd9717f3f14e115b03ddc3edb22b3949987a24b82d,testing,testing,HOLD: source-family grouping is not verified individual/session independence; shorter than original 1-second context; no padding/looping/concatenation authorized,False,raw/mosquito/Ae.Albopictus_1M_14D_25C_SmallCylinder_Cut28_16bit.wav
13w-54ykFry0HAw7DYsFQ7nVvhBolgPI2,Ae.Albopictus_1M_14D_25C_SmallCylinder_Cut29_16bit.wav,mosquito,Aedes albopictus,aedes_albopictus,M,1M,14D,25C,SmallCylinder,unmarked,cut29,,,,ae.albopictus_1m_14d_25c_smallcylinder,inferred_filename_source_family; merges cuts and microphone variants; individual/session identity UNKNOWN,3.03025,8000,1,PCM_16,24242,f68a2ab2670f71f70e50a1ecece02679872d00eb79634c77adfadbcfc0fc1acc,369462e62ec4c5387c44011831bd232480cb91a9ffcc11bfc53825827c70c23f,testing,testing,HOLD: source-family grouping is not verified individual/session independence,True,raw/mosquito/Ae.Albopictus_1M_14D_25C_SmallCylinder_Cut29_16bit.wav
1TURtBnqDKqRzFF4DdwBxhpUm2jZyLTQR,Ae.Albopictus_1M_14D_25C_SmallCylinder_Cut2_16bit.wav,mosquito,Aedes albopictus,aedes_albopictus,M,1M,14D,25C,SmallCylinder,unmarked,cut2,,,,ae.albopictus_1m_14d_25c_smallcylinder,inferred_filename_source_family; merges cuts and microphone variants; individual/session identity UNKNOWN,3.81975,8000,1,PCM_16,30558,c2c54088c317bfca67a4ee5a7ebf7fc5bf5ee04128a908ace211389cf7d60d87,63ad48183c44defaacfad6159b3d6d619a4ae4862a985b480897ab3c527b0860,testing,testing,HOLD: source-family grouping is not verified individual/session independence,True,raw/mosquito/Ae.Albopictus_1M_14D_25C_SmallCylinder_Cut2_16bit.wav
1gcCz3aAX0cxHE7darn4TYOiaCaB5GHht,Ae.Albopictus_1M_14D_25C_SmallCylinder_Cut30_16bit.wav,mosquito,Aedes albopictus,aedes_albopictus,M,1M,14D,25C,SmallCylinder,unmarked,cut30,,,,ae.albopictus_1m_14d_25c_smallcylinder,inferred_filename_source_family; merges cuts and microphone variants; individual/session identity UNKNOWN,3.7385,8000,1,PCM_16,29908,789657d3234abc968372afb770645dc947aa26a9d1fa59d310bb2357f23d4e74,c722e7362871db06a8560ddd0f794617337f4c59230a6172c6b5f499c7f1f20b,testing,testing,HOLD: source-family grouping is not verified individual/session independence,True,raw/mosquito/Ae.Albopictus_1M_14D_25C_SmallCylinder_Cut30_16bit.wav
1Hpjxl_Tx2UZW3AfIP-qfTbJGCycBvaQK,Ae.Albopictus_1M_14D_25C_SmallCylinder_Cut31_16bit.wav,mosquito,Aedes albopictus,aedes_albopictus,M,1M,14D,25C,SmallCylinder,unmarked,cut31,,,,ae.albopictus_1m_14d_25c_smallcylinder,inferred_filename_source_family; merges cuts and microphone variants; individual/session identity UNKNOWN,2.28725,8000,1,PCM_16,18298,e585a637701b876eb77c587affddaaaa60a6978a33b019028d0b5d3c0208c824,77110c192de5ef9e313075c96337004f1f29393a77afec59c5b45b5362940c6d,testing,testing,HOLD: source-family grouping is not verified individual/session independence,True,raw/mosquito/Ae.Albopictus_1M_14D_25C_SmallCylinder_Cut31_16bit.wav
1WDiANm2eH-ndbl0NICZVqLQ-8ou2r3O_,Ae.Albopictus_1M_14D_25C_SmallCylinder_Cut32_16bit.wav,mosquito,Aedes albopictus,aedes_albopictus,M,1M,14D,25C,SmallCylinder,unmarked,cut32,,,,ae.albopictus_1m_14d_25c_smallcylinder,inferred_filename_source_family; merges cuts and microphone variants; individual/session identity UNKNOWN,4.40025,8000,1,PCM_16,35202,96a1363a9bdc35caa54fdb9bc2a366baef03600e8979ee4c158f1108cdec3d20,00c0849a380e2a0e6cee4efb1b5746fb76bbe70829f0a4852458056f5ed1455e,testing,testing,HOLD: source-family grouping is not verified individual/session independence,True,raw/mosquito/Ae.Albopictus_1M_14D_25C_SmallCylinder_Cut32_16bit.wav
1vvWGm-ya0Q3bYINjPfbIr3qSEOxtJlor,Ae.Albopictus_1M_14D_25C_SmallCylinder_Cut33_16bit.wav,mosquito,Aedes albopictus,aedes_albopictus,M,1M,14D,25C,SmallCylinder,unmarked,cut33,,,,ae.albopictus_1m_14d_25c_smallcylinder,inferred_filename_source_family; merges cuts and microphone variants; individual/session identity UNKNOWN,1.76475,8000,1,PCM_16,14118,8de7a2c855de94711c94d2560a51b6d368bfa66915d881df461a1628ca94e283,f7897f2b151789a1ccd38c30f457224a82da451aa5f3b560a9ed28e4f39e48b7,testing,testing,HOLD: source-family grouping is not verified individual/session independence,True,raw/mosquito/Ae.Albopictus_1M_14D_25C_SmallCylinder_Cut33_16bit.wav
181brGqHINk4TgVRjz0MpA2pHjEpE5wHs,Ae.Albopictus_1M_14D_25C_SmallCylinder_Cut34_16bit.wav,mosquito,Aedes albopictus,aedes_albopictus,M,1M,14D,25C,SmallCylinder,unmarked,cut34,,,,ae.albopictus_1m_14d_25c_smallcylinder,inferred_filename_source_family; merges cuts and microphone variants; individual/session identity UNKNOWN,1.857625,8000,1,PCM_16,14861,aafaf506c1c6394c0378fe37430fe6f3e9a989e10fe8f921404faced2f23b917,6e37e55ff0e7fcb6f1e27bce0b750276b7e5688d4d50d06fac50057651ebc2cd,testing,testing,HOLD: source-family grouping is not verified individual/session independence,True,raw/mosquito/Ae.Albopictus_1M_14D_25C_SmallCylinder_Cut34_16bit.wav
1xOEjSDykfy4hHFxNC8H9XsAwFHi6pEEk,Ae.Albopictus_1M_14D_25C_SmallCylinder_Cut35_16bit.wav,mosquito,Aedes albopictus,aedes_albopictus,M,1M,14D,25C,SmallCylinder,unmarked,cut35,,,,ae.albopictus_1m_14d_25c_smallcylinder,inferred_filename_source_family; merges cuts and microphone variants; individual/session identity UNKNOWN,2.206,8000,1,PCM_16,17648,e55f94b8bbef058b18b7dc9301fa7e3f9b990a90e9d7697070e353b0de56c1e8,b8bc1de6544d4751a8a5a1e2ab1d8337b64562e77a709651f94d3cd0f17a593c,testing,testing,HOLD: source-family grouping is not verified individual/session independence,True,raw/mosquito/Ae.Albopictus_1M_14D_25C_SmallCylinder_Cut35_16bit.wav
1ZPUC7z-PtJoE5m5K84Hh8Gg9q2Vpr4A7,Ae.Albopictus_1M_14D_25C_SmallCylinder_Cut36_16bit.wav,mosquito,Aedes albopictus,aedes_albopictus,M,1M,14D,25C,SmallCylinder,unmarked,cut36,,,,ae.albopictus_1m_14d_25c_smallcylinder,inferred_filename_source_family; merges cuts and microphone variants; individual/session identity UNKNOWN,1.753125,8000,1,PCM_16,14025,3752aff21a6b6cd2e74cb5ddae0fddb11e2d89467b4397f19a122af1858c16c2,5fa8f0fce0843e85fe889b0c1910eeaec53e1c029cbefd6cc93710b6d3bdd5b6,testing,testing,HOLD: source-family grouping is not verified individual/session independence,True,raw/mosquito/Ae.Albopictus_1M_14D_25C_SmallCylinder_Cut36_16bit.wav
11SZbFaSMabMGbl_Y7vKTyLRNLW4wfRMh,Ae.Albopictus_1M_14D_25C_SmallCylinder_Cut37_16bit.wav,mosquito,Aedes albopictus,aedes_albopictus,M,1M,14D,25C,SmallCylinder,unmarked,cut37,,,,ae.albopictus_1m_14d_25c_smallcylinder,inferred_filename_source_family; merges cuts and microphone variants; individual/session identity UNKNOWN,2.02025,8000,1,PCM_16,16162,90a19695f38a29649e0472b6e00adbb5585f83c7e00c385ef89529cc2b514092,3a2983e6e64502d9c0f285e6cf4cad67603270483235a05833dc9771b7dd55af,testing,testing,HOLD: source-family grouping is not verified individual/session independence,True,raw/mosquito/Ae.Albopictus_1M_14D_25C_SmallCylinder_Cut37_16bit.wav
1h-BN2DwC7oi55gx61P6EPZ5AWIHVrlVV,Ae.Albopictus_1M_14D_25C_SmallCylinder_Cut38_16bit.wav,mosquito,Aedes albopictus,aedes_albopictus,M,1M,14D,25C,SmallCylinder,unmarked,cut38,,,,ae.albopictus_1m_14d_25c_smallcylinder,inferred_filename_source_family; merges cuts and microphone variants; individual/session identity UNKNOWN,1.462875,8000,1,PCM_16,11703,db26cc6da4cccdc618ecdbba8c4afb9923ff8ff7261a6fb73ee4fc9bd1127b9a,4d599cfebaed41dbd1f3cfc87af01f9115ed3d1aa4d649d2f4d8ef9c015dd4d2,testing,testing,HOLD: source-family grouping is not verified individual/session independence,True,raw/mosquito/Ae.Albopictus_1M_14D_25C_SmallCylinder_Cut38_16bit.wav
1W9O24htsbuVRyi6pF2mmrsPpEhNXg435,Ae.Albopictus_1M_14D_25C_SmallCylinder_Cut39_16bit.wav,mosquito,Aedes albopictus,aedes_albopictus,M,1M,14D,25C,SmallCylinder,unmarked,cut39,,,,ae.albopictus_1m_14d_25c_smallcylinder,inferred_filename_source_family; merges cuts and microphone variants; individual/session identity UNKNOWN,3.564375,8000,1,PCM_16,28515,6044c9fcd998c5e2b8e1371906cf73b5d4d53535000696333cb54b0c4ac07fda,7f2f1a8f4ff255ad3e7b6046b87b4cdaf0d1e04f063307b6124a285ac26ac55b,testing,testing,HOLD: source-family grouping is not verified individual/session independence,True,raw/mosquito/Ae.Albopictus_1M_14D_25C_SmallCylinder_Cut39_16bit.wav
1hq3Q3aON8GYu8R1fUMldrthJ-c1U3CM7,Ae.Albopictus_1M_14D_25C_SmallCylinder_Cut3_16bit.wav,mosquito,Aedes albopictus,aedes_albopictus,M,1M,14D,25C,SmallCylinder,unmarked,cut3,,,,ae.albopictus_1m_14d_25c_smallcylinder,inferred_filename_source_family; merges cuts and microphone variants; individual/session identity UNKNOWN,1.73,8000,1,PCM_16,13840,e371c50bccd75487a12c757ebe69cc385863ef8fe07f9e0c6ff26476bcc703bf,3ec786d657afb6d55671a813771e95daaf20f86211f6ee878ef57dbd3c48e6ed,testing,testing,HOLD: source-family grouping is not verified individual/session independence,True,raw/mosquito/Ae.Albopictus_1M_14D_25C_SmallCylinder_Cut3_16bit.wav
158EDekGD8PpCkHiL9WFwqdhUA6f7ivQB,Ae.Albopictus_1M_14D_25C_SmallCylinder_Cut40_16bit.wav,mosquito,Aedes albopictus,aedes_albopictus,M,1M,14D,25C,SmallCylinder,unmarked,cut40,,,,ae.albopictus_1m_14d_25c_smallcylinder,inferred_filename_source_family; merges cuts and microphone variants; individual/session identity UNKNOWN,2.18275,8000,1,PCM_16,17462,e339097d2c8bcc3f0dd86d7714ebe3037e4300526ed623ea79379ef6516994c8,d7888bcdd03a56e4082556724c6599590416dcf0ae851e8d7cdebf1cdb2c4b9b,testing,testing,HOLD: source-family grouping is not verified individual/session independence,True,raw/mosquito/Ae.Albopictus_1M_14D_25C_SmallCylinder_Cut40_16bit.wav
1qeH7I8xcPTEXNPWDO1_nkB-Qzj6VCGX1,Ae.Albopictus_1M_14D_25C_SmallCylinder_Cut41_16bit.wav,mosquito,Aedes albopictus,aedes_albopictus,M,1M,14D,25C,SmallCylinder,unmarked,cut41,,,,ae.albopictus_1m_14d_25c_smallcylinder,inferred_filename_source_family; merges cuts and microphone variants; individual/session identity UNKNOWN,2.6355,8000,1,PCM_16,21084,258c0f8f542494a87e469b69525620d283c2e055827e2293316bc89aa13ca76a,2261e9ad043f30d3a8c18acc52a06eb8dda303c3d9d744823b79897b762a6e79,testing,testing,HOLD: source-family grouping is not verified individual/session independence,True,raw/mosquito/Ae.Albopictus_1M_14D_25C_SmallCylinder_Cut41_16bit.wav
1WrTbBbekdFDIcI2Ti1Q9jrddeiKBZIjG,Ae.Albopictus_1M_14D_25C_SmallCylinder_Cut42_16bit.wav,mosquito,Aedes albopictus,aedes_albopictus,M,1M,14D,25C,SmallCylinder,unmarked,cut42,,,,ae.albopictus_1m_14d_25c_smallcylinder,inferred_filename_source_family; merges cuts and microphone variants; individual/session identity UNKNOWN,0.75475,8000,1,PCM_16,6038,70ccae6ea3d4a2bbe6249b5b8eb1ef4092031a7422e0763047aeb6cc00f85c65,23d22b8a8961c4729bd0141296697236842342f7e14a07f422418898625bd622,testing,testing,HOLD: source-family grouping is not verified individual/session independence; shorter than original 1-second context; no padding/looping/concatenation authorized,False,raw/mosquito/Ae.Albopictus_1M_14D_25C_SmallCylinder_Cut42_16bit.wav
1ClvPVt3D_NPs5IWe_tCshrxDOwSD8pdP,Ae.Albopictus_1M_14D_25C_SmallCylinder_Cut43_16bit.wav,mosquito,Aedes albopictus,aedes_albopictus,M,1M,14D,25C,SmallCylinder,unmarked,cut43,,,,ae.albopictus_1m_14d_25c_smallcylinder,inferred_filename_source_family; merges cuts and microphone variants; individual/session identity UNKNOWN,3.099875,8000,1,PCM_16,24799,b98661b8c60bb4e98cddc4dc29574739f7a8cd7a269eff3ed5290e10f2ed2ff4,03f7f715b2bfc341a2cbcd98637b1b2c3e6f1f5b182367a89c9d692e525b63a9,testing,testing,HOLD: source-family grouping is not verified individual/session independence,True,raw/mosquito/Ae.Albopictus_1M_14D_25C_SmallCylinder_Cut43_16bit.wav
1T8eWzdcxC-UNrlTonjcge8zwrSMRv2KO,Ae.Albopictus_1M_14D_25C_SmallCylinder_Cut44_16bit.wav,mosquito,Aedes albopictus,aedes_albopictus,M,1M,14D,25C,SmallCylinder,unmarked,cut44,,,,ae.albopictus_1m_14d_25c_smallcylinder,inferred_filename_source_family; merges cuts and microphone variants; individual/session identity UNKNOWN,4.319,8000,1,PCM_16,34552,2784e8dff7f72e0d1300cacf99096b15b0a365ed570ad278ecad6de054cc9e05,28196cc04facab12a00f0df4e013d6ebb8d60d0c77cb520da018f9d0dd725408,testing,testing,HOLD: source-family grouping is not verified individual/session independence,True,raw/mosquito/Ae.Albopictus_1M_14D_25C_SmallCylinder_Cut44_16bit.wav
1t3d9zJcJzI165jF4htkMkMioWcYa7iin,Ae.Albopictus_1M_14D_25C_SmallCylinder_Cut4_16bit.wav,mosquito,Aedes albopictus,aedes_albopictus,M,1M,14D,25C,SmallCylinder,unmarked,cut4,,,,ae.albopictus_1m_14d_25c_smallcylinder,inferred_filename_source_family; merges cuts and microphone variants; individual/session identity UNKNOWN,1.45125,8000,1,PCM_16,11610,0ac3e42c49f15472347b6cfc1156dfe4e59a8e2da51f94f8acbc397ad39837ff,3e01aae654b93315ad2fa9a79cfa00db6a0616abdf108611cfdc720ace4887a4,testing,testing,HOLD: source-family grouping is not verified individual/session independence,True,raw/mosquito/Ae.Albopictus_1M_14D_25C_SmallCylinder_Cut4_16bit.wav
1fOe4Gn77lnPEs7NxZFQdTpKtjm7JP0Mp,Ae.Albopictus_1M_14D_25C_SmallCylinder_Cut5_16bit.wav,mosquito,Aedes albopictus,aedes_albopictus,M,1M,14D,25C,SmallCylinder,unmarked,cut5,,,,ae.albopictus_1m_14d_25c_smallcylinder,inferred_filename_source_family; merges cuts and microphone variants; individual/session identity UNKNOWN,4.052,8000,1,PCM_16,32416,ae7c8470ddffb1e8a01e687fd6dd49090ee0e3e1bcfbbba223a74973083a2167,0c5e6c25a0535a2d59e85c714b5f2794f75afbdbcece0672df2dd67639b92fe6,testing,testing,HOLD: source-family grouping is not verified individual/session independence,True,raw/mosquito/Ae.Albopictus_1M_14D_25C_SmallCylinder_Cut5_16bit.wav
1z6O3XVGRnQUFSeBzUt3A61BPWEE1br60,Ae.Albopictus_1M_14D_25C_SmallCylinder_Cut6_16bit.wav,mosquito,Aedes albopictus,aedes_albopictus,M,1M,14D,25C,SmallCylinder,unmarked,cut6,,,,ae.albopictus_1m_14d_25c_smallcylinder,inferred_filename_source_family; merges cuts and microphone variants; individual/session identity UNKNOWN,2.333625,8000,1,PCM_16,18669,133316ec4cb5f4eada6fbb51736a39f0f200be1e3321b09eaf8b3e0519fb3c3f,d40ed23745c0b9f44f608a330447a4ecd7d49e9d09b9d9ffc67f2fc63e0dac35,testing,testing,HOLD: source-family grouping is not verified individual/session independence,True,raw/mosquito/Ae.Albopictus_1M_14D_25C_SmallCylinder_Cut6_16bit.wav
1TUtnJe5zER2Nsgjst-LNasHFdv3EWXCe,Ae.Albopictus_1M_14D_25C_SmallCylinder_Cut7_16bit.wav,mosquito,Aedes albopictus,aedes_albopictus,M,1M,14D,25C,SmallCylinder,unmarked,cut7,,,,ae.albopictus_1m_14d_25c_smallcylinder,inferred_filename_source_family; merges cuts and microphone variants; individual/session identity UNKNOWN,3.041875,8000,1,PCM_16,24335,51ecdf1617a1b0d88113020616afc27cc6b1321c8fe6f24ad2ee75cfd67312c3,76dea19070852b5e98106a2052681f544fbbbd121dc90173ca26cf8b9a0e07f8,testing,testing,HOLD: source-family grouping is not verified individual/session independence,True,raw/mosquito/Ae.Albopictus_1M_14D_25C_SmallCylinder_Cut7_16bit.wav
1dC2DF-MP8ZPRswe0OP1sjCk3kAdvGwCm,Ae.Albopictus_1M_14D_25C_SmallCylinder_Cut8_16bit.wav,mosquito,Aedes albopictus,aedes_albopictus,M,1M,14D,25C,SmallCylinder,unmarked,cut8,,,,ae.albopictus_1m_14d_25c_smallcylinder,inferred_filename_source_family; merges cuts and microphone variants; individual/session identity UNKNOWN,1.219125,8000,1,PCM_16,9753,56a461fedf705d567a04bc7b270c41b9d7983ef773bbab90050475e573bcc15e,091b9efea33da18d276279ea00b42b8b261a550714c35b230468744cf0114e1b,testing,testing,HOLD: source-family grouping is not verified individual/session independence,True,raw/mosquito/Ae.Albopictus_1M_14D_25C_SmallCylinder_Cut8_16bit.wav
1BkdbG1gTGwtgrdtHnI7oncNPXgpyNTR8,Ae.Albopictus_1M_14D_25C_SmallCylinder_Cut9_16bit.wav,mosquito,Aedes albopictus,aedes_albopictus,M,1M,14D,25C,SmallCylinder,unmarked,cut9,,,,ae.albopictus_1m_14d_25c_smallcylinder,inferred_filename_source_family; merges cuts and microphone variants; individual/session identity UNKNOWN,1.8925,8000,1,PCM_16,15140,45f22dd357114aa5e0ca88cba395bd9211c1f53ad1a41ddc73cb9b29e3c61d7b,7f8f90e72c410c1127368274ba5162b99a5289689d5646d9984adec8c514eda4,testing,testing,HOLD: source-family grouping is not verified individual/session independence,True,raw/mosquito/Ae.Albopictus_1M_14D_25C_SmallCylinder_Cut9_16bit.wav
1woh9AemO21lOdapsVK0CtIK0EH5y0dgv,Ae.Albopictus_1M_14D_25C_SmallCylinder_LowMic_Cut10_16bit.wav,mosquito,Aedes albopictus,aedes_albopictus,M,1M,14D,25C,SmallCylinder,LowMic,cut10,,,,ae.albopictus_1m_14d_25c_smallcylinder,inferred_filename_source_family; merges cuts and microphone variants; individual/session identity UNKNOWN,2.49625,8000,1,PCM_16,19970,e05457ae88e22e29577dd385b8672cff7cc5e7076f187b8ea203e24d726e7c21,30459b04c990168c563f9e5818097706d315bca3cffb2a0184197800e8d5eaf4,testing,testing,HOLD: source-family grouping is not verified individual/session independence,True,raw/mosquito/Ae.Albopictus_1M_14D_25C_SmallCylinder_LowMic_Cut10_16bit.wav
1LEdjFa15HvvPool3HmRkDYjeLW2ePjW0,Ae.Albopictus_1M_14D_25C_SmallCylinder_LowMic_Cut11_16bit.wav,mosquito,Aedes albopictus,aedes_albopictus,M,1M,14D,25C,SmallCylinder,LowMic,cut11,,,,ae.albopictus_1m_14d_25c_smallcylinder,inferred_filename_source_family; merges cuts and microphone variants; individual/session identity UNKNOWN,1.753125,8000,1,PCM_16,14025,843b8934b307d75807a7adfa681ddae0ea3ea3cf73e0b58e982b21b6bb97ab7b,aa9d7cfac6a3d682f3183ede89833413ec6e5befbad8caaf068a7af7d1d96624,testing,testing,HOLD: source-family grouping is not verified individual/session independence,True,raw/mosquito/Ae.Albopictus_1M_14D_25C_SmallCylinder_LowMic_Cut11_16bit.wav
1iRU4H1OTpDOGIRZ6cQ_fxj3vEh1tZfdt,Ae.Albopictus_1M_14D_25C_SmallCylinder_LowMic_Cut12_16bit.wav,mosquito,Aedes albopictus,aedes_albopictus,M,1M,14D,25C,SmallCylinder,LowMic,cut12,,,,ae.albopictus_1m_14d_25c_smallcylinder,inferred_filename_source_family; merges cuts and microphone variants; individual/session identity UNKNOWN,1.253875,8000,1,PCM_16,10031,0b73a5dfc917663d8afb650b611fd56bb2bb6e8f0e6c550f26f5465ce61e7a1f,851fe6511158c3477218c2c5d278ff4dfe19c3c0a60f5c2964f191c8923290b0,testing,testing,HOLD: source-family grouping is not verified individual/session independence,True,raw/mosquito/Ae.Albopictus_1M_14D_25C_SmallCylinder_LowMic_Cut12_16bit.wav
1DpYqsSOxd0OIOTpydPqW88SSDgzewKix,Ae.Albopictus_1M_14D_25C_SmallCylinder_LowMic_Cut13_16bit.wav,mosquito,Aedes albopictus,aedes_albopictus,M,1M,14D,25C,SmallCylinder,LowMic,cut13,,,,ae.albopictus_1m_14d_25c_smallcylinder,inferred_filename_source_family; merges cuts and microphone variants; individual/session identity UNKNOWN,1.880875,8000,1,PCM_16,15047,88b17289ed9a3629071c5101a4716bf679c78de1d4b673b7187bd6cb57b02aae,ca2925de40e4134ef9e8c2e29ff279c88ff832e99e2c8c1651744465b15ee9e7,testing,testing,HOLD: source-family grouping is not verified individual/session independence,True,raw/mosquito/Ae.Albopictus_1M_14D_25C_SmallCylinder_LowMic_Cut13_16bit.wav
10Hk4VtwseBp3dxYJBD-RgirjSw5PtSe3,Ae.Albopictus_1M_14D_25C_SmallCylinder_LowMic_Cut14_16bit.wav,mosquito,Aedes albopictus,aedes_albopictus,M,1M,14D,25C,SmallCylinder,LowMic,cut14,,,,ae.albopictus_1m_14d_25c_smallcylinder,inferred_filename_source_family; merges cuts and microphone variants; individual/session identity UNKNOWN,1.60225,8000,1,PCM_16,12818,a7ee296e810189ff1d19ecbfa45418dfef66160498f4ea8aa212365f1ad6c17e,c0470d2dce1af9711fa80564c1eba6f557bfc714d204648d1e7a30c108b2b102,testing,testing,HOLD: source-family grouping is not verified individual/session independence,True,raw/mosquito/Ae.Albopictus_1M_14D_25C_SmallCylinder_LowMic_Cut14_16bit.wav
1yjOsxzFPdGgHqJSCxo5mCqB5VG7diq59,Ae.Albopictus_1M_14D_25C_SmallCylinder_LowMic_Cut15_16bit.wav,mosquito,Aedes albopictus,aedes_albopictus,M,1M,14D,25C,SmallCylinder,LowMic,cut15,,,,ae.albopictus_1m_14d_25c_smallcylinder,inferred_filename_source_family; merges cuts and microphone variants; individual/session identity UNKNOWN,1.4165,8000,1,PCM_16,11332,3edc9a85cd7de2c9336d03a70f30566b976407d1c87f1a99ebf8865f5006ef7d,c94e28e65a1f99d8d6fa583d70f93666503a1161a04d7fdcb72d0defb2188f55,testing,testing,HOLD: source-family grouping is not verified individual/session independence,True,raw/mosquito/Ae.Albopictus_1M_14D_25C_SmallCylinder_LowMic_Cut15_16bit.wav
18nerfEpS7ff_cabNtLsyG1EUlOI4FWud,Ae.Albopictus_1M_14D_25C_SmallCylinder_LowMic_Cut16_16bit.wav,mosquito,Aedes albopictus,aedes_albopictus,M,1M,14D,25C,SmallCylinder,LowMic,cut16,,,,ae.albopictus_1m_14d_25c_smallcylinder,inferred_filename_source_family; merges cuts and microphone variants; individual/session identity UNKNOWN,0.58825,8000,1,PCM_16,4706,0c41d070bfcb548c1123f99b71acea22f88b7a4ccb16204f5bff1aa1fedde5be,9119647502a611e5f16edab3d1b346057908440440ca72ac827c0bba6a6079ca,testing,testing,HOLD: source-family grouping is not verified individual/session independence; shorter than original 1-second context; no padding/looping/concatenation authorized,False,raw/mosquito/Ae.Albopictus_1M_14D_25C_SmallCylinder_LowMic_Cut16_16bit.wav
1TlUxABq-L1pK5hgf42Tb_VNhZvVApIm2,Ae.Albopictus_1M_14D_25C_SmallCylinder_LowMic_Cut17_16bit.wav,mosquito,Aedes albopictus,aedes_albopictus,M,1M,14D,25C,SmallCylinder,LowMic,cut17,,,,ae.albopictus_1m_14d_25c_smallcylinder,inferred_filename_source_family; merges cuts and microphone variants; individual/session identity UNKNOWN,0.97525,8000,1,PCM_16,7802,e39d13cf72c1351fc0fc8b079829d26efe63cd8e658e0390d042cf0145a5e2cf,c355ab9f30db1e772dd30ebe3a80c0992adfb137851d5dda711cba7d05cb70f7,testing,testing,HOLD: source-family grouping is not verified individual/session independence; shorter than original 1-second context; no padding/looping/concatenation authorized,False,raw/mosquito/Ae.Albopictus_1M_14D_25C_SmallCylinder_LowMic_Cut17_16bit.wav
1Tl2n1ApDg09e6RFSgSi0JQ5En2qcHeXf,Ae.Albopictus_1M_14D_25C_SmallCylinder_LowMic_Cut18_16bit.wav,mosquito,Aedes albopictus,aedes_albopictus,M,1M,14D,25C,SmallCylinder,LowMic,cut18,,,,ae.albopictus_1m_14d_25c_smallcylinder,inferred_filename_source_family; merges cuts and microphone variants; individual/session identity UNKNOWN,1.6835,8000,1,PCM_16,13468,ece239a86c1fb6e452ff56af909ee8cc381b4b42c897d48b34578e94c4bab9e3,4962c9267597bed00c629e3d636630a51cbc786a3443c648e5de3894879a6d4c,testing,testing,HOLD: source-family grouping is not verified individual/session independence,True,raw/mosquito/Ae.Albopictus_1M_14D_25C_SmallCylinder_LowMic_Cut18_16bit.wav
16IWc0RjrFUlsBmKH7AQczI2ujUPz776B,Ae.Albopictus_1M_14D_25C_SmallCylinder_LowMic_Cut19_16bit.wav,mosquito,Aedes albopictus,aedes_albopictus,M,1M,14D,25C,SmallCylinder,LowMic,cut19,,,,ae.albopictus_1m_14d_25c_smallcylinder,inferred_filename_source_family; merges cuts and microphone variants; individual/session identity UNKNOWN,1.671875,8000,1,PCM_16,13375,cfa5e10e4203a37131c706f0860f01e4a6cd151c08aa4686d9eb7c3d6db34757,54681b393500b4a053bcfce52e6a46db10dabe554679897d9eeea1d184c6d248,testing,testing,HOLD: source-family grouping is not verified individual/session independence,True,raw/mosquito/Ae.Albopictus_1M_14D_25C_SmallCylinder_LowMic_Cut19_16bit.wav
1yHUgG5EWqFC8S-1b4-mF3ex_2KYBfZgD,Ae.Albopictus_1M_14D_25C_SmallCylinder_LowMic_Cut1_16bit.wav,mosquito,Aedes albopictus,aedes_albopictus,M,1M,14D,25C,SmallCylinder,LowMic,cut1,,,,ae.albopictus_1m_14d_25c_smallcylinder,inferred_filename_source_family; merges cuts and microphone variants; individual/session identity UNKNOWN,1.33525,8000,1,PCM_16,10682,a53c54f65670d20a0f3d63a40d8e3f3be4fa77007b6e676f75997bc2f44924d3,90b0d5cca693ac685fa238413b839350d829fa36a3f178b3b6b09f701d9ab855,testing,testing,HOLD: source-family grouping is not verified individual/session independence,True,raw/mosquito/Ae.Albopictus_1M_14D_25C_SmallCylinder_LowMic_Cut1_16bit.wav
1svNy3W6QHji-fyC5fF-eVkJ-wvlGbfyF,Ae.Albopictus_1M_14D_25C_SmallCylinder_LowMic_Cut20_16bit.wav,mosquito,Aedes albopictus,aedes_albopictus,M,1M,14D,25C,SmallCylinder,LowMic,cut20,,,,ae.albopictus_1m_14d_25c_smallcylinder,inferred_filename_source_family; merges cuts and microphone variants; individual/session identity UNKNOWN,3.204375,8000,1,PCM_16,25635,d6a2cced84f1958d3174d42c7aab1da8fb5aad828198314239b77ebfed9e4161,d2c3b920aadc5635837b4759ad1f96ad6207f8ffcd5ddbf60be7677fa43ee193,testing,testing,HOLD: source-family grouping is not verified individual/session independence,True,raw/mosquito/Ae.Albopictus_1M_14D_25C_SmallCylinder_LowMic_Cut20_16bit.wav
1AmmshmDZY8uwJoRocoivsTTRTRvGsiJl,Ae.Albopictus_1M_14D_25C_SmallCylinder_LowMic_Cut21_16bit.wav,mosquito,Aedes albopictus,aedes_albopictus,M,1M,14D,25C,SmallCylinder,LowMic,cut21,,,,ae.albopictus_1m_14d_25c_smallcylinder,inferred_filename_source_family; merges cuts and microphone variants; individual/session identity UNKNOWN,1.70675,8000,1,PCM_16,13654,c39121771f07eb6753f40c163b91a07e1ce530bfe4653d5ec5c5310ddb3a64a2,6f78b6b6cf87c4a3ca1c4b970cd0e007c47a2568e0b660bda8357c177c47626a,testing,testing,HOLD: source-family grouping is not verified individual/session independence,True,raw/mosquito/Ae.Albopictus_1M_14D_25C_SmallCylinder_LowMic_Cut21_16bit.wav
1GnmvRl_dPE_SIO97pRXjLuwHQMWeApUE,Ae.Albopictus_1M_14D_25C_SmallCylinder_LowMic_Cut22_16bit.wav,mosquito,Aedes albopictus,aedes_albopictus,M,1M,14D,25C,SmallCylinder,LowMic,cut22,,,,ae.albopictus_1m_14d_25c_smallcylinder,inferred_filename_source_family; merges cuts and microphone variants; individual/session identity UNKNOWN,2.774875,8000,1,PCM_16,22199,d7fff5b22deb170c61b4ee213f0ffce638d5ffe2429ec2ec2caae6b914342304,1553f4e9c5a8a462f07ae6b71daf4f0f9411e6217c064ba4e995549958127d9a,testing,testing,HOLD: source-family grouping is not verified individual/session independence,True,raw/mosquito/Ae.Albopictus_1M_14D_25C_SmallCylinder_LowMic_Cut22_16bit.wav
169Ifhl2bpF-2xya0QsgwvtVvKqfKjU0a,Ae.Albopictus_1M_14D_25C_SmallCylinder_LowMic_Cut23_16bit.wav,mosquito,Aedes albopictus,aedes_albopictus,M,1M,14D,25C,SmallCylinder,LowMic,cut23,,,,ae.albopictus_1m_14d_25c_smallcylinder,inferred_filename_source_family; merges cuts and microphone variants; individual/session identity UNKNOWN,0.743125,8000,1,PCM_16,5945,188656dbd496cf11e02db76698b4b23f9904233c2851d3ccac2f3e33fac1e6d2,ad7db326527af8a8e4c493d7498a122ef4380a93cb7e87193be179314d9eddac,testing,testing,HOLD: source-family grouping is not verified individual/session independence; shorter than original 1-second context; no padding/looping/concatenation authorized,False,raw/mosquito/Ae.Albopictus_1M_14D_25C_SmallCylinder_LowMic_Cut23_16bit.wav
1N4_tAkGNp12lRst1YTqIFvE83io9wPNE,Ae.Albopictus_1M_14D_25C_SmallCylinder_LowMic_Cut24_16bit.wav,mosquito,Aedes albopictus,aedes_albopictus,M,1M,14D,25C,SmallCylinder,LowMic,cut24,,,,ae.albopictus_1m_14d_25c_smallcylinder,inferred_filename_source_family; merges cuts and microphone variants; individual/session identity UNKNOWN,2.623875,8000,1,PCM_16,20991,d18f62ffb91ad1032a82ac85666d9afd6a7bd2778cc5f8ab0d2d2c034773e58b,99d1e2b733c829c6f70ba2b4a4b4860867272e3626f5203f8e3bddac1ecd5140,testing,testing,HOLD: source-family grouping is not verified individual/session independence,True,raw/mosquito/Ae.Albopictus_1M_14D_25C_SmallCylinder_LowMic_Cut24_16bit.wav
1RiCVlOicRLsTkSeceJjs8uhli5HDWDlo,Ae.Albopictus_1M_14D_25C_SmallCylinder_LowMic_Cut25_16bit.wav,mosquito,Aedes albopictus,aedes_albopictus,M,1M,14D,25C,SmallCylinder,LowMic,cut25,,,,ae.albopictus_1m_14d_25c_smallcylinder,inferred_filename_source_family; merges cuts and microphone variants; individual/session identity UNKNOWN,4.284125,8000,1,PCM_16,34273,ed7b72269dc8c3225e2cda5098e39aa76d96d1f2bad8adc252082e124bc809cd,5a83bea1cf745603064ebc2f790e058b8a882e2423d37ca80ab76f2c1498830e,testing,testing,HOLD: source-family grouping is not verified individual/session independence,True,raw/mosquito/Ae.Albopictus_1M_14D_25C_SmallCylinder_LowMic_Cut25_16bit.wav
1cufqxYDYEjbwa04At25vwQDbzG_DqYkp,Ae.Albopictus_1M_14D_25C_SmallCylinder_LowMic_Cut26_16bit.wav,mosquito,Aedes albopictus,aedes_albopictus,M,1M,14D,25C,SmallCylinder,LowMic,cut26,,,,ae.albopictus_1m_14d_25c_smallcylinder,inferred_filename_source_family; merges cuts and microphone variants; individual/session identity UNKNOWN,0.7315,8000,1,PCM_16,5852,6787da4292cd78491d46d3c0cf43a76549abdc2afdf0e850252021a5922ecc11,2c53f94bef053561a2269b4c9d0d6a979966fecb37c4592f231ca73f9eca7f35,testing,testing,HOLD: source-family grouping is not verified individual/session independence; shorter than original 1-second context; no padding/looping/concatenation authorized,False,raw/mosquito/Ae.Albopictus_1M_14D_25C_SmallCylinder_LowMic_Cut26_16bit.wav
1YFAcC0WYr1GRbGTKAb_pU-P9Xp3TFADc,Ae.Albopictus_1M_14D_25C_SmallCylinder_LowMic_Cut27_16bit.wav,mosquito,Aedes albopictus,aedes_albopictus,M,1M,14D,25C,SmallCylinder,LowMic,cut27,,,,ae.albopictus_1m_14d_25c_smallcylinder,inferred_filename_source_family; merges cuts and microphone variants; individual/session identity UNKNOWN,4.017125,8000,1,PCM_16,32137,d7012aec65c9f547a6232108528c2cddc824cd705cc2f11da50303f447bca05c,c1055084c42d890ac840da49d8cbc9196f70ea501daa1fe4d28ebf8592f012f1,testing,testing,HOLD: source-family grouping is not verified individual/session independence,True,raw/mosquito/Ae.Albopictus_1M_14D_25C_SmallCylinder_LowMic_Cut27_16bit.wav
1Dm9KDCVjH9NMiIIzrX_U1QBplnBCUxKU,Ae.Albopictus_1M_14D_25C_SmallCylinder_LowMic_Cut28_16bit.wav,mosquito,Aedes albopictus,aedes_albopictus,M,1M,14D,25C,SmallCylinder,LowMic,cut28,,,,ae.albopictus_1m_14d_25c_smallcylinder,inferred_filename_source_family; merges cuts and microphone variants; individual/session identity UNKNOWN,0.882375,8000,1,PCM_16,7059,8da8e3f53236bb7f741aab585a63f60ad3a5c06af1884346a4e03096821259f5,5bbc26a1477681848254f5a29c21c094649d3a8dbf88ccb0217094f1c244513a,testing,testing,HOLD: source-family grouping is not verified individual/session independence; shorter than original 1-second context; no padding/looping/concatenation authorized,False,raw/mosquito/Ae.Albopictus_1M_14D_25C_SmallCylinder_LowMic_Cut28_16bit.wav
14ehw_YftZ3HIowpddyjyhg1dp_VKijpV,Ae.Albopictus_1M_14D_25C_SmallCylinder_LowMic_Cut29_16bit.wav,mosquito,Aedes albopictus,aedes_albopictus,M,1M,14D,25C,SmallCylinder,LowMic,cut29,,,,ae.albopictus_1m_14d_25c_smallcylinder,inferred_filename_source_family; merges cuts and microphone variants; individual/session identity UNKNOWN,0.5265,8000,1,PCM_16,4212,e299ad6f2a56f3460141ab5483b72ccd6c4ed6394c4cf99de5f64670b52aca9a,8b9cdb5b84537e6b462d6e04562f309f5f23697eedb3f9ab1aaad588cb135e49,testing,testing,HOLD: source-family grouping is not verified individual/session independence; shorter than original 1-second context; no padding/looping/concatenation authorized,False,raw/mosquito/Ae.Albopictus_1M_14D_25C_SmallCylinder_LowMic_Cut29_16bit.wav
11mIZU58vG9pX9SpO_xOSccNVJ-F0pkhy,Ae.Albopictus_1M_14D_25C_SmallCylinder_LowMic_Cut2_16bit.wav,mosquito,Aedes albopictus,aedes_albopictus,M,1M,14D,25C,SmallCylinder,LowMic,cut2,,,,ae.albopictus_1m_14d_25c_smallcylinder,inferred_filename_source_family; merges cuts and microphone variants; individual/session identity UNKNOWN,3.831375,8000,1,PCM_16,30651,6f85da53486b8e2757509a789bf43d1fb1e1f4e354160bd093b731905e5fa5ff,4ad8e9d8b0fa528797137ae93881925935e8f98960ecd7b45f07fce918927f82,testing,testing,HOLD: source-family grouping is not verified individual/session independence,True,raw/mosquito/Ae.Albopictus_1M_14D_25C_SmallCylinder_LowMic_Cut2_16bit.wav
1Wdv1gk5s4Sh7NbQDSdQPhAMPl5rDMJZ0,Ae.Albopictus_1M_14D_25C_SmallCylinder_LowMic_Cut30_16bit.wav,mosquito,Aedes albopictus,aedes_albopictus,M,1M,14D,25C,SmallCylinder,LowMic,cut30,,,,ae.albopictus_1m_14d_25c_smallcylinder,inferred_filename_source_family; merges cuts and microphone variants; individual/session identity UNKNOWN,0.917,8000,1,PCM_16,7336,4ac9de45d27338294acd06cd535c91c536e282f98cf359c12cf6e7491e9874bd,7eb0af5c6b4832594e65db9bce069bc8324fcc122eef63b293f406c2d9445819,testing,testing,HOLD: source-family grouping is not verified individual/session independence; shorter than original 1-second context; no padding/looping/concatenation authorized,False,raw/mosquito/Ae.Albopictus_1M_14D_25C_SmallCylinder_LowMic_Cut30_16bit.wav
1EUO7klZH3SRcLrA-6CsJRbqKSdjaZEVx,Ae.Albopictus_1M_14D_25C_SmallCylinder_LowMic_Cut31_16bit.wav,mosquito,Aedes albopictus,aedes_albopictus,M,1M,14D,25C,SmallCylinder,LowMic,cut31,,,,ae.albopictus_1m_14d_25c_smallcylinder,inferred_filename_source_family; merges cuts and microphone variants; individual/session identity UNKNOWN,3.7385,8000,1,PCM_16,29908,1a2cafd531526476d67766e555952b1bc88b318be4548f7c90ffc6c5467a61cf,e3fad89069fc156c9a22f9a993ed155f557367da2e76821d09ccc039a9aaa7d2,testing,testing,HOLD: source-family grouping is not verified individual/session independence,True,raw/mosquito/Ae.Albopictus_1M_14D_25C_SmallCylinder_LowMic_Cut31_16bit.wav
1Zxp23ur5ox1s6btF9i6oFnm0RFuugH1G,Ae.Albopictus_1M_14D_25C_SmallCylinder_LowMic_Cut32_16bit.wav,mosquito,Aedes albopictus,aedes_albopictus,M,1M,14D,25C,SmallCylinder,LowMic,cut32,,,,ae.albopictus_1m_14d_25c_smallcylinder,inferred_filename_source_family; merges cuts and microphone variants; individual/session identity UNKNOWN,2.322,8000,1,PCM_16,18576,0255765dc8a217fa9d3ff14ab1a0184dbf89034131beba306de9e237340d6b42,6abf5110dcaf7cd68d6c5dc404d44b0aff97d3307aae6dbdda8be1d49b8d589f,testing,testing,HOLD: source-family grouping is not verified individual/session independence,True,raw/mosquito/Ae.Albopictus_1M_14D_25C_SmallCylinder_LowMic_Cut32_16bit.wav
189MjWzEqfqGDhH7YDKG_Uz1jtoU67RsX,Ae.Albopictus_1M_14D_25C_SmallCylinder_LowMic_Cut33_16bit.wav,mosquito,Aedes albopictus,aedes_albopictus,M,1M,14D,25C,SmallCylinder,LowMic,cut33,,,,ae.albopictus_1m_14d_25c_smallcylinder,inferred_filename_source_family; merges cuts and microphone variants; individual/session identity UNKNOWN,4.40025,8000,1,PCM_16,35202,4c42c4bd54c221641c781c39ad5da5620e29c33cccb8b7178b576edbb8d4317a,ca713c091abf8174f804a2e0d2f8f228b1bbc87fa2c0a2d3a8abce8ce51ab413,testing,testing,HOLD: source-family grouping is not verified individual/session independence,True,raw/mosquito/Ae.Albopictus_1M_14D_25C_SmallCylinder_LowMic_Cut33_16bit.wav
173jAU_3FD41QyW1Q9GKG8o7EAWokZIGw,Ae.Albopictus_1M_14D_25C_SmallCylinder_LowMic_Cut34_16bit.wav,mosquito,Aedes albopictus,aedes_albopictus,M,1M,14D,25C,SmallCylinder,LowMic,cut34,,,,ae.albopictus_1m_14d_25c_smallcylinder,inferred_filename_source_family; merges cuts and microphone variants; individual/session identity UNKNOWN,1.76475,8000,1,PCM_16,14118,386e80e86f0e0e377bdc7ec6050009c55bd087f238af45e890a2ac66e183756b,b3b65ecdb48a860109633abc960d5b1f3da36383af18ef5836f13a401fb6e3a4,testing,testing,HOLD: source-family grouping is not verified individual/session independence,True,raw/mosquito/Ae.Albopictus_1M_14D_25C_SmallCylinder_LowMic_Cut34_16bit.wav
12qxqXafbP9Gfq1oniZso10PV-YXxVz0p,Ae.Albopictus_1M_14D_25C_SmallCylinder_LowMic_Cut35_16bit.wav,mosquito,Aedes albopictus,aedes_albopictus,M,1M,14D,25C,SmallCylinder,LowMic,cut35,,,,ae.albopictus_1m_14d_25c_smallcylinder,inferred_filename_source_family; merges cuts and microphone variants; individual/session identity UNKNOWN,1.8925,8000,1,PCM_16,15140,6c8765205cbffe0919293ac22d74c35a1ad0e5d87202fbd474a81ad4e649bb5c,aad8947e8023faa6a297a921315bc821ea0da7887cc6628d16316dc22eaae465,testing,testing,HOLD: source-family grouping is not verified individual/session independence,True,raw/mosquito/Ae.Albopictus_1M_14D_25C_SmallCylinder_LowMic_Cut35_16bit.wav
1DO9-Qmzp0zf3MPvnsWqvKCVUUTlsVDMX,Ae.Albopictus_1M_14D_25C_SmallCylinder_LowMic_Cut36_16bit.wav,mosquito,Aedes albopictus,aedes_albopictus,M,1M,14D,25C,SmallCylinder,LowMic,cut36,,,,ae.albopictus_1m_14d_25c_smallcylinder,inferred_filename_source_family; merges cuts and microphone variants; individual/session identity UNKNOWN,2.206,8000,1,PCM_16,17648,b4585fa10b6c70b3f65f415a8e894948c7477cde2ef1012d1443c113da129665,906206a088e89e72378f40e09ec8d1b8afbca28f331b2dfb35f40cd798662493,testing,testing,HOLD: source-family grouping is not verified individual/session independence,True,raw/mosquito/Ae.Albopictus_1M_14D_25C_SmallCylinder_LowMic_Cut36_16bit.wav
1nFu-6PwQyGyag7-fspTHlKl_peQPqRqq,Ae.Albopictus_1M_14D_25C_SmallCylinder_LowMic_Cut37_16bit.wav,mosquito,Aedes albopictus,aedes_albopictus,M,1M,14D,25C,SmallCylinder,LowMic,cut37,,,,ae.albopictus_1m_14d_25c_smallcylinder,inferred_filename_source_family; merges cuts and microphone variants; individual/session identity UNKNOWN,1.753125,8000,1,PCM_16,14025,5e0ed7e2787ef6f848d3bc8fd817a05c4140f7185057c8e66d8d4c024fe0c00c,737693b639fe47c82f8963e657b3042fa416c68a571a8da11407d6d771c67612,testing,testing,HOLD: source-family grouping is not verified individual/session independence,True,raw/mosquito/Ae.Albopictus_1M_14D_25C_SmallCylinder_LowMic_Cut37_16bit.wav
16LzPg4hCkLnhLnbyHfyibue78excJDLH,Ae.Albopictus_1M_14D_25C_SmallCylinder_LowMic_Cut38_16bit.wav,mosquito,Aedes albopictus,aedes_albopictus,M,1M,14D,25C,SmallCylinder,LowMic,cut38,,,,ae.albopictus_1m_14d_25c_smallcylinder,inferred_filename_source_family; merges cuts and microphone variants; individual/session identity UNKNOWN,2.055,8000,1,PCM_16,16440,43b5295f6cc01bde9a2976e487fa5b090270ed2f91d48c2f7ae186e423523d55,2f72dcbf0d83ce5652a2009767ef5985c2d72fd102f91b88674ea4872ec7f293,testing,testing,HOLD: source-family grouping is not verified individual/session independence,True,raw/mosquito/Ae.Albopictus_1M_14D_25C_SmallCylinder_LowMic_Cut38_16bit.wav
1wu4_F6uVtN7OmbtudHpZqJLYtGs2Wf-n,Ae.Albopictus_1M_14D_25C_SmallCylinder_LowMic_Cut39_16bit.wav,mosquito,Aedes albopictus,aedes_albopictus,M,1M,14D,25C,SmallCylinder,LowMic,cut39,,,,ae.albopictus_1m_14d_25c_smallcylinder,inferred_filename_source_family; merges cuts and microphone variants; individual/session identity UNKNOWN,1.45125,8000,1,PCM_16,11610,3f0b44aeeb8d9a498f1cca99577b3ffc748d2c5cbd9fb93c99c08755cbdbc6cd,02b3e5f0a0da86a5e877956a11609e41a55709b8db61f42b4742115a469edceb,testing,testing,HOLD: source-family grouping is not verified individual/session independence,True,raw/mosquito/Ae.Albopictus_1M_14D_25C_SmallCylinder_LowMic_Cut39_16bit.wav
1E0ss2Y8fihhADfftdjd4WSoj5YDmnrL_,Ae.Albopictus_1M_14D_25C_SmallCylinder_LowMic_Cut3_16bit.wav,mosquito,Aedes albopictus,aedes_albopictus,M,1M,14D,25C,SmallCylinder,LowMic,cut3,,,,ae.albopictus_1m_14d_25c_smallcylinder,inferred_filename_source_family; merges cuts and microphone variants; individual/session identity UNKNOWN,1.73,8000,1,PCM_16,13840,a709a97810fb0066a8a1799cb5dda3d0766206d837213c2f2435feffa22cb3ba,f7b8ace9adbbb894932cacce71fbeba86d478382a0978f55d806cc8b9b879141,testing,testing,HOLD: source-family grouping is not verified individual/session independence,True,raw/mosquito/Ae.Albopictus_1M_14D_25C_SmallCylinder_LowMic_Cut3_16bit.wav
1Ur_n6Kvrfrw1n_CdA2sJKpOMUjSep09E,Ae.Albopictus_1M_14D_25C_SmallCylinder_LowMic_Cut40_16bit.wav,mosquito,Aedes albopictus,aedes_albopictus,M,1M,14D,25C,SmallCylinder,LowMic,cut40,,,,ae.albopictus_1m_14d_25c_smallcylinder,inferred_filename_source_family; merges cuts and microphone variants; individual/session identity UNKNOWN,3.575875,8000,1,PCM_16,28607,47bb2d4c6d3047088bae43f7e2f86018c0268eadb95a067b5a305908feb83d79,3c0cae9ebd981cf6899e869dfaad9f5fa708148fbd0923fb8db104c5696ffea9,testing,testing,HOLD: source-family grouping is not verified individual/session independence,True,raw/mosquito/Ae.Albopictus_1M_14D_25C_SmallCylinder_LowMic_Cut40_16bit.wav
1QXMFISYxNFYATdCqJc58AIywGVcQGK4w,Ae.Albopictus_1M_14D_25C_SmallCylinder_LowMic_Cut41_16bit.wav,mosquito,Aedes albopictus,aedes_albopictus,M,1M,14D,25C,SmallCylinder,LowMic,cut41,,,,ae.albopictus_1m_14d_25c_smallcylinder,inferred_filename_source_family; merges cuts and microphone variants; individual/session identity UNKNOWN,2.194375,8000,1,PCM_16,17555,11cee053fded58d1481aa4095ec8e5700c54c232b6579b77d345ad930d9d8baf,a0ba71e014fb2c9983353a82d3f1eaab182671ee4a1ad364103db8de1186d918,testing,testing,HOLD: source-family grouping is not verified individual/session independence,True,raw/mosquito/Ae.Albopictus_1M_14D_25C_SmallCylinder_LowMic_Cut41_16bit.wav
1yDVr7ve34vKv87ITufLMLo_nzTc7o7Sn,Ae.Albopictus_1M_14D_25C_SmallCylinder_LowMic_Cut42_16bit.wav,mosquito,Aedes albopictus,aedes_albopictus,M,1M,14D,25C,SmallCylinder,LowMic,cut42,,,,ae.albopictus_1m_14d_25c_smallcylinder,inferred_filename_source_family; merges cuts and microphone variants; individual/session identity UNKNOWN,2.65875,8000,1,PCM_16,21270,30bc3fcb33e6d0c508daad32a4e73317512a435e445e110c472fedf6285cb057,a0c1a659d2a5cb8a9ba9d9c9d7d513a92320800b27484484c837ce063c5216ac,testing,testing,HOLD: source-family grouping is not verified individual/session independence,True,raw/mosquito/Ae.Albopictus_1M_14D_25C_SmallCylinder_LowMic_Cut42_16bit.wav
1-hz9Guc-IHqKDuu5PyxGa92qMI5uzOVo,Ae.Albopictus_1M_14D_25C_SmallCylinder_LowMic_Cut43_16bit.wav,mosquito,Aedes albopictus,aedes_albopictus,M,1M,14D,25C,SmallCylinder,LowMic,cut43,,,,ae.albopictus_1m_14d_25c_smallcylinder,inferred_filename_source_family; merges cuts and microphone variants; individual/session identity UNKNOWN,0.75475,8000,1,PCM_16,6038,bc56b4a0736d4cd133c330b0cbe4e8f2f78d737c52797bb0106a604575a200da,0a54e48d18278594fcdb4cc0d3eb4873cd93e67118a69270347c87c3b3e1b878,testing,testing,HOLD: source-family grouping is not verified individual/session independence; shorter than original 1-second context; no padding/looping/concatenation authorized,False,raw/mosquito/Ae.Albopictus_1M_14D_25C_SmallCylinder_LowMic_Cut43_16bit.wav
1-cwlpSfUuck6L7vrr1xe171-ebPKk1VW,Ae.Albopictus_1M_14D_25C_SmallCylinder_LowMic_Cut44_16bit.wav,mosquito,Aedes albopictus,aedes_albopictus,M,1M,14D,25C,SmallCylinder,LowMic,cut44,,,,ae.albopictus_1m_14d_25c_smallcylinder,inferred_filename_source_family; merges cuts and microphone variants; individual/session identity UNKNOWN,3.1115,8000,1,PCM_16,24892,cc7881388faffc47683416162fb00e020cb0f404a14d6d345dce3f750036db7c,e3fab1517efd1bef60e98f5bc936f4a27447db427dc4be0af9b24e3662cbdd7e,testing,testing,HOLD: source-family grouping is not verified individual/session independence,True,raw/mosquito/Ae.Albopictus_1M_14D_25C_SmallCylinder_LowMic_Cut44_16bit.wav
1Cm6ZIuvJjVf_6a4waGraKMNj-EVINMAt,Ae.Albopictus_1M_14D_25C_SmallCylinder_LowMic_Cut45_16bit.wav,mosquito,Aedes albopictus,aedes_albopictus,M,1M,14D,25C,SmallCylinder,LowMic,cut45,,,,ae.albopictus_1m_14d_25c_smallcylinder,inferred_filename_source_family; merges cuts and microphone variants; individual/session identity UNKNOWN,4.319,8000,1,PCM_16,34552,5a9bd9cf197448cd5becac0ecbd408151fa4493782da19d63635bfcdd0e4ed9c,5c310e5824bcc770ad18ef323b64b42c811d2dd006c3080f967fb99501a2e18b,testing,testing,HOLD: source-family grouping is not verified individual/session independence,True,raw/mosquito/Ae.Albopictus_1M_14D_25C_SmallCylinder_LowMic_Cut45_16bit.wav
1ajkG8JAXPbM_hlnJAasBz6z7JHmFkrB3,Ae.Albopictus_1M_14D_25C_SmallCylinder_LowMic_Cut4_16bit.wav,mosquito,Aedes albopictus,aedes_albopictus,M,1M,14D,25C,SmallCylinder,LowMic,cut4,,,,ae.albopictus_1m_14d_25c_smallcylinder,inferred_filename_source_family; merges cuts and microphone variants; individual/session identity UNKNOWN,1.49775,8000,1,PCM_16,11982,2ecbd847ac8753a7949d4173e2a73f8ed3e00a818052832be29b9f3688400e9f,eaa07589f56a75d683a55688d2dcbd124b11aaddf6704a241ba458af265d9098,testing,testing,HOLD: source-family grouping is not verified individual/session independence,True,raw/mosquito/Ae.Albopictus_1M_14D_25C_SmallCylinder_LowMic_Cut4_16bit.wav
1INnDzHPEEVMbtT0ApJzFAhLnGLSaGp_7,Ae.Albopictus_1M_14D_25C_SmallCylinder_LowMic_Cut5_16bit.wav,mosquito,Aedes albopictus,aedes_albopictus,M,1M,14D,25C,SmallCylinder,LowMic,cut5,,,,ae.albopictus_1m_14d_25c_smallcylinder,inferred_filename_source_family; merges cuts and microphone variants; individual/session identity UNKNOWN,4.0635,8000,1,PCM_16,32508,dc9e387f49904202a6571f54ee686fd50dbaba8e90007d988494904127e5213b,20019416b67def23864a004e6fd77105d2d390141464e27c05dce3bef6326078,testing,testing,HOLD: source-family grouping is not verified individual/session independence,True,raw/mosquito/Ae.Albopictus_1M_14D_25C_SmallCylinder_LowMic_Cut5_16bit.wav
1hX-inH1VUu1tYqmn9EdX9coZHo77nJc6,Ae.Albopictus_1M_14D_25C_SmallCylinder_LowMic_Cut6_16bit.wav,mosquito,Aedes albopictus,aedes_albopictus,M,1M,14D,25C,SmallCylinder,LowMic,cut6,,,,ae.albopictus_1m_14d_25c_smallcylinder,inferred_filename_source_family; merges cuts and microphone variants; individual/session identity UNKNOWN,2.34525,8000,1,PCM_16,18762,98d4f00bc87eae340340722d0310b09de93b43c3b3c7bebc79668967b8aafddb,cf58103c289f5f2d9a8057e09f22625fabcd031c949514fc400af3939774e0c6,testing,testing,HOLD: source-family grouping is not verified individual/session independence,True,raw/mosquito/Ae.Albopictus_1M_14D_25C_SmallCylinder_LowMic_Cut6_16bit.wav
1lxzPYrX5VsKkJfKA4RIn0M294QmxE8Oz,Ae.Albopictus_1M_14D_25C_SmallCylinder_LowMic_Cut7_16bit.wav,mosquito,Aedes albopictus,aedes_albopictus,M,1M,14D,25C,SmallCylinder,LowMic,cut7,,,,ae.albopictus_1m_14d_25c_smallcylinder,inferred_filename_source_family; merges cuts and microphone variants; individual/session identity UNKNOWN,3.0535,8000,1,PCM_16,24428,29b193659bb71e610163879fffbbd589b854bb28750c31fdffcb26850c2d97ae,1a898a148a5bbc9826dc603781f2acbc0282d2ebc51720291a2924c9452fb9ba,testing,testing,HOLD: source-family grouping is not verified individual/session independence,True,raw/mosquito/Ae.Albopictus_1M_14D_25C_SmallCylinder_LowMic_Cut7_16bit.wav
1hvNvgPBzbV89Q8sNARJ8VxtLUbtas_cW,Ae.Albopictus_1M_14D_25C_SmallCylinder_LowMic_Cut8_16bit.wav,mosquito,Aedes albopictus,aedes_albopictus,M,1M,14D,25C,SmallCylinder,LowMic,cut8,,,,ae.albopictus_1m_14d_25c_smallcylinder,inferred_filename_source_family; merges cuts and microphone variants; individual/session identity UNKNOWN,1.23075,8000,1,PCM_16,9846,7e9948a19c13937af0007346e0978abf9d06289541f1d3b3f9bd00258c03aada,7a4f0df0235687d72088935dac4d9608287d364a0eff8332a43803641be763e7,testing,testing,HOLD: source-family grouping is not verified individual/session independence,True,raw/mosquito/Ae.Albopictus_1M_14D_25C_SmallCylinder_LowMic_Cut8_16bit.wav
1aE94rzoMTEWpMYC7c510N6fwPkf1RVs5,Ae.Albopictus_1M_14D_25C_SmallCylinder_LowMic_Cut9_16bit.wav,mosquito,Aedes albopictus,aedes_albopictus,M,1M,14D,25C,SmallCylinder,LowMic,cut9,,,,ae.albopictus_1m_14d_25c_smallcylinder,inferred_filename_source_family; merges cuts and microphone variants; individual/session identity UNKNOWN,1.880875,8000,1,PCM_16,15047,99d3c234de7decdc77a6b0de7cc9e1b5d59c8825943e7f5996d8ce02e1f8ad06,bf9c1b4bd07d74140f99dc965ccb3576bdbd1216904a7e656419a7bca58f8c5c,testing,testing,HOLD: source-family grouping is not verified individual/session independence,True,raw/mosquito/Ae.Albopictus_1M_14D_25C_SmallCylinder_LowMic_Cut9_16bit.wav
1-4AYm4gj2gcyKHUgye-t1WzvooLum64x,Ae.Albopictus_1M_7D_25C_SmallCylinder_cut10_16bit.wav,mosquito,Aedes albopictus,aedes_albopictus,M,1M,7D,25C,SmallCylinder,unmarked,cut10,,,,ae.albopictus_1m_7d_25c_smallcylinder,inferred_filename_source_family; merges cuts and microphone variants; individual/session identity UNKNOWN,1.226,8000,1,PCM_16,9808,7d1cc8eadd46fba1ca876984bfb69d1d0b8dbfa1a58f2ee34de3bd2fa9174990,1bb7e87a9540cf820d3578930cc38df81667bfbc25b89b8789e3dd856fc18716,training,training,HOLD: source-family grouping is not verified individual/session independence,True,raw/mosquito/Ae.Albopictus_1M_7D_25C_SmallCylinder_cut10_16bit.wav
1XUPs7siUi6zegrmtTysDHkQ1rlVYBhH8,Ae.Albopictus_1M_7D_25C_SmallCylinder_cut11_16bit.wav,mosquito,Aedes albopictus,aedes_albopictus,M,1M,7D,25C,SmallCylinder,unmarked,cut11,,,,ae.albopictus_1m_7d_25c_smallcylinder,inferred_filename_source_family; merges cuts and microphone variants; individual/session identity UNKNOWN,2.068,8000,1,PCM_16,16544,4fccce3c81153ca9eba89f6985201ce4f521f0d37d8feca90f632388a66097b8,af366a10c153552792662acb8a04730a3d7090cce3ede553a82b291c7902a14f,training,training,HOLD: source-family grouping is not verified individual/session independence,True,raw/mosquito/Ae.Albopictus_1M_7D_25C_SmallCylinder_cut11_16bit.wav
1eIDWqeZta6C7fG3ov9ua2SLy5LgB6PVJ,Ae.Albopictus_1M_7D_25C_SmallCylinder_cut12_16bit.wav,mosquito,Aedes albopictus,aedes_albopictus,M,1M,7D,25C,SmallCylinder,unmarked,cut12,,,,ae.albopictus_1m_7d_25c_smallcylinder,inferred_filename_source_family; merges cuts and microphone variants; individual/session identity UNKNOWN,1.75625,8000,1,PCM_16,14050,8b2aab98a588566dfc7bca3512dd5151a2bcbc936611708e3336597c60788a56,5ba258316c971578fee7fe163e4fa9ee50384c4aeecfb3bae53aec0096d92f90,training,training,HOLD: source-family grouping is not verified individual/session independence,True,raw/mosquito/Ae.Albopictus_1M_7D_25C_SmallCylinder_cut12_16bit.wav
16rJOaGE_1ha2AkWq627pk48HDnmX7uLM,Ae.Albopictus_1M_7D_25C_SmallCylinder_cut13_16bit.wav,mosquito,Aedes albopictus,aedes_albopictus,M,1M,7D,25C,SmallCylinder,unmarked,cut13,,,,ae.albopictus_1m_7d_25c_smallcylinder,inferred_filename_source_family; merges cuts and microphone variants; individual/session identity UNKNOWN,1.715,8000,1,PCM_16,13720,02831884b0f41dfa27fb8634eb620ae46fdcb8df1c9415d6ebacf4c80e670ced,895eb4e864aeab85903fe67e7eba9c35af1ec0e17fc598bbb11b06e3d234e635,training,training,HOLD: source-family grouping is not verified individual/session independence,True,raw/mosquito/Ae.Albopictus_1M_7D_25C_SmallCylinder_cut13_16bit.wav
1TVCjS6x2qSCTYPfV8UQD4bF1pUBDLhvP,Ae.Albopictus_1M_7D_25C_SmallCylinder_cut14_16bit.wav,mosquito,Aedes albopictus,aedes_albopictus,M,1M,7D,25C,SmallCylinder,unmarked,cut14,,,,ae.albopictus_1m_7d_25c_smallcylinder,inferred_filename_source_family; merges cuts and microphone variants; individual/session identity UNKNOWN,1.274,8000,1,PCM_16,10192,77acfd385245ffdb8963210e25563136ba3463c85ac9048d537100f6dd4b3914,14f44e151eaf80fa160589545e9216cd6259e362378da33b5b90db28f06dfb7c,training,training,HOLD: source-family grouping is not verified individual/session independence,True,raw/mosquito/Ae.Albopictus_1M_7D_25C_SmallCylinder_cut14_16bit.wav
12HsKnCfBjW6czSJUaTAZryEF_quDW13e,Ae.Albopictus_1M_7D_25C_SmallCylinder_cut15_16bit.wav,mosquito,Aedes albopictus,aedes_albopictus,M,1M,7D,25C,SmallCylinder,unmarked,cut15,,,,ae.albopictus_1m_7d_25c_smallcylinder,inferred_filename_source_family; merges cuts and microphone variants; individual/session identity UNKNOWN,1.098,8000,1,PCM_16,8784,53776243c000b41f0f7a470997faecfd9dd1d92734fef9740011fb84f7f5c84f,6e463e64a20ca085fc270844a1a5210b5cfd74665c4908ceda6a9f241104ae33,training,training,HOLD: source-family grouping is not verified individual/session independence,True,raw/mosquito/Ae.Albopictus_1M_7D_25C_SmallCylinder_cut15_16bit.wav
136UNksrIUh6GagfQq9eVIBbXUclsj7nh,Ae.Albopictus_1M_7D_25C_SmallCylinder_cut16_16bit.wav,mosquito,Aedes albopictus,aedes_albopictus,M,1M,7D,25C,SmallCylinder,unmarked,cut16,,,,ae.albopictus_1m_7d_25c_smallcylinder,inferred_filename_source_family; merges cuts and microphone variants; individual/session identity UNKNOWN,0.957,8000,1,PCM_16,7656,12994150d0d6599af90b6ed0330c1f493090f4545c8eb483ff9ec8312c68dbf6,023e9811b5aa70278ef18c365bacb670b8387bfb527135139f7735493ced98ba,training,training,HOLD: source-family grouping is not verified individual/session independence; shorter than original 1-second context; no padding/looping/concatenation authorized,False,raw/mosquito/Ae.Albopictus_1M_7D_25C_SmallCylinder_cut16_16bit.wav
1N0B-HlZmzok4NJ_Qaj_EaDP85ZUMyneg,Ae.Albopictus_1M_7D_25C_SmallCylinder_cut17_16bit.wav,mosquito,Aedes albopictus,aedes_albopictus,M,1M,7D,25C,SmallCylinder,unmarked,cut17,,,,ae.albopictus_1m_7d_25c_smallcylinder,inferred_filename_source_family; merges cuts and microphone variants; individual/session identity UNKNOWN,0.879,8000,1,PCM_16,7032,fd95dfb20ff6df10a2ed8c60def909be0730e0f33593b8127bc52e51cb1fe2f2,ce4c13d4eb06bd50f6fdeaf0379c316bb08fe982dd55c3886cd03ce0db8083f9,training,training,HOLD: source-family grouping is not verified individual/session independence; shorter than original 1-second context; no padding/looping/concatenation authorized,False,raw/mosquito/Ae.Albopictus_1M_7D_25C_SmallCylinder_cut17_16bit.wav
1gUDOd45PM3bIZE9Vdc5fUhboRLtTFP4_,Ae.Albopictus_1M_7D_25C_SmallCylinder_cut18_16bit.wav,mosquito,Aedes albopictus,aedes_albopictus,M,1M,7D,25C,SmallCylinder,unmarked,cut18,,,,ae.albopictus_1m_7d_25c_smallcylinder,inferred_filename_source_family; merges cuts and microphone variants; individual/session identity UNKNOWN,2.625,8000,1,PCM_16,21000,5b4bce285fcbaa72224581036d3fc1c799c3985baaf0a740bafe826f3ed6e383,4bad7caa745560e09e8f9e66c0b8323066251c86f22a7a3557a12732a2c59470,training,training,HOLD: source-family grouping is not verified individual/session independence,True,raw/mosquito/Ae.Albopictus_1M_7D_25C_SmallCylinder_cut18_16bit.wav
1AC4SwX2FTeLmMORLR_WwzqYOGo0hyt5j,Ae.Albopictus_1M_7D_25C_SmallCylinder_cut19_16bit.wav,mosquito,Aedes albopictus,aedes_albopictus,M,1M,7D,25C,SmallCylinder,unmarked,cut19,,,,ae.albopictus_1m_7d_25c_smallcylinder,inferred_filename_source_family; merges cuts and microphone variants; individual/session identity UNKNOWN,1.095,8000,1,PCM_16,8760,5c5b34308a8edd444a996dfa1348c3e7ef35f8563fd5d0758be0b6a70d3f54f5,1d3e60611600fc60c6323298643d85d26903d857a1937d69469688e0ba0bf197,training,training,HOLD: source-family grouping is not verified individual/session independence,True,raw/mosquito/Ae.Albopictus_1M_7D_25C_SmallCylinder_cut19_16bit.wav
1qrhMw4eGnyH9C40VE8pExevYMcsAY8Ew,Ae.Albopictus_1M_7D_25C_SmallCylinder_cut1_16bit.wav,mosquito,Aedes albopictus,aedes_albopictus,M,1M,7D,25C,SmallCylinder,unmarked,cut1,,,,ae.albopictus_1m_7d_25c_smallcylinder,inferred_filename_source_family; merges cuts and microphone variants; individual/session identity UNKNOWN,3.0625,8000,1,PCM_16,24500,235eb643b3c7cab7a14a2b3f59fbb526ad03aa7e312fb2cf8666c258bea0ce9e,4b777ae45fa445c03c301ecd58e240c3f1a52cd37d1e67a1212f2b8476ddda74,training,training,HOLD: source-family grouping is not verified individual/session independence,True,raw/mosquito/Ae.Albopictus_1M_7D_25C_SmallCylinder_cut1_16bit.wav
1EIzyQzs3ingLEO8VcgCZsJxc5y1_wpmN,Ae.Albopictus_1M_7D_25C_SmallCylinder_cut20_16bit.wav,mosquito,Aedes albopictus,aedes_albopictus,M,1M,7D,25C,SmallCylinder,unmarked,cut20,,,,ae.albopictus_1m_7d_25c_smallcylinder,inferred_filename_source_family; merges cuts and microphone variants; individual/session identity UNKNOWN,1.002,8000,1,PCM_16,8016,054ae754113ac95c8ea128a0578765ea37868c670e5239c74562e800eaacd497,b0644f26070eb83a90f52d8fcfe28a1016619c8aa8a1cf5f8813a1194be3888a,training,training,HOLD: source-family grouping is not verified individual/session independence,True,raw/mosquito/Ae.Albopictus_1M_7D_25C_SmallCylinder_cut20_16bit.wav
19hryPF1DoJQvwZFa45z0XJBT8TJB9rOw,Ae.Albopictus_1M_7D_25C_SmallCylinder_cut21_16bit.wav,mosquito,Aedes albopictus,aedes_albopictus,M,1M,7D,25C,SmallCylinder,unmarked,cut21,,,,ae.albopictus_1m_7d_25c_smallcylinder,inferred_filename_source_family; merges cuts and microphone variants; individual/session identity UNKNOWN,1.45,8000,1,PCM_16,11600,06275b0c1cac9cc9615a979f3270f7a4af11cccaa2363b692b66e3695ecb499f,bc2a090548640ff805ad2c372cbaf61ed77efc99e8b24ca7de0ef3421c7ebdd6,training,training,HOLD: source-family grouping is not verified individual/session independence,True,raw/mosquito/Ae.Albopictus_1M_7D_25C_SmallCylinder_cut21_16bit.wav
18skYq5xHl341vP1IrQH4Wtw5ZIpu2ziH,Ae.Albopictus_1M_7D_25C_SmallCylinder_cut22_16bit.wav,mosquito,Aedes albopictus,aedes_albopictus,M,1M,7D,25C,SmallCylinder,unmarked,cut22,,,,ae.albopictus_1m_7d_25c_smallcylinder,inferred_filename_source_family; merges cuts and microphone variants; individual/session identity UNKNOWN,2.0,8000,1,PCM_16,16000,adfd5b50bf7f18cef4a13d76e89c78b6678d46a72a224f768dfb1dd23d3e1a5d,0125ffc9a5bf1333e62f021b97f385864e3175e086849fb9f4d730b8d17fdaa4,training,training,HOLD: source-family grouping is not verified individual/session independence,True,raw/mosquito/Ae.Albopictus_1M_7D_25C_SmallCylinder_cut22_16bit.wav
1SMboA6EzOMAxta9A7i92fYqPPoBcOvxF,Ae.Albopictus_1M_7D_25C_SmallCylinder_cut23_16bit.wav,mosquito,Aedes albopictus,aedes_albopictus,M,1M,7D,25C,SmallCylinder,unmarked,cut23,,,,ae.albopictus_1m_7d_25c_smallcylinder,inferred_filename_source_family; merges cuts and microphone variants; individual/session identity UNKNOWN,0.634,8000,1,PCM_16,5072,b6f6ce3ef5765dc186356a969c72e9cb5f86cffd688f572a93e3029963827e57,ba5ae38c206e8812e350d5a80fba1eb2207119c9bbb11fe5d65af655e6a55fd0,training,training,HOLD: source-family grouping is not verified individual/session independence; shorter than original 1-second context; no padding/looping/concatenation authorized,False,raw/mosquito/Ae.Albopictus_1M_7D_25C_SmallCylinder_cut23_16bit.wav
1oApuJhLOttaG9Xmeg3Jh6tSn-94AAnN9,Ae.Albopictus_1M_7D_25C_SmallCylinder_cut24_16bit.wav,mosquito,Aedes albopictus,aedes_albopictus,M,1M,7D,25C,SmallCylinder,unmarked,cut24,,,,ae.albopictus_1m_7d_25c_smallcylinder,inferred_filename_source_family; merges cuts and microphone variants; individual/session identity UNKNOWN,1.622,8000,1,PCM_16,12976,fe3986fca64280fbf06a2dcff8f3ba17b2493ac1caacafda073e27b288cbd829,9844eac67071cc982ab6b44b5c98014bf4e596e79da79cad336f70919ea9c035,training,training,HOLD: source-family grouping is not verified individual/session independence,True,raw/mosquito/Ae.Albopictus_1M_7D_25C_SmallCylinder_cut24_16bit.wav
1g2YvC2aos_z5oHXXuSVlwl9hOLSLdHmC,Ae.Albopictus_1M_7D_25C_SmallCylinder_cut25_16bit.wav,mosquito,Aedes albopictus,aedes_albopictus,M,1M,7D,25C,SmallCylinder,unmarked,cut25,,,,ae.albopictus_1m_7d_25c_smallcylinder,inferred_filename_source_family; merges cuts and microphone variants; individual/session identity UNKNOWN,1.475,8000,1,PCM_16,11800,1e86de8aab31402680711c80c2abb38c5c0c020a8232325646bbebdb74134e50,12cb4a14b35d387700e5e2ffbf6fb21e6670d883a0f0dc0ac989a9a8ad2cd8f0,training,training,HOLD: source-family grouping is not verified individual/session independence,True,raw/mosquito/Ae.Albopictus_1M_7D_25C_SmallCylinder_cut25_16bit.wav
19SUXHZ7uYqchySOYZas79tISROXpgdxT,Ae.Albopictus_1M_7D_25C_SmallCylinder_cut26_16bit.wav,mosquito,Aedes albopictus,aedes_albopictus,M,1M,7D,25C,SmallCylinder,unmarked,cut26,,,,ae.albopictus_1m_7d_25c_smallcylinder,inferred_filename_source_family; merges cuts and microphone variants; individual/session identity UNKNOWN,1.276,8000,1,PCM_16,10208,475d41765727cab082d2244d41f1424dfd02c07a032391ead1233c3e162bb0eb,41a87ec64530815e73d4cb8c9eb90680a0350b86f0ee698ad46d5e65156fcedb,training,training,HOLD: source-family grouping is not verified individual/session independence,True,raw/mosquito/Ae.Albopictus_1M_7D_25C_SmallCylinder_cut26_16bit.wav
1KqyRqhGMPadhdZMhVx3-DpVqH1Z60MyY,Ae.Albopictus_1M_7D_25C_SmallCylinder_cut27_16bit.wav,mosquito,Aedes albopictus,aedes_albopictus,M,1M,7D,25C,SmallCylinder,unmarked,cut27,,,,ae.albopictus_1m_7d_25c_smallcylinder,inferred_filename_source_family; merges cuts and microphone variants; individual/session identity UNKNOWN,0.759,8000,1,PCM_16,6072,b2b07b1359b5e4aa3d7a25ac978557c77a36c4ac45be0b159e552839ae9e4433,ecc4d0409044c64f266790e099240a3066832f830466589849dd7b4319c94042,training,training,HOLD: source-family grouping is not verified individual/session independence; shorter than original 1-second context; no padding/looping/concatenation authorized,False,raw/mosquito/Ae.Albopictus_1M_7D_25C_SmallCylinder_cut27_16bit.wav
168_u2HL0U8-5PCvzXU9pmv_LFtGS8E9K,Ae.Albopictus_1M_7D_25C_SmallCylinder_cut28_16bit.wav,mosquito,Aedes albopictus,aedes_albopictus,M,1M,7D,25C,SmallCylinder,unmarked,cut28,,,,ae.albopictus_1m_7d_25c_smallcylinder,inferred_filename_source_family; merges cuts and microphone variants; individual/session identity UNKNOWN,1.059,8000,1,PCM_16,8472,71be39b3f7707c9036d0b027ebea651d33588dc466a2e5670dc1e9e9f3a74de7,1fa9fababd4b0e5aec51e50dbc5bb4ed7355199dbdd58e4f6de25847d1e9d698,training,training,HOLD: source-family grouping is not verified individual/session independence,True,raw/mosquito/Ae.Albopictus_1M_7D_25C_SmallCylinder_cut28_16bit.wav
1HKtV21SPlY7vp5yFvrswlfKKpvooiUJw,Ae.Albopictus_1M_7D_25C_SmallCylinder_cut29_16bit.wav,mosquito,Aedes albopictus,aedes_albopictus,M,1M,7D,25C,SmallCylinder,unmarked,cut29,,,,ae.albopictus_1m_7d_25c_smallcylinder,inferred_filename_source_family; merges cuts and microphone variants; individual/session identity UNKNOWN,0.7,8000,1,PCM_16,5600,bd1ac5bd2a5ba3b71ba07b745a7c7229344dbdeb1b2811d40915e37249acc887,2de8a79a6aa5a9dcf06f5b2465069679b597ead685e93c664f66acef8673dcd5,training,training,HOLD: source-family grouping is not verified individual/session independence; shorter than original 1-second context; no padding/looping/concatenation authorized,False,raw/mosquito/Ae.Albopictus_1M_7D_25C_SmallCylinder_cut29_16bit.wav
1hpJ-euqLf6DPK7j-NXREKdPDfI7h6Kq5,Ae.Albopictus_1M_7D_25C_SmallCylinder_cut2_16bit.wav,mosquito,Aedes albopictus,aedes_albopictus,M,1M,7D,25C,SmallCylinder,unmarked,cut2,,,,ae.albopictus_1m_7d_25c_smallcylinder,inferred_filename_source_family; merges cuts and microphone variants; individual/session identity UNKNOWN,1.67,8000,1,PCM_16,13360,ab163cd1b60d8b573bbdb79ade0cf96d48515835aef29c2298bb281688f75ef4,e29ec8ba624abe3f1c3376579117033cf3aebda147ee046df87aa1738cbcca67,training,training,HOLD: source-family grouping is not verified individual/session independence,True,raw/mosquito/Ae.Albopictus_1M_7D_25C_SmallCylinder_cut2_16bit.wav
1g-AA3Yqz9iL_5ldO_EkocelJBAtfnRSL,Ae.Albopictus_1M_7D_25C_SmallCylinder_cut30_16bit.wav,mosquito,Aedes albopictus,aedes_albopictus,M,1M,7D,25C,SmallCylinder,unmarked,cut30,,,,ae.albopictus_1m_7d_25c_smallcylinder,inferred_filename_source_family; merges cuts and microphone variants; individual/session identity UNKNOWN,0.963,8000,1,PCM_16,7704,8261ee78874addff9362f6b96cca2031765edb1e6fb29e012847088c96b9cc5a,52cc9eb5252debabcb9b648c91659e7848750b93602df19bd2c669ae43ebadaf,training,training,HOLD: source-family grouping is not verified individual/session independence; shorter than original 1-second context; no padding/looping/concatenation authorized,False,raw/mosquito/Ae.Albopictus_1M_7D_25C_SmallCylinder_cut30_16bit.wav
1WDN4rG7T2aDFiaJXBOHCV0Nl7wFZXbpQ,Ae.Albopictus_1M_7D_25C_SmallCylinder_cut31_16bit.wav,mosquito,Aedes albopictus,aedes_albopictus,M,1M,7D,25C,SmallCylinder,unmarked,cut31,,,,ae.albopictus_1m_7d_25c_smallcylinder,inferred_filename_source_family; merges cuts and microphone variants; individual/session identity UNKNOWN,1.031,8000,1,PCM_16,8248,2fa936d23e79184d1ae4ebd8b350973eb7bcff7d26e51dab1e51f872d3bf4dda,4722019da83948a50a7ec70b7b56e73cf2b41b5e902eea712f2b4631fdc8ee9d,training,training,HOLD: source-family grouping is not verified individual/session independence,True,raw/mosquito/Ae.Albopictus_1M_7D_25C_SmallCylinder_cut31_16bit.wav
1XqvNijZ-HdvOZc1R4X1qiJu1pLp85RFg,Ae.Albopictus_1M_7D_25C_SmallCylinder_cut32_16bit.wav,mosquito,Aedes albopictus,aedes_albopictus,M,1M,7D,25C,SmallCylinder,unmarked,cut32,,,,ae.albopictus_1m_7d_25c_smallcylinder,inferred_filename_source_family; merges cuts and microphone variants; individual/session identity UNKNOWN,1.098,8000,1,PCM_16,8784,ceafd2a135bd86f47b58c41df68b14100d2dbdd97a8a5f3efb6e81e4432b3b24,a91c4845d384b12c862cf405d5a66ad11c5d597bd07a92d5344814226fad4030,training,training,HOLD: source-family grouping is not verified individual/session independence,True,raw/mosquito/Ae.Albopictus_1M_7D_25C_SmallCylinder_cut32_16bit.wav
1RaUL5LT3kaR3-2cYIrLLuP6lO33b-1qr,Ae.Albopictus_1M_7D_25C_SmallCylinder_cut33_16bit.wav,mosquito,Aedes albopictus,aedes_albopictus,M,1M,7D,25C,SmallCylinder,unmarked,cut33,,,,ae.albopictus_1m_7d_25c_smallcylinder,inferred_filename_source_family; merges cuts and microphone variants; individual/session identity UNKNOWN,1.697,8000,1,PCM_16,13576,53f9aa640b785ab524aa61982477baad259d4230bffc3478a2db62c78eb1e547,99d54e164118ce95cb9c77aa5591ffd850f6df58cce6da8d2af480d04b0989a6,training,training,HOLD: source-family grouping is not verified individual/session independence,True,raw/mosquito/Ae.Albopictus_1M_7D_25C_SmallCylinder_cut33_16bit.wav
1dH9ExP_1ZMIHYHEL3t7AyiopqWCJhyZe,Ae.Albopictus_1M_7D_25C_SmallCylinder_cut34_16bit.wav,mosquito,Aedes albopictus,aedes_albopictus,M,1M,7D,25C,SmallCylinder,unmarked,cut34,,,,ae.albopictus_1m_7d_25c_smallcylinder,inferred_filename_source_family; merges cuts and microphone variants; individual/session identity UNKNOWN,1.184,8000,1,PCM_16,9472,61a3f76b8d67afab0ec3982009a74e721a5f4d1d344b44e6cf37da22a72ece0a,9e61b07f5f65b39fe67299e9a9f38ba15ceb84a1b80a756171af145c1ad05437,training,training,HOLD: source-family grouping is not verified individual/session independence,True,raw/mosquito/Ae.Albopictus_1M_7D_25C_SmallCylinder_cut34_16bit.wav
1q6fSEjlZrLVX4B701YC1CwMdeoYmdTHO,Ae.Albopictus_1M_7D_25C_SmallCylinder_cut35_16bit.wav,mosquito,Aedes albopictus,aedes_albopictus,M,1M,7D,25C,SmallCylinder,unmarked,cut35,,,,ae.albopictus_1m_7d_25c_smallcylinder,inferred_filename_source_family; merges cuts and microphone variants; individual/session identity UNKNOWN,0.5,8000,1,PCM_16,4000,5f822c14ac04568dd1774c1038221dd2e2c75f812d825d4f467337d969f25d46,71e713d803026d29d269811c9d3480462eb7d333ed52862d8e3280cf95f805e9,training,training,HOLD: source-family grouping is not verified individual/session independence; shorter than original 1-second context; no padding/looping/concatenation authorized,False,raw/mosquito/Ae.Albopictus_1M_7D_25C_SmallCylinder_cut35_16bit.wav
1MhVBwPpvhoryw-wYTOaNAvdZHGJhY0Jp,Ae.Albopictus_1M_7D_25C_SmallCylinder_cut36_16bit.wav,mosquito,Aedes albopictus,aedes_albopictus,M,1M,7D,25C,SmallCylinder,unmarked,cut36,,,,ae.albopictus_1m_7d_25c_smallcylinder,inferred_filename_source_family; merges cuts and microphone variants; individual/session identity UNKNOWN,1.081,8000,1,PCM_16,8648,59c359dc3c4c913ec7dfff9c9e03a2c97000b82b16a20db49f541e2d3a8efa96,8a1b1d968a910ef6a17021c27fbe35f28415f89cc73c50119a885d31a6acec69,training,training,HOLD: source-family grouping is not verified individual/session independence,True,raw/mosquito/Ae.Albopictus_1M_7D_25C_SmallCylinder_cut36_16bit.wav
1OEQefBME9UV5ze5u7MZPkexkn5y-I6U_,Ae.Albopictus_1M_7D_25C_SmallCylinder_cut37_16bit.wav,mosquito,Aedes albopictus,aedes_albopictus,M,1M,7D,25C,SmallCylinder,unmarked,cut37,,,,ae.albopictus_1m_7d_25c_smallcylinder,inferred_filename_source_family; merges cuts and microphone variants; individual/session identity UNKNOWN,1.011,8000,1,PCM_16,8088,59fb3dbbcd614577723b6954d866f555a4d21bc37be9cb3ae3d1a649b8d99e8f,6868a543a1993d4f4c37ea15615a35ff8abe08aac9e2d4082c811420c0fc039b,training,training,HOLD: source-family grouping is not verified individual/session independence,True,raw/mosquito/Ae.Albopictus_1M_7D_25C_SmallCylinder_cut37_16bit.wav
1I_dpG0AIXVoypAvbayWU7ZWTXd4PARI9,Ae.Albopictus_1M_7D_25C_SmallCylinder_cut38_16bit.wav,mosquito,Aedes albopictus,aedes_albopictus,M,1M,7D,25C,SmallCylinder,unmarked,cut38,,,,ae.albopictus_1m_7d_25c_smallcylinder,inferred_filename_source_family; merges cuts and microphone variants; individual/session identity UNKNOWN,0.702,8000,1,PCM_16,5616,97782c2e8b29a70cdd61ddb01e0446a3a36cf60d637de3eb77b7f2587942e178,02539331cbd4b375858f1c378d3e0f520695754858a0b266d26fae290f42f665,training,training,HOLD: source-family grouping is not verified individual/session independence; shorter than original 1-second context; no padding/looping/concatenation authorized,False,raw/mosquito/Ae.Albopictus_1M_7D_25C_SmallCylinder_cut38_16bit.wav
1LUrW0JHyXP8_cinPFr0Ms1y0-AZ7IZoJ,Ae.Albopictus_1M_7D_25C_SmallCylinder_cut39_16bit.wav,mosquito,Aedes albopictus,aedes_albopictus,M,1M,7D,25C,SmallCylinder,unmarked,cut39,,,,ae.albopictus_1m_7d_25c_smallcylinder,inferred_filename_source_family; merges cuts and microphone variants; individual/session identity UNKNOWN,1.03,8000,1,PCM_16,8240,558d44eb3c8d584b2bd7d520a5a0a6b66343bcec217613f23022caf6d276e3ae,6216364086f8298ddd40b8f4391c1318c8f34060c13a536f249734b06c825d5d,training,training,HOLD: source-family grouping is not verified individual/session independence,True,raw/mosquito/Ae.Albopictus_1M_7D_25C_SmallCylinder_cut39_16bit.wav
1AM1xmDMRIdQr3X5JWe6-oIjgaXOe4VDg,Ae.Albopictus_1M_7D_25C_SmallCylinder_cut3_16bit.wav,mosquito,Aedes albopictus,aedes_albopictus,M,1M,7D,25C,SmallCylinder,unmarked,cut3,,,,ae.albopictus_1m_7d_25c_smallcylinder,inferred_filename_source_family; merges cuts and microphone variants; individual/session identity UNKNOWN,1.943,8000,1,PCM_16,15544,350866e601f1aed8b7c40f000886f45d274731262e075ca839d57ea71b80742c,3eb43da5087fd7c9628718dbaaf15b6a6a05769d885fd354b50acd845232ede5,training,training,HOLD: source-family grouping is not verified individual/session independence,True,raw/mosquito/Ae.Albopictus_1M_7D_25C_SmallCylinder_cut3_16bit.wav
1o1AsfF48W8bP5MwJf56d5_SawYGL2-L8,Ae.Albopictus_1M_7D_25C_SmallCylinder_cut40_16bit.wav,mosquito,Aedes albopictus,aedes_albopictus,M,1M,7D,25C,SmallCylinder,unmarked,cut40,,,,ae.albopictus_1m_7d_25c_smallcylinder,inferred_filename_source_family; merges cuts and microphone variants; individual/session identity UNKNOWN,1.304,8000,1,PCM_16,10432,5d16f21745d744bc3c20c0eaeedb3195ce1a3c4a5e689f54961476e73889852c,e9d96e0d1ef066a8d565ddcde2cfb880512a04f42286e356c48949b95204e073,training,training,HOLD: source-family grouping is not verified individual/session independence,True,raw/mosquito/Ae.Albopictus_1M_7D_25C_SmallCylinder_cut40_16bit.wav
1u_Ixl02rDYPplCWrlaxeed8cJAc0r_-z,Ae.Albopictus_1M_7D_25C_SmallCylinder_cut41_16bit.wav,mosquito,Aedes albopictus,aedes_albopictus,M,1M,7D,25C,SmallCylinder,unmarked,cut41,,,,ae.albopictus_1m_7d_25c_smallcylinder,inferred_filename_source_family; merges cuts and microphone variants; individual/session identity UNKNOWN,0.917,8000,1,PCM_16,7336,29a07e6cbb74c769d690329e836d647b6eaabcd91e8ed885a1a98dd68b2286cf,fbb16c21455a2d5e39b43d902ba28afdea0cdc44da0de699013d63773f77434c,training,training,HOLD: source-family grouping is not verified individual/session independence; shorter than original 1-second context; no padding/looping/concatenation authorized,False,raw/mosquito/Ae.Albopictus_1M_7D_25C_SmallCylinder_cut41_16bit.wav
15oKTalHX0TNz6jXTpqtkchgzFfZ8EDBR,Ae.Albopictus_1M_7D_25C_SmallCylinder_cut42_16bit.wav,mosquito,Aedes albopictus,aedes_albopictus,M,1M,7D,25C,SmallCylinder,unmarked,cut42,,,,ae.albopictus_1m_7d_25c_smallcylinder,inferred_filename_source_family; merges cuts and microphone variants; individual/session identity UNKNOWN,1.689,8000,1,PCM_16,13512,8f36d2e96e637e061ed236eb69e905bf3c57278cdcd35331bc1b84fe5e114f6f,64fc190b7d8797532c0ff0a6585cfb3dac203099c79f12b8a12d3ce33a0e52ce,training,training,HOLD: source-family grouping is not verified individual/session independence,True,raw/mosquito/Ae.Albopictus_1M_7D_25C_SmallCylinder_cut42_16bit.wav
11RsGWcfpRdqdLODAiU8Li7L5dAgRppJj,Ae.Albopictus_1M_7D_25C_SmallCylinder_cut43_16bit.wav,mosquito,Aedes albopictus,aedes_albopictus,M,1M,7D,25C,SmallCylinder,unmarked,cut43,,,,ae.albopictus_1m_7d_25c_smallcylinder,inferred_filename_source_family; merges cuts and microphone variants; individual/session identity UNKNOWN,2.344,8000,1,PCM_16,18752,f8af047def9fea637abcbfdc0f977fa45d8afead0ab90280df3d5231623c2f60,caea5859f44b93e9cc5c5fc9e2e29ad0cf5358d2553c2acb2461abe0d894a659,training,training,HOLD: source-family grouping is not verified individual/session independence,True,raw/mosquito/Ae.Albopictus_1M_7D_25C_SmallCylinder_cut43_16bit.wav
1jL1YW_Id7cLONmyR8jJ7JNMrIJWh9lEK,Ae.Albopictus_1M_7D_25C_SmallCylinder_cut44_16bit.wav,mosquito,Aedes albopictus,aedes_albopictus,M,1M,7D,25C,SmallCylinder,unmarked,cut44,,,,ae.albopictus_1m_7d_25c_smallcylinder,inferred_filename_source_family; merges cuts and microphone variants; individual/session identity UNKNOWN,1.279,8000,1,PCM_16,10232,1fb0fa6ef82a0126b4fb113bcb7fbf499659bc158c4ee795d1e869be7da0d426,6b022230fce0c3036343e66cc8afede020f07d2ba5c2b58d1e6acf8a7b77f1ad,training,training,HOLD: source-family grouping is not verified individual/session independence,True,raw/mosquito/Ae.Albopictus_1M_7D_25C_SmallCylinder_cut44_16bit.wav
1gIB2OervUMsALXMXlkbTPWDigBx4LvRE,Ae.Albopictus_1M_7D_25C_SmallCylinder_cut45_16bit.wav,mosquito,Aedes albopictus,aedes_albopictus,M,1M,7D,25C,SmallCylinder,unmarked,cut45,,,,ae.albopictus_1m_7d_25c_smallcylinder,inferred_filename_source_family; merges cuts and microphone variants; individual/session identity UNKNOWN,2.039,8000,1,PCM_16,16312,096d3ed81297caac3579afe6103e7e97aa80514f8dc8e0a55ee3eefe0c58ebb0,51316baa333913ffbb100e0c477d7ad3c01543006959686b95b4e77b34f590e8,training,training,HOLD: source-family grouping is not verified individual/session independence,True,raw/mosquito/Ae.Albopictus_1M_7D_25C_SmallCylinder_cut45_16bit.wav
1mEi-7gmGMD27GmWWReXvQVGhVqBUsDFc,Ae.Albopictus_1M_7D_25C_SmallCylinder_cut46_16bit.wav,mosquito,Aedes albopictus,aedes_albopictus,M,1M,7D,25C,SmallCylinder,unmarked,cut46,,,,ae.albopictus_1m_7d_25c_smallcylinder,inferred_filename_source_family; merges cuts and microphone variants; individual/session identity UNKNOWN,0.84,8000,1,PCM_16,6720,aa06d7f66cce9d7a9236f4d2504aab0fd6d796a76ddecf47eb3451d1bde3317e,fb9f2319d0a2ffba1941f50ccb848eb4b65e51f6090c118cc746f150cde18f15,training,training,HOLD: source-family grouping is not verified individual/session independence; shorter than original 1-second context; no padding/looping/concatenation authorized,False,raw/mosquito/Ae.Albopictus_1M_7D_25C_SmallCylinder_cut46_16bit.wav
1kPwtIyINaACYWnZLscebsEBhtW7s8bPT,Ae.Albopictus_1M_7D_25C_SmallCylinder_cut47_16bit.wav,mosquito,Aedes albopictus,aedes_albopictus,M,1M,7D,25C,SmallCylinder,unmarked,cut47,,,,ae.albopictus_1m_7d_25c_smallcylinder,inferred_filename_source_family; merges cuts and microphone variants; individual/session identity UNKNOWN,1.733,8000,1,PCM_16,13864,c339f0daba8aca2fcab3d18670204c8d0d80647a5b86dff33dd37d7454357660,0a6beb847eca0a306fcdea08f9c762a185a80ea923451558eab69257ff53eb1e,training,training,HOLD: source-family grouping is not verified individual/session independence,True,raw/mosquito/Ae.Albopictus_1M_7D_25C_SmallCylinder_cut47_16bit.wav
1WPWKrkKfq53rlMmqaaA1j-eceVJL0AAa,Ae.Albopictus_1M_7D_25C_SmallCylinder_cut48_16bit.wav,mosquito,Aedes albopictus,aedes_albopictus,M,1M,7D,25C,SmallCylinder,unmarked,cut48,,,,ae.albopictus_1m_7d_25c_smallcylinder,inferred_filename_source_family; merges cuts and microphone variants; individual/session identity UNKNOWN,1.227,8000,1,PCM_16,9816,da88d0ae00d3447c5f1b28131c52d1ee7a59b80cea076eac1a555959c7cd4009,1fb9565ab5615d69651b0980b32de528b0a96e1b9edb83f6e816d3f95a075798,training,training,HOLD: source-family grouping is not verified individual/session independence,True,raw/mosquito/Ae.Albopictus_1M_7D_25C_SmallCylinder_cut48_16bit.wav
11GQuWW64eO-09kCHo-g-liy4ckb9PZng,Ae.Albopictus_1M_7D_25C_SmallCylinder_cut49_16bit.wav,mosquito,Aedes albopictus,aedes_albopictus,M,1M,7D,25C,SmallCylinder,unmarked,cut49,,,,ae.albopictus_1m_7d_25c_smallcylinder,inferred_filename_source_family; merges cuts and microphone variants; individual/session identity UNKNOWN,2.098,8000,1,PCM_16,16784,18436a348fedf0a701a8eaf045c2eeea229561b8d830d4dab691fbf0268a464f,bd3d7a0ddaa917a7ac89c43d516791497c8a31774d64e17605f7b9a0be033a0b,training,training,HOLD: source-family grouping is not verified individual/session independence,True,raw/mosquito/Ae.Albopictus_1M_7D_25C_SmallCylinder_cut49_16bit.wav
142VtP8qDR7TZ2b7KGZmP5VVZ6vtl9AIN,Ae.Albopictus_1M_7D_25C_SmallCylinder_cut4_16bit.wav,mosquito,Aedes albopictus,aedes_albopictus,M,1M,7D,25C,SmallCylinder,unmarked,cut4,,,,ae.albopictus_1m_7d_25c_smallcylinder,inferred_filename_source_family; merges cuts and microphone variants; individual/session identity UNKNOWN,2.0,8000,1,PCM_16,16000,0fc2e18736683242e4856145450932e9c84ef15d79b6aae3fb123041fc0774f7,1a36b32d5b53c84ab5b8768a7df66ba82ac64da02822eb5b7e098a218a625778,training,training,HOLD: source-family grouping is not verified individual/session independence,True,raw/mosquito/Ae.Albopictus_1M_7D_25C_SmallCylinder_cut4_16bit.wav
1ibudbDxPcZZKYYVOGUEa9zD2fKdi2sMZ,Ae.Albopictus_1M_7D_25C_SmallCylinder_cut50_16bit.wav,mosquito,Aedes albopictus,aedes_albopictus,M,1M,7D,25C,SmallCylinder,unmarked,cut50,,,,ae.albopictus_1m_7d_25c_smallcylinder,inferred_filename_source_family; merges cuts and microphone variants; individual/session identity UNKNOWN,0.636,8000,1,PCM_16,5088,2a10b3c17a1c8c7a7d2018d69052ccacf8ffcee0c2c76b43b43181e201190944,8b2fa2e120df3385f9a1564012ff33d26a14255f9f27b26f895cfa75cadf050f,training,training,HOLD: source-family grouping is not verified individual/session independence; shorter than original 1-second context; no padding/looping/concatenation authorized,False,raw/mosquito/Ae.Albopictus_1M_7D_25C_SmallCylinder_cut50_16bit.wav
1LBsVfF2K0gmEvMqB5b7eEnZUinUuXJQL,Ae.Albopictus_1M_7D_25C_SmallCylinder_cut51_16bit.wav,mosquito,Aedes albopictus,aedes_albopictus,M,1M,7D,25C,SmallCylinder,unmarked,cut51,,,,ae.albopictus_1m_7d_25c_smallcylinder,inferred_filename_source_family; merges cuts and microphone variants; individual/session identity UNKNOWN,1.114,8000,1,PCM_16,8912,384e42a67eab7d053fc97128f5e355ac0c4275010d8b8047d57ea85d68f5afe4,505dbd10176b1b0ebcc379cd50c415ace1848d7b42b2ba4f268509b9c87ee02e,training,training,HOLD: source-family grouping is not verified individual/session independence,True,raw/mosquito/Ae.Albopictus_1M_7D_25C_SmallCylinder_cut51_16bit.wav
1trgoaRKsps1j662i_01WWVuY5qKT5XDL,Ae.Albopictus_1M_7D_25C_SmallCylinder_cut52_16bit.wav,mosquito,Aedes albopictus,aedes_albopictus,M,1M,7D,25C,SmallCylinder,unmarked,cut52,,,,ae.albopictus_1m_7d_25c_smallcylinder,inferred_filename_source_family; merges cuts and microphone variants; individual/session identity UNKNOWN,0.647,8000,1,PCM_16,5176,ff0ba0ed7f7dfeb07543a0061a50869b38f18c60a0e6a337aa3e8ec49f10ee46,ac211124881162ebffd034598153f9a7a77abdfdec73476f6ba76e5189a4e4e6,training,training,HOLD: source-family grouping is not verified individual/session independence; shorter than original 1-second context; no padding/looping/concatenation authorized,False,raw/mosquito/Ae.Albopictus_1M_7D_25C_SmallCylinder_cut52_16bit.wav
1I0SLVkZrLt-w_1tBuoeligeYQ_YL5Sz3,Ae.Albopictus_1M_7D_25C_SmallCylinder_cut53_16bit.wav,mosquito,Aedes albopictus,aedes_albopictus,M,1M,7D,25C,SmallCylinder,unmarked,cut53,,,,ae.albopictus_1m_7d_25c_smallcylinder,inferred_filename_source_family; merges cuts and microphone variants; individual/session identity UNKNOWN,0.608,8000,1,PCM_16,4864,b97549ea3b33f72838a06f6619455bf28c8cda5ad1202b62273c7b058fbed7c0,d9af803fe8bcf517c709100a4387e841d5664f722389fa0e7b2b1c5dc12c7378,training,training,HOLD: source-family grouping is not verified individual/session independence; shorter than original 1-second context; no padding/looping/concatenation authorized,False,raw/mosquito/Ae.Albopictus_1M_7D_25C_SmallCylinder_cut53_16bit.wav
1FplF5Y7sI3E39WCKDxzCiWM5Z_rIF-Zi,Ae.Albopictus_1M_7D_25C_SmallCylinder_cut54_16bit.wav,mosquito,Aedes albopictus,aedes_albopictus,M,1M,7D,25C,SmallCylinder,unmarked,cut54,,,,ae.albopictus_1m_7d_25c_smallcylinder,inferred_filename_source_family; merges cuts and microphone variants; individual/session identity UNKNOWN,1.898,8000,1,PCM_16,15184,8a150615ee8016635f8602446a8a50509ed9bd944f0f32d8559bdbc4ee741bdb,4340832d3e6242bab7c30324a25b7d9e5820e87c0595ccba9ca575e6a5ffde67,training,training,HOLD: source-family grouping is not verified individual/session independence,True,raw/mosquito/Ae.Albopictus_1M_7D_25C_SmallCylinder_cut54_16bit.wav
1mGAvnUIk15ZBVdpphhIN1RY1HzXFx8wV,Ae.Albopictus_1M_7D_25C_SmallCylinder_cut55_16bit.wav,mosquito,Aedes albopictus,aedes_albopictus,M,1M,7D,25C,SmallCylinder,unmarked,cut55,,,,ae.albopictus_1m_7d_25c_smallcylinder,inferred_filename_source_family; merges cuts and microphone variants; individual/session identity UNKNOWN,0.706,8000,1,PCM_16,5648,722d7c97cefde1e4ad9f9361375eb65aeb5a69cd86e2d865e819f087876cca33,591cf547ead7a242cbd538a2484f55b23debd57ddae081571acfe9cb84ca950f,training,training,HOLD: source-family grouping is not verified individual/session independence; shorter than original 1-second context; no padding/looping/concatenation authorized,False,raw/mosquito/Ae.Albopictus_1M_7D_25C_SmallCylinder_cut55_16bit.wav
1BooS4th--o6use5Rh6rBJpFH1D8jlQbl,Ae.Albopictus_1M_7D_25C_SmallCylinder_cut56_16bit.wav,mosquito,Aedes albopictus,aedes_albopictus,M,1M,7D,25C,SmallCylinder,unmarked,cut56,,,,ae.albopictus_1m_7d_25c_smallcylinder,inferred_filename_source_family; merges cuts and microphone variants; individual/session identity UNKNOWN,1.042,8000,1,PCM_16,8336,9df832e69b7e722b7f033c84a1ee1ebb1bd92b5464be58e22611070e6d83f99b,6bfe3a7a572fcb2abb9a753ace1551dcb100fad99ea8a634f07793637345a1a7,training,training,HOLD: source-family grouping is not verified individual/session independence,True,raw/mosquito/Ae.Albopictus_1M_7D_25C_SmallCylinder_cut56_16bit.wav
1sR9KNWJAUyiZI1btliibLP3K6SayGW2I,Ae.Albopictus_1M_7D_25C_SmallCylinder_cut57_16bit.wav,mosquito,Aedes albopictus,aedes_albopictus,M,1M,7D,25C,SmallCylinder,unmarked,cut57,,,,ae.albopictus_1m_7d_25c_smallcylinder,inferred_filename_source_family; merges cuts and microphone variants; individual/session identity UNKNOWN,0.64,8000,1,PCM_16,5120,d144145f669e5ac54f666a9d7951310c6a981196fddb6c6ea7f9413bad44d478,e4695c8478192dddd70c00b1285d6ed125161fa91d628df7e1a3f3646b934bf5,training,training,HOLD: source-family grouping is not verified individual/session independence; shorter than original 1-second context; no padding/looping/concatenation authorized,False,raw/mosquito/Ae.Albopictus_1M_7D_25C_SmallCylinder_cut57_16bit.wav
1RQ9fn6niKHMvuv7J7xhPFvLBEszrw4im,Ae.Albopictus_1M_7D_25C_SmallCylinder_cut58_16bit.wav,mosquito,Aedes albopictus,aedes_albopictus,M,1M,7D,25C,SmallCylinder,unmarked,cut58,,,,ae.albopictus_1m_7d_25c_smallcylinder,inferred_filename_source_family; merges cuts and microphone variants; individual/session identity UNKNOWN,1.272,8000,1,PCM_16,10176,f3df088810cc55f06cb332df61d82c0c293ba7e5df316eb954693ecf8b6db730,d50f622a5bf7db5335bd7812e800e949f818978480b867400f61b40e739ccb08,training,training,HOLD: source-family grouping is not verified individual/session independence,True,raw/mosquito/Ae.Albopictus_1M_7D_25C_SmallCylinder_cut58_16bit.wav
1S-gQvAgn7Uiz3QRxrArfGO9CXtGWT0lB,Ae.Albopictus_1M_7D_25C_SmallCylinder_cut59_16bit.wav,mosquito,Aedes albopictus,aedes_albopictus,M,1M,7D,25C,SmallCylinder,unmarked,cut59,,,,ae.albopictus_1m_7d_25c_smallcylinder,inferred_filename_source_family; merges cuts and microphone variants; individual/session identity UNKNOWN,1.519,8000,1,PCM_16,12152,26a1ba9b4ab17445d4ecdaced3310b6500b4575d9b98b1b66555ed6ad292df98,bfe8d9a5af3ee32137fd487fd4ed471dab260b25d8b3ec46d3726a47b789de74,training,training,HOLD: source-family grouping is not verified individual/session independence,True,raw/mosquito/Ae.Albopictus_1M_7D_25C_SmallCylinder_cut59_16bit.wav
1wUzxmFLIpett3wvFwRO874G-Zhzm10dv,Ae.Albopictus_1M_7D_25C_SmallCylinder_cut5_16bit.wav,mosquito,Aedes albopictus,aedes_albopictus,M,1M,7D,25C,SmallCylinder,unmarked,cut5,,,,ae.albopictus_1m_7d_25c_smallcylinder,inferred_filename_source_family; merges cuts and microphone variants; individual/session identity UNKNOWN,1.98,8000,1,PCM_16,15840,441f8ccbf9482fce405e6236f5ccfadb5827dc5f35e3a778b4333a7e6e4c4a84,dadecc7a3541ff9930ea6a2aa268c6e4f0a0b1392df7998a9b52fe4149ebfcfb,training,training,HOLD: source-family grouping is not verified individual/session independence,True,raw/mosquito/Ae.Albopictus_1M_7D_25C_SmallCylinder_cut5_16bit.wav
1rsiFT4ziQn6DAI2AZbP_DqnMNj2m2rSo,Ae.Albopictus_1M_7D_25C_SmallCylinder_cut60_16bit.wav,mosquito,Aedes albopictus,aedes_albopictus,M,1M,7D,25C,SmallCylinder,unmarked,cut60,,,,ae.albopictus_1m_7d_25c_smallcylinder,inferred_filename_source_family; merges cuts and microphone variants; individual/session identity UNKNOWN,1.117,8000,1,PCM_16,8936,bed7427dac6f377d9281e1e7b74dcc6ccd3556cacda15f55d4c08149d1750078,d38d36396b67299f9bd7db52f6692cc334d4fc5f69fe34a9a9a0a97d78fdb4d0,training,training,HOLD: source-family grouping is not verified individual/session independence,True,raw/mosquito/Ae.Albopictus_1M_7D_25C_SmallCylinder_cut60_16bit.wav
1GsoBWZm7Xf1-acdCKoFF2gehaJugXARs,Ae.Albopictus_1M_7D_25C_SmallCylinder_cut61_16bit.wav,mosquito,Aedes albopictus,aedes_albopictus,M,1M,7D,25C,SmallCylinder,unmarked,cut61,,,,ae.albopictus_1m_7d_25c_smallcylinder,inferred_filename_source_family; merges cuts and microphone variants; individual/session identity UNKNOWN,1.138,8000,1,PCM_16,9104,b1477a2900e177337a86749254576b3dbcdcf7d457b2b577017e91f49aa5a1a1,e8ec89b73a0687af3e8e870d3a29251fa36e2983ec2cc5c64ca068f0e10a0e81,training,training,HOLD: source-family grouping is not verified individual/session independence,True,raw/mosquito/Ae.Albopictus_1M_7D_25C_SmallCylinder_cut61_16bit.wav
18SK157J-236OOfFOw0coBYSumhte5GBp,Ae.Albopictus_1M_7D_25C_SmallCylinder_cut62_16bit.wav,mosquito,Aedes albopictus,aedes_albopictus,M,1M,7D,25C,SmallCylinder,unmarked,cut62,,,,ae.albopictus_1m_7d_25c_smallcylinder,inferred_filename_source_family; merges cuts and microphone variants; individual/session identity UNKNOWN,0.987,8000,1,PCM_16,7896,2c6355a0bed709736510e793d2ec574298ab66c5a752170012dea213b05d6c1f,4fee9ab092ad59c6434aa5c2754a56a9015bb2b889ab655d037a8c57a792bd52,training,training,HOLD: source-family grouping is not verified individual/session independence; shorter than original 1-second context; no padding/looping/concatenation authorized,False,raw/mosquito/Ae.Albopictus_1M_7D_25C_SmallCylinder_cut62_16bit.wav
1z9Kydr7-ZdUM3RMYlwhkfLhzZDWBpYBA,Ae.Albopictus_1M_7D_25C_SmallCylinder_cut63_16bit.wav,mosquito,Aedes albopictus,aedes_albopictus,M,1M,7D,25C,SmallCylinder,unmarked,cut63,,,,ae.albopictus_1m_7d_25c_smallcylinder,inferred_filename_source_family; merges cuts and microphone variants; individual/session identity UNKNOWN,0.624,8000,1,PCM_16,4992,6783d59445552e84be92595835b0df04770fecfd1cfa1fdec5255efbaf0fdf0a,e66da6de27f831cd74663fe1f928b437aca51a392890892c8b8745054f32b2e2,training,training,HOLD: source-family grouping is not verified individual/session independence; shorter than original 1-second context; no padding/looping/concatenation authorized,False,raw/mosquito/Ae.Albopictus_1M_7D_25C_SmallCylinder_cut63_16bit.wav
1ipobEEp6mkcPjOA2mo-auB5bBOeDF5Gy,Ae.Albopictus_1M_7D_25C_SmallCylinder_cut64_16bit.wav,mosquito,Aedes albopictus,aedes_albopictus,M,1M,7D,25C,SmallCylinder,unmarked,cut64,,,,ae.albopictus_1m_7d_25c_smallcylinder,inferred_filename_source_family; merges cuts and microphone variants; individual/session identity UNKNOWN,0.914625,8000,1,PCM_16,7317,e563a6b716e527d7fcaec12d9b0cf638f921c308b3f712e45fda0830f2db387c,ead7b825788cd4b45da76f33789a990753e40913bcd001afa71ee4454d0d00bb,training,training,HOLD: source-family grouping is not verified individual/session independence; shorter than original 1-second context; no padding/looping/concatenation authorized,False,raw/mosquito/Ae.Albopictus_1M_7D_25C_SmallCylinder_cut64_16bit.wav
1PZ-Vd8buAUSV9_QgFSkHLl9jb-S1v-sM,Ae.Albopictus_1M_7D_25C_SmallCylinder_cut65_16bit.wav,mosquito,Aedes albopictus,aedes_albopictus,M,1M,7D,25C,SmallCylinder,unmarked,cut65,,,,ae.albopictus_1m_7d_25c_smallcylinder,inferred_filename_source_family; merges cuts and microphone variants; individual/session identity UNKNOWN,1.002375,8000,1,PCM_16,8019,85ce31ec91d714d81a5e71ed866725d801644b151325e519e4777b84b7da093e,5741e80e81f04dd67aa8bdfe70067c8fad51d074c21f243fc2865895c6d4131f,training,training,HOLD: source-family grouping is not verified individual/session independence,True,raw/mosquito/Ae.Albopictus_1M_7D_25C_SmallCylinder_cut65_16bit.wav
1Ig6odSzPhyoj63vMgYtkdaEqQ_tqyNqO,Ae.Albopictus_1M_7D_25C_SmallCylinder_cut66_16bit.wav,mosquito,Aedes albopictus,aedes_albopictus,M,1M,7D,25C,SmallCylinder,unmarked,cut66,,,,ae.albopictus_1m_7d_25c_smallcylinder,inferred_filename_source_family; merges cuts and microphone variants; individual/session identity UNKNOWN,2.549625,8000,1,PCM_16,20397,fde68eae2e8d9a23c96a8477624acfb3f56db7dc915b393f4ed0b500ee02a49a,d0c6597e3dbaf1d25a63251d48176fa1eb2a4fb3ffd2c9a1121fe35a47866dae,training,training,HOLD: source-family grouping is not verified individual/session independence,True,raw/mosquito/Ae.Albopictus_1M_7D_25C_SmallCylinder_cut66_16bit.wav
1ZXwgRmutRcYCoXXeTw1kCE-sJzCHLRoI,Ae.Albopictus_1M_7D_25C_SmallCylinder_cut6_16bit.wav,mosquito,Aedes albopictus,aedes_albopictus,M,1M,7D,25C,SmallCylinder,unmarked,cut6,,,,ae.albopictus_1m_7d_25c_smallcylinder,inferred_filename_source_family; merges cuts and microphone variants; individual/session identity UNKNOWN,1.637,8000,1,PCM_16,13096,1a46e8e8ae99eb0a1d0e4c9a8476bc4ea87550f94324ab751967e418438a4832,aaacc29fb237d693ddc7827867dbc6821acfd6b1d99b7db72490729cbc966a2f,training,training,HOLD: source-family grouping is not verified individual/session independence,True,raw/mosquito/Ae.Albopictus_1M_7D_25C_SmallCylinder_cut6_16bit.wav
1cDWJ0YdvRZArErC_fdVdgWL9ml9T7ENU,Ae.Albopictus_1M_7D_25C_SmallCylinder_cut7_16bit.wav,mosquito,Aedes albopictus,aedes_albopictus,M,1M,7D,25C,SmallCylinder,unmarked,cut7,,,,ae.albopictus_1m_7d_25c_smallcylinder,inferred_filename_source_family; merges cuts and microphone variants; individual/session identity UNKNOWN,4.002,8000,1,PCM_16,32016,4a80393990290a1b4d8ead1aff45a509ffb66806e0f1898628fe106049bebdd5,db8b8883bb0ac2ea74dd7e7856934196d51eb01b94fe3a3165d0c1b4dc4b00cc,training,training,HOLD: source-family grouping is not verified individual/session independence,True,raw/mosquito/Ae.Albopictus_1M_7D_25C_SmallCylinder_cut7_16bit.wav
1Ag6CeJ36PqINMj3e-CPh5SCB68Pnr3CY,Ae.Albopictus_1M_7D_25C_SmallCylinder_cut8_16bit.wav,mosquito,Aedes albopictus,aedes_albopictus,M,1M,7D,25C,SmallCylinder,unmarked,cut8,,,,ae.albopictus_1m_7d_25c_smallcylinder,inferred_filename_source_family; merges cuts and microphone variants; individual/session identity UNKNOWN,1.768,8000,1,PCM_16,14144,13588d25c33f673d8f77ebf764ce7cf8f13d1d5c18a7af09c059efbdfac3f47e,86ee500f6cd646cab8feee1ec84c8ed683ee8acefe4d1f1d2f3eaeec7a0799ce,training,training,HOLD: source-family grouping is not verified individual/session independence,True,raw/mosquito/Ae.Albopictus_1M_7D_25C_SmallCylinder_cut8_16bit.wav
1SuIq3xdwMwiBRCLtfAxxu4T5A7am6kkU,Ae.Albopictus_1M_7D_25C_SmallCylinder_cut9_16bit.wav,mosquito,Aedes albopictus,aedes_albopictus,M,1M,7D,25C,SmallCylinder,unmarked,cut9,,,,ae.albopictus_1m_7d_25c_smallcylinder,inferred_filename_source_family; merges cuts and microphone variants; individual/session identity UNKNOWN,1.377,8000,1,PCM_16,11016,146c6011db3bd3e432114a5904cbaf772c54cb6d9a6db37e960470f5bbd4647d,5e85e10c685bb551e73f135a5f7d18ca908b0e7c726a3125a690ebd45e70dc0a,training,training,HOLD: source-family grouping is not verified individual/session independence,True,raw/mosquito/Ae.Albopictus_1M_7D_25C_SmallCylinder_cut9_16bit.wav
1xrvUGmHL_r17o2ZNPdRBRDxdI0BlDhtS,Ae.Albopictus_1M_7D_25C_SmallCylinder_LowMic_cut10_16bit.wav,mosquito,Aedes albopictus,aedes_albopictus,M,1M,7D,25C,SmallCylinder,LowMic,cut10,,,,ae.albopictus_1m_7d_25c_smallcylinder,inferred_filename_source_family; merges cuts and microphone variants; individual/session identity UNKNOWN,1.226375,8000,1,PCM_16,9811,908bb74f814277719326c23b4f55b06ea68f48e9c431bf4667a8128becd2b15b,770ad6e2466f221d2e43796922f05913e840a48f6c0560554a4f8f26ea116348,training,training,HOLD: source-family grouping is not verified individual/session independence,True,raw/mosquito/Ae.Albopictus_1M_7D_25C_SmallCylinder_LowMic_cut10_16bit.wav
1UYl4Wec0Xbf6mk_oQTN6M2z_e-Iglxwk,Ae.Albopictus_1M_7D_25C_SmallCylinder_LowMic_cut11_16bit.wav,mosquito,Aedes albopictus,aedes_albopictus,M,1M,7D,25C,SmallCylinder,LowMic,cut11,,,,ae.albopictus_1m_7d_25c_smallcylinder,inferred_filename_source_family; merges cuts and microphone variants; individual/session identity UNKNOWN,2.067625,8000,1,PCM_16,16541,48858d437c187294e763b2cd49b042a7a1f8bb1fdb40cc1fce58d7ef511c55ee,093f898460cf341fe569ae67e6bfbd17a20aab2d789c314244ec82912b31da76,training,training,HOLD: source-family grouping is not verified individual/session independence,True,raw/mosquito/Ae.Albopictus_1M_7D_25C_SmallCylinder_LowMic_cut11_16bit.wav
1e8teWsZY_vNnAX7bsQLiuH037ofVyuLK,Ae.Albopictus_1M_7D_25C_SmallCylinder_LowMic_cut12_16bit.wav,mosquito,Aedes albopictus,aedes_albopictus,M,1M,7D,25C,SmallCylinder,LowMic,cut12,,,,ae.albopictus_1m_7d_25c_smallcylinder,inferred_filename_source_family; merges cuts and microphone variants; individual/session identity UNKNOWN,1.765,8000,1,PCM_16,14120,8beebd1479145829f0f6e26c7eb09c14e270008dcddcf134ba07b23eb0f4d4df,a0bd9cfe09243a7183a1be0d812efa44cfb91aa22b9893c8a8aac79b1d7c84a7,training,training,HOLD: source-family grouping is not verified individual/session independence,True,raw/mosquito/Ae.Albopictus_1M_7D_25C_SmallCylinder_LowMic_cut12_16bit.wav
1XobEXDrq7xTljvKN2we_QAdxilLDCh63,Ae.Albopictus_1M_7D_25C_SmallCylinder_LowMic_cut13_16bit.wav,mosquito,Aedes albopictus,aedes_albopictus,M,1M,7D,25C,SmallCylinder,LowMic,cut13,,,,ae.albopictus_1m_7d_25c_smallcylinder,inferred_filename_source_family; merges cuts and microphone variants; individual/session identity UNKNOWN,1.715375,8000,1,PCM_16,13723,8b11c0317bd6dccd000ee0daf780f81ff104d080c29ccb31c899424ca4d527e6,6026d1015458791ab5c9e460bcd91ced654395c07524ed641eab434f528c1752,training,training,HOLD: source-family grouping is not verified individual/session independence,True,raw/mosquito/Ae.Albopictus_1M_7D_25C_SmallCylinder_LowMic_cut13_16bit.wav
1gxP6P5GGKS-YOFMhy-78gCKNeiPte5nf,Ae.Albopictus_1M_7D_25C_SmallCylinder_LowMic_cut14_16bit.wav,mosquito,Aedes albopictus,aedes_albopictus,M,1M,7D,25C,SmallCylinder,LowMic,cut14,,,,ae.albopictus_1m_7d_25c_smallcylinder,inferred_filename_source_family; merges cuts and microphone variants; individual/session identity UNKNOWN,1.27375,8000,1,PCM_16,10190,b70c7d03689a5e04ae1031a97e99310b91e438a928b5087223c25aa25dfb2884,82308b7ad4e0cad857eccf5d83ba7b4998fc8ff52922a92d7fadee7990063563,training,training,HOLD: source-family grouping is not verified individual/session independence,True,raw/mosquito/Ae.Albopictus_1M_7D_25C_SmallCylinder_LowMic_cut14_16bit.wav
1sQTKpr7YdXFPJEUwMrW8kFhLmJm8BU5K,Ae.Albopictus_1M_7D_25C_SmallCylinder_LowMic_cut15_16bit.wav,mosquito,Aedes albopictus,aedes_albopictus,M,1M,7D,25C,SmallCylinder,LowMic,cut15,,,,ae.albopictus_1m_7d_25c_smallcylinder,inferred_filename_source_family; merges cuts and microphone variants; individual/session identity UNKNOWN,1.09825,8000,1,PCM_16,8786,c950916001fc6f0b5d2b0434c503f9df0c5433ed6be5f435371a16fc81fa31c5,a0a9b9b50249370147cff42195ad6cfe0c4b131e65f5a041d7a91fd3b27c9ef0,training,training,HOLD: source-family grouping is not verified individual/session independence,True,raw/mosquito/Ae.Albopictus_1M_7D_25C_SmallCylinder_LowMic_cut15_16bit.wav
15teiGCt3Nkk68jIHQQ6BxR9ZaBWcEIGi,Ae.Albopictus_1M_7D_25C_SmallCylinder_LowMic_cut16_16bit.wav,mosquito,Aedes albopictus,aedes_albopictus,M,1M,7D,25C,SmallCylinder,LowMic,cut16,,,,ae.albopictus_1m_7d_25c_smallcylinder,inferred_filename_source_family; merges cuts and microphone variants; individual/session identity UNKNOWN,0.95675,8000,1,PCM_16,7654,b2b1fbc388eb200c26e2ac96bcf6ae6c124e11d9a969cb2e40e8544670189013,1d5f75c7d3b75c5e089849ffa52b1700ec77855c060b03aa3fe2287d3bc5cb4c,training,training,HOLD: source-family grouping is not verified individual/session independence; shorter than original 1-second context; no padding/looping/concatenation authorized,False,raw/mosquito/Ae.Albopictus_1M_7D_25C_SmallCylinder_LowMic_cut16_16bit.wav
1IDp2vG2IYuwn1tvWRH0TTtPh9SIstJyQ,Ae.Albopictus_1M_7D_25C_SmallCylinder_LowMic_cut17_16bit.wav,mosquito,Aedes albopictus,aedes_albopictus,M,1M,7D,25C,SmallCylinder,LowMic,cut17,,,,ae.albopictus_1m_7d_25c_smallcylinder,inferred_filename_source_family; merges cuts and microphone variants; individual/session identity UNKNOWN,0.8795,8000,1,PCM_16,7036,b5eef196e7a5a8972cae63ba8c016647f9013860ff0ea0b5961b90697d390bf5,aded64211d309396c28e44c4c691f005b73fdc7eb13c75c57b6647b5636c1dd1,training,training,HOLD: source-family grouping is not verified individual/session independence; shorter than original 1-second context; no padding/looping/concatenation authorized,False,raw/mosquito/Ae.Albopictus_1M_7D_25C_SmallCylinder_LowMic_cut17_16bit.wav
1_z3Btws6DB-7lpHilf_aWbvDSRjWcIP4,Ae.Albopictus_1M_7D_25C_SmallCylinder_LowMic_cut18_16bit.wav,mosquito,Aedes albopictus,aedes_albopictus,M,1M,7D,25C,SmallCylinder,LowMic,cut18,,,,ae.albopictus_1m_7d_25c_smallcylinder,inferred_filename_source_family; merges cuts and microphone variants; individual/session identity UNKNOWN,2.625125,8000,1,PCM_16,21001,7833dd0e74dee033cdaead3e873a99a01f7d181991efc30b0b3d59037e97f5f9,c69690e0a8443963e053622040d6592c4c192879af0d46d5fe6c43ffc386a18b,training,training,HOLD: source-family grouping is not verified individual/session independence,True,raw/mosquito/Ae.Albopictus_1M_7D_25C_SmallCylinder_LowMic_cut18_16bit.wav
1J-mcJ9hF_x1fm2rfMjWY0KFpzNVicHkO,Ae.Albopictus_1M_7D_25C_SmallCylinder_LowMic_cut19_16bit.wav,mosquito,Aedes albopictus,aedes_albopictus,M,1M,7D,25C,SmallCylinder,LowMic,cut19,,,,ae.albopictus_1m_7d_25c_smallcylinder,inferred_filename_source_family; merges cuts and microphone variants; individual/session identity UNKNOWN,1.09475,8000,1,PCM_16,8758,78f96139aa563f20dfb45183a184c7b0693a5fa8b7ca4b07f76625ed57231524,ab6dc45b8189af06486b13ba4a4df8d9e514b2e15c16a1d9742763409cfbe7c1,training,training,HOLD: source-family grouping is not verified individual/session independence,True,raw/mosquito/Ae.Albopictus_1M_7D_25C_SmallCylinder_LowMic_cut19_16bit.wav
1jdZeC1qeb19o7xBTTVbDMpk4lnT2phTh,Ae.Albopictus_1M_7D_25C_SmallCylinder_LowMic_cut1_16bit.wav,mosquito,Aedes albopictus,aedes_albopictus,M,1M,7D,25C,SmallCylinder,LowMic,cut1,,,,ae.albopictus_1m_7d_25c_smallcylinder,inferred_filename_source_family; merges cuts and microphone variants; individual/session identity UNKNOWN,2.1065,8000,1,PCM_16,16852,51b0525ce123197c845bc1c7dd43cb250172322a4f29a2f7839d8211414f99cb,71e99e111526da8042f46b046ca35a703d26f5a847cbe708d33425e40c3419d1,training,training,HOLD: source-family grouping is not verified individual/session independence,True,raw/mosquito/Ae.Albopictus_1M_7D_25C_SmallCylinder_LowMic_cut1_16bit.wav
1SKyls5k-xdwG-5cYJzz5_rLJESwizeF9,Ae.Albopictus_1M_7D_25C_SmallCylinder_LowMic_cut20_16bit.wav,mosquito,Aedes albopictus,aedes_albopictus,M,1M,7D,25C,SmallCylinder,LowMic,cut20,,,,ae.albopictus_1m_7d_25c_smallcylinder,inferred_filename_source_family; merges cuts and microphone variants; individual/session identity UNKNOWN,1.002375,8000,1,PCM_16,8019,f17166810ac08128b1dfdedc5226c20842bc1153b00f5bf33f458d0160d943e6,0140641bf243d83ac54f55b49605a6ecba66359eeb8890acb92535c41883252c,training,training,HOLD: source-family grouping is not verified individual/session independence,True,raw/mosquito/Ae.Albopictus_1M_7D_25C_SmallCylinder_LowMic_cut20_16bit.wav
1sL9WsyJhQ5M2xIrqCh_WVOy_NXzYEBkc,Ae.Albopictus_1M_7D_25C_SmallCylinder_LowMic_cut21_16bit.wav,mosquito,Aedes albopictus,aedes_albopictus,M,1M,7D,25C,SmallCylinder,LowMic,cut21,,,,ae.albopictus_1m_7d_25c_smallcylinder,inferred_filename_source_family; merges cuts and microphone variants; individual/session identity UNKNOWN,1.450375,8000,1,PCM_16,11603,977bda561685c28c913c5becafb10025d2ff8c94809fc97b69c34084fdb524cf,2806ecd7698d9c03ddfe669d60a22489b27f13855129cadecf755f63d4803c7f,training,training,HOLD: source-family grouping is not verified individual/session independence,True,raw/mosquito/Ae.Albopictus_1M_7D_25C_SmallCylinder_LowMic_cut21_16bit.wav
1fdSMLoRcbmMUpg9yZHc7Ua2iXOeoINNQ,Ae.Albopictus_1M_7D_25C_SmallCylinder_LowMic_cut22_16bit.wav,mosquito,Aedes albopictus,aedes_albopictus,M,1M,7D,25C,SmallCylinder,LowMic,cut22,,,,ae.albopictus_1m_7d_25c_smallcylinder,inferred_filename_source_family; merges cuts and microphone variants; individual/session identity UNKNOWN,2.000375,8000,1,PCM_16,16003,9bf3b695e203f9f47947cc78252959a947391b7e416734967cf254a20c06fc3a,5ef24077927b7503378143ba47b20bd6821a5210b30a9291b5e5ba41d98aef01,training,training,HOLD: source-family grouping is not verified individual/session independence,True,raw/mosquito/Ae.Albopictus_1M_7D_25C_SmallCylinder_LowMic_cut22_16bit.wav
1J6IcJnBB0vOgg_pmJYR8QvqFzhaymEkM,Ae.Albopictus_1M_7D_25C_SmallCylinder_LowMic_cut23_16bit.wav,mosquito,Aedes albopictus,aedes_albopictus,M,1M,7D,25C,SmallCylinder,LowMic,cut23,,,,ae.albopictus_1m_7d_25c_smallcylinder,inferred_filename_source_family; merges cuts and microphone variants; individual/session identity UNKNOWN,0.63375,8000,1,PCM_16,5070,2b72e9945da02185779a2349770d26bcafd082191dd0dcbe7ce9daa0df866c4a,094716d5b55b2eb8a2cfb172d841028e561a20c87d3e131bcc47b6360eb383b3,training,training,HOLD: source-family grouping is not verified individual/session independence; shorter than original 1-second context; no padding/looping/concatenation authorized,False,raw/mosquito/Ae.Albopictus_1M_7D_25C_SmallCylinder_LowMic_cut23_16bit.wav
145FE2wnlEh34H6GDSQYZG7W6LNOW4h4m,Ae.Albopictus_1M_7D_25C_SmallCylinder_LowMic_cut24_16bit.wav,mosquito,Aedes albopictus,aedes_albopictus,M,1M,7D,25C,SmallCylinder,LowMic,cut24,,,,ae.albopictus_1m_7d_25c_smallcylinder,inferred_filename_source_family; merges cuts and microphone variants; individual/session identity UNKNOWN,1.621875,8000,1,PCM_16,12975,b66a05d9cba11f0dfc0b5ba41b2e1924067666c7e8aad49ebd832786cec8e45a,074630dca88d757fc55ebdef9ff47601b8f985d4b5a6b28a02bf282185259048,training,training,HOLD: source-family grouping is not verified individual/session independence,True,raw/mosquito/Ae.Albopictus_1M_7D_25C_SmallCylinder_LowMic_cut24_16bit.wav
1Aoje12WuzrNUYbc_kpvk-XOr-egviOgc,Ae.Albopictus_1M_7D_25C_SmallCylinder_LowMic_cut25_16bit.wav,mosquito,Aedes albopictus,aedes_albopictus,M,1M,7D,25C,SmallCylinder,LowMic,cut25,,,,ae.albopictus_1m_7d_25c_smallcylinder,inferred_filename_source_family; merges cuts and microphone variants; individual/session identity UNKNOWN,1.47475,8000,1,PCM_16,11798,70c870ba1c98355c93e85fb9bd08f12c0e6bd5fd741ba5d52d39769057c48133,d6daae1e53add09653923119bb3319ff9ffdc59d512e4dfb79c7c64c11a1f789,training,training,HOLD: source-family grouping is not verified individual/session independence,True,raw/mosquito/Ae.Albopictus_1M_7D_25C_SmallCylinder_LowMic_cut25_16bit.wav
1ru6F2gqZnZcl6ROuVnhwibCvEbou6NDR,Ae.Albopictus_1M_7D_25C_SmallCylinder_LowMic_cut26_16bit.wav,mosquito,Aedes albopictus,aedes_albopictus,M,1M,7D,25C,SmallCylinder,LowMic,cut26,,,,ae.albopictus_1m_7d_25c_smallcylinder,inferred_filename_source_family; merges cuts and microphone variants; individual/session identity UNKNOWN,1.275875,8000,1,PCM_16,10207,904ef2fc28aa570531b5a61c4713c2f18d9815e05bda5cc536dff2bcc283f4d9,f883cc5e94651181f5ddf4173203dbdd37f8bfcfed6516fd5d5ec0d8b69a18ad,training,training,HOLD: source-family grouping is not verified individual/session independence,True,raw/mosquito/Ae.Albopictus_1M_7D_25C_SmallCylinder_LowMic_cut26_16bit.wav
1Iqutg-DOV609B2zPSRMdopfXAogY0Awt,Ae.Albopictus_1M_7D_25C_SmallCylinder_LowMic_cut27_16bit.wav,mosquito,Aedes albopictus,aedes_albopictus,M,1M,7D,25C,SmallCylinder,LowMic,cut27,,,,ae.albopictus_1m_7d_25c_smallcylinder,inferred_filename_source_family; merges cuts and microphone variants; individual/session identity UNKNOWN,0.758875,8000,1,PCM_16,6071,ec3a76fc25b77c1ea441f58d8e094d68bd33966662e84c3e50b45ad2a40805f8,4a656bc3455da2c6e3d9b94a256237d552e725eae2c6c5384bd2f0b143bb79ff,training,training,HOLD: source-family grouping is not verified individual/session independence; shorter than original 1-second context; no padding/looping/concatenation authorized,False,raw/mosquito/Ae.Albopictus_1M_7D_25C_SmallCylinder_LowMic_cut27_16bit.wav
1qGyxssDkk5Pp7l3fbQENJFJowuxEl7MC,Ae.Albopictus_1M_7D_25C_SmallCylinder_LowMic_cut28_16bit.wav,mosquito,Aedes albopictus,aedes_albopictus,M,1M,7D,25C,SmallCylinder,LowMic,cut28,,,,ae.albopictus_1m_7d_25c_smallcylinder,inferred_filename_source_family; merges cuts and microphone variants; individual/session identity UNKNOWN,1.05875,8000,1,PCM_16,8470,ef29deb53ae1e6ab19e635daf61e5f4c6c7d1f3aae3f674fd1ec0078d0dba946,0d8a6ccc7b83986714faf583c1c4d03be1951954fbf26ee830a6e0bfe72d419a,training,training,HOLD: source-family grouping is not verified individual/session independence,True,raw/mosquito/Ae.Albopictus_1M_7D_25C_SmallCylinder_LowMic_cut28_16bit.wav
1jzFmD5khee03LZond53nkHMGSr0BvxxI,Ae.Albopictus_1M_7D_25C_SmallCylinder_LowMic_cut29_16bit.wav,mosquito,Aedes albopictus,aedes_albopictus,M,1M,7D,25C,SmallCylinder,LowMic,cut29,,,,ae.albopictus_1m_7d_25c_smallcylinder,inferred_filename_source_family; merges cuts and microphone variants; individual/session identity UNKNOWN,0.699875,8000,1,PCM_16,5599,76bb700f2523c0b204649d43c4b951f8c1596d454222afe291b34d080f0eabf9,480ffa17dc0c9fd02351bb619c99a1d2b222bb93bf55fb82c53f48af1e38727c,training,training,HOLD: source-family grouping is not verified individual/session independence; shorter than original 1-second context; no padding/looping/concatenation authorized,False,raw/mosquito/Ae.Albopictus_1M_7D_25C_SmallCylinder_LowMic_cut29_16bit.wav
1CkyR3MOOi2HA2SsGIs88Lv4kf1YMBwri,Ae.Albopictus_1M_7D_25C_SmallCylinder_LowMic_cut2_16bit.wav,mosquito,Aedes albopictus,aedes_albopictus,M,1M,7D,25C,SmallCylinder,LowMic,cut2,,,,ae.albopictus_1m_7d_25c_smallcylinder,inferred_filename_source_family; merges cuts and microphone variants; individual/session identity UNKNOWN,0.744625,8000,1,PCM_16,5957,2eb3b141af533ecd41c0890809c30bf4920b0793d593ca3a46d74674bbc91d86,47cb69310dce01ff3666aaf89fe74a51404549299645dcbc39011d53a0716648,training,training,HOLD: source-family grouping is not verified individual/session independence; shorter than original 1-second context; no padding/looping/concatenation authorized,False,raw/mosquito/Ae.Albopictus_1M_7D_25C_SmallCylinder_LowMic_cut2_16bit.wav
1QKkYtASF69CpBlmo9ZymTBMvTjQ1MO03,Ae.Albopictus_1M_7D_25C_SmallCylinder_LowMic_cut30_16bit.wav,mosquito,Aedes albopictus,aedes_albopictus,M,1M,7D,25C,SmallCylinder,LowMic,cut30,,,,ae.albopictus_1m_7d_25c_smallcylinder,inferred_filename_source_family; merges cuts and microphone variants; individual/session identity UNKNOWN,0.96325,8000,1,PCM_16,7706,d6dc7c97f2e2d4f5082bf0b591c98796d81da54e4d53e4eb8d70a66535c1b976,9640099e8ae3d5567ad5351a02f5250597fd8861cf6d378d6f7a37ee6f3cfbe9,training,training,HOLD: source-family grouping is not verified individual/session independence; shorter than original 1-second context; no padding/looping/concatenation authorized,False,raw/mosquito/Ae.Albopictus_1M_7D_25C_SmallCylinder_LowMic_cut30_16bit.wav
1u-bFx0J6udFuQx8lx1Q0KdSQZeKEmAWh,Ae.Albopictus_1M_7D_25C_SmallCylinder_LowMic_cut31_16bit.wav,mosquito,Aedes albopictus,aedes_albopictus,M,1M,7D,25C,SmallCylinder,LowMic,cut31,,,,ae.albopictus_1m_7d_25c_smallcylinder,inferred_filename_source_family; merges cuts and microphone variants; individual/session identity UNKNOWN,1.031375,8000,1,PCM_16,8251,03f9de9c1fc692078a9d574fe989880170009efce76904c21af033689fdea028,79a95dff6afd17d2af3be88db608151266a01fb411be6c0f414389623ada65d5,training,training,HOLD: source-family grouping is not verified individual/session independence,True,raw/mosquito/Ae.Albopictus_1M_7D_25C_SmallCylinder_LowMic_cut31_16bit.wav
1l2EyEMTccbDTxg4sPjBOUJ7lY3K40vqq,Ae.Albopictus_1M_7D_25C_SmallCylinder_LowMic_cut32_16bit.wav,mosquito,Aedes albopictus,aedes_albopictus,M,1M,7D,25C,SmallCylinder,LowMic,cut32,,,,ae.albopictus_1m_7d_25c_smallcylinder,inferred_filename_source_family; merges cuts and microphone variants; individual/session identity UNKNOWN,1.098375,8000,1,PCM_16,8787,56e16c2223ae71ef1a7a1b6a3b9fbbe63045a0922e12b258db0e2a5f2d64752a,e723a99f2256e7c822c7c68b4aab4a62d6534f6fde6ea4a2ac07a32a57dbedee,training,training,HOLD: source-family grouping is not verified individual/session independence,True,raw/mosquito/Ae.Albopictus_1M_7D_25C_SmallCylinder_LowMic_cut32_16bit.wav
1KeJsDs4nJncDkrBiKe1wESz99dl_xgaV,Ae.Albopictus_1M_7D_25C_SmallCylinder_LowMic_cut33_16bit.wav,mosquito,Aedes albopictus,aedes_albopictus,M,1M,7D,25C,SmallCylinder,LowMic,cut33,,,,ae.albopictus_1m_7d_25c_smallcylinder,inferred_filename_source_family; merges cuts and microphone variants; individual/session identity UNKNOWN,1.696875,8000,1,PCM_16,13575,952fc24ee0f93f4fd21384c937a8ef80c3913608691233f1c909cf0833be5c23,bd89799cac7fd823513bc2f4c2f08283346d8be7b1763b1ea50a1c3a85fca661,training,training,HOLD: source-family grouping is not verified individual/session independence,True,raw/mosquito/Ae.Albopictus_1M_7D_25C_SmallCylinder_LowMic_cut33_16bit.wav
11WB-2AHdGY-dQQGYwrNu7F48S9F6BK8a,Ae.Albopictus_1M_7D_25C_SmallCylinder_LowMic_cut34_16bit.wav,mosquito,Aedes albopictus,aedes_albopictus,M,1M,7D,25C,SmallCylinder,LowMic,cut34,,,,ae.albopictus_1m_7d_25c_smallcylinder,inferred_filename_source_family; merges cuts and microphone variants; individual/session identity UNKNOWN,1.1845,8000,1,PCM_16,9476,b3674086fdb03349223687cc4e9891dc2452a8b3470f8bd21e9458ad9c323dda,aa545e187fd313802a713abc37b4a498640b8bec1ace5fe9f11afd21e625e398,training,training,HOLD: source-family grouping is not verified individual/session independence,True,raw/mosquito/Ae.Albopictus_1M_7D_25C_SmallCylinder_LowMic_cut34_16bit.wav
1438CcxLEW7fUqQtnuSrAZKTX7sHr-Dyc,Ae.Albopictus_1M_7D_25C_SmallCylinder_LowMic_cut35_16bit.wav,mosquito,Aedes albopictus,aedes_albopictus,M,1M,7D,25C,SmallCylinder,LowMic,cut35,,,,ae.albopictus_1m_7d_25c_smallcylinder,inferred_filename_source_family; merges cuts and microphone variants; individual/session identity UNKNOWN,0.499875,8000,1,PCM_16,3999,a767f8a55bf50d5524cf18b62f3ee6d36e7910f334c455d7f9963808d86b738c,274a06044a3a8912cc5bcf0cc8f2b1913b8707a64735f782c07f932dd3718927,training,training,HOLD: source-family grouping is not verified individual/session independence; shorter than original 1-second context; no padding/looping/concatenation authorized,False,raw/mosquito/Ae.Albopictus_1M_7D_25C_SmallCylinder_LowMic_cut35_16bit.wav
19POgIv_a1IR02Cu3jD3MFZf5rAeWibuv,Ae.Albopictus_1M_7D_25C_SmallCylinder_LowMic_cut36_16bit.wav,mosquito,Aedes albopictus,aedes_albopictus,M,1M,7D,25C,SmallCylinder,LowMic,cut36,,,,ae.albopictus_1m_7d_25c_smallcylinder,inferred_filename_source_family; merges cuts and microphone variants; individual/session identity UNKNOWN,1.08075,8000,1,PCM_16,8646,14a23a332716a69c21bf277c13b430eb0286498bcaae95a458566bf060ecb8f6,c973f78da352e3b5adc45de01a182b1591c79af519b1fe842f6b3e0589673fea,training,training,HOLD: source-family grouping is not verified individual/session independence,True,raw/mosquito/Ae.Albopictus_1M_7D_25C_SmallCylinder_LowMic_cut36_16bit.wav
1atbx1dreZwBjGmnr-QPSP_JESTJZMQl2,Ae.Albopictus_1M_7D_25C_SmallCylinder_LowMic_cut37_16bit.wav,mosquito,Aedes albopictus,aedes_albopictus,M,1M,7D,25C,SmallCylinder,LowMic,cut37,,,,ae.albopictus_1m_7d_25c_smallcylinder,inferred_filename_source_family; merges cuts and microphone variants; individual/session identity UNKNOWN,1.011125,8000,1,PCM_16,8089,cd4de493ade91a914636c63cc839ac70a27257f5a12e9a780b8ad471e6ba3074,54301163e8a702ee942f32c0f2fc452adc64cfd8d407d6012adaeb9494bd5b83,training,training,HOLD: source-family grouping is not verified individual/session independence,True,raw/mosquito/Ae.Albopictus_1M_7D_25C_SmallCylinder_LowMic_cut37_16bit.wav
1cCEnJCUaJmEs_teQqThEMJbszRg6bLUx,Ae.Albopictus_1M_7D_25C_SmallCylinder_LowMic_cut38_16bit.wav,mosquito,Aedes albopictus,aedes_albopictus,M,1M,7D,25C,SmallCylinder,LowMic,cut38,,,,ae.albopictus_1m_7d_25c_smallcylinder,inferred_filename_source_family; merges cuts and microphone variants; individual/session identity UNKNOWN,0.702125,8000,1,PCM_16,5617,50069df2877f363d6da5d0af62706155bd4be65880cdcc6620562246013541c7,5ed83021bab83cc7a0a2302faff10a41df14c84fc0ecfdc3bde511f26a3270f0,training,training,HOLD: source-family grouping is not verified individual/session independence; shorter than original 1-second context; no padding/looping/concatenation authorized,False,raw/mosquito/Ae.Albopictus_1M_7D_25C_SmallCylinder_LowMic_cut38_16bit.wav
1g-nOkcnU9-JG5_Vc6LK1zKyRuBHEwdIe,Ae.Albopictus_1M_7D_25C_SmallCylinder_LowMic_cut39_16bit.wav,mosquito,Aedes albopictus,aedes_albopictus,M,1M,7D,25C,SmallCylinder,LowMic,cut39,,,,ae.albopictus_1m_7d_25c_smallcylinder,inferred_filename_source_family; merges cuts and microphone variants; individual/session identity UNKNOWN,1.029875,8000,1,PCM_16,8239,eb487765456145cae87b176e6e08a63825f6fe54b9da0ef7862762abf02a80e1,a60dde45ca16bfdb4061122dae89c30121db28d93ae3ef14b2a0601f247b7007,training,training,HOLD: source-family grouping is not verified individual/session independence,True,raw/mosquito/Ae.Albopictus_1M_7D_25C_SmallCylinder_LowMic_cut39_16bit.wav
1lg6CINRjFkbbJLxr-sklGGtpz1eCIyiB,Ae.Albopictus_1M_7D_25C_SmallCylinder_LowMic_cut3_16bit.wav,mosquito,Aedes albopictus,aedes_albopictus,M,1M,7D,25C,SmallCylinder,LowMic,cut3,,,,ae.albopictus_1m_7d_25c_smallcylinder,inferred_filename_source_family; merges cuts and microphone variants; individual/session identity UNKNOWN,1.943,8000,1,PCM_16,15544,67470ca90ea3af39c5042021eb0cdac84246e129c4dd5d9a8c7e9bb009bc28b3,41646a54f836f64940d341a3763622e46a64aeadd23a9c25e0985b2b22a72914,training,training,HOLD: source-family grouping is not verified individual/session independence,True,raw/mosquito/Ae.Albopictus_1M_7D_25C_SmallCylinder_LowMic_cut3_16bit.wav
19cyNNWh51oyLpWPhnKclnycM3124wBA9,Ae.Albopictus_1M_7D_25C_SmallCylinder_LowMic_cut40_16bit.wav,mosquito,Aedes albopictus,aedes_albopictus,M,1M,7D,25C,SmallCylinder,LowMic,cut40,,,,ae.albopictus_1m_7d_25c_smallcylinder,inferred_filename_source_family; merges cuts and microphone variants; individual/session identity UNKNOWN,1.3045,8000,1,PCM_16,10436,a7c2ae2623b3cc1bc68b63b142c2b981f1d8b0d94a0e4ad09b79dc79d3f7455e,49c2468367600f2b54edd3644d142f614ba78c739f3fd30743579a7f254587af,training,training,HOLD: source-family grouping is not verified individual/session independence,True,raw/mosquito/Ae.Albopictus_1M_7D_25C_SmallCylinder_LowMic_cut40_16bit.wav
1r6YttONfCrztPukdXEt4K25btHC9jHma,Ae.Albopictus_1M_7D_25C_SmallCylinder_LowMic_cut41_16bit.wav,mosquito,Aedes albopictus,aedes_albopictus,M,1M,7D,25C,SmallCylinder,LowMic,cut41,,,,ae.albopictus_1m_7d_25c_smallcylinder,inferred_filename_source_family; merges cuts and microphone variants; individual/session identity UNKNOWN,0.9175,8000,1,PCM_16,7340,93d9bbb2a976e5d5e2a802788680a3229bd3a0e7e1ab7ccce8a76c1db318df1b,cd6b73578ee7619dd8428db6b6bec4c3d14e83cd7162d483063484ab68bf70a0,training,training,HOLD: source-family grouping is not verified individual/session independence; shorter than original 1-second context; no padding/looping/concatenation authorized,False,raw/mosquito/Ae.Albopictus_1M_7D_25C_SmallCylinder_LowMic_cut41_16bit.wav
1Max_DX3eECv4ssctP-ImhfpvaLm0GeB4,Ae.Albopictus_1M_7D_25C_SmallCylinder_LowMic_cut42_16bit.wav,mosquito,Aedes albopictus,aedes_albopictus,M,1M,7D,25C,SmallCylinder,LowMic,cut42,,,,ae.albopictus_1m_7d_25c_smallcylinder,inferred_filename_source_family; merges cuts and microphone variants; individual/session identity UNKNOWN,1.6895,8000,1,PCM_16,13516,b73dc5c18c73f51f79728ef6cbeef1f1067dcb0c78c75827ba0e52f44a1e3b99,42ff48d458a63e2b8360165c9a7b9df669a512fd30eade7752fbdf736c84b564,training,training,HOLD: source-family grouping is not verified individual/session independence,True,raw/mosquito/Ae.Albopictus_1M_7D_25C_SmallCylinder_LowMic_cut42_16bit.wav
1UQ5rg0tsxJJaSKHmcuDW6VABZPI7sAub,Ae.Albopictus_1M_7D_25C_SmallCylinder_LowMic_cut43_16bit.wav,mosquito,Aedes albopictus,aedes_albopictus,M,1M,7D,25C,SmallCylinder,LowMic,cut43,,,,ae.albopictus_1m_7d_25c_smallcylinder,inferred_filename_source_family; merges cuts and microphone variants; individual/session identity UNKNOWN,2.3445,8000,1,PCM_16,18756,835cf3445c1937402e9c24f62975a789a842963910d32bb04ee500bc64c1cf2a,af602e0c1121eddc03a3e62d87655e1b2a57132f0c24af9acd4ea673407fa970,training,training,HOLD: source-family grouping is not verified individual/session independence,True,raw/mosquito/Ae.Albopictus_1M_7D_25C_SmallCylinder_LowMic_cut43_16bit.wav
1pT4xKbHllfUg_015wT7i5mTnmoFvST1G,Ae.Albopictus_1M_7D_25C_SmallCylinder_LowMic_cut44_16bit.wav,mosquito,Aedes albopictus,aedes_albopictus,M,1M,7D,25C,SmallCylinder,LowMic,cut44,,,,ae.albopictus_1m_7d_25c_smallcylinder,inferred_filename_source_family; merges cuts and microphone variants; individual/session identity UNKNOWN,1.2795,8000,1,PCM_16,10236,240ad8b94e03ec0267e607d14e4f371e749be80fe12d4105ed8a75975b019331,6f38d998d3044e1f83814ee3ac356dc964cf6d6b839d642da507ae6e31fcb63f,training,training,HOLD: source-family grouping is not verified individual/session independence,True,raw/mosquito/Ae.Albopictus_1M_7D_25C_SmallCylinder_LowMic_cut44_16bit.wav
1o3W2m4hbvGFFlAqW-c1IM4XBJzloH_a3,Ae.Albopictus_1M_7D_25C_SmallCylinder_LowMic_cut45_16bit.wav,mosquito,Aedes albopictus,aedes_albopictus,M,1M,7D,25C,SmallCylinder,LowMic,cut45,,,,ae.albopictus_1m_7d_25c_smallcylinder,inferred_filename_source_family; merges cuts and microphone variants; individual/session identity UNKNOWN,2.03875,8000,1,PCM_16,16310,6820cf2b7e19e3cb149beb84505d69e7f2579b2ff4db56fa765d091bc28c7a60,86114887ac5232081fad19112d67ecc6e3882a85d00a33a920f6fa170b20b4f9,training,training,HOLD: source-family grouping is not verified individual/session independence,True,raw/mosquito/Ae.Albopictus_1M_7D_25C_SmallCylinder_LowMic_cut45_16bit.wav
1QAL2XULR7-n9YGA_YyV6Xt60jVfjVi8i,Ae.Albopictus_1M_7D_25C_SmallCylinder_LowMic_cut46_16bit.wav,mosquito,Aedes albopictus,aedes_albopictus,M,1M,7D,25C,SmallCylinder,LowMic,cut46,,,,ae.albopictus_1m_7d_25c_smallcylinder,inferred_filename_source_family; merges cuts and microphone variants; individual/session identity UNKNOWN,0.840125,8000,1,PCM_16,6721,25660e4e092a999d8f9ff1f74c7f35e72bd69eb19228b9670e745233569cbcb8,d32f7b3183c6e23dd436ec7d6dd0836a84e97aa26280fab2e6e6f66a781bfa8d,training,training,HOLD: source-family grouping is not verified individual/session independence; shorter than original 1-second context; no padding/looping/concatenation authorized,False,raw/mosquito/Ae.Albopictus_1M_7D_25C_SmallCylinder_LowMic_cut46_16bit.wav
1nXjKiJvqLZ79lxOOa28kuldGkMBdt7QP,Ae.Albopictus_1M_7D_25C_SmallCylinder_LowMic_cut47_16bit.wav,mosquito,Aedes albopictus,aedes_albopictus,M,1M,7D,25C,SmallCylinder,LowMic,cut47,,,,ae.albopictus_1m_7d_25c_smallcylinder,inferred_filename_source_family; merges cuts and microphone variants; individual/session identity UNKNOWN,1.732875,8000,1,PCM_16,13863,9cea472cc43a1c21b51df15f53be0eb145554fdf173eed04bbb5b31e1168b50e,9b838457be53cf1e3b98ee5b1bdad88e03a64af59d24cd67a8af140b87acea56,training,training,HOLD: source-family grouping is not verified individual/session independence,True,raw/mosquito/Ae.Albopictus_1M_7D_25C_SmallCylinder_LowMic_cut47_16bit.wav
1kNcoN8BfG7nirBcKodV8g85CUjeSfB1x,Ae.Albopictus_1M_7D_25C_SmallCylinder_LowMic_cut48_16bit.wav,mosquito,Aedes albopictus,aedes_albopictus,M,1M,7D,25C,SmallCylinder,LowMic,cut48,,,,ae.albopictus_1m_7d_25c_smallcylinder,inferred_filename_source_family; merges cuts and microphone variants; individual/session identity UNKNOWN,1.22675,8000,1,PCM_16,9814,75cf4cef2decf0af823d8224c531b3d688809ebdde616b02cbbb339b6216cf43,67ff897a2aceb1e36ead512b4bfba6b672ffa3ae02373d9f441d598574fe101e,training,training,HOLD: source-family grouping is not verified individual/session independence,True,raw/mosquito/Ae.Albopictus_1M_7D_25C_SmallCylinder_LowMic_cut48_16bit.wav
1p6bZqKxkYkvjZPJcVh26ycSRCn_lvBBw,Ae.Albopictus_1M_7D_25C_SmallCylinder_LowMic_cut49_16bit.wav,mosquito,Aedes albopictus,aedes_albopictus,M,1M,7D,25C,SmallCylinder,LowMic,cut49,,,,ae.albopictus_1m_7d_25c_smallcylinder,inferred_filename_source_family; merges cuts and microphone variants; individual/session identity UNKNOWN,2.0985,8000,1,PCM_16,16788,a90b179410599d425a806e1ff3276e6b8cca1bb9b8444ed03b586949bd82a843,527135b4c45fa9e50a16d650023889880ec9eff2c4058be9b386c235dbab8d70,training,training,HOLD: source-family grouping is not verified individual/session independence,True,raw/mosquito/Ae.Albopictus_1M_7D_25C_SmallCylinder_LowMic_cut49_16bit.wav
1Jg3n2wMzDwUAWp3p1h73nUYH0pLtg-fH,Ae.Albopictus_1M_7D_25C_SmallCylinder_LowMic_cut4_16bit.wav,mosquito,Aedes albopictus,aedes_albopictus,M,1M,7D,25C,SmallCylinder,LowMic,cut4,,,,ae.albopictus_1m_7d_25c_smallcylinder,inferred_filename_source_family; merges cuts and microphone variants; individual/session identity UNKNOWN,2.0,8000,1,PCM_16,16000,e408ac32bc19307dbb688880b97f7ae9aeced3a9908214cb87317f4e0fc9e815,f08dfea45902528203da78ff99e5cb1801dd211d895790a7c284d55ab45c048f,training,training,HOLD: source-family grouping is not verified individual/session independence,True,raw/mosquito/Ae.Albopictus_1M_7D_25C_SmallCylinder_LowMic_cut4_16bit.wav
12S_bmDUkpKp0Zh_5A7aUHnOn_WDNeiWf,Ae.Albopictus_1M_7D_25C_SmallCylinder_LowMic_cut50_16bit.wav,mosquito,Aedes albopictus,aedes_albopictus,M,1M,7D,25C,SmallCylinder,LowMic,cut50,,,,ae.albopictus_1m_7d_25c_smallcylinder,inferred_filename_source_family; merges cuts and microphone variants; individual/session identity UNKNOWN,0.63625,8000,1,PCM_16,5090,89ffaf817a64ac69e576f02052344b9bdbb0ce9b085f025b17c39651444cb53f,ee14b1110846bfc5604f065046b23366966bb09fe56ddcdf01ef9c58e6394f82,training,training,HOLD: source-family grouping is not verified individual/session independence; shorter than original 1-second context; no padding/looping/concatenation authorized,False,raw/mosquito/Ae.Albopictus_1M_7D_25C_SmallCylinder_LowMic_cut50_16bit.wav
155dKy0ZuXlG2qbNAiY9s2QGPYc78f4Ci,Ae.Albopictus_1M_7D_25C_SmallCylinder_LowMic_cut51_16bit.wav,mosquito,Aedes albopictus,aedes_albopictus,M,1M,7D,25C,SmallCylinder,LowMic,cut51,,,,ae.albopictus_1m_7d_25c_smallcylinder,inferred_filename_source_family; merges cuts and microphone variants; individual/session identity UNKNOWN,1.11425,8000,1,PCM_16,8914,e83b3a6432971e6ed298b825bdc660c62f19a2876cb5436d3c30d4f54105680e,d2931cf0c07420c813a7ae86a01e0029def288dfa1c5a29ed3c44f155938e4ba,training,training,HOLD: source-family grouping is not verified individual/session independence,True,raw/mosquito/Ae.Albopictus_1M_7D_25C_SmallCylinder_LowMic_cut51_16bit.wav
1tmn1mRlCTMFWo-dHH5hXhqJvcmXjRM6x,Ae.Albopictus_1M_7D_25C_SmallCylinder_LowMic_cut52_16bit.wav,mosquito,Aedes albopictus,aedes_albopictus,M,1M,7D,25C,SmallCylinder,LowMic,cut52,,,,ae.albopictus_1m_7d_25c_smallcylinder,inferred_filename_source_family; merges cuts and microphone variants; individual/session identity UNKNOWN,0.64675,8000,1,PCM_16,5174,284fbc1023b06eb5e4486d0a7ef5ede6df91c0c9a76f44554ccf5b139db9af1a,5ea91eaa3239b37c9c601d1a02bf449648de3982b2489d7e3878f7bd9f26936c,training,training,HOLD: source-family grouping is not verified individual/session independence; shorter than original 1-second context; no padding/looping/concatenation authorized,False,raw/mosquito/Ae.Albopictus_1M_7D_25C_SmallCylinder_LowMic_cut52_16bit.wav
14Sh6KNj-CoY4ntHzHh6Y-naIOjGocHnk,Ae.Albopictus_1M_7D_25C_SmallCylinder_LowMic_cut53_16bit.wav,mosquito,Aedes albopictus,aedes_albopictus,M,1M,7D,25C,SmallCylinder,LowMic,cut53,,,,ae.albopictus_1m_7d_25c_smallcylinder,inferred_filename_source_family; merges cuts and microphone variants; individual/session identity UNKNOWN,0.608125,8000,1,PCM_16,4865,65e195abdfa8a143020627e4ae45ac7551cf8eae8d8c1710b5bace694f21b743,7b0c139b505cd4237bf7739f24757f434f93dc49fe85400f69c5064c29df6f12,training,training,HOLD: source-family grouping is not verified individual/session independence; shorter than original 1-second context; no padding/looping/concatenation authorized,False,raw/mosquito/Ae.Albopictus_1M_7D_25C_SmallCylinder_LowMic_cut53_16bit.wav
1tddz9IkpSX-cOKDlUr2gIb9WYoPKu8Gj,Ae.Albopictus_1M_7D_25C_SmallCylinder_LowMic_cut54_16bit.wav,mosquito,Aedes albopictus,aedes_albopictus,M,1M,7D,25C,SmallCylinder,LowMic,cut54,,,,ae.albopictus_1m_7d_25c_smallcylinder,inferred_filename_source_family; merges cuts and microphone variants; individual/session identity UNKNOWN,1.898,8000,1,PCM_16,15184,2fca7bf5bc4a40a3e5aa78d3d01d2240c6f844e27a50a8196b9845a64f7ef428,ad096465ea1cdfc5180690c8933059df5fdf9ec87822509803c0d365fb8792db,training,training,HOLD: source-family grouping is not verified individual/session independence,True,raw/mosquito/Ae.Albopictus_1M_7D_25C_SmallCylinder_LowMic_cut54_16bit.wav
1TLfugWsJO0GIcNPfzsdoptWIFvlyeVUQ,Ae.Albopictus_1M_7D_25C_SmallCylinder_LowMic_cut55_16bit.wav,mosquito,Aedes albopictus,aedes_albopictus,M,1M,7D,25C,SmallCylinder,LowMic,cut55,,,,ae.albopictus_1m_7d_25c_smallcylinder,inferred_filename_source_family; merges cuts and microphone variants; individual/session identity UNKNOWN,0.706,8000,1,PCM_16,5648,0fc1c20050004fb7196928c60285668bee9b8ca932090928717564b8c2619b3e,b0295d9e19e96d872044b3064c00c13a48ba3323ed5245cf9a7dacdedff8811b,training,training,HOLD: source-family grouping is not verified individual/session independence; shorter than original 1-second context; no padding/looping/concatenation authorized,False,raw/mosquito/Ae.Albopictus_1M_7D_25C_SmallCylinder_LowMic_cut55_16bit.wav
1SwC9tTqZ8oIgEUYo9kBu1-Jz12MM1DTH,Ae.Albopictus_1M_7D_25C_SmallCylinder_LowMic_cut56_16bit.wav,mosquito,Aedes albopictus,aedes_albopictus,M,1M,7D,25C,SmallCylinder,LowMic,cut56,,,,ae.albopictus_1m_7d_25c_smallcylinder,inferred_filename_source_family; merges cuts and microphone variants; individual/session identity UNKNOWN,1.0425,8000,1,PCM_16,8340,24486d2ae965d5b4464bc67df20436536e656352b358fbe068e8254d1b77746f,89b9d503c9d9743eef0d88c14f136d9a1ec5b34884655f171e00dde934429397,training,training,HOLD: source-family grouping is not verified individual/session independence,True,raw/mosquito/Ae.Albopictus_1M_7D_25C_SmallCylinder_LowMic_cut56_16bit.wav
1wdsDKEwpnJW_qF91G7g3OOOlZcDAhkz-,Ae.Albopictus_1M_7D_25C_SmallCylinder_LowMic_cut57_16bit.wav,mosquito,Aedes albopictus,aedes_albopictus,M,1M,7D,25C,SmallCylinder,LowMic,cut57,,,,ae.albopictus_1m_7d_25c_smallcylinder,inferred_filename_source_family; merges cuts and microphone variants; individual/session identity UNKNOWN,0.6405,8000,1,PCM_16,5124,87a4d0c3cc260a0e071801fe20add9079b59d61801d661bc6aab7028bcb80e91,bce5b13555e8c61da34277f8063d58652a9e93906efbb241f11fc05d779255b9,training,training,HOLD: source-family grouping is not verified individual/session independence; shorter than original 1-second context; no padding/looping/concatenation authorized,False,raw/mosquito/Ae.Albopictus_1M_7D_25C_SmallCylinder_LowMic_cut57_16bit.wav
1FPhxl0aEnOvJwbeW1o0xKob_P1-4nKUL,Ae.Albopictus_1M_7D_25C_SmallCylinder_LowMic_cut58_16bit.wav,mosquito,Aedes albopictus,aedes_albopictus,M,1M,7D,25C,SmallCylinder,LowMic,cut58,,,,ae.albopictus_1m_7d_25c_smallcylinder,inferred_filename_source_family; merges cuts and microphone variants; individual/session identity UNKNOWN,1.271625,8000,1,PCM_16,10173,2bccfe045a93d3c177111ac0e0bb5c7bf520def9a751d9f8db80c351292358d0,cbde51a02a3aec13c4ab466fc1df1b177c6678fbc0c8da8dfee3d159bd6d1f59,training,training,HOLD: source-family grouping is not verified individual/session independence,True,raw/mosquito/Ae.Albopictus_1M_7D_25C_SmallCylinder_LowMic_cut58_16bit.wav
1Nll1uxHJ3wHzsrMqJFdos7ZvmOGqN8FV,Ae.Albopictus_1M_7D_25C_SmallCylinder_LowMic_cut59_16bit.wav,mosquito,Aedes albopictus,aedes_albopictus,M,1M,7D,25C,SmallCylinder,LowMic,cut59,,,,ae.albopictus_1m_7d_25c_smallcylinder,inferred_filename_source_family; merges cuts and microphone variants; individual/session identity UNKNOWN,1.519375,8000,1,PCM_16,12155,6013a4e08d5206482d0170c2f371cbeea24a3c687a7077b694440a0f8224f108,b3f4d07eb7539e419dd755e68cf9513745c4c20d04d3817ca62719406da527ec,training,training,HOLD: source-family grouping is not verified individual/session independence,True,raw/mosquito/Ae.Albopictus_1M_7D_25C_SmallCylinder_LowMic_cut59_16bit.wav
1coZHRlvW8yW4srUw1HEwFZbe_PJJn3QQ,Ae.Albopictus_1M_7D_25C_SmallCylinder_LowMic_cut5_16bit.wav,mosquito,Aedes albopictus,aedes_albopictus,M,1M,7D,25C,SmallCylinder,LowMic,cut5,,,,ae.albopictus_1m_7d_25c_smallcylinder,inferred_filename_source_family; merges cuts and microphone variants; individual/session identity UNKNOWN,1.98,8000,1,PCM_16,15840,a25f4a1e7eed2650d17941de192975b6a6360637459b334e282887819ad0f72a,1b3f64da627f6db81373168d797b9f5b372316ad7f082773de72da577c57ed10,training,training,HOLD: source-family grouping is not verified individual/session independence,True,raw/mosquito/Ae.Albopictus_1M_7D_25C_SmallCylinder_LowMic_cut5_16bit.wav
1fBxsp4wi3YeMVgOIzBeTMbR5qJogrppj,Ae.Albopictus_1M_7D_25C_SmallCylinder_LowMic_cut60_16bit.wav,mosquito,Aedes albopictus,aedes_albopictus,M,1M,7D,25C,SmallCylinder,LowMic,cut60,,,,ae.albopictus_1m_7d_25c_smallcylinder,inferred_filename_source_family; merges cuts and microphone variants; individual/session identity UNKNOWN,1.116625,8000,1,PCM_16,8933,f7591dcd0369e77c4e94993aacb470e22a67e72946fd5b9757fed9af67c17aac,7514590295259a759195ceaa17d44c177f361e2c7cc7931c8044ff0871a00143,training,training,HOLD: source-family grouping is not verified individual/session independence,True,raw/mosquito/Ae.Albopictus_1M_7D_25C_SmallCylinder_LowMic_cut60_16bit.wav
1sya260fwGUjdMpwmmjvqHTrwhcFqo-nx,Ae.Albopictus_1M_7D_25C_SmallCylinder_LowMic_cut61_16bit.wav,mosquito,Aedes albopictus,aedes_albopictus,M,1M,7D,25C,SmallCylinder,LowMic,cut61,,,,ae.albopictus_1m_7d_25c_smallcylinder,inferred_filename_source_family; merges cuts and microphone variants; individual/session identity UNKNOWN,1.1385,8000,1,PCM_16,9108,723a7033c7a12354623a21145a0b2c6d4d68540c2178e121ab38e72ad553d84a,184b37fd1ce412a0404493acafaacc5a20eb39f1d25aefdc827e756577e24e2b,training,training,HOLD: source-family grouping is not verified individual/session independence,True,raw/mosquito/Ae.Albopictus_1M_7D_25C_SmallCylinder_LowMic_cut61_16bit.wav
1FZ47lPtLA96354l17C4xU18Wgs1jOj86,Ae.Albopictus_1M_7D_25C_SmallCylinder_LowMic_cut62_16bit.wav,mosquito,Aedes albopictus,aedes_albopictus,M,1M,7D,25C,SmallCylinder,LowMic,cut62,,,,ae.albopictus_1m_7d_25c_smallcylinder,inferred_filename_source_family; merges cuts and microphone variants; individual/session identity UNKNOWN,0.9875,8000,1,PCM_16,7900,5f14b0642e292c1432d7c3747d521a32695de7033d99deccef59eae88061d61d,944e8d07bc164e986503ee86fc136b6f5f968bb264e56bbca7fceb8c021c1c2c,training,training,HOLD: source-family grouping is not verified individual/session independence; shorter than original 1-second context; no padding/looping/concatenation authorized,False,raw/mosquito/Ae.Albopictus_1M_7D_25C_SmallCylinder_LowMic_cut62_16bit.wav
1wrF1Z2582aKTEt1ZLB-VrInIrb0KEUbs,Ae.Albopictus_1M_7D_25C_SmallCylinder_LowMic_cut63_16bit.wav,mosquito,Aedes albopictus,aedes_albopictus,M,1M,7D,25C,SmallCylinder,LowMic,cut63,,,,ae.albopictus_1m_7d_25c_smallcylinder,inferred_filename_source_family; merges cuts and microphone variants; individual/session identity UNKNOWN,0.623625,8000,1,PCM_16,4989,5b5120efb9be21ace79c7ae73681e771feb05d548925b4fa06cdb2e2a3d55190,8d8e9749790e5fc60c786c636d756c64d52323712a6cf1d3ea60b341be780717,training,training,HOLD: source-family grouping is not verified individual/session independence; shorter than original 1-second context; no padding/looping/concatenation authorized,False,raw/mosquito/Ae.Albopictus_1M_7D_25C_SmallCylinder_LowMic_cut63_16bit.wav
1o9n4Rc6D8lZORJpDiHqgcz8NhDsOLv9t,Ae.Albopictus_1M_7D_25C_SmallCylinder_LowMic_cut6_16bit.wav,mosquito,Aedes albopictus,aedes_albopictus,M,1M,7D,25C,SmallCylinder,LowMic,cut6,,,,ae.albopictus_1m_7d_25c_smallcylinder,inferred_filename_source_family; merges cuts and microphone variants; individual/session identity UNKNOWN,1.636625,8000,1,PCM_16,13093,2aa3b67229f86ccde63aadedc3bdad4f17600de6f261e84e2213b509afa207c0,299d043a71eacf9c5e92e190e531573fe679bda10743294b3cd3bba921952244,training,training,HOLD: source-family grouping is not verified individual/session independence,True,raw/mosquito/Ae.Albopictus_1M_7D_25C_SmallCylinder_LowMic_cut6_16bit.wav
1M8cHbiam-Hgd9cRHUdINpAYVtZQht9I2,Ae.Albopictus_1M_7D_25C_SmallCylinder_LowMic_cut7_16bit.wav,mosquito,Aedes albopictus,aedes_albopictus,M,1M,7D,25C,SmallCylinder,LowMic,cut7,,,,ae.albopictus_1m_7d_25c_smallcylinder,inferred_filename_source_family; merges cuts and microphone variants; individual/session identity UNKNOWN,4.002375,8000,1,PCM_16,32019,d6f1ea6425097bd2c15464db31106d4b61d261801c64d08d6c76a32675def895,42142f440098df4f08eb4f4ef6361ab762be54561d8ea2c232cf1e53b51588d5,training,training,HOLD: source-family grouping is not verified individual/session independence,True,raw/mosquito/Ae.Albopictus_1M_7D_25C_SmallCylinder_LowMic_cut7_16bit.wav
1GXmLXYw5aK74zwhsyPG2SrqYFA-5PNNz,Ae.Albopictus_1M_7D_25C_SmallCylinder_LowMic_cut8_16bit.wav,mosquito,Aedes albopictus,aedes_albopictus,M,1M,7D,25C,SmallCylinder,LowMic,cut8,,,,ae.albopictus_1m_7d_25c_smallcylinder,inferred_filename_source_family; merges cuts and microphone variants; individual/session identity UNKNOWN,1.76825,8000,1,PCM_16,14146,0ef88f5cd84071e4b942b1262b25751667f8960a52181122c7d09e2f9a97434c,97e5073bd63aec05cd2b0db6c06063712ea7237b3a16387656bde801c910d9a4,training,training,HOLD: source-family grouping is not verified individual/session independence,True,raw/mosquito/Ae.Albopictus_1M_7D_25C_SmallCylinder_LowMic_cut8_16bit.wav
14btrsbydUshxllnqt803X1f3frIzMcLU,Ae.Albopictus_1M_7D_25C_SmallCylinder_LowMic_cut9_16bit.wav,mosquito,Aedes albopictus,aedes_albopictus,M,1M,7D,25C,SmallCylinder,LowMic,cut9,,,,ae.albopictus_1m_7d_25c_smallcylinder,inferred_filename_source_family; merges cuts and microphone variants; individual/session identity UNKNOWN,1.377375,8000,1,PCM_16,11019,f2daaa101f17691c709a12c533bc5c65d34b81781cc1cf95311548c0c02886cb,82a57a7daebeb1d827eff15606395b65b60a915ebb16b9074ebe9848ef7a28d5,training,training,HOLD: source-family grouping is not verified individual/session independence,True,raw/mosquito/Ae.Albopictus_1M_7D_25C_SmallCylinder_LowMic_cut9_16bit.wav
1GkHlyXj0DoFUAFpPvJQfM1w0MZ0_S2zH,An.Dirus_1F_14D_25C_SmallCylinder_cut10_16bit.wav,mosquito,Anopheles dirus,anopheles_dirus,F,1F,14D,25C,SmallCylinder,unmarked,cut10,,,,an.dirus_1f_14d_25c_smallcylinder,inferred_filename_source_family; merges cuts and microphone variants; individual/session identity UNKNOWN,1.503,8000,1,PCM_16,12024,e88ec0a3c28680aaa8d7d869375f117fc8b95efa61d0eb67a7a1cfebeaddcdcf,d9fd966da3ee383d99b6cfacc5d7b3971ad160a8b699443eb9ba5330b9d7d353,validation,validation,HOLD: source-family grouping is not verified individual/session independence,True,raw/mosquito/An.Dirus_1F_14D_25C_SmallCylinder_cut10_16bit.wav
1sHv0VQ_cWH4iLuSDiare7i_Pe4B97rNV,An.Dirus_1F_14D_25C_SmallCylinder_cut11_16bit.wav,mosquito,Anopheles dirus,anopheles_dirus,F,1F,14D,25C,SmallCylinder,unmarked,cut11,,,,an.dirus_1f_14d_25c_smallcylinder,inferred_filename_source_family; merges cuts and microphone variants; individual/session identity UNKNOWN,0.89525,8000,1,PCM_16,7162,986f19758f4374d8270afca737d3991e11c409bf369607e930479a4e67f5c706,73b5ad8596ca35afb6fe80f99bf147ac6aca0463008d9d1de6a0040b45b6a9d4,validation,validation,HOLD: source-family grouping is not verified individual/session independence; shorter than original 1-second context; no padding/looping/concatenation authorized,False,raw/mosquito/An.Dirus_1F_14D_25C_SmallCylinder_cut11_16bit.wav
1s8vk6oLK2n9nutnc2dVA_jM_iQwhswOW,An.Dirus_1F_14D_25C_SmallCylinder_cut12_16bit.wav,mosquito,Anopheles dirus,anopheles_dirus,F,1F,14D,25C,SmallCylinder,unmarked,cut12,,,,an.dirus_1f_14d_25c_smallcylinder,inferred_filename_source_family; merges cuts and microphone variants; individual/session identity UNKNOWN,0.648875,8000,1,PCM_16,5191,4b4088e3daa6b02967dc3425969076b307e398ba890438c10581ec1a5d911f43,67bb429b0413bb42778b15fc0475e595499a0963bf771b1f2e0cd53a81559c1b,validation,validation,HOLD: source-family grouping is not verified individual/session independence; shorter than original 1-second context; no padding/looping/concatenation authorized,False,raw/mosquito/An.Dirus_1F_14D_25C_SmallCylinder_cut12_16bit.wav
1EgUkadBPTkbPGF-H4AXIPkADS4PEEJtp,An.Dirus_1F_14D_25C_SmallCylinder_cut13_16bit.wav,mosquito,Anopheles dirus,anopheles_dirus,F,1F,14D,25C,SmallCylinder,unmarked,cut13,,,,an.dirus_1f_14d_25c_smallcylinder,inferred_filename_source_family; merges cuts and microphone variants; individual/session identity UNKNOWN,0.78025,8000,1,PCM_16,6242,e6f02c23c4dd568b277ca216830ae9ff6d71d3483b818466f9895744ce3fddea,fc4e9a906e69e2e5b7f900557fb0de882650804e2959ba83c48c45c47aad9ae9,validation,validation,HOLD: source-family grouping is not verified individual/session independence; shorter than original 1-second context; no padding/looping/concatenation authorized,False,raw/mosquito/An.Dirus_1F_14D_25C_SmallCylinder_cut13_16bit.wav
1s5jdBek5ZWuRUHumdOBOCUO8GDcTRyFA,An.Dirus_1F_14D_25C_SmallCylinder_cut14_16bit.wav,mosquito,Anopheles dirus,anopheles_dirus,F,1F,14D,25C,SmallCylinder,unmarked,cut14,,,,an.dirus_1f_14d_25c_smallcylinder,inferred_filename_source_family; merges cuts and microphone variants; individual/session identity UNKNOWN,1.034875,8000,1,PCM_16,8279,8bd892c7ce50666619dc8fcee8d1d28749a89328b638ce30fe04966f1cc47bea,0ff2942503884389b800ef37075c43f7fc07d7a9d129bab12f235979c317a0ad,validation,validation,HOLD: source-family grouping is not verified individual/session independence,True,raw/mosquito/An.Dirus_1F_14D_25C_SmallCylinder_cut14_16bit.wav
1UDmexuoN880FW9Doh9Yj6Mseaq1cSHEE,An.Dirus_1F_14D_25C_SmallCylinder_cut15_16bit.wav,mosquito,Anopheles dirus,anopheles_dirus,F,1F,14D,25C,SmallCylinder,unmarked,cut15,,,,an.dirus_1f_14d_25c_smallcylinder,inferred_filename_source_family; merges cuts and microphone variants; individual/session identity UNKNOWN,0.632375,8000,1,PCM_16,5059,2d9aecaaf9b8731db3083765882d0f12904ced352ae04f972a91ac7ff3d314fc,be97e2799a0656375bdaa740ce74bd901c0fedc2f53b9b6cb7a06b8699901bc2,validation,validation,HOLD: source-family grouping is not verified individual/session independence; shorter than original 1-second context; no padding/looping/concatenation authorized,False,raw/mosquito/An.Dirus_1F_14D_25C_SmallCylinder_cut15_16bit.wav
1i9G65-TFQHgsMeIM2Ys1S5COxu2t6tww,An.Dirus_1F_14D_25C_SmallCylinder_cut16_16bit.wav,mosquito,Anopheles dirus,anopheles_dirus,F,1F,14D,25C,SmallCylinder,unmarked,cut16,,,,an.dirus_1f_14d_25c_smallcylinder,inferred_filename_source_family; merges cuts and microphone variants; individual/session identity UNKNOWN,1.363375,8000,1,PCM_16,10907,ad09753dd384ad4798ddc82cb32f61a736e4983cb06286ca9c9de3243f8de8fd,82b01db1b364cc6c0da8f9bac1eff1b0c1520a3f0cbead0d78455662bcbd02ed,validation,validation,HOLD: source-family grouping is not verified individual/session independence,True,raw/mosquito/An.Dirus_1F_14D_25C_SmallCylinder_cut16_16bit.wav
1_PZQWGfuUoGwWZeVaoAVpikAZcaAS8DF,An.Dirus_1F_14D_25C_SmallCylinder_cut17_16bit.wav,mosquito,Anopheles dirus,anopheles_dirus,F,1F,14D,25C,SmallCylinder,unmarked,cut17,,,,an.dirus_1f_14d_25c_smallcylinder,inferred_filename_source_family; merges cuts and microphone variants; individual/session identity UNKNOWN,2.020375,8000,1,PCM_16,16163,85be339fd8ed2aef0fd1c57b9706bc573d1b4a5d2dd5941209d1d702156fac94,1bb9fceaf5f468f82386797c71db7b6f3e0324d4391bde389fddb693fc029c44,validation,validation,HOLD: source-family grouping is not verified individual/session independence,True,raw/mosquito/An.Dirus_1F_14D_25C_SmallCylinder_cut17_16bit.wav
1oSxUwK7Ua1RU7LOSJXfyaU3gQUDJ5U52,An.Dirus_1F_14D_25C_SmallCylinder_cut18_16bit.wav,mosquito,Anopheles dirus,anopheles_dirus,F,1F,14D,25C,SmallCylinder,unmarked,cut18,,,,an.dirus_1f_14d_25c_smallcylinder,inferred_filename_source_family; merges cuts and microphone variants; individual/session identity UNKNOWN,0.648875,8000,1,PCM_16,5191,30a4c0727bf9d8aff7b67f2f31a7d267d2ae469196fe651af0cd7d4586f5d02f,a446bbbf308677afed5ec087e03cb8dc5cbdc8583d1532512df94ca04d1ef93c,validation,validation,HOLD: source-family grouping is not verified individual/session independence; shorter than original 1-second context; no padding/looping/concatenation authorized,False,raw/mosquito/An.Dirus_1F_14D_25C_SmallCylinder_cut18_16bit.wav
1dGLbrdgCxGH6ie8RK5dTvXOYCQuKXfkK,An.Dirus_1F_14D_25C_SmallCylinder_cut19_16bit.wav,mosquito,Anopheles dirus,anopheles_dirus,F,1F,14D,25C,SmallCylinder,unmarked,cut19,,,,an.dirus_1f_14d_25c_smallcylinder,inferred_filename_source_family; merges cuts and microphone variants; individual/session identity UNKNOWN,1.248375,8000,1,PCM_16,9987,0d72d66e954d5786255863ec1955e06c0438d6d364945686a28a80b31aac4b88,4024a8c733aacf917094933fbded3c4cb60c0b7a40fa93ac0d3f99a012f28ada,validation,validation,HOLD: source-family grouping is not verified individual/session independence,True,raw/mosquito/An.Dirus_1F_14D_25C_SmallCylinder_cut19_16bit.wav
1QHleWd-52RWplonmcO2inRwdFIdLlVHT,An.Dirus_1F_14D_25C_SmallCylinder_cut1_16bit.wav,mosquito,Anopheles dirus,anopheles_dirus,F,1F,14D,25C,SmallCylinder,unmarked,cut1,,,,an.dirus_1f_14d_25c_smallcylinder,inferred_filename_source_family; merges cuts and microphone variants; individual/session identity UNKNOWN,1.451375,8000,1,PCM_16,11611,4f38a47ff605cf1405b51b4e367949e82122d57e6e281be7cffeb647b65aad24,e11c98ac7a3e2c5c52830ecd289378c1704324efa0e4e0a727b06255ca50b90a,validation,validation,HOLD: source-family grouping is not verified individual/session independence,True,raw/mosquito/An.Dirus_1F_14D_25C_SmallCylinder_cut1_16bit.wav
1aYSkyC5Pg3llMEnWiX8KZJR8i7Oy1ZV7,An.Dirus_1F_14D_25C_SmallCylinder_cut20_16bit.wav,mosquito,Anopheles dirus,anopheles_dirus,F,1F,14D,25C,SmallCylinder,unmarked,cut20,,,,an.dirus_1f_14d_25c_smallcylinder,inferred_filename_source_family; merges cuts and microphone variants; individual/session identity UNKNOWN,1.4455,8000,1,PCM_16,11564,0115cde2835dc00653e17af651dd86636dcffa8b5aae270072425b7cdd5b7bae,3cdba7427076b9ecde759c9143c9a7d9dde7cf6dacdd4b1240878820103b4e81,validation,validation,HOLD: source-family grouping is not verified individual/session independence,True,raw/mosquito/An.Dirus_1F_14D_25C_SmallCylinder_cut20_16bit.wav
1vVcNK5fzQ9mMf0DKNc1BeiUkCywgaUKr,An.Dirus_1F_14D_25C_SmallCylinder_cut21_16bit.wav,mosquito,Anopheles dirus,anopheles_dirus,F,1F,14D,25C,SmallCylinder,unmarked,cut21,,,,an.dirus_1f_14d_25c_smallcylinder,inferred_filename_source_family; merges cuts and microphone variants; individual/session identity UNKNOWN,2.472125,8000,1,PCM_16,19777,cbd6c9fa7b2de42e94c8e8fe5ec78e4d2215efe2d75e2f8714a4f87b6f7a3b46,0c17d30503875375f60b0047b72fa74bcb3553abe17a64c85bf3beb5eecc63af,validation,validation,HOLD: source-family grouping is not verified individual/session independence,True,raw/mosquito/An.Dirus_1F_14D_25C_SmallCylinder_cut21_16bit.wav
1dI3ztAwABRKFCUXK8pAEtXQpSV7FBi0O,An.Dirus_1F_14D_25C_SmallCylinder_cut22_16bit.wav,mosquito,Anopheles dirus,anopheles_dirus,F,1F,14D,25C,SmallCylinder,unmarked,cut22,,,,an.dirus_1f_14d_25c_smallcylinder,inferred_filename_source_family; merges cuts and microphone variants; individual/session identity UNKNOWN,2.012125,8000,1,PCM_16,16097,899e3b693407ed9ff040edd5945a088c5c0f349ffc07eca079decf5a65316ff4,449d9e5733e131cedd6c729739966e1d798de244542657594df51745a3a4fd40,validation,validation,HOLD: source-family grouping is not verified individual/session independence,True,raw/mosquito/An.Dirus_1F_14D_25C_SmallCylinder_cut22_16bit.wav
1PA0qADO4efijWwINEdVSm7Y8DAnnllBc,An.Dirus_1F_14D_25C_SmallCylinder_cut23_16bit.wav,mosquito,Anopheles dirus,anopheles_dirus,F,1F,14D,25C,SmallCylinder,unmarked,cut23,,,,an.dirus_1f_14d_25c_smallcylinder,inferred_filename_source_family; merges cuts and microphone variants; individual/session identity UNKNOWN,0.583125,8000,1,PCM_16,4665,bc75f7f6a39d0aa674ed716350c477e1ca3194ec4ef53162ad81501c68eb5459,87c2faa13bcca33635f0894c284a640ba992ed7b43fe83c60664dd244778af66,validation,validation,HOLD: source-family grouping is not verified individual/session independence; shorter than original 1-second context; no padding/looping/concatenation authorized,False,raw/mosquito/An.Dirus_1F_14D_25C_SmallCylinder_cut23_16bit.wav
1_XKXJLtHaqPB2CQaiwxQ__MPBsbPV8FR,An.Dirus_1F_14D_25C_SmallCylinder_cut24_16bit.wav,mosquito,Anopheles dirus,anopheles_dirus,F,1F,14D,25C,SmallCylinder,unmarked,cut24,,,,an.dirus_1f_14d_25c_smallcylinder,inferred_filename_source_family; merges cuts and microphone variants; individual/session identity UNKNOWN,0.87875,8000,1,PCM_16,7030,b9deff7c5a539d2d5cc6909f098502b3c73516ecc34ccd62ed58a478c443054d,787cd846360b9e342c0ada6907bd63f63cfc8ead38f890416fa923e9f91323d6,validation,validation,HOLD: source-family grouping is not verified individual/session independence; shorter than original 1-second context; no padding/looping/concatenation authorized,False,raw/mosquito/An.Dirus_1F_14D_25C_SmallCylinder_cut24_16bit.wav
1N4HRm2h3Pz-tQK2n2m2fFj6Y5_eD_GEH,An.Dirus_1F_14D_25C_SmallCylinder_cut25_16bit.wav,mosquito,Anopheles dirus,anopheles_dirus,F,1F,14D,25C,SmallCylinder,unmarked,cut25,,,,an.dirus_1f_14d_25c_smallcylinder,inferred_filename_source_family; merges cuts and microphone variants; individual/session identity UNKNOWN,1.26475,8000,1,PCM_16,10118,22b329f37a6e7546b56b7f36d2d04ab7dfba4d107dcba7d368075df572fc33db,819c734d0fce4e84542c5ec41d7643a43c4d74956ee1ed856eb9694702af7162,validation,validation,HOLD: source-family grouping is not verified individual/session independence,True,raw/mosquito/An.Dirus_1F_14D_25C_SmallCylinder_cut25_16bit.wav
1id49oQ4D0bRNLnU11kR85Yd7TL7hUdQT,An.Dirus_1F_14D_25C_SmallCylinder_cut26_16bit.wav,mosquito,Anopheles dirus,anopheles_dirus,F,1F,14D,25C,SmallCylinder,unmarked,cut26,,,,an.dirus_1f_14d_25c_smallcylinder,inferred_filename_source_family; merges cuts and microphone variants; individual/session identity UNKNOWN,0.689875,8000,1,PCM_16,5519,d1509eb8756cc376f4c556f313e6a1a57ba644b28e2fa9019c4bc5751cb33d56,337c527bb7817b2631a4e2cf3cefbdc5503a1005a16c464ac334483634ef8779,validation,validation,HOLD: source-family grouping is not verified individual/session independence; shorter than original 1-second context; no padding/looping/concatenation authorized,False,raw/mosquito/An.Dirus_1F_14D_25C_SmallCylinder_cut26_16bit.wav
1_Q93ueritB7L81e66C9XWpXlT8E3BqKu,An.Dirus_1F_14D_25C_SmallCylinder_cut27_16bit.wav,mosquito,Anopheles dirus,anopheles_dirus,F,1F,14D,25C,SmallCylinder,unmarked,cut27,,,,an.dirus_1f_14d_25c_smallcylinder,inferred_filename_source_family; merges cuts and microphone variants; individual/session identity UNKNOWN,1.16625,8000,1,PCM_16,9330,e2cd427d55bd1d81557819e848d89c144584c6ec90dcaaef5e531b8497f737fe,52cdd0294006df96dfc5ef50fae838591629e3a6eab0015401594a5bd9cf05c8,validation,validation,HOLD: source-family grouping is not verified individual/session independence,True,raw/mosquito/An.Dirus_1F_14D_25C_SmallCylinder_cut27_16bit.wav
179HjHFzVMFA4wXCOffy_gbP8NvQklbLQ,An.Dirus_1F_14D_25C_SmallCylinder_cut28_16bit.wav,mosquito,Anopheles dirus,anopheles_dirus,F,1F,14D,25C,SmallCylinder,unmarked,cut28,,,,an.dirus_1f_14d_25c_smallcylinder,inferred_filename_source_family; merges cuts and microphone variants; individual/session identity UNKNOWN,4.25425,8000,1,PCM_16,34034,847a6cad75164cb0444308cdad48ce4317ec715b7f3cf68ecfc6f3e31e41078f,87d0b773ccf655b747881ee28a892595c046746526ea25144686deff9ae8816d,validation,validation,HOLD: source-family grouping is not verified individual/session independence,True,raw/mosquito/An.Dirus_1F_14D_25C_SmallCylinder_cut28_16bit.wav
11O-gIifXXZ_3l3Y2DZ6_0lOeVwBMVmSE,An.Dirus_1F_14D_25C_SmallCylinder_cut29_16bit.wav,mosquito,Anopheles dirus,anopheles_dirus,F,1F,14D,25C,SmallCylinder,unmarked,cut29,,,,an.dirus_1f_14d_25c_smallcylinder,inferred_filename_source_family; merges cuts and microphone variants; individual/session identity UNKNOWN,1.388,8000,1,PCM_16,11104,cf865bb75e787e3b28c4cc4a925b3ac845992ff2059216efd5f87c2fcc707331,cc6bb8a25be5c25abb2a7c6978652f62a8d45e12af3d5d0fb762ff28e7c22603,validation,validation,HOLD: source-family grouping is not verified individual/session independence,True,raw/mosquito/An.Dirus_1F_14D_25C_SmallCylinder_cut29_16bit.wav
1xsTHZ2INGRExIhGuNEzd2WMKtlxwPNRb,An.Dirus_1F_14D_25C_SmallCylinder_cut2_16bit.wav,mosquito,Anopheles dirus,anopheles_dirus,F,1F,14D,25C,SmallCylinder,unmarked,cut2,,,,an.dirus_1f_14d_25c_smallcylinder,inferred_filename_source_family; merges cuts and microphone variants; individual/session identity UNKNOWN,1.277125,8000,1,PCM_16,10217,36e95362baf4882d4c5f46626978fff4fe7c91f36742f4c114d01858358ddd24,a2ac9ade6d33ef79b097502dbd339a41cc31c30ae17cfb42009f5096ebb2a1e8,validation,validation,HOLD: source-family grouping is not verified individual/session independence,True,raw/mosquito/An.Dirus_1F_14D_25C_SmallCylinder_cut2_16bit.wav
1FlrE5RdK7LPVpG89AO4VlL1nqv0jC7K9,An.Dirus_1F_14D_25C_SmallCylinder_cut30_16bit.wav,mosquito,Anopheles dirus,anopheles_dirus,F,1F,14D,25C,SmallCylinder,unmarked,cut30,,,,an.dirus_1f_14d_25c_smallcylinder,inferred_filename_source_family; merges cuts and microphone variants; individual/session identity UNKNOWN,1.535875,8000,1,PCM_16,12287,92b1d3731081dff946081252ee2e49d73eb90b5766da326b3615ddf35c494577,e51362e084b60129907a3b9ed01d3a120edf5b1457c57ec458b1feccd4ec5d43,validation,validation,HOLD: source-family grouping is not verified individual/session independence,True,raw/mosquito/An.Dirus_1F_14D_25C_SmallCylinder_cut30_16bit.wav
1UWC5XsgTU8jo7W5TKV2tHtngXrDD__j-,An.Dirus_1F_14D_25C_SmallCylinder_cut31_16bit.wav,mosquito,Anopheles dirus,anopheles_dirus,F,1F,14D,25C,SmallCylinder,unmarked,cut31,,,,an.dirus_1f_14d_25c_smallcylinder,inferred_filename_source_family; merges cuts and microphone variants; individual/session identity UNKNOWN,2.4885,8000,1,PCM_16,19908,3e7cf57706b44898ebf4de0f5da1d8459436bf58fc939a8129185a20e2b9d0d0,5a73d6b7c4dcea293435c2af243a0ad411b4a7e0dd487eb2ae924d340600880b,validation,validation,HOLD: source-family grouping is not verified individual/session independence,True,raw/mosquito/An.Dirus_1F_14D_25C_SmallCylinder_cut31_16bit.wav
1AXawdFmzNQklWXAScIaSS2qUn-zEndY9,An.Dirus_1F_14D_25C_SmallCylinder_cut32_16bit.wav,mosquito,Anopheles dirus,anopheles_dirus,F,1F,14D,25C,SmallCylinder,unmarked,cut32,,,,an.dirus_1f_14d_25c_smallcylinder,inferred_filename_source_family; merges cuts and microphone variants; individual/session identity UNKNOWN,1.99575,8000,1,PCM_16,15966,2c20efe65b2706acd98621fc4b90c2536ccc393fdc0146c025812e73a3b11dad,13e6e0309e83e9de01212bc723bb3ba3b655ef7d7069b9fb8b60957219a88d37,validation,validation,HOLD: source-family grouping is not verified individual/session independence,True,raw/mosquito/An.Dirus_1F_14D_25C_SmallCylinder_cut32_16bit.wav
1MMdMT_bs8bxxQV7TeyS1a4L9pQtFXIE2,An.Dirus_1F_14D_25C_SmallCylinder_cut33_16bit.wav,mosquito,Anopheles dirus,anopheles_dirus,F,1F,14D,25C,SmallCylinder,unmarked,cut33,,,,an.dirus_1f_14d_25c_smallcylinder,inferred_filename_source_family; merges cuts and microphone variants; individual/session identity UNKNOWN,0.9445,8000,1,PCM_16,7556,298db05a259c066cff4256516fdfb416f86f79aab0143cfe42d757f59fac442d,35cf0a41695457250bdbba57ea10c63c5c9916eff0324639dc322a9c7277e2e3,validation,validation,HOLD: source-family grouping is not verified individual/session independence; shorter than original 1-second context; no padding/looping/concatenation authorized,False,raw/mosquito/An.Dirus_1F_14D_25C_SmallCylinder_cut33_16bit.wav
1pnjOGSL8QMOg3rtwj4IkGDHG1IwKhnUM,An.Dirus_1F_14D_25C_SmallCylinder_cut34_16bit.wav,mosquito,Anopheles dirus,anopheles_dirus,F,1F,14D,25C,SmallCylinder,unmarked,cut34,,,,an.dirus_1f_14d_25c_smallcylinder,inferred_filename_source_family; merges cuts and microphone variants; individual/session identity UNKNOWN,0.911625,8000,1,PCM_16,7293,d26883f36c0da247075a2e7e420168ddfc3d84e71d6987e59c3effcfb9be871b,91e3f5c4624d891b94c1c13930419b5e986184d58eabcd949c1dac6194655f6d,validation,validation,HOLD: source-family grouping is not verified individual/session independence; shorter than original 1-second context; no padding/looping/concatenation authorized,False,raw/mosquito/An.Dirus_1F_14D_25C_SmallCylinder_cut34_16bit.wav
1mDjdUcehmiIpf9yx9HmmH4kVEhVJT1Ke,An.Dirus_1F_14D_25C_SmallCylinder_cut35_16bit.wav,mosquito,Anopheles dirus,anopheles_dirus,F,1F,14D,25C,SmallCylinder,unmarked,cut35,,,,an.dirus_1f_14d_25c_smallcylinder,inferred_filename_source_family; merges cuts and microphone variants; individual/session identity UNKNOWN,2.26675,8000,1,PCM_16,18134,0a6e27fd2263daf20c9058a54efc5648843581c7d94e4c48b075a438697a3bb6,909cf452ec80c91e839c4defaf708802add59f27128db84674e110680111a38e,validation,validation,HOLD: source-family grouping is not verified individual/session independence,True,raw/mosquito/An.Dirus_1F_14D_25C_SmallCylinder_cut35_16bit.wav
1PeRWrKdPxSwfRBTyJi1naTpfqzoMbF3O,An.Dirus_1F_14D_25C_SmallCylinder_cut36_16bit.wav,mosquito,Anopheles dirus,anopheles_dirus,F,1F,14D,25C,SmallCylinder,unmarked,cut36,,,,an.dirus_1f_14d_25c_smallcylinder,inferred_filename_source_family; merges cuts and microphone variants; individual/session identity UNKNOWN,0.66525,8000,1,PCM_16,5322,e0e298e44d2f031feab52716ef52dfba58d95b67439a5b10edefd09711117324,d364a48cb1ea6c9719ccb7c6f730594c8cd815725dbe09483e55f5147d7b1a52,validation,validation,HOLD: source-family grouping is not verified individual/session independence; shorter than original 1-second context; no padding/looping/concatenation authorized,False,raw/mosquito/An.Dirus_1F_14D_25C_SmallCylinder_cut36_16bit.wav
1wbTuPi5B3BzrG6jcyGvsP1N8g5Wyvgn_,An.Dirus_1F_14D_25C_SmallCylinder_cut37_16bit.wav,mosquito,Anopheles dirus,anopheles_dirus,F,1F,14D,25C,SmallCylinder,unmarked,cut37,,,,an.dirus_1f_14d_25c_smallcylinder,inferred_filename_source_family; merges cuts and microphone variants; individual/session identity UNKNOWN,1.962875,8000,1,PCM_16,15703,d6f20985ceaf1c80c81ad1de88714069c811ccf92979bd2f19f067c53dd752f0,7298bccb240df582b0fc4fbfaba2d559963facc57d502c1b5652f979750c3829,validation,validation,HOLD: source-family grouping is not verified individual/session independence,True,raw/mosquito/An.Dirus_1F_14D_25C_SmallCylinder_cut37_16bit.wav
1UtPnIplbsPhVRZ_YOZvqOQX4qR6hpiXz,An.Dirus_1F_14D_25C_SmallCylinder_cut38_16bit.wav,mosquito,Anopheles dirus,anopheles_dirus,F,1F,14D,25C,SmallCylinder,unmarked,cut38,,,,an.dirus_1f_14d_25c_smallcylinder,inferred_filename_source_family; merges cuts and microphone variants; individual/session identity UNKNOWN,2.48025,8000,1,PCM_16,19842,b5e3d7ed192de3d72a3041f568dd7d3f9b6f22ae631f1fedc96f1d92c0122e3d,24f6375d58ba609662c08c38659e1aea2ba10c13a7b13bd745bca32fc1320ff9,validation,validation,HOLD: source-family grouping is not verified individual/session independence,True,raw/mosquito/An.Dirus_1F_14D_25C_SmallCylinder_cut38_16bit.wav
1g-nKGLZQGh9RLUiw8gJw5OYxYp-5YhbC,An.Dirus_1F_14D_25C_SmallCylinder_cut39_16bit.wav,mosquito,Anopheles dirus,anopheles_dirus,F,1F,14D,25C,SmallCylinder,unmarked,cut39,,,,an.dirus_1f_14d_25c_smallcylinder,inferred_filename_source_family; merges cuts and microphone variants; individual/session identity UNKNOWN,1.49475,8000,1,PCM_16,11958,23ab43b8ef7d2b5c1e36a96d444f3462d896ae0628e1ae669f3672559bff8c0a,5a154aafaa572df2d0a01b3a2ddb37595d7cbe2700c710d03718d64fa141e81f,validation,validation,HOLD: source-family grouping is not verified individual/session independence,True,raw/mosquito/An.Dirus_1F_14D_25C_SmallCylinder_cut39_16bit.wav
1LOqq2L6Nnke_oAslEoCq5hgVY7N7O7Rv,An.Dirus_1F_14D_25C_SmallCylinder_cut3_16bit.wav,mosquito,Anopheles dirus,anopheles_dirus,F,1F,14D,25C,SmallCylinder,unmarked,cut3,,,,an.dirus_1f_14d_25c_smallcylinder,inferred_filename_source_family; merges cuts and microphone variants; individual/session identity UNKNOWN,22.826625,8000,1,PCM_16,182613,13640ebb620e44fff825adc8bcfb7108547ae26f8e4f6acd32048aae05f5c9d6,3e23261d3fe78025ae56c3a9190a73b9c52101a99eaa1d3918c236eefc3b9156,validation,validation,HOLD: source-family grouping is not verified individual/session independence,True,raw/mosquito/An.Dirus_1F_14D_25C_SmallCylinder_cut3_16bit.wav
1f-14JH7Q0rDzd3kmHf-t9XiYPCYz1Aqx,An.Dirus_1F_14D_25C_SmallCylinder_cut40_16bit.wav,mosquito,Anopheles dirus,anopheles_dirus,F,1F,14D,25C,SmallCylinder,unmarked,cut40,,,,an.dirus_1f_14d_25c_smallcylinder,inferred_filename_source_family; merges cuts and microphone variants; individual/session identity UNKNOWN,1.16625,8000,1,PCM_16,9330,ca78c168311e8bd526b151cc48289f4f6dfc819df3e977c33e6b4408ed673c88,2165ed991971d2b0d580d6e74c6d7bb2494cd2d2cdc6f4fb2e67a259025870cc,validation,validation,HOLD: source-family grouping is not verified individual/session independence,True,raw/mosquito/An.Dirus_1F_14D_25C_SmallCylinder_cut40_16bit.wav
15wsKAGk__6kDrU21uE5zf2MDB_gIdbMh,An.Dirus_1F_14D_25C_SmallCylinder_cut41_16bit.wav,mosquito,Anopheles dirus,anopheles_dirus,F,1F,14D,25C,SmallCylinder,unmarked,cut41,,,,an.dirus_1f_14d_25c_smallcylinder,inferred_filename_source_family; merges cuts and microphone variants; individual/session identity UNKNOWN,1.01025,8000,1,PCM_16,8082,3b07aa489a7178e87d436e1b7744f8958fec264671a361d598c381f910c285ec,7ca318ac48a5087fc989a37c7b6ff62f9ec40b71b1f9f4997c2372d4cfe091eb,validation,validation,HOLD: source-family grouping is not verified individual/session independence,True,raw/mosquito/An.Dirus_1F_14D_25C_SmallCylinder_cut41_16bit.wav
1r-5YHM4Mo6GQhAzVoMLLaWJdYDPjLI6e,An.Dirus_1F_14D_25C_SmallCylinder_cut42_16bit.wav,mosquito,Anopheles dirus,anopheles_dirus,F,1F,14D,25C,SmallCylinder,unmarked,cut42,,,,an.dirus_1f_14d_25c_smallcylinder,inferred_filename_source_family; merges cuts and microphone variants; individual/session identity UNKNOWN,0.68175,8000,1,PCM_16,5454,918db8bd3f5becc1f7496036f72be63a466a8ddb2fe439d54b24bc23f68f2848,c795c2534e238be2860f7f064fc70d8725ab78059bbe00caea9262fcb58b020c,validation,validation,HOLD: source-family grouping is not verified individual/session independence; shorter than original 1-second context; no padding/looping/concatenation authorized,False,raw/mosquito/An.Dirus_1F_14D_25C_SmallCylinder_cut42_16bit.wav
1-m28-dsInfAD15EjKR5FTJg2XljgTAdp,An.Dirus_1F_14D_25C_SmallCylinder_cut43_16bit.wav,mosquito,Anopheles dirus,anopheles_dirus,F,1F,14D,25C,SmallCylinder,unmarked,cut43,,,,an.dirus_1f_14d_25c_smallcylinder,inferred_filename_source_family; merges cuts and microphone variants; individual/session identity UNKNOWN,1.149875,8000,1,PCM_16,9199,81227684030a05ff14352944a36397c332a7790c152724a1ac0eead53c373d47,0bda9031a25ff577f8ddf57d1b30100a2eb6ba18afa4d8a4831b21c59dad2646,validation,validation,HOLD: source-family grouping is not verified individual/session independence,True,raw/mosquito/An.Dirus_1F_14D_25C_SmallCylinder_cut43_16bit.wav
14-hIWpnRn6AU46f3XgRKszMpA-KLOOy4,An.Dirus_1F_14D_25C_SmallCylinder_cut44_16bit.wav,mosquito,Anopheles dirus,anopheles_dirus,F,1F,14D,25C,SmallCylinder,unmarked,cut44,,,,an.dirus_1f_14d_25c_smallcylinder,inferred_filename_source_family; merges cuts and microphone variants; individual/session identity UNKNOWN,0.919875,8000,1,PCM_16,7359,a15339937ca5373552342d0925bd6fd10e6b98e127bb9eeb61e748cc6a33140d,b2dfb567d71951f452431313f75f20ca174013438926d1c5ee0730be90f1d86e,validation,validation,HOLD: source-family grouping is not verified individual/session independence; shorter than original 1-second context; no padding/looping/concatenation authorized,False,raw/mosquito/An.Dirus_1F_14D_25C_SmallCylinder_cut44_16bit.wav
1uI05XOXhmJItAzH0gy5UvhELgxFU2_zy,An.Dirus_1F_14D_25C_SmallCylinder_cut45_16bit.wav,mosquito,Anopheles dirus,anopheles_dirus,F,1F,14D,25C,SmallCylinder,unmarked,cut45,,,,an.dirus_1f_14d_25c_smallcylinder,inferred_filename_source_family; merges cuts and microphone variants; individual/session identity UNKNOWN,1.248375,8000,1,PCM_16,9987,cb76636bb295a3096d632eaf8bdc45272ef2f3801cca2836d92812119bc3a214,a0f3ee184e7e565f07a629b39f2869f8a71ac1d1fdb2c33dd64ba7ec1d4a243f,validation,validation,HOLD: source-family grouping is not verified individual/session independence,True,raw/mosquito/An.Dirus_1F_14D_25C_SmallCylinder_cut45_16bit.wav
1ZOrNYDud-3sV2S6jDpcJMMx_hoitRRhA,An.Dirus_1F_14D_25C_SmallCylinder_cut46_16bit.wav,mosquito,Anopheles dirus,anopheles_dirus,F,1F,14D,25C,SmallCylinder,unmarked,cut46,,,,an.dirus_1f_14d_25c_smallcylinder,inferred_filename_source_family; merges cuts and microphone variants; individual/session identity UNKNOWN,1.7165,8000,1,PCM_16,13732,9948c3b51e4d12f84155673b1fa8ef057055df04d934f70c26626c024fb2d3d5,3f0657ddfb4da489b1ada5129e68d456a6321dcb1efb477517e63d4eb450afd7,validation,validation,HOLD: source-family grouping is not verified individual/session independence,True,raw/mosquito/An.Dirus_1F_14D_25C_SmallCylinder_cut46_16bit.wav
1QkosMHPZYJYbxxTtue_vim7oTzMjBHlb,An.Dirus_1F_14D_25C_SmallCylinder_cut47_16bit.wav,mosquito,Anopheles dirus,anopheles_dirus,F,1F,14D,25C,SmallCylinder,unmarked,cut47,,,,an.dirus_1f_14d_25c_smallcylinder,inferred_filename_source_family; merges cuts and microphone variants; individual/session identity UNKNOWN,1.355125,8000,1,PCM_16,10841,2a4c65ac5f633f8bc0aea69a03ac53f1080f506510630a5ed42942c6bd71b53a,8b833a6cc2b60486ea328c03e6082fc300b1e7068eac4ad5dbcd8d086cac66e2,validation,validation,HOLD: source-family grouping is not verified individual/session independence,True,raw/mosquito/An.Dirus_1F_14D_25C_SmallCylinder_cut47_16bit.wav
1PW8aiTvz5i_woRt5rPak62mohmlZb5tb,An.Dirus_1F_14D_25C_SmallCylinder_cut48_16bit.wav,mosquito,Anopheles dirus,anopheles_dirus,F,1F,14D,25C,SmallCylinder,unmarked,cut48,,,,an.dirus_1f_14d_25c_smallcylinder,inferred_filename_source_family; merges cuts and microphone variants; individual/session identity UNKNOWN,1.585125,8000,1,PCM_16,12681,ee82599f38ab08cf6525f12c534641e4c1f1cad006874c60ad31e8b32746ae8b,6643bbf915e59b58fa888d64093a15d27c37c60b56e6e4bb0dfda830306b8218,validation,validation,HOLD: source-family grouping is not verified individual/session independence,True,raw/mosquito/An.Dirus_1F_14D_25C_SmallCylinder_cut48_16bit.wav
1jBBFBG86y9BrXRfDy-9dokC76tdBujnO,An.Dirus_1F_14D_25C_SmallCylinder_cut49_16bit.wav,mosquito,Anopheles dirus,anopheles_dirus,F,1F,14D,25C,SmallCylinder,unmarked,cut49,,,,an.dirus_1f_14d_25c_smallcylinder,inferred_filename_source_family; merges cuts and microphone variants; individual/session identity UNKNOWN,1.790375,8000,1,PCM_16,14323,ab629310af7f19aa541bbe9f872441dfd8c3b729e7c1021e792fa45476e93b6b,c4885f82c2eecaa23acdcd3928e3a4a91640d8e4d215249a4900a0d9a017158c,validation,validation,HOLD: source-family grouping is not verified individual/session independence,True,raw/mosquito/An.Dirus_1F_14D_25C_SmallCylinder_cut49_16bit.wav
17UIsM25m9PGct-5Zqdrpav-tukE9fk-N,An.Dirus_1F_14D_25C_SmallCylinder_cut4_16bit.wav,mosquito,Anopheles dirus,anopheles_dirus,F,1F,14D,25C,SmallCylinder,unmarked,cut4,,,,an.dirus_1f_14d_25c_smallcylinder,inferred_filename_source_family; merges cuts and microphone variants; individual/session identity UNKNOWN,3.26875,8000,1,PCM_16,26150,a666b6595031db4b6b2fffabd78de8668ac994821b5054e10a861ed705f72372,e94b06b80d130c8406ab634ebe4e495a8e614e12e9ff9ce5c5482bd156358610,validation,validation,HOLD: source-family grouping is not verified individual/session independence,True,raw/mosquito/An.Dirus_1F_14D_25C_SmallCylinder_cut4_16bit.wav
1-wUsDlUpvGhxXjLZ7GtjbSjA3DgwygwN,An.Dirus_1F_14D_25C_SmallCylinder_cut50_16bit.wav,mosquito,Anopheles dirus,anopheles_dirus,F,1F,14D,25C,SmallCylinder,unmarked,cut50,,,,an.dirus_1f_14d_25c_smallcylinder,inferred_filename_source_family; merges cuts and microphone variants; individual/session identity UNKNOWN,1.519375,8000,1,PCM_16,12155,2ebbd70c1b8e9f240bd6121176f4e19a9f1a7d307968b8cc8bb4a22a586956f3,6831b5fbc5ec6dc6febcaa05e5000b308bcad6404ef869e1711592509ab3f24a,validation,validation,HOLD: source-family grouping is not verified individual/session independence,True,raw/mosquito/An.Dirus_1F_14D_25C_SmallCylinder_cut50_16bit.wav
1l1cyszjG-NOQf1J_UlfsGAQolECRKATS,An.Dirus_1F_14D_25C_SmallCylinder_cut51_16bit.wav,mosquito,Anopheles dirus,anopheles_dirus,F,1F,14D,25C,SmallCylinder,unmarked,cut51,,,,an.dirus_1f_14d_25c_smallcylinder,inferred_filename_source_family; merges cuts and microphone variants; individual/session identity UNKNOWN,1.2895,8000,1,PCM_16,10316,295f1f912f8696bbe454d9d6e22bb4da57a31d79cdc0582cd464d2dfa83e832a,4e91c2ef5f7135e09e2d59ce9f281491248bfcab2689171fafb58acdee7921a8,validation,validation,HOLD: source-family grouping is not verified individual/session independence,True,raw/mosquito/An.Dirus_1F_14D_25C_SmallCylinder_cut51_16bit.wav
1ms52JXljDUTm5FiItWYc7FRclPtvunsi,An.Dirus_1F_14D_25C_SmallCylinder_cut52_16bit.wav,mosquito,Anopheles dirus,anopheles_dirus,F,1F,14D,25C,SmallCylinder,unmarked,cut52,,,,an.dirus_1f_14d_25c_smallcylinder,inferred_filename_source_family; merges cuts and microphone variants; individual/session identity UNKNOWN,1.388,8000,1,PCM_16,11104,0ac54530186c050b3d78e22c916e5aaa8798a79a333395a1c040a5277be2b92f,d9e67cf9ffa72f12cf4db4557b39b4ab23b8f03b76dd98f34debe9d7bba49718,validation,validation,HOLD: source-family grouping is not verified individual/session independence,True,raw/mosquito/An.Dirus_1F_14D_25C_SmallCylinder_cut52_16bit.wav
1mXKztnJN2u6ICth5zUePSIyHhioB3M9x,An.Dirus_1F_14D_25C_SmallCylinder_cut53_16bit.wav,mosquito,Anopheles dirus,anopheles_dirus,F,1F,14D,25C,SmallCylinder,unmarked,cut53,,,,an.dirus_1f_14d_25c_smallcylinder,inferred_filename_source_family; merges cuts and microphone variants; individual/session identity UNKNOWN,1.075875,8000,1,PCM_16,8607,5bdcaa628cd882aade8cb8ca776df8796b33297fd940d8e60bd430d62ac2edff,f93528b8a3056d25fd45f2d30382aee515a5a3b2b69d05974303411ccba033ba,validation,validation,HOLD: source-family grouping is not verified individual/session independence,True,raw/mosquito/An.Dirus_1F_14D_25C_SmallCylinder_cut53_16bit.wav
1xg-yqYghbxfiYKZAJVu62d1JgR_fDDIk,An.Dirus_1F_14D_25C_SmallCylinder_cut54_16bit.wav,mosquito,Anopheles dirus,anopheles_dirus,F,1F,14D,25C,SmallCylinder,unmarked,cut54,,,,an.dirus_1f_14d_25c_smallcylinder,inferred_filename_source_family; merges cuts and microphone variants; individual/session identity UNKNOWN,1.757625,8000,1,PCM_16,14061,9b250d7cada7c8d8407aad969e9574548ad02f9cac332f108c125ffb1103643e,4347e1de8c46d584c67d34b5bb73b5ceaaf51985a6d04e32b9609d376d81eace,validation,validation,HOLD: source-family grouping is not verified individual/session independence,True,raw/mosquito/An.Dirus_1F_14D_25C_SmallCylinder_cut54_16bit.wav
19u9R6IaGO3Hr8oI6youGINd62hSX0hBn,An.Dirus_1F_14D_25C_SmallCylinder_cut55_16bit.wav,mosquito,Anopheles dirus,anopheles_dirus,F,1F,14D,25C,SmallCylinder,unmarked,cut55,,,,an.dirus_1f_14d_25c_smallcylinder,inferred_filename_source_family; merges cuts and microphone variants; individual/session identity UNKNOWN,1.478375,8000,1,PCM_16,11827,fa562433060a24041db8c14dac7bc5c972198e75184054cb304e1ee8cffd1111,fd387a59a50f1aa56dd27ba150ae58e850809454d4b64ec6d000144c72c58913,validation,validation,HOLD: source-family grouping is not verified individual/session independence,True,raw/mosquito/An.Dirus_1F_14D_25C_SmallCylinder_cut55_16bit.wav
1cwx2xTEGwJcOiy3PyIYdUis2vnhLSL5b,An.Dirus_1F_14D_25C_SmallCylinder_cut56_16bit.wav,mosquito,Anopheles dirus,anopheles_dirus,F,1F,14D,25C,SmallCylinder,unmarked,cut56,,,,an.dirus_1f_14d_25c_smallcylinder,inferred_filename_source_family; merges cuts and microphone variants; individual/session identity UNKNOWN,0.821375,8000,1,PCM_16,6571,cca42ac7e4912254d18a57e7bbdda9269c1861bc654072e31e627aee405745ea,b949a5db7a91df3decbb18880122ed48fed96a425884e1f566c7b4df222b6151,validation,validation,HOLD: source-family grouping is not verified individual/session independence; shorter than original 1-second context; no padding/looping/concatenation authorized,False,raw/mosquito/An.Dirus_1F_14D_25C_SmallCylinder_cut56_16bit.wav
1mW-Pq_r70StwMhAzqbmyYmrvUx1iLCc1,An.Dirus_1F_14D_25C_SmallCylinder_cut57_16bit.wav,mosquito,Anopheles dirus,anopheles_dirus,F,1F,14D,25C,SmallCylinder,unmarked,cut57,,,,an.dirus_1f_14d_25c_smallcylinder,inferred_filename_source_family; merges cuts and microphone variants; individual/session identity UNKNOWN,1.018375,8000,1,PCM_16,8147,4a96648003491040b5f218c4c9bcd181db2de30a8c346bdfcbcd3d1710225c20,8f7fa149db7edcd6815a2d510039f25485928a69c27f624ea0842d05f2c9b10b,validation,validation,HOLD: source-family grouping is not verified individual/session independence,True,raw/mosquito/An.Dirus_1F_14D_25C_SmallCylinder_cut57_16bit.wav
1zJjb9OGCnIj89vhGtKLOP4ZKhnGsJ94i,An.Dirus_1F_14D_25C_SmallCylinder_cut58_16bit.wav,mosquito,Anopheles dirus,anopheles_dirus,F,1F,14D,25C,SmallCylinder,unmarked,cut58,,,,an.dirus_1f_14d_25c_smallcylinder,inferred_filename_source_family; merges cuts and microphone variants; individual/session identity UNKNOWN,0.854125,8000,1,PCM_16,6833,ec3362b31102619a954c57d07f7ae379c674af05a82d65b5c0caaf1cf0fcf9d1,7233d48b7abf23737961a422610dd576ec04154725deb34376795e20f3ff0da4,validation,validation,HOLD: source-family grouping is not verified individual/session independence; shorter than original 1-second context; no padding/looping/concatenation authorized,False,raw/mosquito/An.Dirus_1F_14D_25C_SmallCylinder_cut58_16bit.wav
18XxWXgJrszN-eKRFarj1Ur_lR6XMTKr2,An.Dirus_1F_14D_25C_SmallCylinder_cut59_16bit.wav,mosquito,Anopheles dirus,anopheles_dirus,F,1F,14D,25C,SmallCylinder,unmarked,cut59,,,,an.dirus_1f_14d_25c_smallcylinder,inferred_filename_source_family; merges cuts and microphone variants; individual/session identity UNKNOWN,1.954625,8000,1,PCM_16,15637,ca8f83eea9c7ec76d31c73fddf1a066cf950d8f5986f1598a3f24ae1dbd5f1f7,dbf16e84c301a62aeabb07d52d4a5307cbf88bb2d224051b01b4155ee9f45af0,validation,validation,HOLD: source-family grouping is not verified individual/session independence,True,raw/mosquito/An.Dirus_1F_14D_25C_SmallCylinder_cut59_16bit.wav
1tUnqEs-ZPGKHOY8d15aAra6Szf_MiaiY,An.Dirus_1F_14D_25C_SmallCylinder_cut5_16bit.wav,mosquito,Anopheles dirus,anopheles_dirus,F,1F,14D,25C,SmallCylinder,unmarked,cut5,,,,an.dirus_1f_14d_25c_smallcylinder,inferred_filename_source_family; merges cuts and microphone variants; individual/session identity UNKNOWN,0.87875,8000,1,PCM_16,7030,dfe9de247359a175fde9edacf9005b414ba11af6bfe78aaec0a039ac39c69127,c63421428a97c5fd791b08621a05c14639718eeb81e9c5de455d9e40dd96887e,validation,validation,HOLD: source-family grouping is not verified individual/session independence; shorter than original 1-second context; no padding/looping/concatenation authorized,False,raw/mosquito/An.Dirus_1F_14D_25C_SmallCylinder_cut5_16bit.wav
1eqFJy0ugJveLbAIJnmS_JfHZXgYWtn4w,An.Dirus_1F_14D_25C_SmallCylinder_cut6_16bit.wav,mosquito,Anopheles dirus,anopheles_dirus,F,1F,14D,25C,SmallCylinder,unmarked,cut6,,,,an.dirus_1f_14d_25c_smallcylinder,inferred_filename_source_family; merges cuts and microphone variants; individual/session identity UNKNOWN,0.747375,8000,1,PCM_16,5979,bccd0203d16e6350112e3f6fd1f08079c38a292e043f3d369509ea0a327220b2,392e43610908e59d810bbd5792a8a8883a0a29083c2a2c1fbbdce2fa8e62798b,validation,validation,HOLD: source-family grouping is not verified individual/session independence; shorter than original 1-second context; no padding/looping/concatenation authorized,False,raw/mosquito/An.Dirus_1F_14D_25C_SmallCylinder_cut6_16bit.wav
1w3qm3lcxDRDME9LVuDZjNyV1yP9jtCfR,An.Dirus_1F_14D_25C_SmallCylinder_cut7_16bit.wav,mosquito,Anopheles dirus,anopheles_dirus,F,1F,14D,25C,SmallCylinder,unmarked,cut7,,,,an.dirus_1f_14d_25c_smallcylinder,inferred_filename_source_family; merges cuts and microphone variants; individual/session identity UNKNOWN,1.26475,8000,1,PCM_16,10118,a7088fb58ba08a8445a75523cc41645c17d17e1f2633d9c4b8caf2556c5e084f,af8b09ab34aff70ebd5c371a4c6263bf7ec3df0bd55a85621bdc78e01de2f51a,validation,validation,HOLD: source-family grouping is not verified individual/session independence,True,raw/mosquito/An.Dirus_1F_14D_25C_SmallCylinder_cut7_16bit.wav
1mWK5ficBYLMIbOdp2XDw4UM2ud10JyVZ,An.Dirus_1F_14D_25C_SmallCylinder_cut8_16bit.wav,mosquito,Anopheles dirus,anopheles_dirus,F,1F,14D,25C,SmallCylinder,unmarked,cut8,,,,an.dirus_1f_14d_25c_smallcylinder,inferred_filename_source_family; merges cuts and microphone variants; individual/session identity UNKNOWN,0.796625,8000,1,PCM_16,6373,c205f4435cb472310637ce94c2a6d51fe1efcbab1673b3aa8d65975690426c99,484b13e9a0300a458f660b91d7da76342cacac62434e2391f31ab7e8fe37d325,validation,validation,HOLD: source-family grouping is not verified individual/session independence; shorter than original 1-second context; no padding/looping/concatenation authorized,False,raw/mosquito/An.Dirus_1F_14D_25C_SmallCylinder_cut8_16bit.wav
1vzPep9ihxxjhqoVrcb6uB8xoHHgqBIua,An.Dirus_1F_14D_25C_SmallCylinder_cut9_16bit.wav,mosquito,Anopheles dirus,anopheles_dirus,F,1F,14D,25C,SmallCylinder,unmarked,cut9,,,,an.dirus_1f_14d_25c_smallcylinder,inferred_filename_source_family; merges cuts and microphone variants; individual/session identity UNKNOWN,0.772,8000,1,PCM_16,6176,27ad39f12bade2aa25fd517a99ae848f683450cb6bc7421f8d3c50e52e3ca7de,e8a5a3cd278d199bf696a8821cbe721935945ee727f0f2e514ee885e8a8ff186,validation,validation,HOLD: source-family grouping is not verified individual/session independence; shorter than original 1-second context; no padding/looping/concatenation authorized,False,raw/mosquito/An.Dirus_1F_14D_25C_SmallCylinder_cut9_16bit.wav
11HcrxeqNSqZhaZ7jdTJiQtRUYdVkWqGA,An.Dirus_1F_14D_25C_SmallCylinder_LowMic_cut10_16bit.wav,mosquito,Anopheles dirus,anopheles_dirus,F,1F,14D,25C,SmallCylinder,LowMic,cut10,,,,an.dirus_1f_14d_25c_smallcylinder,inferred_filename_source_family; merges cuts and microphone variants; individual/session identity UNKNOWN,1.226125,8000,1,PCM_16,9809,3e3a1bc5455e8079873abc9e3990edd4c594571e6ef738106f08ea65c2e5f17a,0f7a1f0339bc7fed812194b127a8c0e29bc1134f97ed91355c200ba6698d98fb,validation,validation,HOLD: source-family grouping is not verified individual/session independence,True,raw/mosquito/An.Dirus_1F_14D_25C_SmallCylinder_LowMic_cut10_16bit.wav
1-vDs9C0kRVfNnbYaWsvGH6m39AgPiXuj,An.Dirus_1F_14D_25C_SmallCylinder_LowMic_cut11_16bit.wav,mosquito,Anopheles dirus,anopheles_dirus,F,1F,14D,25C,SmallCylinder,LowMic,cut11,,,,an.dirus_1f_14d_25c_smallcylinder,inferred_filename_source_family; merges cuts and microphone variants; individual/session identity UNKNOWN,0.639125,8000,1,PCM_16,5113,241a78cfd8708af99cf6de4254620af01c92c052b4f94a628c03aa2209786b66,f2a8dc723574f7c6246097ff5ca051edf29fab0d6545a73577800c679cc0a245,validation,validation,HOLD: source-family grouping is not verified individual/session independence; shorter than original 1-second context; no padding/looping/concatenation authorized,False,raw/mosquito/An.Dirus_1F_14D_25C_SmallCylinder_LowMic_cut11_16bit.wav
1YBXQaEmNYRf_x0Gf_HFcz2q0A9rKPPVT,An.Dirus_1F_14D_25C_SmallCylinder_LowMic_cut12_16bit.wav,mosquito,Anopheles dirus,anopheles_dirus,F,1F,14D,25C,SmallCylinder,LowMic,cut12,,,,an.dirus_1f_14d_25c_smallcylinder,inferred_filename_source_family; merges cuts and microphone variants; individual/session identity UNKNOWN,1.07,8000,1,PCM_16,8560,639282146616d423cccfea94289466e22caa56d8bdeeedba1c1f9e5262081cd3,5b474af60ca076ba2b233c208ac17c0952e1ac60e5399ef0f33b2b55c9ea5e32,validation,validation,HOLD: source-family grouping is not verified individual/session independence,True,raw/mosquito/An.Dirus_1F_14D_25C_SmallCylinder_LowMic_cut12_16bit.wav
1ICq0mO1c4b9gGF96FOxvMpJ0IEm52oWW,An.Dirus_1F_14D_25C_SmallCylinder_LowMic_cut13_16bit.wav,mosquito,Anopheles dirus,anopheles_dirus,F,1F,14D,25C,SmallCylinder,LowMic,cut13,,,,an.dirus_1f_14d_25c_smallcylinder,inferred_filename_source_family; merges cuts and microphone variants; individual/session identity UNKNOWN,0.56475,8000,1,PCM_16,4518,8c69a1c34fbf316a09872468cebd83ed7b86cff69fe2785bc0adeeaf526232fd,12155348a6a19eb86993be98ba43292b88e81952a033724fed2705919ebcd1a1,validation,validation,HOLD: source-family grouping is not verified individual/session independence; shorter than original 1-second context; no padding/looping/concatenation authorized,False,raw/mosquito/An.Dirus_1F_14D_25C_SmallCylinder_LowMic_cut13_16bit.wav
1Jr06FAr_CgeimxBQQyGSUtF-IOQb-5mD,An.Dirus_1F_14D_25C_SmallCylinder_LowMic_cut14_16bit.wav,mosquito,Anopheles dirus,anopheles_dirus,F,1F,14D,25C,SmallCylinder,LowMic,cut14,,,,an.dirus_1f_14d_25c_smallcylinder,inferred_filename_source_family; merges cuts and microphone variants; individual/session identity UNKNOWN,1.0775,8000,1,PCM_16,8620,d579cd572229be2bdd43c435fc08161b29af9f9a6a9a2825edd717787ae33a0c,00200b23b78154672eef54cf9853c5e8c967dd84d4abb7e73f18f145e5528bac,validation,validation,HOLD: source-family grouping is not verified individual/session independence,True,raw/mosquito/An.Dirus_1F_14D_25C_SmallCylinder_LowMic_cut14_16bit.wav
1fnivAF6vV2zR4nB_PNN1v-eN15h1_ynR,An.Dirus_1F_14D_25C_SmallCylinder_LowMic_cut15_16bit.wav,mosquito,Anopheles dirus,anopheles_dirus,F,1F,14D,25C,SmallCylinder,LowMic,cut15,,,,an.dirus_1f_14d_25c_smallcylinder,inferred_filename_source_family; merges cuts and microphone variants; individual/session identity UNKNOWN,0.906625,8000,1,PCM_16,7253,3c0ddfdf1d37a7148e9c9d341695d5e8f2ca8f6eb132aa42b5246c7b0cb71d37,27f0b3753c8d9ba12c7af2e219de6744b2813bb40db3a6bb5b770d73b7e65148,validation,validation,HOLD: source-family grouping is not verified individual/session independence; shorter than original 1-second context; no padding/looping/concatenation authorized,False,raw/mosquito/An.Dirus_1F_14D_25C_SmallCylinder_LowMic_cut15_16bit.wav
1fxwD6VB93Kvneu3Ksdinkczo49nfCCal,An.Dirus_1F_14D_25C_SmallCylinder_LowMic_cut16_16bit.wav,mosquito,Anopheles dirus,anopheles_dirus,F,1F,14D,25C,SmallCylinder,LowMic,cut16,,,,an.dirus_1f_14d_25c_smallcylinder,inferred_filename_source_family; merges cuts and microphone variants; individual/session identity UNKNOWN,1.359875,8000,1,PCM_16,10879,f127764ae381bb80836869711a63b8615a6fee47fd088b69085847264357e320,5d31d00b587a950700501670ecf8c7b5078673b0ee1de92f7144e0b788b9070a,validation,validation,HOLD: source-family grouping is not verified individual/session independence,True,raw/mosquito/An.Dirus_1F_14D_25C_SmallCylinder_LowMic_cut16_16bit.wav
1E7iPp2w2MF8iTUSOpsWJWqjWb2LMmqxg,An.Dirus_1F_14D_25C_SmallCylinder_LowMic_cut17_16bit.wav,mosquito,Anopheles dirus,anopheles_dirus,F,1F,14D,25C,SmallCylinder,LowMic,cut17,,,,an.dirus_1f_14d_25c_smallcylinder,inferred_filename_source_family; merges cuts and microphone variants; individual/session identity UNKNOWN,0.765375,8000,1,PCM_16,6123,6b4272236474a1e350392a10dfcdf4251f72f4b8fa237970b64d692a6dff372e,9eccf527f2c2897cc37e6114d73c3eeac2c47287ab56d50c48a589b79448feaa,validation,validation,HOLD: source-family grouping is not verified individual/session independence; shorter than original 1-second context; no padding/looping/concatenation authorized,False,raw/mosquito/An.Dirus_1F_14D_25C_SmallCylinder_LowMic_cut17_16bit.wav
1NT3KBlKSlR_VQRzvktLv_Ktj0kYzUqOB,An.Dirus_1F_14D_25C_SmallCylinder_LowMic_cut18_16bit.wav,mosquito,Anopheles dirus,anopheles_dirus,F,1F,14D,25C,SmallCylinder,LowMic,cut18,,,,an.dirus_1f_14d_25c_smallcylinder,inferred_filename_source_family; merges cuts and microphone variants; individual/session identity UNKNOWN,0.94375,8000,1,PCM_16,7550,2660436c49ee22bbb7a3c9fa51faa59ad978fa6f90c7aa639fb41d10bd3e2add,54fd415b5f4845cea422c94e43e5c07ef89e6a5176572bab05959d303e956c80,validation,validation,HOLD: source-family grouping is not verified individual/session independence; shorter than original 1-second context; no padding/looping/concatenation authorized,False,raw/mosquito/An.Dirus_1F_14D_25C_SmallCylinder_LowMic_cut18_16bit.wav
1Ql7TZuBegE1yJbCPNkqPrKFyidF5lqWw,An.Dirus_1F_14D_25C_SmallCylinder_LowMic_cut19_16bit.wav,mosquito,Anopheles dirus,anopheles_dirus,F,1F,14D,25C,SmallCylinder,LowMic,cut19,,,,an.dirus_1f_14d_25c_smallcylinder,inferred_filename_source_family; merges cuts and microphone variants; individual/session identity UNKNOWN,1.731375,8000,1,PCM_16,13851,1bfe6ca4148d28edd04c8c5f5992aa4061d7942a159a4d792dd10989ce11a1bd,6ceacd24a0b37cacd864a78c5021608ace23e5c39f836de53ec513e4803bc104,validation,validation,HOLD: source-family grouping is not verified individual/session independence,True,raw/mosquito/An.Dirus_1F_14D_25C_SmallCylinder_LowMic_cut19_16bit.wav
1RUx3rTz8XSo0Hhr4hgvWG0FWp4qWl7UF,An.Dirus_1F_14D_25C_SmallCylinder_LowMic_cut1_16bit.wav,mosquito,Anopheles dirus,anopheles_dirus,F,1F,14D,25C,SmallCylinder,LowMic,cut1,,,,an.dirus_1f_14d_25c_smallcylinder,inferred_filename_source_family; merges cuts and microphone variants; individual/session identity UNKNOWN,1.887375,8000,1,PCM_16,15099,06aa64aa99655f107e5fdb0e51404f17e4db7dc2806b2c1dc88a66ff4dfd4686,8319efa871d3bd8b9d06bd61bdaa43afd2873094c41da40524e3e3694b0e5070,validation,validation,HOLD: source-family grouping is not verified individual/session independence,True,raw/mosquito/An.Dirus_1F_14D_25C_SmallCylinder_LowMic_cut1_16bit.wav
1xo4egIfJ6F4nUnEWYG2kaDoASqWs0fYo,An.Dirus_1F_14D_25C_SmallCylinder_LowMic_cut20_16bit.wav,mosquito,Anopheles dirus,anopheles_dirus,F,1F,14D,25C,SmallCylinder,LowMic,cut20,,,,an.dirus_1f_14d_25c_smallcylinder,inferred_filename_source_family; merges cuts and microphone variants; individual/session identity UNKNOWN,0.78025,8000,1,PCM_16,6242,05ff89fd30e1a23e5ba19b128dc1d179fbb93914a2a526daa08a436566f96dfe,d192ec05d15dc7ea116e55e469598b6b1f969ee3832478a53d483f830cfd395c,validation,validation,HOLD: source-family grouping is not verified individual/session independence; shorter than original 1-second context; no padding/looping/concatenation authorized,False,raw/mosquito/An.Dirus_1F_14D_25C_SmallCylinder_LowMic_cut20_16bit.wav
1imNUWc-2Ii5eDXMXjFSmsj1p0w3fqDcU,An.Dirus_1F_14D_25C_SmallCylinder_LowMic_cut21_16bit.wav,mosquito,Anopheles dirus,anopheles_dirus,F,1F,14D,25C,SmallCylinder,LowMic,cut21,,,,an.dirus_1f_14d_25c_smallcylinder,inferred_filename_source_family; merges cuts and microphone variants; individual/session identity UNKNOWN,0.96,8000,1,PCM_16,7680,6faac582e65325ceedc0a062df1ecd9c972a0bec4e8b6f2874628a037377f49e,c90f2222430c55145d2ec32e8077a60090be6b61356688a46dbc77f4f2f3c98b,validation,validation,HOLD: source-family grouping is not verified individual/session independence; shorter than original 1-second context; no padding/looping/concatenation authorized,False,raw/mosquito/An.Dirus_1F_14D_25C_SmallCylinder_LowMic_cut21_16bit.wav
1iwjVpbbqTui5AQeo3f-a1d5lL1TFxeYB,An.Dirus_1F_14D_25C_SmallCylinder_LowMic_cut22_16bit.wav,mosquito,Anopheles dirus,anopheles_dirus,F,1F,14D,25C,SmallCylinder,LowMic,cut22,,,,an.dirus_1f_14d_25c_smallcylinder,inferred_filename_source_family; merges cuts and microphone variants; individual/session identity UNKNOWN,0.405,8000,1,PCM_16,3240,b3aeefb0bce8429a11b566b8ba37e29fd1814b00c6db90e57c5b2653d6f81e61,392f5ed03b3384e0c599b6967db13050a07fa70c0132abd6a8c9322184494ea5,validation,validation,HOLD: source-family grouping is not verified individual/session independence; shorter than original 1-second context; no padding/looping/concatenation authorized,False,raw/mosquito/An.Dirus_1F_14D_25C_SmallCylinder_LowMic_cut22_16bit.wav
16pf3dyAoiQdhZY7tqMsBNkvowJblKxkD,An.Dirus_1F_14D_25C_SmallCylinder_LowMic_cut23_16bit.wav,mosquito,Anopheles dirus,anopheles_dirus,F,1F,14D,25C,SmallCylinder,LowMic,cut23,,,,an.dirus_1f_14d_25c_smallcylinder,inferred_filename_source_family; merges cuts and microphone variants; individual/session identity UNKNOWN,0.635,8000,1,PCM_16,5080,fb55d26156e5dc33e8a6ca603a965d047fef9124d510d51307aff5bc5fee47e2,ac772ef1aac504a12903627453a72effe48130af2b06e8c93a1065296510ba51,validation,validation,HOLD: source-family grouping is not verified individual/session independence; shorter than original 1-second context; no padding/looping/concatenation authorized,False,raw/mosquito/An.Dirus_1F_14D_25C_SmallCylinder_LowMic_cut23_16bit.wav
1rvyViX5VV8enN2lwf8XloDS6fOP29AW3,An.Dirus_1F_14D_25C_SmallCylinder_LowMic_cut24_16bit.wav,mosquito,Anopheles dirus,anopheles_dirus,F,1F,14D,25C,SmallCylinder,LowMic,cut24,,,,an.dirus_1f_14d_25c_smallcylinder,inferred_filename_source_family; merges cuts and microphone variants; individual/session identity UNKNOWN,1.475,8000,1,PCM_16,11800,9a222451cf850cf4f2d07cd95918cbcd5ec3d9b4235b7b533bd768380901031d,70837774aa72dfab00ecabbef16432e22da96128aaf0b908e1a585f39058e0e9,validation,validation,HOLD: source-family grouping is not verified individual/session independence,True,raw/mosquito/An.Dirus_1F_14D_25C_SmallCylinder_LowMic_cut24_16bit.wav
1ZSgnSSnJLqRHWlDBIvbj2e_Z99WOnQ0v,An.Dirus_1F_14D_25C_SmallCylinder_LowMic_cut25_16bit.wav,mosquito,Anopheles dirus,anopheles_dirus,F,1F,14D,25C,SmallCylinder,LowMic,cut25,,,,an.dirus_1f_14d_25c_smallcylinder,inferred_filename_source_family; merges cuts and microphone variants; individual/session identity UNKNOWN,0.765,8000,1,PCM_16,6120,de86cee1ccfd9f7b28fae683a2d4f716422dc49adb74e55c1b3d18b71675d5c4,0cc09a81297b5e6d00b21b6153f6d8462973357133b6755b27fbfcd11f679ba3,validation,validation,HOLD: source-family grouping is not verified individual/session independence; shorter than original 1-second context; no padding/looping/concatenation authorized,False,raw/mosquito/An.Dirus_1F_14D_25C_SmallCylinder_LowMic_cut25_16bit.wav
1TDjO4O6UZo3bCuekFlrMQqAmqlDTD7UX,An.Dirus_1F_14D_25C_SmallCylinder_LowMic_cut26_16bit.wav,mosquito,Anopheles dirus,anopheles_dirus,F,1F,14D,25C,SmallCylinder,LowMic,cut26,,,,an.dirus_1f_14d_25c_smallcylinder,inferred_filename_source_family; merges cuts and microphone variants; individual/session identity UNKNOWN,2.2,8000,1,PCM_16,17600,7c313161e6da7f76866566bc386d4f01abd5ccaa195b4d1c7a62ab04af24cabe,b3f6de0c5acd33e9ecafc10b2b65a60a4d72fdc73d420b6af5e1c53baca4179e,validation,validation,HOLD: source-family grouping is not verified individual/session independence,True,raw/mosquito/An.Dirus_1F_14D_25C_SmallCylinder_LowMic_cut26_16bit.wav
18yq4x0AoMt_QK95hgE_Heb0zA7iLuLMX,An.Dirus_1F_14D_25C_SmallCylinder_LowMic_cut27_16bit.wav,mosquito,Anopheles dirus,anopheles_dirus,F,1F,14D,25C,SmallCylinder,LowMic,cut27,,,,an.dirus_1f_14d_25c_smallcylinder,inferred_filename_source_family; merges cuts and microphone variants; individual/session identity UNKNOWN,1.175,8000,1,PCM_16,9400,aca8c946688cec476411df5c5c681c923344ab19252bbc06adafb8926910a5a0,7d296e41046ecc518b7c6d5ea0ac33b6dd2ef145489050b6294fa1fd4ff47f47,validation,validation,HOLD: source-family grouping is not verified individual/session independence,True,raw/mosquito/An.Dirus_1F_14D_25C_SmallCylinder_LowMic_cut27_16bit.wav
1Jeni-56_Jg9c-r6tdcSDee9PBxKyIaVk,An.Dirus_1F_14D_25C_SmallCylinder_LowMic_cut28_16bit.wav,mosquito,Anopheles dirus,anopheles_dirus,F,1F,14D,25C,SmallCylinder,LowMic,cut28,,,,an.dirus_1f_14d_25c_smallcylinder,inferred_filename_source_family; merges cuts and microphone variants; individual/session identity UNKNOWN,1.41,8000,1,PCM_16,11280,6ef388a5d43d169ce297170bd6d7213432f8c9a7d649cd72a0d4778943051513,1c509092076b89e5fe80c3d503e3bceab3ea72977db4af66d891583b8e5c03ae,validation,validation,HOLD: source-family grouping is not verified individual/session independence,True,raw/mosquito/An.Dirus_1F_14D_25C_SmallCylinder_LowMic_cut28_16bit.wav
1nK8mvnO7Effem_3iqv_2NOBBD9pqwbbI,An.Dirus_1F_14D_25C_SmallCylinder_LowMic_cut29_16bit.wav,mosquito,Anopheles dirus,anopheles_dirus,F,1F,14D,25C,SmallCylinder,LowMic,cut29,,,,an.dirus_1f_14d_25c_smallcylinder,inferred_filename_source_family; merges cuts and microphone variants; individual/session identity UNKNOWN,1.055,8000,1,PCM_16,8440,6ec2b01b579010c636717f28948d6d04858b0245fb6d0853902f44964ac0b3e9,1c903096a0da467b8f0c286ad6c816c9260e5fc29d746900a6d7e103dc401430,validation,validation,HOLD: source-family grouping is not verified individual/session independence,True,raw/mosquito/An.Dirus_1F_14D_25C_SmallCylinder_LowMic_cut29_16bit.wav
1rCerCSTYMSSiCjBLt_sJE3ypd6c_P1WX,An.Dirus_1F_14D_25C_SmallCylinder_LowMic_cut2_16bit.wav,mosquito,Anopheles dirus,anopheles_dirus,F,1F,14D,25C,SmallCylinder,LowMic,cut2,,,,an.dirus_1f_14d_25c_smallcylinder,inferred_filename_source_family; merges cuts and microphone variants; individual/session identity UNKNOWN,2.17725,8000,1,PCM_16,17418,20eb51c25b6a47aaf80d68754380eabfa369c62438d9723d66971bc82e8df491,fbb2df60d78d16fdeeb6cc6e86649fef65e182a0868fc796cba63dbed62c12ea,validation,validation,HOLD: source-family grouping is not verified individual/session independence,True,raw/mosquito/An.Dirus_1F_14D_25C_SmallCylinder_LowMic_cut2_16bit.wav
1SJidlS7Y-RFCBinPECRoepG5ooseOs_2,An.Dirus_1F_14D_25C_SmallCylinder_LowMic_cut30_16bit.wav,mosquito,Anopheles dirus,anopheles_dirus,F,1F,14D,25C,SmallCylinder,LowMic,cut30,,,,an.dirus_1f_14d_25c_smallcylinder,inferred_filename_source_family; merges cuts and microphone variants; individual/session identity UNKNOWN,0.8,8000,1,PCM_16,6400,67fad32c10d3c74d5f428b10fb24bef2378e1e02bbeb17a67c9cb10fc09fc85f,6bc14bd7a409da43a9de600e82e2cc5d829abba9e32ae2e42ac29a8e9b274aad,validation,validation,HOLD: source-family grouping is not verified individual/session independence; shorter than original 1-second context; no padding/looping/concatenation authorized,False,raw/mosquito/An.Dirus_1F_14D_25C_SmallCylinder_LowMic_cut30_16bit.wav
1wP-mul8m9mY_LLKLl4NkZDFehHw5AxER,An.Dirus_1F_14D_25C_SmallCylinder_LowMic_cut31_16bit.wav,mosquito,Anopheles dirus,anopheles_dirus,F,1F,14D,25C,SmallCylinder,LowMic,cut31,,,,an.dirus_1f_14d_25c_smallcylinder,inferred_filename_source_family; merges cuts and microphone variants; individual/session identity UNKNOWN,2.13,8000,1,PCM_16,17040,efbab983424cc2b620b6a16066eb13ef831b1b5038d4c2c85eeb76dafc6508d1,4587a76348299b9c6f0624c3333ffebc9c51438ac877a8d230cc5a8a6c154683,validation,validation,HOLD: source-family grouping is not verified individual/session independence,True,raw/mosquito/An.Dirus_1F_14D_25C_SmallCylinder_LowMic_cut31_16bit.wav
1sXRD66xS4ghEs1goUQnBXpZh3P-IwB4X,An.Dirus_1F_14D_25C_SmallCylinder_LowMic_cut32_16bit.wav,mosquito,Anopheles dirus,anopheles_dirus,F,1F,14D,25C,SmallCylinder,LowMic,cut32,,,,an.dirus_1f_14d_25c_smallcylinder,inferred_filename_source_family; merges cuts and microphone variants; individual/session identity UNKNOWN,4.444875,8000,1,PCM_16,35559,4266be8a123758eed0d6076fcd5cebf5e62ac4a44de802f245232154d65ecd23,6c2e7f061979342f55b2f50c77e9be61f5cbf1fd3c53ddf9f135d9fb083bb382,validation,validation,HOLD: source-family grouping is not verified individual/session independence,True,raw/mosquito/An.Dirus_1F_14D_25C_SmallCylinder_LowMic_cut32_16bit.wav
1sDxw-QDRStJVnsEa5GBVtszMtu_S2Iwl,An.Dirus_1F_14D_25C_SmallCylinder_LowMic_cut33_16bit.wav,mosquito,Anopheles dirus,anopheles_dirus,F,1F,14D,25C,SmallCylinder,LowMic,cut33,,,,an.dirus_1f_14d_25c_smallcylinder,inferred_filename_source_family; merges cuts and microphone variants; individual/session identity UNKNOWN,0.715,8000,1,PCM_16,5720,f2aa74f472d1bd005dacce86929a138efd06306b986cf66a36b94d44bed44926,8420ad5685209fb92fa990499ed22273aa42994faab8df8f139807e88de123c8,validation,validation,HOLD: source-family grouping is not verified individual/session independence; shorter than original 1-second context; no padding/looping/concatenation authorized,False,raw/mosquito/An.Dirus_1F_14D_25C_SmallCylinder_LowMic_cut33_16bit.wav
1if_SmOW-o3tWuShq8I7JavyZHlZIF2i7,An.Dirus_1F_14D_25C_SmallCylinder_LowMic_cut34_16bit.wav,mosquito,Anopheles dirus,anopheles_dirus,F,1F,14D,25C,SmallCylinder,LowMic,cut34,,,,an.dirus_1f_14d_25c_smallcylinder,inferred_filename_source_family; merges cuts and microphone variants; individual/session identity UNKNOWN,0.87,8000,1,PCM_16,6960,cbd10daccfe4e32e83625c33c59eea1aa0069267bf6e004fe0a4667745e02ee2,b7385d7d3c67388123aaa6f69db41ebfae12f728a183472b64ad309b7f4faf7f,validation,validation,HOLD: source-family grouping is not verified individual/session independence; shorter than original 1-second context; no padding/looping/concatenation authorized,False,raw/mosquito/An.Dirus_1F_14D_25C_SmallCylinder_LowMic_cut34_16bit.wav
1i3HHoU-JX3gRe3AL9GRvEJZkg5fTbDC8,An.Dirus_1F_14D_25C_SmallCylinder_LowMic_cut35_16bit.wav,mosquito,Anopheles dirus,anopheles_dirus,F,1F,14D,25C,SmallCylinder,LowMic,cut35,,,,an.dirus_1f_14d_25c_smallcylinder,inferred_filename_source_family; merges cuts and microphone variants; individual/session identity UNKNOWN,0.615,8000,1,PCM_16,4920,d03ed7138b7813081afbf1e84cff1c794efa76a5f90a582f8291dc2f85b26ee6,369b2e67cab5cc0563bff438afab7a89d6578c2ae4b00ab64645ae45ab1517c3,validation,validation,HOLD: source-family grouping is not verified individual/session independence; shorter than original 1-second context; no padding/looping/concatenation authorized,False,raw/mosquito/An.Dirus_1F_14D_25C_SmallCylinder_LowMic_cut35_16bit.wav
1r0BYcoIiJLpw1i_CUP8-z14f1tkfAyc1,An.Dirus_1F_14D_25C_SmallCylinder_LowMic_cut36_16bit.wav,mosquito,Anopheles dirus,anopheles_dirus,F,1F,14D,25C,SmallCylinder,LowMic,cut36,,,,an.dirus_1f_14d_25c_smallcylinder,inferred_filename_source_family; merges cuts and microphone variants; individual/session identity UNKNOWN,2.689875,8000,1,PCM_16,21519,42d01e73603276f2d3628923ad590a7cf7c52dfd0f0435518835e4132d05aa50,f711fd9daec869b85f2bd82feadfd8e0095f129c8c0e41b47dcb543432ff0691,validation,validation,HOLD: source-family grouping is not verified individual/session independence,True,raw/mosquito/An.Dirus_1F_14D_25C_SmallCylinder_LowMic_cut36_16bit.wav
1hKuMv1Bxr5N_HBFhkhT-EO1r72gImmiR,An.Dirus_1F_14D_25C_SmallCylinder_LowMic_cut37_16bit.wav,mosquito,Anopheles dirus,anopheles_dirus,F,1F,14D,25C,SmallCylinder,LowMic,cut37,,,,an.dirus_1f_14d_25c_smallcylinder,inferred_filename_source_family; merges cuts and microphone variants; individual/session identity UNKNOWN,1.208875,8000,1,PCM_16,9671,defd0992ba149164744264b0c0c2681a29cec1e65511af48a6d92e09f580c052,bd2d1061f188083a4f65c9a52f04d5791e91519b94db643a2b6e3140915f6812,validation,validation,HOLD: source-family grouping is not verified individual/session independence,True,raw/mosquito/An.Dirus_1F_14D_25C_SmallCylinder_LowMic_cut37_16bit.wav
128KCOCacLLDdmSAzfGN1HEqj2ebiiroS,An.Dirus_1F_14D_25C_SmallCylinder_LowMic_cut38_16bit.wav,mosquito,Anopheles dirus,anopheles_dirus,F,1F,14D,25C,SmallCylinder,LowMic,cut38,,,,an.dirus_1f_14d_25c_smallcylinder,inferred_filename_source_family; merges cuts and microphone variants; individual/session identity UNKNOWN,1.6705,8000,1,PCM_16,13364,bd9c7ed380bfff5eb969584b45be53dcf86007eeb65ebfac09564f05216f6479,80201ba2bee3eb8262c54c9a63fa3a0232386b696a7fca611055a96a499e1ecc,validation,validation,HOLD: source-family grouping is not verified individual/session independence,True,raw/mosquito/An.Dirus_1F_14D_25C_SmallCylinder_LowMic_cut38_16bit.wav
1ebrBvo7v5u_dJEuDG4BASC8M7YTJ64f2,An.Dirus_1F_14D_25C_SmallCylinder_LowMic_cut39_16bit.wav,mosquito,Anopheles dirus,anopheles_dirus,F,1F,14D,25C,SmallCylinder,LowMic,cut39,,,,an.dirus_1f_14d_25c_smallcylinder,inferred_filename_source_family; merges cuts and microphone variants; individual/session identity UNKNOWN,0.768125,8000,1,PCM_16,6145,0c6a57a05c5c269fc5f868899ef281438d8a0ee9d86700ffe8eba231a64c1ad2,8de562bd2a9a93362a1c515c1164bdbf5050af95dc4c714a1fd0d5c977b6cfbc,validation,validation,HOLD: source-family grouping is not verified individual/session independence; shorter than original 1-second context; no padding/looping/concatenation authorized,False,raw/mosquito/An.Dirus_1F_14D_25C_SmallCylinder_LowMic_cut39_16bit.wav
1EjGgtiOFXpoMxgPtDd7CCn65rg9CBRnz,An.Dirus_1F_14D_25C_SmallCylinder_LowMic_cut3_16bit.wav,mosquito,Anopheles dirus,anopheles_dirus,F,1F,14D,25C,SmallCylinder,LowMic,cut3,,,,an.dirus_1f_14d_25c_smallcylinder,inferred_filename_source_family; merges cuts and microphone variants; individual/session identity UNKNOWN,1.0255,8000,1,PCM_16,8204,8a7f3268aa3f9f8da12aa235ef78ca0a82cb7923ed4c4f71182b21787fa44beb,aeff898a0b44e1583b2ce22d7a78eb46d829c091fb2ea436796f354ff5e69e28,validation,validation,HOLD: source-family grouping is not verified individual/session independence,True,raw/mosquito/An.Dirus_1F_14D_25C_SmallCylinder_LowMic_cut3_16bit.wav
1EKexeRB4TGejvbOBSilMpfGqnaQuTjaF,An.Dirus_1F_14D_25C_SmallCylinder_LowMic_cut40_16bit.wav,mosquito,Anopheles dirus,anopheles_dirus,F,1F,14D,25C,SmallCylinder,LowMic,cut40,,,,an.dirus_1f_14d_25c_smallcylinder,inferred_filename_source_family; merges cuts and microphone variants; individual/session identity UNKNOWN,0.86475,8000,1,PCM_16,6918,3e007cb67f2d0fcf96066c5721232ce7c5abde2a9d4138a544c5f1073bd530f1,11dc15713a759af023c6c5df8b2323df05aac56415f88ecc22507e83d95f269d,validation,validation,HOLD: source-family grouping is not verified individual/session independence; shorter than original 1-second context; no padding/looping/concatenation authorized,False,raw/mosquito/An.Dirus_1F_14D_25C_SmallCylinder_LowMic_cut40_16bit.wav
1aFbCw24NCVUfHWI7IoV6VPupvLmS4-fP,An.Dirus_1F_14D_25C_SmallCylinder_LowMic_cut41_16bit.wav,mosquito,Anopheles dirus,anopheles_dirus,F,1F,14D,25C,SmallCylinder,LowMic,cut41,,,,an.dirus_1f_14d_25c_smallcylinder,inferred_filename_source_family; merges cuts and microphone variants; individual/session identity UNKNOWN,0.889875,8000,1,PCM_16,7119,e9e0dfb82269584d66a763107884a2980eea10b9daf7dd617220e2ca84104bdb,cd8ef236c5b1ff8fc5f64666bd9e9d3c00e862f7255f522996c6c67491e37c82,validation,validation,HOLD: source-family grouping is not verified individual/session independence; shorter than original 1-second context; no padding/looping/concatenation authorized,False,raw/mosquito/An.Dirus_1F_14D_25C_SmallCylinder_LowMic_cut41_16bit.wav
1--hFTppg3v3dRESkLncxxwQrEwxLe9Gh,An.Dirus_1F_14D_25C_SmallCylinder_LowMic_cut42_16bit.wav,mosquito,Anopheles dirus,anopheles_dirus,F,1F,14D,25C,SmallCylinder,LowMic,cut42,,,,an.dirus_1f_14d_25c_smallcylinder,inferred_filename_source_family; merges cuts and microphone variants; individual/session identity UNKNOWN,1.7545,8000,1,PCM_16,14036,e3b6a2d1b993985d547c631c4ea83052f8e6497c339ca9649835fb34c1351a50,a03434b8397ce8aab8d8712fd37a25b49cb99d49156fe9cc4a3cf42e0a3f3f90,validation,validation,HOLD: source-family grouping is not verified individual/session independence,True,raw/mosquito/An.Dirus_1F_14D_25C_SmallCylinder_LowMic_cut42_16bit.wav
1ut4VwtJwXIqyU47lLG59YkNIahT-HG3e,An.Dirus_1F_14D_25C_SmallCylinder_LowMic_cut43_16bit.wav,mosquito,Anopheles dirus,anopheles_dirus,F,1F,14D,25C,SmallCylinder,LowMic,cut43,,,,an.dirus_1f_14d_25c_smallcylinder,inferred_filename_source_family; merges cuts and microphone variants; individual/session identity UNKNOWN,2.279125,8000,1,PCM_16,18233,993f962e6f2e032f199362fa5fde202b01483ed126ff7066dd7cbd54fa2589c1,7af329661e8763cf994190169bd7ef15e106b9fa8c8d7b55bcc612862f39e971,validation,validation,HOLD: source-family grouping is not verified individual/session independence,True,raw/mosquito/An.Dirus_1F_14D_25C_SmallCylinder_LowMic_cut43_16bit.wav
1wK7M8fUy1D2KSYzxjl8zgEwSz_kT-oFF,An.Dirus_1F_14D_25C_SmallCylinder_LowMic_cut44_16bit.wav,mosquito,Anopheles dirus,anopheles_dirus,F,1F,14D,25C,SmallCylinder,LowMic,cut44,,,,an.dirus_1f_14d_25c_smallcylinder,inferred_filename_source_family; merges cuts and microphone variants; individual/session identity UNKNOWN,1.1165,8000,1,PCM_16,8932,8ec9011fc230b58a53b40bce7ba81113b0dd69b9c8200af3f70683368e68d76c,0e9672795b2bc16cece7b9621f30c6a4c090afb1d9b751f564e7da1db912c80e,validation,validation,HOLD: source-family grouping is not verified individual/session independence,True,raw/mosquito/An.Dirus_1F_14D_25C_SmallCylinder_LowMic_cut44_16bit.wav
1wktDQQZ7NWf5MQm8sinUna73CLWFvII1,An.Dirus_1F_14D_25C_SmallCylinder_LowMic_cut45_16bit.wav,mosquito,Anopheles dirus,anopheles_dirus,F,1F,14D,25C,SmallCylinder,LowMic,cut45,,,,an.dirus_1f_14d_25c_smallcylinder,inferred_filename_source_family; merges cuts and microphone variants; individual/session identity UNKNOWN,1.532,8000,1,PCM_16,12256,0ccacd558cf78f4196b9a795f073db8aa2229da6e865856e288994ee5a833436,61cd3fc58d8c11bce3c007c2dce181ade525c71613e141b970cbfafa04d471a3,validation,validation,HOLD: source-family grouping is not verified individual/session independence,True,raw/mosquito/An.Dirus_1F_14D_25C_SmallCylinder_LowMic_cut45_16bit.wav
1fwvp8_0E1dc2OCMlh0hV6S1O-Bs9ZcJU,An.Dirus_1F_14D_25C_SmallCylinder_LowMic_cut46_16bit.wav,mosquito,Anopheles dirus,anopheles_dirus,F,1F,14D,25C,SmallCylinder,LowMic,cut46,,,,an.dirus_1f_14d_25c_smallcylinder,inferred_filename_source_family; merges cuts and microphone variants; individual/session identity UNKNOWN,0.889875,8000,1,PCM_16,7119,c89440c78df1c28f4afe91350bfb25dd267587bddcacd4b2449cf65e13488ece,3e790df8bd634d4cb843616ac70774a7d079758fa3ad53d2b8dc21eadb08500b,validation,validation,HOLD: source-family grouping is not verified individual/session independence; shorter than original 1-second context; no padding/looping/concatenation authorized,False,raw/mosquito/An.Dirus_1F_14D_25C_SmallCylinder_LowMic_cut46_16bit.wav
1EH1E6jSm_tK2nulLffv6tn2CNZjHY1q1,An.Dirus_1F_14D_25C_SmallCylinder_LowMic_cut47_16bit.wav,mosquito,Anopheles dirus,anopheles_dirus,F,1F,14D,25C,SmallCylinder,LowMic,cut47,,,,an.dirus_1f_14d_25c_smallcylinder,inferred_filename_source_family; merges cuts and microphone variants; individual/session identity UNKNOWN,2.51,8000,1,PCM_16,20080,8a99283dc796ce56304e0c435f2f685425a720e2e4d6a9f4c53ffc1b7da8674d,56cf109910aca340f3c0de202e20052cfd79ff2480584f227d2974d2fe627b8b,validation,validation,HOLD: source-family grouping is not verified individual/session independence,True,raw/mosquito/An.Dirus_1F_14D_25C_SmallCylinder_LowMic_cut47_16bit.wav
1NbU7SFs8WLGaDsGUQRI24Fe_0cc6zl7W,An.Dirus_1F_14D_25C_SmallCylinder_LowMic_cut48_16bit.wav,mosquito,Anopheles dirus,anopheles_dirus,F,1F,14D,25C,SmallCylinder,LowMic,cut48,,,,an.dirus_1f_14d_25c_smallcylinder,inferred_filename_source_family; merges cuts and microphone variants; individual/session identity UNKNOWN,0.646375,8000,1,PCM_16,5171,dc3ad708bfa75575f6cbbacb7a943cc36a65d001f0675fc6bc4b7b5036c3a267,9fe37d2fafad3d6d70cea9ee7ae5698e55f9234d16f9edb86617c374ab9aa738,validation,validation,HOLD: source-family grouping is not verified individual/session independence; shorter than original 1-second context; no padding/looping/concatenation authorized,False,raw/mosquito/An.Dirus_1F_14D_25C_SmallCylinder_LowMic_cut48_16bit.wav
1ELI0wvmhNWKLTvHPoPD_0S8G2wF6MuRn,An.Dirus_1F_14D_25C_SmallCylinder_LowMic_cut49_16bit.wav,mosquito,Anopheles dirus,anopheles_dirus,F,1F,14D,25C,SmallCylinder,LowMic,cut49,,,,an.dirus_1f_14d_25c_smallcylinder,inferred_filename_source_family; merges cuts and microphone variants; individual/session identity UNKNOWN,0.814375,8000,1,PCM_16,6515,f3429a6634305ddb6978c893b430b2d445efa32bc0663e17833d52623df95bf2,56b240baa8d38ece0e238d8dd4545bea5a79b3068e4aea546098081242ae1b7e,validation,validation,HOLD: source-family grouping is not verified individual/session independence; shorter than original 1-second context; no padding/looping/concatenation authorized,False,raw/mosquito/An.Dirus_1F_14D_25C_SmallCylinder_LowMic_cut49_16bit.wav
1BLSnlzL8EZyA2Bh4GY7FBYf3cYkNYvGZ,An.Dirus_1F_14D_25C_SmallCylinder_LowMic_cut4_16bit.wav,mosquito,Anopheles dirus,anopheles_dirus,F,1F,14D,25C,SmallCylinder,LowMic,cut4,,,,an.dirus_1f_14d_25c_smallcylinder,inferred_filename_source_family; merges cuts and microphone variants; individual/session identity UNKNOWN,0.6465,8000,1,PCM_16,5172,d29a85ed768555dac880a77e9fbcf5f7d33777b362c8aaa6c7fbf3a4bcd85eba,7c0b98842fd77a36fee7ff477f83adc00eeb8e0aa720c3ddbe788dd90f79fe70,validation,validation,HOLD: source-family grouping is not verified individual/session independence; shorter than original 1-second context; no padding/looping/concatenation authorized,False,raw/mosquito/An.Dirus_1F_14D_25C_SmallCylinder_LowMic_cut4_16bit.wav
1zjr3EwxBCi3O74BelZIwicSdq5vwNQWT,An.Dirus_1F_14D_25C_SmallCylinder_LowMic_cut50_16bit.wav,mosquito,Anopheles dirus,anopheles_dirus,F,1F,14D,25C,SmallCylinder,LowMic,cut50,,,,an.dirus_1f_14d_25c_smallcylinder,inferred_filename_source_family; merges cuts and microphone variants; individual/session identity UNKNOWN,0.656375,8000,1,PCM_16,5251,f59a1851e73fcf061c0f56252c4fde8fc3f23cf11e1d202d1dd1c59c75044ec4,a97934d6aaad70b229836a84abe07719360f2ea6df2bc8689dcd0dce353cc208,validation,validation,HOLD: source-family grouping is not verified individual/session independence; shorter than original 1-second context; no padding/looping/concatenation authorized,False,raw/mosquito/An.Dirus_1F_14D_25C_SmallCylinder_LowMic_cut50_16bit.wav
1R-A2vMOZ1CkWfnfuM6zKCDIQkE0XiJ4B,An.Dirus_1F_14D_25C_SmallCylinder_LowMic_cut5_16bit.wav,mosquito,Anopheles dirus,anopheles_dirus,F,1F,14D,25C,SmallCylinder,LowMic,cut5,,,,an.dirus_1f_14d_25c_smallcylinder,inferred_filename_source_family; merges cuts and microphone variants; individual/session identity UNKNOWN,0.988375,8000,1,PCM_16,7907,a7d94ff97c914a29df93f0063c176752625bf58c7572fc8ef5738e48f311f2fc,6423349bad8a8330d323a123ba6c65e76fca9a3fcb576e695aabf65787c877f7,validation,validation,HOLD: source-family grouping is not verified individual/session independence; shorter than original 1-second context; no padding/looping/concatenation authorized,False,raw/mosquito/An.Dirus_1F_14D_25C_SmallCylinder_LowMic_cut5_16bit.wav
1THWRQkDC8c2Z-Al-v_TgnH12OpuQo90o,An.Dirus_1F_14D_25C_SmallCylinder_LowMic_cut6_16bit.wav,mosquito,Anopheles dirus,anopheles_dirus,F,1F,14D,25C,SmallCylinder,LowMic,cut6,,,,an.dirus_1f_14d_25c_smallcylinder,inferred_filename_source_family; merges cuts and microphone variants; individual/session identity UNKNOWN,1.174125,8000,1,PCM_16,9393,d2d49cd54d621004d7027e741e3a06e5f0a6e4e0a587fc5415c12a9fc957311c,3dff5dfd74b2ca14315513c9ccda9d45972a5fa5115d9fd43ac8cf693cf5ae86,validation,validation,HOLD: source-family grouping is not verified individual/session independence,True,raw/mosquito/An.Dirus_1F_14D_25C_SmallCylinder_LowMic_cut6_16bit.wav
18eFBybBMC9bWsVB5u-ILQbFuBwJpo4Sf,An.Dirus_1F_14D_25C_SmallCylinder_LowMic_cut7_16bit.wav,mosquito,Anopheles dirus,anopheles_dirus,F,1F,14D,25C,SmallCylinder,LowMic,cut7,,,,an.dirus_1f_14d_25c_smallcylinder,inferred_filename_source_family; merges cuts and microphone variants; individual/session identity UNKNOWN,1.441625,8000,1,PCM_16,11533,0a8411780741bfc8297607c7b86ed5c03e478ea709a6db2211fbdc6e4567e3c6,548347161b808839bc332a98536a162cb4922072e3c18345f386168862485b06,validation,validation,HOLD: source-family grouping is not verified individual/session independence,True,raw/mosquito/An.Dirus_1F_14D_25C_SmallCylinder_LowMic_cut7_16bit.wav
1xnnIzaK8c5_8UjnlZEvt8WBB6Lk-IjbU,An.Dirus_1F_14D_25C_SmallCylinder_LowMic_cut8_16bit.wav,mosquito,Anopheles dirus,anopheles_dirus,F,1F,14D,25C,SmallCylinder,LowMic,cut8,,,,an.dirus_1f_14d_25c_smallcylinder,inferred_filename_source_family; merges cuts and microphone variants; individual/session identity UNKNOWN,0.988375,8000,1,PCM_16,7907,b2a95b0d27e5e8b1711d1476831a62bd1c1ea6ec09c3080d1876531a4951a302,b0a6e31d346391a51407ade9deb150f6c6560d1b7179cea61287424b1665306f,validation,validation,HOLD: source-family grouping is not verified individual/session independence; shorter than original 1-second context; no padding/looping/concatenation authorized,False,raw/mosquito/An.Dirus_1F_14D_25C_SmallCylinder_LowMic_cut8_16bit.wav
12XIEcL7ANlU5Iuo4N_iUbt72sf5I71vb,An.Dirus_1F_14D_25C_SmallCylinder_LowMic_cut9_16bit.wav,mosquito,Anopheles dirus,anopheles_dirus,F,1F,14D,25C,SmallCylinder,LowMic,cut9,,,,an.dirus_1f_14d_25c_smallcylinder,inferred_filename_source_family; merges cuts and microphone variants; individual/session identity UNKNOWN,1.64225,8000,1,PCM_16,13138,756f23bdcb1fb94f2d5ef91b0413549ba602698e4d32f51e7ee7754b9ddafaf3,76d809f84834f3080464d08c0fbc0c015f0503858935265b61957d20602fab90,validation,validation,HOLD: source-family grouping is not verified individual/session independence,True,raw/mosquito/An.Dirus_1F_14D_25C_SmallCylinder_LowMic_cut9_16bit.wav
1FfxdAEPX_uc0UkIzCzi7NTrVj1DFQqFI,An.Dirus_1F_5D_25C_SmallCylinder_Cut10_16bit.wav,mosquito,Anopheles dirus,anopheles_dirus,F,1F,5D,25C,SmallCylinder,unmarked,cut10,,,,an.dirus_1f_5d_25c_smallcylinder,inferred_filename_source_family; merges cuts and microphone variants; individual/session identity UNKNOWN,0.847625,8000,1,PCM_16,6781,4bf242941597a76f11c9f997a68c5c2eeb80228c5aa21e1fbc810cf7039c8dcd,a0045fbf319c629ac97481a053f959dcf031119b75be27a3e4760e92ee4d6edf,training,training,HOLD: source-family grouping is not verified individual/session independence; shorter than original 1-second context; no padding/looping/concatenation authorized,False,raw/mosquito/An.Dirus_1F_5D_25C_SmallCylinder_Cut10_16bit.wav
19TuHqP-uLhlJvjn0Z_2zby7sp-2WIfPc,An.Dirus_1F_5D_25C_SmallCylinder_Cut11_16bit.wav,mosquito,Anopheles dirus,anopheles_dirus,F,1F,5D,25C,SmallCylinder,unmarked,cut11,,,,an.dirus_1f_5d_25c_smallcylinder,inferred_filename_source_family; merges cuts and microphone variants; individual/session identity UNKNOWN,3.459875,8000,1,PCM_16,27679,301777ec227a71af2c3aaf8234a00fb5c6440e1c074901f6f1ecf0c4ce626a8a,ec7d8f3e7a9345c18dfeabc79f0a0b6bc89e95bb8b449162b95e8241fbc7c2f4,training,training,HOLD: source-family grouping is not verified individual/session independence,True,raw/mosquito/An.Dirus_1F_5D_25C_SmallCylinder_Cut11_16bit.wav
1EsxW_1HjW3zbVM9FrsFka6IbRlSs81Rm,An.Dirus_1F_5D_25C_SmallCylinder_Cut12_16bit.wav,mosquito,Anopheles dirus,anopheles_dirus,F,1F,5D,25C,SmallCylinder,unmarked,cut12,,,,an.dirus_1f_5d_25c_smallcylinder,inferred_filename_source_family; merges cuts and microphone variants; individual/session identity UNKNOWN,1.637125,8000,1,PCM_16,13097,5b93585637d1c9a3e6e6c90d6fcd7d58e1578ed77432f5aef9c7d2134388ed79,5e5132649f21925d9c605ab8b0d72308c915cb46b5f5c9eb5518cbae656f1544,training,training,HOLD: source-family grouping is not verified individual/session independence,True,raw/mosquito/An.Dirus_1F_5D_25C_SmallCylinder_Cut12_16bit.wav
1UIsHNO7R0uuwVBqHN2l60rBX95LBP625,An.Dirus_1F_5D_25C_SmallCylinder_Cut13_16bit.wav,mosquito,Anopheles dirus,anopheles_dirus,F,1F,5D,25C,SmallCylinder,unmarked,cut13,,,,an.dirus_1f_5d_25c_smallcylinder,inferred_filename_source_family; merges cuts and microphone variants; individual/session identity UNKNOWN,1.18425,8000,1,PCM_16,9474,6eade5d2702e2c9e0263ed35f1f8811942c698b87b9a906e28d76db2621f9a0a,b4a524195f9346773eb5335631635296d38ff87ebc60f9f8256df30bf82e7d58,training,training,HOLD: source-family grouping is not verified individual/session independence,True,raw/mosquito/An.Dirus_1F_5D_25C_SmallCylinder_Cut13_16bit.wav
1a6T6L4ECkaJINvNzXQ0B4Aaw3mDAbrqk,An.Dirus_1F_5D_25C_SmallCylinder_Cut14_16bit.wav,mosquito,Anopheles dirus,anopheles_dirus,F,1F,5D,25C,SmallCylinder,unmarked,cut14,,,,an.dirus_1f_5d_25c_smallcylinder,inferred_filename_source_family; merges cuts and microphone variants; individual/session identity UNKNOWN,0.510875,8000,1,PCM_16,4087,2712cc68aa467c7073133edd244c23b121dcbbd89a8e15a0247170d386eb3d6d,c353946a30d725b53fb11f1075076c7ac06eb87665604d38205a705b0880cd4c,training,training,HOLD: source-family grouping is not verified individual/session independence; shorter than original 1-second context; no padding/looping/concatenation authorized,False,raw/mosquito/An.Dirus_1F_5D_25C_SmallCylinder_Cut14_16bit.wav
1zd5Hdv2m_PKH9HgHEr3UCE6jJWZxL67F,An.Dirus_1F_5D_25C_SmallCylinder_Cut15_16bit.wav,mosquito,Anopheles dirus,anopheles_dirus,F,1F,5D,25C,SmallCylinder,unmarked,cut15,,,,an.dirus_1f_5d_25c_smallcylinder,inferred_filename_source_family; merges cuts and microphone variants; individual/session identity UNKNOWN,0.91725,8000,1,PCM_16,7338,ee2342fadbe039fc091f94ec9ad056c80eb1ccb7194fca303ee8c2f9e6d93ebf,5f020e7be59d68342fa09814570a72cb9665f4d9e3626b2a31ec83138f16f924,training,training,HOLD: source-family grouping is not verified individual/session independence; shorter than original 1-second context; no padding/looping/concatenation authorized,False,raw/mosquito/An.Dirus_1F_5D_25C_SmallCylinder_Cut15_16bit.wav
1kpQ6Q48e3j4yDyaECi1A167aKCCHlzk2,An.Dirus_1F_5D_25C_SmallCylinder_Cut16_16bit.wav,mosquito,Anopheles dirus,anopheles_dirus,F,1F,5D,25C,SmallCylinder,unmarked,cut16,,,,an.dirus_1f_5d_25c_smallcylinder,inferred_filename_source_family; merges cuts and microphone variants; individual/session identity UNKNOWN,0.91725,8000,1,PCM_16,7338,998c322af6cd3d3a3a8bed29155b13ee9ed20f0b7de7aea6140d83a437c9e0ec,c475048784615e9d8f8ade6b0d91750bcbb91fc4bc02eb8f6d2c5f6b9031ecb4,training,training,HOLD: source-family grouping is not verified individual/session independence; shorter than original 1-second context; no padding/looping/concatenation authorized,False,raw/mosquito/An.Dirus_1F_5D_25C_SmallCylinder_Cut16_16bit.wav
1uZYVSijtxtsO19iTL65cM6flA85bDvhd,An.Dirus_1F_5D_25C_SmallCylinder_Cut17_16bit.wav,mosquito,Anopheles dirus,anopheles_dirus,F,1F,5D,25C,SmallCylinder,unmarked,cut17,,,,an.dirus_1f_5d_25c_smallcylinder,inferred_filename_source_family; merges cuts and microphone variants; individual/session identity UNKNOWN,0.696625,8000,1,PCM_16,5573,e0c36aad44a6667d23a909d50bb59c093240a74ed9b60336063f97e819d8060c,5528ca9b4bfc014c2188a72d825e04a1b0e32510ff8a81a623b51d41a6a0ca80,training,training,HOLD: source-family grouping is not verified individual/session independence; shorter than original 1-second context; no padding/looping/concatenation authorized,False,raw/mosquito/An.Dirus_1F_5D_25C_SmallCylinder_Cut17_16bit.wav
1dz5WKBJJNDJAVaH0VtFkY5NhCsL97sdr,An.Dirus_1F_5D_25C_SmallCylinder_Cut18_16bit.wav,mosquito,Anopheles dirus,anopheles_dirus,F,1F,5D,25C,SmallCylinder,unmarked,cut18,,,,an.dirus_1f_5d_25c_smallcylinder,inferred_filename_source_family; merges cuts and microphone variants; individual/session identity UNKNOWN,0.638625,8000,1,PCM_16,5109,cee800436353995d90b6e0bcd230ffc9f05859f750e3a1b2404908435fef85c0,4e33c6345e3725856a2140ac7b91a2aa2441a31b7143fbd681ee444d5145e904,training,training,HOLD: source-family grouping is not verified individual/session independence; shorter than original 1-second context; no padding/looping/concatenation authorized,False,raw/mosquito/An.Dirus_1F_5D_25C_SmallCylinder_Cut18_16bit.wav
1l5TnXTFNBPBG0fYi6lJzXGEjqJ2ahiju,An.Dirus_1F_5D_25C_SmallCylinder_Cut19_16bit.wav,mosquito,Anopheles dirus,anopheles_dirus,F,1F,5D,25C,SmallCylinder,unmarked,cut19,,,,an.dirus_1f_5d_25c_smallcylinder,inferred_filename_source_family; merges cuts and microphone variants; individual/session identity UNKNOWN,1.323625,8000,1,PCM_16,10589,d3dc7020c4db4cd57655c252e50ac039b7256b09e55c7e4d1a549fa2b2ae217c,d0dbb35f88a50a28000b8d5849fd18df54950125034bb05e9f61c5cc68172b62,training,training,HOLD: source-family grouping is not verified individual/session independence,True,raw/mosquito/An.Dirus_1F_5D_25C_SmallCylinder_Cut19_16bit.wav
1dCmBeZSLI1xQcdK5jCyLiXcPqH1ck6gI,An.Dirus_1F_5D_25C_SmallCylinder_Cut1_16bit.wav,mosquito,Anopheles dirus,anopheles_dirus,F,1F,5D,25C,SmallCylinder,unmarked,cut1,,,,an.dirus_1f_5d_25c_smallcylinder,inferred_filename_source_family; merges cuts and microphone variants; individual/session identity UNKNOWN,7.30275,8000,1,PCM_16,58422,33bccee2eae01ff59509caf4c255c988f9438e3384cad79e6a733d616bb4c311,661e3315844d2b66748c8c00c8d5a25bce4869f26ee32a7e6426a6c3bcb6c7bc,training,training,HOLD: source-family grouping is not verified individual/session independence,True,raw/mosquito/An.Dirus_1F_5D_25C_SmallCylinder_Cut1_16bit.wav
153dWlMx455E4A27wZ3KvZnx00UdGQxsV,An.Dirus_1F_5D_25C_SmallCylinder_Cut20_16bit.wav,mosquito,Anopheles dirus,anopheles_dirus,F,1F,5D,25C,SmallCylinder,unmarked,cut20,,,,an.dirus_1f_5d_25c_smallcylinder,inferred_filename_source_family; merges cuts and microphone variants; individual/session identity UNKNOWN,1.172625,8000,1,PCM_16,9381,821e8ad2b9cb305450e020f944cae99d417b86f1503eccd60562df44d830a4af,7adf10adc45798a0fecfd698f738f40c9b23b80a90dd7d3078d5102926957891,training,training,HOLD: source-family grouping is not verified individual/session independence,True,raw/mosquito/An.Dirus_1F_5D_25C_SmallCylinder_Cut20_16bit.wav
1LFlymy8aJAQ1anNnFofSjMXqrtwzhn4l,An.Dirus_1F_5D_25C_SmallCylinder_Cut21_16bit.wav,mosquito,Anopheles dirus,anopheles_dirus,F,1F,5D,25C,SmallCylinder,unmarked,cut21,,,,an.dirus_1f_5d_25c_smallcylinder,inferred_filename_source_family; merges cuts and microphone variants; individual/session identity UNKNOWN,0.6735,8000,1,PCM_16,5388,104c51ca93422a346aac14a6ec4fabc25e208b320551298a0f0474a4fa1cf6cf,86b7d37a8d245d9dd820e9bc48ee9338db7ac527e5a6c1b18b8e0d9e6e036959,training,training,HOLD: source-family grouping is not verified individual/session independence; shorter than original 1-second context; no padding/looping/concatenation authorized,False,raw/mosquito/An.Dirus_1F_5D_25C_SmallCylinder_Cut21_16bit.wav
1IZbU-DH9ZG5aPpNxJW03LW7Wjoitl796,An.Dirus_1F_5D_25C_SmallCylinder_Cut22_16bit.wav,mosquito,Anopheles dirus,anopheles_dirus,F,1F,5D,25C,SmallCylinder,unmarked,cut22,,,,an.dirus_1f_5d_25c_smallcylinder,inferred_filename_source_family; merges cuts and microphone variants; individual/session identity UNKNOWN,1.54425,8000,1,PCM_16,12354,1617aaf9fd1b70f0805e11ce20388db98804f28e5508b873b39233397691b3ea,bb3dd5f10c8fdbb0a1c24466d54fbbcbc0d68d333949097af8ab7f902375e813,training,training,HOLD: source-family grouping is not verified individual/session independence,True,raw/mosquito/An.Dirus_1F_5D_25C_SmallCylinder_Cut22_16bit.wav
1Ib-yQRvA2EFTSIDn9hKKU9tSX6zbfggf,An.Dirus_1F_5D_25C_SmallCylinder_Cut23_16bit.wav,mosquito,Anopheles dirus,anopheles_dirus,F,1F,5D,25C,SmallCylinder,unmarked,cut23,,,,an.dirus_1f_5d_25c_smallcylinder,inferred_filename_source_family; merges cuts and microphone variants; individual/session identity UNKNOWN,0.87075,8000,1,PCM_16,6966,da216a01ef2e1380b48ae82b1dce080db956cdd24ab3a20068cd280f3cb02b9d,600e5e178a2f3d50623cd370a2d603e8cb7ce4929099863873bd861ab53cdf81,training,training,HOLD: source-family grouping is not verified individual/session independence; shorter than original 1-second context; no padding/looping/concatenation authorized,False,raw/mosquito/An.Dirus_1F_5D_25C_SmallCylinder_Cut23_16bit.wav
10CIqrbI73RBLVgq9z8QB0qZ5LMYU35jT,An.Dirus_1F_5D_25C_SmallCylinder_Cut24_16bit.wav,mosquito,Anopheles dirus,anopheles_dirus,F,1F,5D,25C,SmallCylinder,unmarked,cut24,,,,an.dirus_1f_5d_25c_smallcylinder,inferred_filename_source_family; merges cuts and microphone variants; individual/session identity UNKNOWN,0.5805,8000,1,PCM_16,4644,ee79e39d66bc97e029e75e1bb0bda68d3db860f45dfd8cdfe3e3b784ed30228e,3a90a6c0ca257fd3ce901753a1e6a1c11133aa626bb6e6dca1080ccd5d7e2538,training,training,HOLD: source-family grouping is not verified individual/session independence; shorter than original 1-second context; no padding/looping/concatenation authorized,False,raw/mosquito/An.Dirus_1F_5D_25C_SmallCylinder_Cut24_16bit.wav
1fImpj3oJNg2UfrowDhNFZPlvhiKQN06j,An.Dirus_1F_5D_25C_SmallCylinder_Cut25_16bit.wav,mosquito,Anopheles dirus,anopheles_dirus,F,1F,5D,25C,SmallCylinder,unmarked,cut25,,,,an.dirus_1f_5d_25c_smallcylinder,inferred_filename_source_family; merges cuts and microphone variants; individual/session identity UNKNOWN,1.161,8000,1,PCM_16,9288,16b193987bc46536af2b366ae4d905dc41fc5f091a890123b46ad1086c892b14,60c6cf03bf61b6e4b853b63427f35893b3f75bb7c9646d9e697a16df34518d0e,training,training,HOLD: source-family grouping is not verified individual/session independence,True,raw/mosquito/An.Dirus_1F_5D_25C_SmallCylinder_Cut25_16bit.wav
1PWP_gOP6nEiEtyJV6BO2V-eXQMbkt1UA,An.Dirus_1F_5D_25C_SmallCylinder_Cut26_16bit.wav,mosquito,Anopheles dirus,anopheles_dirus,F,1F,5D,25C,SmallCylinder,unmarked,cut26,,,,an.dirus_1f_5d_25c_smallcylinder,inferred_filename_source_family; merges cuts and microphone variants; individual/session identity UNKNOWN,1.068125,8000,1,PCM_16,8545,de60e2b1aa300d8d75258e7b07f5a0bdb61590087f1c892e41f0b657d650c514,48290e3d0cb1094ed1fd91c0c4e8c9d9d59c0d143e1c70d9cb457e805e34d0b8,training,training,HOLD: source-family grouping is not verified individual/session independence,True,raw/mosquito/An.Dirus_1F_5D_25C_SmallCylinder_Cut26_16bit.wav
1E8VvikDbBpe9y_2i0Z4ASyoyr0ErxSTY,An.Dirus_1F_5D_25C_SmallCylinder_Cut27_16bit.wav,mosquito,Anopheles dirus,anopheles_dirus,F,1F,5D,25C,SmallCylinder,unmarked,cut27,,,,an.dirus_1f_5d_25c_smallcylinder,inferred_filename_source_family; merges cuts and microphone variants; individual/session identity UNKNOWN,1.091375,8000,1,PCM_16,8731,659483bd7eb8df49ce8a8ebb1b61f918b7c006267aa076b2a181d2b04a9aa05c,e469d26b867db2cf6495a3a6e676fc01ecf65abac0ea106d39b715c77429c565,training,training,HOLD: source-family grouping is not verified individual/session independence,True,raw/mosquito/An.Dirus_1F_5D_25C_SmallCylinder_Cut27_16bit.wav
16FcRhF_Po15boXKgRokjPRcdJVAbSxS4,An.Dirus_1F_5D_25C_SmallCylinder_Cut28_16bit.wav,mosquito,Anopheles dirus,anopheles_dirus,F,1F,5D,25C,SmallCylinder,unmarked,cut28,,,,an.dirus_1f_5d_25c_smallcylinder,inferred_filename_source_family; merges cuts and microphone variants; individual/session identity UNKNOWN,1.1495,8000,1,PCM_16,9196,06530413e403e54bc27543d3ce608fa6b134bbf68995a2d3452206f6b481357f,9eac57487136bbe58175e55247be7078cb00eaa30b245a94017a39e9162b8dba,training,training,HOLD: source-family grouping is not verified individual/session independence,True,raw/mosquito/An.Dirus_1F_5D_25C_SmallCylinder_Cut28_16bit.wav
1PD-K-hMKnaj0iZAHbEWoAzVy3FqWxpNU,An.Dirus_1F_5D_25C_SmallCylinder_Cut29_16bit.wav,mosquito,Anopheles dirus,anopheles_dirus,F,1F,5D,25C,SmallCylinder,unmarked,cut29,,,,an.dirus_1f_5d_25c_smallcylinder,inferred_filename_source_family; merges cuts and microphone variants; individual/session identity UNKNOWN,0.7895,8000,1,PCM_16,6316,7e4db6d85976094026314758baf385ef6a06b0c148d2ef86f699d5dd82270132,7cb92f0e15bb3369ef395820414da14c352c564987cfaa2251f44cf6736b7f53,training,training,HOLD: source-family grouping is not verified individual/session independence; shorter than original 1-second context; no padding/looping/concatenation authorized,False,raw/mosquito/An.Dirus_1F_5D_25C_SmallCylinder_Cut29_16bit.wav
1-ZxNE4lkI-u8hUtEenK1L2suyev4Q-WS,An.Dirus_1F_5D_25C_SmallCylinder_Cut2_16bit.wav,mosquito,Anopheles dirus,anopheles_dirus,F,1F,5D,25C,SmallCylinder,unmarked,cut2,,,,an.dirus_1f_5d_25c_smallcylinder,inferred_filename_source_family; merges cuts and microphone variants; individual/session identity UNKNOWN,7.384,8000,1,PCM_16,59072,9bc7d66612c9a1c29de9f23f34fb981de895746651cac338afe0e55c77f08994,271acb3ab47f9758d6c4be54eea9abdd3fecf093be5184e796657c624f5b7295,training,training,HOLD: source-family grouping is not verified individual/session independence,True,raw/mosquito/An.Dirus_1F_5D_25C_SmallCylinder_Cut2_16bit.wav
1c6ifDBnvT3Uzk95KGxwR8S0q717E2Zld,An.Dirus_1F_5D_25C_SmallCylinder_Cut30_16bit.wav,mosquito,Anopheles dirus,anopheles_dirus,F,1F,5D,25C,SmallCylinder,unmarked,cut30,,,,an.dirus_1f_5d_25c_smallcylinder,inferred_filename_source_family; merges cuts and microphone variants; individual/session identity UNKNOWN,0.9405,8000,1,PCM_16,7524,c934fd6668e54615ac69a5cebe118720d62aba78fa5675543122d2848ad97869,33e706e24a158fd81dbc1ce2cd2328964830aa6be7990f8ac9503e935b70eebb,training,training,HOLD: source-family grouping is not verified individual/session independence; shorter than original 1-second context; no padding/looping/concatenation authorized,False,raw/mosquito/An.Dirus_1F_5D_25C_SmallCylinder_Cut30_16bit.wav
1y8SMclpfdJsST0EKDIChi43zVbszBy1f,An.Dirus_1F_5D_25C_SmallCylinder_Cut31_16bit.wav,mosquito,Anopheles dirus,anopheles_dirus,F,1F,5D,25C,SmallCylinder,unmarked,cut31,,,,an.dirus_1f_5d_25c_smallcylinder,inferred_filename_source_family; merges cuts and microphone variants; individual/session identity UNKNOWN,0.882375,8000,1,PCM_16,7059,88cee79395bd8cfc43d0fafdaafaf3cc0913db47325d858600b1b86e40c183c3,494f72e7151967838e3845a055130712f136bbc8a3bf227b78e25d5fef0cd4cc,training,training,HOLD: source-family grouping is not verified individual/session independence; shorter than original 1-second context; no padding/looping/concatenation authorized,False,raw/mosquito/An.Dirus_1F_5D_25C_SmallCylinder_Cut31_16bit.wav
14RCelb7Ypix9PeQWYDeu8kOCJf-XrTtC,An.Dirus_1F_5D_25C_SmallCylinder_Cut32_16bit.wav,mosquito,Anopheles dirus,anopheles_dirus,F,1F,5D,25C,SmallCylinder,unmarked,cut32,,,,an.dirus_1f_5d_25c_smallcylinder,inferred_filename_source_family; merges cuts and microphone variants; individual/session identity UNKNOWN,1.788,8000,1,PCM_16,14304,d1a16c5b2515a976556803e6ba1c6e4864cda18322b667d1d33b255c9c4e5730,0b987538d41e2813ec320f85f184c67f9cd26f3335a61b6c366c7bc4bd5d4700,training,training,HOLD: source-family grouping is not verified individual/session independence,True,raw/mosquito/An.Dirus_1F_5D_25C_SmallCylinder_Cut32_16bit.wav
1gA9hAFiDqly5x2sODy7b6_wUeh8ytRuv,An.Dirus_1F_5D_25C_SmallCylinder_Cut33_16bit.wav,mosquito,Anopheles dirus,anopheles_dirus,F,1F,5D,25C,SmallCylinder,unmarked,cut33,,,,an.dirus_1f_5d_25c_smallcylinder,inferred_filename_source_family; merges cuts and microphone variants; individual/session identity UNKNOWN,0.777875,8000,1,PCM_16,6223,f19e80d81975bfe1de474b923552e3aaa26e7e2834dc110a9e7e4f4e4a6b1c9c,56c16d38dce5f2ffe061b9d30280b5f612a9cfe94a15fdf35e5167109f7da186,training,training,HOLD: source-family grouping is not verified individual/session independence; shorter than original 1-second context; no padding/looping/concatenation authorized,False,raw/mosquito/An.Dirus_1F_5D_25C_SmallCylinder_Cut33_16bit.wav
1zIgLYL0b2xWurhOKeGjMDRJO8n-QjN_C,An.Dirus_1F_5D_25C_SmallCylinder_Cut34_16bit.wav,mosquito,Anopheles dirus,anopheles_dirus,F,1F,5D,25C,SmallCylinder,unmarked,cut34,,,,an.dirus_1f_5d_25c_smallcylinder,inferred_filename_source_family; merges cuts and microphone variants; individual/session identity UNKNOWN,4.92275,8000,1,PCM_16,39382,880762b86e42ffa7a7b55cced1e78ea3e97c53ac4cb46df572dc4b5572116321,492a28e67c38df6ff2f8e7291fcf76665b87c8dcd5bddeaa28a3cd9ce703f847,training,training,HOLD: source-family grouping is not verified individual/session independence,True,raw/mosquito/An.Dirus_1F_5D_25C_SmallCylinder_Cut34_16bit.wav
1T1_7hN8SnW37k8mpC2dCrd5XkZElLB0B,An.Dirus_1F_5D_25C_SmallCylinder_Cut35_16bit.wav,mosquito,Anopheles dirus,anopheles_dirus,F,1F,5D,25C,SmallCylinder,unmarked,cut35,,,,an.dirus_1f_5d_25c_smallcylinder,inferred_filename_source_family; merges cuts and microphone variants; individual/session identity UNKNOWN,1.648625,8000,1,PCM_16,13189,2b1ce71cc9ac1e7588714f90ed373b9d65a37f1ce2e4e766666af5ca0f1ff764,7752a3d7a8a797da3aa04710238fbc9d2dad079b0054ccece6172c89d2a9184d,training,training,HOLD: source-family grouping is not verified individual/session independence,True,raw/mosquito/An.Dirus_1F_5D_25C_SmallCylinder_Cut35_16bit.wav
1yzoTlMIy0O0xElKNNvKy4cM0SwLkBzbH,An.Dirus_1F_5D_25C_SmallCylinder_Cut36_16bit.wav,mosquito,Anopheles dirus,anopheles_dirus,F,1F,5D,25C,SmallCylinder,unmarked,cut36,,,,an.dirus_1f_5d_25c_smallcylinder,inferred_filename_source_family; merges cuts and microphone variants; individual/session identity UNKNOWN,1.114625,8000,1,PCM_16,8917,237cd19221ba890c9bfdce11beba7fa9454594c20418c2b451b314c3a2174d92,1fa53677a1db7918f0b0306e42d4e575072b12f6748d4548b0b7517d129b72fe,training,training,HOLD: source-family grouping is not verified individual/session independence,True,raw/mosquito/An.Dirus_1F_5D_25C_SmallCylinder_Cut36_16bit.wav
1I-dWK0OHkL0hxsiuvPTWRIO84JFpwlGT,An.Dirus_1F_5D_25C_SmallCylinder_Cut37_16bit.wav,mosquito,Anopheles dirus,anopheles_dirus,F,1F,5D,25C,SmallCylinder,unmarked,cut37,,,,an.dirus_1f_5d_25c_smallcylinder,inferred_filename_source_family; merges cuts and microphone variants; individual/session identity UNKNOWN,3.517875,8000,1,PCM_16,28143,0498dd3296f2e9393bbc311cb9b7dfe58dbc44cf5b9a5c725b858e102ed4b557,2e84819fda329a2f7304038a5135f8dec0237a71a4e8b709eae1f2dc6fc35c79,training,training,HOLD: source-family grouping is not verified individual/session independence,True,raw/mosquito/An.Dirus_1F_5D_25C_SmallCylinder_Cut37_16bit.wav
1opX4G-dRQUHF5fCVZc0BHT-M5x9gL4j3,An.Dirus_1F_5D_25C_SmallCylinder_Cut38_16bit.wav,mosquito,Anopheles dirus,anopheles_dirus,F,1F,5D,25C,SmallCylinder,unmarked,cut38,,,,an.dirus_1f_5d_25c_smallcylinder,inferred_filename_source_family; merges cuts and microphone variants; individual/session identity UNKNOWN,1.509375,8000,1,PCM_16,12075,686fc52a6bb4385f1a6bd12f3623fd6bcf2d8d35630614e825f65cf3150085d9,eb58152b5387beb839fad44179e910c60c50a34d5a3a81e4f36cec347b6bbb12,training,training,HOLD: source-family grouping is not verified individual/session independence,True,raw/mosquito/An.Dirus_1F_5D_25C_SmallCylinder_Cut38_16bit.wav
1L3CkWQO2Gz3yh5lRBYiZSqaHRIKMB9lk,An.Dirus_1F_5D_25C_SmallCylinder_Cut39_16bit.wav,mosquito,Anopheles dirus,anopheles_dirus,F,1F,5D,25C,SmallCylinder,unmarked,cut39,,,,an.dirus_1f_5d_25c_smallcylinder,inferred_filename_source_family; merges cuts and microphone variants; individual/session identity UNKNOWN,1.880875,8000,1,PCM_16,15047,32cd7db76186d613edca97d1fca3a02b393cb4b8593e18fc0ee4446c526848be,490c53daa04ca742fc398153aff273a9890982fac7b17d58be2f84eec758fcd6,training,training,HOLD: source-family grouping is not verified individual/session independence,True,raw/mosquito/An.Dirus_1F_5D_25C_SmallCylinder_Cut39_16bit.wav
1DGero5zXMG6ZGSPS7_4fdGGzzFP_IPk3,An.Dirus_1F_5D_25C_SmallCylinder_Cut3_16bit.wav,mosquito,Anopheles dirus,anopheles_dirus,F,1F,5D,25C,SmallCylinder,unmarked,cut3,,,,an.dirus_1f_5d_25c_smallcylinder,inferred_filename_source_family; merges cuts and microphone variants; individual/session identity UNKNOWN,0.70825,8000,1,PCM_16,5666,56c0617aae7b2c13c1857072b4904858053d49cdaf36a1e66d39005696ca11b2,edb02f808b65835a7dee61e04b397fb5af127c6c0e7bcbebf2a32abd52d893e0,training,training,HOLD: source-family grouping is not verified individual/session independence; shorter than original 1-second context; no padding/looping/concatenation authorized,False,raw/mosquito/An.Dirus_1F_5D_25C_SmallCylinder_Cut3_16bit.wav
1yF9aADU7NFs_AWEp1-po9MI0anvyASkP,An.Dirus_1F_5D_25C_SmallCylinder_Cut40_16bit.wav,mosquito,Anopheles dirus,anopheles_dirus,F,1F,5D,25C,SmallCylinder,unmarked,cut40,,,,an.dirus_1f_5d_25c_smallcylinder,inferred_filename_source_family; merges cuts and microphone variants; individual/session identity UNKNOWN,0.7895,8000,1,PCM_16,6316,ea79cf0203c6f0334af4e0650e3ace9e183e2224de8ac18c479610f83b7ea309,d1ecac4de22e0ac432031af3f366cf226d0360dd1a0f5b400d0da73104c89fef,training,training,HOLD: source-family grouping is not verified individual/session independence; shorter than original 1-second context; no padding/looping/concatenation authorized,False,raw/mosquito/An.Dirus_1F_5D_25C_SmallCylinder_Cut40_16bit.wav
1yKUdtBcDM0cB7rwKmOcvL0yDxL7pm4Qr,An.Dirus_1F_5D_25C_SmallCylinder_Cut41_16bit.wav,mosquito,Anopheles dirus,anopheles_dirus,F,1F,5D,25C,SmallCylinder,unmarked,cut41,,,,an.dirus_1f_5d_25c_smallcylinder,inferred_filename_source_family; merges cuts and microphone variants; individual/session identity UNKNOWN,0.766375,8000,1,PCM_16,6131,6b2d09678570c26345c7fbcb46b437372bbd00441bd27c82e5ab7ac72aca8326,92c19c8246e264c21eb643136a24fd2e01faeff7991367cdc8615462bea25009,training,training,HOLD: source-family grouping is not verified individual/session independence; shorter than original 1-second context; no padding/looping/concatenation authorized,False,raw/mosquito/An.Dirus_1F_5D_25C_SmallCylinder_Cut41_16bit.wav
1PUb3HpCF8gFRYBYwdCWUkOhrm0NklAvv,An.Dirus_1F_5D_25C_SmallCylinder_Cut42_16bit.wav,mosquito,Anopheles dirus,anopheles_dirus,F,1F,5D,25C,SmallCylinder,unmarked,cut42,,,,an.dirus_1f_5d_25c_smallcylinder,inferred_filename_source_family; merges cuts and microphone variants; individual/session identity UNKNOWN,0.615375,8000,1,PCM_16,4923,9aee9ebd19337d694605482acd19f65f62c54770f95dd68db05ef0bea3a65ca5,05853f861ed55521aa6dc1e92ea8177a1ac4cf3313597c5b352c399e09d23b53,training,training,HOLD: source-family grouping is not verified individual/session independence; shorter than original 1-second context; no padding/looping/concatenation authorized,False,raw/mosquito/An.Dirus_1F_5D_25C_SmallCylinder_Cut42_16bit.wav
11uYZ7R1V4nQLr_oA60jr3L6U3l_J8nsu,An.Dirus_1F_5D_25C_SmallCylinder_Cut43_16bit.wav,mosquito,Anopheles dirus,anopheles_dirus,F,1F,5D,25C,SmallCylinder,unmarked,cut43,,,,an.dirus_1f_5d_25c_smallcylinder,inferred_filename_source_family; merges cuts and microphone variants; individual/session identity UNKNOWN,1.161,8000,1,PCM_16,9288,3cdad9443c49539a0c870b0347a1fee9137cff2ab72d68be7ca2a7d8d35ff195,bd90f0560ffef6d1258ecaed326ae1ae80b02eb001079e8e74b6345c72e59ecb,training,training,HOLD: source-family grouping is not verified individual/session independence,True,raw/mosquito/An.Dirus_1F_5D_25C_SmallCylinder_Cut43_16bit.wav
1DNpQiqjXMaAeP_jIgywnQK3DCAd5XrBV,An.Dirus_1F_5D_25C_SmallCylinder_Cut4_16bit.wav,mosquito,Anopheles dirus,anopheles_dirus,F,1F,5D,25C,SmallCylinder,unmarked,cut4,,,,an.dirus_1f_5d_25c_smallcylinder,inferred_filename_source_family; merges cuts and microphone variants; individual/session identity UNKNOWN,2.60075,8000,1,PCM_16,20806,f3ff524855f5eac9672abd8c8f4058c5aa836ed7a61f44425bb423fe3357af88,ceefc569c574ffb71d5356f0c6c897462b33b5776eeeb5fad95cf0e886fad7f0,training,training,HOLD: source-family grouping is not verified individual/session independence,True,raw/mosquito/An.Dirus_1F_5D_25C_SmallCylinder_Cut4_16bit.wav
1wMGxEhU_y43cn51XqAZv7NNxrOkgzYV5,An.Dirus_1F_5D_25C_SmallCylinder_Cut5_16bit.wav,mosquito,Anopheles dirus,anopheles_dirus,F,1F,5D,25C,SmallCylinder,unmarked,cut5,,,,an.dirus_1f_5d_25c_smallcylinder,inferred_filename_source_family; merges cuts and microphone variants; individual/session identity UNKNOWN,2.61225,8000,1,PCM_16,20898,43308d718425f24690fffb2e93a46edd3ba5090018677dc2bdd58ecc65c59c87,5737269e441b59d37ae36300166ec6802592ef6894f777bf47ed43c0d6ff3311,training,training,HOLD: source-family grouping is not verified individual/session independence,True,raw/mosquito/An.Dirus_1F_5D_25C_SmallCylinder_Cut5_16bit.wav
1_GWXowxSHZenxlH-6DDuJyPIhgItcA_k,An.Dirus_1F_5D_25C_SmallCylinder_Cut6_16bit.wav,mosquito,Anopheles dirus,anopheles_dirus,F,1F,5D,25C,SmallCylinder,unmarked,cut6,,,,an.dirus_1f_5d_25c_smallcylinder,inferred_filename_source_family; merges cuts and microphone variants; individual/session identity UNKNOWN,0.9985,8000,1,PCM_16,7988,78a8f83cf885e34a4a15a0ae9c11cd32baa50fe9ff30907b85fb151f2491d1f8,60e308eb4e3b2c6cab8d736c71cf96c19d80d3181094f20688c53e0a80d89f52,training,training,HOLD: source-family grouping is not verified individual/session independence; shorter than original 1-second context; no padding/looping/concatenation authorized,False,raw/mosquito/An.Dirus_1F_5D_25C_SmallCylinder_Cut6_16bit.wav
12d-MMQtY02OrlXyNi-GVXROri-KKGMWd,An.Dirus_1F_5D_25C_SmallCylinder_Cut7_16bit.wav,mosquito,Anopheles dirus,anopheles_dirus,F,1F,5D,25C,SmallCylinder,unmarked,cut7,,,,an.dirus_1f_5d_25c_smallcylinder,inferred_filename_source_family; merges cuts and microphone variants; individual/session identity UNKNOWN,0.7895,8000,1,PCM_16,6316,7b5e5cb233e85e3a5e7a21298dc55c4dbc42b584024d247f83bb15afc757517f,e1f4e6dc321602bd9e76671df4c3fd45ffc513723018b0f18a903e40e223ec15,training,training,HOLD: source-family grouping is not verified individual/session independence; shorter than original 1-second context; no padding/looping/concatenation authorized,False,raw/mosquito/An.Dirus_1F_5D_25C_SmallCylinder_Cut7_16bit.wav
10it_4WQkT1VNEq6tM-aiaWRIHPmCoIBw,An.Dirus_1F_5D_25C_SmallCylinder_Cut8_16bit.wav,mosquito,Anopheles dirus,anopheles_dirus,F,1F,5D,25C,SmallCylinder,unmarked,cut8,,,,an.dirus_1f_5d_25c_smallcylinder,inferred_filename_source_family; merges cuts and microphone variants; individual/session identity UNKNOWN,1.312,8000,1,PCM_16,10496,a589298a3cf5df94a565cf231975727217b2f216992501aabd4ab51df7791ad7,c40f08b80a64c9c087a0d6370eacec9daa0efa223819cde2695e963a4321a01d,training,training,HOLD: source-family grouping is not verified individual/session independence,True,raw/mosquito/An.Dirus_1F_5D_25C_SmallCylinder_Cut8_16bit.wav
17f4vSjjfUe2jXKNQ0qD3eDE7sL3gqspn,An.Dirus_1F_5D_25C_SmallCylinder_Cut9_16bit.wav,mosquito,Anopheles dirus,anopheles_dirus,F,1F,5D,25C,SmallCylinder,unmarked,cut9,,,,an.dirus_1f_5d_25c_smallcylinder,inferred_filename_source_family; merges cuts and microphone variants; individual/session identity UNKNOWN,3.668875,8000,1,PCM_16,29351,72d8f3f48bd4ef6a0eb4c5fa765f282c2e9447da788b198670ba1c60a5fe52fb,1e11b99137b7bc346819a55799b55b9349ca698876a00bf41300b868284acb5d,training,training,HOLD: source-family grouping is not verified individual/session independence,True,raw/mosquito/An.Dirus_1F_5D_25C_SmallCylinder_Cut9_16bit.wav
1MQhG0uYSiCeFh0kGLA0N5ueC2PYAVGFZ,An.Dirus_1M_14D_25C_SmallCylinder_Cut10_16bit.wav,mosquito,Anopheles dirus,anopheles_dirus,M,1M,14D,25C,SmallCylinder,unmarked,cut10,,,,an.dirus_1m_14d_25c_smallcylinder,inferred_filename_source_family; merges cuts and microphone variants; individual/session identity UNKNOWN,2.252375,8000,1,PCM_16,18019,974d23c1c20f345c68ed7b233a92bb060ddfd11a32e21267b538c0e02b81b332,b64a7ab51d848540bbdb08d2af945689fe5a9983cb76734f51a102cdc3a8397b,training,training,HOLD: source-family grouping is not verified individual/session independence,True,raw/mosquito/An.Dirus_1M_14D_25C_SmallCylinder_Cut10_16bit.wav
1j99G7QwOugv0GRsJxRPC2YTCh0yty8Wx,An.Dirus_1M_14D_25C_SmallCylinder_Cut11_16bit.wav,mosquito,Anopheles dirus,anopheles_dirus,M,1M,14D,25C,SmallCylinder,unmarked,cut11,,,,an.dirus_1m_14d_25c_smallcylinder,inferred_filename_source_family; merges cuts and microphone variants; individual/session identity UNKNOWN,0.452875,8000,1,PCM_16,3623,fc651b8a70bf7c5398fb4e8bfcf5da64f19e68f546e242600b7f82eb8c7d7c96,a27535de5e6f3a712bb6e94b757d627175c96c9636786f86b919008a43085067,training,training,HOLD: source-family grouping is not verified individual/session independence; shorter than original 1-second context; no padding/looping/concatenation authorized,False,raw/mosquito/An.Dirus_1M_14D_25C_SmallCylinder_Cut11_16bit.wav
1OJe7XVfyZ1Jyre2hlY641UfuPRpWLFJA,An.Dirus_1M_14D_25C_SmallCylinder_Cut12_16bit.wav,mosquito,Anopheles dirus,anopheles_dirus,M,1M,14D,25C,SmallCylinder,unmarked,cut12,,,,an.dirus_1m_14d_25c_smallcylinder,inferred_filename_source_family; merges cuts and microphone variants; individual/session identity UNKNOWN,1.637125,8000,1,PCM_16,13097,9eae9d153d3d4954b914deab21ae25a5b5c3d4ff38b1bb46b29f8cd595639c9c,9a774e5ecf2dd8347e82eaad1488ad64c38fe804949c278ec128f11423de344a,training,training,HOLD: source-family grouping is not verified individual/session independence,True,raw/mosquito/An.Dirus_1M_14D_25C_SmallCylinder_Cut12_16bit.wav
1A4Ya6uS3Fw0A3ec1sF3-gEKZ0MRRstYK,An.Dirus_1M_14D_25C_SmallCylinder_Cut13_16bit.wav,mosquito,Anopheles dirus,anopheles_dirus,M,1M,14D,25C,SmallCylinder,unmarked,cut13,,,,an.dirus_1m_14d_25c_smallcylinder,inferred_filename_source_family; merges cuts and microphone variants; individual/session identity UNKNOWN,0.743125,8000,1,PCM_16,5945,4695f9fc1126f4a8796557c7b822d572acc09ce24be1098e6780bfa04a57fd31,459812ffc858b2af36935d65c0f86294f5561f55354c9c41aab632d86f4a73c2,training,training,HOLD: source-family grouping is not verified individual/session independence; shorter than original 1-second context; no padding/looping/concatenation authorized,False,raw/mosquito/An.Dirus_1M_14D_25C_SmallCylinder_Cut13_16bit.wav
1euciWNwBQEK9E5aZjk_a09K_QZRMDZXv,An.Dirus_1M_14D_25C_SmallCylinder_Cut14_16bit.wav,mosquito,Anopheles dirus,anopheles_dirus,M,1M,14D,25C,SmallCylinder,unmarked,cut14,,,,an.dirus_1m_14d_25c_smallcylinder,inferred_filename_source_family; merges cuts and microphone variants; individual/session identity UNKNOWN,1.81125,8000,1,PCM_16,14490,e84cec40eda9b2486dfb9a80c78cc9c56d5471b69069333370b18f4649263edd,12b958252bc7e80d70ddc2b6761d2c18b6177e1bc0bc8eb8ed37ccdef06c5ace,training,training,HOLD: source-family grouping is not verified individual/session independence,True,raw/mosquito/An.Dirus_1M_14D_25C_SmallCylinder_Cut14_16bit.wav
1lj4E-iq79XYnuroYiXhIyusP1CXEngZG,An.Dirus_1M_14D_25C_SmallCylinder_Cut15_16bit.wav,mosquito,Anopheles dirus,anopheles_dirus,M,1M,14D,25C,SmallCylinder,unmarked,cut15,,,,an.dirus_1m_14d_25c_smallcylinder,inferred_filename_source_family; merges cuts and microphone variants; individual/session identity UNKNOWN,0.905625,8000,1,PCM_16,7245,86e6d99abaa051ff238a585cb1313486115001a55fffb5aeea8a6eeea5320bcb,3932d9ce2bfe0232caff8fc626717814c4e60cebc1bb23b0f7175d584459ba1e,training,training,HOLD: source-family grouping is not verified individual/session independence; shorter than original 1-second context; no padding/looping/concatenation authorized,False,raw/mosquito/An.Dirus_1M_14D_25C_SmallCylinder_Cut15_16bit.wav
1JLNdI_YpFRm_IE2iSyEUeBlXj8pxfI3a,An.Dirus_1M_14D_25C_SmallCylinder_Cut16_16bit.wav,mosquito,Anopheles dirus,anopheles_dirus,M,1M,14D,25C,SmallCylinder,unmarked,cut16,,,,an.dirus_1m_14d_25c_smallcylinder,inferred_filename_source_family; merges cuts and microphone variants; individual/session identity UNKNOWN,1.277125,8000,1,PCM_16,10217,0c3d162122d43510e650ff3537e87c0cd758d90938e0b575b9b89282069ab11d,b91b9d23deb0e67aed8bddf21b25787dbbcd5d3f4756539dac734e8a69bf94a3,training,training,HOLD: source-family grouping is not verified individual/session independence,True,raw/mosquito/An.Dirus_1M_14D_25C_SmallCylinder_Cut16_16bit.wav
1B0zm4HVa524IBpXJ871L2Bgw5ctkGlWF,An.Dirus_1M_14D_25C_SmallCylinder_Cut17_16bit.wav,mosquito,Anopheles dirus,anopheles_dirus,M,1M,14D,25C,SmallCylinder,unmarked,cut17,,,,an.dirus_1m_14d_25c_smallcylinder,inferred_filename_source_family; merges cuts and microphone variants; individual/session identity UNKNOWN,1.49775,8000,1,PCM_16,11982,c54d6efe2e0d2451843c4be2ddb1fc7aa4d66fb046a1af36261df78fbaf18f12,207684060c83dcd7cb392908847c609261de5f72b8c7c704b7222a95f30dea9d,training,training,HOLD: source-family grouping is not verified individual/session independence,True,raw/mosquito/An.Dirus_1M_14D_25C_SmallCylinder_Cut17_16bit.wav
1kvGrbPzZ1xwMEwD6ppJYGZxXoEzpSmWo,An.Dirus_1M_14D_25C_SmallCylinder_Cut18_16bit.wav,mosquito,Anopheles dirus,anopheles_dirus,M,1M,14D,25C,SmallCylinder,unmarked,cut18,,,,an.dirus_1m_14d_25c_smallcylinder,inferred_filename_source_family; merges cuts and microphone variants; individual/session identity UNKNOWN,1.056625,8000,1,PCM_16,8453,4ab961d6ccb446b03d1e192fd174ca05451e9d1e89cdcc2b8b8eead05e18a815,8c6fcfc637c1336f4412b488cd6fc8982c12b23cabc2f7d4ceddd6845950ed80,training,training,HOLD: source-family grouping is not verified individual/session independence,True,raw/mosquito/An.Dirus_1M_14D_25C_SmallCylinder_Cut18_16bit.wav
1LaOSIOc2dSLAZsY-NJ7tHQiCcRRrekz6,An.Dirus_1M_14D_25C_SmallCylinder_Cut19_16bit.wav,mosquito,Anopheles dirus,anopheles_dirus,M,1M,14D,25C,SmallCylinder,unmarked,cut19,,,,an.dirus_1m_14d_25c_smallcylinder,inferred_filename_source_family; merges cuts and microphone variants; individual/session identity UNKNOWN,0.836,8000,1,PCM_16,6688,33169819f2896d0dfec37fd8376f53baa2cb1739a9731c76b779fd294869f705,b17a36555ecbe39843d15a5647d2893d96b088d6d45f1409b47edf69ddf12e41,training,training,HOLD: source-family grouping is not verified individual/session independence; shorter than original 1-second context; no padding/looping/concatenation authorized,False,raw/mosquito/An.Dirus_1M_14D_25C_SmallCylinder_Cut19_16bit.wav
141wW7vAYIJqBWcruJfHGlHNzvB0Q6Cz_,An.Dirus_1M_14D_25C_SmallCylinder_Cut1_16bit.wav,mosquito,Anopheles dirus,anopheles_dirus,M,1M,14D,25C,SmallCylinder,unmarked,cut1,,,,an.dirus_1m_14d_25c_smallcylinder,inferred_filename_source_family; merges cuts and microphone variants; individual/session identity UNKNOWN,1.695125,8000,1,PCM_16,13561,cb5dd384a4a8c82d30886e7b50ecd36ebe3678729a27d7cb9e28659aa0e3637e,fee9c64b508f52d75aef03ffa8df62481b43936e1994639732d681a5d35ca890,training,training,HOLD: source-family grouping is not verified individual/session independence,True,raw/mosquito/An.Dirus_1M_14D_25C_SmallCylinder_Cut1_16bit.wav
1BIzmL9HdticmEAHTSC3cNcpK1NLZHW37,An.Dirus_1M_14D_25C_SmallCylinder_Cut20_16bit.wav,mosquito,Anopheles dirus,anopheles_dirus,M,1M,14D,25C,SmallCylinder,unmarked,cut20,,,,an.dirus_1m_14d_25c_smallcylinder,inferred_filename_source_family; merges cuts and microphone variants; individual/session identity UNKNOWN,1.195875,8000,1,PCM_16,9567,074ac11dfb6575e4a1a7692015e5242b18c84a80f8256a887107f394275763a3,1cc4958aa6842cba00c47bb5940675a0482151da0e4a59d437ffa1c99aa92465,training,training,HOLD: source-family grouping is not verified individual/session independence,True,raw/mosquito/An.Dirus_1M_14D_25C_SmallCylinder_Cut20_16bit.wav
1oTFhCsQKx65yT_a4xL-uPZPy7OfRxA4D,An.Dirus_1M_14D_25C_SmallCylinder_Cut21_16bit.wav,mosquito,Anopheles dirus,anopheles_dirus,M,1M,14D,25C,SmallCylinder,unmarked,cut21,,,,an.dirus_1m_14d_25c_smallcylinder,inferred_filename_source_family; merges cuts and microphone variants; individual/session identity UNKNOWN,1.904125,8000,1,PCM_16,15233,aa0a09249ced75b5c5443b1d8279e600e51cb2fca2696345aa7e55c7caae9f3d,d8e0e0abc734508d6f13168d8d5929c1a7b613e75bb6996fd71b629dc1f045df,training,training,HOLD: source-family grouping is not verified individual/session independence,True,raw/mosquito/An.Dirus_1M_14D_25C_SmallCylinder_Cut21_16bit.wav
1GwxC9Vr5wzd7JQnJWFVp19uOO6mg-4Uo,An.Dirus_1M_14D_25C_SmallCylinder_Cut22_16bit.wav,mosquito,Anopheles dirus,anopheles_dirus,M,1M,14D,25C,SmallCylinder,unmarked,cut22,,,,an.dirus_1m_14d_25c_smallcylinder,inferred_filename_source_family; merges cuts and microphone variants; individual/session identity UNKNOWN,0.766375,8000,1,PCM_16,6131,2294cafa61740656214828a967e751442d2f13e3c85f3ddbb5c624715acb8d12,8ddd21f0a1f94855b99ac797f64ad744c613ef09770fed6f826d0e3c187b03b2,training,training,HOLD: source-family grouping is not verified individual/session independence; shorter than original 1-second context; no padding/looping/concatenation authorized,False,raw/mosquito/An.Dirus_1M_14D_25C_SmallCylinder_Cut22_16bit.wav
1TwaaHwucTzFDwJHsNRv6Ce-IbZomQWBZ,An.Dirus_1M_14D_25C_SmallCylinder_Cut23_16bit.wav,mosquito,Anopheles dirus,anopheles_dirus,M,1M,14D,25C,SmallCylinder,unmarked,cut23,,,,an.dirus_1m_14d_25c_smallcylinder,inferred_filename_source_family; merges cuts and microphone variants; individual/session identity UNKNOWN,0.743125,8000,1,PCM_16,5945,077720d6c217abd75a9fc9ee1c8cf9ebe3f2cfca3770e83d1c8d0df11b1267fd,e160d1ebe01e3769a87d754f0275d7125f37516488eb910444b016632cd540b4,training,training,HOLD: source-family grouping is not verified individual/session independence; shorter than original 1-second context; no padding/looping/concatenation authorized,False,raw/mosquito/An.Dirus_1M_14D_25C_SmallCylinder_Cut23_16bit.wav
1IiewiU8SQblCEcYshGf9X_vjFGPfU2hQ,An.Dirus_1M_14D_25C_SmallCylinder_Cut24_16bit.wav,mosquito,Anopheles dirus,anopheles_dirus,M,1M,14D,25C,SmallCylinder,unmarked,cut24,,,,an.dirus_1m_14d_25c_smallcylinder,inferred_filename_source_family; merges cuts and microphone variants; individual/session identity UNKNOWN,0.75475,8000,1,PCM_16,6038,380e655d1fceb46e5168d3e8ec457e4614bd267187563aa8def882c06049b6a6,173af8cc0f80a85104083187c0040a9f00a3236adf2c28cbd6874cc2b23be253,training,training,HOLD: source-family grouping is not verified individual/session independence; shorter than original 1-second context; no padding/looping/concatenation authorized,False,raw/mosquito/An.Dirus_1M_14D_25C_SmallCylinder_Cut24_16bit.wav
101D2OpaR34BDDLiHxdU0_NmrRY2LFcGz,An.Dirus_1M_14D_25C_SmallCylinder_Cut25_16bit.wav,mosquito,Anopheles dirus,anopheles_dirus,M,1M,14D,25C,SmallCylinder,unmarked,cut25,,,,an.dirus_1m_14d_25c_smallcylinder,inferred_filename_source_family; merges cuts and microphone variants; individual/session identity UNKNOWN,0.847625,8000,1,PCM_16,6781,4fd9ace1b1009e2c5c7f115306c22e00937274d695a6ca23f322fb88764dac5e,e7599fdc199bee8bda99f6d2064b50e39ebd4a783ae7af4ca8ebde35f9a5715d,training,training,HOLD: source-family grouping is not verified individual/session independence; shorter than original 1-second context; no padding/looping/concatenation authorized,False,raw/mosquito/An.Dirus_1M_14D_25C_SmallCylinder_Cut25_16bit.wav
1iWbNWrk8akkj9-lJoW7BEUj5FJ5sFSNZ,An.Dirus_1M_14D_25C_SmallCylinder_Cut26_16bit.wav,mosquito,Anopheles dirus,anopheles_dirus,M,1M,14D,25C,SmallCylinder,unmarked,cut26,,,,an.dirus_1m_14d_25c_smallcylinder,inferred_filename_source_family; merges cuts and microphone variants; individual/session identity UNKNOWN,0.743125,8000,1,PCM_16,5945,aacff51a3794397df0e9ad96bb2d93f455543309866dc5da7b3e642835026ad8,040ce2160c08124165a09fbc88585d9de87b4c0adabe5a85869f9f53be559032,training,training,HOLD: source-family grouping is not verified individual/session independence; shorter than original 1-second context; no padding/looping/concatenation authorized,False,raw/mosquito/An.Dirus_1M_14D_25C_SmallCylinder_Cut26_16bit.wav
14EiooxQiJwAOD5Yn9oQz3PWex_f1_tGl,An.Dirus_1M_14D_25C_SmallCylinder_Cut27_16bit.wav,mosquito,Anopheles dirus,anopheles_dirus,M,1M,14D,25C,SmallCylinder,unmarked,cut27,,,,an.dirus_1m_14d_25c_smallcylinder,inferred_filename_source_family; merges cuts and microphone variants; individual/session identity UNKNOWN,1.033375,8000,1,PCM_16,8267,d54a56c609b118064f03dbd88cead937c6db90dcd044813833ecbc3cc06614ae,dfb8ccd223ab0e6efc9ae18ff0f06a43a75026d2c784523c0d6d28bcb8a57ce5,training,training,HOLD: source-family grouping is not verified individual/session independence,True,raw/mosquito/An.Dirus_1M_14D_25C_SmallCylinder_Cut27_16bit.wav
1JZNa2hxiwhIeB73GV24nI60kW_yVuldL,An.Dirus_1M_14D_25C_SmallCylinder_Cut28_16bit.wav,mosquito,Anopheles dirus,anopheles_dirus,M,1M,14D,25C,SmallCylinder,unmarked,cut28,,,,an.dirus_1m_14d_25c_smallcylinder,inferred_filename_source_family; merges cuts and microphone variants; individual/session identity UNKNOWN,0.452875,8000,1,PCM_16,3623,690f32901df7863b2f4a7b5ffaf9ee9696e9c9fa80270b9b2a76d07ec54b77ac,f89313e658c479483e6ccf1605b35bef1698414d564e9e2dbc3f7344e4498f98,training,training,HOLD: source-family grouping is not verified individual/session independence; shorter than original 1-second context; no padding/looping/concatenation authorized,False,raw/mosquito/An.Dirus_1M_14D_25C_SmallCylinder_Cut28_16bit.wav
1Xwbir_kOGMwqPYoQS7g4C780WeJFWro0,An.Dirus_1M_14D_25C_SmallCylinder_Cut29_16bit.wav,mosquito,Anopheles dirus,anopheles_dirus,M,1M,14D,25C,SmallCylinder,unmarked,cut29,,,,an.dirus_1m_14d_25c_smallcylinder,inferred_filename_source_family; merges cuts and microphone variants; individual/session identity UNKNOWN,1.1495,8000,1,PCM_16,9196,ba7b59d065030d6f45d6d7304c1b955db0ca1bfdba529d325bf9beda23a970a1,0cf77aafd25f422c992b4e4adcf07576e9156376933aa54dde99b62583b3ddb3,training,training,HOLD: source-family grouping is not verified individual/session independence,True,raw/mosquito/An.Dirus_1M_14D_25C_SmallCylinder_Cut29_16bit.wav
1tQud07ZRu62LGbSJwwTqsqSjkhGPWHtk,An.Dirus_1M_14D_25C_SmallCylinder_Cut2_16bit.wav,mosquito,Anopheles dirus,anopheles_dirus,M,1M,14D,25C,SmallCylinder,unmarked,cut2,,,,an.dirus_1m_14d_25c_smallcylinder,inferred_filename_source_family; merges cuts and microphone variants; individual/session identity UNKNOWN,1.23075,8000,1,PCM_16,9846,34c5b0134f70ca98566f1c1399105d04285fb0158e9c3bbbad6a69aa0ca8c0c3,16ace25d4394d18e7886cd3ad8c8cf6136aadc1bde0acf75c821f4a6ba9fb4ab,training,training,HOLD: source-family grouping is not verified individual/session independence,True,raw/mosquito/An.Dirus_1M_14D_25C_SmallCylinder_Cut2_16bit.wav
1RLeTH3F2eBhH-9R0Ht5wdQQ31t7Q2by4,An.Dirus_1M_14D_25C_SmallCylinder_Cut30_16bit.wav,mosquito,Anopheles dirus,anopheles_dirus,M,1M,14D,25C,SmallCylinder,unmarked,cut30,,,,an.dirus_1m_14d_25c_smallcylinder,inferred_filename_source_family; merges cuts and microphone variants; individual/session identity UNKNOWN,0.696625,8000,1,PCM_16,5573,8f65579818203a3822aa6aefb178a302f678ce1197246440513b77d382663dae,0b5a6aa7658f747080e01ec98d853cacfa74e81b4ea34dbb372c4f84eb7c0df8,training,training,HOLD: source-family grouping is not verified individual/session independence; shorter than original 1-second context; no padding/looping/concatenation authorized,False,raw/mosquito/An.Dirus_1M_14D_25C_SmallCylinder_Cut30_16bit.wav
19JDqpRSBUXX8XRuEgd35Giym1MBy2eXn,An.Dirus_1M_14D_25C_SmallCylinder_Cut31_16bit.wav,mosquito,Anopheles dirus,anopheles_dirus,M,1M,14D,25C,SmallCylinder,unmarked,cut31,,,,an.dirus_1m_14d_25c_smallcylinder,inferred_filename_source_family; merges cuts and microphone variants; individual/session identity UNKNOWN,1.091375,8000,1,PCM_16,8731,3bc034fe14b5a53387516d9ea3d74ea3d53ac171d72c266a3a25e6f624f28cc1,ad2c554611344b331f7e54577e471f9cde13c08aafb9410cf14d5469861ea305,training,training,HOLD: source-family grouping is not verified individual/session independence,True,raw/mosquito/An.Dirus_1M_14D_25C_SmallCylinder_Cut31_16bit.wav
19g-gW3tDVPl4Ez2KjYvwKpmh2Mkxzq7T,An.Dirus_1M_14D_25C_SmallCylinder_Cut32_16bit.wav,mosquito,Anopheles dirus,anopheles_dirus,M,1M,14D,25C,SmallCylinder,unmarked,cut32,,,,an.dirus_1m_14d_25c_smallcylinder,inferred_filename_source_family; merges cuts and microphone variants; individual/session identity UNKNOWN,0.9405,8000,1,PCM_16,7524,4aa67cb95e16573080369401a421b78baee018d2b189cb71d9d44e120ed5391d,7821deb92d18e80cd4b35361da1a68dc88d4263def01795c434f9de927e41dee,training,training,HOLD: source-family grouping is not verified individual/session independence; shorter than original 1-second context; no padding/looping/concatenation authorized,False,raw/mosquito/An.Dirus_1M_14D_25C_SmallCylinder_Cut32_16bit.wav
1T4NhQ8FQIIsKPkZfAJkx0solcU7aH09j,An.Dirus_1M_14D_25C_SmallCylinder_Cut33_16bit.wav,mosquito,Anopheles dirus,anopheles_dirus,M,1M,14D,25C,SmallCylinder,unmarked,cut33,,,,an.dirus_1m_14d_25c_smallcylinder,inferred_filename_source_family; merges cuts and microphone variants; individual/session identity UNKNOWN,0.928875,8000,1,PCM_16,7431,2eb32c493900218847773c997e8577a7511224a1d59b65c68f27b57064b6de60,981fbbdcf2358320602b8b8ce1884b0c44e594cc6c321ede8ed3f1058d9390c4,training,training,HOLD: source-family grouping is not verified individual/session independence; shorter than original 1-second context; no padding/looping/concatenation authorized,False,raw/mosquito/An.Dirus_1M_14D_25C_SmallCylinder_Cut33_16bit.wav
1IYrwizSM19SVvQyxcIlM5RvCR9D1cn-z,An.Dirus_1M_14D_25C_SmallCylinder_Cut34_16bit.wav,mosquito,Anopheles dirus,anopheles_dirus,M,1M,14D,25C,SmallCylinder,unmarked,cut34,,,,an.dirus_1m_14d_25c_smallcylinder,inferred_filename_source_family; merges cuts and microphone variants; individual/session identity UNKNOWN,0.91725,8000,1,PCM_16,7338,b82a152f5a3dcfd4eadc09740afe5d59296257710f5c56e13230d316e284498e,a0ca7e658f33463a9a24ae9bcb9952e3f350aec6c61fb53150b55e3573f526ad,training,training,HOLD: source-family grouping is not verified individual/session independence; shorter than original 1-second context; no padding/looping/concatenation authorized,False,raw/mosquito/An.Dirus_1M_14D_25C_SmallCylinder_Cut34_16bit.wav
1UvicxPfLpnnz2v9gOoYqIwJO5KDdXP7X,An.Dirus_1M_14D_25C_SmallCylinder_Cut35_16bit.wav,mosquito,Anopheles dirus,anopheles_dirus,M,1M,14D,25C,SmallCylinder,unmarked,cut35,,,,an.dirus_1m_14d_25c_smallcylinder,inferred_filename_source_family; merges cuts and microphone variants; individual/session identity UNKNOWN,0.70825,8000,1,PCM_16,5666,f402bfa2935d8937a716dfb05e9fdc0046da7efa4c1dcd37fe8bace347d24a95,25bb25e036025f70f7c9769471b12673f3ce8135c1551b61db4ad5c0a11ea275,training,training,HOLD: source-family grouping is not verified individual/session independence; shorter than original 1-second context; no padding/looping/concatenation authorized,False,raw/mosquito/An.Dirus_1M_14D_25C_SmallCylinder_Cut35_16bit.wav
1kWNABTZ9GqUbh6oRKo-3Qm42_Vn0omFN,An.Dirus_1M_14D_25C_SmallCylinder_Cut36_16bit.wav,mosquito,Anopheles dirus,anopheles_dirus,M,1M,14D,25C,SmallCylinder,unmarked,cut36,,,,an.dirus_1m_14d_25c_smallcylinder,inferred_filename_source_family; merges cuts and microphone variants; individual/session identity UNKNOWN,0.476125,8000,1,PCM_16,3809,477779532e11bf318f36c1f1af56cccc3c2af220e4a4b0b791c24620b7f56c1a,ecac70e92202443c5107bc7020b43f13cad497e1c59fa05c8fe98f6b152b0599,training,training,HOLD: source-family grouping is not verified individual/session independence; shorter than original 1-second context; no padding/looping/concatenation authorized,False,raw/mosquito/An.Dirus_1M_14D_25C_SmallCylinder_Cut36_16bit.wav
12nZF-8mf3uAO2IlZ9KRsAjUiaP2Nmf_a,An.Dirus_1M_14D_25C_SmallCylinder_Cut37_16bit.wav,mosquito,Anopheles dirus,anopheles_dirus,M,1M,14D,25C,SmallCylinder,unmarked,cut37,,,,an.dirus_1m_14d_25c_smallcylinder,inferred_filename_source_family; merges cuts and microphone variants; individual/session identity UNKNOWN,0.487625,8000,1,PCM_16,3901,de7a097cc94fcd2490233bbb9e48434c67cfe3f5d31df9aacde1281f97facdce,45749b0a79ace1d8a324d3919639065e9f37b09e12404aa446d406e9d1b1ffeb,training,training,HOLD: source-family grouping is not verified individual/session independence; shorter than original 1-second context; no padding/looping/concatenation authorized,False,raw/mosquito/An.Dirus_1M_14D_25C_SmallCylinder_Cut37_16bit.wav
1AYug_3uKp7LMUwnbP0i_kFDQJJkYwOni,An.Dirus_1M_14D_25C_SmallCylinder_Cut38_16bit.wav,mosquito,Anopheles dirus,anopheles_dirus,M,1M,14D,25C,SmallCylinder,unmarked,cut38,,,,an.dirus_1m_14d_25c_smallcylinder,inferred_filename_source_family; merges cuts and microphone variants; individual/session identity UNKNOWN,0.406375,8000,1,PCM_16,3251,236cdaeaf8457563af5fbff4b730e75bfc14a770223132ce1ef5eb3a610b7e2b,26a24700855fc10dd4926fe5a496dadd70381ee6ab3c4d55519122df66ed2567,training,training,HOLD: source-family grouping is not verified individual/session independence; shorter than original 1-second context; no padding/looping/concatenation authorized,False,raw/mosquito/An.Dirus_1M_14D_25C_SmallCylinder_Cut38_16bit.wav
15DzDLDAYLdyXvu6avEOweT20SHFBIsuA,An.Dirus_1M_14D_25C_SmallCylinder_Cut39_16bit.wav,mosquito,Anopheles dirus,anopheles_dirus,M,1M,14D,25C,SmallCylinder,unmarked,cut39,,,,an.dirus_1m_14d_25c_smallcylinder,inferred_filename_source_family; merges cuts and microphone variants; individual/session identity UNKNOWN,0.569,8000,1,PCM_16,4552,b8d0527bb322b1d4d93f331590a5075d161d09e23a35e0277bb9cadb3b9c6a63,f7ec5857349eca581becbab1feba56784f6593dd8ce71683dbc31862aae54666,training,training,HOLD: source-family grouping is not verified individual/session independence; shorter than original 1-second context; no padding/looping/concatenation authorized,False,raw/mosquito/An.Dirus_1M_14D_25C_SmallCylinder_Cut39_16bit.wav
1AH_z6PSHf_G1TPpAMdC25itDz-cKI3Xr,An.Dirus_1M_14D_25C_SmallCylinder_Cut3_16bit.wav,mosquito,Anopheles dirus,anopheles_dirus,M,1M,14D,25C,SmallCylinder,unmarked,cut3,,,,an.dirus_1m_14d_25c_smallcylinder,inferred_filename_source_family; merges cuts and microphone variants; individual/session identity UNKNOWN,1.60225,8000,1,PCM_16,12818,304775ac81007302db6a44f6d5d506dfa5eb1e6e720ff186498371a9fbd0cbaa,9a8c3db45371e4c9dbd329c88d07f309851b23d63919c1cb13d2b555dc92f259,training,training,HOLD: source-family grouping is not verified individual/session independence,True,raw/mosquito/An.Dirus_1M_14D_25C_SmallCylinder_Cut3_16bit.wav
1sgsdtmGz3gWdPmms54PxZOQBmTzK9loM,An.Dirus_1M_14D_25C_SmallCylinder_Cut40_16bit.wav,mosquito,Anopheles dirus,anopheles_dirus,M,1M,14D,25C,SmallCylinder,unmarked,cut40,,,,an.dirus_1m_14d_25c_smallcylinder,inferred_filename_source_family; merges cuts and microphone variants; individual/session identity UNKNOWN,0.75475,8000,1,PCM_16,6038,ba4cc11bed088562613a9a5267acd1bc953a2404a98f02401e29875d16d3852e,d93d9de5f14fc89b80c0b7ca100b7c3209da220ff56f7cad780e26c5c5cd7472,training,training,HOLD: source-family grouping is not verified individual/session independence; shorter than original 1-second context; no padding/looping/concatenation authorized,False,raw/mosquito/An.Dirus_1M_14D_25C_SmallCylinder_Cut40_16bit.wav
1x4GtGkucF_JQ8aBs7EJeAAAx7uaN_qE9,An.Dirus_1M_14D_25C_SmallCylinder_Cut41_16bit.wav,mosquito,Anopheles dirus,anopheles_dirus,M,1M,14D,25C,SmallCylinder,unmarked,cut41,,,,an.dirus_1m_14d_25c_smallcylinder,inferred_filename_source_family; merges cuts and microphone variants; individual/session identity UNKNOWN,0.54575,8000,1,PCM_16,4366,6f26634efdfc076b33bc8021afb64948b05c5622546971f5846a1ce79cf27ebd,0617d3eb1f5fe2ca5f2148df19740b30fa1c42602e57f0a1c07c05162f50d411,training,training,HOLD: source-family grouping is not verified individual/session independence; shorter than original 1-second context; no padding/looping/concatenation authorized,False,raw/mosquito/An.Dirus_1M_14D_25C_SmallCylinder_Cut41_16bit.wav
10_mo0NWL95GAmvCHhYltTuSvvtXgKDEl,An.Dirus_1M_14D_25C_SmallCylinder_Cut42_16bit.wav,mosquito,Anopheles dirus,anopheles_dirus,M,1M,14D,25C,SmallCylinder,unmarked,cut42,,,,an.dirus_1m_14d_25c_smallcylinder,inferred_filename_source_family; merges cuts and microphone variants; individual/session identity UNKNOWN,0.743125,8000,1,PCM_16,5945,e7ae9c298da44bbac4006c0d7bd13bb7aa10b9f162365e35e8bdd15954c0ee4c,d2743b6909af38efceb405dc7a116e92cd544da7238d8238b1df0cddde0f7931,training,training,HOLD: source-family grouping is not verified individual/session independence; shorter than original 1-second context; no padding/looping/concatenation authorized,False,raw/mosquito/An.Dirus_1M_14D_25C_SmallCylinder_Cut42_16bit.wav
1NuRZ1VFsAS_PQ8FkU0hn3sX3HNwwXxnn,An.Dirus_1M_14D_25C_SmallCylinder_Cut43_16bit.wav,mosquito,Anopheles dirus,anopheles_dirus,M,1M,14D,25C,SmallCylinder,unmarked,cut43,,,,an.dirus_1m_14d_25c_smallcylinder,inferred_filename_source_family; merges cuts and microphone variants; individual/session identity UNKNOWN,0.557375,8000,1,PCM_16,4459,f3faf23d0ebf7d08316c3e947eee51909bea36fd1fa94af9200bcde6d884ad46,b9c2cfe66067227d2f8ad29635de55ad2e208d8ba233335d2193b76bf464e203,training,training,HOLD: source-family grouping is not verified individual/session independence; shorter than original 1-second context; no padding/looping/concatenation authorized,False,raw/mosquito/An.Dirus_1M_14D_25C_SmallCylinder_Cut43_16bit.wav
1w5-9GIbjZQ63nsRB7CduITOEe6Ppz3ZU,An.Dirus_1M_14D_25C_SmallCylinder_Cut44_16bit.wav,mosquito,Anopheles dirus,anopheles_dirus,M,1M,14D,25C,SmallCylinder,unmarked,cut44,,,,an.dirus_1m_14d_25c_smallcylinder,inferred_filename_source_family; merges cuts and microphone variants; individual/session identity UNKNOWN,0.96375,8000,1,PCM_16,7710,c5933e9b0d35f971b0635d30e05b5077c351fc2a585bb618249eaabbee66983f,ae1c7dcd9ddcfaa4d26f9210f173c107c61f34cc888d6d7b7f116c8140fd61ba,training,training,HOLD: source-family grouping is not verified individual/session independence; shorter than original 1-second context; no padding/looping/concatenation authorized,False,raw/mosquito/An.Dirus_1M_14D_25C_SmallCylinder_Cut44_16bit.wav
19vpzRtoKTZ0n9KgydnZE5auMq2u9RhY1,An.Dirus_1M_14D_25C_SmallCylinder_Cut45_16bit.wav,mosquito,Anopheles dirus,anopheles_dirus,M,1M,14D,25C,SmallCylinder,unmarked,cut45,,,,an.dirus_1m_14d_25c_smallcylinder,inferred_filename_source_family; merges cuts and microphone variants; individual/session identity UNKNOWN,1.579,8000,1,PCM_16,12632,ad1a477ff482af2055310e74ebb5046e61ce01b9a41087d0397dbdd9ac639ede,46c1feac5a0f386f692ecfa1d9e03cec303217d34e476563e1596a68ad7a4714,training,training,HOLD: source-family grouping is not verified individual/session independence,True,raw/mosquito/An.Dirus_1M_14D_25C_SmallCylinder_Cut45_16bit.wav
1Vr0WxhjzUHjKUJWbW_BMTZd8KCeb0GLw,An.Dirus_1M_14D_25C_SmallCylinder_Cut46_16bit.wav,mosquito,Anopheles dirus,anopheles_dirus,M,1M,14D,25C,SmallCylinder,unmarked,cut46,,,,an.dirus_1m_14d_25c_smallcylinder,inferred_filename_source_family; merges cuts and microphone variants; individual/session identity UNKNOWN,0.638625,8000,1,PCM_16,5109,e7249e9cc8806e2e8d328d2565d28072328cbadf34b4b4fd2fb986635b0d7b12,1d2521b9c168de21cb9ad6869185284be1df0c306d397dca843367c9de3693ba,training,training,HOLD: source-family grouping is not verified individual/session independence; shorter than original 1-second context; no padding/looping/concatenation authorized,False,raw/mosquito/An.Dirus_1M_14D_25C_SmallCylinder_Cut46_16bit.wav
110QCE_Q961Pf-u00nIKvDrzFjfAFNO8S,An.Dirus_1M_14D_25C_SmallCylinder_Cut47_16bit.wav,mosquito,Anopheles dirus,anopheles_dirus,M,1M,14D,25C,SmallCylinder,unmarked,cut47,,,,an.dirus_1m_14d_25c_smallcylinder,inferred_filename_source_family; merges cuts and microphone variants; individual/session identity UNKNOWN,0.557375,8000,1,PCM_16,4459,7b8cf75ab76685648c6c12cc1c3ec96bba840072254241dbbdff082388f8bd9b,bfceb142c7383f22f4f18ff21ff43f5c29d035dce206f4de4604970c68337d4e,training,training,HOLD: source-family grouping is not verified individual/session independence; shorter than original 1-second context; no padding/looping/concatenation authorized,False,raw/mosquito/An.Dirus_1M_14D_25C_SmallCylinder_Cut47_16bit.wav
1otBd4eZ7nX2-h_PwCBrGrn2nQ5PCqOan,An.Dirus_1M_14D_25C_SmallCylinder_Cut48_16bit.wav,mosquito,Anopheles dirus,anopheles_dirus,M,1M,14D,25C,SmallCylinder,unmarked,cut48,,,,an.dirus_1m_14d_25c_smallcylinder,inferred_filename_source_family; merges cuts and microphone variants; individual/session identity UNKNOWN,0.70825,8000,1,PCM_16,5666,676a39fd02ac302f49f75104c5e2492db9603abd2ac46e18e4c91594bbf1acb9,13c6c17ab7c61cd2a2f4fc07ad0a2e3cfccd543a536b0ef9dc43afdad53ac01c,training,training,HOLD: source-family grouping is not verified individual/session independence; shorter than original 1-second context; no padding/looping/concatenation authorized,False,raw/mosquito/An.Dirus_1M_14D_25C_SmallCylinder_Cut48_16bit.wav
1i74U9CohZjMD6NH6k3c9NLwkx9g0M9vl,An.Dirus_1M_14D_25C_SmallCylinder_Cut49_16bit.wav,mosquito,Anopheles dirus,anopheles_dirus,M,1M,14D,25C,SmallCylinder,unmarked,cut49,,,,an.dirus_1m_14d_25c_smallcylinder,inferred_filename_source_family; merges cuts and microphone variants; individual/session identity UNKNOWN,0.5805,8000,1,PCM_16,4644,99ee0b875b80be017acb8b14b23eca39fd6298472051641d833a6216953ee314,241a582b9d3b32eeca38b0a9b582ca5e1de0ac4db0b109aec6c69c77eaac06cc,training,training,HOLD: source-family grouping is not verified individual/session independence; shorter than original 1-second context; no padding/looping/concatenation authorized,False,raw/mosquito/An.Dirus_1M_14D_25C_SmallCylinder_Cut49_16bit.wav
1GLfl49H0DSQ3Ru47J8K-q9OT4nbWhq_-,An.Dirus_1M_14D_25C_SmallCylinder_Cut4_16bit.wav,mosquito,Anopheles dirus,anopheles_dirus,M,1M,14D,25C,SmallCylinder,unmarked,cut4,,,,an.dirus_1m_14d_25c_smallcylinder,inferred_filename_source_family; merges cuts and microphone variants; individual/session identity UNKNOWN,1.509375,8000,1,PCM_16,12075,efcb98ba16e01b36bc72faf194da7d58b720af5ba48734161b3faf195900ef0a,cdbba1fe82d6159dde27ff02c7122be8e4b7f39a6f7e93f1f4f30f58c1eafb3b,training,training,HOLD: source-family grouping is not verified individual/session independence,True,raw/mosquito/An.Dirus_1M_14D_25C_SmallCylinder_Cut4_16bit.wav
1tCdBkjG0AxPrhmIpYaf9EbbEWLoRiKV-,An.Dirus_1M_14D_25C_SmallCylinder_Cut50_16bit.wav,mosquito,Anopheles dirus,anopheles_dirus,M,1M,14D,25C,SmallCylinder,unmarked,cut50,,,,an.dirus_1m_14d_25c_smallcylinder,inferred_filename_source_family; merges cuts and microphone variants; individual/session identity UNKNOWN,0.719875,8000,1,PCM_16,5759,17821abc4710af0d08ddc9016e9b75a3c404fff6f3cb4fc853b2d4bb869fff97,4668a1c1e8ac5caa277c4479db2dc03782e81107ac0fc5382e97aff4e30ea843,training,training,HOLD: source-family grouping is not verified individual/session independence; shorter than original 1-second context; no padding/looping/concatenation authorized,False,raw/mosquito/An.Dirus_1M_14D_25C_SmallCylinder_Cut50_16bit.wav
1bRmpMGbaNyhR86j4YSEWLvQgXe82f616,An.Dirus_1M_14D_25C_SmallCylinder_Cut51_16bit.wav,mosquito,Anopheles dirus,anopheles_dirus,M,1M,14D,25C,SmallCylinder,unmarked,cut51,,,,an.dirus_1m_14d_25c_smallcylinder,inferred_filename_source_family; merges cuts and microphone variants; individual/session identity UNKNOWN,0.97525,8000,1,PCM_16,7802,93fa30f242da710f356aad99ac015f6c23395b40aff33b183a307fd151be4856,34a39c329566a8430090c4eda42c50ba6bf876dc417a8e1f23fa90d33864bd73,training,training,HOLD: source-family grouping is not verified individual/session independence; shorter than original 1-second context; no padding/looping/concatenation authorized,False,raw/mosquito/An.Dirus_1M_14D_25C_SmallCylinder_Cut51_16bit.wav
1Ilt7VFYrY37UCEazJQ_9Ka-GVp4GEA43,An.Dirus_1M_14D_25C_SmallCylinder_Cut52_16bit.wav,mosquito,Anopheles dirus,anopheles_dirus,M,1M,14D,25C,SmallCylinder,unmarked,cut52,,,,an.dirus_1m_14d_25c_smallcylinder,inferred_filename_source_family; merges cuts and microphone variants; individual/session identity UNKNOWN,0.81275,8000,1,PCM_16,6502,e2135921d657a240bdac715a14c97a7014cc6e1d4b4c2441d4e4215a7cb02790,1ad92ba00da6d3c9b881c3346b349674e2d102737da69c1f6f68e5c23454ef94,training,training,HOLD: source-family grouping is not verified individual/session independence; shorter than original 1-second context; no padding/looping/concatenation authorized,False,raw/mosquito/An.Dirus_1M_14D_25C_SmallCylinder_Cut52_16bit.wav
13UztJLox-smN8-ID0jFzhGYu98j_SH2a,An.Dirus_1M_14D_25C_SmallCylinder_Cut53_16bit.wav,mosquito,Anopheles dirus,anopheles_dirus,M,1M,14D,25C,SmallCylinder,unmarked,cut53,,,,an.dirus_1m_14d_25c_smallcylinder,inferred_filename_source_family; merges cuts and microphone variants; individual/session identity UNKNOWN,2.03175,8000,1,PCM_16,16254,99d6e0f831925dbf75de8449921ecc53c1712d4008ed594e9fb56d09a3022f1a,cc220fcb2f86f99eba4d03e2db81651164ce466f3f46874e3bd57c66873c1e33,training,training,HOLD: source-family grouping is not verified individual/session independence,True,raw/mosquito/An.Dirus_1M_14D_25C_SmallCylinder_Cut53_16bit.wav
1Zpy4x4BLrfB0UY5kuNdSvePQm6bVodK_,An.Dirus_1M_14D_25C_SmallCylinder_Cut54_16bit.wav,mosquito,Anopheles dirus,anopheles_dirus,M,1M,14D,25C,SmallCylinder,unmarked,cut54,,,,an.dirus_1m_14d_25c_smallcylinder,inferred_filename_source_family; merges cuts and microphone variants; individual/session identity UNKNOWN,0.91725,8000,1,PCM_16,7338,b3967d547fb6480887dcc5e6800c90fe0bf97a7f83cce41ad51858fd9233d938,9c38c438f6bb24a4f9f511ecb56a27b1b1aa298ff3d36ce7b75235b69001c1f2,training,training,HOLD: source-family grouping is not verified individual/session independence; shorter than original 1-second context; no padding/looping/concatenation authorized,False,raw/mosquito/An.Dirus_1M_14D_25C_SmallCylinder_Cut54_16bit.wav
1bT4leG_i1b894sAQWR5MvTuYnCu4bJj-,An.Dirus_1M_14D_25C_SmallCylinder_Cut55_16bit.wav,mosquito,Anopheles dirus,anopheles_dirus,M,1M,14D,25C,SmallCylinder,unmarked,cut55,,,,an.dirus_1m_14d_25c_smallcylinder,inferred_filename_source_family; merges cuts and microphone variants; individual/session identity UNKNOWN,1.18425,8000,1,PCM_16,9474,192078a1260c664da51133371ea19d0ad579ffe5e28c087524e87435d21dcc1c,53fc6549115d56fd826d4645ea4a4718dd3de36e84e366c86353d80c3917fdb3,training,training,HOLD: source-family grouping is not verified individual/session independence,True,raw/mosquito/An.Dirus_1M_14D_25C_SmallCylinder_Cut55_16bit.wav
1H4xqh199sIt1_StZUhis9fkEWRtZ5e9E,An.Dirus_1M_14D_25C_SmallCylinder_Cut56_16bit.wav,mosquito,Anopheles dirus,anopheles_dirus,M,1M,14D,25C,SmallCylinder,unmarked,cut56,,,,an.dirus_1m_14d_25c_smallcylinder,inferred_filename_source_family; merges cuts and microphone variants; individual/session identity UNKNOWN,0.81275,8000,1,PCM_16,6502,e2e36fc9f543b5a6d7887524781e93e54f2e36ea60d562cd9779b639acdcee32,0083f97b7e360750abfdd2b55e4fb25e706f9c94974f4d945eb1f605e4e764f2,training,training,HOLD: source-family grouping is not verified individual/session independence; shorter than original 1-second context; no padding/looping/concatenation authorized,False,raw/mosquito/An.Dirus_1M_14D_25C_SmallCylinder_Cut56_16bit.wav
19I00XvaTYSCJd2v5ZVCgEqX_5vPONyIj,An.Dirus_1M_14D_25C_SmallCylinder_Cut57_16bit.wav,mosquito,Anopheles dirus,anopheles_dirus,M,1M,14D,25C,SmallCylinder,unmarked,cut57,,,,an.dirus_1m_14d_25c_smallcylinder,inferred_filename_source_family; merges cuts and microphone variants; individual/session identity UNKNOWN,0.81275,8000,1,PCM_16,6502,e2e36fc9f543b5a6d7887524781e93e54f2e36ea60d562cd9779b639acdcee32,0083f97b7e360750abfdd2b55e4fb25e706f9c94974f4d945eb1f605e4e764f2,training,training,HOLD: source-family grouping is not verified individual/session independence; shorter than original 1-second context; no padding/looping/concatenation authorized,False,raw/mosquito/An.Dirus_1M_14D_25C_SmallCylinder_Cut57_16bit.wav
1L0C7eVDD_gou2Xnpupil1IforV2wEbDf,An.Dirus_1M_14D_25C_SmallCylinder_Cut58_16bit.wav,mosquito,Anopheles dirus,anopheles_dirus,M,1M,14D,25C,SmallCylinder,unmarked,cut58,,,,an.dirus_1m_14d_25c_smallcylinder,inferred_filename_source_family; merges cuts and microphone variants; individual/session identity UNKNOWN,1.242375,8000,1,PCM_16,9939,e4ce692e523ec98c7723d92cb02015e3e3822fdeb478672e46f30bbe9267ab13,77ee8c31db61d6272308b4e173b7ac9fcd043cbafb6595e2149324c58dde5bac,training,training,HOLD: source-family grouping is not verified individual/session independence,True,raw/mosquito/An.Dirus_1M_14D_25C_SmallCylinder_Cut58_16bit.wav
1eY-Q9UDfS7-5pwFe0pwALw-I0n7-BJ6l,An.Dirus_1M_14D_25C_SmallCylinder_Cut59_16bit.wav,mosquito,Anopheles dirus,anopheles_dirus,M,1M,14D,25C,SmallCylinder,unmarked,cut59,,,,an.dirus_1m_14d_25c_smallcylinder,inferred_filename_source_family; merges cuts and microphone variants; individual/session identity UNKNOWN,0.510875,8000,1,PCM_16,4087,7253fa964eed0757ec630975e78c9a6cc6d712dcd5dc63a078aae8d5bb6294e3,1c9c39abbbe8a3ad5f606139bbf70bf01d8acd7a444aa391150cdf2e3c811aec,training,training,HOLD: source-family grouping is not verified individual/session independence; shorter than original 1-second context; no padding/looping/concatenation authorized,False,raw/mosquito/An.Dirus_1M_14D_25C_SmallCylinder_Cut59_16bit.wav
18CYn_sukT69Y-vp8rt4ZDt6gOAmdkr0x,An.Dirus_1M_14D_25C_SmallCylinder_Cut5_16bit.wav,mosquito,Anopheles dirus,anopheles_dirus,M,1M,14D,25C,SmallCylinder,unmarked,cut5,,,,an.dirus_1m_14d_25c_smallcylinder,inferred_filename_source_family; merges cuts and microphone variants; individual/session identity UNKNOWN,0.905625,8000,1,PCM_16,7245,a11eb1fbbe389ae8781e42aa0cf98c110062a26f6db3e666ba1fdf8a6489094a,6bbde2957899636891e2ef8eb772ebe3e6708e363c757263850c0218b0ee75f6,training,training,HOLD: source-family grouping is not verified individual/session independence; shorter than original 1-second context; no padding/looping/concatenation authorized,False,raw/mosquito/An.Dirus_1M_14D_25C_SmallCylinder_Cut5_16bit.wav
1vZm_vcZ6VJnGhcfbMys4-qiQFxIHpBl4,An.Dirus_1M_14D_25C_SmallCylinder_Cut60_16bit.wav,mosquito,Anopheles dirus,anopheles_dirus,M,1M,14D,25C,SmallCylinder,unmarked,cut60,,,,an.dirus_1m_14d_25c_smallcylinder,inferred_filename_source_family; merges cuts and microphone variants; individual/session identity UNKNOWN,0.510875,8000,1,PCM_16,4087,6d6a1d3cbf446ce6b3a5e481ebb5c460c08937a2c1b6b8f630937500e2205bfb,2ce727bfb8423583a5aedc367b7d6cf070bb744b386675d45256932869af7534,training,training,HOLD: source-family grouping is not verified individual/session independence; shorter than original 1-second context; no padding/looping/concatenation authorized,False,raw/mosquito/An.Dirus_1M_14D_25C_SmallCylinder_Cut60_16bit.wav
1e4pfAQ2hyyh0Y6wlMS5gRIjY6U16aDuF,An.Dirus_1M_14D_25C_SmallCylinder_Cut61_16bit.wav,mosquito,Anopheles dirus,anopheles_dirus,M,1M,14D,25C,SmallCylinder,unmarked,cut61,,,,an.dirus_1m_14d_25c_smallcylinder,inferred_filename_source_family; merges cuts and microphone variants; individual/session identity UNKNOWN,0.824375,8000,1,PCM_16,6595,4a997e1534613d2cdc75e59eb8a1321afd84440c493a1bd8e9a23122929473f4,02d48c923e31bdd94be5100ca23e30796bbf0c71aa108568ebe0c89724b84c11,training,training,HOLD: source-family grouping is not verified individual/session independence; shorter than original 1-second context; no padding/looping/concatenation authorized,False,raw/mosquito/An.Dirus_1M_14D_25C_SmallCylinder_Cut61_16bit.wav
1-xe8oZB3T1zXocc7o2klY4eloZ1YhAO7,An.Dirus_1M_14D_25C_SmallCylinder_Cut62_16bit.wav,mosquito,Anopheles dirus,anopheles_dirus,M,1M,14D,25C,SmallCylinder,unmarked,cut62,,,,an.dirus_1m_14d_25c_smallcylinder,inferred_filename_source_family; merges cuts and microphone variants; individual/session identity UNKNOWN,0.60375,8000,1,PCM_16,4830,8d7fa0b002016282077c4501149ed6e4a33f9ec91e822a7609f88884837305af,2a0c7c713edf1d56dea238f3cd2971c27b206837556c6435ffa0f2d668272bc2,training,training,HOLD: source-family grouping is not verified individual/session independence; shorter than original 1-second context; no padding/looping/concatenation authorized,False,raw/mosquito/An.Dirus_1M_14D_25C_SmallCylinder_Cut62_16bit.wav
1geadMWB_6aboJIqdcL0qS9NDDNwcjOpJ,An.Dirus_1M_14D_25C_SmallCylinder_Cut63_16bit.wav,mosquito,Anopheles dirus,anopheles_dirus,M,1M,14D,25C,SmallCylinder,unmarked,cut63,,,,an.dirus_1m_14d_25c_smallcylinder,inferred_filename_source_family; merges cuts and microphone variants; individual/session identity UNKNOWN,0.661875,8000,1,PCM_16,5295,90eecc2d3099990c978d78ebb7dd3681e516347c5d9afa60ff3f2cd1bf9896c6,3c6529b205274c219f738ba80db2eaf2031237b0771b67368a18c74a517ad209,training,training,HOLD: source-family grouping is not verified individual/session independence; shorter than original 1-second context; no padding/looping/concatenation authorized,False,raw/mosquito/An.Dirus_1M_14D_25C_SmallCylinder_Cut63_16bit.wav
11aeEGmxtcK-vW3U8b9zVgvWXmljAFw59,An.Dirus_1M_14D_25C_SmallCylinder_Cut64_16bit.wav,mosquito,Anopheles dirus,anopheles_dirus,M,1M,14D,25C,SmallCylinder,unmarked,cut64,,,,an.dirus_1m_14d_25c_smallcylinder,inferred_filename_source_family; merges cuts and microphone variants; individual/session identity UNKNOWN,0.70825,8000,1,PCM_16,5666,0a6e528f64a93dbd516a23e92178d29077cf6399ba3431f1ad7a729af0c7eb80,fcfbb83acfe0c00db09bb460a85b69f7a397483622011a50bcd4cb994004befb,training,training,HOLD: source-family grouping is not verified individual/session independence; shorter than original 1-second context; no padding/looping/concatenation authorized,False,raw/mosquito/An.Dirus_1M_14D_25C_SmallCylinder_Cut64_16bit.wav
1qvjmEk0EAlfjtvpprm5BshYISeL5Wukq,An.Dirus_1M_14D_25C_SmallCylinder_Cut65_16bit.wav,mosquito,Anopheles dirus,anopheles_dirus,M,1M,14D,25C,SmallCylinder,unmarked,cut65,,,,an.dirus_1m_14d_25c_smallcylinder,inferred_filename_source_family; merges cuts and microphone variants; individual/session identity UNKNOWN,1.02175,8000,1,PCM_16,8174,3a3306eed01fdc9b6c6a8ac5c4846813db2436832dac682885520fab711b1d7b,bdd8bf3a02d4e0353a9b429df0d7f1bf869c30947d3c783112ebabf2b8fb7a58,training,training,HOLD: source-family grouping is not verified individual/session independence,True,raw/mosquito/An.Dirus_1M_14D_25C_SmallCylinder_Cut65_16bit.wav
1ridoWVqEfK3scdqku3jB42Neay4VoceP,An.Dirus_1M_14D_25C_SmallCylinder_Cut66_16bit.wav,mosquito,Anopheles dirus,anopheles_dirus,M,1M,14D,25C,SmallCylinder,unmarked,cut66,,,,an.dirus_1m_14d_25c_smallcylinder,inferred_filename_source_family; merges cuts and microphone variants; individual/session identity UNKNOWN,1.07975,8000,1,PCM_16,8638,557efd6bfa76cf8ac8dc6b40f9833b0cfc6844537be059289eb2a36c977fc31b,6c14bcc81de073e9daef478ea74d1b1bfbba3dcea905103af9f1772a9fd2147b,training,training,HOLD: source-family grouping is not verified individual/session independence,True,raw/mosquito/An.Dirus_1M_14D_25C_SmallCylinder_Cut66_16bit.wav
1a3w2e4LeLYsm4oYggwcW62G7fZ6WZTse,An.Dirus_1M_14D_25C_SmallCylinder_Cut67_16bit.wav,mosquito,Anopheles dirus,anopheles_dirus,M,1M,14D,25C,SmallCylinder,unmarked,cut67,,,,an.dirus_1m_14d_25c_smallcylinder,inferred_filename_source_family; merges cuts and microphone variants; individual/session identity UNKNOWN,0.91725,8000,1,PCM_16,7338,2bdd7f0e75a81ed51e04a2b5e631c637d208de603af6de72761be65048306cf8,baafa7019e6bb6c22223aac8ba1ca4a4ebef8510e98d07dddef8e4d2f3ea8689,training,training,HOLD: source-family grouping is not verified individual/session independence; shorter than original 1-second context; no padding/looping/concatenation authorized,False,raw/mosquito/An.Dirus_1M_14D_25C_SmallCylinder_Cut67_16bit.wav
1abQhAf6P7K2ADJzQGKAGnukCBH_oBp3e,An.Dirus_1M_14D_25C_SmallCylinder_Cut68_16bit.wav,mosquito,Anopheles dirus,anopheles_dirus,M,1M,14D,25C,SmallCylinder,unmarked,cut68,,,,an.dirus_1m_14d_25c_smallcylinder,inferred_filename_source_family; merges cuts and microphone variants; individual/session identity UNKNOWN,0.7315,8000,1,PCM_16,5852,4f127ad070cdc2027cc9fa6e42bc1be68201766c1c76d552240ab0241a5c7a17,85e8ab099a753efb585096620f94743f04be385ff1351f09adfe9052152470bd,training,training,HOLD: source-family grouping is not verified individual/session independence; shorter than original 1-second context; no padding/looping/concatenation authorized,False,raw/mosquito/An.Dirus_1M_14D_25C_SmallCylinder_Cut68_16bit.wav
18gTh7KG7yPxyvsGP_Q0qxO_C6b_w4Q_M,An.Dirus_1M_14D_25C_SmallCylinder_Cut69_16bit.wav,mosquito,Anopheles dirus,anopheles_dirus,M,1M,14D,25C,SmallCylinder,unmarked,cut69,,,,an.dirus_1m_14d_25c_smallcylinder,inferred_filename_source_family; merges cuts and microphone variants; individual/session identity UNKNOWN,1.12625,8000,1,PCM_16,9010,cf83bc98590551b8f857c7bdfeecd5052a5f941249341ba37233417f9b360375,7f6149939c036c3fd6cb282b8caf16693c6172a8c46de5bce8a8a17c8e9ebeb2,training,training,HOLD: source-family grouping is not verified individual/session independence,True,raw/mosquito/An.Dirus_1M_14D_25C_SmallCylinder_Cut69_16bit.wav
1gg7jjOTeCDW9sgh9eVVxFhZ9V7RB7qEJ,An.Dirus_1M_14D_25C_SmallCylinder_Cut6_16bit.wav,mosquito,Anopheles dirus,anopheles_dirus,M,1M,14D,25C,SmallCylinder,unmarked,cut6,,,,an.dirus_1m_14d_25c_smallcylinder,inferred_filename_source_family; merges cuts and microphone variants; individual/session identity UNKNOWN,1.45125,8000,1,PCM_16,11610,a49c72f32861ae99d5dc9bd736c2d81e1ae6a84cd961781639135fd1cadc9f6e,fc41af9dfbd61abb87142924f4006ba2da9c63a9378aa9485c989b826e27d5fb,training,training,HOLD: source-family grouping is not verified individual/session independence,True,raw/mosquito/An.Dirus_1M_14D_25C_SmallCylinder_Cut6_16bit.wav
1NPGuOg-mv9lE8HqbRGCLbIQ4iSOXNOh5,An.Dirus_1M_14D_25C_SmallCylinder_Cut70_16bit.wav,mosquito,Anopheles dirus,anopheles_dirus,M,1M,14D,25C,SmallCylinder,unmarked,cut70,,,,an.dirus_1m_14d_25c_smallcylinder,inferred_filename_source_family; merges cuts and microphone variants; individual/session identity UNKNOWN,0.615375,8000,1,PCM_16,4923,ed1e28b8670b32d29e18375f432fab28ac8115444764d5e66a4d0554df2da764,baf57e3333d78e95d9cf0a301245ee9520b218d069d96dc2c069220401f32b72,training,training,HOLD: source-family grouping is not verified individual/session independence; shorter than original 1-second context; no padding/looping/concatenation authorized,False,raw/mosquito/An.Dirus_1M_14D_25C_SmallCylinder_Cut70_16bit.wav
1YOC05HBqvFQhCvG0XF5Al6bxjnRi8jq0,An.Dirus_1M_14D_25C_SmallCylinder_Cut71_16bit.wav,mosquito,Anopheles dirus,anopheles_dirus,M,1M,14D,25C,SmallCylinder,unmarked,cut71,,,,an.dirus_1m_14d_25c_smallcylinder,inferred_filename_source_family; merges cuts and microphone variants; individual/session identity UNKNOWN,1.312,8000,1,PCM_16,10496,1195047432bad071f006903d3067bcad4c3b41bce4f1d4a8106469cddd7ad5dd,1146015a87e183a451688c672de8d90c82089027a57a9f78e24e320d469ae524,training,training,HOLD: source-family grouping is not verified individual/session independence,True,raw/mosquito/An.Dirus_1M_14D_25C_SmallCylinder_Cut71_16bit.wav
1OiZD4F1ZKF0tKhoSw3QNikPilq1yKVrW,An.Dirus_1M_14D_25C_SmallCylinder_Cut7_16bit.wav,mosquito,Anopheles dirus,anopheles_dirus,M,1M,14D,25C,SmallCylinder,unmarked,cut7,,,,an.dirus_1m_14d_25c_smallcylinder,inferred_filename_source_family; merges cuts and microphone variants; individual/session identity UNKNOWN,1.997,8000,1,PCM_16,15976,ad7f56eb8fe15771d9d33df69e0eb1a1a70fdc8cba166d72ede6fbcabc802f45,9d499f23582d9fccf44f7fb67a627585d8e1ebbd2ffee76f6e9808cf34f0654f,training,training,HOLD: source-family grouping is not verified individual/session independence,True,raw/mosquito/An.Dirus_1M_14D_25C_SmallCylinder_Cut7_16bit.wav
1AS2hl_eYnkJR3zOFeDfN3a8MgUcdbha_,An.Dirus_1M_14D_25C_SmallCylinder_Cut8_16bit.wav,mosquito,Anopheles dirus,anopheles_dirus,M,1M,14D,25C,SmallCylinder,unmarked,cut8,,,,an.dirus_1m_14d_25c_smallcylinder,inferred_filename_source_family; merges cuts and microphone variants; individual/session identity UNKNOWN,0.592125,8000,1,PCM_16,4737,b73ea922e15512163c5a21a2f6787ec8835b586d0debd03dd84b7b31283e45ae,4a454e4f61afe9e309162944c2ea298a3e3724787a1f725647ee354d3a455de5,training,training,HOLD: source-family grouping is not verified individual/session independence; shorter than original 1-second context; no padding/looping/concatenation authorized,False,raw/mosquito/An.Dirus_1M_14D_25C_SmallCylinder_Cut8_16bit.wav
1oPvzIhpI6jLoGbaKBi94zVZg-3_NQ1XL,An.Dirus_1M_14D_25C_SmallCylinder_Cut9_16bit.wav,mosquito,Anopheles dirus,anopheles_dirus,M,1M,14D,25C,SmallCylinder,unmarked,cut9,,,,an.dirus_1m_14d_25c_smallcylinder,inferred_filename_source_family; merges cuts and microphone variants; individual/session identity UNKNOWN,1.648625,8000,1,PCM_16,13189,981779f9641f426a301e42ee0eaaf14c98bb1a783ab8bbad71efb392b1f9c27f,6908c32cce77bcf74eb8d6966ba35c950e1898c308856a7d6aef169378ebcd50,training,training,HOLD: source-family grouping is not verified individual/session independence,True,raw/mosquito/An.Dirus_1M_14D_25C_SmallCylinder_Cut9_16bit.wav
17sXAqQ2jimDpIbW8iqzndv-FAtvRWITI,An.Dirus_1M_14D_25C_SmallCylinder_LowMic_Cut10_16bit.wav,mosquito,Anopheles dirus,anopheles_dirus,M,1M,14D,25C,SmallCylinder,LowMic,cut10,,,,an.dirus_1m_14d_25c_smallcylinder,inferred_filename_source_family; merges cuts and microphone variants; individual/session identity UNKNOWN,0.592125,8000,1,PCM_16,4737,c49d418f3ab87bf1968a1e3d4d181aca134453a75f77a8c1feb6df11a306cbd0,384b26b8f8414bef270f8dd9442d9afaf6f903626017af0868e0e2089b2cd974,training,training,HOLD: source-family grouping is not verified individual/session independence; shorter than original 1-second context; no padding/looping/concatenation authorized,False,raw/mosquito/An.Dirus_1M_14D_25C_SmallCylinder_LowMic_Cut10_16bit.wav
1XoSqEljqZ6up4yiGzPrUmyYC4XkOt1XE,An.Dirus_1M_14D_25C_SmallCylinder_LowMic_Cut11_16bit.wav,mosquito,Anopheles dirus,anopheles_dirus,M,1M,14D,25C,SmallCylinder,LowMic,cut11,,,,an.dirus_1m_14d_25c_smallcylinder,inferred_filename_source_family; merges cuts and microphone variants; individual/session identity UNKNOWN,1.462875,8000,1,PCM_16,11703,dd01085b93f59cfb93fb83c8033e53de31cb70e2532805cb942a03b2599ff095,74b2d41ee75eff932eed409ef704bb26c55d8785bcce6acfff00ab4c2f9761e4,training,training,HOLD: source-family grouping is not verified individual/session independence,True,raw/mosquito/An.Dirus_1M_14D_25C_SmallCylinder_LowMic_Cut11_16bit.wav
1ZoCQEHvpS9C8O_E64mUfO3fIj3fiUHLP,An.Dirus_1M_14D_25C_SmallCylinder_LowMic_Cut12_16bit.wav,mosquito,Anopheles dirus,anopheles_dirus,M,1M,14D,25C,SmallCylinder,LowMic,cut12,,,,an.dirus_1m_14d_25c_smallcylinder,inferred_filename_source_family; merges cuts and microphone variants; individual/session identity UNKNOWN,1.254,8000,1,PCM_16,10032,e0d68d11ef194f5eaccdd0ada6cbfadfb433c0e2caa274ce3bd6888603b87c8e,ae10203a64bda7647367ebaa15a91bbf0f5a8b059d5ef47e6833e25d23a0e6d9,training,training,HOLD: source-family grouping is not verified individual/session independence,True,raw/mosquito/An.Dirus_1M_14D_25C_SmallCylinder_LowMic_Cut12_16bit.wav
12ng6ZrrN48FlWLKsiUuAuff_5JFcog7k,An.Dirus_1M_14D_25C_SmallCylinder_LowMic_Cut13_16bit.wav,mosquito,Anopheles dirus,anopheles_dirus,M,1M,14D,25C,SmallCylinder,LowMic,cut13,,,,an.dirus_1m_14d_25c_smallcylinder,inferred_filename_source_family; merges cuts and microphone variants; individual/session identity UNKNOWN,1.509375,8000,1,PCM_16,12075,a008fab194a7e357aa1295e3279a9517d82698b748be81d62aba146ecd91acbe,c5609bf4c83af317895339bbfc6809224cd17f206cdc14b5a53a967afb8f62e1,training,training,HOLD: source-family grouping is not verified individual/session independence,True,raw/mosquito/An.Dirus_1M_14D_25C_SmallCylinder_LowMic_Cut13_16bit.wav
12-LADyUNJXQkfponyuCgO9p_G_WSdyfN,An.Dirus_1M_14D_25C_SmallCylinder_LowMic_Cut14_16bit.wav,mosquito,Anopheles dirus,anopheles_dirus,M,1M,14D,25C,SmallCylinder,LowMic,cut14,,,,an.dirus_1m_14d_25c_smallcylinder,inferred_filename_source_family; merges cuts and microphone variants; individual/session identity UNKNOWN,1.486125,8000,1,PCM_16,11889,8d72dff115eece95d9e564342af365b5769484c4012076e8cda6936049b26925,e99751020a825ebd9be408cee30b5ba80abed6a50bb8dcf32e9a85891584d977,training,training,HOLD: source-family grouping is not verified individual/session independence,True,raw/mosquito/An.Dirus_1M_14D_25C_SmallCylinder_LowMic_Cut14_16bit.wav
19D3YOUiIGXmXSBExXN9dtNG-PwyaS0Uc,An.Dirus_1M_14D_25C_SmallCylinder_LowMic_Cut15_16bit.wav,mosquito,Anopheles dirus,anopheles_dirus,M,1M,14D,25C,SmallCylinder,LowMic,cut15,,,,an.dirus_1m_14d_25c_smallcylinder,inferred_filename_source_family; merges cuts and microphone variants; individual/session identity UNKNOWN,0.75475,8000,1,PCM_16,6038,625170f7e0ca48b2154bbd4e2e05b28c6309d247d82ba13e5e3614f2673a64bc,34b07538e6cc9450abc2d5c1d8306911e0dd01aa9288b6341d81eb2085fe3660,training,training,HOLD: source-family grouping is not verified individual/session independence; shorter than original 1-second context; no padding/looping/concatenation authorized,False,raw/mosquito/An.Dirus_1M_14D_25C_SmallCylinder_LowMic_Cut15_16bit.wav
1t8rvoC2GjcIh4lHjCW0kkRFEuBmNL5wQ,An.Dirus_1M_14D_25C_SmallCylinder_LowMic_Cut16_16bit.wav,mosquito,Anopheles dirus,anopheles_dirus,M,1M,14D,25C,SmallCylinder,LowMic,cut16,,,,an.dirus_1m_14d_25c_smallcylinder,inferred_filename_source_family; merges cuts and microphone variants; individual/session identity UNKNOWN,1.54425,8000,1,PCM_16,12354,e209380cb085dab65279907828867ccae10664f6dbdb53f36cce28a8a6025ba2,827dadfcb963e5bcb22e815b5569eb10acb3ec8a773f2b6c3b7b7bbb2c488142,training,training,HOLD: source-family grouping is not verified individual/session independence,True,raw/mosquito/An.Dirus_1M_14D_25C_SmallCylinder_LowMic_Cut16_16bit.wav
1ry5QcQxFTn_-r_CuaQFs2ZTOVR7vxM69,An.Dirus_1M_14D_25C_SmallCylinder_LowMic_Cut17_16bit.wav,mosquito,Anopheles dirus,anopheles_dirus,M,1M,14D,25C,SmallCylinder,LowMic,cut17,,,,an.dirus_1m_14d_25c_smallcylinder,inferred_filename_source_family; merges cuts and microphone variants; individual/session identity UNKNOWN,0.534125,8000,1,PCM_16,4273,2bc29c76a3a6f8dedc4b88e659804ff2fda539fcd86c88fae53344721617bcbe,caeec99b6b907fdf61a68a9d53d5a6e9f8eadd48fd96cdcc217ab8278b416b79,training,training,HOLD: source-family grouping is not verified individual/session independence; shorter than original 1-second context; no padding/looping/concatenation authorized,False,raw/mosquito/An.Dirus_1M_14D_25C_SmallCylinder_LowMic_Cut17_16bit.wav
1J0Fqyr4uxUP0ARngOUPD5AGFUeqeXB2q,An.Dirus_1M_14D_25C_SmallCylinder_LowMic_Cut18_16bit.wav,mosquito,Anopheles dirus,anopheles_dirus,M,1M,14D,25C,SmallCylinder,LowMic,cut18,,,,an.dirus_1m_14d_25c_smallcylinder,inferred_filename_source_family; merges cuts and microphone variants; individual/session identity UNKNOWN,0.534125,8000,1,PCM_16,4273,2bc29c76a3a6f8dedc4b88e659804ff2fda539fcd86c88fae53344721617bcbe,caeec99b6b907fdf61a68a9d53d5a6e9f8eadd48fd96cdcc217ab8278b416b79,training,training,HOLD: source-family grouping is not verified individual/session independence; shorter than original 1-second context; no padding/looping/concatenation authorized,False,raw/mosquito/An.Dirus_1M_14D_25C_SmallCylinder_LowMic_Cut18_16bit.wav
1DrCxtYyAgc7QHPd82h4ags-P2_xzf8md,An.Dirus_1M_14D_25C_SmallCylinder_LowMic_Cut19_16bit.wav,mosquito,Anopheles dirus,anopheles_dirus,M,1M,14D,25C,SmallCylinder,LowMic,cut19,,,,an.dirus_1m_14d_25c_smallcylinder,inferred_filename_source_family; merges cuts and microphone variants; individual/session identity UNKNOWN,0.894,8000,1,PCM_16,7152,91207af7ae1cc2ef223175a4890f312dc4ec74f260e92af2f6c2e77ddf98384c,622d8e0dfcf2197779dd2f3f7c25e8c394c9e84cf6dcc0534b6b1c95c21a4772,training,training,HOLD: source-family grouping is not verified individual/session independence; shorter than original 1-second context; no padding/looping/concatenation authorized,False,raw/mosquito/An.Dirus_1M_14D_25C_SmallCylinder_LowMic_Cut19_16bit.wav
1Uqt3c4wzDb_G3f4L5Ewe9G9fTW8B-RaB,An.Dirus_1M_14D_25C_SmallCylinder_LowMic_Cut1_16bit.wav,mosquito,Anopheles dirus,anopheles_dirus,M,1M,14D,25C,SmallCylinder,LowMic,cut1,,,,an.dirus_1m_14d_25c_smallcylinder,inferred_filename_source_family; merges cuts and microphone variants; individual/session identity UNKNOWN,4.11,8000,1,PCM_16,32880,a90babe104b5f7b8ebc523026f70b4bb8a8292e810c00585231d811546353ac9,7a78ed9015a723d87e121b188ec1e8d6bc71ebfd66e978e3fc19d054841d9745,training,training,HOLD: source-family grouping is not verified individual/session independence,True,raw/mosquito/An.Dirus_1M_14D_25C_SmallCylinder_LowMic_Cut1_16bit.wav
1V7J59sVfMd0gFKUL54FkhABTwREmJw3j,An.Dirus_1M_14D_25C_SmallCylinder_LowMic_Cut20_16bit.wav,mosquito,Anopheles dirus,anopheles_dirus,M,1M,14D,25C,SmallCylinder,LowMic,cut20,,,,an.dirus_1m_14d_25c_smallcylinder,inferred_filename_source_family; merges cuts and microphone variants; individual/session identity UNKNOWN,0.5805,8000,1,PCM_16,4644,bae691324fada47b93991ec48dcdb6c44389f4d304279588f6065b6835dcb37c,c72246e16540b8e1c27ef6ec3475ada88baf67b4518a66f87de020de94928567,training,training,HOLD: source-family grouping is not verified individual/session independence; shorter than original 1-second context; no padding/looping/concatenation authorized,False,raw/mosquito/An.Dirus_1M_14D_25C_SmallCylinder_LowMic_Cut20_16bit.wav
1BXyw2CGiQwrD0M6SyZJl1vLTMsKsIwUh,An.Dirus_1M_14D_25C_SmallCylinder_LowMic_Cut21_16bit.wav,mosquito,Anopheles dirus,anopheles_dirus,M,1M,14D,25C,SmallCylinder,LowMic,cut21,,,,an.dirus_1m_14d_25c_smallcylinder,inferred_filename_source_family; merges cuts and microphone variants; individual/session identity UNKNOWN,0.847625,8000,1,PCM_16,6781,73c6294c81f95156a6c1b678b1e05972e11569ef72c42a5b7d3ec089f73a6f5e,4fb77fa7f9bc6b43c0772d06a4c16f942c9821801d2bfbfd4a996edbcf2f75f3,training,training,HOLD: source-family grouping is not verified individual/session independence; shorter than original 1-second context; no padding/looping/concatenation authorized,False,raw/mosquito/An.Dirus_1M_14D_25C_SmallCylinder_LowMic_Cut21_16bit.wav
1POI3YD2jkDuhX5fmPJ1R5qHCJVe-QQQR,An.Dirus_1M_14D_25C_SmallCylinder_LowMic_Cut22_16bit.wav,mosquito,Anopheles dirus,anopheles_dirus,M,1M,14D,25C,SmallCylinder,LowMic,cut22,,,,an.dirus_1m_14d_25c_smallcylinder,inferred_filename_source_family; merges cuts and microphone variants; individual/session identity UNKNOWN,0.5805,8000,1,PCM_16,4644,6cd01f6d01d97888a34949187e1da1e3fb7fc3eb41b62325a6401956b8ecd635,7c5f989cbdde805e8d9dcfdd7db0ea26eb1113c303dbb4961ddaecce237c4bf9,training,training,HOLD: source-family grouping is not verified individual/session independence; shorter than original 1-second context; no padding/looping/concatenation authorized,False,raw/mosquito/An.Dirus_1M_14D_25C_SmallCylinder_LowMic_Cut22_16bit.wav
163FslRybw5_D94ThMRZNqfR9JNfjBtWE,An.Dirus_1M_14D_25C_SmallCylinder_LowMic_Cut23_16bit.wav,mosquito,Anopheles dirus,anopheles_dirus,M,1M,14D,25C,SmallCylinder,LowMic,cut23,,,,an.dirus_1m_14d_25c_smallcylinder,inferred_filename_source_family; merges cuts and microphone variants; individual/session identity UNKNOWN,0.60375,8000,1,PCM_16,4830,63ff435adce14c599ebaf41414793e0f62155bbdcf685f5cb5ffdb49f50993d5,031896ab7c0814080edfe00cfe52c0580ee455447192e944a860e69030080929,training,training,HOLD: source-family grouping is not verified individual/session independence; shorter than original 1-second context; no padding/looping/concatenation authorized,False,raw/mosquito/An.Dirus_1M_14D_25C_SmallCylinder_LowMic_Cut23_16bit.wav
1dOXDvnl3XlbDhA9a2rXMQGHHd85s-Mfl,An.Dirus_1M_14D_25C_SmallCylinder_LowMic_Cut24_16bit.wav,mosquito,Anopheles dirus,anopheles_dirus,M,1M,14D,25C,SmallCylinder,LowMic,cut24,,,,an.dirus_1m_14d_25c_smallcylinder,inferred_filename_source_family; merges cuts and microphone variants; individual/session identity UNKNOWN,0.824375,8000,1,PCM_16,6595,6a885a26563f226641fa4ed9e1760b70d6baad059788963d1f74d45b37798e97,a59da23c3ca81e5c66f1cf8177a2b947a33e6b0969e62a7bc2fae16157a5cecd,training,training,HOLD: source-family grouping is not verified individual/session independence; shorter than original 1-second context; no padding/looping/concatenation authorized,False,raw/mosquito/An.Dirus_1M_14D_25C_SmallCylinder_LowMic_Cut24_16bit.wav
1AnFZNqV0orsE42I2Srxlw2AsmfDkv0Ir,An.Dirus_1M_14D_25C_SmallCylinder_LowMic_Cut25_16bit.wav,mosquito,Anopheles dirus,anopheles_dirus,M,1M,14D,25C,SmallCylinder,LowMic,cut25,,,,an.dirus_1m_14d_25c_smallcylinder,inferred_filename_source_family; merges cuts and microphone variants; individual/session identity UNKNOWN,1.056625,8000,1,PCM_16,8453,930d76d9d2209a602aa24338736b4ae8c7da567eb89875f5a23b8a78ef513d77,2a05c0a9c9369411b10bf2aa8c93305174cf198c6fe414eecfb552df95c20bc1,training,training,HOLD: source-family grouping is not verified individual/session independence,True,raw/mosquito/An.Dirus_1M_14D_25C_SmallCylinder_LowMic_Cut25_16bit.wav
1n45iPcv5p9MUafI8Px887P1MzmzkgE_w,An.Dirus_1M_14D_25C_SmallCylinder_LowMic_Cut26_16bit.wav,mosquito,Anopheles dirus,anopheles_dirus,M,1M,14D,25C,SmallCylinder,LowMic,cut26,,,,an.dirus_1m_14d_25c_smallcylinder,inferred_filename_source_family; merges cuts and microphone variants; individual/session identity UNKNOWN,1.927375,8000,1,PCM_16,15419,87dbb317285b1d71ee41073c4d8881bdd990be04f1253c8ef392be20c8d313d5,0ebae719234f1c9abe3faf52e5c75036dd0e3041637bc7d1d1fe37422a6abe75,training,training,HOLD: source-family grouping is not verified individual/session independence,True,raw/mosquito/An.Dirus_1M_14D_25C_SmallCylinder_LowMic_Cut26_16bit.wav
1eLGRIBgWIoWb15qNGMWUEPirUsVFX2if,An.Dirus_1M_14D_25C_SmallCylinder_LowMic_Cut27_16bit.wav,mosquito,Anopheles dirus,anopheles_dirus,M,1M,14D,25C,SmallCylinder,LowMic,cut27,,,,an.dirus_1m_14d_25c_smallcylinder,inferred_filename_source_family; merges cuts and microphone variants; individual/session identity UNKNOWN,1.927375,8000,1,PCM_16,15419,f024023accdd2cb7300e27e6b43cf96392e5a952d668d57ba450c5a4cf21d335,2ca2e9ba824c55c14f127c61b0d3be5217bcbb8f10e16b0216e90b7d6133ca61,training,training,HOLD: source-family grouping is not verified individual/session independence,True,raw/mosquito/An.Dirus_1M_14D_25C_SmallCylinder_LowMic_Cut27_16bit.wav
1dxUQ0iept8sKyCXkQjJHBwxRTNukKZNE,An.Dirus_1M_14D_25C_SmallCylinder_LowMic_Cut28_16bit.wav,mosquito,Anopheles dirus,anopheles_dirus,M,1M,14D,25C,SmallCylinder,LowMic,cut28,,,,an.dirus_1m_14d_25c_smallcylinder,inferred_filename_source_family; merges cuts and microphone variants; individual/session identity UNKNOWN,1.6255,8000,1,PCM_16,13004,f51886b8a61049f7202ab6be1ea0a26d6e37f1ca0c467a33e5cb00667dd2a48d,0a58f5caad0909093ea86164486ebe1c474ce06b6c5f8d2d182deb4bf66be154,training,training,HOLD: source-family grouping is not verified individual/session independence,True,raw/mosquito/An.Dirus_1M_14D_25C_SmallCylinder_LowMic_Cut28_16bit.wav
1o_VOzdtYj7G_55ZMJchh4O_nNVwl1WNt,An.Dirus_1M_14D_25C_SmallCylinder_LowMic_Cut29_16bit.wav,mosquito,Anopheles dirus,anopheles_dirus,M,1M,14D,25C,SmallCylinder,LowMic,cut29,,,,an.dirus_1m_14d_25c_smallcylinder,inferred_filename_source_family; merges cuts and microphone variants; individual/session identity UNKNOWN,1.28875,8000,1,PCM_16,10310,6cd3e46cecd857cb0eddc2b3b5c15b1ac57b457ed150229197a413c2dd6eda83,d725b8a5e8c0504e437b4b5ab628baf44c6e70e12b977f61c966a765d93b24e7,training,training,HOLD: source-family grouping is not verified individual/session independence,True,raw/mosquito/An.Dirus_1M_14D_25C_SmallCylinder_LowMic_Cut29_16bit.wav
1nyDSE0OoEBn4HptB36w-jezAXrv3sH6-,An.Dirus_1M_14D_25C_SmallCylinder_LowMic_Cut2_16bit.wav,mosquito,Anopheles dirus,anopheles_dirus,M,1M,14D,25C,SmallCylinder,LowMic,cut2,,,,an.dirus_1m_14d_25c_smallcylinder,inferred_filename_source_family; merges cuts and microphone variants; individual/session identity UNKNOWN,0.49925,8000,1,PCM_16,3994,7770a5a9f5b44ee904cc5eb3915759d2b2ea376e292731f7c9882033e6626b4d,5234d97d49248bd5a131f81745bccafa1b9f811848fae978fa7f944211504612,training,training,HOLD: source-family grouping is not verified individual/session independence; shorter than original 1-second context; no padding/looping/concatenation authorized,False,raw/mosquito/An.Dirus_1M_14D_25C_SmallCylinder_LowMic_Cut2_16bit.wav
1kjFMkoYonDQlblZjr5CFm4f55KHlV55Q,An.Dirus_1M_14D_25C_SmallCylinder_LowMic_Cut30_16bit.wav,mosquito,Anopheles dirus,anopheles_dirus,M,1M,14D,25C,SmallCylinder,LowMic,cut30,,,,an.dirus_1m_14d_25c_smallcylinder,inferred_filename_source_family; merges cuts and microphone variants; individual/session identity UNKNOWN,0.534125,8000,1,PCM_16,4273,23fbe036ac1499dd882aa31a29aca2998a45ca69bdbf246d0387c84dbfc1bab9,397f9473ab8f0f951f9be6f713430b195d97ef4b215e89e1c2bb7d011cf54422,training,training,HOLD: source-family grouping is not verified individual/session independence; shorter than original 1-second context; no padding/looping/concatenation authorized,False,raw/mosquito/An.Dirus_1M_14D_25C_SmallCylinder_LowMic_Cut30_16bit.wav
1d1bezoJ6yIU295ELjUjghCtr-SL3KgcL,An.Dirus_1M_14D_25C_SmallCylinder_LowMic_Cut31_16bit.wav,mosquito,Anopheles dirus,anopheles_dirus,M,1M,14D,25C,SmallCylinder,LowMic,cut31,,,,an.dirus_1m_14d_25c_smallcylinder,inferred_filename_source_family; merges cuts and microphone variants; individual/session identity UNKNOWN,0.4645,8000,1,PCM_16,3716,f376e7098baaccf27b5442961cd584e2c8cfae278204c43836f4978352fa34d3,c3f889b51714f7daac55dae4c67f3d1ac0ab94d313c93e29d0b3eca72b1c9578,training,training,HOLD: source-family grouping is not verified individual/session independence; shorter than original 1-second context; no padding/looping/concatenation authorized,False,raw/mosquito/An.Dirus_1M_14D_25C_SmallCylinder_LowMic_Cut31_16bit.wav
1UjpYMXvIUZaXUICUPr3STVG87h4vYqTH,An.Dirus_1M_14D_25C_SmallCylinder_LowMic_Cut32_16bit.wav,mosquito,Anopheles dirus,anopheles_dirus,M,1M,14D,25C,SmallCylinder,LowMic,cut32,,,,an.dirus_1m_14d_25c_smallcylinder,inferred_filename_source_family; merges cuts and microphone variants; individual/session identity UNKNOWN,0.5225,8000,1,PCM_16,4180,35172ef75cdbf8eca70055a740cb391ae768ca6fa35d1163dfb7148a53c2eb00,864b489495b3b028389e6c149ee1f51ec3927577deb42e231aa9f8f7f6fd22c3,training,training,HOLD: source-family grouping is not verified individual/session independence; shorter than original 1-second context; no padding/looping/concatenation authorized,False,raw/mosquito/An.Dirus_1M_14D_25C_SmallCylinder_LowMic_Cut32_16bit.wav
1vyQ4wujmrtnW8S2UCUnwmIzvnha4XEf9,An.Dirus_1M_14D_25C_SmallCylinder_LowMic_Cut33_16bit.wav,mosquito,Anopheles dirus,anopheles_dirus,M,1M,14D,25C,SmallCylinder,LowMic,cut33,,,,an.dirus_1m_14d_25c_smallcylinder,inferred_filename_source_family; merges cuts and microphone variants; individual/session identity UNKNOWN,1.195875,8000,1,PCM_16,9567,d29c4f62807a659a8cb194c422749035b5eaba448fc210db10af9faf3d5372ad,c9f63c3a8e5bf9a42e685bd03ccff3422c418a5a642da52e5a77a872c52c9e4b,training,training,HOLD: source-family grouping is not verified individual/session independence,True,raw/mosquito/An.Dirus_1M_14D_25C_SmallCylinder_LowMic_Cut33_16bit.wav
1VMsFDBQjLMe3j6LpmAeqIQgIcrkC4RwS,An.Dirus_1M_14D_25C_SmallCylinder_LowMic_Cut34_16bit.wav,mosquito,Anopheles dirus,anopheles_dirus,M,1M,14D,25C,SmallCylinder,LowMic,cut34,,,,an.dirus_1m_14d_25c_smallcylinder,inferred_filename_source_family; merges cuts and microphone variants; individual/session identity UNKNOWN,1.880875,8000,1,PCM_16,15047,e030402df9463a2fe65c68dd601cc95ad50f9da6eacdbd8a1c5d1f33f789ad78,caeb9f46eebb587e942d40328862dbe29feb8ee28396d44973aa0f19a26e5f90,training,training,HOLD: source-family grouping is not verified individual/session independence,True,raw/mosquito/An.Dirus_1M_14D_25C_SmallCylinder_LowMic_Cut34_16bit.wav
1PT0eFWqfRPpo-nmeG882jyH2Bf-cKdaz,An.Dirus_1M_14D_25C_SmallCylinder_LowMic_Cut35_16bit.wav,mosquito,Anopheles dirus,anopheles_dirus,M,1M,14D,25C,SmallCylinder,LowMic,cut35,,,,an.dirus_1m_14d_25c_smallcylinder,inferred_filename_source_family; merges cuts and microphone variants; individual/session identity UNKNOWN,0.70825,8000,1,PCM_16,5666,50aa0f828e14311202fc01fa57f4c1ed74b90c9a176095140dead323dd508959,9546b36e7eaf17dbc9945447e864bfb3df1cc5ea327c1cd86c985220e9998d31,training,training,HOLD: source-family grouping is not verified individual/session independence; shorter than original 1-second context; no padding/looping/concatenation authorized,False,raw/mosquito/An.Dirus_1M_14D_25C_SmallCylinder_LowMic_Cut35_16bit.wav
1oxQgO-KEb1dp1KiorV2o0vd5M4ug_jET,An.Dirus_1M_14D_25C_SmallCylinder_LowMic_Cut36_16bit.wav,mosquito,Anopheles dirus,anopheles_dirus,M,1M,14D,25C,SmallCylinder,LowMic,cut36,,,,an.dirus_1m_14d_25c_smallcylinder,inferred_filename_source_family; merges cuts and microphone variants; individual/session identity UNKNOWN,1.2075,8000,1,PCM_16,9660,e9867d7e2dc609d622533b676e08e88cf2cf767ad691a1423aab7b461a37e705,768a8773a22f5205fa2bbfbc5f7aab3ff7a7538ad458bd61933d4fc8a9440180,training,training,HOLD: source-family grouping is not verified individual/session independence,True,raw/mosquito/An.Dirus_1M_14D_25C_SmallCylinder_LowMic_Cut36_16bit.wav
1eEaa-3dt3o1ZkGsUogQCtU9U-zfZaYik,An.Dirus_1M_14D_25C_SmallCylinder_LowMic_Cut37_16bit.wav,mosquito,Anopheles dirus,anopheles_dirus,M,1M,14D,25C,SmallCylinder,LowMic,cut37,,,,an.dirus_1m_14d_25c_smallcylinder,inferred_filename_source_family; merges cuts and microphone variants; individual/session identity UNKNOWN,1.404875,8000,1,PCM_16,11239,dbd151ec26df18957151ef58a3b86b27171c66f7ac52d7a367d7d26f20967929,2f9afc69356876b94d986514c938d66ffd4aa804bdf6db6395706b9fbd4a5cd3,training,training,HOLD: source-family grouping is not verified individual/session independence,True,raw/mosquito/An.Dirus_1M_14D_25C_SmallCylinder_LowMic_Cut37_16bit.wav
1PtgetVAJb_iQ91vjokkt4F-CfTkaffpN,An.Dirus_1M_14D_25C_SmallCylinder_LowMic_Cut38_16bit.wav,mosquito,Anopheles dirus,anopheles_dirus,M,1M,14D,25C,SmallCylinder,LowMic,cut38,,,,an.dirus_1m_14d_25c_smallcylinder,inferred_filename_source_family; merges cuts and microphone variants; individual/session identity UNKNOWN,1.195875,8000,1,PCM_16,9567,06abae709dbb64209781a75bb742558779ee844de30614ba0931a90680c5e500,ce04efb3a514d6331a68c1bf1a484deb4c722d00ec07a3347309f994079413bc,training,training,HOLD: source-family grouping is not verified individual/session independence,True,raw/mosquito/An.Dirus_1M_14D_25C_SmallCylinder_LowMic_Cut38_16bit.wav
1ltPeFTMZEa8kiNxmoAFJHoSDk34kMGap,An.Dirus_1M_14D_25C_SmallCylinder_LowMic_Cut39_16bit.wav,mosquito,Anopheles dirus,anopheles_dirus,M,1M,14D,25C,SmallCylinder,LowMic,cut39,,,,an.dirus_1m_14d_25c_smallcylinder,inferred_filename_source_family; merges cuts and microphone variants; individual/session identity UNKNOWN,1.219125,8000,1,PCM_16,9753,69b3bd8e49e060f8d5c02e8c02cab6accaecd0474deaa875890561e14a1877da,79aa247fcc891c68013365d504fb3fb347f7c458004a1d2d6a093dfe203e8ddb,training,training,HOLD: source-family grouping is not verified individual/session independence,True,raw/mosquito/An.Dirus_1M_14D_25C_SmallCylinder_LowMic_Cut39_16bit.wav
1taYEsq0Chc_q9N4YprxYbvlswkLmKmKd,An.Dirus_1M_14D_25C_SmallCylinder_LowMic_Cut3_16bit.wav,mosquito,Anopheles dirus,anopheles_dirus,M,1M,14D,25C,SmallCylinder,LowMic,cut3,,,,an.dirus_1m_14d_25c_smallcylinder,inferred_filename_source_family; merges cuts and microphone variants; individual/session identity UNKNOWN,0.986875,8000,1,PCM_16,7895,230aa1d101c0daca84c660bb056926be7dc4e9a4e63e051cb963a67070d93983,74f26b528965c964bf1481174a81862b61588181d23c32ff1cb8618dd3f4b0b4,training,training,HOLD: source-family grouping is not verified individual/session independence; shorter than original 1-second context; no padding/looping/concatenation authorized,False,raw/mosquito/An.Dirus_1M_14D_25C_SmallCylinder_LowMic_Cut3_16bit.wav
1NtGYCqhTiIWZAIFN8Ji_bw4GvC-jb0ks,An.Dirus_1M_14D_25C_SmallCylinder_LowMic_Cut40_16bit.wav,mosquito,Anopheles dirus,anopheles_dirus,M,1M,14D,25C,SmallCylinder,LowMic,cut40,,,,an.dirus_1m_14d_25c_smallcylinder,inferred_filename_source_family; merges cuts and microphone variants; individual/session identity UNKNOWN,1.346875,8000,1,PCM_16,10775,a059d612d77dbeaf4c52f130109bdcb9fdb4a9ed1ad040ba9027b14f8b0026d6,b307bd380ddbedc43cf4085c452ea26e06980dc47d0a2f1710c2a6ad6dc009d3,training,training,HOLD: source-family grouping is not verified individual/session independence,True,raw/mosquito/An.Dirus_1M_14D_25C_SmallCylinder_LowMic_Cut40_16bit.wav
1k7dw1_4SSa2sk2UtKffE1n0CrP6Ic5tD,An.Dirus_1M_14D_25C_SmallCylinder_LowMic_Cut41_16bit.wav,mosquito,Anopheles dirus,anopheles_dirus,M,1M,14D,25C,SmallCylinder,LowMic,cut41,,,,an.dirus_1m_14d_25c_smallcylinder,inferred_filename_source_family; merges cuts and microphone variants; individual/session identity UNKNOWN,1.637125,8000,1,PCM_16,13097,0de25235f2e345655d113e31de82da8df49e996c4230fa3a84e14d9da7863c45,9f7594e06d438cc710962fb0385b3cbaf49e3eaf88166985308c2979ee91d132,training,training,HOLD: source-family grouping is not verified individual/session independence,True,raw/mosquito/An.Dirus_1M_14D_25C_SmallCylinder_LowMic_Cut41_16bit.wav
1-qaudW98y040QTdMcJSxSkGe6jUHgK--,An.Dirus_1M_14D_25C_SmallCylinder_LowMic_Cut42_16bit.wav,mosquito,Anopheles dirus,anopheles_dirus,M,1M,14D,25C,SmallCylinder,LowMic,cut42,,,,an.dirus_1m_14d_25c_smallcylinder,inferred_filename_source_family; merges cuts and microphone variants; individual/session identity UNKNOWN,1.66025,8000,1,PCM_16,13282,5551e6b459325232149a78064937f87593268e6855ca3506f26eeb39cde94df9,6eba604b5a5406fdf1fbfdda4bf2e200af81525ef72ae2b74b48c7955c7b51a0,training,training,HOLD: source-family grouping is not verified individual/session independence,True,raw/mosquito/An.Dirus_1M_14D_25C_SmallCylinder_LowMic_Cut42_16bit.wav
1NMN7SlvKWU4Ma7AjVmrCRuBTKey1jTC0,An.Dirus_1M_14D_25C_SmallCylinder_LowMic_Cut43_16bit.wav,mosquito,Anopheles dirus,anopheles_dirus,M,1M,14D,25C,SmallCylinder,LowMic,cut43,,,,an.dirus_1m_14d_25c_smallcylinder,inferred_filename_source_family; merges cuts and microphone variants; individual/session identity UNKNOWN,1.37,8000,1,PCM_16,10960,b93de886a5cfb598cda0c0bf0ad50b9abac1394790ea6723f3240a429916f067,721c377711d6dee180e58a38c8c5e0211314b1fbdb6add4536c370e35cc213fe,training,training,HOLD: source-family grouping is not verified individual/session independence,True,raw/mosquito/An.Dirus_1M_14D_25C_SmallCylinder_LowMic_Cut43_16bit.wav
1cBHUbyPz5yL2mc7yGp7IPtTMzWKyoeX6,An.Dirus_1M_14D_25C_SmallCylinder_LowMic_Cut44_16bit.wav,mosquito,Anopheles dirus,anopheles_dirus,M,1M,14D,25C,SmallCylinder,LowMic,cut44,,,,an.dirus_1m_14d_25c_smallcylinder,inferred_filename_source_family; merges cuts and microphone variants; individual/session identity UNKNOWN,0.557375,8000,1,PCM_16,4459,6473d6f47ebd4b915ebebabb1c1a5e844745ae622e877dba7e7bb7ff8176c71f,9f1090bf741f80bfdfd8260d633a0e694516456143aa4ef2cd8f969771e277a9,training,training,HOLD: source-family grouping is not verified individual/session independence; shorter than original 1-second context; no padding/looping/concatenation authorized,False,raw/mosquito/An.Dirus_1M_14D_25C_SmallCylinder_LowMic_Cut44_16bit.wav
1GyJGNzqLd51nDvCrWYO7cOGesJp7Fmlo,An.Dirus_1M_14D_25C_SmallCylinder_LowMic_Cut45_16bit.wav,mosquito,Anopheles dirus,anopheles_dirus,M,1M,14D,25C,SmallCylinder,LowMic,cut45,,,,an.dirus_1m_14d_25c_smallcylinder,inferred_filename_source_family; merges cuts and microphone variants; individual/session identity UNKNOWN,0.418,8000,1,PCM_16,3344,5dc2e24a0ac82412e7cfa3356490164bbee60b4dd60fa3e8843ff25e88e6b889,644ea44def108e9ceda417213fea23ccf791b3a2ae84fb28aa7d4ad473bfb288,training,training,HOLD: source-family grouping is not verified individual/session independence; shorter than original 1-second context; no padding/looping/concatenation authorized,False,raw/mosquito/An.Dirus_1M_14D_25C_SmallCylinder_LowMic_Cut45_16bit.wav
10mRflcP6SwjB0-4Pd7zPkX0m5lD9bp91,An.Dirus_1M_14D_25C_SmallCylinder_LowMic_Cut46_16bit.wav,mosquito,Anopheles dirus,anopheles_dirus,M,1M,14D,25C,SmallCylinder,LowMic,cut46,,,,an.dirus_1m_14d_25c_smallcylinder,inferred_filename_source_family; merges cuts and microphone variants; individual/session identity UNKNOWN,0.638625,8000,1,PCM_16,5109,23aba7384df379f145b3793ca47649fa4086dd2deac134edb0a564db1155c646,7733dc744afe655ec69aa2832a0d0a109cc6f9aa3259b453bc587e02d16a8e9f,training,training,HOLD: source-family grouping is not verified individual/session independence; shorter than original 1-second context; no padding/looping/concatenation authorized,False,raw/mosquito/An.Dirus_1M_14D_25C_SmallCylinder_LowMic_Cut46_16bit.wav
1X1IKf1PCpcglRZ8oxLrVasUS1Im6ECWH,An.Dirus_1M_14D_25C_SmallCylinder_LowMic_Cut47_16bit.wav,mosquito,Anopheles dirus,anopheles_dirus,M,1M,14D,25C,SmallCylinder,LowMic,cut47,,,,an.dirus_1m_14d_25c_smallcylinder,inferred_filename_source_family; merges cuts and microphone variants; individual/session identity UNKNOWN,0.557375,8000,1,PCM_16,4459,9d12304546ee5d04df28b0081df1de9dc67589a556d18f7f5623e6e6501a1767,8deba8859fe506ed4e07908f9337d1bb0eaec352cf2a7d98abbdbfe9a388a4b5,training,training,HOLD: source-family grouping is not verified individual/session independence; shorter than original 1-second context; no padding/looping/concatenation authorized,False,raw/mosquito/An.Dirus_1M_14D_25C_SmallCylinder_LowMic_Cut47_16bit.wav
1WBLYSxXVGIXVddG9P8epjwBoRkFu-suA,An.Dirus_1M_14D_25C_SmallCylinder_LowMic_Cut48_16bit.wav,mosquito,Anopheles dirus,anopheles_dirus,M,1M,14D,25C,SmallCylinder,LowMic,cut48,,,,an.dirus_1m_14d_25c_smallcylinder,inferred_filename_source_family; merges cuts and microphone variants; individual/session identity UNKNOWN,0.60375,8000,1,PCM_16,4830,36c7f02965e69e8980628000d208f104b53316b411281867a6a89666b822a3f1,829f11b04cc3b8af07d524c8702b065e09640ab82bd2ea717a31a2a8629c2953,training,training,HOLD: source-family grouping is not verified individual/session independence; shorter than original 1-second context; no padding/looping/concatenation authorized,False,raw/mosquito/An.Dirus_1M_14D_25C_SmallCylinder_LowMic_Cut48_16bit.wav
1h_jAa5ysPLvIqxaooLTSjNmXx6Fd6NSZ,An.Dirus_1M_14D_25C_SmallCylinder_LowMic_Cut49_16bit.wav,mosquito,Anopheles dirus,anopheles_dirus,M,1M,14D,25C,SmallCylinder,LowMic,cut49,,,,an.dirus_1m_14d_25c_smallcylinder,inferred_filename_source_family; merges cuts and microphone variants; individual/session identity UNKNOWN,0.7895,8000,1,PCM_16,6316,7ec2e0c335312772b7b975cdc41ab61d4454c12b1e7828956d8a1721e01ad837,90a7c37f0184ed7d2f5ccf5f65c34ca73fb63a3748c1cab8e4132476f80ec1be,training,training,HOLD: source-family grouping is not verified individual/session independence; shorter than original 1-second context; no padding/looping/concatenation authorized,False,raw/mosquito/An.Dirus_1M_14D_25C_SmallCylinder_LowMic_Cut49_16bit.wav
1P8Y2yXn8QOcclN7rJWW4mC4d9SENyC3C,An.Dirus_1M_14D_25C_SmallCylinder_LowMic_Cut4_16bit.wav,mosquito,Anopheles dirus,anopheles_dirus,M,1M,14D,25C,SmallCylinder,LowMic,cut4,,,,an.dirus_1m_14d_25c_smallcylinder,inferred_filename_source_family; merges cuts and microphone variants; individual/session identity UNKNOWN,0.719875,8000,1,PCM_16,5759,c5c5bd302a4d859dba38156be20d789616bf61e68015c9d1e9ac91a8e6fd50da,ac31b0d43ae39725422de0372bc538a95446c63f5780da2fe8baef6206103b31,training,training,HOLD: source-family grouping is not verified individual/session independence; shorter than original 1-second context; no padding/looping/concatenation authorized,False,raw/mosquito/An.Dirus_1M_14D_25C_SmallCylinder_LowMic_Cut4_16bit.wav
1ai0vHPn9TjdwNmdHnvq3gtskcvF0VSps,An.Dirus_1M_14D_25C_SmallCylinder_LowMic_Cut50_16bit.wav,mosquito,Anopheles dirus,anopheles_dirus,M,1M,14D,25C,SmallCylinder,LowMic,cut50,,,,an.dirus_1m_14d_25c_smallcylinder,inferred_filename_source_family; merges cuts and microphone variants; individual/session identity UNKNOWN,0.534125,8000,1,PCM_16,4273,7049db0cec22b6989e3a7405ea02ef8af3a8882fe89afb4ee4ca4c19ce9b921c,a5810cc764b3c32e1cb09eff8f1982ff67d1bc4de3995509fddf9c617c077fbc,training,training,HOLD: source-family grouping is not verified individual/session independence; shorter than original 1-second context; no padding/looping/concatenation authorized,False,raw/mosquito/An.Dirus_1M_14D_25C_SmallCylinder_LowMic_Cut50_16bit.wav
18wKs1tfHPMy-yKwXms4BtSWD_IOu6J1W,An.Dirus_1M_14D_25C_SmallCylinder_LowMic_Cut51_16bit.wav,mosquito,Anopheles dirus,anopheles_dirus,M,1M,14D,25C,SmallCylinder,LowMic,cut51,,,,an.dirus_1m_14d_25c_smallcylinder,inferred_filename_source_family; merges cuts and microphone variants; individual/session identity UNKNOWN,1.277125,8000,1,PCM_16,10217,9962e5ce4dcd5aa0d0a324e6597a0de8534c13261f77f386eeb9dc012b2e0a99,608fae0b60ea7393f2b01aa3705f7654761ef169eeab43a5cb5a408acdab75db,training,training,HOLD: source-family grouping is not verified individual/session independence,True,raw/mosquito/An.Dirus_1M_14D_25C_SmallCylinder_LowMic_Cut51_16bit.wav
11MEeO6f9x8bU2Fog-WKwYnQ4JvHYNSC9,An.Dirus_1M_14D_25C_SmallCylinder_LowMic_Cut52_16bit.wav,mosquito,Anopheles dirus,anopheles_dirus,M,1M,14D,25C,SmallCylinder,LowMic,cut52,,,,an.dirus_1m_14d_25c_smallcylinder,inferred_filename_source_family; merges cuts and microphone variants; individual/session identity UNKNOWN,0.54575,8000,1,PCM_16,4366,bc53cf28d13a0c68b3afc46b1aaab2da9e8ca49a18ff2f9efd5e93e0d127cd13,e54f20af1dc418f0457ee6f1a78833d1e4dd53059e1f7399ab6ecc1c867eedc3,training,training,HOLD: source-family grouping is not verified individual/session independence; shorter than original 1-second context; no padding/looping/concatenation authorized,False,raw/mosquito/An.Dirus_1M_14D_25C_SmallCylinder_LowMic_Cut52_16bit.wav
1n7JqNlWzfKqFkcUZYIjDDHsSAz7PbpkQ,An.Dirus_1M_14D_25C_SmallCylinder_LowMic_Cut53_16bit.wav,mosquito,Anopheles dirus,anopheles_dirus,M,1M,14D,25C,SmallCylinder,LowMic,cut53,,,,an.dirus_1m_14d_25c_smallcylinder,inferred_filename_source_family; merges cuts and microphone variants; individual/session identity UNKNOWN,1.86925,8000,1,PCM_16,14954,2cfd7a8cd41a46c4313ba8ae387b3eb6637b12f584de7d82af4b882c331b8f9b,01941d52c79609bb4f6020547b8747232c2276ed9e606025eaa9102841a50cd6,training,training,HOLD: source-family grouping is not verified individual/session independence,True,raw/mosquito/An.Dirus_1M_14D_25C_SmallCylinder_LowMic_Cut53_16bit.wav
1fuJTlDgSG5MOyMxjFA1AnrlsbNPTSglN,An.Dirus_1M_14D_25C_SmallCylinder_LowMic_Cut54_16bit.wav,mosquito,Anopheles dirus,anopheles_dirus,M,1M,14D,25C,SmallCylinder,LowMic,cut54,,,,an.dirus_1m_14d_25c_smallcylinder,inferred_filename_source_family; merges cuts and microphone variants; individual/session identity UNKNOWN,1.6835,8000,1,PCM_16,13468,2544ef438240776ca8944e47da448e00d6e0a1d3a3f6ac2a0deed53adca95b68,183e5ecf078e38e8b043414730d32125dea5a5d2f6fc29701f94936e5164a508,training,training,HOLD: source-family grouping is not verified individual/session independence,True,raw/mosquito/An.Dirus_1M_14D_25C_SmallCylinder_LowMic_Cut54_16bit.wav
1ACZJWO5VoIV1da81B7DmGtlMNOXM25EE,An.Dirus_1M_14D_25C_SmallCylinder_LowMic_Cut55_16bit.wav,mosquito,Anopheles dirus,anopheles_dirus,M,1M,14D,25C,SmallCylinder,LowMic,cut55,,,,an.dirus_1m_14d_25c_smallcylinder,inferred_filename_source_family; merges cuts and microphone variants; individual/session identity UNKNOWN,0.534125,8000,1,PCM_16,4273,ab47c09987e8c7c5063bdc8365a167b982fde975c98b0505519f524c682bdf28,1ba1e866fb172a63f365cfd4807967db73d10c346dc86f1a1d0e027f75ab198c,training,training,HOLD: source-family grouping is not verified individual/session independence; shorter than original 1-second context; no padding/looping/concatenation authorized,False,raw/mosquito/An.Dirus_1M_14D_25C_SmallCylinder_LowMic_Cut55_16bit.wav
1jyRlFF22ZHV2b0HFonyPY_kEp516xn-f,An.Dirus_1M_14D_25C_SmallCylinder_LowMic_Cut56_16bit.wav,mosquito,Anopheles dirus,anopheles_dirus,M,1M,14D,25C,SmallCylinder,LowMic,cut56,,,,an.dirus_1m_14d_25c_smallcylinder,inferred_filename_source_family; merges cuts and microphone variants; individual/session identity UNKNOWN,0.9405,8000,1,PCM_16,7524,7d84489a96091747bf606e719ee8fef7c180fc8881b1c1d5caefa7a2cf7fbda3,bc2106b705dc3791dd3108fb9590f8574e61eb57b1c22533f8669f66d7551ddd,training,training,HOLD: source-family grouping is not verified individual/session independence; shorter than original 1-second context; no padding/looping/concatenation authorized,False,raw/mosquito/An.Dirus_1M_14D_25C_SmallCylinder_LowMic_Cut56_16bit.wav
1Sf8xe72X4XHouUV81iJNL8JHpbCLTlLT,An.Dirus_1M_14D_25C_SmallCylinder_LowMic_Cut5_16bit.wav,mosquito,Anopheles dirus,anopheles_dirus,M,1M,14D,25C,SmallCylinder,LowMic,cut5,,,,an.dirus_1m_14d_25c_smallcylinder,inferred_filename_source_family; merges cuts and microphone variants; individual/session identity UNKNOWN,1.161,8000,1,PCM_16,9288,14b9972c78ebab2bc394a59760f6f2b2217a0aa087aa64e39dad83396b051f58,5e440ea9814ff7fa29398eb9a3574eef41945c96fd5e407665548c9e92827cd0,training,training,HOLD: source-family grouping is not verified individual/session independence,True,raw/mosquito/An.Dirus_1M_14D_25C_SmallCylinder_LowMic_Cut5_16bit.wav
12-3iXqL55xR1W2-evg3xNlCbavB455H5,An.Dirus_1M_14D_25C_SmallCylinder_LowMic_Cut6_16bit.wav,mosquito,Anopheles dirus,anopheles_dirus,M,1M,14D,25C,SmallCylinder,LowMic,cut6,,,,an.dirus_1m_14d_25c_smallcylinder,inferred_filename_source_family; merges cuts and microphone variants; individual/session identity UNKNOWN,0.476125,8000,1,PCM_16,3809,7dc5e1179c1d04e9e07f18fb3d97a7ac0f15d153ddf884c7158ef1a19d36f9b8,7158781946b8559f962cfd154ba6e65589424727b185bc51d304b0fb6ded68a0,training,training,HOLD: source-family grouping is not verified individual/session independence; shorter than original 1-second context; no padding/looping/concatenation authorized,False,raw/mosquito/An.Dirus_1M_14D_25C_SmallCylinder_LowMic_Cut6_16bit.wav
1Gmznj9QSdeyRqrIODCYZFCO9ZwHIQ5ip,An.Dirus_1M_14D_25C_SmallCylinder_LowMic_Cut7_16bit.wav,mosquito,Anopheles dirus,anopheles_dirus,M,1M,14D,25C,SmallCylinder,LowMic,cut7,,,,an.dirus_1m_14d_25c_smallcylinder,inferred_filename_source_family; merges cuts and microphone variants; individual/session identity UNKNOWN,1.358375,8000,1,PCM_16,10867,7702b4ca429f7c571ebd694334fbf4ec4e6ff77d26300e1337f09e85f90ede7e,4d05bd76e63f7479e937e30d882b396c52f2f09b1cf9b24c740f73da24eda360,training,training,HOLD: source-family grouping is not verified individual/session independence,True,raw/mosquito/An.Dirus_1M_14D_25C_SmallCylinder_LowMic_Cut7_16bit.wav
12MUfJkZqgdbLMQYbAydHPv-gkI0iNdEV,An.Dirus_1M_14D_25C_SmallCylinder_LowMic_Cut8_16bit.wav,mosquito,Anopheles dirus,anopheles_dirus,M,1M,14D,25C,SmallCylinder,LowMic,cut8,,,,an.dirus_1m_14d_25c_smallcylinder,inferred_filename_source_family; merges cuts and microphone variants; individual/session identity UNKNOWN,0.429625,8000,1,PCM_16,3437,e30aa5b7ee3ad862e2544f934bca5e9067bd26cf9efaf3fd7ad85be325fa26ef,5635d49e2769d251a6d36c0a33585166c3271247e25dd9c6ecd94eefc8c84286,training,training,HOLD: source-family grouping is not verified individual/session independence; shorter than original 1-second context; no padding/looping/concatenation authorized,False,raw/mosquito/An.Dirus_1M_14D_25C_SmallCylinder_LowMic_Cut8_16bit.wav
1dd0yjiSa5HNlj-qakv3DAqRiDrW-9DAo,An.Dirus_1M_14D_25C_SmallCylinder_LowMic_Cut9_16bit.wav,mosquito,Anopheles dirus,anopheles_dirus,M,1M,14D,25C,SmallCylinder,LowMic,cut9,,,,an.dirus_1m_14d_25c_smallcylinder,inferred_filename_source_family; merges cuts and microphone variants; individual/session identity UNKNOWN,0.743125,8000,1,PCM_16,5945,3af9f8bcf45878b0d26eec37088acaf2b460d82889d45e87b26ef22ad61edbcd,521acee03e78c8eb4cb2fb40fea0af4cab06313eb687fd70482ba8bdc7efdeb6,training,training,HOLD: source-family grouping is not verified individual/session independence; shorter than original 1-second context; no padding/looping/concatenation authorized,False,raw/mosquito/An.Dirus_1M_14D_25C_SmallCylinder_LowMic_Cut9_16bit.wav
18BNmZlDaqU0WAXMgBz2DSj7mzasxnlb_,An.Dirus_1M_5D_25C_SmallCylinder_Cut10_16bit.wav,mosquito,Anopheles dirus,anopheles_dirus,M,1M,5D,25C,SmallCylinder,unmarked,cut10,,,,an.dirus_1m_5d_25c_smallcylinder,inferred_filename_source_family; merges cuts and microphone variants; individual/session identity UNKNOWN,1.4165,8000,1,PCM_16,11332,7759b4ad7ee7bfb05802c45b6eda375e1096b2c3d98a3462792e294a8bdc8639,90b5927283873ff728d4924e29248f6290b5e044bf2d5252c79f3de940f80599,testing,testing,HOLD: source-family grouping is not verified individual/session independence,True,raw/mosquito/An.Dirus_1M_5D_25C_SmallCylinder_Cut10_16bit.wav
1KzTMdJ2DwnO9rOOtWBDW3_FPapJeGZ7R,An.Dirus_1M_5D_25C_SmallCylinder_Cut11_16bit.wav,mosquito,Anopheles dirus,anopheles_dirus,M,1M,5D,25C,SmallCylinder,unmarked,cut11,,,,an.dirus_1m_5d_25c_smallcylinder,inferred_filename_source_family; merges cuts and microphone variants; individual/session identity UNKNOWN,0.510875,8000,1,PCM_16,4087,0ddeee6f403bf87a988ff1049e67f9acea267db62b2321bfe32d349d3570e043,dff046ceb245281c93a4bbe7da1700c3b7ceedd4ca642f8fb8befa0ba735f5d2,testing,testing,HOLD: source-family grouping is not verified individual/session independence; shorter than original 1-second context; no padding/looping/concatenation authorized,False,raw/mosquito/An.Dirus_1M_5D_25C_SmallCylinder_Cut11_16bit.wav
1QLCrufgSVadPUUGsutgcpJP8m1X01Jtj,An.Dirus_1M_5D_25C_SmallCylinder_Cut12_16bit.wav,mosquito,Anopheles dirus,anopheles_dirus,M,1M,5D,25C,SmallCylinder,unmarked,cut12,,,,an.dirus_1m_5d_25c_smallcylinder,inferred_filename_source_family; merges cuts and microphone variants; individual/session identity UNKNOWN,1.312,8000,1,PCM_16,10496,04063747da48268b038ffc0fd52619997ae77c67cc75e1bbdf4efa73605f46cd,f73a5ce085335c298031e15ab2ddf61620ddc40207e37072ecb7ed5f7c3c0b43,testing,testing,HOLD: source-family grouping is not verified individual/session independence,True,raw/mosquito/An.Dirus_1M_5D_25C_SmallCylinder_Cut12_16bit.wav
12oRmv0wnBIXQl7I0JMYGwiG_aCrai92b,An.Dirus_1M_5D_25C_SmallCylinder_Cut13_16bit.wav,mosquito,Anopheles dirus,anopheles_dirus,M,1M,5D,25C,SmallCylinder,unmarked,cut13,,,,an.dirus_1m_5d_25c_smallcylinder,inferred_filename_source_family; merges cuts and microphone variants; individual/session identity UNKNOWN,1.114625,8000,1,PCM_16,8917,2406700382e4f85cd68a94837ab31608623b7bc573e4508dde7f33fdb2b48706,794d01a041a820b52616de4a6481d02a4976c74b43d0f6f72571a9ebd47749e3,testing,testing,HOLD: source-family grouping is not verified individual/session independence,True,raw/mosquito/An.Dirus_1M_5D_25C_SmallCylinder_Cut13_16bit.wav
1YhQdvuNT-ZYpxbfp5LP0r_48kw_pXn5A,An.Dirus_1M_5D_25C_SmallCylinder_Cut14_16bit.wav,mosquito,Anopheles dirus,anopheles_dirus,M,1M,5D,25C,SmallCylinder,unmarked,cut14,,,,an.dirus_1m_5d_25c_smallcylinder,inferred_filename_source_family; merges cuts and microphone variants; individual/session identity UNKNOWN,1.137875,8000,1,PCM_16,9103,3da5029fc5c8cdbf7b9883d84512ecbfe10b020339d6118b3e33de003b284477,9753e82b2bc585601d5f8bca949ce40e1df5e39467bf575e34d5082de36979e2,testing,testing,HOLD: source-family grouping is not verified individual/session independence,True,raw/mosquito/An.Dirus_1M_5D_25C_SmallCylinder_Cut14_16bit.wav
1ySExuEFEHTVXGbuUxSIyphCFvijE3CRu,An.Dirus_1M_5D_25C_SmallCylinder_Cut15_16bit.wav,mosquito,Anopheles dirus,anopheles_dirus,M,1M,5D,25C,SmallCylinder,unmarked,cut15,,,,an.dirus_1m_5d_25c_smallcylinder,inferred_filename_source_family; merges cuts and microphone variants; individual/session identity UNKNOWN,1.312,8000,1,PCM_16,10496,80fa397dd426fec6f375fe60d1dbf97e5b2f71ac3235b1921efc75ccd8cdf46d,bba68f7b0bcbd67b27693c107e6911b0d14989a208aafd7f5267eaf10549cd5f,testing,testing,HOLD: source-family grouping is not verified individual/session independence,True,raw/mosquito/An.Dirus_1M_5D_25C_SmallCylinder_Cut15_16bit.wav
1CSC9djPJFwoIpzgJvrTBeknO0RYiZs7C,An.Dirus_1M_5D_25C_SmallCylinder_Cut16_16bit.wav,mosquito,Anopheles dirus,anopheles_dirus,M,1M,5D,25C,SmallCylinder,unmarked,cut16,,,,an.dirus_1m_5d_25c_smallcylinder,inferred_filename_source_family; merges cuts and microphone variants; individual/session identity UNKNOWN,2.589125,8000,1,PCM_16,20713,8f46b3e60e5f1ba522d6359cbcb723c291f9fac3cc00bd7b1ec2019e173ce2b1,380c1c1bb55f0054989a9d1f168b8325297181d2486b417c7f1c514100360b98,testing,testing,HOLD: source-family grouping is not verified individual/session independence,True,raw/mosquito/An.Dirus_1M_5D_25C_SmallCylinder_Cut16_16bit.wav
11zwm8LlrEwtf7DGkWrzG0fFgL3JoZXHz,An.Dirus_1M_5D_25C_SmallCylinder_Cut17_16bit.wav,mosquito,Anopheles dirus,anopheles_dirus,M,1M,5D,25C,SmallCylinder,unmarked,cut17,,,,an.dirus_1m_5d_25c_smallcylinder,inferred_filename_source_family; merges cuts and microphone variants; individual/session identity UNKNOWN,0.9985,8000,1,PCM_16,7988,02e15a44604f369f9f9d02442fe69a35e5b763570d2f0294c0f4dad0818c190d,61ee8dbbb9c90b7443cb032fe5757c7e49949dd7f3b6fbd7baaacb45cc007df6,testing,testing,HOLD: source-family grouping is not verified individual/session independence; shorter than original 1-second context; no padding/looping/concatenation authorized,False,raw/mosquito/An.Dirus_1M_5D_25C_SmallCylinder_Cut17_16bit.wav
1wdkhaQu3mET9YS-ROq0kQVHZAMVBYtR6,An.Dirus_1M_5D_25C_SmallCylinder_Cut18_16bit.wav,mosquito,Anopheles dirus,anopheles_dirus,M,1M,5D,25C,SmallCylinder,unmarked,cut18,,,,an.dirus_1m_5d_25c_smallcylinder,inferred_filename_source_family; merges cuts and microphone variants; individual/session identity UNKNOWN,1.81125,8000,1,PCM_16,14490,371c8dc0fa7b1336f6766bd79432280d8d13b87556f9b704a46aad5261956510,0d0ec13f999901d33e2af369a6cb479d504d4b66f41221941562188997e6cc8d,testing,testing,HOLD: source-family grouping is not verified individual/session independence,True,raw/mosquito/An.Dirus_1M_5D_25C_SmallCylinder_Cut18_16bit.wav
10VSx3dNVlISD5T618yVP8ZxGII2l1YSj,An.Dirus_1M_5D_25C_SmallCylinder_Cut19_16bit.wav,mosquito,Anopheles dirus,anopheles_dirus,M,1M,5D,25C,SmallCylinder,unmarked,cut19,,,,an.dirus_1m_5d_25c_smallcylinder,inferred_filename_source_family; merges cuts and microphone variants; individual/session identity UNKNOWN,1.161,8000,1,PCM_16,9288,17d7dbb98219044a49719abd22bf3ba7007c304c33b3a8afa2927514e11a3fc7,0f0d83d2e42c81f13e460ae1f8aa52a24fcc756b4c6118e6c2e6f4fdf076bbae,testing,testing,HOLD: source-family grouping is not verified individual/session independence,True,raw/mosquito/An.Dirus_1M_5D_25C_SmallCylinder_Cut19_16bit.wav
1pdmhWattY_QGOWsET46Alc-wUEua5q_r,An.Dirus_1M_5D_25C_SmallCylinder_Cut1_16bit.wav,mosquito,Anopheles dirus,anopheles_dirus,M,1M,5D,25C,SmallCylinder,unmarked,cut1,,,,an.dirus_1m_5d_25c_smallcylinder,inferred_filename_source_family; merges cuts and microphone variants; individual/session identity UNKNOWN,1.753125,8000,1,PCM_16,14025,d0e93302f842d5147d6a503496d5b369e18088405dad6c3adc63c301105d9905,7639924e1f1737b425ee77736b34194bf363696a0c1a6e9f85e49ea133724b50,testing,testing,HOLD: source-family grouping is not verified individual/session independence,True,raw/mosquito/An.Dirus_1M_5D_25C_SmallCylinder_Cut1_16bit.wav
1-WH8cwfM9mZ-zN8Mvrh8SgO8Q1xkkFBT,An.Dirus_1M_5D_25C_SmallCylinder_Cut20_16bit.wav,mosquito,Anopheles dirus,anopheles_dirus,M,1M,5D,25C,SmallCylinder,unmarked,cut20,,,,an.dirus_1m_5d_25c_smallcylinder,inferred_filename_source_family; merges cuts and microphone variants; individual/session identity UNKNOWN,0.510875,8000,1,PCM_16,4087,61448e33e742f865d5b4481dc21177482dc302a37b89fb9f627983f551bfd9aa,b5bf0c39bf3fc3315248d4f27ce8b1f9fcc970552e9695dc670d9f11b671e6cd,testing,testing,HOLD: source-family grouping is not verified individual/session independence; shorter than original 1-second context; no padding/looping/concatenation authorized,False,raw/mosquito/An.Dirus_1M_5D_25C_SmallCylinder_Cut20_16bit.wav
1wbSQ7Jtzy34SBxp-YlY1KDyDVRffVCD5,An.Dirus_1M_5D_25C_SmallCylinder_Cut21_16bit.wav,mosquito,Anopheles dirus,anopheles_dirus,M,1M,5D,25C,SmallCylinder,unmarked,cut21,,,,an.dirus_1m_5d_25c_smallcylinder,inferred_filename_source_family; merges cuts and microphone variants; individual/session identity UNKNOWN,1.045,8000,1,PCM_16,8360,a0edca7197df0bfe128c4dfd26f2b4029623e50141d0890fd1bc7adc51c88bbb,87bf6314f34f987f54a9c33b778a83c0101a57856bc6dfdb45f6f8fc9fed8753,testing,testing,HOLD: source-family grouping is not verified individual/session independence,True,raw/mosquito/An.Dirus_1M_5D_25C_SmallCylinder_Cut21_16bit.wav
1z8Bh0iRGFTdaJitdtFaiMgqhDyHXm1fQ,An.Dirus_1M_5D_25C_SmallCylinder_Cut22_16bit.wav,mosquito,Anopheles dirus,anopheles_dirus,M,1M,5D,25C,SmallCylinder,unmarked,cut22,,,,an.dirus_1m_5d_25c_smallcylinder,inferred_filename_source_family; merges cuts and microphone variants; individual/session identity UNKNOWN,2.3105,8000,1,PCM_16,18484,a19fa8c1c3500fe823a0d52a8e8efdb6a0b9a5c7f7d588ead6de5c66fb3ad648,a1296e6d0e42a434d538f6dc48dc39d2995d0f5da6ed86c81d50f43f581e3602,testing,testing,HOLD: source-family grouping is not verified individual/session independence,True,raw/mosquito/An.Dirus_1M_5D_25C_SmallCylinder_Cut22_16bit.wav
1fZBpjLMrt6aLsQrNcxrgvlRXhpB-wlgR,An.Dirus_1M_5D_25C_SmallCylinder_Cut23_16bit.wav,mosquito,Anopheles dirus,anopheles_dirus,M,1M,5D,25C,SmallCylinder,unmarked,cut23,,,,an.dirus_1m_5d_25c_smallcylinder,inferred_filename_source_family; merges cuts and microphone variants; individual/session identity UNKNOWN,1.613875,8000,1,PCM_16,12911,7858dabb37ac83540f9a839c1ade6fc3d55519700bddd46ade9c37a7e0faf79a,31402d497146cc4b2cfb0e64880a9bbaf1b4ec01396a6959507f6a85c4dc2ff2,testing,testing,HOLD: source-family grouping is not verified individual/session independence,True,raw/mosquito/An.Dirus_1M_5D_25C_SmallCylinder_Cut23_16bit.wav
1uLyc4vWxL2TPn2brFYecSGGrf99IchI9,An.Dirus_1M_5D_25C_SmallCylinder_Cut24_16bit.wav,mosquito,Anopheles dirus,anopheles_dirus,M,1M,5D,25C,SmallCylinder,unmarked,cut24,,,,an.dirus_1m_5d_25c_smallcylinder,inferred_filename_source_family; merges cuts and microphone variants; individual/session identity UNKNOWN,1.091375,8000,1,PCM_16,8731,1f9b997fba9953a31bc326d97d90cc1c0ab257ea30acffeccc1489c116d99baf,a41717312ea432ba78c0f5f861d8a9023c1464109070f079136fbd3c9cab24f5,testing,testing,HOLD: source-family grouping is not verified individual/session independence,True,raw/mosquito/An.Dirus_1M_5D_25C_SmallCylinder_Cut24_16bit.wav
1i_NelD5tOY5RDwXhUzwrEVVrld4kYOcA,An.Dirus_1M_5D_25C_SmallCylinder_Cut25_16bit.wav,mosquito,Anopheles dirus,anopheles_dirus,M,1M,5D,25C,SmallCylinder,unmarked,cut25,,,,an.dirus_1m_5d_25c_smallcylinder,inferred_filename_source_family; merges cuts and microphone variants; individual/session identity UNKNOWN,0.81275,8000,1,PCM_16,6502,dd9949f6ff530fa5062eb4948518d4201e3cf8bb027fd8f904edc1c7f0fef1fb,193fea2f1463857e601d5ef06bdc34fd2488cb97a808a2a01fe2c383863d5a9f,testing,testing,HOLD: source-family grouping is not verified individual/session independence; shorter than original 1-second context; no padding/looping/concatenation authorized,False,raw/mosquito/An.Dirus_1M_5D_25C_SmallCylinder_Cut25_16bit.wav
1WGNZzWB9xD-0FHMQX0t7jxQOzNhJIZ1e,An.Dirus_1M_5D_25C_SmallCylinder_Cut26_16bit.wav,mosquito,Anopheles dirus,anopheles_dirus,M,1M,5D,25C,SmallCylinder,unmarked,cut26,,,,an.dirus_1m_5d_25c_smallcylinder,inferred_filename_source_family; merges cuts and microphone variants; individual/session identity UNKNOWN,3.40175,8000,1,PCM_16,27214,171b3d4cf629a56c201b7e0073772d36dd36ebe618706b35359460b2a20bc689,ce52ca7511526d09f41c1a6697039eae7f096cdc46a9dcaac05472b031737971,testing,testing,HOLD: source-family grouping is not verified individual/session independence,True,raw/mosquito/An.Dirus_1M_5D_25C_SmallCylinder_Cut26_16bit.wav
1Fb47gGQaLmJJG7CLCJeEKq6olUtw00Gu,An.Dirus_1M_5D_25C_SmallCylinder_Cut27_16bit.wav,mosquito,Anopheles dirus,anopheles_dirus,M,1M,5D,25C,SmallCylinder,unmarked,cut27,,,,an.dirus_1m_5d_25c_smallcylinder,inferred_filename_source_family; merges cuts and microphone variants; individual/session identity UNKNOWN,0.777875,8000,1,PCM_16,6223,545b315f953b16cd20f458492658eaa0d2434adbdc4459e6b712e630eaddc820,8952f0d194ca3867a88c28749218ba5c7264d82f2b74b556a60f0a2fd6257ac8,testing,testing,HOLD: source-family grouping is not verified individual/session independence; shorter than original 1-second context; no padding/looping/concatenation authorized,False,raw/mosquito/An.Dirus_1M_5D_25C_SmallCylinder_Cut27_16bit.wav
1h9MXAgcGNz1zEnsnbnahcPned9GrmikZ,An.Dirus_1M_5D_25C_SmallCylinder_Cut28_16bit.wav,mosquito,Anopheles dirus,anopheles_dirus,M,1M,5D,25C,SmallCylinder,unmarked,cut28,,,,an.dirus_1m_5d_25c_smallcylinder,inferred_filename_source_family; merges cuts and microphone variants; individual/session identity UNKNOWN,0.5805,8000,1,PCM_16,4644,b0ab3f107ae18af3408b5c13fbeac73e3d5547b65168390a71c2a54e39357953,a48d79faa2ac202c86490c53bd3418aaf2df855fc3af101ba03ce9feca02afb1,testing,testing,HOLD: source-family grouping is not verified individual/session independence; shorter than original 1-second context; no padding/looping/concatenation authorized,False,raw/mosquito/An.Dirus_1M_5D_25C_SmallCylinder_Cut28_16bit.wav
1gBhcEDWdxSBFgTt5suSERl9xZ1aQYrPl,An.Dirus_1M_5D_25C_SmallCylinder_Cut29_16bit.wav,mosquito,Anopheles dirus,anopheles_dirus,M,1M,5D,25C,SmallCylinder,unmarked,cut29,,,,an.dirus_1m_5d_25c_smallcylinder,inferred_filename_source_family; merges cuts and microphone variants; individual/session identity UNKNOWN,1.091375,8000,1,PCM_16,8731,0c34285747f6159c6c9b3cfbd3f55e05b33c0e68692c0bd76109f688322400e6,755c3d878cad7c6489f8b5ee872b79922d0385b09ccce5119fb05f8a2136ebc5,testing,testing,HOLD: source-family grouping is not verified individual/session independence,True,raw/mosquito/An.Dirus_1M_5D_25C_SmallCylinder_Cut29_16bit.wav
13x5iyvJqA2hBw2Je3FUWEefpK9y026x7,An.Dirus_1M_5D_25C_SmallCylinder_Cut2_16bit.wav,mosquito,Anopheles dirus,anopheles_dirus,M,1M,5D,25C,SmallCylinder,unmarked,cut2,,,,an.dirus_1m_5d_25c_smallcylinder,inferred_filename_source_family; merges cuts and microphone variants; individual/session identity UNKNOWN,1.428125,8000,1,PCM_16,11425,28c9d8845ade575bd7ed45172c2cdf8a312ad95642dad3d0a0a00372d363f192,64892112b962ede1a8d4135f21b5a507b8aaa8fc8ce3c7f96002db309208db52,testing,testing,HOLD: source-family grouping is not verified individual/session independence,True,raw/mosquito/An.Dirus_1M_5D_25C_SmallCylinder_Cut2_16bit.wav
1t7BhZnWArZLZOkQiXeUXipVf00ftjpp4,An.Dirus_1M_5D_25C_SmallCylinder_Cut30_16bit.wav,mosquito,Anopheles dirus,anopheles_dirus,M,1M,5D,25C,SmallCylinder,unmarked,cut30,,,,an.dirus_1m_5d_25c_smallcylinder,inferred_filename_source_family; merges cuts and microphone variants; individual/session identity UNKNOWN,0.986875,8000,1,PCM_16,7895,359d45446fc9a0828321b97fa5ea4bc15238c59438ae7e47c155288adc6ca510,2743954fe67f92ac435c0685dc8d81b71a2e4e3db01369c534fa2a6a7aa2198e,testing,testing,HOLD: source-family grouping is not verified individual/session independence; shorter than original 1-second context; no padding/looping/concatenation authorized,False,raw/mosquito/An.Dirus_1M_5D_25C_SmallCylinder_Cut30_16bit.wav
1HtOSz9HRFMowE2H8M9c7UfyBeXJH_rNt,An.Dirus_1M_5D_25C_SmallCylinder_Cut31_16bit.wav,mosquito,Anopheles dirus,anopheles_dirus,M,1M,5D,25C,SmallCylinder,unmarked,cut31,,,,an.dirus_1m_5d_25c_smallcylinder,inferred_filename_source_family; merges cuts and microphone variants; individual/session identity UNKNOWN,1.54425,8000,1,PCM_16,12354,6531a4d564418fb8d56110901f1bd2fc5f95985823436e13e08e80a89051f164,9a8b97db7ceb508535809e196d67129629cbd7ae9b6dc37998c816858d34b139,testing,testing,HOLD: source-family grouping is not verified individual/session independence,True,raw/mosquito/An.Dirus_1M_5D_25C_SmallCylinder_Cut31_16bit.wav
1IC8zlf4qawx9qdyQh_VZSKRLuAJS4kfK,An.Dirus_1M_5D_25C_SmallCylinder_Cut32_16bit.wav,mosquito,Anopheles dirus,anopheles_dirus,M,1M,5D,25C,SmallCylinder,unmarked,cut32,,,,an.dirus_1m_5d_25c_smallcylinder,inferred_filename_source_family; merges cuts and microphone variants; individual/session identity UNKNOWN,1.521,8000,1,PCM_16,12168,280aed936f346e8bd7493d455da201ca4b2a21517e49112bbbf03575f17fc2b7,58bb07201970b72e2b5521daf226ac120252af6fb8431ada470cfd1c0d7767b0,testing,testing,HOLD: source-family grouping is not verified individual/session independence,True,raw/mosquito/An.Dirus_1M_5D_25C_SmallCylinder_Cut32_16bit.wav
1oLzItTtP0JvKWtkeWv6y9E93ST8HlHqA,An.Dirus_1M_5D_25C_SmallCylinder_Cut33_16bit.wav,mosquito,Anopheles dirus,anopheles_dirus,M,1M,5D,25C,SmallCylinder,unmarked,cut33,,,,an.dirus_1m_5d_25c_smallcylinder,inferred_filename_source_family; merges cuts and microphone variants; individual/session identity UNKNOWN,1.114625,8000,1,PCM_16,8917,1bd4ffcde64416133f92ff114cdd498f3d708eb53e47212e8789eae0e9ce4c41,61d22c2af1411701248f1cd30430a0741194bdfdcb8a11a3879ceef0a3f62c8c,testing,testing,HOLD: source-family grouping is not verified individual/session independence,True,raw/mosquito/An.Dirus_1M_5D_25C_SmallCylinder_Cut33_16bit.wav
1NURNaLZRTAyEKOI3aplGfACsKpoKlbAx,An.Dirus_1M_5D_25C_SmallCylinder_Cut34_16bit.wav,mosquito,Anopheles dirus,anopheles_dirus,M,1M,5D,25C,SmallCylinder,unmarked,cut34,,,,an.dirus_1m_5d_25c_smallcylinder,inferred_filename_source_family; merges cuts and microphone variants; individual/session identity UNKNOWN,0.7895,8000,1,PCM_16,6316,34e41a0187fd2f4ebe043683e58a9f7ce2c784c0a2556f671214f21c27533154,3c561fa945e0b12f37d3885944f88a6ecf73f9bc0a08894d47063116d8051e99,testing,testing,HOLD: source-family grouping is not verified individual/session independence; shorter than original 1-second context; no padding/looping/concatenation authorized,False,raw/mosquito/An.Dirus_1M_5D_25C_SmallCylinder_Cut34_16bit.wav
1Otajls2_6-kKbjLYnD2HCu3Vq4fMOM00,An.Dirus_1M_5D_25C_SmallCylinder_Cut35_16bit.wav,mosquito,Anopheles dirus,anopheles_dirus,M,1M,5D,25C,SmallCylinder,unmarked,cut35,,,,an.dirus_1m_5d_25c_smallcylinder,inferred_filename_source_family; merges cuts and microphone variants; individual/session identity UNKNOWN,0.9985,8000,1,PCM_16,7988,7c8aea91f606d2f491cf7ba697ca090fd1ab5e4c86569998b944a358f7dabd6b,fbc060c62dc04141d06ef5f0b8520106a299470e66717892eb3573374027d416,testing,testing,HOLD: source-family grouping is not verified individual/session independence; shorter than original 1-second context; no padding/looping/concatenation authorized,False,raw/mosquito/An.Dirus_1M_5D_25C_SmallCylinder_Cut35_16bit.wav
1qA7_7zRaLWlhl3wwfOGrtCdYvD4NA1Ep,An.Dirus_1M_5D_25C_SmallCylinder_Cut36_16bit.wav,mosquito,Anopheles dirus,anopheles_dirus,M,1M,5D,25C,SmallCylinder,unmarked,cut36,,,,an.dirus_1m_5d_25c_smallcylinder,inferred_filename_source_family; merges cuts and microphone variants; individual/session identity UNKNOWN,1.114625,8000,1,PCM_16,8917,e5e4770168063c398c3b15fc12914ff09d03a864eddec36e951d6f49205be9ad,db7dce191d7e925e311ca45b190af85a328cbd5334f884b5c3bb06c3d2b790ff,testing,testing,HOLD: source-family grouping is not verified individual/session independence,True,raw/mosquito/An.Dirus_1M_5D_25C_SmallCylinder_Cut36_16bit.wav
1c86gUeIQ4aPH_nCYJgxCv8ibYnRtVt5Q,An.Dirus_1M_5D_25C_SmallCylinder_Cut37_16bit.wav,mosquito,Anopheles dirus,anopheles_dirus,M,1M,5D,25C,SmallCylinder,unmarked,cut37,,,,an.dirus_1m_5d_25c_smallcylinder,inferred_filename_source_family; merges cuts and microphone variants; individual/session identity UNKNOWN,0.592125,8000,1,PCM_16,4737,27b2db15f9f6a59a811fac950d12cbbfd85a6171163f7d6dab1104d1fc2d425d,5d7e4ec03f7fe2a15a7eacf54c81f2c6dc53c1245f7a3bdbf0bac9c02036e262,testing,testing,HOLD: source-family grouping is not verified individual/session independence; shorter than original 1-second context; no padding/looping/concatenation authorized,False,raw/mosquito/An.Dirus_1M_5D_25C_SmallCylinder_Cut37_16bit.wav
10jBNYNAellqoaw9aXn0fvSk9aSRB_NDQ,An.Dirus_1M_5D_25C_SmallCylinder_Cut38_16bit.wav,mosquito,Anopheles dirus,anopheles_dirus,M,1M,5D,25C,SmallCylinder,unmarked,cut38,,,,an.dirus_1m_5d_25c_smallcylinder,inferred_filename_source_family; merges cuts and microphone variants; individual/session identity UNKNOWN,1.2655,8000,1,PCM_16,10124,9c55c12f51b396b5ee5384a32f68f77acb79af7928402a43e97bb1d6665b2b2b,87f6979ba49c18af9093db40df01fd9750ce6b786266b3386f6d08166eaed302,testing,testing,HOLD: source-family grouping is not verified individual/session independence,True,raw/mosquito/An.Dirus_1M_5D_25C_SmallCylinder_Cut38_16bit.wav
13HTV19NDQLZDNTGiiyFecy0br8SsezYQ,An.Dirus_1M_5D_25C_SmallCylinder_Cut39_16bit.wav,mosquito,Anopheles dirus,anopheles_dirus,M,1M,5D,25C,SmallCylinder,unmarked,cut39,,,,an.dirus_1m_5d_25c_smallcylinder,inferred_filename_source_family; merges cuts and microphone variants; individual/session identity UNKNOWN,1.195875,8000,1,PCM_16,9567,e3e1e998bd20cc4eeb2447cc223c77628a28db311c153a8e061929f0fa4a8ac9,10b6b0b0d83d650c7733913ddc828770e24c5ef232681b1b99b2299bae3662d4,testing,testing,HOLD: source-family grouping is not verified individual/session independence,True,raw/mosquito/An.Dirus_1M_5D_25C_SmallCylinder_Cut39_16bit.wav
1xAv6X5iBKTUyZik4sdv0tLfwMPRyagAC,An.Dirus_1M_5D_25C_SmallCylinder_Cut3_16bit.wav,mosquito,Anopheles dirus,anopheles_dirus,M,1M,5D,25C,SmallCylinder,unmarked,cut3,,,,an.dirus_1m_5d_25c_smallcylinder,inferred_filename_source_family; merges cuts and microphone variants; individual/session identity UNKNOWN,1.462875,8000,1,PCM_16,11703,ef6f0ddf5019888b355f3723fe884faad0f8e7b4f69da3ce3b5d0bc92107bca5,b0181fe7db735690920f290acfd2c099d8af2406242ac5348795ccfc586d9f22,testing,testing,HOLD: source-family grouping is not verified individual/session independence,True,raw/mosquito/An.Dirus_1M_5D_25C_SmallCylinder_Cut3_16bit.wav
15fAnqUHiX-W_9GVNH3lJ7wYKUSkWfrrL,An.Dirus_1M_5D_25C_SmallCylinder_Cut40_16bit.wav,mosquito,Anopheles dirus,anopheles_dirus,M,1M,5D,25C,SmallCylinder,unmarked,cut40,,,,an.dirus_1m_5d_25c_smallcylinder,inferred_filename_source_family; merges cuts and microphone variants; individual/session identity UNKNOWN,0.615375,8000,1,PCM_16,4923,c5086147bdcb86fe843ab2daa5ebc6e7b7ae9d357ba92513759ab1e06e3ab821,a35d2ce051287781ac68ea5d1a86de70b7334debae0f79d3fb25d836fe78900a,testing,testing,HOLD: source-family grouping is not verified individual/session independence; shorter than original 1-second context; no padding/looping/concatenation authorized,False,raw/mosquito/An.Dirus_1M_5D_25C_SmallCylinder_Cut40_16bit.wav
1e-E_NMVsNtTaE2y5PDk8ToafwFCtML9A,An.Dirus_1M_5D_25C_SmallCylinder_Cut41_16bit.wav,mosquito,Anopheles dirus,anopheles_dirus,M,1M,5D,25C,SmallCylinder,unmarked,cut41,,,,an.dirus_1m_5d_25c_smallcylinder,inferred_filename_source_family; merges cuts and microphone variants; individual/session identity UNKNOWN,1.219125,8000,1,PCM_16,9753,a2f26c6cf81fc412901f3756e0bd7214ca83443e653c72388dc13376d0801c8c,b561727f7fd7bfc0aa4ad06075b52a6ab76102b5ad4b50eb555fb65e9b03965f,testing,testing,HOLD: source-family grouping is not verified individual/session independence,True,raw/mosquito/An.Dirus_1M_5D_25C_SmallCylinder_Cut41_16bit.wav
1D-Ok_NoyHfxhmdMkwTM3thuLNpiH_j2J,An.Dirus_1M_5D_25C_SmallCylinder_Cut42_16bit.wav,mosquito,Anopheles dirus,anopheles_dirus,M,1M,5D,25C,SmallCylinder,unmarked,cut42,,,,an.dirus_1m_5d_25c_smallcylinder,inferred_filename_source_family; merges cuts and microphone variants; individual/session identity UNKNOWN,1.161,8000,1,PCM_16,9288,487ea6f772af767398ff8361fd07327ea6083a66f61e4e6659bf564f69c583cd,785de829f989c3fbff2980a4310d68eea453c2d0b802c2e58d89cf7a3489efd3,testing,testing,HOLD: source-family grouping is not verified individual/session independence,True,raw/mosquito/An.Dirus_1M_5D_25C_SmallCylinder_Cut42_16bit.wav
174EhJUptTLZRdRWMIOxs3F-07_evsi7H,An.Dirus_1M_5D_25C_SmallCylinder_Cut43_16bit.wav,mosquito,Anopheles dirus,anopheles_dirus,M,1M,5D,25C,SmallCylinder,unmarked,cut43,,,,an.dirus_1m_5d_25c_smallcylinder,inferred_filename_source_family; merges cuts and microphone variants; individual/session identity UNKNOWN,0.6735,8000,1,PCM_16,5388,75a812d3b7358fc7c9bdeff2697535e18ea1dc25683e2e1cd86bd62c9b766a10,317d66044faff4cf1c933ca3cb6f4430e699026a137184da13c21b9672e5cc35,testing,testing,HOLD: source-family grouping is not verified individual/session independence; shorter than original 1-second context; no padding/looping/concatenation authorized,False,raw/mosquito/An.Dirus_1M_5D_25C_SmallCylinder_Cut43_16bit.wav
1TH0bl7vr4Tb7goJ8muZKjDlSlfZ_QOoz,An.Dirus_1M_5D_25C_SmallCylinder_Cut44_16bit.wav,mosquito,Anopheles dirus,anopheles_dirus,M,1M,5D,25C,SmallCylinder,unmarked,cut44,,,,an.dirus_1m_5d_25c_smallcylinder,inferred_filename_source_family; merges cuts and microphone variants; individual/session identity UNKNOWN,1.010125,8000,1,PCM_16,8081,457e162b039a373ad181a255eb4d166d542a89ad5433e4529e9419c31b36c0c5,1daed4b5d8ccbe37740a7e205d30c0ca70094d47ea2291876f4980715c78ffd3,testing,testing,HOLD: source-family grouping is not verified individual/session independence,True,raw/mosquito/An.Dirus_1M_5D_25C_SmallCylinder_Cut44_16bit.wav
1RKz6IdCYwYGVIemc-H1ciVpsydbVoFTR,An.Dirus_1M_5D_25C_SmallCylinder_Cut45_16bit.wav,mosquito,Anopheles dirus,anopheles_dirus,M,1M,5D,25C,SmallCylinder,unmarked,cut45,,,,an.dirus_1m_5d_25c_smallcylinder,inferred_filename_source_family; merges cuts and microphone variants; individual/session identity UNKNOWN,0.685,8000,1,PCM_16,5480,f0db12dd5d0fcddd710f8d376d6e8c8f68e0bd4438d4309eb63131ff94ecf6f9,92dac94b43d7605094296239c165d9abfeb89a79747c1b0baba4947e451eaa41,testing,testing,HOLD: source-family grouping is not verified individual/session independence; shorter than original 1-second context; no padding/looping/concatenation authorized,False,raw/mosquito/An.Dirus_1M_5D_25C_SmallCylinder_Cut45_16bit.wav
10dxJMPEPcs003C1u5_DmaeBgiPM2C_ds,An.Dirus_1M_5D_25C_SmallCylinder_Cut46_16bit.wav,mosquito,Anopheles dirus,anopheles_dirus,M,1M,5D,25C,SmallCylinder,unmarked,cut46,,,,an.dirus_1m_5d_25c_smallcylinder,inferred_filename_source_family; merges cuts and microphone variants; individual/session identity UNKNOWN,0.75475,8000,1,PCM_16,6038,07622f66fde2f0821b9e387f61f2a59009c7f04be52c5097ba5d03dcf47e4b1d,5a8a24fcb249c559712bda55d3de342539a3ee39c006d98bbb52b14813cb076e,testing,testing,HOLD: source-family grouping is not verified individual/session independence; shorter than original 1-second context; no padding/looping/concatenation authorized,False,raw/mosquito/An.Dirus_1M_5D_25C_SmallCylinder_Cut46_16bit.wav
1SCoKzV57hnes-cEhxph2nBROR0ei4XaE,An.Dirus_1M_5D_25C_SmallCylinder_Cut47_16bit.wav,mosquito,Anopheles dirus,anopheles_dirus,M,1M,5D,25C,SmallCylinder,unmarked,cut47,,,,an.dirus_1m_5d_25c_smallcylinder,inferred_filename_source_family; merges cuts and microphone variants; individual/session identity UNKNOWN,0.801125,8000,1,PCM_16,6409,77ce004165ef7694412297823ee88f076a159fd0d7e4dd42bef199b218401035,179616fc0dc0426330cc7b6be06a63983982c444896accf59134ae02e70cc267,testing,testing,HOLD: source-family grouping is not verified individual/session independence; shorter than original 1-second context; no padding/looping/concatenation authorized,False,raw/mosquito/An.Dirus_1M_5D_25C_SmallCylinder_Cut47_16bit.wav
1vvE2EihYjRFpBLv7PBkc3DEpUv4E2D3b,An.Dirus_1M_5D_25C_SmallCylinder_Cut48_16bit.wav,mosquito,Anopheles dirus,anopheles_dirus,M,1M,5D,25C,SmallCylinder,unmarked,cut48,,,,an.dirus_1m_5d_25c_smallcylinder,inferred_filename_source_family; merges cuts and microphone variants; individual/session identity UNKNOWN,0.801125,8000,1,PCM_16,6409,558f413f5e290f661bffbfe595972a509418063df29dce4b1a4037db6383ae97,8164c486060234d9dee302bb6d74fb248d88bbe35c9e9e2aed64393dabebcb13,testing,testing,HOLD: source-family grouping is not verified individual/session independence; shorter than original 1-second context; no padding/looping/concatenation authorized,False,raw/mosquito/An.Dirus_1M_5D_25C_SmallCylinder_Cut48_16bit.wav
1mdqVpSHFGKujmtdRLZj9QGeYMnb3XwDM,An.Dirus_1M_5D_25C_SmallCylinder_Cut49_16bit.wav,mosquito,Anopheles dirus,anopheles_dirus,M,1M,5D,25C,SmallCylinder,unmarked,cut49,,,,an.dirus_1m_5d_25c_smallcylinder,inferred_filename_source_family; merges cuts and microphone variants; individual/session identity UNKNOWN,1.1495,8000,1,PCM_16,9196,b26e87d49c626f01307cfd6fe7225aef93b1290e4823755a1993acc62ce41e4b,2361d3774c2dc761ec2cd4eeffdbbd903e4af9de7ffe718de32db3fade9a7a62,testing,testing,HOLD: source-family grouping is not verified individual/session independence,True,raw/mosquito/An.Dirus_1M_5D_25C_SmallCylinder_Cut49_16bit.wav
1qtCVbecNFCHCI5UobaXxZnLXLfhwefza,An.Dirus_1M_5D_25C_SmallCylinder_Cut4_16bit.wav,mosquito,Anopheles dirus,anopheles_dirus,M,1M,5D,25C,SmallCylinder,unmarked,cut4,,,,an.dirus_1m_5d_25c_smallcylinder,inferred_filename_source_family; merges cuts and microphone variants; individual/session identity UNKNOWN,1.300375,8000,1,PCM_16,10403,a33e5f5a7a2452ace4a02102d76b8c45bae3c7c9ce32a5b9df96c1127db3fd94,6cb2b0f68ebf2c1ef0d8809da1b3e769fe904c46be8b7baf462935236b9bdb04,testing,testing,HOLD: source-family grouping is not verified individual/session independence,True,raw/mosquito/An.Dirus_1M_5D_25C_SmallCylinder_Cut4_16bit.wav
1kUY_Zhdibja1b1p2NSZjmDiE1XU2xffP,An.Dirus_1M_5D_25C_SmallCylinder_Cut50_16bit.wav,mosquito,Anopheles dirus,anopheles_dirus,M,1M,5D,25C,SmallCylinder,unmarked,cut50,,,,an.dirus_1m_5d_25c_smallcylinder,inferred_filename_source_family; merges cuts and microphone variants; individual/session identity UNKNOWN,0.696625,8000,1,PCM_16,5573,155de72a48283ec3f3b1c7a841a24de1909ef63a757a11f4ddd6393d872e3d78,45a7c6a429c49075bd0b93d53c2b6c9c3e6aa7e86e43e17cdeff500fe61ee64a,testing,testing,HOLD: source-family grouping is not verified individual/session independence; shorter than original 1-second context; no padding/looping/concatenation authorized,False,raw/mosquito/An.Dirus_1M_5D_25C_SmallCylinder_Cut50_16bit.wav
1dqkpIJ7sKznhGUk2Zn_ev7fNbNGy7MyR,An.Dirus_1M_5D_25C_SmallCylinder_Cut51_16bit.wav,mosquito,Anopheles dirus,anopheles_dirus,M,1M,5D,25C,SmallCylinder,unmarked,cut51,,,,an.dirus_1m_5d_25c_smallcylinder,inferred_filename_source_family; merges cuts and microphone variants; individual/session identity UNKNOWN,0.70825,8000,1,PCM_16,5666,977081eae99b8927a096ade6e1f9899eb101a1e1275bfa8201632141c04841c2,3d04d41c22cb843deb650da08e4e2d7fb17a2ab3b902ee6549531625097eb24b,testing,testing,HOLD: source-family grouping is not verified individual/session independence; shorter than original 1-second context; no padding/looping/concatenation authorized,False,raw/mosquito/An.Dirus_1M_5D_25C_SmallCylinder_Cut51_16bit.wav
1ILp-nyWtt8UWJ-22wa0HcapYQfQL6RHW,An.Dirus_1M_5D_25C_SmallCylinder_Cut5_16bit.wav,mosquito,Anopheles dirus,anopheles_dirus,M,1M,5D,25C,SmallCylinder,unmarked,cut5,,,,an.dirus_1m_5d_25c_smallcylinder,inferred_filename_source_family; merges cuts and microphone variants; individual/session identity UNKNOWN,0.743125,8000,1,PCM_16,5945,787c52e9ae172e9348d8ac8e56cc5e1a9349f95fb7eee6f60f4c5c80aa2abb20,55973ab2c14234c07b40774ab896dfdca45550e125c9f94dea3d6ee4c3b84838,testing,testing,HOLD: source-family grouping is not verified individual/session independence; shorter than original 1-second context; no padding/looping/concatenation authorized,False,raw/mosquito/An.Dirus_1M_5D_25C_SmallCylinder_Cut5_16bit.wav
1S5ziMpuQKTmIzKhgyTIKmTCR4Pw1AlrL,An.Dirus_1M_5D_25C_SmallCylinder_Cut6_16bit.wav,mosquito,Anopheles dirus,anopheles_dirus,M,1M,5D,25C,SmallCylinder,unmarked,cut6,,,,an.dirus_1m_5d_25c_smallcylinder,inferred_filename_source_family; merges cuts and microphone variants; individual/session identity UNKNOWN,0.9985,8000,1,PCM_16,7988,cf6ea98456e4d09a21ae895e1c6d4b1f8ded5568d24703f8c168dcc165678592,1c73d8e5d6938dcfcdf00fc9f593ef970f6a4f46b7357be32994bb9020800ed6,testing,testing,HOLD: source-family grouping is not verified individual/session independence; shorter than original 1-second context; no padding/looping/concatenation authorized,False,raw/mosquito/An.Dirus_1M_5D_25C_SmallCylinder_Cut6_16bit.wav
1xT2IN2pOG5PRktYeN2_R2WiLc01shwaf,An.Dirus_1M_5D_25C_SmallCylinder_Cut7_16bit.wav,mosquito,Anopheles dirus,anopheles_dirus,M,1M,5D,25C,SmallCylinder,unmarked,cut7,,,,an.dirus_1m_5d_25c_smallcylinder,inferred_filename_source_family; merges cuts and microphone variants; individual/session identity UNKNOWN,0.685,8000,1,PCM_16,5480,11e8f13c1163e761977255ccb29b06c208c691a5e252a0598d3eab7e34ef96ed,32e4eca766057b86431bc7609a1f373b6f889e5ecc3639f1a9cff57fc5dcec44,testing,testing,HOLD: source-family grouping is not verified individual/session independence; shorter than original 1-second context; no padding/looping/concatenation authorized,False,raw/mosquito/An.Dirus_1M_5D_25C_SmallCylinder_Cut7_16bit.wav
1JR4iFeSnern7eQF_qOvTOrHrOZZbab6U,An.Dirus_1M_5D_25C_SmallCylinder_Cut8_16bit.wav,mosquito,Anopheles dirus,anopheles_dirus,M,1M,5D,25C,SmallCylinder,unmarked,cut8,,,,an.dirus_1m_5d_25c_smallcylinder,inferred_filename_source_family; merges cuts and microphone variants; individual/session identity UNKNOWN,1.49775,8000,1,PCM_16,11982,bf98d0a0246eaf3a8690aa9b82481bad826d7c896552c93e7188cc44a8a9b35f,729f6ff6cf37e3be26f67d7bcb3f7c5cbeca0aaacc7d66770effd27f2aae4c29,testing,testing,HOLD: source-family grouping is not verified individual/session independence,True,raw/mosquito/An.Dirus_1M_5D_25C_SmallCylinder_Cut8_16bit.wav
1Ntjfw06Tc4yuF7ZGvD0rw_8eAmpIBiyj,An.Dirus_1M_5D_25C_SmallCylinder_Cut9_16bit.wav,mosquito,Anopheles dirus,anopheles_dirus,M,1M,5D,25C,SmallCylinder,unmarked,cut9,,,,an.dirus_1m_5d_25c_smallcylinder,inferred_filename_source_family; merges cuts and microphone variants; individual/session identity UNKNOWN,1.346875,8000,1,PCM_16,10775,d30176c1cc20d36e10cf408298c0863332cf5ac0c45cf925275c407f9ca54f8e,cd13f3f937245008c61549d73839c9fc9fbf26bb69938ac73a3cc7aa25208fda,testing,testing,HOLD: source-family grouping is not verified individual/session independence,True,raw/mosquito/An.Dirus_1M_5D_25C_SmallCylinder_Cut9_16bit.wav
1vuFt3Kigny6wpEG0h45kNXPKCarcdEvm,Cx.Quin_1F_14D_25C_SmallCylinder_Cut10_16bit.wav,mosquito,Culex quinquefasciatus,culex_quinquefasciatus,F,1F,14D,25C,SmallCylinder,unmarked,cut10,,,,cx.quin_1f_14d_25c_smallcylinder,inferred_filename_source_family; merges cuts and microphone variants; individual/session identity UNKNOWN,2.809625,8000,1,PCM_16,22477,0e83a9b1ceab6d497bf1f056a598783ea1c22747d551ef6731dad702087f90f8,76bb2b652b5e72d97ac6e1b090d8d000d5c51cece41c1febac045b4299f1e0f6,training,training,HOLD: source-family grouping is not verified individual/session independence,True,raw/mosquito/Cx.Quin_1F_14D_25C_SmallCylinder_Cut10_16bit.wav
1RJjbLh_fhOtQBIvHXEE6ZNaHCOL65lJp,Cx.Quin_1F_14D_25C_SmallCylinder_Cut11_16bit.wav,mosquito,Culex quinquefasciatus,culex_quinquefasciatus,F,1F,14D,25C,SmallCylinder,unmarked,cut11,,,,cx.quin_1f_14d_25c_smallcylinder,inferred_filename_source_family; merges cuts and microphone variants; individual/session identity UNKNOWN,3.413375,8000,1,PCM_16,27307,a8680c30c6cd25478ca65bd035211170c028e4b9a6108d2bd399b5dcab42e744,0fb139cb04ba24dbabc2cdac0197f9cba0f7e7a6c90123902f5b556b01b365b2,training,training,HOLD: source-family grouping is not verified individual/session independence,True,raw/mosquito/Cx.Quin_1F_14D_25C_SmallCylinder_Cut11_16bit.wav
166C5lV-MFkXCAvZ_LaBKNMZzVcAvXnGX,Cx.Quin_1F_14D_25C_SmallCylinder_Cut12_16bit.wav,mosquito,Culex quinquefasciatus,culex_quinquefasciatus,F,1F,14D,25C,SmallCylinder,unmarked,cut12,,,,cx.quin_1f_14d_25c_smallcylinder,inferred_filename_source_family; merges cuts and microphone variants; individual/session identity UNKNOWN,2.728375,8000,1,PCM_16,21827,2587874b0577f050e1ae7d8906d7aa968003abdf9cfcf936d0f1666db1c0da76,0cd6d511c1ac4ac7651df8b09b3274d296b9679bea197dd0d0108064ccdf2274,training,training,HOLD: source-family grouping is not verified individual/session independence,True,raw/mosquito/Cx.Quin_1F_14D_25C_SmallCylinder_Cut12_16bit.wav
16NM6Yoosl4lW239tNEAc9zBWdYjPnnmw,Cx.Quin_1F_14D_25C_SmallCylinder_Cut13_16bit.wav,mosquito,Culex quinquefasciatus,culex_quinquefasciatus,F,1F,14D,25C,SmallCylinder,unmarked,cut13,,,,cx.quin_1f_14d_25c_smallcylinder,inferred_filename_source_family; merges cuts and microphone variants; individual/session identity UNKNOWN,2.4265,8000,1,PCM_16,19412,03aae5e4352a5257cf9a115054c6d3786c8fd4bdbd3f3503ab866effbc1f5f55,f8a54c46c928c10ed78a6fc199fe9fb0580ee36b2a711ff2216616d6a5284b2b,training,training,HOLD: source-family grouping is not verified individual/session independence,True,raw/mosquito/Cx.Quin_1F_14D_25C_SmallCylinder_Cut13_16bit.wav
1ZGaN-e4RfbwqCxZJEuwG6xNVT5CKXGMw,Cx.Quin_1F_14D_25C_SmallCylinder_Cut14_16bit.wav,mosquito,Culex quinquefasciatus,culex_quinquefasciatus,F,1F,14D,25C,SmallCylinder,unmarked,cut14,,,,cx.quin_1f_14d_25c_smallcylinder,inferred_filename_source_family; merges cuts and microphone variants; individual/session identity UNKNOWN,1.4165,8000,1,PCM_16,11332,38442b6531fc79d591bf3a843cee264dd97eb6b6d36eca443834f2bd89d69c58,7e26e8a6f936dbbd5b0eba485331b027093e887a2f2b8f319270338c54914108,training,training,HOLD: source-family grouping is not verified individual/session independence,True,raw/mosquito/Cx.Quin_1F_14D_25C_SmallCylinder_Cut14_16bit.wav
1jS0e-3Smv4eJ7knpUkFgao-nXwD7Ez8G,Cx.Quin_1F_14D_25C_SmallCylinder_Cut15_16bit.wav,mosquito,Culex quinquefasciatus,culex_quinquefasciatus,F,1F,14D,25C,SmallCylinder,unmarked,cut15,,,,cx.quin_1f_14d_25c_smallcylinder,inferred_filename_source_family; merges cuts and microphone variants; individual/session identity UNKNOWN,0.766375,8000,1,PCM_16,6131,260964fcdde04b49da5292e3b75cd8a7883eee1385f2a7ddab805f63cea5e03f,ec2187289ffc52271739814e8d2e5b695c183d9908754c69e8370696231195f7,training,training,HOLD: source-family grouping is not verified individual/session independence; shorter than original 1-second context; no padding/looping/concatenation authorized,False,raw/mosquito/Cx.Quin_1F_14D_25C_SmallCylinder_Cut15_16bit.wav
1UEKNyhyDHTpMJi0vEG8KezQBh_fFq3yI,Cx.Quin_1F_14D_25C_SmallCylinder_Cut16_16bit.wav,mosquito,Culex quinquefasciatus,culex_quinquefasciatus,F,1F,14D,25C,SmallCylinder,unmarked,cut16,,,,cx.quin_1f_14d_25c_smallcylinder,inferred_filename_source_family; merges cuts and microphone variants; individual/session identity UNKNOWN,0.9985,8000,1,PCM_16,7988,6996cb1e3feda1e0d26017bafeea4f24793d282ab104834d881b218d895b5d9e,93ce3e5aff9bd6a5b27a79d92a5d7b7e4060fea501a81202412115dc4412db8b,training,training,HOLD: source-family grouping is not verified individual/session independence; shorter than original 1-second context; no padding/looping/concatenation authorized,False,raw/mosquito/Cx.Quin_1F_14D_25C_SmallCylinder_Cut16_16bit.wav
1X5VnEI5VCJBsb4W6fwWG457n4U1kUU4_,Cx.Quin_1F_14D_25C_SmallCylinder_Cut17_16bit.wav,mosquito,Culex quinquefasciatus,culex_quinquefasciatus,F,1F,14D,25C,SmallCylinder,unmarked,cut17,,,,cx.quin_1f_14d_25c_smallcylinder,inferred_filename_source_family; merges cuts and microphone variants; individual/session identity UNKNOWN,2.252375,8000,1,PCM_16,18019,0e84b1047fa1987608f8bf4199fe6aa3ed8bb467728d03ed88575ec9d0c77e6a,2657c0e148802a0b199d8ee5d451808368e024f3e4dc03c802ee9cbe08e6b59f,training,training,HOLD: source-family grouping is not verified individual/session independence,True,raw/mosquito/Cx.Quin_1F_14D_25C_SmallCylinder_Cut17_16bit.wav
1Tbs4HQsD_IgBT1gDikWE5A-Ego342pt7,Cx.Quin_1F_14D_25C_SmallCylinder_Cut18_16bit.wav,mosquito,Culex quinquefasciatus,culex_quinquefasciatus,F,1F,14D,25C,SmallCylinder,unmarked,cut18,,,,cx.quin_1f_14d_25c_smallcylinder,inferred_filename_source_family; merges cuts and microphone variants; individual/session identity UNKNOWN,1.86925,8000,1,PCM_16,14954,767cdd3d2606860a4e64e58acff06690b58ef3042b9f587deab499ef89fe11e2,0b0ecab16805ac38d4f381b597782ff5f9f64fab2f086a1ffe9facb803c4047f,training,training,HOLD: source-family grouping is not verified individual/session independence,True,raw/mosquito/Cx.Quin_1F_14D_25C_SmallCylinder_Cut18_16bit.wav
1a0hMLvjaFhoDh67pfra3bkJyiRkUmAt_,Cx.Quin_1F_14D_25C_SmallCylinder_Cut19_16bit.wav,mosquito,Culex quinquefasciatus,culex_quinquefasciatus,F,1F,14D,25C,SmallCylinder,unmarked,cut19,,,,cx.quin_1f_14d_25c_smallcylinder,inferred_filename_source_family; merges cuts and microphone variants; individual/session identity UNKNOWN,0.766375,8000,1,PCM_16,6131,faafda34eab8faaf6ce5ffc3adf4a09a9738c8225c17ec7331a60eabaed364da,eb18e29e1afe75b9e6691d37d4a7b3b5a8079c07f3440a4bc43d14d409cf96a0,training,training,HOLD: source-family grouping is not verified individual/session independence; shorter than original 1-second context; no padding/looping/concatenation authorized,False,raw/mosquito/Cx.Quin_1F_14D_25C_SmallCylinder_Cut19_16bit.wav
1wt3c2U3rQMM595-YpqJRZzrh9NRGZheY,Cx.Quin_1F_14D_25C_SmallCylinder_Cut1_16bit.wav,mosquito,Culex quinquefasciatus,culex_quinquefasciatus,F,1F,14D,25C,SmallCylinder,unmarked,cut1,,,,cx.quin_1f_14d_25c_smallcylinder,inferred_filename_source_family; merges cuts and microphone variants; individual/session identity UNKNOWN,1.033375,8000,1,PCM_16,8267,1d6ebfe07b7df81fd58c8eac972bcf0e1f8d34af8e03ebad95178c2632b7d2ae,f94c8d9a4c001e4ffd3c51330ad86bb1adb27ba767ba73bcb91f2b8b455fa8e3,training,training,HOLD: source-family grouping is not verified individual/session independence,True,raw/mosquito/Cx.Quin_1F_14D_25C_SmallCylinder_Cut1_16bit.wav
1qg2AMhXtI3K_wmafRMeEAZfrNlOMdQqb,Cx.Quin_1F_14D_25C_SmallCylinder_Cut20_16bit.wav,mosquito,Culex quinquefasciatus,culex_quinquefasciatus,F,1F,14D,25C,SmallCylinder,unmarked,cut20,,,,cx.quin_1f_14d_25c_smallcylinder,inferred_filename_source_family; merges cuts and microphone variants; individual/session identity UNKNOWN,5.56125,8000,1,PCM_16,44490,c01a2b3713b9c6f919f98c00a5208b3445f7fdd60917f99ba302bc334ab03aa3,bd59b75301a2db08e8f4cb1e280267ba8bf1e275cd4627256bb47ab0fd09f241,training,training,HOLD: source-family grouping is not verified individual/session independence,True,raw/mosquito/Cx.Quin_1F_14D_25C_SmallCylinder_Cut20_16bit.wav
1k76XtODnzUQ9Kd6M_mAIEGpugBFHJOUH,Cx.Quin_1F_14D_25C_SmallCylinder_Cut21_16bit.wav,mosquito,Culex quinquefasciatus,culex_quinquefasciatus,F,1F,14D,25C,SmallCylinder,unmarked,cut21,,,,cx.quin_1f_14d_25c_smallcylinder,inferred_filename_source_family; merges cuts and microphone variants; individual/session identity UNKNOWN,1.2655,8000,1,PCM_16,10124,7632d156afcfbbe7b35ee156783c68a641edf3dccffdb8f4dbd1b6f3dff1a91e,0a314b677bf47b1bbbec78845c41c6b3a5f7c5815f8edae9ec35929c58f9ae87,training,training,HOLD: source-family grouping is not verified individual/session independence,True,raw/mosquito/Cx.Quin_1F_14D_25C_SmallCylinder_Cut21_16bit.wav
1HPJWtI0qyUYdLm_E_9lXsVhxXPBErqGS,Cx.Quin_1F_14D_25C_SmallCylinder_Cut22_16bit.wav,mosquito,Culex quinquefasciatus,culex_quinquefasciatus,F,1F,14D,25C,SmallCylinder,unmarked,cut22,,,,cx.quin_1f_14d_25c_smallcylinder,inferred_filename_source_family; merges cuts and microphone variants; individual/session identity UNKNOWN,1.521,8000,1,PCM_16,12168,c31686841c4bb41294cfa12739fd7f293a2ff8c81c53f011a294b4f50d066371,78a40bad5f5566c0b78ca32f89270bb9bd5d2a6f5489d723a4b45d5fef263b5f,training,training,HOLD: source-family grouping is not verified individual/session independence,True,raw/mosquito/Cx.Quin_1F_14D_25C_SmallCylinder_Cut22_16bit.wav
1nbAkiv7bGGKzPhJX1lmJ0mwL3xmgI_98,Cx.Quin_1F_14D_25C_SmallCylinder_Cut23_16bit.wav,mosquito,Culex quinquefasciatus,culex_quinquefasciatus,F,1F,14D,25C,SmallCylinder,unmarked,cut23,,,,cx.quin_1f_14d_25c_smallcylinder,inferred_filename_source_family; merges cuts and microphone variants; individual/session identity UNKNOWN,1.219125,8000,1,PCM_16,9753,e8b4067b43803149d4224979a6f27ac1b11076912c10db4cd7370ffb426a9b23,deeba6ea40c01e79c2884bda6661d2d8371ef73bc421047db4138f0335f88aec,training,training,HOLD: source-family grouping is not verified individual/session independence,True,raw/mosquito/Cx.Quin_1F_14D_25C_SmallCylinder_Cut23_16bit.wav
1oixOawquXUb_UN_688jaZg14AjE2oq-n,Cx.Quin_1F_14D_25C_SmallCylinder_Cut24_16bit.wav,mosquito,Culex quinquefasciatus,culex_quinquefasciatus,F,1F,14D,25C,SmallCylinder,unmarked,cut24,,,,cx.quin_1f_14d_25c_smallcylinder,inferred_filename_source_family; merges cuts and microphone variants; individual/session identity UNKNOWN,1.55575,8000,1,PCM_16,12446,f7c28bfa145c740032d17096b9c681039621113b712fc2a3c912e5a853fca80b,370b4073318120449f583a94783c0edfd0458c4253e45c5ed526fea87f921681,training,training,HOLD: source-family grouping is not verified individual/session independence,True,raw/mosquito/Cx.Quin_1F_14D_25C_SmallCylinder_Cut24_16bit.wav
1PU7sLZ5e9HIfqSmULatVAdjOxB7ON3OA,Cx.Quin_1F_14D_25C_SmallCylinder_Cut25_16bit.wav,mosquito,Culex quinquefasciatus,culex_quinquefasciatus,F,1F,14D,25C,SmallCylinder,unmarked,cut25,,,,cx.quin_1f_14d_25c_smallcylinder,inferred_filename_source_family; merges cuts and microphone variants; individual/session identity UNKNOWN,6.733875,8000,1,PCM_16,53871,48698428c5e5e6d9c4370a4436bb364349f636d7feccbfbea620b00265eec0e3,9d349faf4985595fe495c0107bf70885cfaa55a8850f23991f5bbea67acc7e83,training,training,HOLD: source-family grouping is not verified individual/session independence,True,raw/mosquito/Cx.Quin_1F_14D_25C_SmallCylinder_Cut25_16bit.wav
1-AgkpqO0ZdGmWJruFopW76LRv4BnJ8ke,Cx.Quin_1F_14D_25C_SmallCylinder_Cut26_16bit.wav,mosquito,Culex quinquefasciatus,culex_quinquefasciatus,F,1F,14D,25C,SmallCylinder,unmarked,cut26,,,,cx.quin_1f_14d_25c_smallcylinder,inferred_filename_source_family; merges cuts and microphone variants; individual/session identity UNKNOWN,10.8205,8000,1,PCM_16,86564,0cf22756592655811d8605baa4b00ae7ef4b6805a8a65c5c01559013c3ef0aa3,d4bf79babbc8b96ffa0d5256113d896b142d2af5997ee60e78041c4d98640d04,training,training,HOLD: source-family grouping is not verified individual/session independence,True,raw/mosquito/Cx.Quin_1F_14D_25C_SmallCylinder_Cut26_16bit.wav
1Bj2jgITb1m-EyQSzVBQ_dxUGWb-ubqBI,Cx.Quin_1F_14D_25C_SmallCylinder_Cut27_16bit.wav,mosquito,Culex quinquefasciatus,culex_quinquefasciatus,F,1F,14D,25C,SmallCylinder,unmarked,cut27,,,,cx.quin_1f_14d_25c_smallcylinder,inferred_filename_source_family; merges cuts and microphone variants; individual/session identity UNKNOWN,1.18425,8000,1,PCM_16,9474,28a7d6c627840e2b6fdedaa2ef612089b04dd94fe935d55a85e70fa2d965ac8e,64e76b39ad9e7e7007bb190224e4ab0d7e2556712c842b6bbc1e1ef59235624e,training,training,HOLD: source-family grouping is not verified individual/session independence,True,raw/mosquito/Cx.Quin_1F_14D_25C_SmallCylinder_Cut27_16bit.wav
1s-9z1qoD7PgQ30DIfIpX-iWJQkx8oUks,Cx.Quin_1F_14D_25C_SmallCylinder_Cut28_16bit.wav,mosquito,Culex quinquefasciatus,culex_quinquefasciatus,F,1F,14D,25C,SmallCylinder,unmarked,cut28,,,,cx.quin_1f_14d_25c_smallcylinder,inferred_filename_source_family; merges cuts and microphone variants; individual/session identity UNKNOWN,11.285,8000,1,PCM_16,90280,6d419d34544e9dd6f23546207666d83c87481a3e6d4c59603a88a84e7fd813cf,fefcb5c75041e9ca4c78475d09b4e8360b50396844944e8483516f73f0d1e5f7,training,training,HOLD: source-family grouping is not verified individual/session independence,True,raw/mosquito/Cx.Quin_1F_14D_25C_SmallCylinder_Cut28_16bit.wav
1xVgmmyhQkaP5RvdjcQO0oz_wlLLU1ktI,Cx.Quin_1F_14D_25C_SmallCylinder_Cut29_16bit.wav,mosquito,Culex quinquefasciatus,culex_quinquefasciatus,F,1F,14D,25C,SmallCylinder,unmarked,cut29,,,,cx.quin_1f_14d_25c_smallcylinder,inferred_filename_source_family; merges cuts and microphone variants; individual/session identity UNKNOWN,0.777875,8000,1,PCM_16,6223,001a2e9a511bc3feee63e7a73fe1417d01ac1a76194cd7a7b7eb4499535b1ff5,e90437ed33ec813143d7f5ab09c0a749ec18c7536d0e2246d243bd151084a83a,training,training,HOLD: source-family grouping is not verified individual/session independence; shorter than original 1-second context; no padding/looping/concatenation authorized,False,raw/mosquito/Cx.Quin_1F_14D_25C_SmallCylinder_Cut29_16bit.wav
1QLj-QnhtQY2dDz5MMyPZifP8Kcm7CT_r,Cx.Quin_1F_14D_25C_SmallCylinder_Cut2_16bit.wav,mosquito,Culex quinquefasciatus,culex_quinquefasciatus,F,1F,14D,25C,SmallCylinder,unmarked,cut2,,,,cx.quin_1f_14d_25c_smallcylinder,inferred_filename_source_family; merges cuts and microphone variants; individual/session identity UNKNOWN,1.776375,8000,1,PCM_16,14211,882198ec64c4d33656a1f65d712756f0649b6de24ec78f63849410ee793d23f6,ce25326ec11adcacafeea2d684fd877a9c123d08e335dc930ca2c14c1475c050,training,training,HOLD: source-family grouping is not verified individual/session independence,True,raw/mosquito/Cx.Quin_1F_14D_25C_SmallCylinder_Cut2_16bit.wav
1aHOzYr-cRV5EsW_ITUOCdLyaKoDRwCL6,Cx.Quin_1F_14D_25C_SmallCylinder_Cut30_16bit.wav,mosquito,Culex quinquefasciatus,culex_quinquefasciatus,F,1F,14D,25C,SmallCylinder,unmarked,cut30,,,,cx.quin_1f_14d_25c_smallcylinder,inferred_filename_source_family; merges cuts and microphone variants; individual/session identity UNKNOWN,10.63475,8000,1,PCM_16,85078,4f745bb73f14c413cc76c7df4839ea45d36f8fa503c3a9ec201ca30446e61d54,c1fdb72b1347bbb3cf885b42fdbe323bdf9692603658dfef1eb474d9ec18cc9f,training,training,HOLD: source-family grouping is not verified individual/session independence,True,raw/mosquito/Cx.Quin_1F_14D_25C_SmallCylinder_Cut30_16bit.wav
1HR4eAWTcGumiuTl5sArZBNTBc8nF8dxk,Cx.Quin_1F_14D_25C_SmallCylinder_Cut31_16bit.wav,mosquito,Culex quinquefasciatus,culex_quinquefasciatus,F,1F,14D,25C,SmallCylinder,unmarked,cut31,,,,cx.quin_1f_14d_25c_smallcylinder,inferred_filename_source_family; merges cuts and microphone variants; individual/session identity UNKNOWN,2.97225,8000,1,PCM_16,23778,8352536f9f7c9992b9605aaf25dc15d9076a0db464c32c29d5d753ca48617bfb,882fc347d1e76b7324d1c38dc107ef3cd4e5c06d2eda53c0a09412618055f3bc,training,training,HOLD: source-family grouping is not verified individual/session independence,True,raw/mosquito/Cx.Quin_1F_14D_25C_SmallCylinder_Cut31_16bit.wav
1gqapeNleMo9HuJSx6JuLD3p7yPUvDrLU,Cx.Quin_1F_14D_25C_SmallCylinder_Cut32_16bit.wav,mosquito,Culex quinquefasciatus,culex_quinquefasciatus,F,1F,14D,25C,SmallCylinder,unmarked,cut32,,,,cx.quin_1f_14d_25c_smallcylinder,inferred_filename_source_family; merges cuts and microphone variants; individual/session identity UNKNOWN,2.403375,8000,1,PCM_16,19227,e606541295d9cc57bd1e9582b00c2f214451a3adcd39c9b62bd9afb6ce9058c9,c365e55a1373127c1f5b2e4c081b3b3d5a5477e994ea6707fdbf372d5cce9f0b,training,training,HOLD: source-family grouping is not verified individual/session independence,True,raw/mosquito/Cx.Quin_1F_14D_25C_SmallCylinder_Cut32_16bit.wav
1_9kSPBFExSmcoSKlZH9MEweKZZ-DG32x,Cx.Quin_1F_14D_25C_SmallCylinder_Cut33_16bit.wav,mosquito,Culex quinquefasciatus,culex_quinquefasciatus,F,1F,14D,25C,SmallCylinder,unmarked,cut33,,,,cx.quin_1f_14d_25c_smallcylinder,inferred_filename_source_family; merges cuts and microphone variants; individual/session identity UNKNOWN,6.791875,8000,1,PCM_16,54335,2a12b6efcd20c182b2fa915f3425179abb28f471951d1f46bacae4e727685406,f92ee342d4a34043e5c9223ea72947ddc2692c6894af12d145b17ba2c34d6cad,training,training,HOLD: source-family grouping is not verified individual/session independence,True,raw/mosquito/Cx.Quin_1F_14D_25C_SmallCylinder_Cut33_16bit.wav
13XOcKmTlr9YnFeqxF3ogxpxBaNHBlvpo,Cx.Quin_1F_14D_25C_SmallCylinder_Cut34_16bit.wav,mosquito,Culex quinquefasciatus,culex_quinquefasciatus,F,1F,14D,25C,SmallCylinder,unmarked,cut34,,,,cx.quin_1f_14d_25c_smallcylinder,inferred_filename_source_family; merges cuts and microphone variants; individual/session identity UNKNOWN,2.229125,8000,1,PCM_16,17833,5931b1345a597dca87793841bce84908c312292e434e042403c66331fc6f8018,447e941d492c8552ad430de45b0512154fca638390a7eefc18b60909fabea878,training,training,HOLD: source-family grouping is not verified individual/session independence,True,raw/mosquito/Cx.Quin_1F_14D_25C_SmallCylinder_Cut34_16bit.wav
1aKrffHniPAK21XzaY-820BjS_ZaoXv0O,Cx.Quin_1F_14D_25C_SmallCylinder_Cut35_16bit.wav,mosquito,Culex quinquefasciatus,culex_quinquefasciatus,F,1F,14D,25C,SmallCylinder,unmarked,cut35,,,,cx.quin_1f_14d_25c_smallcylinder,inferred_filename_source_family; merges cuts and microphone variants; individual/session identity UNKNOWN,30.74325,8000,1,PCM_16,245946,05224d168bd38551d19c53dd0b0ca11a2fa0fc26c1bcb569ae1d240c27edd96f,096564816a6d6c695dc6541ef91ab3f5a0a8b84321711e3a6fa9eefaa9cdd38c,training,training,HOLD: source-family grouping is not verified individual/session independence,True,raw/mosquito/Cx.Quin_1F_14D_25C_SmallCylinder_Cut35_16bit.wav
1IpMYy24M6Gd6ceppSYHHtcaP192G4HCI,Cx.Quin_1F_14D_25C_SmallCylinder_Cut36_16bit.wav,mosquito,Culex quinquefasciatus,culex_quinquefasciatus,F,1F,14D,25C,SmallCylinder,unmarked,cut36,,,,cx.quin_1f_14d_25c_smallcylinder,inferred_filename_source_family; merges cuts and microphone variants; individual/session identity UNKNOWN,27.144125,8000,1,PCM_16,217153,fc36339bc2d9e6aba03032039fff4b2ae28edf93a4cd7feae5d2095a5cef04ae,75e5540e1e69da4f8f321e83c2f3ba0156a00e6bbd60932c728bace7d3e6b0a5,training,training,HOLD: source-family grouping is not verified individual/session independence,True,raw/mosquito/Cx.Quin_1F_14D_25C_SmallCylinder_Cut36_16bit.wav
1TqoNxK9-QfxcL_5Uw9QGuAF--95sGKS9,Cx.Quin_1F_14D_25C_SmallCylinder_Cut3_16bit.wav,mosquito,Culex quinquefasciatus,culex_quinquefasciatus,F,1F,14D,25C,SmallCylinder,unmarked,cut3,,,,cx.quin_1f_14d_25c_smallcylinder,inferred_filename_source_family; merges cuts and microphone variants; individual/session identity UNKNOWN,0.65025,8000,1,PCM_16,5202,24b045a8662de87f9adc1f52ceb13f1a70eb11c4c07fe1fb822f0f11bf66a1c7,a191883339a8faeb5f919629a0f2134ee8e2e8d59b75003d8e7d795d772a8c90,training,training,HOLD: source-family grouping is not verified individual/session independence; shorter than original 1-second context; no padding/looping/concatenation authorized,False,raw/mosquito/Cx.Quin_1F_14D_25C_SmallCylinder_Cut3_16bit.wav
11-223BqnBrAnI2Z7jLnz3oVWBegO4_BK,Cx.Quin_1F_14D_25C_SmallCylinder_Cut4_16bit.wav,mosquito,Culex quinquefasciatus,culex_quinquefasciatus,F,1F,14D,25C,SmallCylinder,unmarked,cut4,,,,cx.quin_1f_14d_25c_smallcylinder,inferred_filename_source_family; merges cuts and microphone variants; individual/session identity UNKNOWN,1.114625,8000,1,PCM_16,8917,aa089b8101fe568918f22788e6f3a08aa9d9a769f1f24b7fb9aaca50944d1c0c,ec6d996d6cfe3712caa91438244a3a3d497891d017c20879deb3867608ee4feb,training,training,HOLD: source-family grouping is not verified individual/session independence,True,raw/mosquito/Cx.Quin_1F_14D_25C_SmallCylinder_Cut4_16bit.wav
1zEPu7eft4a9UjJEAJyvTSVkg5Ut_gblM,Cx.Quin_1F_14D_25C_SmallCylinder_Cut5_16bit.wav,mosquito,Culex quinquefasciatus,culex_quinquefasciatus,F,1F,14D,25C,SmallCylinder,unmarked,cut5,,,,cx.quin_1f_14d_25c_smallcylinder,inferred_filename_source_family; merges cuts and microphone variants; individual/session identity UNKNOWN,1.195875,8000,1,PCM_16,9567,2309dc9d9ecbf8d7989ff4e00177bb183309ac1464a8aeff0b9e7b214b60db47,919a9b7740cc75f286b63ef636ac185781f01e7ee3ebb3b140dc3b7450931faa,training,training,HOLD: source-family grouping is not verified individual/session independence,True,raw/mosquito/Cx.Quin_1F_14D_25C_SmallCylinder_Cut5_16bit.wav
1AK9rnKxRUrR7ndV80kwTtXHBNh1ARJtl,Cx.Quin_1F_14D_25C_SmallCylinder_Cut6_16bit.wav,mosquito,Culex quinquefasciatus,culex_quinquefasciatus,F,1F,14D,25C,SmallCylinder,unmarked,cut6,,,,cx.quin_1f_14d_25c_smallcylinder,inferred_filename_source_family; merges cuts and microphone variants; individual/session identity UNKNOWN,0.592125,8000,1,PCM_16,4737,02efe24dacc7d5654dee275f4ff86527bf324808aa2872c72a19c07fde6082a5,3258482d832d46df90ca89c4dd2f21cc51edb8d8047efdec4765f78bc3659c6d,training,training,HOLD: source-family grouping is not verified individual/session independence; shorter than original 1-second context; no padding/looping/concatenation authorized,False,raw/mosquito/Cx.Quin_1F_14D_25C_SmallCylinder_Cut6_16bit.wav
1xkgbWFbN32pQEkK37zwq-BT-wUTqo0pc,Cx.Quin_1F_14D_25C_SmallCylinder_Cut7_16bit.wav,mosquito,Culex quinquefasciatus,culex_quinquefasciatus,F,1F,14D,25C,SmallCylinder,unmarked,cut7,,,,cx.quin_1f_14d_25c_smallcylinder,inferred_filename_source_family; merges cuts and microphone variants; individual/session identity UNKNOWN,1.323625,8000,1,PCM_16,10589,9e52ea7e2704200d9149ff6d867a4690f1b3fd907437e22cc8e73cb810e16b78,6a3e70a585b7542e264278ef2342b5185f791d3c1afd41fd4de7c4d345bcd890,training,training,HOLD: source-family grouping is not verified individual/session independence,True,raw/mosquito/Cx.Quin_1F_14D_25C_SmallCylinder_Cut7_16bit.wav
1ynEhHMJFj9B3LYccjOVPCI1cuCpZjnF-,Cx.Quin_1F_14D_25C_SmallCylinder_Cut8_16bit.wav,mosquito,Culex quinquefasciatus,culex_quinquefasciatus,F,1F,14D,25C,SmallCylinder,unmarked,cut8,,,,cx.quin_1f_14d_25c_smallcylinder,inferred_filename_source_family; merges cuts and microphone variants; individual/session identity UNKNOWN,0.824375,8000,1,PCM_16,6595,32fa7f52dcee1601f3a8123ad59e44f25230d88a4fb6fc027f806be62c772566,7c1cd99ff699ee5ff461101017e209e9b6e67f834512233f4f3d46160bba16ad,training,training,HOLD: source-family grouping is not verified individual/session independence; shorter than original 1-second context; no padding/looping/concatenation authorized,False,raw/mosquito/Cx.Quin_1F_14D_25C_SmallCylinder_Cut8_16bit.wav
1GBqR__Mu-yQsEvNF6nL-FHFhncRNN3_E,Cx.Quin_1F_14D_25C_SmallCylinder_Cut9_16bit.wav,mosquito,Culex quinquefasciatus,culex_quinquefasciatus,F,1F,14D,25C,SmallCylinder,unmarked,cut9,,,,cx.quin_1f_14d_25c_smallcylinder,inferred_filename_source_family; merges cuts and microphone variants; individual/session identity UNKNOWN,2.484625,8000,1,PCM_16,19877,e6d139f2c5e817a38c6a66afc12495384c660f6f9e82282dc77043a02c5a2019,b664754b22a20735638645921151223dc88fed77146da7cf8fc7a57ef7517e15,training,training,HOLD: source-family grouping is not verified individual/session independence,True,raw/mosquito/Cx.Quin_1F_14D_25C_SmallCylinder_Cut9_16bit.wav
1V7sUiX1Gxc003kjQOAJZTzYvAaAny1Nv,Cx.Quin_1F_14D_25C_SmallCylinder_LowMic_cut10_16bit.wav,mosquito,Culex quinquefasciatus,culex_quinquefasciatus,F,1F,14D,25C,SmallCylinder,LowMic,cut10,,,,cx.quin_1f_14d_25c_smallcylinder,inferred_filename_source_family; merges cuts and microphone variants; individual/session identity UNKNOWN,1.291,8000,1,PCM_16,10328,f43243ace3c37a0928c399aee190e4ea330ddf483b772b063cc3cfcccdcba83c,5122bc1599525845733e74a102d5744113a0d9085f73ec78c60f19ab27d81171,training,training,HOLD: source-family grouping is not verified individual/session independence,True,raw/mosquito/Cx.Quin_1F_14D_25C_SmallCylinder_LowMic_cut10_16bit.wav
1Gy7G-2WRZncEr-T3c6g42-6_ydBI6Lz8,Cx.Quin_1F_14D_25C_SmallCylinder_LowMic_cut11_16bit.wav,mosquito,Culex quinquefasciatus,culex_quinquefasciatus,F,1F,14D,25C,SmallCylinder,LowMic,cut11,,,,cx.quin_1f_14d_25c_smallcylinder,inferred_filename_source_family; merges cuts and microphone variants; individual/session identity UNKNOWN,0.385375,8000,1,PCM_16,3083,e063e8f1513e61cd739a70b3a9138c5957581a53ad036378bd98119749d8897a,1381f2e9a95eceede6ab7d6a38ad71d5b8625674d0acb17a93cb247ce7abe868,training,training,HOLD: source-family grouping is not verified individual/session independence; shorter than original 1-second context; no padding/looping/concatenation authorized,False,raw/mosquito/Cx.Quin_1F_14D_25C_SmallCylinder_LowMic_cut11_16bit.wav
157r7jcfa6hbubdYnQCf_fE04dJT0uR86,Cx.Quin_1F_14D_25C_SmallCylinder_LowMic_cut12_16bit.wav,mosquito,Culex quinquefasciatus,culex_quinquefasciatus,F,1F,14D,25C,SmallCylinder,LowMic,cut12,,,,cx.quin_1f_14d_25c_smallcylinder,inferred_filename_source_family; merges cuts and microphone variants; individual/session identity UNKNOWN,0.73225,8000,1,PCM_16,5858,dda35ade692da999ac57f6afa89cda33aae27f98b1bb6b3142fe9f74c42e31ba,259f05e0032efa4d18b00ddee0485d622bbbd53d02682f1ae3dade8fd55040f9,training,training,HOLD: source-family grouping is not verified individual/session independence; shorter than original 1-second context; no padding/looping/concatenation authorized,False,raw/mosquito/Cx.Quin_1F_14D_25C_SmallCylinder_LowMic_cut12_16bit.wav
1D41OvAVm58Q1tvr2GOktDXEk7vEPJ1He,Cx.Quin_1F_14D_25C_SmallCylinder_LowMic_cut13_16bit.wav,mosquito,Culex quinquefasciatus,culex_quinquefasciatus,F,1F,14D,25C,SmallCylinder,LowMic,cut13,,,,cx.quin_1f_14d_25c_smallcylinder,inferred_filename_source_family; merges cuts and microphone variants; individual/session identity UNKNOWN,1.1215,8000,1,PCM_16,8972,641f7f190b5ff9c51b512c5ede388a9c2a0064a3fb29e0b1a25a5f12b738b819,01a5892dd573c5ffd7322998d4910eda1409b298d732fe95cfb5bdc612883b65,training,training,HOLD: source-family grouping is not verified individual/session independence,True,raw/mosquito/Cx.Quin_1F_14D_25C_SmallCylinder_LowMic_cut13_16bit.wav
1W7zGpTvFk8aCxw6I4zC6WJS2yPhoGaW3,Cx.Quin_1F_14D_25C_SmallCylinder_LowMic_cut14_16bit.wav,mosquito,Culex quinquefasciatus,culex_quinquefasciatus,F,1F,14D,25C,SmallCylinder,LowMic,cut14,,,,cx.quin_1f_14d_25c_smallcylinder,inferred_filename_source_family; merges cuts and microphone variants; individual/session identity UNKNOWN,1.94225,8000,1,PCM_16,15538,4ab8a60ca7e518c1558ad8acf7f9d2dbd72208224f268fddd0d8eaa797ac4b37,acfbe05c279c2e9f8edf3885534fb54edd44b6c2877707acd802678109cf7eda,training,training,HOLD: source-family grouping is not verified individual/session independence,True,raw/mosquito/Cx.Quin_1F_14D_25C_SmallCylinder_LowMic_cut14_16bit.wav
1X7cnshKUqxYVlIDTrFZI-36kJEJUo69g,Cx.Quin_1F_14D_25C_SmallCylinder_LowMic_cut15_16bit.wav,mosquito,Culex quinquefasciatus,culex_quinquefasciatus,F,1F,14D,25C,SmallCylinder,LowMic,cut15,,,,cx.quin_1f_14d_25c_smallcylinder,inferred_filename_source_family; merges cuts and microphone variants; individual/session identity UNKNOWN,0.874875,8000,1,PCM_16,6999,d3e499d5397555c9a74f6a3b1618994df80dcc7fb2c20e00bfaff8675ba2efd5,d631d268f1dc673e15169349057c46d8c08e2a660bbfcd58d72229231c866a8d,training,training,HOLD: source-family grouping is not verified individual/session independence; shorter than original 1-second context; no padding/looping/concatenation authorized,False,raw/mosquito/Cx.Quin_1F_14D_25C_SmallCylinder_LowMic_cut15_16bit.wav
1R2M7Nq3PPOR0q0JvdO3HhHAc9dyQsI0y,Cx.Quin_1F_14D_25C_SmallCylinder_LowMic_cut16_16bit.wav,mosquito,Culex quinquefasciatus,culex_quinquefasciatus,F,1F,14D,25C,SmallCylinder,LowMic,cut16,,,,cx.quin_1f_14d_25c_smallcylinder,inferred_filename_source_family; merges cuts and microphone variants; individual/session identity UNKNOWN,1.68025,8000,1,PCM_16,13442,c666961fadd41eca8fe3bc1346e7805895d14c567bef4b817969375685f4e578,26c3fac08762fe6eab84f456dffe2e483c638358c050037a1ea6240d10cdad32,training,training,HOLD: source-family grouping is not verified individual/session independence,True,raw/mosquito/Cx.Quin_1F_14D_25C_SmallCylinder_LowMic_cut16_16bit.wav
1itg57to9-c7wmNpZTrkgSx3HRG-tLSEi,Cx.Quin_1F_14D_25C_SmallCylinder_LowMic_cut17_16bit.wav,mosquito,Culex quinquefasciatus,culex_quinquefasciatus,F,1F,14D,25C,SmallCylinder,LowMic,cut17,,,,cx.quin_1f_14d_25c_smallcylinder,inferred_filename_source_family; merges cuts and microphone variants; individual/session identity UNKNOWN,3.00975,8000,1,PCM_16,24078,21379dc1e73a15f3721c8739e26fc912ea287cd59d2e199656576e5078860c45,30e8d39503fa7c3f4d8fc61c2df83be15966cbe5606218a190b944eb829722f7,training,training,HOLD: source-family grouping is not verified individual/session independence,True,raw/mosquito/Cx.Quin_1F_14D_25C_SmallCylinder_LowMic_cut17_16bit.wav
18yd4znx2NuDf-d6CozwOlI8id_wJZ_T-,Cx.Quin_1F_14D_25C_SmallCylinder_LowMic_cut18_16bit.wav,mosquito,Culex quinquefasciatus,culex_quinquefasciatus,F,1F,14D,25C,SmallCylinder,LowMic,cut18,,,,cx.quin_1f_14d_25c_smallcylinder,inferred_filename_source_family; merges cuts and microphone variants; individual/session identity UNKNOWN,3.58775,8000,1,PCM_16,28702,ba6c2c97de4f11ea9eac4afdc99788732c5b4021a5d3213a6256c9f034e98d6f,09ef8ffa8e12eb93a9e538b6ba1ec2557b3bfccf20125567716892c8122cf737,training,training,HOLD: source-family grouping is not verified individual/session independence,True,raw/mosquito/Cx.Quin_1F_14D_25C_SmallCylinder_LowMic_cut18_16bit.wav
1uKssaG2TCl1virq73i5AQqYm3VIkMT0o,Cx.Quin_1F_14D_25C_SmallCylinder_LowMic_cut19_16bit.wav,mosquito,Culex quinquefasciatus,culex_quinquefasciatus,F,1F,14D,25C,SmallCylinder,LowMic,cut19,,,,cx.quin_1f_14d_25c_smallcylinder,inferred_filename_source_family; merges cuts and microphone variants; individual/session identity UNKNOWN,2.871,8000,1,PCM_16,22968,9084645470ef219bf3a0a50ec5453b2f17e2da9f270f83d55fdcbd20035bbc55,c1f631c2a822bac80f0a0a75b498c8833541ece17c799ee2e2964181710b80bf,training,training,HOLD: source-family grouping is not verified individual/session independence,True,raw/mosquito/Cx.Quin_1F_14D_25C_SmallCylinder_LowMic_cut19_16bit.wav
1BzGio9mD_jpz6A8DAbCum7MSK9N204JV,Cx.Quin_1F_14D_25C_SmallCylinder_LowMic_cut1_16bit.wav,mosquito,Culex quinquefasciatus,culex_quinquefasciatus,F,1F,14D,25C,SmallCylinder,LowMic,cut1,,,,cx.quin_1f_14d_25c_smallcylinder,inferred_filename_source_family; merges cuts and microphone variants; individual/session identity UNKNOWN,1.02125,8000,1,PCM_16,8170,b25c27b63348d1d3ce932828592491af68a95f4aa0007ae6d8eae9f1a724a295,484acdff9069af3d782de02206941a805b6a13e4c644eb14e58a13e6b49a0979,training,training,HOLD: source-family grouping is not verified individual/session independence,True,raw/mosquito/Cx.Quin_1F_14D_25C_SmallCylinder_LowMic_cut1_16bit.wav
1zLRZQ1frr1sjGR563_sBbDp83IQw6N5F,Cx.Quin_1F_14D_25C_SmallCylinder_LowMic_cut20_16bit.wav,mosquito,Culex quinquefasciatus,culex_quinquefasciatus,F,1F,14D,25C,SmallCylinder,LowMic,cut20,,,,cx.quin_1f_14d_25c_smallcylinder,inferred_filename_source_family; merges cuts and microphone variants; individual/session identity UNKNOWN,2.551125,8000,1,PCM_16,20409,c54d8e8caa34f2268defb808d5ee4fb01a68a743a48c296238af8fa64ffc5312,4aad5ceec3cd1f54827ab012757d9e6d87a25bf848fc390a19b3668ad8262ff6,training,training,HOLD: source-family grouping is not verified individual/session independence,True,raw/mosquito/Cx.Quin_1F_14D_25C_SmallCylinder_LowMic_cut20_16bit.wav
1v1fERLUff7Ksp2eOp0V8ps5kr68eBedc,Cx.Quin_1F_14D_25C_SmallCylinder_LowMic_cut21_16bit.wav,mosquito,Culex quinquefasciatus,culex_quinquefasciatus,F,1F,14D,25C,SmallCylinder,LowMic,cut21,,,,cx.quin_1f_14d_25c_smallcylinder,inferred_filename_source_family; merges cuts and microphone variants; individual/session identity UNKNOWN,1.5145,8000,1,PCM_16,12116,7acdf09142a6f99f88120b39270659bfd53b3a1f865b715dd5db677eac09a16d,33619703c9f258cb007f767f1d0ba4b5e1ae6e0719ace9cb8350675bc2c97389,training,training,HOLD: source-family grouping is not verified individual/session independence,True,raw/mosquito/Cx.Quin_1F_14D_25C_SmallCylinder_LowMic_cut21_16bit.wav
1jxMFeAW0LGxdp3ZCLxtTpiki9DRlFoG5,Cx.Quin_1F_14D_25C_SmallCylinder_LowMic_cut22_16bit.wav,mosquito,Culex quinquefasciatus,culex_quinquefasciatus,F,1F,14D,25C,SmallCylinder,LowMic,cut22,,,,cx.quin_1f_14d_25c_smallcylinder,inferred_filename_source_family; merges cuts and microphone variants; individual/session identity UNKNOWN,0.79775,8000,1,PCM_16,6382,48ceca664b4a9681a367018108f1db7740f44ecb9ca19c439ea2218d605bacd5,73c13b3800e2d87524e29ec3f9a52d7a0d5e59faf22235a49a036b2cd1d7baa5,training,training,HOLD: source-family grouping is not verified individual/session independence; shorter than original 1-second context; no padding/looping/concatenation authorized,False,raw/mosquito/Cx.Quin_1F_14D_25C_SmallCylinder_LowMic_cut22_16bit.wav
1KV5Sl8hwW8x7Ex_Er_42__0uB7m2fxTc,Cx.Quin_1F_14D_25C_SmallCylinder_LowMic_cut23_16bit.wav,mosquito,Culex quinquefasciatus,culex_quinquefasciatus,F,1F,14D,25C,SmallCylinder,LowMic,cut23,,,,cx.quin_1f_14d_25c_smallcylinder,inferred_filename_source_family; merges cuts and microphone variants; individual/session identity UNKNOWN,1.082875,8000,1,PCM_16,8663,48503898396a0b386da67fbccf4845ccaa90f2fdf6cc6fbbdb9b6671482d9caf,9373a7ccf932232781fc6bf1913c91e0572bc4ec88ae03c6d44759c856e8eaca,training,training,HOLD: source-family grouping is not verified individual/session independence,True,raw/mosquito/Cx.Quin_1F_14D_25C_SmallCylinder_LowMic_cut23_16bit.wav
1D1AR5gPZeEqjPVwr4aNSs8cHswYPZ-T_,Cx.Quin_1F_14D_25C_SmallCylinder_LowMic_cut24_16bit.wav,mosquito,Culex quinquefasciatus,culex_quinquefasciatus,F,1F,14D,25C,SmallCylinder,LowMic,cut24,,,,cx.quin_1f_14d_25c_smallcylinder,inferred_filename_source_family; merges cuts and microphone variants; individual/session identity UNKNOWN,2.451,8000,1,PCM_16,19608,487de06e51561f9d61ce6e111af93b4a0dc769000d025d8194905acf92bdd0e8,fb06305780fbdf9563df7aedd87cf9b6c74029fb7916b3c66a9a64113401601c,training,training,HOLD: source-family grouping is not verified individual/session independence,True,raw/mosquito/Cx.Quin_1F_14D_25C_SmallCylinder_LowMic_cut24_16bit.wav
1Q6Gk5HkF__fnC7zQN1LN7cJMcmAMB7Ht,Cx.Quin_1F_14D_25C_SmallCylinder_LowMic_cut25_16bit.wav,mosquito,Culex quinquefasciatus,culex_quinquefasciatus,F,1F,14D,25C,SmallCylinder,LowMic,cut25,,,,cx.quin_1f_14d_25c_smallcylinder,inferred_filename_source_family; merges cuts and microphone variants; individual/session identity UNKNOWN,2.385375,8000,1,PCM_16,19083,ce49cd8f7b5b81efcfe3508f49b71f701661c36f11740aaf96f4616af36573f4,0184e186d45b4b9a1286abb33c001b53da30cf6f9c2f887e4b264d78b3968c90,training,training,HOLD: source-family grouping is not verified individual/session independence,True,raw/mosquito/Cx.Quin_1F_14D_25C_SmallCylinder_LowMic_cut25_16bit.wav
1B8pWSpkSy4SDF26cUIAEnHFWaXzA2ZxZ,Cx.Quin_1F_14D_25C_SmallCylinder_LowMic_cut26_16bit.wav,mosquito,Culex quinquefasciatus,culex_quinquefasciatus,F,1F,14D,25C,SmallCylinder,LowMic,cut26,,,,cx.quin_1f_14d_25c_smallcylinder,inferred_filename_source_family; merges cuts and microphone variants; individual/session identity UNKNOWN,0.871,8000,1,PCM_16,6968,846e88a72f8f5908be645cb26f58c5e035df76cfe6291ead2a43a44fa9bc3068,fe11886c135d1f2dfedbd6bb869620a548353a82d0e94c1ad568f61271897ae1,training,training,HOLD: source-family grouping is not verified individual/session independence; shorter than original 1-second context; no padding/looping/concatenation authorized,False,raw/mosquito/Cx.Quin_1F_14D_25C_SmallCylinder_LowMic_cut26_16bit.wav
18Bb2mqP7jsLFiAxDbnI43_wcqpuUB_Wo,Cx.Quin_1F_14D_25C_SmallCylinder_LowMic_cut27_16bit.wav,mosquito,Culex quinquefasciatus,culex_quinquefasciatus,F,1F,14D,25C,SmallCylinder,LowMic,cut27,,,,cx.quin_1f_14d_25c_smallcylinder,inferred_filename_source_family; merges cuts and microphone variants; individual/session identity UNKNOWN,5.926875,8000,1,PCM_16,47415,408d6ed187665caac95906ca1494e41d02abd1c88a84d3d9ef315fb484d345c3,df25c6d576c380a7a95b5afe4cff3cd98a08336f101640bf258d9798454ebb82,training,training,HOLD: source-family grouping is not verified individual/session independence,True,raw/mosquito/Cx.Quin_1F_14D_25C_SmallCylinder_LowMic_cut27_16bit.wav
1VL8Dqq99mnTBX-opPZheak0tiAgo368x,Cx.Quin_1F_14D_25C_SmallCylinder_LowMic_cut28_16bit.wav,mosquito,Culex quinquefasciatus,culex_quinquefasciatus,F,1F,14D,25C,SmallCylinder,LowMic,cut28,,,,cx.quin_1f_14d_25c_smallcylinder,inferred_filename_source_family; merges cuts and microphone variants; individual/session identity UNKNOWN,1.476,8000,1,PCM_16,11808,e78b540f1ae0b00a133abdb17eeb97c72544bd624ed78187115ca8e52e42f78a,21bff11baffef66da6ea47e4a292f31857edb1370563c0eea705b0f055a1ab1a,training,training,HOLD: source-family grouping is not verified individual/session independence,True,raw/mosquito/Cx.Quin_1F_14D_25C_SmallCylinder_LowMic_cut28_16bit.wav
1GNZJMGj2D_J2-qtsx8dIuhnaDdV7l8LG,Cx.Quin_1F_14D_25C_SmallCylinder_LowMic_cut29_16bit.wav,mosquito,Culex quinquefasciatus,culex_quinquefasciatus,F,1F,14D,25C,SmallCylinder,LowMic,cut29,,,,cx.quin_1f_14d_25c_smallcylinder,inferred_filename_source_family; merges cuts and microphone variants; individual/session identity UNKNOWN,1.32575,8000,1,PCM_16,10606,c1252078fe531544b382d859cbcf1df7f6dd3b29942f88b7021ce2ac98556a1d,a062451c592ab8bc3597efe2814ef6c51c97dd00506a120e554940febf0b2e8c,training,training,HOLD: source-family grouping is not verified individual/session independence,True,raw/mosquito/Cx.Quin_1F_14D_25C_SmallCylinder_LowMic_cut29_16bit.wav
1WJPdhqGG-Csb1pXYGbmgIMZqR9PYkpzn,Cx.Quin_1F_14D_25C_SmallCylinder_LowMic_cut2_16bit.wav,mosquito,Culex quinquefasciatus,culex_quinquefasciatus,F,1F,14D,25C,SmallCylinder,LowMic,cut2,,,,cx.quin_1f_14d_25c_smallcylinder,inferred_filename_source_family; merges cuts and microphone variants; individual/session identity UNKNOWN,0.319875,8000,1,PCM_16,2559,cd67812bf3e3962745df7d8062793f06b2a895dd1ee03437d2a1ea32b0b4b62e,3e0297a773f26d51b3bff1c762c6b61fd8b3b939195ac4d31d74f5564e9c3147,training,training,HOLD: source-family grouping is not verified individual/session independence; shorter than original 1-second context; no padding/looping/concatenation authorized,False,raw/mosquito/Cx.Quin_1F_14D_25C_SmallCylinder_LowMic_cut2_16bit.wav
12UbyF3IqEmfV2weSYdhsO0xGDw0FfZVl,Cx.Quin_1F_14D_25C_SmallCylinder_LowMic_cut30_16bit.wav,mosquito,Culex quinquefasciatus,culex_quinquefasciatus,F,1F,14D,25C,SmallCylinder,LowMic,cut30,,,,cx.quin_1f_14d_25c_smallcylinder,inferred_filename_source_family; merges cuts and microphone variants; individual/session identity UNKNOWN,0.817,8000,1,PCM_16,6536,00e23023c46f332cc1cab5eb86f861c58f3c9f3a431984ef1241e05c3f6d71c8,15a3e9534a333f84d5954a170d1313120ba98a2491f7400c5163d196c6168942,training,training,HOLD: source-family grouping is not verified individual/session independence; shorter than original 1-second context; no padding/looping/concatenation authorized,False,raw/mosquito/Cx.Quin_1F_14D_25C_SmallCylinder_LowMic_cut30_16bit.wav
1cQZEbMS9L80ulLlXRseypLMvsO-5UNdF,Cx.Quin_1F_14D_25C_SmallCylinder_LowMic_cut31_16bit.wav,mosquito,Culex quinquefasciatus,culex_quinquefasciatus,F,1F,14D,25C,SmallCylinder,LowMic,cut31,,,,cx.quin_1f_14d_25c_smallcylinder,inferred_filename_source_family; merges cuts and microphone variants; individual/session identity UNKNOWN,1.08675,8000,1,PCM_16,8694,6d03f3593e0aac825b329e454aa3a119590ce8a2671d5f7542c3fa232c87eb1d,db8fc6477dddeb86c9caaef7c0f249edfa640b42b0f80512f561354bc445f76c,training,training,HOLD: source-family grouping is not verified individual/session independence,True,raw/mosquito/Cx.Quin_1F_14D_25C_SmallCylinder_LowMic_cut31_16bit.wav
1CGWA14Tc6LVk91IzBtV7AfcVfd5GRNRs,Cx.Quin_1F_14D_25C_SmallCylinder_LowMic_cut32_16bit.wav,mosquito,Culex quinquefasciatus,culex_quinquefasciatus,F,1F,14D,25C,SmallCylinder,LowMic,cut32,,,,cx.quin_1f_14d_25c_smallcylinder,inferred_filename_source_family; merges cuts and microphone variants; individual/session identity UNKNOWN,1.4105,8000,1,PCM_16,11284,33d6bb861e48dd17e50bd933a1e279b66d7276ba0fc7c4bf95bc5deeb75bb18e,55c7f256987d7d649c8519d8e13073d5c0642a836e281b2709252513981357a2,training,training,HOLD: source-family grouping is not verified individual/session independence,True,raw/mosquito/Cx.Quin_1F_14D_25C_SmallCylinder_LowMic_cut32_16bit.wav
17n9YonmVy1yqBudSiCuki-n-qAJWlfHR,Cx.Quin_1F_14D_25C_SmallCylinder_LowMic_cut33_16bit.wav,mosquito,Culex quinquefasciatus,culex_quinquefasciatus,F,1F,14D,25C,SmallCylinder,LowMic,cut33,,,,cx.quin_1f_14d_25c_smallcylinder,inferred_filename_source_family; merges cuts and microphone variants; individual/session identity UNKNOWN,6.794,8000,1,PCM_16,54352,57ce4448dbc23de03eb7385b1b529ccb15c7c0275778ab2228a422cbb84a3008,3a517e9665055bf51244d73c564d39c048b95944d0914c8c39065b6029c0071c,training,training,HOLD: source-family grouping is not verified individual/session independence,True,raw/mosquito/Cx.Quin_1F_14D_25C_SmallCylinder_LowMic_cut33_16bit.wav
191mlPg3gCxMQhsiq1ChNcjOPWjIhIsxg,Cx.Quin_1F_14D_25C_SmallCylinder_LowMic_cut34_16bit.wav,mosquito,Culex quinquefasciatus,culex_quinquefasciatus,F,1F,14D,25C,SmallCylinder,LowMic,cut34,,,,cx.quin_1f_14d_25c_smallcylinder,inferred_filename_source_family; merges cuts and microphone variants; individual/session identity UNKNOWN,10.624625,8000,1,PCM_16,84997,7c5d16ce8da2c7e1f4e55f1c626fbb6c730b5c5784cd86ecb2ea1b1fd6fd45c3,d41db0e98d60f18ef566bec1db5beaa4801ae8d1c3c6f679bd3b96bfd330c558,training,training,HOLD: source-family grouping is not verified individual/session independence,True,raw/mosquito/Cx.Quin_1F_14D_25C_SmallCylinder_LowMic_cut34_16bit.wav
1SHJl4_x283_vFsUuNqQi80QUfn8Lo-ii,Cx.Quin_1F_14D_25C_SmallCylinder_LowMic_cut35_16bit.wav,mosquito,Culex quinquefasciatus,culex_quinquefasciatus,F,1F,14D,25C,SmallCylinder,LowMic,cut35,,,,cx.quin_1f_14d_25c_smallcylinder,inferred_filename_source_family; merges cuts and microphone variants; individual/session identity UNKNOWN,1.193625,8000,1,PCM_16,9549,6bc7049510306cd56d1801fd4f129a7114ee44d773d465b09cdc50d0b974f81c,f953a6e6d00bf867bbff3f3c694c0886ec03a8a9db609de011a3a8e6c847fa98,training,training,HOLD: source-family grouping is not verified individual/session independence,True,raw/mosquito/Cx.Quin_1F_14D_25C_SmallCylinder_LowMic_cut35_16bit.wav
1rCOvru-cHPv9HTwfz8XMcqLUDbou-vY5,Cx.Quin_1F_14D_25C_SmallCylinder_LowMic_cut36_16bit.wav,mosquito,Culex quinquefasciatus,culex_quinquefasciatus,F,1F,14D,25C,SmallCylinder,LowMic,cut36,,,,cx.quin_1f_14d_25c_smallcylinder,inferred_filename_source_family; merges cuts and microphone variants; individual/session identity UNKNOWN,11.323375,8000,1,PCM_16,90587,ab09c205530eb1c8f563804f8b1883d158b1daa50d175dad92638245cc8cc462,76055602166023271537255b5a7b125882b18ffba2ab9d6adbda0b0e5516c352,training,training,HOLD: source-family grouping is not verified individual/session independence,True,raw/mosquito/Cx.Quin_1F_14D_25C_SmallCylinder_LowMic_cut36_16bit.wav
1ilUPRsByXuvo8ESVWIYb-tFrjdAO2fDe,Cx.Quin_1F_14D_25C_SmallCylinder_LowMic_cut37_16bit.wav,mosquito,Culex quinquefasciatus,culex_quinquefasciatus,F,1F,14D,25C,SmallCylinder,LowMic,cut37,,,,cx.quin_1f_14d_25c_smallcylinder,inferred_filename_source_family; merges cuts and microphone variants; individual/session identity UNKNOWN,10.137,8000,1,PCM_16,81096,2d45629fc1be54e1297d220c87de2406e55d5ff1cdd6371d7e359d8261320282,a2415201bd0f921c844e0cfa388dd8ab8ff414ed00633a14af04de347298e62a,training,training,HOLD: source-family grouping is not verified individual/session independence,True,raw/mosquito/Cx.Quin_1F_14D_25C_SmallCylinder_LowMic_cut37_16bit.wav
1bQZIF9Ato79klpzUPkJJj8joeOVeuXos,Cx.Quin_1F_14D_25C_SmallCylinder_LowMic_cut38_16bit.wav,mosquito,Culex quinquefasciatus,culex_quinquefasciatus,F,1F,14D,25C,SmallCylinder,LowMic,cut38,,,,cx.quin_1f_14d_25c_smallcylinder,inferred_filename_source_family; merges cuts and microphone variants; individual/session identity UNKNOWN,3.12525,8000,1,PCM_16,25002,a896374cbaf0fa0b5541dd55d332b03c27c9f4c7b2bd922420521c489db05c61,889bed5ebbd1bfc9a316465c570823b7e6bae4dcf96cc6cdf6bd3a0a5f5cfd5e,training,training,HOLD: source-family grouping is not verified individual/session independence,True,raw/mosquito/Cx.Quin_1F_14D_25C_SmallCylinder_LowMic_cut38_16bit.wav
1IsDlBu9e50GpS2inVvT6lvBnnBG_vz7i,Cx.Quin_1F_14D_25C_SmallCylinder_LowMic_cut39_16bit.wav,mosquito,Culex quinquefasciatus,culex_quinquefasciatus,F,1F,14D,25C,SmallCylinder,LowMic,cut39,,,,cx.quin_1f_14d_25c_smallcylinder,inferred_filename_source_family; merges cuts and microphone variants; individual/session identity UNKNOWN,2.67375,8000,1,PCM_16,21390,3aa66116ff3511f173251b3e9b736731e32805a20a281344f9d08d83ca28a3e1,744aad16ac5a7f648cf88ba442d2b7a855cb30054bd47cac03fa657faba1dea8,training,training,HOLD: source-family grouping is not verified individual/session independence,True,raw/mosquito/Cx.Quin_1F_14D_25C_SmallCylinder_LowMic_cut39_16bit.wav
10iQCWq9HQFezMb2pJQ9fjQ6QZWesyltY,Cx.Quin_1F_14D_25C_SmallCylinder_LowMic_cut3_16bit.wav,mosquito,Culex quinquefasciatus,culex_quinquefasciatus,F,1F,14D,25C,SmallCylinder,LowMic,cut3,,,,cx.quin_1f_14d_25c_smallcylinder,inferred_filename_source_family; merges cuts and microphone variants; individual/session identity UNKNOWN,0.98275,8000,1,PCM_16,7862,7cba383c38c81804bcb456f51aad76c767f46fa4137b53b029776fd87dfce2db,2aab34529bfdb693fdd66309888ee5dc5aed105a0222789abf949eb1c441cc73,training,training,HOLD: source-family grouping is not verified individual/session independence; shorter than original 1-second context; no padding/looping/concatenation authorized,False,raw/mosquito/Cx.Quin_1F_14D_25C_SmallCylinder_LowMic_cut3_16bit.wav
1KrLVx8RfZcSZSuMx1kapRQirTK5eHmlw,Cx.Quin_1F_14D_25C_SmallCylinder_LowMic_cut40_16bit.wav,mosquito,Culex quinquefasciatus,culex_quinquefasciatus,F,1F,14D,25C,SmallCylinder,LowMic,cut40,,,,cx.quin_1f_14d_25c_smallcylinder,inferred_filename_source_family; merges cuts and microphone variants; individual/session identity UNKNOWN,7.374875,8000,1,PCM_16,58999,a0fa698469af3e3a0a5fd311892b6d4a6bd9ca0693bc9e07ee5285a8af0ce545,37525037ef44d7f3e70d0dc4ffbc7136d6dc6c0ef60b814d9924b4373edad19f,training,training,HOLD: source-family grouping is not verified individual/session independence,True,raw/mosquito/Cx.Quin_1F_14D_25C_SmallCylinder_LowMic_cut40_16bit.wav
1_JyhwadDGeQSQ-Iab6AimeHUwLCJJXJb,Cx.Quin_1F_14D_25C_SmallCylinder_LowMic_cut41_16bit.wav,mosquito,Culex quinquefasciatus,culex_quinquefasciatus,F,1F,14D,25C,SmallCylinder,LowMic,cut41,,,,cx.quin_1f_14d_25c_smallcylinder,inferred_filename_source_family; merges cuts and microphone variants; individual/session identity UNKNOWN,2.13375,8000,1,PCM_16,17070,9cf17cbd836d60e36a7d2724a533f987a4ac3ba9e57de372b7ad1205b746cd05,5c75f6c1c302bff7b0b22a046f2670351fac6e831e511b45fb7fd52c5d4fd74a,training,training,HOLD: source-family grouping is not verified individual/session independence,True,raw/mosquito/Cx.Quin_1F_14D_25C_SmallCylinder_LowMic_cut41_16bit.wav
1szPECS-0orxDtyruOJCbKpoNtgeka7PN,Cx.Quin_1F_14D_25C_SmallCylinder_LowMic_cut42_16bit.wav,mosquito,Culex quinquefasciatus,culex_quinquefasciatus,F,1F,14D,25C,SmallCylinder,LowMic,cut42,,,,cx.quin_1f_14d_25c_smallcylinder,inferred_filename_source_family; merges cuts and microphone variants; individual/session identity UNKNOWN,31.65925,8000,1,PCM_16,253274,5ea5df05faea067e37872505d57c1ee8f620f75cac77cfb21ba090297645f96c,e4a11fa935e1c23cba36b0fe5b61224afe21908a7c067688b5fbc54e35607651,training,training,HOLD: source-family grouping is not verified individual/session independence,True,raw/mosquito/Cx.Quin_1F_14D_25C_SmallCylinder_LowMic_cut42_16bit.wav
1goGSs-DDgQ7TyGPlSQfYsbpcQXxhf4ja,Cx.Quin_1F_14D_25C_SmallCylinder_LowMic_cut43_16bit.wav,mosquito,Culex quinquefasciatus,culex_quinquefasciatus,F,1F,14D,25C,SmallCylinder,LowMic,cut43,,,,cx.quin_1f_14d_25c_smallcylinder,inferred_filename_source_family; merges cuts and microphone variants; individual/session identity UNKNOWN,27.19725,8000,1,PCM_16,217578,84237f911893931bbb4264f5305ff584ba2071fcf9b6b194a5e58a8065d376c3,7b1ec017afd0ce5176acde98a9d5741114d49d96cd0933dade41ebe26824c7d0,training,training,HOLD: source-family grouping is not verified individual/session independence,True,raw/mosquito/Cx.Quin_1F_14D_25C_SmallCylinder_LowMic_cut43_16bit.wav
1imV3fIUcsp5lV_pNEV4a16HJtopbs4cL,Cx.Quin_1F_14D_25C_SmallCylinder_LowMic_cut4_16bit.wav,mosquito,Culex quinquefasciatus,culex_quinquefasciatus,F,1F,14D,25C,SmallCylinder,LowMic,cut4,,,,cx.quin_1f_14d_25c_smallcylinder,inferred_filename_source_family; merges cuts and microphone variants; individual/session identity UNKNOWN,0.458625,8000,1,PCM_16,3669,fc6c17e501a85b0c43e0aee18e670881259ac40bdc59fd1b7481d4fc15080908,1d26dd8c3245bff8985fa548a07592fbbd6ae2c131e25548966591a395fcbade,training,training,HOLD: source-family grouping is not verified individual/session independence; shorter than original 1-second context; no padding/looping/concatenation authorized,False,raw/mosquito/Cx.Quin_1F_14D_25C_SmallCylinder_LowMic_cut4_16bit.wav
1uGpPXLP7KnQSQfIwdN1qLknlOECdaAb7,Cx.Quin_1F_14D_25C_SmallCylinder_LowMic_cut5_16bit.wav,mosquito,Culex quinquefasciatus,culex_quinquefasciatus,F,1F,14D,25C,SmallCylinder,LowMic,cut5,,,,cx.quin_1f_14d_25c_smallcylinder,inferred_filename_source_family; merges cuts and microphone variants; individual/session identity UNKNOWN,0.682125,8000,1,PCM_16,5457,c6328ae232724dfca48de5eb920408d0fd197a2044337766d1891ba2ee731253,93165df889e5458a7ace2019a98b43f99a6f7610adc873103dbfbeab16c0893f,training,training,HOLD: source-family grouping is not verified individual/session independence; shorter than original 1-second context; no padding/looping/concatenation authorized,False,raw/mosquito/Cx.Quin_1F_14D_25C_SmallCylinder_LowMic_cut5_16bit.wav
1ROVjwN-50ATyhYgbJeCQbxJc-mHIjXev,Cx.Quin_1F_14D_25C_SmallCylinder_LowMic_cut6_16bit.wav,mosquito,Culex quinquefasciatus,culex_quinquefasciatus,F,1F,14D,25C,SmallCylinder,LowMic,cut6,,,,cx.quin_1f_14d_25c_smallcylinder,inferred_filename_source_family; merges cuts and microphone variants; individual/session identity UNKNOWN,0.431625,8000,1,PCM_16,3453,17f653f75bf06f1c9fb4f5c693ed8dd118b093e5a28c058f1e8b5ff52c7f2376,27425432ff474491045db4458008698e211d82af911a12e419526acdc2a11337,training,training,HOLD: source-family grouping is not verified individual/session independence; shorter than original 1-second context; no padding/looping/concatenation authorized,False,raw/mosquito/Cx.Quin_1F_14D_25C_SmallCylinder_LowMic_cut6_16bit.wav
1iLaFxDT1mR73yHopvassEZR4iqV9uBPd,Cx.Quin_1F_14D_25C_SmallCylinder_LowMic_cut7_16bit.wav,mosquito,Culex quinquefasciatus,culex_quinquefasciatus,F,1F,14D,25C,SmallCylinder,LowMic,cut7,,,,cx.quin_1f_14d_25c_smallcylinder,inferred_filename_source_family; merges cuts and microphone variants; individual/session identity UNKNOWN,1.27175,8000,1,PCM_16,10174,5219854b04f2e651ad792f1c767c9c9ab62a451a001b2bacea976ac9ab16c8e3,7a04be67cb59fb86c12c796dd774b9922ab4e392a6d28815ec14c81a812e5f80,training,training,HOLD: source-family grouping is not verified individual/session independence,True,raw/mosquito/Cx.Quin_1F_14D_25C_SmallCylinder_LowMic_cut7_16bit.wav
16aGotY6z1lXtxN7oP7UcaBGqDP2IcKRI,Cx.Quin_1F_14D_25C_SmallCylinder_LowMic_cut8_16bit.wav,mosquito,Culex quinquefasciatus,culex_quinquefasciatus,F,1F,14D,25C,SmallCylinder,LowMic,cut8,,,,cx.quin_1f_14d_25c_smallcylinder,inferred_filename_source_family; merges cuts and microphone variants; individual/session identity UNKNOWN,0.670625,8000,1,PCM_16,5365,cf436da661952dccdae07ba9648410afd91c75416b31eb39edf3371816fc7963,27f38076dcb13462235b6203d00a444237b539040d471cc21189052dae9ecf8f,training,training,HOLD: source-family grouping is not verified individual/session independence; shorter than original 1-second context; no padding/looping/concatenation authorized,False,raw/mosquito/Cx.Quin_1F_14D_25C_SmallCylinder_LowMic_cut8_16bit.wav
1oKeioOU7anMh4ksKqfL0lea7f-1H2kac,Cx.Quin_1F_14D_25C_SmallCylinder_LowMic_cut9_16bit.wav,mosquito,Culex quinquefasciatus,culex_quinquefasciatus,F,1F,14D,25C,SmallCylinder,LowMic,cut9,,,,cx.quin_1f_14d_25c_smallcylinder,inferred_filename_source_family; merges cuts and microphone variants; individual/session identity UNKNOWN,0.74,8000,1,PCM_16,5920,03c2603bff23f6d2227ba178a632efc890710c8086256accbd9c76a0c844c4ef,7a532eb20e29600f14eb1dd617aac081c3835ad77fbb33c374fe3a76fd94686a,training,training,HOLD: source-family grouping is not verified individual/session independence; shorter than original 1-second context; no padding/looping/concatenation authorized,False,raw/mosquito/Cx.Quin_1F_14D_25C_SmallCylinder_LowMic_cut9_16bit.wav
1kuXRVB4vAaVeO3KEcEOWrERwgq2wdp_d,Cx.Quin_1F_6D_25C_SmallCylinder_cut10_16bit.wav,mosquito,Culex quinquefasciatus,culex_quinquefasciatus,F,1F,6D,25C,SmallCylinder,unmarked,cut10,,,,cx.quin_1f_6d_25c_smallcylinder,inferred_filename_source_family; merges cuts and microphone variants; individual/session identity UNKNOWN,1.220625,8000,1,PCM_16,9765,0ab263adad85e1014d3f67fd3e130ccf25a8211cb83e55e01796d95acc91bc42,be5748ca15e48f9daf61e2e0281c3f9a6b3a828818ce617e096be1cc52e36e90,testing,testing,HOLD: source-family grouping is not verified individual/session independence,True,raw/mosquito/Cx.Quin_1F_6D_25C_SmallCylinder_cut10_16bit.wav
1fJpsCNEQrnkNa5anCS8QiGvQlGN81B1e,Cx.Quin_1F_6D_25C_SmallCylinder_cut11_16bit.wav,mosquito,Culex quinquefasciatus,culex_quinquefasciatus,F,1F,6D,25C,SmallCylinder,unmarked,cut11,,,,cx.quin_1f_6d_25c_smallcylinder,inferred_filename_source_family; merges cuts and microphone variants; individual/session identity UNKNOWN,1.549125,8000,1,PCM_16,12393,1a0bddd6d377d7e9a73a6149e76d1d628e20d69c6756a178d9444a0537745240,740d2822151114fe65556d50163c7af2e950e819febfba4204ca14bd3c04ed51,testing,testing,HOLD: source-family grouping is not verified individual/session independence,True,raw/mosquito/Cx.Quin_1F_6D_25C_SmallCylinder_cut11_16bit.wav
1A1PqAYJVcbG082dZtU0vx9vZCMyh9FN7,Cx.Quin_1F_6D_25C_SmallCylinder_cut12_16bit.wav,mosquito,Culex quinquefasciatus,culex_quinquefasciatus,F,1F,6D,25C,SmallCylinder,unmarked,cut12,,,,cx.quin_1f_6d_25c_smallcylinder,inferred_filename_source_family; merges cuts and microphone variants; individual/session identity UNKNOWN,2.964125,8000,1,PCM_16,23713,ffb31948d75638b77f3f7edbdfea87ab643afee15b89df45f27abb532ac8f6a9,d88425621d229c118c23b4713d3b54dd6f6bd7a796f66952ffe3df32f28f5244,testing,testing,HOLD: source-family grouping is not verified individual/session independence,True,raw/mosquito/Cx.Quin_1F_6D_25C_SmallCylinder_cut12_16bit.wav
1o1YoxcMtLRHEWMBCi7luEZibSXw09CwC,Cx.Quin_1F_6D_25C_SmallCylinder_cut13_16bit.wav,mosquito,Culex quinquefasciatus,culex_quinquefasciatus,F,1F,6D,25C,SmallCylinder,unmarked,cut13,,,,cx.quin_1f_6d_25c_smallcylinder,inferred_filename_source_family; merges cuts and microphone variants; individual/session identity UNKNOWN,1.897875,8000,1,PCM_16,15183,6a22e9b237502fb8180b8f725dd6536aa9b108a9dfd3043601cc5fc9c4a70d8b,f0ec44757e5c5c20071cf3efde5fc9f63f505b7e6ca3ffba80fbd3728fefe44b,testing,testing,HOLD: source-family grouping is not verified individual/session independence,True,raw/mosquito/Cx.Quin_1F_6D_25C_SmallCylinder_cut13_16bit.wav
16bwftWXzti6r-OZwfpAm0sKTakGAxd5U,Cx.Quin_1F_6D_25C_SmallCylinder_cut14_16bit.wav,mosquito,Culex quinquefasciatus,culex_quinquefasciatus,F,1F,6D,25C,SmallCylinder,unmarked,cut14,,,,cx.quin_1f_6d_25c_smallcylinder,inferred_filename_source_family; merges cuts and microphone variants; individual/session identity UNKNOWN,2.57525,8000,1,PCM_16,20602,70fc44c68dd43cb66dcb56549d8f259ff6a6b799ebac29ebe5883fcee06a7616,a30c1cd1f7e5aca42d9103af044a3d29b2ad70c5e1bb4dce9d828a83a396be33,testing,testing,HOLD: source-family grouping is not verified individual/session independence,True,raw/mosquito/Cx.Quin_1F_6D_25C_SmallCylinder_cut14_16bit.wav
17LfBYLst8MMaFcZ1kx15jYxSEiZ7igzy,Cx.Quin_1F_6D_25C_SmallCylinder_cut15_16bit.wav,mosquito,Culex quinquefasciatus,culex_quinquefasciatus,F,1F,6D,25C,SmallCylinder,unmarked,cut15,,,,cx.quin_1f_6d_25c_smallcylinder,inferred_filename_source_family; merges cuts and microphone variants; individual/session identity UNKNOWN,1.401625,8000,1,PCM_16,11213,16eb6ccd82010bb8b1e994d7ecc60b5f775d64f9be24ec8849c21bf3bd64ad24,79f5b47f296785c8e628c6102f6125b5eae35540c2dd7a5327b79f98621d7485,testing,testing,HOLD: source-family grouping is not verified individual/session independence,True,raw/mosquito/Cx.Quin_1F_6D_25C_SmallCylinder_cut15_16bit.wav
1cZQNSTTPRhIgrIqO46jbiYmtMEu33Zt1,Cx.Quin_1F_6D_25C_SmallCylinder_cut16_16bit.wav,mosquito,Culex quinquefasciatus,culex_quinquefasciatus,F,1F,6D,25C,SmallCylinder,unmarked,cut16,,,,cx.quin_1f_6d_25c_smallcylinder,inferred_filename_source_family; merges cuts and microphone variants; individual/session identity UNKNOWN,0.9725,8000,1,PCM_16,7780,0b5e658eb50349314085be97325d3fcf43604953da864fec4b7708b0e7469f35,03dcb191dee05dd02c05e5cb2ba60c5ce0f578056c17d6c02ede08eed03d261c,testing,testing,HOLD: source-family grouping is not verified individual/session independence; shorter than original 1-second context; no padding/looping/concatenation authorized,False,raw/mosquito/Cx.Quin_1F_6D_25C_SmallCylinder_cut16_16bit.wav
1yeH7VqpcOoB9Fz6H570q3bVQfoi7DuWL,Cx.Quin_1F_6D_25C_SmallCylinder_cut17_16bit.wav,mosquito,Culex quinquefasciatus,culex_quinquefasciatus,F,1F,6D,25C,SmallCylinder,unmarked,cut17,,,,cx.quin_1f_6d_25c_smallcylinder,inferred_filename_source_family; merges cuts and microphone variants; individual/session identity UNKNOWN,0.670625,8000,1,PCM_16,5365,3c3229a16109fa7467106b50bceac2b9e6117df8f83cb646d9540c59ff4024e7,e7edaf86c27fd09aa8eb143d6790b1a0d7cf4e04cd391c07f570c121345b2f57,testing,testing,HOLD: source-family grouping is not verified individual/session independence; shorter than original 1-second context; no padding/looping/concatenation authorized,False,raw/mosquito/Cx.Quin_1F_6D_25C_SmallCylinder_cut17_16bit.wav
1h2vpmVuO_URoJ7XtwH_BoNiMsVASHqUJ,Cx.Quin_1F_6D_25C_SmallCylinder_cut18_16bit.wav,mosquito,Culex quinquefasciatus,culex_quinquefasciatus,F,1F,6D,25C,SmallCylinder,unmarked,cut18,,,,cx.quin_1f_6d_25c_smallcylinder,inferred_filename_source_family; merges cuts and microphone variants; individual/session identity UNKNOWN,2.76975,8000,1,PCM_16,22158,e8b9aad895d114db0bc8e35ae5182454f29b14d82b46460a62c81133b4b16545,3bf6ea37fc1316268d91b058b7d06ac6720e35cd4c29ffbf81fc867db2f40e19,testing,testing,HOLD: source-family grouping is not verified individual/session independence,True,raw/mosquito/Cx.Quin_1F_6D_25C_SmallCylinder_cut18_16bit.wav
17H8oNIRPQ8DvIKYYUGCngf4TA5Ptj0io,Cx.Quin_1F_6D_25C_SmallCylinder_cut19_16bit.wav,mosquito,Culex quinquefasciatus,culex_quinquefasciatus,F,1F,6D,25C,SmallCylinder,unmarked,cut19,,,,cx.quin_1f_6d_25c_smallcylinder,inferred_filename_source_family; merges cuts and microphone variants; individual/session identity UNKNOWN,1.22725,8000,1,PCM_16,9818,cf68b5287a9ad521952c7db955aee0ad94b92c0d88bd9a7c23cddf438b989511,9545ded5aad6d2ce87131069d60ce935b5363280077268364b7052871cade723,testing,testing,HOLD: source-family grouping is not verified individual/session independence,True,raw/mosquito/Cx.Quin_1F_6D_25C_SmallCylinder_cut19_16bit.wav
17HsCeXozudb8QhIvAGQa5qBHHWJtqLcV,Cx.Quin_1F_6D_25C_SmallCylinder_cut1_16bit.wav,mosquito,Culex quinquefasciatus,culex_quinquefasciatus,F,1F,6D,25C,SmallCylinder,unmarked,cut1,,,,cx.quin_1f_6d_25c_smallcylinder,inferred_filename_source_family; merges cuts and microphone variants; individual/session identity UNKNOWN,4.734625,8000,1,PCM_16,37877,43ae74cf783d3cfdab98c61eea6edc8d63838bd86a6452cf984b78e07309e6d3,a5548bb1334cc699337bb4231798fc021976b000eb63a67f1f9dab0e76f44a5a,testing,testing,HOLD: source-family grouping is not verified individual/session independence,True,raw/mosquito/Cx.Quin_1F_6D_25C_SmallCylinder_cut1_16bit.wav
1TAt73hB6KU0Oo6PyRg_YmiZoCpyeJAyj,Cx.Quin_1F_6D_25C_SmallCylinder_cut20_16bit.wav,mosquito,Culex quinquefasciatus,culex_quinquefasciatus,F,1F,6D,25C,SmallCylinder,unmarked,cut20,,,,cx.quin_1f_6d_25c_smallcylinder,inferred_filename_source_family; merges cuts and microphone variants; individual/session identity UNKNOWN,1.019375,8000,1,PCM_16,8155,716a311d6bf9a0626003ebf5131c130b1475da7009ce937e0b8c3b1b725ff69a,a25e300ad424c80edf9ef74d2261c1d5fe42889f0c35993659d4fca961fcb2a9,testing,testing,HOLD: source-family grouping is not verified individual/session independence,True,raw/mosquito/Cx.Quin_1F_6D_25C_SmallCylinder_cut20_16bit.wav
13th9H3W6PPBnNy29v_cliktMApN43Y-w,Cx.Quin_1F_6D_25C_SmallCylinder_cut21_16bit.wav,mosquito,Culex quinquefasciatus,culex_quinquefasciatus,F,1F,6D,25C,SmallCylinder,unmarked,cut21,,,,cx.quin_1f_6d_25c_smallcylinder,inferred_filename_source_family; merges cuts and microphone variants; individual/session identity UNKNOWN,1.093125,8000,1,PCM_16,8745,2e17001c2aa4d58f75423fde3ddb1cf4b4f4892b2b39aa1fff62da80d198adb0,a04f93802f4d1b71d74afb7565e2675412d563b65ac5db3becbe920a59ff327c,testing,testing,HOLD: source-family grouping is not verified individual/session independence,True,raw/mosquito/Cx.Quin_1F_6D_25C_SmallCylinder_cut21_16bit.wav
1kaRA9pis_2w7Rk1BJa63H9u8F6duBMUP,Cx.Quin_1F_6D_25C_SmallCylinder_cut22_16bit.wav,mosquito,Culex quinquefasciatus,culex_quinquefasciatus,F,1F,6D,25C,SmallCylinder,unmarked,cut22,,,,cx.quin_1f_6d_25c_smallcylinder,inferred_filename_source_family; merges cuts and microphone variants; individual/session identity UNKNOWN,1.549125,8000,1,PCM_16,12393,6eda3877e0e9a38020e257f023ce53b43f88ec0a3a53b348a3699f47878e9c3d,1b6fadbd034d9757239ac733194b3dc1d1d7021b3df8d98d7d5cf7d5432c4f1b,testing,testing,HOLD: source-family grouping is not verified individual/session independence,True,raw/mosquito/Cx.Quin_1F_6D_25C_SmallCylinder_cut22_16bit.wav
1PncRTPvL71sACLWPXeeTFkKxGNu2poky,Cx.Quin_1F_6D_25C_SmallCylinder_cut23_16bit.wav,mosquito,Culex quinquefasciatus,culex_quinquefasciatus,F,1F,6D,25C,SmallCylinder,unmarked,cut23,,,,cx.quin_1f_6d_25c_smallcylinder,inferred_filename_source_family; merges cuts and microphone variants; individual/session identity UNKNOWN,0.596875,8000,1,PCM_16,4775,ccb665a7a7a9c447116dfd3d8ff8e629c7479c421251fe47387ea67a5c63a428,ae41847db8d1ccfea188792f7c2e4f1f2234badf2d57381cbc90e63d3609b57a,testing,testing,HOLD: source-family grouping is not verified individual/session independence; shorter than original 1-second context; no padding/looping/concatenation authorized,False,raw/mosquito/Cx.Quin_1F_6D_25C_SmallCylinder_cut23_16bit.wav
18lekuOlcEpV5lhOSSCm7A3UD7ItDpxDh,Cx.Quin_1F_6D_25C_SmallCylinder_cut24_16bit.wav,mosquito,Culex quinquefasciatus,culex_quinquefasciatus,F,1F,6D,25C,SmallCylinder,unmarked,cut24,,,,cx.quin_1f_6d_25c_smallcylinder,inferred_filename_source_family; merges cuts and microphone variants; individual/session identity UNKNOWN,0.529875,8000,1,PCM_16,4239,551258521094f060fac7cc49c25695d03befe7835e0959e2deff046e4e92a2af,4c718e16a2a28b0fb85b2c56b9df28d28c6eb76c0c392b886cf2d4c0994e6f6d,testing,testing,HOLD: source-family grouping is not verified individual/session independence; shorter than original 1-second context; no padding/looping/concatenation authorized,False,raw/mosquito/Cx.Quin_1F_6D_25C_SmallCylinder_cut24_16bit.wav
1JWosqdhkIZpZ1fj9DDHUguaOiC0xUm8J,Cx.Quin_1F_6D_25C_SmallCylinder_cut25_16bit.wav,mosquito,Culex quinquefasciatus,culex_quinquefasciatus,F,1F,6D,25C,SmallCylinder,unmarked,cut25,,,,cx.quin_1f_6d_25c_smallcylinder,inferred_filename_source_family; merges cuts and microphone variants; individual/session identity UNKNOWN,1.978375,8000,1,PCM_16,15827,2df721d132de1e6587eddcbc38921a3768af7a052009e4689fcafe3ae0671d1e,d719c557b881d161463f31a8b7b46ba6c3412129ce2f76c9a841f47624f10a83,testing,testing,HOLD: source-family grouping is not verified individual/session independence,True,raw/mosquito/Cx.Quin_1F_6D_25C_SmallCylinder_cut25_16bit.wav
1sYUIlKsOW9v2n2rHPdPbBvDDrCc1b4rK,Cx.Quin_1F_6D_25C_SmallCylinder_cut26_16bit.wav,mosquito,Culex quinquefasciatus,culex_quinquefasciatus,F,1F,6D,25C,SmallCylinder,unmarked,cut26,,,,cx.quin_1f_6d_25c_smallcylinder,inferred_filename_source_family; merges cuts and microphone variants; individual/session identity UNKNOWN,1.978375,8000,1,PCM_16,15827,31431f47706337b6fdcf3b9cdfaa2d248577f44d1b279884321cfd91172962cc,45fbea8f7b00a98ee630b32d93e276603a986c8d51107b02f1490af93b1ef649,testing,testing,HOLD: source-family grouping is not verified individual/session independence,True,raw/mosquito/Cx.Quin_1F_6D_25C_SmallCylinder_cut26_16bit.wav
1PU138sKriV0G0IYcxrln_wG8yKP9BeeC,Cx.Quin_1F_6D_25C_SmallCylinder_cut27_16bit.wav,mosquito,Culex quinquefasciatus,culex_quinquefasciatus,F,1F,6D,25C,SmallCylinder,unmarked,cut27,,,,cx.quin_1f_6d_25c_smallcylinder,inferred_filename_source_family; merges cuts and microphone variants; individual/session identity UNKNOWN,1.408375,8000,1,PCM_16,11267,67ea392889c48c46b28550c7c9d61c7661c5e6af3a781f215b83a4ab2383ea05,98c764b3d4d6714ba797eef6dcfe852d3ac331b9710f035def5955f1b0ed848c,testing,testing,HOLD: source-family grouping is not verified individual/session independence,True,raw/mosquito/Cx.Quin_1F_6D_25C_SmallCylinder_cut27_16bit.wav
1sd1HjAvyEesH5UoFhPQ7GkfqA40puJWS,Cx.Quin_1F_6D_25C_SmallCylinder_cut28_16bit.wav,mosquito,Culex quinquefasciatus,culex_quinquefasciatus,F,1F,6D,25C,SmallCylinder,unmarked,cut28,,,,cx.quin_1f_6d_25c_smallcylinder,inferred_filename_source_family; merges cuts and microphone variants; individual/session identity UNKNOWN,1.529125,8000,1,PCM_16,12233,57e7e698201018f6927f76599bae6edb594b32700e80e963e61cd612dc3a52c7,ad3f23941fad7c1a6a9668383fde9aba96146f21bd00ab49edf5df4a6a84baf6,testing,testing,HOLD: source-family grouping is not verified individual/session independence,True,raw/mosquito/Cx.Quin_1F_6D_25C_SmallCylinder_cut28_16bit.wav
1nmJbxi7z_vCeuQrDU86_r_HNQ4fZ1W5Z,Cx.Quin_1F_6D_25C_SmallCylinder_cut29_16bit.wav,mosquito,Culex quinquefasciatus,culex_quinquefasciatus,F,1F,6D,25C,SmallCylinder,unmarked,cut29,,,,cx.quin_1f_6d_25c_smallcylinder,inferred_filename_source_family; merges cuts and microphone variants; individual/session identity UNKNOWN,2.1595,8000,1,PCM_16,17276,b9c78c48c3854c3eadac946569d5130b46ba0689569f39ebbc81f794297daa9f,f5f31ddfe5d9bdb5cdf114105962d1edf1291cfcefe4669ffc5f8a3061933ebb,testing,testing,HOLD: source-family grouping is not verified individual/session independence,True,raw/mosquito/Cx.Quin_1F_6D_25C_SmallCylinder_cut29_16bit.wav
1z7D6NEyieh9p1mKEKIVYkFw0Ajy8cLkb,Cx.Quin_1F_6D_25C_SmallCylinder_cut2_16bit.wav,mosquito,Culex quinquefasciatus,culex_quinquefasciatus,F,1F,6D,25C,SmallCylinder,unmarked,cut2,,,,cx.quin_1f_6d_25c_smallcylinder,inferred_filename_source_family; merges cuts and microphone variants; individual/session identity UNKNOWN,1.408375,8000,1,PCM_16,11267,673e1c93d0429627c0ee203f961c9df2ad10b051ff4a4e0bf38c3d55c562dac6,fbd492c77764ab856afa7f3686ee88614a0d14513c4ae731c3e9db28b9919cc0,testing,testing,HOLD: source-family grouping is not verified individual/session independence,True,raw/mosquito/Cx.Quin_1F_6D_25C_SmallCylinder_cut2_16bit.wav
1iNqjjElHOfKk2d8zWq9b8fp1FNk1SQlI,Cx.Quin_1F_6D_25C_SmallCylinder_cut30_16bit.wav,mosquito,Culex quinquefasciatus,culex_quinquefasciatus,F,1F,6D,25C,SmallCylinder,unmarked,cut30,,,,cx.quin_1f_6d_25c_smallcylinder,inferred_filename_source_family; merges cuts and microphone variants; individual/session identity UNKNOWN,1.56925,8000,1,PCM_16,12554,286ca9d97a98a894886627d59872ed5964357352e239769aa48702538d7c3b2e,cb2505a421860ddf02f08cc4c1a72c1921c20585891905b921976d399fe0930a,testing,testing,HOLD: source-family grouping is not verified individual/session independence,True,raw/mosquito/Cx.Quin_1F_6D_25C_SmallCylinder_cut30_16bit.wav
1uYGxz1_qX7k2rtsbOwUJkSKLtW4t6xLY,Cx.Quin_1F_6D_25C_SmallCylinder_cut31_16bit.wav,mosquito,Culex quinquefasciatus,culex_quinquefasciatus,F,1F,6D,25C,SmallCylinder,unmarked,cut31,,,,cx.quin_1f_6d_25c_smallcylinder,inferred_filename_source_family; merges cuts and microphone variants; individual/session identity UNKNOWN,1.059625,8000,1,PCM_16,8477,d7cce170f0dbfa971d1e48ed576e46efba54a58bf28f4fcba7e2ea6ca2a03012,fddd4708989ce1dd2dc075b4111bb0bd5eab284e5ca1be765251e79de7294266,testing,testing,HOLD: source-family grouping is not verified individual/session independence,True,raw/mosquito/Cx.Quin_1F_6D_25C_SmallCylinder_cut31_16bit.wav
1FhfcRt8Yg21X22-SNO0LSpE14LMEGcVA,Cx.Quin_1F_6D_25C_SmallCylinder_cut32_16bit.wav,mosquito,Culex quinquefasciatus,culex_quinquefasciatus,F,1F,6D,25C,SmallCylinder,unmarked,cut32,,,,cx.quin_1f_6d_25c_smallcylinder,inferred_filename_source_family; merges cuts and microphone variants; individual/session identity UNKNOWN,2.307,8000,1,PCM_16,18456,fb9604d59e7f69665ebc1428644c843078ed3c5f5cf12ae2e543bb3751d74f3e,bd4bb0fc8a39a09970d92d10a64399df610325ecdef6753b90028c053cb58259,testing,testing,HOLD: source-family grouping is not verified individual/session independence,True,raw/mosquito/Cx.Quin_1F_6D_25C_SmallCylinder_cut32_16bit.wav
1EOk3znKNLxr90OGqr-FQP8QKgVCPpwot,Cx.Quin_1F_6D_25C_SmallCylinder_cut33_16bit.wav,mosquito,Culex quinquefasciatus,culex_quinquefasciatus,F,1F,6D,25C,SmallCylinder,unmarked,cut33,,,,cx.quin_1f_6d_25c_smallcylinder,inferred_filename_source_family; merges cuts and microphone variants; individual/session identity UNKNOWN,1.22725,8000,1,PCM_16,9818,c3016179731d4715f58be955aabf7d39956e3fcfc4d559be02d85e1f93c248fe,0097868b2b5c16f485235901544f2c715d044b91ce852a6e39bbda70bb62a211,testing,testing,HOLD: source-family grouping is not verified individual/session independence,True,raw/mosquito/Cx.Quin_1F_6D_25C_SmallCylinder_cut33_16bit.wav
1CMpwV_dbLbGRKoNfnPRKZc_-lYVoL8J5,Cx.Quin_1F_6D_25C_SmallCylinder_cut34_16bit.wav,mosquito,Culex quinquefasciatus,culex_quinquefasciatus,F,1F,6D,25C,SmallCylinder,unmarked,cut34,,,,cx.quin_1f_6d_25c_smallcylinder,inferred_filename_source_family; merges cuts and microphone variants; individual/session identity UNKNOWN,2.1125,8000,1,PCM_16,16900,7d2231e216827835c01b70118389c5b51deeab1cb82310f770dec273129c46f0,b793b8f3b966f9c2556050bb3991be46c93c3f37b57fed59ecb463bae145b1d6,testing,testing,HOLD: source-family grouping is not verified individual/session independence,True,raw/mosquito/Cx.Quin_1F_6D_25C_SmallCylinder_cut34_16bit.wav
1kqdC1ofMs5IN4TYnVFi5JVKf8P9Aarg7,Cx.Quin_1F_6D_25C_SmallCylinder_cut35_16bit.wav,mosquito,Culex quinquefasciatus,culex_quinquefasciatus,F,1F,6D,25C,SmallCylinder,unmarked,cut35,,,,cx.quin_1f_6d_25c_smallcylinder,inferred_filename_source_family; merges cuts and microphone variants; individual/session identity UNKNOWN,1.415,8000,1,PCM_16,11320,151e8f6af43df55046ead1b542fde233534a2a7e973fecbb27d2fed2aa67d103,2cf8ee3e1a568dbf31bdd83de6adef1808e268fc43fc3e8eb6810cac59f28062,testing,testing,HOLD: source-family grouping is not verified individual/session independence,True,raw/mosquito/Cx.Quin_1F_6D_25C_SmallCylinder_cut35_16bit.wav
1-304v-3flWyTC3MwUKPPvoefgmNk3ihy,Cx.Quin_1F_6D_25C_SmallCylinder_cut36_16bit.wav,mosquito,Culex quinquefasciatus,culex_quinquefasciatus,F,1F,6D,25C,SmallCylinder,unmarked,cut36,,,,cx.quin_1f_6d_25c_smallcylinder,inferred_filename_source_family; merges cuts and microphone variants; individual/session identity UNKNOWN,0.456125,8000,1,PCM_16,3649,fb41b058b36148cd50c815364f4840cd828baef8ca3954dda5923c440c63ccfd,a08269547df7ee31189d233e04229937a91ade72c15bd1563e7cebff86d17b21,testing,testing,HOLD: source-family grouping is not verified individual/session independence; shorter than original 1-second context; no padding/looping/concatenation authorized,False,raw/mosquito/Cx.Quin_1F_6D_25C_SmallCylinder_cut36_16bit.wav
19duKbp0JKgA_bTqr_YfotSKf40lNyWw1,Cx.Quin_1F_6D_25C_SmallCylinder_cut37_16bit.wav,mosquito,Culex quinquefasciatus,culex_quinquefasciatus,F,1F,6D,25C,SmallCylinder,unmarked,cut37,,,,cx.quin_1f_6d_25c_smallcylinder,inferred_filename_source_family; merges cuts and microphone variants; individual/session identity UNKNOWN,1.61625,8000,1,PCM_16,12930,1e0986d1cff3c7fa09c93fa9dbbde22cb84794c8f4abbd1dd6fe794afc105daa,f3566fae53f6fc0b7ea447c8c29980c1ad50e44afd766f5a2511530c811fa3f6,testing,testing,HOLD: source-family grouping is not verified individual/session independence,True,raw/mosquito/Cx.Quin_1F_6D_25C_SmallCylinder_cut37_16bit.wav
1w-ed2zXfAjWA0NI8x2GmRZKOEMprk_Ea,Cx.Quin_1F_6D_25C_SmallCylinder_cut38_16bit.wav,mosquito,Culex quinquefasciatus,culex_quinquefasciatus,F,1F,6D,25C,SmallCylinder,unmarked,cut38,,,,cx.quin_1f_6d_25c_smallcylinder,inferred_filename_source_family; merges cuts and microphone variants; individual/session identity UNKNOWN,0.556625,8000,1,PCM_16,4453,2044542953ae898fa96503452ef8582797837c664bc41d46f66df49f00a24518,1a86d1f9efc55adbcbd4943d17545399e2debb2537eb9986fdf3a3a0ed81ab6a,testing,testing,HOLD: source-family grouping is not verified individual/session independence; shorter than original 1-second context; no padding/looping/concatenation authorized,False,raw/mosquito/Cx.Quin_1F_6D_25C_SmallCylinder_cut38_16bit.wav
1hFRYPw2EA5aqUrR6J4EXoAh6w5QfeWmg,Cx.Quin_1F_6D_25C_SmallCylinder_cut39_16bit.wav,mosquito,Culex quinquefasciatus,culex_quinquefasciatus,F,1F,6D,25C,SmallCylinder,unmarked,cut39,,,,cx.quin_1f_6d_25c_smallcylinder,inferred_filename_source_family; merges cuts and microphone variants; individual/session identity UNKNOWN,0.9255,8000,1,PCM_16,7404,77df19417235eb118a82fa175ee49881a7bac3ef2188c38bdc39a5f4d19c5640,830e06e9c83d5b947a1a7973b387c9dd91e069d5436eacd7f693ee63713f7fd6,testing,testing,HOLD: source-family grouping is not verified individual/session independence; shorter than original 1-second context; no padding/looping/concatenation authorized,False,raw/mosquito/Cx.Quin_1F_6D_25C_SmallCylinder_cut39_16bit.wav
1J3EtHvdqdCtOayUc-sv2I5YR-4-HSaOq,Cx.Quin_1F_6D_25C_SmallCylinder_cut3_16bit.wav,mosquito,Culex quinquefasciatus,culex_quinquefasciatus,F,1F,6D,25C,SmallCylinder,unmarked,cut3,,,,cx.quin_1f_6d_25c_smallcylinder,inferred_filename_source_family; merges cuts and microphone variants; individual/session identity UNKNOWN,1.8375,8000,1,PCM_16,14700,28e01e11c527829051a8968d37c6101d1705ddf0f474b5537d258cccf19b2ca1,59bf52e344e2aadaa425c70b096522964772c1b753a83713ab5d758dd7f53957,testing,testing,HOLD: source-family grouping is not verified individual/session independence,True,raw/mosquito/Cx.Quin_1F_6D_25C_SmallCylinder_cut3_16bit.wav
1AEStZcdKV5qTX9Q10To-SQhgEvm9xUk7,Cx.Quin_1F_6D_25C_SmallCylinder_cut40_16bit.wav,mosquito,Culex quinquefasciatus,culex_quinquefasciatus,F,1F,6D,25C,SmallCylinder,unmarked,cut40,,,,cx.quin_1f_6d_25c_smallcylinder,inferred_filename_source_family; merges cuts and microphone variants; individual/session identity UNKNOWN,0.523125,8000,1,PCM_16,4185,0f218c50e215cd21329ade835f2719aac591ee825d7e9df19b5a75ae13143509,dd91394127ec7b68c05282597625d3d64e0c76ef2947674494d61436173caf72,testing,testing,HOLD: source-family grouping is not verified individual/session independence; shorter than original 1-second context; no padding/looping/concatenation authorized,False,raw/mosquito/Cx.Quin_1F_6D_25C_SmallCylinder_cut40_16bit.wav
1KL51nyGzbdmqqq13eljESPI3N63NJHJV,Cx.Quin_1F_6D_25C_SmallCylinder_cut41_16bit.wav,mosquito,Culex quinquefasciatus,culex_quinquefasciatus,F,1F,6D,25C,SmallCylinder,unmarked,cut41,,,,cx.quin_1f_6d_25c_smallcylinder,inferred_filename_source_family; merges cuts and microphone variants; individual/session identity UNKNOWN,1.01275,8000,1,PCM_16,8102,88a316215b4c9f528627ba308eb8a96892943db63e8820b08e9b89297fe420f2,d727e39f48ba5456d698e811f03b89119bb72159e841112f4831b84953139aa9,testing,testing,HOLD: source-family grouping is not verified individual/session independence,True,raw/mosquito/Cx.Quin_1F_6D_25C_SmallCylinder_cut41_16bit.wav
1UuJVXvIj9c-BIixHqkQBzPx7CoYRJ4EX,Cx.Quin_1F_6D_25C_SmallCylinder_cut4_16bit.wav,mosquito,Culex quinquefasciatus,culex_quinquefasciatus,F,1F,6D,25C,SmallCylinder,unmarked,cut4,,,,cx.quin_1f_6d_25c_smallcylinder,inferred_filename_source_family; merges cuts and microphone variants; individual/session identity UNKNOWN,1.482125,8000,1,PCM_16,11857,dd43a0487ba9b394974ed338c11d6894c48e00f5dc950f61285d97406198748a,3847cd0ac972f6958df21fd9e462d595ba1c681af573d9e6f4d9a57fb0b6951f,testing,testing,HOLD: source-family grouping is not verified individual/session independence,True,raw/mosquito/Cx.Quin_1F_6D_25C_SmallCylinder_cut4_16bit.wav
10ewOGp-R7E8AcrVTLZWVfAtCJDtDpAYG,Cx.Quin_1F_6D_25C_SmallCylinder_cut5_16bit.wav,mosquito,Culex quinquefasciatus,culex_quinquefasciatus,F,1F,6D,25C,SmallCylinder,unmarked,cut5,,,,cx.quin_1f_6d_25c_smallcylinder,inferred_filename_source_family; merges cuts and microphone variants; individual/session identity UNKNOWN,0.684125,8000,1,PCM_16,5473,e89de38e0bb6b839ec8b0b6e1ec554bfb2f7019829b2a95bde027307095673d4,604b39a58f8a30104211bd68d631428afba1d733d0228b50ecc38eac7bd2bbe0,testing,testing,HOLD: source-family grouping is not verified individual/session independence; shorter than original 1-second context; no padding/looping/concatenation authorized,False,raw/mosquito/Cx.Quin_1F_6D_25C_SmallCylinder_cut5_16bit.wav
1K3bipYN2bV5i7x01jL8vAMnGFJBkX_5_,Cx.Quin_1F_6D_25C_SmallCylinder_cut6_16bit.wav,mosquito,Culex quinquefasciatus,culex_quinquefasciatus,F,1F,6D,25C,SmallCylinder,unmarked,cut6,,,,cx.quin_1f_6d_25c_smallcylinder,inferred_filename_source_family; merges cuts and microphone variants; individual/session identity UNKNOWN,0.596875,8000,1,PCM_16,4775,fcc4029d67835d2a0ce40dd363bb424401c9da51c8ad8a1c3bf9680631e5ca5a,84eb82be7feb87be7569528e5a29a4827073a33b0fbf909f3a07471b09bdeaff,testing,testing,HOLD: source-family grouping is not verified individual/session independence; shorter than original 1-second context; no padding/looping/concatenation authorized,False,raw/mosquito/Cx.Quin_1F_6D_25C_SmallCylinder_cut6_16bit.wav
19vCHi2lvbb2NsXHui-EXUxuO6qb_MhvK,Cx.Quin_1F_6D_25C_SmallCylinder_cut7_16bit.wav,mosquito,Culex quinquefasciatus,culex_quinquefasciatus,F,1F,6D,25C,SmallCylinder,unmarked,cut7,,,,cx.quin_1f_6d_25c_smallcylinder,inferred_filename_source_family; merges cuts and microphone variants; individual/session identity UNKNOWN,2.816625,8000,1,PCM_16,22533,22d955d8c238a7eddcc7360d12ad79de493619ad038ec18147104a0addcb5c26,d453d4247d164fb73e193ab6e8bb03046ec48b52559692302ba414884a19f67a,testing,testing,HOLD: source-family grouping is not verified individual/session independence,True,raw/mosquito/Cx.Quin_1F_6D_25C_SmallCylinder_cut7_16bit.wav
1881rZ8wqNQr3qdC9aVxmfaCNT_JRfzCj,Cx.Quin_1F_6D_25C_SmallCylinder_cut8_16bit.wav,mosquito,Culex quinquefasciatus,culex_quinquefasciatus,F,1F,6D,25C,SmallCylinder,unmarked,cut8,,,,cx.quin_1f_6d_25c_smallcylinder,inferred_filename_source_family; merges cuts and microphone variants; individual/session identity UNKNOWN,0.59025,8000,1,PCM_16,4722,9accb649ecd954bfa1558fcc9d1971584011e985b0d8a807892aa179181179c1,f6d405087258a90de9ecab2908fd0ef27e9dc126d58cc4ec83734044a457db50,testing,testing,HOLD: source-family grouping is not verified individual/session independence; shorter than original 1-second context; no padding/looping/concatenation authorized,False,raw/mosquito/Cx.Quin_1F_6D_25C_SmallCylinder_cut8_16bit.wav
1DBsisdXA0eOb9fDtqTQkyhCv0y0WtPHG,Cx.Quin_1F_6D_25C_SmallCylinder_cut9_16bit.wav,mosquito,Culex quinquefasciatus,culex_quinquefasciatus,F,1F,6D,25C,SmallCylinder,unmarked,cut9,,,,cx.quin_1f_6d_25c_smallcylinder,inferred_filename_source_family; merges cuts and microphone variants; individual/session identity UNKNOWN,1.2005,8000,1,PCM_16,9604,eb1bc7507a3a3c4f57321b2588daeacbbe716b87e25bd371da1e9faf35904281,3f511c6ce0d8675d38544d97dd9a0f958200439e6801f6fb387b133f5f8f8aa9,testing,testing,HOLD: source-family grouping is not verified individual/session independence,True,raw/mosquito/Cx.Quin_1F_6D_25C_SmallCylinder_cut9_16bit.wav
1PmBiOoeDSADV8IcoF7RyZWpW5BTEB67-,Cx.Quin_1M_14D_25C_SmallCylinder_Cut10_16bit.wav,mosquito,Culex quinquefasciatus,culex_quinquefasciatus,M,1M,14D,25C,SmallCylinder,unmarked,cut10,,,,cx.quin_1m_14d_25c_smallcylinder,inferred_filename_source_family; merges cuts and microphone variants; individual/session identity UNKNOWN,1.114625,8000,1,PCM_16,8917,5abd4e0455e7fcf329cf052e29a2b14a4c87cb17abf2cac7a5fbb1bef67a4e44,3084f6a414a5e98ae6f59aa114dea7e349e37723dc13f60f1e8fd71bc393c310,training,training,HOLD: source-family grouping is not verified individual/session independence,True,raw/mosquito/Cx.Quin_1M_14D_25C_SmallCylinder_Cut10_16bit.wav
1RwAyxFXqWgoY6I2Bsy89drfi7XXWXrwI,Cx.Quin_1M_14D_25C_SmallCylinder_Cut11_16bit.wav,mosquito,Culex quinquefasciatus,culex_quinquefasciatus,M,1M,14D,25C,SmallCylinder,unmarked,cut11,,,,cx.quin_1m_14d_25c_smallcylinder,inferred_filename_source_family; merges cuts and microphone variants; individual/session identity UNKNOWN,1.834375,8000,1,PCM_16,14675,d27bc567e7fbc66d825966e7c5af5101cbed76e94e460efc2a861213766e8d52,558784a98f1a6935af6d61515f073d1f0e3709d2452c396f4aeccd66ed2c1ade,training,training,HOLD: source-family grouping is not verified individual/session independence,True,raw/mosquito/Cx.Quin_1M_14D_25C_SmallCylinder_Cut11_16bit.wav
1VdnSf0bIyaYY_Y6bdrtS8SocAMD-u1Ep,Cx.Quin_1M_14D_25C_SmallCylinder_Cut12_16bit.wav,mosquito,Culex quinquefasciatus,culex_quinquefasciatus,M,1M,14D,25C,SmallCylinder,unmarked,cut12,,,,cx.quin_1m_14d_25c_smallcylinder,inferred_filename_source_family; merges cuts and microphone variants; individual/session identity UNKNOWN,1.2075,8000,1,PCM_16,9660,f468228a89ffb1818ee141de2d65e306c84a3392bd20e489e7c431822217b50d,e659c5a2bb55ef84e9e2cf1a7d7b3f994bb4dd81c5b00eceb525be64b3043c9f,training,training,HOLD: source-family grouping is not verified individual/session independence,True,raw/mosquito/Cx.Quin_1M_14D_25C_SmallCylinder_Cut12_16bit.wav
11sujtJQHOUMz3j7y9jD0aGzKBQ142fJx,Cx.Quin_1M_14D_25C_SmallCylinder_Cut13_16bit.wav,mosquito,Culex quinquefasciatus,culex_quinquefasciatus,M,1M,14D,25C,SmallCylinder,unmarked,cut13,,,,cx.quin_1m_14d_25c_smallcylinder,inferred_filename_source_family; merges cuts and microphone variants; individual/session identity UNKNOWN,0.91725,8000,1,PCM_16,7338,53f5bdc0bedab5be3c41e28d75577518b64f0f5ffcc59e1cbcd6864049c8d010,c08735d0c3b2cff49fec3982c9dc936ff3f506caa7128138b767f422d1cdbb9d,training,training,HOLD: source-family grouping is not verified individual/session independence; shorter than original 1-second context; no padding/looping/concatenation authorized,False,raw/mosquito/Cx.Quin_1M_14D_25C_SmallCylinder_Cut13_16bit.wav
1_IX3ELwRwM1_PCMbfjImWCysncNN7tPB,Cx.Quin_1M_14D_25C_SmallCylinder_Cut14_16bit.wav,mosquito,Culex quinquefasciatus,culex_quinquefasciatus,M,1M,14D,25C,SmallCylinder,unmarked,cut14,,,,cx.quin_1m_14d_25c_smallcylinder,inferred_filename_source_family; merges cuts and microphone variants; individual/session identity UNKNOWN,2.171125,8000,1,PCM_16,17369,5e7734ff252cdc32786d4ca407e2306bddaeb449ee181aed0f5115b40fc91d12,88fad14b6bb25a9fd103fff10bf7a86fd5a48a86e61e5ae5374c9fb87cbd46c3,training,training,HOLD: source-family grouping is not verified individual/session independence,True,raw/mosquito/Cx.Quin_1M_14D_25C_SmallCylinder_Cut14_16bit.wav
1Wqjzo7kiBH7Pqn-s3JPkjCBX6Lv0q1Zm,Cx.Quin_1M_14D_25C_SmallCylinder_Cut15_16bit.wav,mosquito,Culex quinquefasciatus,culex_quinquefasciatus,M,1M,14D,25C,SmallCylinder,unmarked,cut15,,,,cx.quin_1m_14d_25c_smallcylinder,inferred_filename_source_family; merges cuts and microphone variants; individual/session identity UNKNOWN,2.264,8000,1,PCM_16,18112,70231c3a6df695e7990d68614c7bbc2d28cdab7f7ed3b0af652be6113815a576,727dac1348edb5ce4633e10149439efa8ff5869d7d04f5d0ce45ff0714e66e33,training,training,HOLD: source-family grouping is not verified individual/session independence,True,raw/mosquito/Cx.Quin_1M_14D_25C_SmallCylinder_Cut15_16bit.wav
19ROjsY4K8EcjxKmTFZQFea9EeJ2_2qqI,Cx.Quin_1M_14D_25C_SmallCylinder_Cut16_16bit.wav,mosquito,Culex quinquefasciatus,culex_quinquefasciatus,M,1M,14D,25C,SmallCylinder,unmarked,cut16,,,,cx.quin_1m_14d_25c_smallcylinder,inferred_filename_source_family; merges cuts and microphone variants; individual/session identity UNKNOWN,4.08675,8000,1,PCM_16,32694,498fcc9b50ac67632c17a72c24386b5a9ef604dfae3e112a38f9a36c9c27c773,18818807f7e82dedae7a655d8795ae84b67bf901c57b47e8988d71e74fe78bea,training,training,HOLD: source-family grouping is not verified individual/session independence,True,raw/mosquito/Cx.Quin_1M_14D_25C_SmallCylinder_Cut16_16bit.wav
1MjSrJOBmEQpkHlKG42JBEdca5F7I-D-f,Cx.Quin_1M_14D_25C_SmallCylinder_Cut17_16bit.wav,mosquito,Culex quinquefasciatus,culex_quinquefasciatus,M,1M,14D,25C,SmallCylinder,unmarked,cut17,,,,cx.quin_1m_14d_25c_smallcylinder,inferred_filename_source_family; merges cuts and microphone variants; individual/session identity UNKNOWN,1.532625,8000,1,PCM_16,12261,7d43f6bb3948ba7854203b558a518dcf605f22327b7e4c029d1aa1a62f675b2a,7a70a0ba69f803b6d6543e27cf6e90ee17917fac0c605a30e60431b398955aeb,training,training,HOLD: source-family grouping is not verified individual/session independence,True,raw/mosquito/Cx.Quin_1M_14D_25C_SmallCylinder_Cut17_16bit.wav
1JTuD5NT-S4a8OnFaZqGmuwI0RQupcGnG,Cx.Quin_1M_14D_25C_SmallCylinder_Cut18_16bit.wav,mosquito,Culex quinquefasciatus,culex_quinquefasciatus,M,1M,14D,25C,SmallCylinder,unmarked,cut18,,,,cx.quin_1m_14d_25c_smallcylinder,inferred_filename_source_family; merges cuts and microphone variants; individual/session identity UNKNOWN,1.97375,8000,1,PCM_16,15790,5bbd4cf9695fd9d49e39b367c341dd289a20eb9380a42ab102b0333fc9a62c58,c66dbe332c1d51c46186ee1b59747ab538318f823b8b375e2a92fdf50952e3c0,training,training,HOLD: source-family grouping is not verified individual/session independence,True,raw/mosquito/Cx.Quin_1M_14D_25C_SmallCylinder_Cut18_16bit.wav
1_nHjFbNvPuZ0DdSKaAhSOD_33GwoDkYz,Cx.Quin_1M_14D_25C_SmallCylinder_Cut19_16bit.wav,mosquito,Culex quinquefasciatus,culex_quinquefasciatus,M,1M,14D,25C,SmallCylinder,unmarked,cut19,,,,cx.quin_1m_14d_25c_smallcylinder,inferred_filename_source_family; merges cuts and microphone variants; individual/session identity UNKNOWN,2.008625,8000,1,PCM_16,16069,a7b3c8d06ecf3930fbb7889234eb472721546bed5c1bf67f2ebb84cc3d536992,e5b5ba7f95071e81730c54d17cc0a34858e4f6bb4eb3baa2b2589a44055020bb,training,training,HOLD: source-family grouping is not verified individual/session independence,True,raw/mosquito/Cx.Quin_1M_14D_25C_SmallCylinder_Cut19_16bit.wav
1VN_x7VI6IJJttmey0uHTY4RBMLLya3_S,Cx.Quin_1M_14D_25C_SmallCylinder_Cut1_16bit.wav,mosquito,Culex quinquefasciatus,culex_quinquefasciatus,M,1M,14D,25C,SmallCylinder,unmarked,cut1,,,,cx.quin_1m_14d_25c_smallcylinder,inferred_filename_source_family; merges cuts and microphone variants; individual/session identity UNKNOWN,3.169625,8000,1,PCM_16,25357,a99b1e316adc814c187d268399a1012fe8df94e1483371afaa91edae0b1d1263,7066e9da97a33ae6225d3bef0a7125020456fae923d4519547103d4df4690c8c,training,training,HOLD: source-family grouping is not verified individual/session independence,True,raw/mosquito/Cx.Quin_1M_14D_25C_SmallCylinder_Cut1_16bit.wav
1InARvOGmHIBGSx7-0zhfSa0rcVaPGUfc,Cx.Quin_1M_14D_25C_SmallCylinder_Cut20_16bit.wav,mosquito,Culex quinquefasciatus,culex_quinquefasciatus,M,1M,14D,25C,SmallCylinder,unmarked,cut20,,,,cx.quin_1m_14d_25c_smallcylinder,inferred_filename_source_family; merges cuts and microphone variants; individual/session identity UNKNOWN,1.068125,8000,1,PCM_16,8545,b95523e4e1e7c650e8aa3aa6ef08b86daa155e60e443ecbc782b9eef1bd1beae,e23cd9242597de44fafadca2a68738d25b305b650d8149be01d28fe54fdb1121,training,training,HOLD: source-family grouping is not verified individual/session independence,True,raw/mosquito/Cx.Quin_1M_14D_25C_SmallCylinder_Cut20_16bit.wav
1Li2JdonWrEGKvQZKzK-nUcV7B3atFFnV,Cx.Quin_1M_14D_25C_SmallCylinder_Cut21_16bit.wav,mosquito,Culex quinquefasciatus,culex_quinquefasciatus,M,1M,14D,25C,SmallCylinder,unmarked,cut21,,,,cx.quin_1m_14d_25c_smallcylinder,inferred_filename_source_family; merges cuts and microphone variants; individual/session identity UNKNOWN,0.685,8000,1,PCM_16,5480,cc17490b76e2a59c1c7b0fe5aa1756070d13b217508a5f9021826bde7d5fa3b0,132727c59271092053c77edefabf8c0404f0111d9c8f4c68f1c48402071eb9d9,training,training,HOLD: source-family grouping is not verified individual/session independence; shorter than original 1-second context; no padding/looping/concatenation authorized,False,raw/mosquito/Cx.Quin_1M_14D_25C_SmallCylinder_Cut21_16bit.wav
1AHo1_NjJvbAldWVA0i8q79pZMVOV5YGl,Cx.Quin_1M_14D_25C_SmallCylinder_Cut22_16bit.wav,mosquito,Culex quinquefasciatus,culex_quinquefasciatus,M,1M,14D,25C,SmallCylinder,unmarked,cut22,,,,cx.quin_1m_14d_25c_smallcylinder,inferred_filename_source_family; merges cuts and microphone variants; individual/session identity UNKNOWN,3.87775,8000,1,PCM_16,31022,c6c486ad1ce4b67d59e3f2db04df0ac3495773b21c65c464d560b02f000c1aa4,17438efae203aea20bf98c089bc69388f9b80a59c6bb05e1160ad82968ef1f62,training,training,HOLD: source-family grouping is not verified individual/session independence,True,raw/mosquito/Cx.Quin_1M_14D_25C_SmallCylinder_Cut22_16bit.wav
1V16Qips6MC_Ik-ApjjyLnMFx-hNsK5Hc,Cx.Quin_1M_14D_25C_SmallCylinder_Cut23_16bit.wav,mosquito,Culex quinquefasciatus,culex_quinquefasciatus,M,1M,14D,25C,SmallCylinder,unmarked,cut23,,,,cx.quin_1m_14d_25c_smallcylinder,inferred_filename_source_family; merges cuts and microphone variants; individual/session identity UNKNOWN,4.6905,8000,1,PCM_16,37524,1e79ab4ff2203351e3ff03d3da684a933c319402b145cf46ba1cb82dd02a0888,c611c49e6e9f9fd4b4189740c8641263dc19098ab993bceb584e31c409c4517f,training,training,HOLD: source-family grouping is not verified individual/session independence,True,raw/mosquito/Cx.Quin_1M_14D_25C_SmallCylinder_Cut23_16bit.wav
1onkJbUUcPi6cvfyaj48SVVHyEt9JjTxe,Cx.Quin_1M_14D_25C_SmallCylinder_Cut24_16bit.wav,mosquito,Culex quinquefasciatus,culex_quinquefasciatus,M,1M,14D,25C,SmallCylinder,unmarked,cut24,,,,cx.quin_1m_14d_25c_smallcylinder,inferred_filename_source_family; merges cuts and microphone variants; individual/session identity UNKNOWN,0.569,8000,1,PCM_16,4552,acca9a78375fff10864f1a56dceea3523a3c1a7abd1fc1bfc238bc796ad2deb3,592344b5bc94c5756cd2143635182cb83a7b8bdd9e25db8b3ab213da685b123b,training,training,HOLD: source-family grouping is not verified individual/session independence; shorter than original 1-second context; no padding/looping/concatenation authorized,False,raw/mosquito/Cx.Quin_1M_14D_25C_SmallCylinder_Cut24_16bit.wav
1tHfg8Eb9JtNJvVkhlkg77-lXeOZBW4vI,Cx.Quin_1M_14D_25C_SmallCylinder_Cut25_16bit.wav,mosquito,Culex quinquefasciatus,culex_quinquefasciatus,M,1M,14D,25C,SmallCylinder,unmarked,cut25,,,,cx.quin_1m_14d_25c_smallcylinder,inferred_filename_source_family; merges cuts and microphone variants; individual/session identity UNKNOWN,3.843,8000,1,PCM_16,30744,aee3342de37485c09f4f9c19e2fe9612bcacdf75747b36a9e5ca69df69d3107d,415fc4a135b0d32fb6e3ace40ddaf99dfa1a43a38e6260e22f7e85348ff98636,training,training,HOLD: source-family grouping is not verified individual/session independence,True,raw/mosquito/Cx.Quin_1M_14D_25C_SmallCylinder_Cut25_16bit.wav
1tDV_BMpOc5sZg4-3dJ0kyHjja1Jbw44y,Cx.Quin_1M_14D_25C_SmallCylinder_Cut26_16bit.wav,mosquito,Culex quinquefasciatus,culex_quinquefasciatus,M,1M,14D,25C,SmallCylinder,unmarked,cut26,,,,cx.quin_1m_14d_25c_smallcylinder,inferred_filename_source_family; merges cuts and microphone variants; individual/session identity UNKNOWN,1.544125,8000,1,PCM_16,12353,adeaab287e13ecfeab9aa373e75631ab40185d75a4805dd83a0ad000b27809f7,085f00c30b6ed1304a20c8199dd8b50353029615b52f6d48e3fbf19fb2b02007,training,training,HOLD: source-family grouping is not verified individual/session independence,True,raw/mosquito/Cx.Quin_1M_14D_25C_SmallCylinder_Cut26_16bit.wav
1Rq0F1PDYN8KReTaVs9AN0sDQToyiMR1k,Cx.Quin_1M_14D_25C_SmallCylinder_Cut27_16bit.wav,mosquito,Culex quinquefasciatus,culex_quinquefasciatus,M,1M,14D,25C,SmallCylinder,unmarked,cut27,,,,cx.quin_1m_14d_25c_smallcylinder,inferred_filename_source_family; merges cuts and microphone variants; individual/session identity UNKNOWN,3.750125,8000,1,PCM_16,30001,d3d1b87fa27d75aab365aa2e293b6f1d8cee46a2d0ab56a8e7a7ec6ec7ba3ce0,9c5c1ce9ff3a2b1a7e36ea56558a579cc80c3c56fd22590846828a661f8e5416,training,training,HOLD: source-family grouping is not verified individual/session independence,True,raw/mosquito/Cx.Quin_1M_14D_25C_SmallCylinder_Cut27_16bit.wav
1VCr8ub9a6z_uugeEi-5vLiJKGqU9S2vk,Cx.Quin_1M_14D_25C_SmallCylinder_Cut28_16bit.wav,mosquito,Culex quinquefasciatus,culex_quinquefasciatus,M,1M,14D,25C,SmallCylinder,unmarked,cut28,,,,cx.quin_1m_14d_25c_smallcylinder,inferred_filename_source_family; merges cuts and microphone variants; individual/session identity UNKNOWN,0.627,8000,1,PCM_16,5016,59676881aa15583c2a667ea5781748a82e0ff250f6af1d8b895bf3c13a808aa3,7e81065d5ce9ed1deaf845fa9e83fa4a2d4f5f9c396da3a1f4c78a5e5275780f,training,training,HOLD: source-family grouping is not verified individual/session independence; shorter than original 1-second context; no padding/looping/concatenation authorized,False,raw/mosquito/Cx.Quin_1M_14D_25C_SmallCylinder_Cut28_16bit.wav
1udzm7Larve6oM4gwe65XpIwUTXqf4SEC,Cx.Quin_1M_14D_25C_SmallCylinder_Cut29_16bit.wav,mosquito,Culex quinquefasciatus,culex_quinquefasciatus,M,1M,14D,25C,SmallCylinder,unmarked,cut29,,,,cx.quin_1m_14d_25c_smallcylinder,inferred_filename_source_family; merges cuts and microphone variants; individual/session identity UNKNOWN,7.349125,8000,1,PCM_16,58793,95dd7a3c4d59f14f7c6e0f4d238928120d180c68519d417875e85f48861f4f44,da9e1586d017e64407844f457d76c6887e38d80dd4967646ec644cb01e7a39cd,training,training,HOLD: source-family grouping is not verified individual/session independence,True,raw/mosquito/Cx.Quin_1M_14D_25C_SmallCylinder_Cut29_16bit.wav
1vro0VoRsR_cM629hw-EUyaLD3ryUBaJA,Cx.Quin_1M_14D_25C_SmallCylinder_Cut2_16bit.wav,mosquito,Culex quinquefasciatus,culex_quinquefasciatus,M,1M,14D,25C,SmallCylinder,unmarked,cut2,,,,cx.quin_1m_14d_25c_smallcylinder,inferred_filename_source_family; merges cuts and microphone variants; individual/session identity UNKNOWN,7.651,8000,1,PCM_16,61208,710e25d91c5f2e50e6c0fcfe3871de5e58a8b9f8484c939f34d17b898add66ea,24bbf300ae75c8acb7aa7b6c8b0a745badce723b2d47c899b669f697371597a2,training,training,HOLD: source-family grouping is not verified individual/session independence,True,raw/mosquito/Cx.Quin_1M_14D_25C_SmallCylinder_Cut2_16bit.wav
1KUn65JHzHj_u0kYRbItutmh2WoZ9Rcu9,Cx.Quin_1M_14D_25C_SmallCylinder_Cut30_16bit.wav,mosquito,Culex quinquefasciatus,culex_quinquefasciatus,M,1M,14D,25C,SmallCylinder,unmarked,cut30,,,,cx.quin_1m_14d_25c_smallcylinder,inferred_filename_source_family; merges cuts and microphone variants; individual/session identity UNKNOWN,0.615375,8000,1,PCM_16,4923,f0a745892bd668c96a193efa8d915f22659335426e96585b89cb12c7b093c660,a5610722c999e2c2bfe791d91adbe266136f52a95e5621627d41c5e8cde557b3,training,training,HOLD: source-family grouping is not verified individual/session independence; shorter than original 1-second context; no padding/looping/concatenation authorized,False,raw/mosquito/Cx.Quin_1M_14D_25C_SmallCylinder_Cut30_16bit.wav
1edF4tYo9zOf9Y4Ly1MMM9h4vqPIq_fvn,Cx.Quin_1M_14D_25C_SmallCylinder_Cut31_16bit.wav,mosquito,Culex quinquefasciatus,culex_quinquefasciatus,M,1M,14D,25C,SmallCylinder,unmarked,cut31,,,,cx.quin_1m_14d_25c_smallcylinder,inferred_filename_source_family; merges cuts and microphone variants; individual/session identity UNKNOWN,4.736875,8000,1,PCM_16,37895,8a91c7efae0f45de256757d08343a30054597a8198b293051451c8faa8310dc6,e97f6f3def6cc9a61330767d432f5e0562b4744614a44e8e48b86edc2eabf363,training,training,HOLD: source-family grouping is not verified individual/session independence,True,raw/mosquito/Cx.Quin_1M_14D_25C_SmallCylinder_Cut31_16bit.wav
1131JEPFlsM7vgHVIJLb6HgNmN99eqwei,Cx.Quin_1M_14D_25C_SmallCylinder_Cut32_16bit.wav,mosquito,Culex quinquefasciatus,culex_quinquefasciatus,M,1M,14D,25C,SmallCylinder,unmarked,cut32,,,,cx.quin_1m_14d_25c_smallcylinder,inferred_filename_source_family; merges cuts and microphone variants; individual/session identity UNKNOWN,0.510875,8000,1,PCM_16,4087,a8b0b864de275de09d72ac14daedf073f724138e8564857d591fe5c35448bf00,2f961ba41dee8bab0156aca90f48fcdcc8c8850460f8ac5117c735497eb07b50,training,training,HOLD: source-family grouping is not verified individual/session independence; shorter than original 1-second context; no padding/looping/concatenation authorized,False,raw/mosquito/Cx.Quin_1M_14D_25C_SmallCylinder_Cut32_16bit.wav
1AyqB3x9xFC-3c-etyybwiz4-AwnvuBEx,Cx.Quin_1M_14D_25C_SmallCylinder_Cut33_16bit.wav,mosquito,Culex quinquefasciatus,culex_quinquefasciatus,M,1M,14D,25C,SmallCylinder,unmarked,cut33,,,,cx.quin_1m_14d_25c_smallcylinder,inferred_filename_source_family; merges cuts and microphone variants; individual/session identity UNKNOWN,1.195875,8000,1,PCM_16,9567,936722f151e6e89b487b225a74e2870f24fd7ae030bcaf36ef88d49ce030062b,5c66c1f5b4b704f67e801fec3ee96ae13c0ef8459810b09a32d8ab4008af96ab,training,training,HOLD: source-family grouping is not verified individual/session independence,True,raw/mosquito/Cx.Quin_1M_14D_25C_SmallCylinder_Cut33_16bit.wav
1nudCyMlPvCVgBbkausFBQYfcRKXrbnIR,Cx.Quin_1M_14D_25C_SmallCylinder_Cut34_16bit.wav,mosquito,Culex quinquefasciatus,culex_quinquefasciatus,M,1M,14D,25C,SmallCylinder,unmarked,cut34,,,,cx.quin_1m_14d_25c_smallcylinder,inferred_filename_source_family; merges cuts and microphone variants; individual/session identity UNKNOWN,0.557375,8000,1,PCM_16,4459,2cf311ae38035d71bab8cdab446493000a777d84aae6fb75548584abf32cf4ce,170f63b6e54c9d64a240c99a9b5f0a401578df08d60d3c8cc6a5fc75287dbf3d,training,training,HOLD: source-family grouping is not verified individual/session independence; shorter than original 1-second context; no padding/looping/concatenation authorized,False,raw/mosquito/Cx.Quin_1M_14D_25C_SmallCylinder_Cut34_16bit.wav
1zaJehtprcTtyVc9jdrlkp1nTOCep9qYZ,Cx.Quin_1M_14D_25C_SmallCylinder_Cut35_16bit.wav,mosquito,Culex quinquefasciatus,culex_quinquefasciatus,M,1M,14D,25C,SmallCylinder,unmarked,cut35,,,,cx.quin_1m_14d_25c_smallcylinder,inferred_filename_source_family; merges cuts and microphone variants; individual/session identity UNKNOWN,1.60225,8000,1,PCM_16,12818,00a8110ca74f0a6b51d7479415cf32a21ca057a57b0abbadb577b252936564e9,ac1101a115703803d14d37fc6b95b1aaddf8954230f998b54ad9154b32e490e2,training,training,HOLD: source-family grouping is not verified individual/session independence,True,raw/mosquito/Cx.Quin_1M_14D_25C_SmallCylinder_Cut35_16bit.wav
1A06d2UdfwHnPe0bXIE58W5bGIpNpcMdr,Cx.Quin_1M_14D_25C_SmallCylinder_Cut36_16bit.wav,mosquito,Culex quinquefasciatus,culex_quinquefasciatus,M,1M,14D,25C,SmallCylinder,unmarked,cut36,,,,cx.quin_1m_14d_25c_smallcylinder,inferred_filename_source_family; merges cuts and microphone variants; individual/session identity UNKNOWN,3.227625,8000,1,PCM_16,25821,010d3fe66027d768498e39498f03d1ff8cff24fe2dc6001f44a1c1d0a2930e70,177367e5fc7295100a22cbe9f6ec5371386bd5d4bf5df00295ce73254ed8dd7a,training,training,HOLD: source-family grouping is not verified individual/session independence,True,raw/mosquito/Cx.Quin_1M_14D_25C_SmallCylinder_Cut36_16bit.wav
12x821Tz_E6xBpual4wuY-LNclcgGaFsY,Cx.Quin_1M_14D_25C_SmallCylinder_Cut37_16bit.wav,mosquito,Culex quinquefasciatus,culex_quinquefasciatus,M,1M,14D,25C,SmallCylinder,unmarked,cut37,,,,cx.quin_1m_14d_25c_smallcylinder,inferred_filename_source_family; merges cuts and microphone variants; individual/session identity UNKNOWN,3.250875,8000,1,PCM_16,26007,a0797397cbcb2cd6e519e48b4595524ee3d60f7285848a6d24b9c8fa8651857e,a51d9fdcae977a8680667fef7138835b6f926cc0179776f97965099fd9e23d93,training,training,HOLD: source-family grouping is not verified individual/session independence,True,raw/mosquito/Cx.Quin_1M_14D_25C_SmallCylinder_Cut37_16bit.wav
1N0yoAYCzNrKvLx0e2118wmYXeKLFje0P,Cx.Quin_1M_14D_25C_SmallCylinder_Cut38_16bit.wav,mosquito,Culex quinquefasciatus,culex_quinquefasciatus,M,1M,14D,25C,SmallCylinder,unmarked,cut38,,,,cx.quin_1m_14d_25c_smallcylinder,inferred_filename_source_family; merges cuts and microphone variants; individual/session identity UNKNOWN,2.531,8000,1,PCM_16,20248,41d30dd886e9a9ed697e74136432fce89529c9d19d800c0ea11980a9bc1a5ce8,4875843a2f3c98e41b938813616fd1e624a770f7d20dfe1a1d4c3e6b41b8e722,training,training,HOLD: source-family grouping is not verified individual/session independence,True,raw/mosquito/Cx.Quin_1M_14D_25C_SmallCylinder_Cut38_16bit.wav
14u9YDGe9cULl4Hqz5Jt8rHkP4QENTpu0,Cx.Quin_1M_14D_25C_SmallCylinder_Cut39_16bit.wav,mosquito,Culex quinquefasciatus,culex_quinquefasciatus,M,1M,14D,25C,SmallCylinder,unmarked,cut39,,,,cx.quin_1m_14d_25c_smallcylinder,inferred_filename_source_family; merges cuts and microphone variants; individual/session identity UNKNOWN,1.33525,8000,1,PCM_16,10682,f1814ab7b01b53ce9a6590328589f114a24aa61f14dc27bbeae9014f5bdaa96c,dca72b235b9b262f6b6c6c28adbd8117bad44e886f935b0e78a7c0decc0d9107,training,training,HOLD: source-family grouping is not verified individual/session independence,True,raw/mosquito/Cx.Quin_1M_14D_25C_SmallCylinder_Cut39_16bit.wav
1L6JjiJpOfwn51G1b7B3M04m5hitQXlEJ,Cx.Quin_1M_14D_25C_SmallCylinder_Cut3_16bit.wav,mosquito,Culex quinquefasciatus,culex_quinquefasciatus,M,1M,14D,25C,SmallCylinder,unmarked,cut3,,,,cx.quin_1m_14d_25c_smallcylinder,inferred_filename_source_family; merges cuts and microphone variants; individual/session identity UNKNOWN,0.70825,8000,1,PCM_16,5666,3163611f57fe559fd90a266553c82821142d001ae993b0766a160e339c128560,0e11a8caf6c4003377ce8c92f733f7b72fa1b6585c948d26f7aea7d78eb56ea7,training,training,HOLD: source-family grouping is not verified individual/session independence; shorter than original 1-second context; no padding/looping/concatenation authorized,False,raw/mosquito/Cx.Quin_1M_14D_25C_SmallCylinder_Cut3_16bit.wav
1HheIk_2PzHVYJRzU1Mk2ib-e0MJjn9vh,Cx.Quin_1M_14D_25C_SmallCylinder_Cut40_16bit.wav,mosquito,Culex quinquefasciatus,culex_quinquefasciatus,M,1M,14D,25C,SmallCylinder,unmarked,cut40,,,,cx.quin_1m_14d_25c_smallcylinder,inferred_filename_source_family; merges cuts and microphone variants; individual/session identity UNKNOWN,0.743125,8000,1,PCM_16,5945,e04af77eff6e272604b40896308f113f230858c400d001c95c550742ca8398f3,cfda31d8b11c40bb6a1d155ce5a98dce598ae6bbc46d19331722f890172c6aa7,training,training,HOLD: source-family grouping is not verified individual/session independence; shorter than original 1-second context; no padding/looping/concatenation authorized,False,raw/mosquito/Cx.Quin_1M_14D_25C_SmallCylinder_Cut40_16bit.wav
1wQvl3NdvC4XROk4bKCCGd_IJ0XBq7y8r,Cx.Quin_1M_14D_25C_SmallCylinder_Cut41_16bit.wav,mosquito,Culex quinquefasciatus,culex_quinquefasciatus,M,1M,14D,25C,SmallCylinder,unmarked,cut41,,,,cx.quin_1m_14d_25c_smallcylinder,inferred_filename_source_family; merges cuts and microphone variants; individual/session identity UNKNOWN,0.592125,8000,1,PCM_16,4737,56334870cb35014a7c0cb1d63463b5b179e0a3c02c58aa3f7e502ed3d651eb16,14a412fb64d9fbaf5df2faefc3e31629c3d5b0b916866b1f1f27f91ab036b5e2,training,training,HOLD: source-family grouping is not verified individual/session independence; shorter than original 1-second context; no padding/looping/concatenation authorized,False,raw/mosquito/Cx.Quin_1M_14D_25C_SmallCylinder_Cut41_16bit.wav
1OP0PAr-MVYdKrfC6CbuY2AMJdF1yf9TW,Cx.Quin_1M_14D_25C_SmallCylinder_Cut42_16bit.wav,mosquito,Culex quinquefasciatus,culex_quinquefasciatus,M,1M,14D,25C,SmallCylinder,unmarked,cut42,,,,cx.quin_1m_14d_25c_smallcylinder,inferred_filename_source_family; merges cuts and microphone variants; individual/session identity UNKNOWN,1.43975,8000,1,PCM_16,11518,feff0d341a549915793d1b17ad81171f5cfdd11ab91441bff3da706db385cbb8,bda6b337493a25c46457f40aae3da94f73d3d2a1b5663ff49fa8721c02469948,training,training,HOLD: source-family grouping is not verified individual/session independence,True,raw/mosquito/Cx.Quin_1M_14D_25C_SmallCylinder_Cut42_16bit.wav
16nMJhxhRUaPma-4_WaEtDZ1JLUhj-myc,Cx.Quin_1M_14D_25C_SmallCylinder_Cut4_16bit.wav,mosquito,Culex quinquefasciatus,culex_quinquefasciatus,M,1M,14D,25C,SmallCylinder,unmarked,cut4,,,,cx.quin_1m_14d_25c_smallcylinder,inferred_filename_source_family; merges cuts and microphone variants; individual/session identity UNKNOWN,1.18425,8000,1,PCM_16,9474,4cbcf4f1a7120a8b6b9858dd69cde5305e52f6acd13db4cbf4e06968ae695459,df1663777ff22096e98c22854e148f92a8ca8696a56779a9d0b6405bc21b67d5,training,training,HOLD: source-family grouping is not verified individual/session independence,True,raw/mosquito/Cx.Quin_1M_14D_25C_SmallCylinder_Cut4_16bit.wav
1EOepeCXfOywNRbCwxFgY7qlOStm0P9GW,Cx.Quin_1M_14D_25C_SmallCylinder_Cut5_16bit.wav,mosquito,Culex quinquefasciatus,culex_quinquefasciatus,M,1M,14D,25C,SmallCylinder,unmarked,cut5,,,,cx.quin_1m_14d_25c_smallcylinder,inferred_filename_source_family; merges cuts and microphone variants; individual/session identity UNKNOWN,1.532625,8000,1,PCM_16,12261,241d937f4e92b3c750af1d5bb530a24a934a53192b531b1a658880b8f5d4b028,33f51b48c515681a2181881f57ee1132385518bc203c33202447fdd92a16872c,training,training,HOLD: source-family grouping is not verified individual/session independence,True,raw/mosquito/Cx.Quin_1M_14D_25C_SmallCylinder_Cut5_16bit.wav
1D25NbjzQh2-onayA0KtF4c_Zup2MmM-Q,Cx.Quin_1M_14D_25C_SmallCylinder_Cut6_16bit.wav,mosquito,Culex quinquefasciatus,culex_quinquefasciatus,M,1M,14D,25C,SmallCylinder,unmarked,cut6,,,,cx.quin_1m_14d_25c_smallcylinder,inferred_filename_source_family; merges cuts and microphone variants; individual/session identity UNKNOWN,29.535875,8000,1,PCM_16,236287,fd020506ba5cd1e2d3036be9e6fdcf8061967542c13d3e369f0eefda17278077,5a6798e39f0e9f2feb222e70bfe14adf26048ca6a8b8b47f45be944bae304065,training,training,HOLD: source-family grouping is not verified individual/session independence,True,raw/mosquito/Cx.Quin_1M_14D_25C_SmallCylinder_Cut6_16bit.wav
1QYPcerKGnCxECJOlqCXgtMe3tYif7pIx,Cx.Quin_1M_14D_25C_SmallCylinder_Cut7_16bit.wav,mosquito,Culex quinquefasciatus,culex_quinquefasciatus,M,1M,14D,25C,SmallCylinder,unmarked,cut7,,,,cx.quin_1m_14d_25c_smallcylinder,inferred_filename_source_family; merges cuts and microphone variants; individual/session identity UNKNOWN,1.648625,8000,1,PCM_16,13189,71381aa87674c5d14fd039aaad56607b0765eebb4b259e5c2532d4c1d9303f5d,f46f4e0634852e1788c57f14442870f71cdf553f25c884025e82ac43c8b1b5b9,training,training,HOLD: source-family grouping is not verified individual/session independence,True,raw/mosquito/Cx.Quin_1M_14D_25C_SmallCylinder_Cut7_16bit.wav
1vNvBFrElk2a6Zaa0ZanLjtw6qhG9lWoH,Cx.Quin_1M_14D_25C_SmallCylinder_Cut8_16bit.wav,mosquito,Culex quinquefasciatus,culex_quinquefasciatus,M,1M,14D,25C,SmallCylinder,unmarked,cut8,,,,cx.quin_1m_14d_25c_smallcylinder,inferred_filename_source_family; merges cuts and microphone variants; individual/session identity UNKNOWN,1.70675,8000,1,PCM_16,13654,3f3f1f84506f7aede4f04e20cce6f1bbd6f8df7a823da74878fd7c127878e7a4,1a94c09806b5167b4a23f51f59d4f1c830612a0397ee6820896a55ce690aca58,training,training,HOLD: source-family grouping is not verified individual/session independence,True,raw/mosquito/Cx.Quin_1M_14D_25C_SmallCylinder_Cut8_16bit.wav
1kTX9KGp3TRGjti-aFeLpVwJGvp5tvSAc,Cx.Quin_1M_14D_25C_SmallCylinder_Cut9_16bit.wav,mosquito,Culex quinquefasciatus,culex_quinquefasciatus,M,1M,14D,25C,SmallCylinder,unmarked,cut9,,,,cx.quin_1m_14d_25c_smallcylinder,inferred_filename_source_family; merges cuts and microphone variants; individual/session identity UNKNOWN,2.206,8000,1,PCM_16,17648,8f86c095bad1658d9f9007af489bed278af8128d178ae1c3e93d25680a612f14,8ad55f43e639e7802f757a36a3b349fce595d685a0dc7657903c436e1ecbbbbc,training,training,HOLD: source-family grouping is not verified individual/session independence,True,raw/mosquito/Cx.Quin_1M_14D_25C_SmallCylinder_Cut9_16bit.wav
1jgWxSCV45uGQC2MGvpPjPMMzyYyOY8Gk,Cx.Quin_1M_14D_25C_SmallCylinder_LowMic_cut10_16bit.wav,mosquito,Culex quinquefasciatus,culex_quinquefasciatus,M,1M,14D,25C,SmallCylinder,LowMic,cut10,,,,cx.quin_1m_14d_25c_smallcylinder,inferred_filename_source_family; merges cuts and microphone variants; individual/session identity UNKNOWN,1.25075,8000,1,PCM_16,10006,5502819b8dbe0429f0eb471d8e2a59d144ba0e6996ea5bda07940c4be6fd4da0,612882b6fc9bf571991390bb42d4ba7c0c776724cbca49990e037c039baba50f,training,training,HOLD: source-family grouping is not verified individual/session independence,True,raw/mosquito/Cx.Quin_1M_14D_25C_SmallCylinder_LowMic_cut10_16bit.wav
1a6A9dFQ7rKtqVxKY85QcwYNX7t0VzHlq,Cx.Quin_1M_14D_25C_SmallCylinder_LowMic_cut11_16bit.wav,mosquito,Culex quinquefasciatus,culex_quinquefasciatus,M,1M,14D,25C,SmallCylinder,LowMic,cut11,,,,cx.quin_1m_14d_25c_smallcylinder,inferred_filename_source_family; merges cuts and microphone variants; individual/session identity UNKNOWN,2.118,8000,1,PCM_16,16944,e36e53a47612ed80cdbde784130115e3e5b5142a943a49ef768ab51b3c7ca9f8,6f6d56927a698429160414085ab0db0e3f2e0e57a59f75eb5ae37226ae00ae61,training,training,HOLD: source-family grouping is not verified individual/session independence,True,raw/mosquito/Cx.Quin_1M_14D_25C_SmallCylinder_LowMic_cut11_16bit.wav
1ZeU-3w92OKk8SU-GJSa5LAS6vJg-KP93,Cx.Quin_1M_14D_25C_SmallCylinder_LowMic_cut12_16bit.wav,mosquito,Culex quinquefasciatus,culex_quinquefasciatus,M,1M,14D,25C,SmallCylinder,LowMic,cut12,,,,cx.quin_1m_14d_25c_smallcylinder,inferred_filename_source_family; merges cuts and microphone variants; individual/session identity UNKNOWN,0.43375,8000,1,PCM_16,3470,ccf6fb956894e453f524279ccb1d0aeeafe507ba0329b4740e3dbfaced24c69f,de80e679456f386f288b4b5674bb703f65a7fcaaa93eb51969580ee13d7d7fe0,training,training,HOLD: source-family grouping is not verified individual/session independence; shorter than original 1-second context; no padding/looping/concatenation authorized,False,raw/mosquito/Cx.Quin_1M_14D_25C_SmallCylinder_LowMic_cut12_16bit.wav
1DjJfckX8nuqqlOghf6BQzFWPy4xY5Dk6,Cx.Quin_1M_14D_25C_SmallCylinder_LowMic_cut13_16bit.wav,mosquito,Culex quinquefasciatus,culex_quinquefasciatus,M,1M,14D,25C,SmallCylinder,LowMic,cut13,,,,cx.quin_1m_14d_25c_smallcylinder,inferred_filename_source_family; merges cuts and microphone variants; individual/session identity UNKNOWN,0.835875,8000,1,PCM_16,6687,7dba28a7b60f16b4b5996f9a6d26284b67019e952af946fd286d183492d1e141,2c5dd8161129c28b4847a5f4b12772ab2c44f7b6219befb111e053e1a4f73891,training,training,HOLD: source-family grouping is not verified individual/session independence; shorter than original 1-second context; no padding/looping/concatenation authorized,False,raw/mosquito/Cx.Quin_1M_14D_25C_SmallCylinder_LowMic_cut13_16bit.wav
1FABIRxDjnk094V5c15S0mw7cXkORY9E8,Cx.Quin_1M_14D_25C_SmallCylinder_LowMic_cut14_16bit.wav,mosquito,Culex quinquefasciatus,culex_quinquefasciatus,M,1M,14D,25C,SmallCylinder,LowMic,cut14,,,,cx.quin_1m_14d_25c_smallcylinder,inferred_filename_source_family; merges cuts and microphone variants; individual/session identity UNKNOWN,1.26325,8000,1,PCM_16,10106,a3f299c7b4e0378aeede4e7fba13a0e527ec9d57148031ac647bcad4e6a68c42,4bce7e033c6d2990885235dbc7c3498804599eb8b662d0b8a9f019e39bd611f4,training,training,HOLD: source-family grouping is not verified individual/session independence,True,raw/mosquito/Cx.Quin_1M_14D_25C_SmallCylinder_LowMic_cut14_16bit.wav
1eapT-NQ_PJMw-A0uZ_ylIpLSTrlzgGiw,Cx.Quin_1M_14D_25C_SmallCylinder_LowMic_cut15_16bit.wav,mosquito,Culex quinquefasciatus,culex_quinquefasciatus,M,1M,14D,25C,SmallCylinder,LowMic,cut15,,,,cx.quin_1m_14d_25c_smallcylinder,inferred_filename_source_family; merges cuts and microphone variants; individual/session identity UNKNOWN,1.20675,8000,1,PCM_16,9654,946be229bbe350debd86f03fd4695736180726d081dacbb728d8d0a0adefa0a6,32ed6d6c0a26645ae958310abaa37c42ee7fd2208e4d1d09094a34ae44074fc2,training,training,HOLD: source-family grouping is not verified individual/session independence,True,raw/mosquito/Cx.Quin_1M_14D_25C_SmallCylinder_LowMic_cut15_16bit.wav
1NWwdEZiDoxPZ1Io3LEf8HYbVkx0FUBmi,Cx.Quin_1M_14D_25C_SmallCylinder_LowMic_cut16_16bit.wav,mosquito,Culex quinquefasciatus,culex_quinquefasciatus,M,1M,14D,25C,SmallCylinder,LowMic,cut16,,,,cx.quin_1m_14d_25c_smallcylinder,inferred_filename_source_family; merges cuts and microphone variants; individual/session identity UNKNOWN,2.356875,8000,1,PCM_16,18855,65103458e476f58680268304517ae734df6354ecc3867ee0d3a1eb307efb4eef,8f27b61616bea20947db5ea227bd553b87cb8fa1eba4c7d0ecc7022a887b9b9e,training,training,HOLD: source-family grouping is not verified individual/session independence,True,raw/mosquito/Cx.Quin_1M_14D_25C_SmallCylinder_LowMic_cut16_16bit.wav
1h3GwSHur8BBSyFaI1ZhkQhZzjx0PExmH,Cx.Quin_1M_14D_25C_SmallCylinder_LowMic_cut17_16bit.wav,mosquito,Culex quinquefasciatus,culex_quinquefasciatus,M,1M,14D,25C,SmallCylinder,LowMic,cut17,,,,cx.quin_1m_14d_25c_smallcylinder,inferred_filename_source_family; merges cuts and microphone variants; individual/session identity UNKNOWN,2.79675,8000,1,PCM_16,22374,37b33945b565fec1bb7c0074808f520afc93b67a57dee168f93bfb2e5d67ea7d,3b8d65be418e66a450789a26e588ea2329034890c18667bf71ba7f606936048e,training,training,HOLD: source-family grouping is not verified individual/session independence,True,raw/mosquito/Cx.Quin_1M_14D_25C_SmallCylinder_LowMic_cut17_16bit.wav
1EstE_eoLL68iq1L-EjYa9XQ4atHoWQsK,Cx.Quin_1M_14D_25C_SmallCylinder_LowMic_cut18_16bit.wav,mosquito,Culex quinquefasciatus,culex_quinquefasciatus,M,1M,14D,25C,SmallCylinder,LowMic,cut18,,,,cx.quin_1m_14d_25c_smallcylinder,inferred_filename_source_family; merges cuts and microphone variants; individual/session identity UNKNOWN,4.18575,8000,1,PCM_16,33486,9ea71bbe313a0237be96439ad69cc4b02bc9d29a8c6b226f024657dd93047ad5,2ba590e2b1c1f0f61e4d9fffc067fac085e164ea359aa1edf79bbff25e6eb185,training,training,HOLD: source-family grouping is not verified individual/session independence,True,raw/mosquito/Cx.Quin_1M_14D_25C_SmallCylinder_LowMic_cut18_16bit.wav
1hzj5CvWPW9s9AFvSTMPXjbUZwNRK9zOa,Cx.Quin_1M_14D_25C_SmallCylinder_LowMic_cut19_16bit.wav,mosquito,Culex quinquefasciatus,culex_quinquefasciatus,M,1M,14D,25C,SmallCylinder,LowMic,cut19,,,,cx.quin_1m_14d_25c_smallcylinder,inferred_filename_source_family; merges cuts and microphone variants; individual/session identity UNKNOWN,1.986,8000,1,PCM_16,15888,a32692f5133803bba826f80d0b16013b1434bc589d1acc2a6e779ba8b2495333,c6149419ca0b5894e7bf852d89d880a6c3732f38012cf7bdb0c1aa5f46bc1777,training,training,HOLD: source-family grouping is not verified individual/session independence,True,raw/mosquito/Cx.Quin_1M_14D_25C_SmallCylinder_LowMic_cut19_16bit.wav
12cLxyp_8MpooarF_FvTLdCwp2meZl7CZ,Cx.Quin_1M_14D_25C_SmallCylinder_LowMic_cut1_16bit.wav,mosquito,Culex quinquefasciatus,culex_quinquefasciatus,M,1M,14D,25C,SmallCylinder,LowMic,cut1,,,,cx.quin_1m_14d_25c_smallcylinder,inferred_filename_source_family; merges cuts and microphone variants; individual/session identity UNKNOWN,3.892,8000,1,PCM_16,31136,cb96c4579cf7bb815904f2abfcd5cd8eb6a546d63d0f29caab250c35eab2856a,35519de29fd859923820d9cae9e6eed4dfe1b0820ac06d5372138c10ec6604e2,training,training,HOLD: source-family grouping is not verified individual/session independence,True,raw/mosquito/Cx.Quin_1M_14D_25C_SmallCylinder_LowMic_cut1_16bit.wav
1RdLl6e2apcdg75TdEnx5iCyvp9E7t4QZ,Cx.Quin_1M_14D_25C_SmallCylinder_LowMic_cut20_16bit.wav,mosquito,Culex quinquefasciatus,culex_quinquefasciatus,M,1M,14D,25C,SmallCylinder,LowMic,cut20,,,,cx.quin_1m_14d_25c_smallcylinder,inferred_filename_source_family; merges cuts and microphone variants; individual/session identity UNKNOWN,2.092875,8000,1,PCM_16,16743,c7689951331fff61560b9fcb1a7607947486f319bced00ee6156e7a03d774386,abdc0f54275f7919e4135b8a9713125a22f888d077b5d11b85e60c92b034d138,training,training,HOLD: source-family grouping is not verified individual/session independence,True,raw/mosquito/Cx.Quin_1M_14D_25C_SmallCylinder_LowMic_cut20_16bit.wav
1rqjD9NkWdqwoYno9xszffGXtASep4e5f,Cx.Quin_1M_14D_25C_SmallCylinder_LowMic_cut21_16bit.wav,mosquito,Culex quinquefasciatus,culex_quinquefasciatus,M,1M,14D,25C,SmallCylinder,LowMic,cut21,,,,cx.quin_1m_14d_25c_smallcylinder,inferred_filename_source_family; merges cuts and microphone variants; individual/session identity UNKNOWN,2.092875,8000,1,PCM_16,16743,6cc676b8603f4d19bd90c85d526ecb59ce9ac0513c7b7213d69002aede6e90e6,8a32a64c60087a7a459073698fe2c0d428441a87f0bad98a781fc1a2daf6d8de,training,training,HOLD: source-family grouping is not verified individual/session independence,True,raw/mosquito/Cx.Quin_1M_14D_25C_SmallCylinder_LowMic_cut21_16bit.wav
1anEyV94vy9gOjh-XPT3OihECuNCuMg_P,Cx.Quin_1M_14D_25C_SmallCylinder_LowMic_cut22_16bit.wav,mosquito,Culex quinquefasciatus,culex_quinquefasciatus,M,1M,14D,25C,SmallCylinder,LowMic,cut22,,,,cx.quin_1m_14d_25c_smallcylinder,inferred_filename_source_family; merges cuts and microphone variants; individual/session identity UNKNOWN,1.389,8000,1,PCM_16,11112,a0e015345cca470482b1c3aed3716cae98bec74eac3ae88b2d093d1b0c05942a,f0b3b2132c894361afcc1ab82040d5578098eb2293b9d6178696cd97ebf46490,training,training,HOLD: source-family grouping is not verified individual/session independence,True,raw/mosquito/Cx.Quin_1M_14D_25C_SmallCylinder_LowMic_cut22_16bit.wav
1pyz-upcL9uIVf__3e-xsIMt0F6mqyYh2,Cx.Quin_1M_14D_25C_SmallCylinder_LowMic_cut23_16bit.wav,mosquito,Culex quinquefasciatus,culex_quinquefasciatus,M,1M,14D,25C,SmallCylinder,LowMic,cut23,,,,cx.quin_1m_14d_25c_smallcylinder,inferred_filename_source_family; merges cuts and microphone variants; individual/session identity UNKNOWN,5.097,8000,1,PCM_16,40776,6c82a1f22ba93c0eea8774567558762acfb51afb714f5366afa9049d993e709a,a06bb275eb45de15600feb36b448e3269b755bb495e26f70909c685219eef149,training,training,HOLD: source-family grouping is not verified individual/session independence,True,raw/mosquito/Cx.Quin_1M_14D_25C_SmallCylinder_LowMic_cut23_16bit.wav
1kCK8QWkZhVHsLPpC4fL3DLzEAHu6Xadr,Cx.Quin_1M_14D_25C_SmallCylinder_LowMic_cut24_16bit.wav,mosquito,Culex quinquefasciatus,culex_quinquefasciatus,M,1M,14D,25C,SmallCylinder,LowMic,cut24,,,,cx.quin_1m_14d_25c_smallcylinder,inferred_filename_source_family; merges cuts and microphone variants; individual/session identity UNKNOWN,4.82675,8000,1,PCM_16,38614,ebb91193ebf98c97d0bf131a7e5d6f5caf887b02299a6a9319174dd0a63863e6,154254736535c6d9cad01cf8020254b51ae0305c8ba6f90066c73890683505b7,training,training,HOLD: source-family grouping is not verified individual/session independence,True,raw/mosquito/Cx.Quin_1M_14D_25C_SmallCylinder_LowMic_cut24_16bit.wav
1tCP_CVdbo8DY8MBp52Q0aMwcwKCNT8ki,Cx.Quin_1M_14D_25C_SmallCylinder_LowMic_cut25_16bit.wav,mosquito,Culex quinquefasciatus,culex_quinquefasciatus,M,1M,14D,25C,SmallCylinder,LowMic,cut25,,,,cx.quin_1m_14d_25c_smallcylinder,inferred_filename_source_family; merges cuts and microphone variants; individual/session identity UNKNOWN,0.553125,8000,1,PCM_16,4425,5fbf2cdf3f6ca0d8892449c91eb42e0b6079e3a9ed9107536d473fce86aba6c4,20d6949075a53a980b59bc0a941453a018141e566cb53f063e49ce2120b25672,training,training,HOLD: source-family grouping is not verified individual/session independence; shorter than original 1-second context; no padding/looping/concatenation authorized,False,raw/mosquito/Cx.Quin_1M_14D_25C_SmallCylinder_LowMic_cut25_16bit.wav
1Rp-V_uKCb6O_sDx6q9uRDKyjzD6P5Doc,Cx.Quin_1M_14D_25C_SmallCylinder_LowMic_cut26_16bit.wav,mosquito,Culex quinquefasciatus,culex_quinquefasciatus,M,1M,14D,25C,SmallCylinder,LowMic,cut26,,,,cx.quin_1m_14d_25c_smallcylinder,inferred_filename_source_family; merges cuts and microphone variants; individual/session identity UNKNOWN,4.09775,8000,1,PCM_16,32782,e2f896a7b2797a9f77c2f937349e77ec64b959449c4ee7145f21e16e317ebd41,da1dd1d41acd1adb7ffd05590769947fab688a33bb50f947000da73fa6b4a05b,training,training,HOLD: source-family grouping is not verified individual/session independence,True,raw/mosquito/Cx.Quin_1M_14D_25C_SmallCylinder_LowMic_cut26_16bit.wav
1jLW-TjzWdwU2KhFIsoGxG-LIjT6QWJ7y,Cx.Quin_1M_14D_25C_SmallCylinder_LowMic_cut27_16bit.wav,mosquito,Culex quinquefasciatus,culex_quinquefasciatus,M,1M,14D,25C,SmallCylinder,LowMic,cut27,,,,cx.quin_1m_14d_25c_smallcylinder,inferred_filename_source_family; merges cuts and microphone variants; individual/session identity UNKNOWN,1.627875,8000,1,PCM_16,13023,ebaaaff3a0957680c0cc88d49c185bea6d371470643d9133ad9a3164294a77c8,16778d2efaa548b6b46450b10b0cfb493443a284004034efdec879957f254940,training,training,HOLD: source-family grouping is not verified individual/session independence,True,raw/mosquito/Cx.Quin_1M_14D_25C_SmallCylinder_LowMic_cut27_16bit.wav
19BY5Gy98kJ5dAtZ7QKSZfJa-2t0R6Mlu,Cx.Quin_1M_14D_25C_SmallCylinder_LowMic_cut28_16bit.wav,mosquito,Culex quinquefasciatus,culex_quinquefasciatus,M,1M,14D,25C,SmallCylinder,LowMic,cut28,,,,cx.quin_1m_14d_25c_smallcylinder,inferred_filename_source_family; merges cuts and microphone variants; individual/session identity UNKNOWN,3.902875,8000,1,PCM_16,31223,64b568b2756963b1b76db38f6a875a32db9981f9602298936dc8b8b71a294132,5fcbeef004de0e700e60247b60f4556cb5bab38fd6c7eeef9a80de039706ef85,training,training,HOLD: source-family grouping is not verified individual/session independence,True,raw/mosquito/Cx.Quin_1M_14D_25C_SmallCylinder_LowMic_cut28_16bit.wav
179wybshC-Vi7LX3mfNV-4YA95IKNUVcw,Cx.Quin_1M_14D_25C_SmallCylinder_LowMic_cut29_16bit.wav,mosquito,Culex quinquefasciatus,culex_quinquefasciatus,M,1M,14D,25C,SmallCylinder,LowMic,cut29,,,,cx.quin_1m_14d_25c_smallcylinder,inferred_filename_source_family; merges cuts and microphone variants; individual/session identity UNKNOWN,0.704,8000,1,PCM_16,5632,2249a4e92d105695d1eb89f6448fe0f336f7df5a6684b72491e7b9e8a583ab6d,66107adb63a21ca475d0035312c84217f96bd2c4bb47bcccf8d720852026aead,training,training,HOLD: source-family grouping is not verified individual/session independence; shorter than original 1-second context; no padding/looping/concatenation authorized,False,raw/mosquito/Cx.Quin_1M_14D_25C_SmallCylinder_LowMic_cut29_16bit.wav
1bjq77qnJVw5n0dJZR8BLlMbvdvHCPISJ,Cx.Quin_1M_14D_25C_SmallCylinder_LowMic_cut2_16bit.wav,mosquito,Culex quinquefasciatus,culex_quinquefasciatus,M,1M,14D,25C,SmallCylinder,LowMic,cut2,,,,cx.quin_1m_14d_25c_smallcylinder,inferred_filename_source_family; merges cuts and microphone variants; individual/session identity UNKNOWN,0.80475,8000,1,PCM_16,6438,1b31e2b25240a4b0b095afb83033facee0194017f85b6e4153583556b33c034d,098de781428b3ba09fdf95eb6706fb2f0a948959f23c72b1252f95707db9dacc,training,training,HOLD: source-family grouping is not verified individual/session independence; shorter than original 1-second context; no padding/looping/concatenation authorized,False,raw/mosquito/Cx.Quin_1M_14D_25C_SmallCylinder_LowMic_cut2_16bit.wav
1k_Lhrw6jfLyFiGczBeB1GgCm21dGnp5n,Cx.Quin_1M_14D_25C_SmallCylinder_LowMic_cut30_16bit.wav,mosquito,Culex quinquefasciatus,culex_quinquefasciatus,M,1M,14D,25C,SmallCylinder,LowMic,cut30,,,,cx.quin_1m_14d_25c_smallcylinder,inferred_filename_source_family; merges cuts and microphone variants; individual/session identity UNKNOWN,7.34075,8000,1,PCM_16,58726,ca787af8efd094799fb3701f95fc2df4ff7c3fb4c7a6c28d204d5b8d9789c6a7,41c9bf5e388f42de758885ae69c61742543576c775b7e46d2cece00da8d0e36f,training,training,HOLD: source-family grouping is not verified individual/session independence,True,raw/mosquito/Cx.Quin_1M_14D_25C_SmallCylinder_LowMic_cut30_16bit.wav
1YCslz0ijTCJLNQmYr_f_B_Xye4b3GBob,Cx.Quin_1M_14D_25C_SmallCylinder_LowMic_cut31_16bit.wav,mosquito,Culex quinquefasciatus,culex_quinquefasciatus,M,1M,14D,25C,SmallCylinder,LowMic,cut31,,,,cx.quin_1m_14d_25c_smallcylinder,inferred_filename_source_family; merges cuts and microphone variants; individual/session identity UNKNOWN,0.748,8000,1,PCM_16,5984,2e78b77745deb68d8b9593c888417cfc3ddbb16462877dee583a13ee2f491949,2127bf66fbf3edd4d9a16b4363c1fc38803e150ce537096a3c38fc1359f1bd1c,training,training,HOLD: source-family grouping is not verified individual/session independence; shorter than original 1-second context; no padding/looping/concatenation authorized,False,raw/mosquito/Cx.Quin_1M_14D_25C_SmallCylinder_LowMic_cut31_16bit.wav
1654f_aZtsdPRJa3SCBjhg9YZTXJyns3U,Cx.Quin_1M_14D_25C_SmallCylinder_LowMic_cut32_16bit.wav,mosquito,Culex quinquefasciatus,culex_quinquefasciatus,M,1M,14D,25C,SmallCylinder,LowMic,cut32,,,,cx.quin_1m_14d_25c_smallcylinder,inferred_filename_source_family; merges cuts and microphone variants; individual/session identity UNKNOWN,1.35125,8000,1,PCM_16,10810,b3650a1c67f0250c6121cd984858b11200f15000fc0c270308ebaccf611b4234,6b219ddbac762efc21fa1fd01c3f40d13b04ce17049558bca1c7bda8fef7e506,training,training,HOLD: source-family grouping is not verified individual/session independence,True,raw/mosquito/Cx.Quin_1M_14D_25C_SmallCylinder_LowMic_cut32_16bit.wav
1e6c7EZaFzLeexIVtJIcvmiHXdysLVJa2,Cx.Quin_1M_14D_25C_SmallCylinder_LowMic_cut33_16bit.wav,mosquito,Culex quinquefasciatus,culex_quinquefasciatus,M,1M,14D,25C,SmallCylinder,LowMic,cut33,,,,cx.quin_1m_14d_25c_smallcylinder,inferred_filename_source_family; merges cuts and microphone variants; individual/session identity UNKNOWN,4.927375,8000,1,PCM_16,39419,e73eb2c73b52d8ff5c2aadeab12268ac3c7510deaab52e928c50d13a12a90da2,e371324f843fdc6b5433de7f9631d1b04e97ffe2eca2e0636ce02f7063534e6e,training,training,HOLD: source-family grouping is not verified individual/session independence,True,raw/mosquito/Cx.Quin_1M_14D_25C_SmallCylinder_LowMic_cut33_16bit.wav
1ANmiOQsOBnxWyK9yYB6b8mEMHiUlMhG8,Cx.Quin_1M_14D_25C_SmallCylinder_LowMic_cut34_16bit.wav,mosquito,Culex quinquefasciatus,culex_quinquefasciatus,M,1M,14D,25C,SmallCylinder,LowMic,cut34,,,,cx.quin_1m_14d_25c_smallcylinder,inferred_filename_source_family; merges cuts and microphone variants; individual/session identity UNKNOWN,1.370125,8000,1,PCM_16,10961,699735ddf8b26c575340d2b418bb4f4caf01e627b4e63899ecb98b90fbe38149,4a6f0fe55a4844a8c670cce9916f255670ead51c122258ed10182ea0c7cbfa51,training,training,HOLD: source-family grouping is not verified individual/session independence,True,raw/mosquito/Cx.Quin_1M_14D_25C_SmallCylinder_LowMic_cut34_16bit.wav
1YR_Q1Z0U-bnKI1B4bKFqUDxn73izx9ht,Cx.Quin_1M_14D_25C_SmallCylinder_LowMic_cut35_16bit.wav,mosquito,Culex quinquefasciatus,culex_quinquefasciatus,M,1M,14D,25C,SmallCylinder,LowMic,cut35,,,,cx.quin_1m_14d_25c_smallcylinder,inferred_filename_source_family; merges cuts and microphone variants; individual/session identity UNKNOWN,0.72275,8000,1,PCM_16,5782,d93197c72aaeaa647741289c32d6e7816df67ac7f016b072f6f4ade505cb42f5,5f74df26637c8e80f88697a7dde86970692dfb045e3a662250c76da74c2a73c9,training,training,HOLD: source-family grouping is not verified individual/session independence; shorter than original 1-second context; no padding/looping/concatenation authorized,False,raw/mosquito/Cx.Quin_1M_14D_25C_SmallCylinder_LowMic_cut35_16bit.wav
1kSeibjvxf3Wh884hkWHfqkUxgVYIFHg6,Cx.Quin_1M_14D_25C_SmallCylinder_LowMic_cut36_16bit.wav,mosquito,Culex quinquefasciatus,culex_quinquefasciatus,M,1M,14D,25C,SmallCylinder,LowMic,cut36,,,,cx.quin_1m_14d_25c_smallcylinder,inferred_filename_source_family; merges cuts and microphone variants; individual/session identity UNKNOWN,0.697625,8000,1,PCM_16,5581,cf22f8d802f53d024c20258ecffcf1c31ee0af4c32d85c7b52b919e2acd96f4d,f0ac9e8e01f81ba93974291d935b3732c26ff3e89f8c079a12ac1bc52bd38a38,training,training,HOLD: source-family grouping is not verified individual/session independence; shorter than original 1-second context; no padding/looping/concatenation authorized,False,raw/mosquito/Cx.Quin_1M_14D_25C_SmallCylinder_LowMic_cut36_16bit.wav
1DW87JwbyLj8lqC0SvO1xJ7FNvy0yVOxy,Cx.Quin_1M_14D_25C_SmallCylinder_LowMic_cut37_16bit.wav,mosquito,Culex quinquefasciatus,culex_quinquefasciatus,M,1M,14D,25C,SmallCylinder,LowMic,cut37,,,,cx.quin_1m_14d_25c_smallcylinder,inferred_filename_source_family; merges cuts and microphone variants; individual/session identity UNKNOWN,0.72275,8000,1,PCM_16,5782,5047b4d45cf65c872bec92715d3c39c15a004cd05135ac249f7d4104648cb684,6cc5b95a53c431b8b299f24ac3d6f740ebbc9b09343faae636d90e63eed1d6b4,training,training,HOLD: source-family grouping is not verified individual/session independence; shorter than original 1-second context; no padding/looping/concatenation authorized,False,raw/mosquito/Cx.Quin_1M_14D_25C_SmallCylinder_LowMic_cut37_16bit.wav
1V4vul4hszxj02SksLSKj4UG8tEtDWA8Q,Cx.Quin_1M_14D_25C_SmallCylinder_LowMic_cut38_16bit.wav,mosquito,Culex quinquefasciatus,culex_quinquefasciatus,M,1M,14D,25C,SmallCylinder,LowMic,cut38,,,,cx.quin_1m_14d_25c_smallcylinder,inferred_filename_source_family; merges cuts and microphone variants; individual/session identity UNKNOWN,1.6215,8000,1,PCM_16,12972,d28c7194516947e146ba1db6e0138c4606e009c8f1857e8ed74f56e85c6ac42c,168d229db1283d770f1e811378fad990bbd1cf40b17698d5584521f7c7037e33,training,training,HOLD: source-family grouping is not verified individual/session independence,True,raw/mosquito/Cx.Quin_1M_14D_25C_SmallCylinder_LowMic_cut38_16bit.wav
1tL74H9UGnPfWTUcGbMDFSSxPmfKZs3JR,Cx.Quin_1M_14D_25C_SmallCylinder_LowMic_cut39_16bit.wav,mosquito,Culex quinquefasciatus,culex_quinquefasciatus,M,1M,14D,25C,SmallCylinder,LowMic,cut39,,,,cx.quin_1m_14d_25c_smallcylinder,inferred_filename_source_family; merges cuts and microphone variants; individual/session identity UNKNOWN,3.538375,8000,1,PCM_16,28307,c59f4f730a232862908f25bf2c88eafd38994aa7d20bff23dc10fddc7fe82e5a,8d84fe517cc38a4ca6716baeb736b76cbf387e17592c7c4dda4788c106a80b02,training,training,HOLD: source-family grouping is not verified individual/session independence,True,raw/mosquito/Cx.Quin_1M_14D_25C_SmallCylinder_LowMic_cut39_16bit.wav
1HG13OV8qhgxLnlFVpP9P8HdK78jW70DX,Cx.Quin_1M_14D_25C_SmallCylinder_LowMic_cut3_16bit.wav,mosquito,Culex quinquefasciatus,culex_quinquefasciatus,M,1M,14D,25C,SmallCylinder,LowMic,cut3,,,,cx.quin_1m_14d_25c_smallcylinder,inferred_filename_source_family; merges cuts and microphone variants; individual/session identity UNKNOWN,6.909625,8000,1,PCM_16,55277,6b5511b1fc89961549f2c102d9aaf4cf1848192c6f3b919a42845a150459088b,5db5e9599d71eb87e35a6d7f8f3c3be1be7e3c394ba66f7734a1813025d403bf,training,training,HOLD: source-family grouping is not verified individual/session independence,True,raw/mosquito/Cx.Quin_1M_14D_25C_SmallCylinder_LowMic_cut3_16bit.wav
1I3vpQDFS4oTBXihH6N32mlMEX60SY5oe,Cx.Quin_1M_14D_25C_SmallCylinder_LowMic_cut40_16bit.wav,mosquito,Culex quinquefasciatus,culex_quinquefasciatus,M,1M,14D,25C,SmallCylinder,LowMic,cut40,,,,cx.quin_1m_14d_25c_smallcylinder,inferred_filename_source_family; merges cuts and microphone variants; individual/session identity UNKNOWN,3.299625,8000,1,PCM_16,26397,f71e9fed2d39498019d0fe7c6ade7344c42ef7a5b44bc8e0cf03c4ed4ba26c3b,a4c3d49b3a8c0c6048a4d2f875bb6ef796980018a06e8e19a3bdcf0351f9c2a9,training,training,HOLD: source-family grouping is not verified individual/session independence,True,raw/mosquito/Cx.Quin_1M_14D_25C_SmallCylinder_LowMic_cut40_16bit.wav
1otpqYkobM497fsj_fSIrzuKX_N3GNkh5,Cx.Quin_1M_14D_25C_SmallCylinder_LowMic_cut41_16bit.wav,mosquito,Culex quinquefasciatus,culex_quinquefasciatus,M,1M,14D,25C,SmallCylinder,LowMic,cut41,,,,cx.quin_1m_14d_25c_smallcylinder,inferred_filename_source_family; merges cuts and microphone variants; individual/session identity UNKNOWN,2.771625,8000,1,PCM_16,22173,5dc01dd5d7175e30bcef298f7dc7c0f7f22048d61ee93d002f2c96d406498435,94448df507aab32ed701cdde61acf6eb7d1b9bccaa96a54a44a8113be85a6a57,training,training,HOLD: source-family grouping is not verified individual/session independence,True,raw/mosquito/Cx.Quin_1M_14D_25C_SmallCylinder_LowMic_cut41_16bit.wav
1962pDB2nQgR9Hn-tBVv3gWggrLOwuH3d,Cx.Quin_1M_14D_25C_SmallCylinder_LowMic_cut42_16bit.wav,mosquito,Culex quinquefasciatus,culex_quinquefasciatus,M,1M,14D,25C,SmallCylinder,LowMic,cut42,,,,cx.quin_1m_14d_25c_smallcylinder,inferred_filename_source_family; merges cuts and microphone variants; individual/session identity UNKNOWN,1.728375,8000,1,PCM_16,13827,f53619ad1edc69a9dc30ce7e8a4cfda68c760bccbef756239b5258c6b7d9a6e2,4556f019666b3cd995e4f96f5bf75e8cd2fbc0769545daa3196685b7f07af73e,training,training,HOLD: source-family grouping is not verified individual/session independence,True,raw/mosquito/Cx.Quin_1M_14D_25C_SmallCylinder_LowMic_cut42_16bit.wav
1YFD6N5WEr-EswSbhdTK0C3Zzrd_Fp9X2,Cx.Quin_1M_14D_25C_SmallCylinder_LowMic_cut43_16bit.wav,mosquito,Culex quinquefasciatus,culex_quinquefasciatus,M,1M,14D,25C,SmallCylinder,LowMic,cut43,,,,cx.quin_1m_14d_25c_smallcylinder,inferred_filename_source_family; merges cuts and microphone variants; individual/session identity UNKNOWN,0.84225,8000,1,PCM_16,6738,13f4c7b4132c48d8c36bdb013b69bbddb848bd3199ebd13ac80df441b8dbd2a3,99e3f1304b36168b37706afa1e28422090803f64eca16fa9017cdbfffa31d24d,training,training,HOLD: source-family grouping is not verified individual/session independence; shorter than original 1-second context; no padding/looping/concatenation authorized,False,raw/mosquito/Cx.Quin_1M_14D_25C_SmallCylinder_LowMic_cut43_16bit.wav
15x89FoOngHhdWyMzsMsm6QgV-5AKCyRz,Cx.Quin_1M_14D_25C_SmallCylinder_LowMic_cut44_16bit.wav,mosquito,Culex quinquefasciatus,culex_quinquefasciatus,M,1M,14D,25C,SmallCylinder,LowMic,cut44,,,,cx.quin_1m_14d_25c_smallcylinder,inferred_filename_source_family; merges cuts and microphone variants; individual/session identity UNKNOWN,0.779375,8000,1,PCM_16,6235,4c35a10a127a06a6865874537acedf79418b33e2bd2c43388e041a90a89ba3e6,63e65112054e478c67404960131178153eac5f4eeea187692a0aea1ad5750f78,training,training,HOLD: source-family grouping is not verified individual/session independence; shorter than original 1-second context; no padding/looping/concatenation authorized,False,raw/mosquito/Cx.Quin_1M_14D_25C_SmallCylinder_LowMic_cut44_16bit.wav
1GPms8JFcerWEDN1fFEvQVMjtX0usSLHe,Cx.Quin_1M_14D_25C_SmallCylinder_LowMic_cut45_16bit.wav,mosquito,Culex quinquefasciatus,culex_quinquefasciatus,M,1M,14D,25C,SmallCylinder,LowMic,cut45,,,,cx.quin_1m_14d_25c_smallcylinder,inferred_filename_source_family; merges cuts and microphone variants; individual/session identity UNKNOWN,0.53425,8000,1,PCM_16,4274,13e10b91079b21913e29c1198c390857800ff6dd002bd5434407f2f9090115f7,aeb2035dea0c3a3f19d805a62e54558d2b07b17473131a5e619ee87539517534,training,training,HOLD: source-family grouping is not verified individual/session independence; shorter than original 1-second context; no padding/looping/concatenation authorized,False,raw/mosquito/Cx.Quin_1M_14D_25C_SmallCylinder_LowMic_cut45_16bit.wav
14VzyjkQMFirOXPfMaCD193clYyyhjfiF,Cx.Quin_1M_14D_25C_SmallCylinder_LowMic_cut46_16bit.wav,mosquito,Culex quinquefasciatus,culex_quinquefasciatus,M,1M,14D,25C,SmallCylinder,LowMic,cut46,,,,cx.quin_1m_14d_25c_smallcylinder,inferred_filename_source_family; merges cuts and microphone variants; individual/session identity UNKNOWN,1.558625,8000,1,PCM_16,12469,deebc6dc318a73241d35998eba1b63ab15bea0691eda26c8c912fb25f76d05cc,ba4e0a4910e9937ab3b1f2f4d7758a7211cf3bb664d9323b5faf07aaed793100,training,training,HOLD: source-family grouping is not verified individual/session independence,True,raw/mosquito/Cx.Quin_1M_14D_25C_SmallCylinder_LowMic_cut46_16bit.wav
1IDejsDrFvTi-a8g_9qi8azNtZmNIwLjp,Cx.Quin_1M_14D_25C_SmallCylinder_LowMic_cut4_16bit.wav,mosquito,Culex quinquefasciatus,culex_quinquefasciatus,M,1M,14D,25C,SmallCylinder,LowMic,cut4,,,,cx.quin_1m_14d_25c_smallcylinder,inferred_filename_source_family; merges cuts and microphone variants; individual/session identity UNKNOWN,0.920875,8000,1,PCM_16,7367,2e079e54c9e00c49c38c0a3309cdd1c7fb6abf10a8cbc15ef6423e33929f8b86,a303b2b707a18ef78e118274f289e36c8cab27a202488eed892bb6ba8b7fe023,training,training,HOLD: source-family grouping is not verified individual/session independence; shorter than original 1-second context; no padding/looping/concatenation authorized,False,raw/mosquito/Cx.Quin_1M_14D_25C_SmallCylinder_LowMic_cut4_16bit.wav
1CeboQ0wrc2EbxeVhm2y3g5Go8ZUhEFCv,Cx.Quin_1M_14D_25C_SmallCylinder_LowMic_cut5_16bit.wav,mosquito,Culex quinquefasciatus,culex_quinquefasciatus,M,1M,14D,25C,SmallCylinder,LowMic,cut5,,,,cx.quin_1m_14d_25c_smallcylinder,inferred_filename_source_family; merges cuts and microphone variants; individual/session identity UNKNOWN,31.689375,8000,1,PCM_16,253515,67094282556a2d53397864eb568e80cd50854ead7c62f2c4363f307006df892c,4798dfebd6462851ad7049ae1b684f5d7d0861d7880761c96b5ae941b01e520b,training,training,HOLD: source-family grouping is not verified individual/session independence,True,raw/mosquito/Cx.Quin_1M_14D_25C_SmallCylinder_LowMic_cut5_16bit.wav
18HHtRv_l6V10AkEkeIAxazxbIDM7mkoB,Cx.Quin_1M_14D_25C_SmallCylinder_LowMic_cut6_16bit.wav,mosquito,Culex quinquefasciatus,culex_quinquefasciatus,M,1M,14D,25C,SmallCylinder,LowMic,cut6,,,,cx.quin_1m_14d_25c_smallcylinder,inferred_filename_source_family; merges cuts and microphone variants; individual/session identity UNKNOWN,0.729125,8000,1,PCM_16,5833,c0c2255212901c9c3efac719cc3fc87385a8e4d962113e39544e2aa7dc6cebf0,3d38247d8e4973b6b0295c18009313eb795f6c23e3e2d0edcb9609e7f5048575,training,training,HOLD: source-family grouping is not verified individual/session independence; shorter than original 1-second context; no padding/looping/concatenation authorized,False,raw/mosquito/Cx.Quin_1M_14D_25C_SmallCylinder_LowMic_cut6_16bit.wav
1ouvPmL5-f3REJVe02N-0tPcQrEf2Okon,Cx.Quin_1M_14D_25C_SmallCylinder_LowMic_cut7_16bit.wav,mosquito,Culex quinquefasciatus,culex_quinquefasciatus,M,1M,14D,25C,SmallCylinder,LowMic,cut7,,,,cx.quin_1m_14d_25c_smallcylinder,inferred_filename_source_family; merges cuts and microphone variants; individual/session identity UNKNOWN,1.61525,8000,1,PCM_16,12922,f02b739c662a1404f0f08fd0cf1976b1881aea076fa812c61d3a18c9b1a89f84,8f8b23b051f8377f7008d23a4ba95fd32419446a3a478449d1f557e249cedb40,training,training,HOLD: source-family grouping is not verified individual/session independence,True,raw/mosquito/Cx.Quin_1M_14D_25C_SmallCylinder_LowMic_cut7_16bit.wav
1NmWsOBUtxLaIEkX3hDnjv4q-XqEjL2yH,Cx.Quin_1M_14D_25C_SmallCylinder_LowMic_cut8_16bit.wav,mosquito,Culex quinquefasciatus,culex_quinquefasciatus,M,1M,14D,25C,SmallCylinder,LowMic,cut8,,,,cx.quin_1m_14d_25c_smallcylinder,inferred_filename_source_family; merges cuts and microphone variants; individual/session identity UNKNOWN,3.444125,8000,1,PCM_16,27553,2bc9cfdaf0ecf09a3b658dde769776b480f7106611d07a6def22be2676ef4e2a,1c8b7aaf04556b34a20408cc5da992240953e31bb5a1c1d023cfab4904b2f702,training,training,HOLD: source-family grouping is not verified individual/session independence,True,raw/mosquito/Cx.Quin_1M_14D_25C_SmallCylinder_LowMic_cut8_16bit.wav
1PhbDPOGzH3IKuwSU8X9lLRZ0ZMxst5HF,Cx.Quin_1M_14D_25C_SmallCylinder_LowMic_cut9_16bit.wav,mosquito,Culex quinquefasciatus,culex_quinquefasciatus,M,1M,14D,25C,SmallCylinder,LowMic,cut9,,,,cx.quin_1m_14d_25c_smallcylinder,inferred_filename_source_family; merges cuts and microphone variants; individual/session identity UNKNOWN,2.985375,8000,1,PCM_16,23883,905634075beca014eb9d749a7e6efcedac12357c5c1e236696799dcb4d2a6cd6,6208cee6f1f81514ece7b8cd957f042f9ad731b09ef8bcc60d3b26a97828b18f,training,training,HOLD: source-family grouping is not verified individual/session independence,True,raw/mosquito/Cx.Quin_1M_14D_25C_SmallCylinder_LowMic_cut9_16bit.wav
1ZjEcY3ZNbfKAN4V_sTJIavFM4E-rC-Vg,Cx.Quin_1M_6D_25C_SmallCylinder_cut10_16bit.wav,mosquito,Culex quinquefasciatus,culex_quinquefasciatus,M,1M,6D,25C,SmallCylinder,unmarked,cut10,,,,cx.quin_1m_6d_25c_smallcylinder,inferred_filename_source_family; merges cuts and microphone variants; individual/session identity UNKNOWN,11.594875,8000,1,PCM_16,92759,7cf500892ecd511bd5f2644761798d4121efcdecebdb51f4458dda021f27bf88,107079cff49ee558b18e3a1337987f24b455bd17983f492592af5cc8f4325564,validation,validation,HOLD: source-family grouping is not verified individual/session independence,True,raw/mosquito/Cx.Quin_1M_6D_25C_SmallCylinder_cut10_16bit.wav
182XeojSE9sdQdtxWiZFWnG2Q0ReCqO4t,Cx.Quin_1M_6D_25C_SmallCylinder_cut11_16bit.wav,mosquito,Culex quinquefasciatus,culex_quinquefasciatus,M,1M,6D,25C,SmallCylinder,unmarked,cut11,,,,cx.quin_1m_6d_25c_smallcylinder,inferred_filename_source_family; merges cuts and microphone variants; individual/session identity UNKNOWN,3.584125,8000,1,PCM_16,28673,de448c7b0a2bb8b710bdb6a11d4bda9d1a9a1d6c6ce6dfec36c019b3d6fbff15,8b3a49d1656127e5f4204c27fd5f50f04867bd424348ffea1507f2161084a72d,validation,validation,HOLD: source-family grouping is not verified individual/session independence,True,raw/mosquito/Cx.Quin_1M_6D_25C_SmallCylinder_cut11_16bit.wav
1yFqj2jq-ki_eZNG1QmwCGQ7x2jGsgkc7,Cx.Quin_1M_6D_25C_SmallCylinder_cut13_16bit.wav,mosquito,Culex quinquefasciatus,culex_quinquefasciatus,M,1M,6D,25C,SmallCylinder,unmarked,cut13,,,,cx.quin_1m_6d_25c_smallcylinder,inferred_filename_source_family; merges cuts and microphone variants; individual/session identity UNKNOWN,7.864625,8000,1,PCM_16,62917,5ede8bcae106ee6e841a749435ae1f3dee7c7e9210ee4a0920722d63ea25868e,e6e67cc8bb476b2b05456fc11156ad7e2ad7634e26786fdae7dfd3ece289c444,validation,validation,HOLD: source-family grouping is not verified individual/session independence,True,raw/mosquito/Cx.Quin_1M_6D_25C_SmallCylinder_cut13_16bit.wav
1cbORssIk6PwbF7kmLGEhItEgpQYStsEO,Cx.Quin_1M_6D_25C_SmallCylinder_cut14_16bit.wav,mosquito,Culex quinquefasciatus,culex_quinquefasciatus,M,1M,6D,25C,SmallCylinder,unmarked,cut14,,,,cx.quin_1m_6d_25c_smallcylinder,inferred_filename_source_family; merges cuts and microphone variants; individual/session identity UNKNOWN,1.29075,8000,1,PCM_16,10326,2d19ec917200713582ba41c38c81d23350976ff6378e3eb79e1f1ad4467b363a,d9350cb627743f0a611198c0a29808efdf7aff59fb38db39f41faa1b6a6885dc,validation,validation,HOLD: source-family grouping is not verified individual/session independence,True,raw/mosquito/Cx.Quin_1M_6D_25C_SmallCylinder_cut14_16bit.wav
1AAnwnHw6LbYLPjcIOqb4e7W4f0MF31xv,Cx.Quin_1M_6D_25C_SmallCylinder_cut15_16bit.wav,mosquito,Culex quinquefasciatus,culex_quinquefasciatus,M,1M,6D,25C,SmallCylinder,unmarked,cut15,,,,cx.quin_1m_6d_25c_smallcylinder,inferred_filename_source_family; merges cuts and microphone variants; individual/session identity UNKNOWN,1.933125,8000,1,PCM_16,15465,80c00dc297dab167bc39cb56a60d7644798d98b7f01b3d0fbc6faf62f0788357,4298858113c13a42b88068e970bd7b6e08d65e4f674139fac6be1f62e0ae44f5,validation,validation,HOLD: source-family grouping is not verified individual/session independence,True,raw/mosquito/Cx.Quin_1M_6D_25C_SmallCylinder_cut15_16bit.wav
1YWf4jq_9hXmyiuU9ylvDCCVDjfwPo77T,Cx.Quin_1M_6D_25C_SmallCylinder_cut16_16bit.wav,mosquito,Culex quinquefasciatus,culex_quinquefasciatus,M,1M,6D,25C,SmallCylinder,unmarked,cut16,,,,cx.quin_1m_6d_25c_smallcylinder,inferred_filename_source_family; merges cuts and microphone variants; individual/session identity UNKNOWN,2.85775,8000,1,PCM_16,22862,dcd9a28818e15b759a1cdb2054040f12c8d61147b7c2c2b7cee6f2f063a7fefd,c0080a10eae8bd1bb2c9c94527c55898a47dc23136f20e75c07b03481952e6b0,validation,validation,HOLD: source-family grouping is not verified individual/session independence,True,raw/mosquito/Cx.Quin_1M_6D_25C_SmallCylinder_cut16_16bit.wav
1_NiB9zNaGB11HYrZGf1zrrsqLPn1AeI-,Cx.Quin_1M_6D_25C_SmallCylinder_cut17_16bit.wav,mosquito,Culex quinquefasciatus,culex_quinquefasciatus,M,1M,6D,25C,SmallCylinder,unmarked,cut17,,,,cx.quin_1m_6d_25c_smallcylinder,inferred_filename_source_family; merges cuts and microphone variants; individual/session identity UNKNOWN,34.575625,8000,1,PCM_16,276605,6adf60c406dc926024ce9f559529ee9a77330614938e32cbd17d7d6ec574e3c1,a787481655c7c68d6cdc54de68e6528e89c35ea3178947523bded091239f3652,validation,validation,HOLD: source-family grouping is not verified individual/session independence,True,raw/mosquito/Cx.Quin_1M_6D_25C_SmallCylinder_cut17_16bit.wav
19L8PJnLv23357qVSH0ezDOuHWuNYm_zn,Cx.Quin_1M_6D_25C_SmallCylinder_cut18_16bit.wav,mosquito,Culex quinquefasciatus,culex_quinquefasciatus,M,1M,6D,25C,SmallCylinder,unmarked,cut18,,,,cx.quin_1m_6d_25c_smallcylinder,inferred_filename_source_family; merges cuts and microphone variants; individual/session identity UNKNOWN,5.173875,8000,1,PCM_16,41391,e04b0dc5fe30b0500c3b7358e3c3fb55d47f73be845ee4d16eb9310ebc710a9e,558f040068f1f6ca696547be83ac7332e8876e9d4f9b36906c0d6453d5aa6b5d,validation,validation,HOLD: source-family grouping is not verified individual/session independence,True,raw/mosquito/Cx.Quin_1M_6D_25C_SmallCylinder_cut18_16bit.wav
1L95Vsbia1KnUvKJwWwrADoy1ET9HBEWD,Cx.Quin_1M_6D_25C_SmallCylinder_cut19_16bit.wav,mosquito,Culex quinquefasciatus,culex_quinquefasciatus,M,1M,6D,25C,SmallCylinder,unmarked,cut19,,,,cx.quin_1m_6d_25c_smallcylinder,inferred_filename_source_family; merges cuts and microphone variants; individual/session identity UNKNOWN,36.704375,8000,1,PCM_16,293635,78efcfe08687ec5d89b1b41c059d2b61d3dd368feb6b6159e344aafbd0fa0604,21edafe79dcce4e15320b10822dba6d09216cb72879ec16ae871ae1892a563f3,validation,validation,HOLD: source-family grouping is not verified individual/session independence,True,raw/mosquito/Cx.Quin_1M_6D_25C_SmallCylinder_cut19_16bit.wav
1fRzR8QZh-7vDGcS8W_LPmF3Ua2mvp5f5,Cx.Quin_1M_6D_25C_SmallCylinder_cut1_16bit.wav,mosquito,Culex quinquefasciatus,culex_quinquefasciatus,M,1M,6D,25C,SmallCylinder,unmarked,cut1,,,,cx.quin_1m_6d_25c_smallcylinder,inferred_filename_source_family; merges cuts and microphone variants; individual/session identity UNKNOWN,3.12575,8000,1,PCM_16,25006,485370a5949c3c5a21a6e0c8e5d37216a5993117650485cc760c3130afc065f6,d04aa945e88172a763f183c072193489ef8b9db761428dec56545324e7d9d48a,validation,validation,HOLD: source-family grouping is not verified individual/session independence,True,raw/mosquito/Cx.Quin_1M_6D_25C_SmallCylinder_cut1_16bit.wav
1xj9oKav8qLPAOmQ_c-v7A0NSJeLM3jtM,Cx.Quin_1M_6D_25C_SmallCylinder_cut20_16bit.wav,mosquito,Culex quinquefasciatus,culex_quinquefasciatus,M,1M,6D,25C,SmallCylinder,unmarked,cut20,,,,cx.quin_1m_6d_25c_smallcylinder,inferred_filename_source_family; merges cuts and microphone variants; individual/session identity UNKNOWN,11.69275,8000,1,PCM_16,93542,46ca8bc0220b86324af5574e46ed6cfa36a242a111bb3a06e900fa001db00bd4,b1438c31eba8ea312f0e15f84b6d60be8674a89a2bb29971a8bf7e96e8b09a01,validation,validation,HOLD: source-family grouping is not verified individual/session independence,True,raw/mosquito/Cx.Quin_1M_6D_25C_SmallCylinder_cut20_16bit.wav
1yYSUUOmqeO96Www8T2h4JWGjzL827KQM,Cx.Quin_1M_6D_25C_SmallCylinder_cut21_16bit.wav,mosquito,Culex quinquefasciatus,culex_quinquefasciatus,M,1M,6D,25C,SmallCylinder,unmarked,cut21,,,,cx.quin_1m_6d_25c_smallcylinder,inferred_filename_source_family; merges cuts and microphone variants; individual/session identity UNKNOWN,57.44375,8000,1,PCM_16,459550,0db3ce563f06840742fbb2a8138eb10a448e24ccbe2560bdfd1cfa2990f00b54,15c3da4f663daa4c86c54264073dfceddce73886b9c49b282760cfc1bccabfaa,validation,validation,HOLD: source-family grouping is not verified individual/session independence,True,raw/mosquito/Cx.Quin_1M_6D_25C_SmallCylinder_cut21_16bit.wav
1KL3LxfjtKcYLU5hekD7vawetbaTcP3Vr,Cx.Quin_1M_6D_25C_SmallCylinder_cut22_16bit.wav,mosquito,Culex quinquefasciatus,culex_quinquefasciatus,M,1M,6D,25C,SmallCylinder,unmarked,cut22,,,,cx.quin_1m_6d_25c_smallcylinder,inferred_filename_source_family; merges cuts and microphone variants; individual/session identity UNKNOWN,17.783125,8000,1,PCM_16,142265,60c4b555711fe5824775350dfe64bf58f70a8a6d6189a84cd81c880830f938af,b5fb6262ff2a48f6b36914ed29a95ea14d091eaeedf82606c2a66a3255b74268,validation,validation,HOLD: source-family grouping is not verified individual/session independence,True,raw/mosquito/Cx.Quin_1M_6D_25C_SmallCylinder_cut22_16bit.wav
117MDqjQQYBMsXUcDtCsy57e3Zqo2O5RL,Cx.Quin_1M_6D_25C_SmallCylinder_cut23_16bit.wav,mosquito,Culex quinquefasciatus,culex_quinquefasciatus,M,1M,6D,25C,SmallCylinder,unmarked,cut23,,,,cx.quin_1m_6d_25c_smallcylinder,inferred_filename_source_family; merges cuts and microphone variants; individual/session identity UNKNOWN,7.539,8000,1,PCM_16,60312,97470e11570476afa48ec55ba2504cfb15be1a0e571f440416b017473611a7b5,fe4fd64a35e4fe863c23b71cfdbf5234d10a93caef8f32ba9cbdbb7dbb5c0301,validation,validation,HOLD: source-family grouping is not verified individual/session independence,True,raw/mosquito/Cx.Quin_1M_6D_25C_SmallCylinder_cut23_16bit.wav
1Ke2C-NTQ_Wmh9-Uz7qppjSmaerJBppnG,Cx.Quin_1M_6D_25C_SmallCylinder_cut24_16bit.wav,mosquito,Culex quinquefasciatus,culex_quinquefasciatus,M,1M,6D,25C,SmallCylinder,unmarked,cut24,,,,cx.quin_1m_6d_25c_smallcylinder,inferred_filename_source_family; merges cuts and microphone variants; individual/session identity UNKNOWN,24.86375,8000,1,PCM_16,198910,ef85aef0afdad88b0c0c58541d9b410e63cc729f9df3a4b1d5f281602ea9fbed,bde2d42284e2c9f1fb9a3548e1f7e05bcaa85e8384f7fc06917a4ace97b1bd99,validation,validation,HOLD: source-family grouping is not verified individual/session independence,True,raw/mosquito/Cx.Quin_1M_6D_25C_SmallCylinder_cut24_16bit.wav
1m54E54gHhN8d_4kwIzcAT4vZFrN3UCGO,Cx.Quin_1M_6D_25C_SmallCylinder_cut25_16bit.wav,mosquito,Culex quinquefasciatus,culex_quinquefasciatus,M,1M,6D,25C,SmallCylinder,unmarked,cut25,,,,cx.quin_1m_6d_25c_smallcylinder,inferred_filename_source_family; merges cuts and microphone variants; individual/session identity UNKNOWN,20.91075,8000,1,PCM_16,167286,96d3ccd7d21098df507cd7d766a46dae07fbd968c2441706361ee52cc4a8125b,da2024521f5f740464f3753edbd3ee980afbf5c438f0df0fcf5d4477d402efa3,validation,validation,HOLD: source-family grouping is not verified individual/session independence,True,raw/mosquito/Cx.Quin_1M_6D_25C_SmallCylinder_cut25_16bit.wav
1HAjMGBhYzvV9VhuNb-1FMRrtT78jgLR0,Cx.Quin_1M_6D_25C_SmallCylinder_cut2_16bit.wav,mosquito,Culex quinquefasciatus,culex_quinquefasciatus,M,1M,6D,25C,SmallCylinder,unmarked,cut2,,,,cx.quin_1m_6d_25c_smallcylinder,inferred_filename_source_family; merges cuts and microphone variants; individual/session identity UNKNOWN,0.9265,8000,1,PCM_16,7412,104984155d1a12e5c666cdbffa71e7e81556bb2c06453e7581720daa19ebda04,4d5c26e973e15e3b94efb1807d909a9cd2d6e83880ea1cbf38affe584ce6f637,validation,validation,HOLD: source-family grouping is not verified individual/session independence; shorter than original 1-second context; no padding/looping/concatenation authorized,False,raw/mosquito/Cx.Quin_1M_6D_25C_SmallCylinder_cut2_16bit.wav
1F3p3FMOwIwZTEYeap-b7VQH_t2pRcDLh,Cx.Quin_1M_6D_25C_SmallCylinder_cut3_16bit.wav,mosquito,Culex quinquefasciatus,culex_quinquefasciatus,M,1M,6D,25C,SmallCylinder,unmarked,cut3,,,,cx.quin_1m_6d_25c_smallcylinder,inferred_filename_source_family; merges cuts and microphone variants; individual/session identity UNKNOWN,0.556,8000,1,PCM_16,4448,4043a533013fd8324b8fa66b75fde74b4ebabb5f1be2e7d67ae766dab03489de,8a9dbde3b36c1f308c3a155e40d2486fc0ff2df2a3474c98c2de625d76afbb5b,validation,validation,HOLD: source-family grouping is not verified individual/session independence; shorter than original 1-second context; no padding/looping/concatenation authorized,False,raw/mosquito/Cx.Quin_1M_6D_25C_SmallCylinder_cut3_16bit.wav
1ccPeRqRWNfWs5viaZDUAFAqzBjSFP1n8,Cx.Quin_1M_6D_25C_SmallCylinder_cut4_16bit.wav,mosquito,Culex quinquefasciatus,culex_quinquefasciatus,M,1M,6D,25C,SmallCylinder,unmarked,cut4,,,,cx.quin_1m_6d_25c_smallcylinder,inferred_filename_source_family; merges cuts and microphone variants; individual/session identity UNKNOWN,0.517,8000,1,PCM_16,4136,2de0b0d4ff5ba129700881acdce5970480f8772ffe3c515c6b7f18aec2aaf6d1,e94c40b65af667c2ce711965b6980b286a6df3ef7e2e4da3b832fe54bc3c954c,validation,validation,HOLD: source-family grouping is not verified individual/session independence; shorter than original 1-second context; no padding/looping/concatenation authorized,False,raw/mosquito/Cx.Quin_1M_6D_25C_SmallCylinder_cut4_16bit.wav
1y40QguIlRzSsZ9zL7B_2-1LYh2d8u9VX,Cx.Quin_1M_6D_25C_SmallCylinder_cut5_16bit.wav,mosquito,Culex quinquefasciatus,culex_quinquefasciatus,M,1M,6D,25C,SmallCylinder,unmarked,cut5,,,,cx.quin_1m_6d_25c_smallcylinder,inferred_filename_source_family; merges cuts and microphone variants; individual/session identity UNKNOWN,1.92625,8000,1,PCM_16,15410,8d27e37749fc9823279a57f4b47b810def5f4ade96fd468dee5d49125e4ced13,d963fa0f58a90dca9885ed8e370917e1112c7f46df10267a177f3f4097a255d3,validation,validation,HOLD: source-family grouping is not verified individual/session independence,True,raw/mosquito/Cx.Quin_1M_6D_25C_SmallCylinder_cut5_16bit.wav
11QsxGZ0b-V8CL57p1AOjXxAs7vkNTr3C,Cx.Quin_1M_6D_25C_SmallCylinder_cut6_16bit.wav,mosquito,Culex quinquefasciatus,culex_quinquefasciatus,M,1M,6D,25C,SmallCylinder,unmarked,cut6,,,,cx.quin_1m_6d_25c_smallcylinder,inferred_filename_source_family; merges cuts and microphone variants; individual/session identity UNKNOWN,1.604375,8000,1,PCM_16,12835,3122d722245a6ad56179d5ac1ae3ec2e2f0d72065e68ff5508107724e9d76305,9a54b1c9a34e14713e3f8ad7a2980b4f6adce0d02083e740760b13475518afd4,validation,validation,HOLD: source-family grouping is not verified individual/session independence,True,raw/mosquito/Cx.Quin_1M_6D_25C_SmallCylinder_cut6_16bit.wav
1Vq9Pz9JduqwuvWU3hl3VQ8EMrq7QVWXg,Cx.Quin_1M_6D_25C_SmallCylinder_cut7_16bit.wav,mosquito,Culex quinquefasciatus,culex_quinquefasciatus,M,1M,6D,25C,SmallCylinder,unmarked,cut7,,,,cx.quin_1m_6d_25c_smallcylinder,inferred_filename_source_family; merges cuts and microphone variants; individual/session identity UNKNOWN,4.018125,8000,1,PCM_16,32145,3ea7380db23b1d019f01995dcf933c6baea8c21d0b13dc4aad96094ef7b884ad,774eb979c5d6fdaced2a5b093ca97d2667f202883bdbf802c6f1a161989bc1ae,validation,validation,HOLD: source-family grouping is not verified individual/session independence,True,raw/mosquito/Cx.Quin_1M_6D_25C_SmallCylinder_cut7_16bit.wav
1c0FoUGdqgGRD8IBJ_7bdAaBL2_WuBP95,Cx.Quin_1M_6D_25C_SmallCylinder_cut8_16bit.wav,mosquito,Culex quinquefasciatus,culex_quinquefasciatus,M,1M,6D,25C,SmallCylinder,unmarked,cut8,,,,cx.quin_1m_6d_25c_smallcylinder,inferred_filename_source_family; merges cuts and microphone variants; individual/session identity UNKNOWN,0.87775,8000,1,PCM_16,7022,350e40830b97f5ffe913aec954d25517032c6cdfcd99830b48851b20ff63d7ed,6b8ce137b1b910a40283fe18d3c5fa44f0560f0a6b3281f7b9d1c560c14efa47,validation,validation,HOLD: source-family grouping is not verified individual/session independence; shorter than original 1-second context; no padding/looping/concatenation authorized,False,raw/mosquito/Cx.Quin_1M_6D_25C_SmallCylinder_cut8_16bit.wav
1mHjhccZNlWGOBjyjRU_rPgx3bsjktfGr,Cx.Quin_1M_6D_25C_SmallCylinder_cut9_16bit.wav,mosquito,Culex quinquefasciatus,culex_quinquefasciatus,M,1M,6D,25C,SmallCylinder,unmarked,cut9,,,,cx.quin_1m_6d_25c_smallcylinder,inferred_filename_source_family; merges cuts and microphone variants; individual/session identity UNKNOWN,7.685125,8000,1,PCM_16,61481,b25101dc5f8176c6d4567f635f6f06055128812dd82a48ed59097aeed9dd0e55,c4edac71e0c14ae8a3baee0661a3c44f555daee66cfeb29a837667b8b57d89f6,validation,validation,HOLD: source-family grouping is not verified individual/session independence,True,raw/mosquito/Cx.Quin_1M_6D_25C_SmallCylinder_cut9_16bit.wav
1XLOFoWelOjlJr2kieHK4sgasV2WhCGcz,30cm_animals_normalized_16bit.wav,noise,,environmental_noise_NOT_CORE_CLASS,,,,,,,,,,,noise_quarantine_all,recording/session relations unresolved; all noise held outside species training,14.5915,8000,2,PCM_16,116732,bc1cbdd5adb855c0381b819231b60b036f8e6c898cbdec2e44a9d4ffa9a79f53,620e14cff1a3a70891d13da410f5bf932faec418ed23904e7885aa8c3c300a68,excluded,excluded,Noise is not one of the four candidate closed-set species; no augmentation or detector in this milestone,True,raw/noise/30cm_animals_normalized_16bit.wav
1s9C7m4iZn9NArG97vYxpGBwNWpsPBKUS,30cm_broom_normalized_16bit.wav,noise,,environmental_noise_NOT_CORE_CLASS,,,,,,,,,,,noise_quarantine_all,recording/session relations unresolved; all noise held outside species training,19.401875,8000,2,PCM_16,155215,05908b36e9ebd18a58d24d07522400a72923241ff9e55331efe7b4226d571fde,262af9607e1096006be0e606aa794a35d9180b1bcd4d935103526dd4413c23a0,excluded,excluded,Noise is not one of the four candidate closed-set species; no augmentation or detector in this milestone,True,raw/noise/30cm_broom_normalized_16bit.wav
1YjiPqo1cH78eRWUNC_PVitJF1oYx1NlS,30cm_GrassCutter_normalized_16bit.wav,noise,,environmental_noise_NOT_CORE_CLASS,,,,,,,,,,,noise_quarantine_all,recording/session relations unresolved; all noise held outside species training,11.889875,8000,2,PCM_16,95119,d3a0038d39da08470d3a64902e85e0b00d6e06cc2cbdd522750de9453cac6b42,39ee5546eaec020437959c1e2848b002a43a6ff37e94e4e2c1d876a36ba9c868,excluded,excluded,Noise is not one of the four candidate closed-set species; no augmentation or detector in this milestone,True,raw/noise/30cm_GrassCutter_normalized_16bit.wav
1-kw-YIT-ja5ev2APhvu8kZ1RCxQrXKtt,30cm_GrassCutterFrontBroom_normalized_16bit.wav,noise,,environmental_noise_NOT_CORE_CLASS,,,,,,,,,,,noise_quarantine_all,recording/session relations unresolved; all noise held outside species training,26.212875,8000,2,PCM_16,209703,5adce694a06c4da0596c17d21ba2f563e3c2b535093fe00d9885c9d0131bcefa,513205312af50f1ed59a69dae7a7f25da88fa7dc268629c8c64b678602249a74,excluded,excluded,Noise is not one of the four candidate closed-set species; no augmentation or detector in this milestone,True,raw/noise/30cm_GrassCutterFrontBroom_normalized_16bit.wav
19eiZ04Xz1-FtUUhsTo5D2kLaZMT2rexW,30cm_grasscutting_normalized_16bit.wav,noise,,environmental_noise_NOT_CORE_CLASS,,,,,,,,,,,noise_quarantine_all,recording/session relations unresolved; all noise held outside species training,22.89075,8000,2,PCM_16,183126,9046fe2236526e76216a915d348a6c7cad1daa5e240f3874c088cead95466ec8,5e609e316195f48738587d471d7f38c726d9bb4d8af4356663841bb0ff8671a8,excluded,excluded,Noise is not one of the four candidate closed-set species; no augmentation or detector in this milestone,True,raw/noise/30cm_grasscutting_normalized_16bit.wav
1aM4jVWYSQwzuCRLkHhgIo1E5DIGahR6p,30cm_motorcycle_normalized_16bit.wav,noise,,environmental_noise_NOT_CORE_CLASS,,,,,,,,,,,noise_quarantine_all,recording/session relations unresolved; all noise held outside species training,19.067375,8000,2,PCM_16,152539,296a3b000afba255c38971276f0f238064a25a7be12eebbbfd4b16251e92e144,f2fe8051156e3e4b94bc9a0a933b12c0d6497edadb48461990bcdcea2adf20f5,excluded,excluded,Noise is not one of the four candidate closed-set species; no augmentation or detector in this milestone,True,raw/noise/30cm_motorcycle_normalized_16bit.wav
1USzO-14JlEz18UaHs1wwf1Dkkz0Nkw9W,30cm_watering2_normalized_16bit.wav,noise,,environmental_noise_NOT_CORE_CLASS,,,,,,,,,,,noise_quarantine_all,recording/session relations unresolved; all noise held outside species training,33.40325,8000,2,PCM_16,267226,db4ad27e706a786a72906c5f3331d6a2930d774694fa28e375723a46ab509ab3,632f43a3001b4d9324795c87202898ecab6e320164c0108cc1b35a75914f2a23,excluded,excluded,Noise is not one of the four candidate closed-set species; no augmentation or detector in this milestone,True,raw/noise/30cm_watering2_normalized_16bit.wav
1cMJv4OiTk8y3GHOEUANbFqhN8RWEjI29,30cm_watering_normalized_16bit.wav,noise,,environmental_noise_NOT_CORE_CLASS,,,,,,,,,,,noise_quarantine_all,recording/session relations unresolved; all noise held outside species training,10.58075,8000,2,PCM_16,84646,497b8800d1ca92ed714ac4420406c752bc4054867b663359803eaa3f0db7db3f,d8c2de15a19875d56ede4e2beb4ce9bc6c0a0296febf5107a61d28850f655f00,excluded,excluded,Noise is not one of the four candidate closed-set species; no augmentation or detector in this milestone,True,raw/noise/30cm_watering_normalized_16bit.wav
14sSMK1isXd84S3sOA_V01LHuz07lhLjk,BioQuip CDC 30cm low_normalized_16bit.wav,noise,,environmental_noise_NOT_CORE_CLASS,,,,,,,,,,,noise_quarantine_all,recording/session relations unresolved; all noise held outside species training,0.4,8000,2,PCM_16,3200,ad7f3babddd0bc4c8428cadfe8307bfb77ff536a6a8cd4626b1db349cf4c2cd2,7f0b815752772bc934868c5b9e4fa5bbeb4e49971f7b048e1916f8c3a7d2dea3,excluded,excluded,Noise is not one of the four candidate closed-set species; no augmentation or detector in this milestone,False,raw/noise/BioQuip CDC 30cm low_normalized_16bit.wav
1k5HS2LmnX3hdgwhNpNe6ahkZBHf6Sa9R,BioQuip CDC 30cm top_normalized_16bit.wav,noise,,environmental_noise_NOT_CORE_CLASS,,,,,,,,,,,noise_quarantine_all,recording/session relations unresolved; all noise held outside species training,1.3,8000,2,PCM_16,10400,fcc872193cc191bdc2ad90ae835616018f7d17f809e365110c9fa989b2eca644,63cd18effc2d9c263dba3df4ba738a7848912ff421ba113c86744cfc2958e246,excluded,excluded,Noise is not one of the four candidate closed-set species; no augmentation or detector in this milestone,True,raw/noise/BioQuip CDC 30cm top_normalized_16bit.wav
1CKg9fjRjqbkBbhJxVF-dZNUNoknOX9my,JW CDC 30cm low_normalized_16bit.wav,noise,,environmental_noise_NOT_CORE_CLASS,,,,,,,,,,,noise_quarantine_all,recording/session relations unresolved; all noise held outside species training,3.2,8000,2,PCM_16,25600,4937474c1bfe08325051752df8e165abbb1f9d4fcd48ea4142f79404c91ae162,e454250a5d9927344adeb804253f41267a463f58415ccbe4fa5cf65b0297aeb3,excluded,excluded,Noise is not one of the four candidate closed-set species; no augmentation or detector in this milestone,True,raw/noise/JW CDC 30cm low_normalized_16bit.wav
1gVLg0ZHGNSf2nz-DVBtli67tOvDta4Py,JW CDC 30cm top_normalized_16bit.wav,noise,,environmental_noise_NOT_CORE_CLASS,,,,,,,,,,,noise_quarantine_all,recording/session relations unresolved; all noise held outside species training,1.1,8000,2,PCM_16,8800,ce6b34fcd31e11f3c8542d1329a729de609b4ff4f4ece7fb12b253172834bf36,c7f27ecd83cc09ce321076c5b73274c1d9cdb40b14260707713d03a8656aaf93,excluded,excluded,Noise is not one of the four candidate closed-set species; no augmentation or detector in this milestone,True,raw/noise/JW CDC 30cm top_normalized_16bit.wav
