id,length,name,record_datetime,sound_type,species,gender,fed,plurality,age,method,mic_type,device_type,country,district,province,place,location_type,source_identifier,original_individual_group,independent_group_identifier,partition,exclusion_reason,label,local_path,metadata_sample_rate,actual_duration,sample_rate,channels,subtype,file_sha256,pcm_sha256,status
220453,10.24,IFA_44_10_1730.wav,24-03-20 00:00,mosquito,an arabiensis,Female,f,Single,,LT,telinga,tascam,Tanzania,Kilombero District,Morogoro,Ifakara,cup,220453.wav,IFA_44_10_1730.wav,Tanzania|Ifakara|cup|24-03-20 00:00,training,,anopheles_arabiensis,raw/humbug_core/220453.wav,44100,10.23997732426304,44100,1,PCM_24,43643bdd7ca053b16ccd7f521730845e3dea3bc30b2ddcb64881b2f2d7349b65,738a077e4b35ff744021a1fffe6c238126ae90b0aea148cf542e117e7a6dc8a5,FROZEN_CORE_V1
220471,35.78,IFA_44_11_1731.wav,24-03-20 00:00,mosquito,an arabiensis,Female,f,Single,,LT,telinga,tascam,Tanzania,Kilombero District,Morogoro,Ifakara,cup,220471.wav,IFA_44_11_1731.wav,Tanzania|Ifakara|cup|24-03-20 00:00,training,,anopheles_arabiensis,raw/humbug_core/220471.wav,44100,35.78,44100,1,PCM_24,9500892fe8dcf6f22dbe4ec696463f8a74b67872dc9f3acc33a11af86d6258a3,67670b3d00cb6441d7601cd93fb61b2bfc95224b342b1d4e5971da8524aa665c,FROZEN_CORE_V1
220481,17.86,IFA_44_12_1732.wav,24-03-20 00:00,mosquito,an arabiensis,Female,f,Single,,LT,telinga,tascam,Tanzania,Kilombero District,Morogoro,Ifakara,cup,220481.wav,IFA_44_12_1732.wav,Tanzania|Ifakara|cup|24-03-20 00:00,training,,anopheles_arabiensis,raw/humbug_core/220481.wav,44100,17.86,44100,1,PCM_24,3460b58345bb5b24a5f56ac38eca51518cfc74d62aeabb5f6735d548161c7d57,412b7e3559664d583cf343301f39b8ca8212a0bbdb65aa8b50b3cd5a2ab7ec6f,FROZEN_CORE_V1
220480,15.36,IFA_44_12_1732.wav,24-03-20 00:00,mosquito,an arabiensis,Female,f,Single,,LT,telinga,tascam,Tanzania,Kilombero District,Morogoro,Ifakara,cup,220480.wav,IFA_44_12_1732.wav,Tanzania|Ifakara|cup|24-03-20 00:00,training,,anopheles_arabiensis,raw/humbug_core/220480.wav,44100,15.36,44100,1,PCM_24,9c7153b43abb5eb39b42302784fce413a90eb8e6b7617acfd1cf0956481bbb75,ad32b2a85aa6c815ba1dee2674bd0b00d9f5a51eda12fb9b566166d713415f95,FROZEN_CORE_V1
220499,15.3,IFA_44_14_1734.wav,24-03-20 00:00,mosquito,an funestus ss,Female,f,Single,,LT,telinga,tascam,Tanzania,Kilombero District,Morogoro,Ifakara,cup,220499.wav,IFA_44_14_1734.wav,Tanzania|Ifakara|cup|24-03-20 00:00,training,,anopheles_funestus_ss,raw/humbug_core/220499.wav,44100,15.3,44100,1,PCM_24,4b1efc3ca1a040292bd319fcb653edf82ce9cbc8856d4ac7bab3030391962d25,1a174118831cd1695aa0b02e9979311612aac81ca0b7742834fe7b085419635f,FROZEN_CORE_V1
220485,28.1,IFA_44_33_1753.wav,24-03-20 00:00,mosquito,an funestus ss,Female,f,Single,,LT,telinga,tascam,Tanzania,Kilombero District,Morogoro,Ifakara,cup,220485.wav,IFA_44_33_1753.wav,Tanzania|Ifakara|cup|24-03-20 00:00,training,,anopheles_funestus_ss,raw/humbug_core/220485.wav,44100,28.1,44100,1,PCM_24,b60546d852daa17b741be9ee7fee47e65206f5a1fada0fdb029fa29dd05ea8ad,0703a9c736db40b0711b2c62b854a8a168d03da6145d42a44eea3cd299f68bcc,FROZEN_CORE_V1
221330,5.06,IFA_49_13_1933.wav,17-06-20 00:00,mosquito,an funestus ss,Female,f,Single,,LT,telinga,tascam,Tanzania,Kilombero District,Morogoro,Ifakara,cup,221330.wav,IFA_49_13_1933.wav,Tanzania|Ifakara|cup|17-06-20 00:00,training,,anopheles_funestus_ss,raw/humbug_core/221330.wav,44100,5.06,44100,1,PCM_24,9f1bba64cb509d0f1911673873ba8fa4302970996ee4a0e5b2f05c0db8aa7172,3ee1d913b3143f5bc1190b74dbe11e0990dfe7f6e1518b91a0b86a86681edb72,FROZEN_CORE_V1
221329,35.84,IFA_49_13_1933.wav,17-06-20 00:00,mosquito,an funestus ss,Female,f,Single,,LT,telinga,tascam,Tanzania,Kilombero District,Morogoro,Ifakara,cup,221329.wav,IFA_49_13_1933.wav,Tanzania|Ifakara|cup|17-06-20 00:00,training,,anopheles_funestus_ss,raw/humbug_core/221329.wav,44100,35.84,44100,1,PCM_24,3222f2cdaa3444df61bca7095326f47f79f8ac1128c050c328d2d140f8420da4,a6f8fcf6e6dc768881f22a84fd450c9b5f24ba61b12d3fc41aa122af0cedebb4,FROZEN_CORE_V1
221319,40.9,IFA_49_14_1934.wav,17-06-20 00:00,mosquito,an funestus ss,Female,f,Single,,LT,telinga,tascam,Tanzania,Kilombero District,Morogoro,Ifakara,cup,221319.wav,IFA_49_14_1934.wav,Tanzania|Ifakara|cup|17-06-20 00:00,training,,anopheles_funestus_ss,raw/humbug_core/221319.wav,44100,40.9,44100,1,PCM_24,9026c16b071464fb58c24bbc4f438aad780f7616019ad80115637e65c400ecc9,9a20d52831f36f13d8f0f319822394d154ea2ffee0f01ae47460621bc0de4ced,FROZEN_CORE_V1
221337,17.86,IFA_49_15_1935.wav,17-06-20 00:00,mosquito,an funestus ss,Female,f,Single,,LT,telinga,tascam,Tanzania,Kilombero District,Morogoro,Ifakara,cup,221337.wav,IFA_49_15_1935.wav,Tanzania|Ifakara|cup|17-06-20 00:00,training,,anopheles_funestus_ss,raw/humbug_core/221337.wav,44100,17.86,44100,1,PCM_24,c65d1a745132b4b5e0351db98c716913a88f47532a725c4fe6a56514984d7945,e5c16140f62df853ef78290388a9d5e731419c2db6eb79fb3048afe7ee251b01,FROZEN_CORE_V1
221340,12.74,IFA_49_16_1936.wav,17-06-20 00:00,mosquito,an funestus ss,Female,f,Single,,LT,telinga,tascam,Tanzania,Kilombero District,Morogoro,Ifakara,cup,221340.wav,IFA_49_16_1936.wav,Tanzania|Ifakara|cup|17-06-20 00:00,training,,anopheles_funestus_ss,raw/humbug_core/221340.wav,44100,12.73997732426304,44100,1,PCM_24,606678a9e780778ae53ba03ed10587cadd8a63b42635f54c363a82861142e1e2,61330413b73f2fd13c7641e6e0243133e297d3f44336a260031f1a6b37ba4142,FROZEN_CORE_V1
221339,28.16,IFA_49_16_1936.wav,17-06-20 00:00,mosquito,an funestus ss,Female,f,Single,,LT,telinga,tascam,Tanzania,Kilombero District,Morogoro,Ifakara,cup,221339.wav,IFA_49_16_1936.wav,Tanzania|Ifakara|cup|17-06-20 00:00,training,,anopheles_funestus_ss,raw/humbug_core/221339.wav,44100,28.16,44100,1,PCM_24,98244bcd321ca761bf5bb0df2b568326688ef98b7016fd58abd2a68555d3ef59,148f02716dd48496d931e661d100f988fc6d15b11b1fbed54a9bcdef9b9cc349,FROZEN_CORE_V1
221309,30.66,IFA_49_17_1937.wav,17-06-20 00:00,mosquito,an funestus ss,Female,f,Single,,LT,telinga,tascam,Tanzania,Kilombero District,Morogoro,Ifakara,cup,221309.wav,IFA_49_17_1937.wav,Tanzania|Ifakara|cup|17-06-20 00:00,training,,anopheles_funestus_ss,raw/humbug_core/221309.wav,44100,30.66,44100,1,PCM_24,ed8f7d8f5e268a580f2936b56110af6d18e7d8f96aba5752f929b3b0b21655c6,5ab523516bff7c780b551c6a89eb854a1844a240508a942f3b14c0a6a5941ced,FROZEN_CORE_V1
221321,12.8,IFA_49_18_1938.wav,17-06-20 00:00,mosquito,an arabiensis,Female,f,Single,,LT,telinga,tascam,Tanzania,Kilombero District,Morogoro,Ifakara,cup,221321.wav,IFA_49_18_1938.wav,Tanzania|Ifakara|cup|17-06-20 00:00,training,,anopheles_arabiensis,raw/humbug_core/221321.wav,44100,12.799977324263038,44100,1,PCM_24,92c2e7451c373e8570fcc41bb86586987c1c204532beb7e3070c0365529b0608,9926bd4d21e76536ca1c17a2d27c310c4e57b7905222b8dd552433c40191b31d,FROZEN_CORE_V1
221320,5.12,IFA_49_18_1938.wav,17-06-20 00:00,mosquito,an arabiensis,Female,f,Single,,LT,telinga,tascam,Tanzania,Kilombero District,Morogoro,Ifakara,cup,221320.wav,IFA_49_18_1938.wav,Tanzania|Ifakara|cup|17-06-20 00:00,training,,anopheles_arabiensis,raw/humbug_core/221320.wav,44100,5.12,44100,1,PCM_24,0ca399d4342c885378468955e42f996059020ee370427fc05b382926cf23cc94,0858f7c17ac7246510320c57c76af87d899a08a2f2dc6bed8418c493af993a8e,FROZEN_CORE_V1
221322,5.12,IFA_49_18_1938.wav,17-06-20 00:00,mosquito,an arabiensis,Female,f,Single,,LT,telinga,tascam,Tanzania,Kilombero District,Morogoro,Ifakara,cup,221322.wav,IFA_49_18_1938.wav,Tanzania|Ifakara|cup|17-06-20 00:00,training,,anopheles_arabiensis,raw/humbug_core/221322.wav,44100,5.119977324263038,44100,1,PCM_24,83226e73b38686185aec3b3ddb0ad7056edbc798b728fab56d2cd498927b3a10,dbb6656813f02994f29544559c2abb6c626bfbf43e0fe0f61334dd192eb0557b,FROZEN_CORE_V1
221341,12.8,IFA_49_19_1939.wav,17-06-20 00:00,mosquito,an arabiensis,Female,f,Single,,LT,telinga,tascam,Tanzania,Kilombero District,Morogoro,Ifakara,cup,221341.wav,IFA_49_19_1939.wav,Tanzania|Ifakara|cup|17-06-20 00:00,training,,anopheles_arabiensis,raw/humbug_core/221341.wav,44100,12.8,44100,1,PCM_24,150ca5635b3963161b9d3b1660d06d2d73b235bf7c1d4979bef84ad314c3649f,3cb9a4eed27e0ff818b71a36b1de1a0d8eb74f033930b44bacbf662111650469,FROZEN_CORE_V1
221342,20.48,IFA_49_19_1939.wav,17-06-20 00:00,mosquito,an arabiensis,Female,f,Single,,LT,telinga,tascam,Tanzania,Kilombero District,Morogoro,Ifakara,cup,221342.wav,IFA_49_19_1939.wav,Tanzania|Ifakara|cup|17-06-20 00:00,training,,anopheles_arabiensis,raw/humbug_core/221342.wav,44100,20.48,44100,1,PCM_24,1c7882fb6bf15001c63b60661f755344bcb1c06c6c590a2c130d82ac29df6331,72361a51b3a845b261073362c9e4133ef2151a9af78ab3c70ae8874acedf8092,FROZEN_CORE_V1
221343,2.56,IFA_49_19_1939.wav,17-06-20 00:00,mosquito,an arabiensis,Female,f,Single,,LT,telinga,tascam,Tanzania,Kilombero District,Morogoro,Ifakara,cup,221343.wav,IFA_49_19_1939.wav,Tanzania|Ifakara|cup|17-06-20 00:00,training,,anopheles_arabiensis,raw/humbug_core/221343.wav,44100,2.56,44100,1,PCM_24,f4185ec9d466780deabe059d2a64d2aeb038c5975634e8c218a39edf2cbff62b,6862a1bb61458ce09edcab0694e3c243391e7d2f52ee15ef64ad675e00aed0b0,FROZEN_CORE_V1
221359,30.66,IFA_49_20_1940.wav,17-06-20 00:00,mosquito,an funestus ss,Female,f,Single,,LT,telinga,tascam,Tanzania,Kilombero District,Morogoro,Ifakara,cup,221359.wav,IFA_49_20_1940.wav,Tanzania|Ifakara|cup|17-06-20 00:00,training,,anopheles_funestus_ss,raw/humbug_core/221359.wav,44100,30.66,44100,1,PCM_24,fd3a711391be52ed8cda5cff681749fe730b1ae72818d61f88bc936fd377595a,d8377c745701a05c973e4b2c40439a6e0885141c5040dedfc10d415c811fd606,FROZEN_CORE_V1
221350,5.12,IFA_49_21_1941.wav,17-06-20 00:00,mosquito,an funestus ss,Female,f,Single,,LT,telinga,tascam,Tanzania,Kilombero District,Morogoro,Ifakara,cup,221350.wav,IFA_49_21_1941.wav,Tanzania|Ifakara|cup|17-06-20 00:00,training,,anopheles_funestus_ss,raw/humbug_core/221350.wav,44100,5.12,44100,1,PCM_24,807a847bd6756014df5ccb5a22bdece65f177a94c9db9be42559450615f6d83c,7d3498452ecdc02957a9509cb8260e52300037efbfb9f0737ad89125f687f199,FROZEN_CORE_V1
221351,17.86,IFA_49_21_1941.wav,17-06-20 00:00,mosquito,an funestus ss,Female,f,Single,,LT,telinga,tascam,Tanzania,Kilombero District,Morogoro,Ifakara,cup,221351.wav,IFA_49_21_1941.wav,Tanzania|Ifakara|cup|17-06-20 00:00,training,,anopheles_funestus_ss,raw/humbug_core/221351.wav,44100,17.86,44100,1,PCM_24,e30125564cea47ee3f030270f8809edbac8638929634ec3a5a92a6ee2c8b2f93,61e270ebdb96d026844fbad9fb061e26c29f4e2581e65f3c22df9b31de205bfd,FROZEN_CORE_V1
221349,2.56,IFA_49_21_1941.wav,17-06-20 00:00,mosquito,an funestus ss,Female,f,Single,,LT,telinga,tascam,Tanzania,Kilombero District,Morogoro,Ifakara,cup,221349.wav,IFA_49_21_1941.wav,Tanzania|Ifakara|cup|17-06-20 00:00,training,,anopheles_funestus_ss,raw/humbug_core/221349.wav,44100,2.56,44100,1,PCM_24,80e375943b0093b3fd0f98342d9fea165d1242b60ba1a12fd3977dba7983b9f6,1211902d179da22948718d407d5a8c88edc9238ad6b1a2292d3d89feb7cf79be,FROZEN_CORE_V1
221318,23.04,IFA_49_23_1943.wav,17-06-20 00:00,mosquito,an arabiensis,Female,f,Single,,LT,telinga,tascam,Tanzania,Kilombero District,Morogoro,Ifakara,cup,221318.wav,IFA_49_23_1943.wav,Tanzania|Ifakara|cup|17-06-20 00:00,training,,anopheles_arabiensis,raw/humbug_core/221318.wav,44100,23.04,44100,1,PCM_24,db156bfb1d78fef1d260ac3d5a67b1f032f9c5af926c4b55fb2461fa46fc0c97,1b4784aea18af75c99ff66991802596eede27cd835e41cad6b2c6cd586a35393,FROZEN_CORE_V1
221313,35.78,IFA_49_24_1944.wav,17-06-20 00:00,mosquito,an arabiensis,Female,f,Single,,LT,telinga,tascam,Tanzania,Kilombero District,Morogoro,Ifakara,cup,221313.wav,IFA_49_24_1944.wav,Tanzania|Ifakara|cup|17-06-20 00:00,training,,anopheles_arabiensis,raw/humbug_core/221313.wav,44100,35.78,44100,1,PCM_24,82cdd74e313238ff8b332531bc742c1de113882206f6fb9106a32aa8a7f945e7,6b59e7be7cbf045afc447ca353ee528ebb8b3e27905870d1ee3bc167dc2eba04,FROZEN_CORE_V1
221361,33.22,IFA_49_25_1945.wav,17-06-20 00:00,mosquito,an arabiensis,Female,f,Single,,LT,telinga,tascam,Tanzania,Kilombero District,Morogoro,Ifakara,cup,221361.wav,IFA_49_25_1945.wav,Tanzania|Ifakara|cup|17-06-20 00:00,training,,anopheles_arabiensis,raw/humbug_core/221361.wav,44100,33.22,44100,1,PCM_24,75ffe968b0d33ffc65f9aaad3d243d6fe64d291e7e8be1864a39103a686177f3,3c6302c310c3712907294811ecb32bdf560dc6f5d8b557a77542005f6d6ff84f,FROZEN_CORE_V1
221311,20.42,IFA_49_26_1946.wav,17-06-20 00:00,mosquito,an arabiensis,Female,f,Single,,LT,telinga,tascam,Tanzania,Kilombero District,Morogoro,Ifakara,cup,221311.wav,IFA_49_26_1946.wav,Tanzania|Ifakara|cup|17-06-20 00:00,training,,anopheles_arabiensis,raw/humbug_core/221311.wav,44100,20.419977324263037,44100,1,PCM_24,d03f3b0aeae7adbdefe0d69dfb67601a2473e6a98ae309b8a8eea4caab84a42b,0b4b869b6d24b558b0bc258161e6320abebc5d03acf814a183316bf8f60f3770,FROZEN_CORE_V1
221310,20.48,IFA_49_26_1946.wav,17-06-20 00:00,mosquito,an arabiensis,Female,f,Single,,LT,telinga,tascam,Tanzania,Kilombero District,Morogoro,Ifakara,cup,221310.wav,IFA_49_26_1946.wav,Tanzania|Ifakara|cup|17-06-20 00:00,training,,anopheles_arabiensis,raw/humbug_core/221310.wav,44100,20.48,44100,1,PCM_24,69ace6ffe0da8ae79c2234f9ce1430bab37851712a3d5289a15eece4ceb91532,937e2cb538426c940e03d3c959e759aa7cc205b424b0b0d1ad175de6f9490163,FROZEN_CORE_V1
221348,38.34,IFA_49_27_1947.wav,17-06-20 00:00,mosquito,an arabiensis,Female,f,Single,,LT,telinga,tascam,Tanzania,Kilombero District,Morogoro,Ifakara,cup,221348.wav,IFA_49_27_1947.wav,Tanzania|Ifakara|cup|17-06-20 00:00,training,,anopheles_arabiensis,raw/humbug_core/221348.wav,44100,38.34,44100,1,PCM_24,2f4d10f5f60d3d4ebe98bd052eabd1503aaccfcbb8eb3e763beb7fae67760a18,02a8991850e27d1e77180bef7a5040e653648dc245011a1995dfaf7d747a17b6,FROZEN_CORE_V1
221327,7.68,IFA_49_28_1948.wav,17-06-20 00:00,mosquito,an arabiensis,Female,f,Single,,LT,telinga,tascam,Tanzania,Kilombero District,Morogoro,Ifakara,cup,221327.wav,IFA_49_28_1948.wav,Tanzania|Ifakara|cup|17-06-20 00:00,training,,anopheles_arabiensis,raw/humbug_core/221327.wav,44100,7.68,44100,1,PCM_24,83944a55f3dbd5cd11151a01304a9bcc2a54e7ff3d0c1f2fe1bd21839d7ebc33,a27429a9b51baacc96ccb653cbc16cffc142f456552c7aef12588321e57cbdc1,FROZEN_CORE_V1
221328,38.34,IFA_49_28_1948.wav,17-06-20 00:00,mosquito,an arabiensis,Female,f,Single,,LT,telinga,tascam,Tanzania,Kilombero District,Morogoro,Ifakara,cup,221328.wav,IFA_49_28_1948.wav,Tanzania|Ifakara|cup|17-06-20 00:00,training,,anopheles_arabiensis,raw/humbug_core/221328.wav,44100,38.34,44100,1,PCM_24,96049ebdcdbf79db82a75e45ed439d09bbe624e4e519791332d44027e7b186f7,e651f998270815532b014c575dc77aea639a7d80b954dab308c7a24321ad6ee3,FROZEN_CORE_V1
221375,33.22,IFA_49_29_1949.wav,17-06-20 00:00,mosquito,an arabiensis,Female,f,Single,,LT,telinga,tascam,Tanzania,Kilombero District,Morogoro,Ifakara,cup,221375.wav,IFA_49_29_1949.wav,Tanzania|Ifakara|cup|17-06-20 00:00,training,,anopheles_arabiensis,raw/humbug_core/221375.wav,44100,33.22,44100,1,PCM_24,391be6adbd3f897b90db92eb72c6a8796622c8e6f5fc2ec8607ab87ff6484598,cc0c78438ac5026666686c032735bb4d49079d3d3e8214a8b3ec30d0522f44a9,FROZEN_CORE_V1
221370,20.42,IFA_49_30_1950.wav,17-06-20 00:00,mosquito,an arabiensis,Female,f,Single,,LT,telinga,tascam,Tanzania,Kilombero District,Morogoro,Ifakara,cup,221370.wav,IFA_49_30_1950.wav,Tanzania|Ifakara|cup|17-06-20 00:00,training,,anopheles_arabiensis,raw/humbug_core/221370.wav,44100,20.42,44100,1,PCM_24,a1dde55d75cb84f4d5173ee0b4a4d2f5d611c31ba8b49944762baa179cd06659,674759494d436f44119a5a6ac73ae15b42eae63a340912e8963e5a96d77d4b9f,FROZEN_CORE_V1
221369,7.68,IFA_49_30_1950.wav,17-06-20 00:00,mosquito,an arabiensis,Female,f,Single,,LT,telinga,tascam,Tanzania,Kilombero District,Morogoro,Ifakara,cup,221369.wav,IFA_49_30_1950.wav,Tanzania|Ifakara|cup|17-06-20 00:00,training,,anopheles_arabiensis,raw/humbug_core/221369.wav,44100,7.68,44100,1,PCM_24,0566663e5a7bfeadd9fcc0b2d169eadd12ebed2f3c2765cf53be99f2d5aa8333,6778eb646553656f8bb287f36c3b73d2514cab6169a88637735f1223c9bcc704,FROZEN_CORE_V1
221356,38.34,IFA_49_31_1951.wav,17-06-20 00:00,mosquito,an arabiensis,Female,f,Single,,LT,telinga,tascam,Tanzania,Kilombero District,Morogoro,Ifakara,cup,221356.wav,IFA_49_31_1951.wav,Tanzania|Ifakara|cup|17-06-20 00:00,training,,anopheles_arabiensis,raw/humbug_core/221356.wav,44100,38.34,44100,1,PCM_24,a55c8111d805078dbff5515606a1313249e386441da3d011e03f88b9c38d95bb,297b91e3a40a064c54065aef3c16d5d2367cb5d318e22735b3ad298edd8a7e90,FROZEN_CORE_V1
221357,25.54,IFA_49_32_1952.wav,17-06-20 00:00,mosquito,an arabiensis,Female,f,Single,,LT,telinga,tascam,Tanzania,Kilombero District,Morogoro,Ifakara,cup,221357.wav,IFA_49_32_1952.wav,Tanzania|Ifakara|cup|17-06-20 00:00,training,,anopheles_arabiensis,raw/humbug_core/221357.wav,44100,25.54,44100,1,PCM_24,2915464e9eed93f8bfe5e310a80f27ff18f05b3c867260fa14a19c4a5bb41eae,75459e70dbe0dc704181207f7d543faf6646c7b0026df09138cf0efecbc873f1,FROZEN_CORE_V1
221316,10.18,IFA_49_34_1954.wav,17-06-20 00:00,mosquito,an funestus ss,Female,f,Single,,LT,telinga,tascam,Tanzania,Kilombero District,Morogoro,Ifakara,cup,221316.wav,IFA_49_34_1954.wav,Tanzania|Ifakara|cup|17-06-20 00:00,training,,anopheles_funestus_ss,raw/humbug_core/221316.wav,44100,10.18,44100,1,PCM_24,3be357a81b442074855ed2bff04ddc36e8dd90784aedc204af55f7cc3ddfe167,48852a08176a4f265f11c0c81da75824151b2295c1fcfadd085dae372000ea85,FROZEN_CORE_V1
221315,17.92,IFA_49_34_1954.wav,17-06-20 00:00,mosquito,an funestus ss,Female,f,Single,,LT,telinga,tascam,Tanzania,Kilombero District,Morogoro,Ifakara,cup,221315.wav,IFA_49_34_1954.wav,Tanzania|Ifakara|cup|17-06-20 00:00,training,,anopheles_funestus_ss,raw/humbug_core/221315.wav,44100,17.919977324263037,44100,1,PCM_24,55ce1887c613dd67ab93e9502ca6bc1cab1845065b588113e5ac0001b34339ed,1779ea6ced280f1f2c2b6dbe382d2a7f4bd69ce98d5a8d2b34016dfdddea5926,FROZEN_CORE_V1
221345,25.6,IFA_49_36_1956.wav,17-06-20 00:00,mosquito,an arabiensis,Female,f,Single,,LT,telinga,tascam,Tanzania,Kilombero District,Morogoro,Ifakara,cup,221345.wav,IFA_49_36_1956.wav,Tanzania|Ifakara|cup|17-06-20 00:00,training,,anopheles_arabiensis,raw/humbug_core/221345.wav,44100,25.6,44100,1,PCM_24,2c77b873ed9c8560514f6219265519caafc6f44a71dfec42e0897255c7d278f3,c168217c1300b55330865cfe135c0106f8c538ce21c235bd357626dbf9825763,FROZEN_CORE_V1
221374,20.42,IFA_49_37_1957.wav,17-06-20 00:00,mosquito,an arabiensis,Female,f,Single,,LT,telinga,tascam,Tanzania,Kilombero District,Morogoro,Ifakara,cup,221374.wav,IFA_49_37_1957.wav,Tanzania|Ifakara|cup|17-06-20 00:00,training,,anopheles_arabiensis,raw/humbug_core/221374.wav,44100,20.42,44100,1,PCM_24,7060e471aa286029a7eb722fdbae1e4ee08f889e8a050bdde87b3f7fa2a00782,1e9fd0e42485304cd3376502a6a9160054da27d1a8f3a6df5fe2484c05e6a1c4,FROZEN_CORE_V1
221373,5.12,IFA_49_37_1957.wav,17-06-20 00:00,mosquito,an arabiensis,Female,f,Single,,LT,telinga,tascam,Tanzania,Kilombero District,Morogoro,Ifakara,cup,221373.wav,IFA_49_37_1957.wav,Tanzania|Ifakara|cup|17-06-20 00:00,training,,anopheles_arabiensis,raw/humbug_core/221373.wav,44100,5.12,44100,1,PCM_24,6ac09e6530aac73021009f4270359dcea1b7810357e360e0399ffeb02efc9d12,270dd1d451436e94d261bd5d6764728429d3566d19ba88525d3c0d7d3e0941a8,FROZEN_CORE_V1
221325,33.22,IFA_49_38_1958.wav,17-06-20 00:00,mosquito,an arabiensis,Female,f,Single,,LT,telinga,tascam,Tanzania,Kilombero District,Morogoro,Ifakara,cup,221325.wav,IFA_49_38_1958.wav,Tanzania|Ifakara|cup|17-06-20 00:00,training,,anopheles_arabiensis,raw/humbug_core/221325.wav,44100,33.22,44100,1,PCM_24,47fdc4a89c75ed668d8f7641e42b5099c6c0064b25e4a54ef86bcdc23f1264c2,b49d1477f7f9e57fce23c0228d5d0085d602e871f58de7ef3df3d3a37872e597,FROZEN_CORE_V1
221324,7.68,IFA_49_38_1958.wav,17-06-20 00:00,mosquito,an arabiensis,Female,f,Single,,LT,telinga,tascam,Tanzania,Kilombero District,Morogoro,Ifakara,cup,221324.wav,IFA_49_38_1958.wav,Tanzania|Ifakara|cup|17-06-20 00:00,training,,anopheles_arabiensis,raw/humbug_core/221324.wav,44100,7.68,44100,1,PCM_24,f6f7c3a0d0ce5b103fc7bce86450de901fc3dd0f80d54198e20a392874545063,9b9db13dbb06758d62bfe8cd9752f4a95ae33adf1682ac5dca936a4bcf7a52e8,FROZEN_CORE_V1
221358,74.18,IFA_49_39_1959.wav,17-06-20 00:00,mosquito,an funestus ss,Female,f,Single,,LT,telinga,tascam,Tanzania,Kilombero District,Morogoro,Ifakara,cup,221358.wav,IFA_49_39_1959.wav,Tanzania|Ifakara|cup|17-06-20 00:00,training,,anopheles_funestus_ss,raw/humbug_core/221358.wav,44100,74.17997732426304,44100,1,PCM_24,a07b33cfeeddbe197f68612edc942eff45a1372d9a3d20b1ff1af7113058f83b,9b94e77099ac78b99acaedb5f4ee381aa52f9551da4eaa463704792e32d5ceb8,FROZEN_CORE_V1
221314,28.1,IFA_49_40_1960.wav,17-06-20 00:00,mosquito,an arabiensis,Female,f,Single,,LT,telinga,tascam,Tanzania,Kilombero District,Morogoro,Ifakara,cup,221314.wav,IFA_49_40_1960.wav,Tanzania|Ifakara|cup|17-06-20 00:00,training,,anopheles_arabiensis,raw/humbug_core/221314.wav,44100,28.1,44100,1,PCM_24,b2fa546d987a557c1e029b64a0b90415a373f4b5a42197d4e655e41a9ef1061e,206cf7aa8ab468b614652f84cf55bade3693dc9a86e0f807fd11853ec37aa6cf,FROZEN_CORE_V1
221352,10.24,IFA_50_10_1970.wav,17-06-20 00:00,mosquito,an arabiensis,Female,f,Single,,LT,telinga,tascam,Tanzania,Kilombero District,Morogoro,Ifakara,cup,221352.wav,IFA_50_10_1970.wav,Tanzania|Ifakara|cup|17-06-20 00:00,training,,anopheles_arabiensis,raw/humbug_core/221352.wav,44100,10.24,44100,1,PCM_24,24b60d0b94e3be5da03d3c37a054c31c1347cd4d5acd2a341d9ff4c9dd215277,864c67f3447be0585d348725f3aad36e9c514cf7218883bbe76ad0e21c41fe9f,FROZEN_CORE_V1
221354,15.36,IFA_50_10_1970.wav,17-06-20 00:00,mosquito,an arabiensis,Female,f,Single,,LT,telinga,tascam,Tanzania,Kilombero District,Morogoro,Ifakara,cup,221354.wav,IFA_50_10_1970.wav,Tanzania|Ifakara|cup|17-06-20 00:00,training,,anopheles_arabiensis,raw/humbug_core/221354.wav,44100,15.36,44100,1,PCM_24,657be695687e174c854798b111b0c6b4e048ca5618cd0b93cc4834b8033bdcc5,ee3e8efa554aa83889949b22978585e22ecc54e5d360a7a8694a38cd616b8171,FROZEN_CORE_V1
221353,7.68,IFA_50_10_1970.wav,17-06-20 00:00,mosquito,an arabiensis,Female,f,Single,,LT,telinga,tascam,Tanzania,Kilombero District,Morogoro,Ifakara,cup,221353.wav,IFA_50_10_1970.wav,Tanzania|Ifakara|cup|17-06-20 00:00,training,,anopheles_arabiensis,raw/humbug_core/221353.wav,44100,7.68,44100,1,PCM_24,ce6db72a63306e995354fd3c8a6785a1051be0a4435987dffd6a09b5d9cdbf31,7685c653692dc77e1f2c41860f0673824e1933da8d34a2851e6f591c100f93d1,FROZEN_CORE_V1
221355,2.56,IFA_50_10_1970.wav,17-06-20 00:00,mosquito,an arabiensis,Female,f,Single,,LT,telinga,tascam,Tanzania,Kilombero District,Morogoro,Ifakara,cup,221355.wav,IFA_50_10_1970.wav,Tanzania|Ifakara|cup|17-06-20 00:00,training,,anopheles_arabiensis,raw/humbug_core/221355.wav,44100,2.56,44100,1,PCM_24,4ffc70b03ed584fb9b70cc360a190899463f7f93dd6571ac93f7a3ca7eedffa1,fd6bb346b4540a515605692bcade8aaaf4ade9d65659a257839c18c88af89b61,FROZEN_CORE_V1
221365,7.68,IFA_50_11_1971.wav,17-06-20 00:00,mosquito,an funestus ss,Female,f,Single,,LT,telinga,tascam,Tanzania,Kilombero District,Morogoro,Ifakara,cup,221365.wav,IFA_50_11_1971.wav,Tanzania|Ifakara|cup|17-06-20 00:00,training,,anopheles_funestus_ss,raw/humbug_core/221365.wav,44100,7.68,44100,1,PCM_24,7bdbb130b1d7b767248276981e397df43159aa9c1e55bac4798b1d33fde76914,0a18a5e7e38df7c938331a6e2501a9e2da619c8f6fa9019d7967aee270164beb,FROZEN_CORE_V1
221366,2.56,IFA_50_11_1971.wav,17-06-20 00:00,mosquito,an funestus ss,Female,f,Single,,LT,telinga,tascam,Tanzania,Kilombero District,Morogoro,Ifakara,cup,221366.wav,IFA_50_11_1971.wav,Tanzania|Ifakara|cup|17-06-20 00:00,training,,anopheles_funestus_ss,raw/humbug_core/221366.wav,44100,2.56,44100,1,PCM_24,a7a5a1fadda1f15551b43a90a06b09607f32af3759c3d6c766c220b1f490a05b,8b719762479f7dfb8d41787061b7af08cb35c3ca8bcd88cb37051f20efa9315b,FROZEN_CORE_V1
221364,2.56,IFA_50_11_1971.wav,17-06-20 00:00,mosquito,an funestus ss,Female,f,Single,,LT,telinga,tascam,Tanzania,Kilombero District,Morogoro,Ifakara,cup,221364.wav,IFA_50_11_1971.wav,Tanzania|Ifakara|cup|17-06-20 00:00,training,,anopheles_funestus_ss,raw/humbug_core/221364.wav,44100,2.56,44100,1,PCM_24,a591b05074d54890d6ee1ff31f388a290954d642392df7950d3fa1884c074cfb,6ae6738e33b9690a23465df557d1b684f5cc9da6adc2144d67ad3a85c9248c83,FROZEN_CORE_V1
221367,5.12,IFA_50_11_1971.wav,17-06-20 00:00,mosquito,an funestus ss,Female,f,Single,,LT,telinga,tascam,Tanzania,Kilombero District,Morogoro,Ifakara,cup,221367.wav,IFA_50_11_1971.wav,Tanzania|Ifakara|cup|17-06-20 00:00,training,,anopheles_funestus_ss,raw/humbug_core/221367.wav,44100,5.12,44100,1,PCM_24,0b7cca7b5ba876580f0aa5fcd55c475075f6849664fee009dc34604c9a6bb8f7,5738e99215f836fab84987c0832c765ad363a769597cf26ccf9e864fdb3d6e1d,FROZEN_CORE_V1
221368,5.06,IFA_50_11_1971.wav,17-06-20 00:00,mosquito,an funestus ss,Female,f,Single,,LT,telinga,tascam,Tanzania,Kilombero District,Morogoro,Ifakara,cup,221368.wav,IFA_50_11_1971.wav,Tanzania|Ifakara|cup|17-06-20 00:00,training,,anopheles_funestus_ss,raw/humbug_core/221368.wav,44100,5.059977324263039,44100,1,PCM_24,89bb6ad0474140a97ab7be832ed1df063b18de4928df572da21f2cbf62acfed5,f3f238f31aa90c851eae883a976383bbef4250627cf1212329a8dcdede6c84fa,FROZEN_CORE_V1
221317,35.78,IFA_50_12_1972.wav,17-06-20 00:00,mosquito,an funestus ss,Female,f,Single,,LT,telinga,tascam,Tanzania,Kilombero District,Morogoro,Ifakara,cup,221317.wav,IFA_50_12_1972.wav,Tanzania|Ifakara|cup|17-06-20 00:00,training,,anopheles_funestus_ss,raw/humbug_core/221317.wav,44100,35.78,44100,1,PCM_24,558644e06ad149c105881af3dda70c82c459ccc7614cf3fa8511dc122e178fa1,1b10cc38b88c8759ab541b21555d1b319ae189cdef59aaa261ea22d65bfa436e,FROZEN_CORE_V1
221323,22.98,IFA_50_13_1973.wav,17-06-20 00:00,mosquito,an funestus ss,Female,f,Single,,LT,telinga,tascam,Tanzania,Kilombero District,Morogoro,Ifakara,cup,221323.wav,IFA_50_13_1973.wav,Tanzania|Ifakara|cup|17-06-20 00:00,training,,anopheles_funestus_ss,raw/humbug_core/221323.wav,44100,22.97997732426304,44100,1,PCM_24,7401f94b8fd30c37825804d8db6f3a6f7bfd668bf45b3a3628faf34d2465e113,ca27dc04e73a51ee1697820e1cdccd472917f6a70e4899251f4f5b3cdafad510,FROZEN_CORE_V1
221362,20.48,IFA_50_14_1974.wav,17-06-20 00:00,mosquito,an arabiensis,Female,f,Single,,LT,telinga,tascam,Tanzania,Kilombero District,Morogoro,Ifakara,cup,221362.wav,IFA_50_14_1974.wav,Tanzania|Ifakara|cup|17-06-20 00:00,training,,anopheles_arabiensis,raw/humbug_core/221362.wav,44100,20.48,44100,1,PCM_24,299fbe59b7b03373b75a8f5c0ecb7976e9c73accfa2fa3fb0bb6c96da898b10e,33d96d62ee4a45ecf1eea480b4a99c8492dc5f2cb9e729899530fc9bdeea412c,FROZEN_CORE_V1
221363,10.18,IFA_50_14_1974.wav,17-06-20 00:00,mosquito,an arabiensis,Female,f,Single,,LT,telinga,tascam,Tanzania,Kilombero District,Morogoro,Ifakara,cup,221363.wav,IFA_50_14_1974.wav,Tanzania|Ifakara|cup|17-06-20 00:00,training,,anopheles_arabiensis,raw/humbug_core/221363.wav,44100,10.18,44100,1,PCM_24,efd20f38c8af964b686dcc853d1284ddb44fbd33c59d0aa567fecb648c4948b8,9278783c811e3f4315b5337d3bfd5f0a15c325850712622ce98199666b98a984,FROZEN_CORE_V1
221332,15.3,IFA_50_17_1977.wav,17-06-20 00:00,mosquito,an funestus ss,Female,f,Single,,LT,telinga,tascam,Tanzania,Kilombero District,Morogoro,Ifakara,cup,221332.wav,IFA_50_17_1977.wav,Tanzania|Ifakara|cup|17-06-20 00:00,training,,anopheles_funestus_ss,raw/humbug_core/221332.wav,44100,15.3,44100,1,PCM_24,733ce6f6f0ccd48b0fd0487284ced93bbc9b4d412b69f11fa6884c304cfe61b2,48cd614683fc834ebe41e846da494e88691fa20849fd67f18306912201cee3fc,FROZEN_CORE_V1
221331,20.48,IFA_50_17_1977.wav,17-06-20 00:00,mosquito,an funestus ss,Female,f,Single,,LT,telinga,tascam,Tanzania,Kilombero District,Morogoro,Ifakara,cup,221331.wav,IFA_50_17_1977.wav,Tanzania|Ifakara|cup|17-06-20 00:00,training,,anopheles_funestus_ss,raw/humbug_core/221331.wav,44100,20.48,44100,1,PCM_24,e2c8c6a7d3a42654e9417ee5f6011e7bde0a45d0395d53859592e9f1d7c415b7,da76de737c0089dc98f80998ed3a7c6ade068173089236350708482ca220e3d9,FROZEN_CORE_V1
221347,15.3,IFA_50_18_1978.wav,17-06-20 00:00,mosquito,an funestus ss,Female,f,Single,,LT,telinga,tascam,Tanzania,Kilombero District,Morogoro,Ifakara,cup,221347.wav,IFA_50_18_1978.wav,Tanzania|Ifakara|cup|17-06-20 00:00,training,,anopheles_funestus_ss,raw/humbug_core/221347.wav,44100,15.3,44100,1,PCM_24,8306e4393a146e1e404cbdf9f1e16e1d5126fe999eea0926e97ce3e2ede9131a,79edbe214d00fae35a5907e80b99a12ad568f40dffd870f5d1da127df54d3042,FROZEN_CORE_V1
221346,17.92,IFA_50_18_1978.wav,17-06-20 00:00,mosquito,an funestus ss,Female,f,Single,,LT,telinga,tascam,Tanzania,Kilombero District,Morogoro,Ifakara,cup,221346.wav,IFA_50_18_1978.wav,Tanzania|Ifakara|cup|17-06-20 00:00,training,,anopheles_funestus_ss,raw/humbug_core/221346.wav,44100,17.92,44100,1,PCM_24,61d0fcaaec04d104f071b3c9e1e5d9544d60eb5d6f3d69d835b4fb1305c4e07f,33cb40d10fc461fbbe9d6324126e195c916b77bb6f65de762a627831ce90564d,FROZEN_CORE_V1
221338,28.1,IFA_50_20_1980.wav,17-06-20 00:00,mosquito,an funestus ss,Female,f,Single,,LT,telinga,tascam,Tanzania,Kilombero District,Morogoro,Ifakara,cup,221338.wav,IFA_50_20_1980.wav,Tanzania|Ifakara|cup|17-06-20 00:00,training,,anopheles_funestus_ss,raw/humbug_core/221338.wav,44100,28.1,44100,1,PCM_24,6795227856821ec83b0002c7ba9d710f41fc0c3fae618aed865442d3509318b6,69492245f4ea0c18efa147412b04a486715dbf2023a67d1971e4635a55d36679,FROZEN_CORE_V1
221458,5.12,IFA_50_21_1981.wav,17-06-20 00:00,mosquito,an arabiensis,Female,f,Single,,LT,telinga,tascam,Tanzania,Kilombero District,Morogoro,Ifakara,cup,221458.wav,IFA_50_21_1981.wav,Tanzania|Ifakara|cup|17-06-20 00:00,training,,anopheles_arabiensis,raw/humbug_core/221458.wav,44100,5.12,44100,1,PCM_24,4e3dfef9fd6b8f304a51347bfb943f26dd56549beb22cda1f587a3bdfb39838b,996992f1a4679ce3f4bacb5b0c46a5daaa3895fd2ac6c5360ab8102ed4fe68c5,FROZEN_CORE_V1
221474,15.36,IFA_50_22_1982.wav,17-06-20 00:00,mosquito,an arabiensis,Female,f,Single,,LT,telinga,tascam,Tanzania,Kilombero District,Morogoro,Ifakara,cup,221474.wav,IFA_50_22_1982.wav,Tanzania|Ifakara|cup|17-06-20 00:00,training,,anopheles_arabiensis,raw/humbug_core/221474.wav,44100,15.36,44100,1,PCM_24,de0805e45255cc482e10309ff0b0349f6c866e000198c21b0171b85965dc6b90,ce5e37161ca8280bc268faeee055287f2658700ffd1cc3f86429c2f52b9537e0,FROZEN_CORE_V1
221470,7.68,IFA_50_23_1983.wav,17-06-20 00:00,mosquito,an arabiensis,Female,f,Single,,LT,telinga,tascam,Tanzania,Kilombero District,Morogoro,Ifakara,cup,221470.wav,IFA_50_23_1983.wav,Tanzania|Ifakara|cup|17-06-20 00:00,training,,anopheles_arabiensis,raw/humbug_core/221470.wav,44100,7.68,44100,1,PCM_24,f87e0b6fdac50fc247a36df32452c03c676156f38f00c9628a1dcb2aec4e5ff7,ba6bd3905285852d2ec6c55daf58669354e3a46184c37a0fbeba891b24517783,FROZEN_CORE_V1
221472,5.12,IFA_50_23_1983.wav,17-06-20 00:00,mosquito,an arabiensis,Female,f,Single,,LT,telinga,tascam,Tanzania,Kilombero District,Morogoro,Ifakara,cup,221472.wav,IFA_50_23_1983.wav,Tanzania|Ifakara|cup|17-06-20 00:00,training,,anopheles_arabiensis,raw/humbug_core/221472.wav,44100,5.12,44100,1,PCM_24,46be9e1d7507f5cbfebc8730874a30d2b42f072c17d300b1ac8df08b085a90c6,2a19cc2cd8104eae08099e3d6fc777b3b7dc5b8f47800a360f649eeed74a3131,FROZEN_CORE_V1
221471,5.12,IFA_50_23_1983.wav,17-06-20 00:00,mosquito,an arabiensis,Female,f,Single,,LT,telinga,tascam,Tanzania,Kilombero District,Morogoro,Ifakara,cup,221471.wav,IFA_50_23_1983.wav,Tanzania|Ifakara|cup|17-06-20 00:00,training,,anopheles_arabiensis,raw/humbug_core/221471.wav,44100,5.12,44100,1,PCM_24,822076bd678bb374b9f42e6349224b6a4b37527e8e2aa49628676bff521a3bb6,4fc0c39fc99afc0e80810dfcdf884ab7ceb40a40abcb85375c1f3421e6a18b7d,FROZEN_CORE_V1
221479,40.9,IFA_50_24_1984.wav,17-06-20 00:00,mosquito,an funestus ss,Female,f,Single,,LT,telinga,tascam,Tanzania,Kilombero District,Morogoro,Ifakara,cup,221479.wav,IFA_50_24_1984.wav,Tanzania|Ifakara|cup|17-06-20 00:00,training,,anopheles_funestus_ss,raw/humbug_core/221479.wav,44100,40.9,44100,1,PCM_24,e6ac6b70d2ebb843b3dd319bd1847cd97631471f5d9a67f344cb9ed249409d62,681f19d121eaef2e2fbab44aac90520f9ee52f8bd5a21ba84934a8230ca85585,FROZEN_CORE_V1
221476,5.12,IFA_50_27_1987.wav,17-06-20 00:00,mosquito,an funestus ss,Female,f,Single,,LT,telinga,tascam,Tanzania,Kilombero District,Morogoro,Ifakara,cup,221476.wav,IFA_50_27_1987.wav,Tanzania|Ifakara|cup|17-06-20 00:00,training,,anopheles_funestus_ss,raw/humbug_core/221476.wav,44100,5.12,44100,1,PCM_24,4efc9a4d56544c11c06b7123128fef2644dde81c3d08a4ad3f267815d07c27c2,54c66e7bcdf867f97e2df79a939d6ec85d49d7aec1343085c1b53ffee7087ff9,FROZEN_CORE_V1
221475,15.36,IFA_50_27_1987.wav,17-06-20 00:00,mosquito,an funestus ss,Female,f,Single,,LT,telinga,tascam,Tanzania,Kilombero District,Morogoro,Ifakara,cup,221475.wav,IFA_50_27_1987.wav,Tanzania|Ifakara|cup|17-06-20 00:00,training,,anopheles_funestus_ss,raw/humbug_core/221475.wav,44100,15.36,44100,1,PCM_24,f4c60a3bd83546bb1368b88162b6d0d12780c784e8774d5a94ffa60a602892e8,5478d15186534aff5717a36743a1378236265d928e5048403b039d6ea27cb0f6,FROZEN_CORE_V1
221461,30.66,IFA_50_28_1988.wav,17-06-20 00:00,mosquito,an arabiensis,Female,f,Single,,LT,telinga,tascam,Tanzania,Kilombero District,Morogoro,Ifakara,cup,221461.wav,IFA_50_28_1988.wav,Tanzania|Ifakara|cup|17-06-20 00:00,training,,anopheles_arabiensis,raw/humbug_core/221461.wav,44100,30.66,44100,1,PCM_24,f8245a4d0e18777569b034e6bdbe067d9555351ba3017011ab3eae3a8f3d5590,d8ffc587999d744ceb24cca64c4496629a368b21f59abb7a14838e2d7bf25b55,FROZEN_CORE_V1
221412,2.56,IFA_51_19_2019.wav,21-06-20 00:00,mosquito,an arabiensis,Female,f,Single,,LT,telinga,tascam,Tanzania,Kilombero District,Morogoro,Ifakara,cup,221412.wav,IFA_51_19_2019.wav,Tanzania|Ifakara|cup|21-06-20 00:00,training,,anopheles_arabiensis,raw/humbug_core/221412.wav,44100,2.5599773242630386,44100,1,PCM_24,2146f520f7464e8ecca0dea75b79a52d5ed5c4404e4010b76393f286b43f6b4b,f5eba5bcda381160d64cfee5dfcc3d750894ee3736662c8c2cabb58c3b0dbe3d,FROZEN_CORE_V1
221378,2.56,IFA_51_20_2020.wav,21-06-20 00:00,mosquito,an arabiensis,Female,f,Single,,LT,telinga,tascam,Tanzania,Kilombero District,Morogoro,Ifakara,cup,221378.wav,IFA_51_20_2020.wav,Tanzania|Ifakara|cup|21-06-20 00:00,training,,anopheles_arabiensis,raw/humbug_core/221378.wav,44100,2.56,44100,1,PCM_24,026e2cb5cb5b23c79ec686ea0dd243ef34c74ede9b713d82b2439d08a8e2136e,0762908e3c4739dd0cfd950f71cbc3155e36f70e83cef88df55d2c1c0503d31e,FROZEN_CORE_V1
221389,2.56,IFA_51_21_2021.wav,21-06-20 00:00,mosquito,an arabiensis,Female,f,Single,,LT,telinga,tascam,Tanzania,Kilombero District,Morogoro,Ifakara,cup,221389.wav,IFA_51_21_2021.wav,Tanzania|Ifakara|cup|21-06-20 00:00,training,,anopheles_arabiensis,raw/humbug_core/221389.wav,44100,2.56,44100,1,PCM_24,79f6ee348f1c82d274766e597e1bc404ada757036eaa33ac7aecec32c1c0be67,6686f788e05c07f22356cabb1f192d9e7c74a9148fd22eb8ec9e86ba98c793be,FROZEN_CORE_V1
221388,2.56,IFA_51_21_2021.wav,21-06-20 00:00,mosquito,an arabiensis,Female,f,Single,,LT,telinga,tascam,Tanzania,Kilombero District,Morogoro,Ifakara,cup,221388.wav,IFA_51_21_2021.wav,Tanzania|Ifakara|cup|21-06-20 00:00,training,,anopheles_arabiensis,raw/humbug_core/221388.wav,44100,2.56,44100,1,PCM_24,6b5f9afdfab07802b817ecd62f9b99ebf916f5753d847437565bdb69ccd58705,3bb613f21e78f7579bd299ebf7904f34accf51c354e66320a6ac1b338d897b41,FROZEN_CORE_V1
221403,15.36,IFA_51_22_2022.wav,21-06-20 00:00,mosquito,an arabiensis,Female,f,Single,,LT,telinga,tascam,Tanzania,Kilombero District,Morogoro,Ifakara,cup,221403.wav,IFA_51_22_2022.wav,Tanzania|Ifakara|cup|21-06-20 00:00,training,,anopheles_arabiensis,raw/humbug_core/221403.wav,44100,15.36,44100,1,PCM_24,271b6060e47150f4b98105dd1c3fc177a80667a0766002c613f7110859c179dd,56f2521a9317d747c356c23b10a94039d44a02edd02ad47274cdcd9b53d81706,FROZEN_CORE_V1
221402,5.12,IFA_51_22_2022.wav,21-06-20 00:00,mosquito,an arabiensis,Female,f,Single,,LT,telinga,tascam,Tanzania,Kilombero District,Morogoro,Ifakara,cup,221402.wav,IFA_51_22_2022.wav,Tanzania|Ifakara|cup|21-06-20 00:00,training,,anopheles_arabiensis,raw/humbug_core/221402.wav,44100,5.12,44100,1,PCM_24,09c97670e7da761b75c0f702cce9920c410f41edd3de47c6d114e4be0d437db8,25a2efd587ab83276683588b576241b4b1920d9c5caa6ace6851321df3a6af71,FROZEN_CORE_V1
221390,2.56,IFA_51_24_2024.wav,21-06-20 00:00,mosquito,an arabiensis,Female,f,Single,,LT,telinga,tascam,Tanzania,Kilombero District,Morogoro,Ifakara,cup,221390.wav,IFA_51_24_2024.wav,Tanzania|Ifakara|cup|21-06-20 00:00,training,,anopheles_arabiensis,raw/humbug_core/221390.wav,44100,2.5599773242630386,44100,1,PCM_24,c18cd9fe9f37513a5a1d0e7bf43189b08d6a93c334fb5847c53f1feeb6614661,33c4347681224f17576b992889cb169e0acb9e2e8b1e940837a79e7bfefe89c3,FROZEN_CORE_V1
221396,5.12,IFA_51_28_2028.wav,21-06-20 00:00,mosquito,an arabiensis,Female,f,Single,,LT,telinga,tascam,Tanzania,Kilombero District,Morogoro,Ifakara,cup,221396.wav,IFA_51_28_2028.wav,Tanzania|Ifakara|cup|21-06-20 00:00,training,,anopheles_arabiensis,raw/humbug_core/221396.wav,44100,5.119977324263038,44100,1,PCM_24,30a24efb14bf52d87eb4ddeec7f0112c8377dd8de6fc15c5d81eafaaf5c3bf45,bfe9984c321df49f41fd264eb55232c3f83f11579fbedaf816b8cf51f54d6eb4,FROZEN_CORE_V1
221395,2.56,IFA_51_28_2028.wav,21-06-20 00:00,mosquito,an arabiensis,Female,f,Single,,LT,telinga,tascam,Tanzania,Kilombero District,Morogoro,Ifakara,cup,221395.wav,IFA_51_28_2028.wav,Tanzania|Ifakara|cup|21-06-20 00:00,training,,anopheles_arabiensis,raw/humbug_core/221395.wav,44100,2.5599773242630386,44100,1,PCM_24,5ed42c9003fababfc401d27f4aa6556627e28f56160d39d9eab74ea97565ea60,7ed0cc26135cd2c92db28c7f5b27fd2f8999e517793a46f900c2646c2663580c,FROZEN_CORE_V1
221382,22.98,IFA_51_30_2030.wav,21-06-20 00:00,mosquito,an arabiensis,Female,f,Single,,LT,telinga,tascam,Tanzania,Kilombero District,Morogoro,Ifakara,cup,221382.wav,IFA_51_30_2030.wav,Tanzania|Ifakara|cup|21-06-20 00:00,training,,anopheles_arabiensis,raw/humbug_core/221382.wav,44100,22.98,44100,1,PCM_24,e505a0856f8b10b156369da54fe0c9f77266f8fa03e5d76dae1d62b781582894,ca70c037cd114256b295205307cf564ea8bc917788ea4c9cc1e4fac872062c16,FROZEN_CORE_V1
221381,2.56,IFA_51_30_2030.wav,21-06-20 00:00,mosquito,an arabiensis,Female,f,Single,,LT,telinga,tascam,Tanzania,Kilombero District,Morogoro,Ifakara,cup,221381.wav,IFA_51_30_2030.wav,Tanzania|Ifakara|cup|21-06-20 00:00,training,,anopheles_arabiensis,raw/humbug_core/221381.wav,44100,2.56,44100,1,PCM_24,a408c118330f0b9569cadefdd9168e46cdad20df35060a78f1f8918d004413bc,b87422851b279f5f43b3d4f2629f68d2555a96f29fd283d1d3fecc57691e8155,FROZEN_CORE_V1
221387,35.78,IFA_51_31_2031.wav,21-06-20 00:00,mosquito,an arabiensis,Female,f,Single,,LT,telinga,tascam,Tanzania,Kilombero District,Morogoro,Ifakara,cup,221387.wav,IFA_51_31_2031.wav,Tanzania|Ifakara|cup|21-06-20 00:00,training,,anopheles_arabiensis,raw/humbug_core/221387.wav,44100,35.78,44100,1,PCM_24,e10f2af735947acd1134a3a8be8e5a99cf90ff49204352bb57ed343fdec47cc3,015724c6fe4dcd2091b38f87dc9e93e1a47fb10462a463a3f60359da43b11d3c,FROZEN_CORE_V1
221376,2.56,IFA_51_32_2032.wav,21-06-20 00:00,mosquito,an arabiensis,Female,f,Single,,LT,telinga,tascam,Tanzania,Kilombero District,Morogoro,Ifakara,cup,221376.wav,IFA_51_32_2032.wav,Tanzania|Ifakara|cup|21-06-20 00:00,training,,anopheles_arabiensis,raw/humbug_core/221376.wav,44100,2.5599773242630386,44100,1,PCM_24,106d0acd77c121b3e846c62e896dccf9bf295c72d9c9384f794d116807cad253,9f72dd7d9e3c2da97d7513093716f1a2f1f2d4de55b50b01048db84d285fd39d,FROZEN_CORE_V1
221377,10.18,IFA_51_32_2032.wav,21-06-20 00:00,mosquito,an arabiensis,Female,f,Single,,LT,telinga,tascam,Tanzania,Kilombero District,Morogoro,Ifakara,cup,221377.wav,IFA_51_32_2032.wav,Tanzania|Ifakara|cup|21-06-20 00:00,training,,anopheles_arabiensis,raw/humbug_core/221377.wav,44100,10.18,44100,1,PCM_24,f04725c430667c2d1d4ea34c4c165864cf31576c3484fa6e9ddbbbcf1c29a1b5,1f4b22ced99de051dc000d4aa7d4adfb14781cc7783b688c5554cfdc4252f68f,FROZEN_CORE_V1
221385,28.16,IFA_51_34_2034.wav,21-06-20 00:00,mosquito,an arabiensis,Female,f,Single,,LT,telinga,tascam,Tanzania,Kilombero District,Morogoro,Ifakara,cup,221385.wav,IFA_51_34_2034.wav,Tanzania|Ifakara|cup|21-06-20 00:00,training,,anopheles_arabiensis,raw/humbug_core/221385.wav,44100,28.16,44100,1,PCM_24,093c0d939b0a57d9b314b5f65518459b0f7d4d7922200caf478968bff95c6101,eafd318f13dc07168eb011fcbceb9ded8e38465efc008550cb83d1fc53b0750c,FROZEN_CORE_V1
221411,10.18,IFA_51_35_2035.wav,21-06-20 00:00,mosquito,an arabiensis,Female,f,Single,,LT,telinga,tascam,Tanzania,Kilombero District,Morogoro,Ifakara,cup,221411.wav,IFA_51_35_2035.wav,Tanzania|Ifakara|cup|21-06-20 00:00,training,,anopheles_arabiensis,raw/humbug_core/221411.wav,44100,10.18,44100,1,PCM_24,20ad54079d9e612987b26fbdef566e4e71947753d519a1669a8f42f90c871cba,39ff3e60a4a5312420653bb9fe522bc9a899e8af9c4d407eb7cef0d2fb5c18fe,FROZEN_CORE_V1
221410,30.72,IFA_51_35_2035.wav,21-06-20 00:00,mosquito,an arabiensis,Female,f,Single,,LT,telinga,tascam,Tanzania,Kilombero District,Morogoro,Ifakara,cup,221410.wav,IFA_51_35_2035.wav,Tanzania|Ifakara|cup|21-06-20 00:00,training,,anopheles_arabiensis,raw/humbug_core/221410.wav,44100,30.72,44100,1,PCM_24,fb33998aa2c5c729de28b656b2a8310ace2d5cbd9542bfa847d94826eeeb31d0,2f51cbfe0dda07cdb68482f1d2bb7a95bc13c3b4b9d35d05b550d5ca37d5d63b,FROZEN_CORE_V1
221404,35.78,IFA_51_36_2036.wav,21-06-20 00:00,mosquito,an arabiensis,Female,f,Single,,LT,telinga,tascam,Tanzania,Kilombero District,Morogoro,Ifakara,cup,221404.wav,IFA_51_36_2036.wav,Tanzania|Ifakara|cup|21-06-20 00:00,training,,anopheles_arabiensis,raw/humbug_core/221404.wav,44100,35.78,44100,1,PCM_24,045319c3c067fd60d9b20d5fa71f7591061c1499e96233147d2d9a21d2e1eb65,a373ae3c0b825b593c9bb0f6882491883aec9f79d7dfffbd4189182c5ee5118c,FROZEN_CORE_V1
221393,2.56,IFA_51_37_2037.wav,21-06-20 00:00,mosquito,an arabiensis,Female,f,Single,,LT,telinga,tascam,Tanzania,Kilombero District,Morogoro,Ifakara,cup,221393.wav,IFA_51_37_2037.wav,Tanzania|Ifakara|cup|21-06-20 00:00,training,,anopheles_arabiensis,raw/humbug_core/221393.wav,44100,2.56,44100,1,PCM_24,43b05301f52f605f00dd3ba1615f6097fdebac789d8f308c3cda279ddf6b0809,bb8f0e689aaf8eb192707c0ba4c9b357e7d05986c6c3aa09009c03d0ff954751,FROZEN_CORE_V1
221394,2.5,IFA_51_37_2037.wav,21-06-20 00:00,mosquito,an arabiensis,Female,f,Single,,LT,telinga,tascam,Tanzania,Kilombero District,Morogoro,Ifakara,cup,221394.wav,IFA_51_37_2037.wav,Tanzania|Ifakara|cup|21-06-20 00:00,training,,anopheles_arabiensis,raw/humbug_core/221394.wav,44100,2.5,44100,1,PCM_24,375c2e248d363f2f58d0fb95d9c5cd834689260f03173ebe04a0db96dbc73040,cd0ffaa04c8dcdd944a589194c32512d83528827a446b317672f15047af93fac,FROZEN_CORE_V1
221392,5.12,IFA_51_37_2037.wav,21-06-20 00:00,mosquito,an arabiensis,Female,f,Single,,LT,telinga,tascam,Tanzania,Kilombero District,Morogoro,Ifakara,cup,221392.wav,IFA_51_37_2037.wav,Tanzania|Ifakara|cup|21-06-20 00:00,training,,anopheles_arabiensis,raw/humbug_core/221392.wav,44100,5.119977324263038,44100,1,PCM_24,c6ea2c12ddf735434a3312278f3693ef7bf816c2875b0d1e5bab39ad0a119d50,95a5feb786421f1ca98d08babd0e168ba34fb3afa0142c484720b83b997aaa4a,FROZEN_CORE_V1
221391,10.24,IFA_51_37_2037.wav,21-06-20 00:00,mosquito,an arabiensis,Female,f,Single,,LT,telinga,tascam,Tanzania,Kilombero District,Morogoro,Ifakara,cup,221391.wav,IFA_51_37_2037.wav,Tanzania|Ifakara|cup|21-06-20 00:00,training,,anopheles_arabiensis,raw/humbug_core/221391.wav,44100,10.23997732426304,44100,1,PCM_24,dc587dafa9de6d174bf51300a5f9957450a46693f7efadb55bd0d45e36fedd89,a566d24f6ffe326af5e3ce17f4dcd9c2a5e0e039c4bde0f6a3f178d97299b62a,FROZEN_CORE_V1
221379,48.58,IFA_51_38_2038.wav,21-06-20 00:00,mosquito,an arabiensis,Female,f,Single,,LT,telinga,tascam,Tanzania,Kilombero District,Morogoro,Ifakara,cup,221379.wav,IFA_51_38_2038.wav,Tanzania|Ifakara|cup|21-06-20 00:00,training,,anopheles_arabiensis,raw/humbug_core/221379.wav,44100,48.58,44100,1,PCM_24,1accb9400875ff6c5b688f3e30304041b105583f187c3aabce4d23f3e007f390,90ad12b24daafb0d71895d5e61eb13fbee5ea0fea9e1767f654c12ec4097c90a,FROZEN_CORE_V1
221384,22.98,IFA_51_39_2039.wav,21-06-20 00:00,mosquito,an arabiensis,Female,f,Single,,LT,telinga,tascam,Tanzania,Kilombero District,Morogoro,Ifakara,cup,221384.wav,IFA_51_39_2039.wav,Tanzania|Ifakara|cup|21-06-20 00:00,training,,anopheles_arabiensis,raw/humbug_core/221384.wav,44100,22.97997732426304,44100,1,PCM_24,48dfd9becf474cdd050e2dd52796c39d9947933915bda6220ed721b0316ca80c,bcdcb551f1cc3bc4db4b5d0d1ad5c8e622c5d7892a3fdb92b79de26691021a60,FROZEN_CORE_V1
221383,2.56,IFA_51_39_2039.wav,21-06-20 00:00,mosquito,an arabiensis,Female,f,Single,,LT,telinga,tascam,Tanzania,Kilombero District,Morogoro,Ifakara,cup,221383.wav,IFA_51_39_2039.wav,Tanzania|Ifakara|cup|21-06-20 00:00,training,,anopheles_arabiensis,raw/humbug_core/221383.wav,44100,2.5599773242630386,44100,1,PCM_24,38e0a9f0d54df423bbee9d11e1f1e5a11056efdf33fa192b15da17d74cb13adb,08a4906ef28f23a60f43fa589bd77f851431636ed029622039b88901147befbf,FROZEN_CORE_V1
221386,10.24,IFA_51_40_2040.wav,21-06-20 00:00,mosquito,an arabiensis,Female,f,Single,,LT,telinga,tascam,Tanzania,Kilombero District,Morogoro,Ifakara,cup,221386.wav,IFA_51_40_2040.wav,Tanzania|Ifakara|cup|21-06-20 00:00,training,,anopheles_arabiensis,raw/humbug_core/221386.wav,44100,10.24,44100,1,PCM_24,6ebe4a046aa4893a62bc9fd569affde060f441a93fce409b0333d2c4cd384e87,ac5298fd6d2ddf2238650c50c2b3a75e0c1e7dc6d12a272075abe954cdf1475e,FROZEN_CORE_V1
221405,7.68,IFA_52_10_2050.wav,21-06-20 00:00,mosquito,an arabiensis,Female,f,Single,,LT,telinga,tascam,Tanzania,Kilombero District,Morogoro,Ifakara,cup,221405.wav,IFA_52_10_2050.wav,Tanzania|Ifakara|cup|21-06-20 00:00,training,,anopheles_arabiensis,raw/humbug_core/221405.wav,44100,7.68,44100,1,PCM_24,46e9a0e95d45d912aca04bd502f1fb7b21a109b2b192458b0d029c32300287c7,b1ae243420aeacb195e200fe39dd2ca3a6aa2cbdc164462ac0898ff0b27fc502,FROZEN_CORE_V1
221406,7.68,IFA_52_10_2050.wav,21-06-20 00:00,mosquito,an arabiensis,Female,f,Single,,LT,telinga,tascam,Tanzania,Kilombero District,Morogoro,Ifakara,cup,221406.wav,IFA_52_10_2050.wav,Tanzania|Ifakara|cup|21-06-20 00:00,training,,anopheles_arabiensis,raw/humbug_core/221406.wav,44100,7.68,44100,1,PCM_24,97a4044ec81bfe9dc4871061b8f96cea259f32c8fc64b2dd287855fb75dad7ed,56961d0e12e58b7e818af621439fa46a3f348a9b5542515826188be52ccf4816,FROZEN_CORE_V1
221407,2.5,IFA_52_10_2050.wav,21-06-20 00:00,mosquito,an arabiensis,Female,f,Single,,LT,telinga,tascam,Tanzania,Kilombero District,Morogoro,Ifakara,cup,221407.wav,IFA_52_10_2050.wav,Tanzania|Ifakara|cup|21-06-20 00:00,training,,anopheles_arabiensis,raw/humbug_core/221407.wav,44100,2.5,44100,1,PCM_24,673c860e99b06c5f2d264d08537b0e1704089243d6f68b2d1a2b6b52bc821dff,7d897fda334d7f87d3b643b74a31c4008444bd57598788dc603114a17992746c,FROZEN_CORE_V1
221399,15.36,IFA_52_11_2051.wav,21-06-20 00:00,mosquito,an arabiensis,Female,f,Single,,LT,telinga,tascam,Tanzania,Kilombero District,Morogoro,Ifakara,cup,221399.wav,IFA_52_11_2051.wav,Tanzania|Ifakara|cup|21-06-20 00:00,training,,anopheles_arabiensis,raw/humbug_core/221399.wav,44100,15.36,44100,1,PCM_24,ee6f2d1ad2c6e15fc83518ca292b4dba0adac5f714ca3cf5adc31d23e2bfb05f,5d94769f6779bd4383ce63800105ae449e47b156384b6b089df625b840e41967,FROZEN_CORE_V1
221401,12.74,IFA_52_11_2051.wav,21-06-20 00:00,mosquito,an arabiensis,Female,f,Single,,LT,telinga,tascam,Tanzania,Kilombero District,Morogoro,Ifakara,cup,221401.wav,IFA_52_11_2051.wav,Tanzania|Ifakara|cup|21-06-20 00:00,training,,anopheles_arabiensis,raw/humbug_core/221401.wav,44100,12.74,44100,1,PCM_24,46996cea964a9333dadab99466638810956bb9be2540c8132f553629262c2f9f,3ccfb30b689b2c5ed9e394d008029f2a672f01f9009098fc112236095402ebb5,FROZEN_CORE_V1
221400,2.56,IFA_52_11_2051.wav,21-06-20 00:00,mosquito,an arabiensis,Female,f,Single,,LT,telinga,tascam,Tanzania,Kilombero District,Morogoro,Ifakara,cup,221400.wav,IFA_52_11_2051.wav,Tanzania|Ifakara|cup|21-06-20 00:00,training,,anopheles_arabiensis,raw/humbug_core/221400.wav,44100,2.5599773242630386,44100,1,PCM_24,d1f94c49ac0c5a1344b9ae074c7094544a76b9bd1213ea59270661b304242814,667e8a9c9374f03b390322299183e42631f195f64a5fc5691493869ab7b9a43f,FROZEN_CORE_V1
221408,7.68,IFA_52_13_2053.wav,21-06-20 00:00,mosquito,an arabiensis,Female,f,Single,,LT,telinga,tascam,Tanzania,Kilombero District,Morogoro,Ifakara,cup,221408.wav,IFA_52_13_2053.wav,Tanzania|Ifakara|cup|21-06-20 00:00,training,,anopheles_arabiensis,raw/humbug_core/221408.wav,44100,7.68,44100,1,PCM_24,56bf100ea814cd0273f10c627cf0f2de375520b3e830e92ae68245c8d46f5090,d3d6532a0d70933271dd87ddddbfee346a62da88b26245d1d3778eaca830e13d,FROZEN_CORE_V1
221409,33.22,IFA_52_13_2053.wav,21-06-20 00:00,mosquito,an arabiensis,Female,f,Single,,LT,telinga,tascam,Tanzania,Kilombero District,Morogoro,Ifakara,cup,221409.wav,IFA_52_13_2053.wav,Tanzania|Ifakara|cup|21-06-20 00:00,training,,anopheles_arabiensis,raw/humbug_core/221409.wav,44100,33.22,44100,1,PCM_24,2bab312faef07dec988bd044309b1535eba1cbeb57f3074345c3195af9c4da53,6427a0f9202b45479ae38e97b12bf86294aee6cc5171bcdd27eb9715d1823251,FROZEN_CORE_V1
221433,51.14,IFA_52_18_2058.wav,21-06-20 00:00,mosquito,an arabiensis,Female,f,Single,,LT,telinga,tascam,Tanzania,Kilombero District,Morogoro,Ifakara,cup,221433.wav,IFA_52_18_2058.wav,Tanzania|Ifakara|cup|21-06-20 00:00,training,,anopheles_arabiensis,raw/humbug_core/221433.wav,44100,51.14,44100,1,PCM_24,4a0a695fafc0ed15f8fad7c32e4c1d96fb32b747432b2d78148bc6ae95679dfc,8c7c0d38bb4970fdb8d7028a0b3445627b4392ff4fa2acd73aa99795021a0ce3,FROZEN_CORE_V1
221425,48.58,IFA_52_20_2060.wav,21-06-20 00:00,mosquito,an arabiensis,Female,f,Single,,LT,telinga,tascam,Tanzania,Kilombero District,Morogoro,Ifakara,cup,221425.wav,IFA_52_20_2060.wav,Tanzania|Ifakara|cup|21-06-20 00:00,training,,anopheles_arabiensis,raw/humbug_core/221425.wav,44100,48.58,44100,1,PCM_24,c2053113dfeff1943b379a172aca1fd6951bd91c19ac005c3b83ae94263e659c,46b6cb7679ad86e30bf884a1312b3cfe4f992d689b1b1e1171195069d9529478,FROZEN_CORE_V1
221443,7.68,IFA_52_21_2061.wav,21-06-20 00:00,mosquito,an arabiensis,Female,f,Single,,LT,telinga,tascam,Tanzania,Kilombero District,Morogoro,Ifakara,cup,221443.wav,IFA_52_21_2061.wav,Tanzania|Ifakara|cup|21-06-20 00:00,training,,anopheles_arabiensis,raw/humbug_core/221443.wav,44100,7.68,44100,1,PCM_24,3e16299833db2c328369f21bd7fcb44faef9bc5e72265ca82ed1471967c11a31,24749409ca46deabfdca7c05eec69baeccdb5054d468df095eee919f84d6cdf3,FROZEN_CORE_V1
221424,30.66,IFA_52_24_2064.wav,21-06-20 00:00,mosquito,an arabiensis,Female,f,Single,,LT,telinga,tascam,Tanzania,Kilombero District,Morogoro,Ifakara,cup,221424.wav,IFA_52_24_2064.wav,Tanzania|Ifakara|cup|21-06-20 00:00,training,,anopheles_arabiensis,raw/humbug_core/221424.wav,44100,30.66,44100,1,PCM_24,0c0143d10fb77ea1bf4b9cfc88838cfdc15ce4297c28d0f026f80449ced2a29d,83b1821ed4e87777a0bebc62a9a263a6e682d00c365432aa1cd3892077b734b1,FROZEN_CORE_V1
221422,43.52,IFA_52_25_2065.wav,21-06-20 00:00,mosquito,an arabiensis,Female,f,Single,,LT,telinga,tascam,Tanzania,Kilombero District,Morogoro,Ifakara,cup,221422.wav,IFA_52_25_2065.wav,Tanzania|Ifakara|cup|21-06-20 00:00,training,,anopheles_arabiensis,raw/humbug_core/221422.wav,44100,43.52,44100,1,PCM_24,3439fc0e6efd6d50f0e3d9716c806be1fcfe0f6f5d7bc355c2623b77aefd23fc,e8fd9fdcaa58ef73d798cbc88167f2b97ab98a957d58c501867a668eb466024a,FROZEN_CORE_V1
221453,28.16,IFA_52_27_2067.wav,21-06-20 00:00,mosquito,an arabiensis,Female,f,Single,,LT,telinga,tascam,Tanzania,Kilombero District,Morogoro,Ifakara,cup,221453.wav,IFA_52_27_2067.wav,Tanzania|Ifakara|cup|21-06-20 00:00,training,,anopheles_arabiensis,raw/humbug_core/221453.wav,44100,28.16,44100,1,PCM_24,e8141b6685ba14513c28873a36006cfc43b2a8a48e7da59a836745d05319d496,62d9de959a7a8a60ac0532e2190dac47afefedb70f413fb016a226aa2d216b15,FROZEN_CORE_V1
221452,5.12,IFA_52_27_2067.wav,21-06-20 00:00,mosquito,an arabiensis,Female,f,Single,,LT,telinga,tascam,Tanzania,Kilombero District,Morogoro,Ifakara,cup,221452.wav,IFA_52_27_2067.wav,Tanzania|Ifakara|cup|21-06-20 00:00,training,,anopheles_arabiensis,raw/humbug_core/221452.wav,44100,5.12,44100,1,PCM_24,b31c3fcdb27ff9417e863a4b98dfa7ea3d6943dd364ccd6f649a81211ee81154,16ecb5522b3135438d05f0481f0b5051209c2e26fe1743c35d21bcd859110422,FROZEN_CORE_V1
221430,5.12,IFA_52_28_2068.wav,21-06-20 00:00,mosquito,an funestus ss,Female,f,Single,,LT,telinga,tascam,Tanzania,Kilombero District,Morogoro,Ifakara,cup,221430.wav,IFA_52_28_2068.wav,Tanzania|Ifakara|cup|21-06-20 00:00,training,,anopheles_funestus_ss,raw/humbug_core/221430.wav,44100,5.12,44100,1,PCM_24,bde9ee692593ec6321ba87e6384e4f21fc674ec953ddc66cd099309f6dc75f26,549212dfb57542bcd16375e121c65809bdc7c17d84911222f21c57da99731538,FROZEN_CORE_V1
221432,5.06,IFA_52_28_2068.wav,21-06-20 00:00,mosquito,an funestus ss,Female,f,Single,,LT,telinga,tascam,Tanzania,Kilombero District,Morogoro,Ifakara,cup,221432.wav,IFA_52_28_2068.wav,Tanzania|Ifakara|cup|21-06-20 00:00,training,,anopheles_funestus_ss,raw/humbug_core/221432.wav,44100,5.059977324263039,44100,1,PCM_24,16f91b623b8973c8085cc21856c4314edca236af957bd952d468ae1711f036c2,098d35a78aad64b3b09d204cb5b116e2d52a57b0b014bd0aebb4de17c4ea09be,FROZEN_CORE_V1
221431,17.92,IFA_52_28_2068.wav,21-06-20 00:00,mosquito,an funestus ss,Female,f,Single,,LT,telinga,tascam,Tanzania,Kilombero District,Morogoro,Ifakara,cup,221431.wav,IFA_52_28_2068.wav,Tanzania|Ifakara|cup|21-06-20 00:00,training,,anopheles_funestus_ss,raw/humbug_core/221431.wav,44100,17.919977324263037,44100,1,PCM_24,6294bb7237417bc6723a7403faf24c8464267b6982ca5e8d8aaa80179d919e7e,f1c3757b2ffab2a1ac0ad566a91cb183f315a8aef2d76b3728d36c3573ac6b7e,FROZEN_CORE_V1
221454,35.84,IFA_52_29_2069.wav,21-06-20 00:00,mosquito,an arabiensis,Female,f,Single,,LT,telinga,tascam,Tanzania,Kilombero District,Morogoro,Ifakara,cup,221454.wav,IFA_52_29_2069.wav,Tanzania|Ifakara|cup|21-06-20 00:00,training,,anopheles_arabiensis,raw/humbug_core/221454.wav,44100,35.84,44100,1,PCM_24,019e1b808d2f8fd56889957d3d732d9096d110c8416fe1d2778584daf21e6e51,a69cd8dfb949d951947f0d2759e4bb25155e48a48f3a996ee66ad6347ffe56ee,FROZEN_CORE_V1
221455,38.34,IFA_52_30_2070.wav,21-06-20 00:00,mosquito,an arabiensis,Female,f,Single,,LT,telinga,tascam,Tanzania,Kilombero District,Morogoro,Ifakara,cup,221455.wav,IFA_52_30_2070.wav,Tanzania|Ifakara|cup|21-06-20 00:00,training,,anopheles_arabiensis,raw/humbug_core/221455.wav,44100,38.34,44100,1,PCM_24,5b4bfea5fc9945eb8222a4a9c21900bb2f4d8604c4d71b49914984e28a922c09,e51230583003dcdfceaf984afc0a7f42fce3e70af52d698f9aa0af919d46ea96,FROZEN_CORE_V1
221429,10.24,IFA_52_31_2071.wav,21-06-20 00:00,mosquito,an arabiensis,Female,f,Single,,LT,telinga,tascam,Tanzania,Kilombero District,Morogoro,Ifakara,cup,221429.wav,IFA_52_31_2071.wav,Tanzania|Ifakara|cup|21-06-20 00:00,training,,anopheles_arabiensis,raw/humbug_core/221429.wav,44100,10.23997732426304,44100,1,PCM_24,ac7baff9262634892649bda2cd8653c9ad39022a1d26626c8f7c06a448c9707f,1ee3b6ee7bfd0e9ea910288166a52979c59d118b0f9264334bb9ca763a72a263,FROZEN_CORE_V1
221428,12.8,IFA_52_31_2071.wav,21-06-20 00:00,mosquito,an arabiensis,Female,f,Single,,LT,telinga,tascam,Tanzania,Kilombero District,Morogoro,Ifakara,cup,221428.wav,IFA_52_31_2071.wav,Tanzania|Ifakara|cup|21-06-20 00:00,training,,anopheles_arabiensis,raw/humbug_core/221428.wav,44100,12.8,44100,1,PCM_24,8272987c6dcaf1f44161c8820dd01900bd4c51034a0a39ff04c1a975241bbde3,1d471c7b85f0e24e4b3cb3d8145fa0d22d38c213ae4195027fb853727b518a42,FROZEN_CORE_V1
221448,10.24,IFA_52_32_2072.wav,21-06-20 00:00,mosquito,an arabiensis,Female,f,Single,,LT,telinga,tascam,Tanzania,Kilombero District,Morogoro,Ifakara,cup,221448.wav,IFA_52_32_2072.wav,Tanzania|Ifakara|cup|21-06-20 00:00,training,,anopheles_arabiensis,raw/humbug_core/221448.wav,44100,10.23997732426304,44100,1,PCM_24,4ede7d66f18a05c80c1a76e2cbcbb9563091ba72033da1a2ce1fef49beb80424,b0c1249c6ca86f40ee4602784f3a7fc26a0ea9057e21266cd1f6ec62a03bceb2,FROZEN_CORE_V1
221449,2.56,IFA_52_32_2072.wav,21-06-20 00:00,mosquito,an arabiensis,Female,f,Single,,LT,telinga,tascam,Tanzania,Kilombero District,Morogoro,Ifakara,cup,221449.wav,IFA_52_32_2072.wav,Tanzania|Ifakara|cup|21-06-20 00:00,training,,anopheles_arabiensis,raw/humbug_core/221449.wav,44100,2.5599773242630386,44100,1,PCM_24,f8d09c69628ade70592d6a16c83207822042090ed75022e354552b3baeb66968,7a7dd217214f825e38c2fa14e4bb0517a856664713478c6cb875feab691d9534,FROZEN_CORE_V1
221450,12.8,IFA_52_32_2072.wav,21-06-20 00:00,mosquito,an arabiensis,Female,f,Single,,LT,telinga,tascam,Tanzania,Kilombero District,Morogoro,Ifakara,cup,221450.wav,IFA_52_32_2072.wav,Tanzania|Ifakara|cup|21-06-20 00:00,training,,anopheles_arabiensis,raw/humbug_core/221450.wav,44100,12.8,44100,1,PCM_24,aabd6c36ecd63d8e69fe00c31b6f6b43d99deec244a9a6a682d6aa6dda5b3589,83358ced481caefc2ea4c2e5728da44c0e226c51533075b43a489540b2b7bf10,FROZEN_CORE_V1
221451,5.12,IFA_52_32_2072.wav,21-06-20 00:00,mosquito,an arabiensis,Female,f,Single,,LT,telinga,tascam,Tanzania,Kilombero District,Morogoro,Ifakara,cup,221451.wav,IFA_52_32_2072.wav,Tanzania|Ifakara|cup|21-06-20 00:00,training,,anopheles_arabiensis,raw/humbug_core/221451.wav,44100,5.119977324263038,44100,1,PCM_24,dc2c424f0bbe772b4638ced8b524c931f618ba22c0c3399e3ff21a1eb796f106,e79da6cc45a7737d6fbde14398c37d0bb0efda5bfb38b5ca28da6387c01c0269,FROZEN_CORE_V1
221441,12.8,IFA_52_35_2075.wav,21-06-20 00:00,mosquito,an arabiensis,Female,f,Single,,LT,telinga,tascam,Tanzania,Kilombero District,Morogoro,Ifakara,cup,221441.wav,IFA_52_35_2075.wav,Tanzania|Ifakara|cup|21-06-20 00:00,training,,anopheles_arabiensis,raw/humbug_core/221441.wav,44100,12.8,44100,1,PCM_24,c70e5696c444932f1f4400c0a2e90cd554223bdec5594f16d13fa7162b4dffe1,53e800c2637b67c8a592adf5cf72f971757f71b7ae76e6a60a765e7850ebc36c,FROZEN_CORE_V1
221442,5.12,IFA_52_35_2075.wav,21-06-20 00:00,mosquito,an arabiensis,Female,f,Single,,LT,telinga,tascam,Tanzania,Kilombero District,Morogoro,Ifakara,cup,221442.wav,IFA_52_35_2075.wav,Tanzania|Ifakara|cup|21-06-20 00:00,training,,anopheles_arabiensis,raw/humbug_core/221442.wav,44100,5.12,44100,1,PCM_24,4fa2853bf0d410535c1e39b8e8e5c70d8df00e7edc2fd7e3d2a9e30ef1f59092,556caa5d3a99a3c71532ba00573b176b46f873db7cadf60b1ac835e04ba0fda4,FROZEN_CORE_V1
221414,10.24,IFA_52_36_2076.wav,21-06-20 00:00,mosquito,an funestus ss,Female,f,Single,,LT,telinga,tascam,Tanzania,Kilombero District,Morogoro,Ifakara,cup,221414.wav,IFA_52_36_2076.wav,Tanzania|Ifakara|cup|21-06-20 00:00,training,,anopheles_funestus_ss,raw/humbug_core/221414.wav,44100,10.23997732426304,44100,1,PCM_24,52ea893bf20848766ec9b4ad38062736192a71e762bd2d9fa56e44b839ba5e3c,60ee11f204a5b75dd90856bf88fa4747adb0fcc3aa55b9f498175cfe6d4b6a0c,FROZEN_CORE_V1
221415,12.74,IFA_52_36_2076.wav,21-06-20 00:00,mosquito,an funestus ss,Female,f,Single,,LT,telinga,tascam,Tanzania,Kilombero District,Morogoro,Ifakara,cup,221415.wav,IFA_52_36_2076.wav,Tanzania|Ifakara|cup|21-06-20 00:00,training,,anopheles_funestus_ss,raw/humbug_core/221415.wav,44100,12.74,44100,1,PCM_24,d745cd978df7add47290ca147e61bdeba6e09e0c4854e7824ecf0e477a53e610,ae88eb1b0731a53ae6d3eb38fb9f19f4a775e7a1fa41924e10ab4905594da3ac,FROZEN_CORE_V1
221413,7.68,IFA_52_36_2076.wav,21-06-20 00:00,mosquito,an funestus ss,Female,f,Single,,LT,telinga,tascam,Tanzania,Kilombero District,Morogoro,Ifakara,cup,221413.wav,IFA_52_36_2076.wav,Tanzania|Ifakara|cup|21-06-20 00:00,training,,anopheles_funestus_ss,raw/humbug_core/221413.wav,44100,7.68,44100,1,PCM_24,b015bfbc09b075a4b20914874655c90988c47a4da8ac3aecb062023141f2fc07,b17c348166c0a804303490da5833c5e67d06dce7f5f065367924f1c0a3d75654,FROZEN_CORE_V1
221447,10.18,IFA_52_38_2078.wav,21-06-20 00:00,mosquito,an arabiensis,Female,f,Single,,LT,telinga,tascam,Tanzania,Kilombero District,Morogoro,Ifakara,cup,221447.wav,IFA_52_38_2078.wav,Tanzania|Ifakara|cup|21-06-20 00:00,training,,anopheles_arabiensis,raw/humbug_core/221447.wav,44100,10.18,44100,1,PCM_24,b14e479492ef5765996e27cc278a24b7307c3ddf1b871341b57b9cb8536fb39d,697d94b50dc3420c0aba43421e3dbd45cbf41d1dc6a1d0578fea43a71a432970,FROZEN_CORE_V1
221444,15.36,IFA_52_38_2078.wav,21-06-20 00:00,mosquito,an arabiensis,Female,f,Single,,LT,telinga,tascam,Tanzania,Kilombero District,Morogoro,Ifakara,cup,221444.wav,IFA_52_38_2078.wav,Tanzania|Ifakara|cup|21-06-20 00:00,training,,anopheles_arabiensis,raw/humbug_core/221444.wav,44100,15.36,44100,1,PCM_24,3cae4f40e274d73b0254dc7a0bf523b559658657b53deccb16161ff9cf1943c5,209ac5a072efec2df9a47c824e35f83df34940c34cafce751cc2ae8d438c58e1,FROZEN_CORE_V1
221446,2.56,IFA_52_38_2078.wav,21-06-20 00:00,mosquito,an arabiensis,Female,f,Single,,LT,telinga,tascam,Tanzania,Kilombero District,Morogoro,Ifakara,cup,221446.wav,IFA_52_38_2078.wav,Tanzania|Ifakara|cup|21-06-20 00:00,training,,anopheles_arabiensis,raw/humbug_core/221446.wav,44100,2.56,44100,1,PCM_24,10d99158a486b8df496f699582099d52b59fa42e30127d95c7e6237d628699d3,c03e57cd12d805d77514d097b3ace5426e24df4de7fe07610f1bf29b77d27957,FROZEN_CORE_V1
221445,7.68,IFA_52_38_2078.wav,21-06-20 00:00,mosquito,an arabiensis,Female,f,Single,,LT,telinga,tascam,Tanzania,Kilombero District,Morogoro,Ifakara,cup,221445.wav,IFA_52_38_2078.wav,Tanzania|Ifakara|cup|21-06-20 00:00,training,,anopheles_arabiensis,raw/humbug_core/221445.wav,44100,7.68,44100,1,PCM_24,c2e3ea38583139947b4503b8de0c29247a8c41b89202b51944eb5f0c8b394b2b,7267450dde2effa79523554cfc8d2ff55d66b5caecec26077ccf438a8ab6c3a3,FROZEN_CORE_V1
221427,10.24,IFA_52_39_2079.wav,21-06-20 00:00,mosquito,an arabiensis,Female,f,Single,,LT,telinga,tascam,Tanzania,Kilombero District,Morogoro,Ifakara,cup,221427.wav,IFA_52_39_2079.wav,Tanzania|Ifakara|cup|21-06-20 00:00,training,,anopheles_arabiensis,raw/humbug_core/221427.wav,44100,10.24,44100,1,PCM_24,647749bb3049eefafcb83c2ede794fec9063219d7c826ff2716d69f1f3387bd5,e786b2a6072cdeacc6426da2fcb6d03905bd78efb7b5f7ec5e12cba85011254e,FROZEN_CORE_V1
221426,5.12,IFA_52_39_2079.wav,21-06-20 00:00,mosquito,an arabiensis,Female,f,Single,,LT,telinga,tascam,Tanzania,Kilombero District,Morogoro,Ifakara,cup,221426.wav,IFA_52_39_2079.wav,Tanzania|Ifakara|cup|21-06-20 00:00,training,,anopheles_arabiensis,raw/humbug_core/221426.wav,44100,5.12,44100,1,PCM_24,31847ef621336fcfd7d772ceb3d207c1359d2b43501bda721be8a2f6a2c4e471,cc7529c1a5885605dfa73158d1678cc98d20322a1997d7ffcaea035b0a9ad213,FROZEN_CORE_V1
221416,2.56,IFA_52_40_2080.wav,21-06-20 00:00,mosquito,an arabiensis,Female,f,Single,,LT,telinga,tascam,Tanzania,Kilombero District,Morogoro,Ifakara,cup,221416.wav,IFA_52_40_2080.wav,Tanzania|Ifakara|cup|21-06-20 00:00,training,,anopheles_arabiensis,raw/humbug_core/221416.wav,44100,2.5599773242630386,44100,1,PCM_24,e03fbdea7456530bfb036bce93a1fce644a738a140ac9d54cc9b2e0810b0a6f3,9c725ea1c3dcd1c6be31eb57b9c887b00f6e61d7373538812ba356c8797713f3,FROZEN_CORE_V1
221526,2.56,IFA_53_10_2090.wav,22-06-20 00:00,mosquito,an arabiensis,Female,f,Single,,LT,telinga,tascam,Tanzania,Kilombero District,Morogoro,Ifakara,cup,221526.wav,IFA_53_10_2090.wav,Tanzania|Ifakara|cup|22-06-20 00:00,training,,anopheles_arabiensis,raw/humbug_core/221526.wav,44100,2.5599773242630386,44100,1,PCM_24,3c552487161fa06f2b70ac078ebe88685f8d5ffe2a9ea0c3adf34340db9f0063,78bd3ee8e94cd53608c65eb6c851f64266ebc46a6be2e89b679557b35dddf8d1,FROZEN_CORE_V1
221528,2.56,IFA_53_10_2090.wav,22-06-20 00:00,mosquito,an arabiensis,Female,f,Single,,LT,telinga,tascam,Tanzania,Kilombero District,Morogoro,Ifakara,cup,221528.wav,IFA_53_10_2090.wav,Tanzania|Ifakara|cup|22-06-20 00:00,training,,anopheles_arabiensis,raw/humbug_core/221528.wav,44100,2.56,44100,1,PCM_24,c0c1f034881ef94dfd0889b653903b3fd159ea86639abb270356b700b1997f50,5d76116750e34d870506a5dd1263f53d84a051feae21c9a90dd9775c77c33801,FROZEN_CORE_V1
221527,7.68,IFA_53_10_2090.wav,22-06-20 00:00,mosquito,an arabiensis,Female,f,Single,,LT,telinga,tascam,Tanzania,Kilombero District,Morogoro,Ifakara,cup,221527.wav,IFA_53_10_2090.wav,Tanzania|Ifakara|cup|22-06-20 00:00,training,,anopheles_arabiensis,raw/humbug_core/221527.wav,44100,7.68,44100,1,PCM_24,8cf9ba9bb3d8dbb8531f59d9510465a0c60544f961d7acd8d4ec58d0bf44eafc,a926178825e865df33dd7ab1e9504280834119f7ddfb7139147d7ec8f1910043,FROZEN_CORE_V1
221509,10.24,IFA_53_11_2091.wav,22-06-20 00:00,mosquito,an arabiensis,Female,f,Single,,LT,telinga,tascam,Tanzania,Kilombero District,Morogoro,Ifakara,cup,221509.wav,IFA_53_11_2091.wav,Tanzania|Ifakara|cup|22-06-20 00:00,training,,anopheles_arabiensis,raw/humbug_core/221509.wav,44100,10.24,44100,1,PCM_24,922c95b5e3ee10227c1e43e79accbbb1bf7770425bb5981076996a815738e0f1,a9c68c3cbf37536ccc186e6aa7137ea2f8a5ea91c7ac439e895326888c939c7a,FROZEN_CORE_V1
221508,25.6,IFA_53_11_2091.wav,22-06-20 00:00,mosquito,an arabiensis,Female,f,Single,,LT,telinga,tascam,Tanzania,Kilombero District,Morogoro,Ifakara,cup,221508.wav,IFA_53_11_2091.wav,Tanzania|Ifakara|cup|22-06-20 00:00,training,,anopheles_arabiensis,raw/humbug_core/221508.wav,44100,25.6,44100,1,PCM_24,204d2838b4f4c8826dae8f7062a0a2280db47dc117864f16973aefc948841fc1,0260d33f0f3fe735cd54d046751941cc6a01a5077d2ee60fc9261a2baf51d1d4,FROZEN_CORE_V1
221544,2.56,IFA_53_13_2093.wav,22-06-20 00:00,mosquito,an funestus ss,Female,f,Single,,LT,telinga,tascam,Tanzania,Kilombero District,Morogoro,Ifakara,cup,221544.wav,IFA_53_13_2093.wav,Tanzania|Ifakara|cup|22-06-20 00:00,training,,anopheles_funestus_ss,raw/humbug_core/221544.wav,44100,2.5599773242630386,44100,1,PCM_24,a6a72d982edb6e917cf66043ab469854a3b62fd204be045c9e83b8c0e84cd0f4,8c3e9a111bf52864f23cbab4f966592733def1207096ebed6587d8f39ba24052,FROZEN_CORE_V1
221543,2.56,IFA_53_13_2093.wav,22-06-20 00:00,mosquito,an funestus ss,Female,f,Single,,LT,telinga,tascam,Tanzania,Kilombero District,Morogoro,Ifakara,cup,221543.wav,IFA_53_13_2093.wav,Tanzania|Ifakara|cup|22-06-20 00:00,training,,anopheles_funestus_ss,raw/humbug_core/221543.wav,44100,2.5599773242630386,44100,1,PCM_24,0f1e7c48c0087be5739b8699a7d8a0cb9e2495d80fa49af31d1aba57c74a5472,e77475cf099c01f6dea2df778a023d5533052794d547113c71bb81072bcc8684,FROZEN_CORE_V1
221545,7.68,IFA_53_13_2093.wav,22-06-20 00:00,mosquito,an funestus ss,Female,f,Single,,LT,telinga,tascam,Tanzania,Kilombero District,Morogoro,Ifakara,cup,221545.wav,IFA_53_13_2093.wav,Tanzania|Ifakara|cup|22-06-20 00:00,training,,anopheles_funestus_ss,raw/humbug_core/221545.wav,44100,7.68,44100,1,PCM_24,f0e3f0faa7f46625b57bc3cdc43170f7b20fdea0b036c572171d8cd302d3186d,5915c2dd84b0a7ae8dfb9963cf12227c1f6450fb874723db9b78889847126a9e,FROZEN_CORE_V1
221505,38.34,IFA_53_14_2094.wav,22-06-20 00:00,mosquito,an arabiensis,Female,f,Single,,LT,telinga,tascam,Tanzania,Kilombero District,Morogoro,Ifakara,cup,221505.wav,IFA_53_14_2094.wav,Tanzania|Ifakara|cup|22-06-20 00:00,training,,anopheles_arabiensis,raw/humbug_core/221505.wav,44100,38.34,44100,1,PCM_24,f081717b3b00b06a15bc72df4c71fcb279652231166f59c304255e937a2772a9,85d7e101404f0d0670cbf09c81254be95cc928b326c36afcbca053fbf0ed1386,FROZEN_CORE_V1
221532,17.86,IFA_53_15_2095.wav,22-06-20 00:00,mosquito,an arabiensis,Female,f,Single,,LT,telinga,tascam,Tanzania,Kilombero District,Morogoro,Ifakara,cup,221532.wav,IFA_53_15_2095.wav,Tanzania|Ifakara|cup|22-06-20 00:00,training,,anopheles_arabiensis,raw/humbug_core/221532.wav,44100,17.86,44100,1,PCM_24,59e3a2b425664cd31995e4b19e3599a0da2da6dd4cd8aed319b5b003603c2246,e405cecc9692f09ad7308caf3ca3797ef49f54860cb3380f65407fd1268f0f56,FROZEN_CORE_V1
221496,38.34,IFA_53_16_2096.wav,22-06-20 00:00,mosquito,an arabiensis,Female,f,Single,,LT,telinga,tascam,Tanzania,Kilombero District,Morogoro,Ifakara,cup,221496.wav,IFA_53_16_2096.wav,Tanzania|Ifakara|cup|22-06-20 00:00,training,,anopheles_arabiensis,raw/humbug_core/221496.wav,44100,38.33997732426304,44100,1,PCM_24,c7997b7e63d6b37c9f44e17cbd3903c46722e9eb5041e5f4b2262797422e4615,afe3f73aa383f9402da15566313102e0b5b39eff212d7d593cd463a2d3e6f30b,FROZEN_CORE_V1
221503,28.1,IFA_53_21_2101.wav,22-06-20 00:00,mosquito,an funestus ss,Female,f,Single,,LT,telinga,tascam,Tanzania,Kilombero District,Morogoro,Ifakara,cup,221503.wav,IFA_53_21_2101.wav,Tanzania|Ifakara|cup|22-06-20 00:00,training,,anopheles_funestus_ss,raw/humbug_core/221503.wav,44100,28.1,44100,1,PCM_24,375c41d587e9320ebab862096e17cac0065c96ca9f48d73fe29434a91b30f1d9,f57f48bbd45ce3ffb57affda413dc5999bc4e5ff2a0184c1831685861ece2485,FROZEN_CORE_V1
221523,33.28,IFA_53_23_2103.wav,22-06-20 00:00,mosquito,an funestus ss,Female,f,Single,,LT,telinga,tascam,Tanzania,Kilombero District,Morogoro,Ifakara,cup,221523.wav,IFA_53_23_2103.wav,Tanzania|Ifakara|cup|22-06-20 00:00,training,,anopheles_funestus_ss,raw/humbug_core/221523.wav,44100,33.28,44100,1,PCM_24,f4ecd37b0e5660d92fbf00ac684918dd84f4bd8611df3e31cdf2a67a17f87466,f81ca91a725d75da20da48074dcbbbab9f451218823a9bb18a57bb7b7dfb1fa6,FROZEN_CORE_V1
221541,2.56,IFA_53_24_2104.wav,22-06-20 00:00,mosquito,an funestus ss,Female,f,Single,,LT,telinga,tascam,Tanzania,Kilombero District,Morogoro,Ifakara,cup,221541.wav,IFA_53_24_2104.wav,Tanzania|Ifakara|cup|22-06-20 00:00,training,,anopheles_funestus_ss,raw/humbug_core/221541.wav,44100,2.5599773242630386,44100,1,PCM_24,b7b628a7346ba3a0f65ae01fb8603a9e0e94f59f133721751c6270681afcb548,6b3026a688fa09d66ce11891643044715bc2eab8ebcf8b4ec5f7bc867fde0b2a,FROZEN_CORE_V1
221542,2.5,IFA_53_24_2104.wav,22-06-20 00:00,mosquito,an funestus ss,Female,f,Single,,LT,telinga,tascam,Tanzania,Kilombero District,Morogoro,Ifakara,cup,221542.wav,IFA_53_24_2104.wav,Tanzania|Ifakara|cup|22-06-20 00:00,training,,anopheles_funestus_ss,raw/humbug_core/221542.wav,44100,2.5,44100,1,PCM_24,10f87fa273c8da912e45f5b48afe662e4e33812e2c35b8a2d0acedae2a06ee37,2196004e6305ed5c1c697c5c7901f5c528500c9cb5c7ad842c6867005ddcc0a0,FROZEN_CORE_V1
221525,10.24,IFA_53_25_2105.wav,22-06-20 00:00,mosquito,an funestus ss,Female,f,Single,,LT,telinga,tascam,Tanzania,Kilombero District,Morogoro,Ifakara,cup,221525.wav,IFA_53_25_2105.wav,Tanzania|Ifakara|cup|22-06-20 00:00,training,,anopheles_funestus_ss,raw/humbug_core/221525.wav,44100,10.24,44100,1,PCM_24,3bf887f97d889706842fac55056553c18ec457ce62428ab8f876ab2ed6e23d82,f41e18f5abe4171ba6c6f0351963df5c682d352ae78100a96f9e9b8acffda6ff,FROZEN_CORE_V1
221540,25.6,IFA_53_29_2109.wav,22-06-20 00:00,mosquito,an funestus ss,Female,f,Single,,LT,telinga,tascam,Tanzania,Kilombero District,Morogoro,Ifakara,cup,221540.wav,IFA_53_29_2109.wav,Tanzania|Ifakara|cup|22-06-20 00:00,training,,anopheles_funestus_ss,raw/humbug_core/221540.wav,44100,25.6,44100,1,PCM_24,1be91a4774fa317a9c198e552fbb7079541c0acccd8745d8c5e164ddf2c680e1,5a697c49f8cd8f6a7de381ed922dfbd66f7b087974a5a1f6fddd3eb8b3fd185f,FROZEN_CORE_V1
221539,17.92,IFA_53_29_2109.wav,22-06-20 00:00,mosquito,an funestus ss,Female,f,Single,,LT,telinga,tascam,Tanzania,Kilombero District,Morogoro,Ifakara,cup,221539.wav,IFA_53_29_2109.wav,Tanzania|Ifakara|cup|22-06-20 00:00,training,,anopheles_funestus_ss,raw/humbug_core/221539.wav,44100,17.919977324263037,44100,1,PCM_24,246ff1ee346a5d9dd339c53624c1306ade2c9868074cd262c0c50bdc3ffaf237,4713166fe5e92433a27e4f841e913c498ed07451628caca4f418f2bdc8ec4f50,FROZEN_CORE_V1
221519,12.8,IFA_53_36_2116.wav,22-06-20 00:00,mosquito,an arabiensis,Female,f,Single,,LT,telinga,tascam,Tanzania,Kilombero District,Morogoro,Ifakara,cup,221519.wav,IFA_53_36_2116.wav,Tanzania|Ifakara|cup|22-06-20 00:00,training,,anopheles_arabiensis,raw/humbug_core/221519.wav,44100,12.8,44100,1,PCM_24,43af74085b079634cb029cdef2a5ed380933c88a8b655233aef4201f71e6516a,4e5022ccb5a8dddc4f02b3c58b88e1299a18ddef89f99138eb70ba7f6b54d64b,FROZEN_CORE_V1
221524,35.78,IFA_54_10_2130.wav,22-06-20 00:00,mosquito,an funestus ss,Female,f,Single,,LT,telinga,tascam,Tanzania,Kilombero District,Morogoro,Ifakara,cup,221524.wav,IFA_54_10_2130.wav,Tanzania|Ifakara|cup|22-06-20 00:00,training,,anopheles_funestus_ss,raw/humbug_core/221524.wav,44100,35.78,44100,1,PCM_24,546f997ee2919daa7757d31dfbf9b68f6269600495692efe6d56e383f395aff9,8c3df858dab588816d8db2d5d8f866270bd5a44def0927bbc0bea45ba6567aa2,FROZEN_CORE_V1
221531,35.78,IFA_54_11_2131.wav,22-06-20 00:00,mosquito,an funestus ss,Female,f,Single,,LT,telinga,tascam,Tanzania,Kilombero District,Morogoro,Ifakara,cup,221531.wav,IFA_54_11_2131.wav,Tanzania|Ifakara|cup|22-06-20 00:00,training,,anopheles_funestus_ss,raw/humbug_core/221531.wav,44100,35.78,44100,1,PCM_24,5175f59cb16ccfcfd560958a4e37621950625fe9dfc7efc4fa501dc795ae88d8,a3bb8f8b19cc0cfedd688601d755dafd17d67b484a459204cd7897b43ba04ac8,FROZEN_CORE_V1
221549,25.54,IFA_54_15_2135.wav,22-06-20 00:00,mosquito,an arabiensis,Female,f,Single,,LT,telinga,tascam,Tanzania,Kilombero District,Morogoro,Ifakara,cup,221549.wav,IFA_54_15_2135.wav,Tanzania|Ifakara|cup|22-06-20 00:00,training,,anopheles_arabiensis,raw/humbug_core/221549.wav,44100,25.54,44100,1,PCM_24,dbeea6c340123e80ae835325496e4224397875df39d8c52ed89b92f2ce6786f3,a2b4aa80509eaeb402f335cae6480102ac5b14d181389b5f7bf73851d6e561f9,FROZEN_CORE_V1
221520,28.1,IFA_54_18_2138.wav,22-06-20 00:00,mosquito,an arabiensis,Female,f,Single,,LT,telinga,tascam,Tanzania,Kilombero District,Morogoro,Ifakara,cup,221520.wav,IFA_54_18_2138.wav,Tanzania|Ifakara|cup|22-06-20 00:00,training,,anopheles_arabiensis,raw/humbug_core/221520.wav,44100,28.1,44100,1,PCM_24,7c4c9bada8754d2a95f6964fe8552ee732716090444fd901aca3f933e13b3dba,06ef5bd89e49bd3679f512551afbad9faa1049ab4e185bc488b24b50452a3411,FROZEN_CORE_V1
221521,35.78,IFA_54_19_2139.wav,22-06-20 00:00,mosquito,an arabiensis,Female,f,Single,,LT,telinga,tascam,Tanzania,Kilombero District,Morogoro,Ifakara,cup,221521.wav,IFA_54_19_2139.wav,Tanzania|Ifakara|cup|22-06-20 00:00,training,,anopheles_arabiensis,raw/humbug_core/221521.wav,44100,35.78,44100,1,PCM_24,db054950b4f745ac5cbd9b1fef31b4a8eaf37c55ba4dc45ec5f96cf3f5ad47f1,203ebace7d918ee751270b837503cf79f8f4f4051bece72f34b7fe25d2eaff64,FROZEN_CORE_V1
221529,40.9,IFA_54_21_2141.wav,22-06-20 00:00,mosquito,an funestus ss,Female,f,Single,,LT,telinga,tascam,Tanzania,Kilombero District,Morogoro,Ifakara,cup,221529.wav,IFA_54_21_2141.wav,Tanzania|Ifakara|cup|22-06-20 00:00,training,,anopheles_funestus_ss,raw/humbug_core/221529.wav,44100,40.9,44100,1,PCM_24,14212762cead77f358366e915aa19de0b8f002aedab2cfb31639caa549a95981,baab4d7ac0464664108542ab5ff0476fc55b09d156b34420dfec1ec767887641,FROZEN_CORE_V1
221548,35.84,IFA_54_22_2142.wav,22-06-20 00:00,mosquito,an funestus ss,Female,f,Single,,LT,telinga,tascam,Tanzania,Kilombero District,Morogoro,Ifakara,cup,221548.wav,IFA_54_22_2142.wav,Tanzania|Ifakara|cup|22-06-20 00:00,training,,anopheles_funestus_ss,raw/humbug_core/221548.wav,44100,35.84,44100,1,PCM_24,7a9df738fe0081b6c61c166c23df472ec097c8ff4492cbd53833653805bc5873,070b0118591a050792b3164317c574251e10460475e09d678307e8058f1c3586,FROZEN_CORE_V1
221530,48.58,IFA_54_24_2144.wav,22-06-20 00:00,mosquito,an funestus ss,Female,f,Single,,LT,telinga,tascam,Tanzania,Kilombero District,Morogoro,Ifakara,cup,221530.wav,IFA_54_24_2144.wav,Tanzania|Ifakara|cup|22-06-20 00:00,training,,anopheles_funestus_ss,raw/humbug_core/221530.wav,44100,48.58,44100,1,PCM_24,1bec4c57602619851f0c1fd11404e760937556449a3f350a50a2254ea0b7cc17,1006425514830f823b94e0bdb529623cba615aa1e343670d60d21f68cec042d8,FROZEN_CORE_V1
221613,33.22,IFA_54_31_2151.wav,23-06-20 00:00,mosquito,an arabiensis,Female,f,Single,,LT,telinga,tascam,Tanzania,Kilombero District,Morogoro,Ifakara,cup,221613.wav,IFA_54_31_2151.wav,Tanzania|Ifakara|cup|23-06-20 00:00,training,,anopheles_arabiensis,raw/humbug_core/221613.wav,44100,33.22,44100,1,PCM_24,70a5cde9ee8c580541d2c6ae666e10ea942b75ef3ceb6f78c62d8d422ccc9880,66851d8f055cfdb471de36439fc220aa8d99c0526d599a55fe9c5b098ddbc1e0,FROZEN_CORE_V1
221614,35.78,IFA_54_32_2152.wav,23-06-20 00:00,mosquito,an arabiensis,Female,f,Single,,LT,telinga,tascam,Tanzania,Kilombero District,Morogoro,Ifakara,cup,221614.wav,IFA_54_32_2152.wav,Tanzania|Ifakara|cup|23-06-20 00:00,training,,anopheles_arabiensis,raw/humbug_core/221614.wav,44100,35.78,44100,1,PCM_24,846ca8a36dbe68c127cfaa0f04e3df11980d83c9658cd53171ac0129cc60382b,9a05142681d5a72778b9d17c6801aeaadba5975a54482066ad32abd6b173980b,FROZEN_CORE_V1
221617,7.68,IFA_54_33_2153.wav,23-06-20 00:00,mosquito,an arabiensis,Female,f,Single,,LT,telinga,tascam,Tanzania,Kilombero District,Morogoro,Ifakara,cup,221617.wav,IFA_54_33_2153.wav,Tanzania|Ifakara|cup|23-06-20 00:00,training,,anopheles_arabiensis,raw/humbug_core/221617.wav,44100,7.68,44100,1,PCM_24,db9c55d77adbe42ec3e5d9dee32f0c265e155a9fd1187a3331aedc9fb540e7f4,520e8e7e829c6cadff73e97df1abd894b1d30abf6c771b39adbd9feba1304075,FROZEN_CORE_V1
221618,30.72,IFA_54_33_2153.wav,23-06-20 00:00,mosquito,an arabiensis,Female,f,Single,,LT,telinga,tascam,Tanzania,Kilombero District,Morogoro,Ifakara,cup,221618.wav,IFA_54_33_2153.wav,Tanzania|Ifakara|cup|23-06-20 00:00,training,,anopheles_arabiensis,raw/humbug_core/221618.wav,44100,30.72,44100,1,PCM_24,d2c0d3119923e9c323c4b8503e8faebfd76703e24f7efa670f6a1e595d3a6c10,05ce7b74f07998652c5fc1bf472ade8443450476b2bd4e5eb7d30a0cca812a04,FROZEN_CORE_V1
221637,35.78,IFA_54_34_2154.wav,23-06-20 00:00,mosquito,an arabiensis,Female,f,Single,,LT,telinga,tascam,Tanzania,Kilombero District,Morogoro,Ifakara,cup,221637.wav,IFA_54_34_2154.wav,Tanzania|Ifakara|cup|23-06-20 00:00,training,,anopheles_arabiensis,raw/humbug_core/221637.wav,44100,35.78,44100,1,PCM_24,5ac94c5f58b186ac00c4a00f6154747cbbf31f85f7d619512f92aaa6bdcc5cbe,1e234579454c6b3c57b22e42f199df48e61eb4485d1daf44192a59b3f6ffb809,FROZEN_CORE_V1
221584,38.34,IFA_54_36_2156.wav,23-06-20 00:00,mosquito,an funestus ss,Female,f,Single,,LT,telinga,tascam,Tanzania,Kilombero District,Morogoro,Ifakara,cup,221584.wav,IFA_54_36_2156.wav,Tanzania|Ifakara|cup|23-06-20 00:00,training,,anopheles_funestus_ss,raw/humbug_core/221584.wav,44100,38.33997732426304,44100,1,PCM_24,ad4196909838e6602e1416128a7e38d9c0cedcf28d8b5120a4bcc3415d127a2a,709e3b0653712a45140914a7e001bee1d4e7374a5991a1339a53af95d75ca799,FROZEN_CORE_V1
221583,10.24,IFA_54_36_2156.wav,23-06-20 00:00,mosquito,an funestus ss,Female,f,Single,,LT,telinga,tascam,Tanzania,Kilombero District,Morogoro,Ifakara,cup,221583.wav,IFA_54_36_2156.wav,Tanzania|Ifakara|cup|23-06-20 00:00,training,,anopheles_funestus_ss,raw/humbug_core/221583.wav,44100,10.23997732426304,44100,1,PCM_24,5d03caac62cc80d5f0d8de93de0bcf43638daaffb0c5d6c02d8351a07c3d4ab5,0db0fc9efe76128d119236c6b0dc07001381ed06b898d4a32378f0ad9fd687f6,FROZEN_CORE_V1
221606,38.34,IFA_54_37_2157.wav,23-06-20 00:00,mosquito,an arabiensis,Female,f,Single,,LT,telinga,tascam,Tanzania,Kilombero District,Morogoro,Ifakara,cup,221606.wav,IFA_54_37_2157.wav,Tanzania|Ifakara|cup|23-06-20 00:00,training,,anopheles_arabiensis,raw/humbug_core/221606.wav,44100,38.34,44100,1,PCM_24,f112134252f4e098bf61b2a63b6dc4d1c36bc663db627b604c2cbf8416e4c2fc,9e79025ef34c07373676c6f7bdf8d62bc4fd22fe4815036732672f4b45401dd7,FROZEN_CORE_V1
221610,2.5,IFA_54_38_2158.wav,23-06-20 00:00,mosquito,an arabiensis,Female,f,Single,,LT,telinga,tascam,Tanzania,Kilombero District,Morogoro,Ifakara,cup,221610.wav,IFA_54_38_2158.wav,Tanzania|Ifakara|cup|23-06-20 00:00,training,,anopheles_arabiensis,raw/humbug_core/221610.wav,44100,2.5,44100,1,PCM_24,c00b6b5d9162f7d688cf8f29e004950ac32df60f03f9cc2f309b129ce9f71fcc,807f4730a771c70c383afc8f7e29b2cffa2f3069a8ff248a1a87d52c1639cee0,FROZEN_CORE_V1
221609,20.48,IFA_54_38_2158.wav,23-06-20 00:00,mosquito,an arabiensis,Female,f,Single,,LT,telinga,tascam,Tanzania,Kilombero District,Morogoro,Ifakara,cup,221609.wav,IFA_54_38_2158.wav,Tanzania|Ifakara|cup|23-06-20 00:00,training,,anopheles_arabiensis,raw/humbug_core/221609.wav,44100,20.48,44100,1,PCM_24,7f77465ad22970e945a96889c87b1ee7709d10932264bf3fddf9dd5ed1aad869,c70fc756cf9b3d2c71cc7fb4537fedd35e3e1b39535548ae39f5d1e7405b1cb4,FROZEN_CORE_V1
221589,25.6,IFA_54_39_2159.wav,23-06-20 00:00,mosquito,an funestus ss,Female,f,Single,,LT,telinga,tascam,Tanzania,Kilombero District,Morogoro,Ifakara,cup,221589.wav,IFA_54_39_2159.wav,Tanzania|Ifakara|cup|23-06-20 00:00,training,,anopheles_funestus_ss,raw/humbug_core/221589.wav,44100,25.6,44100,1,PCM_24,3064a75051d57adc85475d2fb20c605b1a4640dcf7541a3451688f3d996054ca,d1e51147151e97c988fd81176e9ba59e381b84c25a3707a2ee1b327c987e7285,FROZEN_CORE_V1
221586,12.8,IFA_54_40_2160.wav,23-06-20 00:00,mosquito,an funestus ss,Female,f,Single,,LT,telinga,tascam,Tanzania,Kilombero District,Morogoro,Ifakara,cup,221586.wav,IFA_54_40_2160.wav,Tanzania|Ifakara|cup|23-06-20 00:00,training,,anopheles_funestus_ss,raw/humbug_core/221586.wav,44100,12.8,44100,1,PCM_24,77a77b30fc096a61b54a6f0b9989dd98af7758c7cbcce9a244e8291ddfe7b33a,61acb34b883c4d0dcd94634996ba78134c4df196c2a1c82b52c8fcf3fefe3a26,FROZEN_CORE_V1
221598,15.3,IFA_55_13_2173.wav,23-06-20 00:00,mosquito,an funestus ss,Female,f,Single,,LT,telinga,tascam,Tanzania,Kilombero District,Morogoro,Ifakara,cup,221598.wav,IFA_55_13_2173.wav,Tanzania|Ifakara|cup|23-06-20 00:00,training,,anopheles_funestus_ss,raw/humbug_core/221598.wav,44100,15.3,44100,1,PCM_24,65e817f5ad14889bb8fbd5a29d7ad088bf0b289c7d8fca82d812c45482a1450a,9dc4c95611b0e7ebec06f6c61851b1319d32e51d89215a2746f20b7dc793a0d1,FROZEN_CORE_V1
221596,2.56,IFA_55_13_2173.wav,23-06-20 00:00,mosquito,an funestus ss,Female,f,Single,,LT,telinga,tascam,Tanzania,Kilombero District,Morogoro,Ifakara,cup,221596.wav,IFA_55_13_2173.wav,Tanzania|Ifakara|cup|23-06-20 00:00,training,,anopheles_funestus_ss,raw/humbug_core/221596.wav,44100,2.56,44100,1,PCM_24,786e922ec3b09a1bb32757a9317c8d188be244a7c22a3f886623bd78904d9aea,f18a1b9273f26e90ffa0a52ee9aaa760466721312e68c45ef27191e7306cd623,FROZEN_CORE_V1
221597,20.48,IFA_55_13_2173.wav,23-06-20 00:00,mosquito,an funestus ss,Female,f,Single,,LT,telinga,tascam,Tanzania,Kilombero District,Morogoro,Ifakara,cup,221597.wav,IFA_55_13_2173.wav,Tanzania|Ifakara|cup|23-06-20 00:00,training,,anopheles_funestus_ss,raw/humbug_core/221597.wav,44100,20.48,44100,1,PCM_24,07dc7a19e9a9596286527999f74e2bd7c6b2df0bb74def386dd15ad15f7e0460,abf2d89c5f089b36ae3dcda5dffbd2626a536435a8ee6410f65e6c151370bb53,FROZEN_CORE_V1
221562,28.1,IFA_55_14_2174.wav,23-06-20 00:00,mosquito,an arabiensis,Female,f,Single,,LT,telinga,tascam,Tanzania,Kilombero District,Morogoro,Ifakara,cup,221562.wav,IFA_55_14_2174.wav,Tanzania|Ifakara|cup|23-06-20 00:00,training,,anopheles_arabiensis,raw/humbug_core/221562.wav,44100,28.1,44100,1,PCM_24,18e1edbb1c37b6497c4ef1f411c02ff44f260efd2caf0f4e08df73f51a0408ee,05f3f9102f8977e28649e028dbb570012b5ce5a4457002fa8460505112e10891,FROZEN_CORE_V1
221590,20.48,IFA_55_16_2176.wav,23-06-20 00:00,mosquito,an arabiensis,Female,f,Single,,LT,telinga,tascam,Tanzania,Kilombero District,Morogoro,Ifakara,cup,221590.wav,IFA_55_16_2176.wav,Tanzania|Ifakara|cup|23-06-20 00:00,training,,anopheles_arabiensis,raw/humbug_core/221590.wav,44100,20.48,44100,1,PCM_24,680ec11d5dd06d3d8b7940ac594b4355e230e78e04a8f1940e756420796bb0d1,f3762e984e2bf598dd62105a8f5958ed03d000badd9ce3fbe732c666b94785bf,FROZEN_CORE_V1
221591,2.5,IFA_55_16_2176.wav,23-06-20 00:00,mosquito,an arabiensis,Female,f,Single,,LT,telinga,tascam,Tanzania,Kilombero District,Morogoro,Ifakara,cup,221591.wav,IFA_55_16_2176.wav,Tanzania|Ifakara|cup|23-06-20 00:00,training,,anopheles_arabiensis,raw/humbug_core/221591.wav,44100,2.5,44100,1,PCM_24,c381c844c2ccb1a066a529ee3790ee496af18c5afdc14bb650ce6d784d99aa81,351013e23632ea0b7b9cc09c4f04613bfd1ff5fbe05a78f23a96f597216ce78c,FROZEN_CORE_V1
221564,46.02,IFA_55_18_2178.wav,23-06-20 00:00,mosquito,an funestus ss,Female,f,Single,,LT,telinga,tascam,Tanzania,Kilombero District,Morogoro,Ifakara,cup,221564.wav,IFA_55_18_2178.wav,Tanzania|Ifakara|cup|23-06-20 00:00,training,,anopheles_funestus_ss,raw/humbug_core/221564.wav,44100,46.02,44100,1,PCM_24,79124872e1bf8535c246d506b0f3c72d49f0029dbc9a6e3c5bc7884c20a937b5,771da601d560424b7078204e964c0ccd8d15bf60367ae91e0c31dc103e64ef97,FROZEN_CORE_V1
221602,10.24,IFA_55_20_2180.wav,23-06-20 00:00,mosquito,an arabiensis,Female,f,Single,,LT,telinga,tascam,Tanzania,Kilombero District,Morogoro,Ifakara,cup,221602.wav,IFA_55_20_2180.wav,Tanzania|Ifakara|cup|23-06-20 00:00,training,,anopheles_arabiensis,raw/humbug_core/221602.wav,44100,10.24,44100,1,PCM_24,e598b6420a312cc69e9f310100cc02af28a8aea586d0f03ddf3715580e452d82,124abac12fc4e2c54c6d50668b3fe4ebcb057b087a0aadcb102e0a9d1b24d36a,FROZEN_CORE_V1
221578,10.18,IFA_55_21_2181.wav,23-06-20 00:00,mosquito,an funestus ss,Female,f,Single,,LT,telinga,tascam,Tanzania,Kilombero District,Morogoro,Ifakara,cup,221578.wav,IFA_55_21_2181.wav,Tanzania|Ifakara|cup|23-06-20 00:00,training,,anopheles_funestus_ss,raw/humbug_core/221578.wav,44100,10.18,44100,1,PCM_24,890dfae928ef97eb66b72cdb239af1f9d972ab4059be5c2cd832acd4be9ee2c3,0365c06d63a1a16308ec5d81214ad606df674d64e2095062c35b56208698ddba,FROZEN_CORE_V1
221577,7.68,IFA_55_21_2181.wav,23-06-20 00:00,mosquito,an funestus ss,Female,f,Single,,LT,telinga,tascam,Tanzania,Kilombero District,Morogoro,Ifakara,cup,221577.wav,IFA_55_21_2181.wav,Tanzania|Ifakara|cup|23-06-20 00:00,training,,anopheles_funestus_ss,raw/humbug_core/221577.wav,44100,7.68,44100,1,PCM_24,750b68308573efc60b140cce99a3d32aca5ec59d6d6cc669da08eecc80bafd74,db10e3b0c4a232f3be28c719fea86ae4b4ab9dbf51b92b962336cb4869bb8b7f,FROZEN_CORE_V1
221635,5.12,IFA_55_23_2183.wav,23-06-20 00:00,mosquito,an funestus ss,Female,f,Single,,LT,telinga,tascam,Tanzania,Kilombero District,Morogoro,Ifakara,cup,221635.wav,IFA_55_23_2183.wav,Tanzania|Ifakara|cup|23-06-20 00:00,training,,anopheles_funestus_ss,raw/humbug_core/221635.wav,44100,5.12,44100,1,PCM_24,9dbcda7b13f89eef8b513c6c1d542da9b53e1997989c67a2da5352f795e22d9f,2505a705c825156cbcdbf2cd7d7db435c4097d1ca99be2ee59424cdb6accf73f,FROZEN_CORE_V1
221636,10.24,IFA_55_23_2183.wav,23-06-20 00:00,mosquito,an funestus ss,Female,f,Single,,LT,telinga,tascam,Tanzania,Kilombero District,Morogoro,Ifakara,cup,221636.wav,IFA_55_23_2183.wav,Tanzania|Ifakara|cup|23-06-20 00:00,training,,anopheles_funestus_ss,raw/humbug_core/221636.wav,44100,10.24,44100,1,PCM_24,16242c2a1e18477ada41c2f6081ee175b79bd415e7ec68a61950974b71fbd103,7a5de06e4c11f8a19ec9815eb0899b85ae6b9d6068438599a6479fda3141f315,FROZEN_CORE_V1
221566,7.68,IFA_55_27_2187.wav,23-06-20 00:00,mosquito,an funestus ss,Female,f,Single,,LT,telinga,tascam,Tanzania,Kilombero District,Morogoro,Ifakara,cup,221566.wav,IFA_55_27_2187.wav,Tanzania|Ifakara|cup|23-06-20 00:00,training,,anopheles_funestus_ss,raw/humbug_core/221566.wav,44100,7.68,44100,1,PCM_24,c290d143533166459df85c232ab5dc6ea846e1d872a8da9d8c1458f57e3593df,cc67a96298e4ce4a65672e9b96753c8b57903102b74434a8553730cd73eaea79,FROZEN_CORE_V1
221567,10.24,IFA_55_27_2187.wav,23-06-20 00:00,mosquito,an funestus ss,Female,f,Single,,LT,telinga,tascam,Tanzania,Kilombero District,Morogoro,Ifakara,cup,221567.wav,IFA_55_27_2187.wav,Tanzania|Ifakara|cup|23-06-20 00:00,training,,anopheles_funestus_ss,raw/humbug_core/221567.wav,44100,10.24,44100,1,PCM_24,76c0f4651ed6507fc7dc4d76e39117ccb35d7f1690d24189c2bdaed1534e4f18,84ed19cbf844be2a19c8b48883006e7c3003edc63e5e577a903ac1ebc32fa92b,FROZEN_CORE_V1
221585,28.16,IFA_55_28_2188.wav,23-06-20 00:00,mosquito,an funestus ss,Female,f,Single,,LT,telinga,tascam,Tanzania,Kilombero District,Morogoro,Ifakara,cup,221585.wav,IFA_55_28_2188.wav,Tanzania|Ifakara|cup|23-06-20 00:00,training,,anopheles_funestus_ss,raw/humbug_core/221585.wav,44100,28.16,44100,1,PCM_24,f917e0b064ba42cdb6925a21f64a956cbc78b8d693af233edf51db90d629402d,c17d7d73ceca7971803ff45b360459ca4286125807cc5ec33588a0505896d5c3,FROZEN_CORE_V1
221568,12.8,IFA_55_32_2192.wav,23-06-20 00:00,mosquito,an funestus ss,Female,f,Single,,LT,telinga,tascam,Tanzania,Kilombero District,Morogoro,Ifakara,cup,221568.wav,IFA_55_32_2192.wav,Tanzania|Ifakara|cup|23-06-20 00:00,training,,anopheles_funestus_ss,raw/humbug_core/221568.wav,44100,12.8,44100,1,PCM_24,876486d032298644663689e363308a4c2f1703f198547a2319e42fdb5c0219b8,26897c52fadaf65e54c892b0ac70f89da83b9a004403a8b0dfdb1fce60f0ba68,FROZEN_CORE_V1
221569,30.66,IFA_55_32_2192.wav,23-06-20 00:00,mosquito,an funestus ss,Female,f,Single,,LT,telinga,tascam,Tanzania,Kilombero District,Morogoro,Ifakara,cup,221569.wav,IFA_55_32_2192.wav,Tanzania|Ifakara|cup|23-06-20 00:00,training,,anopheles_funestus_ss,raw/humbug_core/221569.wav,44100,30.66,44100,1,PCM_24,f98ed4d813f0db992ee30f3727851d0b0ba7591b203b3e306b9a73503e233537,a0044137ae41844d69e5a6c7c2787ef3c77b59b0598032d5cc42af1d7e5533db,FROZEN_CORE_V1
221629,5.12,IFA_55_34_2194.wav,23-06-20 00:00,mosquito,an funestus ss,Female,f,Single,,LT,telinga,tascam,Tanzania,Kilombero District,Morogoro,Ifakara,cup,221629.wav,IFA_55_34_2194.wav,Tanzania|Ifakara|cup|23-06-20 00:00,training,,anopheles_funestus_ss,raw/humbug_core/221629.wav,44100,5.12,44100,1,PCM_24,390e7a64e2b506a243a5303303095d54c22f10d291982f9e3adc55ae9f3c49e0,6f5d2a82d4c1aaea3fa9d602347876ca7ca455b9067ef6a37a22fd22424cbcc9,FROZEN_CORE_V1
221630,12.8,IFA_55_34_2194.wav,23-06-20 00:00,mosquito,an funestus ss,Female,f,Single,,LT,telinga,tascam,Tanzania,Kilombero District,Morogoro,Ifakara,cup,221630.wav,IFA_55_34_2194.wav,Tanzania|Ifakara|cup|23-06-20 00:00,training,,anopheles_funestus_ss,raw/humbug_core/221630.wav,44100,12.8,44100,1,PCM_24,9da45ab81a2e9db7fb2acdc2499a2f66234b2f1b66002553349f2d75e8efa893,41f8c2fa1a625a2f01c146c4b9ffb1779016cf308e2513ad0c99be5dfc1f9dc1,FROZEN_CORE_V1
221600,12.8,IFA_55_35_2195.wav,23-06-20 00:00,mosquito,an funestus ss,Female,f,Single,,LT,telinga,tascam,Tanzania,Kilombero District,Morogoro,Ifakara,cup,221600.wav,IFA_55_35_2195.wav,Tanzania|Ifakara|cup|23-06-20 00:00,training,,anopheles_funestus_ss,raw/humbug_core/221600.wav,44100,12.8,44100,1,PCM_24,4d2dc215b4ee7e57ef2a081585fd2a5ccae21381710015674ca62709a41c1469,966f9da84e2076e52d3973c4e945ada573187cb74d700043fbd6d032edb89885,FROZEN_CORE_V1
221599,7.68,IFA_55_35_2195.wav,23-06-20 00:00,mosquito,an funestus ss,Female,f,Single,,LT,telinga,tascam,Tanzania,Kilombero District,Morogoro,Ifakara,cup,221599.wav,IFA_55_35_2195.wav,Tanzania|Ifakara|cup|23-06-20 00:00,training,,anopheles_funestus_ss,raw/humbug_core/221599.wav,44100,7.68,44100,1,PCM_24,34b4695d90e5de5715e71eed02ec29f154f2f4f306c81c6c50f50664ebf228fd,f8db8cf496e7320d2fbbfd33bfff7f6bc3f92fed204654ae4a74eefa04739db6,FROZEN_CORE_V1
221628,2.5,IFA_55_36_2196.wav,23-06-20 00:00,mosquito,an funestus ss,Female,f,Single,,LT,telinga,tascam,Tanzania,Kilombero District,Morogoro,Ifakara,cup,221628.wav,IFA_55_36_2196.wav,Tanzania|Ifakara|cup|23-06-20 00:00,training,,anopheles_funestus_ss,raw/humbug_core/221628.wav,44100,2.5,44100,1,PCM_24,37bb1e749fd7e7cf9b376ed385284bdd0184b98d3ac3a9abe7c3c2bca3d60e1d,c50c22abaf26f88dbdd336552b200ced1beca13a84a3d2862e747b5640bd524d,FROZEN_CORE_V1
221604,15.3,IFA_56_11_2211.wav,23-06-20 00:00,mosquito,an funestus ss,Female,f,Single,,LT,telinga,tascam,Tanzania,Kilombero District,Morogoro,Ifakara,cup,221604.wav,IFA_56_11_2211.wav,Tanzania|Ifakara|cup|23-06-20 00:00,training,,anopheles_funestus_ss,raw/humbug_core/221604.wav,44100,15.3,44100,1,PCM_24,6a9a27269b338db7ef28cb95d5faac0c6c2e9663be2e90efc9c8e326483e75e8,e4b7ecd86967c69c7ef52265d1578e753134809859135afec848da764920ba64,FROZEN_CORE_V1
221603,17.92,IFA_56_11_2211.wav,23-06-20 00:00,mosquito,an funestus ss,Female,f,Single,,LT,telinga,tascam,Tanzania,Kilombero District,Morogoro,Ifakara,cup,221603.wav,IFA_56_11_2211.wav,Tanzania|Ifakara|cup|23-06-20 00:00,training,,anopheles_funestus_ss,raw/humbug_core/221603.wav,44100,17.919977324263037,44100,1,PCM_24,5c375133f49442c886f7a13f6493f92f83b532c0d52b5c077a5215b7016087ed,d734f83b6c018e82d5e8589defa2379830cacbc564f7976405f1fe833711f4f2,FROZEN_CORE_V1
221632,12.74,IFA_56_12_2212.wav,23-06-20 00:00,mosquito,an funestus ss,Female,f,Single,,LT,telinga,tascam,Tanzania,Kilombero District,Morogoro,Ifakara,cup,221632.wav,IFA_56_12_2212.wav,Tanzania|Ifakara|cup|23-06-20 00:00,training,,anopheles_funestus_ss,raw/humbug_core/221632.wav,44100,12.73997732426304,44100,1,PCM_24,f9ebfca2842ee821fe685665f58e7f83b42b7456c37f934a7eed0ddab5b45ad9,b18a239dc2e410ed2c5f881491216236aa4ebf1853bb8d98ca623dedf2a31605,FROZEN_CORE_V1
221631,2.56,IFA_56_12_2212.wav,23-06-20 00:00,mosquito,an funestus ss,Female,f,Single,,LT,telinga,tascam,Tanzania,Kilombero District,Morogoro,Ifakara,cup,221631.wav,IFA_56_12_2212.wav,Tanzania|Ifakara|cup|23-06-20 00:00,training,,anopheles_funestus_ss,raw/humbug_core/221631.wav,44100,2.5599773242630386,44100,1,PCM_24,5ef1d0de1448f5348229a93cdf0151cb5e9e64025345145589923a12216cf8ba,ea676eda65f7565dfdf034fe9b0b02ca652979c77c9d609ef46f127d3ddd18de,FROZEN_CORE_V1
221554,2.56,IFA_56_14_2214.wav,23-06-20 00:00,mosquito,an funestus ss,Female,f,Single,,LT,telinga,tascam,Tanzania,Kilombero District,Morogoro,Ifakara,cup,221554.wav,IFA_56_14_2214.wav,Tanzania|Ifakara|cup|23-06-20 00:00,training,,anopheles_funestus_ss,raw/humbug_core/221554.wav,44100,2.56,44100,1,PCM_24,2cf81f97e0317fde657fa05925531d7c42e9a27f42d921a6a17fc65958c8b758,2d04e235f3842fa4411173af588f9f8aa728e92cef75046f5fb8fb652b8680a4,FROZEN_CORE_V1
221553,15.36,IFA_56_14_2214.wav,23-06-20 00:00,mosquito,an funestus ss,Female,f,Single,,LT,telinga,tascam,Tanzania,Kilombero District,Morogoro,Ifakara,cup,221553.wav,IFA_56_14_2214.wav,Tanzania|Ifakara|cup|23-06-20 00:00,training,,anopheles_funestus_ss,raw/humbug_core/221553.wav,44100,15.36,44100,1,PCM_24,dd1a2fed57feae76de9aacbc96f87b50d85a7c10ead29faf2cc8f29f61ad8d57,b61e8bfb6a50461131cc70fc313c1098d5815301ef9d6acc67185b614ea58335,FROZEN_CORE_V1
221620,2.56,IFA_56_24_2224.wav,23-06-20 00:00,mosquito,an funestus ss,Female,f,Single,,LT,telinga,tascam,Tanzania,Kilombero District,Morogoro,Ifakara,cup,221620.wav,IFA_56_24_2224.wav,Tanzania|Ifakara|cup|23-06-20 00:00,training,,anopheles_funestus_ss,raw/humbug_core/221620.wav,44100,2.56,44100,1,PCM_24,1f1b9e0437bfcd9acfef42f9da33c84f6abeaa632c027cf18df4a02bdeeb345a,31e818fdd5c40607027fc5b5874afcd97e2e7239be309c18b44262c1c53c9cf4,FROZEN_CORE_V1
221621,2.56,IFA_56_24_2224.wav,23-06-20 00:00,mosquito,an funestus ss,Female,f,Single,,LT,telinga,tascam,Tanzania,Kilombero District,Morogoro,Ifakara,cup,221621.wav,IFA_56_24_2224.wav,Tanzania|Ifakara|cup|23-06-20 00:00,training,,anopheles_funestus_ss,raw/humbug_core/221621.wav,44100,2.56,44100,1,PCM_24,1adf659a62150fc998098d923c66289b91c4d8dbcbc2a527a8db4535194f4ef1,372895199ccaaea3b2b228f3da329fed6d23d96c299d47fc034d2613ce0255d0,FROZEN_CORE_V1
221595,5.12,IFA_56_26_2226.wav,23-06-20 00:00,mosquito,an funestus ss,Female,f,Single,,LT,telinga,tascam,Tanzania,Kilombero District,Morogoro,Ifakara,cup,221595.wav,IFA_56_26_2226.wav,Tanzania|Ifakara|cup|23-06-20 00:00,training,,anopheles_funestus_ss,raw/humbug_core/221595.wav,44100,5.12,44100,1,PCM_24,0c47d725c964957b22733a7a7a7cb7875291a0d254e3a2d4314c8c1a5c0e453b,8e5a5c171549c0865c805d1d9df0d4b59608ce8a938406427e422a98083dc149,FROZEN_CORE_V1
221857,30.66,IFA_61_31_2431.wav,06-07-20 00:00,mosquito,an arabiensis,Female,f,Single,,LT,telinga,tascam,Tanzania,Kilombero District,Morogoro,Ifakara,cup,221857.wav,IFA_61_31_2431.wav,Tanzania|Ifakara|cup|06-07-20 00:00,training,,anopheles_arabiensis,raw/humbug_core/221857.wav,44100,30.66,44100,1,PCM_24,df072ae213fe5ba5553627507f1c416548a3690251695c0fcbe489b77d24d79f,c50fde7128f01192f131997791028590940800cbedf38913c71281b0da7a96fd,FROZEN_CORE_V1
221860,10.24,IFA_61_34_2434.wav,06-07-20 00:00,mosquito,an arabiensis,Female,f,Single,,LT,telinga,tascam,Tanzania,Kilombero District,Morogoro,Ifakara,cup,221860.wav,IFA_61_34_2434.wav,Tanzania|Ifakara|cup|06-07-20 00:00,training,,anopheles_arabiensis,raw/humbug_core/221860.wav,44100,10.23997732426304,44100,1,PCM_24,f0c9944fffe071a56b6952b60fb1df994dd0e53d01cae8c2a40a2a9996d570cd,00bb841b9c4b08235f8c80c69c8b389d3b1cdfd359fb79215a0a8c992872baca,FROZEN_CORE_V1
221861,12.8,IFA_61_34_2434.wav,06-07-20 00:00,mosquito,an arabiensis,Female,f,Single,,LT,telinga,tascam,Tanzania,Kilombero District,Morogoro,Ifakara,cup,221861.wav,IFA_61_34_2434.wav,Tanzania|Ifakara|cup|06-07-20 00:00,training,,anopheles_arabiensis,raw/humbug_core/221861.wav,44100,12.8,44100,1,PCM_24,b49acca479f0f75e199e7346cf48db3a5e64c261047c7615b9b5095b38fb660c,9c9fc39a2a714dc59ddef688f6a79020b146a5c808b57f0eb2a90b3305d9c191,FROZEN_CORE_V1
221863,56.26,IFA_61_35_2435.wav,06-07-20 00:00,mosquito,an arabiensis,Female,f,Single,,LT,telinga,tascam,Tanzania,Kilombero District,Morogoro,Ifakara,cup,221863.wav,IFA_61_35_2435.wav,Tanzania|Ifakara|cup|06-07-20 00:00,training,,anopheles_arabiensis,raw/humbug_core/221863.wav,44100,56.26,44100,1,PCM_24,26a114cb7d60ce7aa7ba45035df6d980aee8a8586e0056ff5e1d905d5ec660ea,4b1f8eede55fd7be034207ee70152383e0364b625ef17b75e2f647cad98404f1,FROZEN_CORE_V1
221864,20.48,IFA_61_39_2439.wav,06-07-20 00:00,mosquito,an arabiensis,Female,f,Single,,LT,telinga,tascam,Tanzania,Kilombero District,Morogoro,Ifakara,cup,221864.wav,IFA_61_39_2439.wav,Tanzania|Ifakara|cup|06-07-20 00:00,training,,anopheles_arabiensis,raw/humbug_core/221864.wav,44100,20.48,44100,1,PCM_24,193bd4c16f1a17bd384137a1cba13c02ac9f09f67c26a12090b93d1ab3ed8964,3345ae1d7adb99463f14a6644c773c61cac3e32890065c6a80020abdc6332a00,FROZEN_CORE_V1
221865,22.98,IFA_61_39_2439.wav,06-07-20 00:00,mosquito,an arabiensis,Female,f,Single,,LT,telinga,tascam,Tanzania,Kilombero District,Morogoro,Ifakara,cup,221865.wav,IFA_61_39_2439.wav,Tanzania|Ifakara|cup|06-07-20 00:00,training,,anopheles_arabiensis,raw/humbug_core/221865.wav,44100,22.98,44100,1,PCM_24,25a2d903b6a08ecb3474ef1f4193fefb560e382d1a1d725b1376b4e08470e80e,44f1ceaae00290c343c8b5d3096b2062438965a13627310fc57459502138ef78,FROZEN_CORE_V1
221858,2.56,IFA_61_40_2440.wav,06-07-20 00:00,mosquito,an arabiensis,Female,f,Single,,LT,telinga,tascam,Tanzania,Kilombero District,Morogoro,Ifakara,cup,221858.wav,IFA_61_40_2440.wav,Tanzania|Ifakara|cup|06-07-20 00:00,training,,anopheles_arabiensis,raw/humbug_core/221858.wav,44100,2.56,44100,1,PCM_24,5ca28f0d0964678b871cc9e4cc5bc18a6a91171007550d35ba21a25fbdfe3756,0d059e0041c1cf0ee5b9e5607b7dc3878d383cab9a98a20da827fcf88335939e,FROZEN_CORE_V1
221859,35.78,IFA_61_40_2440.wav,06-07-20 00:00,mosquito,an arabiensis,Female,f,Single,,LT,telinga,tascam,Tanzania,Kilombero District,Morogoro,Ifakara,cup,221859.wav,IFA_61_40_2440.wav,Tanzania|Ifakara|cup|06-07-20 00:00,training,,anopheles_arabiensis,raw/humbug_core/221859.wav,44100,35.78,44100,1,PCM_24,53103a260c91561ba0321922563a3b9370895355909637324e12823d8d4c296d,327585334a62ddeb354371374576e8019d70ce21c81033b84e7a776e1e7de4c6,FROZEN_CORE_V1
221866,28.1,IFA_62_10_2450.wav,06-07-20 00:00,mosquito,an funestus ss,Female,f,Single,,LT,telinga,tascam,Tanzania,Kilombero District,Morogoro,Ifakara,cup,221866.wav,IFA_62_10_2450.wav,Tanzania|Ifakara|cup|06-07-20 00:00,training,,anopheles_funestus_ss,raw/humbug_core/221866.wav,44100,28.1,44100,1,PCM_24,ab6161a81096d3940d52bd615202d6f0a3d47788ca6ac5044ae3f5cf42642eba,4327e4ced3588d726a042280a0baf0405c2e7a3c68a43e55a4519d157399bb73,FROZEN_CORE_V1
221853,30.72,IFA_62_11_2451.wav,06-07-20 00:00,mosquito,an arabiensis,Female,f,Single,,LT,telinga,tascam,Tanzania,Kilombero District,Morogoro,Ifakara,cup,221853.wav,IFA_62_11_2451.wav,Tanzania|Ifakara|cup|06-07-20 00:00,training,,anopheles_arabiensis,raw/humbug_core/221853.wav,44100,30.72,44100,1,PCM_24,625584b45b9b5dce040b7431372a59d733fffdd90e079b3d823a1c6be81981c4,b68ba4ca741e3472e71f3938436a3b4c648b9e4da09ca2c86b918d052e65e628,FROZEN_CORE_V1
221855,30.66,IFA_62_12_2452.wav,06-07-20 00:00,mosquito,an funestus ss,Female,f,Single,,LT,telinga,tascam,Tanzania,Kilombero District,Morogoro,Ifakara,cup,221855.wav,IFA_62_12_2452.wav,Tanzania|Ifakara|cup|06-07-20 00:00,training,,anopheles_funestus_ss,raw/humbug_core/221855.wav,44100,30.66,44100,1,PCM_24,10e4eef5273eeef45ddf6b865a7043345ab8abb6bd9a8e18b6e21484937c5ec3,460c058578fa9f7a74b63179142b9e5214b2a5da9d184ffe7edab83ae59bf3cf,FROZEN_CORE_V1
221893,15.3,IFA_62_13_2453.wav,07-07-20 00:00,mosquito,an arabiensis,Female,f,Single,,LT,telinga,tascam,Tanzania,Kilombero District,Morogoro,Ifakara,cup,221893.wav,IFA_62_13_2453.wav,Tanzania|Ifakara|cup|07-07-20 00:00,training,,anopheles_arabiensis,raw/humbug_core/221893.wav,44100,15.3,44100,1,PCM_24,384cbbcddf291f819b975172b61ddee3e68e7a6ce25da87a8a13ff75482c3bed,47f361c95ad5c93fdd7fbf7980c731d4d00cb055112ac7fc6fcbb5445d7bc95f,FROZEN_CORE_V1
221892,2.56,IFA_62_13_2453.wav,07-07-20 00:00,mosquito,an arabiensis,Female,f,Single,,LT,telinga,tascam,Tanzania,Kilombero District,Morogoro,Ifakara,cup,221892.wav,IFA_62_13_2453.wav,Tanzania|Ifakara|cup|07-07-20 00:00,training,,anopheles_arabiensis,raw/humbug_core/221892.wav,44100,2.56,44100,1,PCM_24,961d0fc00b95d471025ce6c79c0d4dec6f0adaf4f21136099a2c1c87f37bf2a7,f70b129eb688ba02adec627b715f9efa4b5e44fffd3cbde89f569bc5a9fa871e,FROZEN_CORE_V1
221890,5.12,IFA_62_13_2453.wav,07-07-20 00:00,mosquito,an arabiensis,Female,f,Single,,LT,telinga,tascam,Tanzania,Kilombero District,Morogoro,Ifakara,cup,221890.wav,IFA_62_13_2453.wav,Tanzania|Ifakara|cup|07-07-20 00:00,training,,anopheles_arabiensis,raw/humbug_core/221890.wav,44100,5.119977324263038,44100,1,PCM_24,9e81ac8ff414f129279f41437a70b84ac61a9d9ede3f03ddaa45bfb24778fc2e,79ac876cc6a2977b93b02e01f807a6d86a4bf1eb49ca35afc283701466a9ba3b,FROZEN_CORE_V1
221891,10.24,IFA_62_13_2453.wav,07-07-20 00:00,mosquito,an arabiensis,Female,f,Single,,LT,telinga,tascam,Tanzania,Kilombero District,Morogoro,Ifakara,cup,221891.wav,IFA_62_13_2453.wav,Tanzania|Ifakara|cup|07-07-20 00:00,training,,anopheles_arabiensis,raw/humbug_core/221891.wav,44100,10.23997732426304,44100,1,PCM_24,ad23b4194d9573d8772b7c3be3f2f4b96417d08c326d32a287d1f4c2e314f180,68f6921a85adb4a5c55422b10f1c17ec4162997aee6ada716299db954e061bce,FROZEN_CORE_V1
221954,30.72,IFA_62_14_2454.wav,07-07-20 00:00,mosquito,an arabiensis,Female,f,Single,,LT,telinga,tascam,Tanzania,Kilombero District,Morogoro,Ifakara,cup,221954.wav,IFA_62_14_2454.wav,Tanzania|Ifakara|cup|07-07-20 00:00,training,,anopheles_arabiensis,raw/humbug_core/221954.wav,44100,30.72,44100,1,PCM_24,b836dc24e122fa29b62161a6f52f97237ad165caac5c7ae5c7c1cfbacaa83bcf,93e63f15c68d670daac7d880c2949e2b29db4ef8b8d8eb01b4f34a04f0b5d9bc,FROZEN_CORE_V1
221876,5.12,IFA_62_17_2457.wav,07-07-20 00:00,mosquito,an arabiensis,Female,f,Single,,LT,telinga,tascam,Tanzania,Kilombero District,Morogoro,Ifakara,cup,221876.wav,IFA_62_17_2457.wav,Tanzania|Ifakara|cup|07-07-20 00:00,training,,anopheles_arabiensis,raw/humbug_core/221876.wav,44100,5.12,44100,1,PCM_24,c3992a4388ed8f414915fc5db5cbee62322e5e95398cc8bfa6cdbdcd6ebe4865,e2edc762c3779d3ef029eeec5bf5a2975caad9ded8bfa60ca3068ca888d34887,FROZEN_CORE_V1
221877,33.22,IFA_62_17_2457.wav,07-07-20 00:00,mosquito,an arabiensis,Female,f,Single,,LT,telinga,tascam,Tanzania,Kilombero District,Morogoro,Ifakara,cup,221877.wav,IFA_62_17_2457.wav,Tanzania|Ifakara|cup|07-07-20 00:00,training,,anopheles_arabiensis,raw/humbug_core/221877.wav,44100,33.22,44100,1,PCM_24,56fbce00a54e79de323f03d924b3aa2e84370208e7f8d9c5df929ce016829434,e2f74b9c87a28b60fc570eb7a360aec513390ac16afdce7268294999d90db5c0,FROZEN_CORE_V1
221894,33.22,IFA_62_18_2458.wav,07-07-20 00:00,mosquito,an arabiensis,Female,f,Single,,LT,telinga,tascam,Tanzania,Kilombero District,Morogoro,Ifakara,cup,221894.wav,IFA_62_18_2458.wav,Tanzania|Ifakara|cup|07-07-20 00:00,training,,anopheles_arabiensis,raw/humbug_core/221894.wav,44100,33.22,44100,1,PCM_24,adb47d2268810c76b4c2e3a90f5c36332c89d972dd92e2e1ff9a5521972ff187,1c8884b20ce7574a9f2ed39c211a16ca674b0c0f8e0b2e2a6d950501637e20fc,FROZEN_CORE_V1
221913,35.84,IFA_62_19_2459.wav,07-07-20 00:00,mosquito,an arabiensis,Female,f,Single,,LT,telinga,tascam,Tanzania,Kilombero District,Morogoro,Ifakara,cup,221913.wav,IFA_62_19_2459.wav,Tanzania|Ifakara|cup|07-07-20 00:00,training,,anopheles_arabiensis,raw/humbug_core/221913.wav,44100,35.84,44100,1,PCM_24,340b5ecaf0194e64a9a2f5e23b87b136b615b37f40236c1b417174a071937c1a,5629598fb4e95f7772589a78804b763c619a6b119042ba63a7b706348534389d,FROZEN_CORE_V1
221921,30.66,IFA_62_20_2460.wav,07-07-20 00:00,mosquito,an arabiensis,Female,f,Single,,LT,telinga,tascam,Tanzania,Kilombero District,Morogoro,Ifakara,cup,221921.wav,IFA_62_20_2460.wav,Tanzania|Ifakara|cup|07-07-20 00:00,training,,anopheles_arabiensis,raw/humbug_core/221921.wav,44100,30.66,44100,1,PCM_24,ad3667d97b75bac536edbf874c4b52fa6f2040812694ef06e9d184ce0a112a9b,92c6a70bc902bac9f9e0d0a084adbafe07065c66f6206aebdf70c6cf2ce79f8d,FROZEN_CORE_V1
221926,30.66,IFA_62_21_2461.wav,07-07-20 00:00,mosquito,an arabiensis,Female,f,Single,,LT,telinga,tascam,Tanzania,Kilombero District,Morogoro,Ifakara,cup,221926.wav,IFA_62_21_2461.wav,Tanzania|Ifakara|cup|07-07-20 00:00,training,,anopheles_arabiensis,raw/humbug_core/221926.wav,44100,30.66,44100,1,PCM_24,e40081a8c9d2b5780914883f894e977b26d456e9060acff27d5ea93feb76a967,cdcf34869a62c5b29e6cfb60d549204b1c68e7bc68a10fcfa9d4dd432cce486e,FROZEN_CORE_V1
221911,30.66,IFA_62_22_2462.wav,07-07-20 00:00,mosquito,an arabiensis,Female,f,Single,,LT,telinga,tascam,Tanzania,Kilombero District,Morogoro,Ifakara,cup,221911.wav,IFA_62_22_2462.wav,Tanzania|Ifakara|cup|07-07-20 00:00,training,,anopheles_arabiensis,raw/humbug_core/221911.wav,44100,30.66,44100,1,PCM_24,7530175b2950e8ca7763b01abc0f29b25aa247610fdd887c35e131387e124637,d04240e285067778d3393dc5bc9991406738ab0d8af467c288bc59a3d7143ffa,FROZEN_CORE_V1
221929,30.66,IFA_62_23_2463.wav,07-07-20 00:00,mosquito,an arabiensis,Female,f,Single,,LT,telinga,tascam,Tanzania,Kilombero District,Morogoro,Ifakara,cup,221929.wav,IFA_62_23_2463.wav,Tanzania|Ifakara|cup|07-07-20 00:00,training,,anopheles_arabiensis,raw/humbug_core/221929.wav,44100,30.66,44100,1,PCM_24,53a319d94e18b15bdcdd015e4e69992fae2245c2fcc5f3eab13c47bff30e8bbc,7a1a2b997859604932da41e1cadd1b288669618c2ca32438270d780b7e5de249,FROZEN_CORE_V1
221917,2.5,IFA_62_24_2464.wav,07-07-20 00:00,mosquito,an arabiensis,Female,f,Single,,LT,telinga,tascam,Tanzania,Kilombero District,Morogoro,Ifakara,cup,221917.wav,IFA_62_24_2464.wav,Tanzania|Ifakara|cup|07-07-20 00:00,training,,anopheles_arabiensis,raw/humbug_core/221917.wav,44100,2.5,44100,1,PCM_24,c711adc2e17f4a451c6396fc7a0cc4e00a5fddf2209e0cd08d41bbdaf73ab2e8,436851ad7abb9c2c3cf417d08b79a560f73ab4223fae922abc893306c9b77e23,FROZEN_CORE_V1
221915,20.48,IFA_62_24_2464.wav,07-07-20 00:00,mosquito,an arabiensis,Female,f,Single,,LT,telinga,tascam,Tanzania,Kilombero District,Morogoro,Ifakara,cup,221915.wav,IFA_62_24_2464.wav,Tanzania|Ifakara|cup|07-07-20 00:00,training,,anopheles_arabiensis,raw/humbug_core/221915.wav,44100,20.48,44100,1,PCM_24,31b4ba90ed2724272b1c611ab6cc97f4b1a346b25a83083ba80e790e8164b927,537c722431ae12b18d96eb786e955381dedfbcaf9e5c8814cd079ff91cd64381,FROZEN_CORE_V1
221916,5.12,IFA_62_24_2464.wav,07-07-20 00:00,mosquito,an arabiensis,Female,f,Single,,LT,telinga,tascam,Tanzania,Kilombero District,Morogoro,Ifakara,cup,221916.wav,IFA_62_24_2464.wav,Tanzania|Ifakara|cup|07-07-20 00:00,training,,anopheles_arabiensis,raw/humbug_core/221916.wav,44100,5.12,44100,1,PCM_24,f54749f7692792b52cbb32e5e097e5dba3fcfce40a494ec6771767262389703f,df7b006c0936b9bcb41fedd9cf00d47dc5b57b566f6b92168d70b50421ceafb5,FROZEN_CORE_V1
221897,48.58,IFA_62_25_2465.wav,07-07-20 00:00,mosquito,an arabiensis,Female,f,Single,,LT,telinga,tascam,Tanzania,Kilombero District,Morogoro,Ifakara,cup,221897.wav,IFA_62_25_2465.wav,Tanzania|Ifakara|cup|07-07-20 00:00,training,,anopheles_arabiensis,raw/humbug_core/221897.wav,44100,48.58,44100,1,PCM_24,11fc5bb8453ccddac039c2614c8d5d7eee80944862a5443f64e17a8fda3ec185,efd8e3b3da971203065da85adc27b961ac8ca1372db80d9d98ee95da90459774,FROZEN_CORE_V1
221914,38.34,IFA_62_26_2466.wav,07-07-20 00:00,mosquito,an funestus ss,Female,f,Single,,LT,telinga,tascam,Tanzania,Kilombero District,Morogoro,Ifakara,cup,221914.wav,IFA_62_26_2466.wav,Tanzania|Ifakara|cup|07-07-20 00:00,training,,anopheles_funestus_ss,raw/humbug_core/221914.wav,44100,38.34,44100,1,PCM_24,ed44676adb9178f89838e0d3fc5aaeb7788beeb6c31e40dd62a0c07586cffef3,9102e3fdc52ee5b449302d6ee4c240ee8b54bf5e7904ccd3fd7716da9fa903e9,FROZEN_CORE_V1
221957,7.68,IFA_62_27_2467.wav,07-07-20 00:00,mosquito,an arabiensis,Female,f,Single,,LT,telinga,tascam,Tanzania,Kilombero District,Morogoro,Ifakara,cup,221957.wav,IFA_62_27_2467.wav,Tanzania|Ifakara|cup|07-07-20 00:00,training,,anopheles_arabiensis,raw/humbug_core/221957.wav,44100,7.68,44100,1,PCM_24,587b419d3431a8aeb62f177e78a8104e4f649cff69b8264f3206266c6c6b7ac8,9e30e36c214893dcb834df7c770bc26bb21f3868a63c0625ece24dd04d6363cf,FROZEN_CORE_V1
221958,43.52,IFA_62_27_2467.wav,07-07-20 00:00,mosquito,an arabiensis,Female,f,Single,,LT,telinga,tascam,Tanzania,Kilombero District,Morogoro,Ifakara,cup,221958.wav,IFA_62_27_2467.wav,Tanzania|Ifakara|cup|07-07-20 00:00,training,,anopheles_arabiensis,raw/humbug_core/221958.wav,44100,43.51997732426304,44100,1,PCM_24,481f019ebc15fbe5e05cd9bc3a0d7237e82771c4e1056b5b846fbee8e8207d77,cf31caf72cabf93e357625a8a86fb921cc00a0aaa8c2dbbfd116de0a01c1bfb0,FROZEN_CORE_V1
221895,10.24,IFA_62_28_2468.wav,07-07-20 00:00,mosquito,an arabiensis,Female,f,Single,,LT,telinga,tascam,Tanzania,Kilombero District,Morogoro,Ifakara,cup,221895.wav,IFA_62_28_2468.wav,Tanzania|Ifakara|cup|07-07-20 00:00,training,,anopheles_arabiensis,raw/humbug_core/221895.wav,44100,10.23997732426304,44100,1,PCM_24,a781568a2280c0cd596fcf6dee4187dfdd55a99dd34695932253742cbc1f7530,badd2decffa8f6b6943ef4a745a97735500938b7698965848d91cd92c4d35064,FROZEN_CORE_V1
221896,12.74,IFA_62_28_2468.wav,07-07-20 00:00,mosquito,an arabiensis,Female,f,Single,,LT,telinga,tascam,Tanzania,Kilombero District,Morogoro,Ifakara,cup,221896.wav,IFA_62_28_2468.wav,Tanzania|Ifakara|cup|07-07-20 00:00,training,,anopheles_arabiensis,raw/humbug_core/221896.wav,44100,12.73997732426304,44100,1,PCM_24,be908662deae1db19ef41ad8640871e38464eddc3d9c56b5b354e9dfa86f5cdb,df3f7f1444340d09262715bef89caa945d5ee959378f17fe548c01a0388ff203,FROZEN_CORE_V1
221920,38.34,IFA_62_29_2469.wav,07-07-20 00:00,mosquito,an arabiensis,Female,f,Single,,LT,telinga,tascam,Tanzania,Kilombero District,Morogoro,Ifakara,cup,221920.wav,IFA_62_29_2469.wav,Tanzania|Ifakara|cup|07-07-20 00:00,training,,anopheles_arabiensis,raw/humbug_core/221920.wav,44100,38.34,44100,1,PCM_24,cca322219f0cc5710f123e42b9cf915a26a7225bc7e5b866bb5d49ec7cb6dc52,199fb8bd4764ea56c78c84c7b732337920229b3888c372c6455a767eb169c15e,FROZEN_CORE_V1
221943,43.46,IFA_62_31_2471.wav,07-07-20 00:00,mosquito,an arabiensis,Female,f,Single,,LT,telinga,tascam,Tanzania,Kilombero District,Morogoro,Ifakara,cup,221943.wav,IFA_62_31_2471.wav,Tanzania|Ifakara|cup|07-07-20 00:00,training,,anopheles_arabiensis,raw/humbug_core/221943.wav,44100,43.46,44100,1,PCM_24,77480882ba509e8349a4244536898b65032c8a82d52d205f588fb22505686ce4,03b98d5890fdab5fef3d049a11065ed4fa00398d5210773d8ac9d74f213b0242,FROZEN_CORE_V1
221960,12.8,IFA_62_32_2472.wav,07-07-20 00:00,mosquito,an arabiensis,Female,f,Single,,LT,telinga,tascam,Tanzania,Kilombero District,Morogoro,Ifakara,cup,221960.wav,IFA_62_32_2472.wav,Tanzania|Ifakara|cup|07-07-20 00:00,training,,anopheles_arabiensis,raw/humbug_core/221960.wav,44100,12.8,44100,1,PCM_24,8c7918ef9eb9a5b589750b917dad4b1b955eb6df9d3f627c2bbf4f4f976eb189,c8b35f871ef2217750a569ac2f2fbc0f3985efbf9ae756ba6108c35131b0644d,FROZEN_CORE_V1
221959,23.04,IFA_62_32_2472.wav,07-07-20 00:00,mosquito,an arabiensis,Female,f,Single,,LT,telinga,tascam,Tanzania,Kilombero District,Morogoro,Ifakara,cup,221959.wav,IFA_62_32_2472.wav,Tanzania|Ifakara|cup|07-07-20 00:00,training,,anopheles_arabiensis,raw/humbug_core/221959.wav,44100,23.04,44100,1,PCM_24,e93633b66d1a410471d6f9640d767e2789eac2b0feb9b15c7ea5fd1295e52301,19ab635e68e16742c4a0fa8abdc43758651b7b377e1e2f6bbf637a837a73b39e,FROZEN_CORE_V1
221875,33.22,IFA_62_33_2473.wav,07-07-20 00:00,mosquito,an arabiensis,Female,f,Single,,LT,telinga,tascam,Tanzania,Kilombero District,Morogoro,Ifakara,cup,221875.wav,IFA_62_33_2473.wav,Tanzania|Ifakara|cup|07-07-20 00:00,training,,anopheles_arabiensis,raw/humbug_core/221875.wav,44100,33.22,44100,1,PCM_24,c898eb151aa90b760725797c6e472697c833be72aac6cde50274f189e1e319b9,66da6cf7a9f26ba5fb76de907abb1c4809569e0829f476ea638e4a8ad269423e,FROZEN_CORE_V1
221906,28.1,IFA_62_34_2474.wav,07-07-20 00:00,mosquito,an arabiensis,Female,f,Single,,LT,telinga,tascam,Tanzania,Kilombero District,Morogoro,Ifakara,cup,221906.wav,IFA_62_34_2474.wav,Tanzania|Ifakara|cup|07-07-20 00:00,training,,anopheles_arabiensis,raw/humbug_core/221906.wav,44100,28.1,44100,1,PCM_24,ea081f28cafe56e4138e10eebcca36a115aecfee34fc7829ea8c9aeb2745a2ab,fcd144aeb6d2d63831a7ad67b8b97ee4eab0fd8f9227bdd27bf484df4294e9e7,FROZEN_CORE_V1
221956,33.22,IFA_62_35_2475.wav,07-07-20 00:00,mosquito,an arabiensis,Female,f,Single,,LT,telinga,tascam,Tanzania,Kilombero District,Morogoro,Ifakara,cup,221956.wav,IFA_62_35_2475.wav,Tanzania|Ifakara|cup|07-07-20 00:00,training,,anopheles_arabiensis,raw/humbug_core/221956.wav,44100,33.22,44100,1,PCM_24,060d4d143d0aa5e9f1e525cb0905150761e83d6d4eabf43f1a641ae18f92009a,1c353e31e23f05a79b34bbfc420f23b33f33bd4b219f13dd6fcabfc20cfd8fc3,FROZEN_CORE_V1
221961,43.46,IFA_62_36_2476.wav,07-07-20 00:00,mosquito,an arabiensis,Female,f,Single,,LT,telinga,tascam,Tanzania,Kilombero District,Morogoro,Ifakara,cup,221961.wav,IFA_62_36_2476.wav,Tanzania|Ifakara|cup|07-07-20 00:00,training,,anopheles_arabiensis,raw/humbug_core/221961.wav,44100,43.46,44100,1,PCM_24,3386bdcfc553ab0c72d537ec3369af5bef2fc92872d2fdc715141e73f4feffa1,a75df31860cf9bc0d2376e2e7dabc7338da2943060470a358968b6e8018f84ea,FROZEN_CORE_V1
221942,30.72,IFA_62_37_2477.wav,07-07-20 00:00,mosquito,an arabiensis,Female,f,Single,,LT,telinga,tascam,Tanzania,Kilombero District,Morogoro,Ifakara,cup,221942.wav,IFA_62_37_2477.wav,Tanzania|Ifakara|cup|07-07-20 00:00,training,,anopheles_arabiensis,raw/humbug_core/221942.wav,44100,30.72,44100,1,PCM_24,39b193a72aad78782fd43585e259bfdeb253adaefe66b4a8a0d8b2cef9883a5d,89c5673a6704ce9e35f9950d50b24828b3d920f1c66dac473b19591d951d0d6e,FROZEN_CORE_V1
221928,38.34,IFA_62_38_2478.wav,07-07-20 00:00,mosquito,an funestus ss,Female,f,Single,,LT,telinga,tascam,Tanzania,Kilombero District,Morogoro,Ifakara,cup,221928.wav,IFA_62_38_2478.wav,Tanzania|Ifakara|cup|07-07-20 00:00,training,,anopheles_funestus_ss,raw/humbug_core/221928.wav,44100,38.34,44100,1,PCM_24,38a5a1478ba77e3577e33e1931621a399d6e50a1278e0a8852a6fe910793eb59,0d438dafb373743584960d34df9674dcfa2817304bdfe56a5c1fac8b1fb88fc3,FROZEN_CORE_V1
221953,30.66,IFA_62_39_2479.wav,07-07-20 00:00,mosquito,an arabiensis,Female,f,Single,,LT,telinga,tascam,Tanzania,Kilombero District,Morogoro,Ifakara,cup,221953.wav,IFA_62_39_2479.wav,Tanzania|Ifakara|cup|07-07-20 00:00,training,,anopheles_arabiensis,raw/humbug_core/221953.wav,44100,30.66,44100,1,PCM_24,f6d7efa6381ca5bf26769068315653dee86190af85e0dd86bbba131d5ef40475,a678e3dbebd6ba13e3720d6a26d39175deb7772b7a53361eab974ef67cd45415,FROZEN_CORE_V1
221884,43.46,IFA_62_40_2480.wav,07-07-20 00:00,mosquito,an arabiensis,Female,f,Single,,LT,telinga,tascam,Tanzania,Kilombero District,Morogoro,Ifakara,cup,221884.wav,IFA_62_40_2480.wav,Tanzania|Ifakara|cup|07-07-20 00:00,training,,anopheles_arabiensis,raw/humbug_core/221884.wav,44100,43.46,44100,1,PCM_24,b378e2ae7ad6a43076dddca0ee2ca8fdd2df2abb0720950c5d9ac88b648bc0f3,0afa3650fe25f27d0834889b6af63a97e82ef13601e1275e261aca434a9ed0b0,FROZEN_CORE_V1
221888,35.84,IFA_63_10_2490.wav,07-07-20 00:00,mosquito,an arabiensis,Female,f,Single,,LT,telinga,tascam,Tanzania,Kilombero District,Morogoro,Ifakara,cup,221888.wav,IFA_63_10_2490.wav,Tanzania|Ifakara|cup|07-07-20 00:00,training,,anopheles_arabiensis,raw/humbug_core/221888.wav,44100,35.84,44100,1,PCM_24,b73fb07e60db8823fc32121c64391dfb39932f520ea6d12d4614258e245559e7,0d2f3d6fe8dac278b20c515e88c594afa6ededdb1c142ce80ade78e201ea312e,FROZEN_CORE_V1
221870,5.12,IFA_63_11_2491.wav,07-07-20 00:00,mosquito,an funestus ss,Female,f,Single,,LT,telinga,tascam,Tanzania,Kilombero District,Morogoro,Ifakara,cup,221870.wav,IFA_63_11_2491.wav,Tanzania|Ifakara|cup|07-07-20 00:00,training,,anopheles_funestus_ss,raw/humbug_core/221870.wav,44100,5.12,44100,1,PCM_24,0c8dbc5cea84580ec56d713e636df60e4bb676570631b8ac844f0281401689d6,50aa67cbb4eab62cd393a56df013be989030d15da41aa5a98a8eded86f3a803a,FROZEN_CORE_V1
221871,5.06,IFA_63_11_2491.wav,07-07-20 00:00,mosquito,an funestus ss,Female,f,Single,,LT,telinga,tascam,Tanzania,Kilombero District,Morogoro,Ifakara,cup,221871.wav,IFA_63_11_2491.wav,Tanzania|Ifakara|cup|07-07-20 00:00,training,,anopheles_funestus_ss,raw/humbug_core/221871.wav,44100,5.059977324263039,44100,1,PCM_24,0839b741b7c48c361a46096907229a0b4c923cd55d1e5c8df723fd6ab05129c8,b43aa452bef421a17695097112fa8e79859d6fcecf264d85e35a20389822e716,FROZEN_CORE_V1
221869,7.68,IFA_63_11_2491.wav,07-07-20 00:00,mosquito,an funestus ss,Female,f,Single,,LT,telinga,tascam,Tanzania,Kilombero District,Morogoro,Ifakara,cup,221869.wav,IFA_63_11_2491.wav,Tanzania|Ifakara|cup|07-07-20 00:00,training,,anopheles_funestus_ss,raw/humbug_core/221869.wav,44100,7.68,44100,1,PCM_24,0fb0f6513547c1da14e5959145bb95b8d0c9e411adbbe4c296058f4f9527db1f,851d117e0b1e965e143e59312da5e3e8e97beccd2ffa819826e354d4304d8888,FROZEN_CORE_V1
221907,25.6,IFA_63_12_2492.wav,07-07-20 00:00,mosquito,an funestus ss,Female,f,Single,,LT,telinga,tascam,Tanzania,Kilombero District,Morogoro,Ifakara,cup,221907.wav,IFA_63_12_2492.wav,Tanzania|Ifakara|cup|07-07-20 00:00,training,,anopheles_funestus_ss,raw/humbug_core/221907.wav,44100,25.6,44100,1,PCM_24,2e28e5e76da0a9c387f0ba4cb3b9aeb651e42cddba052af3d096827c7ade019d,1f499574dc7351df0c6cffb9385712c3d04d05324e15eb2e21478d74d48ecf25,FROZEN_CORE_V1
221908,7.68,IFA_63_12_2492.wav,07-07-20 00:00,mosquito,an funestus ss,Female,f,Single,,LT,telinga,tascam,Tanzania,Kilombero District,Morogoro,Ifakara,cup,221908.wav,IFA_63_12_2492.wav,Tanzania|Ifakara|cup|07-07-20 00:00,training,,anopheles_funestus_ss,raw/humbug_core/221908.wav,44100,7.68,44100,1,PCM_24,4f951cd732a677698addf4d5ab8d6071cf1c85bbeaf92d4b76530774ee8ba482,473895736803a1a5d9e93f511a0d236257c1042582177cb507be6950b84ed0f2,FROZEN_CORE_V1
221910,2.56,IFA_63_13_2493.wav,07-07-20 00:00,mosquito,an funestus ss,Female,f,Single,,LT,telinga,tascam,Tanzania,Kilombero District,Morogoro,Ifakara,cup,221910.wav,IFA_63_13_2493.wav,Tanzania|Ifakara|cup|07-07-20 00:00,training,,anopheles_funestus_ss,raw/humbug_core/221910.wav,44100,2.5599773242630386,44100,1,PCM_24,f8b8c1650576f4fcd57edbca6532edc4f914acbffd53a37ce6b6476e36695bc9,09bcdd36b6551d418201c62465fa752b73dd9e70a299037c377e47d09f696fc2,FROZEN_CORE_V1
221909,17.92,IFA_63_13_2493.wav,07-07-20 00:00,mosquito,an funestus ss,Female,f,Single,,LT,telinga,tascam,Tanzania,Kilombero District,Morogoro,Ifakara,cup,221909.wav,IFA_63_13_2493.wav,Tanzania|Ifakara|cup|07-07-20 00:00,training,,anopheles_funestus_ss,raw/humbug_core/221909.wav,44100,17.919977324263037,44100,1,PCM_24,e7c9b2eb693c8b8cf701ac8ac1be991e3460596863d6ef1a8339c5ea843cf0b9,f9da07327f43d8fc8c02ca60576ef35db616d69e3ca1afad3c7c4d23edaa362a,FROZEN_CORE_V1
221946,5.12,IFA_63_14_2494.wav,07-07-20 00:00,mosquito,an funestus ss,Female,f,Single,,LT,telinga,tascam,Tanzania,Kilombero District,Morogoro,Ifakara,cup,221946.wav,IFA_63_14_2494.wav,Tanzania|Ifakara|cup|07-07-20 00:00,training,,anopheles_funestus_ss,raw/humbug_core/221946.wav,44100,5.12,44100,1,PCM_24,3c9ddef38d2d9dc49f76c8e5f60d5be4b5a94cf1143e4df5ba8d7442aac69530,69ea4a9b4388c658d645b86118213ac186c19e7ca4c000029e9d2502757befaa,FROZEN_CORE_V1
221948,5.12,IFA_63_14_2494.wav,07-07-20 00:00,mosquito,an funestus ss,Female,f,Single,,LT,telinga,tascam,Tanzania,Kilombero District,Morogoro,Ifakara,cup,221948.wav,IFA_63_14_2494.wav,Tanzania|Ifakara|cup|07-07-20 00:00,training,,anopheles_funestus_ss,raw/humbug_core/221948.wav,44100,5.12,44100,1,PCM_24,6d8d16f3f3814f4e6f464718ebd1b015ebc5da8d15d3a14f64f731a9d0f45ef3,f78e2d72d4ba7812b92df8c7079f7dac171d057e8d89cc4b7d8090922d9b8371,FROZEN_CORE_V1
221949,17.92,IFA_63_14_2494.wav,07-07-20 00:00,mosquito,an funestus ss,Female,f,Single,,LT,telinga,tascam,Tanzania,Kilombero District,Morogoro,Ifakara,cup,221949.wav,IFA_63_14_2494.wav,Tanzania|Ifakara|cup|07-07-20 00:00,training,,anopheles_funestus_ss,raw/humbug_core/221949.wav,44100,17.919977324263037,44100,1,PCM_24,953c085d62c89c6d8ff1da847ff88b4d82f47e54fef77ce7b82a14365086d543,a58d2a4e8c1f351d5452a684b01299bac0f2d931543e563501e7b8d3ff2f6bef,FROZEN_CORE_V1
221947,12.8,IFA_63_14_2494.wav,07-07-20 00:00,mosquito,an funestus ss,Female,f,Single,,LT,telinga,tascam,Tanzania,Kilombero District,Morogoro,Ifakara,cup,221947.wav,IFA_63_14_2494.wav,Tanzania|Ifakara|cup|07-07-20 00:00,training,,anopheles_funestus_ss,raw/humbug_core/221947.wav,44100,12.8,44100,1,PCM_24,c02d3db2d2e1484bd9bac9fb1a4688614d86e39730fdfbd940b98ff6b955adee,62a35cdd65849dee9fdfe61351e046434547f244c8184e4354eb373654d1ba5f,FROZEN_CORE_V1
221955,46.08,IFA_63_17_2497.wav,07-07-20 00:00,mosquito,an funestus ss,Female,f,Single,,LT,telinga,tascam,Tanzania,Kilombero District,Morogoro,Ifakara,cup,221955.wav,IFA_63_17_2497.wav,Tanzania|Ifakara|cup|07-07-20 00:00,training,,anopheles_funestus_ss,raw/humbug_core/221955.wav,44100,46.08,44100,1,PCM_24,59af20296e58a882951add7b97a29a117a5f723feb4f8406a6c14c71cc57b641,ae809726f09cf0f34f26e6d2ebb5748a46f47582e10bd0d6f6b1172c29f34ba8,FROZEN_CORE_V1
221872,33.22,IFA_63_18_2498.wav,07-07-20 00:00,mosquito,an funestus ss,Female,f,Single,,LT,telinga,tascam,Tanzania,Kilombero District,Morogoro,Ifakara,cup,221872.wav,IFA_63_18_2498.wav,Tanzania|Ifakara|cup|07-07-20 00:00,training,,anopheles_funestus_ss,raw/humbug_core/221872.wav,44100,33.22,44100,1,PCM_24,2594af6521705498b706dbeef23daa3e8814be67d0389a1f573388eaac51efce,25cf862e94fd4ecba105b12b3204a658e038b5ed11d7ca38d968097927ea4a60,FROZEN_CORE_V1
221944,33.28,IFA_63_19_2499.wav,07-07-20 00:00,mosquito,an funestus ss,Female,f,Single,,LT,telinga,tascam,Tanzania,Kilombero District,Morogoro,Ifakara,cup,221944.wav,IFA_63_19_2499.wav,Tanzania|Ifakara|cup|07-07-20 00:00,training,,anopheles_funestus_ss,raw/humbug_core/221944.wav,44100,33.28,44100,1,PCM_24,e58149e3be8d82e26e6abe9ceae408823a0b16f45d7b65d1c5044c4b62cf1ff4,965387850733d49715caa0a3a9e8310b605aff10a839a87a79cea93b7e3369d4,FROZEN_CORE_V1
221887,5.12,IFA_63_20_2500.wav,07-07-20 00:00,mosquito,an arabiensis,Female,f,Single,,LT,telinga,tascam,Tanzania,Kilombero District,Morogoro,Ifakara,cup,221887.wav,IFA_63_20_2500.wav,Tanzania|Ifakara|cup|07-07-20 00:00,training,,anopheles_arabiensis,raw/humbug_core/221887.wav,44100,5.119977324263038,44100,1,PCM_24,e500b7e0805faf7559edf9d40baddc4f8c00bb985ebe92ac364bab0ae121e138,11ad233eacdd1c02d861e94fa2e38c4414d06450fdc62d8b2636500a6b3b53e2,FROZEN_CORE_V1
221886,28.16,IFA_63_20_2500.wav,07-07-20 00:00,mosquito,an arabiensis,Female,f,Single,,LT,telinga,tascam,Tanzania,Kilombero District,Morogoro,Ifakara,cup,221886.wav,IFA_63_20_2500.wav,Tanzania|Ifakara|cup|07-07-20 00:00,training,,anopheles_arabiensis,raw/humbug_core/221886.wav,44100,28.16,44100,1,PCM_24,294fa121240eaebcc6df1c90764caa720de60aee4986101b1166e2de92647612,5899332cb6336ce0a09f5d87fefa52842e1ea972b8f2b583ecb548b8684e060a,FROZEN_CORE_V1
221873,10.24,IFA_63_21_2501.wav,07-07-20 00:00,mosquito,an arabiensis,Female,f,Single,,LT,telinga,tascam,Tanzania,Kilombero District,Morogoro,Ifakara,cup,221873.wav,IFA_63_21_2501.wav,Tanzania|Ifakara|cup|07-07-20 00:00,training,,anopheles_arabiensis,raw/humbug_core/221873.wav,44100,10.24,44100,1,PCM_24,b8ced6db1f4a9d801c0136668b5ab3bf63b4568c8d9b66d39f9f71ac298bca75,d73f77f7b43e64305c44fdb9adcec75c4a1ca4c205846a0d5fd8c9476fa9bee3,FROZEN_CORE_V1
221874,2.56,IFA_63_21_2501.wav,07-07-20 00:00,mosquito,an arabiensis,Female,f,Single,,LT,telinga,tascam,Tanzania,Kilombero District,Morogoro,Ifakara,cup,221874.wav,IFA_63_21_2501.wav,Tanzania|Ifakara|cup|07-07-20 00:00,training,,anopheles_arabiensis,raw/humbug_core/221874.wav,44100,2.5599773242630386,44100,1,PCM_24,4c15a3fd345aca38d8502d0fc1833ee8a7939470d64bc14e1836813d4297e9a9,7a3bfbeaa2374965098d36ceb023051e1320ff8dc9a750dc33c257119a33672a,FROZEN_CORE_V1
221952,40.96,IFA_63_24_2504.wav,07-07-20 00:00,mosquito,an arabiensis,Female,f,Single,,LT,telinga,tascam,Tanzania,Kilombero District,Morogoro,Ifakara,cup,221952.wav,IFA_63_24_2504.wav,Tanzania|Ifakara|cup|07-07-20 00:00,training,,anopheles_arabiensis,raw/humbug_core/221952.wav,44100,40.96,44100,1,PCM_24,eaa2e287f697e5027e8564253eb23f8393aac6992fae8245a6f87c1215076b72,ae87e6f039f765d5a24c369ca14f7bf77e8bba1a4819683217a16b32bd81534f,FROZEN_CORE_V1
221938,10.24,IFA_63_26_2506.wav,07-07-20 00:00,mosquito,an funestus ss,Female,f,Single,,LT,telinga,tascam,Tanzania,Kilombero District,Morogoro,Ifakara,cup,221938.wav,IFA_63_26_2506.wav,Tanzania|Ifakara|cup|07-07-20 00:00,training,,anopheles_funestus_ss,raw/humbug_core/221938.wav,44100,10.23997732426304,44100,1,PCM_24,16f13b2a2b3b06432d8e710da5d96696bbd37675f778564ed103efbeae04de26,e3b0d02430de49a26441f896d0c277f0302c60b8d5178093b40454057fea5722,FROZEN_CORE_V1
221937,10.24,IFA_63_26_2506.wav,07-07-20 00:00,mosquito,an funestus ss,Female,f,Single,,LT,telinga,tascam,Tanzania,Kilombero District,Morogoro,Ifakara,cup,221937.wav,IFA_63_26_2506.wav,Tanzania|Ifakara|cup|07-07-20 00:00,training,,anopheles_funestus_ss,raw/humbug_core/221937.wav,44100,10.23997732426304,44100,1,PCM_24,a7a3109673e471d72d885c5c49a5a4ce66e3cbb1b9ac1bce14e792dd3d114c6c,f1eed368ae165ba28bbda4d56ed35a741c99cedbdebb44c3eb2bf6d4d844ee52,FROZEN_CORE_V1
221936,2.56,IFA_63_26_2506.wav,07-07-20 00:00,mosquito,an funestus ss,Female,f,Single,,LT,telinga,tascam,Tanzania,Kilombero District,Morogoro,Ifakara,cup,221936.wav,IFA_63_26_2506.wav,Tanzania|Ifakara|cup|07-07-20 00:00,training,,anopheles_funestus_ss,raw/humbug_core/221936.wav,44100,2.56,44100,1,PCM_24,a0aab16965c021c202e4ea953712f3328aa488017dd9dc955771181356491f92,e7efc40a3ff661b3eefa431851cb671f1f9cf7b62934a4770390da456d54f06d,FROZEN_CORE_V1
221924,15.36,IFA_63_28_2508.wav,07-07-20 00:00,mosquito,an arabiensis,Female,f,Single,,LT,telinga,tascam,Tanzania,Kilombero District,Morogoro,Ifakara,cup,221924.wav,IFA_63_28_2508.wav,Tanzania|Ifakara|cup|07-07-20 00:00,training,,anopheles_arabiensis,raw/humbug_core/221924.wav,44100,15.36,44100,1,PCM_24,49ad4b530244cf8f660441927a9158af5b9f763a9ab1b75996aa5ddc47ca135d,f6bd5e5c8f4659ccd330ea1b168ae15976a882f9e590fb2d360606bf48374c0d,FROZEN_CORE_V1
221925,17.92,IFA_63_28_2508.wav,07-07-20 00:00,mosquito,an arabiensis,Female,f,Single,,LT,telinga,tascam,Tanzania,Kilombero District,Morogoro,Ifakara,cup,221925.wav,IFA_63_28_2508.wav,Tanzania|Ifakara|cup|07-07-20 00:00,training,,anopheles_arabiensis,raw/humbug_core/221925.wav,44100,17.92,44100,1,PCM_24,db16603c51a88f9af0414e7ea6152ec0200821eab3793c77e4fd4ae5b164ef32,1efff03ef3b792cc87500a867a3d172b893696393c4f495fda597e6757ae86ef,FROZEN_CORE_V1
221879,7.68,IFA_63_29_2509.wav,07-07-20 00:00,mosquito,an arabiensis,Female,f,Single,,LT,telinga,tascam,Tanzania,Kilombero District,Morogoro,Ifakara,cup,221879.wav,IFA_63_29_2509.wav,Tanzania|Ifakara|cup|07-07-20 00:00,training,,anopheles_arabiensis,raw/humbug_core/221879.wav,44100,7.68,44100,1,PCM_24,a80a0e5568a04723a59f96b51d084d0f0ba188c7ecada5be9635f63189412354,28de6042ccde7eb5ed1f88a99e9a754e1e3ad994f66ad6a26e6168d81df924ab,FROZEN_CORE_V1
221878,7.68,IFA_63_29_2509.wav,07-07-20 00:00,mosquito,an arabiensis,Female,f,Single,,LT,telinga,tascam,Tanzania,Kilombero District,Morogoro,Ifakara,cup,221878.wav,IFA_63_29_2509.wav,Tanzania|Ifakara|cup|07-07-20 00:00,training,,anopheles_arabiensis,raw/humbug_core/221878.wav,44100,7.68,44100,1,PCM_24,c42b133341b2834a0f98879cc3df8aea3ee566dd01a95a31bf13e91028576d0e,6b3ba8606b34c82d2703d2101c716c8ce8149e254b8ec06079a187b5fd1af087,FROZEN_CORE_V1
221950,5.12,IFA_63_32_2512.wav,07-07-20 00:00,mosquito,an funestus ss,Female,f,Single,,LT,telinga,tascam,Tanzania,Kilombero District,Morogoro,Ifakara,cup,221950.wav,IFA_63_32_2512.wav,Tanzania|Ifakara|cup|07-07-20 00:00,training,,anopheles_funestus_ss,raw/humbug_core/221950.wav,44100,5.12,44100,1,PCM_24,fc16bc0667fc170103a588f5b4dc9f4e22d6035912ea51c3692a899f72b3b512,55fa0f9045edc4a104676db6e5226466fc4588671f0ca6b52ba8b58b309f75a4,FROZEN_CORE_V1
221951,5.06,IFA_63_32_2512.wav,07-07-20 00:00,mosquito,an funestus ss,Female,f,Single,,LT,telinga,tascam,Tanzania,Kilombero District,Morogoro,Ifakara,cup,221951.wav,IFA_63_32_2512.wav,Tanzania|Ifakara|cup|07-07-20 00:00,training,,anopheles_funestus_ss,raw/humbug_core/221951.wav,44100,5.06,44100,1,PCM_24,f422e3af76e7a6dc32408c622b3e8c7cd5f6cc1c43b04e2433bec55a5d9e7e3b,a010d6283af058067785d5b0b424faf9295c2d60a79414532bf832452d5df146,FROZEN_CORE_V1
221898,12.8,IFA_63_33_2513.wav,07-07-20 00:00,mosquito,an arabiensis,Female,f,Single,,LT,telinga,tascam,Tanzania,Kilombero District,Morogoro,Ifakara,cup,221898.wav,IFA_63_33_2513.wav,Tanzania|Ifakara|cup|07-07-20 00:00,training,,anopheles_arabiensis,raw/humbug_core/221898.wav,44100,12.8,44100,1,PCM_24,65173e1a7ac4b844f290492ecb629aa76f9a26dc7791f5c4b08fc4dc9b14a5b2,57c9e07e8472b83746043079f895d42178e7c516f5d29d7b28765c382e0db910,FROZEN_CORE_V1
221900,5.12,IFA_63_33_2513.wav,07-07-20 00:00,mosquito,an arabiensis,Female,f,Single,,LT,telinga,tascam,Tanzania,Kilombero District,Morogoro,Ifakara,cup,221900.wav,IFA_63_33_2513.wav,Tanzania|Ifakara|cup|07-07-20 00:00,training,,anopheles_arabiensis,raw/humbug_core/221900.wav,44100,5.119977324263038,44100,1,PCM_24,6eea1e76a8613ca7738469c00d4080df2b414810fd25abb0fc17512afc98eb22,d102066ef6cf1089c40f2e36cfa9252feec63aea0c6d16f1de08d98c98065977,FROZEN_CORE_V1
221899,10.24,IFA_63_33_2513.wav,07-07-20 00:00,mosquito,an arabiensis,Female,f,Single,,LT,telinga,tascam,Tanzania,Kilombero District,Morogoro,Ifakara,cup,221899.wav,IFA_63_33_2513.wav,Tanzania|Ifakara|cup|07-07-20 00:00,training,,anopheles_arabiensis,raw/humbug_core/221899.wav,44100,10.23997732426304,44100,1,PCM_24,aa83a21a619522d93b9fc48ecd97246a12d993fa0157393be8f96b1372bd98a9,c37210146b6587e1078adf9c4a9a7c1a82cab6b0d46e822f6b6b7539642e1769,FROZEN_CORE_V1
221901,2.5,IFA_63_33_2513.wav,07-07-20 00:00,mosquito,an arabiensis,Female,f,Single,,LT,telinga,tascam,Tanzania,Kilombero District,Morogoro,Ifakara,cup,221901.wav,IFA_63_33_2513.wav,Tanzania|Ifakara|cup|07-07-20 00:00,training,,anopheles_arabiensis,raw/humbug_core/221901.wav,44100,2.5,44100,1,PCM_24,6ec5df0d191b95443044c7a8de249e98f9d665fd056330278a096cade03255f1,4e460e13820b8f7d6b74724d4dd181d0fa647098b91f5cac208d16c10359e5f6,FROZEN_CORE_V1
221932,35.84,IFA_63_34_2514.wav,07-07-20 00:00,mosquito,an arabiensis,Female,f,Single,,LT,telinga,tascam,Tanzania,Kilombero District,Morogoro,Ifakara,cup,221932.wav,IFA_63_34_2514.wav,Tanzania|Ifakara|cup|07-07-20 00:00,training,,anopheles_arabiensis,raw/humbug_core/221932.wav,44100,35.84,44100,1,PCM_24,0d52a87d2f8af7a884fd5d1c4c4bf7cda4ffc554e09f6d9026bbcc62135cb1f5,a9d904910b3cc67bd15617c90b8067ee8479a192c1496500d95706ffbb872991,FROZEN_CORE_V1
221934,10.24,IFA_63_38_2518.wav,07-07-20 00:00,mosquito,an arabiensis,Female,f,Single,,LT,telinga,tascam,Tanzania,Kilombero District,Morogoro,Ifakara,cup,221934.wav,IFA_63_38_2518.wav,Tanzania|Ifakara|cup|07-07-20 00:00,training,,anopheles_arabiensis,raw/humbug_core/221934.wav,44100,10.24,44100,1,PCM_24,3240a9d2a6b06e1f746adf7a4a93cefaa7b39d34bb6a88f9439d4bad3b7c1342,f180c9997ec4edf528a59857aef32cd204de07dc94a75626c00b5dc2bc819060,FROZEN_CORE_V1
221933,12.8,IFA_63_38_2518.wav,07-07-20 00:00,mosquito,an arabiensis,Female,f,Single,,LT,telinga,tascam,Tanzania,Kilombero District,Morogoro,Ifakara,cup,221933.wav,IFA_63_38_2518.wav,Tanzania|Ifakara|cup|07-07-20 00:00,training,,anopheles_arabiensis,raw/humbug_core/221933.wav,44100,12.8,44100,1,PCM_24,d052d3a767472598e0810b1fc3138910235928b5505ee5de9c9277e83962e181,dea8389e476bf5d6e494774f51be986357afb9090032682631d073b134b9d27d,FROZEN_CORE_V1
221935,10.18,IFA_63_38_2518.wav,07-07-20 00:00,mosquito,an arabiensis,Female,f,Single,,LT,telinga,tascam,Tanzania,Kilombero District,Morogoro,Ifakara,cup,221935.wav,IFA_63_38_2518.wav,Tanzania|Ifakara|cup|07-07-20 00:00,training,,anopheles_arabiensis,raw/humbug_core/221935.wav,44100,10.18,44100,1,PCM_24,d8403894f4def75b2b0cf1df02a0ddcc43601c8788ded19544d12cef69820f34,c75b423d38e5061f89bfa820575fae00d2f504902cfa437d5b37f43cd44df3fc,FROZEN_CORE_V1
221912,40.9,IFA_63_39_2519.wav,07-07-20 00:00,mosquito,an funestus ss,Female,f,Single,,LT,telinga,tascam,Tanzania,Kilombero District,Morogoro,Ifakara,cup,221912.wav,IFA_63_39_2519.wav,Tanzania|Ifakara|cup|07-07-20 00:00,training,,anopheles_funestus_ss,raw/humbug_core/221912.wav,44100,40.9,44100,1,PCM_24,f2d9e1f12b821a0c18a5ec8fff01ad1ca45c242758fbb8bf5f3b91c9720e2a83,a8017ad1187b183cee24675f0adcb0ea45c054c5ff055d52ee396bd00c5d1fba,FROZEN_CORE_V1
221882,15.36,IFA_63_40_2520.wav,07-07-20 00:00,mosquito,an arabiensis,Female,f,Single,,LT,telinga,tascam,Tanzania,Kilombero District,Morogoro,Ifakara,cup,221882.wav,IFA_63_40_2520.wav,Tanzania|Ifakara|cup|07-07-20 00:00,training,,anopheles_arabiensis,raw/humbug_core/221882.wav,44100,15.36,44100,1,PCM_24,52daacbd1cdebaca8b7faa80cf7e5c655b3e2c7983a1e564dd28ccf2266d56b2,44015fddeeda27373681862be0e2e0d2135dc5d88964629c930f5e85a4f294f2,FROZEN_CORE_V1
221883,10.24,IFA_63_40_2520.wav,07-07-20 00:00,mosquito,an arabiensis,Female,f,Single,,LT,telinga,tascam,Tanzania,Kilombero District,Morogoro,Ifakara,cup,221883.wav,IFA_63_40_2520.wav,Tanzania|Ifakara|cup|07-07-20 00:00,training,,anopheles_arabiensis,raw/humbug_core/221883.wav,44100,10.24,44100,1,PCM_24,4b9da3d946cf316d115f070b2569bfa5113f34ad0e8c2ab844168e01453fb425,14d33f2d1f5a064b0c817b57d0a10a3c511367959dd0b4db358c64445068fe68,FROZEN_CORE_V1
221971,12.8,IFA_64_10_2530.wav,12-07-20 00:00,mosquito,an arabiensis,Female,f,Single,,LT,telinga,tascam,Tanzania,Kilombero District,Morogoro,Ifakara,cup,221971.wav,IFA_64_10_2530.wav,Tanzania|Ifakara|cup|12-07-20 00:00,training,,anopheles_arabiensis,raw/humbug_core/221971.wav,44100,12.8,44100,1,PCM_24,4c55a7727f3fe21f89bc3d2e3d7834733bb6b49185400ac7ac36b7fd2a25cdf7,f06e8c391e156e7e64083500d49a6fc23a947387c92c4db4d7203a1a42d89dab,FROZEN_CORE_V1
221973,10.18,IFA_64_10_2530.wav,12-07-20 00:00,mosquito,an arabiensis,Female,f,Single,,LT,telinga,tascam,Tanzania,Kilombero District,Morogoro,Ifakara,cup,221973.wav,IFA_64_10_2530.wav,Tanzania|Ifakara|cup|12-07-20 00:00,training,,anopheles_arabiensis,raw/humbug_core/221973.wav,44100,10.18,44100,1,PCM_24,b5d7e001d6d5c520d0aef39f5ac4d8c8bb0f8b63829529665c28c4e10b95cbf4,a8f56fa5781b459c91f9eec6eb84bdda253521afc7b2685649b0e7ffb08500c6,FROZEN_CORE_V1
221972,12.8,IFA_64_10_2530.wav,12-07-20 00:00,mosquito,an arabiensis,Female,f,Single,,LT,telinga,tascam,Tanzania,Kilombero District,Morogoro,Ifakara,cup,221972.wav,IFA_64_10_2530.wav,Tanzania|Ifakara|cup|12-07-20 00:00,training,,anopheles_arabiensis,raw/humbug_core/221972.wav,44100,12.8,44100,1,PCM_24,bcbae002be8da9c30690912ac06a3def4f0e9277c9f129a8d258c3777e428450,5038f5cc3def465bbe80d014b887a29d54d78a38ef308aadcb7ac6eb05b0d499,FROZEN_CORE_V1
221984,12.8,IFA_64_11_2531.wav,12-07-20 00:00,mosquito,an arabiensis,Female,f,Single,,LT,telinga,tascam,Tanzania,Kilombero District,Morogoro,Ifakara,cup,221984.wav,IFA_64_11_2531.wav,Tanzania|Ifakara|cup|12-07-20 00:00,training,,anopheles_arabiensis,raw/humbug_core/221984.wav,44100,12.8,44100,1,PCM_24,9d7792938c7ffb0c84786abc36e6b91c3ed3d3d15a146636a6c44ce69d771500,406fe54ccb584cce98ca4653a9fa742e9ad9ffd80ed3b23c98a1976b9fa2537b,FROZEN_CORE_V1
221989,46.08,IFA_64_12_2532.wav,12-07-20 00:00,mosquito,an arabiensis,Female,f,Single,,LT,telinga,tascam,Tanzania,Kilombero District,Morogoro,Ifakara,cup,221989.wav,IFA_64_12_2532.wav,Tanzania|Ifakara|cup|12-07-20 00:00,training,,anopheles_arabiensis,raw/humbug_core/221989.wav,44100,46.08,44100,1,PCM_24,bd9442019cb73f3766ce25aeff36b604a8e35a49d8f8932e048bc510311221c2,2ca78c67da5bc73249982e6dc4852205534b2b8d4c48c097be3f18229f975b57,FROZEN_CORE_V1
221990,2.5,IFA_64_12_2532.wav,12-07-20 00:00,mosquito,an arabiensis,Female,f,Single,,LT,telinga,tascam,Tanzania,Kilombero District,Morogoro,Ifakara,cup,221990.wav,IFA_64_12_2532.wav,Tanzania|Ifakara|cup|12-07-20 00:00,training,,anopheles_arabiensis,raw/humbug_core/221990.wav,44100,2.5,44100,1,PCM_24,154b5235a284ba2894b0a827daa11a5d30714486187220d7ab06f4d1ccc9566b,d4fb4de6f1d1e1e9ff105ed511f36be7e9226d20fd1092823d3e8e76da58f0d9,FROZEN_CORE_V1
221980,33.28,IFA_64_13_2533.wav,12-07-20 00:00,mosquito,an arabiensis,Female,f,Single,,LT,telinga,tascam,Tanzania,Kilombero District,Morogoro,Ifakara,cup,221980.wav,IFA_64_13_2533.wav,Tanzania|Ifakara|cup|12-07-20 00:00,training,,anopheles_arabiensis,raw/humbug_core/221980.wav,44100,33.28,44100,1,PCM_24,af0a8978303f8c05ccff02ac2b22fd39240f868c84fb0399a4af9001ebac7953,2105cd5e1ec7f9dd7917d9f5efd5080b4a16c1b4dde4e00cf161f483415ed350,FROZEN_CORE_V1
221981,10.24,IFA_64_13_2533.wav,12-07-20 00:00,mosquito,an arabiensis,Female,f,Single,,LT,telinga,tascam,Tanzania,Kilombero District,Morogoro,Ifakara,cup,221981.wav,IFA_64_13_2533.wav,Tanzania|Ifakara|cup|12-07-20 00:00,training,,anopheles_arabiensis,raw/humbug_core/221981.wav,44100,10.23997732426304,44100,1,PCM_24,b355f1dbbac1e83ea9ecfd0a59f1cdd223efcd648529329e30d084446c8e25d0,a82738e81e7bd4608cf6b5f719d7f25d7e78ccf9c14465115408268d5a9ae1cd,FROZEN_CORE_V1
221964,35.84,IFA_64_14_2534.wav,12-07-20 00:00,mosquito,an arabiensis,Female,f,Single,,LT,telinga,tascam,Tanzania,Kilombero District,Morogoro,Ifakara,cup,221964.wav,IFA_64_14_2534.wav,Tanzania|Ifakara|cup|12-07-20 00:00,training,,anopheles_arabiensis,raw/humbug_core/221964.wav,44100,35.84,44100,1,PCM_24,b4dd91b8badc96c38605a535ea343c81f8a12259d0bf29e577c28f671eab7235,dbb7e0e3b71ce67a83a74ae86936137129416aede364facf83f6b11a06aa5081,FROZEN_CORE_V1
221968,5.12,IFA_64_15_2535.wav,12-07-20 00:00,mosquito,an funestus ss,Female,f,Single,,LT,telinga,tascam,Tanzania,Kilombero District,Morogoro,Ifakara,cup,221968.wav,IFA_64_15_2535.wav,Tanzania|Ifakara|cup|12-07-20 00:00,training,,anopheles_funestus_ss,raw/humbug_core/221968.wav,44100,5.119977324263038,44100,1,PCM_24,9a90a284755ea33863d03234dd6e0d900a5bd8d9e20c9021c52a662ef68e6b8e,cd40033ee11acc532bbbb11fe99601cdf90e5dcbbe2d89e73d975f4985fb148b,FROZEN_CORE_V1
221970,2.56,IFA_64_15_2535.wav,12-07-20 00:00,mosquito,an funestus ss,Female,f,Single,,LT,telinga,tascam,Tanzania,Kilombero District,Morogoro,Ifakara,cup,221970.wav,IFA_64_15_2535.wav,Tanzania|Ifakara|cup|12-07-20 00:00,training,,anopheles_funestus_ss,raw/humbug_core/221970.wav,44100,2.56,44100,1,PCM_24,7338bc515c8d3ba35ce04b83e70c39f4c635d1de3bf9350a5b2b915629c94831,bffc8f40d7f56e2f8b4f7cfc61e2c2eef7b7ee7645da7a81e5f7fe158b3a9746,FROZEN_CORE_V1
221967,15.36,IFA_64_15_2535.wav,12-07-20 00:00,mosquito,an funestus ss,Female,f,Single,,LT,telinga,tascam,Tanzania,Kilombero District,Morogoro,Ifakara,cup,221967.wav,IFA_64_15_2535.wav,Tanzania|Ifakara|cup|12-07-20 00:00,training,,anopheles_funestus_ss,raw/humbug_core/221967.wav,44100,15.36,44100,1,PCM_24,102a415559a09061940bcc05169630b5107db11c2a487881d99490894d7f7584,b6c9302c172865b9543090f9c040736572c39d94ba58e2117c25a77c05a2f361,FROZEN_CORE_V1
221969,2.56,IFA_64_15_2535.wav,12-07-20 00:00,mosquito,an funestus ss,Female,f,Single,,LT,telinga,tascam,Tanzania,Kilombero District,Morogoro,Ifakara,cup,221969.wav,IFA_64_15_2535.wav,Tanzania|Ifakara|cup|12-07-20 00:00,training,,anopheles_funestus_ss,raw/humbug_core/221969.wav,44100,2.56,44100,1,PCM_24,4234498fac78b09633f277ccd1fab5d30420e9c507660002ada6f811a9f02f57,534f39d5342c3cb9985f3c77a30ae3540bb682006b2ef854febd7c2fcee13ddd,FROZEN_CORE_V1
221985,2.56,IFA_64_16_2536.wav,12-07-20 00:00,mosquito,an funestus ss,Female,f,Single,,LT,telinga,tascam,Tanzania,Kilombero District,Morogoro,Ifakara,cup,221985.wav,IFA_64_16_2536.wav,Tanzania|Ifakara|cup|12-07-20 00:00,training,,anopheles_funestus_ss,raw/humbug_core/221985.wav,44100,2.5599773242630386,44100,1,PCM_24,8449d2e3a05d9d208870a6bb22b2c74e3908cd62c56a1ca5c681ef3da2efd6a0,014fb84f369b1993815663ca57f34f8c0a4892f2c8dd28c173f3df2349785553,FROZEN_CORE_V1
221986,20.48,IFA_64_16_2536.wav,12-07-20 00:00,mosquito,an funestus ss,Female,f,Single,,LT,telinga,tascam,Tanzania,Kilombero District,Morogoro,Ifakara,cup,221986.wav,IFA_64_16_2536.wav,Tanzania|Ifakara|cup|12-07-20 00:00,training,,anopheles_funestus_ss,raw/humbug_core/221986.wav,44100,20.48,44100,1,PCM_24,ed414936a957b96035da4fe90496c7b0b90dc4c0c01310bbb0f6472ccf5d9199,e84641961ae903957cd13e76ffe88192a266ae1072d477361d8830056b95acf6,FROZEN_CORE_V1
221974,30.72,IFA_64_17_2537.wav,12-07-20 00:00,mosquito,an arabiensis,Female,f,Single,,LT,telinga,tascam,Tanzania,Kilombero District,Morogoro,Ifakara,cup,221974.wav,IFA_64_17_2537.wav,Tanzania|Ifakara|cup|12-07-20 00:00,training,,anopheles_arabiensis,raw/humbug_core/221974.wav,44100,30.72,44100,1,PCM_24,718a1b8e11c0fbec10043e4365f1ea01ed12a9bb8c7039f35305f2d9205b0661,4d3b470ff807c5f303691bbe9013c8bd864fd0094d40421a966e00354ce74f18,FROZEN_CORE_V1
221983,25.6,IFA_64_18_2538.wav,12-07-20 00:00,mosquito,an funestus ss,Female,f,Single,,LT,telinga,tascam,Tanzania,Kilombero District,Morogoro,Ifakara,cup,221983.wav,IFA_64_18_2538.wav,Tanzania|Ifakara|cup|12-07-20 00:00,training,,anopheles_funestus_ss,raw/humbug_core/221983.wav,44100,25.6,44100,1,PCM_24,eb4dff0c68969dbba166c135d2c0c0bdb1912bdf6d3ccaa5955f23f77ee8fefd,f17d90ca0373dad0fc062f1425c4cfd8eb22d2fcad74ad8d2421adef5903e5c8,FROZEN_CORE_V1
221982,10.24,IFA_64_18_2538.wav,12-07-20 00:00,mosquito,an funestus ss,Female,f,Single,,LT,telinga,tascam,Tanzania,Kilombero District,Morogoro,Ifakara,cup,221982.wav,IFA_64_18_2538.wav,Tanzania|Ifakara|cup|12-07-20 00:00,training,,anopheles_funestus_ss,raw/humbug_core/221982.wav,44100,10.23997732426304,44100,1,PCM_24,af81b9f61b96242d22fa0cd5f3dc996b3912f28a3c39508713ff58be60fb3806,098598c9a12dacb56f82005db644226dc1917e8e46f7d8b7084feec93b7fd481,FROZEN_CORE_V1
221988,12.8,IFA_64_19_2539.wav,12-07-20 00:00,mosquito,an funestus ss,Female,f,Single,,LT,telinga,tascam,Tanzania,Kilombero District,Morogoro,Ifakara,cup,221988.wav,IFA_64_19_2539.wav,Tanzania|Ifakara|cup|12-07-20 00:00,training,,anopheles_funestus_ss,raw/humbug_core/221988.wav,44100,12.799977324263038,44100,1,PCM_24,a7c5fd69f615483b6f7123fb13774870cd8e9ed4ba53890249af52d9487d58b3,6c9c5a8a50de995c92e0888f281fe4e00d66c0a32edf47e9f0741c4460359902,FROZEN_CORE_V1
221987,23.04,IFA_64_19_2539.wav,12-07-20 00:00,mosquito,an funestus ss,Female,f,Single,,LT,telinga,tascam,Tanzania,Kilombero District,Morogoro,Ifakara,cup,221987.wav,IFA_64_19_2539.wav,Tanzania|Ifakara|cup|12-07-20 00:00,training,,anopheles_funestus_ss,raw/humbug_core/221987.wav,44100,23.04,44100,1,PCM_24,0bc623d021f7c6d114e395525b881a0669e909f4c0624686f3496a39fad2d25b,713dbba1abffabcf00a7376f36193410125f3c2d3214daa712f15525fd0318e2,FROZEN_CORE_V1
221966,5.06,IFA_64_20_2540.wav,12-07-20 00:00,mosquito,an funestus ss,Female,f,Single,,LT,telinga,tascam,Tanzania,Kilombero District,Morogoro,Ifakara,cup,221966.wav,IFA_64_20_2540.wav,Tanzania|Ifakara|cup|12-07-20 00:00,training,,anopheles_funestus_ss,raw/humbug_core/221966.wav,44100,5.059977324263039,44100,1,PCM_24,5998ed405e495b983cfb45e599451dbdc6d58bea7bb6720af5c7deacc23562a3,c519cb5955f09eb191e2af297995c01a4aea7d272dbda3489ab0c1b2adeb4546,FROZEN_CORE_V1
221965,12.8,IFA_64_20_2540.wav,12-07-20 00:00,mosquito,an funestus ss,Female,f,Single,,LT,telinga,tascam,Tanzania,Kilombero District,Morogoro,Ifakara,cup,221965.wav,IFA_64_20_2540.wav,Tanzania|Ifakara|cup|12-07-20 00:00,training,,anopheles_funestus_ss,raw/humbug_core/221965.wav,44100,12.8,44100,1,PCM_24,4d9773e6a11bb8657e8eeb3a8b4b688aa5eb7b21d4bbbdaaf3d7f2d467c0768d,6045497799a2176176580dbb61da74282a1755e8b9ce661ec3809cd828f42c9a,FROZEN_CORE_V1
221978,5.12,IFA_64_21_2541.wav,12-07-20 00:00,mosquito,an funestus ss,Female,f,Single,,LT,telinga,tascam,Tanzania,Kilombero District,Morogoro,Ifakara,cup,221978.wav,IFA_64_21_2541.wav,Tanzania|Ifakara|cup|12-07-20 00:00,training,,anopheles_funestus_ss,raw/humbug_core/221978.wav,44100,5.12,44100,1,PCM_24,e7de9e27af0a7475632a16d33cf8390cde129c0431ac9e1daaffe81f3df3d56e,84eb8a389496942033d795ac4169a3c4aa41380eddb4d632087a7f3fc14aa02d,FROZEN_CORE_V1
221979,5.12,IFA_64_21_2541.wav,12-07-20 00:00,mosquito,an funestus ss,Female,f,Single,,LT,telinga,tascam,Tanzania,Kilombero District,Morogoro,Ifakara,cup,221979.wav,IFA_64_21_2541.wav,Tanzania|Ifakara|cup|12-07-20 00:00,training,,anopheles_funestus_ss,raw/humbug_core/221979.wav,44100,5.119977324263038,44100,1,PCM_24,7b114ece101fd4abab197a612ee92926ed8329b2cbbbc6015926ca70f6515779,57ec67567e43d302020f0e1be21f4ea3f7bc5bf7ed84c1a29dd7bf8bf83b1a9b,FROZEN_CORE_V1
221992,25.54,IFA_64_22_2542.wav,12-07-20 00:00,mosquito,an arabiensis,Female,f,Single,,LT,telinga,tascam,Tanzania,Kilombero District,Morogoro,Ifakara,cup,221992.wav,IFA_64_22_2542.wav,Tanzania|Ifakara|cup|12-07-20 00:00,training,,anopheles_arabiensis,raw/humbug_core/221992.wav,44100,25.54,44100,1,PCM_24,481a8612cb0dad8214bbae3e510c73891ff033b09548c0288bd414c6da35a773,66e8b524960cbb6e6eee274b13bf23622c844b1f89e3ca629d194d74f4436207,FROZEN_CORE_V1
221991,15.36,IFA_64_22_2542.wav,12-07-20 00:00,mosquito,an arabiensis,Female,f,Single,,LT,telinga,tascam,Tanzania,Kilombero District,Morogoro,Ifakara,cup,221991.wav,IFA_64_22_2542.wav,Tanzania|Ifakara|cup|12-07-20 00:00,training,,anopheles_arabiensis,raw/humbug_core/221991.wav,44100,15.36,44100,1,PCM_24,537d9c59070f66433b31c8348338f2d45eff8c427d8f7ac039c8c18a4455aa6f,dfa23b2bfc1be2ced66d9bbff40c1cb93732f73309b8101a8fd0659756e51db4,FROZEN_CORE_V1
221962,20.48,IFA_64_24_2544.wav,12-07-20 00:00,mosquito,an funestus ss,Female,f,Single,,LT,telinga,tascam,Tanzania,Kilombero District,Morogoro,Ifakara,cup,221962.wav,IFA_64_24_2544.wav,Tanzania|Ifakara|cup|12-07-20 00:00,training,,anopheles_funestus_ss,raw/humbug_core/221962.wav,44100,20.48,44100,1,PCM_24,68e93f0d30e48400b18bd7dbcaeee889af07a58259931b895007019e9a67fcea,f56a0459485ea820f5ad5cea41a3cce44d8af559b27c688d69df86fa27336647,FROZEN_CORE_V1
221963,5.12,IFA_64_24_2544.wav,12-07-20 00:00,mosquito,an funestus ss,Female,f,Single,,LT,telinga,tascam,Tanzania,Kilombero District,Morogoro,Ifakara,cup,221963.wav,IFA_64_24_2544.wav,Tanzania|Ifakara|cup|12-07-20 00:00,training,,anopheles_funestus_ss,raw/humbug_core/221963.wav,44100,5.119977324263038,44100,1,PCM_24,fd2c66c4f2b5ae7bd136531b9aba5a819b4791b48e85a93805f02af2651c7c8b,b9bf9b452285cf2d166e1563fccef49a2f728532fb32aba04ee2aa4dc01cdf6f,FROZEN_CORE_V1
221976,10.24,IFA_64_25_2545.wav,12-07-20 00:00,mosquito,an funestus ss,Female,f,Single,,LT,telinga,tascam,Tanzania,Kilombero District,Morogoro,Ifakara,cup,221976.wav,IFA_64_25_2545.wav,Tanzania|Ifakara|cup|12-07-20 00:00,training,,anopheles_funestus_ss,raw/humbug_core/221976.wav,44100,10.24,44100,1,PCM_24,330640cea47bcac24322963b77e7a7affcb802cc7691ff88700b49afd2514034,c6b9d1035a676b31d856de3f438a46825a6a5acc0ffc3c326efad0586e865da0,FROZEN_CORE_V1
221977,10.24,IFA_64_25_2545.wav,12-07-20 00:00,mosquito,an funestus ss,Female,f,Single,,LT,telinga,tascam,Tanzania,Kilombero District,Morogoro,Ifakara,cup,221977.wav,IFA_64_25_2545.wav,Tanzania|Ifakara|cup|12-07-20 00:00,training,,anopheles_funestus_ss,raw/humbug_core/221977.wav,44100,10.23997732426304,44100,1,PCM_24,5dc8c46c9df5085e5357e733e75363f88c0e4ab5cb6b891010ab8f66f4e3ccfe,10fdf0f6a82655a8bb85e4534632cebe3e30945679561e27165fa7697b607768,FROZEN_CORE_V1
222256,25.54,IFA_69_26_2746.wav,20-07-20 00:00,mosquito,an arabiensis,Female,f,Single,,LT,telinga,tascam,Tanzania,Kilombero District,Morogoro,Ifakara,cup,222256.wav,IFA_69_26_2746.wav,Tanzania|Ifakara|cup|20-07-20 00:00,training,,anopheles_arabiensis,raw/humbug_core/222256.wav,44100,25.54,44100,1,PCM_24,4417e6fd0f9808242721195d03986df837d8ecca16cbb73b87f4e41bee6edda0,303d11e3b4b663f41896fc48de8c226f034d0d7ac87622f185bea6b67e6666c7,FROZEN_CORE_V1
222239,38.4,IFA_69_32_2752.wav,20-07-20 00:00,mosquito,an arabiensis,Female,f,Single,,LT,telinga,tascam,Tanzania,Kilombero District,Morogoro,Ifakara,cup,222239.wav,IFA_69_32_2752.wav,Tanzania|Ifakara|cup|20-07-20 00:00,training,,anopheles_arabiensis,raw/humbug_core/222239.wav,44100,38.4,44100,1,PCM_24,ff69b8eea018581224206bf3e2ece62b9719ccde8535058453bf834127fdafd2,6344c23263c9174ddd5e169f59f204806927a197d97f7cabd437654cce4e1bb8,FROZEN_CORE_V1
222244,7.68,IFA_69_35_2755.wav,20-07-20 00:00,mosquito,an arabiensis,Female,f,Single,,LT,telinga,tascam,Tanzania,Kilombero District,Morogoro,Ifakara,cup,222244.wav,IFA_69_35_2755.wav,Tanzania|Ifakara|cup|20-07-20 00:00,training,,anopheles_arabiensis,raw/humbug_core/222244.wav,44100,7.68,44100,1,PCM_24,e30dd3b2b038fc988c3d8b66da94df4d3c0d68581a4be50a0beca729541a7d1f,3cf7d54ae37f916a61c94e0d700e6b90ba04481956d47dbf66553ffe9fd39b45,FROZEN_CORE_V1
222243,20.48,IFA_69_35_2755.wav,20-07-20 00:00,mosquito,an arabiensis,Female,f,Single,,LT,telinga,tascam,Tanzania,Kilombero District,Morogoro,Ifakara,cup,222243.wav,IFA_69_35_2755.wav,Tanzania|Ifakara|cup|20-07-20 00:00,training,,anopheles_arabiensis,raw/humbug_core/222243.wav,44100,20.47997732426304,44100,1,PCM_24,5e893492a6de5fe88e53ae656e311d89fc0d3996f5f11882f3e72a5ff5b9f1d3,34240c73c9a46aaeacc162f107fcd77a90622ab647af78662850aa68f5487337,FROZEN_CORE_V1
222242,2.56,IFA_69_35_2755.wav,20-07-20 00:00,mosquito,an arabiensis,Female,f,Single,,LT,telinga,tascam,Tanzania,Kilombero District,Morogoro,Ifakara,cup,222242.wav,IFA_69_35_2755.wav,Tanzania|Ifakara|cup|20-07-20 00:00,training,,anopheles_arabiensis,raw/humbug_core/222242.wav,44100,2.5599773242630386,44100,1,PCM_24,3cafb31a1275d0d597357ce46742c739a885bfbdaea748de11c84ca98b08df45,64a849a016373ebe3df6eee83719c67f77accbf3178cd6747ac3a03970546b0c,FROZEN_CORE_V1
222248,35.78,IFA_70_10_2770.wav,20-07-20 00:00,mosquito,an arabiensis,Female,f,Single,,LT,telinga,tascam,Tanzania,Kilombero District,Morogoro,Ifakara,cup,222248.wav,IFA_70_10_2770.wav,Tanzania|Ifakara|cup|20-07-20 00:00,training,,anopheles_arabiensis,raw/humbug_core/222248.wav,44100,35.78,44100,1,PCM_24,ee023f8edc3c12e76e793be5f6bf6a42310d62b2299d69bb4859aaf917231982,bdf774d323a9c5f240b8b563c4e3ee0ab936dee98d4755de53fdf5a5028d7a07,FROZEN_CORE_V1
222266,5.12,IFA_70_11_2771.wav,20-07-20 00:00,mosquito,an arabiensis,Female,f,Single,,LT,telinga,tascam,Tanzania,Kilombero District,Morogoro,Ifakara,cup,222266.wav,IFA_70_11_2771.wav,Tanzania|Ifakara|cup|20-07-20 00:00,training,,anopheles_arabiensis,raw/humbug_core/222266.wav,44100,5.12,44100,1,PCM_24,4a1e1cb814d44f3e4ea92339ae91f8f3044be3a611f83fea74981939a88cfcef,c66d180226f8ddf6c9ca0b676f149d412f1a27f451d9ba03e6fb6e311f6d0acf,FROZEN_CORE_V1
222265,10.24,IFA_70_11_2771.wav,20-07-20 00:00,mosquito,an arabiensis,Female,f,Single,,LT,telinga,tascam,Tanzania,Kilombero District,Morogoro,Ifakara,cup,222265.wav,IFA_70_11_2771.wav,Tanzania|Ifakara|cup|20-07-20 00:00,training,,anopheles_arabiensis,raw/humbug_core/222265.wav,44100,10.23997732426304,44100,1,PCM_24,709c600961e7d1e19fd24a2dd95ffa4d34b92f0a15e62803898791260ff6dfdb,64ecb2d8c92b0cb884a012b2a02aa090547d54ec78eecfe66f35e02ec4804cfe,FROZEN_CORE_V1
222264,5.12,IFA_70_11_2771.wav,20-07-20 00:00,mosquito,an arabiensis,Female,f,Single,,LT,telinga,tascam,Tanzania,Kilombero District,Morogoro,Ifakara,cup,222264.wav,IFA_70_11_2771.wav,Tanzania|Ifakara|cup|20-07-20 00:00,training,,anopheles_arabiensis,raw/humbug_core/222264.wav,44100,5.12,44100,1,PCM_24,b08c829d06e95220cb05bb9039227d33c2dbaada2f6bf9e7e83403c62c3d3129,b50e0f9f454ed515059d5b1f7c2fe2ad7b94c783efcdd2165bca0cec2fc4010b,FROZEN_CORE_V1
222245,33.22,IFA_70_12_2772.wav,20-07-20 00:00,mosquito,an arabiensis,Female,f,Single,,LT,telinga,tascam,Tanzania,Kilombero District,Morogoro,Ifakara,cup,222245.wav,IFA_70_12_2772.wav,Tanzania|Ifakara|cup|20-07-20 00:00,training,,anopheles_arabiensis,raw/humbug_core/222245.wav,44100,33.22,44100,1,PCM_24,bb1231bb48c5bedd929461462c57af9fa5b7b5e4011893390b3b80d9bd3eb053,28dd7f39db3aff05272a787f139a519ca739d40658e92069e6eb0e68c21c90c2,FROZEN_CORE_V1
222241,33.28,IFA_70_16_2776.wav,20-07-20 00:00,mosquito,an arabiensis,Female,f,Single,,LT,telinga,tascam,Tanzania,Kilombero District,Morogoro,Ifakara,cup,222241.wav,IFA_70_16_2776.wav,Tanzania|Ifakara|cup|20-07-20 00:00,training,,anopheles_arabiensis,raw/humbug_core/222241.wav,44100,33.28,44100,1,PCM_24,79d45b042d27cb028a13b51106c367bc22aab2aa70d88e251bf4965480e36f48,525996e4694b158456c922b0d372b95a0c99904d54ce29f54ee9bdfb7d743189,FROZEN_CORE_V1
222247,51.2,IFA_70_18_2778.wav,20-07-20 00:00,mosquito,an funestus ss,Female,f,Single,,LT,telinga,tascam,Tanzania,Kilombero District,Morogoro,Ifakara,cup,222247.wav,IFA_70_18_2778.wav,Tanzania|Ifakara|cup|20-07-20 00:00,training,,anopheles_funestus_ss,raw/humbug_core/222247.wav,44100,51.2,44100,1,PCM_24,6f1c8eb60a10389b5e22cfd943157db1b969fb8d59d759dea367fb343c98b209,e5ccf453c4e3155d9c55fe0e72db8cc45f7dcbb4697b6f16500e35395b0010b0,FROZEN_CORE_V1
222309,43.46,IFA_70_32_2792.wav,21-07-20 00:00,mosquito,an arabiensis,Female,f,Single,,LT,telinga,tascam,Tanzania,Kilombero District,Morogoro,Ifakara,cup,222309.wav,IFA_70_32_2792.wav,Tanzania|Ifakara|cup|21-07-20 00:00,training,,anopheles_arabiensis,raw/humbug_core/222309.wav,44100,43.46,44100,1,PCM_24,ba72ed512caad93fd73d5361d09f200d7522415865e7747cf32536d74ccf3ec4,14bbf72e51067f95183839df61705eaad64c9a7128dc674812888ee9a1176776,FROZEN_CORE_V1
222300,53.7,IFA_70_34_2794.wav,21-07-20 00:00,mosquito,an arabiensis,Female,f,Single,,LT,telinga,tascam,Tanzania,Kilombero District,Morogoro,Ifakara,cup,222300.wav,IFA_70_34_2794.wav,Tanzania|Ifakara|cup|21-07-20 00:00,training,,anopheles_arabiensis,raw/humbug_core/222300.wav,44100,53.7,44100,1,PCM_24,7defab0e37a08c2e2db545db6832ec4defa9fd77abc378756141966709b58800,373af9e629f50c82f9f85504860bae059d036ac02f319b26f341598c5c41875f,FROZEN_CORE_V1
222276,53.7,IFA_70_35_2795.wav,21-07-20 00:00,mosquito,an arabiensis,Female,f,Single,,LT,telinga,tascam,Tanzania,Kilombero District,Morogoro,Ifakara,cup,222276.wav,IFA_70_35_2795.wav,Tanzania|Ifakara|cup|21-07-20 00:00,training,,anopheles_arabiensis,raw/humbug_core/222276.wav,44100,53.7,44100,1,PCM_24,f69e33124497328a75b6f3dfa6e5ba34cd2ecfbbcf9bb6d487b24d80574e4059,2e95dada7f1dd9e83c48292c786b1b83b68a72b713ce7c1ea4dc6630e2ad7304,FROZEN_CORE_V1
222273,48.64,IFA_70_36_2796.wav,21-07-20 00:00,mosquito,an arabiensis,Female,f,Single,,LT,telinga,tascam,Tanzania,Kilombero District,Morogoro,Ifakara,cup,222273.wav,IFA_70_36_2796.wav,Tanzania|Ifakara|cup|21-07-20 00:00,training,,anopheles_arabiensis,raw/humbug_core/222273.wav,44100,48.64,44100,1,PCM_24,7047ca531606982fcf96a07263f6d0d4e15accea072b0f2712de3b19d851245b,0fd037bc6cfaf96c7d8f8448cffb59d90f953935b9332ffc8b5fb99452f9569d,FROZEN_CORE_V1
222302,15.36,IFA_70_38_2798.wav,21-07-20 00:00,mosquito,an arabiensis,Female,f,Single,,LT,telinga,tascam,Tanzania,Kilombero District,Morogoro,Ifakara,cup,222302.wav,IFA_70_38_2798.wav,Tanzania|Ifakara|cup|21-07-20 00:00,training,,anopheles_arabiensis,raw/humbug_core/222302.wav,44100,15.36,44100,1,PCM_24,f0273ad543b08e69862423ffbc0ac71217b312aba322010fbd9ee7b647cdae9d,daf6b8e91b1e4f7184c407b06f01d1a70fc8b2b993f87564ca003014ff2f9e8d,FROZEN_CORE_V1
222301,25.6,IFA_70_38_2798.wav,21-07-20 00:00,mosquito,an arabiensis,Female,f,Single,,LT,telinga,tascam,Tanzania,Kilombero District,Morogoro,Ifakara,cup,222301.wav,IFA_70_38_2798.wav,Tanzania|Ifakara|cup|21-07-20 00:00,training,,anopheles_arabiensis,raw/humbug_core/222301.wav,44100,25.6,44100,1,PCM_24,bd86c06724d3771a7c02333c31ac496af304d0356b88b4d2d80c35361415ad61,5b14a29cf0a0a44058afe78b7e12b38d1ff857b99929e33787196212a13dbb6c,FROZEN_CORE_V1
222305,79.36,IFA_70_39_2799.wav,21-07-20 00:00,mosquito,an arabiensis,Female,f,Single,,LT,telinga,tascam,Tanzania,Kilombero District,Morogoro,Ifakara,cup,222305.wav,IFA_70_39_2799.wav,Tanzania|Ifakara|cup|21-07-20 00:00,training,,anopheles_arabiensis,raw/humbug_core/222305.wav,44100,79.36,44100,1,PCM_24,f001961c4aed0980ba6026742568ea19b8152814e27989a2187f5551163ce896,c0f03aafd117770e104e7cea4962838f9118a57688d11f5e22abb7922842c8c7,FROZEN_CORE_V1
222287,40.9,IFA_70_40_2800.wav,21-07-20 00:00,mosquito,an arabiensis,Female,f,Single,,LT,telinga,tascam,Tanzania,Kilombero District,Morogoro,Ifakara,cup,222287.wav,IFA_70_40_2800.wav,Tanzania|Ifakara|cup|21-07-20 00:00,training,,anopheles_arabiensis,raw/humbug_core/222287.wav,44100,40.9,44100,1,PCM_24,81433573f5e3362dd814c88c39b057e61075d4ce240bcd72c15c8b73fc7cdc37,cd4e58faecd7e726f02dafec28d415880648beb62c45a1c0b70cadcc263f9252,FROZEN_CORE_V1
222274,40.96,IFA_71_10_2810.wav,21-07-20 00:00,mosquito,an arabiensis,Female,f,Single,,LT,telinga,tascam,Tanzania,Kilombero District,Morogoro,Ifakara,cup,222274.wav,IFA_71_10_2810.wav,Tanzania|Ifakara|cup|21-07-20 00:00,training,,anopheles_arabiensis,raw/humbug_core/222274.wav,44100,40.96,44100,1,PCM_24,f46334a88a4c60d4d076c7576642b195f6cecee171a9b7237e15c5861b8f1b1c,9d6a22029ca039f6970c593b857ee7f9032afd0529667a948a34974d46dda45a,FROZEN_CORE_V1
222304,2.56,IFA_71_11_2811.wav,21-07-20 00:00,mosquito,an funestus ss,Female,f,Single,,LT,telinga,tascam,Tanzania,Kilombero District,Morogoro,Ifakara,cup,222304.wav,IFA_71_11_2811.wav,Tanzania|Ifakara|cup|21-07-20 00:00,training,,anopheles_funestus_ss,raw/humbug_core/222304.wav,44100,2.5599773242630386,44100,1,PCM_24,77e93fc6ea39a620e459a083481de5e9cee66a750da7a43ee77b23dc0a4a8ecb,36f83f4964ba5ef2e7be327743ffdfd73809293bb44ca98462476fe3136505f8,FROZEN_CORE_V1
222303,25.6,IFA_71_11_2811.wav,21-07-20 00:00,mosquito,an funestus ss,Female,f,Single,,LT,telinga,tascam,Tanzania,Kilombero District,Morogoro,Ifakara,cup,222303.wav,IFA_71_11_2811.wav,Tanzania|Ifakara|cup|21-07-20 00:00,training,,anopheles_funestus_ss,raw/humbug_core/222303.wav,44100,25.6,44100,1,PCM_24,8c8c121312953018dd82510f5fa90c0db9b1d86079635ff7437cb8170d30b1dd,94895bb33175718b2079e73bb4a495537449325f10f768ce5513ed3b785fac5c,FROZEN_CORE_V1
222290,15.36,IFA_71_12_2812.wav,21-07-20 00:00,mosquito,an arabiensis,Female,f,Single,,LT,telinga,tascam,Tanzania,Kilombero District,Morogoro,Ifakara,cup,222290.wav,IFA_71_12_2812.wav,Tanzania|Ifakara|cup|21-07-20 00:00,training,,anopheles_arabiensis,raw/humbug_core/222290.wav,44100,15.36,44100,1,PCM_24,1c93cc7a5b6339374ccf5e1867f68b141fd0b6cc523428dda1efd56e35db6360,4471a3658dc7db692f18e7a2e1e17d357af26fed73852f78d9797f993cf74456,FROZEN_CORE_V1
222294,7.68,IFA_71_13_2813.wav,21-07-20 00:00,mosquito,an arabiensis,Female,f,Single,,LT,telinga,tascam,Tanzania,Kilombero District,Morogoro,Ifakara,cup,222294.wav,IFA_71_13_2813.wav,Tanzania|Ifakara|cup|21-07-20 00:00,training,,anopheles_arabiensis,raw/humbug_core/222294.wav,44100,7.68,44100,1,PCM_24,c0b939c1abc66ce51e5624a888efb1893c2743a7afc32bf49db82a0e5409c973,8da6cf624a6f89df2def0d4ba6632ec9b3c7cb90827548785dea91f0b1afe8f1,FROZEN_CORE_V1
222293,17.92,IFA_71_13_2813.wav,21-07-20 00:00,mosquito,an arabiensis,Female,f,Single,,LT,telinga,tascam,Tanzania,Kilombero District,Morogoro,Ifakara,cup,222293.wav,IFA_71_13_2813.wav,Tanzania|Ifakara|cup|21-07-20 00:00,training,,anopheles_arabiensis,raw/humbug_core/222293.wav,44100,17.919977324263037,44100,1,PCM_24,0ef52ca67fad521af1f55b5aabdc2a6261e4da679a722aa3e46f449257525e29,27edc00dd9a0990cfabc83154b5fbe4ae54e5f00938c3c67756f4bbaa33f4f01,FROZEN_CORE_V1
222295,7.68,IFA_71_13_2813.wav,21-07-20 00:00,mosquito,an arabiensis,Female,f,Single,,LT,telinga,tascam,Tanzania,Kilombero District,Morogoro,Ifakara,cup,222295.wav,IFA_71_13_2813.wav,Tanzania|Ifakara|cup|21-07-20 00:00,training,,anopheles_arabiensis,raw/humbug_core/222295.wav,44100,7.68,44100,1,PCM_24,de2281ee67c4a0eb0d13a1957e0a14f0442e63924494feb9ee9337aa0bcdc1b7,554e34f5659d9f63770835814e279f702a1166450837ec42c3459a87c96497ab,FROZEN_CORE_V1
222296,7.68,IFA_71_13_2813.wav,21-07-20 00:00,mosquito,an arabiensis,Female,f,Single,,LT,telinga,tascam,Tanzania,Kilombero District,Morogoro,Ifakara,cup,222296.wav,IFA_71_13_2813.wav,Tanzania|Ifakara|cup|21-07-20 00:00,training,,anopheles_arabiensis,raw/humbug_core/222296.wav,44100,7.68,44100,1,PCM_24,9e8041b611d22c6f9ddc44af078726a457873c7925bf972c7d565db2234b0f19,595fd2845916ad61258c3411295e52d885ab35bb05847c9bd2b8f7e1f6930448,FROZEN_CORE_V1
222299,43.46,IFA_71_14_2814.wav,21-07-20 00:00,mosquito,an funestus ss,Female,f,Single,,LT,telinga,tascam,Tanzania,Kilombero District,Morogoro,Ifakara,cup,222299.wav,IFA_71_14_2814.wav,Tanzania|Ifakara|cup|21-07-20 00:00,training,,anopheles_funestus_ss,raw/humbug_core/222299.wav,44100,43.459977324263036,44100,1,PCM_24,fa26072c6d09d1b8ef433906ef1849c617f49c89b91779e665fcd92757588e5c,06d5a5a347cee1a7aae152c719cf2650970bde577739ed3f297b1b4e78ce8f1f,FROZEN_CORE_V1
222298,5.12,IFA_71_14_2814.wav,21-07-20 00:00,mosquito,an funestus ss,Female,f,Single,,LT,telinga,tascam,Tanzania,Kilombero District,Morogoro,Ifakara,cup,222298.wav,IFA_71_14_2814.wav,Tanzania|Ifakara|cup|21-07-20 00:00,training,,anopheles_funestus_ss,raw/humbug_core/222298.wav,44100,5.12,44100,1,PCM_24,639ad12f21af51485436a03384b8a7506f7b155b4689fef0162bec3e529e3498,631910538f9e88b8806f2a38950ac1c319c3aaece25a21040c361784a29f247b,FROZEN_CORE_V1
222284,7.68,IFA_71_16_2816.wav,21-07-20 00:00,mosquito,an funestus ss,Female,f,Single,,LT,telinga,tascam,Tanzania,Kilombero District,Morogoro,Ifakara,cup,222284.wav,IFA_71_16_2816.wav,Tanzania|Ifakara|cup|21-07-20 00:00,training,,anopheles_funestus_ss,raw/humbug_core/222284.wav,44100,7.68,44100,1,PCM_24,d3923d7d493cc2a24323cfa859e5da3b4be2eb4c6dedcb759aaa759b49d5f56b,96bd9baa687c2e6f414877b30a7400a57247bf22c90e6d8d15bec3cbe4e7b6a4,FROZEN_CORE_V1
222286,20.42,IFA_71_16_2816.wav,21-07-20 00:00,mosquito,an funestus ss,Female,f,Single,,LT,telinga,tascam,Tanzania,Kilombero District,Morogoro,Ifakara,cup,222286.wav,IFA_71_16_2816.wav,Tanzania|Ifakara|cup|21-07-20 00:00,training,,anopheles_funestus_ss,raw/humbug_core/222286.wav,44100,20.42,44100,1,PCM_24,aee475b620624d4e4306676cc40323ed2d17ec2aa6857ef4356f10ed8a9b4d19,7a771a1b9c894e74612a01a1a2729cfe42f19820b2b4660a4713130fcb9946ae,FROZEN_CORE_V1
222285,20.48,IFA_71_16_2816.wav,21-07-20 00:00,mosquito,an funestus ss,Female,f,Single,,LT,telinga,tascam,Tanzania,Kilombero District,Morogoro,Ifakara,cup,222285.wav,IFA_71_16_2816.wav,Tanzania|Ifakara|cup|21-07-20 00:00,training,,anopheles_funestus_ss,raw/humbug_core/222285.wav,44100,20.48,44100,1,PCM_24,90e7fbc7a4267ccc04b3d4debd409997581f220243a7fef1067a6faf509856c7,0037c8edbec69fe28528e2c1c88cfeb353471dbf2b3434b318936e2fa6e01134,FROZEN_CORE_V1
222289,40.96,IFA_71_18_2818.wav,21-07-20 00:00,mosquito,an funestus ss,Female,f,Single,,LT,telinga,tascam,Tanzania,Kilombero District,Morogoro,Ifakara,cup,222289.wav,IFA_71_18_2818.wav,Tanzania|Ifakara|cup|21-07-20 00:00,training,,anopheles_funestus_ss,raw/humbug_core/222289.wav,44100,40.96,44100,1,PCM_24,d7e0df0317f1e1bcf58dc30bf9bd1e5dfeb4480eb27202ed5441b32585c3f825,e65bee567da67f2a0fc8d2824dc212366ec6a9da0bed28c854b52a7e6d892ef6,FROZEN_CORE_V1
222278,40.96,IFA_71_19_2819.wav,21-07-20 00:00,mosquito,an funestus ss,Female,f,Single,,LT,telinga,tascam,Tanzania,Kilombero District,Morogoro,Ifakara,cup,222278.wav,IFA_71_19_2819.wav,Tanzania|Ifakara|cup|21-07-20 00:00,training,,anopheles_funestus_ss,raw/humbug_core/222278.wav,44100,40.96,44100,1,PCM_24,6e97fc29855ebbc5e4c037ca9747a41bdee60f1f2f37f776cf63db81a23df6bb,1250d39a8ffb3499870935bbf0837580aa518035102312bce476da5919b2e399,FROZEN_CORE_V1
222279,10.24,IFA_71_19_2819.wav,21-07-20 00:00,mosquito,an funestus ss,Female,f,Single,,LT,telinga,tascam,Tanzania,Kilombero District,Morogoro,Ifakara,cup,222279.wav,IFA_71_19_2819.wav,Tanzania|Ifakara|cup|21-07-20 00:00,training,,anopheles_funestus_ss,raw/humbug_core/222279.wav,44100,10.24,44100,1,PCM_24,aad8bf6ab0292ff129f3b755b7dd83d28267046bf46b95ed7aab128e3c98733d,f1ee291e8550e6b858d21339ba0fbb214498bca881d905fc53e9a7e7be795058,FROZEN_CORE_V1
222280,46.08,IFA_71_21_2821.wav,21-07-20 00:00,mosquito,an funestus ss,Female,f,Single,,LT,telinga,tascam,Tanzania,Kilombero District,Morogoro,Ifakara,cup,222280.wav,IFA_71_21_2821.wav,Tanzania|Ifakara|cup|21-07-20 00:00,training,,anopheles_funestus_ss,raw/humbug_core/222280.wav,44100,46.08,44100,1,PCM_24,e239d784e21233d23b5cd0b621bdd282bc5efab3d39453bbca1e43e4eb2641db,92e89be3625c1e37975fba01400253053699b005d4f4cebf275251a7bf67161d,FROZEN_CORE_V1
222314,43.46,IFA_72_12_2852.wav,27-07-20 00:00,mosquito,an arabiensis,Female,f,Single,,LT,telinga,tascam,Tanzania,Kilombero District,Morogoro,Ifakara,cup,222314.wav,IFA_72_12_2852.wav,Tanzania|Ifakara|cup|27-07-20 00:00,training,,anopheles_arabiensis,raw/humbug_core/222314.wav,44100,43.46,44100,1,PCM_24,edaca244fab28895a55d1ab21daeed0884b2a7351efce011762ef5d611fd58e7,a4aeb77596a2688b21931228ac73756bf55ae8f2974229e486f2b62590eea5c7,FROZEN_CORE_V1
222326,35.78,IFA_72_13_2853.wav,27-07-20 00:00,mosquito,an arabiensis,Female,f,Single,,LT,telinga,tascam,Tanzania,Kilombero District,Morogoro,Ifakara,cup,222326.wav,IFA_72_13_2853.wav,Tanzania|Ifakara|cup|27-07-20 00:00,training,,anopheles_arabiensis,raw/humbug_core/222326.wav,44100,35.78,44100,1,PCM_24,81426bc7372084c89348b23203b858a5a8a97b14af9aa98af5c9f6da9103eaf4,0aa40107b0dcfc42158666a9024e5384e49d510a65e979f4717db858d2ca47ed,FROZEN_CORE_V1
222317,38.34,IFA_72_14_2854.wav,27-07-20 00:00,mosquito,an arabiensis,Female,f,Single,,LT,telinga,tascam,Tanzania,Kilombero District,Morogoro,Ifakara,cup,222317.wav,IFA_72_14_2854.wav,Tanzania|Ifakara|cup|27-07-20 00:00,training,,anopheles_arabiensis,raw/humbug_core/222317.wav,44100,38.34,44100,1,PCM_24,6de54defe2a09f73b2caf6033f0c09fe580058fe08587f44e9a7347288a3e8fb,1fb0b0089c128afb46c64715d6ac76d230c889fe13b33ef4d5fa74858e91bc36,FROZEN_CORE_V1
222316,40.9,IFA_72_16_2856.wav,27-07-20 00:00,mosquito,an funestus ss,Female,f,Single,,LT,telinga,tascam,Tanzania,Kilombero District,Morogoro,Ifakara,cup,222316.wav,IFA_72_16_2856.wav,Tanzania|Ifakara|cup|27-07-20 00:00,training,,anopheles_funestus_ss,raw/humbug_core/222316.wav,44100,40.9,44100,1,PCM_24,375da6737c5fdb63bc41dae90cc349a8634a898bcafa091c8c7475ed5121b688,08207c14b8a17da2491d1db6cc531adac1322c624f89f96a669264a201f9d165,FROZEN_CORE_V1
222310,40.9,IFA_72_17_2857.wav,27-07-20 00:00,mosquito,an arabiensis,Female,f,Single,,LT,telinga,tascam,Tanzania,Kilombero District,Morogoro,Ifakara,cup,222310.wav,IFA_72_17_2857.wav,Tanzania|Ifakara|cup|27-07-20 00:00,training,,anopheles_arabiensis,raw/humbug_core/222310.wav,44100,40.9,44100,1,PCM_24,563b7d20fd7b34847f4fdae484416c66fb43d39d915b1380941b6497a26c76ba,fc62b51be44935b48f9338704a2985204714a24eb7ce759d43e8fecc36337dfc,FROZEN_CORE_V1
222312,38.34,IFA_72_21_2861.wav,27-07-20 00:00,mosquito,an arabiensis,Female,f,Single,,LT,telinga,tascam,Tanzania,Kilombero District,Morogoro,Ifakara,cup,222312.wav,IFA_72_21_2861.wav,Tanzania|Ifakara|cup|27-07-20 00:00,training,,anopheles_arabiensis,raw/humbug_core/222312.wav,44100,38.34,44100,1,PCM_24,3fc9fefc0470538208f3afbef19eb4b68e682af9b72df88f55a85e4bae5f5255,0c9eb902938cd3542294c0ef2d37a591823637f8666065f5cc4802b19f279389,FROZEN_CORE_V1
222320,33.22,IFA_72_25_2865.wav,27-07-20 00:00,mosquito,an funestus ss,Female,f,Single,,LT,telinga,tascam,Tanzania,Kilombero District,Morogoro,Ifakara,cup,222320.wav,IFA_72_25_2865.wav,Tanzania|Ifakara|cup|27-07-20 00:00,training,,anopheles_funestus_ss,raw/humbug_core/222320.wav,44100,33.22,44100,1,PCM_24,6024764ec8eff8e70a5a7fd11229de0a8596c0ca8decebf18556cc1889979815,3c70a01165dcca93cc8f9332f9b03dbd810cb751d755b70b45d87221914cc0ef,FROZEN_CORE_V1
222324,56.26,IFA_72_26_2866.wav,27-07-20 00:00,mosquito,an arabiensis,Female,f,Single,,LT,telinga,tascam,Tanzania,Kilombero District,Morogoro,Ifakara,cup,222324.wav,IFA_72_26_2866.wav,Tanzania|Ifakara|cup|27-07-20 00:00,training,,anopheles_arabiensis,raw/humbug_core/222324.wav,44100,56.26,44100,1,PCM_24,b7f948071d2124941f991d366a2ee6dba32d340fce77a7645ea4ff0d038c6be0,f70e615da69a0549316e44384967a777739426f6a6b2e41eda2fde1d05e3b079,FROZEN_CORE_V1
222337,43.46,IFA_72_27_2867.wav,27-07-20 00:00,mosquito,an funestus ss,Female,f,Single,,LT,telinga,tascam,Tanzania,Kilombero District,Morogoro,Ifakara,cup,222337.wav,IFA_72_27_2867.wav,Tanzania|Ifakara|cup|27-07-20 00:00,training,,anopheles_funestus_ss,raw/humbug_core/222337.wav,44100,43.46,44100,1,PCM_24,dcd9d280e980aa72e7503edbc58459f41c89e1c6edccbaa44b41033ca2f586f5,9269586a3e67653cb08a9f0bd6b5f542dfcf1c01566048ca53fd6124f4611f8f,FROZEN_CORE_V1
222331,33.22,IFA_72_29_2869.wav,27-07-20 00:00,mosquito,an funestus ss,Female,f,Single,,LT,telinga,tascam,Tanzania,Kilombero District,Morogoro,Ifakara,cup,222331.wav,IFA_72_29_2869.wav,Tanzania|Ifakara|cup|27-07-20 00:00,training,,anopheles_funestus_ss,raw/humbug_core/222331.wav,44100,33.22,44100,1,PCM_24,bb0108e551395e47fba82424cc0b619907f64ee66f1a67877c438b9ebe963dd9,6ef6067d02a7a0186fd9ad16cfacbe2c170196aa7a979365654e8ceff701ade7,FROZEN_CORE_V1
222332,51.14,IFA_72_31_2871.wav,27-07-20 00:00,mosquito,an funestus ss,Female,f,Single,,LT,telinga,tascam,Tanzania,Kilombero District,Morogoro,Ifakara,cup,222332.wav,IFA_72_31_2871.wav,Tanzania|Ifakara|cup|27-07-20 00:00,training,,anopheles_funestus_ss,raw/humbug_core/222332.wav,44100,51.14,44100,1,PCM_24,633377f747246b4f6e2b700b3b361705701921a948e18fcbc2c1b8d51f7be1e8,270c4858c3e9b498bbd153c7caaca4dd2d47aee4e797ea9de5e3a959b700e7ec,FROZEN_CORE_V1
222328,51.14,IFA_72_32_2872.wav,27-07-20 00:00,mosquito,an funestus ss,Female,f,Single,,LT,telinga,tascam,Tanzania,Kilombero District,Morogoro,Ifakara,cup,222328.wav,IFA_72_32_2872.wav,Tanzania|Ifakara|cup|27-07-20 00:00,training,,anopheles_funestus_ss,raw/humbug_core/222328.wav,44100,51.14,44100,1,PCM_24,063b132d64f1d466c2382fe7a3d6dff357a8bf39b6eac995e364d5518b2c30df,e8341b5082646cb7fe957570727a9616616285c07820a284581be91d4a954763,FROZEN_CORE_V1
222334,35.78,IFA_72_33_2873.wav,27-07-20 00:00,mosquito,an arabiensis,Female,f,Single,,LT,telinga,tascam,Tanzania,Kilombero District,Morogoro,Ifakara,cup,222334.wav,IFA_72_33_2873.wav,Tanzania|Ifakara|cup|27-07-20 00:00,training,,anopheles_arabiensis,raw/humbug_core/222334.wav,44100,35.78,44100,1,PCM_24,ada58956f43f8e34f66302b51be94377e6860942974f84b898fe38946ffab81f,0b3b72253b35ec79366e834c3f2db098212377b3660480ca85cffb788478b3ad,FROZEN_CORE_V1
222323,58.82,IFA_72_34_2874.wav,27-07-20 00:00,mosquito,an funestus ss,Female,f,Single,,LT,telinga,tascam,Tanzania,Kilombero District,Morogoro,Ifakara,cup,222323.wav,IFA_72_34_2874.wav,Tanzania|Ifakara|cup|27-07-20 00:00,training,,anopheles_funestus_ss,raw/humbug_core/222323.wav,44100,58.82,44100,1,PCM_24,84b340cb4366d4afb52c6af77f8096014c789e14ceb5e7751c1fd4baca14fac9,08cc9c4b48071bcfa77127d7ba46118828ecf7694354ab3561a9d9656860cfd8,FROZEN_CORE_V1
222506,33.22,IFA_75_11_2971.wav,02-08-20 00:00,mosquito,an arabiensis,Female,f,Single,,LT,telinga,tascam,Tanzania,Kilombero District,Morogoro,Ifakara,cup,222506.wav,IFA_75_11_2971.wav,Tanzania|Ifakara|cup|02-08-20 00:00,training,,anopheles_arabiensis,raw/humbug_core/222506.wav,44100,33.22,44100,1,PCM_24,b4448cb3cf567b8d371c21582d8fff0a6ad219c19428b22b472b25240a11328d,c438611bf1becc4bc16f2b2a19f066ca6c83eb2c6b554f5513056e4ca5a1d8b9,FROZEN_CORE_V1
222510,53.76,IFA_75_12_2972.wav,02-08-20 00:00,mosquito,an funestus ss,Female,f,Single,,LT,telinga,tascam,Tanzania,Kilombero District,Morogoro,Ifakara,cup,222510.wav,IFA_75_12_2972.wav,Tanzania|Ifakara|cup|02-08-20 00:00,training,,anopheles_funestus_ss,raw/humbug_core/222510.wav,44100,53.76,44100,1,PCM_24,b524dc9394edd9bed036a08990d7c24134de4c51bedb8b91197eb22f0906df4c,9b3f159ad8f3adc7275ca9b0994288a8c40be12a33d3578077628a76c94769aa,FROZEN_CORE_V1
222485,33.28,IFA_75_13_2973.wav,02-08-20 00:00,mosquito,an arabiensis,Female,f,Single,,LT,telinga,tascam,Tanzania,Kilombero District,Morogoro,Ifakara,cup,222485.wav,IFA_75_13_2973.wav,Tanzania|Ifakara|cup|02-08-20 00:00,training,,anopheles_arabiensis,raw/humbug_core/222485.wav,44100,33.28,44100,1,PCM_24,7280ba508fb5ab7877466a2bbba976723f388310778547d01f3ba65f40166b85,77b0597e750ce87467689738f09ed50290e2f431ed81fbafa0f8bfdc5bccde1a,FROZEN_CORE_V1
222502,48.64,IFA_75_14_2974.wav,02-08-20 00:00,mosquito,an arabiensis,Female,f,Single,,LT,telinga,tascam,Tanzania,Kilombero District,Morogoro,Ifakara,cup,222502.wav,IFA_75_14_2974.wav,Tanzania|Ifakara|cup|02-08-20 00:00,training,,anopheles_arabiensis,raw/humbug_core/222502.wav,44100,48.64,44100,1,PCM_24,a6090eaf8bd1affb2b85a556627ea5ece4c5d031eb78960b5c6a555e6aaeb161,16ae6e21ea07c07d46fa95fdd93deeab790a26e2824ff923caefb2af14500739,FROZEN_CORE_V1
222495,20.48,IFA_75_15_2975.wav,02-08-20 00:00,mosquito,an arabiensis,Female,f,Single,,LT,telinga,tascam,Tanzania,Kilombero District,Morogoro,Ifakara,cup,222495.wav,IFA_75_15_2975.wav,Tanzania|Ifakara|cup|02-08-20 00:00,training,,anopheles_arabiensis,raw/humbug_core/222495.wav,44100,20.48,44100,1,PCM_24,a58ec4e4668fdaab7d1fe930ade2da38197c5a24306e3cd193d8f7813df1e5dd,cb2a77f8cf0e867eb2d28bae4f9dd98dc767b7fed96a7a0ffae44b52961c5b12,FROZEN_CORE_V1
222459,28.1,IFA_75_17_2977.wav,02-08-20 00:00,mosquito,an arabiensis,Female,f,Single,,LT,telinga,tascam,Tanzania,Kilombero District,Morogoro,Ifakara,cup,222459.wav,IFA_75_17_2977.wav,Tanzania|Ifakara|cup|02-08-20 00:00,training,,anopheles_arabiensis,raw/humbug_core/222459.wav,44100,28.1,44100,1,PCM_24,4e274936f341282e8fa8fec0b09842c1c93bd1ca6359430a9cc6d722a7eb5ce2,68fc7c5bf8d5ebd4e802be76df773a514dd0727df2b00673fa13c798250c9abb,FROZEN_CORE_V1
222509,35.84,IFA_75_19_2979.wav,02-08-20 00:00,mosquito,an arabiensis,Female,f,Single,,LT,telinga,tascam,Tanzania,Kilombero District,Morogoro,Ifakara,cup,222509.wav,IFA_75_19_2979.wav,Tanzania|Ifakara|cup|02-08-20 00:00,training,,anopheles_arabiensis,raw/humbug_core/222509.wav,44100,35.84,44100,1,PCM_24,1e115bbc440a4774b48065fac61f8a840d29e93a99548f9c2c51b98c28b3782e,efb4e2b6bf00395fb0c4cb4243c7dfc654417a8ac16bed7d2248098ef6513167,FROZEN_CORE_V1
222475,53.7,IFA_75_20_2980.wav,02-08-20 00:00,mosquito,an arabiensis,Female,f,Single,,LT,telinga,tascam,Tanzania,Kilombero District,Morogoro,Ifakara,cup,222475.wav,IFA_75_20_2980.wav,Tanzania|Ifakara|cup|02-08-20 00:00,training,,anopheles_arabiensis,raw/humbug_core/222475.wav,44100,53.7,44100,1,PCM_24,02d75cf819c080b06a91ee2c1a760ecf4a1f1f984bcc1167b96474584b7c8c65,0ebc282091d17a5e2481a874d6fbf6346d04c8d3cc0bf62db49ed55055176d02,FROZEN_CORE_V1
222498,15.36,IFA_75_22_2982.wav,02-08-20 00:00,mosquito,an arabiensis,Female,f,Single,,LT,telinga,tascam,Tanzania,Kilombero District,Morogoro,Ifakara,cup,222498.wav,IFA_75_22_2982.wav,Tanzania|Ifakara|cup|02-08-20 00:00,training,,anopheles_arabiensis,raw/humbug_core/222498.wav,44100,15.36,44100,1,PCM_24,2f208ad37247247db70ee7a131218ad31b4a6f38870a0958a7a2ab38c0051a7d,7f7d398092959274d8147299d1bbb770e81feface3accffd44d4cee3926cc07c,FROZEN_CORE_V1
222499,15.3,IFA_75_22_2982.wav,02-08-20 00:00,mosquito,an arabiensis,Female,f,Single,,LT,telinga,tascam,Tanzania,Kilombero District,Morogoro,Ifakara,cup,222499.wav,IFA_75_22_2982.wav,Tanzania|Ifakara|cup|02-08-20 00:00,training,,anopheles_arabiensis,raw/humbug_core/222499.wav,44100,15.3,44100,1,PCM_24,d8687a0abff79bfb66536d22b8f1d680dea45b3e0a275fbcc5d5c921e77dd681,49d7942b5ea26f77c005f94aac381b17c60cf82df7308bf87dc04343a417b391,FROZEN_CORE_V1
222453,33.28,IFA_75_25_2985.wav,02-08-20 00:00,mosquito,an arabiensis,Female,f,Single,,LT,telinga,tascam,Tanzania,Kilombero District,Morogoro,Ifakara,cup,222453.wav,IFA_75_25_2985.wav,Tanzania|Ifakara|cup|02-08-20 00:00,training,,anopheles_arabiensis,raw/humbug_core/222453.wav,44100,33.28,44100,1,PCM_24,5a3b843cd92fee7d303aa0c247279a0545401f96c8a0f0b1d70f3c7a9ad7b3cf,bbe93fed894cc1271e9cfca8fa0896c41af67f9b9f5f0f4facbb1e0bbb14d7fc,FROZEN_CORE_V1
222500,38.34,IFA_75_26_2986.wav,02-08-20 00:00,mosquito,an arabiensis,Female,f,Single,,LT,telinga,tascam,Tanzania,Kilombero District,Morogoro,Ifakara,cup,222500.wav,IFA_75_26_2986.wav,Tanzania|Ifakara|cup|02-08-20 00:00,training,,anopheles_arabiensis,raw/humbug_core/222500.wav,44100,38.33997732426304,44100,1,PCM_24,ae2359d232bf11b5483e1153011b4ba223dba6fa0cf73305d82d3b4009dcaab2,a2847d5fffc69a1f9a928c7571494b858c6952a9505f8340e42f0e7b858b1b9d,FROZEN_CORE_V1
222518,56.26,IFA_75_27_2987.wav,02-08-20 00:00,mosquito,an arabiensis,Female,f,Single,,LT,telinga,tascam,Tanzania,Kilombero District,Morogoro,Ifakara,cup,222518.wav,IFA_75_27_2987.wav,Tanzania|Ifakara|cup|02-08-20 00:00,training,,anopheles_arabiensis,raw/humbug_core/222518.wav,44100,56.26,44100,1,PCM_24,e7f9174d3cfe3b11c42a14a1c026b7bb880db3b0b9c351a0cd11f087a9515881,b27db86dcf457d3133bb00303a669dd4c761120fec6040fd848b5d02a18ead10,FROZEN_CORE_V1
222489,56.26,IFA_75_29_2989.wav,02-08-20 00:00,mosquito,an arabiensis,Female,f,Single,,LT,telinga,tascam,Tanzania,Kilombero District,Morogoro,Ifakara,cup,222489.wav,IFA_75_29_2989.wav,Tanzania|Ifakara|cup|02-08-20 00:00,training,,anopheles_arabiensis,raw/humbug_core/222489.wav,44100,56.26,44100,1,PCM_24,420e51e42f59bf999e7cbbb652bfc93f72a7787b49ee1684c8d6a145ef6219ae,e4139d2777857fb715bd7185111c7c2204119b611ccf55b97f3ec2781909e7e4,FROZEN_CORE_V1
222483,33.22,IFA_75_31_2991.wav,02-08-20 00:00,mosquito,an arabiensis,Female,f,Single,,LT,telinga,tascam,Tanzania,Kilombero District,Morogoro,Ifakara,cup,222483.wav,IFA_75_31_2991.wav,Tanzania|Ifakara|cup|02-08-20 00:00,training,,anopheles_arabiensis,raw/humbug_core/222483.wav,44100,33.22,44100,1,PCM_24,673aa1d48434d83bc9cb7d26ba3b7ec8abd31f7501a6c2f9025f0d823dbbf794,cfe74fe0b6ed7775e826351cfed61f8639e25ddbb46bb01b2b99c363c9767b69,FROZEN_CORE_V1
222496,40.9,IFA_75_32_2992.wav,02-08-20 00:00,mosquito,an arabiensis,Female,f,Single,,LT,telinga,tascam,Tanzania,Kilombero District,Morogoro,Ifakara,cup,222496.wav,IFA_75_32_2992.wav,Tanzania|Ifakara|cup|02-08-20 00:00,training,,anopheles_arabiensis,raw/humbug_core/222496.wav,44100,40.9,44100,1,PCM_24,150a02c34669aecdab62af464aafe81bae1cb50c244a1aba71c7c1c870b230ac,6416fe78e787f58fafc612ea3895fd0da73481d8a330e384735c6443bb3d0823,FROZEN_CORE_V1
222452,35.78,IFA_75_34_2994.wav,02-08-20 00:00,mosquito,an arabiensis,Female,f,Single,,LT,telinga,tascam,Tanzania,Kilombero District,Morogoro,Ifakara,cup,222452.wav,IFA_75_34_2994.wav,Tanzania|Ifakara|cup|02-08-20 00:00,training,,anopheles_arabiensis,raw/humbug_core/222452.wav,44100,35.78,44100,1,PCM_24,9842b213e889433ac9569d1be5862f52000d162372e60ce43517967a468a1bb0,678f14943ccf5a1108948171ff4855578fffcb098911dd1b8801dacccd977fa9,FROZEN_CORE_V1
222443,40.96,IFA_75_35_2995.wav,02-08-20 00:00,mosquito,an arabiensis,Female,f,Single,,LT,telinga,tascam,Tanzania,Kilombero District,Morogoro,Ifakara,cup,222443.wav,IFA_75_35_2995.wav,Tanzania|Ifakara|cup|02-08-20 00:00,training,,anopheles_arabiensis,raw/humbug_core/222443.wav,44100,40.96,44100,1,PCM_24,06ad18bb3330ea3f77414e0af01e30a4603f362b5f443ae023a33820191dba6e,326801082e53e2eb6bdcee7aa7cd861d214a50fd26d8d85baf7859da7386bba0,FROZEN_CORE_V1
222444,2.56,IFA_75_35_2995.wav,02-08-20 00:00,mosquito,an arabiensis,Female,f,Single,,LT,telinga,tascam,Tanzania,Kilombero District,Morogoro,Ifakara,cup,222444.wav,IFA_75_35_2995.wav,Tanzania|Ifakara|cup|02-08-20 00:00,training,,anopheles_arabiensis,raw/humbug_core/222444.wav,44100,2.56,44100,1,PCM_24,7480fcf2fe4519b549e0a7ce76627197bd6281256cec02bbb0b762c64cd08ffb,13e2760523c3a64f552c30d05789698a41c7892534068c7b86c83dda91210d74,FROZEN_CORE_V1
222458,33.22,IFA_75_36_2996.wav,02-08-20 00:00,mosquito,an arabiensis,Female,f,Single,,LT,telinga,tascam,Tanzania,Kilombero District,Morogoro,Ifakara,cup,222458.wav,IFA_75_36_2996.wav,Tanzania|Ifakara|cup|02-08-20 00:00,training,,anopheles_arabiensis,raw/humbug_core/222458.wav,44100,33.22,44100,1,PCM_24,d9a880fababff0b936b43d4f2fb3bf08ade2f4e8d8314f0808f735c99e55fc3e,b9288150f0cd54798b8f8211599ac83a3cc451e8f3675560cf72f185cf2f7a64,FROZEN_CORE_V1
222450,30.66,IFA_75_38_2998.wav,02-08-20 00:00,mosquito,an arabiensis,Female,f,Single,,LT,telinga,tascam,Tanzania,Kilombero District,Morogoro,Ifakara,cup,222450.wav,IFA_75_38_2998.wav,Tanzania|Ifakara|cup|02-08-20 00:00,training,,anopheles_arabiensis,raw/humbug_core/222450.wav,44100,30.66,44100,1,PCM_24,1eb622bfb253f37e04ed6c5513b504e8ff819219e219967856707b064f52292c,5e563f3cb43c12a275e4333d0fc1f5dc29440a47a202b3a6fe044ca02a75e829,FROZEN_CORE_V1
222472,46.02,IFA_76_10_3010.wav,02-08-20 00:00,mosquito,an funestus ss,Female,f,Single,,LT,telinga,tascam,Tanzania,Kilombero District,Morogoro,Ifakara,cup,222472.wav,IFA_76_10_3010.wav,Tanzania|Ifakara|cup|02-08-20 00:00,training,,anopheles_funestus_ss,raw/humbug_core/222472.wav,44100,46.02,44100,1,PCM_24,33811f196e913c3622c9ac9f4d990aad348a9c51c0a7862e4d0c958a6ede0b0f,e0756788d651b9fa14e08ad6e469c2acd83c282226f8269ebe7039d56368408b,FROZEN_CORE_V1
222524,40.96,IFA_76_11_3011.wav,02-08-20 00:00,mosquito,an arabiensis,Female,f,Single,,LT,telinga,tascam,Tanzania,Kilombero District,Morogoro,Ifakara,cup,222524.wav,IFA_76_11_3011.wav,Tanzania|Ifakara|cup|02-08-20 00:00,training,,anopheles_arabiensis,raw/humbug_core/222524.wav,44100,40.96,44100,1,PCM_24,0485341f0340ec7e2a9d50932ee0c5d4a3e93b38633f8f54d23e454712c10199,de470dae99fb2379052e8f8ae33c97d51b76134b130f61610879ca40faf06168,FROZEN_CORE_V1
222511,53.7,IFA_76_13_3013.wav,02-08-20 00:00,mosquito,an arabiensis,Female,f,Single,,LT,telinga,tascam,Tanzania,Kilombero District,Morogoro,Ifakara,cup,222511.wav,IFA_76_13_3013.wav,Tanzania|Ifakara|cup|02-08-20 00:00,training,,anopheles_arabiensis,raw/humbug_core/222511.wav,44100,53.7,44100,1,PCM_24,b977fa7613a85a8893bc43dc62c8c8f95a132da9f6e055563fe686d388e7c0de,0731b60925488572108f13f41e66cdbd114a0e0ce2342e445eb5bd8131bc398b,FROZEN_CORE_V1
222497,40.96,IFA_76_15_3015.wav,02-08-20 00:00,mosquito,an arabiensis,Female,f,Single,,LT,telinga,tascam,Tanzania,Kilombero District,Morogoro,Ifakara,cup,222497.wav,IFA_76_15_3015.wav,Tanzania|Ifakara|cup|02-08-20 00:00,training,,anopheles_arabiensis,raw/humbug_core/222497.wav,44100,40.96,44100,1,PCM_24,8f25cec8e603ac308a77da298287767cd777514a9ee1cba1a60b684182edcf35,02d10e3d8fa98d71737a20099678934bf2a1ceda5ee0824f4ac4d4f32c090a0b,FROZEN_CORE_V1
222505,48.58,IFA_76_16_3016.wav,02-08-20 00:00,mosquito,an arabiensis,Female,f,Single,,LT,telinga,tascam,Tanzania,Kilombero District,Morogoro,Ifakara,cup,222505.wav,IFA_76_16_3016.wav,Tanzania|Ifakara|cup|02-08-20 00:00,training,,anopheles_arabiensis,raw/humbug_core/222505.wav,44100,48.58,44100,1,PCM_24,4835396bef7ff3e5f1f95312d0974fe6205638881f15c34093182f4b5c49af23,e08fd1968549bd20f530c6055982390c9c298a85780722119aae1744bd78ece2,FROZEN_CORE_V1
222441,53.76,IFA_76_17_3017.wav,02-08-20 00:00,mosquito,an arabiensis,Female,f,Single,,LT,telinga,tascam,Tanzania,Kilombero District,Morogoro,Ifakara,cup,222441.wav,IFA_76_17_3017.wav,Tanzania|Ifakara|cup|02-08-20 00:00,training,,anopheles_arabiensis,raw/humbug_core/222441.wav,44100,53.76,44100,1,PCM_24,d19a5e4bd4b5de97d78d8fea99ebdfc765e23a6c3cbe4ccfad96e4caa83d1309,13f4f11451dc53ace2e5e6802251758089f726e945454511539a6a1ed2181c27,FROZEN_CORE_V1
222512,40.96,IFA_76_18_3018.wav,02-08-20 00:00,mosquito,an arabiensis,Female,f,Single,,LT,telinga,tascam,Tanzania,Kilombero District,Morogoro,Ifakara,cup,222512.wav,IFA_76_18_3018.wav,Tanzania|Ifakara|cup|02-08-20 00:00,training,,anopheles_arabiensis,raw/humbug_core/222512.wav,44100,40.96,44100,1,PCM_24,9384acab67906c9ae7b16341b88c577ff2d07605f5817b25b0006d229e23fef7,3c5110c2608c351318bf8df244bcae156ce8e512c78f1889c09d6deb7c10c2c7,FROZEN_CORE_V1
222519,7.68,IFA_76_21_3021.wav,02-08-20 00:00,mosquito,an arabiensis,Female,f,Single,,LT,telinga,tascam,Tanzania,Kilombero District,Morogoro,Ifakara,cup,222519.wav,IFA_76_21_3021.wav,Tanzania|Ifakara|cup|02-08-20 00:00,training,,anopheles_arabiensis,raw/humbug_core/222519.wav,44100,7.68,44100,1,PCM_24,3268c78d1f2e4d89208252566758b9c052d7aa8df0b276edec6406796bcdcd89,f941045ca226b98cecb42e188db98b040ec67c3ebcac9cb43e9894d99d813217,FROZEN_CORE_V1
222523,7.68,IFA_76_21_3021.wav,02-08-20 00:00,mosquito,an arabiensis,Female,f,Single,,LT,telinga,tascam,Tanzania,Kilombero District,Morogoro,Ifakara,cup,222523.wav,IFA_76_21_3021.wav,Tanzania|Ifakara|cup|02-08-20 00:00,training,,anopheles_arabiensis,raw/humbug_core/222523.wav,44100,7.679977324263039,44100,1,PCM_24,08d030683746c6792058b258926eb7a62324d0b421eb514a00d1f0ae944300ba,63b59352b04905f8f0defcab566614327d83d707d1b21a47064237ed0bbcba95,FROZEN_CORE_V1
222522,25.6,IFA_76_21_3021.wav,02-08-20 00:00,mosquito,an arabiensis,Female,f,Single,,LT,telinga,tascam,Tanzania,Kilombero District,Morogoro,Ifakara,cup,222522.wav,IFA_76_21_3021.wav,Tanzania|Ifakara|cup|02-08-20 00:00,training,,anopheles_arabiensis,raw/humbug_core/222522.wav,44100,25.6,44100,1,PCM_24,86ebdb32aaafe1899eb108a6c636b15b5ac70c9c65015c0f904266ba61ea838a,474e8696a79a33a763850c2e5ea1fd66114a0662cc42894b840c179d04d6af8b,FROZEN_CORE_V1
222520,15.36,IFA_76_21_3021.wav,02-08-20 00:00,mosquito,an arabiensis,Female,f,Single,,LT,telinga,tascam,Tanzania,Kilombero District,Morogoro,Ifakara,cup,222520.wav,IFA_76_21_3021.wav,Tanzania|Ifakara|cup|02-08-20 00:00,training,,anopheles_arabiensis,raw/humbug_core/222520.wav,44100,15.36,44100,1,PCM_24,8188b98671236ee95fc34260aa47349e50279cd5f6a849fe63d12d7cb569be67,2ab9eeabb4f51dc53144b8dc5587ad129d264d47a9943e21ef3d77844c2e8936,FROZEN_CORE_V1
222521,7.68,IFA_76_21_3021.wav,02-08-20 00:00,mosquito,an arabiensis,Female,f,Single,,LT,telinga,tascam,Tanzania,Kilombero District,Morogoro,Ifakara,cup,222521.wav,IFA_76_21_3021.wav,Tanzania|Ifakara|cup|02-08-20 00:00,training,,anopheles_arabiensis,raw/humbug_core/222521.wav,44100,7.68,44100,1,PCM_24,6fefc489d6c08681bbb5e64b158f5764522e3b277762761a68ab1e703d8e0650,a0569571d97d1fb7a48fb8edbe77d60b54839cc0d9d7f0d1c907c54dc6953d5c,FROZEN_CORE_V1
222513,53.76,IFA_76_22_3022.wav,02-08-20 00:00,mosquito,an arabiensis,Female,f,Single,,LT,telinga,tascam,Tanzania,Kilombero District,Morogoro,Ifakara,cup,222513.wav,IFA_76_22_3022.wav,Tanzania|Ifakara|cup|02-08-20 00:00,training,,anopheles_arabiensis,raw/humbug_core/222513.wav,44100,53.76,44100,1,PCM_24,dadae54a926d7b0d9abdb5d5514e8b24a84b1f486e858ab9c7a2cb9ef842ae0d,869867f5f149fdf344fd734af1c6396c1b5ac26466946f11139cf72d2a5d50b8,FROZEN_CORE_V1
222482,46.02,IFA_76_23_3023.wav,02-08-20 00:00,mosquito,an arabiensis,Female,f,Single,,LT,telinga,tascam,Tanzania,Kilombero District,Morogoro,Ifakara,cup,222482.wav,IFA_76_23_3023.wav,Tanzania|Ifakara|cup|02-08-20 00:00,training,,anopheles_arabiensis,raw/humbug_core/222482.wav,44100,46.02,44100,1,PCM_24,59a6219ad0748ecdc29251b5df1a5bc4e6b6f93d96851bc652bc563d84abd5e5,bbab31e72dc99eb62356937e9d297a4c24a49b40d5c0d5f43c036811201df2c3,FROZEN_CORE_V1
222451,56.26,IFA_76_26_3026.wav,02-08-20 00:00,mosquito,an arabiensis,Female,f,Single,,LT,telinga,tascam,Tanzania,Kilombero District,Morogoro,Ifakara,cup,222451.wav,IFA_76_26_3026.wav,Tanzania|Ifakara|cup|02-08-20 00:00,training,,anopheles_arabiensis,raw/humbug_core/222451.wav,44100,56.26,44100,1,PCM_24,4d4bd3e6f4e4934494b4547172aae588329db5848d88ba308e8a0b21e7046051,d6ecdd7121ee49c01ab9cd339752e3659b64ea59b2299644131d84f3149adc55,FROZEN_CORE_V1
222465,33.28,IFA_76_28_3028.wav,02-08-20 00:00,mosquito,an arabiensis,Female,f,Single,,LT,telinga,tascam,Tanzania,Kilombero District,Morogoro,Ifakara,cup,222465.wav,IFA_76_28_3028.wav,Tanzania|Ifakara|cup|02-08-20 00:00,training,,anopheles_arabiensis,raw/humbug_core/222465.wav,44100,33.28,44100,1,PCM_24,af48315e83d70b8946efac31efbd94fce8eba93c74e7c7f5eab3fc8fd0a7fbd1,ac7659fa7fcb7fcb4d6377c973eaf4f254bbc400b0b3741ca805eed7314cd300,FROZEN_CORE_V1
222466,7.68,IFA_76_28_3028.wav,02-08-20 00:00,mosquito,an arabiensis,Female,f,Single,,LT,telinga,tascam,Tanzania,Kilombero District,Morogoro,Ifakara,cup,222466.wav,IFA_76_28_3028.wav,Tanzania|Ifakara|cup|02-08-20 00:00,training,,anopheles_arabiensis,raw/humbug_core/222466.wav,44100,7.68,44100,1,PCM_24,97c6c43600dae4e2cfb3ac6c3e9a1ee7162057069e7fedafa0e4c6ad02b30087,fde436621992ada9baafe372284af4b19602ba281ca4916005870f8bb6b0972a,FROZEN_CORE_V1
222462,12.8,IFA_76_32_3032.wav,02-08-20 00:00,mosquito,an arabiensis,Female,f,Single,,LT,telinga,tascam,Tanzania,Kilombero District,Morogoro,Ifakara,cup,222462.wav,IFA_76_32_3032.wav,Tanzania|Ifakara|cup|02-08-20 00:00,training,,anopheles_arabiensis,raw/humbug_core/222462.wav,44100,12.8,44100,1,PCM_24,8c029aac7006a1dcc0b3e237a604c3b02d24f899666fb551dabad3fea0cd21be,7cd179fd26f96ab5b6ec4dbe6a2ab4225e734785d1d5a904fc3c74f3a9fb5b6c,FROZEN_CORE_V1
222461,10.24,IFA_76_32_3032.wav,02-08-20 00:00,mosquito,an arabiensis,Female,f,Single,,LT,telinga,tascam,Tanzania,Kilombero District,Morogoro,Ifakara,cup,222461.wav,IFA_76_32_3032.wav,Tanzania|Ifakara|cup|02-08-20 00:00,training,,anopheles_arabiensis,raw/humbug_core/222461.wav,44100,10.24,44100,1,PCM_24,a2d68b075c97ad6070f5046a9f09bdc062258f74cdda3f6d690f82803e0a7475,c2277d281b470b10ab0c911598a7aecac427f075292e552583cf93e960c76ba7,FROZEN_CORE_V1
222463,2.56,IFA_76_32_3032.wav,02-08-20 00:00,mosquito,an arabiensis,Female,f,Single,,LT,telinga,tascam,Tanzania,Kilombero District,Morogoro,Ifakara,cup,222463.wav,IFA_76_32_3032.wav,Tanzania|Ifakara|cup|02-08-20 00:00,training,,anopheles_arabiensis,raw/humbug_core/222463.wav,44100,2.56,44100,1,PCM_24,1ab098630fa692e05f415fca9e4de4898a0bacbc3bc11c46601c38a25d00e4ef,2da0c636957e1d56e1dbcd46b81a6f412c4884ce68056993faeee7756c092f70,FROZEN_CORE_V1
222457,17.86,IFA_76_34_3034.wav,02-08-20 00:00,mosquito,an arabiensis,Female,f,Single,,LT,telinga,tascam,Tanzania,Kilombero District,Morogoro,Ifakara,cup,222457.wav,IFA_76_34_3034.wav,Tanzania|Ifakara|cup|02-08-20 00:00,training,,anopheles_arabiensis,raw/humbug_core/222457.wav,44100,17.86,44100,1,PCM_24,ddbab0da4b4185018513c272bd3061addddbee9d2eb8e87a0aa9999f4d737f51,fe807fd7b56f64684968a03a80a0ab596875317c87e808668d9c4fdb75b23bb3,FROZEN_CORE_V1
222456,58.88,IFA_76_34_3034.wav,02-08-20 00:00,mosquito,an arabiensis,Female,f,Single,,LT,telinga,tascam,Tanzania,Kilombero District,Morogoro,Ifakara,cup,222456.wav,IFA_76_34_3034.wav,Tanzania|Ifakara|cup|02-08-20 00:00,training,,anopheles_arabiensis,raw/humbug_core/222456.wav,44100,58.88,44100,1,PCM_24,98ca02371bb9ac4c55200eb9bfc557c9ee15b6bfb15886a201576f95a28265c2,493f7ff2202296f60097b6e06f739040e2ccc93e4b552a4fddf8e5dcde2dd986,FROZEN_CORE_V1
222454,10.24,IFA_76_35_3035.wav,02-08-20 00:00,mosquito,an arabiensis,Female,f,Single,,LT,telinga,tascam,Tanzania,Kilombero District,Morogoro,Ifakara,cup,222454.wav,IFA_76_35_3035.wav,Tanzania|Ifakara|cup|02-08-20 00:00,training,,anopheles_arabiensis,raw/humbug_core/222454.wav,44100,10.23997732426304,44100,1,PCM_24,2de21cb0a5dd3f02524e8e262bc3da128cb08eabc4da4b93e939fcdf73c8ef1b,cb013851f573755b7df2975d30f94c6326b269ee8d6eb06d47b0e50961afa9c3,FROZEN_CORE_V1
222455,5.12,IFA_76_35_3035.wav,02-08-20 00:00,mosquito,an arabiensis,Female,f,Single,,LT,telinga,tascam,Tanzania,Kilombero District,Morogoro,Ifakara,cup,222455.wav,IFA_76_35_3035.wav,Tanzania|Ifakara|cup|02-08-20 00:00,training,,anopheles_arabiensis,raw/humbug_core/222455.wav,44100,5.119977324263038,44100,1,PCM_24,1e26dcdc49cfd775947bc493f9240ba8042edc598690a7e3fd254826beff344f,91f042b5524e15f013ff45d06eb8719bc2e6c40556d821bb672c7fad51a1e057,FROZEN_CORE_V1
222477,23.04,IFA_76_38_3038.wav,02-08-20 00:00,mosquito,an arabiensis,Female,f,Single,,LT,telinga,tascam,Tanzania,Kilombero District,Morogoro,Ifakara,cup,222477.wav,IFA_76_38_3038.wav,Tanzania|Ifakara|cup|02-08-20 00:00,training,,anopheles_arabiensis,raw/humbug_core/222477.wav,44100,23.04,44100,1,PCM_24,cdf10704d2b57bd58829bb8e60c5ec0382c442a07081dfcd0a750ad84498bc7c,e4020f234cf3e89b83502048560d901c54b2f66d6bf193dd469c603cfec4220f,FROZEN_CORE_V1
222476,7.68,IFA_76_38_3038.wav,02-08-20 00:00,mosquito,an arabiensis,Female,f,Single,,LT,telinga,tascam,Tanzania,Kilombero District,Morogoro,Ifakara,cup,222476.wav,IFA_76_38_3038.wav,Tanzania|Ifakara|cup|02-08-20 00:00,training,,anopheles_arabiensis,raw/humbug_core/222476.wav,44100,7.68,44100,1,PCM_24,0e42fa9392fc73bee99c5c202b5e83c3251c61048f015132928ec6c0c3666bda,ec9c74a65478b41bebc0724a6be23d12d8737e29fd05200a88fa65cf59d212f8,FROZEN_CORE_V1
