id,length,name,sample_rate,record_datetime,sound_type,species,gender,fed,plurality,age,method,mic_type,device_type,country,district,province,place,location_type,source_identifier,original_individual_group,independent_group_identifier,partition,exclusion_reason,label,local_path,status
221149,2.56,IFA_17_26_666.wav,44100,30-01-20 00:00,mosquito,an arabiensis,Female,f,Single,,HBN,telinga,tascam,Tanzania,Kilombero District,Morogoro,Ifakara,cup,221149.wav,IFA_17_26_666.wav,Tanzania|Ifakara|cup|30-01-20 00:00,excluded,outside prespecified Female / fed=f / LT / Single cohort,anopheles_arabiensis,raw/humbug_core/221149.wav,CANDIDATE_PENDING_COMPLETE_AUDIO_AUDIT
221150,2.56,IFA_17_26_666.wav,44100,30-01-20 00:00,mosquito,an arabiensis,Female,f,Single,,HBN,telinga,tascam,Tanzania,Kilombero District,Morogoro,Ifakara,cup,221150.wav,IFA_17_26_666.wav,Tanzania|Ifakara|cup|30-01-20 00:00,excluded,outside prespecified Female / fed=f / LT / Single cohort,anopheles_arabiensis,raw/humbug_core/221150.wav,CANDIDATE_PENDING_COMPLETE_AUDIO_AUDIT
221143,12.8,IFA_18_29_709.wav,44100,30-01-20 00:00,mosquito,an arabiensis,Female,f,Single,,HBN,telinga,tascam,Tanzania,Kilombero District,Morogoro,Ifakara,cup,221143.wav,IFA_18_29_709.wav,Tanzania|Ifakara|cup|30-01-20 00:00,excluded,outside prespecified Female / fed=f / LT / Single cohort,anopheles_arabiensis,raw/humbug_core/221143.wav,CANDIDATE_PENDING_COMPLETE_AUDIO_AUDIT
221164,5.12,IFA_18_36_716.wav,44100,03-02-20 00:00,mosquito,an funestus ss,Female,t,Single,,HBN,telinga,tascam,Tanzania,Kilombero District,Morogoro,Ifakara,cup,221164.wav,IFA_18_36_716.wav,Tanzania|Ifakara|cup|03-02-20 00:00,excluded,outside prespecified Female / fed=f / LT / Single cohort,anopheles_funestus_ss,raw/humbug_core/221164.wav,CANDIDATE_PENDING_COMPLETE_AUDIO_AUDIT
221201,2.56,IFA_18_37_717.wav,44100,03-02-20 00:00,mosquito,an arabiensis,Female,f,Single,,HBN,telinga,tascam,Tanzania,Kilombero District,Morogoro,Ifakara,cup,221201.wav,IFA_18_37_717.wav,Tanzania|Ifakara|cup|03-02-20 00:00,excluded,outside prespecified Female / fed=f / LT / Single cohort,anopheles_arabiensis,raw/humbug_core/221201.wav,CANDIDATE_PENDING_COMPLETE_AUDIO_AUDIT
221200,2.56,IFA_18_37_717.wav,44100,03-02-20 00:00,mosquito,an arabiensis,Female,f,Single,,HBN,telinga,tascam,Tanzania,Kilombero District,Morogoro,Ifakara,cup,221200.wav,IFA_18_37_717.wav,Tanzania|Ifakara|cup|03-02-20 00:00,excluded,outside prespecified Female / fed=f / LT / Single cohort,anopheles_arabiensis,raw/humbug_core/221200.wav,CANDIDATE_PENDING_COMPLETE_AUDIO_AUDIT
221167,2.56,IFA_18_38_718.wav,44100,03-02-20 00:00,mosquito,an arabiensis,Female,f,Single,,HBN,telinga,tascam,Tanzania,Kilombero District,Morogoro,Ifakara,cup,221167.wav,IFA_18_38_718.wav,Tanzania|Ifakara|cup|03-02-20 00:00,excluded,outside prespecified Female / fed=f / LT / Single cohort,anopheles_arabiensis,raw/humbug_core/221167.wav,CANDIDATE_PENDING_COMPLETE_AUDIO_AUDIT
221166,2.56,IFA_18_38_718.wav,44100,03-02-20 00:00,mosquito,an arabiensis,Female,f,Single,,HBN,telinga,tascam,Tanzania,Kilombero District,Morogoro,Ifakara,cup,221166.wav,IFA_18_38_718.wav,Tanzania|Ifakara|cup|03-02-20 00:00,excluded,outside prespecified Female / fed=f / LT / Single cohort,anopheles_arabiensis,raw/humbug_core/221166.wav,CANDIDATE_PENDING_COMPLETE_AUDIO_AUDIT
221165,7.68,IFA_18_38_718.wav,44100,03-02-20 00:00,mosquito,an arabiensis,Female,f,Single,,HBN,telinga,tascam,Tanzania,Kilombero District,Morogoro,Ifakara,cup,221165.wav,IFA_18_38_718.wav,Tanzania|Ifakara|cup|03-02-20 00:00,excluded,outside prespecified Female / fed=f / LT / Single cohort,anopheles_arabiensis,raw/humbug_core/221165.wav,CANDIDATE_PENDING_COMPLETE_AUDIO_AUDIT
221180,15.36,IFA_18_39_719.wav,44100,03-02-20 00:00,mosquito,an arabiensis,Female,f,Single,,HBN,telinga,tascam,Tanzania,Kilombero District,Morogoro,Ifakara,cup,221180.wav,IFA_18_39_719.wav,Tanzania|Ifakara|cup|03-02-20 00:00,excluded,outside prespecified Female / fed=f / LT / Single cohort,anopheles_arabiensis,raw/humbug_core/221180.wav,CANDIDATE_PENDING_COMPLETE_AUDIO_AUDIT
221181,7.68,IFA_18_39_719.wav,44100,03-02-20 00:00,mosquito,an arabiensis,Female,f,Single,,HBN,telinga,tascam,Tanzania,Kilombero District,Morogoro,Ifakara,cup,221181.wav,IFA_18_39_719.wav,Tanzania|Ifakara|cup|03-02-20 00:00,excluded,outside prespecified Female / fed=f / LT / Single cohort,anopheles_arabiensis,raw/humbug_core/221181.wav,CANDIDATE_PENDING_COMPLETE_AUDIO_AUDIT
221182,7.68,IFA_19_12_732.wav,44100,03-02-20 00:00,mosquito,an arabiensis,Female,f,Single,,HBN,telinga,tascam,Tanzania,Kilombero District,Morogoro,Ifakara,cup,221182.wav,IFA_19_12_732.wav,Tanzania|Ifakara|cup|03-02-20 00:00,excluded,outside prespecified Female / fed=f / LT / Single cohort,anopheles_arabiensis,raw/humbug_core/221182.wav,CANDIDATE_PENDING_COMPLETE_AUDIO_AUDIT
221183,2.56,IFA_19_12_732.wav,44100,03-02-20 00:00,mosquito,an arabiensis,Female,f,Single,,HBN,telinga,tascam,Tanzania,Kilombero District,Morogoro,Ifakara,cup,221183.wav,IFA_19_12_732.wav,Tanzania|Ifakara|cup|03-02-20 00:00,excluded,outside prespecified Female / fed=f / LT / Single cohort,anopheles_arabiensis,raw/humbug_core/221183.wav,CANDIDATE_PENDING_COMPLETE_AUDIO_AUDIT
221206,5.12,IFA_19_14_734.wav,44100,03-02-20 00:00,mosquito,an funestus ss,Female,f,Single,,HBN,telinga,tascam,Tanzania,Kilombero District,Morogoro,Ifakara,cup,221206.wav,IFA_19_14_734.wav,Tanzania|Ifakara|cup|03-02-20 00:00,excluded,outside prespecified Female / fed=f / LT / Single cohort,anopheles_funestus_ss,raw/humbug_core/221206.wav,CANDIDATE_PENDING_COMPLETE_AUDIO_AUDIT
221205,5.12,IFA_19_14_734.wav,44100,03-02-20 00:00,mosquito,an funestus ss,Female,f,Single,,HBN,telinga,tascam,Tanzania,Kilombero District,Morogoro,Ifakara,cup,221205.wav,IFA_19_14_734.wav,Tanzania|Ifakara|cup|03-02-20 00:00,excluded,outside prespecified Female / fed=f / LT / Single cohort,anopheles_funestus_ss,raw/humbug_core/221205.wav,CANDIDATE_PENDING_COMPLETE_AUDIO_AUDIT
221208,30.72,IFA_19_14_734.wav,44100,03-02-20 00:00,mosquito,an funestus ss,Female,f,Single,,HBN,telinga,tascam,Tanzania,Kilombero District,Morogoro,Ifakara,cup,221208.wav,IFA_19_14_734.wav,Tanzania|Ifakara|cup|03-02-20 00:00,excluded,outside prespecified Female / fed=f / LT / Single cohort,anopheles_funestus_ss,raw/humbug_core/221208.wav,CANDIDATE_PENDING_COMPLETE_AUDIO_AUDIT
221207,2.56,IFA_19_14_734.wav,44100,03-02-20 00:00,mosquito,an funestus ss,Female,f,Single,,HBN,telinga,tascam,Tanzania,Kilombero District,Morogoro,Ifakara,cup,221207.wav,IFA_19_14_734.wav,Tanzania|Ifakara|cup|03-02-20 00:00,excluded,outside prespecified Female / fed=f / LT / Single cohort,anopheles_funestus_ss,raw/humbug_core/221207.wav,CANDIDATE_PENDING_COMPLETE_AUDIO_AUDIT
221172,7.68,IFA_19_17_737.wav,44100,03-02-20 00:00,mosquito,an funestus ss,Female,f,Single,,HBN,telinga,tascam,Tanzania,Kilombero District,Morogoro,Ifakara,cup,221172.wav,IFA_19_17_737.wav,Tanzania|Ifakara|cup|03-02-20 00:00,excluded,outside prespecified Female / fed=f / LT / Single cohort,anopheles_funestus_ss,raw/humbug_core/221172.wav,CANDIDATE_PENDING_COMPLETE_AUDIO_AUDIT
221173,10.24,IFA_19_17_737.wav,44100,03-02-20 00:00,mosquito,an funestus ss,Female,f,Single,,HBN,telinga,tascam,Tanzania,Kilombero District,Morogoro,Ifakara,cup,221173.wav,IFA_19_17_737.wav,Tanzania|Ifakara|cup|03-02-20 00:00,excluded,outside prespecified Female / fed=f / LT / Single cohort,anopheles_funestus_ss,raw/humbug_core/221173.wav,CANDIDATE_PENDING_COMPLETE_AUDIO_AUDIT
221174,28.1,IFA_19_17_737.wav,44100,03-02-20 00:00,mosquito,an funestus ss,Female,f,Single,,HBN,telinga,tascam,Tanzania,Kilombero District,Morogoro,Ifakara,cup,221174.wav,IFA_19_17_737.wav,Tanzania|Ifakara|cup|03-02-20 00:00,excluded,outside prespecified Female / fed=f / LT / Single cohort,anopheles_funestus_ss,raw/humbug_core/221174.wav,CANDIDATE_PENDING_COMPLETE_AUDIO_AUDIT
221177,7.68,IFA_19_18_738.wav,44100,03-02-20 00:00,mosquito,an arabiensis,Female,f,Single,,HBN,telinga,tascam,Tanzania,Kilombero District,Morogoro,Ifakara,cup,221177.wav,IFA_19_18_738.wav,Tanzania|Ifakara|cup|03-02-20 00:00,excluded,outside prespecified Female / fed=f / LT / Single cohort,anopheles_arabiensis,raw/humbug_core/221177.wav,CANDIDATE_PENDING_COMPLETE_AUDIO_AUDIT
221176,2.56,IFA_19_18_738.wav,44100,03-02-20 00:00,mosquito,an arabiensis,Female,f,Single,,HBN,telinga,tascam,Tanzania,Kilombero District,Morogoro,Ifakara,cup,221176.wav,IFA_19_18_738.wav,Tanzania|Ifakara|cup|03-02-20 00:00,excluded,outside prespecified Female / fed=f / LT / Single cohort,anopheles_arabiensis,raw/humbug_core/221176.wav,CANDIDATE_PENDING_COMPLETE_AUDIO_AUDIT
221175,5.12,IFA_19_18_738.wav,44100,03-02-20 00:00,mosquito,an arabiensis,Female,f,Single,,HBN,telinga,tascam,Tanzania,Kilombero District,Morogoro,Ifakara,cup,221175.wav,IFA_19_18_738.wav,Tanzania|Ifakara|cup|03-02-20 00:00,excluded,outside prespecified Female / fed=f / LT / Single cohort,anopheles_arabiensis,raw/humbug_core/221175.wav,CANDIDATE_PENDING_COMPLETE_AUDIO_AUDIT
221178,2.56,IFA_19_18_738.wav,44100,03-02-20 00:00,mosquito,an arabiensis,Female,f,Single,,HBN,telinga,tascam,Tanzania,Kilombero District,Morogoro,Ifakara,cup,221178.wav,IFA_19_18_738.wav,Tanzania|Ifakara|cup|03-02-20 00:00,excluded,outside prespecified Female / fed=f / LT / Single cohort,anopheles_arabiensis,raw/humbug_core/221178.wav,CANDIDATE_PENDING_COMPLETE_AUDIO_AUDIT
221179,7.62,IFA_19_18_738.wav,44100,03-02-20 00:00,mosquito,an arabiensis,Female,f,Single,,HBN,telinga,tascam,Tanzania,Kilombero District,Morogoro,Ifakara,cup,221179.wav,IFA_19_18_738.wav,Tanzania|Ifakara|cup|03-02-20 00:00,excluded,outside prespecified Female / fed=f / LT / Single cohort,anopheles_arabiensis,raw/humbug_core/221179.wav,CANDIDATE_PENDING_COMPLETE_AUDIO_AUDIT
221210,63.94,IFA_19_19_739.wav,44100,03-02-20 00:00,mosquito,an arabiensis,Female,f,Single,,HBN,telinga,tascam,Tanzania,Kilombero District,Morogoro,Ifakara,cup,221210.wav,IFA_19_19_739.wav,Tanzania|Ifakara|cup|03-02-20 00:00,excluded,outside prespecified Female / fed=f / LT / Single cohort,anopheles_arabiensis,raw/humbug_core/221210.wav,CANDIDATE_PENDING_COMPLETE_AUDIO_AUDIT
221196,2.56,IFA_19_20_740.wav,44100,03-02-20 00:00,mosquito,an arabiensis,Female,f,Single,,HBN,telinga,tascam,Tanzania,Kilombero District,Morogoro,Ifakara,cup,221196.wav,IFA_19_20_740.wav,Tanzania|Ifakara|cup|03-02-20 00:00,excluded,outside prespecified Female / fed=f / LT / Single cohort,anopheles_arabiensis,raw/humbug_core/221196.wav,CANDIDATE_PENDING_COMPLETE_AUDIO_AUDIT
221197,35.78,IFA_19_20_740.wav,44100,03-02-20 00:00,mosquito,an arabiensis,Female,f,Single,,HBN,telinga,tascam,Tanzania,Kilombero District,Morogoro,Ifakara,cup,221197.wav,IFA_19_20_740.wav,Tanzania|Ifakara|cup|03-02-20 00:00,excluded,outside prespecified Female / fed=f / LT / Single cohort,anopheles_arabiensis,raw/humbug_core/221197.wav,CANDIDATE_PENDING_COMPLETE_AUDIO_AUDIT
221211,2.56,IFA_19_21_741.wav,44100,03-02-20 00:00,mosquito,an arabiensis,Female,f,Single,,HBN,telinga,tascam,Tanzania,Kilombero District,Morogoro,Ifakara,cup,221211.wav,IFA_19_21_741.wav,Tanzania|Ifakara|cup|03-02-20 00:00,excluded,outside prespecified Female / fed=f / LT / Single cohort,anopheles_arabiensis,raw/humbug_core/221211.wav,CANDIDATE_PENDING_COMPLETE_AUDIO_AUDIT
221212,12.8,IFA_19_21_741.wav,44100,03-02-20 00:00,mosquito,an arabiensis,Female,f,Single,,HBN,telinga,tascam,Tanzania,Kilombero District,Morogoro,Ifakara,cup,221212.wav,IFA_19_21_741.wav,Tanzania|Ifakara|cup|03-02-20 00:00,excluded,outside prespecified Female / fed=f / LT / Single cohort,anopheles_arabiensis,raw/humbug_core/221212.wav,CANDIDATE_PENDING_COMPLETE_AUDIO_AUDIT
221199,43.46,IFA_19_22_742.wav,44100,03-02-20 00:00,mosquito,an arabiensis,Female,f,Single,,HBN,telinga,tascam,Tanzania,Kilombero District,Morogoro,Ifakara,cup,221199.wav,IFA_19_22_742.wav,Tanzania|Ifakara|cup|03-02-20 00:00,excluded,outside prespecified Female / fed=f / LT / Single cohort,anopheles_arabiensis,raw/humbug_core/221199.wav,CANDIDATE_PENDING_COMPLETE_AUDIO_AUDIT
221195,10.24,IFA_19_23_743.wav,44100,03-02-20 00:00,mosquito,an funestus ss,Female,f,Single,,HBN,telinga,tascam,Tanzania,Kilombero District,Morogoro,Ifakara,cup,221195.wav,IFA_19_23_743.wav,Tanzania|Ifakara|cup|03-02-20 00:00,excluded,outside prespecified Female / fed=f / LT / Single cohort,anopheles_funestus_ss,raw/humbug_core/221195.wav,CANDIDATE_PENDING_COMPLETE_AUDIO_AUDIT
221194,10.24,IFA_19_23_743.wav,44100,03-02-20 00:00,mosquito,an funestus ss,Female,f,Single,,HBN,telinga,tascam,Tanzania,Kilombero District,Morogoro,Ifakara,cup,221194.wav,IFA_19_23_743.wav,Tanzania|Ifakara|cup|03-02-20 00:00,excluded,outside prespecified Female / fed=f / LT / Single cohort,anopheles_funestus_ss,raw/humbug_core/221194.wav,CANDIDATE_PENDING_COMPLETE_AUDIO_AUDIT
221193,2.56,IFA_19_23_743.wav,44100,03-02-20 00:00,mosquito,an funestus ss,Female,f,Single,,HBN,telinga,tascam,Tanzania,Kilombero District,Morogoro,Ifakara,cup,221193.wav,IFA_19_23_743.wav,Tanzania|Ifakara|cup|03-02-20 00:00,excluded,outside prespecified Female / fed=f / LT / Single cohort,anopheles_funestus_ss,raw/humbug_core/221193.wav,CANDIDATE_PENDING_COMPLETE_AUDIO_AUDIT
221159,2.56,IFA_19_24_744.wav,44100,03-02-20 00:00,mosquito,an arabiensis,Female,f,Single,,HBN,telinga,tascam,Tanzania,Kilombero District,Morogoro,Ifakara,cup,221159.wav,IFA_19_24_744.wav,Tanzania|Ifakara|cup|03-02-20 00:00,excluded,outside prespecified Female / fed=f / LT / Single cohort,anopheles_arabiensis,raw/humbug_core/221159.wav,CANDIDATE_PENDING_COMPLETE_AUDIO_AUDIT
221160,5.12,IFA_19_24_744.wav,44100,03-02-20 00:00,mosquito,an arabiensis,Female,f,Single,,HBN,telinga,tascam,Tanzania,Kilombero District,Morogoro,Ifakara,cup,221160.wav,IFA_19_24_744.wav,Tanzania|Ifakara|cup|03-02-20 00:00,excluded,outside prespecified Female / fed=f / LT / Single cohort,anopheles_arabiensis,raw/humbug_core/221160.wav,CANDIDATE_PENDING_COMPLETE_AUDIO_AUDIT
221161,2.56,IFA_19_25_745.wav,44100,03-02-20 00:00,mosquito,an funestus ss,Female,f,Single,,HBN,telinga,tascam,Tanzania,Kilombero District,Morogoro,Ifakara,cup,221161.wav,IFA_19_25_745.wav,Tanzania|Ifakara|cup|03-02-20 00:00,excluded,outside prespecified Female / fed=f / LT / Single cohort,anopheles_funestus_ss,raw/humbug_core/221161.wav,CANDIDATE_PENDING_COMPLETE_AUDIO_AUDIT
221163,2.56,IFA_19_25_745.wav,44100,03-02-20 00:00,mosquito,an funestus ss,Female,f,Single,,HBN,telinga,tascam,Tanzania,Kilombero District,Morogoro,Ifakara,cup,221163.wav,IFA_19_25_745.wav,Tanzania|Ifakara|cup|03-02-20 00:00,excluded,outside prespecified Female / fed=f / LT / Single cohort,anopheles_funestus_ss,raw/humbug_core/221163.wav,CANDIDATE_PENDING_COMPLETE_AUDIO_AUDIT
221162,10.24,IFA_19_25_745.wav,44100,03-02-20 00:00,mosquito,an funestus ss,Female,f,Single,,HBN,telinga,tascam,Tanzania,Kilombero District,Morogoro,Ifakara,cup,221162.wav,IFA_19_25_745.wav,Tanzania|Ifakara|cup|03-02-20 00:00,excluded,outside prespecified Female / fed=f / LT / Single cohort,anopheles_funestus_ss,raw/humbug_core/221162.wav,CANDIDATE_PENDING_COMPLETE_AUDIO_AUDIT
221215,7.68,IFA_19_26_746.wav,44100,03-02-20 00:00,mosquito,an arabiensis,Female,f,Single,,HBN,telinga,tascam,Tanzania,Kilombero District,Morogoro,Ifakara,cup,221215.wav,IFA_19_26_746.wav,Tanzania|Ifakara|cup|03-02-20 00:00,excluded,outside prespecified Female / fed=f / LT / Single cohort,anopheles_arabiensis,raw/humbug_core/221215.wav,CANDIDATE_PENDING_COMPLETE_AUDIO_AUDIT
221216,2.5,IFA_19_26_746.wav,44100,03-02-20 00:00,mosquito,an arabiensis,Female,f,Single,,HBN,telinga,tascam,Tanzania,Kilombero District,Morogoro,Ifakara,cup,221216.wav,IFA_19_26_746.wav,Tanzania|Ifakara|cup|03-02-20 00:00,excluded,outside prespecified Female / fed=f / LT / Single cohort,anopheles_arabiensis,raw/humbug_core/221216.wav,CANDIDATE_PENDING_COMPLETE_AUDIO_AUDIT
221214,5.12,IFA_19_26_746.wav,44100,03-02-20 00:00,mosquito,an arabiensis,Female,f,Single,,HBN,telinga,tascam,Tanzania,Kilombero District,Morogoro,Ifakara,cup,221214.wav,IFA_19_26_746.wav,Tanzania|Ifakara|cup|03-02-20 00:00,excluded,outside prespecified Female / fed=f / LT / Single cohort,anopheles_arabiensis,raw/humbug_core/221214.wav,CANDIDATE_PENDING_COMPLETE_AUDIO_AUDIT
221213,20.48,IFA_19_26_746.wav,44100,03-02-20 00:00,mosquito,an arabiensis,Female,f,Single,,HBN,telinga,tascam,Tanzania,Kilombero District,Morogoro,Ifakara,cup,221213.wav,IFA_19_26_746.wav,Tanzania|Ifakara|cup|03-02-20 00:00,excluded,outside prespecified Female / fed=f / LT / Single cohort,anopheles_arabiensis,raw/humbug_core/221213.wav,CANDIDATE_PENDING_COMPLETE_AUDIO_AUDIT
221190,5.12,IFA_19_27_747.wav,44100,03-02-20 00:00,mosquito,an arabiensis,Female,f,Single,,HBN,telinga,tascam,Tanzania,Kilombero District,Morogoro,Ifakara,cup,221190.wav,IFA_19_27_747.wav,Tanzania|Ifakara|cup|03-02-20 00:00,excluded,outside prespecified Female / fed=f / LT / Single cohort,anopheles_arabiensis,raw/humbug_core/221190.wav,CANDIDATE_PENDING_COMPLETE_AUDIO_AUDIT
221189,2.56,IFA_19_27_747.wav,44100,03-02-20 00:00,mosquito,an arabiensis,Female,f,Single,,HBN,telinga,tascam,Tanzania,Kilombero District,Morogoro,Ifakara,cup,221189.wav,IFA_19_27_747.wav,Tanzania|Ifakara|cup|03-02-20 00:00,excluded,outside prespecified Female / fed=f / LT / Single cohort,anopheles_arabiensis,raw/humbug_core/221189.wav,CANDIDATE_PENDING_COMPLETE_AUDIO_AUDIT
221188,5.12,IFA_19_27_747.wav,44100,03-02-20 00:00,mosquito,an arabiensis,Female,f,Single,,HBN,telinga,tascam,Tanzania,Kilombero District,Morogoro,Ifakara,cup,221188.wav,IFA_19_27_747.wav,Tanzania|Ifakara|cup|03-02-20 00:00,excluded,outside prespecified Female / fed=f / LT / Single cohort,anopheles_arabiensis,raw/humbug_core/221188.wav,CANDIDATE_PENDING_COMPLETE_AUDIO_AUDIT
221187,2.56,IFA_19_27_747.wav,44100,03-02-20 00:00,mosquito,an arabiensis,Female,f,Single,,HBN,telinga,tascam,Tanzania,Kilombero District,Morogoro,Ifakara,cup,221187.wav,IFA_19_27_747.wav,Tanzania|Ifakara|cup|03-02-20 00:00,excluded,outside prespecified Female / fed=f / LT / Single cohort,anopheles_arabiensis,raw/humbug_core/221187.wav,CANDIDATE_PENDING_COMPLETE_AUDIO_AUDIT
221209,20.48,IFA_19_28_748.wav,44100,03-02-20 00:00,mosquito,an arabiensis,Female,t,Single,,HBN,telinga,tascam,Tanzania,Kilombero District,Morogoro,Ifakara,cup,221209.wav,IFA_19_28_748.wav,Tanzania|Ifakara|cup|03-02-20 00:00,excluded,outside prespecified Female / fed=f / LT / Single cohort,anopheles_arabiensis,raw/humbug_core/221209.wav,CANDIDATE_PENDING_COMPLETE_AUDIO_AUDIT
221204,5.06,IFA_19_31_751.wav,44100,03-02-20 00:00,mosquito,an arabiensis,Female,f,Single,,HBN,telinga,tascam,Tanzania,Kilombero District,Morogoro,Ifakara,cup,221204.wav,IFA_19_31_751.wav,Tanzania|Ifakara|cup|03-02-20 00:00,excluded,outside prespecified Female / fed=f / LT / Single cohort,anopheles_arabiensis,raw/humbug_core/221204.wav,CANDIDATE_PENDING_COMPLETE_AUDIO_AUDIT
221203,15.36,IFA_19_31_751.wav,44100,03-02-20 00:00,mosquito,an arabiensis,Female,f,Single,,HBN,telinga,tascam,Tanzania,Kilombero District,Morogoro,Ifakara,cup,221203.wav,IFA_19_31_751.wav,Tanzania|Ifakara|cup|03-02-20 00:00,excluded,outside prespecified Female / fed=f / LT / Single cohort,anopheles_arabiensis,raw/humbug_core/221203.wav,CANDIDATE_PENDING_COMPLETE_AUDIO_AUDIT
221202,17.92,IFA_19_31_751.wav,44100,03-02-20 00:00,mosquito,an arabiensis,Female,f,Single,,HBN,telinga,tascam,Tanzania,Kilombero District,Morogoro,Ifakara,cup,221202.wav,IFA_19_31_751.wav,Tanzania|Ifakara|cup|03-02-20 00:00,excluded,outside prespecified Female / fed=f / LT / Single cohort,anopheles_arabiensis,raw/humbug_core/221202.wav,CANDIDATE_PENDING_COMPLETE_AUDIO_AUDIT
221170,5.12,IFA_19_32_752.wav,44100,03-02-20 00:00,mosquito,an arabiensis,Female,f,Single,,HBN,telinga,tascam,Tanzania,Kilombero District,Morogoro,Ifakara,cup,221170.wav,IFA_19_32_752.wav,Tanzania|Ifakara|cup|03-02-20 00:00,excluded,outside prespecified Female / fed=f / LT / Single cohort,anopheles_arabiensis,raw/humbug_core/221170.wav,CANDIDATE_PENDING_COMPLETE_AUDIO_AUDIT
221169,5.12,IFA_19_32_752.wav,44100,03-02-20 00:00,mosquito,an arabiensis,Female,f,Single,,HBN,telinga,tascam,Tanzania,Kilombero District,Morogoro,Ifakara,cup,221169.wav,IFA_19_32_752.wav,Tanzania|Ifakara|cup|03-02-20 00:00,excluded,outside prespecified Female / fed=f / LT / Single cohort,anopheles_arabiensis,raw/humbug_core/221169.wav,CANDIDATE_PENDING_COMPLETE_AUDIO_AUDIT
221168,7.68,IFA_19_32_752.wav,44100,03-02-20 00:00,mosquito,an arabiensis,Female,f,Single,,HBN,telinga,tascam,Tanzania,Kilombero District,Morogoro,Ifakara,cup,221168.wav,IFA_19_32_752.wav,Tanzania|Ifakara|cup|03-02-20 00:00,excluded,outside prespecified Female / fed=f / LT / Single cohort,anopheles_arabiensis,raw/humbug_core/221168.wav,CANDIDATE_PENDING_COMPLETE_AUDIO_AUDIT
221171,10.24,IFA_19_32_752.wav,44100,03-02-20 00:00,mosquito,an arabiensis,Female,f,Single,,HBN,telinga,tascam,Tanzania,Kilombero District,Morogoro,Ifakara,cup,221171.wav,IFA_19_32_752.wav,Tanzania|Ifakara|cup|03-02-20 00:00,excluded,outside prespecified Female / fed=f / LT / Single cohort,anopheles_arabiensis,raw/humbug_core/221171.wav,CANDIDATE_PENDING_COMPLETE_AUDIO_AUDIT
221198,12.8,IFA_19_34_754.wav,44100,03-02-20 00:00,mosquito,an arabiensis,Female,f,Single,,HBN,telinga,tascam,Tanzania,Kilombero District,Morogoro,Ifakara,cup,221198.wav,IFA_19_34_754.wav,Tanzania|Ifakara|cup|03-02-20 00:00,excluded,outside prespecified Female / fed=f / LT / Single cohort,anopheles_arabiensis,raw/humbug_core/221198.wav,CANDIDATE_PENDING_COMPLETE_AUDIO_AUDIT
221184,5.12,IFA_19_36_756.wav,44100,03-02-20 00:00,mosquito,an arabiensis,Female,f,Single,,HBN,telinga,tascam,Tanzania,Kilombero District,Morogoro,Ifakara,cup,221184.wav,IFA_19_36_756.wav,Tanzania|Ifakara|cup|03-02-20 00:00,excluded,outside prespecified Female / fed=f / LT / Single cohort,anopheles_arabiensis,raw/humbug_core/221184.wav,CANDIDATE_PENDING_COMPLETE_AUDIO_AUDIT
221186,5.12,IFA_19_36_756.wav,44100,03-02-20 00:00,mosquito,an arabiensis,Female,f,Single,,HBN,telinga,tascam,Tanzania,Kilombero District,Morogoro,Ifakara,cup,221186.wav,IFA_19_36_756.wav,Tanzania|Ifakara|cup|03-02-20 00:00,excluded,outside prespecified Female / fed=f / LT / Single cohort,anopheles_arabiensis,raw/humbug_core/221186.wav,CANDIDATE_PENDING_COMPLETE_AUDIO_AUDIT
221185,2.56,IFA_19_36_756.wav,44100,03-02-20 00:00,mosquito,an arabiensis,Female,f,Single,,HBN,telinga,tascam,Tanzania,Kilombero District,Morogoro,Ifakara,cup,221185.wav,IFA_19_36_756.wav,Tanzania|Ifakara|cup|03-02-20 00:00,excluded,outside prespecified Female / fed=f / LT / Single cohort,anopheles_arabiensis,raw/humbug_core/221185.wav,CANDIDATE_PENDING_COMPLETE_AUDIO_AUDIT
221191,2.56,IFA_19_38_758.wav,44100,03-02-20 00:00,mosquito,an arabiensis,Female,f,Single,,HBN,telinga,tascam,Tanzania,Kilombero District,Morogoro,Ifakara,cup,221191.wav,IFA_19_38_758.wav,Tanzania|Ifakara|cup|03-02-20 00:00,excluded,outside prespecified Female / fed=f / LT / Single cohort,anopheles_arabiensis,raw/humbug_core/221191.wav,CANDIDATE_PENDING_COMPLETE_AUDIO_AUDIT
221192,2.56,IFA_19_38_758.wav,44100,03-02-20 00:00,mosquito,an arabiensis,Female,f,Single,,HBN,telinga,tascam,Tanzania,Kilombero District,Morogoro,Ifakara,cup,221192.wav,IFA_19_38_758.wav,Tanzania|Ifakara|cup|03-02-20 00:00,excluded,outside prespecified Female / fed=f / LT / Single cohort,anopheles_arabiensis,raw/humbug_core/221192.wav,CANDIDATE_PENDING_COMPLETE_AUDIO_AUDIT
220517,5.12,IFA_20_12_772.wav,44100,03-02-20 00:00,mosquito,an arabiensis,Female,f,Single,,HBN,telinga,tascam,Tanzania,Kilombero District,Morogoro,Ifakara,cup,220517.wav,IFA_20_12_772.wav,Tanzania|Ifakara|cup|03-02-20 00:00,excluded,outside prespecified Female / fed=f / LT / Single cohort,anopheles_arabiensis,raw/humbug_core/220517.wav,CANDIDATE_PENDING_COMPLETE_AUDIO_AUDIT
220516,7.68,IFA_20_12_772.wav,44100,03-02-20 00:00,mosquito,an arabiensis,Female,f,Single,,HBN,telinga,tascam,Tanzania,Kilombero District,Morogoro,Ifakara,cup,220516.wav,IFA_20_12_772.wav,Tanzania|Ifakara|cup|03-02-20 00:00,excluded,outside prespecified Female / fed=f / LT / Single cohort,anopheles_arabiensis,raw/humbug_core/220516.wav,CANDIDATE_PENDING_COMPLETE_AUDIO_AUDIT
220521,2.56,IFA_20_17_777.wav,44100,03-02-20 00:00,mosquito,an arabiensis,Female,f,Single,,HBN,telinga,tascam,Tanzania,Kilombero District,Morogoro,Ifakara,cup,220521.wav,IFA_20_17_777.wav,Tanzania|Ifakara|cup|03-02-20 00:00,excluded,outside prespecified Female / fed=f / LT / Single cohort,anopheles_arabiensis,raw/humbug_core/220521.wav,CANDIDATE_PENDING_COMPLETE_AUDIO_AUDIT
220522,2.56,IFA_20_18_778.wav,44100,03-02-20 00:00,mosquito,an arabiensis,Female,f,Single,,HBN,telinga,tascam,Tanzania,Kilombero District,Morogoro,Ifakara,cup,220522.wav,IFA_20_18_778.wav,Tanzania|Ifakara|cup|03-02-20 00:00,excluded,outside prespecified Female / fed=f / LT / Single cohort,anopheles_arabiensis,raw/humbug_core/220522.wav,CANDIDATE_PENDING_COMPLETE_AUDIO_AUDIT
220515,2.56,IFA_20_22_782.wav,44100,03-02-20 00:00,mosquito,an funestus ss,Female,f,Single,,HBN,telinga,tascam,Tanzania,Kilombero District,Morogoro,Ifakara,cup,220515.wav,IFA_20_22_782.wav,Tanzania|Ifakara|cup|03-02-20 00:00,excluded,outside prespecified Female / fed=f / LT / Single cohort,anopheles_funestus_ss,raw/humbug_core/220515.wav,CANDIDATE_PENDING_COMPLETE_AUDIO_AUDIT
220518,10.24,IFA_20_31_791.wav,44100,03-02-20 00:00,mosquito,an funestus ss,Female,f,Single,,HBN,telinga,tascam,Tanzania,Kilombero District,Morogoro,Ifakara,cup,220518.wav,IFA_20_31_791.wav,Tanzania|Ifakara|cup|03-02-20 00:00,excluded,outside prespecified Female / fed=f / LT / Single cohort,anopheles_funestus_ss,raw/humbug_core/220518.wav,CANDIDATE_PENDING_COMPLETE_AUDIO_AUDIT
220519,2.56,IFA_20_31_791.wav,44100,03-02-20 00:00,mosquito,an funestus ss,Female,f,Single,,HBN,telinga,tascam,Tanzania,Kilombero District,Morogoro,Ifakara,cup,220519.wav,IFA_20_31_791.wav,Tanzania|Ifakara|cup|03-02-20 00:00,excluded,outside prespecified Female / fed=f / LT / Single cohort,anopheles_funestus_ss,raw/humbug_core/220519.wav,CANDIDATE_PENDING_COMPLETE_AUDIO_AUDIT
220512,2.56,IFA_20_35_795.wav,44100,03-02-20 00:00,mosquito,an funestus ss,Female,f,Single,,HBN,telinga,tascam,Tanzania,Kilombero District,Morogoro,Ifakara,cup,220512.wav,IFA_20_35_795.wav,Tanzania|Ifakara|cup|03-02-20 00:00,excluded,outside prespecified Female / fed=f / LT / Single cohort,anopheles_funestus_ss,raw/humbug_core/220512.wav,CANDIDATE_PENDING_COMPLETE_AUDIO_AUDIT
220513,2.56,IFA_20_35_795.wav,44100,03-02-20 00:00,mosquito,an funestus ss,Female,f,Single,,HBN,telinga,tascam,Tanzania,Kilombero District,Morogoro,Ifakara,cup,220513.wav,IFA_20_35_795.wav,Tanzania|Ifakara|cup|03-02-20 00:00,excluded,outside prespecified Female / fed=f / LT / Single cohort,anopheles_funestus_ss,raw/humbug_core/220513.wav,CANDIDATE_PENDING_COMPLETE_AUDIO_AUDIT
220514,5.12,IFA_20_38_798.wav,44100,03-02-20 00:00,mosquito,an arabiensis,Female,f,Single,,HBN,telinga,tascam,Tanzania,Kilombero District,Morogoro,Ifakara,cup,220514.wav,IFA_20_38_798.wav,Tanzania|Ifakara|cup|03-02-20 00:00,excluded,outside prespecified Female / fed=f / LT / Single cohort,anopheles_arabiensis,raw/humbug_core/220514.wav,CANDIDATE_PENDING_COMPLETE_AUDIO_AUDIT
220511,7.68,IFA_20_40_800.wav,44100,03-02-20 00:00,mosquito,an funestus ss,Female,f,Single,,HBN,telinga,tascam,Tanzania,Kilombero District,Morogoro,Ifakara,cup,220511.wav,IFA_20_40_800.wav,Tanzania|Ifakara|cup|03-02-20 00:00,excluded,outside prespecified Female / fed=f / LT / Single cohort,anopheles_funestus_ss,raw/humbug_core/220511.wav,CANDIDATE_PENDING_COMPLETE_AUDIO_AUDIT
220553,2.56,IFA_21_10_810.wav,44100,08-02-20 00:00,mosquito,an arabiensis,Female,f,Single,,HBN,telinga,tascam,Tanzania,Kilombero District,Morogoro,Ifakara,cup,220553.wav,IFA_21_10_810.wav,Tanzania|Ifakara|cup|08-02-20 00:00,excluded,outside prespecified Female / fed=f / LT / Single cohort,anopheles_arabiensis,raw/humbug_core/220553.wav,CANDIDATE_PENDING_COMPLETE_AUDIO_AUDIT
220543,5.12,IFA_21_20_820.wav,44100,08-02-20 00:00,mosquito,an arabiensis,Female,f,Single,,HBN,telinga,tascam,Tanzania,Kilombero District,Morogoro,Ifakara,cup,220543.wav,IFA_21_20_820.wav,Tanzania|Ifakara|cup|08-02-20 00:00,excluded,outside prespecified Female / fed=f / LT / Single cohort,anopheles_arabiensis,raw/humbug_core/220543.wav,CANDIDATE_PENDING_COMPLETE_AUDIO_AUDIT
220538,5.12,IFA_21_22_822.wav,44100,08-02-20 00:00,mosquito,an arabiensis,Female,f,Single,,HBN,telinga,tascam,Tanzania,Kilombero District,Morogoro,Ifakara,cup,220538.wav,IFA_21_22_822.wav,Tanzania|Ifakara|cup|08-02-20 00:00,excluded,outside prespecified Female / fed=f / LT / Single cohort,anopheles_arabiensis,raw/humbug_core/220538.wav,CANDIDATE_PENDING_COMPLETE_AUDIO_AUDIT
220541,5.12,IFA_21_27_827.wav,44100,08-02-20 00:00,mosquito,an arabiensis,Female,f,Single,,HBN,telinga,tascam,Tanzania,Kilombero District,Morogoro,Ifakara,cup,220541.wav,IFA_21_27_827.wav,Tanzania|Ifakara|cup|08-02-20 00:00,excluded,outside prespecified Female / fed=f / LT / Single cohort,anopheles_arabiensis,raw/humbug_core/220541.wav,CANDIDATE_PENDING_COMPLETE_AUDIO_AUDIT
220540,2.56,IFA_21_27_827.wav,44100,08-02-20 00:00,mosquito,an arabiensis,Female,f,Single,,HBN,telinga,tascam,Tanzania,Kilombero District,Morogoro,Ifakara,cup,220540.wav,IFA_21_27_827.wav,Tanzania|Ifakara|cup|08-02-20 00:00,excluded,outside prespecified Female / fed=f / LT / Single cohort,anopheles_arabiensis,raw/humbug_core/220540.wav,CANDIDATE_PENDING_COMPLETE_AUDIO_AUDIT
220542,2.56,IFA_21_27_827.wav,44100,08-02-20 00:00,mosquito,an arabiensis,Female,f,Single,,HBN,telinga,tascam,Tanzania,Kilombero District,Morogoro,Ifakara,cup,220542.wav,IFA_21_27_827.wav,Tanzania|Ifakara|cup|08-02-20 00:00,excluded,outside prespecified Female / fed=f / LT / Single cohort,anopheles_arabiensis,raw/humbug_core/220542.wav,CANDIDATE_PENDING_COMPLETE_AUDIO_AUDIT
220554,2.56,IFA_21_29_829.wav,44100,08-02-20 00:00,mosquito,an arabiensis,Female,f,Single,,HBN,telinga,tascam,Tanzania,Kilombero District,Morogoro,Ifakara,cup,220554.wav,IFA_21_29_829.wav,Tanzania|Ifakara|cup|08-02-20 00:00,excluded,outside prespecified Female / fed=f / LT / Single cohort,anopheles_arabiensis,raw/humbug_core/220554.wav,CANDIDATE_PENDING_COMPLETE_AUDIO_AUDIT
220552,10.24,IFA_21_36_836.wav,44100,08-02-20 00:00,mosquito,an arabiensis,Female,f,Single,,HBN,telinga,tascam,Tanzania,Kilombero District,Morogoro,Ifakara,cup,220552.wav,IFA_21_36_836.wav,Tanzania|Ifakara|cup|08-02-20 00:00,excluded,outside prespecified Female / fed=f / LT / Single cohort,anopheles_arabiensis,raw/humbug_core/220552.wav,CANDIDATE_PENDING_COMPLETE_AUDIO_AUDIT
220528,2.56,IFA_22_14_854.wav,44100,08-02-20 00:00,mosquito,an arabiensis,Female,f,Single,,HBN,telinga,tascam,Tanzania,Kilombero District,Morogoro,Ifakara,cup,220528.wav,IFA_22_14_854.wav,Tanzania|Ifakara|cup|08-02-20 00:00,excluded,outside prespecified Female / fed=f / LT / Single cohort,anopheles_arabiensis,raw/humbug_core/220528.wav,CANDIDATE_PENDING_COMPLETE_AUDIO_AUDIT
220539,2.56,IFA_22_16_856.wav,44100,08-02-20 00:00,mosquito,an arabiensis,Female,f,Single,,HBN,telinga,tascam,Tanzania,Kilombero District,Morogoro,Ifakara,cup,220539.wav,IFA_22_16_856.wav,Tanzania|Ifakara|cup|08-02-20 00:00,excluded,outside prespecified Female / fed=f / LT / Single cohort,anopheles_arabiensis,raw/humbug_core/220539.wav,CANDIDATE_PENDING_COMPLETE_AUDIO_AUDIT
220533,5.12,IFA_22_19_859.wav,44100,08-02-20 00:00,mosquito,an arabiensis,Female,f,Single,,HBN,telinga,tascam,Tanzania,Kilombero District,Morogoro,Ifakara,cup,220533.wav,IFA_22_19_859.wav,Tanzania|Ifakara|cup|08-02-20 00:00,excluded,outside prespecified Female / fed=f / LT / Single cohort,anopheles_arabiensis,raw/humbug_core/220533.wav,CANDIDATE_PENDING_COMPLETE_AUDIO_AUDIT
220534,2.56,IFA_22_19_859.wav,44100,08-02-20 00:00,mosquito,an arabiensis,Female,f,Single,,HBN,telinga,tascam,Tanzania,Kilombero District,Morogoro,Ifakara,cup,220534.wav,IFA_22_19_859.wav,Tanzania|Ifakara|cup|08-02-20 00:00,excluded,outside prespecified Female / fed=f / LT / Single cohort,anopheles_arabiensis,raw/humbug_core/220534.wav,CANDIDATE_PENDING_COMPLETE_AUDIO_AUDIT
220527,2.56,IFA_22_20_860.wav,44100,08-02-20 00:00,mosquito,an arabiensis,Female,f,Single,,HBN,telinga,tascam,Tanzania,Kilombero District,Morogoro,Ifakara,cup,220527.wav,IFA_22_20_860.wav,Tanzania|Ifakara|cup|08-02-20 00:00,excluded,outside prespecified Female / fed=f / LT / Single cohort,anopheles_arabiensis,raw/humbug_core/220527.wav,CANDIDATE_PENDING_COMPLETE_AUDIO_AUDIT
220526,23.04,IFA_22_20_860.wav,44100,08-02-20 00:00,mosquito,an arabiensis,Female,f,Single,,HBN,telinga,tascam,Tanzania,Kilombero District,Morogoro,Ifakara,cup,220526.wav,IFA_22_20_860.wav,Tanzania|Ifakara|cup|08-02-20 00:00,excluded,outside prespecified Female / fed=f / LT / Single cohort,anopheles_arabiensis,raw/humbug_core/220526.wav,CANDIDATE_PENDING_COMPLETE_AUDIO_AUDIT
220523,117.76,IFA_22_21_861.wav,44100,08-02-20 00:00,mosquito,an arabiensis,Female,f,Single,,HBN,telinga,tascam,Tanzania,Kilombero District,Morogoro,Ifakara,cup,220523.wav,IFA_22_21_861.wav,Tanzania|Ifakara|cup|08-02-20 00:00,excluded,outside prespecified Female / fed=f / LT / Single cohort,anopheles_arabiensis,raw/humbug_core/220523.wav,CANDIDATE_PENDING_COMPLETE_AUDIO_AUDIT
220549,5.12,IFA_22_22_862.wav,44100,08-02-20 00:00,mosquito,an arabiensis,Female,f,Single,,HBN,telinga,tascam,Tanzania,Kilombero District,Morogoro,Ifakara,cup,220549.wav,IFA_22_22_862.wav,Tanzania|Ifakara|cup|08-02-20 00:00,excluded,outside prespecified Female / fed=f / LT / Single cohort,anopheles_arabiensis,raw/humbug_core/220549.wav,CANDIDATE_PENDING_COMPLETE_AUDIO_AUDIT
220547,2.56,IFA_22_22_862.wav,44100,08-02-20 00:00,mosquito,an arabiensis,Female,f,Single,,HBN,telinga,tascam,Tanzania,Kilombero District,Morogoro,Ifakara,cup,220547.wav,IFA_22_22_862.wav,Tanzania|Ifakara|cup|08-02-20 00:00,excluded,outside prespecified Female / fed=f / LT / Single cohort,anopheles_arabiensis,raw/humbug_core/220547.wav,CANDIDATE_PENDING_COMPLETE_AUDIO_AUDIT
220548,5.12,IFA_22_22_862.wav,44100,08-02-20 00:00,mosquito,an arabiensis,Female,f,Single,,HBN,telinga,tascam,Tanzania,Kilombero District,Morogoro,Ifakara,cup,220548.wav,IFA_22_22_862.wav,Tanzania|Ifakara|cup|08-02-20 00:00,excluded,outside prespecified Female / fed=f / LT / Single cohort,anopheles_arabiensis,raw/humbug_core/220548.wav,CANDIDATE_PENDING_COMPLETE_AUDIO_AUDIT
220535,46.08,IFA_22_23_863.wav,44100,08-02-20 00:00,mosquito,an arabiensis,Female,f,Single,,HBN,telinga,tascam,Tanzania,Kilombero District,Morogoro,Ifakara,cup,220535.wav,IFA_22_23_863.wav,Tanzania|Ifakara|cup|08-02-20 00:00,excluded,outside prespecified Female / fed=f / LT / Single cohort,anopheles_arabiensis,raw/humbug_core/220535.wav,CANDIDATE_PENDING_COMPLETE_AUDIO_AUDIT
220537,5.06,IFA_22_23_863.wav,44100,08-02-20 00:00,mosquito,an arabiensis,Female,f,Single,,HBN,telinga,tascam,Tanzania,Kilombero District,Morogoro,Ifakara,cup,220537.wav,IFA_22_23_863.wav,Tanzania|Ifakara|cup|08-02-20 00:00,excluded,outside prespecified Female / fed=f / LT / Single cohort,anopheles_arabiensis,raw/humbug_core/220537.wav,CANDIDATE_PENDING_COMPLETE_AUDIO_AUDIT
220536,2.56,IFA_22_23_863.wav,44100,08-02-20 00:00,mosquito,an arabiensis,Female,f,Single,,HBN,telinga,tascam,Tanzania,Kilombero District,Morogoro,Ifakara,cup,220536.wav,IFA_22_23_863.wav,Tanzania|Ifakara|cup|08-02-20 00:00,excluded,outside prespecified Female / fed=f / LT / Single cohort,anopheles_arabiensis,raw/humbug_core/220536.wav,CANDIDATE_PENDING_COMPLETE_AUDIO_AUDIT
220545,5.12,IFA_22_27_867.wav,44100,08-02-20 00:00,mosquito,an arabiensis,Female,f,Single,,HBN,telinga,tascam,Tanzania,Kilombero District,Morogoro,Ifakara,cup,220545.wav,IFA_22_27_867.wav,Tanzania|Ifakara|cup|08-02-20 00:00,excluded,outside prespecified Female / fed=f / LT / Single cohort,anopheles_arabiensis,raw/humbug_core/220545.wav,CANDIDATE_PENDING_COMPLETE_AUDIO_AUDIT
220544,7.68,IFA_22_27_867.wav,44100,08-02-20 00:00,mosquito,an arabiensis,Female,f,Single,,HBN,telinga,tascam,Tanzania,Kilombero District,Morogoro,Ifakara,cup,220544.wav,IFA_22_27_867.wav,Tanzania|Ifakara|cup|08-02-20 00:00,excluded,outside prespecified Female / fed=f / LT / Single cohort,anopheles_arabiensis,raw/humbug_core/220544.wav,CANDIDATE_PENDING_COMPLETE_AUDIO_AUDIT
220524,2.56,IFA_22_28_868.wav,44100,08-02-20 00:00,mosquito,an arabiensis,Female,f,Single,,HBN,telinga,tascam,Tanzania,Kilombero District,Morogoro,Ifakara,cup,220524.wav,IFA_22_28_868.wav,Tanzania|Ifakara|cup|08-02-20 00:00,excluded,outside prespecified Female / fed=f / LT / Single cohort,anopheles_arabiensis,raw/humbug_core/220524.wav,CANDIDATE_PENDING_COMPLETE_AUDIO_AUDIT
220525,5.12,IFA_22_28_868.wav,44100,08-02-20 00:00,mosquito,an arabiensis,Female,f,Single,,HBN,telinga,tascam,Tanzania,Kilombero District,Morogoro,Ifakara,cup,220525.wav,IFA_22_28_868.wav,Tanzania|Ifakara|cup|08-02-20 00:00,excluded,outside prespecified Female / fed=f / LT / Single cohort,anopheles_arabiensis,raw/humbug_core/220525.wav,CANDIDATE_PENDING_COMPLETE_AUDIO_AUDIT
220555,5.12,IFA_22_29_869.wav,44100,08-02-20 00:00,mosquito,an arabiensis,Female,f,Single,,HBN,telinga,tascam,Tanzania,Kilombero District,Morogoro,Ifakara,cup,220555.wav,IFA_22_29_869.wav,Tanzania|Ifakara|cup|08-02-20 00:00,excluded,outside prespecified Female / fed=f / LT / Single cohort,anopheles_arabiensis,raw/humbug_core/220555.wav,CANDIDATE_PENDING_COMPLETE_AUDIO_AUDIT
220532,2.56,IFA_22_37_877.wav,44100,08-02-20 00:00,mosquito,an arabiensis,Female,f,Single,,HBN,telinga,tascam,Tanzania,Kilombero District,Morogoro,Ifakara,cup,220532.wav,IFA_22_37_877.wav,Tanzania|Ifakara|cup|08-02-20 00:00,excluded,outside prespecified Female / fed=f / LT / Single cohort,anopheles_arabiensis,raw/humbug_core/220532.wav,CANDIDATE_PENDING_COMPLETE_AUDIO_AUDIT
220531,5.12,IFA_22_38_878.wav,44100,08-02-20 00:00,mosquito,an arabiensis,Female,f,Single,,HBN,telinga,tascam,Tanzania,Kilombero District,Morogoro,Ifakara,cup,220531.wav,IFA_22_38_878.wav,Tanzania|Ifakara|cup|08-02-20 00:00,excluded,outside prespecified Female / fed=f / LT / Single cohort,anopheles_arabiensis,raw/humbug_core/220531.wav,CANDIDATE_PENDING_COMPLETE_AUDIO_AUDIT
220530,2.56,IFA_22_39_879.wav,44100,08-02-20 00:00,mosquito,an arabiensis,Female,f,Single,,HBN,telinga,tascam,Tanzania,Kilombero District,Morogoro,Ifakara,cup,220530.wav,IFA_22_39_879.wav,Tanzania|Ifakara|cup|08-02-20 00:00,excluded,outside prespecified Female / fed=f / LT / Single cohort,anopheles_arabiensis,raw/humbug_core/220530.wav,CANDIDATE_PENDING_COMPLETE_AUDIO_AUDIT
220529,2.56,IFA_22_39_879.wav,44100,08-02-20 00:00,mosquito,an arabiensis,Female,f,Single,,HBN,telinga,tascam,Tanzania,Kilombero District,Morogoro,Ifakara,cup,220529.wav,IFA_22_39_879.wav,Tanzania|Ifakara|cup|08-02-20 00:00,excluded,outside prespecified Female / fed=f / LT / Single cohort,anopheles_arabiensis,raw/humbug_core/220529.wav,CANDIDATE_PENDING_COMPLETE_AUDIO_AUDIT
220556,5.12,IFA_22_40_880.wav,44100,08-02-20 00:00,mosquito,an arabiensis,Female,f,Single,,HBN,telinga,tascam,Tanzania,Kilombero District,Morogoro,Ifakara,cup,220556.wav,IFA_22_40_880.wav,Tanzania|Ifakara|cup|08-02-20 00:00,excluded,outside prespecified Female / fed=f / LT / Single cohort,anopheles_arabiensis,raw/humbug_core/220556.wav,CANDIDATE_PENDING_COMPLETE_AUDIO_AUDIT
220558,10.18,IFA_22_40_880.wav,44100,08-02-20 00:00,mosquito,an arabiensis,Female,f,Single,,HBN,telinga,tascam,Tanzania,Kilombero District,Morogoro,Ifakara,cup,220558.wav,IFA_22_40_880.wav,Tanzania|Ifakara|cup|08-02-20 00:00,excluded,outside prespecified Female / fed=f / LT / Single cohort,anopheles_arabiensis,raw/humbug_core/220558.wav,CANDIDATE_PENDING_COMPLETE_AUDIO_AUDIT
220557,5.12,IFA_22_40_880.wav,44100,08-02-20 00:00,mosquito,an arabiensis,Female,f,Single,,HBN,telinga,tascam,Tanzania,Kilombero District,Morogoro,Ifakara,cup,220557.wav,IFA_22_40_880.wav,Tanzania|Ifakara|cup|08-02-20 00:00,excluded,outside prespecified Female / fed=f / LT / Single cohort,anopheles_arabiensis,raw/humbug_core/220557.wav,CANDIDATE_PENDING_COMPLETE_AUDIO_AUDIT
220565,20.48,IFA_23_17_897.wav,44100,10-02-20 00:00,mosquito,an arabiensis,Female,f,Single,,HBN,telinga,tascam,Tanzania,Kilombero District,Morogoro,Ifakara,cup,220565.wav,IFA_23_17_897.wav,Tanzania|Ifakara|cup|10-02-20 00:00,excluded,outside prespecified Female / fed=f / LT / Single cohort,anopheles_arabiensis,raw/humbug_core/220565.wav,CANDIDATE_PENDING_COMPLETE_AUDIO_AUDIT
220566,15.36,IFA_23_17_897.wav,44100,10-02-20 00:00,mosquito,an arabiensis,Female,f,Single,,HBN,telinga,tascam,Tanzania,Kilombero District,Morogoro,Ifakara,cup,220566.wav,IFA_23_17_897.wav,Tanzania|Ifakara|cup|10-02-20 00:00,excluded,outside prespecified Female / fed=f / LT / Single cohort,anopheles_arabiensis,raw/humbug_core/220566.wav,CANDIDATE_PENDING_COMPLETE_AUDIO_AUDIT
220643,20.42,IFA_24_20_940.wav,44100,10-02-20 00:00,mosquito,an arabiensis,Female,f,Single,,HBN,telinga,tascam,Tanzania,Kilombero District,Morogoro,Ifakara,cup,220643.wav,IFA_24_20_940.wav,Tanzania|Ifakara|cup|10-02-20 00:00,excluded,outside prespecified Female / fed=f / LT / Single cohort,anopheles_arabiensis,raw/humbug_core/220643.wav,CANDIDATE_PENDING_COMPLETE_AUDIO_AUDIT
220642,15.36,IFA_24_20_940.wav,44100,10-02-20 00:00,mosquito,an arabiensis,Female,f,Single,,HBN,telinga,tascam,Tanzania,Kilombero District,Morogoro,Ifakara,cup,220642.wav,IFA_24_20_940.wav,Tanzania|Ifakara|cup|10-02-20 00:00,excluded,outside prespecified Female / fed=f / LT / Single cohort,anopheles_arabiensis,raw/humbug_core/220642.wav,CANDIDATE_PENDING_COMPLETE_AUDIO_AUDIT
220657,40.9,IFA_24_21_941.wav,44100,10-02-20 00:00,mosquito,an arabiensis,Female,f,Single,,HBN,telinga,tascam,Tanzania,Kilombero District,Morogoro,Ifakara,cup,220657.wav,IFA_24_21_941.wav,Tanzania|Ifakara|cup|10-02-20 00:00,excluded,outside prespecified Female / fed=f / LT / Single cohort,anopheles_arabiensis,raw/humbug_core/220657.wav,CANDIDATE_PENDING_COMPLETE_AUDIO_AUDIT
220654,7.68,IFA_24_25_945.wav,44100,10-02-20 00:00,mosquito,an arabiensis,Female,f,Single,,HBN,telinga,tascam,Tanzania,Kilombero District,Morogoro,Ifakara,cup,220654.wav,IFA_24_25_945.wav,Tanzania|Ifakara|cup|10-02-20 00:00,excluded,outside prespecified Female / fed=f / LT / Single cohort,anopheles_arabiensis,raw/humbug_core/220654.wav,CANDIDATE_PENDING_COMPLETE_AUDIO_AUDIT
220655,23.04,IFA_24_25_945.wav,44100,10-02-20 00:00,mosquito,an arabiensis,Female,f,Single,,HBN,telinga,tascam,Tanzania,Kilombero District,Morogoro,Ifakara,cup,220655.wav,IFA_24_25_945.wav,Tanzania|Ifakara|cup|10-02-20 00:00,excluded,outside prespecified Female / fed=f / LT / Single cohort,anopheles_arabiensis,raw/humbug_core/220655.wav,CANDIDATE_PENDING_COMPLETE_AUDIO_AUDIT
220656,7.68,IFA_24_25_945.wav,44100,10-02-20 00:00,mosquito,an arabiensis,Female,f,Single,,HBN,telinga,tascam,Tanzania,Kilombero District,Morogoro,Ifakara,cup,220656.wav,IFA_24_25_945.wav,Tanzania|Ifakara|cup|10-02-20 00:00,excluded,outside prespecified Female / fed=f / LT / Single cohort,anopheles_arabiensis,raw/humbug_core/220656.wav,CANDIDATE_PENDING_COMPLETE_AUDIO_AUDIT
220852,35.78,IFA_25_30_990.wav,44100,10-02-20 00:00,mosquito,an arabiensis,Female,f,Single,,HBN,telinga,tascam,Tanzania,Kilombero District,Morogoro,Ifakara,cup,220852.wav,IFA_25_30_990.wav,Tanzania|Ifakara|cup|10-02-20 00:00,excluded,outside prespecified Female / fed=f / LT / Single cohort,anopheles_arabiensis,raw/humbug_core/220852.wav,CANDIDATE_PENDING_COMPLETE_AUDIO_AUDIT
220835,23.04,IFA_25_33_993.wav,44100,10-02-20 00:00,mosquito,an arabiensis,Female,f,Single,,HBN,telinga,tascam,Tanzania,Kilombero District,Morogoro,Ifakara,cup,220835.wav,IFA_25_33_993.wav,Tanzania|Ifakara|cup|10-02-20 00:00,excluded,outside prespecified Female / fed=f / LT / Single cohort,anopheles_arabiensis,raw/humbug_core/220835.wav,CANDIDATE_PENDING_COMPLETE_AUDIO_AUDIT
220834,2.56,IFA_25_33_993.wav,44100,10-02-20 00:00,mosquito,an arabiensis,Female,f,Single,,HBN,telinga,tascam,Tanzania,Kilombero District,Morogoro,Ifakara,cup,220834.wav,IFA_25_33_993.wav,Tanzania|Ifakara|cup|10-02-20 00:00,excluded,outside prespecified Female / fed=f / LT / Single cohort,anopheles_arabiensis,raw/humbug_core/220834.wav,CANDIDATE_PENDING_COMPLETE_AUDIO_AUDIT
220836,2.5,IFA_25_33_993.wav,44100,10-02-20 00:00,mosquito,an arabiensis,Female,f,Single,,HBN,telinga,tascam,Tanzania,Kilombero District,Morogoro,Ifakara,cup,220836.wav,IFA_25_33_993.wav,Tanzania|Ifakara|cup|10-02-20 00:00,excluded,outside prespecified Female / fed=f / LT / Single cohort,anopheles_arabiensis,raw/humbug_core/220836.wav,CANDIDATE_PENDING_COMPLETE_AUDIO_AUDIT
220853,23.04,IFA_25_35_995.wav,44100,10-02-20 00:00,mosquito,an arabiensis,Female,f,Single,,HBN,telinga,tascam,Tanzania,Kilombero District,Morogoro,Ifakara,cup,220853.wav,IFA_25_35_995.wav,Tanzania|Ifakara|cup|10-02-20 00:00,excluded,outside prespecified Female / fed=f / LT / Single cohort,anopheles_arabiensis,raw/humbug_core/220853.wav,CANDIDATE_PENDING_COMPLETE_AUDIO_AUDIT
220855,5.06,IFA_25_35_995.wav,44100,10-02-20 00:00,mosquito,an arabiensis,Female,f,Single,,HBN,telinga,tascam,Tanzania,Kilombero District,Morogoro,Ifakara,cup,220855.wav,IFA_25_35_995.wav,Tanzania|Ifakara|cup|10-02-20 00:00,excluded,outside prespecified Female / fed=f / LT / Single cohort,anopheles_arabiensis,raw/humbug_core/220855.wav,CANDIDATE_PENDING_COMPLETE_AUDIO_AUDIT
220854,10.24,IFA_25_35_995.wav,44100,10-02-20 00:00,mosquito,an arabiensis,Female,f,Single,,HBN,telinga,tascam,Tanzania,Kilombero District,Morogoro,Ifakara,cup,220854.wav,IFA_25_35_995.wav,Tanzania|Ifakara|cup|10-02-20 00:00,excluded,outside prespecified Female / fed=f / LT / Single cohort,anopheles_arabiensis,raw/humbug_core/220854.wav,CANDIDATE_PENDING_COMPLETE_AUDIO_AUDIT
220851,2.56,IFA_26_32_1032.wav,44100,10-02-20 00:00,mosquito,an arabiensis,Female,f,Single,,HBN,telinga,tascam,Tanzania,Kilombero District,Morogoro,Ifakara,cup,220851.wav,IFA_26_32_1032.wav,Tanzania|Ifakara|cup|10-02-20 00:00,excluded,outside prespecified Female / fed=f / LT / Single cohort,anopheles_arabiensis,raw/humbug_core/220851.wav,CANDIDATE_PENDING_COMPLETE_AUDIO_AUDIT
220850,7.68,IFA_26_32_1032.wav,44100,10-02-20 00:00,mosquito,an arabiensis,Female,f,Single,,HBN,telinga,tascam,Tanzania,Kilombero District,Morogoro,Ifakara,cup,220850.wav,IFA_26_32_1032.wav,Tanzania|Ifakara|cup|10-02-20 00:00,excluded,outside prespecified Female / fed=f / LT / Single cohort,anopheles_arabiensis,raw/humbug_core/220850.wav,CANDIDATE_PENDING_COMPLETE_AUDIO_AUDIT
220849,2.56,IFA_26_32_1032.wav,44100,10-02-20 00:00,mosquito,an arabiensis,Female,f,Single,,HBN,telinga,tascam,Tanzania,Kilombero District,Morogoro,Ifakara,cup,220849.wav,IFA_26_32_1032.wav,Tanzania|Ifakara|cup|10-02-20 00:00,excluded,outside prespecified Female / fed=f / LT / Single cohort,anopheles_arabiensis,raw/humbug_core/220849.wav,CANDIDATE_PENDING_COMPLETE_AUDIO_AUDIT
220753,2.56,IFA_27_10_1050.wav,44100,12-02-20 00:00,mosquito,an arabiensis,Female,f,Single,,HBN,telinga,tascam,Tanzania,Kilombero District,Morogoro,Ifakara,cup,220753.wav,IFA_27_10_1050.wav,Tanzania|Ifakara|cup|12-02-20 00:00,excluded,outside prespecified Female / fed=f / LT / Single cohort,anopheles_arabiensis,raw/humbug_core/220753.wav,CANDIDATE_PENDING_COMPLETE_AUDIO_AUDIT
220754,30.66,IFA_27_10_1050.wav,44100,12-02-20 00:00,mosquito,an arabiensis,Female,f,Single,,HBN,telinga,tascam,Tanzania,Kilombero District,Morogoro,Ifakara,cup,220754.wav,IFA_27_10_1050.wav,Tanzania|Ifakara|cup|12-02-20 00:00,excluded,outside prespecified Female / fed=f / LT / Single cohort,anopheles_arabiensis,raw/humbug_core/220754.wav,CANDIDATE_PENDING_COMPLETE_AUDIO_AUDIT
220765,2.56,IFA_27_19_1059.wav,44100,12-02-20 00:00,mosquito,an arabiensis,Female,f,Single,,HBN,telinga,tascam,Tanzania,Kilombero District,Morogoro,Ifakara,cup,220765.wav,IFA_27_19_1059.wav,Tanzania|Ifakara|cup|12-02-20 00:00,excluded,outside prespecified Female / fed=f / LT / Single cohort,anopheles_arabiensis,raw/humbug_core/220765.wav,CANDIDATE_PENDING_COMPLETE_AUDIO_AUDIT
220764,2.56,IFA_27_19_1059.wav,44100,12-02-20 00:00,mosquito,an arabiensis,Female,f,Single,,HBN,telinga,tascam,Tanzania,Kilombero District,Morogoro,Ifakara,cup,220764.wav,IFA_27_19_1059.wav,Tanzania|Ifakara|cup|12-02-20 00:00,excluded,outside prespecified Female / fed=f / LT / Single cohort,anopheles_arabiensis,raw/humbug_core/220764.wav,CANDIDATE_PENDING_COMPLETE_AUDIO_AUDIT
220763,2.56,IFA_27_19_1059.wav,44100,12-02-20 00:00,mosquito,an arabiensis,Female,f,Single,,HBN,telinga,tascam,Tanzania,Kilombero District,Morogoro,Ifakara,cup,220763.wav,IFA_27_19_1059.wav,Tanzania|Ifakara|cup|12-02-20 00:00,excluded,outside prespecified Female / fed=f / LT / Single cohort,anopheles_arabiensis,raw/humbug_core/220763.wav,CANDIDATE_PENDING_COMPLETE_AUDIO_AUDIT
220760,30.72,IFA_27_29_1069.wav,44100,12-02-20 00:00,mosquito,an funestus ss,Female,f,Single,,HBN,telinga,tascam,Tanzania,Kilombero District,Morogoro,Ifakara,cup,220760.wav,IFA_27_29_1069.wav,Tanzania|Ifakara|cup|12-02-20 00:00,excluded,outside prespecified Female / fed=f / LT / Single cohort,anopheles_funestus_ss,raw/humbug_core/220760.wav,CANDIDATE_PENDING_COMPLETE_AUDIO_AUDIT
220785,2.56,IFA_28_14_1094.wav,44100,12-02-20 00:00,mosquito,an arabiensis,Female,f,Single,,HBN,telinga,tascam,Tanzania,Kilombero District,Morogoro,Ifakara,cup,220785.wav,IFA_28_14_1094.wav,Tanzania|Ifakara|cup|12-02-20 00:00,excluded,outside prespecified Female / fed=f / LT / Single cohort,anopheles_arabiensis,raw/humbug_core/220785.wav,CANDIDATE_PENDING_COMPLETE_AUDIO_AUDIT
220786,5.12,IFA_28_14_1094.wav,44100,12-02-20 00:00,mosquito,an arabiensis,Female,f,Single,,HBN,telinga,tascam,Tanzania,Kilombero District,Morogoro,Ifakara,cup,220786.wav,IFA_28_14_1094.wav,Tanzania|Ifakara|cup|12-02-20 00:00,excluded,outside prespecified Female / fed=f / LT / Single cohort,anopheles_arabiensis,raw/humbug_core/220786.wav,CANDIDATE_PENDING_COMPLETE_AUDIO_AUDIT
220822,2.5,IFA_28_15_1095.wav,44100,12-02-20 00:00,mosquito,an arabiensis,Female,f,Single,,HBN,telinga,tascam,Tanzania,Kilombero District,Morogoro,Ifakara,cup,220822.wav,IFA_28_15_1095.wav,Tanzania|Ifakara|cup|12-02-20 00:00,excluded,outside prespecified Female / fed=f / LT / Single cohort,anopheles_arabiensis,raw/humbug_core/220822.wav,CANDIDATE_PENDING_COMPLETE_AUDIO_AUDIT
220821,2.56,IFA_28_15_1095.wav,44100,12-02-20 00:00,mosquito,an arabiensis,Female,f,Single,,HBN,telinga,tascam,Tanzania,Kilombero District,Morogoro,Ifakara,cup,220821.wav,IFA_28_15_1095.wav,Tanzania|Ifakara|cup|12-02-20 00:00,excluded,outside prespecified Female / fed=f / LT / Single cohort,anopheles_arabiensis,raw/humbug_core/220821.wav,CANDIDATE_PENDING_COMPLETE_AUDIO_AUDIT
220820,38.4,IFA_28_15_1095.wav,44100,12-02-20 00:00,mosquito,an arabiensis,Female,f,Single,,HBN,telinga,tascam,Tanzania,Kilombero District,Morogoro,Ifakara,cup,220820.wav,IFA_28_15_1095.wav,Tanzania|Ifakara|cup|12-02-20 00:00,excluded,outside prespecified Female / fed=f / LT / Single cohort,anopheles_arabiensis,raw/humbug_core/220820.wav,CANDIDATE_PENDING_COMPLETE_AUDIO_AUDIT
220795,5.12,IFA_28_17_1097.wav,44100,12-02-20 00:00,mosquito,an arabiensis,Female,f,Single,,HBN,telinga,tascam,Tanzania,Kilombero District,Morogoro,Ifakara,cup,220795.wav,IFA_28_17_1097.wav,Tanzania|Ifakara|cup|12-02-20 00:00,excluded,outside prespecified Female / fed=f / LT / Single cohort,anopheles_arabiensis,raw/humbug_core/220795.wav,CANDIDATE_PENDING_COMPLETE_AUDIO_AUDIT
220794,7.68,IFA_28_22_1102.wav,44100,12-02-20 00:00,mosquito,an arabiensis,Female,f,Single,,HBN,telinga,tascam,Tanzania,Kilombero District,Morogoro,Ifakara,cup,220794.wav,IFA_28_22_1102.wav,Tanzania|Ifakara|cup|12-02-20 00:00,excluded,outside prespecified Female / fed=f / LT / Single cohort,anopheles_arabiensis,raw/humbug_core/220794.wav,CANDIDATE_PENDING_COMPLETE_AUDIO_AUDIT
220817,20.48,IFA_28_24_1104.wav,44100,12-02-20 00:00,mosquito,an arabiensis,Female,f,Single,,HBN,telinga,tascam,Tanzania,Kilombero District,Morogoro,Ifakara,cup,220817.wav,IFA_28_24_1104.wav,Tanzania|Ifakara|cup|12-02-20 00:00,excluded,outside prespecified Female / fed=f / LT / Single cohort,anopheles_arabiensis,raw/humbug_core/220817.wav,CANDIDATE_PENDING_COMPLETE_AUDIO_AUDIT
220793,5.06,IFA_28_27_1107.wav,44100,12-02-20 00:00,mosquito,an arabiensis,Female,f,Single,,HBN,telinga,tascam,Tanzania,Kilombero District,Morogoro,Ifakara,cup,220793.wav,IFA_28_27_1107.wav,Tanzania|Ifakara|cup|12-02-20 00:00,excluded,outside prespecified Female / fed=f / LT / Single cohort,anopheles_arabiensis,raw/humbug_core/220793.wav,CANDIDATE_PENDING_COMPLETE_AUDIO_AUDIT
220792,5.12,IFA_28_27_1107.wav,44100,12-02-20 00:00,mosquito,an arabiensis,Female,f,Single,,HBN,telinga,tascam,Tanzania,Kilombero District,Morogoro,Ifakara,cup,220792.wav,IFA_28_27_1107.wav,Tanzania|Ifakara|cup|12-02-20 00:00,excluded,outside prespecified Female / fed=f / LT / Single cohort,anopheles_arabiensis,raw/humbug_core/220792.wav,CANDIDATE_PENDING_COMPLETE_AUDIO_AUDIT
220790,5.12,IFA_28_27_1107.wav,44100,12-02-20 00:00,mosquito,an arabiensis,Female,f,Single,,HBN,telinga,tascam,Tanzania,Kilombero District,Morogoro,Ifakara,cup,220790.wav,IFA_28_27_1107.wav,Tanzania|Ifakara|cup|12-02-20 00:00,excluded,outside prespecified Female / fed=f / LT / Single cohort,anopheles_arabiensis,raw/humbug_core/220790.wav,CANDIDATE_PENDING_COMPLETE_AUDIO_AUDIT
220791,2.56,IFA_28_27_1107.wav,44100,12-02-20 00:00,mosquito,an arabiensis,Female,f,Single,,HBN,telinga,tascam,Tanzania,Kilombero District,Morogoro,Ifakara,cup,220791.wav,IFA_28_27_1107.wav,Tanzania|Ifakara|cup|12-02-20 00:00,excluded,outside prespecified Female / fed=f / LT / Single cohort,anopheles_arabiensis,raw/humbug_core/220791.wav,CANDIDATE_PENDING_COMPLETE_AUDIO_AUDIT
220730,2.56,IFA_29_17_1137.wav,44100,14-02-20 00:00,mosquito,an arabiensis,Female,f,Single,,HBN,telinga,tascam,Tanzania,Kilombero District,Morogoro,Ifakara,cup,220730.wav,IFA_29_17_1137.wav,Tanzania|Ifakara|cup|14-02-20 00:00,excluded,outside prespecified Female / fed=f / LT / Single cohort,anopheles_arabiensis,raw/humbug_core/220730.wav,CANDIDATE_PENDING_COMPLETE_AUDIO_AUDIT
220729,2.56,IFA_29_17_1137.wav,44100,14-02-20 00:00,mosquito,an arabiensis,Female,f,Single,,HBN,telinga,tascam,Tanzania,Kilombero District,Morogoro,Ifakara,cup,220729.wav,IFA_29_17_1137.wav,Tanzania|Ifakara|cup|14-02-20 00:00,excluded,outside prespecified Female / fed=f / LT / Single cohort,anopheles_arabiensis,raw/humbug_core/220729.wav,CANDIDATE_PENDING_COMPLETE_AUDIO_AUDIT
220728,5.12,IFA_29_17_1137.wav,44100,14-02-20 00:00,mosquito,an arabiensis,Female,f,Single,,HBN,telinga,tascam,Tanzania,Kilombero District,Morogoro,Ifakara,cup,220728.wav,IFA_29_17_1137.wav,Tanzania|Ifakara|cup|14-02-20 00:00,excluded,outside prespecified Female / fed=f / LT / Single cohort,anopheles_arabiensis,raw/humbug_core/220728.wav,CANDIDATE_PENDING_COMPLETE_AUDIO_AUDIT
220724,2.56,IFA_29_27_1147.wav,44100,14-02-20 00:00,mosquito,an arabiensis,Female,f,Single,,HBN,telinga,tascam,Tanzania,Kilombero District,Morogoro,Ifakara,cup,220724.wav,IFA_29_27_1147.wav,Tanzania|Ifakara|cup|14-02-20 00:00,excluded,outside prespecified Female / fed=f / LT / Single cohort,anopheles_arabiensis,raw/humbug_core/220724.wav,CANDIDATE_PENDING_COMPLETE_AUDIO_AUDIT
220968,2.56,IFA_30_11_1171.wav,44100,17-02-20 00:00,mosquito,an funestus ss,Female,f,Single,,HBN,telinga,tascam,Tanzania,Kilombero District,Morogoro,Ifakara,cup,220968.wav,IFA_30_11_1171.wav,Tanzania|Ifakara|cup|17-02-20 00:00,excluded,outside prespecified Female / fed=f / LT / Single cohort,anopheles_funestus_ss,raw/humbug_core/220968.wav,CANDIDATE_PENDING_COMPLETE_AUDIO_AUDIT
220932,2.56,IFA_30_13_1173.wav,44100,17-02-20 00:00,mosquito,an funestus ss,Female,f,Single,,HBN,telinga,tascam,Tanzania,Kilombero District,Morogoro,Ifakara,cup,220932.wav,IFA_30_13_1173.wav,Tanzania|Ifakara|cup|17-02-20 00:00,excluded,outside prespecified Female / fed=f / LT / Single cohort,anopheles_funestus_ss,raw/humbug_core/220932.wav,CANDIDATE_PENDING_COMPLETE_AUDIO_AUDIT
220933,5.12,IFA_30_13_1173.wav,44100,17-02-20 00:00,mosquito,an funestus ss,Female,f,Single,,HBN,telinga,tascam,Tanzania,Kilombero District,Morogoro,Ifakara,cup,220933.wav,IFA_30_13_1173.wav,Tanzania|Ifakara|cup|17-02-20 00:00,excluded,outside prespecified Female / fed=f / LT / Single cohort,anopheles_funestus_ss,raw/humbug_core/220933.wav,CANDIDATE_PENDING_COMPLETE_AUDIO_AUDIT
220930,7.68,IFA_30_27_1187.wav,44100,17-02-20 00:00,mosquito,an arabiensis,Female,f,Single,,HBN,telinga,tascam,Tanzania,Kilombero District,Morogoro,Ifakara,cup,220930.wav,IFA_30_27_1187.wav,Tanzania|Ifakara|cup|17-02-20 00:00,excluded,outside prespecified Female / fed=f / LT / Single cohort,anopheles_arabiensis,raw/humbug_core/220930.wav,CANDIDATE_PENDING_COMPLETE_AUDIO_AUDIT
220929,7.68,IFA_30_27_1187.wav,44100,17-02-20 00:00,mosquito,an arabiensis,Female,f,Single,,HBN,telinga,tascam,Tanzania,Kilombero District,Morogoro,Ifakara,cup,220929.wav,IFA_30_27_1187.wav,Tanzania|Ifakara|cup|17-02-20 00:00,excluded,outside prespecified Female / fed=f / LT / Single cohort,anopheles_arabiensis,raw/humbug_core/220929.wav,CANDIDATE_PENDING_COMPLETE_AUDIO_AUDIT
220957,7.68,IFA_30_32_1192.wav,44100,17-02-20 00:00,mosquito,an arabiensis,Female,f,Single,,HBN,telinga,tascam,Tanzania,Kilombero District,Morogoro,Ifakara,cup,220957.wav,IFA_30_32_1192.wav,Tanzania|Ifakara|cup|17-02-20 00:00,excluded,outside prespecified Female / fed=f / LT / Single cohort,anopheles_arabiensis,raw/humbug_core/220957.wav,CANDIDATE_PENDING_COMPLETE_AUDIO_AUDIT
220949,2.56,IFA_30_33_1193.wav,44100,17-02-20 00:00,mosquito,an arabiensis,Female,f,Single,,HBN,telinga,tascam,Tanzania,Kilombero District,Morogoro,Ifakara,cup,220949.wav,IFA_30_33_1193.wav,Tanzania|Ifakara|cup|17-02-20 00:00,excluded,outside prespecified Female / fed=f / LT / Single cohort,anopheles_arabiensis,raw/humbug_core/220949.wav,CANDIDATE_PENDING_COMPLETE_AUDIO_AUDIT
220948,5.12,IFA_30_33_1193.wav,44100,17-02-20 00:00,mosquito,an arabiensis,Female,f,Single,,HBN,telinga,tascam,Tanzania,Kilombero District,Morogoro,Ifakara,cup,220948.wav,IFA_30_33_1193.wav,Tanzania|Ifakara|cup|17-02-20 00:00,excluded,outside prespecified Female / fed=f / LT / Single cohort,anopheles_arabiensis,raw/humbug_core/220948.wav,CANDIDATE_PENDING_COMPLETE_AUDIO_AUDIT
220944,7.68,IFA_30_35_1195.wav,44100,17-02-20 00:00,mosquito,an funestus ss,Female,f,Single,,HBN,telinga,tascam,Tanzania,Kilombero District,Morogoro,Ifakara,cup,220944.wav,IFA_30_35_1195.wav,Tanzania|Ifakara|cup|17-02-20 00:00,excluded,outside prespecified Female / fed=f / LT / Single cohort,anopheles_funestus_ss,raw/humbug_core/220944.wav,CANDIDATE_PENDING_COMPLETE_AUDIO_AUDIT
220943,15.36,IFA_30_36_1196.wav,44100,17-02-20 00:00,mosquito,an arabiensis,Female,f,Single,,HBN,telinga,tascam,Tanzania,Kilombero District,Morogoro,Ifakara,cup,220943.wav,IFA_30_36_1196.wav,Tanzania|Ifakara|cup|17-02-20 00:00,excluded,outside prespecified Female / fed=f / LT / Single cohort,anopheles_arabiensis,raw/humbug_core/220943.wav,CANDIDATE_PENDING_COMPLETE_AUDIO_AUDIT
220942,2.56,IFA_30_36_1196.wav,44100,17-02-20 00:00,mosquito,an arabiensis,Female,f,Single,,HBN,telinga,tascam,Tanzania,Kilombero District,Morogoro,Ifakara,cup,220942.wav,IFA_30_36_1196.wav,Tanzania|Ifakara|cup|17-02-20 00:00,excluded,outside prespecified Female / fed=f / LT / Single cohort,anopheles_arabiensis,raw/humbug_core/220942.wav,CANDIDATE_PENDING_COMPLETE_AUDIO_AUDIT
220946,2.56,IFA_30_37_1197.wav,44100,17-02-20 00:00,mosquito,an funestus ss,Female,f,Single,,HBN,telinga,tascam,Tanzania,Kilombero District,Morogoro,Ifakara,cup,220946.wav,IFA_30_37_1197.wav,Tanzania|Ifakara|cup|17-02-20 00:00,excluded,outside prespecified Female / fed=f / LT / Single cohort,anopheles_funestus_ss,raw/humbug_core/220946.wav,CANDIDATE_PENDING_COMPLETE_AUDIO_AUDIT
220947,5.12,IFA_30_37_1197.wav,44100,17-02-20 00:00,mosquito,an funestus ss,Female,f,Single,,HBN,telinga,tascam,Tanzania,Kilombero District,Morogoro,Ifakara,cup,220947.wav,IFA_30_37_1197.wav,Tanzania|Ifakara|cup|17-02-20 00:00,excluded,outside prespecified Female / fed=f / LT / Single cohort,anopheles_funestus_ss,raw/humbug_core/220947.wav,CANDIDATE_PENDING_COMPLETE_AUDIO_AUDIT
220938,2.5,IFA_31_11_1211.wav,44100,17-02-20 00:00,mosquito,an arabiensis,Female,f,Single,,HBN,telinga,tascam,Tanzania,Kilombero District,Morogoro,Ifakara,cup,220938.wav,IFA_31_11_1211.wav,Tanzania|Ifakara|cup|17-02-20 00:00,excluded,outside prespecified Female / fed=f / LT / Single cohort,anopheles_arabiensis,raw/humbug_core/220938.wav,CANDIDATE_PENDING_COMPLETE_AUDIO_AUDIT
220937,2.56,IFA_31_11_1211.wav,44100,17-02-20 00:00,mosquito,an arabiensis,Female,f,Single,,HBN,telinga,tascam,Tanzania,Kilombero District,Morogoro,Ifakara,cup,220937.wav,IFA_31_11_1211.wav,Tanzania|Ifakara|cup|17-02-20 00:00,excluded,outside prespecified Female / fed=f / LT / Single cohort,anopheles_arabiensis,raw/humbug_core/220937.wav,CANDIDATE_PENDING_COMPLETE_AUDIO_AUDIT
220936,7.68,IFA_31_11_1211.wav,44100,17-02-20 00:00,mosquito,an arabiensis,Female,f,Single,,HBN,telinga,tascam,Tanzania,Kilombero District,Morogoro,Ifakara,cup,220936.wav,IFA_31_11_1211.wav,Tanzania|Ifakara|cup|17-02-20 00:00,excluded,outside prespecified Female / fed=f / LT / Single cohort,anopheles_arabiensis,raw/humbug_core/220936.wav,CANDIDATE_PENDING_COMPLETE_AUDIO_AUDIT
221059,33.22,IFA_31_28_1228.wav,44100,18-02-20 00:00,mosquito,an funestus ss,Female,f,Single,,HBN,telinga,tascam,Tanzania,Kilombero District,Morogoro,Ifakara,cup,221059.wav,IFA_31_28_1228.wav,Tanzania|Ifakara|cup|18-02-20 00:00,excluded,outside prespecified Female / fed=f / LT / Single cohort,anopheles_funestus_ss,raw/humbug_core/221059.wav,CANDIDATE_PENDING_COMPLETE_AUDIO_AUDIT
221018,5.06,IFA_31_29_1229.wav,44100,18-02-20 00:00,mosquito,an funestus ss,Female,f,Single,,HBN,telinga,tascam,Tanzania,Kilombero District,Morogoro,Ifakara,cup,221018.wav,IFA_31_29_1229.wav,Tanzania|Ifakara|cup|18-02-20 00:00,excluded,outside prespecified Female / fed=f / LT / Single cohort,anopheles_funestus_ss,raw/humbug_core/221018.wav,CANDIDATE_PENDING_COMPLETE_AUDIO_AUDIT
221017,5.12,IFA_31_29_1229.wav,44100,18-02-20 00:00,mosquito,an funestus ss,Female,f,Single,,HBN,telinga,tascam,Tanzania,Kilombero District,Morogoro,Ifakara,cup,221017.wav,IFA_31_29_1229.wav,Tanzania|Ifakara|cup|18-02-20 00:00,excluded,outside prespecified Female / fed=f / LT / Single cohort,anopheles_funestus_ss,raw/humbug_core/221017.wav,CANDIDATE_PENDING_COMPLETE_AUDIO_AUDIT
221016,5.12,IFA_31_29_1229.wav,44100,18-02-20 00:00,mosquito,an funestus ss,Female,f,Single,,HBN,telinga,tascam,Tanzania,Kilombero District,Morogoro,Ifakara,cup,221016.wav,IFA_31_29_1229.wav,Tanzania|Ifakara|cup|18-02-20 00:00,excluded,outside prespecified Female / fed=f / LT / Single cohort,anopheles_funestus_ss,raw/humbug_core/221016.wav,CANDIDATE_PENDING_COMPLETE_AUDIO_AUDIT
221052,23.04,IFA_31_31_1231.wav,44100,18-02-20 00:00,mosquito,an funestus ss,Female,f,Single,,HBN,telinga,tascam,Tanzania,Kilombero District,Morogoro,Ifakara,cup,221052.wav,IFA_31_31_1231.wav,Tanzania|Ifakara|cup|18-02-20 00:00,excluded,outside prespecified Female / fed=f / LT / Single cohort,anopheles_funestus_ss,raw/humbug_core/221052.wav,CANDIDATE_PENDING_COMPLETE_AUDIO_AUDIT
221047,10.24,IFA_31_36_1236.wav,44100,18-02-20 00:00,mosquito,an arabiensis,Female,f,Single,,HBN,telinga,tascam,Tanzania,Kilombero District,Morogoro,Ifakara,cup,221047.wav,IFA_31_36_1236.wav,Tanzania|Ifakara|cup|18-02-20 00:00,excluded,outside prespecified Female / fed=f / LT / Single cohort,anopheles_arabiensis,raw/humbug_core/221047.wav,CANDIDATE_PENDING_COMPLETE_AUDIO_AUDIT
221048,10.24,IFA_31_36_1236.wav,44100,18-02-20 00:00,mosquito,an arabiensis,Female,f,Single,,HBN,telinga,tascam,Tanzania,Kilombero District,Morogoro,Ifakara,cup,221048.wav,IFA_31_36_1236.wav,Tanzania|Ifakara|cup|18-02-20 00:00,excluded,outside prespecified Female / fed=f / LT / Single cohort,anopheles_arabiensis,raw/humbug_core/221048.wav,CANDIDATE_PENDING_COMPLETE_AUDIO_AUDIT
221011,15.36,IFA_31_37_1237.wav,44100,18-02-20 00:00,mosquito,an funestus ss,Female,f,Single,,HBN,telinga,tascam,Tanzania,Kilombero District,Morogoro,Ifakara,cup,221011.wav,IFA_31_37_1237.wav,Tanzania|Ifakara|cup|18-02-20 00:00,excluded,outside prespecified Female / fed=f / LT / Single cohort,anopheles_funestus_ss,raw/humbug_core/221011.wav,CANDIDATE_PENDING_COMPLETE_AUDIO_AUDIT
221012,5.12,IFA_31_37_1237.wav,44100,18-02-20 00:00,mosquito,an funestus ss,Female,f,Single,,HBN,telinga,tascam,Tanzania,Kilombero District,Morogoro,Ifakara,cup,221012.wav,IFA_31_37_1237.wav,Tanzania|Ifakara|cup|18-02-20 00:00,excluded,outside prespecified Female / fed=f / LT / Single cohort,anopheles_funestus_ss,raw/humbug_core/221012.wav,CANDIDATE_PENDING_COMPLETE_AUDIO_AUDIT
221060,5.12,IFA_31_40_1240.wav,44100,18-02-20 00:00,mosquito,an funestus ss,Female,f,Single,,HBN,telinga,tascam,Tanzania,Kilombero District,Morogoro,Ifakara,cup,221060.wav,IFA_31_40_1240.wav,Tanzania|Ifakara|cup|18-02-20 00:00,excluded,outside prespecified Female / fed=f / LT / Single cohort,anopheles_funestus_ss,raw/humbug_core/221060.wav,CANDIDATE_PENDING_COMPLETE_AUDIO_AUDIT
221061,2.5,IFA_31_40_1240.wav,44100,18-02-20 00:00,mosquito,an funestus ss,Female,f,Single,,HBN,telinga,tascam,Tanzania,Kilombero District,Morogoro,Ifakara,cup,221061.wav,IFA_31_40_1240.wav,Tanzania|Ifakara|cup|18-02-20 00:00,excluded,outside prespecified Female / fed=f / LT / Single cohort,anopheles_funestus_ss,raw/humbug_core/221061.wav,CANDIDATE_PENDING_COMPLETE_AUDIO_AUDIT
221062,10.24,IFA_32_12_1252.wav,44100,18-02-20 00:00,mosquito,an funestus ss,Female,f,Single,,HBN,telinga,tascam,Tanzania,Kilombero District,Morogoro,Ifakara,cup,221062.wav,IFA_32_12_1252.wav,Tanzania|Ifakara|cup|18-02-20 00:00,excluded,outside prespecified Female / fed=f / LT / Single cohort,anopheles_funestus_ss,raw/humbug_core/221062.wav,CANDIDATE_PENDING_COMPLETE_AUDIO_AUDIT
220888,2.56,IFA_32_14_1254.wav,44100,20-02-20 00:00,mosquito,an arabiensis,Female,f,Single,,HBN,telinga,tascam,Tanzania,Kilombero District,Morogoro,Ifakara,cup,220888.wav,IFA_32_14_1254.wav,Tanzania|Ifakara|cup|20-02-20 00:00,excluded,outside prespecified Female / fed=f / LT / Single cohort,anopheles_arabiensis,raw/humbug_core/220888.wav,CANDIDATE_PENDING_COMPLETE_AUDIO_AUDIT
220907,5.06,IFA_32_17_1257.wav,44100,20-02-20 00:00,mosquito,an arabiensis,Female,f,Single,,HBN,telinga,tascam,Tanzania,Kilombero District,Morogoro,Ifakara,cup,220907.wav,IFA_32_17_1257.wav,Tanzania|Ifakara|cup|20-02-20 00:00,excluded,outside prespecified Female / fed=f / LT / Single cohort,anopheles_arabiensis,raw/humbug_core/220907.wav,CANDIDATE_PENDING_COMPLETE_AUDIO_AUDIT
220906,2.56,IFA_32_17_1257.wav,44100,20-02-20 00:00,mosquito,an arabiensis,Female,f,Single,,HBN,telinga,tascam,Tanzania,Kilombero District,Morogoro,Ifakara,cup,220906.wav,IFA_32_17_1257.wav,Tanzania|Ifakara|cup|20-02-20 00:00,excluded,outside prespecified Female / fed=f / LT / Single cohort,anopheles_arabiensis,raw/humbug_core/220906.wav,CANDIDATE_PENDING_COMPLETE_AUDIO_AUDIT
220905,5.12,IFA_32_18_1258.wav,44100,20-02-20 00:00,mosquito,an arabiensis,Female,t,Single,,HBN,telinga,tascam,Tanzania,Kilombero District,Morogoro,Ifakara,cup,220905.wav,IFA_32_18_1258.wav,Tanzania|Ifakara|cup|20-02-20 00:00,excluded,outside prespecified Female / fed=f / LT / Single cohort,anopheles_arabiensis,raw/humbug_core/220905.wav,CANDIDATE_PENDING_COMPLETE_AUDIO_AUDIT
220904,2.56,IFA_32_18_1258.wav,44100,20-02-20 00:00,mosquito,an arabiensis,Female,t,Single,,HBN,telinga,tascam,Tanzania,Kilombero District,Morogoro,Ifakara,cup,220904.wav,IFA_32_18_1258.wav,Tanzania|Ifakara|cup|20-02-20 00:00,excluded,outside prespecified Female / fed=f / LT / Single cohort,anopheles_arabiensis,raw/humbug_core/220904.wav,CANDIDATE_PENDING_COMPLETE_AUDIO_AUDIT
220917,5.12,IFA_32_23_1263.wav,44100,20-02-20 00:00,mosquito,an arabiensis,Female,f,Single,,HBN,telinga,tascam,Tanzania,Kilombero District,Morogoro,Ifakara,cup,220917.wav,IFA_32_23_1263.wav,Tanzania|Ifakara|cup|20-02-20 00:00,excluded,outside prespecified Female / fed=f / LT / Single cohort,anopheles_arabiensis,raw/humbug_core/220917.wav,CANDIDATE_PENDING_COMPLETE_AUDIO_AUDIT
220918,2.56,IFA_32_23_1263.wav,44100,20-02-20 00:00,mosquito,an arabiensis,Female,f,Single,,HBN,telinga,tascam,Tanzania,Kilombero District,Morogoro,Ifakara,cup,220918.wav,IFA_32_23_1263.wav,Tanzania|Ifakara|cup|20-02-20 00:00,excluded,outside prespecified Female / fed=f / LT / Single cohort,anopheles_arabiensis,raw/humbug_core/220918.wav,CANDIDATE_PENDING_COMPLETE_AUDIO_AUDIT
220919,2.56,IFA_32_23_1263.wav,44100,20-02-20 00:00,mosquito,an arabiensis,Female,f,Single,,HBN,telinga,tascam,Tanzania,Kilombero District,Morogoro,Ifakara,cup,220919.wav,IFA_32_23_1263.wav,Tanzania|Ifakara|cup|20-02-20 00:00,excluded,outside prespecified Female / fed=f / LT / Single cohort,anopheles_arabiensis,raw/humbug_core/220919.wav,CANDIDATE_PENDING_COMPLETE_AUDIO_AUDIT
220891,12.8,IFA_32_26_1266.wav,44100,20-02-20 00:00,mosquito,an arabiensis,Female,f,Single,,HBN,telinga,tascam,Tanzania,Kilombero District,Morogoro,Ifakara,cup,220891.wav,IFA_32_26_1266.wav,Tanzania|Ifakara|cup|20-02-20 00:00,excluded,outside prespecified Female / fed=f / LT / Single cohort,anopheles_arabiensis,raw/humbug_core/220891.wav,CANDIDATE_PENDING_COMPLETE_AUDIO_AUDIT
220892,7.68,IFA_32_26_1266.wav,44100,20-02-20 00:00,mosquito,an arabiensis,Female,f,Single,,HBN,telinga,tascam,Tanzania,Kilombero District,Morogoro,Ifakara,cup,220892.wav,IFA_32_26_1266.wav,Tanzania|Ifakara|cup|20-02-20 00:00,excluded,outside prespecified Female / fed=f / LT / Single cohort,anopheles_arabiensis,raw/humbug_core/220892.wav,CANDIDATE_PENDING_COMPLETE_AUDIO_AUDIT
220893,5.12,IFA_32_26_1266.wav,44100,20-02-20 00:00,mosquito,an arabiensis,Female,f,Single,,HBN,telinga,tascam,Tanzania,Kilombero District,Morogoro,Ifakara,cup,220893.wav,IFA_32_26_1266.wav,Tanzania|Ifakara|cup|20-02-20 00:00,excluded,outside prespecified Female / fed=f / LT / Single cohort,anopheles_arabiensis,raw/humbug_core/220893.wav,CANDIDATE_PENDING_COMPLETE_AUDIO_AUDIT
220897,17.92,IFA_32_28_1268.wav,44100,20-02-20 00:00,mosquito,an arabiensis,Female,f,Single,,HBN,telinga,tascam,Tanzania,Kilombero District,Morogoro,Ifakara,cup,220897.wav,IFA_32_28_1268.wav,Tanzania|Ifakara|cup|20-02-20 00:00,excluded,outside prespecified Female / fed=f / LT / Single cohort,anopheles_arabiensis,raw/humbug_core/220897.wav,CANDIDATE_PENDING_COMPLETE_AUDIO_AUDIT
220896,25.6,IFA_32_30_1270.wav,44100,20-02-20 00:00,mosquito,an arabiensis,Female,t,Single,,HBN,telinga,tascam,Tanzania,Kilombero District,Morogoro,Ifakara,cup,220896.wav,IFA_32_30_1270.wav,Tanzania|Ifakara|cup|20-02-20 00:00,excluded,outside prespecified Female / fed=f / LT / Single cohort,anopheles_arabiensis,raw/humbug_core/220896.wav,CANDIDATE_PENDING_COMPLETE_AUDIO_AUDIT
220922,7.68,IFA_32_32_1272.wav,44100,20-02-20 00:00,mosquito,an arabiensis,Female,f,Single,,HBN,telinga,tascam,Tanzania,Kilombero District,Morogoro,Ifakara,cup,220922.wav,IFA_32_32_1272.wav,Tanzania|Ifakara|cup|20-02-20 00:00,excluded,outside prespecified Female / fed=f / LT / Single cohort,anopheles_arabiensis,raw/humbug_core/220922.wav,CANDIDATE_PENDING_COMPLETE_AUDIO_AUDIT
220903,10.24,IFA_32_34_1274.wav,44100,20-02-20 00:00,mosquito,an arabiensis,Female,f,Single,,HBN,telinga,tascam,Tanzania,Kilombero District,Morogoro,Ifakara,cup,220903.wav,IFA_32_34_1274.wav,Tanzania|Ifakara|cup|20-02-20 00:00,excluded,outside prespecified Female / fed=f / LT / Single cohort,anopheles_arabiensis,raw/humbug_core/220903.wav,CANDIDATE_PENDING_COMPLETE_AUDIO_AUDIT
220902,15.36,IFA_32_34_1274.wav,44100,20-02-20 00:00,mosquito,an arabiensis,Female,f,Single,,HBN,telinga,tascam,Tanzania,Kilombero District,Morogoro,Ifakara,cup,220902.wav,IFA_32_34_1274.wav,Tanzania|Ifakara|cup|20-02-20 00:00,excluded,outside prespecified Female / fed=f / LT / Single cohort,anopheles_arabiensis,raw/humbug_core/220902.wav,CANDIDATE_PENDING_COMPLETE_AUDIO_AUDIT
220895,17.86,IFA_32_37_1277.wav,44100,20-02-20 00:00,mosquito,an arabiensis,Female,f,Single,,HBN,telinga,tascam,Tanzania,Kilombero District,Morogoro,Ifakara,cup,220895.wav,IFA_32_37_1277.wav,Tanzania|Ifakara|cup|20-02-20 00:00,excluded,outside prespecified Female / fed=f / LT / Single cohort,anopheles_arabiensis,raw/humbug_core/220895.wav,CANDIDATE_PENDING_COMPLETE_AUDIO_AUDIT
220894,7.68,IFA_32_37_1277.wav,44100,20-02-20 00:00,mosquito,an arabiensis,Female,f,Single,,HBN,telinga,tascam,Tanzania,Kilombero District,Morogoro,Ifakara,cup,220894.wav,IFA_32_37_1277.wav,Tanzania|Ifakara|cup|20-02-20 00:00,excluded,outside prespecified Female / fed=f / LT / Single cohort,anopheles_arabiensis,raw/humbug_core/220894.wav,CANDIDATE_PENDING_COMPLETE_AUDIO_AUDIT
220916,2.56,IFA_32_39_1279.wav,44100,20-02-20 00:00,mosquito,an funestus ss,Female,f,Single,,HBN,telinga,tascam,Tanzania,Kilombero District,Morogoro,Ifakara,cup,220916.wav,IFA_32_39_1279.wav,Tanzania|Ifakara|cup|20-02-20 00:00,excluded,outside prespecified Female / fed=f / LT / Single cohort,anopheles_funestus_ss,raw/humbug_core/220916.wav,CANDIDATE_PENDING_COMPLETE_AUDIO_AUDIT
220915,2.56,IFA_32_39_1279.wav,44100,20-02-20 00:00,mosquito,an funestus ss,Female,f,Single,,HBN,telinga,tascam,Tanzania,Kilombero District,Morogoro,Ifakara,cup,220915.wav,IFA_32_39_1279.wav,Tanzania|Ifakara|cup|20-02-20 00:00,excluded,outside prespecified Female / fed=f / LT / Single cohort,anopheles_funestus_ss,raw/humbug_core/220915.wav,CANDIDATE_PENDING_COMPLETE_AUDIO_AUDIT
220887,2.56,IFA_33_10_1290.wav,44100,20-02-20 00:00,mosquito,an funestus ss,Female,f,Single,,HBN,telinga,tascam,Tanzania,Kilombero District,Morogoro,Ifakara,cup,220887.wav,IFA_33_10_1290.wav,Tanzania|Ifakara|cup|20-02-20 00:00,excluded,outside prespecified Female / fed=f / LT / Single cohort,anopheles_funestus_ss,raw/humbug_core/220887.wav,CANDIDATE_PENDING_COMPLETE_AUDIO_AUDIT
220999,2.56,IFA_33_15_1295.wav,44100,29-02-20 00:00,mosquito,an arabiensis,Female,f,Single,,HBN,telinga,tascam,Tanzania,Kilombero District,Morogoro,Ifakara,cup,220999.wav,IFA_33_15_1295.wav,Tanzania|Ifakara|cup|29-02-20 00:00,excluded,outside prespecified Female / fed=f / LT / Single cohort,anopheles_arabiensis,raw/humbug_core/220999.wav,CANDIDATE_PENDING_COMPLETE_AUDIO_AUDIT
220972,2.56,IFA_33_18_1298.wav,44100,29-02-20 00:00,mosquito,an arabiensis,Female,f,Single,,HBN,telinga,tascam,Tanzania,Kilombero District,Morogoro,Ifakara,cup,220972.wav,IFA_33_18_1298.wav,Tanzania|Ifakara|cup|29-02-20 00:00,excluded,outside prespecified Female / fed=f / LT / Single cohort,anopheles_arabiensis,raw/humbug_core/220972.wav,CANDIDATE_PENDING_COMPLETE_AUDIO_AUDIT
220985,5.12,IFA_33_20_1300.wav,44100,29-02-20 00:00,mosquito,an arabiensis,Female,f,Single,,HBN,telinga,tascam,Tanzania,Kilombero District,Morogoro,Ifakara,cup,220985.wav,IFA_33_20_1300.wav,Tanzania|Ifakara|cup|29-02-20 00:00,excluded,outside prespecified Female / fed=f / LT / Single cohort,anopheles_arabiensis,raw/humbug_core/220985.wav,CANDIDATE_PENDING_COMPLETE_AUDIO_AUDIT
220978,12.8,IFA_33_21_1301.wav,44100,29-02-20 00:00,mosquito,an arabiensis,Female,f,Single,,HBN,telinga,tascam,Tanzania,Kilombero District,Morogoro,Ifakara,cup,220978.wav,IFA_33_21_1301.wav,Tanzania|Ifakara|cup|29-02-20 00:00,excluded,outside prespecified Female / fed=f / LT / Single cohort,anopheles_arabiensis,raw/humbug_core/220978.wav,CANDIDATE_PENDING_COMPLETE_AUDIO_AUDIT
220997,2.56,IFA_33_22_1302.wav,44100,29-02-20 00:00,mosquito,an arabiensis,Female,f,Single,,HBN,telinga,tascam,Tanzania,Kilombero District,Morogoro,Ifakara,cup,220997.wav,IFA_33_22_1302.wav,Tanzania|Ifakara|cup|29-02-20 00:00,excluded,outside prespecified Female / fed=f / LT / Single cohort,anopheles_arabiensis,raw/humbug_core/220997.wav,CANDIDATE_PENDING_COMPLETE_AUDIO_AUDIT
220984,5.12,IFA_33_23_1303.wav,44100,29-02-20 00:00,mosquito,an arabiensis,Female,f,Single,,HBN,telinga,tascam,Tanzania,Kilombero District,Morogoro,Ifakara,cup,220984.wav,IFA_33_23_1303.wav,Tanzania|Ifakara|cup|29-02-20 00:00,excluded,outside prespecified Female / fed=f / LT / Single cohort,anopheles_arabiensis,raw/humbug_core/220984.wav,CANDIDATE_PENDING_COMPLETE_AUDIO_AUDIT
220976,2.56,IFA_33_27_1307.wav,44100,29-02-20 00:00,mosquito,an arabiensis,Female,f,Single,,HBN,telinga,tascam,Tanzania,Kilombero District,Morogoro,Ifakara,cup,220976.wav,IFA_33_27_1307.wav,Tanzania|Ifakara|cup|29-02-20 00:00,excluded,outside prespecified Female / fed=f / LT / Single cohort,anopheles_arabiensis,raw/humbug_core/220976.wav,CANDIDATE_PENDING_COMPLETE_AUDIO_AUDIT
221002,2.56,IFA_33_35_1315.wav,44100,29-02-20 00:00,mosquito,an funestus ss,Female,f,Single,,HBN,telinga,tascam,Tanzania,Kilombero District,Morogoro,Ifakara,cup,221002.wav,IFA_33_35_1315.wav,Tanzania|Ifakara|cup|29-02-20 00:00,excluded,outside prespecified Female / fed=f / LT / Single cohort,anopheles_funestus_ss,raw/humbug_core/221002.wav,CANDIDATE_PENDING_COMPLETE_AUDIO_AUDIT
221001,2.56,IFA_33_35_1315.wav,44100,29-02-20 00:00,mosquito,an funestus ss,Female,f,Single,,HBN,telinga,tascam,Tanzania,Kilombero District,Morogoro,Ifakara,cup,221001.wav,IFA_33_35_1315.wav,Tanzania|Ifakara|cup|29-02-20 00:00,excluded,outside prespecified Female / fed=f / LT / Single cohort,anopheles_funestus_ss,raw/humbug_core/221001.wav,CANDIDATE_PENDING_COMPLETE_AUDIO_AUDIT
221003,5.12,IFA_33_40_1320.wav,44100,29-02-20 00:00,mosquito,an arabiensis,Female,f,Single,,HBN,telinga,tascam,Tanzania,Kilombero District,Morogoro,Ifakara,cup,221003.wav,IFA_33_40_1320.wav,Tanzania|Ifakara|cup|29-02-20 00:00,excluded,outside prespecified Female / fed=f / LT / Single cohort,anopheles_arabiensis,raw/humbug_core/221003.wav,CANDIDATE_PENDING_COMPLETE_AUDIO_AUDIT
221007,5.06,IFA_33_40_1320.wav,44100,29-02-20 00:00,mosquito,an arabiensis,Female,f,Single,,HBN,telinga,tascam,Tanzania,Kilombero District,Morogoro,Ifakara,cup,221007.wav,IFA_33_40_1320.wav,Tanzania|Ifakara|cup|29-02-20 00:00,excluded,outside prespecified Female / fed=f / LT / Single cohort,anopheles_arabiensis,raw/humbug_core/221007.wav,CANDIDATE_PENDING_COMPLETE_AUDIO_AUDIT
221004,5.12,IFA_33_40_1320.wav,44100,29-02-20 00:00,mosquito,an arabiensis,Female,f,Single,,HBN,telinga,tascam,Tanzania,Kilombero District,Morogoro,Ifakara,cup,221004.wav,IFA_33_40_1320.wav,Tanzania|Ifakara|cup|29-02-20 00:00,excluded,outside prespecified Female / fed=f / LT / Single cohort,anopheles_arabiensis,raw/humbug_core/221004.wav,CANDIDATE_PENDING_COMPLETE_AUDIO_AUDIT
221005,15.36,IFA_33_40_1320.wav,44100,29-02-20 00:00,mosquito,an arabiensis,Female,f,Single,,HBN,telinga,tascam,Tanzania,Kilombero District,Morogoro,Ifakara,cup,221005.wav,IFA_33_40_1320.wav,Tanzania|Ifakara|cup|29-02-20 00:00,excluded,outside prespecified Female / fed=f / LT / Single cohort,anopheles_arabiensis,raw/humbug_core/221005.wav,CANDIDATE_PENDING_COMPLETE_AUDIO_AUDIT
221006,2.56,IFA_33_40_1320.wav,44100,29-02-20 00:00,mosquito,an arabiensis,Female,f,Single,,HBN,telinga,tascam,Tanzania,Kilombero District,Morogoro,Ifakara,cup,221006.wav,IFA_33_40_1320.wav,Tanzania|Ifakara|cup|29-02-20 00:00,excluded,outside prespecified Female / fed=f / LT / Single cohort,anopheles_arabiensis,raw/humbug_core/221006.wav,CANDIDATE_PENDING_COMPLETE_AUDIO_AUDIT
220044,61.38,IFA_34_23_1343.wav,44100,02-03-20 00:00,mosquito,an arabiensis,Female,f,Single,,HBN,telinga,tascam,Tanzania,Kilombero District,Morogoro,Ifakara,cup,220044.wav,IFA_34_23_1343.wav,Tanzania|Ifakara|cup|02-03-20 00:00,excluded,outside prespecified Female / fed=f / LT / Single cohort,anopheles_arabiensis,raw/humbug_core/220044.wav,CANDIDATE_PENDING_COMPLETE_AUDIO_AUDIT
220041,17.92,IFA_34_26_1346.wav,44100,02-03-20 00:00,mosquito,an arabiensis,Female,f,Single,,HBN,telinga,tascam,Tanzania,Kilombero District,Morogoro,Ifakara,cup,220041.wav,IFA_34_26_1346.wav,Tanzania|Ifakara|cup|02-03-20 00:00,excluded,outside prespecified Female / fed=f / LT / Single cohort,anopheles_arabiensis,raw/humbug_core/220041.wav,CANDIDATE_PENDING_COMPLETE_AUDIO_AUDIT
220042,5.12,IFA_34_26_1346.wav,44100,02-03-20 00:00,mosquito,an arabiensis,Female,f,Single,,HBN,telinga,tascam,Tanzania,Kilombero District,Morogoro,Ifakara,cup,220042.wav,IFA_34_26_1346.wav,Tanzania|Ifakara|cup|02-03-20 00:00,excluded,outside prespecified Female / fed=f / LT / Single cohort,anopheles_arabiensis,raw/humbug_core/220042.wav,CANDIDATE_PENDING_COMPLETE_AUDIO_AUDIT
220043,15.36,IFA_34_26_1346.wav,44100,02-03-20 00:00,mosquito,an arabiensis,Female,f,Single,,HBN,telinga,tascam,Tanzania,Kilombero District,Morogoro,Ifakara,cup,220043.wav,IFA_34_26_1346.wav,Tanzania|Ifakara|cup|02-03-20 00:00,excluded,outside prespecified Female / fed=f / LT / Single cohort,anopheles_arabiensis,raw/humbug_core/220043.wav,CANDIDATE_PENDING_COMPLETE_AUDIO_AUDIT
220057,48.58,IFA_34_30_1350.wav,44100,02-03-20 00:00,mosquito,an arabiensis,Female,f,Single,,HBN,telinga,tascam,Tanzania,Kilombero District,Morogoro,Ifakara,cup,220057.wav,IFA_34_30_1350.wav,Tanzania|Ifakara|cup|02-03-20 00:00,excluded,outside prespecified Female / fed=f / LT / Single cohort,anopheles_arabiensis,raw/humbug_core/220057.wav,CANDIDATE_PENDING_COMPLETE_AUDIO_AUDIT
220063,51.14,IFA_34_35_1355.wav,44100,02-03-20 00:00,mosquito,an arabiensis,Female,f,Single,,HBN,telinga,tascam,Tanzania,Kilombero District,Morogoro,Ifakara,cup,220063.wav,IFA_34_35_1355.wav,Tanzania|Ifakara|cup|02-03-20 00:00,excluded,outside prespecified Female / fed=f / LT / Single cohort,anopheles_arabiensis,raw/humbug_core/220063.wav,CANDIDATE_PENDING_COMPLETE_AUDIO_AUDIT
220069,40.9,IFA_34_36_1356.wav,44100,02-03-20 00:00,mosquito,an arabiensis,Female,f,Single,,HBN,telinga,tascam,Tanzania,Kilombero District,Morogoro,Ifakara,cup,220069.wav,IFA_34_36_1356.wav,Tanzania|Ifakara|cup|02-03-20 00:00,excluded,outside prespecified Female / fed=f / LT / Single cohort,anopheles_arabiensis,raw/humbug_core/220069.wav,CANDIDATE_PENDING_COMPLETE_AUDIO_AUDIT
220049,28.1,IFA_34_37_1357.wav,44100,02-03-20 00:00,mosquito,an arabiensis,Female,f,Single,,HBN,telinga,tascam,Tanzania,Kilombero District,Morogoro,Ifakara,cup,220049.wav,IFA_34_37_1357.wav,Tanzania|Ifakara|cup|02-03-20 00:00,excluded,outside prespecified Female / fed=f / LT / Single cohort,anopheles_arabiensis,raw/humbug_core/220049.wav,CANDIDATE_PENDING_COMPLETE_AUDIO_AUDIT
220068,30.66,IFA_34_38_1358.wav,44100,02-03-20 00:00,mosquito,an arabiensis,Female,f,Single,,HBN,telinga,tascam,Tanzania,Kilombero District,Morogoro,Ifakara,cup,220068.wav,IFA_34_38_1358.wav,Tanzania|Ifakara|cup|02-03-20 00:00,excluded,outside prespecified Female / fed=f / LT / Single cohort,anopheles_arabiensis,raw/humbug_core/220068.wav,CANDIDATE_PENDING_COMPLETE_AUDIO_AUDIT
220056,40.9,IFA_34_39_1359.wav,44100,02-03-20 00:00,mosquito,an arabiensis,Female,f,Single,,HBN,telinga,tascam,Tanzania,Kilombero District,Morogoro,Ifakara,cup,220056.wav,IFA_34_39_1359.wav,Tanzania|Ifakara|cup|02-03-20 00:00,excluded,outside prespecified Female / fed=f / LT / Single cohort,anopheles_arabiensis,raw/humbug_core/220056.wav,CANDIDATE_PENDING_COMPLETE_AUDIO_AUDIT
220072,7.68,IFA_34_40_1360.wav,44100,02-03-20 00:00,mosquito,an arabiensis,Female,f,Single,,HBN,telinga,tascam,Tanzania,Kilombero District,Morogoro,Ifakara,cup,220072.wav,IFA_34_40_1360.wav,Tanzania|Ifakara|cup|02-03-20 00:00,excluded,outside prespecified Female / fed=f / LT / Single cohort,anopheles_arabiensis,raw/humbug_core/220072.wav,CANDIDATE_PENDING_COMPLETE_AUDIO_AUDIT
220073,7.62,IFA_34_40_1360.wav,44100,02-03-20 00:00,mosquito,an arabiensis,Female,f,Single,,HBN,telinga,tascam,Tanzania,Kilombero District,Morogoro,Ifakara,cup,220073.wav,IFA_34_40_1360.wav,Tanzania|Ifakara|cup|02-03-20 00:00,excluded,outside prespecified Female / fed=f / LT / Single cohort,anopheles_arabiensis,raw/humbug_core/220073.wav,CANDIDATE_PENDING_COMPLETE_AUDIO_AUDIT
220071,17.92,IFA_34_40_1360.wav,44100,02-03-20 00:00,mosquito,an arabiensis,Female,f,Single,,HBN,telinga,tascam,Tanzania,Kilombero District,Morogoro,Ifakara,cup,220071.wav,IFA_34_40_1360.wav,Tanzania|Ifakara|cup|02-03-20 00:00,excluded,outside prespecified Female / fed=f / LT / Single cohort,anopheles_arabiensis,raw/humbug_core/220071.wav,CANDIDATE_PENDING_COMPLETE_AUDIO_AUDIT
220046,2.56,IFA_35_10_1370.wav,44100,02-03-20 00:00,mosquito,an arabiensis,Female,f,Single,,HBN,telinga,tascam,Tanzania,Kilombero District,Morogoro,Ifakara,cup,220046.wav,IFA_35_10_1370.wav,Tanzania|Ifakara|cup|02-03-20 00:00,excluded,outside prespecified Female / fed=f / LT / Single cohort,anopheles_arabiensis,raw/humbug_core/220046.wav,CANDIDATE_PENDING_COMPLETE_AUDIO_AUDIT
220047,5.12,IFA_35_10_1370.wav,44100,02-03-20 00:00,mosquito,an arabiensis,Female,f,Single,,HBN,telinga,tascam,Tanzania,Kilombero District,Morogoro,Ifakara,cup,220047.wav,IFA_35_10_1370.wav,Tanzania|Ifakara|cup|02-03-20 00:00,excluded,outside prespecified Female / fed=f / LT / Single cohort,anopheles_arabiensis,raw/humbug_core/220047.wav,CANDIDATE_PENDING_COMPLETE_AUDIO_AUDIT
220048,17.92,IFA_35_10_1370.wav,44100,02-03-20 00:00,mosquito,an arabiensis,Female,f,Single,,HBN,telinga,tascam,Tanzania,Kilombero District,Morogoro,Ifakara,cup,220048.wav,IFA_35_10_1370.wav,Tanzania|Ifakara|cup|02-03-20 00:00,excluded,outside prespecified Female / fed=f / LT / Single cohort,anopheles_arabiensis,raw/humbug_core/220048.wav,CANDIDATE_PENDING_COMPLETE_AUDIO_AUDIT
220053,25.6,IFA_35_11_1371.wav,44100,02-03-20 00:00,mosquito,an arabiensis,Female,f,Single,,HBN,telinga,tascam,Tanzania,Kilombero District,Morogoro,Ifakara,cup,220053.wav,IFA_35_11_1371.wav,Tanzania|Ifakara|cup|02-03-20 00:00,excluded,outside prespecified Female / fed=f / LT / Single cohort,anopheles_arabiensis,raw/humbug_core/220053.wav,CANDIDATE_PENDING_COMPLETE_AUDIO_AUDIT
220050,40.9,IFA_35_12_1372.wav,44100,02-03-20 00:00,mosquito,an arabiensis,Female,f,Single,,HBN,telinga,tascam,Tanzania,Kilombero District,Morogoro,Ifakara,cup,220050.wav,IFA_35_12_1372.wav,Tanzania|Ifakara|cup|02-03-20 00:00,excluded,outside prespecified Female / fed=f / LT / Single cohort,anopheles_arabiensis,raw/humbug_core/220050.wav,CANDIDATE_PENDING_COMPLETE_AUDIO_AUDIT
220065,51.14,IFA_35_13_1373.wav,44100,02-03-20 00:00,mosquito,an arabiensis,Female,f,Single,,HBN,telinga,tascam,Tanzania,Kilombero District,Morogoro,Ifakara,cup,220065.wav,IFA_35_13_1373.wav,Tanzania|Ifakara|cup|02-03-20 00:00,excluded,outside prespecified Female / fed=f / LT / Single cohort,anopheles_arabiensis,raw/humbug_core/220065.wav,CANDIDATE_PENDING_COMPLETE_AUDIO_AUDIT
220040,40.9,IFA_35_14_1374.wav,44100,02-03-20 00:00,mosquito,an arabiensis,Female,f,Single,,HBN,telinga,tascam,Tanzania,Kilombero District,Morogoro,Ifakara,cup,220040.wav,IFA_35_14_1374.wav,Tanzania|Ifakara|cup|02-03-20 00:00,excluded,outside prespecified Female / fed=f / LT / Single cohort,anopheles_arabiensis,raw/humbug_core/220040.wav,CANDIDATE_PENDING_COMPLETE_AUDIO_AUDIT
220064,35.78,IFA_35_15_1375.wav,44100,02-03-20 00:00,mosquito,an arabiensis,Female,f,Single,,HBN,telinga,tascam,Tanzania,Kilombero District,Morogoro,Ifakara,cup,220064.wav,IFA_35_15_1375.wav,Tanzania|Ifakara|cup|02-03-20 00:00,excluded,outside prespecified Female / fed=f / LT / Single cohort,anopheles_arabiensis,raw/humbug_core/220064.wav,CANDIDATE_PENDING_COMPLETE_AUDIO_AUDIT
220108,40.9,IFA_35_16_1376.wav,44100,02-03-20 00:00,mosquito,an arabiensis,Female,f,Single,,HBN,telinga,tascam,Tanzania,Kilombero District,Morogoro,Ifakara,cup,220108.wav,IFA_35_16_1376.wav,Tanzania|Ifakara|cup|02-03-20 00:00,excluded,outside prespecified Female / fed=f / LT / Single cohort,anopheles_arabiensis,raw/humbug_core/220108.wav,CANDIDATE_PENDING_COMPLETE_AUDIO_AUDIT
220099,35.84,IFA_35_17_1377.wav,44100,02-03-20 00:00,mosquito,an arabiensis,Female,f,Single,,HBN,telinga,tascam,Tanzania,Kilombero District,Morogoro,Ifakara,cup,220099.wav,IFA_35_17_1377.wav,Tanzania|Ifakara|cup|02-03-20 00:00,excluded,outside prespecified Female / fed=f / LT / Single cohort,anopheles_arabiensis,raw/humbug_core/220099.wav,CANDIDATE_PENDING_COMPLETE_AUDIO_AUDIT
220105,17.86,IFA_35_18_1378.wav,44100,02-03-20 00:00,mosquito,an arabiensis,Female,f,Single,,HBN,telinga,tascam,Tanzania,Kilombero District,Morogoro,Ifakara,cup,220105.wav,IFA_35_18_1378.wav,Tanzania|Ifakara|cup|02-03-20 00:00,excluded,outside prespecified Female / fed=f / LT / Single cohort,anopheles_arabiensis,raw/humbug_core/220105.wav,CANDIDATE_PENDING_COMPLETE_AUDIO_AUDIT
220104,2.56,IFA_35_18_1378.wav,44100,02-03-20 00:00,mosquito,an arabiensis,Female,f,Single,,HBN,telinga,tascam,Tanzania,Kilombero District,Morogoro,Ifakara,cup,220104.wav,IFA_35_18_1378.wav,Tanzania|Ifakara|cup|02-03-20 00:00,excluded,outside prespecified Female / fed=f / LT / Single cohort,anopheles_arabiensis,raw/humbug_core/220104.wav,CANDIDATE_PENDING_COMPLETE_AUDIO_AUDIT
220103,2.56,IFA_35_18_1378.wav,44100,02-03-20 00:00,mosquito,an arabiensis,Female,f,Single,,HBN,telinga,tascam,Tanzania,Kilombero District,Morogoro,Ifakara,cup,220103.wav,IFA_35_18_1378.wav,Tanzania|Ifakara|cup|02-03-20 00:00,excluded,outside prespecified Female / fed=f / LT / Single cohort,anopheles_arabiensis,raw/humbug_core/220103.wav,CANDIDATE_PENDING_COMPLETE_AUDIO_AUDIT
220080,12.8,IFA_35_19_1379.wav,44100,02-03-20 00:00,mosquito,an arabiensis,Female,f,Single,,HBN,telinga,tascam,Tanzania,Kilombero District,Morogoro,Ifakara,cup,220080.wav,IFA_35_19_1379.wav,Tanzania|Ifakara|cup|02-03-20 00:00,excluded,outside prespecified Female / fed=f / LT / Single cohort,anopheles_arabiensis,raw/humbug_core/220080.wav,CANDIDATE_PENDING_COMPLETE_AUDIO_AUDIT
220079,17.92,IFA_35_19_1379.wav,44100,02-03-20 00:00,mosquito,an arabiensis,Female,f,Single,,HBN,telinga,tascam,Tanzania,Kilombero District,Morogoro,Ifakara,cup,220079.wav,IFA_35_19_1379.wav,Tanzania|Ifakara|cup|02-03-20 00:00,excluded,outside prespecified Female / fed=f / LT / Single cohort,anopheles_arabiensis,raw/humbug_core/220079.wav,CANDIDATE_PENDING_COMPLETE_AUDIO_AUDIT
220115,33.22,IFA_35_20_1380.wav,44100,02-03-20 00:00,mosquito,an arabiensis,Female,f,Single,,HBN,telinga,tascam,Tanzania,Kilombero District,Morogoro,Ifakara,cup,220115.wav,IFA_35_20_1380.wav,Tanzania|Ifakara|cup|02-03-20 00:00,excluded,outside prespecified Female / fed=f / LT / Single cohort,anopheles_arabiensis,raw/humbug_core/220115.wav,CANDIDATE_PENDING_COMPLETE_AUDIO_AUDIT
220098,38.4,IFA_35_21_1381.wav,44100,02-03-20 00:00,mosquito,an arabiensis,Female,f,Single,,HBN,telinga,tascam,Tanzania,Kilombero District,Morogoro,Ifakara,cup,220098.wav,IFA_35_21_1381.wav,Tanzania|Ifakara|cup|02-03-20 00:00,excluded,outside prespecified Female / fed=f / LT / Single cohort,anopheles_arabiensis,raw/humbug_core/220098.wav,CANDIDATE_PENDING_COMPLETE_AUDIO_AUDIT
220088,5.12,IFA_35_22_1382.wav,44100,02-03-20 00:00,mosquito,an arabiensis,Female,f,Single,,HBN,telinga,tascam,Tanzania,Kilombero District,Morogoro,Ifakara,cup,220088.wav,IFA_35_22_1382.wav,Tanzania|Ifakara|cup|02-03-20 00:00,excluded,outside prespecified Female / fed=f / LT / Single cohort,anopheles_arabiensis,raw/humbug_core/220088.wav,CANDIDATE_PENDING_COMPLETE_AUDIO_AUDIT
220087,15.36,IFA_35_22_1382.wav,44100,02-03-20 00:00,mosquito,an arabiensis,Female,f,Single,,HBN,telinga,tascam,Tanzania,Kilombero District,Morogoro,Ifakara,cup,220087.wav,IFA_35_22_1382.wav,Tanzania|Ifakara|cup|02-03-20 00:00,excluded,outside prespecified Female / fed=f / LT / Single cohort,anopheles_arabiensis,raw/humbug_core/220087.wav,CANDIDATE_PENDING_COMPLETE_AUDIO_AUDIT
220086,12.8,IFA_35_22_1382.wav,44100,02-03-20 00:00,mosquito,an arabiensis,Female,f,Single,,HBN,telinga,tascam,Tanzania,Kilombero District,Morogoro,Ifakara,cup,220086.wav,IFA_35_22_1382.wav,Tanzania|Ifakara|cup|02-03-20 00:00,excluded,outside prespecified Female / fed=f / LT / Single cohort,anopheles_arabiensis,raw/humbug_core/220086.wav,CANDIDATE_PENDING_COMPLETE_AUDIO_AUDIT
220077,40.9,IFA_35_23_1383.wav,44100,02-03-20 00:00,mosquito,an arabiensis,Female,f,Single,,HBN,telinga,tascam,Tanzania,Kilombero District,Morogoro,Ifakara,cup,220077.wav,IFA_35_23_1383.wav,Tanzania|Ifakara|cup|02-03-20 00:00,excluded,outside prespecified Female / fed=f / LT / Single cohort,anopheles_arabiensis,raw/humbug_core/220077.wav,CANDIDATE_PENDING_COMPLETE_AUDIO_AUDIT
220083,10.18,IFA_35_24_1384.wav,44100,02-03-20 00:00,mosquito,an arabiensis,Female,f,Single,,HBN,telinga,tascam,Tanzania,Kilombero District,Morogoro,Ifakara,cup,220083.wav,IFA_35_24_1384.wav,Tanzania|Ifakara|cup|02-03-20 00:00,excluded,outside prespecified Female / fed=f / LT / Single cohort,anopheles_arabiensis,raw/humbug_core/220083.wav,CANDIDATE_PENDING_COMPLETE_AUDIO_AUDIT
220082,15.36,IFA_35_24_1384.wav,44100,02-03-20 00:00,mosquito,an arabiensis,Female,f,Single,,HBN,telinga,tascam,Tanzania,Kilombero District,Morogoro,Ifakara,cup,220082.wav,IFA_35_24_1384.wav,Tanzania|Ifakara|cup|02-03-20 00:00,excluded,outside prespecified Female / fed=f / LT / Single cohort,anopheles_arabiensis,raw/humbug_core/220082.wav,CANDIDATE_PENDING_COMPLETE_AUDIO_AUDIT
220111,25.54,IFA_35_25_1385.wav,44100,02-03-20 00:00,mosquito,an arabiensis,Female,f,Single,,HBN,telinga,tascam,Tanzania,Kilombero District,Morogoro,Ifakara,cup,220111.wav,IFA_35_25_1385.wav,Tanzania|Ifakara|cup|02-03-20 00:00,excluded,outside prespecified Female / fed=f / LT / Single cohort,anopheles_arabiensis,raw/humbug_core/220111.wav,CANDIDATE_PENDING_COMPLETE_AUDIO_AUDIT
220094,12.8,IFA_35_26_1386.wav,44100,02-03-20 00:00,mosquito,an arabiensis,Female,f,Single,,HBN,telinga,tascam,Tanzania,Kilombero District,Morogoro,Ifakara,cup,220094.wav,IFA_35_26_1386.wav,Tanzania|Ifakara|cup|02-03-20 00:00,excluded,outside prespecified Female / fed=f / LT / Single cohort,anopheles_arabiensis,raw/humbug_core/220094.wav,CANDIDATE_PENDING_COMPLETE_AUDIO_AUDIT
220095,5.12,IFA_35_26_1386.wav,44100,02-03-20 00:00,mosquito,an arabiensis,Female,f,Single,,HBN,telinga,tascam,Tanzania,Kilombero District,Morogoro,Ifakara,cup,220095.wav,IFA_35_26_1386.wav,Tanzania|Ifakara|cup|02-03-20 00:00,excluded,outside prespecified Female / fed=f / LT / Single cohort,anopheles_arabiensis,raw/humbug_core/220095.wav,CANDIDATE_PENDING_COMPLETE_AUDIO_AUDIT
220100,2.56,IFA_35_29_1389.wav,44100,02-03-20 00:00,mosquito,an arabiensis,Female,f,Single,,HBN,telinga,tascam,Tanzania,Kilombero District,Morogoro,Ifakara,cup,220100.wav,IFA_35_29_1389.wav,Tanzania|Ifakara|cup|02-03-20 00:00,excluded,outside prespecified Female / fed=f / LT / Single cohort,anopheles_arabiensis,raw/humbug_core/220100.wav,CANDIDATE_PENDING_COMPLETE_AUDIO_AUDIT
220101,10.24,IFA_35_29_1389.wav,44100,02-03-20 00:00,mosquito,an arabiensis,Female,f,Single,,HBN,telinga,tascam,Tanzania,Kilombero District,Morogoro,Ifakara,cup,220101.wav,IFA_35_29_1389.wav,Tanzania|Ifakara|cup|02-03-20 00:00,excluded,outside prespecified Female / fed=f / LT / Single cohort,anopheles_arabiensis,raw/humbug_core/220101.wav,CANDIDATE_PENDING_COMPLETE_AUDIO_AUDIT
220102,5.12,IFA_35_29_1389.wav,44100,02-03-20 00:00,mosquito,an arabiensis,Female,f,Single,,HBN,telinga,tascam,Tanzania,Kilombero District,Morogoro,Ifakara,cup,220102.wav,IFA_35_29_1389.wav,Tanzania|Ifakara|cup|02-03-20 00:00,excluded,outside prespecified Female / fed=f / LT / Single cohort,anopheles_arabiensis,raw/humbug_core/220102.wav,CANDIDATE_PENDING_COMPLETE_AUDIO_AUDIT
220114,15.36,IFA_35_30_1390.wav,44100,02-03-20 00:00,mosquito,an arabiensis,Female,f,Single,,HBN,telinga,tascam,Tanzania,Kilombero District,Morogoro,Ifakara,cup,220114.wav,IFA_35_30_1390.wav,Tanzania|Ifakara|cup|02-03-20 00:00,excluded,outside prespecified Female / fed=f / LT / Single cohort,anopheles_arabiensis,raw/humbug_core/220114.wav,CANDIDATE_PENDING_COMPLETE_AUDIO_AUDIT
220076,5.12,IFA_35_36_1396.wav,44100,02-03-20 00:00,mosquito,an arabiensis,Female,f,Single,,HBN,telinga,tascam,Tanzania,Kilombero District,Morogoro,Ifakara,cup,220076.wav,IFA_35_36_1396.wav,Tanzania|Ifakara|cup|02-03-20 00:00,excluded,outside prespecified Female / fed=f / LT / Single cohort,anopheles_arabiensis,raw/humbug_core/220076.wav,CANDIDATE_PENDING_COMPLETE_AUDIO_AUDIT
220197,12.74,IFA_36_10_1410.wav,44100,04-03-20 00:00,mosquito,an funestus ss,Female,f,Single,,HBN,telinga,tascam,Tanzania,Kilombero District,Morogoro,Ifakara,cup,220197.wav,IFA_36_10_1410.wav,Tanzania|Ifakara|cup|04-03-20 00:00,excluded,outside prespecified Female / fed=f / LT / Single cohort,anopheles_funestus_ss,raw/humbug_core/220197.wav,CANDIDATE_PENDING_COMPLETE_AUDIO_AUDIT
220196,20.48,IFA_36_10_1410.wav,44100,04-03-20 00:00,mosquito,an funestus ss,Female,f,Single,,HBN,telinga,tascam,Tanzania,Kilombero District,Morogoro,Ifakara,cup,220196.wav,IFA_36_10_1410.wav,Tanzania|Ifakara|cup|04-03-20 00:00,excluded,outside prespecified Female / fed=f / LT / Single cohort,anopheles_funestus_ss,raw/humbug_core/220196.wav,CANDIDATE_PENDING_COMPLETE_AUDIO_AUDIT
220134,35.78,IFA_36_11_1411.wav,44100,04-03-20 00:00,mosquito,an funestus ss,Female,f,Single,,HBN,telinga,tascam,Tanzania,Kilombero District,Morogoro,Ifakara,cup,220134.wav,IFA_36_11_1411.wav,Tanzania|Ifakara|cup|04-03-20 00:00,excluded,outside prespecified Female / fed=f / LT / Single cohort,anopheles_funestus_ss,raw/humbug_core/220134.wav,CANDIDATE_PENDING_COMPLETE_AUDIO_AUDIT
220191,25.54,IFA_36_12_1412.wav,44100,04-03-20 00:00,mosquito,an funestus ss,Female,f,Single,,HBN,telinga,tascam,Tanzania,Kilombero District,Morogoro,Ifakara,cup,220191.wav,IFA_36_12_1412.wav,Tanzania|Ifakara|cup|04-03-20 00:00,excluded,outside prespecified Female / fed=f / LT / Single cohort,anopheles_funestus_ss,raw/humbug_core/220191.wav,CANDIDATE_PENDING_COMPLETE_AUDIO_AUDIT
220143,12.8,IFA_36_15_1415.wav,44100,04-03-20 00:00,mosquito,an funestus ss,Female,f,Single,,HBN,telinga,tascam,Tanzania,Kilombero District,Morogoro,Ifakara,cup,220143.wav,IFA_36_15_1415.wav,Tanzania|Ifakara|cup|04-03-20 00:00,excluded,outside prespecified Female / fed=f / LT / Single cohort,anopheles_funestus_ss,raw/humbug_core/220143.wav,CANDIDATE_PENDING_COMPLETE_AUDIO_AUDIT
220142,5.12,IFA_36_15_1415.wav,44100,04-03-20 00:00,mosquito,an funestus ss,Female,f,Single,,HBN,telinga,tascam,Tanzania,Kilombero District,Morogoro,Ifakara,cup,220142.wav,IFA_36_15_1415.wav,Tanzania|Ifakara|cup|04-03-20 00:00,excluded,outside prespecified Female / fed=f / LT / Single cohort,anopheles_funestus_ss,raw/humbug_core/220142.wav,CANDIDATE_PENDING_COMPLETE_AUDIO_AUDIT
220138,22.98,IFA_36_16_1416.wav,44100,04-03-20 00:00,mosquito,an arabiensis,Female,f,Single,,HBN,telinga,tascam,Tanzania,Kilombero District,Morogoro,Ifakara,cup,220138.wav,IFA_36_16_1416.wav,Tanzania|Ifakara|cup|04-03-20 00:00,excluded,outside prespecified Female / fed=f / LT / Single cohort,anopheles_arabiensis,raw/humbug_core/220138.wav,CANDIDATE_PENDING_COMPLETE_AUDIO_AUDIT
220170,33.22,IFA_36_17_1417.wav,44100,04-03-20 00:00,mosquito,an arabiensis,Female,f,Single,,HBN,telinga,tascam,Tanzania,Kilombero District,Morogoro,Ifakara,cup,220170.wav,IFA_36_17_1417.wav,Tanzania|Ifakara|cup|04-03-20 00:00,excluded,outside prespecified Female / fed=f / LT / Single cohort,anopheles_arabiensis,raw/humbug_core/220170.wav,CANDIDATE_PENDING_COMPLETE_AUDIO_AUDIT
220155,38.34,IFA_36_18_1418.wav,44100,04-03-20 00:00,mosquito,an funestus ss,Female,f,Single,,HBN,telinga,tascam,Tanzania,Kilombero District,Morogoro,Ifakara,cup,220155.wav,IFA_36_18_1418.wav,Tanzania|Ifakara|cup|04-03-20 00:00,excluded,outside prespecified Female / fed=f / LT / Single cohort,anopheles_funestus_ss,raw/humbug_core/220155.wav,CANDIDATE_PENDING_COMPLETE_AUDIO_AUDIT
220175,22.98,IFA_36_19_1419.wav,44100,04-03-20 00:00,mosquito,an funestus ss,Female,f,Single,,HBN,telinga,tascam,Tanzania,Kilombero District,Morogoro,Ifakara,cup,220175.wav,IFA_36_19_1419.wav,Tanzania|Ifakara|cup|04-03-20 00:00,excluded,outside prespecified Female / fed=f / LT / Single cohort,anopheles_funestus_ss,raw/humbug_core/220175.wav,CANDIDATE_PENDING_COMPLETE_AUDIO_AUDIT
220174,5.12,IFA_36_19_1419.wav,44100,04-03-20 00:00,mosquito,an funestus ss,Female,f,Single,,HBN,telinga,tascam,Tanzania,Kilombero District,Morogoro,Ifakara,cup,220174.wav,IFA_36_19_1419.wav,Tanzania|Ifakara|cup|04-03-20 00:00,excluded,outside prespecified Female / fed=f / LT / Single cohort,anopheles_funestus_ss,raw/humbug_core/220174.wav,CANDIDATE_PENDING_COMPLETE_AUDIO_AUDIT
220186,38.34,IFA_36_20_1420.wav,44100,04-03-20 00:00,mosquito,an arabiensis,Female,f,Single,,HBN,telinga,tascam,Tanzania,Kilombero District,Morogoro,Ifakara,cup,220186.wav,IFA_36_20_1420.wav,Tanzania|Ifakara|cup|04-03-20 00:00,excluded,outside prespecified Female / fed=f / LT / Single cohort,anopheles_arabiensis,raw/humbug_core/220186.wav,CANDIDATE_PENDING_COMPLETE_AUDIO_AUDIT
220181,43.46,IFA_36_21_1421.wav,44100,04-03-20 00:00,mosquito,an arabiensis,Female,f,Single,,HBN,telinga,tascam,Tanzania,Kilombero District,Morogoro,Ifakara,cup,220181.wav,IFA_36_21_1421.wav,Tanzania|Ifakara|cup|04-03-20 00:00,excluded,outside prespecified Female / fed=f / LT / Single cohort,anopheles_arabiensis,raw/humbug_core/220181.wav,CANDIDATE_PENDING_COMPLETE_AUDIO_AUDIT
220162,15.3,IFA_36_22_1422.wav,44100,04-03-20 00:00,mosquito,an funestus ss,Female,f,Single,,HBN,telinga,tascam,Tanzania,Kilombero District,Morogoro,Ifakara,cup,220162.wav,IFA_36_22_1422.wav,Tanzania|Ifakara|cup|04-03-20 00:00,excluded,outside prespecified Female / fed=f / LT / Single cohort,anopheles_funestus_ss,raw/humbug_core/220162.wav,CANDIDATE_PENDING_COMPLETE_AUDIO_AUDIT
220161,12.8,IFA_36_22_1422.wav,44100,04-03-20 00:00,mosquito,an funestus ss,Female,f,Single,,HBN,telinga,tascam,Tanzania,Kilombero District,Morogoro,Ifakara,cup,220161.wav,IFA_36_22_1422.wav,Tanzania|Ifakara|cup|04-03-20 00:00,excluded,outside prespecified Female / fed=f / LT / Single cohort,anopheles_funestus_ss,raw/humbug_core/220161.wav,CANDIDATE_PENDING_COMPLETE_AUDIO_AUDIT
220160,7.68,IFA_36_22_1422.wav,44100,04-03-20 00:00,mosquito,an funestus ss,Female,f,Single,,HBN,telinga,tascam,Tanzania,Kilombero District,Morogoro,Ifakara,cup,220160.wav,IFA_36_22_1422.wav,Tanzania|Ifakara|cup|04-03-20 00:00,excluded,outside prespecified Female / fed=f / LT / Single cohort,anopheles_funestus_ss,raw/humbug_core/220160.wav,CANDIDATE_PENDING_COMPLETE_AUDIO_AUDIT
220192,28.1,IFA_36_23_1423.wav,44100,04-03-20 00:00,mosquito,an arabiensis,Female,f,Single,,HBN,telinga,tascam,Tanzania,Kilombero District,Morogoro,Ifakara,cup,220192.wav,IFA_36_23_1423.wav,Tanzania|Ifakara|cup|04-03-20 00:00,excluded,outside prespecified Female / fed=f / LT / Single cohort,anopheles_arabiensis,raw/humbug_core/220192.wav,CANDIDATE_PENDING_COMPLETE_AUDIO_AUDIT
220193,33.22,IFA_36_24_1424.wav,44100,04-03-20 00:00,mosquito,an funestus ss,Female,f,Single,,HBN,telinga,tascam,Tanzania,Kilombero District,Morogoro,Ifakara,cup,220193.wav,IFA_36_24_1424.wav,Tanzania|Ifakara|cup|04-03-20 00:00,excluded,outside prespecified Female / fed=f / LT / Single cohort,anopheles_funestus_ss,raw/humbug_core/220193.wav,CANDIDATE_PENDING_COMPLETE_AUDIO_AUDIT
220163,38.34,IFA_36_25_1425.wav,44100,04-03-20 00:00,mosquito,an funestus ss,Female,f,Single,,HBN,telinga,tascam,Tanzania,Kilombero District,Morogoro,Ifakara,cup,220163.wav,IFA_36_25_1425.wav,Tanzania|Ifakara|cup|04-03-20 00:00,excluded,outside prespecified Female / fed=f / LT / Single cohort,anopheles_funestus_ss,raw/humbug_core/220163.wav,CANDIDATE_PENDING_COMPLETE_AUDIO_AUDIT
220127,30.66,IFA_36_26_1426.wav,44100,04-03-20 00:00,mosquito,an arabiensis,Female,f,Single,,HBN,telinga,tascam,Tanzania,Kilombero District,Morogoro,Ifakara,cup,220127.wav,IFA_36_26_1426.wav,Tanzania|Ifakara|cup|04-03-20 00:00,excluded,outside prespecified Female / fed=f / LT / Single cohort,anopheles_arabiensis,raw/humbug_core/220127.wav,CANDIDATE_PENDING_COMPLETE_AUDIO_AUDIT
220171,51.14,IFA_36_27_1427.wav,44100,04-03-20 00:00,mosquito,an arabiensis,Female,t,Single,,HBN,telinga,tascam,Tanzania,Kilombero District,Morogoro,Ifakara,cup,220171.wav,IFA_36_27_1427.wav,Tanzania|Ifakara|cup|04-03-20 00:00,excluded,outside prespecified Female / fed=f / LT / Single cohort,anopheles_arabiensis,raw/humbug_core/220171.wav,CANDIDATE_PENDING_COMPLETE_AUDIO_AUDIT
220140,22.98,IFA_36_28_1428.wav,44100,04-03-20 00:00,mosquito,an funestus ss,Female,f,Single,,HBN,telinga,tascam,Tanzania,Kilombero District,Morogoro,Ifakara,cup,220140.wav,IFA_36_28_1428.wav,Tanzania|Ifakara|cup|04-03-20 00:00,excluded,outside prespecified Female / fed=f / LT / Single cohort,anopheles_funestus_ss,raw/humbug_core/220140.wav,CANDIDATE_PENDING_COMPLETE_AUDIO_AUDIT
220122,5.12,IFA_36_29_1429.wav,44100,04-03-20 00:00,mosquito,an funestus ss,Female,f,Single,,HBN,telinga,tascam,Tanzania,Kilombero District,Morogoro,Ifakara,cup,220122.wav,IFA_36_29_1429.wav,Tanzania|Ifakara|cup|04-03-20 00:00,excluded,outside prespecified Female / fed=f / LT / Single cohort,anopheles_funestus_ss,raw/humbug_core/220122.wav,CANDIDATE_PENDING_COMPLETE_AUDIO_AUDIT
220121,7.68,IFA_36_29_1429.wav,44100,04-03-20 00:00,mosquito,an funestus ss,Female,f,Single,,HBN,telinga,tascam,Tanzania,Kilombero District,Morogoro,Ifakara,cup,220121.wav,IFA_36_29_1429.wav,Tanzania|Ifakara|cup|04-03-20 00:00,excluded,outside prespecified Female / fed=f / LT / Single cohort,anopheles_funestus_ss,raw/humbug_core/220121.wav,CANDIDATE_PENDING_COMPLETE_AUDIO_AUDIT
220176,2.56,IFA_36_34_1434.wav,44100,04-03-20 00:00,mosquito,an arabiensis,Female,f,Single,,HBN,telinga,tascam,Tanzania,Kilombero District,Morogoro,Ifakara,cup,220176.wav,IFA_36_34_1434.wav,Tanzania|Ifakara|cup|04-03-20 00:00,excluded,outside prespecified Female / fed=f / LT / Single cohort,anopheles_arabiensis,raw/humbug_core/220176.wav,CANDIDATE_PENDING_COMPLETE_AUDIO_AUDIT
220177,35.84,IFA_36_34_1434.wav,44100,04-03-20 00:00,mosquito,an arabiensis,Female,f,Single,,HBN,telinga,tascam,Tanzania,Kilombero District,Morogoro,Ifakara,cup,220177.wav,IFA_36_34_1434.wav,Tanzania|Ifakara|cup|04-03-20 00:00,excluded,outside prespecified Female / fed=f / LT / Single cohort,anopheles_arabiensis,raw/humbug_core/220177.wav,CANDIDATE_PENDING_COMPLETE_AUDIO_AUDIT
220144,17.92,IFA_36_35_1435.wav,44100,04-03-20 00:00,mosquito,an arabiensis,Female,f,Single,,HBN,telinga,tascam,Tanzania,Kilombero District,Morogoro,Ifakara,cup,220144.wav,IFA_36_35_1435.wav,Tanzania|Ifakara|cup|04-03-20 00:00,excluded,outside prespecified Female / fed=f / LT / Single cohort,anopheles_arabiensis,raw/humbug_core/220144.wav,CANDIDATE_PENDING_COMPLETE_AUDIO_AUDIT
220183,15.36,IFA_36_37_1437.wav,44100,04-03-20 00:00,mosquito,an funestus ss,Female,f,Single,,HBN,telinga,tascam,Tanzania,Kilombero District,Morogoro,Ifakara,cup,220183.wav,IFA_36_37_1437.wav,Tanzania|Ifakara|cup|04-03-20 00:00,excluded,outside prespecified Female / fed=f / LT / Single cohort,anopheles_funestus_ss,raw/humbug_core/220183.wav,CANDIDATE_PENDING_COMPLETE_AUDIO_AUDIT
220184,12.8,IFA_36_37_1437.wav,44100,04-03-20 00:00,mosquito,an funestus ss,Female,f,Single,,HBN,telinga,tascam,Tanzania,Kilombero District,Morogoro,Ifakara,cup,220184.wav,IFA_36_37_1437.wav,Tanzania|Ifakara|cup|04-03-20 00:00,excluded,outside prespecified Female / fed=f / LT / Single cohort,anopheles_funestus_ss,raw/humbug_core/220184.wav,CANDIDATE_PENDING_COMPLETE_AUDIO_AUDIT
220166,2.56,IFA_37_10_1450.wav,44100,04-03-20 00:00,mosquito,an funestus ss,Female,f,Single,,HBN,telinga,tascam,Tanzania,Kilombero District,Morogoro,Ifakara,cup,220166.wav,IFA_37_10_1450.wav,Tanzania|Ifakara|cup|04-03-20 00:00,excluded,outside prespecified Female / fed=f / LT / Single cohort,anopheles_funestus_ss,raw/humbug_core/220166.wav,CANDIDATE_PENDING_COMPLETE_AUDIO_AUDIT
220165,17.92,IFA_37_10_1450.wav,44100,04-03-20 00:00,mosquito,an funestus ss,Female,f,Single,,HBN,telinga,tascam,Tanzania,Kilombero District,Morogoro,Ifakara,cup,220165.wav,IFA_37_10_1450.wav,Tanzania|Ifakara|cup|04-03-20 00:00,excluded,outside prespecified Female / fed=f / LT / Single cohort,anopheles_funestus_ss,raw/humbug_core/220165.wav,CANDIDATE_PENDING_COMPLETE_AUDIO_AUDIT
220167,12.74,IFA_37_10_1450.wav,44100,04-03-20 00:00,mosquito,an funestus ss,Female,f,Single,,HBN,telinga,tascam,Tanzania,Kilombero District,Morogoro,Ifakara,cup,220167.wav,IFA_37_10_1450.wav,Tanzania|Ifakara|cup|04-03-20 00:00,excluded,outside prespecified Female / fed=f / LT / Single cohort,anopheles_funestus_ss,raw/humbug_core/220167.wav,CANDIDATE_PENDING_COMPLETE_AUDIO_AUDIT
220124,38.34,IFA_37_11_1451.wav,44100,04-03-20 00:00,mosquito,an funestus ss,Female,f,Single,,HBN,telinga,tascam,Tanzania,Kilombero District,Morogoro,Ifakara,cup,220124.wav,IFA_37_11_1451.wav,Tanzania|Ifakara|cup|04-03-20 00:00,excluded,outside prespecified Female / fed=f / LT / Single cohort,anopheles_funestus_ss,raw/humbug_core/220124.wav,CANDIDATE_PENDING_COMPLETE_AUDIO_AUDIT
220145,15.36,IFA_37_12_1452.wav,44100,04-03-20 00:00,mosquito,an arabiensis,Female,f,Single,,HBN,telinga,tascam,Tanzania,Kilombero District,Morogoro,Ifakara,cup,220145.wav,IFA_37_12_1452.wav,Tanzania|Ifakara|cup|04-03-20 00:00,excluded,outside prespecified Female / fed=f / LT / Single cohort,anopheles_arabiensis,raw/humbug_core/220145.wav,CANDIDATE_PENDING_COMPLETE_AUDIO_AUDIT
220146,15.36,IFA_37_12_1452.wav,44100,04-03-20 00:00,mosquito,an arabiensis,Female,f,Single,,HBN,telinga,tascam,Tanzania,Kilombero District,Morogoro,Ifakara,cup,220146.wav,IFA_37_12_1452.wav,Tanzania|Ifakara|cup|04-03-20 00:00,excluded,outside prespecified Female / fed=f / LT / Single cohort,anopheles_arabiensis,raw/humbug_core/220146.wav,CANDIDATE_PENDING_COMPLETE_AUDIO_AUDIT
220129,15.36,IFA_37_13_1453.wav,44100,04-03-20 00:00,mosquito,an arabiensis,Female,f,Single,,HBN,telinga,tascam,Tanzania,Kilombero District,Morogoro,Ifakara,cup,220129.wav,IFA_37_13_1453.wav,Tanzania|Ifakara|cup|04-03-20 00:00,excluded,outside prespecified Female / fed=f / LT / Single cohort,anopheles_arabiensis,raw/humbug_core/220129.wav,CANDIDATE_PENDING_COMPLETE_AUDIO_AUDIT
220128,5.12,IFA_37_13_1453.wav,44100,04-03-20 00:00,mosquito,an arabiensis,Female,f,Single,,HBN,telinga,tascam,Tanzania,Kilombero District,Morogoro,Ifakara,cup,220128.wav,IFA_37_13_1453.wav,Tanzania|Ifakara|cup|04-03-20 00:00,excluded,outside prespecified Female / fed=f / LT / Single cohort,anopheles_arabiensis,raw/humbug_core/220128.wav,CANDIDATE_PENDING_COMPLETE_AUDIO_AUDIT
220182,33.22,IFA_37_15_1455.wav,44100,04-03-20 00:00,mosquito,an arabiensis,Female,f,Single,,HBN,telinga,tascam,Tanzania,Kilombero District,Morogoro,Ifakara,cup,220182.wav,IFA_37_15_1455.wav,Tanzania|Ifakara|cup|04-03-20 00:00,excluded,outside prespecified Female / fed=f / LT / Single cohort,anopheles_arabiensis,raw/humbug_core/220182.wav,CANDIDATE_PENDING_COMPLETE_AUDIO_AUDIT
220199,25.54,IFA_37_16_1456.wav,44100,04-03-20 00:00,mosquito,an arabiensis,Female,f,Single,,HBN,telinga,tascam,Tanzania,Kilombero District,Morogoro,Ifakara,cup,220199.wav,IFA_37_16_1456.wav,Tanzania|Ifakara|cup|04-03-20 00:00,excluded,outside prespecified Female / fed=f / LT / Single cohort,anopheles_arabiensis,raw/humbug_core/220199.wav,CANDIDATE_PENDING_COMPLETE_AUDIO_AUDIT
220173,5.06,IFA_37_17_1457.wav,44100,04-03-20 00:00,mosquito,an arabiensis,Female,f,Single,,HBN,telinga,tascam,Tanzania,Kilombero District,Morogoro,Ifakara,cup,220173.wav,IFA_37_17_1457.wav,Tanzania|Ifakara|cup|04-03-20 00:00,excluded,outside prespecified Female / fed=f / LT / Single cohort,anopheles_arabiensis,raw/humbug_core/220173.wav,CANDIDATE_PENDING_COMPLETE_AUDIO_AUDIT
220172,23.04,IFA_37_17_1457.wav,44100,04-03-20 00:00,mosquito,an arabiensis,Female,f,Single,,HBN,telinga,tascam,Tanzania,Kilombero District,Morogoro,Ifakara,cup,220172.wav,IFA_37_17_1457.wav,Tanzania|Ifakara|cup|04-03-20 00:00,excluded,outside prespecified Female / fed=f / LT / Single cohort,anopheles_arabiensis,raw/humbug_core/220172.wav,CANDIDATE_PENDING_COMPLETE_AUDIO_AUDIT
220123,10.24,IFA_37_24_1464.wav,44100,04-03-20 00:00,mosquito,an arabiensis,Female,f,Single,,HBN,telinga,tascam,Tanzania,Kilombero District,Morogoro,Ifakara,cup,220123.wav,IFA_37_24_1464.wav,Tanzania|Ifakara|cup|04-03-20 00:00,excluded,outside prespecified Female / fed=f / LT / Single cohort,anopheles_arabiensis,raw/humbug_core/220123.wav,CANDIDATE_PENDING_COMPLETE_AUDIO_AUDIT
220141,2.56,IFA_37_25_1465.wav,44100,04-03-20 00:00,mosquito,an arabiensis,Female,f,Single,,HBN,telinga,tascam,Tanzania,Kilombero District,Morogoro,Ifakara,cup,220141.wav,IFA_37_25_1465.wav,Tanzania|Ifakara|cup|04-03-20 00:00,excluded,outside prespecified Female / fed=f / LT / Single cohort,anopheles_arabiensis,raw/humbug_core/220141.wav,CANDIDATE_PENDING_COMPLETE_AUDIO_AUDIT
220152,5.12,IFA_37_26_1466.wav,44100,04-03-20 00:00,mosquito,an arabiensis,Female,f,Single,,HBN,telinga,tascam,Tanzania,Kilombero District,Morogoro,Ifakara,cup,220152.wav,IFA_37_26_1466.wav,Tanzania|Ifakara|cup|04-03-20 00:00,excluded,outside prespecified Female / fed=f / LT / Single cohort,anopheles_arabiensis,raw/humbug_core/220152.wav,CANDIDATE_PENDING_COMPLETE_AUDIO_AUDIT
220153,15.36,IFA_37_26_1466.wav,44100,04-03-20 00:00,mosquito,an arabiensis,Female,f,Single,,HBN,telinga,tascam,Tanzania,Kilombero District,Morogoro,Ifakara,cup,220153.wav,IFA_37_26_1466.wav,Tanzania|Ifakara|cup|04-03-20 00:00,excluded,outside prespecified Female / fed=f / LT / Single cohort,anopheles_arabiensis,raw/humbug_core/220153.wav,CANDIDATE_PENDING_COMPLETE_AUDIO_AUDIT
220154,5.12,IFA_37_26_1466.wav,44100,04-03-20 00:00,mosquito,an arabiensis,Female,f,Single,,HBN,telinga,tascam,Tanzania,Kilombero District,Morogoro,Ifakara,cup,220154.wav,IFA_37_26_1466.wav,Tanzania|Ifakara|cup|04-03-20 00:00,excluded,outside prespecified Female / fed=f / LT / Single cohort,anopheles_arabiensis,raw/humbug_core/220154.wav,CANDIDATE_PENDING_COMPLETE_AUDIO_AUDIT
220156,35.78,IFA_37_27_1467.wav,44100,04-03-20 00:00,mosquito,an arabiensis,Female,f,Single,,HBN,telinga,tascam,Tanzania,Kilombero District,Morogoro,Ifakara,cup,220156.wav,IFA_37_27_1467.wav,Tanzania|Ifakara|cup|04-03-20 00:00,excluded,outside prespecified Female / fed=f / LT / Single cohort,anopheles_arabiensis,raw/humbug_core/220156.wav,CANDIDATE_PENDING_COMPLETE_AUDIO_AUDIT
220130,17.92,IFA_37_29_1469.wav,44100,04-03-20 00:00,mosquito,an arabiensis,Female,f,Single,,HBN,telinga,tascam,Tanzania,Kilombero District,Morogoro,Ifakara,cup,220130.wav,IFA_37_29_1469.wav,Tanzania|Ifakara|cup|04-03-20 00:00,excluded,outside prespecified Female / fed=f / LT / Single cohort,anopheles_arabiensis,raw/humbug_core/220130.wav,CANDIDATE_PENDING_COMPLETE_AUDIO_AUDIT
220131,30.72,IFA_37_29_1469.wav,44100,04-03-20 00:00,mosquito,an arabiensis,Female,f,Single,,HBN,telinga,tascam,Tanzania,Kilombero District,Morogoro,Ifakara,cup,220131.wav,IFA_37_29_1469.wav,Tanzania|Ifakara|cup|04-03-20 00:00,excluded,outside prespecified Female / fed=f / LT / Single cohort,anopheles_arabiensis,raw/humbug_core/220131.wav,CANDIDATE_PENDING_COMPLETE_AUDIO_AUDIT
220194,10.24,IFA_37_30_1470.wav,44100,04-03-20 00:00,mosquito,an arabiensis,Female,f,Single,,HBN,telinga,tascam,Tanzania,Kilombero District,Morogoro,Ifakara,cup,220194.wav,IFA_37_30_1470.wav,Tanzania|Ifakara|cup|04-03-20 00:00,excluded,outside prespecified Female / fed=f / LT / Single cohort,anopheles_arabiensis,raw/humbug_core/220194.wav,CANDIDATE_PENDING_COMPLETE_AUDIO_AUDIT
220195,5.12,IFA_37_30_1470.wav,44100,04-03-20 00:00,mosquito,an arabiensis,Female,f,Single,,HBN,telinga,tascam,Tanzania,Kilombero District,Morogoro,Ifakara,cup,220195.wav,IFA_37_30_1470.wav,Tanzania|Ifakara|cup|04-03-20 00:00,excluded,outside prespecified Female / fed=f / LT / Single cohort,anopheles_arabiensis,raw/humbug_core/220195.wav,CANDIDATE_PENDING_COMPLETE_AUDIO_AUDIT
220132,28.1,IFA_37_34_1474.wav,44100,04-03-20 00:00,mosquito,an arabiensis,Female,f,Single,,HBN,telinga,tascam,Tanzania,Kilombero District,Morogoro,Ifakara,cup,220132.wav,IFA_37_34_1474.wav,Tanzania|Ifakara|cup|04-03-20 00:00,excluded,outside prespecified Female / fed=f / LT / Single cohort,anopheles_arabiensis,raw/humbug_core/220132.wav,CANDIDATE_PENDING_COMPLETE_AUDIO_AUDIT
220203,5.12,IFA_38_10_1490.wav,44100,07-03-20 00:00,mosquito,an arabiensis,Female,f,Single,,HBN,telinga,tascam,Tanzania,Kilombero District,Morogoro,Ifakara,cup,220203.wav,IFA_38_10_1490.wav,Tanzania|Ifakara|cup|07-03-20 00:00,excluded,outside prespecified Female / fed=f / LT / Single cohort,anopheles_arabiensis,raw/humbug_core/220203.wav,CANDIDATE_PENDING_COMPLETE_AUDIO_AUDIT
220220,7.68,IFA_38_13_1493.wav,44100,07-03-20 00:00,mosquito,an arabiensis,Female,f,Single,,HBN,telinga,tascam,Tanzania,Kilombero District,Morogoro,Ifakara,cup,220220.wav,IFA_38_13_1493.wav,Tanzania|Ifakara|cup|07-03-20 00:00,excluded,outside prespecified Female / fed=f / LT / Single cohort,anopheles_arabiensis,raw/humbug_core/220220.wav,CANDIDATE_PENDING_COMPLETE_AUDIO_AUDIT
220221,25.6,IFA_38_13_1493.wav,44100,07-03-20 00:00,mosquito,an arabiensis,Female,f,Single,,HBN,telinga,tascam,Tanzania,Kilombero District,Morogoro,Ifakara,cup,220221.wav,IFA_38_13_1493.wav,Tanzania|Ifakara|cup|07-03-20 00:00,excluded,outside prespecified Female / fed=f / LT / Single cohort,anopheles_arabiensis,raw/humbug_core/220221.wav,CANDIDATE_PENDING_COMPLETE_AUDIO_AUDIT
220222,2.56,IFA_38_13_1493.wav,44100,07-03-20 00:00,mosquito,an arabiensis,Female,f,Single,,HBN,telinga,tascam,Tanzania,Kilombero District,Morogoro,Ifakara,cup,220222.wav,IFA_38_13_1493.wav,Tanzania|Ifakara|cup|07-03-20 00:00,excluded,outside prespecified Female / fed=f / LT / Single cohort,anopheles_arabiensis,raw/humbug_core/220222.wav,CANDIDATE_PENDING_COMPLETE_AUDIO_AUDIT
220213,2.56,IFA_38_14_1494.wav,44100,07-03-20 00:00,mosquito,an arabiensis,Female,f,Single,,HBN,telinga,tascam,Tanzania,Kilombero District,Morogoro,Ifakara,cup,220213.wav,IFA_38_14_1494.wav,Tanzania|Ifakara|cup|07-03-20 00:00,excluded,outside prespecified Female / fed=f / LT / Single cohort,anopheles_arabiensis,raw/humbug_core/220213.wav,CANDIDATE_PENDING_COMPLETE_AUDIO_AUDIT
220212,2.56,IFA_38_14_1494.wav,44100,07-03-20 00:00,mosquito,an arabiensis,Female,f,Single,,HBN,telinga,tascam,Tanzania,Kilombero District,Morogoro,Ifakara,cup,220212.wav,IFA_38_14_1494.wav,Tanzania|Ifakara|cup|07-03-20 00:00,excluded,outside prespecified Female / fed=f / LT / Single cohort,anopheles_arabiensis,raw/humbug_core/220212.wav,CANDIDATE_PENDING_COMPLETE_AUDIO_AUDIT
220210,7.68,IFA_38_15_1495.wav,44100,07-03-20 00:00,mosquito,an arabiensis,Female,f,Single,,HBN,telinga,tascam,Tanzania,Kilombero District,Morogoro,Ifakara,cup,220210.wav,IFA_38_15_1495.wav,Tanzania|Ifakara|cup|07-03-20 00:00,excluded,outside prespecified Female / fed=f / LT / Single cohort,anopheles_arabiensis,raw/humbug_core/220210.wav,CANDIDATE_PENDING_COMPLETE_AUDIO_AUDIT
220224,2.56,IFA_38_18_1498.wav,44100,07-03-20 00:00,mosquito,an funestus ss,Female,f,Single,,HBN,telinga,tascam,Tanzania,Kilombero District,Morogoro,Ifakara,cup,220224.wav,IFA_38_18_1498.wav,Tanzania|Ifakara|cup|07-03-20 00:00,excluded,outside prespecified Female / fed=f / LT / Single cohort,anopheles_funestus_ss,raw/humbug_core/220224.wav,CANDIDATE_PENDING_COMPLETE_AUDIO_AUDIT
220214,5.12,IFA_38_19_1499.wav,44100,07-03-20 00:00,mosquito,an arabiensis,Female,f,Single,,HBN,telinga,tascam,Tanzania,Kilombero District,Morogoro,Ifakara,cup,220214.wav,IFA_38_19_1499.wav,Tanzania|Ifakara|cup|07-03-20 00:00,excluded,outside prespecified Female / fed=f / LT / Single cohort,anopheles_arabiensis,raw/humbug_core/220214.wav,CANDIDATE_PENDING_COMPLETE_AUDIO_AUDIT
220215,2.56,IFA_38_19_1499.wav,44100,07-03-20 00:00,mosquito,an arabiensis,Female,f,Single,,HBN,telinga,tascam,Tanzania,Kilombero District,Morogoro,Ifakara,cup,220215.wav,IFA_38_19_1499.wav,Tanzania|Ifakara|cup|07-03-20 00:00,excluded,outside prespecified Female / fed=f / LT / Single cohort,anopheles_arabiensis,raw/humbug_core/220215.wav,CANDIDATE_PENDING_COMPLETE_AUDIO_AUDIT
220223,5.12,IFA_38_21_1501.wav,44100,07-03-20 00:00,mosquito,an arabiensis,Female,f,Single,,HBN,telinga,tascam,Tanzania,Kilombero District,Morogoro,Ifakara,cup,220223.wav,IFA_38_21_1501.wav,Tanzania|Ifakara|cup|07-03-20 00:00,excluded,outside prespecified Female / fed=f / LT / Single cohort,anopheles_arabiensis,raw/humbug_core/220223.wav,CANDIDATE_PENDING_COMPLETE_AUDIO_AUDIT
220225,5.12,IFA_38_23_1503.wav,44100,07-03-20 00:00,mosquito,an arabiensis,Female,f,Single,,HBN,telinga,tascam,Tanzania,Kilombero District,Morogoro,Ifakara,cup,220225.wav,IFA_38_23_1503.wav,Tanzania|Ifakara|cup|07-03-20 00:00,excluded,outside prespecified Female / fed=f / LT / Single cohort,anopheles_arabiensis,raw/humbug_core/220225.wav,CANDIDATE_PENDING_COMPLETE_AUDIO_AUDIT
220211,12.8,IFA_38_25_1505.wav,44100,07-03-20 00:00,mosquito,an arabiensis,Female,f,Single,,HBN,telinga,tascam,Tanzania,Kilombero District,Morogoro,Ifakara,cup,220211.wav,IFA_38_25_1505.wav,Tanzania|Ifakara|cup|07-03-20 00:00,excluded,outside prespecified Female / fed=f / LT / Single cohort,anopheles_arabiensis,raw/humbug_core/220211.wav,CANDIDATE_PENDING_COMPLETE_AUDIO_AUDIT
220206,7.68,IFA_38_30_1510.wav,44100,07-03-20 00:00,mosquito,an arabiensis,Female,f,Single,,HBN,telinga,tascam,Tanzania,Kilombero District,Morogoro,Ifakara,cup,220206.wav,IFA_38_30_1510.wav,Tanzania|Ifakara|cup|07-03-20 00:00,excluded,outside prespecified Female / fed=f / LT / Single cohort,anopheles_arabiensis,raw/humbug_core/220206.wav,CANDIDATE_PENDING_COMPLETE_AUDIO_AUDIT
220207,20.48,IFA_38_30_1510.wav,44100,07-03-20 00:00,mosquito,an arabiensis,Female,f,Single,,HBN,telinga,tascam,Tanzania,Kilombero District,Morogoro,Ifakara,cup,220207.wav,IFA_38_30_1510.wav,Tanzania|Ifakara|cup|07-03-20 00:00,excluded,outside prespecified Female / fed=f / LT / Single cohort,anopheles_arabiensis,raw/humbug_core/220207.wav,CANDIDATE_PENDING_COMPLETE_AUDIO_AUDIT
220202,7.62,IFA_38_31_1511.wav,44100,07-03-20 00:00,mosquito,an arabiensis,Female,f,Single,,HBN,telinga,tascam,Tanzania,Kilombero District,Morogoro,Ifakara,cup,220202.wav,IFA_38_31_1511.wav,Tanzania|Ifakara|cup|07-03-20 00:00,excluded,outside prespecified Female / fed=f / LT / Single cohort,anopheles_arabiensis,raw/humbug_core/220202.wav,CANDIDATE_PENDING_COMPLETE_AUDIO_AUDIT
220201,25.6,IFA_38_31_1511.wav,44100,07-03-20 00:00,mosquito,an arabiensis,Female,f,Single,,HBN,telinga,tascam,Tanzania,Kilombero District,Morogoro,Ifakara,cup,220201.wav,IFA_38_31_1511.wav,Tanzania|Ifakara|cup|07-03-20 00:00,excluded,outside prespecified Female / fed=f / LT / Single cohort,anopheles_arabiensis,raw/humbug_core/220201.wav,CANDIDATE_PENDING_COMPLETE_AUDIO_AUDIT
220238,5.12,IFA_38_36_1516.wav,44100,11-03-20 00:00,mosquito,an arabiensis,Female,f,Single,,HBN,telinga,tascam,Tanzania,Kilombero District,Morogoro,Ifakara,cup,220238.wav,IFA_38_36_1516.wav,Tanzania|Ifakara|cup|11-03-20 00:00,excluded,outside prespecified Female / fed=f / LT / Single cohort,anopheles_arabiensis,raw/humbug_core/220238.wav,CANDIDATE_PENDING_COMPLETE_AUDIO_AUDIT
220237,2.56,IFA_38_36_1516.wav,44100,11-03-20 00:00,mosquito,an arabiensis,Female,f,Single,,HBN,telinga,tascam,Tanzania,Kilombero District,Morogoro,Ifakara,cup,220237.wav,IFA_38_36_1516.wav,Tanzania|Ifakara|cup|11-03-20 00:00,excluded,outside prespecified Female / fed=f / LT / Single cohort,anopheles_arabiensis,raw/humbug_core/220237.wav,CANDIDATE_PENDING_COMPLETE_AUDIO_AUDIT
220236,17.92,IFA_38_36_1516.wav,44100,11-03-20 00:00,mosquito,an arabiensis,Female,f,Single,,HBN,telinga,tascam,Tanzania,Kilombero District,Morogoro,Ifakara,cup,220236.wav,IFA_38_36_1516.wav,Tanzania|Ifakara|cup|11-03-20 00:00,excluded,outside prespecified Female / fed=f / LT / Single cohort,anopheles_arabiensis,raw/humbug_core/220236.wav,CANDIDATE_PENDING_COMPLETE_AUDIO_AUDIT
220265,33.22,IFA_38_37_1517.wav,44100,11-03-20 00:00,mosquito,an arabiensis,Female,f,Single,,HBN,telinga,tascam,Tanzania,Kilombero District,Morogoro,Ifakara,cup,220265.wav,IFA_38_37_1517.wav,Tanzania|Ifakara|cup|11-03-20 00:00,excluded,outside prespecified Female / fed=f / LT / Single cohort,anopheles_arabiensis,raw/humbug_core/220265.wav,CANDIDATE_PENDING_COMPLETE_AUDIO_AUDIT
220248,7.68,IFA_38_38_1518.wav,44100,11-03-20 00:00,mosquito,an arabiensis,Female,f,Single,,HBN,telinga,tascam,Tanzania,Kilombero District,Morogoro,Ifakara,cup,220248.wav,IFA_38_38_1518.wav,Tanzania|Ifakara|cup|11-03-20 00:00,excluded,outside prespecified Female / fed=f / LT / Single cohort,anopheles_arabiensis,raw/humbug_core/220248.wav,CANDIDATE_PENDING_COMPLETE_AUDIO_AUDIT
220249,2.56,IFA_38_38_1518.wav,44100,11-03-20 00:00,mosquito,an arabiensis,Female,f,Single,,HBN,telinga,tascam,Tanzania,Kilombero District,Morogoro,Ifakara,cup,220249.wav,IFA_38_38_1518.wav,Tanzania|Ifakara|cup|11-03-20 00:00,excluded,outside prespecified Female / fed=f / LT / Single cohort,anopheles_arabiensis,raw/humbug_core/220249.wav,CANDIDATE_PENDING_COMPLETE_AUDIO_AUDIT
220251,2.5,IFA_38_38_1518.wav,44100,11-03-20 00:00,mosquito,an arabiensis,Female,f,Single,,HBN,telinga,tascam,Tanzania,Kilombero District,Morogoro,Ifakara,cup,220251.wav,IFA_38_38_1518.wav,Tanzania|Ifakara|cup|11-03-20 00:00,excluded,outside prespecified Female / fed=f / LT / Single cohort,anopheles_arabiensis,raw/humbug_core/220251.wav,CANDIDATE_PENDING_COMPLETE_AUDIO_AUDIT
220250,28.16,IFA_38_38_1518.wav,44100,11-03-20 00:00,mosquito,an arabiensis,Female,f,Single,,HBN,telinga,tascam,Tanzania,Kilombero District,Morogoro,Ifakara,cup,220250.wav,IFA_38_38_1518.wav,Tanzania|Ifakara|cup|11-03-20 00:00,excluded,outside prespecified Female / fed=f / LT / Single cohort,anopheles_arabiensis,raw/humbug_core/220250.wav,CANDIDATE_PENDING_COMPLETE_AUDIO_AUDIT
220231,35.78,IFA_38_39_1519.wav,44100,11-03-20 00:00,mosquito,an arabiensis,Female,f,Single,,HBN,telinga,tascam,Tanzania,Kilombero District,Morogoro,Ifakara,cup,220231.wav,IFA_38_39_1519.wav,Tanzania|Ifakara|cup|11-03-20 00:00,excluded,outside prespecified Female / fed=f / LT / Single cohort,anopheles_arabiensis,raw/humbug_core/220231.wav,CANDIDATE_PENDING_COMPLETE_AUDIO_AUDIT
220259,30.66,IFA_38_40_1520.wav,44100,11-03-20 00:00,mosquito,an arabiensis,Female,f,Single,,HBN,telinga,tascam,Tanzania,Kilombero District,Morogoro,Ifakara,cup,220259.wav,IFA_38_40_1520.wav,Tanzania|Ifakara|cup|11-03-20 00:00,excluded,outside prespecified Female / fed=f / LT / Single cohort,anopheles_arabiensis,raw/humbug_core/220259.wav,CANDIDATE_PENDING_COMPLETE_AUDIO_AUDIT
220258,5.12,IFA_38_40_1520.wav,44100,11-03-20 00:00,mosquito,an arabiensis,Female,f,Single,,HBN,telinga,tascam,Tanzania,Kilombero District,Morogoro,Ifakara,cup,220258.wav,IFA_38_40_1520.wav,Tanzania|Ifakara|cup|11-03-20 00:00,excluded,outside prespecified Female / fed=f / LT / Single cohort,anopheles_arabiensis,raw/humbug_core/220258.wav,CANDIDATE_PENDING_COMPLETE_AUDIO_AUDIT
220257,33.28,IFA_39_10_1530.wav,44100,11-03-20 00:00,mosquito,an arabiensis,Female,f,Single,,HBN,telinga,tascam,Tanzania,Kilombero District,Morogoro,Ifakara,cup,220257.wav,IFA_39_10_1530.wav,Tanzania|Ifakara|cup|11-03-20 00:00,excluded,outside prespecified Female / fed=f / LT / Single cohort,anopheles_arabiensis,raw/humbug_core/220257.wav,CANDIDATE_PENDING_COMPLETE_AUDIO_AUDIT
220232,22.98,IFA_39_11_1531.wav,44100,11-03-20 00:00,mosquito,an funestus ss,Female,f,Single,,HBN,telinga,tascam,Tanzania,Kilombero District,Morogoro,Ifakara,cup,220232.wav,IFA_39_11_1531.wav,Tanzania|Ifakara|cup|11-03-20 00:00,excluded,outside prespecified Female / fed=f / LT / Single cohort,anopheles_funestus_ss,raw/humbug_core/220232.wav,CANDIDATE_PENDING_COMPLETE_AUDIO_AUDIT
220262,2.56,IFA_39_12_1532.wav,44100,11-03-20 00:00,mosquito,an arabiensis,Female,f,Single,,HBN,telinga,tascam,Tanzania,Kilombero District,Morogoro,Ifakara,cup,220262.wav,IFA_39_12_1532.wav,Tanzania|Ifakara|cup|11-03-20 00:00,excluded,outside prespecified Female / fed=f / LT / Single cohort,anopheles_arabiensis,raw/humbug_core/220262.wav,CANDIDATE_PENDING_COMPLETE_AUDIO_AUDIT
220264,5.12,IFA_39_12_1532.wav,44100,11-03-20 00:00,mosquito,an arabiensis,Female,f,Single,,HBN,telinga,tascam,Tanzania,Kilombero District,Morogoro,Ifakara,cup,220264.wav,IFA_39_12_1532.wav,Tanzania|Ifakara|cup|11-03-20 00:00,excluded,outside prespecified Female / fed=f / LT / Single cohort,anopheles_arabiensis,raw/humbug_core/220264.wav,CANDIDATE_PENDING_COMPLETE_AUDIO_AUDIT
220263,7.68,IFA_39_12_1532.wav,44100,11-03-20 00:00,mosquito,an arabiensis,Female,f,Single,,HBN,telinga,tascam,Tanzania,Kilombero District,Morogoro,Ifakara,cup,220263.wav,IFA_39_12_1532.wav,Tanzania|Ifakara|cup|11-03-20 00:00,excluded,outside prespecified Female / fed=f / LT / Single cohort,anopheles_arabiensis,raw/humbug_core/220263.wav,CANDIDATE_PENDING_COMPLETE_AUDIO_AUDIT
220275,33.28,IFA_39_13_1533.wav,44100,11-03-20 00:00,mosquito,an arabiensis,Female,f,Single,,HBN,telinga,tascam,Tanzania,Kilombero District,Morogoro,Ifakara,cup,220275.wav,IFA_39_13_1533.wav,Tanzania|Ifakara|cup|11-03-20 00:00,excluded,outside prespecified Female / fed=f / LT / Single cohort,anopheles_arabiensis,raw/humbug_core/220275.wav,CANDIDATE_PENDING_COMPLETE_AUDIO_AUDIT
220269,23.04,IFA_39_14_1534.wav,44100,11-03-20 00:00,mosquito,an arabiensis,Female,f,Single,,HBN,telinga,tascam,Tanzania,Kilombero District,Morogoro,Ifakara,cup,220269.wav,IFA_39_14_1534.wav,Tanzania|Ifakara|cup|11-03-20 00:00,excluded,outside prespecified Female / fed=f / LT / Single cohort,anopheles_arabiensis,raw/humbug_core/220269.wav,CANDIDATE_PENDING_COMPLETE_AUDIO_AUDIT
220256,5.06,IFA_39_15_1535.wav,44100,11-03-20 00:00,mosquito,an funestus ss,Female,f,Single,,HBN,telinga,tascam,Tanzania,Kilombero District,Morogoro,Ifakara,cup,220256.wav,IFA_39_15_1535.wav,Tanzania|Ifakara|cup|11-03-20 00:00,excluded,outside prespecified Female / fed=f / LT / Single cohort,anopheles_funestus_ss,raw/humbug_core/220256.wav,CANDIDATE_PENDING_COMPLETE_AUDIO_AUDIT
220255,10.24,IFA_39_15_1535.wav,44100,11-03-20 00:00,mosquito,an funestus ss,Female,f,Single,,HBN,telinga,tascam,Tanzania,Kilombero District,Morogoro,Ifakara,cup,220255.wav,IFA_39_15_1535.wav,Tanzania|Ifakara|cup|11-03-20 00:00,excluded,outside prespecified Female / fed=f / LT / Single cohort,anopheles_funestus_ss,raw/humbug_core/220255.wav,CANDIDATE_PENDING_COMPLETE_AUDIO_AUDIT
220254,5.12,IFA_39_15_1535.wav,44100,11-03-20 00:00,mosquito,an funestus ss,Female,f,Single,,HBN,telinga,tascam,Tanzania,Kilombero District,Morogoro,Ifakara,cup,220254.wav,IFA_39_15_1535.wav,Tanzania|Ifakara|cup|11-03-20 00:00,excluded,outside prespecified Female / fed=f / LT / Single cohort,anopheles_funestus_ss,raw/humbug_core/220254.wav,CANDIDATE_PENDING_COMPLETE_AUDIO_AUDIT
220253,5.12,IFA_39_15_1535.wav,44100,11-03-20 00:00,mosquito,an funestus ss,Female,f,Single,,HBN,telinga,tascam,Tanzania,Kilombero District,Morogoro,Ifakara,cup,220253.wav,IFA_39_15_1535.wav,Tanzania|Ifakara|cup|11-03-20 00:00,excluded,outside prespecified Female / fed=f / LT / Single cohort,anopheles_funestus_ss,raw/humbug_core/220253.wav,CANDIDATE_PENDING_COMPLETE_AUDIO_AUDIT
220260,17.92,IFA_39_16_1536.wav,44100,11-03-20 00:00,mosquito,an arabiensis,Female,f,Single,,HBN,telinga,tascam,Tanzania,Kilombero District,Morogoro,Ifakara,cup,220260.wav,IFA_39_16_1536.wav,Tanzania|Ifakara|cup|11-03-20 00:00,excluded,outside prespecified Female / fed=f / LT / Single cohort,anopheles_arabiensis,raw/humbug_core/220260.wav,CANDIDATE_PENDING_COMPLETE_AUDIO_AUDIT
220272,2.56,IFA_39_17_1537.wav,44100,11-03-20 00:00,mosquito,an arabiensis,Female,f,Single,,HBN,telinga,tascam,Tanzania,Kilombero District,Morogoro,Ifakara,cup,220272.wav,IFA_39_17_1537.wav,Tanzania|Ifakara|cup|11-03-20 00:00,excluded,outside prespecified Female / fed=f / LT / Single cohort,anopheles_arabiensis,raw/humbug_core/220272.wav,CANDIDATE_PENDING_COMPLETE_AUDIO_AUDIT
220271,5.12,IFA_39_17_1537.wav,44100,11-03-20 00:00,mosquito,an arabiensis,Female,f,Single,,HBN,telinga,tascam,Tanzania,Kilombero District,Morogoro,Ifakara,cup,220271.wav,IFA_39_17_1537.wav,Tanzania|Ifakara|cup|11-03-20 00:00,excluded,outside prespecified Female / fed=f / LT / Single cohort,anopheles_arabiensis,raw/humbug_core/220271.wav,CANDIDATE_PENDING_COMPLETE_AUDIO_AUDIT
220273,12.74,IFA_39_17_1537.wav,44100,11-03-20 00:00,mosquito,an arabiensis,Female,f,Single,,HBN,telinga,tascam,Tanzania,Kilombero District,Morogoro,Ifakara,cup,220273.wav,IFA_39_17_1537.wav,Tanzania|Ifakara|cup|11-03-20 00:00,excluded,outside prespecified Female / fed=f / LT / Single cohort,anopheles_arabiensis,raw/humbug_core/220273.wav,CANDIDATE_PENDING_COMPLETE_AUDIO_AUDIT
220233,2.56,IFA_39_18_1538.wav,44100,11-03-20 00:00,mosquito,an arabiensis,Female,f,Single,,HBN,telinga,tascam,Tanzania,Kilombero District,Morogoro,Ifakara,cup,220233.wav,IFA_39_18_1538.wav,Tanzania|Ifakara|cup|11-03-20 00:00,excluded,outside prespecified Female / fed=f / LT / Single cohort,anopheles_arabiensis,raw/humbug_core/220233.wav,CANDIDATE_PENDING_COMPLETE_AUDIO_AUDIT
220234,20.48,IFA_39_18_1538.wav,44100,11-03-20 00:00,mosquito,an arabiensis,Female,f,Single,,HBN,telinga,tascam,Tanzania,Kilombero District,Morogoro,Ifakara,cup,220234.wav,IFA_39_18_1538.wav,Tanzania|Ifakara|cup|11-03-20 00:00,excluded,outside prespecified Female / fed=f / LT / Single cohort,anopheles_arabiensis,raw/humbug_core/220234.wav,CANDIDATE_PENDING_COMPLETE_AUDIO_AUDIT
220235,5.06,IFA_39_18_1538.wav,44100,11-03-20 00:00,mosquito,an arabiensis,Female,f,Single,,HBN,telinga,tascam,Tanzania,Kilombero District,Morogoro,Ifakara,cup,220235.wav,IFA_39_18_1538.wav,Tanzania|Ifakara|cup|11-03-20 00:00,excluded,outside prespecified Female / fed=f / LT / Single cohort,anopheles_arabiensis,raw/humbug_core/220235.wav,CANDIDATE_PENDING_COMPLETE_AUDIO_AUDIT
220274,2.56,IFA_39_19_1539.wav,44100,11-03-20 00:00,mosquito,an arabiensis,Female,f,Single,,HBN,telinga,tascam,Tanzania,Kilombero District,Morogoro,Ifakara,cup,220274.wav,IFA_39_19_1539.wav,Tanzania|Ifakara|cup|11-03-20 00:00,excluded,outside prespecified Female / fed=f / LT / Single cohort,anopheles_arabiensis,raw/humbug_core/220274.wav,CANDIDATE_PENDING_COMPLETE_AUDIO_AUDIT
220270,15.36,IFA_39_21_1541.wav,44100,11-03-20 00:00,mosquito,an arabiensis,Female,f,Single,,HBN,telinga,tascam,Tanzania,Kilombero District,Morogoro,Ifakara,cup,220270.wav,IFA_39_21_1541.wav,Tanzania|Ifakara|cup|11-03-20 00:00,excluded,outside prespecified Female / fed=f / LT / Single cohort,anopheles_arabiensis,raw/humbug_core/220270.wav,CANDIDATE_PENDING_COMPLETE_AUDIO_AUDIT
220240,5.12,IFA_39_22_1542.wav,44100,11-03-20 00:00,mosquito,an arabiensis,Female,f,Single,,HBN,telinga,tascam,Tanzania,Kilombero District,Morogoro,Ifakara,cup,220240.wav,IFA_39_22_1542.wav,Tanzania|Ifakara|cup|11-03-20 00:00,excluded,outside prespecified Female / fed=f / LT / Single cohort,anopheles_arabiensis,raw/humbug_core/220240.wav,CANDIDATE_PENDING_COMPLETE_AUDIO_AUDIT
220239,10.24,IFA_39_22_1542.wav,44100,11-03-20 00:00,mosquito,an arabiensis,Female,f,Single,,HBN,telinga,tascam,Tanzania,Kilombero District,Morogoro,Ifakara,cup,220239.wav,IFA_39_22_1542.wav,Tanzania|Ifakara|cup|11-03-20 00:00,excluded,outside prespecified Female / fed=f / LT / Single cohort,anopheles_arabiensis,raw/humbug_core/220239.wav,CANDIDATE_PENDING_COMPLETE_AUDIO_AUDIT
220246,2.5,IFA_39_24_1544.wav,44100,11-03-20 00:00,mosquito,an arabiensis,Female,f,Single,,HBN,telinga,tascam,Tanzania,Kilombero District,Morogoro,Ifakara,cup,220246.wav,IFA_39_24_1544.wav,Tanzania|Ifakara|cup|11-03-20 00:00,excluded,outside prespecified Female / fed=f / LT / Single cohort,anopheles_arabiensis,raw/humbug_core/220246.wav,CANDIDATE_PENDING_COMPLETE_AUDIO_AUDIT
220245,10.24,IFA_39_24_1544.wav,44100,11-03-20 00:00,mosquito,an arabiensis,Female,f,Single,,HBN,telinga,tascam,Tanzania,Kilombero District,Morogoro,Ifakara,cup,220245.wav,IFA_39_24_1544.wav,Tanzania|Ifakara|cup|11-03-20 00:00,excluded,outside prespecified Female / fed=f / LT / Single cohort,anopheles_arabiensis,raw/humbug_core/220245.wav,CANDIDATE_PENDING_COMPLETE_AUDIO_AUDIT
220244,5.12,IFA_39_24_1544.wav,44100,11-03-20 00:00,mosquito,an arabiensis,Female,f,Single,,HBN,telinga,tascam,Tanzania,Kilombero District,Morogoro,Ifakara,cup,220244.wav,IFA_39_24_1544.wav,Tanzania|Ifakara|cup|11-03-20 00:00,excluded,outside prespecified Female / fed=f / LT / Single cohort,anopheles_arabiensis,raw/humbug_core/220244.wav,CANDIDATE_PENDING_COMPLETE_AUDIO_AUDIT
220252,20.48,IFA_39_25_1545.wav,44100,11-03-20 00:00,mosquito,an arabiensis,Female,f,Single,,HBN,telinga,tascam,Tanzania,Kilombero District,Morogoro,Ifakara,cup,220252.wav,IFA_39_25_1545.wav,Tanzania|Ifakara|cup|11-03-20 00:00,excluded,outside prespecified Female / fed=f / LT / Single cohort,anopheles_arabiensis,raw/humbug_core/220252.wav,CANDIDATE_PENDING_COMPLETE_AUDIO_AUDIT
220242,2.56,IFA_39_26_1546.wav,44100,11-03-20 00:00,mosquito,an arabiensis,Female,f,Single,,HBN,telinga,tascam,Tanzania,Kilombero District,Morogoro,Ifakara,cup,220242.wav,IFA_39_26_1546.wav,Tanzania|Ifakara|cup|11-03-20 00:00,excluded,outside prespecified Female / fed=f / LT / Single cohort,anopheles_arabiensis,raw/humbug_core/220242.wav,CANDIDATE_PENDING_COMPLETE_AUDIO_AUDIT
220243,7.68,IFA_39_26_1546.wav,44100,11-03-20 00:00,mosquito,an arabiensis,Female,f,Single,,HBN,telinga,tascam,Tanzania,Kilombero District,Morogoro,Ifakara,cup,220243.wav,IFA_39_26_1546.wav,Tanzania|Ifakara|cup|11-03-20 00:00,excluded,outside prespecified Female / fed=f / LT / Single cohort,anopheles_arabiensis,raw/humbug_core/220243.wav,CANDIDATE_PENDING_COMPLETE_AUDIO_AUDIT
220241,7.68,IFA_39_26_1546.wav,44100,11-03-20 00:00,mosquito,an arabiensis,Female,f,Single,,HBN,telinga,tascam,Tanzania,Kilombero District,Morogoro,Ifakara,cup,220241.wav,IFA_39_26_1546.wav,Tanzania|Ifakara|cup|11-03-20 00:00,excluded,outside prespecified Female / fed=f / LT / Single cohort,anopheles_arabiensis,raw/humbug_core/220241.wav,CANDIDATE_PENDING_COMPLETE_AUDIO_AUDIT
220230,2.5,IFA_39_27_1547.wav,44100,11-03-20 00:00,mosquito,an arabiensis,Female,f,Single,,HBN,telinga,tascam,Tanzania,Kilombero District,Morogoro,Ifakara,cup,220230.wav,IFA_39_27_1547.wav,Tanzania|Ifakara|cup|11-03-20 00:00,excluded,outside prespecified Female / fed=f / LT / Single cohort,anopheles_arabiensis,raw/humbug_core/220230.wav,CANDIDATE_PENDING_COMPLETE_AUDIO_AUDIT
220229,5.12,IFA_39_27_1547.wav,44100,11-03-20 00:00,mosquito,an arabiensis,Female,f,Single,,HBN,telinga,tascam,Tanzania,Kilombero District,Morogoro,Ifakara,cup,220229.wav,IFA_39_27_1547.wav,Tanzania|Ifakara|cup|11-03-20 00:00,excluded,outside prespecified Female / fed=f / LT / Single cohort,anopheles_arabiensis,raw/humbug_core/220229.wav,CANDIDATE_PENDING_COMPLETE_AUDIO_AUDIT
220228,5.12,IFA_39_27_1547.wav,44100,11-03-20 00:00,mosquito,an arabiensis,Female,f,Single,,HBN,telinga,tascam,Tanzania,Kilombero District,Morogoro,Ifakara,cup,220228.wav,IFA_39_27_1547.wav,Tanzania|Ifakara|cup|11-03-20 00:00,excluded,outside prespecified Female / fed=f / LT / Single cohort,anopheles_arabiensis,raw/humbug_core/220228.wav,CANDIDATE_PENDING_COMPLETE_AUDIO_AUDIT
220289,7.68,IFA_39_28_1548.wav,44100,11-03-20 00:00,mosquito,an arabiensis,Female,f,Single,,HBN,telinga,tascam,Tanzania,Kilombero District,Morogoro,Ifakara,cup,220289.wav,IFA_39_28_1548.wav,Tanzania|Ifakara|cup|11-03-20 00:00,excluded,outside prespecified Female / fed=f / LT / Single cohort,anopheles_arabiensis,raw/humbug_core/220289.wav,CANDIDATE_PENDING_COMPLETE_AUDIO_AUDIT
220280,7.68,IFA_39_31_1551.wav,44100,11-03-20 00:00,mosquito,an arabiensis,Female,f,Single,,HBN,telinga,tascam,Tanzania,Kilombero District,Morogoro,Ifakara,cup,220280.wav,IFA_39_31_1551.wav,Tanzania|Ifakara|cup|11-03-20 00:00,excluded,outside prespecified Female / fed=f / LT / Single cohort,anopheles_arabiensis,raw/humbug_core/220280.wav,CANDIDATE_PENDING_COMPLETE_AUDIO_AUDIT
220290,15.36,IFA_39_32_1552.wav,44100,11-03-20 00:00,mosquito,an arabiensis,Female,f,Single,,HBN,telinga,tascam,Tanzania,Kilombero District,Morogoro,Ifakara,cup,220290.wav,IFA_39_32_1552.wav,Tanzania|Ifakara|cup|11-03-20 00:00,excluded,outside prespecified Female / fed=f / LT / Single cohort,anopheles_arabiensis,raw/humbug_core/220290.wav,CANDIDATE_PENDING_COMPLETE_AUDIO_AUDIT
220277,2.56,IFA_39_33_1553.wav,44100,11-03-20 00:00,mosquito,an arabiensis,Female,f,Single,,HBN,telinga,tascam,Tanzania,Kilombero District,Morogoro,Ifakara,cup,220277.wav,IFA_39_33_1553.wav,Tanzania|Ifakara|cup|11-03-20 00:00,excluded,outside prespecified Female / fed=f / LT / Single cohort,anopheles_arabiensis,raw/humbug_core/220277.wav,CANDIDATE_PENDING_COMPLETE_AUDIO_AUDIT
220276,2.56,IFA_39_33_1553.wav,44100,11-03-20 00:00,mosquito,an arabiensis,Female,f,Single,,HBN,telinga,tascam,Tanzania,Kilombero District,Morogoro,Ifakara,cup,220276.wav,IFA_39_33_1553.wav,Tanzania|Ifakara|cup|11-03-20 00:00,excluded,outside prespecified Female / fed=f / LT / Single cohort,anopheles_arabiensis,raw/humbug_core/220276.wav,CANDIDATE_PENDING_COMPLETE_AUDIO_AUDIT
220279,5.12,IFA_39_33_1553.wav,44100,11-03-20 00:00,mosquito,an arabiensis,Female,f,Single,,HBN,telinga,tascam,Tanzania,Kilombero District,Morogoro,Ifakara,cup,220279.wav,IFA_39_33_1553.wav,Tanzania|Ifakara|cup|11-03-20 00:00,excluded,outside prespecified Female / fed=f / LT / Single cohort,anopheles_arabiensis,raw/humbug_core/220279.wav,CANDIDATE_PENDING_COMPLETE_AUDIO_AUDIT
220278,2.56,IFA_39_33_1553.wav,44100,11-03-20 00:00,mosquito,an arabiensis,Female,f,Single,,HBN,telinga,tascam,Tanzania,Kilombero District,Morogoro,Ifakara,cup,220278.wav,IFA_39_33_1553.wav,Tanzania|Ifakara|cup|11-03-20 00:00,excluded,outside prespecified Female / fed=f / LT / Single cohort,anopheles_arabiensis,raw/humbug_core/220278.wav,CANDIDATE_PENDING_COMPLETE_AUDIO_AUDIT
220285,5.12,IFA_39_35_1555.wav,44100,11-03-20 00:00,mosquito,an arabiensis,Female,f,Single,,HBN,telinga,tascam,Tanzania,Kilombero District,Morogoro,Ifakara,cup,220285.wav,IFA_39_35_1555.wav,Tanzania|Ifakara|cup|11-03-20 00:00,excluded,outside prespecified Female / fed=f / LT / Single cohort,anopheles_arabiensis,raw/humbug_core/220285.wav,CANDIDATE_PENDING_COMPLETE_AUDIO_AUDIT
220284,15.36,IFA_39_35_1555.wav,44100,11-03-20 00:00,mosquito,an arabiensis,Female,f,Single,,HBN,telinga,tascam,Tanzania,Kilombero District,Morogoro,Ifakara,cup,220284.wav,IFA_39_35_1555.wav,Tanzania|Ifakara|cup|11-03-20 00:00,excluded,outside prespecified Female / fed=f / LT / Single cohort,anopheles_arabiensis,raw/humbug_core/220284.wav,CANDIDATE_PENDING_COMPLETE_AUDIO_AUDIT
220286,5.12,IFA_39_35_1555.wav,44100,11-03-20 00:00,mosquito,an arabiensis,Female,f,Single,,HBN,telinga,tascam,Tanzania,Kilombero District,Morogoro,Ifakara,cup,220286.wav,IFA_39_35_1555.wav,Tanzania|Ifakara|cup|11-03-20 00:00,excluded,outside prespecified Female / fed=f / LT / Single cohort,anopheles_arabiensis,raw/humbug_core/220286.wav,CANDIDATE_PENDING_COMPLETE_AUDIO_AUDIT
220288,2.56,IFA_39_36_1556.wav,44100,11-03-20 00:00,mosquito,an funestus ss,Female,f,Single,,HBN,telinga,tascam,Tanzania,Kilombero District,Morogoro,Ifakara,cup,220288.wav,IFA_39_36_1556.wav,Tanzania|Ifakara|cup|11-03-20 00:00,excluded,outside prespecified Female / fed=f / LT / Single cohort,anopheles_funestus_ss,raw/humbug_core/220288.wav,CANDIDATE_PENDING_COMPLETE_AUDIO_AUDIT
220287,2.56,IFA_39_36_1556.wav,44100,11-03-20 00:00,mosquito,an funestus ss,Female,f,Single,,HBN,telinga,tascam,Tanzania,Kilombero District,Morogoro,Ifakara,cup,220287.wav,IFA_39_36_1556.wav,Tanzania|Ifakara|cup|11-03-20 00:00,excluded,outside prespecified Female / fed=f / LT / Single cohort,anopheles_funestus_ss,raw/humbug_core/220287.wav,CANDIDATE_PENDING_COMPLETE_AUDIO_AUDIT
220283,2.56,IFA_39_39_1559.wav,44100,11-03-20 00:00,mosquito,an funestus ss,Female,f,Single,,HBN,telinga,tascam,Tanzania,Kilombero District,Morogoro,Ifakara,cup,220283.wav,IFA_39_39_1559.wav,Tanzania|Ifakara|cup|11-03-20 00:00,excluded,outside prespecified Female / fed=f / LT / Single cohort,anopheles_funestus_ss,raw/humbug_core/220283.wav,CANDIDATE_PENDING_COMPLETE_AUDIO_AUDIT
220281,5.12,IFA_39_40_1560.wav,44100,11-03-20 00:00,mosquito,an funestus ss,Female,f,Single,,HBN,telinga,tascam,Tanzania,Kilombero District,Morogoro,Ifakara,cup,220281.wav,IFA_39_40_1560.wav,Tanzania|Ifakara|cup|11-03-20 00:00,excluded,outside prespecified Female / fed=f / LT / Single cohort,anopheles_funestus_ss,raw/humbug_core/220281.wav,CANDIDATE_PENDING_COMPLETE_AUDIO_AUDIT
220282,2.56,IFA_39_40_1560.wav,44100,11-03-20 00:00,mosquito,an funestus ss,Female,f,Single,,HBN,telinga,tascam,Tanzania,Kilombero District,Morogoro,Ifakara,cup,220282.wav,IFA_39_40_1560.wav,Tanzania|Ifakara|cup|11-03-20 00:00,excluded,outside prespecified Female / fed=f / LT / Single cohort,anopheles_funestus_ss,raw/humbug_core/220282.wav,CANDIDATE_PENDING_COMPLETE_AUDIO_AUDIT
220312,43.52,IFA_40_10_1570.wav,44100,13-03-20 00:00,mosquito,ae aegypti,Female,f,Single,,LC,telinga,tascam,Tanzania,Kilombero District,Morogoro,Ifakara,cup,220312.wav,IFA_40_10_1570.wav,Tanzania|Ifakara|cup|13-03-20 00:00,excluded,aegypti excluded: capture-method confound (LC only) and four dates,,raw/humbug_core/220312.wav,CANDIDATE_PENDING_COMPLETE_AUDIO_AUDIT
220323,20.42,IFA_40_11_1571.wav,44100,13-03-20 00:00,mosquito,ae aegypti,Female,f,Single,,LC,telinga,tascam,Tanzania,Kilombero District,Morogoro,Ifakara,cup,220323.wav,IFA_40_11_1571.wav,Tanzania|Ifakara|cup|13-03-20 00:00,excluded,aegypti excluded: capture-method confound (LC only) and four dates,,raw/humbug_core/220323.wav,CANDIDATE_PENDING_COMPLETE_AUDIO_AUDIT
220307,2.56,IFA_40_12_1572.wav,44100,13-03-20 00:00,mosquito,ae aegypti,Female,f,Single,,LC,telinga,tascam,Tanzania,Kilombero District,Morogoro,Ifakara,cup,220307.wav,IFA_40_12_1572.wav,Tanzania|Ifakara|cup|13-03-20 00:00,excluded,aegypti excluded: capture-method confound (LC only) and four dates,,raw/humbug_core/220307.wav,CANDIDATE_PENDING_COMPLETE_AUDIO_AUDIT
220309,5.12,IFA_40_12_1572.wav,44100,13-03-20 00:00,mosquito,ae aegypti,Female,f,Single,,LC,telinga,tascam,Tanzania,Kilombero District,Morogoro,Ifakara,cup,220309.wav,IFA_40_12_1572.wav,Tanzania|Ifakara|cup|13-03-20 00:00,excluded,aegypti excluded: capture-method confound (LC only) and four dates,,raw/humbug_core/220309.wav,CANDIDATE_PENDING_COMPLETE_AUDIO_AUDIT
220308,2.56,IFA_40_12_1572.wav,44100,13-03-20 00:00,mosquito,ae aegypti,Female,f,Single,,LC,telinga,tascam,Tanzania,Kilombero District,Morogoro,Ifakara,cup,220308.wav,IFA_40_12_1572.wav,Tanzania|Ifakara|cup|13-03-20 00:00,excluded,aegypti excluded: capture-method confound (LC only) and four dates,,raw/humbug_core/220308.wav,CANDIDATE_PENDING_COMPLETE_AUDIO_AUDIT
220306,5.12,IFA_40_12_1572.wav,44100,13-03-20 00:00,mosquito,ae aegypti,Female,f,Single,,LC,telinga,tascam,Tanzania,Kilombero District,Morogoro,Ifakara,cup,220306.wav,IFA_40_12_1572.wav,Tanzania|Ifakara|cup|13-03-20 00:00,excluded,aegypti excluded: capture-method confound (LC only) and four dates,,raw/humbug_core/220306.wav,CANDIDATE_PENDING_COMPLETE_AUDIO_AUDIT
220314,15.36,IFA_40_13_1573.wav,44100,13-03-20 00:00,mosquito,ae aegypti,Female,f,Single,,LC,telinga,tascam,Tanzania,Kilombero District,Morogoro,Ifakara,cup,220314.wav,IFA_40_13_1573.wav,Tanzania|Ifakara|cup|13-03-20 00:00,excluded,aegypti excluded: capture-method confound (LC only) and four dates,,raw/humbug_core/220314.wav,CANDIDATE_PENDING_COMPLETE_AUDIO_AUDIT
220313,2.56,IFA_40_13_1573.wav,44100,13-03-20 00:00,mosquito,ae aegypti,Female,f,Single,,LC,telinga,tascam,Tanzania,Kilombero District,Morogoro,Ifakara,cup,220313.wav,IFA_40_13_1573.wav,Tanzania|Ifakara|cup|13-03-20 00:00,excluded,aegypti excluded: capture-method confound (LC only) and four dates,,raw/humbug_core/220313.wav,CANDIDATE_PENDING_COMPLETE_AUDIO_AUDIT
220316,2.5,IFA_40_13_1573.wav,44100,13-03-20 00:00,mosquito,ae aegypti,Female,f,Single,,LC,telinga,tascam,Tanzania,Kilombero District,Morogoro,Ifakara,cup,220316.wav,IFA_40_13_1573.wav,Tanzania|Ifakara|cup|13-03-20 00:00,excluded,aegypti excluded: capture-method confound (LC only) and four dates,,raw/humbug_core/220316.wav,CANDIDATE_PENDING_COMPLETE_AUDIO_AUDIT
220315,2.56,IFA_40_13_1573.wav,44100,13-03-20 00:00,mosquito,ae aegypti,Female,f,Single,,LC,telinga,tascam,Tanzania,Kilombero District,Morogoro,Ifakara,cup,220315.wav,IFA_40_13_1573.wav,Tanzania|Ifakara|cup|13-03-20 00:00,excluded,aegypti excluded: capture-method confound (LC only) and four dates,,raw/humbug_core/220315.wav,CANDIDATE_PENDING_COMPLETE_AUDIO_AUDIT
220326,10.24,IFA_40_14_1574.wav,44100,13-03-20 00:00,mosquito,ae aegypti,Female,f,Single,,LC,telinga,tascam,Tanzania,Kilombero District,Morogoro,Ifakara,cup,220326.wav,IFA_40_14_1574.wav,Tanzania|Ifakara|cup|13-03-20 00:00,excluded,aegypti excluded: capture-method confound (LC only) and four dates,,raw/humbug_core/220326.wav,CANDIDATE_PENDING_COMPLETE_AUDIO_AUDIT
220325,7.68,IFA_40_14_1574.wav,44100,13-03-20 00:00,mosquito,ae aegypti,Female,f,Single,,LC,telinga,tascam,Tanzania,Kilombero District,Morogoro,Ifakara,cup,220325.wav,IFA_40_14_1574.wav,Tanzania|Ifakara|cup|13-03-20 00:00,excluded,aegypti excluded: capture-method confound (LC only) and four dates,,raw/humbug_core/220325.wav,CANDIDATE_PENDING_COMPLETE_AUDIO_AUDIT
220324,12.8,IFA_40_14_1574.wav,44100,13-03-20 00:00,mosquito,ae aegypti,Female,f,Single,,LC,telinga,tascam,Tanzania,Kilombero District,Morogoro,Ifakara,cup,220324.wav,IFA_40_14_1574.wav,Tanzania|Ifakara|cup|13-03-20 00:00,excluded,aegypti excluded: capture-method confound (LC only) and four dates,,raw/humbug_core/220324.wav,CANDIDATE_PENDING_COMPLETE_AUDIO_AUDIT
220321,30.72,IFA_40_15_1575.wav,44100,13-03-20 00:00,mosquito,ae aegypti,Female,f,Single,,LC,telinga,tascam,Tanzania,Kilombero District,Morogoro,Ifakara,cup,220321.wav,IFA_40_15_1575.wav,Tanzania|Ifakara|cup|13-03-20 00:00,excluded,aegypti excluded: capture-method confound (LC only) and four dates,,raw/humbug_core/220321.wav,CANDIDATE_PENDING_COMPLETE_AUDIO_AUDIT
220305,2.56,IFA_40_16_1576.wav,44100,13-03-20 00:00,mosquito,ae aegypti,Female,f,Single,,LC,telinga,tascam,Tanzania,Kilombero District,Morogoro,Ifakara,cup,220305.wav,IFA_40_16_1576.wav,Tanzania|Ifakara|cup|13-03-20 00:00,excluded,aegypti excluded: capture-method confound (LC only) and four dates,,raw/humbug_core/220305.wav,CANDIDATE_PENDING_COMPLETE_AUDIO_AUDIT
220303,20.48,IFA_40_16_1576.wav,44100,13-03-20 00:00,mosquito,ae aegypti,Female,f,Single,,LC,telinga,tascam,Tanzania,Kilombero District,Morogoro,Ifakara,cup,220303.wav,IFA_40_16_1576.wav,Tanzania|Ifakara|cup|13-03-20 00:00,excluded,aegypti excluded: capture-method confound (LC only) and four dates,,raw/humbug_core/220303.wav,CANDIDATE_PENDING_COMPLETE_AUDIO_AUDIT
220304,7.68,IFA_40_16_1576.wav,44100,13-03-20 00:00,mosquito,ae aegypti,Female,f,Single,,LC,telinga,tascam,Tanzania,Kilombero District,Morogoro,Ifakara,cup,220304.wav,IFA_40_16_1576.wav,Tanzania|Ifakara|cup|13-03-20 00:00,excluded,aegypti excluded: capture-method confound (LC only) and four dates,,raw/humbug_core/220304.wav,CANDIDATE_PENDING_COMPLETE_AUDIO_AUDIT
220294,5.12,IFA_40_17_1577.wav,44100,13-03-20 00:00,mosquito,ae aegypti,Female,f,Single,,LC,telinga,tascam,Tanzania,Kilombero District,Morogoro,Ifakara,cup,220294.wav,IFA_40_17_1577.wav,Tanzania|Ifakara|cup|13-03-20 00:00,excluded,aegypti excluded: capture-method confound (LC only) and four dates,,raw/humbug_core/220294.wav,CANDIDATE_PENDING_COMPLETE_AUDIO_AUDIT
220295,28.16,IFA_40_17_1577.wav,44100,13-03-20 00:00,mosquito,ae aegypti,Female,f,Single,,LC,telinga,tascam,Tanzania,Kilombero District,Morogoro,Ifakara,cup,220295.wav,IFA_40_17_1577.wav,Tanzania|Ifakara|cup|13-03-20 00:00,excluded,aegypti excluded: capture-method confound (LC only) and four dates,,raw/humbug_core/220295.wav,CANDIDATE_PENDING_COMPLETE_AUDIO_AUDIT
220293,7.68,IFA_40_17_1577.wav,44100,13-03-20 00:00,mosquito,ae aegypti,Female,f,Single,,LC,telinga,tascam,Tanzania,Kilombero District,Morogoro,Ifakara,cup,220293.wav,IFA_40_17_1577.wav,Tanzania|Ifakara|cup|13-03-20 00:00,excluded,aegypti excluded: capture-method confound (LC only) and four dates,,raw/humbug_core/220293.wav,CANDIDATE_PENDING_COMPLETE_AUDIO_AUDIT
220299,5.12,IFA_40_18_1578.wav,44100,13-03-20 00:00,mosquito,ae aegypti,Female,f,Single,,LC,telinga,tascam,Tanzania,Kilombero District,Morogoro,Ifakara,cup,220299.wav,IFA_40_18_1578.wav,Tanzania|Ifakara|cup|13-03-20 00:00,excluded,aegypti excluded: capture-method confound (LC only) and four dates,,raw/humbug_core/220299.wav,CANDIDATE_PENDING_COMPLETE_AUDIO_AUDIT
220300,17.92,IFA_40_18_1578.wav,44100,13-03-20 00:00,mosquito,ae aegypti,Female,f,Single,,LC,telinga,tascam,Tanzania,Kilombero District,Morogoro,Ifakara,cup,220300.wav,IFA_40_18_1578.wav,Tanzania|Ifakara|cup|13-03-20 00:00,excluded,aegypti excluded: capture-method confound (LC only) and four dates,,raw/humbug_core/220300.wav,CANDIDATE_PENDING_COMPLETE_AUDIO_AUDIT
220318,5.06,IFA_40_19_1579.wav,44100,13-03-20 00:00,mosquito,ae aegypti,Female,f,Single,,LC,telinga,tascam,Tanzania,Kilombero District,Morogoro,Ifakara,cup,220318.wav,IFA_40_19_1579.wav,Tanzania|Ifakara|cup|13-03-20 00:00,excluded,aegypti excluded: capture-method confound (LC only) and four dates,,raw/humbug_core/220318.wav,CANDIDATE_PENDING_COMPLETE_AUDIO_AUDIT
220317,23.04,IFA_40_19_1579.wav,44100,13-03-20 00:00,mosquito,ae aegypti,Female,f,Single,,LC,telinga,tascam,Tanzania,Kilombero District,Morogoro,Ifakara,cup,220317.wav,IFA_40_19_1579.wav,Tanzania|Ifakara|cup|13-03-20 00:00,excluded,aegypti excluded: capture-method confound (LC only) and four dates,,raw/humbug_core/220317.wav,CANDIDATE_PENDING_COMPLETE_AUDIO_AUDIT
220310,12.8,IFA_40_21_1581.wav,44100,13-03-20 00:00,mosquito,ae aegypti,Female,f,Single,,LC,telinga,tascam,Tanzania,Kilombero District,Morogoro,Ifakara,cup,220310.wav,IFA_40_21_1581.wav,Tanzania|Ifakara|cup|13-03-20 00:00,excluded,aegypti excluded: capture-method confound (LC only) and four dates,,raw/humbug_core/220310.wav,CANDIDATE_PENDING_COMPLETE_AUDIO_AUDIT
220311,5.12,IFA_40_21_1581.wav,44100,13-03-20 00:00,mosquito,ae aegypti,Female,f,Single,,LC,telinga,tascam,Tanzania,Kilombero District,Morogoro,Ifakara,cup,220311.wav,IFA_40_21_1581.wav,Tanzania|Ifakara|cup|13-03-20 00:00,excluded,aegypti excluded: capture-method confound (LC only) and four dates,,raw/humbug_core/220311.wav,CANDIDATE_PENDING_COMPLETE_AUDIO_AUDIT
220302,2.56,IFA_40_22_1582.wav,44100,13-03-20 00:00,mosquito,ae aegypti,Female,f,Single,,LC,telinga,tascam,Tanzania,Kilombero District,Morogoro,Ifakara,cup,220302.wav,IFA_40_22_1582.wav,Tanzania|Ifakara|cup|13-03-20 00:00,excluded,aegypti excluded: capture-method confound (LC only) and four dates,,raw/humbug_core/220302.wav,CANDIDATE_PENDING_COMPLETE_AUDIO_AUDIT
220301,5.12,IFA_40_22_1582.wav,44100,13-03-20 00:00,mosquito,ae aegypti,Female,f,Single,,LC,telinga,tascam,Tanzania,Kilombero District,Morogoro,Ifakara,cup,220301.wav,IFA_40_22_1582.wav,Tanzania|Ifakara|cup|13-03-20 00:00,excluded,aegypti excluded: capture-method confound (LC only) and four dates,,raw/humbug_core/220301.wav,CANDIDATE_PENDING_COMPLETE_AUDIO_AUDIT
220296,20.48,IFA_40_23_1583.wav,44100,13-03-20 00:00,mosquito,ae aegypti,Female,f,Single,,LC,telinga,tascam,Tanzania,Kilombero District,Morogoro,Ifakara,cup,220296.wav,IFA_40_23_1583.wav,Tanzania|Ifakara|cup|13-03-20 00:00,excluded,aegypti excluded: capture-method confound (LC only) and four dates,,raw/humbug_core/220296.wav,CANDIDATE_PENDING_COMPLETE_AUDIO_AUDIT
220297,2.56,IFA_40_24_1584.wav,44100,13-03-20 00:00,mosquito,ae aegypti,Female,f,Single,,LC,telinga,tascam,Tanzania,Kilombero District,Morogoro,Ifakara,cup,220297.wav,IFA_40_24_1584.wav,Tanzania|Ifakara|cup|13-03-20 00:00,excluded,aegypti excluded: capture-method confound (LC only) and four dates,,raw/humbug_core/220297.wav,CANDIDATE_PENDING_COMPLETE_AUDIO_AUDIT
220298,20.48,IFA_40_24_1584.wav,44100,13-03-20 00:00,mosquito,ae aegypti,Female,f,Single,,LC,telinga,tascam,Tanzania,Kilombero District,Morogoro,Ifakara,cup,220298.wav,IFA_40_24_1584.wav,Tanzania|Ifakara|cup|13-03-20 00:00,excluded,aegypti excluded: capture-method confound (LC only) and four dates,,raw/humbug_core/220298.wav,CANDIDATE_PENDING_COMPLETE_AUDIO_AUDIT
220322,38.34,IFA_40_25_1585.wav,44100,13-03-20 00:00,mosquito,ae aegypti,Female,f,Single,,LC,telinga,tascam,Tanzania,Kilombero District,Morogoro,Ifakara,cup,220322.wav,IFA_40_25_1585.wav,Tanzania|Ifakara|cup|13-03-20 00:00,excluded,aegypti excluded: capture-method confound (LC only) and four dates,,raw/humbug_core/220322.wav,CANDIDATE_PENDING_COMPLETE_AUDIO_AUDIT
220320,25.54,IFA_40_26_1586.wav,44100,13-03-20 00:00,mosquito,ae aegypti,Female,f,Single,,LC,telinga,tascam,Tanzania,Kilombero District,Morogoro,Ifakara,cup,220320.wav,IFA_40_26_1586.wav,Tanzania|Ifakara|cup|13-03-20 00:00,excluded,aegypti excluded: capture-method confound (LC only) and four dates,,raw/humbug_core/220320.wav,CANDIDATE_PENDING_COMPLETE_AUDIO_AUDIT
220292,48.58,IFA_40_27_1587.wav,44100,13-03-20 00:00,mosquito,ae aegypti,Female,f,Single,,LC,telinga,tascam,Tanzania,Kilombero District,Morogoro,Ifakara,cup,220292.wav,IFA_40_27_1587.wav,Tanzania|Ifakara|cup|13-03-20 00:00,excluded,aegypti excluded: capture-method confound (LC only) and four dates,,raw/humbug_core/220292.wav,CANDIDATE_PENDING_COMPLETE_AUDIO_AUDIT
220291,2.56,IFA_40_27_1587.wav,44100,13-03-20 00:00,mosquito,ae aegypti,Female,f,Single,,LC,telinga,tascam,Tanzania,Kilombero District,Morogoro,Ifakara,cup,220291.wav,IFA_40_27_1587.wav,Tanzania|Ifakara|cup|13-03-20 00:00,excluded,aegypti excluded: capture-method confound (LC only) and four dates,,raw/humbug_core/220291.wav,CANDIDATE_PENDING_COMPLETE_AUDIO_AUDIT
220319,38.34,IFA_40_28_1588.wav,44100,13-03-20 00:00,mosquito,ae aegypti,Female,f,Single,,LC,telinga,tascam,Tanzania,Kilombero District,Morogoro,Ifakara,cup,220319.wav,IFA_40_28_1588.wav,Tanzania|Ifakara|cup|13-03-20 00:00,excluded,aegypti excluded: capture-method confound (LC only) and four dates,,raw/humbug_core/220319.wav,CANDIDATE_PENDING_COMPLETE_AUDIO_AUDIT
220351,2.56,IFA_41_11_1611.wav,44100,16-03-20 00:00,mosquito,an arabiensis,Female,f,Single,,LT,telinga,tascam,Tanzania,Kilombero District,Morogoro,Ifakara,cup,220351.wav,IFA_41_11_1611.wav,Tanzania|Ifakara|cup|16-03-20 00:00,excluded,date has only one eligible species; exclude date confound,anopheles_arabiensis,raw/humbug_core/220351.wav,CANDIDATE_PENDING_COMPLETE_AUDIO_AUDIT
220350,5.12,IFA_41_11_1611.wav,44100,16-03-20 00:00,mosquito,an arabiensis,Female,f,Single,,LT,telinga,tascam,Tanzania,Kilombero District,Morogoro,Ifakara,cup,220350.wav,IFA_41_11_1611.wav,Tanzania|Ifakara|cup|16-03-20 00:00,excluded,date has only one eligible species; exclude date confound,anopheles_arabiensis,raw/humbug_core/220350.wav,CANDIDATE_PENDING_COMPLETE_AUDIO_AUDIT
220360,40.9,IFA_41_12_1612.wav,44100,16-03-20 00:00,mosquito,an arabiensis,Female,f,Single,,LT,telinga,tascam,Tanzania,Kilombero District,Morogoro,Ifakara,cup,220360.wav,IFA_41_12_1612.wav,Tanzania|Ifakara|cup|16-03-20 00:00,excluded,date has only one eligible species; exclude date confound,anopheles_arabiensis,raw/humbug_core/220360.wav,CANDIDATE_PENDING_COMPLETE_AUDIO_AUDIT
220423,5.06,IFA_41_34_1634.wav,44100,21-03-20 00:00,mosquito,an arabiensis,Female,f,Single,,LT,telinga,tascam,Tanzania,Kilombero District,Morogoro,Ifakara,cup,220423.wav,IFA_41_34_1634.wav,Tanzania|Ifakara|cup|21-03-20 00:00,excluded,date has only one eligible species; exclude date confound,anopheles_arabiensis,raw/humbug_core/220423.wav,CANDIDATE_PENDING_COMPLETE_AUDIO_AUDIT
220422,2.56,IFA_41_34_1634.wav,44100,21-03-20 00:00,mosquito,an arabiensis,Female,f,Single,,LT,telinga,tascam,Tanzania,Kilombero District,Morogoro,Ifakara,cup,220422.wav,IFA_41_34_1634.wav,Tanzania|Ifakara|cup|21-03-20 00:00,excluded,date has only one eligible species; exclude date confound,anopheles_arabiensis,raw/humbug_core/220422.wav,CANDIDATE_PENDING_COMPLETE_AUDIO_AUDIT
220421,5.12,IFA_41_34_1634.wav,44100,21-03-20 00:00,mosquito,an arabiensis,Female,f,Single,,LT,telinga,tascam,Tanzania,Kilombero District,Morogoro,Ifakara,cup,220421.wav,IFA_41_34_1634.wav,Tanzania|Ifakara|cup|21-03-20 00:00,excluded,date has only one eligible species; exclude date confound,anopheles_arabiensis,raw/humbug_core/220421.wav,CANDIDATE_PENDING_COMPLETE_AUDIO_AUDIT
220384,2.56,IFA_41_36_1636.wav,44100,21-03-20 00:00,mosquito,an arabiensis,Female,f,Single,,LT,telinga,tascam,Tanzania,Kilombero District,Morogoro,Ifakara,cup,220384.wav,IFA_41_36_1636.wav,Tanzania|Ifakara|cup|21-03-20 00:00,excluded,date has only one eligible species; exclude date confound,anopheles_arabiensis,raw/humbug_core/220384.wav,CANDIDATE_PENDING_COMPLETE_AUDIO_AUDIT
220374,2.56,IFA_41_37_1637.wav,44100,21-03-20 00:00,mosquito,an arabiensis,Female,f,Single,,LT,telinga,tascam,Tanzania,Kilombero District,Morogoro,Ifakara,cup,220374.wav,IFA_41_37_1637.wav,Tanzania|Ifakara|cup|21-03-20 00:00,excluded,date has only one eligible species; exclude date confound,anopheles_arabiensis,raw/humbug_core/220374.wav,CANDIDATE_PENDING_COMPLETE_AUDIO_AUDIT
220373,5.12,IFA_41_37_1637.wav,44100,21-03-20 00:00,mosquito,an arabiensis,Female,f,Single,,LT,telinga,tascam,Tanzania,Kilombero District,Morogoro,Ifakara,cup,220373.wav,IFA_41_37_1637.wav,Tanzania|Ifakara|cup|21-03-20 00:00,excluded,date has only one eligible species; exclude date confound,anopheles_arabiensis,raw/humbug_core/220373.wav,CANDIDATE_PENDING_COMPLETE_AUDIO_AUDIT
220419,12.8,IFA_41_38_1638.wav,44100,21-03-20 00:00,mosquito,an arabiensis,Female,f,Single,,LT,telinga,tascam,Tanzania,Kilombero District,Morogoro,Ifakara,cup,220419.wav,IFA_41_38_1638.wav,Tanzania|Ifakara|cup|21-03-20 00:00,excluded,date has only one eligible species; exclude date confound,anopheles_arabiensis,raw/humbug_core/220419.wav,CANDIDATE_PENDING_COMPLETE_AUDIO_AUDIT
220418,7.68,IFA_41_38_1638.wav,44100,21-03-20 00:00,mosquito,an arabiensis,Female,f,Single,,LT,telinga,tascam,Tanzania,Kilombero District,Morogoro,Ifakara,cup,220418.wav,IFA_41_38_1638.wav,Tanzania|Ifakara|cup|21-03-20 00:00,excluded,date has only one eligible species; exclude date confound,anopheles_arabiensis,raw/humbug_core/220418.wav,CANDIDATE_PENDING_COMPLETE_AUDIO_AUDIT
220417,5.12,IFA_41_38_1638.wav,44100,21-03-20 00:00,mosquito,an arabiensis,Female,f,Single,,LT,telinga,tascam,Tanzania,Kilombero District,Morogoro,Ifakara,cup,220417.wav,IFA_41_38_1638.wav,Tanzania|Ifakara|cup|21-03-20 00:00,excluded,date has only one eligible species; exclude date confound,anopheles_arabiensis,raw/humbug_core/220417.wav,CANDIDATE_PENDING_COMPLETE_AUDIO_AUDIT
220420,2.5,IFA_41_38_1638.wav,44100,21-03-20 00:00,mosquito,an arabiensis,Female,f,Single,,LT,telinga,tascam,Tanzania,Kilombero District,Morogoro,Ifakara,cup,220420.wav,IFA_41_38_1638.wav,Tanzania|Ifakara|cup|21-03-20 00:00,excluded,date has only one eligible species; exclude date confound,anopheles_arabiensis,raw/humbug_core/220420.wav,CANDIDATE_PENDING_COMPLETE_AUDIO_AUDIT
220424,2.56,IFA_42_11_1651.wav,44100,21-03-20 00:00,mosquito,an arabiensis,Female,f,Single,,LT,telinga,tascam,Tanzania,Kilombero District,Morogoro,Ifakara,cup,220424.wav,IFA_42_11_1651.wav,Tanzania|Ifakara|cup|21-03-20 00:00,excluded,date has only one eligible species; exclude date confound,anopheles_arabiensis,raw/humbug_core/220424.wav,CANDIDATE_PENDING_COMPLETE_AUDIO_AUDIT
220425,2.56,IFA_42_11_1651.wav,44100,21-03-20 00:00,mosquito,an arabiensis,Female,f,Single,,LT,telinga,tascam,Tanzania,Kilombero District,Morogoro,Ifakara,cup,220425.wav,IFA_42_11_1651.wav,Tanzania|Ifakara|cup|21-03-20 00:00,excluded,date has only one eligible species; exclude date confound,anopheles_arabiensis,raw/humbug_core/220425.wav,CANDIDATE_PENDING_COMPLETE_AUDIO_AUDIT
220426,2.56,IFA_42_11_1651.wav,44100,21-03-20 00:00,mosquito,an arabiensis,Female,f,Single,,LT,telinga,tascam,Tanzania,Kilombero District,Morogoro,Ifakara,cup,220426.wav,IFA_42_11_1651.wav,Tanzania|Ifakara|cup|21-03-20 00:00,excluded,date has only one eligible species; exclude date confound,anopheles_arabiensis,raw/humbug_core/220426.wav,CANDIDATE_PENDING_COMPLETE_AUDIO_AUDIT
220380,10.24,IFA_42_14_1654.wav,44100,21-03-20 00:00,mosquito,an arabiensis,Female,f,Single,,LT,telinga,tascam,Tanzania,Kilombero District,Morogoro,Ifakara,cup,220380.wav,IFA_42_14_1654.wav,Tanzania|Ifakara|cup|21-03-20 00:00,excluded,date has only one eligible species; exclude date confound,anopheles_arabiensis,raw/humbug_core/220380.wav,CANDIDATE_PENDING_COMPLETE_AUDIO_AUDIT
220379,5.12,IFA_42_14_1654.wav,44100,21-03-20 00:00,mosquito,an arabiensis,Female,f,Single,,LT,telinga,tascam,Tanzania,Kilombero District,Morogoro,Ifakara,cup,220379.wav,IFA_42_14_1654.wav,Tanzania|Ifakara|cup|21-03-20 00:00,excluded,date has only one eligible species; exclude date confound,anopheles_arabiensis,raw/humbug_core/220379.wav,CANDIDATE_PENDING_COMPLETE_AUDIO_AUDIT
220376,33.22,IFA_42_19_1659.wav,44100,21-03-20 00:00,mosquito,an arabiensis,Female,f,Single,,LT,telinga,tascam,Tanzania,Kilombero District,Morogoro,Ifakara,cup,220376.wav,IFA_42_19_1659.wav,Tanzania|Ifakara|cup|21-03-20 00:00,excluded,date has only one eligible species; exclude date confound,anopheles_arabiensis,raw/humbug_core/220376.wav,CANDIDATE_PENDING_COMPLETE_AUDIO_AUDIT
220375,5.12,IFA_42_19_1659.wav,44100,21-03-20 00:00,mosquito,an arabiensis,Female,f,Single,,LT,telinga,tascam,Tanzania,Kilombero District,Morogoro,Ifakara,cup,220375.wav,IFA_42_19_1659.wav,Tanzania|Ifakara|cup|21-03-20 00:00,excluded,date has only one eligible species; exclude date confound,anopheles_arabiensis,raw/humbug_core/220375.wav,CANDIDATE_PENDING_COMPLETE_AUDIO_AUDIT
220388,17.92,IFA_42_21_1661.wav,44100,21-03-20 00:00,mosquito,ae aegypti,Female,f,Single,,LC,telinga,tascam,Tanzania,Kilombero District,Morogoro,Ifakara,cup,220388.wav,IFA_42_21_1661.wav,Tanzania|Ifakara|cup|21-03-20 00:00,excluded,aegypti excluded: capture-method confound (LC only) and four dates,,raw/humbug_core/220388.wav,CANDIDATE_PENDING_COMPLETE_AUDIO_AUDIT
220387,12.8,IFA_42_21_1661.wav,44100,21-03-20 00:00,mosquito,ae aegypti,Female,f,Single,,LC,telinga,tascam,Tanzania,Kilombero District,Morogoro,Ifakara,cup,220387.wav,IFA_42_21_1661.wav,Tanzania|Ifakara|cup|21-03-20 00:00,excluded,aegypti excluded: capture-method confound (LC only) and four dates,,raw/humbug_core/220387.wav,CANDIDATE_PENDING_COMPLETE_AUDIO_AUDIT
220386,2.56,IFA_42_21_1661.wav,44100,21-03-20 00:00,mosquito,ae aegypti,Female,f,Single,,LC,telinga,tascam,Tanzania,Kilombero District,Morogoro,Ifakara,cup,220386.wav,IFA_42_21_1661.wav,Tanzania|Ifakara|cup|21-03-20 00:00,excluded,aegypti excluded: capture-method confound (LC only) and four dates,,raw/humbug_core/220386.wav,CANDIDATE_PENDING_COMPLETE_AUDIO_AUDIT
220400,28.16,IFA_42_22_1662.wav,44100,21-03-20 00:00,mosquito,ae aegypti,Female,f,Single,,LC,telinga,tascam,Tanzania,Kilombero District,Morogoro,Ifakara,cup,220400.wav,IFA_42_22_1662.wav,Tanzania|Ifakara|cup|21-03-20 00:00,excluded,aegypti excluded: capture-method confound (LC only) and four dates,,raw/humbug_core/220400.wav,CANDIDATE_PENDING_COMPLETE_AUDIO_AUDIT
220402,10.18,IFA_42_22_1662.wav,44100,21-03-20 00:00,mosquito,ae aegypti,Female,f,Single,,LC,telinga,tascam,Tanzania,Kilombero District,Morogoro,Ifakara,cup,220402.wav,IFA_42_22_1662.wav,Tanzania|Ifakara|cup|21-03-20 00:00,excluded,aegypti excluded: capture-method confound (LC only) and four dates,,raw/humbug_core/220402.wav,CANDIDATE_PENDING_COMPLETE_AUDIO_AUDIT
220401,5.12,IFA_42_22_1662.wav,44100,21-03-20 00:00,mosquito,ae aegypti,Female,f,Single,,LC,telinga,tascam,Tanzania,Kilombero District,Morogoro,Ifakara,cup,220401.wav,IFA_42_22_1662.wav,Tanzania|Ifakara|cup|21-03-20 00:00,excluded,aegypti excluded: capture-method confound (LC only) and four dates,,raw/humbug_core/220401.wav,CANDIDATE_PENDING_COMPLETE_AUDIO_AUDIT
220430,23.04,IFA_42_23_1663.wav,44100,21-03-20 00:00,mosquito,ae aegypti,Female,f,Single,,LC,telinga,tascam,Tanzania,Kilombero District,Morogoro,Ifakara,cup,220430.wav,IFA_42_23_1663.wav,Tanzania|Ifakara|cup|21-03-20 00:00,excluded,aegypti excluded: capture-method confound (LC only) and four dates,,raw/humbug_core/220430.wav,CANDIDATE_PENDING_COMPLETE_AUDIO_AUDIT
220385,10.24,IFA_42_24_1664.wav,44100,21-03-20 00:00,mosquito,ae aegypti,Female,f,Single,,LC,telinga,tascam,Tanzania,Kilombero District,Morogoro,Ifakara,cup,220385.wav,IFA_42_24_1664.wav,Tanzania|Ifakara|cup|21-03-20 00:00,excluded,aegypti excluded: capture-method confound (LC only) and four dates,,raw/humbug_core/220385.wav,CANDIDATE_PENDING_COMPLETE_AUDIO_AUDIT
220405,53.76,IFA_42_25_1665.wav,44100,21-03-20 00:00,mosquito,ae aegypti,Female,f,Single,,LC,telinga,tascam,Tanzania,Kilombero District,Morogoro,Ifakara,cup,220405.wav,IFA_42_25_1665.wav,Tanzania|Ifakara|cup|21-03-20 00:00,excluded,aegypti excluded: capture-method confound (LC only) and four dates,,raw/humbug_core/220405.wav,CANDIDATE_PENDING_COMPLETE_AUDIO_AUDIT
220392,2.56,IFA_42_26_1666.wav,44100,21-03-20 00:00,mosquito,ae aegypti,Female,f,Single,,LC,telinga,tascam,Tanzania,Kilombero District,Morogoro,Ifakara,cup,220392.wav,IFA_42_26_1666.wav,Tanzania|Ifakara|cup|21-03-20 00:00,excluded,aegypti excluded: capture-method confound (LC only) and four dates,,raw/humbug_core/220392.wav,CANDIDATE_PENDING_COMPLETE_AUDIO_AUDIT
220393,5.06,IFA_42_26_1666.wav,44100,21-03-20 00:00,mosquito,ae aegypti,Female,f,Single,,LC,telinga,tascam,Tanzania,Kilombero District,Morogoro,Ifakara,cup,220393.wav,IFA_42_26_1666.wav,Tanzania|Ifakara|cup|21-03-20 00:00,excluded,aegypti excluded: capture-method confound (LC only) and four dates,,raw/humbug_core/220393.wav,CANDIDATE_PENDING_COMPLETE_AUDIO_AUDIT
220390,2.56,IFA_42_26_1666.wav,44100,21-03-20 00:00,mosquito,ae aegypti,Female,f,Single,,LC,telinga,tascam,Tanzania,Kilombero District,Morogoro,Ifakara,cup,220390.wav,IFA_42_26_1666.wav,Tanzania|Ifakara|cup|21-03-20 00:00,excluded,aegypti excluded: capture-method confound (LC only) and four dates,,raw/humbug_core/220390.wav,CANDIDATE_PENDING_COMPLETE_AUDIO_AUDIT
220391,5.12,IFA_42_26_1666.wav,44100,21-03-20 00:00,mosquito,ae aegypti,Female,f,Single,,LC,telinga,tascam,Tanzania,Kilombero District,Morogoro,Ifakara,cup,220391.wav,IFA_42_26_1666.wav,Tanzania|Ifakara|cup|21-03-20 00:00,excluded,aegypti excluded: capture-method confound (LC only) and four dates,,raw/humbug_core/220391.wav,CANDIDATE_PENDING_COMPLETE_AUDIO_AUDIT
220427,5.12,IFA_42_27_1667.wav,44100,21-03-20 00:00,mosquito,ae aegypti,Female,f,Single,,LC,telinga,tascam,Tanzania,Kilombero District,Morogoro,Ifakara,cup,220427.wav,IFA_42_27_1667.wav,Tanzania|Ifakara|cup|21-03-20 00:00,excluded,aegypti excluded: capture-method confound (LC only) and four dates,,raw/humbug_core/220427.wav,CANDIDATE_PENDING_COMPLETE_AUDIO_AUDIT
220412,2.5,IFA_42_28_1668.wav,44100,21-03-20 00:00,mosquito,ae aegypti,Female,f,Single,,LC,telinga,tascam,Tanzania,Kilombero District,Morogoro,Ifakara,cup,220412.wav,IFA_42_28_1668.wav,Tanzania|Ifakara|cup|21-03-20 00:00,excluded,aegypti excluded: capture-method confound (LC only) and four dates,,raw/humbug_core/220412.wav,CANDIDATE_PENDING_COMPLETE_AUDIO_AUDIT
220411,2.56,IFA_42_28_1668.wav,44100,21-03-20 00:00,mosquito,ae aegypti,Female,f,Single,,LC,telinga,tascam,Tanzania,Kilombero District,Morogoro,Ifakara,cup,220411.wav,IFA_42_28_1668.wav,Tanzania|Ifakara|cup|21-03-20 00:00,excluded,aegypti excluded: capture-method confound (LC only) and four dates,,raw/humbug_core/220411.wav,CANDIDATE_PENDING_COMPLETE_AUDIO_AUDIT
220416,7.68,IFA_42_29_1669.wav,44100,21-03-20 00:00,mosquito,ae aegypti,Female,f,Single,,LC,telinga,tascam,Tanzania,Kilombero District,Morogoro,Ifakara,cup,220416.wav,IFA_42_29_1669.wav,Tanzania|Ifakara|cup|21-03-20 00:00,excluded,aegypti excluded: capture-method confound (LC only) and four dates,,raw/humbug_core/220416.wav,CANDIDATE_PENDING_COMPLETE_AUDIO_AUDIT
220414,5.12,IFA_42_29_1669.wav,44100,21-03-20 00:00,mosquito,ae aegypti,Female,f,Single,,LC,telinga,tascam,Tanzania,Kilombero District,Morogoro,Ifakara,cup,220414.wav,IFA_42_29_1669.wav,Tanzania|Ifakara|cup|21-03-20 00:00,excluded,aegypti excluded: capture-method confound (LC only) and four dates,,raw/humbug_core/220414.wav,CANDIDATE_PENDING_COMPLETE_AUDIO_AUDIT
220415,17.92,IFA_42_29_1669.wav,44100,21-03-20 00:00,mosquito,ae aegypti,Female,f,Single,,LC,telinga,tascam,Tanzania,Kilombero District,Morogoro,Ifakara,cup,220415.wav,IFA_42_29_1669.wav,Tanzania|Ifakara|cup|21-03-20 00:00,excluded,aegypti excluded: capture-method confound (LC only) and four dates,,raw/humbug_core/220415.wav,CANDIDATE_PENDING_COMPLETE_AUDIO_AUDIT
220429,5.12,IFA_42_30_1670.wav,44100,21-03-20 00:00,mosquito,ae aegypti,Female,f,Single,,LC,telinga,tascam,Tanzania,Kilombero District,Morogoro,Ifakara,cup,220429.wav,IFA_42_30_1670.wav,Tanzania|Ifakara|cup|21-03-20 00:00,excluded,aegypti excluded: capture-method confound (LC only) and four dates,,raw/humbug_core/220429.wav,CANDIDATE_PENDING_COMPLETE_AUDIO_AUDIT
220428,5.12,IFA_42_30_1670.wav,44100,21-03-20 00:00,mosquito,ae aegypti,Female,f,Single,,LC,telinga,tascam,Tanzania,Kilombero District,Morogoro,Ifakara,cup,220428.wav,IFA_42_30_1670.wav,Tanzania|Ifakara|cup|21-03-20 00:00,excluded,aegypti excluded: capture-method confound (LC only) and four dates,,raw/humbug_core/220428.wav,CANDIDATE_PENDING_COMPLETE_AUDIO_AUDIT
220389,5.12,IFA_42_31_1671.wav,44100,21-03-20 00:00,mosquito,ae aegypti,Female,f,Single,,LC,telinga,tascam,Tanzania,Kilombero District,Morogoro,Ifakara,cup,220389.wav,IFA_42_31_1671.wav,Tanzania|Ifakara|cup|21-03-20 00:00,excluded,aegypti excluded: capture-method confound (LC only) and four dates,,raw/humbug_core/220389.wav,CANDIDATE_PENDING_COMPLETE_AUDIO_AUDIT
220406,2.56,IFA_42_32_1672.wav,44100,21-03-20 00:00,mosquito,ae aegypti,Female,f,Single,,LC,telinga,tascam,Tanzania,Kilombero District,Morogoro,Ifakara,cup,220406.wav,IFA_42_32_1672.wav,Tanzania|Ifakara|cup|21-03-20 00:00,excluded,aegypti excluded: capture-method confound (LC only) and four dates,,raw/humbug_core/220406.wav,CANDIDATE_PENDING_COMPLETE_AUDIO_AUDIT
220407,2.56,IFA_42_32_1672.wav,44100,21-03-20 00:00,mosquito,ae aegypti,Female,f,Single,,LC,telinga,tascam,Tanzania,Kilombero District,Morogoro,Ifakara,cup,220407.wav,IFA_42_32_1672.wav,Tanzania|Ifakara|cup|21-03-20 00:00,excluded,aegypti excluded: capture-method confound (LC only) and four dates,,raw/humbug_core/220407.wav,CANDIDATE_PENDING_COMPLETE_AUDIO_AUDIT
220408,10.24,IFA_42_32_1672.wav,44100,21-03-20 00:00,mosquito,ae aegypti,Female,f,Single,,LC,telinga,tascam,Tanzania,Kilombero District,Morogoro,Ifakara,cup,220408.wav,IFA_42_32_1672.wav,Tanzania|Ifakara|cup|21-03-20 00:00,excluded,aegypti excluded: capture-method confound (LC only) and four dates,,raw/humbug_core/220408.wav,CANDIDATE_PENDING_COMPLETE_AUDIO_AUDIT
220398,7.68,IFA_42_33_1673.wav,44100,21-03-20 00:00,mosquito,ae aegypti,Female,f,Single,,LC,telinga,tascam,Tanzania,Kilombero District,Morogoro,Ifakara,cup,220398.wav,IFA_42_33_1673.wav,Tanzania|Ifakara|cup|21-03-20 00:00,excluded,aegypti excluded: capture-method confound (LC only) and four dates,,raw/humbug_core/220398.wav,CANDIDATE_PENDING_COMPLETE_AUDIO_AUDIT
220397,28.16,IFA_42_33_1673.wav,44100,21-03-20 00:00,mosquito,ae aegypti,Female,f,Single,,LC,telinga,tascam,Tanzania,Kilombero District,Morogoro,Ifakara,cup,220397.wav,IFA_42_33_1673.wav,Tanzania|Ifakara|cup|21-03-20 00:00,excluded,aegypti excluded: capture-method confound (LC only) and four dates,,raw/humbug_core/220397.wav,CANDIDATE_PENDING_COMPLETE_AUDIO_AUDIT
220403,48.58,IFA_42_36_1676.wav,44100,21-03-20 00:00,mosquito,ae aegypti,Female,f,Single,,LC,telinga,tascam,Tanzania,Kilombero District,Morogoro,Ifakara,cup,220403.wav,IFA_42_36_1676.wav,Tanzania|Ifakara|cup|21-03-20 00:00,excluded,aegypti excluded: capture-method confound (LC only) and four dates,,raw/humbug_core/220403.wav,CANDIDATE_PENDING_COMPLETE_AUDIO_AUDIT
220399,2.56,IFA_42_38_1678.wav,44100,21-03-20 00:00,mosquito,ae aegypti,Female,f,Single,,LC,telinga,tascam,Tanzania,Kilombero District,Morogoro,Ifakara,cup,220399.wav,IFA_42_38_1678.wav,Tanzania|Ifakara|cup|21-03-20 00:00,excluded,aegypti excluded: capture-method confound (LC only) and four dates,,raw/humbug_core/220399.wav,CANDIDATE_PENDING_COMPLETE_AUDIO_AUDIT
220372,61.38,IFA_42_39_1679.wav,44100,21-03-20 00:00,mosquito,ae aegypti,Female,f,Single,,LC,telinga,tascam,Tanzania,Kilombero District,Morogoro,Ifakara,cup,220372.wav,IFA_42_39_1679.wav,Tanzania|Ifakara|cup|21-03-20 00:00,excluded,aegypti excluded: capture-method confound (LC only) and four dates,,raw/humbug_core/220372.wav,CANDIDATE_PENDING_COMPLETE_AUDIO_AUDIT
220371,10.24,IFA_42_39_1679.wav,44100,21-03-20 00:00,mosquito,ae aegypti,Female,f,Single,,LC,telinga,tascam,Tanzania,Kilombero District,Morogoro,Ifakara,cup,220371.wav,IFA_42_39_1679.wav,Tanzania|Ifakara|cup|21-03-20 00:00,excluded,aegypti excluded: capture-method confound (LC only) and four dates,,raw/humbug_core/220371.wav,CANDIDATE_PENDING_COMPLETE_AUDIO_AUDIT
220453,10.24,IFA_44_10_1730.wav,44100,24-03-20 00:00,mosquito,an arabiensis,Female,f,Single,,LT,telinga,tascam,Tanzania,Kilombero District,Morogoro,Ifakara,cup,220453.wav,IFA_44_10_1730.wav,Tanzania|Ifakara|cup|24-03-20 00:00,training,,anopheles_arabiensis,raw/humbug_core/220453.wav,CANDIDATE_PENDING_COMPLETE_AUDIO_AUDIT
220471,35.78,IFA_44_11_1731.wav,44100,24-03-20 00:00,mosquito,an arabiensis,Female,f,Single,,LT,telinga,tascam,Tanzania,Kilombero District,Morogoro,Ifakara,cup,220471.wav,IFA_44_11_1731.wav,Tanzania|Ifakara|cup|24-03-20 00:00,training,,anopheles_arabiensis,raw/humbug_core/220471.wav,CANDIDATE_PENDING_COMPLETE_AUDIO_AUDIT
220481,17.86,IFA_44_12_1732.wav,44100,24-03-20 00:00,mosquito,an arabiensis,Female,f,Single,,LT,telinga,tascam,Tanzania,Kilombero District,Morogoro,Ifakara,cup,220481.wav,IFA_44_12_1732.wav,Tanzania|Ifakara|cup|24-03-20 00:00,training,,anopheles_arabiensis,raw/humbug_core/220481.wav,CANDIDATE_PENDING_COMPLETE_AUDIO_AUDIT
220480,15.36,IFA_44_12_1732.wav,44100,24-03-20 00:00,mosquito,an arabiensis,Female,f,Single,,LT,telinga,tascam,Tanzania,Kilombero District,Morogoro,Ifakara,cup,220480.wav,IFA_44_12_1732.wav,Tanzania|Ifakara|cup|24-03-20 00:00,training,,anopheles_arabiensis,raw/humbug_core/220480.wav,CANDIDATE_PENDING_COMPLETE_AUDIO_AUDIT
220499,15.3,IFA_44_14_1734.wav,44100,24-03-20 00:00,mosquito,an funestus ss,Female,f,Single,,LT,telinga,tascam,Tanzania,Kilombero District,Morogoro,Ifakara,cup,220499.wav,IFA_44_14_1734.wav,Tanzania|Ifakara|cup|24-03-20 00:00,training,,anopheles_funestus_ss,raw/humbug_core/220499.wav,CANDIDATE_PENDING_COMPLETE_AUDIO_AUDIT
220485,28.1,IFA_44_33_1753.wav,44100,24-03-20 00:00,mosquito,an funestus ss,Female,f,Single,,LT,telinga,tascam,Tanzania,Kilombero District,Morogoro,Ifakara,cup,220485.wav,IFA_44_33_1753.wav,Tanzania|Ifakara|cup|24-03-20 00:00,training,,anopheles_funestus_ss,raw/humbug_core/220485.wav,CANDIDATE_PENDING_COMPLETE_AUDIO_AUDIT
220460,33.28,IFA_44_34_1754.wav,44100,24-03-20 00:00,mosquito,ae aegypti,Female,f,Single,,LC,telinga,tascam,Tanzania,Kilombero District,Morogoro,Ifakara,cup,220460.wav,IFA_44_34_1754.wav,Tanzania|Ifakara|cup|24-03-20 00:00,excluded,aegypti excluded: capture-method confound (LC only) and four dates,,raw/humbug_core/220460.wav,CANDIDATE_PENDING_COMPLETE_AUDIO_AUDIT
220498,38.34,IFA_44_35_1755.wav,44100,24-03-20 00:00,mosquito,ae aegypti,Female,f,Single,,LC,telinga,tascam,Tanzania,Kilombero District,Morogoro,Ifakara,cup,220498.wav,IFA_44_35_1755.wav,Tanzania|Ifakara|cup|24-03-20 00:00,excluded,aegypti excluded: capture-method confound (LC only) and four dates,,raw/humbug_core/220498.wav,CANDIDATE_PENDING_COMPLETE_AUDIO_AUDIT
220464,30.66,IFA_44_36_1756.wav,44100,24-03-20 00:00,mosquito,ae aegypti,Female,f,Single,,LC,telinga,tascam,Tanzania,Kilombero District,Morogoro,Ifakara,cup,220464.wav,IFA_44_36_1756.wav,Tanzania|Ifakara|cup|24-03-20 00:00,excluded,aegypti excluded: capture-method confound (LC only) and four dates,,raw/humbug_core/220464.wav,CANDIDATE_PENDING_COMPLETE_AUDIO_AUDIT
220451,7.68,IFA_44_37_1757.wav,44100,24-03-20 00:00,mosquito,ae aegypti,Female,f,Single,,LC,telinga,tascam,Tanzania,Kilombero District,Morogoro,Ifakara,cup,220451.wav,IFA_44_37_1757.wav,Tanzania|Ifakara|cup|24-03-20 00:00,excluded,aegypti excluded: capture-method confound (LC only) and four dates,,raw/humbug_core/220451.wav,CANDIDATE_PENDING_COMPLETE_AUDIO_AUDIT
220452,17.86,IFA_44_37_1757.wav,44100,24-03-20 00:00,mosquito,ae aegypti,Female,f,Single,,LC,telinga,tascam,Tanzania,Kilombero District,Morogoro,Ifakara,cup,220452.wav,IFA_44_37_1757.wav,Tanzania|Ifakara|cup|24-03-20 00:00,excluded,aegypti excluded: capture-method confound (LC only) and four dates,,raw/humbug_core/220452.wav,CANDIDATE_PENDING_COMPLETE_AUDIO_AUDIT
220503,25.54,IFA_44_39_1759.wav,44100,24-03-20 00:00,mosquito,ae aegypti,Female,f,Single,,LC,telinga,tascam,Tanzania,Kilombero District,Morogoro,Ifakara,cup,220503.wav,IFA_44_39_1759.wav,Tanzania|Ifakara|cup|24-03-20 00:00,excluded,aegypti excluded: capture-method confound (LC only) and four dates,,raw/humbug_core/220503.wav,CANDIDATE_PENDING_COMPLETE_AUDIO_AUDIT
220446,12.8,IFA_44_40_1760.wav,44100,24-03-20 00:00,mosquito,ae aegypti,Female,f,Single,,LC,telinga,tascam,Tanzania,Kilombero District,Morogoro,Ifakara,cup,220446.wav,IFA_44_40_1760.wav,Tanzania|Ifakara|cup|24-03-20 00:00,excluded,aegypti excluded: capture-method confound (LC only) and four dates,,raw/humbug_core/220446.wav,CANDIDATE_PENDING_COMPLETE_AUDIO_AUDIT
220447,2.56,IFA_44_40_1760.wav,44100,24-03-20 00:00,mosquito,ae aegypti,Female,f,Single,,LC,telinga,tascam,Tanzania,Kilombero District,Morogoro,Ifakara,cup,220447.wav,IFA_44_40_1760.wav,Tanzania|Ifakara|cup|24-03-20 00:00,excluded,aegypti excluded: capture-method confound (LC only) and four dates,,raw/humbug_core/220447.wav,CANDIDATE_PENDING_COMPLETE_AUDIO_AUDIT
220445,2.56,IFA_44_40_1760.wav,44100,24-03-20 00:00,mosquito,ae aegypti,Female,f,Single,,LC,telinga,tascam,Tanzania,Kilombero District,Morogoro,Ifakara,cup,220445.wav,IFA_44_40_1760.wav,Tanzania|Ifakara|cup|24-03-20 00:00,excluded,aegypti excluded: capture-method confound (LC only) and four dates,,raw/humbug_core/220445.wav,CANDIDATE_PENDING_COMPLETE_AUDIO_AUDIT
220444,5.12,IFA_44_40_1760.wav,44100,24-03-20 00:00,mosquito,ae aegypti,Female,f,Single,,LC,telinga,tascam,Tanzania,Kilombero District,Morogoro,Ifakara,cup,220444.wav,IFA_44_40_1760.wav,Tanzania|Ifakara|cup|24-03-20 00:00,excluded,aegypti excluded: capture-method confound (LC only) and four dates,,raw/humbug_core/220444.wav,CANDIDATE_PENDING_COMPLETE_AUDIO_AUDIT
220466,28.16,IFA_45_10_1770.wav,44100,24-03-20 00:00,mosquito,ae aegypti,Female,f,Single,,LC,telinga,tascam,Tanzania,Kilombero District,Morogoro,Ifakara,cup,220466.wav,IFA_45_10_1770.wav,Tanzania|Ifakara|cup|24-03-20 00:00,excluded,aegypti excluded: capture-method confound (LC only) and four dates,,raw/humbug_core/220466.wav,CANDIDATE_PENDING_COMPLETE_AUDIO_AUDIT
220467,5.12,IFA_45_10_1770.wav,44100,24-03-20 00:00,mosquito,ae aegypti,Female,f,Single,,LC,telinga,tascam,Tanzania,Kilombero District,Morogoro,Ifakara,cup,220467.wav,IFA_45_10_1770.wav,Tanzania|Ifakara|cup|24-03-20 00:00,excluded,aegypti excluded: capture-method confound (LC only) and four dates,,raw/humbug_core/220467.wav,CANDIDATE_PENDING_COMPLETE_AUDIO_AUDIT
220463,38.4,IFA_45_11_1771.wav,44100,24-03-20 00:00,mosquito,ae aegypti,Female,f,Single,,LC,telinga,tascam,Tanzania,Kilombero District,Morogoro,Ifakara,cup,220463.wav,IFA_45_11_1771.wav,Tanzania|Ifakara|cup|24-03-20 00:00,excluded,aegypti excluded: capture-method confound (LC only) and four dates,,raw/humbug_core/220463.wav,CANDIDATE_PENDING_COMPLETE_AUDIO_AUDIT
220500,30.72,IFA_45_12_1772.wav,44100,24-03-20 00:00,mosquito,ae aegypti,Female,f,Single,,LC,telinga,tascam,Tanzania,Kilombero District,Morogoro,Ifakara,cup,220500.wav,IFA_45_12_1772.wav,Tanzania|Ifakara|cup|24-03-20 00:00,excluded,aegypti excluded: capture-method confound (LC only) and four dates,,raw/humbug_core/220500.wav,CANDIDATE_PENDING_COMPLETE_AUDIO_AUDIT
220441,28.1,IFA_45_13_1773.wav,44100,24-03-20 00:00,mosquito,ae aegypti,Female,f,Single,,LC,telinga,tascam,Tanzania,Kilombero District,Morogoro,Ifakara,cup,220441.wav,IFA_45_13_1773.wav,Tanzania|Ifakara|cup|24-03-20 00:00,excluded,aegypti excluded: capture-method confound (LC only) and four dates,,raw/humbug_core/220441.wav,CANDIDATE_PENDING_COMPLETE_AUDIO_AUDIT
220462,7.68,IFA_45_14_1774.wav,44100,24-03-20 00:00,mosquito,ae aegypti,Female,f,Single,,LC,telinga,tascam,Tanzania,Kilombero District,Morogoro,Ifakara,cup,220462.wav,IFA_45_14_1774.wav,Tanzania|Ifakara|cup|24-03-20 00:00,excluded,aegypti excluded: capture-method confound (LC only) and four dates,,raw/humbug_core/220462.wav,CANDIDATE_PENDING_COMPLETE_AUDIO_AUDIT
220461,15.36,IFA_45_14_1774.wav,44100,24-03-20 00:00,mosquito,ae aegypti,Female,f,Single,,LC,telinga,tascam,Tanzania,Kilombero District,Morogoro,Ifakara,cup,220461.wav,IFA_45_14_1774.wav,Tanzania|Ifakara|cup|24-03-20 00:00,excluded,aegypti excluded: capture-method confound (LC only) and four dates,,raw/humbug_core/220461.wav,CANDIDATE_PENDING_COMPLETE_AUDIO_AUDIT
220473,7.68,IFA_45_15_1775.wav,44100,24-03-20 00:00,mosquito,ae aegypti,Female,f,Single,,LC,telinga,tascam,Tanzania,Kilombero District,Morogoro,Ifakara,cup,220473.wav,IFA_45_15_1775.wav,Tanzania|Ifakara|cup|24-03-20 00:00,excluded,aegypti excluded: capture-method confound (LC only) and four dates,,raw/humbug_core/220473.wav,CANDIDATE_PENDING_COMPLETE_AUDIO_AUDIT
220472,2.56,IFA_45_15_1775.wav,44100,24-03-20 00:00,mosquito,ae aegypti,Female,f,Single,,LC,telinga,tascam,Tanzania,Kilombero District,Morogoro,Ifakara,cup,220472.wav,IFA_45_15_1775.wav,Tanzania|Ifakara|cup|24-03-20 00:00,excluded,aegypti excluded: capture-method confound (LC only) and four dates,,raw/humbug_core/220472.wav,CANDIDATE_PENDING_COMPLETE_AUDIO_AUDIT
220488,25.6,IFA_45_16_1776.wav,44100,24-03-20 00:00,mosquito,ae aegypti,Female,f,Single,,LC,telinga,tascam,Tanzania,Kilombero District,Morogoro,Ifakara,cup,220488.wav,IFA_45_16_1776.wav,Tanzania|Ifakara|cup|24-03-20 00:00,excluded,aegypti excluded: capture-method confound (LC only) and four dates,,raw/humbug_core/220488.wav,CANDIDATE_PENDING_COMPLETE_AUDIO_AUDIT
220482,30.66,IFA_45_17_1777.wav,44100,24-03-20 00:00,mosquito,ae aegypti,Female,f,Single,,LC,telinga,tascam,Tanzania,Kilombero District,Morogoro,Ifakara,cup,220482.wav,IFA_45_17_1777.wav,Tanzania|Ifakara|cup|24-03-20 00:00,excluded,aegypti excluded: capture-method confound (LC only) and four dates,,raw/humbug_core/220482.wav,CANDIDATE_PENDING_COMPLETE_AUDIO_AUDIT
221092,20.42,IFA_45_23_1783.wav,44100,26-03-20 00:00,mosquito,an arabiensis,Female,f,Single,,LT,telinga,tascam,Tanzania,Kilombero District,Morogoro,Ifakara,cup,221092.wav,IFA_45_23_1783.wav,Tanzania|Ifakara|cup|26-03-20 00:00,validation,,anopheles_arabiensis,raw/humbug_core/221092.wav,CANDIDATE_PENDING_COMPLETE_AUDIO_AUDIT
221091,15.36,IFA_45_23_1783.wav,44100,26-03-20 00:00,mosquito,an arabiensis,Female,f,Single,,LT,telinga,tascam,Tanzania,Kilombero District,Morogoro,Ifakara,cup,221091.wav,IFA_45_23_1783.wav,Tanzania|Ifakara|cup|26-03-20 00:00,validation,,anopheles_arabiensis,raw/humbug_core/221091.wav,CANDIDATE_PENDING_COMPLETE_AUDIO_AUDIT
221079,12.8,IFA_45_27_1787.wav,44100,26-03-20 00:00,mosquito,an arabiensis,Female,f,Single,,LT,telinga,tascam,Tanzania,Kilombero District,Morogoro,Ifakara,cup,221079.wav,IFA_45_27_1787.wav,Tanzania|Ifakara|cup|26-03-20 00:00,validation,,anopheles_arabiensis,raw/humbug_core/221079.wav,CANDIDATE_PENDING_COMPLETE_AUDIO_AUDIT
221080,7.62,IFA_45_27_1787.wav,44100,26-03-20 00:00,mosquito,an arabiensis,Female,f,Single,,LT,telinga,tascam,Tanzania,Kilombero District,Morogoro,Ifakara,cup,221080.wav,IFA_45_27_1787.wav,Tanzania|Ifakara|cup|26-03-20 00:00,validation,,anopheles_arabiensis,raw/humbug_core/221080.wav,CANDIDATE_PENDING_COMPLETE_AUDIO_AUDIT
221078,12.8,IFA_45_27_1787.wav,44100,26-03-20 00:00,mosquito,an arabiensis,Female,f,Single,,LT,telinga,tascam,Tanzania,Kilombero District,Morogoro,Ifakara,cup,221078.wav,IFA_45_27_1787.wav,Tanzania|Ifakara|cup|26-03-20 00:00,validation,,anopheles_arabiensis,raw/humbug_core/221078.wav,CANDIDATE_PENDING_COMPLETE_AUDIO_AUDIT
221077,7.68,IFA_45_27_1787.wav,44100,26-03-20 00:00,mosquito,an arabiensis,Female,f,Single,,LT,telinga,tascam,Tanzania,Kilombero District,Morogoro,Ifakara,cup,221077.wav,IFA_45_27_1787.wav,Tanzania|Ifakara|cup|26-03-20 00:00,validation,,anopheles_arabiensis,raw/humbug_core/221077.wav,CANDIDATE_PENDING_COMPLETE_AUDIO_AUDIT
221071,10.24,IFA_45_31_1791.wav,44100,26-03-20 00:00,mosquito,an arabiensis,Female,f,Single,,LT,telinga,tascam,Tanzania,Kilombero District,Morogoro,Ifakara,cup,221071.wav,IFA_45_31_1791.wav,Tanzania|Ifakara|cup|26-03-20 00:00,validation,,anopheles_arabiensis,raw/humbug_core/221071.wav,CANDIDATE_PENDING_COMPLETE_AUDIO_AUDIT
221094,7.68,IFA_45_33_1793.wav,44100,26-03-20 00:00,mosquito,an arabiensis,Female,f,Single,,LT,telinga,tascam,Tanzania,Kilombero District,Morogoro,Ifakara,cup,221094.wav,IFA_45_33_1793.wav,Tanzania|Ifakara|cup|26-03-20 00:00,validation,,anopheles_arabiensis,raw/humbug_core/221094.wav,CANDIDATE_PENDING_COMPLETE_AUDIO_AUDIT
221081,5.12,IFA_45_35_1795.wav,44100,26-03-20 00:00,mosquito,an arabiensis,Female,f,Single,,LT,telinga,tascam,Tanzania,Kilombero District,Morogoro,Ifakara,cup,221081.wav,IFA_45_35_1795.wav,Tanzania|Ifakara|cup|26-03-20 00:00,validation,,anopheles_arabiensis,raw/humbug_core/221081.wav,CANDIDATE_PENDING_COMPLETE_AUDIO_AUDIT
221082,5.12,IFA_45_35_1795.wav,44100,26-03-20 00:00,mosquito,an arabiensis,Female,f,Single,,LT,telinga,tascam,Tanzania,Kilombero District,Morogoro,Ifakara,cup,221082.wav,IFA_45_35_1795.wav,Tanzania|Ifakara|cup|26-03-20 00:00,validation,,anopheles_arabiensis,raw/humbug_core/221082.wav,CANDIDATE_PENDING_COMPLETE_AUDIO_AUDIT
221083,10.24,IFA_45_35_1795.wav,44100,26-03-20 00:00,mosquito,an arabiensis,Female,f,Single,,LT,telinga,tascam,Tanzania,Kilombero District,Morogoro,Ifakara,cup,221083.wav,IFA_45_35_1795.wav,Tanzania|Ifakara|cup|26-03-20 00:00,validation,,anopheles_arabiensis,raw/humbug_core/221083.wav,CANDIDATE_PENDING_COMPLETE_AUDIO_AUDIT
221084,2.56,IFA_45_35_1795.wav,44100,26-03-20 00:00,mosquito,an arabiensis,Female,f,Single,,LT,telinga,tascam,Tanzania,Kilombero District,Morogoro,Ifakara,cup,221084.wav,IFA_45_35_1795.wav,Tanzania|Ifakara|cup|26-03-20 00:00,validation,,anopheles_arabiensis,raw/humbug_core/221084.wav,CANDIDATE_PENDING_COMPLETE_AUDIO_AUDIT
221086,17.86,IFA_45_37_1797.wav,44100,26-03-20 00:00,mosquito,an arabiensis,Female,f,Single,,LT,telinga,tascam,Tanzania,Kilombero District,Morogoro,Ifakara,cup,221086.wav,IFA_45_37_1797.wav,Tanzania|Ifakara|cup|26-03-20 00:00,validation,,anopheles_arabiensis,raw/humbug_core/221086.wav,CANDIDATE_PENDING_COMPLETE_AUDIO_AUDIT
221085,7.68,IFA_45_37_1797.wav,44100,26-03-20 00:00,mosquito,an arabiensis,Female,f,Single,,LT,telinga,tascam,Tanzania,Kilombero District,Morogoro,Ifakara,cup,221085.wav,IFA_45_37_1797.wav,Tanzania|Ifakara|cup|26-03-20 00:00,validation,,anopheles_arabiensis,raw/humbug_core/221085.wav,CANDIDATE_PENDING_COMPLETE_AUDIO_AUDIT
221072,43.52,IFA_45_38_1798.wav,44100,26-03-20 00:00,mosquito,an arabiensis,Female,f,Single,,LT,telinga,tascam,Tanzania,Kilombero District,Morogoro,Ifakara,cup,221072.wav,IFA_45_38_1798.wav,Tanzania|Ifakara|cup|26-03-20 00:00,validation,,anopheles_arabiensis,raw/humbug_core/221072.wav,CANDIDATE_PENDING_COMPLETE_AUDIO_AUDIT
221065,7.68,IFA_45_39_1799.wav,44100,26-03-20 00:00,mosquito,an funestus ss,Female,f,Single,,LT,telinga,tascam,Tanzania,Kilombero District,Morogoro,Ifakara,cup,221065.wav,IFA_45_39_1799.wav,Tanzania|Ifakara|cup|26-03-20 00:00,validation,,anopheles_funestus_ss,raw/humbug_core/221065.wav,CANDIDATE_PENDING_COMPLETE_AUDIO_AUDIT
221064,15.36,IFA_45_39_1799.wav,44100,26-03-20 00:00,mosquito,an funestus ss,Female,f,Single,,LT,telinga,tascam,Tanzania,Kilombero District,Morogoro,Ifakara,cup,221064.wav,IFA_45_39_1799.wav,Tanzania|Ifakara|cup|26-03-20 00:00,validation,,anopheles_funestus_ss,raw/humbug_core/221064.wav,CANDIDATE_PENDING_COMPLETE_AUDIO_AUDIT
221066,5.12,IFA_45_39_1799.wav,44100,26-03-20 00:00,mosquito,an funestus ss,Female,f,Single,,LT,telinga,tascam,Tanzania,Kilombero District,Morogoro,Ifakara,cup,221066.wav,IFA_45_39_1799.wav,Tanzania|Ifakara|cup|26-03-20 00:00,validation,,anopheles_funestus_ss,raw/humbug_core/221066.wav,CANDIDATE_PENDING_COMPLETE_AUDIO_AUDIT
221067,2.56,IFA_45_39_1799.wav,44100,26-03-20 00:00,mosquito,an funestus ss,Female,f,Single,,LT,telinga,tascam,Tanzania,Kilombero District,Morogoro,Ifakara,cup,221067.wav,IFA_45_39_1799.wav,Tanzania|Ifakara|cup|26-03-20 00:00,validation,,anopheles_funestus_ss,raw/humbug_core/221067.wav,CANDIDATE_PENDING_COMPLETE_AUDIO_AUDIT
221070,7.68,IFA_46_12_1812.wav,44100,26-03-20 00:00,mosquito,ae aegypti,Female,f,Single,,LC,telinga,tascam,Tanzania,Kilombero District,Morogoro,Ifakara,cup,221070.wav,IFA_46_12_1812.wav,Tanzania|Ifakara|cup|26-03-20 00:00,excluded,aegypti excluded: capture-method confound (LC only) and four dates,,raw/humbug_core/221070.wav,CANDIDATE_PENDING_COMPLETE_AUDIO_AUDIT
221303,2.56,IFA_47_16_1856.wav,44100,27-03-20 00:00,mosquito,an arabiensis,Female,f,Single,,LT,telinga,tascam,Tanzania,Kilombero District,Morogoro,Ifakara,cup,221303.wav,IFA_47_16_1856.wav,Tanzania|Ifakara|cup|27-03-20 00:00,excluded,date has only one eligible species; exclude date confound,anopheles_arabiensis,raw/humbug_core/221303.wav,CANDIDATE_PENDING_COMPLETE_AUDIO_AUDIT
221302,2.56,IFA_47_16_1856.wav,44100,27-03-20 00:00,mosquito,an arabiensis,Female,f,Single,,LT,telinga,tascam,Tanzania,Kilombero District,Morogoro,Ifakara,cup,221302.wav,IFA_47_16_1856.wav,Tanzania|Ifakara|cup|27-03-20 00:00,excluded,date has only one eligible species; exclude date confound,anopheles_arabiensis,raw/humbug_core/221302.wav,CANDIDATE_PENDING_COMPLETE_AUDIO_AUDIT
221233,2.56,IFA_48_10_1890.wav,44100,16-06-20 00:00,mosquito,an arabiensis,Female,f,Single,,LT,telinga,tascam,Tanzania,Kilombero District,Morogoro,Ifakara,cup,221233.wav,IFA_48_10_1890.wav,Tanzania|Ifakara|cup|16-06-20 00:00,validation,,anopheles_arabiensis,raw/humbug_core/221233.wav,CANDIDATE_PENDING_COMPLETE_AUDIO_AUDIT
221225,12.8,IFA_48_11_1891.wav,44100,16-06-20 00:00,mosquito,an arabiensis,Female,f,Single,,LT,telinga,tascam,Tanzania,Kilombero District,Morogoro,Ifakara,cup,221225.wav,IFA_48_11_1891.wav,Tanzania|Ifakara|cup|16-06-20 00:00,validation,,anopheles_arabiensis,raw/humbug_core/221225.wav,CANDIDATE_PENDING_COMPLETE_AUDIO_AUDIT
221224,2.56,IFA_48_11_1891.wav,44100,16-06-20 00:00,mosquito,an arabiensis,Female,f,Single,,LT,telinga,tascam,Tanzania,Kilombero District,Morogoro,Ifakara,cup,221224.wav,IFA_48_11_1891.wav,Tanzania|Ifakara|cup|16-06-20 00:00,validation,,anopheles_arabiensis,raw/humbug_core/221224.wav,CANDIDATE_PENDING_COMPLETE_AUDIO_AUDIT
221226,2.56,IFA_48_11_1891.wav,44100,16-06-20 00:00,mosquito,an arabiensis,Female,f,Single,,LT,telinga,tascam,Tanzania,Kilombero District,Morogoro,Ifakara,cup,221226.wav,IFA_48_11_1891.wav,Tanzania|Ifakara|cup|16-06-20 00:00,validation,,anopheles_arabiensis,raw/humbug_core/221226.wav,CANDIDATE_PENDING_COMPLETE_AUDIO_AUDIT
221241,12.8,IFA_48_12_1892.wav,44100,16-06-20 00:00,mosquito,an arabiensis,Female,f,Single,,LT,telinga,tascam,Tanzania,Kilombero District,Morogoro,Ifakara,cup,221241.wav,IFA_48_12_1892.wav,Tanzania|Ifakara|cup|16-06-20 00:00,validation,,anopheles_arabiensis,raw/humbug_core/221241.wav,CANDIDATE_PENDING_COMPLETE_AUDIO_AUDIT
221240,2.56,IFA_48_12_1892.wav,44100,16-06-20 00:00,mosquito,an arabiensis,Female,f,Single,,LT,telinga,tascam,Tanzania,Kilombero District,Morogoro,Ifakara,cup,221240.wav,IFA_48_12_1892.wav,Tanzania|Ifakara|cup|16-06-20 00:00,validation,,anopheles_arabiensis,raw/humbug_core/221240.wav,CANDIDATE_PENDING_COMPLETE_AUDIO_AUDIT
221257,2.56,IFA_48_13_1893.wav,44100,16-06-20 00:00,mosquito,an arabiensis,Female,f,Single,,LT,telinga,tascam,Tanzania,Kilombero District,Morogoro,Ifakara,cup,221257.wav,IFA_48_13_1893.wav,Tanzania|Ifakara|cup|16-06-20 00:00,validation,,anopheles_arabiensis,raw/humbug_core/221257.wav,CANDIDATE_PENDING_COMPLETE_AUDIO_AUDIT
221256,2.56,IFA_48_13_1893.wav,44100,16-06-20 00:00,mosquito,an arabiensis,Female,f,Single,,LT,telinga,tascam,Tanzania,Kilombero District,Morogoro,Ifakara,cup,221256.wav,IFA_48_13_1893.wav,Tanzania|Ifakara|cup|16-06-20 00:00,validation,,anopheles_arabiensis,raw/humbug_core/221256.wav,CANDIDATE_PENDING_COMPLETE_AUDIO_AUDIT
221258,20.42,IFA_48_13_1893.wav,44100,16-06-20 00:00,mosquito,an arabiensis,Female,f,Single,,LT,telinga,tascam,Tanzania,Kilombero District,Morogoro,Ifakara,cup,221258.wav,IFA_48_13_1893.wav,Tanzania|Ifakara|cup|16-06-20 00:00,validation,,anopheles_arabiensis,raw/humbug_core/221258.wav,CANDIDATE_PENDING_COMPLETE_AUDIO_AUDIT
221227,58.82,IFA_48_15_1895.wav,44100,16-06-20 00:00,mosquito,an arabiensis,Female,f,Single,,LT,telinga,tascam,Tanzania,Kilombero District,Morogoro,Ifakara,cup,221227.wav,IFA_48_15_1895.wav,Tanzania|Ifakara|cup|16-06-20 00:00,validation,,anopheles_arabiensis,raw/humbug_core/221227.wav,CANDIDATE_PENDING_COMPLETE_AUDIO_AUDIT
221231,35.78,IFA_48_16_1896.wav,44100,16-06-20 00:00,mosquito,an arabiensis,Female,f,Single,,LT,telinga,tascam,Tanzania,Kilombero District,Morogoro,Ifakara,cup,221231.wav,IFA_48_16_1896.wav,Tanzania|Ifakara|cup|16-06-20 00:00,validation,,anopheles_arabiensis,raw/humbug_core/221231.wav,CANDIDATE_PENDING_COMPLETE_AUDIO_AUDIT
221249,15.3,IFA_48_17_1897.wav,44100,16-06-20 00:00,mosquito,an funestus ss,Female,f,Single,,LT,telinga,tascam,Tanzania,Kilombero District,Morogoro,Ifakara,cup,221249.wav,IFA_48_17_1897.wav,Tanzania|Ifakara|cup|16-06-20 00:00,validation,,anopheles_funestus_ss,raw/humbug_core/221249.wav,CANDIDATE_PENDING_COMPLETE_AUDIO_AUDIT
221239,35.78,IFA_48_22_1902.wav,44100,16-06-20 00:00,mosquito,an arabiensis,Female,f,Single,,LT,telinga,tascam,Tanzania,Kilombero District,Morogoro,Ifakara,cup,221239.wav,IFA_48_22_1902.wav,Tanzania|Ifakara|cup|16-06-20 00:00,validation,,anopheles_arabiensis,raw/humbug_core/221239.wav,CANDIDATE_PENDING_COMPLETE_AUDIO_AUDIT
221255,2.56,IFA_48_24_1904.wav,44100,16-06-20 00:00,mosquito,an arabiensis,Female,f,Single,,LT,telinga,tascam,Tanzania,Kilombero District,Morogoro,Ifakara,cup,221255.wav,IFA_48_24_1904.wav,Tanzania|Ifakara|cup|16-06-20 00:00,validation,,anopheles_arabiensis,raw/humbug_core/221255.wav,CANDIDATE_PENDING_COMPLETE_AUDIO_AUDIT
221254,2.56,IFA_48_24_1904.wav,44100,16-06-20 00:00,mosquito,an arabiensis,Female,f,Single,,LT,telinga,tascam,Tanzania,Kilombero District,Morogoro,Ifakara,cup,221254.wav,IFA_48_24_1904.wav,Tanzania|Ifakara|cup|16-06-20 00:00,validation,,anopheles_arabiensis,raw/humbug_core/221254.wav,CANDIDATE_PENDING_COMPLETE_AUDIO_AUDIT
221253,5.12,IFA_48_24_1904.wav,44100,16-06-20 00:00,mosquito,an arabiensis,Female,f,Single,,LT,telinga,tascam,Tanzania,Kilombero District,Morogoro,Ifakara,cup,221253.wav,IFA_48_24_1904.wav,Tanzania|Ifakara|cup|16-06-20 00:00,validation,,anopheles_arabiensis,raw/humbug_core/221253.wav,CANDIDATE_PENDING_COMPLETE_AUDIO_AUDIT
221242,2.5,IFA_48_25_1905.wav,44100,16-06-20 00:00,mosquito,an funestus ss,Female,f,Single,,LT,telinga,tascam,Tanzania,Kilombero District,Morogoro,Ifakara,cup,221242.wav,IFA_48_25_1905.wav,Tanzania|Ifakara|cup|16-06-20 00:00,validation,,anopheles_funestus_ss,raw/humbug_core/221242.wav,CANDIDATE_PENDING_COMPLETE_AUDIO_AUDIT
221260,7.68,IFA_48_30_1910.wav,44100,16-06-20 00:00,mosquito,an arabiensis,Female,f,Single,,LT,telinga,tascam,Tanzania,Kilombero District,Morogoro,Ifakara,cup,221260.wav,IFA_48_30_1910.wav,Tanzania|Ifakara|cup|16-06-20 00:00,validation,,anopheles_arabiensis,raw/humbug_core/221260.wav,CANDIDATE_PENDING_COMPLETE_AUDIO_AUDIT
221247,5.12,IFA_48_36_1916.wav,44100,16-06-20 00:00,mosquito,an funestus ss,Female,f,Single,,LT,telinga,tascam,Tanzania,Kilombero District,Morogoro,Ifakara,cup,221247.wav,IFA_48_36_1916.wav,Tanzania|Ifakara|cup|16-06-20 00:00,validation,,anopheles_funestus_ss,raw/humbug_core/221247.wav,CANDIDATE_PENDING_COMPLETE_AUDIO_AUDIT
221220,2.56,IFA_48_37_1917.wav,44100,16-06-20 00:00,mosquito,an funestus ss,Female,f,Single,,LT,telinga,tascam,Tanzania,Kilombero District,Morogoro,Ifakara,cup,221220.wav,IFA_48_37_1917.wav,Tanzania|Ifakara|cup|16-06-20 00:00,validation,,anopheles_funestus_ss,raw/humbug_core/221220.wav,CANDIDATE_PENDING_COMPLETE_AUDIO_AUDIT
221221,2.56,IFA_48_37_1917.wav,44100,16-06-20 00:00,mosquito,an funestus ss,Female,f,Single,,LT,telinga,tascam,Tanzania,Kilombero District,Morogoro,Ifakara,cup,221221.wav,IFA_48_37_1917.wav,Tanzania|Ifakara|cup|16-06-20 00:00,validation,,anopheles_funestus_ss,raw/humbug_core/221221.wav,CANDIDATE_PENDING_COMPLETE_AUDIO_AUDIT
221228,7.68,IFA_48_40_1920.wav,44100,16-06-20 00:00,mosquito,an funestus ss,Female,f,Single,,LT,telinga,tascam,Tanzania,Kilombero District,Morogoro,Ifakara,cup,221228.wav,IFA_48_40_1920.wav,Tanzania|Ifakara|cup|16-06-20 00:00,validation,,anopheles_funestus_ss,raw/humbug_core/221228.wav,CANDIDATE_PENDING_COMPLETE_AUDIO_AUDIT
221330,5.06,IFA_49_13_1933.wav,44100,17-06-20 00:00,mosquito,an funestus ss,Female,f,Single,,LT,telinga,tascam,Tanzania,Kilombero District,Morogoro,Ifakara,cup,221330.wav,IFA_49_13_1933.wav,Tanzania|Ifakara|cup|17-06-20 00:00,training,,anopheles_funestus_ss,raw/humbug_core/221330.wav,CANDIDATE_PENDING_COMPLETE_AUDIO_AUDIT
221329,35.84,IFA_49_13_1933.wav,44100,17-06-20 00:00,mosquito,an funestus ss,Female,f,Single,,LT,telinga,tascam,Tanzania,Kilombero District,Morogoro,Ifakara,cup,221329.wav,IFA_49_13_1933.wav,Tanzania|Ifakara|cup|17-06-20 00:00,training,,anopheles_funestus_ss,raw/humbug_core/221329.wav,CANDIDATE_PENDING_COMPLETE_AUDIO_AUDIT
221319,40.9,IFA_49_14_1934.wav,44100,17-06-20 00:00,mosquito,an funestus ss,Female,f,Single,,LT,telinga,tascam,Tanzania,Kilombero District,Morogoro,Ifakara,cup,221319.wav,IFA_49_14_1934.wav,Tanzania|Ifakara|cup|17-06-20 00:00,training,,anopheles_funestus_ss,raw/humbug_core/221319.wav,CANDIDATE_PENDING_COMPLETE_AUDIO_AUDIT
221337,17.86,IFA_49_15_1935.wav,44100,17-06-20 00:00,mosquito,an funestus ss,Female,f,Single,,LT,telinga,tascam,Tanzania,Kilombero District,Morogoro,Ifakara,cup,221337.wav,IFA_49_15_1935.wav,Tanzania|Ifakara|cup|17-06-20 00:00,training,,anopheles_funestus_ss,raw/humbug_core/221337.wav,CANDIDATE_PENDING_COMPLETE_AUDIO_AUDIT
221340,12.74,IFA_49_16_1936.wav,44100,17-06-20 00:00,mosquito,an funestus ss,Female,f,Single,,LT,telinga,tascam,Tanzania,Kilombero District,Morogoro,Ifakara,cup,221340.wav,IFA_49_16_1936.wav,Tanzania|Ifakara|cup|17-06-20 00:00,training,,anopheles_funestus_ss,raw/humbug_core/221340.wav,CANDIDATE_PENDING_COMPLETE_AUDIO_AUDIT
221339,28.16,IFA_49_16_1936.wav,44100,17-06-20 00:00,mosquito,an funestus ss,Female,f,Single,,LT,telinga,tascam,Tanzania,Kilombero District,Morogoro,Ifakara,cup,221339.wav,IFA_49_16_1936.wav,Tanzania|Ifakara|cup|17-06-20 00:00,training,,anopheles_funestus_ss,raw/humbug_core/221339.wav,CANDIDATE_PENDING_COMPLETE_AUDIO_AUDIT
221309,30.66,IFA_49_17_1937.wav,44100,17-06-20 00:00,mosquito,an funestus ss,Female,f,Single,,LT,telinga,tascam,Tanzania,Kilombero District,Morogoro,Ifakara,cup,221309.wav,IFA_49_17_1937.wav,Tanzania|Ifakara|cup|17-06-20 00:00,training,,anopheles_funestus_ss,raw/humbug_core/221309.wav,CANDIDATE_PENDING_COMPLETE_AUDIO_AUDIT
221321,12.8,IFA_49_18_1938.wav,44100,17-06-20 00:00,mosquito,an arabiensis,Female,f,Single,,LT,telinga,tascam,Tanzania,Kilombero District,Morogoro,Ifakara,cup,221321.wav,IFA_49_18_1938.wav,Tanzania|Ifakara|cup|17-06-20 00:00,training,,anopheles_arabiensis,raw/humbug_core/221321.wav,CANDIDATE_PENDING_COMPLETE_AUDIO_AUDIT
221320,5.12,IFA_49_18_1938.wav,44100,17-06-20 00:00,mosquito,an arabiensis,Female,f,Single,,LT,telinga,tascam,Tanzania,Kilombero District,Morogoro,Ifakara,cup,221320.wav,IFA_49_18_1938.wav,Tanzania|Ifakara|cup|17-06-20 00:00,training,,anopheles_arabiensis,raw/humbug_core/221320.wav,CANDIDATE_PENDING_COMPLETE_AUDIO_AUDIT
221322,5.12,IFA_49_18_1938.wav,44100,17-06-20 00:00,mosquito,an arabiensis,Female,f,Single,,LT,telinga,tascam,Tanzania,Kilombero District,Morogoro,Ifakara,cup,221322.wav,IFA_49_18_1938.wav,Tanzania|Ifakara|cup|17-06-20 00:00,training,,anopheles_arabiensis,raw/humbug_core/221322.wav,CANDIDATE_PENDING_COMPLETE_AUDIO_AUDIT
221341,12.8,IFA_49_19_1939.wav,44100,17-06-20 00:00,mosquito,an arabiensis,Female,f,Single,,LT,telinga,tascam,Tanzania,Kilombero District,Morogoro,Ifakara,cup,221341.wav,IFA_49_19_1939.wav,Tanzania|Ifakara|cup|17-06-20 00:00,training,,anopheles_arabiensis,raw/humbug_core/221341.wav,CANDIDATE_PENDING_COMPLETE_AUDIO_AUDIT
221342,20.48,IFA_49_19_1939.wav,44100,17-06-20 00:00,mosquito,an arabiensis,Female,f,Single,,LT,telinga,tascam,Tanzania,Kilombero District,Morogoro,Ifakara,cup,221342.wav,IFA_49_19_1939.wav,Tanzania|Ifakara|cup|17-06-20 00:00,training,,anopheles_arabiensis,raw/humbug_core/221342.wav,CANDIDATE_PENDING_COMPLETE_AUDIO_AUDIT
221343,2.56,IFA_49_19_1939.wav,44100,17-06-20 00:00,mosquito,an arabiensis,Female,f,Single,,LT,telinga,tascam,Tanzania,Kilombero District,Morogoro,Ifakara,cup,221343.wav,IFA_49_19_1939.wav,Tanzania|Ifakara|cup|17-06-20 00:00,training,,anopheles_arabiensis,raw/humbug_core/221343.wav,CANDIDATE_PENDING_COMPLETE_AUDIO_AUDIT
221359,30.66,IFA_49_20_1940.wav,44100,17-06-20 00:00,mosquito,an funestus ss,Female,f,Single,,LT,telinga,tascam,Tanzania,Kilombero District,Morogoro,Ifakara,cup,221359.wav,IFA_49_20_1940.wav,Tanzania|Ifakara|cup|17-06-20 00:00,training,,anopheles_funestus_ss,raw/humbug_core/221359.wav,CANDIDATE_PENDING_COMPLETE_AUDIO_AUDIT
221350,5.12,IFA_49_21_1941.wav,44100,17-06-20 00:00,mosquito,an funestus ss,Female,f,Single,,LT,telinga,tascam,Tanzania,Kilombero District,Morogoro,Ifakara,cup,221350.wav,IFA_49_21_1941.wav,Tanzania|Ifakara|cup|17-06-20 00:00,training,,anopheles_funestus_ss,raw/humbug_core/221350.wav,CANDIDATE_PENDING_COMPLETE_AUDIO_AUDIT
221351,17.86,IFA_49_21_1941.wav,44100,17-06-20 00:00,mosquito,an funestus ss,Female,f,Single,,LT,telinga,tascam,Tanzania,Kilombero District,Morogoro,Ifakara,cup,221351.wav,IFA_49_21_1941.wav,Tanzania|Ifakara|cup|17-06-20 00:00,training,,anopheles_funestus_ss,raw/humbug_core/221351.wav,CANDIDATE_PENDING_COMPLETE_AUDIO_AUDIT
221349,2.56,IFA_49_21_1941.wav,44100,17-06-20 00:00,mosquito,an funestus ss,Female,f,Single,,LT,telinga,tascam,Tanzania,Kilombero District,Morogoro,Ifakara,cup,221349.wav,IFA_49_21_1941.wav,Tanzania|Ifakara|cup|17-06-20 00:00,training,,anopheles_funestus_ss,raw/humbug_core/221349.wav,CANDIDATE_PENDING_COMPLETE_AUDIO_AUDIT
221318,23.04,IFA_49_23_1943.wav,44100,17-06-20 00:00,mosquito,an arabiensis,Female,f,Single,,LT,telinga,tascam,Tanzania,Kilombero District,Morogoro,Ifakara,cup,221318.wav,IFA_49_23_1943.wav,Tanzania|Ifakara|cup|17-06-20 00:00,training,,anopheles_arabiensis,raw/humbug_core/221318.wav,CANDIDATE_PENDING_COMPLETE_AUDIO_AUDIT
221313,35.78,IFA_49_24_1944.wav,44100,17-06-20 00:00,mosquito,an arabiensis,Female,f,Single,,LT,telinga,tascam,Tanzania,Kilombero District,Morogoro,Ifakara,cup,221313.wav,IFA_49_24_1944.wav,Tanzania|Ifakara|cup|17-06-20 00:00,training,,anopheles_arabiensis,raw/humbug_core/221313.wav,CANDIDATE_PENDING_COMPLETE_AUDIO_AUDIT
221361,33.22,IFA_49_25_1945.wav,44100,17-06-20 00:00,mosquito,an arabiensis,Female,f,Single,,LT,telinga,tascam,Tanzania,Kilombero District,Morogoro,Ifakara,cup,221361.wav,IFA_49_25_1945.wav,Tanzania|Ifakara|cup|17-06-20 00:00,training,,anopheles_arabiensis,raw/humbug_core/221361.wav,CANDIDATE_PENDING_COMPLETE_AUDIO_AUDIT
221311,20.42,IFA_49_26_1946.wav,44100,17-06-20 00:00,mosquito,an arabiensis,Female,f,Single,,LT,telinga,tascam,Tanzania,Kilombero District,Morogoro,Ifakara,cup,221311.wav,IFA_49_26_1946.wav,Tanzania|Ifakara|cup|17-06-20 00:00,training,,anopheles_arabiensis,raw/humbug_core/221311.wav,CANDIDATE_PENDING_COMPLETE_AUDIO_AUDIT
221310,20.48,IFA_49_26_1946.wav,44100,17-06-20 00:00,mosquito,an arabiensis,Female,f,Single,,LT,telinga,tascam,Tanzania,Kilombero District,Morogoro,Ifakara,cup,221310.wav,IFA_49_26_1946.wav,Tanzania|Ifakara|cup|17-06-20 00:00,training,,anopheles_arabiensis,raw/humbug_core/221310.wav,CANDIDATE_PENDING_COMPLETE_AUDIO_AUDIT
221348,38.34,IFA_49_27_1947.wav,44100,17-06-20 00:00,mosquito,an arabiensis,Female,f,Single,,LT,telinga,tascam,Tanzania,Kilombero District,Morogoro,Ifakara,cup,221348.wav,IFA_49_27_1947.wav,Tanzania|Ifakara|cup|17-06-20 00:00,training,,anopheles_arabiensis,raw/humbug_core/221348.wav,CANDIDATE_PENDING_COMPLETE_AUDIO_AUDIT
221327,7.68,IFA_49_28_1948.wav,44100,17-06-20 00:00,mosquito,an arabiensis,Female,f,Single,,LT,telinga,tascam,Tanzania,Kilombero District,Morogoro,Ifakara,cup,221327.wav,IFA_49_28_1948.wav,Tanzania|Ifakara|cup|17-06-20 00:00,training,,anopheles_arabiensis,raw/humbug_core/221327.wav,CANDIDATE_PENDING_COMPLETE_AUDIO_AUDIT
221328,38.34,IFA_49_28_1948.wav,44100,17-06-20 00:00,mosquito,an arabiensis,Female,f,Single,,LT,telinga,tascam,Tanzania,Kilombero District,Morogoro,Ifakara,cup,221328.wav,IFA_49_28_1948.wav,Tanzania|Ifakara|cup|17-06-20 00:00,training,,anopheles_arabiensis,raw/humbug_core/221328.wav,CANDIDATE_PENDING_COMPLETE_AUDIO_AUDIT
221375,33.22,IFA_49_29_1949.wav,44100,17-06-20 00:00,mosquito,an arabiensis,Female,f,Single,,LT,telinga,tascam,Tanzania,Kilombero District,Morogoro,Ifakara,cup,221375.wav,IFA_49_29_1949.wav,Tanzania|Ifakara|cup|17-06-20 00:00,training,,anopheles_arabiensis,raw/humbug_core/221375.wav,CANDIDATE_PENDING_COMPLETE_AUDIO_AUDIT
221370,20.42,IFA_49_30_1950.wav,44100,17-06-20 00:00,mosquito,an arabiensis,Female,f,Single,,LT,telinga,tascam,Tanzania,Kilombero District,Morogoro,Ifakara,cup,221370.wav,IFA_49_30_1950.wav,Tanzania|Ifakara|cup|17-06-20 00:00,training,,anopheles_arabiensis,raw/humbug_core/221370.wav,CANDIDATE_PENDING_COMPLETE_AUDIO_AUDIT
221369,7.68,IFA_49_30_1950.wav,44100,17-06-20 00:00,mosquito,an arabiensis,Female,f,Single,,LT,telinga,tascam,Tanzania,Kilombero District,Morogoro,Ifakara,cup,221369.wav,IFA_49_30_1950.wav,Tanzania|Ifakara|cup|17-06-20 00:00,training,,anopheles_arabiensis,raw/humbug_core/221369.wav,CANDIDATE_PENDING_COMPLETE_AUDIO_AUDIT
221356,38.34,IFA_49_31_1951.wav,44100,17-06-20 00:00,mosquito,an arabiensis,Female,f,Single,,LT,telinga,tascam,Tanzania,Kilombero District,Morogoro,Ifakara,cup,221356.wav,IFA_49_31_1951.wav,Tanzania|Ifakara|cup|17-06-20 00:00,training,,anopheles_arabiensis,raw/humbug_core/221356.wav,CANDIDATE_PENDING_COMPLETE_AUDIO_AUDIT
221357,25.54,IFA_49_32_1952.wav,44100,17-06-20 00:00,mosquito,an arabiensis,Female,f,Single,,LT,telinga,tascam,Tanzania,Kilombero District,Morogoro,Ifakara,cup,221357.wav,IFA_49_32_1952.wav,Tanzania|Ifakara|cup|17-06-20 00:00,training,,anopheles_arabiensis,raw/humbug_core/221357.wav,CANDIDATE_PENDING_COMPLETE_AUDIO_AUDIT
221316,10.18,IFA_49_34_1954.wav,44100,17-06-20 00:00,mosquito,an funestus ss,Female,f,Single,,LT,telinga,tascam,Tanzania,Kilombero District,Morogoro,Ifakara,cup,221316.wav,IFA_49_34_1954.wav,Tanzania|Ifakara|cup|17-06-20 00:00,training,,anopheles_funestus_ss,raw/humbug_core/221316.wav,CANDIDATE_PENDING_COMPLETE_AUDIO_AUDIT
221315,17.92,IFA_49_34_1954.wav,44100,17-06-20 00:00,mosquito,an funestus ss,Female,f,Single,,LT,telinga,tascam,Tanzania,Kilombero District,Morogoro,Ifakara,cup,221315.wav,IFA_49_34_1954.wav,Tanzania|Ifakara|cup|17-06-20 00:00,training,,anopheles_funestus_ss,raw/humbug_core/221315.wav,CANDIDATE_PENDING_COMPLETE_AUDIO_AUDIT
221345,25.6,IFA_49_36_1956.wav,44100,17-06-20 00:00,mosquito,an arabiensis,Female,f,Single,,LT,telinga,tascam,Tanzania,Kilombero District,Morogoro,Ifakara,cup,221345.wav,IFA_49_36_1956.wav,Tanzania|Ifakara|cup|17-06-20 00:00,training,,anopheles_arabiensis,raw/humbug_core/221345.wav,CANDIDATE_PENDING_COMPLETE_AUDIO_AUDIT
221374,20.42,IFA_49_37_1957.wav,44100,17-06-20 00:00,mosquito,an arabiensis,Female,f,Single,,LT,telinga,tascam,Tanzania,Kilombero District,Morogoro,Ifakara,cup,221374.wav,IFA_49_37_1957.wav,Tanzania|Ifakara|cup|17-06-20 00:00,training,,anopheles_arabiensis,raw/humbug_core/221374.wav,CANDIDATE_PENDING_COMPLETE_AUDIO_AUDIT
221373,5.12,IFA_49_37_1957.wav,44100,17-06-20 00:00,mosquito,an arabiensis,Female,f,Single,,LT,telinga,tascam,Tanzania,Kilombero District,Morogoro,Ifakara,cup,221373.wav,IFA_49_37_1957.wav,Tanzania|Ifakara|cup|17-06-20 00:00,training,,anopheles_arabiensis,raw/humbug_core/221373.wav,CANDIDATE_PENDING_COMPLETE_AUDIO_AUDIT
221325,33.22,IFA_49_38_1958.wav,44100,17-06-20 00:00,mosquito,an arabiensis,Female,f,Single,,LT,telinga,tascam,Tanzania,Kilombero District,Morogoro,Ifakara,cup,221325.wav,IFA_49_38_1958.wav,Tanzania|Ifakara|cup|17-06-20 00:00,training,,anopheles_arabiensis,raw/humbug_core/221325.wav,CANDIDATE_PENDING_COMPLETE_AUDIO_AUDIT
221324,7.68,IFA_49_38_1958.wav,44100,17-06-20 00:00,mosquito,an arabiensis,Female,f,Single,,LT,telinga,tascam,Tanzania,Kilombero District,Morogoro,Ifakara,cup,221324.wav,IFA_49_38_1958.wav,Tanzania|Ifakara|cup|17-06-20 00:00,training,,anopheles_arabiensis,raw/humbug_core/221324.wav,CANDIDATE_PENDING_COMPLETE_AUDIO_AUDIT
221358,74.18,IFA_49_39_1959.wav,44100,17-06-20 00:00,mosquito,an funestus ss,Female,f,Single,,LT,telinga,tascam,Tanzania,Kilombero District,Morogoro,Ifakara,cup,221358.wav,IFA_49_39_1959.wav,Tanzania|Ifakara|cup|17-06-20 00:00,training,,anopheles_funestus_ss,raw/humbug_core/221358.wav,CANDIDATE_PENDING_COMPLETE_AUDIO_AUDIT
221314,28.1,IFA_49_40_1960.wav,44100,17-06-20 00:00,mosquito,an arabiensis,Female,f,Single,,LT,telinga,tascam,Tanzania,Kilombero District,Morogoro,Ifakara,cup,221314.wav,IFA_49_40_1960.wav,Tanzania|Ifakara|cup|17-06-20 00:00,training,,anopheles_arabiensis,raw/humbug_core/221314.wav,CANDIDATE_PENDING_COMPLETE_AUDIO_AUDIT
221352,10.24,IFA_50_10_1970.wav,44100,17-06-20 00:00,mosquito,an arabiensis,Female,f,Single,,LT,telinga,tascam,Tanzania,Kilombero District,Morogoro,Ifakara,cup,221352.wav,IFA_50_10_1970.wav,Tanzania|Ifakara|cup|17-06-20 00:00,training,,anopheles_arabiensis,raw/humbug_core/221352.wav,CANDIDATE_PENDING_COMPLETE_AUDIO_AUDIT
221354,15.36,IFA_50_10_1970.wav,44100,17-06-20 00:00,mosquito,an arabiensis,Female,f,Single,,LT,telinga,tascam,Tanzania,Kilombero District,Morogoro,Ifakara,cup,221354.wav,IFA_50_10_1970.wav,Tanzania|Ifakara|cup|17-06-20 00:00,training,,anopheles_arabiensis,raw/humbug_core/221354.wav,CANDIDATE_PENDING_COMPLETE_AUDIO_AUDIT
221353,7.68,IFA_50_10_1970.wav,44100,17-06-20 00:00,mosquito,an arabiensis,Female,f,Single,,LT,telinga,tascam,Tanzania,Kilombero District,Morogoro,Ifakara,cup,221353.wav,IFA_50_10_1970.wav,Tanzania|Ifakara|cup|17-06-20 00:00,training,,anopheles_arabiensis,raw/humbug_core/221353.wav,CANDIDATE_PENDING_COMPLETE_AUDIO_AUDIT
221355,2.56,IFA_50_10_1970.wav,44100,17-06-20 00:00,mosquito,an arabiensis,Female,f,Single,,LT,telinga,tascam,Tanzania,Kilombero District,Morogoro,Ifakara,cup,221355.wav,IFA_50_10_1970.wav,Tanzania|Ifakara|cup|17-06-20 00:00,training,,anopheles_arabiensis,raw/humbug_core/221355.wav,CANDIDATE_PENDING_COMPLETE_AUDIO_AUDIT
221365,7.68,IFA_50_11_1971.wav,44100,17-06-20 00:00,mosquito,an funestus ss,Female,f,Single,,LT,telinga,tascam,Tanzania,Kilombero District,Morogoro,Ifakara,cup,221365.wav,IFA_50_11_1971.wav,Tanzania|Ifakara|cup|17-06-20 00:00,training,,anopheles_funestus_ss,raw/humbug_core/221365.wav,CANDIDATE_PENDING_COMPLETE_AUDIO_AUDIT
221366,2.56,IFA_50_11_1971.wav,44100,17-06-20 00:00,mosquito,an funestus ss,Female,f,Single,,LT,telinga,tascam,Tanzania,Kilombero District,Morogoro,Ifakara,cup,221366.wav,IFA_50_11_1971.wav,Tanzania|Ifakara|cup|17-06-20 00:00,training,,anopheles_funestus_ss,raw/humbug_core/221366.wav,CANDIDATE_PENDING_COMPLETE_AUDIO_AUDIT
221364,2.56,IFA_50_11_1971.wav,44100,17-06-20 00:00,mosquito,an funestus ss,Female,f,Single,,LT,telinga,tascam,Tanzania,Kilombero District,Morogoro,Ifakara,cup,221364.wav,IFA_50_11_1971.wav,Tanzania|Ifakara|cup|17-06-20 00:00,training,,anopheles_funestus_ss,raw/humbug_core/221364.wav,CANDIDATE_PENDING_COMPLETE_AUDIO_AUDIT
221367,5.12,IFA_50_11_1971.wav,44100,17-06-20 00:00,mosquito,an funestus ss,Female,f,Single,,LT,telinga,tascam,Tanzania,Kilombero District,Morogoro,Ifakara,cup,221367.wav,IFA_50_11_1971.wav,Tanzania|Ifakara|cup|17-06-20 00:00,training,,anopheles_funestus_ss,raw/humbug_core/221367.wav,CANDIDATE_PENDING_COMPLETE_AUDIO_AUDIT
221368,5.06,IFA_50_11_1971.wav,44100,17-06-20 00:00,mosquito,an funestus ss,Female,f,Single,,LT,telinga,tascam,Tanzania,Kilombero District,Morogoro,Ifakara,cup,221368.wav,IFA_50_11_1971.wav,Tanzania|Ifakara|cup|17-06-20 00:00,training,,anopheles_funestus_ss,raw/humbug_core/221368.wav,CANDIDATE_PENDING_COMPLETE_AUDIO_AUDIT
221317,35.78,IFA_50_12_1972.wav,44100,17-06-20 00:00,mosquito,an funestus ss,Female,f,Single,,LT,telinga,tascam,Tanzania,Kilombero District,Morogoro,Ifakara,cup,221317.wav,IFA_50_12_1972.wav,Tanzania|Ifakara|cup|17-06-20 00:00,training,,anopheles_funestus_ss,raw/humbug_core/221317.wav,CANDIDATE_PENDING_COMPLETE_AUDIO_AUDIT
221323,22.98,IFA_50_13_1973.wav,44100,17-06-20 00:00,mosquito,an funestus ss,Female,f,Single,,LT,telinga,tascam,Tanzania,Kilombero District,Morogoro,Ifakara,cup,221323.wav,IFA_50_13_1973.wav,Tanzania|Ifakara|cup|17-06-20 00:00,training,,anopheles_funestus_ss,raw/humbug_core/221323.wav,CANDIDATE_PENDING_COMPLETE_AUDIO_AUDIT
221362,20.48,IFA_50_14_1974.wav,44100,17-06-20 00:00,mosquito,an arabiensis,Female,f,Single,,LT,telinga,tascam,Tanzania,Kilombero District,Morogoro,Ifakara,cup,221362.wav,IFA_50_14_1974.wav,Tanzania|Ifakara|cup|17-06-20 00:00,training,,anopheles_arabiensis,raw/humbug_core/221362.wav,CANDIDATE_PENDING_COMPLETE_AUDIO_AUDIT
221363,10.18,IFA_50_14_1974.wav,44100,17-06-20 00:00,mosquito,an arabiensis,Female,f,Single,,LT,telinga,tascam,Tanzania,Kilombero District,Morogoro,Ifakara,cup,221363.wav,IFA_50_14_1974.wav,Tanzania|Ifakara|cup|17-06-20 00:00,training,,anopheles_arabiensis,raw/humbug_core/221363.wav,CANDIDATE_PENDING_COMPLETE_AUDIO_AUDIT
221332,15.3,IFA_50_17_1977.wav,44100,17-06-20 00:00,mosquito,an funestus ss,Female,f,Single,,LT,telinga,tascam,Tanzania,Kilombero District,Morogoro,Ifakara,cup,221332.wav,IFA_50_17_1977.wav,Tanzania|Ifakara|cup|17-06-20 00:00,training,,anopheles_funestus_ss,raw/humbug_core/221332.wav,CANDIDATE_PENDING_COMPLETE_AUDIO_AUDIT
221331,20.48,IFA_50_17_1977.wav,44100,17-06-20 00:00,mosquito,an funestus ss,Female,f,Single,,LT,telinga,tascam,Tanzania,Kilombero District,Morogoro,Ifakara,cup,221331.wav,IFA_50_17_1977.wav,Tanzania|Ifakara|cup|17-06-20 00:00,training,,anopheles_funestus_ss,raw/humbug_core/221331.wav,CANDIDATE_PENDING_COMPLETE_AUDIO_AUDIT
221347,15.3,IFA_50_18_1978.wav,44100,17-06-20 00:00,mosquito,an funestus ss,Female,f,Single,,LT,telinga,tascam,Tanzania,Kilombero District,Morogoro,Ifakara,cup,221347.wav,IFA_50_18_1978.wav,Tanzania|Ifakara|cup|17-06-20 00:00,training,,anopheles_funestus_ss,raw/humbug_core/221347.wav,CANDIDATE_PENDING_COMPLETE_AUDIO_AUDIT
221346,17.92,IFA_50_18_1978.wav,44100,17-06-20 00:00,mosquito,an funestus ss,Female,f,Single,,LT,telinga,tascam,Tanzania,Kilombero District,Morogoro,Ifakara,cup,221346.wav,IFA_50_18_1978.wav,Tanzania|Ifakara|cup|17-06-20 00:00,training,,anopheles_funestus_ss,raw/humbug_core/221346.wav,CANDIDATE_PENDING_COMPLETE_AUDIO_AUDIT
221338,28.1,IFA_50_20_1980.wav,44100,17-06-20 00:00,mosquito,an funestus ss,Female,f,Single,,LT,telinga,tascam,Tanzania,Kilombero District,Morogoro,Ifakara,cup,221338.wav,IFA_50_20_1980.wav,Tanzania|Ifakara|cup|17-06-20 00:00,training,,anopheles_funestus_ss,raw/humbug_core/221338.wav,CANDIDATE_PENDING_COMPLETE_AUDIO_AUDIT
221458,5.12,IFA_50_21_1981.wav,44100,17-06-20 00:00,mosquito,an arabiensis,Female,f,Single,,LT,telinga,tascam,Tanzania,Kilombero District,Morogoro,Ifakara,cup,221458.wav,IFA_50_21_1981.wav,Tanzania|Ifakara|cup|17-06-20 00:00,training,,anopheles_arabiensis,raw/humbug_core/221458.wav,CANDIDATE_PENDING_COMPLETE_AUDIO_AUDIT
221474,15.36,IFA_50_22_1982.wav,44100,17-06-20 00:00,mosquito,an arabiensis,Female,f,Single,,LT,telinga,tascam,Tanzania,Kilombero District,Morogoro,Ifakara,cup,221474.wav,IFA_50_22_1982.wav,Tanzania|Ifakara|cup|17-06-20 00:00,training,,anopheles_arabiensis,raw/humbug_core/221474.wav,CANDIDATE_PENDING_COMPLETE_AUDIO_AUDIT
221470,7.68,IFA_50_23_1983.wav,44100,17-06-20 00:00,mosquito,an arabiensis,Female,f,Single,,LT,telinga,tascam,Tanzania,Kilombero District,Morogoro,Ifakara,cup,221470.wav,IFA_50_23_1983.wav,Tanzania|Ifakara|cup|17-06-20 00:00,training,,anopheles_arabiensis,raw/humbug_core/221470.wav,CANDIDATE_PENDING_COMPLETE_AUDIO_AUDIT
221472,5.12,IFA_50_23_1983.wav,44100,17-06-20 00:00,mosquito,an arabiensis,Female,f,Single,,LT,telinga,tascam,Tanzania,Kilombero District,Morogoro,Ifakara,cup,221472.wav,IFA_50_23_1983.wav,Tanzania|Ifakara|cup|17-06-20 00:00,training,,anopheles_arabiensis,raw/humbug_core/221472.wav,CANDIDATE_PENDING_COMPLETE_AUDIO_AUDIT
221471,5.12,IFA_50_23_1983.wav,44100,17-06-20 00:00,mosquito,an arabiensis,Female,f,Single,,LT,telinga,tascam,Tanzania,Kilombero District,Morogoro,Ifakara,cup,221471.wav,IFA_50_23_1983.wav,Tanzania|Ifakara|cup|17-06-20 00:00,training,,anopheles_arabiensis,raw/humbug_core/221471.wav,CANDIDATE_PENDING_COMPLETE_AUDIO_AUDIT
221479,40.9,IFA_50_24_1984.wav,44100,17-06-20 00:00,mosquito,an funestus ss,Female,f,Single,,LT,telinga,tascam,Tanzania,Kilombero District,Morogoro,Ifakara,cup,221479.wav,IFA_50_24_1984.wav,Tanzania|Ifakara|cup|17-06-20 00:00,training,,anopheles_funestus_ss,raw/humbug_core/221479.wav,CANDIDATE_PENDING_COMPLETE_AUDIO_AUDIT
221476,5.12,IFA_50_27_1987.wav,44100,17-06-20 00:00,mosquito,an funestus ss,Female,f,Single,,LT,telinga,tascam,Tanzania,Kilombero District,Morogoro,Ifakara,cup,221476.wav,IFA_50_27_1987.wav,Tanzania|Ifakara|cup|17-06-20 00:00,training,,anopheles_funestus_ss,raw/humbug_core/221476.wav,CANDIDATE_PENDING_COMPLETE_AUDIO_AUDIT
221475,15.36,IFA_50_27_1987.wav,44100,17-06-20 00:00,mosquito,an funestus ss,Female,f,Single,,LT,telinga,tascam,Tanzania,Kilombero District,Morogoro,Ifakara,cup,221475.wav,IFA_50_27_1987.wav,Tanzania|Ifakara|cup|17-06-20 00:00,training,,anopheles_funestus_ss,raw/humbug_core/221475.wav,CANDIDATE_PENDING_COMPLETE_AUDIO_AUDIT
221461,30.66,IFA_50_28_1988.wav,44100,17-06-20 00:00,mosquito,an arabiensis,Female,f,Single,,LT,telinga,tascam,Tanzania,Kilombero District,Morogoro,Ifakara,cup,221461.wav,IFA_50_28_1988.wav,Tanzania|Ifakara|cup|17-06-20 00:00,training,,anopheles_arabiensis,raw/humbug_core/221461.wav,CANDIDATE_PENDING_COMPLETE_AUDIO_AUDIT
221412,2.56,IFA_51_19_2019.wav,44100,21-06-20 00:00,mosquito,an arabiensis,Female,f,Single,,LT,telinga,tascam,Tanzania,Kilombero District,Morogoro,Ifakara,cup,221412.wav,IFA_51_19_2019.wav,Tanzania|Ifakara|cup|21-06-20 00:00,training,,anopheles_arabiensis,raw/humbug_core/221412.wav,CANDIDATE_PENDING_COMPLETE_AUDIO_AUDIT
221378,2.56,IFA_51_20_2020.wav,44100,21-06-20 00:00,mosquito,an arabiensis,Female,f,Single,,LT,telinga,tascam,Tanzania,Kilombero District,Morogoro,Ifakara,cup,221378.wav,IFA_51_20_2020.wav,Tanzania|Ifakara|cup|21-06-20 00:00,training,,anopheles_arabiensis,raw/humbug_core/221378.wav,CANDIDATE_PENDING_COMPLETE_AUDIO_AUDIT
221389,2.56,IFA_51_21_2021.wav,44100,21-06-20 00:00,mosquito,an arabiensis,Female,f,Single,,LT,telinga,tascam,Tanzania,Kilombero District,Morogoro,Ifakara,cup,221389.wav,IFA_51_21_2021.wav,Tanzania|Ifakara|cup|21-06-20 00:00,training,,anopheles_arabiensis,raw/humbug_core/221389.wav,CANDIDATE_PENDING_COMPLETE_AUDIO_AUDIT
221388,2.56,IFA_51_21_2021.wav,44100,21-06-20 00:00,mosquito,an arabiensis,Female,f,Single,,LT,telinga,tascam,Tanzania,Kilombero District,Morogoro,Ifakara,cup,221388.wav,IFA_51_21_2021.wav,Tanzania|Ifakara|cup|21-06-20 00:00,training,,anopheles_arabiensis,raw/humbug_core/221388.wav,CANDIDATE_PENDING_COMPLETE_AUDIO_AUDIT
221403,15.36,IFA_51_22_2022.wav,44100,21-06-20 00:00,mosquito,an arabiensis,Female,f,Single,,LT,telinga,tascam,Tanzania,Kilombero District,Morogoro,Ifakara,cup,221403.wav,IFA_51_22_2022.wav,Tanzania|Ifakara|cup|21-06-20 00:00,training,,anopheles_arabiensis,raw/humbug_core/221403.wav,CANDIDATE_PENDING_COMPLETE_AUDIO_AUDIT
221402,5.12,IFA_51_22_2022.wav,44100,21-06-20 00:00,mosquito,an arabiensis,Female,f,Single,,LT,telinga,tascam,Tanzania,Kilombero District,Morogoro,Ifakara,cup,221402.wav,IFA_51_22_2022.wav,Tanzania|Ifakara|cup|21-06-20 00:00,training,,anopheles_arabiensis,raw/humbug_core/221402.wav,CANDIDATE_PENDING_COMPLETE_AUDIO_AUDIT
221390,2.56,IFA_51_24_2024.wav,44100,21-06-20 00:00,mosquito,an arabiensis,Female,f,Single,,LT,telinga,tascam,Tanzania,Kilombero District,Morogoro,Ifakara,cup,221390.wav,IFA_51_24_2024.wav,Tanzania|Ifakara|cup|21-06-20 00:00,training,,anopheles_arabiensis,raw/humbug_core/221390.wav,CANDIDATE_PENDING_COMPLETE_AUDIO_AUDIT
221396,5.12,IFA_51_28_2028.wav,44100,21-06-20 00:00,mosquito,an arabiensis,Female,f,Single,,LT,telinga,tascam,Tanzania,Kilombero District,Morogoro,Ifakara,cup,221396.wav,IFA_51_28_2028.wav,Tanzania|Ifakara|cup|21-06-20 00:00,training,,anopheles_arabiensis,raw/humbug_core/221396.wav,CANDIDATE_PENDING_COMPLETE_AUDIO_AUDIT
221395,2.56,IFA_51_28_2028.wav,44100,21-06-20 00:00,mosquito,an arabiensis,Female,f,Single,,LT,telinga,tascam,Tanzania,Kilombero District,Morogoro,Ifakara,cup,221395.wav,IFA_51_28_2028.wav,Tanzania|Ifakara|cup|21-06-20 00:00,training,,anopheles_arabiensis,raw/humbug_core/221395.wav,CANDIDATE_PENDING_COMPLETE_AUDIO_AUDIT
221382,22.98,IFA_51_30_2030.wav,44100,21-06-20 00:00,mosquito,an arabiensis,Female,f,Single,,LT,telinga,tascam,Tanzania,Kilombero District,Morogoro,Ifakara,cup,221382.wav,IFA_51_30_2030.wav,Tanzania|Ifakara|cup|21-06-20 00:00,training,,anopheles_arabiensis,raw/humbug_core/221382.wav,CANDIDATE_PENDING_COMPLETE_AUDIO_AUDIT
221381,2.56,IFA_51_30_2030.wav,44100,21-06-20 00:00,mosquito,an arabiensis,Female,f,Single,,LT,telinga,tascam,Tanzania,Kilombero District,Morogoro,Ifakara,cup,221381.wav,IFA_51_30_2030.wav,Tanzania|Ifakara|cup|21-06-20 00:00,training,,anopheles_arabiensis,raw/humbug_core/221381.wav,CANDIDATE_PENDING_COMPLETE_AUDIO_AUDIT
221387,35.78,IFA_51_31_2031.wav,44100,21-06-20 00:00,mosquito,an arabiensis,Female,f,Single,,LT,telinga,tascam,Tanzania,Kilombero District,Morogoro,Ifakara,cup,221387.wav,IFA_51_31_2031.wav,Tanzania|Ifakara|cup|21-06-20 00:00,training,,anopheles_arabiensis,raw/humbug_core/221387.wav,CANDIDATE_PENDING_COMPLETE_AUDIO_AUDIT
221376,2.56,IFA_51_32_2032.wav,44100,21-06-20 00:00,mosquito,an arabiensis,Female,f,Single,,LT,telinga,tascam,Tanzania,Kilombero District,Morogoro,Ifakara,cup,221376.wav,IFA_51_32_2032.wav,Tanzania|Ifakara|cup|21-06-20 00:00,training,,anopheles_arabiensis,raw/humbug_core/221376.wav,CANDIDATE_PENDING_COMPLETE_AUDIO_AUDIT
221377,10.18,IFA_51_32_2032.wav,44100,21-06-20 00:00,mosquito,an arabiensis,Female,f,Single,,LT,telinga,tascam,Tanzania,Kilombero District,Morogoro,Ifakara,cup,221377.wav,IFA_51_32_2032.wav,Tanzania|Ifakara|cup|21-06-20 00:00,training,,anopheles_arabiensis,raw/humbug_core/221377.wav,CANDIDATE_PENDING_COMPLETE_AUDIO_AUDIT
221385,28.16,IFA_51_34_2034.wav,44100,21-06-20 00:00,mosquito,an arabiensis,Female,f,Single,,LT,telinga,tascam,Tanzania,Kilombero District,Morogoro,Ifakara,cup,221385.wav,IFA_51_34_2034.wav,Tanzania|Ifakara|cup|21-06-20 00:00,training,,anopheles_arabiensis,raw/humbug_core/221385.wav,CANDIDATE_PENDING_COMPLETE_AUDIO_AUDIT
221411,10.18,IFA_51_35_2035.wav,44100,21-06-20 00:00,mosquito,an arabiensis,Female,f,Single,,LT,telinga,tascam,Tanzania,Kilombero District,Morogoro,Ifakara,cup,221411.wav,IFA_51_35_2035.wav,Tanzania|Ifakara|cup|21-06-20 00:00,training,,anopheles_arabiensis,raw/humbug_core/221411.wav,CANDIDATE_PENDING_COMPLETE_AUDIO_AUDIT
221410,30.72,IFA_51_35_2035.wav,44100,21-06-20 00:00,mosquito,an arabiensis,Female,f,Single,,LT,telinga,tascam,Tanzania,Kilombero District,Morogoro,Ifakara,cup,221410.wav,IFA_51_35_2035.wav,Tanzania|Ifakara|cup|21-06-20 00:00,training,,anopheles_arabiensis,raw/humbug_core/221410.wav,CANDIDATE_PENDING_COMPLETE_AUDIO_AUDIT
221404,35.78,IFA_51_36_2036.wav,44100,21-06-20 00:00,mosquito,an arabiensis,Female,f,Single,,LT,telinga,tascam,Tanzania,Kilombero District,Morogoro,Ifakara,cup,221404.wav,IFA_51_36_2036.wav,Tanzania|Ifakara|cup|21-06-20 00:00,training,,anopheles_arabiensis,raw/humbug_core/221404.wav,CANDIDATE_PENDING_COMPLETE_AUDIO_AUDIT
221393,2.56,IFA_51_37_2037.wav,44100,21-06-20 00:00,mosquito,an arabiensis,Female,f,Single,,LT,telinga,tascam,Tanzania,Kilombero District,Morogoro,Ifakara,cup,221393.wav,IFA_51_37_2037.wav,Tanzania|Ifakara|cup|21-06-20 00:00,training,,anopheles_arabiensis,raw/humbug_core/221393.wav,CANDIDATE_PENDING_COMPLETE_AUDIO_AUDIT
221394,2.5,IFA_51_37_2037.wav,44100,21-06-20 00:00,mosquito,an arabiensis,Female,f,Single,,LT,telinga,tascam,Tanzania,Kilombero District,Morogoro,Ifakara,cup,221394.wav,IFA_51_37_2037.wav,Tanzania|Ifakara|cup|21-06-20 00:00,training,,anopheles_arabiensis,raw/humbug_core/221394.wav,CANDIDATE_PENDING_COMPLETE_AUDIO_AUDIT
221392,5.12,IFA_51_37_2037.wav,44100,21-06-20 00:00,mosquito,an arabiensis,Female,f,Single,,LT,telinga,tascam,Tanzania,Kilombero District,Morogoro,Ifakara,cup,221392.wav,IFA_51_37_2037.wav,Tanzania|Ifakara|cup|21-06-20 00:00,training,,anopheles_arabiensis,raw/humbug_core/221392.wav,CANDIDATE_PENDING_COMPLETE_AUDIO_AUDIT
221391,10.24,IFA_51_37_2037.wav,44100,21-06-20 00:00,mosquito,an arabiensis,Female,f,Single,,LT,telinga,tascam,Tanzania,Kilombero District,Morogoro,Ifakara,cup,221391.wav,IFA_51_37_2037.wav,Tanzania|Ifakara|cup|21-06-20 00:00,training,,anopheles_arabiensis,raw/humbug_core/221391.wav,CANDIDATE_PENDING_COMPLETE_AUDIO_AUDIT
221379,48.58,IFA_51_38_2038.wav,44100,21-06-20 00:00,mosquito,an arabiensis,Female,f,Single,,LT,telinga,tascam,Tanzania,Kilombero District,Morogoro,Ifakara,cup,221379.wav,IFA_51_38_2038.wav,Tanzania|Ifakara|cup|21-06-20 00:00,training,,anopheles_arabiensis,raw/humbug_core/221379.wav,CANDIDATE_PENDING_COMPLETE_AUDIO_AUDIT
221384,22.98,IFA_51_39_2039.wav,44100,21-06-20 00:00,mosquito,an arabiensis,Female,f,Single,,LT,telinga,tascam,Tanzania,Kilombero District,Morogoro,Ifakara,cup,221384.wav,IFA_51_39_2039.wav,Tanzania|Ifakara|cup|21-06-20 00:00,training,,anopheles_arabiensis,raw/humbug_core/221384.wav,CANDIDATE_PENDING_COMPLETE_AUDIO_AUDIT
221383,2.56,IFA_51_39_2039.wav,44100,21-06-20 00:00,mosquito,an arabiensis,Female,f,Single,,LT,telinga,tascam,Tanzania,Kilombero District,Morogoro,Ifakara,cup,221383.wav,IFA_51_39_2039.wav,Tanzania|Ifakara|cup|21-06-20 00:00,training,,anopheles_arabiensis,raw/humbug_core/221383.wav,CANDIDATE_PENDING_COMPLETE_AUDIO_AUDIT
221386,10.24,IFA_51_40_2040.wav,44100,21-06-20 00:00,mosquito,an arabiensis,Female,f,Single,,LT,telinga,tascam,Tanzania,Kilombero District,Morogoro,Ifakara,cup,221386.wav,IFA_51_40_2040.wav,Tanzania|Ifakara|cup|21-06-20 00:00,training,,anopheles_arabiensis,raw/humbug_core/221386.wav,CANDIDATE_PENDING_COMPLETE_AUDIO_AUDIT
221405,7.68,IFA_52_10_2050.wav,44100,21-06-20 00:00,mosquito,an arabiensis,Female,f,Single,,LT,telinga,tascam,Tanzania,Kilombero District,Morogoro,Ifakara,cup,221405.wav,IFA_52_10_2050.wav,Tanzania|Ifakara|cup|21-06-20 00:00,training,,anopheles_arabiensis,raw/humbug_core/221405.wav,CANDIDATE_PENDING_COMPLETE_AUDIO_AUDIT
221406,7.68,IFA_52_10_2050.wav,44100,21-06-20 00:00,mosquito,an arabiensis,Female,f,Single,,LT,telinga,tascam,Tanzania,Kilombero District,Morogoro,Ifakara,cup,221406.wav,IFA_52_10_2050.wav,Tanzania|Ifakara|cup|21-06-20 00:00,training,,anopheles_arabiensis,raw/humbug_core/221406.wav,CANDIDATE_PENDING_COMPLETE_AUDIO_AUDIT
221407,2.5,IFA_52_10_2050.wav,44100,21-06-20 00:00,mosquito,an arabiensis,Female,f,Single,,LT,telinga,tascam,Tanzania,Kilombero District,Morogoro,Ifakara,cup,221407.wav,IFA_52_10_2050.wav,Tanzania|Ifakara|cup|21-06-20 00:00,training,,anopheles_arabiensis,raw/humbug_core/221407.wav,CANDIDATE_PENDING_COMPLETE_AUDIO_AUDIT
221399,15.36,IFA_52_11_2051.wav,44100,21-06-20 00:00,mosquito,an arabiensis,Female,f,Single,,LT,telinga,tascam,Tanzania,Kilombero District,Morogoro,Ifakara,cup,221399.wav,IFA_52_11_2051.wav,Tanzania|Ifakara|cup|21-06-20 00:00,training,,anopheles_arabiensis,raw/humbug_core/221399.wav,CANDIDATE_PENDING_COMPLETE_AUDIO_AUDIT
221401,12.74,IFA_52_11_2051.wav,44100,21-06-20 00:00,mosquito,an arabiensis,Female,f,Single,,LT,telinga,tascam,Tanzania,Kilombero District,Morogoro,Ifakara,cup,221401.wav,IFA_52_11_2051.wav,Tanzania|Ifakara|cup|21-06-20 00:00,training,,anopheles_arabiensis,raw/humbug_core/221401.wav,CANDIDATE_PENDING_COMPLETE_AUDIO_AUDIT
221400,2.56,IFA_52_11_2051.wav,44100,21-06-20 00:00,mosquito,an arabiensis,Female,f,Single,,LT,telinga,tascam,Tanzania,Kilombero District,Morogoro,Ifakara,cup,221400.wav,IFA_52_11_2051.wav,Tanzania|Ifakara|cup|21-06-20 00:00,training,,anopheles_arabiensis,raw/humbug_core/221400.wav,CANDIDATE_PENDING_COMPLETE_AUDIO_AUDIT
221408,7.68,IFA_52_13_2053.wav,44100,21-06-20 00:00,mosquito,an arabiensis,Female,f,Single,,LT,telinga,tascam,Tanzania,Kilombero District,Morogoro,Ifakara,cup,221408.wav,IFA_52_13_2053.wav,Tanzania|Ifakara|cup|21-06-20 00:00,training,,anopheles_arabiensis,raw/humbug_core/221408.wav,CANDIDATE_PENDING_COMPLETE_AUDIO_AUDIT
221409,33.22,IFA_52_13_2053.wav,44100,21-06-20 00:00,mosquito,an arabiensis,Female,f,Single,,LT,telinga,tascam,Tanzania,Kilombero District,Morogoro,Ifakara,cup,221409.wav,IFA_52_13_2053.wav,Tanzania|Ifakara|cup|21-06-20 00:00,training,,anopheles_arabiensis,raw/humbug_core/221409.wav,CANDIDATE_PENDING_COMPLETE_AUDIO_AUDIT
221433,51.14,IFA_52_18_2058.wav,44100,21-06-20 00:00,mosquito,an arabiensis,Female,f,Single,,LT,telinga,tascam,Tanzania,Kilombero District,Morogoro,Ifakara,cup,221433.wav,IFA_52_18_2058.wav,Tanzania|Ifakara|cup|21-06-20 00:00,training,,anopheles_arabiensis,raw/humbug_core/221433.wav,CANDIDATE_PENDING_COMPLETE_AUDIO_AUDIT
221425,48.58,IFA_52_20_2060.wav,44100,21-06-20 00:00,mosquito,an arabiensis,Female,f,Single,,LT,telinga,tascam,Tanzania,Kilombero District,Morogoro,Ifakara,cup,221425.wav,IFA_52_20_2060.wav,Tanzania|Ifakara|cup|21-06-20 00:00,training,,anopheles_arabiensis,raw/humbug_core/221425.wav,CANDIDATE_PENDING_COMPLETE_AUDIO_AUDIT
221443,7.68,IFA_52_21_2061.wav,44100,21-06-20 00:00,mosquito,an arabiensis,Female,f,Single,,LT,telinga,tascam,Tanzania,Kilombero District,Morogoro,Ifakara,cup,221443.wav,IFA_52_21_2061.wav,Tanzania|Ifakara|cup|21-06-20 00:00,training,,anopheles_arabiensis,raw/humbug_core/221443.wav,CANDIDATE_PENDING_COMPLETE_AUDIO_AUDIT
221424,30.66,IFA_52_24_2064.wav,44100,21-06-20 00:00,mosquito,an arabiensis,Female,f,Single,,LT,telinga,tascam,Tanzania,Kilombero District,Morogoro,Ifakara,cup,221424.wav,IFA_52_24_2064.wav,Tanzania|Ifakara|cup|21-06-20 00:00,training,,anopheles_arabiensis,raw/humbug_core/221424.wav,CANDIDATE_PENDING_COMPLETE_AUDIO_AUDIT
221422,43.52,IFA_52_25_2065.wav,44100,21-06-20 00:00,mosquito,an arabiensis,Female,f,Single,,LT,telinga,tascam,Tanzania,Kilombero District,Morogoro,Ifakara,cup,221422.wav,IFA_52_25_2065.wav,Tanzania|Ifakara|cup|21-06-20 00:00,training,,anopheles_arabiensis,raw/humbug_core/221422.wav,CANDIDATE_PENDING_COMPLETE_AUDIO_AUDIT
221453,28.16,IFA_52_27_2067.wav,44100,21-06-20 00:00,mosquito,an arabiensis,Female,f,Single,,LT,telinga,tascam,Tanzania,Kilombero District,Morogoro,Ifakara,cup,221453.wav,IFA_52_27_2067.wav,Tanzania|Ifakara|cup|21-06-20 00:00,training,,anopheles_arabiensis,raw/humbug_core/221453.wav,CANDIDATE_PENDING_COMPLETE_AUDIO_AUDIT
221452,5.12,IFA_52_27_2067.wav,44100,21-06-20 00:00,mosquito,an arabiensis,Female,f,Single,,LT,telinga,tascam,Tanzania,Kilombero District,Morogoro,Ifakara,cup,221452.wav,IFA_52_27_2067.wav,Tanzania|Ifakara|cup|21-06-20 00:00,training,,anopheles_arabiensis,raw/humbug_core/221452.wav,CANDIDATE_PENDING_COMPLETE_AUDIO_AUDIT
221430,5.12,IFA_52_28_2068.wav,44100,21-06-20 00:00,mosquito,an funestus ss,Female,f,Single,,LT,telinga,tascam,Tanzania,Kilombero District,Morogoro,Ifakara,cup,221430.wav,IFA_52_28_2068.wav,Tanzania|Ifakara|cup|21-06-20 00:00,training,,anopheles_funestus_ss,raw/humbug_core/221430.wav,CANDIDATE_PENDING_COMPLETE_AUDIO_AUDIT
221432,5.06,IFA_52_28_2068.wav,44100,21-06-20 00:00,mosquito,an funestus ss,Female,f,Single,,LT,telinga,tascam,Tanzania,Kilombero District,Morogoro,Ifakara,cup,221432.wav,IFA_52_28_2068.wav,Tanzania|Ifakara|cup|21-06-20 00:00,training,,anopheles_funestus_ss,raw/humbug_core/221432.wav,CANDIDATE_PENDING_COMPLETE_AUDIO_AUDIT
221431,17.92,IFA_52_28_2068.wav,44100,21-06-20 00:00,mosquito,an funestus ss,Female,f,Single,,LT,telinga,tascam,Tanzania,Kilombero District,Morogoro,Ifakara,cup,221431.wav,IFA_52_28_2068.wav,Tanzania|Ifakara|cup|21-06-20 00:00,training,,anopheles_funestus_ss,raw/humbug_core/221431.wav,CANDIDATE_PENDING_COMPLETE_AUDIO_AUDIT
221454,35.84,IFA_52_29_2069.wav,44100,21-06-20 00:00,mosquito,an arabiensis,Female,f,Single,,LT,telinga,tascam,Tanzania,Kilombero District,Morogoro,Ifakara,cup,221454.wav,IFA_52_29_2069.wav,Tanzania|Ifakara|cup|21-06-20 00:00,training,,anopheles_arabiensis,raw/humbug_core/221454.wav,CANDIDATE_PENDING_COMPLETE_AUDIO_AUDIT
221455,38.34,IFA_52_30_2070.wav,44100,21-06-20 00:00,mosquito,an arabiensis,Female,f,Single,,LT,telinga,tascam,Tanzania,Kilombero District,Morogoro,Ifakara,cup,221455.wav,IFA_52_30_2070.wav,Tanzania|Ifakara|cup|21-06-20 00:00,training,,anopheles_arabiensis,raw/humbug_core/221455.wav,CANDIDATE_PENDING_COMPLETE_AUDIO_AUDIT
221429,10.24,IFA_52_31_2071.wav,44100,21-06-20 00:00,mosquito,an arabiensis,Female,f,Single,,LT,telinga,tascam,Tanzania,Kilombero District,Morogoro,Ifakara,cup,221429.wav,IFA_52_31_2071.wav,Tanzania|Ifakara|cup|21-06-20 00:00,training,,anopheles_arabiensis,raw/humbug_core/221429.wav,CANDIDATE_PENDING_COMPLETE_AUDIO_AUDIT
221428,12.8,IFA_52_31_2071.wav,44100,21-06-20 00:00,mosquito,an arabiensis,Female,f,Single,,LT,telinga,tascam,Tanzania,Kilombero District,Morogoro,Ifakara,cup,221428.wav,IFA_52_31_2071.wav,Tanzania|Ifakara|cup|21-06-20 00:00,training,,anopheles_arabiensis,raw/humbug_core/221428.wav,CANDIDATE_PENDING_COMPLETE_AUDIO_AUDIT
221448,10.24,IFA_52_32_2072.wav,44100,21-06-20 00:00,mosquito,an arabiensis,Female,f,Single,,LT,telinga,tascam,Tanzania,Kilombero District,Morogoro,Ifakara,cup,221448.wav,IFA_52_32_2072.wav,Tanzania|Ifakara|cup|21-06-20 00:00,training,,anopheles_arabiensis,raw/humbug_core/221448.wav,CANDIDATE_PENDING_COMPLETE_AUDIO_AUDIT
221449,2.56,IFA_52_32_2072.wav,44100,21-06-20 00:00,mosquito,an arabiensis,Female,f,Single,,LT,telinga,tascam,Tanzania,Kilombero District,Morogoro,Ifakara,cup,221449.wav,IFA_52_32_2072.wav,Tanzania|Ifakara|cup|21-06-20 00:00,training,,anopheles_arabiensis,raw/humbug_core/221449.wav,CANDIDATE_PENDING_COMPLETE_AUDIO_AUDIT
221450,12.8,IFA_52_32_2072.wav,44100,21-06-20 00:00,mosquito,an arabiensis,Female,f,Single,,LT,telinga,tascam,Tanzania,Kilombero District,Morogoro,Ifakara,cup,221450.wav,IFA_52_32_2072.wav,Tanzania|Ifakara|cup|21-06-20 00:00,training,,anopheles_arabiensis,raw/humbug_core/221450.wav,CANDIDATE_PENDING_COMPLETE_AUDIO_AUDIT
221451,5.12,IFA_52_32_2072.wav,44100,21-06-20 00:00,mosquito,an arabiensis,Female,f,Single,,LT,telinga,tascam,Tanzania,Kilombero District,Morogoro,Ifakara,cup,221451.wav,IFA_52_32_2072.wav,Tanzania|Ifakara|cup|21-06-20 00:00,training,,anopheles_arabiensis,raw/humbug_core/221451.wav,CANDIDATE_PENDING_COMPLETE_AUDIO_AUDIT
221441,12.8,IFA_52_35_2075.wav,44100,21-06-20 00:00,mosquito,an arabiensis,Female,f,Single,,LT,telinga,tascam,Tanzania,Kilombero District,Morogoro,Ifakara,cup,221441.wav,IFA_52_35_2075.wav,Tanzania|Ifakara|cup|21-06-20 00:00,training,,anopheles_arabiensis,raw/humbug_core/221441.wav,CANDIDATE_PENDING_COMPLETE_AUDIO_AUDIT
221442,5.12,IFA_52_35_2075.wav,44100,21-06-20 00:00,mosquito,an arabiensis,Female,f,Single,,LT,telinga,tascam,Tanzania,Kilombero District,Morogoro,Ifakara,cup,221442.wav,IFA_52_35_2075.wav,Tanzania|Ifakara|cup|21-06-20 00:00,training,,anopheles_arabiensis,raw/humbug_core/221442.wav,CANDIDATE_PENDING_COMPLETE_AUDIO_AUDIT
221414,10.24,IFA_52_36_2076.wav,44100,21-06-20 00:00,mosquito,an funestus ss,Female,f,Single,,LT,telinga,tascam,Tanzania,Kilombero District,Morogoro,Ifakara,cup,221414.wav,IFA_52_36_2076.wav,Tanzania|Ifakara|cup|21-06-20 00:00,training,,anopheles_funestus_ss,raw/humbug_core/221414.wav,CANDIDATE_PENDING_COMPLETE_AUDIO_AUDIT
221415,12.74,IFA_52_36_2076.wav,44100,21-06-20 00:00,mosquito,an funestus ss,Female,f,Single,,LT,telinga,tascam,Tanzania,Kilombero District,Morogoro,Ifakara,cup,221415.wav,IFA_52_36_2076.wav,Tanzania|Ifakara|cup|21-06-20 00:00,training,,anopheles_funestus_ss,raw/humbug_core/221415.wav,CANDIDATE_PENDING_COMPLETE_AUDIO_AUDIT
221413,7.68,IFA_52_36_2076.wav,44100,21-06-20 00:00,mosquito,an funestus ss,Female,f,Single,,LT,telinga,tascam,Tanzania,Kilombero District,Morogoro,Ifakara,cup,221413.wav,IFA_52_36_2076.wav,Tanzania|Ifakara|cup|21-06-20 00:00,training,,anopheles_funestus_ss,raw/humbug_core/221413.wav,CANDIDATE_PENDING_COMPLETE_AUDIO_AUDIT
221447,10.18,IFA_52_38_2078.wav,44100,21-06-20 00:00,mosquito,an arabiensis,Female,f,Single,,LT,telinga,tascam,Tanzania,Kilombero District,Morogoro,Ifakara,cup,221447.wav,IFA_52_38_2078.wav,Tanzania|Ifakara|cup|21-06-20 00:00,training,,anopheles_arabiensis,raw/humbug_core/221447.wav,CANDIDATE_PENDING_COMPLETE_AUDIO_AUDIT
221444,15.36,IFA_52_38_2078.wav,44100,21-06-20 00:00,mosquito,an arabiensis,Female,f,Single,,LT,telinga,tascam,Tanzania,Kilombero District,Morogoro,Ifakara,cup,221444.wav,IFA_52_38_2078.wav,Tanzania|Ifakara|cup|21-06-20 00:00,training,,anopheles_arabiensis,raw/humbug_core/221444.wav,CANDIDATE_PENDING_COMPLETE_AUDIO_AUDIT
221446,2.56,IFA_52_38_2078.wav,44100,21-06-20 00:00,mosquito,an arabiensis,Female,f,Single,,LT,telinga,tascam,Tanzania,Kilombero District,Morogoro,Ifakara,cup,221446.wav,IFA_52_38_2078.wav,Tanzania|Ifakara|cup|21-06-20 00:00,training,,anopheles_arabiensis,raw/humbug_core/221446.wav,CANDIDATE_PENDING_COMPLETE_AUDIO_AUDIT
221445,7.68,IFA_52_38_2078.wav,44100,21-06-20 00:00,mosquito,an arabiensis,Female,f,Single,,LT,telinga,tascam,Tanzania,Kilombero District,Morogoro,Ifakara,cup,221445.wav,IFA_52_38_2078.wav,Tanzania|Ifakara|cup|21-06-20 00:00,training,,anopheles_arabiensis,raw/humbug_core/221445.wav,CANDIDATE_PENDING_COMPLETE_AUDIO_AUDIT
221427,10.24,IFA_52_39_2079.wav,44100,21-06-20 00:00,mosquito,an arabiensis,Female,f,Single,,LT,telinga,tascam,Tanzania,Kilombero District,Morogoro,Ifakara,cup,221427.wav,IFA_52_39_2079.wav,Tanzania|Ifakara|cup|21-06-20 00:00,training,,anopheles_arabiensis,raw/humbug_core/221427.wav,CANDIDATE_PENDING_COMPLETE_AUDIO_AUDIT
221426,5.12,IFA_52_39_2079.wav,44100,21-06-20 00:00,mosquito,an arabiensis,Female,f,Single,,LT,telinga,tascam,Tanzania,Kilombero District,Morogoro,Ifakara,cup,221426.wav,IFA_52_39_2079.wav,Tanzania|Ifakara|cup|21-06-20 00:00,training,,anopheles_arabiensis,raw/humbug_core/221426.wav,CANDIDATE_PENDING_COMPLETE_AUDIO_AUDIT
221416,2.56,IFA_52_40_2080.wav,44100,21-06-20 00:00,mosquito,an arabiensis,Female,f,Single,,LT,telinga,tascam,Tanzania,Kilombero District,Morogoro,Ifakara,cup,221416.wav,IFA_52_40_2080.wav,Tanzania|Ifakara|cup|21-06-20 00:00,training,,anopheles_arabiensis,raw/humbug_core/221416.wav,CANDIDATE_PENDING_COMPLETE_AUDIO_AUDIT
221526,2.56,IFA_53_10_2090.wav,44100,22-06-20 00:00,mosquito,an arabiensis,Female,f,Single,,LT,telinga,tascam,Tanzania,Kilombero District,Morogoro,Ifakara,cup,221526.wav,IFA_53_10_2090.wav,Tanzania|Ifakara|cup|22-06-20 00:00,training,,anopheles_arabiensis,raw/humbug_core/221526.wav,CANDIDATE_PENDING_COMPLETE_AUDIO_AUDIT
221528,2.56,IFA_53_10_2090.wav,44100,22-06-20 00:00,mosquito,an arabiensis,Female,f,Single,,LT,telinga,tascam,Tanzania,Kilombero District,Morogoro,Ifakara,cup,221528.wav,IFA_53_10_2090.wav,Tanzania|Ifakara|cup|22-06-20 00:00,training,,anopheles_arabiensis,raw/humbug_core/221528.wav,CANDIDATE_PENDING_COMPLETE_AUDIO_AUDIT
221527,7.68,IFA_53_10_2090.wav,44100,22-06-20 00:00,mosquito,an arabiensis,Female,f,Single,,LT,telinga,tascam,Tanzania,Kilombero District,Morogoro,Ifakara,cup,221527.wav,IFA_53_10_2090.wav,Tanzania|Ifakara|cup|22-06-20 00:00,training,,anopheles_arabiensis,raw/humbug_core/221527.wav,CANDIDATE_PENDING_COMPLETE_AUDIO_AUDIT
221509,10.24,IFA_53_11_2091.wav,44100,22-06-20 00:00,mosquito,an arabiensis,Female,f,Single,,LT,telinga,tascam,Tanzania,Kilombero District,Morogoro,Ifakara,cup,221509.wav,IFA_53_11_2091.wav,Tanzania|Ifakara|cup|22-06-20 00:00,training,,anopheles_arabiensis,raw/humbug_core/221509.wav,CANDIDATE_PENDING_COMPLETE_AUDIO_AUDIT
221508,25.6,IFA_53_11_2091.wav,44100,22-06-20 00:00,mosquito,an arabiensis,Female,f,Single,,LT,telinga,tascam,Tanzania,Kilombero District,Morogoro,Ifakara,cup,221508.wav,IFA_53_11_2091.wav,Tanzania|Ifakara|cup|22-06-20 00:00,training,,anopheles_arabiensis,raw/humbug_core/221508.wav,CANDIDATE_PENDING_COMPLETE_AUDIO_AUDIT
221544,2.56,IFA_53_13_2093.wav,44100,22-06-20 00:00,mosquito,an funestus ss,Female,f,Single,,LT,telinga,tascam,Tanzania,Kilombero District,Morogoro,Ifakara,cup,221544.wav,IFA_53_13_2093.wav,Tanzania|Ifakara|cup|22-06-20 00:00,training,,anopheles_funestus_ss,raw/humbug_core/221544.wav,CANDIDATE_PENDING_COMPLETE_AUDIO_AUDIT
221543,2.56,IFA_53_13_2093.wav,44100,22-06-20 00:00,mosquito,an funestus ss,Female,f,Single,,LT,telinga,tascam,Tanzania,Kilombero District,Morogoro,Ifakara,cup,221543.wav,IFA_53_13_2093.wav,Tanzania|Ifakara|cup|22-06-20 00:00,training,,anopheles_funestus_ss,raw/humbug_core/221543.wav,CANDIDATE_PENDING_COMPLETE_AUDIO_AUDIT
221545,7.68,IFA_53_13_2093.wav,44100,22-06-20 00:00,mosquito,an funestus ss,Female,f,Single,,LT,telinga,tascam,Tanzania,Kilombero District,Morogoro,Ifakara,cup,221545.wav,IFA_53_13_2093.wav,Tanzania|Ifakara|cup|22-06-20 00:00,training,,anopheles_funestus_ss,raw/humbug_core/221545.wav,CANDIDATE_PENDING_COMPLETE_AUDIO_AUDIT
221505,38.34,IFA_53_14_2094.wav,44100,22-06-20 00:00,mosquito,an arabiensis,Female,f,Single,,LT,telinga,tascam,Tanzania,Kilombero District,Morogoro,Ifakara,cup,221505.wav,IFA_53_14_2094.wav,Tanzania|Ifakara|cup|22-06-20 00:00,training,,anopheles_arabiensis,raw/humbug_core/221505.wav,CANDIDATE_PENDING_COMPLETE_AUDIO_AUDIT
221532,17.86,IFA_53_15_2095.wav,44100,22-06-20 00:00,mosquito,an arabiensis,Female,f,Single,,LT,telinga,tascam,Tanzania,Kilombero District,Morogoro,Ifakara,cup,221532.wav,IFA_53_15_2095.wav,Tanzania|Ifakara|cup|22-06-20 00:00,training,,anopheles_arabiensis,raw/humbug_core/221532.wav,CANDIDATE_PENDING_COMPLETE_AUDIO_AUDIT
221496,38.34,IFA_53_16_2096.wav,44100,22-06-20 00:00,mosquito,an arabiensis,Female,f,Single,,LT,telinga,tascam,Tanzania,Kilombero District,Morogoro,Ifakara,cup,221496.wav,IFA_53_16_2096.wav,Tanzania|Ifakara|cup|22-06-20 00:00,training,,anopheles_arabiensis,raw/humbug_core/221496.wav,CANDIDATE_PENDING_COMPLETE_AUDIO_AUDIT
221503,28.1,IFA_53_21_2101.wav,44100,22-06-20 00:00,mosquito,an funestus ss,Female,f,Single,,LT,telinga,tascam,Tanzania,Kilombero District,Morogoro,Ifakara,cup,221503.wav,IFA_53_21_2101.wav,Tanzania|Ifakara|cup|22-06-20 00:00,training,,anopheles_funestus_ss,raw/humbug_core/221503.wav,CANDIDATE_PENDING_COMPLETE_AUDIO_AUDIT
221523,33.28,IFA_53_23_2103.wav,44100,22-06-20 00:00,mosquito,an funestus ss,Female,f,Single,,LT,telinga,tascam,Tanzania,Kilombero District,Morogoro,Ifakara,cup,221523.wav,IFA_53_23_2103.wav,Tanzania|Ifakara|cup|22-06-20 00:00,training,,anopheles_funestus_ss,raw/humbug_core/221523.wav,CANDIDATE_PENDING_COMPLETE_AUDIO_AUDIT
221541,2.56,IFA_53_24_2104.wav,44100,22-06-20 00:00,mosquito,an funestus ss,Female,f,Single,,LT,telinga,tascam,Tanzania,Kilombero District,Morogoro,Ifakara,cup,221541.wav,IFA_53_24_2104.wav,Tanzania|Ifakara|cup|22-06-20 00:00,training,,anopheles_funestus_ss,raw/humbug_core/221541.wav,CANDIDATE_PENDING_COMPLETE_AUDIO_AUDIT
221542,2.5,IFA_53_24_2104.wav,44100,22-06-20 00:00,mosquito,an funestus ss,Female,f,Single,,LT,telinga,tascam,Tanzania,Kilombero District,Morogoro,Ifakara,cup,221542.wav,IFA_53_24_2104.wav,Tanzania|Ifakara|cup|22-06-20 00:00,training,,anopheles_funestus_ss,raw/humbug_core/221542.wav,CANDIDATE_PENDING_COMPLETE_AUDIO_AUDIT
221525,10.24,IFA_53_25_2105.wav,44100,22-06-20 00:00,mosquito,an funestus ss,Female,f,Single,,LT,telinga,tascam,Tanzania,Kilombero District,Morogoro,Ifakara,cup,221525.wav,IFA_53_25_2105.wav,Tanzania|Ifakara|cup|22-06-20 00:00,training,,anopheles_funestus_ss,raw/humbug_core/221525.wav,CANDIDATE_PENDING_COMPLETE_AUDIO_AUDIT
221540,25.6,IFA_53_29_2109.wav,44100,22-06-20 00:00,mosquito,an funestus ss,Female,f,Single,,LT,telinga,tascam,Tanzania,Kilombero District,Morogoro,Ifakara,cup,221540.wav,IFA_53_29_2109.wav,Tanzania|Ifakara|cup|22-06-20 00:00,training,,anopheles_funestus_ss,raw/humbug_core/221540.wav,CANDIDATE_PENDING_COMPLETE_AUDIO_AUDIT
221539,17.92,IFA_53_29_2109.wav,44100,22-06-20 00:00,mosquito,an funestus ss,Female,f,Single,,LT,telinga,tascam,Tanzania,Kilombero District,Morogoro,Ifakara,cup,221539.wav,IFA_53_29_2109.wav,Tanzania|Ifakara|cup|22-06-20 00:00,training,,anopheles_funestus_ss,raw/humbug_core/221539.wav,CANDIDATE_PENDING_COMPLETE_AUDIO_AUDIT
221519,12.8,IFA_53_36_2116.wav,44100,22-06-20 00:00,mosquito,an arabiensis,Female,f,Single,,LT,telinga,tascam,Tanzania,Kilombero District,Morogoro,Ifakara,cup,221519.wav,IFA_53_36_2116.wav,Tanzania|Ifakara|cup|22-06-20 00:00,training,,anopheles_arabiensis,raw/humbug_core/221519.wav,CANDIDATE_PENDING_COMPLETE_AUDIO_AUDIT
221524,35.78,IFA_54_10_2130.wav,44100,22-06-20 00:00,mosquito,an funestus ss,Female,f,Single,,LT,telinga,tascam,Tanzania,Kilombero District,Morogoro,Ifakara,cup,221524.wav,IFA_54_10_2130.wav,Tanzania|Ifakara|cup|22-06-20 00:00,training,,anopheles_funestus_ss,raw/humbug_core/221524.wav,CANDIDATE_PENDING_COMPLETE_AUDIO_AUDIT
221531,35.78,IFA_54_11_2131.wav,44100,22-06-20 00:00,mosquito,an funestus ss,Female,f,Single,,LT,telinga,tascam,Tanzania,Kilombero District,Morogoro,Ifakara,cup,221531.wav,IFA_54_11_2131.wav,Tanzania|Ifakara|cup|22-06-20 00:00,training,,anopheles_funestus_ss,raw/humbug_core/221531.wav,CANDIDATE_PENDING_COMPLETE_AUDIO_AUDIT
221536,46.02,IFA_54_12_2132.wav,44100,22-06-20 00:00,mosquito,an arabiensis,Male,f,Single,,LT,telinga,tascam,Tanzania,Kilombero District,Morogoro,Ifakara,cup,221536.wav,IFA_54_12_2132.wav,Tanzania|Ifakara|cup|22-06-20 00:00,excluded,outside prespecified Female / fed=f / LT / Single cohort,anopheles_arabiensis,raw/humbug_core/221536.wav,CANDIDATE_PENDING_COMPLETE_AUDIO_AUDIT
221497,25.6,IFA_54_13_2133.wav,44100,22-06-20 00:00,mosquito,an arabiensis,Male,f,Single,,LT,telinga,tascam,Tanzania,Kilombero District,Morogoro,Ifakara,cup,221497.wav,IFA_54_13_2133.wav,Tanzania|Ifakara|cup|22-06-20 00:00,excluded,outside prespecified Female / fed=f / LT / Single cohort,anopheles_arabiensis,raw/humbug_core/221497.wav,CANDIDATE_PENDING_COMPLETE_AUDIO_AUDIT
221549,25.54,IFA_54_15_2135.wav,44100,22-06-20 00:00,mosquito,an arabiensis,Female,f,Single,,LT,telinga,tascam,Tanzania,Kilombero District,Morogoro,Ifakara,cup,221549.wav,IFA_54_15_2135.wav,Tanzania|Ifakara|cup|22-06-20 00:00,training,,anopheles_arabiensis,raw/humbug_core/221549.wav,CANDIDATE_PENDING_COMPLETE_AUDIO_AUDIT
221520,28.1,IFA_54_18_2138.wav,44100,22-06-20 00:00,mosquito,an arabiensis,Female,f,Single,,LT,telinga,tascam,Tanzania,Kilombero District,Morogoro,Ifakara,cup,221520.wav,IFA_54_18_2138.wav,Tanzania|Ifakara|cup|22-06-20 00:00,training,,anopheles_arabiensis,raw/humbug_core/221520.wav,CANDIDATE_PENDING_COMPLETE_AUDIO_AUDIT
221521,35.78,IFA_54_19_2139.wav,44100,22-06-20 00:00,mosquito,an arabiensis,Female,f,Single,,LT,telinga,tascam,Tanzania,Kilombero District,Morogoro,Ifakara,cup,221521.wav,IFA_54_19_2139.wav,Tanzania|Ifakara|cup|22-06-20 00:00,training,,anopheles_arabiensis,raw/humbug_core/221521.wav,CANDIDATE_PENDING_COMPLETE_AUDIO_AUDIT
221529,40.9,IFA_54_21_2141.wav,44100,22-06-20 00:00,mosquito,an funestus ss,Female,f,Single,,LT,telinga,tascam,Tanzania,Kilombero District,Morogoro,Ifakara,cup,221529.wav,IFA_54_21_2141.wav,Tanzania|Ifakara|cup|22-06-20 00:00,training,,anopheles_funestus_ss,raw/humbug_core/221529.wav,CANDIDATE_PENDING_COMPLETE_AUDIO_AUDIT
221548,35.84,IFA_54_22_2142.wav,44100,22-06-20 00:00,mosquito,an funestus ss,Female,f,Single,,LT,telinga,tascam,Tanzania,Kilombero District,Morogoro,Ifakara,cup,221548.wav,IFA_54_22_2142.wav,Tanzania|Ifakara|cup|22-06-20 00:00,training,,anopheles_funestus_ss,raw/humbug_core/221548.wav,CANDIDATE_PENDING_COMPLETE_AUDIO_AUDIT
221530,48.58,IFA_54_24_2144.wav,44100,22-06-20 00:00,mosquito,an funestus ss,Female,f,Single,,LT,telinga,tascam,Tanzania,Kilombero District,Morogoro,Ifakara,cup,221530.wav,IFA_54_24_2144.wav,Tanzania|Ifakara|cup|22-06-20 00:00,training,,anopheles_funestus_ss,raw/humbug_core/221530.wav,CANDIDATE_PENDING_COMPLETE_AUDIO_AUDIT
221613,33.22,IFA_54_31_2151.wav,44100,23-06-20 00:00,mosquito,an arabiensis,Female,f,Single,,LT,telinga,tascam,Tanzania,Kilombero District,Morogoro,Ifakara,cup,221613.wav,IFA_54_31_2151.wav,Tanzania|Ifakara|cup|23-06-20 00:00,training,,anopheles_arabiensis,raw/humbug_core/221613.wav,CANDIDATE_PENDING_COMPLETE_AUDIO_AUDIT
221614,35.78,IFA_54_32_2152.wav,44100,23-06-20 00:00,mosquito,an arabiensis,Female,f,Single,,LT,telinga,tascam,Tanzania,Kilombero District,Morogoro,Ifakara,cup,221614.wav,IFA_54_32_2152.wav,Tanzania|Ifakara|cup|23-06-20 00:00,training,,anopheles_arabiensis,raw/humbug_core/221614.wav,CANDIDATE_PENDING_COMPLETE_AUDIO_AUDIT
221617,7.68,IFA_54_33_2153.wav,44100,23-06-20 00:00,mosquito,an arabiensis,Female,f,Single,,LT,telinga,tascam,Tanzania,Kilombero District,Morogoro,Ifakara,cup,221617.wav,IFA_54_33_2153.wav,Tanzania|Ifakara|cup|23-06-20 00:00,training,,anopheles_arabiensis,raw/humbug_core/221617.wav,CANDIDATE_PENDING_COMPLETE_AUDIO_AUDIT
221618,30.72,IFA_54_33_2153.wav,44100,23-06-20 00:00,mosquito,an arabiensis,Female,f,Single,,LT,telinga,tascam,Tanzania,Kilombero District,Morogoro,Ifakara,cup,221618.wav,IFA_54_33_2153.wav,Tanzania|Ifakara|cup|23-06-20 00:00,training,,anopheles_arabiensis,raw/humbug_core/221618.wav,CANDIDATE_PENDING_COMPLETE_AUDIO_AUDIT
221637,35.78,IFA_54_34_2154.wav,44100,23-06-20 00:00,mosquito,an arabiensis,Female,f,Single,,LT,telinga,tascam,Tanzania,Kilombero District,Morogoro,Ifakara,cup,221637.wav,IFA_54_34_2154.wav,Tanzania|Ifakara|cup|23-06-20 00:00,training,,anopheles_arabiensis,raw/humbug_core/221637.wav,CANDIDATE_PENDING_COMPLETE_AUDIO_AUDIT
221584,38.34,IFA_54_36_2156.wav,44100,23-06-20 00:00,mosquito,an funestus ss,Female,f,Single,,LT,telinga,tascam,Tanzania,Kilombero District,Morogoro,Ifakara,cup,221584.wav,IFA_54_36_2156.wav,Tanzania|Ifakara|cup|23-06-20 00:00,training,,anopheles_funestus_ss,raw/humbug_core/221584.wav,CANDIDATE_PENDING_COMPLETE_AUDIO_AUDIT
221583,10.24,IFA_54_36_2156.wav,44100,23-06-20 00:00,mosquito,an funestus ss,Female,f,Single,,LT,telinga,tascam,Tanzania,Kilombero District,Morogoro,Ifakara,cup,221583.wav,IFA_54_36_2156.wav,Tanzania|Ifakara|cup|23-06-20 00:00,training,,anopheles_funestus_ss,raw/humbug_core/221583.wav,CANDIDATE_PENDING_COMPLETE_AUDIO_AUDIT
221606,38.34,IFA_54_37_2157.wav,44100,23-06-20 00:00,mosquito,an arabiensis,Female,f,Single,,LT,telinga,tascam,Tanzania,Kilombero District,Morogoro,Ifakara,cup,221606.wav,IFA_54_37_2157.wav,Tanzania|Ifakara|cup|23-06-20 00:00,training,,anopheles_arabiensis,raw/humbug_core/221606.wav,CANDIDATE_PENDING_COMPLETE_AUDIO_AUDIT
221610,2.5,IFA_54_38_2158.wav,44100,23-06-20 00:00,mosquito,an arabiensis,Female,f,Single,,LT,telinga,tascam,Tanzania,Kilombero District,Morogoro,Ifakara,cup,221610.wav,IFA_54_38_2158.wav,Tanzania|Ifakara|cup|23-06-20 00:00,training,,anopheles_arabiensis,raw/humbug_core/221610.wav,CANDIDATE_PENDING_COMPLETE_AUDIO_AUDIT
221609,20.48,IFA_54_38_2158.wav,44100,23-06-20 00:00,mosquito,an arabiensis,Female,f,Single,,LT,telinga,tascam,Tanzania,Kilombero District,Morogoro,Ifakara,cup,221609.wav,IFA_54_38_2158.wav,Tanzania|Ifakara|cup|23-06-20 00:00,training,,anopheles_arabiensis,raw/humbug_core/221609.wav,CANDIDATE_PENDING_COMPLETE_AUDIO_AUDIT
221589,25.6,IFA_54_39_2159.wav,44100,23-06-20 00:00,mosquito,an funestus ss,Female,f,Single,,LT,telinga,tascam,Tanzania,Kilombero District,Morogoro,Ifakara,cup,221589.wav,IFA_54_39_2159.wav,Tanzania|Ifakara|cup|23-06-20 00:00,training,,anopheles_funestus_ss,raw/humbug_core/221589.wav,CANDIDATE_PENDING_COMPLETE_AUDIO_AUDIT
221586,12.8,IFA_54_40_2160.wav,44100,23-06-20 00:00,mosquito,an funestus ss,Female,f,Single,,LT,telinga,tascam,Tanzania,Kilombero District,Morogoro,Ifakara,cup,221586.wav,IFA_54_40_2160.wav,Tanzania|Ifakara|cup|23-06-20 00:00,training,,anopheles_funestus_ss,raw/humbug_core/221586.wav,CANDIDATE_PENDING_COMPLETE_AUDIO_AUDIT
221598,15.3,IFA_55_13_2173.wav,44100,23-06-20 00:00,mosquito,an funestus ss,Female,f,Single,,LT,telinga,tascam,Tanzania,Kilombero District,Morogoro,Ifakara,cup,221598.wav,IFA_55_13_2173.wav,Tanzania|Ifakara|cup|23-06-20 00:00,training,,anopheles_funestus_ss,raw/humbug_core/221598.wav,CANDIDATE_PENDING_COMPLETE_AUDIO_AUDIT
221596,2.56,IFA_55_13_2173.wav,44100,23-06-20 00:00,mosquito,an funestus ss,Female,f,Single,,LT,telinga,tascam,Tanzania,Kilombero District,Morogoro,Ifakara,cup,221596.wav,IFA_55_13_2173.wav,Tanzania|Ifakara|cup|23-06-20 00:00,training,,anopheles_funestus_ss,raw/humbug_core/221596.wav,CANDIDATE_PENDING_COMPLETE_AUDIO_AUDIT
221597,20.48,IFA_55_13_2173.wav,44100,23-06-20 00:00,mosquito,an funestus ss,Female,f,Single,,LT,telinga,tascam,Tanzania,Kilombero District,Morogoro,Ifakara,cup,221597.wav,IFA_55_13_2173.wav,Tanzania|Ifakara|cup|23-06-20 00:00,training,,anopheles_funestus_ss,raw/humbug_core/221597.wav,CANDIDATE_PENDING_COMPLETE_AUDIO_AUDIT
221562,28.1,IFA_55_14_2174.wav,44100,23-06-20 00:00,mosquito,an arabiensis,Female,f,Single,,LT,telinga,tascam,Tanzania,Kilombero District,Morogoro,Ifakara,cup,221562.wav,IFA_55_14_2174.wav,Tanzania|Ifakara|cup|23-06-20 00:00,training,,anopheles_arabiensis,raw/humbug_core/221562.wav,CANDIDATE_PENDING_COMPLETE_AUDIO_AUDIT
221590,20.48,IFA_55_16_2176.wav,44100,23-06-20 00:00,mosquito,an arabiensis,Female,f,Single,,LT,telinga,tascam,Tanzania,Kilombero District,Morogoro,Ifakara,cup,221590.wav,IFA_55_16_2176.wav,Tanzania|Ifakara|cup|23-06-20 00:00,training,,anopheles_arabiensis,raw/humbug_core/221590.wav,CANDIDATE_PENDING_COMPLETE_AUDIO_AUDIT
221591,2.5,IFA_55_16_2176.wav,44100,23-06-20 00:00,mosquito,an arabiensis,Female,f,Single,,LT,telinga,tascam,Tanzania,Kilombero District,Morogoro,Ifakara,cup,221591.wav,IFA_55_16_2176.wav,Tanzania|Ifakara|cup|23-06-20 00:00,training,,anopheles_arabiensis,raw/humbug_core/221591.wav,CANDIDATE_PENDING_COMPLETE_AUDIO_AUDIT
221564,46.02,IFA_55_18_2178.wav,44100,23-06-20 00:00,mosquito,an funestus ss,Female,f,Single,,LT,telinga,tascam,Tanzania,Kilombero District,Morogoro,Ifakara,cup,221564.wav,IFA_55_18_2178.wav,Tanzania|Ifakara|cup|23-06-20 00:00,training,,anopheles_funestus_ss,raw/humbug_core/221564.wav,CANDIDATE_PENDING_COMPLETE_AUDIO_AUDIT
221602,10.24,IFA_55_20_2180.wav,44100,23-06-20 00:00,mosquito,an arabiensis,Female,f,Single,,LT,telinga,tascam,Tanzania,Kilombero District,Morogoro,Ifakara,cup,221602.wav,IFA_55_20_2180.wav,Tanzania|Ifakara|cup|23-06-20 00:00,training,,anopheles_arabiensis,raw/humbug_core/221602.wav,CANDIDATE_PENDING_COMPLETE_AUDIO_AUDIT
221578,10.18,IFA_55_21_2181.wav,44100,23-06-20 00:00,mosquito,an funestus ss,Female,f,Single,,LT,telinga,tascam,Tanzania,Kilombero District,Morogoro,Ifakara,cup,221578.wav,IFA_55_21_2181.wav,Tanzania|Ifakara|cup|23-06-20 00:00,training,,anopheles_funestus_ss,raw/humbug_core/221578.wav,CANDIDATE_PENDING_COMPLETE_AUDIO_AUDIT
221577,7.68,IFA_55_21_2181.wav,44100,23-06-20 00:00,mosquito,an funestus ss,Female,f,Single,,LT,telinga,tascam,Tanzania,Kilombero District,Morogoro,Ifakara,cup,221577.wav,IFA_55_21_2181.wav,Tanzania|Ifakara|cup|23-06-20 00:00,training,,anopheles_funestus_ss,raw/humbug_core/221577.wav,CANDIDATE_PENDING_COMPLETE_AUDIO_AUDIT
221635,5.12,IFA_55_23_2183.wav,44100,23-06-20 00:00,mosquito,an funestus ss,Female,f,Single,,LT,telinga,tascam,Tanzania,Kilombero District,Morogoro,Ifakara,cup,221635.wav,IFA_55_23_2183.wav,Tanzania|Ifakara|cup|23-06-20 00:00,training,,anopheles_funestus_ss,raw/humbug_core/221635.wav,CANDIDATE_PENDING_COMPLETE_AUDIO_AUDIT
221636,10.24,IFA_55_23_2183.wav,44100,23-06-20 00:00,mosquito,an funestus ss,Female,f,Single,,LT,telinga,tascam,Tanzania,Kilombero District,Morogoro,Ifakara,cup,221636.wav,IFA_55_23_2183.wav,Tanzania|Ifakara|cup|23-06-20 00:00,training,,anopheles_funestus_ss,raw/humbug_core/221636.wav,CANDIDATE_PENDING_COMPLETE_AUDIO_AUDIT
221566,7.68,IFA_55_27_2187.wav,44100,23-06-20 00:00,mosquito,an funestus ss,Female,f,Single,,LT,telinga,tascam,Tanzania,Kilombero District,Morogoro,Ifakara,cup,221566.wav,IFA_55_27_2187.wav,Tanzania|Ifakara|cup|23-06-20 00:00,training,,anopheles_funestus_ss,raw/humbug_core/221566.wav,CANDIDATE_PENDING_COMPLETE_AUDIO_AUDIT
221567,10.24,IFA_55_27_2187.wav,44100,23-06-20 00:00,mosquito,an funestus ss,Female,f,Single,,LT,telinga,tascam,Tanzania,Kilombero District,Morogoro,Ifakara,cup,221567.wav,IFA_55_27_2187.wav,Tanzania|Ifakara|cup|23-06-20 00:00,training,,anopheles_funestus_ss,raw/humbug_core/221567.wav,CANDIDATE_PENDING_COMPLETE_AUDIO_AUDIT
221585,28.16,IFA_55_28_2188.wav,44100,23-06-20 00:00,mosquito,an funestus ss,Female,f,Single,,LT,telinga,tascam,Tanzania,Kilombero District,Morogoro,Ifakara,cup,221585.wav,IFA_55_28_2188.wav,Tanzania|Ifakara|cup|23-06-20 00:00,training,,anopheles_funestus_ss,raw/humbug_core/221585.wav,CANDIDATE_PENDING_COMPLETE_AUDIO_AUDIT
221573,25.54,IFA_55_29_2189.wav,44100,23-06-20 00:00,mosquito,an arabiensis,Male,f,Single,,LT,telinga,tascam,Tanzania,Kilombero District,Morogoro,Ifakara,cup,221573.wav,IFA_55_29_2189.wav,Tanzania|Ifakara|cup|23-06-20 00:00,excluded,outside prespecified Female / fed=f / LT / Single cohort,anopheles_arabiensis,raw/humbug_core/221573.wav,CANDIDATE_PENDING_COMPLETE_AUDIO_AUDIT
221626,5.12,IFA_55_30_2190.wav,44100,23-06-20 00:00,mosquito,an arabiensis,Male,f,Single,,LT,telinga,tascam,Tanzania,Kilombero District,Morogoro,Ifakara,cup,221626.wav,IFA_55_30_2190.wav,Tanzania|Ifakara|cup|23-06-20 00:00,excluded,outside prespecified Female / fed=f / LT / Single cohort,anopheles_arabiensis,raw/humbug_core/221626.wav,CANDIDATE_PENDING_COMPLETE_AUDIO_AUDIT
221627,17.86,IFA_55_30_2190.wav,44100,23-06-20 00:00,mosquito,an arabiensis,Male,f,Single,,LT,telinga,tascam,Tanzania,Kilombero District,Morogoro,Ifakara,cup,221627.wav,IFA_55_30_2190.wav,Tanzania|Ifakara|cup|23-06-20 00:00,excluded,outside prespecified Female / fed=f / LT / Single cohort,anopheles_arabiensis,raw/humbug_core/221627.wav,CANDIDATE_PENDING_COMPLETE_AUDIO_AUDIT
221625,12.8,IFA_55_30_2190.wav,44100,23-06-20 00:00,mosquito,an arabiensis,Male,f,Single,,LT,telinga,tascam,Tanzania,Kilombero District,Morogoro,Ifakara,cup,221625.wav,IFA_55_30_2190.wav,Tanzania|Ifakara|cup|23-06-20 00:00,excluded,outside prespecified Female / fed=f / LT / Single cohort,anopheles_arabiensis,raw/humbug_core/221625.wav,CANDIDATE_PENDING_COMPLETE_AUDIO_AUDIT
221568,12.8,IFA_55_32_2192.wav,44100,23-06-20 00:00,mosquito,an funestus ss,Female,f,Single,,LT,telinga,tascam,Tanzania,Kilombero District,Morogoro,Ifakara,cup,221568.wav,IFA_55_32_2192.wav,Tanzania|Ifakara|cup|23-06-20 00:00,training,,anopheles_funestus_ss,raw/humbug_core/221568.wav,CANDIDATE_PENDING_COMPLETE_AUDIO_AUDIT
221569,30.66,IFA_55_32_2192.wav,44100,23-06-20 00:00,mosquito,an funestus ss,Female,f,Single,,LT,telinga,tascam,Tanzania,Kilombero District,Morogoro,Ifakara,cup,221569.wav,IFA_55_32_2192.wav,Tanzania|Ifakara|cup|23-06-20 00:00,training,,anopheles_funestus_ss,raw/humbug_core/221569.wav,CANDIDATE_PENDING_COMPLETE_AUDIO_AUDIT
221629,5.12,IFA_55_34_2194.wav,44100,23-06-20 00:00,mosquito,an funestus ss,Female,f,Single,,LT,telinga,tascam,Tanzania,Kilombero District,Morogoro,Ifakara,cup,221629.wav,IFA_55_34_2194.wav,Tanzania|Ifakara|cup|23-06-20 00:00,training,,anopheles_funestus_ss,raw/humbug_core/221629.wav,CANDIDATE_PENDING_COMPLETE_AUDIO_AUDIT
221630,12.8,IFA_55_34_2194.wav,44100,23-06-20 00:00,mosquito,an funestus ss,Female,f,Single,,LT,telinga,tascam,Tanzania,Kilombero District,Morogoro,Ifakara,cup,221630.wav,IFA_55_34_2194.wav,Tanzania|Ifakara|cup|23-06-20 00:00,training,,anopheles_funestus_ss,raw/humbug_core/221630.wav,CANDIDATE_PENDING_COMPLETE_AUDIO_AUDIT
221600,12.8,IFA_55_35_2195.wav,44100,23-06-20 00:00,mosquito,an funestus ss,Female,f,Single,,LT,telinga,tascam,Tanzania,Kilombero District,Morogoro,Ifakara,cup,221600.wav,IFA_55_35_2195.wav,Tanzania|Ifakara|cup|23-06-20 00:00,training,,anopheles_funestus_ss,raw/humbug_core/221600.wav,CANDIDATE_PENDING_COMPLETE_AUDIO_AUDIT
221599,7.68,IFA_55_35_2195.wav,44100,23-06-20 00:00,mosquito,an funestus ss,Female,f,Single,,LT,telinga,tascam,Tanzania,Kilombero District,Morogoro,Ifakara,cup,221599.wav,IFA_55_35_2195.wav,Tanzania|Ifakara|cup|23-06-20 00:00,training,,anopheles_funestus_ss,raw/humbug_core/221599.wav,CANDIDATE_PENDING_COMPLETE_AUDIO_AUDIT
221628,2.5,IFA_55_36_2196.wav,44100,23-06-20 00:00,mosquito,an funestus ss,Female,f,Single,,LT,telinga,tascam,Tanzania,Kilombero District,Morogoro,Ifakara,cup,221628.wav,IFA_55_36_2196.wav,Tanzania|Ifakara|cup|23-06-20 00:00,training,,anopheles_funestus_ss,raw/humbug_core/221628.wav,CANDIDATE_PENDING_COMPLETE_AUDIO_AUDIT
221604,15.3,IFA_56_11_2211.wav,44100,23-06-20 00:00,mosquito,an funestus ss,Female,f,Single,,LT,telinga,tascam,Tanzania,Kilombero District,Morogoro,Ifakara,cup,221604.wav,IFA_56_11_2211.wav,Tanzania|Ifakara|cup|23-06-20 00:00,training,,anopheles_funestus_ss,raw/humbug_core/221604.wav,CANDIDATE_PENDING_COMPLETE_AUDIO_AUDIT
221603,17.92,IFA_56_11_2211.wav,44100,23-06-20 00:00,mosquito,an funestus ss,Female,f,Single,,LT,telinga,tascam,Tanzania,Kilombero District,Morogoro,Ifakara,cup,221603.wav,IFA_56_11_2211.wav,Tanzania|Ifakara|cup|23-06-20 00:00,training,,anopheles_funestus_ss,raw/humbug_core/221603.wav,CANDIDATE_PENDING_COMPLETE_AUDIO_AUDIT
221632,12.74,IFA_56_12_2212.wav,44100,23-06-20 00:00,mosquito,an funestus ss,Female,f,Single,,LT,telinga,tascam,Tanzania,Kilombero District,Morogoro,Ifakara,cup,221632.wav,IFA_56_12_2212.wav,Tanzania|Ifakara|cup|23-06-20 00:00,training,,anopheles_funestus_ss,raw/humbug_core/221632.wav,CANDIDATE_PENDING_COMPLETE_AUDIO_AUDIT
221631,2.56,IFA_56_12_2212.wav,44100,23-06-20 00:00,mosquito,an funestus ss,Female,f,Single,,LT,telinga,tascam,Tanzania,Kilombero District,Morogoro,Ifakara,cup,221631.wav,IFA_56_12_2212.wav,Tanzania|Ifakara|cup|23-06-20 00:00,training,,anopheles_funestus_ss,raw/humbug_core/221631.wav,CANDIDATE_PENDING_COMPLETE_AUDIO_AUDIT
221554,2.56,IFA_56_14_2214.wav,44100,23-06-20 00:00,mosquito,an funestus ss,Female,f,Single,,LT,telinga,tascam,Tanzania,Kilombero District,Morogoro,Ifakara,cup,221554.wav,IFA_56_14_2214.wav,Tanzania|Ifakara|cup|23-06-20 00:00,training,,anopheles_funestus_ss,raw/humbug_core/221554.wav,CANDIDATE_PENDING_COMPLETE_AUDIO_AUDIT
221553,15.36,IFA_56_14_2214.wav,44100,23-06-20 00:00,mosquito,an funestus ss,Female,f,Single,,LT,telinga,tascam,Tanzania,Kilombero District,Morogoro,Ifakara,cup,221553.wav,IFA_56_14_2214.wav,Tanzania|Ifakara|cup|23-06-20 00:00,training,,anopheles_funestus_ss,raw/humbug_core/221553.wav,CANDIDATE_PENDING_COMPLETE_AUDIO_AUDIT
221620,2.56,IFA_56_24_2224.wav,44100,23-06-20 00:00,mosquito,an funestus ss,Female,f,Single,,LT,telinga,tascam,Tanzania,Kilombero District,Morogoro,Ifakara,cup,221620.wav,IFA_56_24_2224.wav,Tanzania|Ifakara|cup|23-06-20 00:00,training,,anopheles_funestus_ss,raw/humbug_core/221620.wav,CANDIDATE_PENDING_COMPLETE_AUDIO_AUDIT
221621,2.56,IFA_56_24_2224.wav,44100,23-06-20 00:00,mosquito,an funestus ss,Female,f,Single,,LT,telinga,tascam,Tanzania,Kilombero District,Morogoro,Ifakara,cup,221621.wav,IFA_56_24_2224.wav,Tanzania|Ifakara|cup|23-06-20 00:00,training,,anopheles_funestus_ss,raw/humbug_core/221621.wav,CANDIDATE_PENDING_COMPLETE_AUDIO_AUDIT
221595,5.12,IFA_56_26_2226.wav,44100,23-06-20 00:00,mosquito,an funestus ss,Female,f,Single,,LT,telinga,tascam,Tanzania,Kilombero District,Morogoro,Ifakara,cup,221595.wav,IFA_56_26_2226.wav,Tanzania|Ifakara|cup|23-06-20 00:00,training,,anopheles_funestus_ss,raw/humbug_core/221595.wav,CANDIDATE_PENDING_COMPLETE_AUDIO_AUDIT
221646,35.78,IFA_56_40_2240.wav,44100,28-06-20 00:00,mosquito,an arabiensis,Female,f,Single,,LT,telinga,tascam,Tanzania,Kilombero District,Morogoro,Ifakara,cup,221646.wav,IFA_56_40_2240.wav,Tanzania|Ifakara|cup|28-06-20 00:00,excluded,date has only one eligible species; exclude date confound,anopheles_arabiensis,raw/humbug_core/221646.wav,CANDIDATE_PENDING_COMPLETE_AUDIO_AUDIT
221675,38.34,IFA_57_10_2250.wav,44100,28-06-20 00:00,mosquito,an arabiensis,Female,f,Single,,LT,telinga,tascam,Tanzania,Kilombero District,Morogoro,Ifakara,cup,221675.wav,IFA_57_10_2250.wav,Tanzania|Ifakara|cup|28-06-20 00:00,excluded,date has only one eligible species; exclude date confound,anopheles_arabiensis,raw/humbug_core/221675.wav,CANDIDATE_PENDING_COMPLETE_AUDIO_AUDIT
221684,10.24,IFA_57_16_2256.wav,44100,28-06-20 00:00,mosquito,an arabiensis,Female,f,Single,,LT,telinga,tascam,Tanzania,Kilombero District,Morogoro,Ifakara,cup,221684.wav,IFA_57_16_2256.wav,Tanzania|Ifakara|cup|28-06-20 00:00,excluded,date has only one eligible species; exclude date confound,anopheles_arabiensis,raw/humbug_core/221684.wav,CANDIDATE_PENDING_COMPLETE_AUDIO_AUDIT
221685,2.56,IFA_57_16_2256.wav,44100,28-06-20 00:00,mosquito,an arabiensis,Female,f,Single,,LT,telinga,tascam,Tanzania,Kilombero District,Morogoro,Ifakara,cup,221685.wav,IFA_57_16_2256.wav,Tanzania|Ifakara|cup|28-06-20 00:00,excluded,date has only one eligible species; exclude date confound,anopheles_arabiensis,raw/humbug_core/221685.wav,CANDIDATE_PENDING_COMPLETE_AUDIO_AUDIT
221641,33.28,IFA_57_18_2258.wav,44100,28-06-20 00:00,mosquito,an arabiensis,Female,f,Single,,LT,telinga,tascam,Tanzania,Kilombero District,Morogoro,Ifakara,cup,221641.wav,IFA_57_18_2258.wav,Tanzania|Ifakara|cup|28-06-20 00:00,excluded,date has only one eligible species; exclude date confound,anopheles_arabiensis,raw/humbug_core/221641.wav,CANDIDATE_PENDING_COMPLETE_AUDIO_AUDIT
221690,25.6,IFA_57_20_2260.wav,44100,28-06-20 00:00,mosquito,an arabiensis,Female,f,Single,,LT,telinga,tascam,Tanzania,Kilombero District,Morogoro,Ifakara,cup,221690.wav,IFA_57_20_2260.wav,Tanzania|Ifakara|cup|28-06-20 00:00,excluded,date has only one eligible species; exclude date confound,anopheles_arabiensis,raw/humbug_core/221690.wav,CANDIDATE_PENDING_COMPLETE_AUDIO_AUDIT
221691,10.18,IFA_57_20_2260.wav,44100,28-06-20 00:00,mosquito,an arabiensis,Female,f,Single,,LT,telinga,tascam,Tanzania,Kilombero District,Morogoro,Ifakara,cup,221691.wav,IFA_57_20_2260.wav,Tanzania|Ifakara|cup|28-06-20 00:00,excluded,date has only one eligible species; exclude date confound,anopheles_arabiensis,raw/humbug_core/221691.wav,CANDIDATE_PENDING_COMPLETE_AUDIO_AUDIT
221666,7.68,IFA_57_24_2264.wav,44100,28-06-20 00:00,mosquito,an arabiensis,Female,f,Single,,LT,telinga,tascam,Tanzania,Kilombero District,Morogoro,Ifakara,cup,221666.wav,IFA_57_24_2264.wav,Tanzania|Ifakara|cup|28-06-20 00:00,excluded,date has only one eligible species; exclude date confound,anopheles_arabiensis,raw/humbug_core/221666.wav,CANDIDATE_PENDING_COMPLETE_AUDIO_AUDIT
221791,2.56,IFA_58_24_2304.wav,44100,29-06-20 00:00,mosquito,an arabiensis,Female,f,Single,,LT,telinga,tascam,Tanzania,Kilombero District,Morogoro,Ifakara,cup,221791.wav,IFA_58_24_2304.wav,Tanzania|Ifakara|cup|29-06-20 00:00,testing,,anopheles_arabiensis,raw/humbug_core/221791.wav,CANDIDATE_PENDING_COMPLETE_AUDIO_AUDIT
221792,20.48,IFA_58_24_2304.wav,44100,29-06-20 00:00,mosquito,an arabiensis,Female,f,Single,,LT,telinga,tascam,Tanzania,Kilombero District,Morogoro,Ifakara,cup,221792.wav,IFA_58_24_2304.wav,Tanzania|Ifakara|cup|29-06-20 00:00,testing,,anopheles_arabiensis,raw/humbug_core/221792.wav,CANDIDATE_PENDING_COMPLETE_AUDIO_AUDIT
221790,17.92,IFA_58_24_2304.wav,44100,29-06-20 00:00,mosquito,an arabiensis,Female,f,Single,,LT,telinga,tascam,Tanzania,Kilombero District,Morogoro,Ifakara,cup,221790.wav,IFA_58_24_2304.wav,Tanzania|Ifakara|cup|29-06-20 00:00,testing,,anopheles_arabiensis,raw/humbug_core/221790.wav,CANDIDATE_PENDING_COMPLETE_AUDIO_AUDIT
221797,30.72,IFA_58_29_2309.wav,44100,29-06-20 00:00,mosquito,an arabiensis,Female,f,Single,,LT,telinga,tascam,Tanzania,Kilombero District,Morogoro,Ifakara,cup,221797.wav,IFA_58_29_2309.wav,Tanzania|Ifakara|cup|29-06-20 00:00,testing,,anopheles_arabiensis,raw/humbug_core/221797.wav,CANDIDATE_PENDING_COMPLETE_AUDIO_AUDIT
221778,17.92,IFA_59_27_2347.wav,44100,29-06-20 00:00,mosquito,an funestus ss,Female,f,Single,,LT,telinga,tascam,Tanzania,Kilombero District,Morogoro,Ifakara,cup,221778.wav,IFA_59_27_2347.wav,Tanzania|Ifakara|cup|29-06-20 00:00,testing,,anopheles_funestus_ss,raw/humbug_core/221778.wav,CANDIDATE_PENDING_COMPLETE_AUDIO_AUDIT
221737,35.78,IFA_60_13_2373.wav,44100,30-06-20 00:00,mosquito,an arabiensis,Female,f,Single,,LT,telinga,tascam,Tanzania,Kilombero District,Morogoro,Ifakara,cup,221737.wav,IFA_60_13_2373.wav,Tanzania|Ifakara|cup|30-06-20 00:00,excluded,date has only one eligible species; exclude date confound,anopheles_arabiensis,raw/humbug_core/221737.wav,CANDIDATE_PENDING_COMPLETE_AUDIO_AUDIT
221846,2.56,IFA_61_11_2411.wav,44100,05-07-20 00:00,mosquito,an arabiensis,Female,f,Single,,LT,telinga,tascam,Tanzania,Kilombero District,Morogoro,Ifakara,cup,221846.wav,IFA_61_11_2411.wav,Tanzania|Ifakara|cup|05-07-20 00:00,excluded,date has only one eligible species; exclude date confound,anopheles_arabiensis,raw/humbug_core/221846.wav,CANDIDATE_PENDING_COMPLETE_AUDIO_AUDIT
221845,5.12,IFA_61_11_2411.wav,44100,05-07-20 00:00,mosquito,an arabiensis,Female,f,Single,,LT,telinga,tascam,Tanzania,Kilombero District,Morogoro,Ifakara,cup,221845.wav,IFA_61_11_2411.wav,Tanzania|Ifakara|cup|05-07-20 00:00,excluded,date has only one eligible species; exclude date confound,anopheles_arabiensis,raw/humbug_core/221845.wav,CANDIDATE_PENDING_COMPLETE_AUDIO_AUDIT
221844,2.56,IFA_61_11_2411.wav,44100,05-07-20 00:00,mosquito,an arabiensis,Female,f,Single,,LT,telinga,tascam,Tanzania,Kilombero District,Morogoro,Ifakara,cup,221844.wav,IFA_61_11_2411.wav,Tanzania|Ifakara|cup|05-07-20 00:00,excluded,date has only one eligible species; exclude date confound,anopheles_arabiensis,raw/humbug_core/221844.wav,CANDIDATE_PENDING_COMPLETE_AUDIO_AUDIT
221850,7.62,IFA_61_11_2411.wav,44100,05-07-20 00:00,mosquito,an arabiensis,Female,f,Single,,LT,telinga,tascam,Tanzania,Kilombero District,Morogoro,Ifakara,cup,221850.wav,IFA_61_11_2411.wav,Tanzania|Ifakara|cup|05-07-20 00:00,excluded,date has only one eligible species; exclude date confound,anopheles_arabiensis,raw/humbug_core/221850.wav,CANDIDATE_PENDING_COMPLETE_AUDIO_AUDIT
221848,2.56,IFA_61_11_2411.wav,44100,05-07-20 00:00,mosquito,an arabiensis,Female,f,Single,,LT,telinga,tascam,Tanzania,Kilombero District,Morogoro,Ifakara,cup,221848.wav,IFA_61_11_2411.wav,Tanzania|Ifakara|cup|05-07-20 00:00,excluded,date has only one eligible species; exclude date confound,anopheles_arabiensis,raw/humbug_core/221848.wav,CANDIDATE_PENDING_COMPLETE_AUDIO_AUDIT
221847,2.56,IFA_61_11_2411.wav,44100,05-07-20 00:00,mosquito,an arabiensis,Female,f,Single,,LT,telinga,tascam,Tanzania,Kilombero District,Morogoro,Ifakara,cup,221847.wav,IFA_61_11_2411.wav,Tanzania|Ifakara|cup|05-07-20 00:00,excluded,date has only one eligible species; exclude date confound,anopheles_arabiensis,raw/humbug_core/221847.wav,CANDIDATE_PENDING_COMPLETE_AUDIO_AUDIT
221849,10.24,IFA_61_11_2411.wav,44100,05-07-20 00:00,mosquito,an arabiensis,Female,f,Single,,LT,telinga,tascam,Tanzania,Kilombero District,Morogoro,Ifakara,cup,221849.wav,IFA_61_11_2411.wav,Tanzania|Ifakara|cup|05-07-20 00:00,excluded,date has only one eligible species; exclude date confound,anopheles_arabiensis,raw/humbug_core/221849.wav,CANDIDATE_PENDING_COMPLETE_AUDIO_AUDIT
221823,10.24,IFA_61_12_2412.wav,44100,05-07-20 00:00,mosquito,an arabiensis,Female,f,Single,,LT,telinga,tascam,Tanzania,Kilombero District,Morogoro,Ifakara,cup,221823.wav,IFA_61_12_2412.wav,Tanzania|Ifakara|cup|05-07-20 00:00,excluded,date has only one eligible species; exclude date confound,anopheles_arabiensis,raw/humbug_core/221823.wav,CANDIDATE_PENDING_COMPLETE_AUDIO_AUDIT
221824,30.66,IFA_61_12_2412.wav,44100,05-07-20 00:00,mosquito,an arabiensis,Female,f,Single,,LT,telinga,tascam,Tanzania,Kilombero District,Morogoro,Ifakara,cup,221824.wav,IFA_61_12_2412.wav,Tanzania|Ifakara|cup|05-07-20 00:00,excluded,date has only one eligible species; exclude date confound,anopheles_arabiensis,raw/humbug_core/221824.wav,CANDIDATE_PENDING_COMPLETE_AUDIO_AUDIT
221835,23.04,IFA_61_13_2413.wav,44100,05-07-20 00:00,mosquito,an arabiensis,Female,f,Single,,LT,telinga,tascam,Tanzania,Kilombero District,Morogoro,Ifakara,cup,221835.wav,IFA_61_13_2413.wav,Tanzania|Ifakara|cup|05-07-20 00:00,excluded,date has only one eligible species; exclude date confound,anopheles_arabiensis,raw/humbug_core/221835.wav,CANDIDATE_PENDING_COMPLETE_AUDIO_AUDIT
221836,10.18,IFA_61_13_2413.wav,44100,05-07-20 00:00,mosquito,an arabiensis,Female,f,Single,,LT,telinga,tascam,Tanzania,Kilombero District,Morogoro,Ifakara,cup,221836.wav,IFA_61_13_2413.wav,Tanzania|Ifakara|cup|05-07-20 00:00,excluded,date has only one eligible species; exclude date confound,anopheles_arabiensis,raw/humbug_core/221836.wav,CANDIDATE_PENDING_COMPLETE_AUDIO_AUDIT
221831,2.56,IFA_61_16_2416.wav,44100,05-07-20 00:00,mosquito,an arabiensis,Female,f,Single,,LT,telinga,tascam,Tanzania,Kilombero District,Morogoro,Ifakara,cup,221831.wav,IFA_61_16_2416.wav,Tanzania|Ifakara|cup|05-07-20 00:00,excluded,date has only one eligible species; exclude date confound,anopheles_arabiensis,raw/humbug_core/221831.wav,CANDIDATE_PENDING_COMPLETE_AUDIO_AUDIT
221816,2.56,IFA_61_21_2421.wav,44100,05-07-20 00:00,mosquito,an arabiensis,Female,f,Single,,LT,telinga,tascam,Tanzania,Kilombero District,Morogoro,Ifakara,cup,221816.wav,IFA_61_21_2421.wav,Tanzania|Ifakara|cup|05-07-20 00:00,excluded,date has only one eligible species; exclude date confound,anopheles_arabiensis,raw/humbug_core/221816.wav,CANDIDATE_PENDING_COMPLETE_AUDIO_AUDIT
221817,5.12,IFA_61_21_2421.wav,44100,05-07-20 00:00,mosquito,an arabiensis,Female,f,Single,,LT,telinga,tascam,Tanzania,Kilombero District,Morogoro,Ifakara,cup,221817.wav,IFA_61_21_2421.wav,Tanzania|Ifakara|cup|05-07-20 00:00,excluded,date has only one eligible species; exclude date confound,anopheles_arabiensis,raw/humbug_core/221817.wav,CANDIDATE_PENDING_COMPLETE_AUDIO_AUDIT
221818,2.56,IFA_61_21_2421.wav,44100,05-07-20 00:00,mosquito,an arabiensis,Female,f,Single,,LT,telinga,tascam,Tanzania,Kilombero District,Morogoro,Ifakara,cup,221818.wav,IFA_61_21_2421.wav,Tanzania|Ifakara|cup|05-07-20 00:00,excluded,date has only one eligible species; exclude date confound,anopheles_arabiensis,raw/humbug_core/221818.wav,CANDIDATE_PENDING_COMPLETE_AUDIO_AUDIT
221837,10.24,IFA_61_22_2422.wav,44100,05-07-20 00:00,mosquito,an arabiensis,Female,f,Single,,LT,telinga,tascam,Tanzania,Kilombero District,Morogoro,Ifakara,cup,221837.wav,IFA_61_22_2422.wav,Tanzania|Ifakara|cup|05-07-20 00:00,excluded,date has only one eligible species; exclude date confound,anopheles_arabiensis,raw/humbug_core/221837.wav,CANDIDATE_PENDING_COMPLETE_AUDIO_AUDIT
221819,2.56,IFA_61_25_2425.wav,44100,05-07-20 00:00,mosquito,an arabiensis,Female,f,Single,,LT,telinga,tascam,Tanzania,Kilombero District,Morogoro,Ifakara,cup,221819.wav,IFA_61_25_2425.wav,Tanzania|Ifakara|cup|05-07-20 00:00,excluded,date has only one eligible species; exclude date confound,anopheles_arabiensis,raw/humbug_core/221819.wav,CANDIDATE_PENDING_COMPLETE_AUDIO_AUDIT
221820,10.24,IFA_61_25_2425.wav,44100,05-07-20 00:00,mosquito,an arabiensis,Female,f,Single,,LT,telinga,tascam,Tanzania,Kilombero District,Morogoro,Ifakara,cup,221820.wav,IFA_61_25_2425.wav,Tanzania|Ifakara|cup|05-07-20 00:00,excluded,date has only one eligible species; exclude date confound,anopheles_arabiensis,raw/humbug_core/221820.wav,CANDIDATE_PENDING_COMPLETE_AUDIO_AUDIT
221857,30.66,IFA_61_31_2431.wav,44100,06-07-20 00:00,mosquito,an arabiensis,Female,f,Single,,LT,telinga,tascam,Tanzania,Kilombero District,Morogoro,Ifakara,cup,221857.wav,IFA_61_31_2431.wav,Tanzania|Ifakara|cup|06-07-20 00:00,training,,anopheles_arabiensis,raw/humbug_core/221857.wav,CANDIDATE_PENDING_COMPLETE_AUDIO_AUDIT
221860,10.24,IFA_61_34_2434.wav,44100,06-07-20 00:00,mosquito,an arabiensis,Female,f,Single,,LT,telinga,tascam,Tanzania,Kilombero District,Morogoro,Ifakara,cup,221860.wav,IFA_61_34_2434.wav,Tanzania|Ifakara|cup|06-07-20 00:00,training,,anopheles_arabiensis,raw/humbug_core/221860.wav,CANDIDATE_PENDING_COMPLETE_AUDIO_AUDIT
221861,12.8,IFA_61_34_2434.wav,44100,06-07-20 00:00,mosquito,an arabiensis,Female,f,Single,,LT,telinga,tascam,Tanzania,Kilombero District,Morogoro,Ifakara,cup,221861.wav,IFA_61_34_2434.wav,Tanzania|Ifakara|cup|06-07-20 00:00,training,,anopheles_arabiensis,raw/humbug_core/221861.wav,CANDIDATE_PENDING_COMPLETE_AUDIO_AUDIT
221863,56.26,IFA_61_35_2435.wav,44100,06-07-20 00:00,mosquito,an arabiensis,Female,f,Single,,LT,telinga,tascam,Tanzania,Kilombero District,Morogoro,Ifakara,cup,221863.wav,IFA_61_35_2435.wav,Tanzania|Ifakara|cup|06-07-20 00:00,training,,anopheles_arabiensis,raw/humbug_core/221863.wav,CANDIDATE_PENDING_COMPLETE_AUDIO_AUDIT
221864,20.48,IFA_61_39_2439.wav,44100,06-07-20 00:00,mosquito,an arabiensis,Female,f,Single,,LT,telinga,tascam,Tanzania,Kilombero District,Morogoro,Ifakara,cup,221864.wav,IFA_61_39_2439.wav,Tanzania|Ifakara|cup|06-07-20 00:00,training,,anopheles_arabiensis,raw/humbug_core/221864.wav,CANDIDATE_PENDING_COMPLETE_AUDIO_AUDIT
221865,22.98,IFA_61_39_2439.wav,44100,06-07-20 00:00,mosquito,an arabiensis,Female,f,Single,,LT,telinga,tascam,Tanzania,Kilombero District,Morogoro,Ifakara,cup,221865.wav,IFA_61_39_2439.wav,Tanzania|Ifakara|cup|06-07-20 00:00,training,,anopheles_arabiensis,raw/humbug_core/221865.wav,CANDIDATE_PENDING_COMPLETE_AUDIO_AUDIT
221858,2.56,IFA_61_40_2440.wav,44100,06-07-20 00:00,mosquito,an arabiensis,Female,f,Single,,LT,telinga,tascam,Tanzania,Kilombero District,Morogoro,Ifakara,cup,221858.wav,IFA_61_40_2440.wav,Tanzania|Ifakara|cup|06-07-20 00:00,training,,anopheles_arabiensis,raw/humbug_core/221858.wav,CANDIDATE_PENDING_COMPLETE_AUDIO_AUDIT
221859,35.78,IFA_61_40_2440.wav,44100,06-07-20 00:00,mosquito,an arabiensis,Female,f,Single,,LT,telinga,tascam,Tanzania,Kilombero District,Morogoro,Ifakara,cup,221859.wav,IFA_61_40_2440.wav,Tanzania|Ifakara|cup|06-07-20 00:00,training,,anopheles_arabiensis,raw/humbug_core/221859.wav,CANDIDATE_PENDING_COMPLETE_AUDIO_AUDIT
221866,28.1,IFA_62_10_2450.wav,44100,06-07-20 00:00,mosquito,an funestus ss,Female,f,Single,,LT,telinga,tascam,Tanzania,Kilombero District,Morogoro,Ifakara,cup,221866.wav,IFA_62_10_2450.wav,Tanzania|Ifakara|cup|06-07-20 00:00,training,,anopheles_funestus_ss,raw/humbug_core/221866.wav,CANDIDATE_PENDING_COMPLETE_AUDIO_AUDIT
221853,30.72,IFA_62_11_2451.wav,44100,06-07-20 00:00,mosquito,an arabiensis,Female,f,Single,,LT,telinga,tascam,Tanzania,Kilombero District,Morogoro,Ifakara,cup,221853.wav,IFA_62_11_2451.wav,Tanzania|Ifakara|cup|06-07-20 00:00,training,,anopheles_arabiensis,raw/humbug_core/221853.wav,CANDIDATE_PENDING_COMPLETE_AUDIO_AUDIT
221855,30.66,IFA_62_12_2452.wav,44100,06-07-20 00:00,mosquito,an funestus ss,Female,f,Single,,LT,telinga,tascam,Tanzania,Kilombero District,Morogoro,Ifakara,cup,221855.wav,IFA_62_12_2452.wav,Tanzania|Ifakara|cup|06-07-20 00:00,training,,anopheles_funestus_ss,raw/humbug_core/221855.wav,CANDIDATE_PENDING_COMPLETE_AUDIO_AUDIT
221893,15.3,IFA_62_13_2453.wav,44100,07-07-20 00:00,mosquito,an arabiensis,Female,f,Single,,LT,telinga,tascam,Tanzania,Kilombero District,Morogoro,Ifakara,cup,221893.wav,IFA_62_13_2453.wav,Tanzania|Ifakara|cup|07-07-20 00:00,training,,anopheles_arabiensis,raw/humbug_core/221893.wav,CANDIDATE_PENDING_COMPLETE_AUDIO_AUDIT
221892,2.56,IFA_62_13_2453.wav,44100,07-07-20 00:00,mosquito,an arabiensis,Female,f,Single,,LT,telinga,tascam,Tanzania,Kilombero District,Morogoro,Ifakara,cup,221892.wav,IFA_62_13_2453.wav,Tanzania|Ifakara|cup|07-07-20 00:00,training,,anopheles_arabiensis,raw/humbug_core/221892.wav,CANDIDATE_PENDING_COMPLETE_AUDIO_AUDIT
221890,5.12,IFA_62_13_2453.wav,44100,07-07-20 00:00,mosquito,an arabiensis,Female,f,Single,,LT,telinga,tascam,Tanzania,Kilombero District,Morogoro,Ifakara,cup,221890.wav,IFA_62_13_2453.wav,Tanzania|Ifakara|cup|07-07-20 00:00,training,,anopheles_arabiensis,raw/humbug_core/221890.wav,CANDIDATE_PENDING_COMPLETE_AUDIO_AUDIT
221891,10.24,IFA_62_13_2453.wav,44100,07-07-20 00:00,mosquito,an arabiensis,Female,f,Single,,LT,telinga,tascam,Tanzania,Kilombero District,Morogoro,Ifakara,cup,221891.wav,IFA_62_13_2453.wav,Tanzania|Ifakara|cup|07-07-20 00:00,training,,anopheles_arabiensis,raw/humbug_core/221891.wav,CANDIDATE_PENDING_COMPLETE_AUDIO_AUDIT
221954,30.72,IFA_62_14_2454.wav,44100,07-07-20 00:00,mosquito,an arabiensis,Female,f,Single,,LT,telinga,tascam,Tanzania,Kilombero District,Morogoro,Ifakara,cup,221954.wav,IFA_62_14_2454.wav,Tanzania|Ifakara|cup|07-07-20 00:00,training,,anopheles_arabiensis,raw/humbug_core/221954.wav,CANDIDATE_PENDING_COMPLETE_AUDIO_AUDIT
221941,30.66,IFA_62_15_2455.wav,44100,07-07-20 00:00,mosquito,an arabiensis,Female,t,Single,,LT,telinga,tascam,Tanzania,Kilombero District,Morogoro,Ifakara,cup,221941.wav,IFA_62_15_2455.wav,Tanzania|Ifakara|cup|07-07-20 00:00,excluded,outside prespecified Female / fed=f / LT / Single cohort,anopheles_arabiensis,raw/humbug_core/221941.wav,CANDIDATE_PENDING_COMPLETE_AUDIO_AUDIT
221876,5.12,IFA_62_17_2457.wav,44100,07-07-20 00:00,mosquito,an arabiensis,Female,f,Single,,LT,telinga,tascam,Tanzania,Kilombero District,Morogoro,Ifakara,cup,221876.wav,IFA_62_17_2457.wav,Tanzania|Ifakara|cup|07-07-20 00:00,training,,anopheles_arabiensis,raw/humbug_core/221876.wav,CANDIDATE_PENDING_COMPLETE_AUDIO_AUDIT
221877,33.22,IFA_62_17_2457.wav,44100,07-07-20 00:00,mosquito,an arabiensis,Female,f,Single,,LT,telinga,tascam,Tanzania,Kilombero District,Morogoro,Ifakara,cup,221877.wav,IFA_62_17_2457.wav,Tanzania|Ifakara|cup|07-07-20 00:00,training,,anopheles_arabiensis,raw/humbug_core/221877.wav,CANDIDATE_PENDING_COMPLETE_AUDIO_AUDIT
221894,33.22,IFA_62_18_2458.wav,44100,07-07-20 00:00,mosquito,an arabiensis,Female,f,Single,,LT,telinga,tascam,Tanzania,Kilombero District,Morogoro,Ifakara,cup,221894.wav,IFA_62_18_2458.wav,Tanzania|Ifakara|cup|07-07-20 00:00,training,,anopheles_arabiensis,raw/humbug_core/221894.wav,CANDIDATE_PENDING_COMPLETE_AUDIO_AUDIT
221913,35.84,IFA_62_19_2459.wav,44100,07-07-20 00:00,mosquito,an arabiensis,Female,f,Single,,LT,telinga,tascam,Tanzania,Kilombero District,Morogoro,Ifakara,cup,221913.wav,IFA_62_19_2459.wav,Tanzania|Ifakara|cup|07-07-20 00:00,training,,anopheles_arabiensis,raw/humbug_core/221913.wav,CANDIDATE_PENDING_COMPLETE_AUDIO_AUDIT
221921,30.66,IFA_62_20_2460.wav,44100,07-07-20 00:00,mosquito,an arabiensis,Female,f,Single,,LT,telinga,tascam,Tanzania,Kilombero District,Morogoro,Ifakara,cup,221921.wav,IFA_62_20_2460.wav,Tanzania|Ifakara|cup|07-07-20 00:00,training,,anopheles_arabiensis,raw/humbug_core/221921.wav,CANDIDATE_PENDING_COMPLETE_AUDIO_AUDIT
221926,30.66,IFA_62_21_2461.wav,44100,07-07-20 00:00,mosquito,an arabiensis,Female,f,Single,,LT,telinga,tascam,Tanzania,Kilombero District,Morogoro,Ifakara,cup,221926.wav,IFA_62_21_2461.wav,Tanzania|Ifakara|cup|07-07-20 00:00,training,,anopheles_arabiensis,raw/humbug_core/221926.wav,CANDIDATE_PENDING_COMPLETE_AUDIO_AUDIT
221911,30.66,IFA_62_22_2462.wav,44100,07-07-20 00:00,mosquito,an arabiensis,Female,f,Single,,LT,telinga,tascam,Tanzania,Kilombero District,Morogoro,Ifakara,cup,221911.wav,IFA_62_22_2462.wav,Tanzania|Ifakara|cup|07-07-20 00:00,training,,anopheles_arabiensis,raw/humbug_core/221911.wav,CANDIDATE_PENDING_COMPLETE_AUDIO_AUDIT
221929,30.66,IFA_62_23_2463.wav,44100,07-07-20 00:00,mosquito,an arabiensis,Female,f,Single,,LT,telinga,tascam,Tanzania,Kilombero District,Morogoro,Ifakara,cup,221929.wav,IFA_62_23_2463.wav,Tanzania|Ifakara|cup|07-07-20 00:00,training,,anopheles_arabiensis,raw/humbug_core/221929.wav,CANDIDATE_PENDING_COMPLETE_AUDIO_AUDIT
221917,2.5,IFA_62_24_2464.wav,44100,07-07-20 00:00,mosquito,an arabiensis,Female,f,Single,,LT,telinga,tascam,Tanzania,Kilombero District,Morogoro,Ifakara,cup,221917.wav,IFA_62_24_2464.wav,Tanzania|Ifakara|cup|07-07-20 00:00,training,,anopheles_arabiensis,raw/humbug_core/221917.wav,CANDIDATE_PENDING_COMPLETE_AUDIO_AUDIT
221915,20.48,IFA_62_24_2464.wav,44100,07-07-20 00:00,mosquito,an arabiensis,Female,f,Single,,LT,telinga,tascam,Tanzania,Kilombero District,Morogoro,Ifakara,cup,221915.wav,IFA_62_24_2464.wav,Tanzania|Ifakara|cup|07-07-20 00:00,training,,anopheles_arabiensis,raw/humbug_core/221915.wav,CANDIDATE_PENDING_COMPLETE_AUDIO_AUDIT
221916,5.12,IFA_62_24_2464.wav,44100,07-07-20 00:00,mosquito,an arabiensis,Female,f,Single,,LT,telinga,tascam,Tanzania,Kilombero District,Morogoro,Ifakara,cup,221916.wav,IFA_62_24_2464.wav,Tanzania|Ifakara|cup|07-07-20 00:00,training,,anopheles_arabiensis,raw/humbug_core/221916.wav,CANDIDATE_PENDING_COMPLETE_AUDIO_AUDIT
221897,48.58,IFA_62_25_2465.wav,44100,07-07-20 00:00,mosquito,an arabiensis,Female,f,Single,,LT,telinga,tascam,Tanzania,Kilombero District,Morogoro,Ifakara,cup,221897.wav,IFA_62_25_2465.wav,Tanzania|Ifakara|cup|07-07-20 00:00,training,,anopheles_arabiensis,raw/humbug_core/221897.wav,CANDIDATE_PENDING_COMPLETE_AUDIO_AUDIT
221914,38.34,IFA_62_26_2466.wav,44100,07-07-20 00:00,mosquito,an funestus ss,Female,f,Single,,LT,telinga,tascam,Tanzania,Kilombero District,Morogoro,Ifakara,cup,221914.wav,IFA_62_26_2466.wav,Tanzania|Ifakara|cup|07-07-20 00:00,training,,anopheles_funestus_ss,raw/humbug_core/221914.wav,CANDIDATE_PENDING_COMPLETE_AUDIO_AUDIT
221957,7.68,IFA_62_27_2467.wav,44100,07-07-20 00:00,mosquito,an arabiensis,Female,f,Single,,LT,telinga,tascam,Tanzania,Kilombero District,Morogoro,Ifakara,cup,221957.wav,IFA_62_27_2467.wav,Tanzania|Ifakara|cup|07-07-20 00:00,training,,anopheles_arabiensis,raw/humbug_core/221957.wav,CANDIDATE_PENDING_COMPLETE_AUDIO_AUDIT
221958,43.52,IFA_62_27_2467.wav,44100,07-07-20 00:00,mosquito,an arabiensis,Female,f,Single,,LT,telinga,tascam,Tanzania,Kilombero District,Morogoro,Ifakara,cup,221958.wav,IFA_62_27_2467.wav,Tanzania|Ifakara|cup|07-07-20 00:00,training,,anopheles_arabiensis,raw/humbug_core/221958.wav,CANDIDATE_PENDING_COMPLETE_AUDIO_AUDIT
221895,10.24,IFA_62_28_2468.wav,44100,07-07-20 00:00,mosquito,an arabiensis,Female,f,Single,,LT,telinga,tascam,Tanzania,Kilombero District,Morogoro,Ifakara,cup,221895.wav,IFA_62_28_2468.wav,Tanzania|Ifakara|cup|07-07-20 00:00,training,,anopheles_arabiensis,raw/humbug_core/221895.wav,CANDIDATE_PENDING_COMPLETE_AUDIO_AUDIT
221896,12.74,IFA_62_28_2468.wav,44100,07-07-20 00:00,mosquito,an arabiensis,Female,f,Single,,LT,telinga,tascam,Tanzania,Kilombero District,Morogoro,Ifakara,cup,221896.wav,IFA_62_28_2468.wav,Tanzania|Ifakara|cup|07-07-20 00:00,training,,anopheles_arabiensis,raw/humbug_core/221896.wav,CANDIDATE_PENDING_COMPLETE_AUDIO_AUDIT
221920,38.34,IFA_62_29_2469.wav,44100,07-07-20 00:00,mosquito,an arabiensis,Female,f,Single,,LT,telinga,tascam,Tanzania,Kilombero District,Morogoro,Ifakara,cup,221920.wav,IFA_62_29_2469.wav,Tanzania|Ifakara|cup|07-07-20 00:00,training,,anopheles_arabiensis,raw/humbug_core/221920.wav,CANDIDATE_PENDING_COMPLETE_AUDIO_AUDIT
221943,43.46,IFA_62_31_2471.wav,44100,07-07-20 00:00,mosquito,an arabiensis,Female,f,Single,,LT,telinga,tascam,Tanzania,Kilombero District,Morogoro,Ifakara,cup,221943.wav,IFA_62_31_2471.wav,Tanzania|Ifakara|cup|07-07-20 00:00,training,,anopheles_arabiensis,raw/humbug_core/221943.wav,CANDIDATE_PENDING_COMPLETE_AUDIO_AUDIT
221960,12.8,IFA_62_32_2472.wav,44100,07-07-20 00:00,mosquito,an arabiensis,Female,f,Single,,LT,telinga,tascam,Tanzania,Kilombero District,Morogoro,Ifakara,cup,221960.wav,IFA_62_32_2472.wav,Tanzania|Ifakara|cup|07-07-20 00:00,training,,anopheles_arabiensis,raw/humbug_core/221960.wav,CANDIDATE_PENDING_COMPLETE_AUDIO_AUDIT
221959,23.04,IFA_62_32_2472.wav,44100,07-07-20 00:00,mosquito,an arabiensis,Female,f,Single,,LT,telinga,tascam,Tanzania,Kilombero District,Morogoro,Ifakara,cup,221959.wav,IFA_62_32_2472.wav,Tanzania|Ifakara|cup|07-07-20 00:00,training,,anopheles_arabiensis,raw/humbug_core/221959.wav,CANDIDATE_PENDING_COMPLETE_AUDIO_AUDIT
221875,33.22,IFA_62_33_2473.wav,44100,07-07-20 00:00,mosquito,an arabiensis,Female,f,Single,,LT,telinga,tascam,Tanzania,Kilombero District,Morogoro,Ifakara,cup,221875.wav,IFA_62_33_2473.wav,Tanzania|Ifakara|cup|07-07-20 00:00,training,,anopheles_arabiensis,raw/humbug_core/221875.wav,CANDIDATE_PENDING_COMPLETE_AUDIO_AUDIT
221906,28.1,IFA_62_34_2474.wav,44100,07-07-20 00:00,mosquito,an arabiensis,Female,f,Single,,LT,telinga,tascam,Tanzania,Kilombero District,Morogoro,Ifakara,cup,221906.wav,IFA_62_34_2474.wav,Tanzania|Ifakara|cup|07-07-20 00:00,training,,anopheles_arabiensis,raw/humbug_core/221906.wav,CANDIDATE_PENDING_COMPLETE_AUDIO_AUDIT
221956,33.22,IFA_62_35_2475.wav,44100,07-07-20 00:00,mosquito,an arabiensis,Female,f,Single,,LT,telinga,tascam,Tanzania,Kilombero District,Morogoro,Ifakara,cup,221956.wav,IFA_62_35_2475.wav,Tanzania|Ifakara|cup|07-07-20 00:00,training,,anopheles_arabiensis,raw/humbug_core/221956.wav,CANDIDATE_PENDING_COMPLETE_AUDIO_AUDIT
221961,43.46,IFA_62_36_2476.wav,44100,07-07-20 00:00,mosquito,an arabiensis,Female,f,Single,,LT,telinga,tascam,Tanzania,Kilombero District,Morogoro,Ifakara,cup,221961.wav,IFA_62_36_2476.wav,Tanzania|Ifakara|cup|07-07-20 00:00,training,,anopheles_arabiensis,raw/humbug_core/221961.wav,CANDIDATE_PENDING_COMPLETE_AUDIO_AUDIT
221942,30.72,IFA_62_37_2477.wav,44100,07-07-20 00:00,mosquito,an arabiensis,Female,f,Single,,LT,telinga,tascam,Tanzania,Kilombero District,Morogoro,Ifakara,cup,221942.wav,IFA_62_37_2477.wav,Tanzania|Ifakara|cup|07-07-20 00:00,training,,anopheles_arabiensis,raw/humbug_core/221942.wav,CANDIDATE_PENDING_COMPLETE_AUDIO_AUDIT
221928,38.34,IFA_62_38_2478.wav,44100,07-07-20 00:00,mosquito,an funestus ss,Female,f,Single,,LT,telinga,tascam,Tanzania,Kilombero District,Morogoro,Ifakara,cup,221928.wav,IFA_62_38_2478.wav,Tanzania|Ifakara|cup|07-07-20 00:00,training,,anopheles_funestus_ss,raw/humbug_core/221928.wav,CANDIDATE_PENDING_COMPLETE_AUDIO_AUDIT
221953,30.66,IFA_62_39_2479.wav,44100,07-07-20 00:00,mosquito,an arabiensis,Female,f,Single,,LT,telinga,tascam,Tanzania,Kilombero District,Morogoro,Ifakara,cup,221953.wav,IFA_62_39_2479.wav,Tanzania|Ifakara|cup|07-07-20 00:00,training,,anopheles_arabiensis,raw/humbug_core/221953.wav,CANDIDATE_PENDING_COMPLETE_AUDIO_AUDIT
221884,43.46,IFA_62_40_2480.wav,44100,07-07-20 00:00,mosquito,an arabiensis,Female,f,Single,,LT,telinga,tascam,Tanzania,Kilombero District,Morogoro,Ifakara,cup,221884.wav,IFA_62_40_2480.wav,Tanzania|Ifakara|cup|07-07-20 00:00,training,,anopheles_arabiensis,raw/humbug_core/221884.wav,CANDIDATE_PENDING_COMPLETE_AUDIO_AUDIT
221888,35.84,IFA_63_10_2490.wav,44100,07-07-20 00:00,mosquito,an arabiensis,Female,f,Single,,LT,telinga,tascam,Tanzania,Kilombero District,Morogoro,Ifakara,cup,221888.wav,IFA_63_10_2490.wav,Tanzania|Ifakara|cup|07-07-20 00:00,training,,anopheles_arabiensis,raw/humbug_core/221888.wav,CANDIDATE_PENDING_COMPLETE_AUDIO_AUDIT
221870,5.12,IFA_63_11_2491.wav,44100,07-07-20 00:00,mosquito,an funestus ss,Female,f,Single,,LT,telinga,tascam,Tanzania,Kilombero District,Morogoro,Ifakara,cup,221870.wav,IFA_63_11_2491.wav,Tanzania|Ifakara|cup|07-07-20 00:00,training,,anopheles_funestus_ss,raw/humbug_core/221870.wav,CANDIDATE_PENDING_COMPLETE_AUDIO_AUDIT
221871,5.06,IFA_63_11_2491.wav,44100,07-07-20 00:00,mosquito,an funestus ss,Female,f,Single,,LT,telinga,tascam,Tanzania,Kilombero District,Morogoro,Ifakara,cup,221871.wav,IFA_63_11_2491.wav,Tanzania|Ifakara|cup|07-07-20 00:00,training,,anopheles_funestus_ss,raw/humbug_core/221871.wav,CANDIDATE_PENDING_COMPLETE_AUDIO_AUDIT
221869,7.68,IFA_63_11_2491.wav,44100,07-07-20 00:00,mosquito,an funestus ss,Female,f,Single,,LT,telinga,tascam,Tanzania,Kilombero District,Morogoro,Ifakara,cup,221869.wav,IFA_63_11_2491.wav,Tanzania|Ifakara|cup|07-07-20 00:00,training,,anopheles_funestus_ss,raw/humbug_core/221869.wav,CANDIDATE_PENDING_COMPLETE_AUDIO_AUDIT
221907,25.6,IFA_63_12_2492.wav,44100,07-07-20 00:00,mosquito,an funestus ss,Female,f,Single,,LT,telinga,tascam,Tanzania,Kilombero District,Morogoro,Ifakara,cup,221907.wav,IFA_63_12_2492.wav,Tanzania|Ifakara|cup|07-07-20 00:00,training,,anopheles_funestus_ss,raw/humbug_core/221907.wav,CANDIDATE_PENDING_COMPLETE_AUDIO_AUDIT
221908,7.68,IFA_63_12_2492.wav,44100,07-07-20 00:00,mosquito,an funestus ss,Female,f,Single,,LT,telinga,tascam,Tanzania,Kilombero District,Morogoro,Ifakara,cup,221908.wav,IFA_63_12_2492.wav,Tanzania|Ifakara|cup|07-07-20 00:00,training,,anopheles_funestus_ss,raw/humbug_core/221908.wav,CANDIDATE_PENDING_COMPLETE_AUDIO_AUDIT
221910,2.56,IFA_63_13_2493.wav,44100,07-07-20 00:00,mosquito,an funestus ss,Female,f,Single,,LT,telinga,tascam,Tanzania,Kilombero District,Morogoro,Ifakara,cup,221910.wav,IFA_63_13_2493.wav,Tanzania|Ifakara|cup|07-07-20 00:00,training,,anopheles_funestus_ss,raw/humbug_core/221910.wav,CANDIDATE_PENDING_COMPLETE_AUDIO_AUDIT
221909,17.92,IFA_63_13_2493.wav,44100,07-07-20 00:00,mosquito,an funestus ss,Female,f,Single,,LT,telinga,tascam,Tanzania,Kilombero District,Morogoro,Ifakara,cup,221909.wav,IFA_63_13_2493.wav,Tanzania|Ifakara|cup|07-07-20 00:00,training,,anopheles_funestus_ss,raw/humbug_core/221909.wav,CANDIDATE_PENDING_COMPLETE_AUDIO_AUDIT
221946,5.12,IFA_63_14_2494.wav,44100,07-07-20 00:00,mosquito,an funestus ss,Female,f,Single,,LT,telinga,tascam,Tanzania,Kilombero District,Morogoro,Ifakara,cup,221946.wav,IFA_63_14_2494.wav,Tanzania|Ifakara|cup|07-07-20 00:00,training,,anopheles_funestus_ss,raw/humbug_core/221946.wav,CANDIDATE_PENDING_COMPLETE_AUDIO_AUDIT
221948,5.12,IFA_63_14_2494.wav,44100,07-07-20 00:00,mosquito,an funestus ss,Female,f,Single,,LT,telinga,tascam,Tanzania,Kilombero District,Morogoro,Ifakara,cup,221948.wav,IFA_63_14_2494.wav,Tanzania|Ifakara|cup|07-07-20 00:00,training,,anopheles_funestus_ss,raw/humbug_core/221948.wav,CANDIDATE_PENDING_COMPLETE_AUDIO_AUDIT
221949,17.92,IFA_63_14_2494.wav,44100,07-07-20 00:00,mosquito,an funestus ss,Female,f,Single,,LT,telinga,tascam,Tanzania,Kilombero District,Morogoro,Ifakara,cup,221949.wav,IFA_63_14_2494.wav,Tanzania|Ifakara|cup|07-07-20 00:00,training,,anopheles_funestus_ss,raw/humbug_core/221949.wav,CANDIDATE_PENDING_COMPLETE_AUDIO_AUDIT
221947,12.8,IFA_63_14_2494.wav,44100,07-07-20 00:00,mosquito,an funestus ss,Female,f,Single,,LT,telinga,tascam,Tanzania,Kilombero District,Morogoro,Ifakara,cup,221947.wav,IFA_63_14_2494.wav,Tanzania|Ifakara|cup|07-07-20 00:00,training,,anopheles_funestus_ss,raw/humbug_core/221947.wav,CANDIDATE_PENDING_COMPLETE_AUDIO_AUDIT
221889,28.16,IFA_63_16_2496.wav,44100,07-07-20 00:00,mosquito,an funestus ss,Female,t,Single,,LT,telinga,tascam,Tanzania,Kilombero District,Morogoro,Ifakara,cup,221889.wav,IFA_63_16_2496.wav,Tanzania|Ifakara|cup|07-07-20 00:00,excluded,outside prespecified Female / fed=f / LT / Single cohort,anopheles_funestus_ss,raw/humbug_core/221889.wav,CANDIDATE_PENDING_COMPLETE_AUDIO_AUDIT
221955,46.08,IFA_63_17_2497.wav,44100,07-07-20 00:00,mosquito,an funestus ss,Female,f,Single,,LT,telinga,tascam,Tanzania,Kilombero District,Morogoro,Ifakara,cup,221955.wav,IFA_63_17_2497.wav,Tanzania|Ifakara|cup|07-07-20 00:00,training,,anopheles_funestus_ss,raw/humbug_core/221955.wav,CANDIDATE_PENDING_COMPLETE_AUDIO_AUDIT
221872,33.22,IFA_63_18_2498.wav,44100,07-07-20 00:00,mosquito,an funestus ss,Female,f,Single,,LT,telinga,tascam,Tanzania,Kilombero District,Morogoro,Ifakara,cup,221872.wav,IFA_63_18_2498.wav,Tanzania|Ifakara|cup|07-07-20 00:00,training,,anopheles_funestus_ss,raw/humbug_core/221872.wav,CANDIDATE_PENDING_COMPLETE_AUDIO_AUDIT
221944,33.28,IFA_63_19_2499.wav,44100,07-07-20 00:00,mosquito,an funestus ss,Female,f,Single,,LT,telinga,tascam,Tanzania,Kilombero District,Morogoro,Ifakara,cup,221944.wav,IFA_63_19_2499.wav,Tanzania|Ifakara|cup|07-07-20 00:00,training,,anopheles_funestus_ss,raw/humbug_core/221944.wav,CANDIDATE_PENDING_COMPLETE_AUDIO_AUDIT
221887,5.12,IFA_63_20_2500.wav,44100,07-07-20 00:00,mosquito,an arabiensis,Female,f,Single,,LT,telinga,tascam,Tanzania,Kilombero District,Morogoro,Ifakara,cup,221887.wav,IFA_63_20_2500.wav,Tanzania|Ifakara|cup|07-07-20 00:00,training,,anopheles_arabiensis,raw/humbug_core/221887.wav,CANDIDATE_PENDING_COMPLETE_AUDIO_AUDIT
221886,28.16,IFA_63_20_2500.wav,44100,07-07-20 00:00,mosquito,an arabiensis,Female,f,Single,,LT,telinga,tascam,Tanzania,Kilombero District,Morogoro,Ifakara,cup,221886.wav,IFA_63_20_2500.wav,Tanzania|Ifakara|cup|07-07-20 00:00,training,,anopheles_arabiensis,raw/humbug_core/221886.wav,CANDIDATE_PENDING_COMPLETE_AUDIO_AUDIT
221873,10.24,IFA_63_21_2501.wav,44100,07-07-20 00:00,mosquito,an arabiensis,Female,f,Single,,LT,telinga,tascam,Tanzania,Kilombero District,Morogoro,Ifakara,cup,221873.wav,IFA_63_21_2501.wav,Tanzania|Ifakara|cup|07-07-20 00:00,training,,anopheles_arabiensis,raw/humbug_core/221873.wav,CANDIDATE_PENDING_COMPLETE_AUDIO_AUDIT
221874,2.56,IFA_63_21_2501.wav,44100,07-07-20 00:00,mosquito,an arabiensis,Female,f,Single,,LT,telinga,tascam,Tanzania,Kilombero District,Morogoro,Ifakara,cup,221874.wav,IFA_63_21_2501.wav,Tanzania|Ifakara|cup|07-07-20 00:00,training,,anopheles_arabiensis,raw/humbug_core/221874.wav,CANDIDATE_PENDING_COMPLETE_AUDIO_AUDIT
221952,40.96,IFA_63_24_2504.wav,44100,07-07-20 00:00,mosquito,an arabiensis,Female,f,Single,,LT,telinga,tascam,Tanzania,Kilombero District,Morogoro,Ifakara,cup,221952.wav,IFA_63_24_2504.wav,Tanzania|Ifakara|cup|07-07-20 00:00,training,,anopheles_arabiensis,raw/humbug_core/221952.wav,CANDIDATE_PENDING_COMPLETE_AUDIO_AUDIT
221938,10.24,IFA_63_26_2506.wav,44100,07-07-20 00:00,mosquito,an funestus ss,Female,f,Single,,LT,telinga,tascam,Tanzania,Kilombero District,Morogoro,Ifakara,cup,221938.wav,IFA_63_26_2506.wav,Tanzania|Ifakara|cup|07-07-20 00:00,training,,anopheles_funestus_ss,raw/humbug_core/221938.wav,CANDIDATE_PENDING_COMPLETE_AUDIO_AUDIT
221937,10.24,IFA_63_26_2506.wav,44100,07-07-20 00:00,mosquito,an funestus ss,Female,f,Single,,LT,telinga,tascam,Tanzania,Kilombero District,Morogoro,Ifakara,cup,221937.wav,IFA_63_26_2506.wav,Tanzania|Ifakara|cup|07-07-20 00:00,training,,anopheles_funestus_ss,raw/humbug_core/221937.wav,CANDIDATE_PENDING_COMPLETE_AUDIO_AUDIT
221936,2.56,IFA_63_26_2506.wav,44100,07-07-20 00:00,mosquito,an funestus ss,Female,f,Single,,LT,telinga,tascam,Tanzania,Kilombero District,Morogoro,Ifakara,cup,221936.wav,IFA_63_26_2506.wav,Tanzania|Ifakara|cup|07-07-20 00:00,training,,anopheles_funestus_ss,raw/humbug_core/221936.wav,CANDIDATE_PENDING_COMPLETE_AUDIO_AUDIT
221924,15.36,IFA_63_28_2508.wav,44100,07-07-20 00:00,mosquito,an arabiensis,Female,f,Single,,LT,telinga,tascam,Tanzania,Kilombero District,Morogoro,Ifakara,cup,221924.wav,IFA_63_28_2508.wav,Tanzania|Ifakara|cup|07-07-20 00:00,training,,anopheles_arabiensis,raw/humbug_core/221924.wav,CANDIDATE_PENDING_COMPLETE_AUDIO_AUDIT
221925,17.92,IFA_63_28_2508.wav,44100,07-07-20 00:00,mosquito,an arabiensis,Female,f,Single,,LT,telinga,tascam,Tanzania,Kilombero District,Morogoro,Ifakara,cup,221925.wav,IFA_63_28_2508.wav,Tanzania|Ifakara|cup|07-07-20 00:00,training,,anopheles_arabiensis,raw/humbug_core/221925.wav,CANDIDATE_PENDING_COMPLETE_AUDIO_AUDIT
221879,7.68,IFA_63_29_2509.wav,44100,07-07-20 00:00,mosquito,an arabiensis,Female,f,Single,,LT,telinga,tascam,Tanzania,Kilombero District,Morogoro,Ifakara,cup,221879.wav,IFA_63_29_2509.wav,Tanzania|Ifakara|cup|07-07-20 00:00,training,,anopheles_arabiensis,raw/humbug_core/221879.wav,CANDIDATE_PENDING_COMPLETE_AUDIO_AUDIT
221878,7.68,IFA_63_29_2509.wav,44100,07-07-20 00:00,mosquito,an arabiensis,Female,f,Single,,LT,telinga,tascam,Tanzania,Kilombero District,Morogoro,Ifakara,cup,221878.wav,IFA_63_29_2509.wav,Tanzania|Ifakara|cup|07-07-20 00:00,training,,anopheles_arabiensis,raw/humbug_core/221878.wav,CANDIDATE_PENDING_COMPLETE_AUDIO_AUDIT
221918,30.72,IFA_63_31_2511.wav,44100,07-07-20 00:00,mosquito,an funestus ss,Female,,Single,,LT,telinga,tascam,Tanzania,Kilombero District,Morogoro,Ifakara,cup,221918.wav,IFA_63_31_2511.wav,Tanzania|Ifakara|cup|07-07-20 00:00,excluded,outside prespecified Female / fed=f / LT / Single cohort,anopheles_funestus_ss,raw/humbug_core/221918.wav,CANDIDATE_PENDING_COMPLETE_AUDIO_AUDIT
221950,5.12,IFA_63_32_2512.wav,44100,07-07-20 00:00,mosquito,an funestus ss,Female,f,Single,,LT,telinga,tascam,Tanzania,Kilombero District,Morogoro,Ifakara,cup,221950.wav,IFA_63_32_2512.wav,Tanzania|Ifakara|cup|07-07-20 00:00,training,,anopheles_funestus_ss,raw/humbug_core/221950.wav,CANDIDATE_PENDING_COMPLETE_AUDIO_AUDIT
221951,5.06,IFA_63_32_2512.wav,44100,07-07-20 00:00,mosquito,an funestus ss,Female,f,Single,,LT,telinga,tascam,Tanzania,Kilombero District,Morogoro,Ifakara,cup,221951.wav,IFA_63_32_2512.wav,Tanzania|Ifakara|cup|07-07-20 00:00,training,,anopheles_funestus_ss,raw/humbug_core/221951.wav,CANDIDATE_PENDING_COMPLETE_AUDIO_AUDIT
221898,12.8,IFA_63_33_2513.wav,44100,07-07-20 00:00,mosquito,an arabiensis,Female,f,Single,,LT,telinga,tascam,Tanzania,Kilombero District,Morogoro,Ifakara,cup,221898.wav,IFA_63_33_2513.wav,Tanzania|Ifakara|cup|07-07-20 00:00,training,,anopheles_arabiensis,raw/humbug_core/221898.wav,CANDIDATE_PENDING_COMPLETE_AUDIO_AUDIT
221900,5.12,IFA_63_33_2513.wav,44100,07-07-20 00:00,mosquito,an arabiensis,Female,f,Single,,LT,telinga,tascam,Tanzania,Kilombero District,Morogoro,Ifakara,cup,221900.wav,IFA_63_33_2513.wav,Tanzania|Ifakara|cup|07-07-20 00:00,training,,anopheles_arabiensis,raw/humbug_core/221900.wav,CANDIDATE_PENDING_COMPLETE_AUDIO_AUDIT
221899,10.24,IFA_63_33_2513.wav,44100,07-07-20 00:00,mosquito,an arabiensis,Female,f,Single,,LT,telinga,tascam,Tanzania,Kilombero District,Morogoro,Ifakara,cup,221899.wav,IFA_63_33_2513.wav,Tanzania|Ifakara|cup|07-07-20 00:00,training,,anopheles_arabiensis,raw/humbug_core/221899.wav,CANDIDATE_PENDING_COMPLETE_AUDIO_AUDIT
221901,2.5,IFA_63_33_2513.wav,44100,07-07-20 00:00,mosquito,an arabiensis,Female,f,Single,,LT,telinga,tascam,Tanzania,Kilombero District,Morogoro,Ifakara,cup,221901.wav,IFA_63_33_2513.wav,Tanzania|Ifakara|cup|07-07-20 00:00,training,,anopheles_arabiensis,raw/humbug_core/221901.wav,CANDIDATE_PENDING_COMPLETE_AUDIO_AUDIT
221932,35.84,IFA_63_34_2514.wav,44100,07-07-20 00:00,mosquito,an arabiensis,Female,f,Single,,LT,telinga,tascam,Tanzania,Kilombero District,Morogoro,Ifakara,cup,221932.wav,IFA_63_34_2514.wav,Tanzania|Ifakara|cup|07-07-20 00:00,training,,anopheles_arabiensis,raw/humbug_core/221932.wav,CANDIDATE_PENDING_COMPLETE_AUDIO_AUDIT
221934,10.24,IFA_63_38_2518.wav,44100,07-07-20 00:00,mosquito,an arabiensis,Female,f,Single,,LT,telinga,tascam,Tanzania,Kilombero District,Morogoro,Ifakara,cup,221934.wav,IFA_63_38_2518.wav,Tanzania|Ifakara|cup|07-07-20 00:00,training,,anopheles_arabiensis,raw/humbug_core/221934.wav,CANDIDATE_PENDING_COMPLETE_AUDIO_AUDIT
221933,12.8,IFA_63_38_2518.wav,44100,07-07-20 00:00,mosquito,an arabiensis,Female,f,Single,,LT,telinga,tascam,Tanzania,Kilombero District,Morogoro,Ifakara,cup,221933.wav,IFA_63_38_2518.wav,Tanzania|Ifakara|cup|07-07-20 00:00,training,,anopheles_arabiensis,raw/humbug_core/221933.wav,CANDIDATE_PENDING_COMPLETE_AUDIO_AUDIT
221935,10.18,IFA_63_38_2518.wav,44100,07-07-20 00:00,mosquito,an arabiensis,Female,f,Single,,LT,telinga,tascam,Tanzania,Kilombero District,Morogoro,Ifakara,cup,221935.wav,IFA_63_38_2518.wav,Tanzania|Ifakara|cup|07-07-20 00:00,training,,anopheles_arabiensis,raw/humbug_core/221935.wav,CANDIDATE_PENDING_COMPLETE_AUDIO_AUDIT
221912,40.9,IFA_63_39_2519.wav,44100,07-07-20 00:00,mosquito,an funestus ss,Female,f,Single,,LT,telinga,tascam,Tanzania,Kilombero District,Morogoro,Ifakara,cup,221912.wav,IFA_63_39_2519.wav,Tanzania|Ifakara|cup|07-07-20 00:00,training,,anopheles_funestus_ss,raw/humbug_core/221912.wav,CANDIDATE_PENDING_COMPLETE_AUDIO_AUDIT
221882,15.36,IFA_63_40_2520.wav,44100,07-07-20 00:00,mosquito,an arabiensis,Female,f,Single,,LT,telinga,tascam,Tanzania,Kilombero District,Morogoro,Ifakara,cup,221882.wav,IFA_63_40_2520.wav,Tanzania|Ifakara|cup|07-07-20 00:00,training,,anopheles_arabiensis,raw/humbug_core/221882.wav,CANDIDATE_PENDING_COMPLETE_AUDIO_AUDIT
221883,10.24,IFA_63_40_2520.wav,44100,07-07-20 00:00,mosquito,an arabiensis,Female,f,Single,,LT,telinga,tascam,Tanzania,Kilombero District,Morogoro,Ifakara,cup,221883.wav,IFA_63_40_2520.wav,Tanzania|Ifakara|cup|07-07-20 00:00,training,,anopheles_arabiensis,raw/humbug_core/221883.wav,CANDIDATE_PENDING_COMPLETE_AUDIO_AUDIT
221971,12.8,IFA_64_10_2530.wav,44100,12-07-20 00:00,mosquito,an arabiensis,Female,f,Single,,LT,telinga,tascam,Tanzania,Kilombero District,Morogoro,Ifakara,cup,221971.wav,IFA_64_10_2530.wav,Tanzania|Ifakara|cup|12-07-20 00:00,training,,anopheles_arabiensis,raw/humbug_core/221971.wav,CANDIDATE_PENDING_COMPLETE_AUDIO_AUDIT
221973,10.18,IFA_64_10_2530.wav,44100,12-07-20 00:00,mosquito,an arabiensis,Female,f,Single,,LT,telinga,tascam,Tanzania,Kilombero District,Morogoro,Ifakara,cup,221973.wav,IFA_64_10_2530.wav,Tanzania|Ifakara|cup|12-07-20 00:00,training,,anopheles_arabiensis,raw/humbug_core/221973.wav,CANDIDATE_PENDING_COMPLETE_AUDIO_AUDIT
221972,12.8,IFA_64_10_2530.wav,44100,12-07-20 00:00,mosquito,an arabiensis,Female,f,Single,,LT,telinga,tascam,Tanzania,Kilombero District,Morogoro,Ifakara,cup,221972.wav,IFA_64_10_2530.wav,Tanzania|Ifakara|cup|12-07-20 00:00,training,,anopheles_arabiensis,raw/humbug_core/221972.wav,CANDIDATE_PENDING_COMPLETE_AUDIO_AUDIT
221984,12.8,IFA_64_11_2531.wav,44100,12-07-20 00:00,mosquito,an arabiensis,Female,f,Single,,LT,telinga,tascam,Tanzania,Kilombero District,Morogoro,Ifakara,cup,221984.wav,IFA_64_11_2531.wav,Tanzania|Ifakara|cup|12-07-20 00:00,training,,anopheles_arabiensis,raw/humbug_core/221984.wav,CANDIDATE_PENDING_COMPLETE_AUDIO_AUDIT
221989,46.08,IFA_64_12_2532.wav,44100,12-07-20 00:00,mosquito,an arabiensis,Female,f,Single,,LT,telinga,tascam,Tanzania,Kilombero District,Morogoro,Ifakara,cup,221989.wav,IFA_64_12_2532.wav,Tanzania|Ifakara|cup|12-07-20 00:00,training,,anopheles_arabiensis,raw/humbug_core/221989.wav,CANDIDATE_PENDING_COMPLETE_AUDIO_AUDIT
221990,2.5,IFA_64_12_2532.wav,44100,12-07-20 00:00,mosquito,an arabiensis,Female,f,Single,,LT,telinga,tascam,Tanzania,Kilombero District,Morogoro,Ifakara,cup,221990.wav,IFA_64_12_2532.wav,Tanzania|Ifakara|cup|12-07-20 00:00,training,,anopheles_arabiensis,raw/humbug_core/221990.wav,CANDIDATE_PENDING_COMPLETE_AUDIO_AUDIT
221980,33.28,IFA_64_13_2533.wav,44100,12-07-20 00:00,mosquito,an arabiensis,Female,f,Single,,LT,telinga,tascam,Tanzania,Kilombero District,Morogoro,Ifakara,cup,221980.wav,IFA_64_13_2533.wav,Tanzania|Ifakara|cup|12-07-20 00:00,training,,anopheles_arabiensis,raw/humbug_core/221980.wav,CANDIDATE_PENDING_COMPLETE_AUDIO_AUDIT
221981,10.24,IFA_64_13_2533.wav,44100,12-07-20 00:00,mosquito,an arabiensis,Female,f,Single,,LT,telinga,tascam,Tanzania,Kilombero District,Morogoro,Ifakara,cup,221981.wav,IFA_64_13_2533.wav,Tanzania|Ifakara|cup|12-07-20 00:00,training,,anopheles_arabiensis,raw/humbug_core/221981.wav,CANDIDATE_PENDING_COMPLETE_AUDIO_AUDIT
221964,35.84,IFA_64_14_2534.wav,44100,12-07-20 00:00,mosquito,an arabiensis,Female,f,Single,,LT,telinga,tascam,Tanzania,Kilombero District,Morogoro,Ifakara,cup,221964.wav,IFA_64_14_2534.wav,Tanzania|Ifakara|cup|12-07-20 00:00,training,,anopheles_arabiensis,raw/humbug_core/221964.wav,CANDIDATE_PENDING_COMPLETE_AUDIO_AUDIT
221968,5.12,IFA_64_15_2535.wav,44100,12-07-20 00:00,mosquito,an funestus ss,Female,f,Single,,LT,telinga,tascam,Tanzania,Kilombero District,Morogoro,Ifakara,cup,221968.wav,IFA_64_15_2535.wav,Tanzania|Ifakara|cup|12-07-20 00:00,training,,anopheles_funestus_ss,raw/humbug_core/221968.wav,CANDIDATE_PENDING_COMPLETE_AUDIO_AUDIT
221970,2.56,IFA_64_15_2535.wav,44100,12-07-20 00:00,mosquito,an funestus ss,Female,f,Single,,LT,telinga,tascam,Tanzania,Kilombero District,Morogoro,Ifakara,cup,221970.wav,IFA_64_15_2535.wav,Tanzania|Ifakara|cup|12-07-20 00:00,training,,anopheles_funestus_ss,raw/humbug_core/221970.wav,CANDIDATE_PENDING_COMPLETE_AUDIO_AUDIT
221967,15.36,IFA_64_15_2535.wav,44100,12-07-20 00:00,mosquito,an funestus ss,Female,f,Single,,LT,telinga,tascam,Tanzania,Kilombero District,Morogoro,Ifakara,cup,221967.wav,IFA_64_15_2535.wav,Tanzania|Ifakara|cup|12-07-20 00:00,training,,anopheles_funestus_ss,raw/humbug_core/221967.wav,CANDIDATE_PENDING_COMPLETE_AUDIO_AUDIT
221969,2.56,IFA_64_15_2535.wav,44100,12-07-20 00:00,mosquito,an funestus ss,Female,f,Single,,LT,telinga,tascam,Tanzania,Kilombero District,Morogoro,Ifakara,cup,221969.wav,IFA_64_15_2535.wav,Tanzania|Ifakara|cup|12-07-20 00:00,training,,anopheles_funestus_ss,raw/humbug_core/221969.wav,CANDIDATE_PENDING_COMPLETE_AUDIO_AUDIT
221985,2.56,IFA_64_16_2536.wav,44100,12-07-20 00:00,mosquito,an funestus ss,Female,f,Single,,LT,telinga,tascam,Tanzania,Kilombero District,Morogoro,Ifakara,cup,221985.wav,IFA_64_16_2536.wav,Tanzania|Ifakara|cup|12-07-20 00:00,training,,anopheles_funestus_ss,raw/humbug_core/221985.wav,CANDIDATE_PENDING_COMPLETE_AUDIO_AUDIT
221986,20.48,IFA_64_16_2536.wav,44100,12-07-20 00:00,mosquito,an funestus ss,Female,f,Single,,LT,telinga,tascam,Tanzania,Kilombero District,Morogoro,Ifakara,cup,221986.wav,IFA_64_16_2536.wav,Tanzania|Ifakara|cup|12-07-20 00:00,training,,anopheles_funestus_ss,raw/humbug_core/221986.wav,CANDIDATE_PENDING_COMPLETE_AUDIO_AUDIT
221974,30.72,IFA_64_17_2537.wav,44100,12-07-20 00:00,mosquito,an arabiensis,Female,f,Single,,LT,telinga,tascam,Tanzania,Kilombero District,Morogoro,Ifakara,cup,221974.wav,IFA_64_17_2537.wav,Tanzania|Ifakara|cup|12-07-20 00:00,training,,anopheles_arabiensis,raw/humbug_core/221974.wav,CANDIDATE_PENDING_COMPLETE_AUDIO_AUDIT
221983,25.6,IFA_64_18_2538.wav,44100,12-07-20 00:00,mosquito,an funestus ss,Female,f,Single,,LT,telinga,tascam,Tanzania,Kilombero District,Morogoro,Ifakara,cup,221983.wav,IFA_64_18_2538.wav,Tanzania|Ifakara|cup|12-07-20 00:00,training,,anopheles_funestus_ss,raw/humbug_core/221983.wav,CANDIDATE_PENDING_COMPLETE_AUDIO_AUDIT
221982,10.24,IFA_64_18_2538.wav,44100,12-07-20 00:00,mosquito,an funestus ss,Female,f,Single,,LT,telinga,tascam,Tanzania,Kilombero District,Morogoro,Ifakara,cup,221982.wav,IFA_64_18_2538.wav,Tanzania|Ifakara|cup|12-07-20 00:00,training,,anopheles_funestus_ss,raw/humbug_core/221982.wav,CANDIDATE_PENDING_COMPLETE_AUDIO_AUDIT
221988,12.8,IFA_64_19_2539.wav,44100,12-07-20 00:00,mosquito,an funestus ss,Female,f,Single,,LT,telinga,tascam,Tanzania,Kilombero District,Morogoro,Ifakara,cup,221988.wav,IFA_64_19_2539.wav,Tanzania|Ifakara|cup|12-07-20 00:00,training,,anopheles_funestus_ss,raw/humbug_core/221988.wav,CANDIDATE_PENDING_COMPLETE_AUDIO_AUDIT
221987,23.04,IFA_64_19_2539.wav,44100,12-07-20 00:00,mosquito,an funestus ss,Female,f,Single,,LT,telinga,tascam,Tanzania,Kilombero District,Morogoro,Ifakara,cup,221987.wav,IFA_64_19_2539.wav,Tanzania|Ifakara|cup|12-07-20 00:00,training,,anopheles_funestus_ss,raw/humbug_core/221987.wav,CANDIDATE_PENDING_COMPLETE_AUDIO_AUDIT
221966,5.06,IFA_64_20_2540.wav,44100,12-07-20 00:00,mosquito,an funestus ss,Female,f,Single,,LT,telinga,tascam,Tanzania,Kilombero District,Morogoro,Ifakara,cup,221966.wav,IFA_64_20_2540.wav,Tanzania|Ifakara|cup|12-07-20 00:00,training,,anopheles_funestus_ss,raw/humbug_core/221966.wav,CANDIDATE_PENDING_COMPLETE_AUDIO_AUDIT
221965,12.8,IFA_64_20_2540.wav,44100,12-07-20 00:00,mosquito,an funestus ss,Female,f,Single,,LT,telinga,tascam,Tanzania,Kilombero District,Morogoro,Ifakara,cup,221965.wav,IFA_64_20_2540.wav,Tanzania|Ifakara|cup|12-07-20 00:00,training,,anopheles_funestus_ss,raw/humbug_core/221965.wav,CANDIDATE_PENDING_COMPLETE_AUDIO_AUDIT
221978,5.12,IFA_64_21_2541.wav,44100,12-07-20 00:00,mosquito,an funestus ss,Female,f,Single,,LT,telinga,tascam,Tanzania,Kilombero District,Morogoro,Ifakara,cup,221978.wav,IFA_64_21_2541.wav,Tanzania|Ifakara|cup|12-07-20 00:00,training,,anopheles_funestus_ss,raw/humbug_core/221978.wav,CANDIDATE_PENDING_COMPLETE_AUDIO_AUDIT
221979,5.12,IFA_64_21_2541.wav,44100,12-07-20 00:00,mosquito,an funestus ss,Female,f,Single,,LT,telinga,tascam,Tanzania,Kilombero District,Morogoro,Ifakara,cup,221979.wav,IFA_64_21_2541.wav,Tanzania|Ifakara|cup|12-07-20 00:00,training,,anopheles_funestus_ss,raw/humbug_core/221979.wav,CANDIDATE_PENDING_COMPLETE_AUDIO_AUDIT
221992,25.54,IFA_64_22_2542.wav,44100,12-07-20 00:00,mosquito,an arabiensis,Female,f,Single,,LT,telinga,tascam,Tanzania,Kilombero District,Morogoro,Ifakara,cup,221992.wav,IFA_64_22_2542.wav,Tanzania|Ifakara|cup|12-07-20 00:00,training,,anopheles_arabiensis,raw/humbug_core/221992.wav,CANDIDATE_PENDING_COMPLETE_AUDIO_AUDIT
221991,15.36,IFA_64_22_2542.wav,44100,12-07-20 00:00,mosquito,an arabiensis,Female,f,Single,,LT,telinga,tascam,Tanzania,Kilombero District,Morogoro,Ifakara,cup,221991.wav,IFA_64_22_2542.wav,Tanzania|Ifakara|cup|12-07-20 00:00,training,,anopheles_arabiensis,raw/humbug_core/221991.wav,CANDIDATE_PENDING_COMPLETE_AUDIO_AUDIT
221962,20.48,IFA_64_24_2544.wav,44100,12-07-20 00:00,mosquito,an funestus ss,Female,f,Single,,LT,telinga,tascam,Tanzania,Kilombero District,Morogoro,Ifakara,cup,221962.wav,IFA_64_24_2544.wav,Tanzania|Ifakara|cup|12-07-20 00:00,training,,anopheles_funestus_ss,raw/humbug_core/221962.wav,CANDIDATE_PENDING_COMPLETE_AUDIO_AUDIT
221963,5.12,IFA_64_24_2544.wav,44100,12-07-20 00:00,mosquito,an funestus ss,Female,f,Single,,LT,telinga,tascam,Tanzania,Kilombero District,Morogoro,Ifakara,cup,221963.wav,IFA_64_24_2544.wav,Tanzania|Ifakara|cup|12-07-20 00:00,training,,anopheles_funestus_ss,raw/humbug_core/221963.wav,CANDIDATE_PENDING_COMPLETE_AUDIO_AUDIT
221976,10.24,IFA_64_25_2545.wav,44100,12-07-20 00:00,mosquito,an funestus ss,Female,f,Single,,LT,telinga,tascam,Tanzania,Kilombero District,Morogoro,Ifakara,cup,221976.wav,IFA_64_25_2545.wav,Tanzania|Ifakara|cup|12-07-20 00:00,training,,anopheles_funestus_ss,raw/humbug_core/221976.wav,CANDIDATE_PENDING_COMPLETE_AUDIO_AUDIT
221977,10.24,IFA_64_25_2545.wav,44100,12-07-20 00:00,mosquito,an funestus ss,Female,f,Single,,LT,telinga,tascam,Tanzania,Kilombero District,Morogoro,Ifakara,cup,221977.wav,IFA_64_25_2545.wav,Tanzania|Ifakara|cup|12-07-20 00:00,training,,anopheles_funestus_ss,raw/humbug_core/221977.wav,CANDIDATE_PENDING_COMPLETE_AUDIO_AUDIT
222059,28.16,IFA_64_30_2550.wav,44100,13-07-20 00:00,mosquito,an arabiensis,Female,f,Single,,LT,telinga,tascam,Tanzania,Kilombero District,Morogoro,Ifakara,cup,222059.wav,IFA_64_30_2550.wav,Tanzania|Ifakara|cup|13-07-20 00:00,testing,,anopheles_arabiensis,raw/humbug_core/222059.wav,CANDIDATE_PENDING_COMPLETE_AUDIO_AUDIT
222058,7.68,IFA_64_30_2550.wav,44100,13-07-20 00:00,mosquito,an arabiensis,Female,f,Single,,LT,telinga,tascam,Tanzania,Kilombero District,Morogoro,Ifakara,cup,222058.wav,IFA_64_30_2550.wav,Tanzania|Ifakara|cup|13-07-20 00:00,testing,,anopheles_arabiensis,raw/humbug_core/222058.wav,CANDIDATE_PENDING_COMPLETE_AUDIO_AUDIT
222043,7.68,IFA_64_31_2551.wav,44100,13-07-20 00:00,mosquito,an arabiensis,Female,f,Single,,LT,telinga,tascam,Tanzania,Kilombero District,Morogoro,Ifakara,cup,222043.wav,IFA_64_31_2551.wav,Tanzania|Ifakara|cup|13-07-20 00:00,testing,,anopheles_arabiensis,raw/humbug_core/222043.wav,CANDIDATE_PENDING_COMPLETE_AUDIO_AUDIT
222042,17.92,IFA_64_31_2551.wav,44100,13-07-20 00:00,mosquito,an arabiensis,Female,f,Single,,LT,telinga,tascam,Tanzania,Kilombero District,Morogoro,Ifakara,cup,222042.wav,IFA_64_31_2551.wav,Tanzania|Ifakara|cup|13-07-20 00:00,testing,,anopheles_arabiensis,raw/humbug_core/222042.wav,CANDIDATE_PENDING_COMPLETE_AUDIO_AUDIT
222008,33.28,IFA_64_32_2552.wav,44100,13-07-20 00:00,mosquito,an arabiensis,Female,f,Single,,LT,telinga,tascam,Tanzania,Kilombero District,Morogoro,Ifakara,cup,222008.wav,IFA_64_32_2552.wav,Tanzania|Ifakara|cup|13-07-20 00:00,testing,,anopheles_arabiensis,raw/humbug_core/222008.wav,CANDIDATE_PENDING_COMPLETE_AUDIO_AUDIT
222036,7.68,IFA_64_33_2553.wav,44100,13-07-20 00:00,mosquito,an arabiensis,Female,f,Single,,LT,telinga,tascam,Tanzania,Kilombero District,Morogoro,Ifakara,cup,222036.wav,IFA_64_33_2553.wav,Tanzania|Ifakara|cup|13-07-20 00:00,testing,,anopheles_arabiensis,raw/humbug_core/222036.wav,CANDIDATE_PENDING_COMPLETE_AUDIO_AUDIT
222035,20.48,IFA_64_33_2553.wav,44100,13-07-20 00:00,mosquito,an arabiensis,Female,f,Single,,LT,telinga,tascam,Tanzania,Kilombero District,Morogoro,Ifakara,cup,222035.wav,IFA_64_33_2553.wav,Tanzania|Ifakara|cup|13-07-20 00:00,testing,,anopheles_arabiensis,raw/humbug_core/222035.wav,CANDIDATE_PENDING_COMPLETE_AUDIO_AUDIT
222034,7.68,IFA_64_34_2554.wav,44100,13-07-20 00:00,mosquito,an arabiensis,Female,f,Single,,LT,telinga,tascam,Tanzania,Kilombero District,Morogoro,Ifakara,cup,222034.wav,IFA_64_34_2554.wav,Tanzania|Ifakara|cup|13-07-20 00:00,testing,,anopheles_arabiensis,raw/humbug_core/222034.wav,CANDIDATE_PENDING_COMPLETE_AUDIO_AUDIT
222033,10.24,IFA_64_34_2554.wav,44100,13-07-20 00:00,mosquito,an arabiensis,Female,f,Single,,LT,telinga,tascam,Tanzania,Kilombero District,Morogoro,Ifakara,cup,222033.wav,IFA_64_34_2554.wav,Tanzania|Ifakara|cup|13-07-20 00:00,testing,,anopheles_arabiensis,raw/humbug_core/222033.wav,CANDIDATE_PENDING_COMPLETE_AUDIO_AUDIT
222032,7.68,IFA_64_34_2554.wav,44100,13-07-20 00:00,mosquito,an arabiensis,Female,f,Single,,LT,telinga,tascam,Tanzania,Kilombero District,Morogoro,Ifakara,cup,222032.wav,IFA_64_34_2554.wav,Tanzania|Ifakara|cup|13-07-20 00:00,testing,,anopheles_arabiensis,raw/humbug_core/222032.wav,CANDIDATE_PENDING_COMPLETE_AUDIO_AUDIT
222020,10.24,IFA_64_35_2555.wav,44100,13-07-20 00:00,mosquito,an arabiensis,Female,f,Single,,LT,telinga,tascam,Tanzania,Kilombero District,Morogoro,Ifakara,cup,222020.wav,IFA_64_35_2555.wav,Tanzania|Ifakara|cup|13-07-20 00:00,testing,,anopheles_arabiensis,raw/humbug_core/222020.wav,CANDIDATE_PENDING_COMPLETE_AUDIO_AUDIT
222021,2.56,IFA_64_35_2555.wav,44100,13-07-20 00:00,mosquito,an arabiensis,Female,f,Single,,LT,telinga,tascam,Tanzania,Kilombero District,Morogoro,Ifakara,cup,222021.wav,IFA_64_35_2555.wav,Tanzania|Ifakara|cup|13-07-20 00:00,testing,,anopheles_arabiensis,raw/humbug_core/222021.wav,CANDIDATE_PENDING_COMPLETE_AUDIO_AUDIT
222039,12.8,IFA_64_36_2556.wav,44100,13-07-20 00:00,mosquito,an arabiensis,Female,t,Single,,LT,telinga,tascam,Tanzania,Kilombero District,Morogoro,Ifakara,cup,222039.wav,IFA_64_36_2556.wav,Tanzania|Ifakara|cup|13-07-20 00:00,excluded,outside prespecified Female / fed=f / LT / Single cohort,anopheles_arabiensis,raw/humbug_core/222039.wav,CANDIDATE_PENDING_COMPLETE_AUDIO_AUDIT
222038,7.68,IFA_64_36_2556.wav,44100,13-07-20 00:00,mosquito,an arabiensis,Female,t,Single,,LT,telinga,tascam,Tanzania,Kilombero District,Morogoro,Ifakara,cup,222038.wav,IFA_64_36_2556.wav,Tanzania|Ifakara|cup|13-07-20 00:00,excluded,outside prespecified Female / fed=f / LT / Single cohort,anopheles_arabiensis,raw/humbug_core/222038.wav,CANDIDATE_PENDING_COMPLETE_AUDIO_AUDIT
222037,2.56,IFA_64_36_2556.wav,44100,13-07-20 00:00,mosquito,an arabiensis,Female,t,Single,,LT,telinga,tascam,Tanzania,Kilombero District,Morogoro,Ifakara,cup,222037.wav,IFA_64_36_2556.wav,Tanzania|Ifakara|cup|13-07-20 00:00,excluded,outside prespecified Female / fed=f / LT / Single cohort,anopheles_arabiensis,raw/humbug_core/222037.wav,CANDIDATE_PENDING_COMPLETE_AUDIO_AUDIT
222040,10.24,IFA_64_36_2556.wav,44100,13-07-20 00:00,mosquito,an arabiensis,Female,t,Single,,LT,telinga,tascam,Tanzania,Kilombero District,Morogoro,Ifakara,cup,222040.wav,IFA_64_36_2556.wav,Tanzania|Ifakara|cup|13-07-20 00:00,excluded,outside prespecified Female / fed=f / LT / Single cohort,anopheles_arabiensis,raw/humbug_core/222040.wav,CANDIDATE_PENDING_COMPLETE_AUDIO_AUDIT
222019,38.4,IFA_64_37_2557.wav,44100,13-07-20 00:00,mosquito,an arabiensis,Female,f,Single,,LT,telinga,tascam,Tanzania,Kilombero District,Morogoro,Ifakara,cup,222019.wav,IFA_64_37_2557.wav,Tanzania|Ifakara|cup|13-07-20 00:00,testing,,anopheles_arabiensis,raw/humbug_core/222019.wav,CANDIDATE_PENDING_COMPLETE_AUDIO_AUDIT
222026,30.66,IFA_64_38_2558.wav,44100,13-07-20 00:00,mosquito,an arabiensis,Female,f,Single,,LT,telinga,tascam,Tanzania,Kilombero District,Morogoro,Ifakara,cup,222026.wav,IFA_64_38_2558.wav,Tanzania|Ifakara|cup|13-07-20 00:00,testing,,anopheles_arabiensis,raw/humbug_core/222026.wav,CANDIDATE_PENDING_COMPLETE_AUDIO_AUDIT
222046,5.06,IFA_64_39_2559.wav,44100,13-07-20 00:00,mosquito,an arabiensis,Female,f,Single,,LT,telinga,tascam,Tanzania,Kilombero District,Morogoro,Ifakara,cup,222046.wav,IFA_64_39_2559.wav,Tanzania|Ifakara|cup|13-07-20 00:00,testing,,anopheles_arabiensis,raw/humbug_core/222046.wav,CANDIDATE_PENDING_COMPLETE_AUDIO_AUDIT
222024,23.04,IFA_64_40_2560.wav,44100,13-07-20 00:00,mosquito,an arabiensis,Female,f,Single,,LT,telinga,tascam,Tanzania,Kilombero District,Morogoro,Ifakara,cup,222024.wav,IFA_64_40_2560.wav,Tanzania|Ifakara|cup|13-07-20 00:00,testing,,anopheles_arabiensis,raw/humbug_core/222024.wav,CANDIDATE_PENDING_COMPLETE_AUDIO_AUDIT
222025,7.68,IFA_64_40_2560.wav,44100,13-07-20 00:00,mosquito,an arabiensis,Female,f,Single,,LT,telinga,tascam,Tanzania,Kilombero District,Morogoro,Ifakara,cup,222025.wav,IFA_64_40_2560.wav,Tanzania|Ifakara|cup|13-07-20 00:00,testing,,anopheles_arabiensis,raw/humbug_core/222025.wav,CANDIDATE_PENDING_COMPLETE_AUDIO_AUDIT
222051,5.12,IFA_65_10_2570.wav,44100,13-07-20 00:00,mosquito,an arabiensis,Female,t,Single,,LT,telinga,tascam,Tanzania,Kilombero District,Morogoro,Ifakara,cup,222051.wav,IFA_65_10_2570.wav,Tanzania|Ifakara|cup|13-07-20 00:00,excluded,outside prespecified Female / fed=f / LT / Single cohort,anopheles_arabiensis,raw/humbug_core/222051.wav,CANDIDATE_PENDING_COMPLETE_AUDIO_AUDIT
222050,23.04,IFA_65_10_2570.wav,44100,13-07-20 00:00,mosquito,an arabiensis,Female,t,Single,,LT,telinga,tascam,Tanzania,Kilombero District,Morogoro,Ifakara,cup,222050.wav,IFA_65_10_2570.wav,Tanzania|Ifakara|cup|13-07-20 00:00,excluded,outside prespecified Female / fed=f / LT / Single cohort,anopheles_arabiensis,raw/humbug_core/222050.wav,CANDIDATE_PENDING_COMPLETE_AUDIO_AUDIT
222049,7.68,IFA_65_10_2570.wav,44100,13-07-20 00:00,mosquito,an arabiensis,Female,t,Single,,LT,telinga,tascam,Tanzania,Kilombero District,Morogoro,Ifakara,cup,222049.wav,IFA_65_10_2570.wav,Tanzania|Ifakara|cup|13-07-20 00:00,excluded,outside prespecified Female / fed=f / LT / Single cohort,anopheles_arabiensis,raw/humbug_core/222049.wav,CANDIDATE_PENDING_COMPLETE_AUDIO_AUDIT
222017,5.12,IFA_65_11_2571.wav,44100,13-07-20 00:00,mosquito,an arabiensis,Female,f,Single,,LT,telinga,tascam,Tanzania,Kilombero District,Morogoro,Ifakara,cup,222017.wav,IFA_65_11_2571.wav,Tanzania|Ifakara|cup|13-07-20 00:00,testing,,anopheles_arabiensis,raw/humbug_core/222017.wav,CANDIDATE_PENDING_COMPLETE_AUDIO_AUDIT
222016,17.92,IFA_65_11_2571.wav,44100,13-07-20 00:00,mosquito,an arabiensis,Female,f,Single,,LT,telinga,tascam,Tanzania,Kilombero District,Morogoro,Ifakara,cup,222016.wav,IFA_65_11_2571.wav,Tanzania|Ifakara|cup|13-07-20 00:00,testing,,anopheles_arabiensis,raw/humbug_core/222016.wav,CANDIDATE_PENDING_COMPLETE_AUDIO_AUDIT
222061,2.56,IFA_65_12_2572.wav,44100,13-07-20 00:00,mosquito,an arabiensis,Female,f,Single,,LT,telinga,tascam,Tanzania,Kilombero District,Morogoro,Ifakara,cup,222061.wav,IFA_65_12_2572.wav,Tanzania|Ifakara|cup|13-07-20 00:00,testing,,anopheles_arabiensis,raw/humbug_core/222061.wav,CANDIDATE_PENDING_COMPLETE_AUDIO_AUDIT
222060,17.92,IFA_65_12_2572.wav,44100,13-07-20 00:00,mosquito,an arabiensis,Female,f,Single,,LT,telinga,tascam,Tanzania,Kilombero District,Morogoro,Ifakara,cup,222060.wav,IFA_65_12_2572.wav,Tanzania|Ifakara|cup|13-07-20 00:00,testing,,anopheles_arabiensis,raw/humbug_core/222060.wav,CANDIDATE_PENDING_COMPLETE_AUDIO_AUDIT
222053,12.8,IFA_65_13_2573.wav,44100,13-07-20 00:00,mosquito,an arabiensis,Female,f,Single,,LT,telinga,tascam,Tanzania,Kilombero District,Morogoro,Ifakara,cup,222053.wav,IFA_65_13_2573.wav,Tanzania|Ifakara|cup|13-07-20 00:00,testing,,anopheles_arabiensis,raw/humbug_core/222053.wav,CANDIDATE_PENDING_COMPLETE_AUDIO_AUDIT
222052,12.8,IFA_65_13_2573.wav,44100,13-07-20 00:00,mosquito,an arabiensis,Female,f,Single,,LT,telinga,tascam,Tanzania,Kilombero District,Morogoro,Ifakara,cup,222052.wav,IFA_65_13_2573.wav,Tanzania|Ifakara|cup|13-07-20 00:00,testing,,anopheles_arabiensis,raw/humbug_core/222052.wav,CANDIDATE_PENDING_COMPLETE_AUDIO_AUDIT
222009,38.34,IFA_65_14_2574.wav,44100,13-07-20 00:00,mosquito,an funestus ss,Female,f,Single,,LT,telinga,tascam,Tanzania,Kilombero District,Morogoro,Ifakara,cup,222009.wav,IFA_65_14_2574.wav,Tanzania|Ifakara|cup|13-07-20 00:00,testing,,anopheles_funestus_ss,raw/humbug_core/222009.wav,CANDIDATE_PENDING_COMPLETE_AUDIO_AUDIT
222007,25.54,IFA_65_15_2575.wav,44100,13-07-20 00:00,mosquito,an arabiensis,Female,f,Single,,LT,telinga,tascam,Tanzania,Kilombero District,Morogoro,Ifakara,cup,222007.wav,IFA_65_15_2575.wav,Tanzania|Ifakara|cup|13-07-20 00:00,testing,,anopheles_arabiensis,raw/humbug_core/222007.wav,CANDIDATE_PENDING_COMPLETE_AUDIO_AUDIT
222015,35.84,IFA_65_16_2576.wav,44100,13-07-20 00:00,mosquito,an funestus ss,Female,f,Single,,LT,telinga,tascam,Tanzania,Kilombero District,Morogoro,Ifakara,cup,222015.wav,IFA_65_16_2576.wav,Tanzania|Ifakara|cup|13-07-20 00:00,testing,,anopheles_funestus_ss,raw/humbug_core/222015.wav,CANDIDATE_PENDING_COMPLETE_AUDIO_AUDIT
222010,33.28,IFA_65_17_2577.wav,44100,13-07-20 00:00,mosquito,an funestus ss,Female,f,Single,,LT,telinga,tascam,Tanzania,Kilombero District,Morogoro,Ifakara,cup,222010.wav,IFA_65_17_2577.wav,Tanzania|Ifakara|cup|13-07-20 00:00,testing,,anopheles_funestus_ss,raw/humbug_core/222010.wav,CANDIDATE_PENDING_COMPLETE_AUDIO_AUDIT
222005,30.66,IFA_65_19_2579.wav,44100,13-07-20 00:00,mosquito,an funestus ss,Female,f,Single,,LT,telinga,tascam,Tanzania,Kilombero District,Morogoro,Ifakara,cup,222005.wav,IFA_65_19_2579.wav,Tanzania|Ifakara|cup|13-07-20 00:00,testing,,anopheles_funestus_ss,raw/humbug_core/222005.wav,CANDIDATE_PENDING_COMPLETE_AUDIO_AUDIT
222041,38.34,IFA_65_21_2581.wav,44100,13-07-20 00:00,mosquito,an arabiensis,Female,f,Single,,LT,telinga,tascam,Tanzania,Kilombero District,Morogoro,Ifakara,cup,222041.wav,IFA_65_21_2581.wav,Tanzania|Ifakara|cup|13-07-20 00:00,testing,,anopheles_arabiensis,raw/humbug_core/222041.wav,CANDIDATE_PENDING_COMPLETE_AUDIO_AUDIT
221999,38.34,IFA_65_22_2582.wav,44100,13-07-20 00:00,mosquito,an funestus ss,Female,f,Single,,LT,telinga,tascam,Tanzania,Kilombero District,Morogoro,Ifakara,cup,221999.wav,IFA_65_22_2582.wav,Tanzania|Ifakara|cup|13-07-20 00:00,testing,,anopheles_funestus_ss,raw/humbug_core/221999.wav,CANDIDATE_PENDING_COMPLETE_AUDIO_AUDIT
222056,48.58,IFA_65_24_2584.wav,44100,13-07-20 00:00,mosquito,an arabiensis,Female,f,Single,,LT,telinga,tascam,Tanzania,Kilombero District,Morogoro,Ifakara,cup,222056.wav,IFA_65_24_2584.wav,Tanzania|Ifakara|cup|13-07-20 00:00,testing,,anopheles_arabiensis,raw/humbug_core/222056.wav,CANDIDATE_PENDING_COMPLETE_AUDIO_AUDIT
222018,51.2,IFA_65_25_2585.wav,44100,13-07-20 00:00,mosquito,an arabiensis,Female,f,Single,,LT,telinga,tascam,Tanzania,Kilombero District,Morogoro,Ifakara,cup,222018.wav,IFA_65_25_2585.wav,Tanzania|Ifakara|cup|13-07-20 00:00,testing,,anopheles_arabiensis,raw/humbug_core/222018.wav,CANDIDATE_PENDING_COMPLETE_AUDIO_AUDIT
222006,43.46,IFA_65_26_2586.wav,44100,13-07-20 00:00,mosquito,an funestus ss,Female,f,Single,,LT,telinga,tascam,Tanzania,Kilombero District,Morogoro,Ifakara,cup,222006.wav,IFA_65_26_2586.wav,Tanzania|Ifakara|cup|13-07-20 00:00,testing,,anopheles_funestus_ss,raw/humbug_core/222006.wav,CANDIDATE_PENDING_COMPLETE_AUDIO_AUDIT
221995,12.8,IFA_65_28_2588.wav,44100,13-07-20 00:00,mosquito,an arabiensis,Female,f,Single,,LT,telinga,tascam,Tanzania,Kilombero District,Morogoro,Ifakara,cup,221995.wav,IFA_65_28_2588.wav,Tanzania|Ifakara|cup|13-07-20 00:00,testing,,anopheles_arabiensis,raw/humbug_core/221995.wav,CANDIDATE_PENDING_COMPLETE_AUDIO_AUDIT
221998,51.2,IFA_65_29_2589.wav,44100,13-07-20 00:00,mosquito,an funestus ss,Female,f,Single,,LT,telinga,tascam,Tanzania,Kilombero District,Morogoro,Ifakara,cup,221998.wav,IFA_65_29_2589.wav,Tanzania|Ifakara|cup|13-07-20 00:00,testing,,anopheles_funestus_ss,raw/humbug_core/221998.wav,CANDIDATE_PENDING_COMPLETE_AUDIO_AUDIT
222028,7.68,IFA_65_30_2590.wav,44100,13-07-20 00:00,mosquito,an funestus ss,Female,f,Single,,LT,telinga,tascam,Tanzania,Kilombero District,Morogoro,Ifakara,cup,222028.wav,IFA_65_30_2590.wav,Tanzania|Ifakara|cup|13-07-20 00:00,testing,,anopheles_funestus_ss,raw/humbug_core/222028.wav,CANDIDATE_PENDING_COMPLETE_AUDIO_AUDIT
222027,33.28,IFA_65_30_2590.wav,44100,13-07-20 00:00,mosquito,an funestus ss,Female,f,Single,,LT,telinga,tascam,Tanzania,Kilombero District,Morogoro,Ifakara,cup,222027.wav,IFA_65_30_2590.wav,Tanzania|Ifakara|cup|13-07-20 00:00,testing,,anopheles_funestus_ss,raw/humbug_core/222027.wav,CANDIDATE_PENDING_COMPLETE_AUDIO_AUDIT
221996,38.34,IFA_65_31_2591.wav,44100,13-07-20 00:00,mosquito,an funestus ss,Female,f,Single,,LT,telinga,tascam,Tanzania,Kilombero District,Morogoro,Ifakara,cup,221996.wav,IFA_65_31_2591.wav,Tanzania|Ifakara|cup|13-07-20 00:00,testing,,anopheles_funestus_ss,raw/humbug_core/221996.wav,CANDIDATE_PENDING_COMPLETE_AUDIO_AUDIT
222044,46.02,IFA_65_32_2592.wav,44100,13-07-20 00:00,mosquito,an funestus ss,Female,f,Single,,LT,telinga,tascam,Tanzania,Kilombero District,Morogoro,Ifakara,cup,222044.wav,IFA_65_32_2592.wav,Tanzania|Ifakara|cup|13-07-20 00:00,testing,,anopheles_funestus_ss,raw/humbug_core/222044.wav,CANDIDATE_PENDING_COMPLETE_AUDIO_AUDIT
222057,48.64,IFA_65_36_2596.wav,44100,13-07-20 00:00,mosquito,an funestus ss,Female,f,Single,,LT,telinga,tascam,Tanzania,Kilombero District,Morogoro,Ifakara,cup,222057.wav,IFA_65_36_2596.wav,Tanzania|Ifakara|cup|13-07-20 00:00,testing,,anopheles_funestus_ss,raw/humbug_core/222057.wav,CANDIDATE_PENDING_COMPLETE_AUDIO_AUDIT
222069,48.58,IFA_65_40_2600.wav,44100,14-07-20 00:00,mosquito,an arabiensis,Female,f,Single,,LT,telinga,tascam,Tanzania,Kilombero District,Morogoro,Ifakara,cup,222069.wav,IFA_65_40_2600.wav,Tanzania|Ifakara|cup|14-07-20 00:00,testing,,anopheles_arabiensis,raw/humbug_core/222069.wav,CANDIDATE_PENDING_COMPLETE_AUDIO_AUDIT
222072,15.36,IFA_66_10_2610.wav,44100,14-07-20 00:00,mosquito,an arabiensis,Female,t,Single,,LT,telinga,tascam,Tanzania,Kilombero District,Morogoro,Ifakara,cup,222072.wav,IFA_66_10_2610.wav,Tanzania|Ifakara|cup|14-07-20 00:00,excluded,outside prespecified Female / fed=f / LT / Single cohort,anopheles_arabiensis,raw/humbug_core/222072.wav,CANDIDATE_PENDING_COMPLETE_AUDIO_AUDIT
222071,12.8,IFA_66_10_2610.wav,44100,14-07-20 00:00,mosquito,an arabiensis,Female,t,Single,,LT,telinga,tascam,Tanzania,Kilombero District,Morogoro,Ifakara,cup,222071.wav,IFA_66_10_2610.wav,Tanzania|Ifakara|cup|14-07-20 00:00,excluded,outside prespecified Female / fed=f / LT / Single cohort,anopheles_arabiensis,raw/humbug_core/222071.wav,CANDIDATE_PENDING_COMPLETE_AUDIO_AUDIT
222070,12.8,IFA_66_10_2610.wav,44100,14-07-20 00:00,mosquito,an arabiensis,Female,t,Single,,LT,telinga,tascam,Tanzania,Kilombero District,Morogoro,Ifakara,cup,222070.wav,IFA_66_10_2610.wav,Tanzania|Ifakara|cup|14-07-20 00:00,excluded,outside prespecified Female / fed=f / LT / Single cohort,anopheles_arabiensis,raw/humbug_core/222070.wav,CANDIDATE_PENDING_COMPLETE_AUDIO_AUDIT
222073,33.22,IFA_66_11_2611.wav,44100,14-07-20 00:00,mosquito,an arabiensis,Female,f,Single,,LT,telinga,tascam,Tanzania,Kilombero District,Morogoro,Ifakara,cup,222073.wav,IFA_66_11_2611.wav,Tanzania|Ifakara|cup|14-07-20 00:00,testing,,anopheles_arabiensis,raw/humbug_core/222073.wav,CANDIDATE_PENDING_COMPLETE_AUDIO_AUDIT
222075,43.52,IFA_66_12_2612.wav,44100,14-07-20 00:00,mosquito,an arabiensis,Female,f,Single,,LT,telinga,tascam,Tanzania,Kilombero District,Morogoro,Ifakara,cup,222075.wav,IFA_66_12_2612.wav,Tanzania|Ifakara|cup|14-07-20 00:00,testing,,anopheles_arabiensis,raw/humbug_core/222075.wav,CANDIDATE_PENDING_COMPLETE_AUDIO_AUDIT
222074,46.02,IFA_66_13_2613.wav,44100,14-07-20 00:00,mosquito,an arabiensis,Female,f,Single,,LT,telinga,tascam,Tanzania,Kilombero District,Morogoro,Ifakara,cup,222074.wav,IFA_66_13_2613.wav,Tanzania|Ifakara|cup|14-07-20 00:00,testing,,anopheles_arabiensis,raw/humbug_core/222074.wav,CANDIDATE_PENDING_COMPLETE_AUDIO_AUDIT
222065,40.96,IFA_66_14_2614.wav,44100,14-07-20 00:00,mosquito,an arabiensis,Female,f,Single,,LT,telinga,tascam,Tanzania,Kilombero District,Morogoro,Ifakara,cup,222065.wav,IFA_66_14_2614.wav,Tanzania|Ifakara|cup|14-07-20 00:00,testing,,anopheles_arabiensis,raw/humbug_core/222065.wav,CANDIDATE_PENDING_COMPLETE_AUDIO_AUDIT
222067,30.66,IFA_66_15_2615.wav,44100,14-07-20 00:00,mosquito,an arabiensis,Female,f,Single,,LT,telinga,tascam,Tanzania,Kilombero District,Morogoro,Ifakara,cup,222067.wav,IFA_66_15_2615.wav,Tanzania|Ifakara|cup|14-07-20 00:00,testing,,anopheles_arabiensis,raw/humbug_core/222067.wav,CANDIDATE_PENDING_COMPLETE_AUDIO_AUDIT
222068,33.28,IFA_66_16_2616.wav,44100,14-07-20 00:00,mosquito,an arabiensis,Female,f,Single,,LT,telinga,tascam,Tanzania,Kilombero District,Morogoro,Ifakara,cup,222068.wav,IFA_66_16_2616.wav,Tanzania|Ifakara|cup|14-07-20 00:00,testing,,anopheles_arabiensis,raw/humbug_core/222068.wav,CANDIDATE_PENDING_COMPLETE_AUDIO_AUDIT
222066,40.9,IFA_66_17_2617.wav,44100,14-07-20 00:00,mosquito,an arabiensis,Female,f,Single,,LT,telinga,tascam,Tanzania,Kilombero District,Morogoro,Ifakara,cup,222066.wav,IFA_66_17_2617.wav,Tanzania|Ifakara|cup|14-07-20 00:00,testing,,anopheles_arabiensis,raw/humbug_core/222066.wav,CANDIDATE_PENDING_COMPLETE_AUDIO_AUDIT
222105,40.9,IFA_66_18_2618.wav,44100,14-07-20 00:00,mosquito,an arabiensis,Female,f,Single,,LT,telinga,tascam,Tanzania,Kilombero District,Morogoro,Ifakara,cup,222105.wav,IFA_66_18_2618.wav,Tanzania|Ifakara|cup|14-07-20 00:00,testing,,anopheles_arabiensis,raw/humbug_core/222105.wav,CANDIDATE_PENDING_COMPLETE_AUDIO_AUDIT
222107,33.22,IFA_66_19_2619.wav,44100,14-07-20 00:00,mosquito,an arabiensis,Female,f,Single,,LT,telinga,tascam,Tanzania,Kilombero District,Morogoro,Ifakara,cup,222107.wav,IFA_66_19_2619.wav,Tanzania|Ifakara|cup|14-07-20 00:00,testing,,anopheles_arabiensis,raw/humbug_core/222107.wav,CANDIDATE_PENDING_COMPLETE_AUDIO_AUDIT
222087,33.22,IFA_66_20_2620.wav,44100,14-07-20 00:00,mosquito,an arabiensis,Female,f,Single,,LT,telinga,tascam,Tanzania,Kilombero District,Morogoro,Ifakara,cup,222087.wav,IFA_66_20_2620.wav,Tanzania|Ifakara|cup|14-07-20 00:00,testing,,anopheles_arabiensis,raw/humbug_core/222087.wav,CANDIDATE_PENDING_COMPLETE_AUDIO_AUDIT
222088,38.4,IFA_66_21_2621.wav,44100,14-07-20 00:00,mosquito,an arabiensis,Female,f,Single,,LT,telinga,tascam,Tanzania,Kilombero District,Morogoro,Ifakara,cup,222088.wav,IFA_66_21_2621.wav,Tanzania|Ifakara|cup|14-07-20 00:00,testing,,anopheles_arabiensis,raw/humbug_core/222088.wav,CANDIDATE_PENDING_COMPLETE_AUDIO_AUDIT
222136,38.34,IFA_66_22_2622.wav,44100,14-07-20 00:00,mosquito,an arabiensis,Female,f,Single,,LT,telinga,tascam,Tanzania,Kilombero District,Morogoro,Ifakara,cup,222136.wav,IFA_66_22_2622.wav,Tanzania|Ifakara|cup|14-07-20 00:00,testing,,anopheles_arabiensis,raw/humbug_core/222136.wav,CANDIDATE_PENDING_COMPLETE_AUDIO_AUDIT
222095,30.72,IFA_66_23_2623.wav,44100,14-07-20 00:00,mosquito,an arabiensis,Female,f,Single,,LT,telinga,tascam,Tanzania,Kilombero District,Morogoro,Ifakara,cup,222095.wav,IFA_66_23_2623.wav,Tanzania|Ifakara|cup|14-07-20 00:00,testing,,anopheles_arabiensis,raw/humbug_core/222095.wav,CANDIDATE_PENDING_COMPLETE_AUDIO_AUDIT
222099,40.96,IFA_66_24_2624.wav,44100,14-07-20 00:00,mosquito,an funestus ss,Female,f,Single,,LT,telinga,tascam,Tanzania,Kilombero District,Morogoro,Ifakara,cup,222099.wav,IFA_66_24_2624.wav,Tanzania|Ifakara|cup|14-07-20 00:00,testing,,anopheles_funestus_ss,raw/humbug_core/222099.wav,CANDIDATE_PENDING_COMPLETE_AUDIO_AUDIT
222098,10.24,IFA_66_24_2624.wav,44100,14-07-20 00:00,mosquito,an funestus ss,Female,f,Single,,LT,telinga,tascam,Tanzania,Kilombero District,Morogoro,Ifakara,cup,222098.wav,IFA_66_24_2624.wav,Tanzania|Ifakara|cup|14-07-20 00:00,testing,,anopheles_funestus_ss,raw/humbug_core/222098.wav,CANDIDATE_PENDING_COMPLETE_AUDIO_AUDIT
222094,48.58,IFA_66_25_2625.wav,44100,14-07-20 00:00,mosquito,an arabiensis,Female,f,Single,,LT,telinga,tascam,Tanzania,Kilombero District,Morogoro,Ifakara,cup,222094.wav,IFA_66_25_2625.wav,Tanzania|Ifakara|cup|14-07-20 00:00,testing,,anopheles_arabiensis,raw/humbug_core/222094.wav,CANDIDATE_PENDING_COMPLETE_AUDIO_AUDIT
222093,43.52,IFA_66_26_2626.wav,44100,14-07-20 00:00,mosquito,an arabiensis,Female,t,Single,,LT,telinga,tascam,Tanzania,Kilombero District,Morogoro,Ifakara,cup,222093.wav,IFA_66_26_2626.wav,Tanzania|Ifakara|cup|14-07-20 00:00,excluded,outside prespecified Female / fed=f / LT / Single cohort,anopheles_arabiensis,raw/humbug_core/222093.wav,CANDIDATE_PENDING_COMPLETE_AUDIO_AUDIT
222127,43.46,IFA_66_27_2627.wav,44100,14-07-20 00:00,mosquito,an arabiensis,Female,f,Single,,LT,telinga,tascam,Tanzania,Kilombero District,Morogoro,Ifakara,cup,222127.wav,IFA_66_27_2627.wav,Tanzania|Ifakara|cup|14-07-20 00:00,testing,,anopheles_arabiensis,raw/humbug_core/222127.wav,CANDIDATE_PENDING_COMPLETE_AUDIO_AUDIT
222119,43.46,IFA_66_28_2628.wav,44100,14-07-20 00:00,mosquito,an arabiensis,Female,f,Single,,LT,telinga,tascam,Tanzania,Kilombero District,Morogoro,Ifakara,cup,222119.wav,IFA_66_28_2628.wav,Tanzania|Ifakara|cup|14-07-20 00:00,testing,,anopheles_arabiensis,raw/humbug_core/222119.wav,CANDIDATE_PENDING_COMPLETE_AUDIO_AUDIT
222129,46.02,IFA_66_29_2629.wav,44100,14-07-20 00:00,mosquito,an arabiensis,Female,f,Single,,LT,telinga,tascam,Tanzania,Kilombero District,Morogoro,Ifakara,cup,222129.wav,IFA_66_29_2629.wav,Tanzania|Ifakara|cup|14-07-20 00:00,testing,,anopheles_arabiensis,raw/humbug_core/222129.wav,CANDIDATE_PENDING_COMPLETE_AUDIO_AUDIT
222118,40.9,IFA_66_30_2630.wav,44100,14-07-20 00:00,mosquito,an arabiensis,Female,f,Single,,LT,telinga,tascam,Tanzania,Kilombero District,Morogoro,Ifakara,cup,222118.wav,IFA_66_30_2630.wav,Tanzania|Ifakara|cup|14-07-20 00:00,testing,,anopheles_arabiensis,raw/humbug_core/222118.wav,CANDIDATE_PENDING_COMPLETE_AUDIO_AUDIT
222091,33.22,IFA_66_32_2632.wav,44100,14-07-20 00:00,mosquito,an arabiensis,Female,f,Single,,LT,telinga,tascam,Tanzania,Kilombero District,Morogoro,Ifakara,cup,222091.wav,IFA_66_32_2632.wav,Tanzania|Ifakara|cup|14-07-20 00:00,testing,,anopheles_arabiensis,raw/humbug_core/222091.wav,CANDIDATE_PENDING_COMPLETE_AUDIO_AUDIT
222100,51.14,IFA_66_33_2633.wav,44100,14-07-20 00:00,mosquito,an arabiensis,Female,f,Single,,LT,telinga,tascam,Tanzania,Kilombero District,Morogoro,Ifakara,cup,222100.wav,IFA_66_33_2633.wav,Tanzania|Ifakara|cup|14-07-20 00:00,testing,,anopheles_arabiensis,raw/humbug_core/222100.wav,CANDIDATE_PENDING_COMPLETE_AUDIO_AUDIT
222092,53.7,IFA_66_34_2634.wav,44100,14-07-20 00:00,mosquito,an arabiensis,Female,f,Single,,LT,telinga,tascam,Tanzania,Kilombero District,Morogoro,Ifakara,cup,222092.wav,IFA_66_34_2634.wav,Tanzania|Ifakara|cup|14-07-20 00:00,testing,,anopheles_arabiensis,raw/humbug_core/222092.wav,CANDIDATE_PENDING_COMPLETE_AUDIO_AUDIT
222106,43.46,IFA_66_35_2635.wav,44100,14-07-20 00:00,mosquito,an funestus ss,Female,f,Single,,LT,telinga,tascam,Tanzania,Kilombero District,Morogoro,Ifakara,cup,222106.wav,IFA_66_35_2635.wav,Tanzania|Ifakara|cup|14-07-20 00:00,testing,,anopheles_funestus_ss,raw/humbug_core/222106.wav,CANDIDATE_PENDING_COMPLETE_AUDIO_AUDIT
222090,2.56,IFA_66_36_2636.wav,44100,14-07-20 00:00,mosquito,an arabiensis,Female,f,Single,,LT,telinga,tascam,Tanzania,Kilombero District,Morogoro,Ifakara,cup,222090.wav,IFA_66_36_2636.wav,Tanzania|Ifakara|cup|14-07-20 00:00,testing,,anopheles_arabiensis,raw/humbug_core/222090.wav,CANDIDATE_PENDING_COMPLETE_AUDIO_AUDIT
222089,35.84,IFA_66_36_2636.wav,44100,14-07-20 00:00,mosquito,an arabiensis,Female,f,Single,,LT,telinga,tascam,Tanzania,Kilombero District,Morogoro,Ifakara,cup,222089.wav,IFA_66_36_2636.wav,Tanzania|Ifakara|cup|14-07-20 00:00,testing,,anopheles_arabiensis,raw/humbug_core/222089.wav,CANDIDATE_PENDING_COMPLETE_AUDIO_AUDIT
222101,38.4,IFA_66_37_2637.wav,44100,14-07-20 00:00,mosquito,an funestus ss,Female,f,Single,,LT,telinga,tascam,Tanzania,Kilombero District,Morogoro,Ifakara,cup,222101.wav,IFA_66_37_2637.wav,Tanzania|Ifakara|cup|14-07-20 00:00,testing,,anopheles_funestus_ss,raw/humbug_core/222101.wav,CANDIDATE_PENDING_COMPLETE_AUDIO_AUDIT
222116,15.36,IFA_66_38_2638.wav,44100,14-07-20 00:00,mosquito,an arabiensis,Female,f,Single,,LT,telinga,tascam,Tanzania,Kilombero District,Morogoro,Ifakara,cup,222116.wav,IFA_66_38_2638.wav,Tanzania|Ifakara|cup|14-07-20 00:00,testing,,anopheles_arabiensis,raw/humbug_core/222116.wav,CANDIDATE_PENDING_COMPLETE_AUDIO_AUDIT
222117,2.56,IFA_66_38_2638.wav,44100,14-07-20 00:00,mosquito,an arabiensis,Female,f,Single,,LT,telinga,tascam,Tanzania,Kilombero District,Morogoro,Ifakara,cup,222117.wav,IFA_66_38_2638.wav,Tanzania|Ifakara|cup|14-07-20 00:00,testing,,anopheles_arabiensis,raw/humbug_core/222117.wav,CANDIDATE_PENDING_COMPLETE_AUDIO_AUDIT
222112,38.4,IFA_66_39_2639.wav,44100,14-07-20 00:00,mosquito,an arabiensis,Female,f,Single,,LT,telinga,tascam,Tanzania,Kilombero District,Morogoro,Ifakara,cup,222112.wav,IFA_66_39_2639.wav,Tanzania|Ifakara|cup|14-07-20 00:00,testing,,anopheles_arabiensis,raw/humbug_core/222112.wav,CANDIDATE_PENDING_COMPLETE_AUDIO_AUDIT
222132,46.02,IFA_66_40_2640.wav,44100,14-07-20 00:00,mosquito,an funestus ss,Female,t,Single,,LT,telinga,tascam,Tanzania,Kilombero District,Morogoro,Ifakara,cup,222132.wav,IFA_66_40_2640.wav,Tanzania|Ifakara|cup|14-07-20 00:00,excluded,outside prespecified Female / fed=f / LT / Single cohort,anopheles_funestus_ss,raw/humbug_core/222132.wav,CANDIDATE_PENDING_COMPLETE_AUDIO_AUDIT
222126,2.56,IFA_67_10_2650.wav,44100,14-07-20 00:00,mosquito,an arabiensis,Female,f,Single,,LT,telinga,tascam,Tanzania,Kilombero District,Morogoro,Ifakara,cup,222126.wav,IFA_67_10_2650.wav,Tanzania|Ifakara|cup|14-07-20 00:00,testing,,anopheles_arabiensis,raw/humbug_core/222126.wav,CANDIDATE_PENDING_COMPLETE_AUDIO_AUDIT
222125,2.56,IFA_67_10_2650.wav,44100,14-07-20 00:00,mosquito,an arabiensis,Female,f,Single,,LT,telinga,tascam,Tanzania,Kilombero District,Morogoro,Ifakara,cup,222125.wav,IFA_67_10_2650.wav,Tanzania|Ifakara|cup|14-07-20 00:00,testing,,anopheles_arabiensis,raw/humbug_core/222125.wav,CANDIDATE_PENDING_COMPLETE_AUDIO_AUDIT
222138,43.52,IFA_67_11_2651.wav,44100,14-07-20 00:00,mosquito,an arabiensis,Female,f,Single,,LT,telinga,tascam,Tanzania,Kilombero District,Morogoro,Ifakara,cup,222138.wav,IFA_67_11_2651.wav,Tanzania|Ifakara|cup|14-07-20 00:00,testing,,anopheles_arabiensis,raw/humbug_core/222138.wav,CANDIDATE_PENDING_COMPLETE_AUDIO_AUDIT
222128,33.28,IFA_67_12_2652.wav,44100,14-07-20 00:00,mosquito,an arabiensis,Female,f,Single,,LT,telinga,tascam,Tanzania,Kilombero District,Morogoro,Ifakara,cup,222128.wav,IFA_67_12_2652.wav,Tanzania|Ifakara|cup|14-07-20 00:00,testing,,anopheles_arabiensis,raw/humbug_core/222128.wav,CANDIDATE_PENDING_COMPLETE_AUDIO_AUDIT
222110,5.12,IFA_67_13_2653.wav,44100,14-07-20 00:00,mosquito,an funestus ss,Female,f,Single,,LT,telinga,tascam,Tanzania,Kilombero District,Morogoro,Ifakara,cup,222110.wav,IFA_67_13_2653.wav,Tanzania|Ifakara|cup|14-07-20 00:00,testing,,anopheles_funestus_ss,raw/humbug_core/222110.wav,CANDIDATE_PENDING_COMPLETE_AUDIO_AUDIT
222111,20.48,IFA_67_13_2653.wav,44100,14-07-20 00:00,mosquito,an funestus ss,Female,f,Single,,LT,telinga,tascam,Tanzania,Kilombero District,Morogoro,Ifakara,cup,222111.wav,IFA_67_13_2653.wav,Tanzania|Ifakara|cup|14-07-20 00:00,testing,,anopheles_funestus_ss,raw/humbug_core/222111.wav,CANDIDATE_PENDING_COMPLETE_AUDIO_AUDIT
222081,12.8,IFA_67_14_2654.wav,44100,14-07-20 00:00,mosquito,an funestus ss,Female,f,Single,,LT,telinga,tascam,Tanzania,Kilombero District,Morogoro,Ifakara,cup,222081.wav,IFA_67_14_2654.wav,Tanzania|Ifakara|cup|14-07-20 00:00,testing,,anopheles_funestus_ss,raw/humbug_core/222081.wav,CANDIDATE_PENDING_COMPLETE_AUDIO_AUDIT
222082,2.56,IFA_67_14_2654.wav,44100,14-07-20 00:00,mosquito,an funestus ss,Female,f,Single,,LT,telinga,tascam,Tanzania,Kilombero District,Morogoro,Ifakara,cup,222082.wav,IFA_67_14_2654.wav,Tanzania|Ifakara|cup|14-07-20 00:00,testing,,anopheles_funestus_ss,raw/humbug_core/222082.wav,CANDIDATE_PENDING_COMPLETE_AUDIO_AUDIT
222084,5.12,IFA_67_15_2655.wav,44100,14-07-20 00:00,mosquito,an arabiensis,Female,f,Single,,LT,telinga,tascam,Tanzania,Kilombero District,Morogoro,Ifakara,cup,222084.wav,IFA_67_15_2655.wav,Tanzania|Ifakara|cup|14-07-20 00:00,testing,,anopheles_arabiensis,raw/humbug_core/222084.wav,CANDIDATE_PENDING_COMPLETE_AUDIO_AUDIT
222083,2.56,IFA_67_15_2655.wav,44100,14-07-20 00:00,mosquito,an arabiensis,Female,f,Single,,LT,telinga,tascam,Tanzania,Kilombero District,Morogoro,Ifakara,cup,222083.wav,IFA_67_15_2655.wav,Tanzania|Ifakara|cup|14-07-20 00:00,testing,,anopheles_arabiensis,raw/humbug_core/222083.wav,CANDIDATE_PENDING_COMPLETE_AUDIO_AUDIT
222085,7.68,IFA_67_15_2655.wav,44100,14-07-20 00:00,mosquito,an arabiensis,Female,f,Single,,LT,telinga,tascam,Tanzania,Kilombero District,Morogoro,Ifakara,cup,222085.wav,IFA_67_15_2655.wav,Tanzania|Ifakara|cup|14-07-20 00:00,testing,,anopheles_arabiensis,raw/humbug_core/222085.wav,CANDIDATE_PENDING_COMPLETE_AUDIO_AUDIT
222078,30.66,IFA_67_16_2656.wav,44100,14-07-20 00:00,mosquito,an funestus ss,Female,f,Single,,LT,telinga,tascam,Tanzania,Kilombero District,Morogoro,Ifakara,cup,222078.wav,IFA_67_16_2656.wav,Tanzania|Ifakara|cup|14-07-20 00:00,testing,,anopheles_funestus_ss,raw/humbug_core/222078.wav,CANDIDATE_PENDING_COMPLETE_AUDIO_AUDIT
222077,2.56,IFA_67_16_2656.wav,44100,14-07-20 00:00,mosquito,an funestus ss,Female,f,Single,,LT,telinga,tascam,Tanzania,Kilombero District,Morogoro,Ifakara,cup,222077.wav,IFA_67_16_2656.wav,Tanzania|Ifakara|cup|14-07-20 00:00,testing,,anopheles_funestus_ss,raw/humbug_core/222077.wav,CANDIDATE_PENDING_COMPLETE_AUDIO_AUDIT
222076,5.12,IFA_67_16_2656.wav,44100,14-07-20 00:00,mosquito,an funestus ss,Female,f,Single,,LT,telinga,tascam,Tanzania,Kilombero District,Morogoro,Ifakara,cup,222076.wav,IFA_67_16_2656.wav,Tanzania|Ifakara|cup|14-07-20 00:00,testing,,anopheles_funestus_ss,raw/humbug_core/222076.wav,CANDIDATE_PENDING_COMPLETE_AUDIO_AUDIT
222097,12.8,IFA_67_17_2657.wav,44100,14-07-20 00:00,mosquito,an arabiensis,Female,f,Single,,LT,telinga,tascam,Tanzania,Kilombero District,Morogoro,Ifakara,cup,222097.wav,IFA_67_17_2657.wav,Tanzania|Ifakara|cup|14-07-20 00:00,testing,,anopheles_arabiensis,raw/humbug_core/222097.wav,CANDIDATE_PENDING_COMPLETE_AUDIO_AUDIT
222096,23.04,IFA_67_17_2657.wav,44100,14-07-20 00:00,mosquito,an arabiensis,Female,f,Single,,LT,telinga,tascam,Tanzania,Kilombero District,Morogoro,Ifakara,cup,222096.wav,IFA_67_17_2657.wav,Tanzania|Ifakara|cup|14-07-20 00:00,testing,,anopheles_arabiensis,raw/humbug_core/222096.wav,CANDIDATE_PENDING_COMPLETE_AUDIO_AUDIT
222121,12.8,IFA_67_18_2658.wav,44100,14-07-20 00:00,mosquito,an funestus ss,Female,f,Single,,LT,telinga,tascam,Tanzania,Kilombero District,Morogoro,Ifakara,cup,222121.wav,IFA_67_18_2658.wav,Tanzania|Ifakara|cup|14-07-20 00:00,testing,,anopheles_funestus_ss,raw/humbug_core/222121.wav,CANDIDATE_PENDING_COMPLETE_AUDIO_AUDIT
222120,17.92,IFA_67_18_2658.wav,44100,14-07-20 00:00,mosquito,an funestus ss,Female,f,Single,,LT,telinga,tascam,Tanzania,Kilombero District,Morogoro,Ifakara,cup,222120.wav,IFA_67_18_2658.wav,Tanzania|Ifakara|cup|14-07-20 00:00,testing,,anopheles_funestus_ss,raw/humbug_core/222120.wav,CANDIDATE_PENDING_COMPLETE_AUDIO_AUDIT
222134,10.24,IFA_67_19_2659.wav,44100,14-07-20 00:00,mosquito,an arabiensis,Female,f,Single,,LT,telinga,tascam,Tanzania,Kilombero District,Morogoro,Ifakara,cup,222134.wav,IFA_67_19_2659.wav,Tanzania|Ifakara|cup|14-07-20 00:00,testing,,anopheles_arabiensis,raw/humbug_core/222134.wav,CANDIDATE_PENDING_COMPLETE_AUDIO_AUDIT
222135,22.98,IFA_67_19_2659.wav,44100,14-07-20 00:00,mosquito,an arabiensis,Female,f,Single,,LT,telinga,tascam,Tanzania,Kilombero District,Morogoro,Ifakara,cup,222135.wav,IFA_67_19_2659.wav,Tanzania|Ifakara|cup|14-07-20 00:00,testing,,anopheles_arabiensis,raw/humbug_core/222135.wav,CANDIDATE_PENDING_COMPLETE_AUDIO_AUDIT
222080,7.68,IFA_67_20_2660.wav,44100,14-07-20 00:00,mosquito,an arabiensis,Female,f,Single,,LT,telinga,tascam,Tanzania,Kilombero District,Morogoro,Ifakara,cup,222080.wav,IFA_67_20_2660.wav,Tanzania|Ifakara|cup|14-07-20 00:00,testing,,anopheles_arabiensis,raw/humbug_core/222080.wav,CANDIDATE_PENDING_COMPLETE_AUDIO_AUDIT
222079,23.04,IFA_67_20_2660.wav,44100,14-07-20 00:00,mosquito,an arabiensis,Female,f,Single,,LT,telinga,tascam,Tanzania,Kilombero District,Morogoro,Ifakara,cup,222079.wav,IFA_67_20_2660.wav,Tanzania|Ifakara|cup|14-07-20 00:00,testing,,anopheles_arabiensis,raw/humbug_core/222079.wav,CANDIDATE_PENDING_COMPLETE_AUDIO_AUDIT
222109,2.56,IFA_67_21_2661.wav,44100,14-07-20 00:00,mosquito,an arabiensis,Female,f,Single,,LT,telinga,tascam,Tanzania,Kilombero District,Morogoro,Ifakara,cup,222109.wav,IFA_67_21_2661.wav,Tanzania|Ifakara|cup|14-07-20 00:00,testing,,anopheles_arabiensis,raw/humbug_core/222109.wav,CANDIDATE_PENDING_COMPLETE_AUDIO_AUDIT
222108,10.24,IFA_67_21_2661.wav,44100,14-07-20 00:00,mosquito,an arabiensis,Female,f,Single,,LT,telinga,tascam,Tanzania,Kilombero District,Morogoro,Ifakara,cup,222108.wav,IFA_67_21_2661.wav,Tanzania|Ifakara|cup|14-07-20 00:00,testing,,anopheles_arabiensis,raw/humbug_core/222108.wav,CANDIDATE_PENDING_COMPLETE_AUDIO_AUDIT
222122,17.92,IFA_67_22_2662.wav,44100,14-07-20 00:00,mosquito,an funestus ss,Female,f,Single,,LT,telinga,tascam,Tanzania,Kilombero District,Morogoro,Ifakara,cup,222122.wav,IFA_67_22_2662.wav,Tanzania|Ifakara|cup|14-07-20 00:00,testing,,anopheles_funestus_ss,raw/humbug_core/222122.wav,CANDIDATE_PENDING_COMPLETE_AUDIO_AUDIT
222123,15.36,IFA_67_22_2662.wav,44100,14-07-20 00:00,mosquito,an funestus ss,Female,f,Single,,LT,telinga,tascam,Tanzania,Kilombero District,Morogoro,Ifakara,cup,222123.wav,IFA_67_22_2662.wav,Tanzania|Ifakara|cup|14-07-20 00:00,testing,,anopheles_funestus_ss,raw/humbug_core/222123.wav,CANDIDATE_PENDING_COMPLETE_AUDIO_AUDIT
222113,5.12,IFA_67_23_2663.wav,44100,14-07-20 00:00,mosquito,an arabiensis,Female,f,Single,,LT,telinga,tascam,Tanzania,Kilombero District,Morogoro,Ifakara,cup,222113.wav,IFA_67_23_2663.wav,Tanzania|Ifakara|cup|14-07-20 00:00,testing,,anopheles_arabiensis,raw/humbug_core/222113.wav,CANDIDATE_PENDING_COMPLETE_AUDIO_AUDIT
222140,2.56,IFA_67_25_2665.wav,44100,14-07-20 00:00,mosquito,an funestus ss,Female,f,Single,,LT,telinga,tascam,Tanzania,Kilombero District,Morogoro,Ifakara,cup,222140.wav,IFA_67_25_2665.wav,Tanzania|Ifakara|cup|14-07-20 00:00,testing,,anopheles_funestus_ss,raw/humbug_core/222140.wav,CANDIDATE_PENDING_COMPLETE_AUDIO_AUDIT
222139,5.12,IFA_67_25_2665.wav,44100,14-07-20 00:00,mosquito,an funestus ss,Female,f,Single,,LT,telinga,tascam,Tanzania,Kilombero District,Morogoro,Ifakara,cup,222139.wav,IFA_67_25_2665.wav,Tanzania|Ifakara|cup|14-07-20 00:00,testing,,anopheles_funestus_ss,raw/humbug_core/222139.wav,CANDIDATE_PENDING_COMPLETE_AUDIO_AUDIT
222141,10.24,IFA_67_25_2665.wav,44100,14-07-20 00:00,mosquito,an funestus ss,Female,f,Single,,LT,telinga,tascam,Tanzania,Kilombero District,Morogoro,Ifakara,cup,222141.wav,IFA_67_25_2665.wav,Tanzania|Ifakara|cup|14-07-20 00:00,testing,,anopheles_funestus_ss,raw/humbug_core/222141.wav,CANDIDATE_PENDING_COMPLETE_AUDIO_AUDIT
222086,7.62,IFA_67_26_2666.wav,44100,14-07-20 00:00,mosquito,an funestus ss,Female,f,Single,,LT,telinga,tascam,Tanzania,Kilombero District,Morogoro,Ifakara,cup,222086.wav,IFA_67_26_2666.wav,Tanzania|Ifakara|cup|14-07-20 00:00,testing,,anopheles_funestus_ss,raw/humbug_core/222086.wav,CANDIDATE_PENDING_COMPLETE_AUDIO_AUDIT
222130,40.96,IFA_67_27_2667.wav,44100,14-07-20 00:00,mosquito,an arabiensis,Female,f,Single,,LT,telinga,tascam,Tanzania,Kilombero District,Morogoro,Ifakara,cup,222130.wav,IFA_67_27_2667.wav,Tanzania|Ifakara|cup|14-07-20 00:00,testing,,anopheles_arabiensis,raw/humbug_core/222130.wav,CANDIDATE_PENDING_COMPLETE_AUDIO_AUDIT
222102,17.92,IFA_67_28_2668.wav,44100,14-07-20 00:00,mosquito,an funestus ss,Female,f,Single,,LT,telinga,tascam,Tanzania,Kilombero District,Morogoro,Ifakara,cup,222102.wav,IFA_67_28_2668.wav,Tanzania|Ifakara|cup|14-07-20 00:00,testing,,anopheles_funestus_ss,raw/humbug_core/222102.wav,CANDIDATE_PENDING_COMPLETE_AUDIO_AUDIT
222115,2.56,IFA_67_29_2669.wav,44100,14-07-20 00:00,mosquito,an arabiensis,Female,f,Single,,LT,telinga,tascam,Tanzania,Kilombero District,Morogoro,Ifakara,cup,222115.wav,IFA_67_29_2669.wav,Tanzania|Ifakara|cup|14-07-20 00:00,testing,,anopheles_arabiensis,raw/humbug_core/222115.wav,CANDIDATE_PENDING_COMPLETE_AUDIO_AUDIT
222114,30.72,IFA_67_29_2669.wav,44100,14-07-20 00:00,mosquito,an arabiensis,Female,f,Single,,LT,telinga,tascam,Tanzania,Kilombero District,Morogoro,Ifakara,cup,222114.wav,IFA_67_29_2669.wav,Tanzania|Ifakara|cup|14-07-20 00:00,testing,,anopheles_arabiensis,raw/humbug_core/222114.wav,CANDIDATE_PENDING_COMPLETE_AUDIO_AUDIT
222103,81.86,IFA_67_31_2671.wav,44100,14-07-20 00:00,mosquito,an funestus ss,Female,f,Single,,LT,telinga,tascam,Tanzania,Kilombero District,Morogoro,Ifakara,cup,222103.wav,IFA_67_31_2671.wav,Tanzania|Ifakara|cup|14-07-20 00:00,testing,,anopheles_funestus_ss,raw/humbug_core/222103.wav,CANDIDATE_PENDING_COMPLETE_AUDIO_AUDIT
222104,43.52,IFA_67_32_2672.wav,44100,14-07-20 00:00,mosquito,an funestus ss,Female,f,Single,,LT,telinga,tascam,Tanzania,Kilombero District,Morogoro,Ifakara,cup,222104.wav,IFA_67_32_2672.wav,Tanzania|Ifakara|cup|14-07-20 00:00,testing,,anopheles_funestus_ss,raw/humbug_core/222104.wav,CANDIDATE_PENDING_COMPLETE_AUDIO_AUDIT
222137,40.96,IFA_67_33_2673.wav,44100,14-07-20 00:00,mosquito,an funestus ss,Female,f,Single,,LT,telinga,tascam,Tanzania,Kilombero District,Morogoro,Ifakara,cup,222137.wav,IFA_67_33_2673.wav,Tanzania|Ifakara|cup|14-07-20 00:00,testing,,anopheles_funestus_ss,raw/humbug_core/222137.wav,CANDIDATE_PENDING_COMPLETE_AUDIO_AUDIT
222227,46.02,IFA_68_20_2700.wav,44100,19-07-20 00:00,mosquito,an arabiensis,Female,f,Single,,LT,telinga,tascam,Tanzania,Kilombero District,Morogoro,Ifakara,cup,222227.wav,IFA_68_20_2700.wav,Tanzania|Ifakara|cup|19-07-20 00:00,testing,,anopheles_arabiensis,raw/humbug_core/222227.wav,CANDIDATE_PENDING_COMPLETE_AUDIO_AUDIT
222178,10.18,IFA_68_27_2707.wav,44100,19-07-20 00:00,mosquito,an funestus ss,Female,f,Single,,LT,telinga,tascam,Tanzania,Kilombero District,Morogoro,Ifakara,cup,222178.wav,IFA_68_27_2707.wav,Tanzania|Ifakara|cup|19-07-20 00:00,testing,,anopheles_funestus_ss,raw/humbug_core/222178.wav,CANDIDATE_PENDING_COMPLETE_AUDIO_AUDIT
222203,40.9,IFA_68_40_2720.wav,44100,19-07-20 00:00,mosquito,an arabiensis,Female,f,Single,,LT,telinga,tascam,Tanzania,Kilombero District,Morogoro,Ifakara,cup,222203.wav,IFA_68_40_2720.wav,Tanzania|Ifakara|cup|19-07-20 00:00,testing,,anopheles_arabiensis,raw/humbug_core/222203.wav,CANDIDATE_PENDING_COMPLETE_AUDIO_AUDIT
222189,46.08,IFA_69_13_2733.wav,44100,19-07-20 00:00,mosquito,an arabiensis,Female,f,Single,,LT,telinga,tascam,Tanzania,Kilombero District,Morogoro,Ifakara,cup,222189.wav,IFA_69_13_2733.wav,Tanzania|Ifakara|cup|19-07-20 00:00,testing,,anopheles_arabiensis,raw/humbug_core/222189.wav,CANDIDATE_PENDING_COMPLETE_AUDIO_AUDIT
222188,40.9,IFA_69_24_2744.wav,44100,19-07-20 00:00,mosquito,an funestus ss,Female,f,Single,,LT,telinga,tascam,Tanzania,Kilombero District,Morogoro,Ifakara,cup,222188.wav,IFA_69_24_2744.wav,Tanzania|Ifakara|cup|19-07-20 00:00,testing,,anopheles_funestus_ss,raw/humbug_core/222188.wav,CANDIDATE_PENDING_COMPLETE_AUDIO_AUDIT
222221,35.78,IFA_69_25_2745.wav,44100,19-07-20 00:00,mosquito,an arabiensis,Female,f,Single,,LT,telinga,tascam,Tanzania,Kilombero District,Morogoro,Ifakara,cup,222221.wav,IFA_69_25_2745.wav,Tanzania|Ifakara|cup|19-07-20 00:00,testing,,anopheles_arabiensis,raw/humbug_core/222221.wav,CANDIDATE_PENDING_COMPLETE_AUDIO_AUDIT
222256,25.54,IFA_69_26_2746.wav,44100,20-07-20 00:00,mosquito,an arabiensis,Female,f,Single,,LT,telinga,tascam,Tanzania,Kilombero District,Morogoro,Ifakara,cup,222256.wav,IFA_69_26_2746.wav,Tanzania|Ifakara|cup|20-07-20 00:00,training,,anopheles_arabiensis,raw/humbug_core/222256.wav,CANDIDATE_PENDING_COMPLETE_AUDIO_AUDIT
222250,2.56,IFA_69_29_2749.wav,44100,20-07-20 00:00,mosquito,an arabiensis,Female,t,Single,,LT,telinga,tascam,Tanzania,Kilombero District,Morogoro,Ifakara,cup,222250.wav,IFA_69_29_2749.wav,Tanzania|Ifakara|cup|20-07-20 00:00,excluded,outside prespecified Female / fed=f / LT / Single cohort,anopheles_arabiensis,raw/humbug_core/222250.wav,CANDIDATE_PENDING_COMPLETE_AUDIO_AUDIT
222251,23.04,IFA_69_29_2749.wav,44100,20-07-20 00:00,mosquito,an arabiensis,Female,t,Single,,LT,telinga,tascam,Tanzania,Kilombero District,Morogoro,Ifakara,cup,222251.wav,IFA_69_29_2749.wav,Tanzania|Ifakara|cup|20-07-20 00:00,excluded,outside prespecified Female / fed=f / LT / Single cohort,anopheles_arabiensis,raw/humbug_core/222251.wav,CANDIDATE_PENDING_COMPLETE_AUDIO_AUDIT
222239,38.4,IFA_69_32_2752.wav,44100,20-07-20 00:00,mosquito,an arabiensis,Female,f,Single,,LT,telinga,tascam,Tanzania,Kilombero District,Morogoro,Ifakara,cup,222239.wav,IFA_69_32_2752.wav,Tanzania|Ifakara|cup|20-07-20 00:00,training,,anopheles_arabiensis,raw/humbug_core/222239.wav,CANDIDATE_PENDING_COMPLETE_AUDIO_AUDIT
222267,38.34,IFA_69_33_2753.wav,44100,20-07-20 00:00,mosquito,an arabiensis,Female,t,Single,,LT,telinga,tascam,Tanzania,Kilombero District,Morogoro,Ifakara,cup,222267.wav,IFA_69_33_2753.wav,Tanzania|Ifakara|cup|20-07-20 00:00,excluded,outside prespecified Female / fed=f / LT / Single cohort,anopheles_arabiensis,raw/humbug_core/222267.wav,CANDIDATE_PENDING_COMPLETE_AUDIO_AUDIT
222244,7.68,IFA_69_35_2755.wav,44100,20-07-20 00:00,mosquito,an arabiensis,Female,f,Single,,LT,telinga,tascam,Tanzania,Kilombero District,Morogoro,Ifakara,cup,222244.wav,IFA_69_35_2755.wav,Tanzania|Ifakara|cup|20-07-20 00:00,training,,anopheles_arabiensis,raw/humbug_core/222244.wav,CANDIDATE_PENDING_COMPLETE_AUDIO_AUDIT
222243,20.48,IFA_69_35_2755.wav,44100,20-07-20 00:00,mosquito,an arabiensis,Female,f,Single,,LT,telinga,tascam,Tanzania,Kilombero District,Morogoro,Ifakara,cup,222243.wav,IFA_69_35_2755.wav,Tanzania|Ifakara|cup|20-07-20 00:00,training,,anopheles_arabiensis,raw/humbug_core/222243.wav,CANDIDATE_PENDING_COMPLETE_AUDIO_AUDIT
222242,2.56,IFA_69_35_2755.wav,44100,20-07-20 00:00,mosquito,an arabiensis,Female,f,Single,,LT,telinga,tascam,Tanzania,Kilombero District,Morogoro,Ifakara,cup,222242.wav,IFA_69_35_2755.wav,Tanzania|Ifakara|cup|20-07-20 00:00,training,,anopheles_arabiensis,raw/humbug_core/222242.wav,CANDIDATE_PENDING_COMPLETE_AUDIO_AUDIT
222248,35.78,IFA_70_10_2770.wav,44100,20-07-20 00:00,mosquito,an arabiensis,Female,f,Single,,LT,telinga,tascam,Tanzania,Kilombero District,Morogoro,Ifakara,cup,222248.wav,IFA_70_10_2770.wav,Tanzania|Ifakara|cup|20-07-20 00:00,training,,anopheles_arabiensis,raw/humbug_core/222248.wav,CANDIDATE_PENDING_COMPLETE_AUDIO_AUDIT
222266,5.12,IFA_70_11_2771.wav,44100,20-07-20 00:00,mosquito,an arabiensis,Female,f,Single,,LT,telinga,tascam,Tanzania,Kilombero District,Morogoro,Ifakara,cup,222266.wav,IFA_70_11_2771.wav,Tanzania|Ifakara|cup|20-07-20 00:00,training,,anopheles_arabiensis,raw/humbug_core/222266.wav,CANDIDATE_PENDING_COMPLETE_AUDIO_AUDIT
222265,10.24,IFA_70_11_2771.wav,44100,20-07-20 00:00,mosquito,an arabiensis,Female,f,Single,,LT,telinga,tascam,Tanzania,Kilombero District,Morogoro,Ifakara,cup,222265.wav,IFA_70_11_2771.wav,Tanzania|Ifakara|cup|20-07-20 00:00,training,,anopheles_arabiensis,raw/humbug_core/222265.wav,CANDIDATE_PENDING_COMPLETE_AUDIO_AUDIT
222264,5.12,IFA_70_11_2771.wav,44100,20-07-20 00:00,mosquito,an arabiensis,Female,f,Single,,LT,telinga,tascam,Tanzania,Kilombero District,Morogoro,Ifakara,cup,222264.wav,IFA_70_11_2771.wav,Tanzania|Ifakara|cup|20-07-20 00:00,training,,anopheles_arabiensis,raw/humbug_core/222264.wav,CANDIDATE_PENDING_COMPLETE_AUDIO_AUDIT
222245,33.22,IFA_70_12_2772.wav,44100,20-07-20 00:00,mosquito,an arabiensis,Female,f,Single,,LT,telinga,tascam,Tanzania,Kilombero District,Morogoro,Ifakara,cup,222245.wav,IFA_70_12_2772.wav,Tanzania|Ifakara|cup|20-07-20 00:00,training,,anopheles_arabiensis,raw/humbug_core/222245.wav,CANDIDATE_PENDING_COMPLETE_AUDIO_AUDIT
222241,33.28,IFA_70_16_2776.wav,44100,20-07-20 00:00,mosquito,an arabiensis,Female,f,Single,,LT,telinga,tascam,Tanzania,Kilombero District,Morogoro,Ifakara,cup,222241.wav,IFA_70_16_2776.wav,Tanzania|Ifakara|cup|20-07-20 00:00,training,,anopheles_arabiensis,raw/humbug_core/222241.wav,CANDIDATE_PENDING_COMPLETE_AUDIO_AUDIT
222247,51.2,IFA_70_18_2778.wav,44100,20-07-20 00:00,mosquito,an funestus ss,Female,f,Single,,LT,telinga,tascam,Tanzania,Kilombero District,Morogoro,Ifakara,cup,222247.wav,IFA_70_18_2778.wav,Tanzania|Ifakara|cup|20-07-20 00:00,training,,anopheles_funestus_ss,raw/humbug_core/222247.wav,CANDIDATE_PENDING_COMPLETE_AUDIO_AUDIT
222270,46.02,IFA_70_26_2786.wav,44100,21-07-20 00:00,mosquito,an arabiensis,Female,t,Single,,LT,telinga,tascam,Tanzania,Kilombero District,Morogoro,Ifakara,cup,222270.wav,IFA_70_26_2786.wav,Tanzania|Ifakara|cup|21-07-20 00:00,excluded,outside prespecified Female / fed=f / LT / Single cohort,anopheles_arabiensis,raw/humbug_core/222270.wav,CANDIDATE_PENDING_COMPLETE_AUDIO_AUDIT
222297,30.66,IFA_70_29_2789.wav,44100,21-07-20 00:00,mosquito,an arabiensis,Female,t,Single,,LT,telinga,tascam,Tanzania,Kilombero District,Morogoro,Ifakara,cup,222297.wav,IFA_70_29_2789.wav,Tanzania|Ifakara|cup|21-07-20 00:00,excluded,outside prespecified Female / fed=f / LT / Single cohort,anopheles_arabiensis,raw/humbug_core/222297.wav,CANDIDATE_PENDING_COMPLETE_AUDIO_AUDIT
222309,43.46,IFA_70_32_2792.wav,44100,21-07-20 00:00,mosquito,an arabiensis,Female,f,Single,,LT,telinga,tascam,Tanzania,Kilombero District,Morogoro,Ifakara,cup,222309.wav,IFA_70_32_2792.wav,Tanzania|Ifakara|cup|21-07-20 00:00,training,,anopheles_arabiensis,raw/humbug_core/222309.wav,CANDIDATE_PENDING_COMPLETE_AUDIO_AUDIT
222277,46.02,IFA_70_33_2793.wav,44100,21-07-20 00:00,mosquito,an arabiensis,Female,t,Single,,LT,telinga,tascam,Tanzania,Kilombero District,Morogoro,Ifakara,cup,222277.wav,IFA_70_33_2793.wav,Tanzania|Ifakara|cup|21-07-20 00:00,excluded,outside prespecified Female / fed=f / LT / Single cohort,anopheles_arabiensis,raw/humbug_core/222277.wav,CANDIDATE_PENDING_COMPLETE_AUDIO_AUDIT
222300,53.7,IFA_70_34_2794.wav,44100,21-07-20 00:00,mosquito,an arabiensis,Female,f,Single,,LT,telinga,tascam,Tanzania,Kilombero District,Morogoro,Ifakara,cup,222300.wav,IFA_70_34_2794.wav,Tanzania|Ifakara|cup|21-07-20 00:00,training,,anopheles_arabiensis,raw/humbug_core/222300.wav,CANDIDATE_PENDING_COMPLETE_AUDIO_AUDIT
222276,53.7,IFA_70_35_2795.wav,44100,21-07-20 00:00,mosquito,an arabiensis,Female,f,Single,,LT,telinga,tascam,Tanzania,Kilombero District,Morogoro,Ifakara,cup,222276.wav,IFA_70_35_2795.wav,Tanzania|Ifakara|cup|21-07-20 00:00,training,,anopheles_arabiensis,raw/humbug_core/222276.wav,CANDIDATE_PENDING_COMPLETE_AUDIO_AUDIT
222273,48.64,IFA_70_36_2796.wav,44100,21-07-20 00:00,mosquito,an arabiensis,Female,f,Single,,LT,telinga,tascam,Tanzania,Kilombero District,Morogoro,Ifakara,cup,222273.wav,IFA_70_36_2796.wav,Tanzania|Ifakara|cup|21-07-20 00:00,training,,anopheles_arabiensis,raw/humbug_core/222273.wav,CANDIDATE_PENDING_COMPLETE_AUDIO_AUDIT
222302,15.36,IFA_70_38_2798.wav,44100,21-07-20 00:00,mosquito,an arabiensis,Female,f,Single,,LT,telinga,tascam,Tanzania,Kilombero District,Morogoro,Ifakara,cup,222302.wav,IFA_70_38_2798.wav,Tanzania|Ifakara|cup|21-07-20 00:00,training,,anopheles_arabiensis,raw/humbug_core/222302.wav,CANDIDATE_PENDING_COMPLETE_AUDIO_AUDIT
222301,25.6,IFA_70_38_2798.wav,44100,21-07-20 00:00,mosquito,an arabiensis,Female,f,Single,,LT,telinga,tascam,Tanzania,Kilombero District,Morogoro,Ifakara,cup,222301.wav,IFA_70_38_2798.wav,Tanzania|Ifakara|cup|21-07-20 00:00,training,,anopheles_arabiensis,raw/humbug_core/222301.wav,CANDIDATE_PENDING_COMPLETE_AUDIO_AUDIT
222305,79.36,IFA_70_39_2799.wav,44100,21-07-20 00:00,mosquito,an arabiensis,Female,f,Single,,LT,telinga,tascam,Tanzania,Kilombero District,Morogoro,Ifakara,cup,222305.wav,IFA_70_39_2799.wav,Tanzania|Ifakara|cup|21-07-20 00:00,training,,anopheles_arabiensis,raw/humbug_core/222305.wav,CANDIDATE_PENDING_COMPLETE_AUDIO_AUDIT
222287,40.9,IFA_70_40_2800.wav,44100,21-07-20 00:00,mosquito,an arabiensis,Female,f,Single,,LT,telinga,tascam,Tanzania,Kilombero District,Morogoro,Ifakara,cup,222287.wav,IFA_70_40_2800.wav,Tanzania|Ifakara|cup|21-07-20 00:00,training,,anopheles_arabiensis,raw/humbug_core/222287.wav,CANDIDATE_PENDING_COMPLETE_AUDIO_AUDIT
222274,40.96,IFA_71_10_2810.wav,44100,21-07-20 00:00,mosquito,an arabiensis,Female,f,Single,,LT,telinga,tascam,Tanzania,Kilombero District,Morogoro,Ifakara,cup,222274.wav,IFA_71_10_2810.wav,Tanzania|Ifakara|cup|21-07-20 00:00,training,,anopheles_arabiensis,raw/humbug_core/222274.wav,CANDIDATE_PENDING_COMPLETE_AUDIO_AUDIT
222304,2.56,IFA_71_11_2811.wav,44100,21-07-20 00:00,mosquito,an funestus ss,Female,f,Single,,LT,telinga,tascam,Tanzania,Kilombero District,Morogoro,Ifakara,cup,222304.wav,IFA_71_11_2811.wav,Tanzania|Ifakara|cup|21-07-20 00:00,training,,anopheles_funestus_ss,raw/humbug_core/222304.wav,CANDIDATE_PENDING_COMPLETE_AUDIO_AUDIT
222303,25.6,IFA_71_11_2811.wav,44100,21-07-20 00:00,mosquito,an funestus ss,Female,f,Single,,LT,telinga,tascam,Tanzania,Kilombero District,Morogoro,Ifakara,cup,222303.wav,IFA_71_11_2811.wav,Tanzania|Ifakara|cup|21-07-20 00:00,training,,anopheles_funestus_ss,raw/humbug_core/222303.wav,CANDIDATE_PENDING_COMPLETE_AUDIO_AUDIT
222290,15.36,IFA_71_12_2812.wav,44100,21-07-20 00:00,mosquito,an arabiensis,Female,f,Single,,LT,telinga,tascam,Tanzania,Kilombero District,Morogoro,Ifakara,cup,222290.wav,IFA_71_12_2812.wav,Tanzania|Ifakara|cup|21-07-20 00:00,training,,anopheles_arabiensis,raw/humbug_core/222290.wav,CANDIDATE_PENDING_COMPLETE_AUDIO_AUDIT
222294,7.68,IFA_71_13_2813.wav,44100,21-07-20 00:00,mosquito,an arabiensis,Female,f,Single,,LT,telinga,tascam,Tanzania,Kilombero District,Morogoro,Ifakara,cup,222294.wav,IFA_71_13_2813.wav,Tanzania|Ifakara|cup|21-07-20 00:00,training,,anopheles_arabiensis,raw/humbug_core/222294.wav,CANDIDATE_PENDING_COMPLETE_AUDIO_AUDIT
222293,17.92,IFA_71_13_2813.wav,44100,21-07-20 00:00,mosquito,an arabiensis,Female,f,Single,,LT,telinga,tascam,Tanzania,Kilombero District,Morogoro,Ifakara,cup,222293.wav,IFA_71_13_2813.wav,Tanzania|Ifakara|cup|21-07-20 00:00,training,,anopheles_arabiensis,raw/humbug_core/222293.wav,CANDIDATE_PENDING_COMPLETE_AUDIO_AUDIT
222295,7.68,IFA_71_13_2813.wav,44100,21-07-20 00:00,mosquito,an arabiensis,Female,f,Single,,LT,telinga,tascam,Tanzania,Kilombero District,Morogoro,Ifakara,cup,222295.wav,IFA_71_13_2813.wav,Tanzania|Ifakara|cup|21-07-20 00:00,training,,anopheles_arabiensis,raw/humbug_core/222295.wav,CANDIDATE_PENDING_COMPLETE_AUDIO_AUDIT
222296,7.68,IFA_71_13_2813.wav,44100,21-07-20 00:00,mosquito,an arabiensis,Female,f,Single,,LT,telinga,tascam,Tanzania,Kilombero District,Morogoro,Ifakara,cup,222296.wav,IFA_71_13_2813.wav,Tanzania|Ifakara|cup|21-07-20 00:00,training,,anopheles_arabiensis,raw/humbug_core/222296.wav,CANDIDATE_PENDING_COMPLETE_AUDIO_AUDIT
222299,43.46,IFA_71_14_2814.wav,44100,21-07-20 00:00,mosquito,an funestus ss,Female,f,Single,,LT,telinga,tascam,Tanzania,Kilombero District,Morogoro,Ifakara,cup,222299.wav,IFA_71_14_2814.wav,Tanzania|Ifakara|cup|21-07-20 00:00,training,,anopheles_funestus_ss,raw/humbug_core/222299.wav,CANDIDATE_PENDING_COMPLETE_AUDIO_AUDIT
222298,5.12,IFA_71_14_2814.wav,44100,21-07-20 00:00,mosquito,an funestus ss,Female,f,Single,,LT,telinga,tascam,Tanzania,Kilombero District,Morogoro,Ifakara,cup,222298.wav,IFA_71_14_2814.wav,Tanzania|Ifakara|cup|21-07-20 00:00,training,,anopheles_funestus_ss,raw/humbug_core/222298.wav,CANDIDATE_PENDING_COMPLETE_AUDIO_AUDIT
222284,7.68,IFA_71_16_2816.wav,44100,21-07-20 00:00,mosquito,an funestus ss,Female,f,Single,,LT,telinga,tascam,Tanzania,Kilombero District,Morogoro,Ifakara,cup,222284.wav,IFA_71_16_2816.wav,Tanzania|Ifakara|cup|21-07-20 00:00,training,,anopheles_funestus_ss,raw/humbug_core/222284.wav,CANDIDATE_PENDING_COMPLETE_AUDIO_AUDIT
222286,20.42,IFA_71_16_2816.wav,44100,21-07-20 00:00,mosquito,an funestus ss,Female,f,Single,,LT,telinga,tascam,Tanzania,Kilombero District,Morogoro,Ifakara,cup,222286.wav,IFA_71_16_2816.wav,Tanzania|Ifakara|cup|21-07-20 00:00,training,,anopheles_funestus_ss,raw/humbug_core/222286.wav,CANDIDATE_PENDING_COMPLETE_AUDIO_AUDIT
222285,20.48,IFA_71_16_2816.wav,44100,21-07-20 00:00,mosquito,an funestus ss,Female,f,Single,,LT,telinga,tascam,Tanzania,Kilombero District,Morogoro,Ifakara,cup,222285.wav,IFA_71_16_2816.wav,Tanzania|Ifakara|cup|21-07-20 00:00,training,,anopheles_funestus_ss,raw/humbug_core/222285.wav,CANDIDATE_PENDING_COMPLETE_AUDIO_AUDIT
222289,40.96,IFA_71_18_2818.wav,44100,21-07-20 00:00,mosquito,an funestus ss,Female,f,Single,,LT,telinga,tascam,Tanzania,Kilombero District,Morogoro,Ifakara,cup,222289.wav,IFA_71_18_2818.wav,Tanzania|Ifakara|cup|21-07-20 00:00,training,,anopheles_funestus_ss,raw/humbug_core/222289.wav,CANDIDATE_PENDING_COMPLETE_AUDIO_AUDIT
222278,40.96,IFA_71_19_2819.wav,44100,21-07-20 00:00,mosquito,an funestus ss,Female,f,Single,,LT,telinga,tascam,Tanzania,Kilombero District,Morogoro,Ifakara,cup,222278.wav,IFA_71_19_2819.wav,Tanzania|Ifakara|cup|21-07-20 00:00,training,,anopheles_funestus_ss,raw/humbug_core/222278.wav,CANDIDATE_PENDING_COMPLETE_AUDIO_AUDIT
222279,10.24,IFA_71_19_2819.wav,44100,21-07-20 00:00,mosquito,an funestus ss,Female,f,Single,,LT,telinga,tascam,Tanzania,Kilombero District,Morogoro,Ifakara,cup,222279.wav,IFA_71_19_2819.wav,Tanzania|Ifakara|cup|21-07-20 00:00,training,,anopheles_funestus_ss,raw/humbug_core/222279.wav,CANDIDATE_PENDING_COMPLETE_AUDIO_AUDIT
222280,46.08,IFA_71_21_2821.wav,44100,21-07-20 00:00,mosquito,an funestus ss,Female,f,Single,,LT,telinga,tascam,Tanzania,Kilombero District,Morogoro,Ifakara,cup,222280.wav,IFA_71_21_2821.wav,Tanzania|Ifakara|cup|21-07-20 00:00,training,,anopheles_funestus_ss,raw/humbug_core/222280.wav,CANDIDATE_PENDING_COMPLETE_AUDIO_AUDIT
222343,2.56,IFA_71_23_2823.wav,44100,26-07-20 00:00,mosquito,an arabiensis,Female,f,Single,,LT,telinga,tascam,Tanzania,Kilombero District,Morogoro,Ifakara,cup,222343.wav,IFA_71_23_2823.wav,Tanzania|Ifakara|cup|26-07-20 00:00,validation,,anopheles_arabiensis,raw/humbug_core/222343.wav,CANDIDATE_PENDING_COMPLETE_AUDIO_AUDIT
222353,17.86,IFA_71_25_2825.wav,44100,26-07-20 00:00,mosquito,an arabiensis,Female,f,Single,,LT,telinga,tascam,Tanzania,Kilombero District,Morogoro,Ifakara,cup,222353.wav,IFA_71_25_2825.wav,Tanzania|Ifakara|cup|26-07-20 00:00,validation,,anopheles_arabiensis,raw/humbug_core/222353.wav,CANDIDATE_PENDING_COMPLETE_AUDIO_AUDIT
222352,10.24,IFA_71_25_2825.wav,44100,26-07-20 00:00,mosquito,an arabiensis,Female,f,Single,,LT,telinga,tascam,Tanzania,Kilombero District,Morogoro,Ifakara,cup,222352.wav,IFA_71_25_2825.wav,Tanzania|Ifakara|cup|26-07-20 00:00,validation,,anopheles_arabiensis,raw/humbug_core/222352.wav,CANDIDATE_PENDING_COMPLETE_AUDIO_AUDIT
222351,28.16,IFA_71_25_2825.wav,44100,26-07-20 00:00,mosquito,an arabiensis,Female,f,Single,,LT,telinga,tascam,Tanzania,Kilombero District,Morogoro,Ifakara,cup,222351.wav,IFA_71_25_2825.wav,Tanzania|Ifakara|cup|26-07-20 00:00,validation,,anopheles_arabiensis,raw/humbug_core/222351.wav,CANDIDATE_PENDING_COMPLETE_AUDIO_AUDIT
222349,23.04,IFA_71_26_2826.wav,44100,26-07-20 00:00,mosquito,an arabiensis,Female,f,Single,,LT,telinga,tascam,Tanzania,Kilombero District,Morogoro,Ifakara,cup,222349.wav,IFA_71_26_2826.wav,Tanzania|Ifakara|cup|26-07-20 00:00,validation,,anopheles_arabiensis,raw/humbug_core/222349.wav,CANDIDATE_PENDING_COMPLETE_AUDIO_AUDIT
222346,7.68,IFA_71_28_2828.wav,44100,26-07-20 00:00,mosquito,an arabiensis,Female,f,Single,,LT,telinga,tascam,Tanzania,Kilombero District,Morogoro,Ifakara,cup,222346.wav,IFA_71_28_2828.wav,Tanzania|Ifakara|cup|26-07-20 00:00,validation,,anopheles_arabiensis,raw/humbug_core/222346.wav,CANDIDATE_PENDING_COMPLETE_AUDIO_AUDIT
222345,2.56,IFA_71_28_2828.wav,44100,26-07-20 00:00,mosquito,an arabiensis,Female,f,Single,,LT,telinga,tascam,Tanzania,Kilombero District,Morogoro,Ifakara,cup,222345.wav,IFA_71_28_2828.wav,Tanzania|Ifakara|cup|26-07-20 00:00,validation,,anopheles_arabiensis,raw/humbug_core/222345.wav,CANDIDATE_PENDING_COMPLETE_AUDIO_AUDIT
222350,53.7,IFA_71_29_2829.wav,44100,26-07-20 00:00,mosquito,an funestus ss,Female,f,Single,,LT,telinga,tascam,Tanzania,Kilombero District,Morogoro,Ifakara,cup,222350.wav,IFA_71_29_2829.wav,Tanzania|Ifakara|cup|26-07-20 00:00,validation,,anopheles_funestus_ss,raw/humbug_core/222350.wav,CANDIDATE_PENDING_COMPLETE_AUDIO_AUDIT
222340,48.58,IFA_71_30_2830.wav,44100,26-07-20 00:00,mosquito,an arabiensis,Female,f,Single,,LT,telinga,tascam,Tanzania,Kilombero District,Morogoro,Ifakara,cup,222340.wav,IFA_71_30_2830.wav,Tanzania|Ifakara|cup|26-07-20 00:00,validation,,anopheles_arabiensis,raw/humbug_core/222340.wav,CANDIDATE_PENDING_COMPLETE_AUDIO_AUDIT
222347,58.82,IFA_71_31_2831.wav,44100,26-07-20 00:00,mosquito,an funestus ss,Female,f,Single,,LT,telinga,tascam,Tanzania,Kilombero District,Morogoro,Ifakara,cup,222347.wav,IFA_71_31_2831.wav,Tanzania|Ifakara|cup|26-07-20 00:00,validation,,anopheles_funestus_ss,raw/humbug_core/222347.wav,CANDIDATE_PENDING_COMPLETE_AUDIO_AUDIT
222344,35.78,IFA_71_32_2832.wav,44100,26-07-20 00:00,mosquito,an funestus ss,Female,f,Single,,LT,telinga,tascam,Tanzania,Kilombero District,Morogoro,Ifakara,cup,222344.wav,IFA_71_32_2832.wav,Tanzania|Ifakara|cup|26-07-20 00:00,validation,,anopheles_funestus_ss,raw/humbug_core/222344.wav,CANDIDATE_PENDING_COMPLETE_AUDIO_AUDIT
222342,53.76,IFA_71_34_2834.wav,44100,26-07-20 00:00,mosquito,an funestus ss,Female,f,Single,,LT,telinga,tascam,Tanzania,Kilombero District,Morogoro,Ifakara,cup,222342.wav,IFA_71_34_2834.wav,Tanzania|Ifakara|cup|26-07-20 00:00,validation,,anopheles_funestus_ss,raw/humbug_core/222342.wav,CANDIDATE_PENDING_COMPLETE_AUDIO_AUDIT
222348,48.58,IFA_71_35_2835.wav,44100,26-07-20 00:00,mosquito,an arabiensis,Female,f,Single,,LT,telinga,tascam,Tanzania,Kilombero District,Morogoro,Ifakara,cup,222348.wav,IFA_71_35_2835.wav,Tanzania|Ifakara|cup|26-07-20 00:00,validation,,anopheles_arabiensis,raw/humbug_core/222348.wav,CANDIDATE_PENDING_COMPLETE_AUDIO_AUDIT
222354,10.24,IFA_71_36_2836.wav,44100,26-07-20 00:00,mosquito,an funestus ss,Female,f,Single,,LT,telinga,tascam,Tanzania,Kilombero District,Morogoro,Ifakara,cup,222354.wav,IFA_71_36_2836.wav,Tanzania|Ifakara|cup|26-07-20 00:00,validation,,anopheles_funestus_ss,raw/humbug_core/222354.wav,CANDIDATE_PENDING_COMPLETE_AUDIO_AUDIT
222356,28.1,IFA_71_36_2836.wav,44100,26-07-20 00:00,mosquito,an funestus ss,Female,f,Single,,LT,telinga,tascam,Tanzania,Kilombero District,Morogoro,Ifakara,cup,222356.wav,IFA_71_36_2836.wav,Tanzania|Ifakara|cup|26-07-20 00:00,validation,,anopheles_funestus_ss,raw/humbug_core/222356.wav,CANDIDATE_PENDING_COMPLETE_AUDIO_AUDIT
222355,7.68,IFA_71_36_2836.wav,44100,26-07-20 00:00,mosquito,an funestus ss,Female,f,Single,,LT,telinga,tascam,Tanzania,Kilombero District,Morogoro,Ifakara,cup,222355.wav,IFA_71_36_2836.wav,Tanzania|Ifakara|cup|26-07-20 00:00,validation,,anopheles_funestus_ss,raw/humbug_core/222355.wav,CANDIDATE_PENDING_COMPLETE_AUDIO_AUDIT
222314,43.46,IFA_72_12_2852.wav,44100,27-07-20 00:00,mosquito,an arabiensis,Female,f,Single,,LT,telinga,tascam,Tanzania,Kilombero District,Morogoro,Ifakara,cup,222314.wav,IFA_72_12_2852.wav,Tanzania|Ifakara|cup|27-07-20 00:00,training,,anopheles_arabiensis,raw/humbug_core/222314.wav,CANDIDATE_PENDING_COMPLETE_AUDIO_AUDIT
222326,35.78,IFA_72_13_2853.wav,44100,27-07-20 00:00,mosquito,an arabiensis,Female,f,Single,,LT,telinga,tascam,Tanzania,Kilombero District,Morogoro,Ifakara,cup,222326.wav,IFA_72_13_2853.wav,Tanzania|Ifakara|cup|27-07-20 00:00,training,,anopheles_arabiensis,raw/humbug_core/222326.wav,CANDIDATE_PENDING_COMPLETE_AUDIO_AUDIT
222317,38.34,IFA_72_14_2854.wav,44100,27-07-20 00:00,mosquito,an arabiensis,Female,f,Single,,LT,telinga,tascam,Tanzania,Kilombero District,Morogoro,Ifakara,cup,222317.wav,IFA_72_14_2854.wav,Tanzania|Ifakara|cup|27-07-20 00:00,training,,anopheles_arabiensis,raw/humbug_core/222317.wav,CANDIDATE_PENDING_COMPLETE_AUDIO_AUDIT
222330,35.78,IFA_72_15_2855.wav,44100,27-07-20 00:00,mosquito,an arabiensis,Female,t,Single,,LT,telinga,tascam,Tanzania,Kilombero District,Morogoro,Ifakara,cup,222330.wav,IFA_72_15_2855.wav,Tanzania|Ifakara|cup|27-07-20 00:00,excluded,outside prespecified Female / fed=f / LT / Single cohort,anopheles_arabiensis,raw/humbug_core/222330.wav,CANDIDATE_PENDING_COMPLETE_AUDIO_AUDIT
222316,40.9,IFA_72_16_2856.wav,44100,27-07-20 00:00,mosquito,an funestus ss,Female,f,Single,,LT,telinga,tascam,Tanzania,Kilombero District,Morogoro,Ifakara,cup,222316.wav,IFA_72_16_2856.wav,Tanzania|Ifakara|cup|27-07-20 00:00,training,,anopheles_funestus_ss,raw/humbug_core/222316.wav,CANDIDATE_PENDING_COMPLETE_AUDIO_AUDIT
222310,40.9,IFA_72_17_2857.wav,44100,27-07-20 00:00,mosquito,an arabiensis,Female,f,Single,,LT,telinga,tascam,Tanzania,Kilombero District,Morogoro,Ifakara,cup,222310.wav,IFA_72_17_2857.wav,Tanzania|Ifakara|cup|27-07-20 00:00,training,,anopheles_arabiensis,raw/humbug_core/222310.wav,CANDIDATE_PENDING_COMPLETE_AUDIO_AUDIT
222327,33.22,IFA_72_20_2860.wav,44100,27-07-20 00:00,mosquito,an arabiensis,Female,t,Single,,LT,telinga,tascam,Tanzania,Kilombero District,Morogoro,Ifakara,cup,222327.wav,IFA_72_20_2860.wav,Tanzania|Ifakara|cup|27-07-20 00:00,excluded,outside prespecified Female / fed=f / LT / Single cohort,anopheles_arabiensis,raw/humbug_core/222327.wav,CANDIDATE_PENDING_COMPLETE_AUDIO_AUDIT
222312,38.34,IFA_72_21_2861.wav,44100,27-07-20 00:00,mosquito,an arabiensis,Female,f,Single,,LT,telinga,tascam,Tanzania,Kilombero District,Morogoro,Ifakara,cup,222312.wav,IFA_72_21_2861.wav,Tanzania|Ifakara|cup|27-07-20 00:00,training,,anopheles_arabiensis,raw/humbug_core/222312.wav,CANDIDATE_PENDING_COMPLETE_AUDIO_AUDIT
222320,33.22,IFA_72_25_2865.wav,44100,27-07-20 00:00,mosquito,an funestus ss,Female,f,Single,,LT,telinga,tascam,Tanzania,Kilombero District,Morogoro,Ifakara,cup,222320.wav,IFA_72_25_2865.wav,Tanzania|Ifakara|cup|27-07-20 00:00,training,,anopheles_funestus_ss,raw/humbug_core/222320.wav,CANDIDATE_PENDING_COMPLETE_AUDIO_AUDIT
222324,56.26,IFA_72_26_2866.wav,44100,27-07-20 00:00,mosquito,an arabiensis,Female,f,Single,,LT,telinga,tascam,Tanzania,Kilombero District,Morogoro,Ifakara,cup,222324.wav,IFA_72_26_2866.wav,Tanzania|Ifakara|cup|27-07-20 00:00,training,,anopheles_arabiensis,raw/humbug_core/222324.wav,CANDIDATE_PENDING_COMPLETE_AUDIO_AUDIT
222337,43.46,IFA_72_27_2867.wav,44100,27-07-20 00:00,mosquito,an funestus ss,Female,f,Single,,LT,telinga,tascam,Tanzania,Kilombero District,Morogoro,Ifakara,cup,222337.wav,IFA_72_27_2867.wav,Tanzania|Ifakara|cup|27-07-20 00:00,training,,anopheles_funestus_ss,raw/humbug_core/222337.wav,CANDIDATE_PENDING_COMPLETE_AUDIO_AUDIT
222331,33.22,IFA_72_29_2869.wav,44100,27-07-20 00:00,mosquito,an funestus ss,Female,f,Single,,LT,telinga,tascam,Tanzania,Kilombero District,Morogoro,Ifakara,cup,222331.wav,IFA_72_29_2869.wav,Tanzania|Ifakara|cup|27-07-20 00:00,training,,anopheles_funestus_ss,raw/humbug_core/222331.wav,CANDIDATE_PENDING_COMPLETE_AUDIO_AUDIT
222332,51.14,IFA_72_31_2871.wav,44100,27-07-20 00:00,mosquito,an funestus ss,Female,f,Single,,LT,telinga,tascam,Tanzania,Kilombero District,Morogoro,Ifakara,cup,222332.wav,IFA_72_31_2871.wav,Tanzania|Ifakara|cup|27-07-20 00:00,training,,anopheles_funestus_ss,raw/humbug_core/222332.wav,CANDIDATE_PENDING_COMPLETE_AUDIO_AUDIT
222328,51.14,IFA_72_32_2872.wav,44100,27-07-20 00:00,mosquito,an funestus ss,Female,f,Single,,LT,telinga,tascam,Tanzania,Kilombero District,Morogoro,Ifakara,cup,222328.wav,IFA_72_32_2872.wav,Tanzania|Ifakara|cup|27-07-20 00:00,training,,anopheles_funestus_ss,raw/humbug_core/222328.wav,CANDIDATE_PENDING_COMPLETE_AUDIO_AUDIT
222334,35.78,IFA_72_33_2873.wav,44100,27-07-20 00:00,mosquito,an arabiensis,Female,f,Single,,LT,telinga,tascam,Tanzania,Kilombero District,Morogoro,Ifakara,cup,222334.wav,IFA_72_33_2873.wav,Tanzania|Ifakara|cup|27-07-20 00:00,training,,anopheles_arabiensis,raw/humbug_core/222334.wav,CANDIDATE_PENDING_COMPLETE_AUDIO_AUDIT
222323,58.82,IFA_72_34_2874.wav,44100,27-07-20 00:00,mosquito,an funestus ss,Female,f,Single,,LT,telinga,tascam,Tanzania,Kilombero District,Morogoro,Ifakara,cup,222323.wav,IFA_72_34_2874.wav,Tanzania|Ifakara|cup|27-07-20 00:00,training,,anopheles_funestus_ss,raw/humbug_core/222323.wav,CANDIDATE_PENDING_COMPLETE_AUDIO_AUDIT
222383,35.84,IFA_72_37_2877.wav,44100,28-07-20 00:00,mosquito,an arabiensis,Female,f,Single,,LT,telinga,tascam,Tanzania,Kilombero District,Morogoro,Ifakara,cup,222383.wav,IFA_72_37_2877.wav,Tanzania|Ifakara|cup|28-07-20 00:00,validation,,anopheles_arabiensis,raw/humbug_core/222383.wav,CANDIDATE_PENDING_COMPLETE_AUDIO_AUDIT
222380,33.22,IFA_72_38_2878.wav,44100,28-07-20 00:00,mosquito,an funestus ss,Female,f,Single,,LT,telinga,tascam,Tanzania,Kilombero District,Morogoro,Ifakara,cup,222380.wav,IFA_72_38_2878.wav,Tanzania|Ifakara|cup|28-07-20 00:00,validation,,anopheles_funestus_ss,raw/humbug_core/222380.wav,CANDIDATE_PENDING_COMPLETE_AUDIO_AUDIT
222428,25.54,IFA_72_39_2879.wav,44100,28-07-20 00:00,mosquito,an arabiensis,Female,f,Single,,LT,telinga,tascam,Tanzania,Kilombero District,Morogoro,Ifakara,cup,222428.wav,IFA_72_39_2879.wav,Tanzania|Ifakara|cup|28-07-20 00:00,validation,,anopheles_arabiensis,raw/humbug_core/222428.wav,CANDIDATE_PENDING_COMPLETE_AUDIO_AUDIT
222429,38.34,IFA_72_40_2880.wav,44100,28-07-20 00:00,mosquito,an arabiensis,Female,f,Single,,LT,telinga,tascam,Tanzania,Kilombero District,Morogoro,Ifakara,cup,222429.wav,IFA_72_40_2880.wav,Tanzania|Ifakara|cup|28-07-20 00:00,validation,,anopheles_arabiensis,raw/humbug_core/222429.wav,CANDIDATE_PENDING_COMPLETE_AUDIO_AUDIT
222382,30.66,IFA_73_10_2890.wav,44100,28-07-20 00:00,mosquito,an arabiensis,Female,f,Single,,LT,telinga,tascam,Tanzania,Kilombero District,Morogoro,Ifakara,cup,222382.wav,IFA_73_10_2890.wav,Tanzania|Ifakara|cup|28-07-20 00:00,validation,,anopheles_arabiensis,raw/humbug_core/222382.wav,CANDIDATE_PENDING_COMPLETE_AUDIO_AUDIT
222422,40.96,IFA_73_11_2891.wav,44100,28-07-20 00:00,mosquito,an arabiensis,Female,f,Single,,LT,telinga,tascam,Tanzania,Kilombero District,Morogoro,Ifakara,cup,222422.wav,IFA_73_11_2891.wav,Tanzania|Ifakara|cup|28-07-20 00:00,validation,,anopheles_arabiensis,raw/humbug_core/222422.wav,CANDIDATE_PENDING_COMPLETE_AUDIO_AUDIT
222437,43.46,IFA_73_12_2892.wav,44100,28-07-20 00:00,mosquito,an arabiensis,Female,f,Single,,LT,telinga,tascam,Tanzania,Kilombero District,Morogoro,Ifakara,cup,222437.wav,IFA_73_12_2892.wav,Tanzania|Ifakara|cup|28-07-20 00:00,validation,,anopheles_arabiensis,raw/humbug_core/222437.wav,CANDIDATE_PENDING_COMPLETE_AUDIO_AUDIT
222388,5.12,IFA_73_13_2893.wav,44100,28-07-20 00:00,mosquito,an arabiensis,Female,f,Single,,LT,telinga,tascam,Tanzania,Kilombero District,Morogoro,Ifakara,cup,222388.wav,IFA_73_13_2893.wav,Tanzania|Ifakara|cup|28-07-20 00:00,validation,,anopheles_arabiensis,raw/humbug_core/222388.wav,CANDIDATE_PENDING_COMPLETE_AUDIO_AUDIT
222387,2.56,IFA_73_13_2893.wav,44100,28-07-20 00:00,mosquito,an arabiensis,Female,f,Single,,LT,telinga,tascam,Tanzania,Kilombero District,Morogoro,Ifakara,cup,222387.wav,IFA_73_13_2893.wav,Tanzania|Ifakara|cup|28-07-20 00:00,validation,,anopheles_arabiensis,raw/humbug_core/222387.wav,CANDIDATE_PENDING_COMPLETE_AUDIO_AUDIT
222389,30.66,IFA_73_13_2893.wav,44100,28-07-20 00:00,mosquito,an arabiensis,Female,f,Single,,LT,telinga,tascam,Tanzania,Kilombero District,Morogoro,Ifakara,cup,222389.wav,IFA_73_13_2893.wav,Tanzania|Ifakara|cup|28-07-20 00:00,validation,,anopheles_arabiensis,raw/humbug_core/222389.wav,CANDIDATE_PENDING_COMPLETE_AUDIO_AUDIT
222370,30.66,IFA_73_14_2894.wav,44100,28-07-20 00:00,mosquito,an arabiensis,Female,f,Single,,LT,telinga,tascam,Tanzania,Kilombero District,Morogoro,Ifakara,cup,222370.wav,IFA_73_14_2894.wav,Tanzania|Ifakara|cup|28-07-20 00:00,validation,,anopheles_arabiensis,raw/humbug_core/222370.wav,CANDIDATE_PENDING_COMPLETE_AUDIO_AUDIT
222379,33.22,IFA_73_15_2895.wav,44100,28-07-20 00:00,mosquito,an arabiensis,Female,f,Single,,LT,telinga,tascam,Tanzania,Kilombero District,Morogoro,Ifakara,cup,222379.wav,IFA_73_15_2895.wav,Tanzania|Ifakara|cup|28-07-20 00:00,validation,,anopheles_arabiensis,raw/humbug_core/222379.wav,CANDIDATE_PENDING_COMPLETE_AUDIO_AUDIT
222416,28.1,IFA_73_16_2896.wav,44100,28-07-20 00:00,mosquito,an arabiensis,Female,f,Single,,LT,telinga,tascam,Tanzania,Kilombero District,Morogoro,Ifakara,cup,222416.wav,IFA_73_16_2896.wav,Tanzania|Ifakara|cup|28-07-20 00:00,validation,,anopheles_arabiensis,raw/humbug_core/222416.wav,CANDIDATE_PENDING_COMPLETE_AUDIO_AUDIT
222362,25.6,IFA_73_17_2897.wav,44100,28-07-20 00:00,mosquito,an arabiensis,Female,f,Single,,LT,telinga,tascam,Tanzania,Kilombero District,Morogoro,Ifakara,cup,222362.wav,IFA_73_17_2897.wav,Tanzania|Ifakara|cup|28-07-20 00:00,validation,,anopheles_arabiensis,raw/humbug_core/222362.wav,CANDIDATE_PENDING_COMPLETE_AUDIO_AUDIT
222364,15.3,IFA_73_18_2898.wav,44100,28-07-20 00:00,mosquito,an arabiensis,Female,f,Single,,LT,telinga,tascam,Tanzania,Kilombero District,Morogoro,Ifakara,cup,222364.wav,IFA_73_18_2898.wav,Tanzania|Ifakara|cup|28-07-20 00:00,validation,,anopheles_arabiensis,raw/humbug_core/222364.wav,CANDIDATE_PENDING_COMPLETE_AUDIO_AUDIT
222363,7.68,IFA_73_18_2898.wav,44100,28-07-20 00:00,mosquito,an arabiensis,Female,f,Single,,LT,telinga,tascam,Tanzania,Kilombero District,Morogoro,Ifakara,cup,222363.wav,IFA_73_18_2898.wav,Tanzania|Ifakara|cup|28-07-20 00:00,validation,,anopheles_arabiensis,raw/humbug_core/222363.wav,CANDIDATE_PENDING_COMPLETE_AUDIO_AUDIT
222397,12.74,IFA_73_20_2900.wav,44100,28-07-20 00:00,mosquito,an arabiensis,Female,f,Single,,LT,telinga,tascam,Tanzania,Kilombero District,Morogoro,Ifakara,cup,222397.wav,IFA_73_20_2900.wav,Tanzania|Ifakara|cup|28-07-20 00:00,validation,,anopheles_arabiensis,raw/humbug_core/222397.wav,CANDIDATE_PENDING_COMPLETE_AUDIO_AUDIT
222396,2.56,IFA_73_20_2900.wav,44100,28-07-20 00:00,mosquito,an arabiensis,Female,f,Single,,LT,telinga,tascam,Tanzania,Kilombero District,Morogoro,Ifakara,cup,222396.wav,IFA_73_20_2900.wav,Tanzania|Ifakara|cup|28-07-20 00:00,validation,,anopheles_arabiensis,raw/humbug_core/222396.wav,CANDIDATE_PENDING_COMPLETE_AUDIO_AUDIT
222395,2.56,IFA_73_20_2900.wav,44100,28-07-20 00:00,mosquito,an arabiensis,Female,f,Single,,LT,telinga,tascam,Tanzania,Kilombero District,Morogoro,Ifakara,cup,222395.wav,IFA_73_20_2900.wav,Tanzania|Ifakara|cup|28-07-20 00:00,validation,,anopheles_arabiensis,raw/humbug_core/222395.wav,CANDIDATE_PENDING_COMPLETE_AUDIO_AUDIT
222366,35.78,IFA_73_21_2901.wav,44100,28-07-20 00:00,mosquito,an arabiensis,Female,f,Single,,LT,telinga,tascam,Tanzania,Kilombero District,Morogoro,Ifakara,cup,222366.wav,IFA_73_21_2901.wav,Tanzania|Ifakara|cup|28-07-20 00:00,validation,,anopheles_arabiensis,raw/humbug_core/222366.wav,CANDIDATE_PENDING_COMPLETE_AUDIO_AUDIT
222408,38.34,IFA_73_22_2902.wav,44100,28-07-20 00:00,mosquito,an arabiensis,Female,f,Single,,LT,telinga,tascam,Tanzania,Kilombero District,Morogoro,Ifakara,cup,222408.wav,IFA_73_22_2902.wav,Tanzania|Ifakara|cup|28-07-20 00:00,validation,,anopheles_arabiensis,raw/humbug_core/222408.wav,CANDIDATE_PENDING_COMPLETE_AUDIO_AUDIT
222394,28.16,IFA_73_23_2903.wav,44100,28-07-20 00:00,mosquito,an funestus ss,Female,f,Single,,LT,telinga,tascam,Tanzania,Kilombero District,Morogoro,Ifakara,cup,222394.wav,IFA_73_23_2903.wav,Tanzania|Ifakara|cup|28-07-20 00:00,validation,,anopheles_funestus_ss,raw/humbug_core/222394.wav,CANDIDATE_PENDING_COMPLETE_AUDIO_AUDIT
222393,5.12,IFA_73_23_2903.wav,44100,28-07-20 00:00,mosquito,an funestus ss,Female,f,Single,,LT,telinga,tascam,Tanzania,Kilombero District,Morogoro,Ifakara,cup,222393.wav,IFA_73_23_2903.wav,Tanzania|Ifakara|cup|28-07-20 00:00,validation,,anopheles_funestus_ss,raw/humbug_core/222393.wav,CANDIDATE_PENDING_COMPLETE_AUDIO_AUDIT
222400,28.1,IFA_73_24_2904.wav,44100,28-07-20 00:00,mosquito,an arabiensis,Female,f,Single,,LT,telinga,tascam,Tanzania,Kilombero District,Morogoro,Ifakara,cup,222400.wav,IFA_73_24_2904.wav,Tanzania|Ifakara|cup|28-07-20 00:00,validation,,anopheles_arabiensis,raw/humbug_core/222400.wav,CANDIDATE_PENDING_COMPLETE_AUDIO_AUDIT
222374,43.46,IFA_73_25_2905.wav,44100,28-07-20 00:00,mosquito,an funestus ss,Female,f,Single,,LT,telinga,tascam,Tanzania,Kilombero District,Morogoro,Ifakara,cup,222374.wav,IFA_73_25_2905.wav,Tanzania|Ifakara|cup|28-07-20 00:00,validation,,anopheles_funestus_ss,raw/humbug_core/222374.wav,CANDIDATE_PENDING_COMPLETE_AUDIO_AUDIT
222399,35.78,IFA_73_26_2906.wav,44100,28-07-20 00:00,mosquito,an funestus ss,Female,f,Single,,LT,telinga,tascam,Tanzania,Kilombero District,Morogoro,Ifakara,cup,222399.wav,IFA_73_26_2906.wav,Tanzania|Ifakara|cup|28-07-20 00:00,validation,,anopheles_funestus_ss,raw/humbug_core/222399.wav,CANDIDATE_PENDING_COMPLETE_AUDIO_AUDIT
222434,2.56,IFA_73_27_2907.wav,44100,28-07-20 00:00,mosquito,an arabiensis,Female,f,Single,,LT,telinga,tascam,Tanzania,Kilombero District,Morogoro,Ifakara,cup,222434.wav,IFA_73_27_2907.wav,Tanzania|Ifakara|cup|28-07-20 00:00,validation,,anopheles_arabiensis,raw/humbug_core/222434.wav,CANDIDATE_PENDING_COMPLETE_AUDIO_AUDIT
222435,15.36,IFA_73_27_2907.wav,44100,28-07-20 00:00,mosquito,an arabiensis,Female,f,Single,,LT,telinga,tascam,Tanzania,Kilombero District,Morogoro,Ifakara,cup,222435.wav,IFA_73_27_2907.wav,Tanzania|Ifakara|cup|28-07-20 00:00,validation,,anopheles_arabiensis,raw/humbug_core/222435.wav,CANDIDATE_PENDING_COMPLETE_AUDIO_AUDIT
222436,12.8,IFA_73_27_2907.wav,44100,28-07-20 00:00,mosquito,an arabiensis,Female,f,Single,,LT,telinga,tascam,Tanzania,Kilombero District,Morogoro,Ifakara,cup,222436.wav,IFA_73_27_2907.wav,Tanzania|Ifakara|cup|28-07-20 00:00,validation,,anopheles_arabiensis,raw/humbug_core/222436.wav,CANDIDATE_PENDING_COMPLETE_AUDIO_AUDIT
222358,30.72,IFA_73_28_2908.wav,44100,28-07-20 00:00,mosquito,an funestus ss,Female,f,Single,,LT,telinga,tascam,Tanzania,Kilombero District,Morogoro,Ifakara,cup,222358.wav,IFA_73_28_2908.wav,Tanzania|Ifakara|cup|28-07-20 00:00,validation,,anopheles_funestus_ss,raw/humbug_core/222358.wav,CANDIDATE_PENDING_COMPLETE_AUDIO_AUDIT
222409,10.24,IFA_73_29_2909.wav,44100,28-07-20 00:00,mosquito,an arabiensis,Female,f,Single,,LT,telinga,tascam,Tanzania,Kilombero District,Morogoro,Ifakara,cup,222409.wav,IFA_73_29_2909.wav,Tanzania|Ifakara|cup|28-07-20 00:00,validation,,anopheles_arabiensis,raw/humbug_core/222409.wav,CANDIDATE_PENDING_COMPLETE_AUDIO_AUDIT
222410,23.04,IFA_73_29_2909.wav,44100,28-07-20 00:00,mosquito,an arabiensis,Female,f,Single,,LT,telinga,tascam,Tanzania,Kilombero District,Morogoro,Ifakara,cup,222410.wav,IFA_73_29_2909.wav,Tanzania|Ifakara|cup|28-07-20 00:00,validation,,anopheles_arabiensis,raw/humbug_core/222410.wav,CANDIDATE_PENDING_COMPLETE_AUDIO_AUDIT
222433,10.24,IFA_73_30_2910.wav,44100,28-07-20 00:00,mosquito,an arabiensis,Female,f,Single,,LT,telinga,tascam,Tanzania,Kilombero District,Morogoro,Ifakara,cup,222433.wav,IFA_73_30_2910.wav,Tanzania|Ifakara|cup|28-07-20 00:00,validation,,anopheles_arabiensis,raw/humbug_core/222433.wav,CANDIDATE_PENDING_COMPLETE_AUDIO_AUDIT
222406,20.48,IFA_73_31_2911.wav,44100,28-07-20 00:00,mosquito,an funestus ss,Female,f,Single,,LT,telinga,tascam,Tanzania,Kilombero District,Morogoro,Ifakara,cup,222406.wav,IFA_73_31_2911.wav,Tanzania|Ifakara|cup|28-07-20 00:00,validation,,anopheles_funestus_ss,raw/humbug_core/222406.wav,CANDIDATE_PENDING_COMPLETE_AUDIO_AUDIT
222405,12.8,IFA_73_31_2911.wav,44100,28-07-20 00:00,mosquito,an funestus ss,Female,f,Single,,LT,telinga,tascam,Tanzania,Kilombero District,Morogoro,Ifakara,cup,222405.wav,IFA_73_31_2911.wav,Tanzania|Ifakara|cup|28-07-20 00:00,validation,,anopheles_funestus_ss,raw/humbug_core/222405.wav,CANDIDATE_PENDING_COMPLETE_AUDIO_AUDIT
222368,15.36,IFA_73_32_2912.wav,44100,28-07-20 00:00,mosquito,an arabiensis,Female,f,Single,,LT,telinga,tascam,Tanzania,Kilombero District,Morogoro,Ifakara,cup,222368.wav,IFA_73_32_2912.wav,Tanzania|Ifakara|cup|28-07-20 00:00,validation,,anopheles_arabiensis,raw/humbug_core/222368.wav,CANDIDATE_PENDING_COMPLETE_AUDIO_AUDIT
222367,7.68,IFA_73_32_2912.wav,44100,28-07-20 00:00,mosquito,an arabiensis,Female,f,Single,,LT,telinga,tascam,Tanzania,Kilombero District,Morogoro,Ifakara,cup,222367.wav,IFA_73_32_2912.wav,Tanzania|Ifakara|cup|28-07-20 00:00,validation,,anopheles_arabiensis,raw/humbug_core/222367.wav,CANDIDATE_PENDING_COMPLETE_AUDIO_AUDIT
222369,5.06,IFA_73_32_2912.wav,44100,28-07-20 00:00,mosquito,an arabiensis,Female,f,Single,,LT,telinga,tascam,Tanzania,Kilombero District,Morogoro,Ifakara,cup,222369.wav,IFA_73_32_2912.wav,Tanzania|Ifakara|cup|28-07-20 00:00,validation,,anopheles_arabiensis,raw/humbug_core/222369.wav,CANDIDATE_PENDING_COMPLETE_AUDIO_AUDIT
222378,7.62,IFA_73_33_2913.wav,44100,28-07-20 00:00,mosquito,an arabiensis,Female,f,Single,,LT,telinga,tascam,Tanzania,Kilombero District,Morogoro,Ifakara,cup,222378.wav,IFA_73_33_2913.wav,Tanzania|Ifakara|cup|28-07-20 00:00,validation,,anopheles_arabiensis,raw/humbug_core/222378.wav,CANDIDATE_PENDING_COMPLETE_AUDIO_AUDIT
222377,20.48,IFA_73_33_2913.wav,44100,28-07-20 00:00,mosquito,an arabiensis,Female,f,Single,,LT,telinga,tascam,Tanzania,Kilombero District,Morogoro,Ifakara,cup,222377.wav,IFA_73_33_2913.wav,Tanzania|Ifakara|cup|28-07-20 00:00,validation,,anopheles_arabiensis,raw/humbug_core/222377.wav,CANDIDATE_PENDING_COMPLETE_AUDIO_AUDIT
222357,25.6,IFA_73_34_2914.wav,44100,28-07-20 00:00,mosquito,an arabiensis,Female,f,Single,,LT,telinga,tascam,Tanzania,Kilombero District,Morogoro,Ifakara,cup,222357.wav,IFA_73_34_2914.wav,Tanzania|Ifakara|cup|28-07-20 00:00,validation,,anopheles_arabiensis,raw/humbug_core/222357.wav,CANDIDATE_PENDING_COMPLETE_AUDIO_AUDIT
222398,35.84,IFA_73_35_2915.wav,44100,28-07-20 00:00,mosquito,an arabiensis,Female,f,Single,,LT,telinga,tascam,Tanzania,Kilombero District,Morogoro,Ifakara,cup,222398.wav,IFA_73_35_2915.wav,Tanzania|Ifakara|cup|28-07-20 00:00,validation,,anopheles_arabiensis,raw/humbug_core/222398.wav,CANDIDATE_PENDING_COMPLETE_AUDIO_AUDIT
222414,33.22,IFA_73_36_2916.wav,44100,28-07-20 00:00,mosquito,an arabiensis,Female,f,Single,,LT,telinga,tascam,Tanzania,Kilombero District,Morogoro,Ifakara,cup,222414.wav,IFA_73_36_2916.wav,Tanzania|Ifakara|cup|28-07-20 00:00,validation,,anopheles_arabiensis,raw/humbug_core/222414.wav,CANDIDATE_PENDING_COMPLETE_AUDIO_AUDIT
222372,25.54,IFA_73_37_2917.wav,44100,28-07-20 00:00,mosquito,an arabiensis,Female,f,Single,,LT,telinga,tascam,Tanzania,Kilombero District,Morogoro,Ifakara,cup,222372.wav,IFA_73_37_2917.wav,Tanzania|Ifakara|cup|28-07-20 00:00,validation,,anopheles_arabiensis,raw/humbug_core/222372.wav,CANDIDATE_PENDING_COMPLETE_AUDIO_AUDIT
222411,35.78,IFA_73_38_2918.wav,44100,28-07-20 00:00,mosquito,an arabiensis,Female,f,Single,,LT,telinga,tascam,Tanzania,Kilombero District,Morogoro,Ifakara,cup,222411.wav,IFA_73_38_2918.wav,Tanzania|Ifakara|cup|28-07-20 00:00,validation,,anopheles_arabiensis,raw/humbug_core/222411.wav,CANDIDATE_PENDING_COMPLETE_AUDIO_AUDIT
222402,20.48,IFA_73_39_2919.wav,44100,28-07-20 00:00,mosquito,an arabiensis,Female,f,Single,,LT,telinga,tascam,Tanzania,Kilombero District,Morogoro,Ifakara,cup,222402.wav,IFA_73_39_2919.wav,Tanzania|Ifakara|cup|28-07-20 00:00,validation,,anopheles_arabiensis,raw/humbug_core/222402.wav,CANDIDATE_PENDING_COMPLETE_AUDIO_AUDIT
222401,7.68,IFA_73_39_2919.wav,44100,28-07-20 00:00,mosquito,an arabiensis,Female,f,Single,,LT,telinga,tascam,Tanzania,Kilombero District,Morogoro,Ifakara,cup,222401.wav,IFA_73_39_2919.wav,Tanzania|Ifakara|cup|28-07-20 00:00,validation,,anopheles_arabiensis,raw/humbug_core/222401.wav,CANDIDATE_PENDING_COMPLETE_AUDIO_AUDIT
222425,38.34,IFA_73_40_2920.wav,44100,28-07-20 00:00,mosquito,an arabiensis,Female,f,Single,,LT,telinga,tascam,Tanzania,Kilombero District,Morogoro,Ifakara,cup,222425.wav,IFA_73_40_2920.wav,Tanzania|Ifakara|cup|28-07-20 00:00,validation,,anopheles_arabiensis,raw/humbug_core/222425.wav,CANDIDATE_PENDING_COMPLETE_AUDIO_AUDIT
222384,30.72,IFA_74_10_2930.wav,44100,28-07-20 00:00,mosquito,an funestus ss,Female,f,Single,,LT,telinga,tascam,Tanzania,Kilombero District,Morogoro,Ifakara,cup,222384.wav,IFA_74_10_2930.wav,Tanzania|Ifakara|cup|28-07-20 00:00,validation,,anopheles_funestus_ss,raw/humbug_core/222384.wav,CANDIDATE_PENDING_COMPLETE_AUDIO_AUDIT
222360,17.86,IFA_74_11_2931.wav,44100,28-07-20 00:00,mosquito,an arabiensis,Female,f,Single,,LT,telinga,tascam,Tanzania,Kilombero District,Morogoro,Ifakara,cup,222360.wav,IFA_74_11_2931.wav,Tanzania|Ifakara|cup|28-07-20 00:00,validation,,anopheles_arabiensis,raw/humbug_core/222360.wav,CANDIDATE_PENDING_COMPLETE_AUDIO_AUDIT
222359,5.12,IFA_74_11_2931.wav,44100,28-07-20 00:00,mosquito,an arabiensis,Female,f,Single,,LT,telinga,tascam,Tanzania,Kilombero District,Morogoro,Ifakara,cup,222359.wav,IFA_74_11_2931.wav,Tanzania|Ifakara|cup|28-07-20 00:00,validation,,anopheles_arabiensis,raw/humbug_core/222359.wav,CANDIDATE_PENDING_COMPLETE_AUDIO_AUDIT
222431,46.08,IFA_74_12_2932.wav,44100,28-07-20 00:00,mosquito,an arabiensis,Female,f,Single,,LT,telinga,tascam,Tanzania,Kilombero District,Morogoro,Ifakara,cup,222431.wav,IFA_74_12_2932.wav,Tanzania|Ifakara|cup|28-07-20 00:00,validation,,anopheles_arabiensis,raw/humbug_core/222431.wav,CANDIDATE_PENDING_COMPLETE_AUDIO_AUDIT
222381,33.28,IFA_74_13_2933.wav,44100,28-07-20 00:00,mosquito,an arabiensis,Female,f,Single,,LT,telinga,tascam,Tanzania,Kilombero District,Morogoro,Ifakara,cup,222381.wav,IFA_74_13_2933.wav,Tanzania|Ifakara|cup|28-07-20 00:00,validation,,anopheles_arabiensis,raw/humbug_core/222381.wav,CANDIDATE_PENDING_COMPLETE_AUDIO_AUDIT
222361,43.46,IFA_74_14_2934.wav,44100,28-07-20 00:00,mosquito,an arabiensis,Male,f,Single,,LT,telinga,tascam,Tanzania,Kilombero District,Morogoro,Ifakara,cup,222361.wav,IFA_74_14_2934.wav,Tanzania|Ifakara|cup|28-07-20 00:00,excluded,outside prespecified Female / fed=f / LT / Single cohort,anopheles_arabiensis,raw/humbug_core/222361.wav,CANDIDATE_PENDING_COMPLETE_AUDIO_AUDIT
222426,28.1,IFA_74_15_2935.wav,44100,28-07-20 00:00,mosquito,an arabiensis,Female,f,Single,,LT,telinga,tascam,Tanzania,Kilombero District,Morogoro,Ifakara,cup,222426.wav,IFA_74_15_2935.wav,Tanzania|Ifakara|cup|28-07-20 00:00,validation,,anopheles_arabiensis,raw/humbug_core/222426.wav,CANDIDATE_PENDING_COMPLETE_AUDIO_AUDIT
222373,35.78,IFA_74_16_2936.wav,44100,28-07-20 00:00,mosquito,an funestus ss,Female,f,Single,,LT,telinga,tascam,Tanzania,Kilombero District,Morogoro,Ifakara,cup,222373.wav,IFA_74_16_2936.wav,Tanzania|Ifakara|cup|28-07-20 00:00,validation,,anopheles_funestus_ss,raw/humbug_core/222373.wav,CANDIDATE_PENDING_COMPLETE_AUDIO_AUDIT
222412,2.56,IFA_74_17_2937.wav,44100,28-07-20 00:00,mosquito,an funestus ss,Female,f,Single,,LT,telinga,tascam,Tanzania,Kilombero District,Morogoro,Ifakara,cup,222412.wav,IFA_74_17_2937.wav,Tanzania|Ifakara|cup|28-07-20 00:00,validation,,anopheles_funestus_ss,raw/humbug_core/222412.wav,CANDIDATE_PENDING_COMPLETE_AUDIO_AUDIT
222413,30.66,IFA_74_17_2937.wav,44100,28-07-20 00:00,mosquito,an funestus ss,Female,f,Single,,LT,telinga,tascam,Tanzania,Kilombero District,Morogoro,Ifakara,cup,222413.wav,IFA_74_17_2937.wav,Tanzania|Ifakara|cup|28-07-20 00:00,validation,,anopheles_funestus_ss,raw/humbug_core/222413.wav,CANDIDATE_PENDING_COMPLETE_AUDIO_AUDIT
222438,28.1,IFA_74_19_2939.wav,44100,28-07-20 00:00,mosquito,an arabiensis,Female,f,Single,,LT,telinga,tascam,Tanzania,Kilombero District,Morogoro,Ifakara,cup,222438.wav,IFA_74_19_2939.wav,Tanzania|Ifakara|cup|28-07-20 00:00,validation,,anopheles_arabiensis,raw/humbug_core/222438.wav,CANDIDATE_PENDING_COMPLETE_AUDIO_AUDIT
222371,28.1,IFA_74_20_2940.wav,44100,28-07-20 00:00,mosquito,an arabiensis,Female,f,Single,,LT,telinga,tascam,Tanzania,Kilombero District,Morogoro,Ifakara,cup,222371.wav,IFA_74_20_2940.wav,Tanzania|Ifakara|cup|28-07-20 00:00,validation,,anopheles_arabiensis,raw/humbug_core/222371.wav,CANDIDATE_PENDING_COMPLETE_AUDIO_AUDIT
222427,46.02,IFA_74_21_2941.wav,44100,28-07-20 00:00,mosquito,an arabiensis,Female,f,Single,,LT,telinga,tascam,Tanzania,Kilombero District,Morogoro,Ifakara,cup,222427.wav,IFA_74_21_2941.wav,Tanzania|Ifakara|cup|28-07-20 00:00,validation,,anopheles_arabiensis,raw/humbug_core/222427.wav,CANDIDATE_PENDING_COMPLETE_AUDIO_AUDIT
222365,53.7,IFA_74_23_2943.wav,44100,28-07-20 00:00,mosquito,an funestus ss,Female,f,Single,,LT,telinga,tascam,Tanzania,Kilombero District,Morogoro,Ifakara,cup,222365.wav,IFA_74_23_2943.wav,Tanzania|Ifakara|cup|28-07-20 00:00,validation,,anopheles_funestus_ss,raw/humbug_core/222365.wav,CANDIDATE_PENDING_COMPLETE_AUDIO_AUDIT
222375,30.66,IFA_74_25_2945.wav,44100,28-07-20 00:00,mosquito,an funestus ss,Female,f,Single,,LT,telinga,tascam,Tanzania,Kilombero District,Morogoro,Ifakara,cup,222375.wav,IFA_74_25_2945.wav,Tanzania|Ifakara|cup|28-07-20 00:00,validation,,anopheles_funestus_ss,raw/humbug_core/222375.wav,CANDIDATE_PENDING_COMPLETE_AUDIO_AUDIT
222392,43.46,IFA_74_27_2947.wav,44100,28-07-20 00:00,mosquito,an funestus ss,Female,f,Single,,LT,telinga,tascam,Tanzania,Kilombero District,Morogoro,Ifakara,cup,222392.wav,IFA_74_27_2947.wav,Tanzania|Ifakara|cup|28-07-20 00:00,validation,,anopheles_funestus_ss,raw/humbug_core/222392.wav,CANDIDATE_PENDING_COMPLETE_AUDIO_AUDIT
222404,28.1,IFA_74_28_2948.wav,44100,28-07-20 00:00,mosquito,an funestus ss,Female,f,Single,,LT,telinga,tascam,Tanzania,Kilombero District,Morogoro,Ifakara,cup,222404.wav,IFA_74_28_2948.wav,Tanzania|Ifakara|cup|28-07-20 00:00,validation,,anopheles_funestus_ss,raw/humbug_core/222404.wav,CANDIDATE_PENDING_COMPLETE_AUDIO_AUDIT
222417,28.16,IFA_74_29_2949.wav,44100,28-07-20 00:00,mosquito,an arabiensis,Female,f,Single,,LT,telinga,tascam,Tanzania,Kilombero District,Morogoro,Ifakara,cup,222417.wav,IFA_74_29_2949.wav,Tanzania|Ifakara|cup|28-07-20 00:00,validation,,anopheles_arabiensis,raw/humbug_core/222417.wav,CANDIDATE_PENDING_COMPLETE_AUDIO_AUDIT
222385,38.34,IFA_74_30_2950.wav,44100,28-07-20 00:00,mosquito,an funestus ss,Female,f,Single,,LT,telinga,tascam,Tanzania,Kilombero District,Morogoro,Ifakara,cup,222385.wav,IFA_74_30_2950.wav,Tanzania|Ifakara|cup|28-07-20 00:00,validation,,anopheles_funestus_ss,raw/humbug_core/222385.wav,CANDIDATE_PENDING_COMPLETE_AUDIO_AUDIT
222386,28.1,IFA_74_31_2951.wav,44100,28-07-20 00:00,mosquito,an funestus ss,Female,f,Single,,LT,telinga,tascam,Tanzania,Kilombero District,Morogoro,Ifakara,cup,222386.wav,IFA_74_31_2951.wav,Tanzania|Ifakara|cup|28-07-20 00:00,validation,,anopheles_funestus_ss,raw/humbug_core/222386.wav,CANDIDATE_PENDING_COMPLETE_AUDIO_AUDIT
222403,28.1,IFA_74_32_2952.wav,44100,28-07-20 00:00,mosquito,an funestus ss,Female,f,Single,,LT,telinga,tascam,Tanzania,Kilombero District,Morogoro,Ifakara,cup,222403.wav,IFA_74_32_2952.wav,Tanzania|Ifakara|cup|28-07-20 00:00,validation,,anopheles_funestus_ss,raw/humbug_core/222403.wav,CANDIDATE_PENDING_COMPLETE_AUDIO_AUDIT
222376,33.22,IFA_74_34_2954.wav,44100,28-07-20 00:00,mosquito,an arabiensis,Female,f,Single,,LT,telinga,tascam,Tanzania,Kilombero District,Morogoro,Ifakara,cup,222376.wav,IFA_74_34_2954.wav,Tanzania|Ifakara|cup|28-07-20 00:00,validation,,anopheles_arabiensis,raw/humbug_core/222376.wav,CANDIDATE_PENDING_COMPLETE_AUDIO_AUDIT
222432,30.66,IFA_74_36_2956.wav,44100,28-07-20 00:00,mosquito,an arabiensis,Female,f,Single,,LT,telinga,tascam,Tanzania,Kilombero District,Morogoro,Ifakara,cup,222432.wav,IFA_74_36_2956.wav,Tanzania|Ifakara|cup|28-07-20 00:00,validation,,anopheles_arabiensis,raw/humbug_core/222432.wav,CANDIDATE_PENDING_COMPLETE_AUDIO_AUDIT
222390,28.16,IFA_74_37_2957.wav,44100,28-07-20 00:00,mosquito,an funestus ss,Female,f,Single,,LT,telinga,tascam,Tanzania,Kilombero District,Morogoro,Ifakara,cup,222390.wav,IFA_74_37_2957.wav,Tanzania|Ifakara|cup|28-07-20 00:00,validation,,anopheles_funestus_ss,raw/humbug_core/222390.wav,CANDIDATE_PENDING_COMPLETE_AUDIO_AUDIT
222415,28.1,IFA_74_38_2958.wav,44100,28-07-20 00:00,mosquito,an arabiensis,Female,f,Single,,LT,telinga,tascam,Tanzania,Kilombero District,Morogoro,Ifakara,cup,222415.wav,IFA_74_38_2958.wav,Tanzania|Ifakara|cup|28-07-20 00:00,validation,,anopheles_arabiensis,raw/humbug_core/222415.wav,CANDIDATE_PENDING_COMPLETE_AUDIO_AUDIT
222506,33.22,IFA_75_11_2971.wav,44100,02-08-20 00:00,mosquito,an arabiensis,Female,f,Single,,LT,telinga,tascam,Tanzania,Kilombero District,Morogoro,Ifakara,cup,222506.wav,IFA_75_11_2971.wav,Tanzania|Ifakara|cup|02-08-20 00:00,training,,anopheles_arabiensis,raw/humbug_core/222506.wav,CANDIDATE_PENDING_COMPLETE_AUDIO_AUDIT
222510,53.76,IFA_75_12_2972.wav,44100,02-08-20 00:00,mosquito,an funestus ss,Female,f,Single,,LT,telinga,tascam,Tanzania,Kilombero District,Morogoro,Ifakara,cup,222510.wav,IFA_75_12_2972.wav,Tanzania|Ifakara|cup|02-08-20 00:00,training,,anopheles_funestus_ss,raw/humbug_core/222510.wav,CANDIDATE_PENDING_COMPLETE_AUDIO_AUDIT
222485,33.28,IFA_75_13_2973.wav,44100,02-08-20 00:00,mosquito,an arabiensis,Female,f,Single,,LT,telinga,tascam,Tanzania,Kilombero District,Morogoro,Ifakara,cup,222485.wav,IFA_75_13_2973.wav,Tanzania|Ifakara|cup|02-08-20 00:00,training,,anopheles_arabiensis,raw/humbug_core/222485.wav,CANDIDATE_PENDING_COMPLETE_AUDIO_AUDIT
222502,48.64,IFA_75_14_2974.wav,44100,02-08-20 00:00,mosquito,an arabiensis,Female,f,Single,,LT,telinga,tascam,Tanzania,Kilombero District,Morogoro,Ifakara,cup,222502.wav,IFA_75_14_2974.wav,Tanzania|Ifakara|cup|02-08-20 00:00,training,,anopheles_arabiensis,raw/humbug_core/222502.wav,CANDIDATE_PENDING_COMPLETE_AUDIO_AUDIT
222495,20.48,IFA_75_15_2975.wav,44100,02-08-20 00:00,mosquito,an arabiensis,Female,f,Single,,LT,telinga,tascam,Tanzania,Kilombero District,Morogoro,Ifakara,cup,222495.wav,IFA_75_15_2975.wav,Tanzania|Ifakara|cup|02-08-20 00:00,training,,anopheles_arabiensis,raw/humbug_core/222495.wav,CANDIDATE_PENDING_COMPLETE_AUDIO_AUDIT
222459,28.1,IFA_75_17_2977.wav,44100,02-08-20 00:00,mosquito,an arabiensis,Female,f,Single,,LT,telinga,tascam,Tanzania,Kilombero District,Morogoro,Ifakara,cup,222459.wav,IFA_75_17_2977.wav,Tanzania|Ifakara|cup|02-08-20 00:00,training,,anopheles_arabiensis,raw/humbug_core/222459.wav,CANDIDATE_PENDING_COMPLETE_AUDIO_AUDIT
222509,35.84,IFA_75_19_2979.wav,44100,02-08-20 00:00,mosquito,an arabiensis,Female,f,Single,,LT,telinga,tascam,Tanzania,Kilombero District,Morogoro,Ifakara,cup,222509.wav,IFA_75_19_2979.wav,Tanzania|Ifakara|cup|02-08-20 00:00,training,,anopheles_arabiensis,raw/humbug_core/222509.wav,CANDIDATE_PENDING_COMPLETE_AUDIO_AUDIT
222475,53.7,IFA_75_20_2980.wav,44100,02-08-20 00:00,mosquito,an arabiensis,Female,f,Single,,LT,telinga,tascam,Tanzania,Kilombero District,Morogoro,Ifakara,cup,222475.wav,IFA_75_20_2980.wav,Tanzania|Ifakara|cup|02-08-20 00:00,training,,anopheles_arabiensis,raw/humbug_core/222475.wav,CANDIDATE_PENDING_COMPLETE_AUDIO_AUDIT
222498,15.36,IFA_75_22_2982.wav,44100,02-08-20 00:00,mosquito,an arabiensis,Female,f,Single,,LT,telinga,tascam,Tanzania,Kilombero District,Morogoro,Ifakara,cup,222498.wav,IFA_75_22_2982.wav,Tanzania|Ifakara|cup|02-08-20 00:00,training,,anopheles_arabiensis,raw/humbug_core/222498.wav,CANDIDATE_PENDING_COMPLETE_AUDIO_AUDIT
222499,15.3,IFA_75_22_2982.wav,44100,02-08-20 00:00,mosquito,an arabiensis,Female,f,Single,,LT,telinga,tascam,Tanzania,Kilombero District,Morogoro,Ifakara,cup,222499.wav,IFA_75_22_2982.wav,Tanzania|Ifakara|cup|02-08-20 00:00,training,,anopheles_arabiensis,raw/humbug_core/222499.wav,CANDIDATE_PENDING_COMPLETE_AUDIO_AUDIT
222453,33.28,IFA_75_25_2985.wav,44100,02-08-20 00:00,mosquito,an arabiensis,Female,f,Single,,LT,telinga,tascam,Tanzania,Kilombero District,Morogoro,Ifakara,cup,222453.wav,IFA_75_25_2985.wav,Tanzania|Ifakara|cup|02-08-20 00:00,training,,anopheles_arabiensis,raw/humbug_core/222453.wav,CANDIDATE_PENDING_COMPLETE_AUDIO_AUDIT
222500,38.34,IFA_75_26_2986.wav,44100,02-08-20 00:00,mosquito,an arabiensis,Female,f,Single,,LT,telinga,tascam,Tanzania,Kilombero District,Morogoro,Ifakara,cup,222500.wav,IFA_75_26_2986.wav,Tanzania|Ifakara|cup|02-08-20 00:00,training,,anopheles_arabiensis,raw/humbug_core/222500.wav,CANDIDATE_PENDING_COMPLETE_AUDIO_AUDIT
222518,56.26,IFA_75_27_2987.wav,44100,02-08-20 00:00,mosquito,an arabiensis,Female,f,Single,,LT,telinga,tascam,Tanzania,Kilombero District,Morogoro,Ifakara,cup,222518.wav,IFA_75_27_2987.wav,Tanzania|Ifakara|cup|02-08-20 00:00,training,,anopheles_arabiensis,raw/humbug_core/222518.wav,CANDIDATE_PENDING_COMPLETE_AUDIO_AUDIT
222489,56.26,IFA_75_29_2989.wav,44100,02-08-20 00:00,mosquito,an arabiensis,Female,f,Single,,LT,telinga,tascam,Tanzania,Kilombero District,Morogoro,Ifakara,cup,222489.wav,IFA_75_29_2989.wav,Tanzania|Ifakara|cup|02-08-20 00:00,training,,anopheles_arabiensis,raw/humbug_core/222489.wav,CANDIDATE_PENDING_COMPLETE_AUDIO_AUDIT
222483,33.22,IFA_75_31_2991.wav,44100,02-08-20 00:00,mosquito,an arabiensis,Female,f,Single,,LT,telinga,tascam,Tanzania,Kilombero District,Morogoro,Ifakara,cup,222483.wav,IFA_75_31_2991.wav,Tanzania|Ifakara|cup|02-08-20 00:00,training,,anopheles_arabiensis,raw/humbug_core/222483.wav,CANDIDATE_PENDING_COMPLETE_AUDIO_AUDIT
222496,40.9,IFA_75_32_2992.wav,44100,02-08-20 00:00,mosquito,an arabiensis,Female,f,Single,,LT,telinga,tascam,Tanzania,Kilombero District,Morogoro,Ifakara,cup,222496.wav,IFA_75_32_2992.wav,Tanzania|Ifakara|cup|02-08-20 00:00,training,,anopheles_arabiensis,raw/humbug_core/222496.wav,CANDIDATE_PENDING_COMPLETE_AUDIO_AUDIT
222460,33.28,IFA_75_33_2993.wav,44100,02-08-20 00:00,mosquito,an arabiensis,Female,t,Single,,LT,telinga,tascam,Tanzania,Kilombero District,Morogoro,Ifakara,cup,222460.wav,IFA_75_33_2993.wav,Tanzania|Ifakara|cup|02-08-20 00:00,excluded,outside prespecified Female / fed=f / LT / Single cohort,anopheles_arabiensis,raw/humbug_core/222460.wav,CANDIDATE_PENDING_COMPLETE_AUDIO_AUDIT
222452,35.78,IFA_75_34_2994.wav,44100,02-08-20 00:00,mosquito,an arabiensis,Female,f,Single,,LT,telinga,tascam,Tanzania,Kilombero District,Morogoro,Ifakara,cup,222452.wav,IFA_75_34_2994.wav,Tanzania|Ifakara|cup|02-08-20 00:00,training,,anopheles_arabiensis,raw/humbug_core/222452.wav,CANDIDATE_PENDING_COMPLETE_AUDIO_AUDIT
222443,40.96,IFA_75_35_2995.wav,44100,02-08-20 00:00,mosquito,an arabiensis,Female,f,Single,,LT,telinga,tascam,Tanzania,Kilombero District,Morogoro,Ifakara,cup,222443.wav,IFA_75_35_2995.wav,Tanzania|Ifakara|cup|02-08-20 00:00,training,,anopheles_arabiensis,raw/humbug_core/222443.wav,CANDIDATE_PENDING_COMPLETE_AUDIO_AUDIT
222444,2.56,IFA_75_35_2995.wav,44100,02-08-20 00:00,mosquito,an arabiensis,Female,f,Single,,LT,telinga,tascam,Tanzania,Kilombero District,Morogoro,Ifakara,cup,222444.wav,IFA_75_35_2995.wav,Tanzania|Ifakara|cup|02-08-20 00:00,training,,anopheles_arabiensis,raw/humbug_core/222444.wav,CANDIDATE_PENDING_COMPLETE_AUDIO_AUDIT
222458,33.22,IFA_75_36_2996.wav,44100,02-08-20 00:00,mosquito,an arabiensis,Female,f,Single,,LT,telinga,tascam,Tanzania,Kilombero District,Morogoro,Ifakara,cup,222458.wav,IFA_75_36_2996.wav,Tanzania|Ifakara|cup|02-08-20 00:00,training,,anopheles_arabiensis,raw/humbug_core/222458.wav,CANDIDATE_PENDING_COMPLETE_AUDIO_AUDIT
222450,30.66,IFA_75_38_2998.wav,44100,02-08-20 00:00,mosquito,an arabiensis,Female,f,Single,,LT,telinga,tascam,Tanzania,Kilombero District,Morogoro,Ifakara,cup,222450.wav,IFA_75_38_2998.wav,Tanzania|Ifakara|cup|02-08-20 00:00,training,,anopheles_arabiensis,raw/humbug_core/222450.wav,CANDIDATE_PENDING_COMPLETE_AUDIO_AUDIT
222504,58.82,IFA_75_39_2999.wav,44100,02-08-20 00:00,mosquito,an arabiensis,Male,f,Single,,LT,telinga,tascam,Tanzania,Kilombero District,Morogoro,Ifakara,cup,222504.wav,IFA_75_39_2999.wav,Tanzania|Ifakara|cup|02-08-20 00:00,excluded,outside prespecified Female / fed=f / LT / Single cohort,anopheles_arabiensis,raw/humbug_core/222504.wav,CANDIDATE_PENDING_COMPLETE_AUDIO_AUDIT
222468,10.24,IFA_75_40_3000.wav,44100,02-08-20 00:00,mosquito,an arabiensis,Male,f,Single,,LT,telinga,tascam,Tanzania,Kilombero District,Morogoro,Ifakara,cup,222468.wav,IFA_75_40_3000.wav,Tanzania|Ifakara|cup|02-08-20 00:00,excluded,outside prespecified Female / fed=f / LT / Single cohort,anopheles_arabiensis,raw/humbug_core/222468.wav,CANDIDATE_PENDING_COMPLETE_AUDIO_AUDIT
222467,17.92,IFA_75_40_3000.wav,44100,02-08-20 00:00,mosquito,an arabiensis,Male,f,Single,,LT,telinga,tascam,Tanzania,Kilombero District,Morogoro,Ifakara,cup,222467.wav,IFA_75_40_3000.wav,Tanzania|Ifakara|cup|02-08-20 00:00,excluded,outside prespecified Female / fed=f / LT / Single cohort,anopheles_arabiensis,raw/humbug_core/222467.wav,CANDIDATE_PENDING_COMPLETE_AUDIO_AUDIT
222469,5.12,IFA_75_40_3000.wav,44100,02-08-20 00:00,mosquito,an arabiensis,Male,f,Single,,LT,telinga,tascam,Tanzania,Kilombero District,Morogoro,Ifakara,cup,222469.wav,IFA_75_40_3000.wav,Tanzania|Ifakara|cup|02-08-20 00:00,excluded,outside prespecified Female / fed=f / LT / Single cohort,anopheles_arabiensis,raw/humbug_core/222469.wav,CANDIDATE_PENDING_COMPLETE_AUDIO_AUDIT
222472,46.02,IFA_76_10_3010.wav,44100,02-08-20 00:00,mosquito,an funestus ss,Female,f,Single,,LT,telinga,tascam,Tanzania,Kilombero District,Morogoro,Ifakara,cup,222472.wav,IFA_76_10_3010.wav,Tanzania|Ifakara|cup|02-08-20 00:00,training,,anopheles_funestus_ss,raw/humbug_core/222472.wav,CANDIDATE_PENDING_COMPLETE_AUDIO_AUDIT
222524,40.96,IFA_76_11_3011.wav,44100,02-08-20 00:00,mosquito,an arabiensis,Female,f,Single,,LT,telinga,tascam,Tanzania,Kilombero District,Morogoro,Ifakara,cup,222524.wav,IFA_76_11_3011.wav,Tanzania|Ifakara|cup|02-08-20 00:00,training,,anopheles_arabiensis,raw/humbug_core/222524.wav,CANDIDATE_PENDING_COMPLETE_AUDIO_AUDIT
222511,53.7,IFA_76_13_3013.wav,44100,02-08-20 00:00,mosquito,an arabiensis,Female,f,Single,,LT,telinga,tascam,Tanzania,Kilombero District,Morogoro,Ifakara,cup,222511.wav,IFA_76_13_3013.wav,Tanzania|Ifakara|cup|02-08-20 00:00,training,,anopheles_arabiensis,raw/humbug_core/222511.wav,CANDIDATE_PENDING_COMPLETE_AUDIO_AUDIT
222497,40.96,IFA_76_15_3015.wav,44100,02-08-20 00:00,mosquito,an arabiensis,Female,f,Single,,LT,telinga,tascam,Tanzania,Kilombero District,Morogoro,Ifakara,cup,222497.wav,IFA_76_15_3015.wav,Tanzania|Ifakara|cup|02-08-20 00:00,training,,anopheles_arabiensis,raw/humbug_core/222497.wav,CANDIDATE_PENDING_COMPLETE_AUDIO_AUDIT
222505,48.58,IFA_76_16_3016.wav,44100,02-08-20 00:00,mosquito,an arabiensis,Female,f,Single,,LT,telinga,tascam,Tanzania,Kilombero District,Morogoro,Ifakara,cup,222505.wav,IFA_76_16_3016.wav,Tanzania|Ifakara|cup|02-08-20 00:00,training,,anopheles_arabiensis,raw/humbug_core/222505.wav,CANDIDATE_PENDING_COMPLETE_AUDIO_AUDIT
222441,53.76,IFA_76_17_3017.wav,44100,02-08-20 00:00,mosquito,an arabiensis,Female,f,Single,,LT,telinga,tascam,Tanzania,Kilombero District,Morogoro,Ifakara,cup,222441.wav,IFA_76_17_3017.wav,Tanzania|Ifakara|cup|02-08-20 00:00,training,,anopheles_arabiensis,raw/humbug_core/222441.wav,CANDIDATE_PENDING_COMPLETE_AUDIO_AUDIT
222512,40.96,IFA_76_18_3018.wav,44100,02-08-20 00:00,mosquito,an arabiensis,Female,f,Single,,LT,telinga,tascam,Tanzania,Kilombero District,Morogoro,Ifakara,cup,222512.wav,IFA_76_18_3018.wav,Tanzania|Ifakara|cup|02-08-20 00:00,training,,anopheles_arabiensis,raw/humbug_core/222512.wav,CANDIDATE_PENDING_COMPLETE_AUDIO_AUDIT
222519,7.68,IFA_76_21_3021.wav,44100,02-08-20 00:00,mosquito,an arabiensis,Female,f,Single,,LT,telinga,tascam,Tanzania,Kilombero District,Morogoro,Ifakara,cup,222519.wav,IFA_76_21_3021.wav,Tanzania|Ifakara|cup|02-08-20 00:00,training,,anopheles_arabiensis,raw/humbug_core/222519.wav,CANDIDATE_PENDING_COMPLETE_AUDIO_AUDIT
222523,7.68,IFA_76_21_3021.wav,44100,02-08-20 00:00,mosquito,an arabiensis,Female,f,Single,,LT,telinga,tascam,Tanzania,Kilombero District,Morogoro,Ifakara,cup,222523.wav,IFA_76_21_3021.wav,Tanzania|Ifakara|cup|02-08-20 00:00,training,,anopheles_arabiensis,raw/humbug_core/222523.wav,CANDIDATE_PENDING_COMPLETE_AUDIO_AUDIT
222522,25.6,IFA_76_21_3021.wav,44100,02-08-20 00:00,mosquito,an arabiensis,Female,f,Single,,LT,telinga,tascam,Tanzania,Kilombero District,Morogoro,Ifakara,cup,222522.wav,IFA_76_21_3021.wav,Tanzania|Ifakara|cup|02-08-20 00:00,training,,anopheles_arabiensis,raw/humbug_core/222522.wav,CANDIDATE_PENDING_COMPLETE_AUDIO_AUDIT
222520,15.36,IFA_76_21_3021.wav,44100,02-08-20 00:00,mosquito,an arabiensis,Female,f,Single,,LT,telinga,tascam,Tanzania,Kilombero District,Morogoro,Ifakara,cup,222520.wav,IFA_76_21_3021.wav,Tanzania|Ifakara|cup|02-08-20 00:00,training,,anopheles_arabiensis,raw/humbug_core/222520.wav,CANDIDATE_PENDING_COMPLETE_AUDIO_AUDIT
222521,7.68,IFA_76_21_3021.wav,44100,02-08-20 00:00,mosquito,an arabiensis,Female,f,Single,,LT,telinga,tascam,Tanzania,Kilombero District,Morogoro,Ifakara,cup,222521.wav,IFA_76_21_3021.wav,Tanzania|Ifakara|cup|02-08-20 00:00,training,,anopheles_arabiensis,raw/humbug_core/222521.wav,CANDIDATE_PENDING_COMPLETE_AUDIO_AUDIT
222513,53.76,IFA_76_22_3022.wav,44100,02-08-20 00:00,mosquito,an arabiensis,Female,f,Single,,LT,telinga,tascam,Tanzania,Kilombero District,Morogoro,Ifakara,cup,222513.wav,IFA_76_22_3022.wav,Tanzania|Ifakara|cup|02-08-20 00:00,training,,anopheles_arabiensis,raw/humbug_core/222513.wav,CANDIDATE_PENDING_COMPLETE_AUDIO_AUDIT
222482,46.02,IFA_76_23_3023.wav,44100,02-08-20 00:00,mosquito,an arabiensis,Female,f,Single,,LT,telinga,tascam,Tanzania,Kilombero District,Morogoro,Ifakara,cup,222482.wav,IFA_76_23_3023.wav,Tanzania|Ifakara|cup|02-08-20 00:00,training,,anopheles_arabiensis,raw/humbug_core/222482.wav,CANDIDATE_PENDING_COMPLETE_AUDIO_AUDIT
222451,56.26,IFA_76_26_3026.wav,44100,02-08-20 00:00,mosquito,an arabiensis,Female,f,Single,,LT,telinga,tascam,Tanzania,Kilombero District,Morogoro,Ifakara,cup,222451.wav,IFA_76_26_3026.wav,Tanzania|Ifakara|cup|02-08-20 00:00,training,,anopheles_arabiensis,raw/humbug_core/222451.wav,CANDIDATE_PENDING_COMPLETE_AUDIO_AUDIT
222465,33.28,IFA_76_28_3028.wav,44100,02-08-20 00:00,mosquito,an arabiensis,Female,f,Single,,LT,telinga,tascam,Tanzania,Kilombero District,Morogoro,Ifakara,cup,222465.wav,IFA_76_28_3028.wav,Tanzania|Ifakara|cup|02-08-20 00:00,training,,anopheles_arabiensis,raw/humbug_core/222465.wav,CANDIDATE_PENDING_COMPLETE_AUDIO_AUDIT
222466,7.68,IFA_76_28_3028.wav,44100,02-08-20 00:00,mosquito,an arabiensis,Female,f,Single,,LT,telinga,tascam,Tanzania,Kilombero District,Morogoro,Ifakara,cup,222466.wav,IFA_76_28_3028.wav,Tanzania|Ifakara|cup|02-08-20 00:00,training,,anopheles_arabiensis,raw/humbug_core/222466.wav,CANDIDATE_PENDING_COMPLETE_AUDIO_AUDIT
222462,12.8,IFA_76_32_3032.wav,44100,02-08-20 00:00,mosquito,an arabiensis,Female,f,Single,,LT,telinga,tascam,Tanzania,Kilombero District,Morogoro,Ifakara,cup,222462.wav,IFA_76_32_3032.wav,Tanzania|Ifakara|cup|02-08-20 00:00,training,,anopheles_arabiensis,raw/humbug_core/222462.wav,CANDIDATE_PENDING_COMPLETE_AUDIO_AUDIT
222461,10.24,IFA_76_32_3032.wav,44100,02-08-20 00:00,mosquito,an arabiensis,Female,f,Single,,LT,telinga,tascam,Tanzania,Kilombero District,Morogoro,Ifakara,cup,222461.wav,IFA_76_32_3032.wav,Tanzania|Ifakara|cup|02-08-20 00:00,training,,anopheles_arabiensis,raw/humbug_core/222461.wav,CANDIDATE_PENDING_COMPLETE_AUDIO_AUDIT
222463,2.56,IFA_76_32_3032.wav,44100,02-08-20 00:00,mosquito,an arabiensis,Female,f,Single,,LT,telinga,tascam,Tanzania,Kilombero District,Morogoro,Ifakara,cup,222463.wav,IFA_76_32_3032.wav,Tanzania|Ifakara|cup|02-08-20 00:00,training,,anopheles_arabiensis,raw/humbug_core/222463.wav,CANDIDATE_PENDING_COMPLETE_AUDIO_AUDIT
222457,17.86,IFA_76_34_3034.wav,44100,02-08-20 00:00,mosquito,an arabiensis,Female,f,Single,,LT,telinga,tascam,Tanzania,Kilombero District,Morogoro,Ifakara,cup,222457.wav,IFA_76_34_3034.wav,Tanzania|Ifakara|cup|02-08-20 00:00,training,,anopheles_arabiensis,raw/humbug_core/222457.wav,CANDIDATE_PENDING_COMPLETE_AUDIO_AUDIT
222456,58.88,IFA_76_34_3034.wav,44100,02-08-20 00:00,mosquito,an arabiensis,Female,f,Single,,LT,telinga,tascam,Tanzania,Kilombero District,Morogoro,Ifakara,cup,222456.wav,IFA_76_34_3034.wav,Tanzania|Ifakara|cup|02-08-20 00:00,training,,anopheles_arabiensis,raw/humbug_core/222456.wav,CANDIDATE_PENDING_COMPLETE_AUDIO_AUDIT
222454,10.24,IFA_76_35_3035.wav,44100,02-08-20 00:00,mosquito,an arabiensis,Female,f,Single,,LT,telinga,tascam,Tanzania,Kilombero District,Morogoro,Ifakara,cup,222454.wav,IFA_76_35_3035.wav,Tanzania|Ifakara|cup|02-08-20 00:00,training,,anopheles_arabiensis,raw/humbug_core/222454.wav,CANDIDATE_PENDING_COMPLETE_AUDIO_AUDIT
222455,5.12,IFA_76_35_3035.wav,44100,02-08-20 00:00,mosquito,an arabiensis,Female,f,Single,,LT,telinga,tascam,Tanzania,Kilombero District,Morogoro,Ifakara,cup,222455.wav,IFA_76_35_3035.wav,Tanzania|Ifakara|cup|02-08-20 00:00,training,,anopheles_arabiensis,raw/humbug_core/222455.wav,CANDIDATE_PENDING_COMPLETE_AUDIO_AUDIT
222477,23.04,IFA_76_38_3038.wav,44100,02-08-20 00:00,mosquito,an arabiensis,Female,f,Single,,LT,telinga,tascam,Tanzania,Kilombero District,Morogoro,Ifakara,cup,222477.wav,IFA_76_38_3038.wav,Tanzania|Ifakara|cup|02-08-20 00:00,training,,anopheles_arabiensis,raw/humbug_core/222477.wav,CANDIDATE_PENDING_COMPLETE_AUDIO_AUDIT
222476,7.68,IFA_76_38_3038.wav,44100,02-08-20 00:00,mosquito,an arabiensis,Female,f,Single,,LT,telinga,tascam,Tanzania,Kilombero District,Morogoro,Ifakara,cup,222476.wav,IFA_76_38_3038.wav,Tanzania|Ifakara|cup|02-08-20 00:00,training,,anopheles_arabiensis,raw/humbug_core/222476.wav,CANDIDATE_PENDING_COMPLETE_AUDIO_AUDIT
222481,10.24,IFA_76_40_3040.wav,44100,02-08-20 00:00,mosquito,an funestus ss,Female,t,Single,,LT,telinga,tascam,Tanzania,Kilombero District,Morogoro,Ifakara,cup,222481.wav,IFA_76_40_3040.wav,Tanzania|Ifakara|cup|02-08-20 00:00,excluded,outside prespecified Female / fed=f / LT / Single cohort,anopheles_funestus_ss,raw/humbug_core/222481.wav,CANDIDATE_PENDING_COMPLETE_AUDIO_AUDIT
222480,12.8,IFA_76_40_3040.wav,44100,02-08-20 00:00,mosquito,an funestus ss,Female,t,Single,,LT,telinga,tascam,Tanzania,Kilombero District,Morogoro,Ifakara,cup,222480.wav,IFA_76_40_3040.wav,Tanzania|Ifakara|cup|02-08-20 00:00,excluded,outside prespecified Female / fed=f / LT / Single cohort,anopheles_funestus_ss,raw/humbug_core/222480.wav,CANDIDATE_PENDING_COMPLETE_AUDIO_AUDIT
222478,10.24,IFA_76_40_3040.wav,44100,02-08-20 00:00,mosquito,an funestus ss,Female,t,Single,,LT,telinga,tascam,Tanzania,Kilombero District,Morogoro,Ifakara,cup,222478.wav,IFA_76_40_3040.wav,Tanzania|Ifakara|cup|02-08-20 00:00,excluded,outside prespecified Female / fed=f / LT / Single cohort,anopheles_funestus_ss,raw/humbug_core/222478.wav,CANDIDATE_PENDING_COMPLETE_AUDIO_AUDIT
222479,2.56,IFA_76_40_3040.wav,44100,02-08-20 00:00,mosquito,an funestus ss,Female,t,Single,,LT,telinga,tascam,Tanzania,Kilombero District,Morogoro,Ifakara,cup,222479.wav,IFA_76_40_3040.wav,Tanzania|Ifakara|cup|02-08-20 00:00,excluded,outside prespecified Female / fed=f / LT / Single cohort,anopheles_funestus_ss,raw/humbug_core/222479.wav,CANDIDATE_PENDING_COMPLETE_AUDIO_AUDIT
222544,25.6,IFA_85_11_3371.wav,44100,23-08-20 00:00,mosquito,an funestus ss,Female,t,Single,,LT,telinga,tascam,Tanzania,Kilombero District,Morogoro,Ifakara,cup,222544.wav,IFA_85_11_3371.wav,Tanzania|Ifakara|cup|23-08-20 00:00,excluded,outside prespecified Female / fed=f / LT / Single cohort,anopheles_funestus_ss,raw/humbug_core/222544.wav,CANDIDATE_PENDING_COMPLETE_AUDIO_AUDIT
222560,2.56,IFA_85_12_3372.wav,44100,23-08-20 00:00,mosquito,an funestus ss,Female,f,Single,,LT,telinga,tascam,Tanzania,Kilombero District,Morogoro,Ifakara,cup,222560.wav,IFA_85_12_3372.wav,Tanzania|Ifakara|cup|23-08-20 00:00,excluded,date has only one eligible species; exclude date confound,anopheles_funestus_ss,raw/humbug_core/222560.wav,CANDIDATE_PENDING_COMPLETE_AUDIO_AUDIT
222559,7.68,IFA_85_12_3372.wav,44100,23-08-20 00:00,mosquito,an funestus ss,Female,f,Single,,LT,telinga,tascam,Tanzania,Kilombero District,Morogoro,Ifakara,cup,222559.wav,IFA_85_12_3372.wav,Tanzania|Ifakara|cup|23-08-20 00:00,excluded,date has only one eligible species; exclude date confound,anopheles_funestus_ss,raw/humbug_core/222559.wav,CANDIDATE_PENDING_COMPLETE_AUDIO_AUDIT
222561,15.36,IFA_85_12_3372.wav,44100,23-08-20 00:00,mosquito,an funestus ss,Female,f,Single,,LT,telinga,tascam,Tanzania,Kilombero District,Morogoro,Ifakara,cup,222561.wav,IFA_85_12_3372.wav,Tanzania|Ifakara|cup|23-08-20 00:00,excluded,date has only one eligible species; exclude date confound,anopheles_funestus_ss,raw/humbug_core/222561.wav,CANDIDATE_PENDING_COMPLETE_AUDIO_AUDIT
222543,12.8,IFA_85_13_3373.wav,44100,23-08-20 00:00,mosquito,an funestus ss,Female,f,Single,,LT,telinga,tascam,Tanzania,Kilombero District,Morogoro,Ifakara,cup,222543.wav,IFA_85_13_3373.wav,Tanzania|Ifakara|cup|23-08-20 00:00,excluded,date has only one eligible species; exclude date confound,anopheles_funestus_ss,raw/humbug_core/222543.wav,CANDIDATE_PENDING_COMPLETE_AUDIO_AUDIT
222542,10.24,IFA_85_13_3373.wav,44100,23-08-20 00:00,mosquito,an funestus ss,Female,f,Single,,LT,telinga,tascam,Tanzania,Kilombero District,Morogoro,Ifakara,cup,222542.wav,IFA_85_13_3373.wav,Tanzania|Ifakara|cup|23-08-20 00:00,excluded,date has only one eligible species; exclude date confound,anopheles_funestus_ss,raw/humbug_core/222542.wav,CANDIDATE_PENDING_COMPLETE_AUDIO_AUDIT
222541,5.12,IFA_85_13_3373.wav,44100,23-08-20 00:00,mosquito,an funestus ss,Female,f,Single,,LT,telinga,tascam,Tanzania,Kilombero District,Morogoro,Ifakara,cup,222541.wav,IFA_85_13_3373.wav,Tanzania|Ifakara|cup|23-08-20 00:00,excluded,date has only one eligible species; exclude date confound,anopheles_funestus_ss,raw/humbug_core/222541.wav,CANDIDATE_PENDING_COMPLETE_AUDIO_AUDIT
222548,5.12,IFA_85_14_3374.wav,44100,23-08-20 00:00,mosquito,an funestus ss,Female,f,Single,,LT,telinga,tascam,Tanzania,Kilombero District,Morogoro,Ifakara,cup,222548.wav,IFA_85_14_3374.wav,Tanzania|Ifakara|cup|23-08-20 00:00,excluded,date has only one eligible species; exclude date confound,anopheles_funestus_ss,raw/humbug_core/222548.wav,CANDIDATE_PENDING_COMPLETE_AUDIO_AUDIT
222549,35.84,IFA_85_14_3374.wav,44100,23-08-20 00:00,mosquito,an funestus ss,Female,f,Single,,LT,telinga,tascam,Tanzania,Kilombero District,Morogoro,Ifakara,cup,222549.wav,IFA_85_14_3374.wav,Tanzania|Ifakara|cup|23-08-20 00:00,excluded,date has only one eligible species; exclude date confound,anopheles_funestus_ss,raw/humbug_core/222549.wav,CANDIDATE_PENDING_COMPLETE_AUDIO_AUDIT
222564,7.68,IFA_85_15_3375.wav,44100,23-08-20 00:00,mosquito,an funestus ss,Female,f,Single,,LT,telinga,tascam,Tanzania,Kilombero District,Morogoro,Ifakara,cup,222564.wav,IFA_85_15_3375.wav,Tanzania|Ifakara|cup|23-08-20 00:00,excluded,date has only one eligible species; exclude date confound,anopheles_funestus_ss,raw/humbug_core/222564.wav,CANDIDATE_PENDING_COMPLETE_AUDIO_AUDIT
222563,30.72,IFA_85_15_3375.wav,44100,23-08-20 00:00,mosquito,an funestus ss,Female,f,Single,,LT,telinga,tascam,Tanzania,Kilombero District,Morogoro,Ifakara,cup,222563.wav,IFA_85_15_3375.wav,Tanzania|Ifakara|cup|23-08-20 00:00,excluded,date has only one eligible species; exclude date confound,anopheles_funestus_ss,raw/humbug_core/222563.wav,CANDIDATE_PENDING_COMPLETE_AUDIO_AUDIT
222570,12.74,IFA_85_17_3377.wav,44100,23-08-20 00:00,mosquito,an funestus ss,Female,f,Single,,LT,telinga,tascam,Tanzania,Kilombero District,Morogoro,Ifakara,cup,222570.wav,IFA_85_17_3377.wav,Tanzania|Ifakara|cup|23-08-20 00:00,excluded,date has only one eligible species; exclude date confound,anopheles_funestus_ss,raw/humbug_core/222570.wav,CANDIDATE_PENDING_COMPLETE_AUDIO_AUDIT
222569,35.84,IFA_85_17_3377.wav,44100,23-08-20 00:00,mosquito,an funestus ss,Female,f,Single,,LT,telinga,tascam,Tanzania,Kilombero District,Morogoro,Ifakara,cup,222569.wav,IFA_85_17_3377.wav,Tanzania|Ifakara|cup|23-08-20 00:00,excluded,date has only one eligible species; exclude date confound,anopheles_funestus_ss,raw/humbug_core/222569.wav,CANDIDATE_PENDING_COMPLETE_AUDIO_AUDIT
222530,7.68,IFA_85_20_3380.wav,44100,23-08-20 00:00,mosquito,an funestus ss,Female,f,Single,,LT,telinga,tascam,Tanzania,Kilombero District,Morogoro,Ifakara,cup,222530.wav,IFA_85_20_3380.wav,Tanzania|Ifakara|cup|23-08-20 00:00,excluded,date has only one eligible species; exclude date confound,anopheles_funestus_ss,raw/humbug_core/222530.wav,CANDIDATE_PENDING_COMPLETE_AUDIO_AUDIT
222531,30.66,IFA_85_22_3382.wav,44100,23-08-20 00:00,mosquito,an funestus ss,Female,f,Single,,LT,telinga,tascam,Tanzania,Kilombero District,Morogoro,Ifakara,cup,222531.wav,IFA_85_22_3382.wav,Tanzania|Ifakara|cup|23-08-20 00:00,excluded,date has only one eligible species; exclude date confound,anopheles_funestus_ss,raw/humbug_core/222531.wav,CANDIDATE_PENDING_COMPLETE_AUDIO_AUDIT
222545,30.72,IFA_85_23_3383.wav,44100,23-08-20 00:00,mosquito,an funestus ss,Female,f,Single,,LT,telinga,tascam,Tanzania,Kilombero District,Morogoro,Ifakara,cup,222545.wav,IFA_85_23_3383.wav,Tanzania|Ifakara|cup|23-08-20 00:00,excluded,date has only one eligible species; exclude date confound,anopheles_funestus_ss,raw/humbug_core/222545.wav,CANDIDATE_PENDING_COMPLETE_AUDIO_AUDIT
222547,12.74,IFA_85_24_3384.wav,44100,23-08-20 00:00,mosquito,an funestus ss,Female,f,Single,,LT,telinga,tascam,Tanzania,Kilombero District,Morogoro,Ifakara,cup,222547.wav,IFA_85_24_3384.wav,Tanzania|Ifakara|cup|23-08-20 00:00,excluded,date has only one eligible species; exclude date confound,anopheles_funestus_ss,raw/humbug_core/222547.wav,CANDIDATE_PENDING_COMPLETE_AUDIO_AUDIT
222546,17.92,IFA_85_24_3384.wav,44100,23-08-20 00:00,mosquito,an funestus ss,Female,f,Single,,LT,telinga,tascam,Tanzania,Kilombero District,Morogoro,Ifakara,cup,222546.wav,IFA_85_24_3384.wav,Tanzania|Ifakara|cup|23-08-20 00:00,excluded,date has only one eligible species; exclude date confound,anopheles_funestus_ss,raw/humbug_core/222546.wav,CANDIDATE_PENDING_COMPLETE_AUDIO_AUDIT
222582,25.6,IFA_85_25_3385.wav,44100,23-08-20 00:00,mosquito,an funestus ss,Female,f,Single,,LT,telinga,tascam,Tanzania,Kilombero District,Morogoro,Ifakara,cup,222582.wav,IFA_85_25_3385.wav,Tanzania|Ifakara|cup|23-08-20 00:00,excluded,date has only one eligible species; exclude date confound,anopheles_funestus_ss,raw/humbug_core/222582.wav,CANDIDATE_PENDING_COMPLETE_AUDIO_AUDIT
222574,15.36,IFA_85_26_3386.wav,44100,23-08-20 00:00,mosquito,an funestus ss,Female,f,Single,,LT,telinga,tascam,Tanzania,Kilombero District,Morogoro,Ifakara,cup,222574.wav,IFA_85_26_3386.wav,Tanzania|Ifakara|cup|23-08-20 00:00,excluded,date has only one eligible species; exclude date confound,anopheles_funestus_ss,raw/humbug_core/222574.wav,CANDIDATE_PENDING_COMPLETE_AUDIO_AUDIT
222575,12.8,IFA_85_26_3386.wav,44100,23-08-20 00:00,mosquito,an funestus ss,Female,f,Single,,LT,telinga,tascam,Tanzania,Kilombero District,Morogoro,Ifakara,cup,222575.wav,IFA_85_26_3386.wav,Tanzania|Ifakara|cup|23-08-20 00:00,excluded,date has only one eligible species; exclude date confound,anopheles_funestus_ss,raw/humbug_core/222575.wav,CANDIDATE_PENDING_COMPLETE_AUDIO_AUDIT
222557,10.18,IFA_85_27_3387.wav,44100,23-08-20 00:00,mosquito,an funestus ss,Female,f,Single,,LT,telinga,tascam,Tanzania,Kilombero District,Morogoro,Ifakara,cup,222557.wav,IFA_85_27_3387.wav,Tanzania|Ifakara|cup|23-08-20 00:00,excluded,date has only one eligible species; exclude date confound,anopheles_funestus_ss,raw/humbug_core/222557.wav,CANDIDATE_PENDING_COMPLETE_AUDIO_AUDIT
222556,23.04,IFA_85_27_3387.wav,44100,23-08-20 00:00,mosquito,an funestus ss,Female,f,Single,,LT,telinga,tascam,Tanzania,Kilombero District,Morogoro,Ifakara,cup,222556.wav,IFA_85_27_3387.wav,Tanzania|Ifakara|cup|23-08-20 00:00,excluded,date has only one eligible species; exclude date confound,anopheles_funestus_ss,raw/humbug_core/222556.wav,CANDIDATE_PENDING_COMPLETE_AUDIO_AUDIT
222558,28.1,IFA_85_28_3388.wav,44100,23-08-20 00:00,mosquito,an funestus ss,Female,f,Single,,LT,telinga,tascam,Tanzania,Kilombero District,Morogoro,Ifakara,cup,222558.wav,IFA_85_28_3388.wav,Tanzania|Ifakara|cup|23-08-20 00:00,excluded,date has only one eligible species; exclude date confound,anopheles_funestus_ss,raw/humbug_core/222558.wav,CANDIDATE_PENDING_COMPLETE_AUDIO_AUDIT
222532,7.68,IFA_85_29_3389.wav,44100,23-08-20 00:00,mosquito,an funestus ss,Female,f,Single,,LT,telinga,tascam,Tanzania,Kilombero District,Morogoro,Ifakara,cup,222532.wav,IFA_85_29_3389.wav,Tanzania|Ifakara|cup|23-08-20 00:00,excluded,date has only one eligible species; exclude date confound,anopheles_funestus_ss,raw/humbug_core/222532.wav,CANDIDATE_PENDING_COMPLETE_AUDIO_AUDIT
222551,5.12,IFA_85_30_3390.wav,44100,23-08-20 00:00,mosquito,an funestus ss,Female,f,Single,,LT,telinga,tascam,Tanzania,Kilombero District,Morogoro,Ifakara,cup,222551.wav,IFA_85_30_3390.wav,Tanzania|Ifakara|cup|23-08-20 00:00,excluded,date has only one eligible species; exclude date confound,anopheles_funestus_ss,raw/humbug_core/222551.wav,CANDIDATE_PENDING_COMPLETE_AUDIO_AUDIT
222562,30.72,IFA_85_31_3391.wav,44100,23-08-20 00:00,mosquito,an funestus ss,Female,f,Single,,LT,telinga,tascam,Tanzania,Kilombero District,Morogoro,Ifakara,cup,222562.wav,IFA_85_31_3391.wav,Tanzania|Ifakara|cup|23-08-20 00:00,excluded,date has only one eligible species; exclude date confound,anopheles_funestus_ss,raw/humbug_core/222562.wav,CANDIDATE_PENDING_COMPLETE_AUDIO_AUDIT
222584,2.56,IFA_85_32_3392.wav,44100,23-08-20 00:00,mosquito,an funestus ss,Female,f,Single,,LT,telinga,tascam,Tanzania,Kilombero District,Morogoro,Ifakara,cup,222584.wav,IFA_85_32_3392.wav,Tanzania|Ifakara|cup|23-08-20 00:00,excluded,date has only one eligible species; exclude date confound,anopheles_funestus_ss,raw/humbug_core/222584.wav,CANDIDATE_PENDING_COMPLETE_AUDIO_AUDIT
222583,23.04,IFA_85_32_3392.wav,44100,23-08-20 00:00,mosquito,an funestus ss,Female,f,Single,,LT,telinga,tascam,Tanzania,Kilombero District,Morogoro,Ifakara,cup,222583.wav,IFA_85_32_3392.wav,Tanzania|Ifakara|cup|23-08-20 00:00,excluded,date has only one eligible species; exclude date confound,anopheles_funestus_ss,raw/humbug_core/222583.wav,CANDIDATE_PENDING_COMPLETE_AUDIO_AUDIT
222573,5.06,IFA_85_33_3393.wav,44100,23-08-20 00:00,mosquito,an funestus ss,Female,f,Single,,LT,telinga,tascam,Tanzania,Kilombero District,Morogoro,Ifakara,cup,222573.wav,IFA_85_33_3393.wav,Tanzania|Ifakara|cup|23-08-20 00:00,excluded,date has only one eligible species; exclude date confound,anopheles_funestus_ss,raw/humbug_core/222573.wav,CANDIDATE_PENDING_COMPLETE_AUDIO_AUDIT
222572,10.24,IFA_85_33_3393.wav,44100,23-08-20 00:00,mosquito,an funestus ss,Female,f,Single,,LT,telinga,tascam,Tanzania,Kilombero District,Morogoro,Ifakara,cup,222572.wav,IFA_85_33_3393.wav,Tanzania|Ifakara|cup|23-08-20 00:00,excluded,date has only one eligible species; exclude date confound,anopheles_funestus_ss,raw/humbug_core/222572.wav,CANDIDATE_PENDING_COMPLETE_AUDIO_AUDIT
222571,23.04,IFA_85_34_3394.wav,44100,23-08-20 00:00,mosquito,an funestus ss,Female,f,Single,,LT,telinga,tascam,Tanzania,Kilombero District,Morogoro,Ifakara,cup,222571.wav,IFA_85_34_3394.wav,Tanzania|Ifakara|cup|23-08-20 00:00,excluded,date has only one eligible species; exclude date confound,anopheles_funestus_ss,raw/humbug_core/222571.wav,CANDIDATE_PENDING_COMPLETE_AUDIO_AUDIT
222581,35.84,IFA_85_35_3395.wav,44100,23-08-20 00:00,mosquito,an funestus ss,Female,f,Single,,LT,telinga,tascam,Tanzania,Kilombero District,Morogoro,Ifakara,cup,222581.wav,IFA_85_35_3395.wav,Tanzania|Ifakara|cup|23-08-20 00:00,excluded,date has only one eligible species; exclude date confound,anopheles_funestus_ss,raw/humbug_core/222581.wav,CANDIDATE_PENDING_COMPLETE_AUDIO_AUDIT
222533,23.04,IFA_85_36_3396.wav,44100,23-08-20 00:00,mosquito,an funestus ss,Female,f,Single,,LT,telinga,tascam,Tanzania,Kilombero District,Morogoro,Ifakara,cup,222533.wav,IFA_85_36_3396.wav,Tanzania|Ifakara|cup|23-08-20 00:00,excluded,date has only one eligible species; exclude date confound,anopheles_funestus_ss,raw/humbug_core/222533.wav,CANDIDATE_PENDING_COMPLETE_AUDIO_AUDIT
222534,5.12,IFA_85_36_3396.wav,44100,23-08-20 00:00,mosquito,an funestus ss,Female,f,Single,,LT,telinga,tascam,Tanzania,Kilombero District,Morogoro,Ifakara,cup,222534.wav,IFA_85_36_3396.wav,Tanzania|Ifakara|cup|23-08-20 00:00,excluded,date has only one eligible species; exclude date confound,anopheles_funestus_ss,raw/humbug_core/222534.wav,CANDIDATE_PENDING_COMPLETE_AUDIO_AUDIT
222565,10.24,IFA_85_38_3398.wav,44100,23-08-20 00:00,mosquito,an funestus ss,Female,f,Single,,LT,telinga,tascam,Tanzania,Kilombero District,Morogoro,Ifakara,cup,222565.wav,IFA_85_38_3398.wav,Tanzania|Ifakara|cup|23-08-20 00:00,excluded,date has only one eligible species; exclude date confound,anopheles_funestus_ss,raw/humbug_core/222565.wav,CANDIDATE_PENDING_COMPLETE_AUDIO_AUDIT
222567,5.12,IFA_85_38_3398.wav,44100,23-08-20 00:00,mosquito,an funestus ss,Female,f,Single,,LT,telinga,tascam,Tanzania,Kilombero District,Morogoro,Ifakara,cup,222567.wav,IFA_85_38_3398.wav,Tanzania|Ifakara|cup|23-08-20 00:00,excluded,date has only one eligible species; exclude date confound,anopheles_funestus_ss,raw/humbug_core/222567.wav,CANDIDATE_PENDING_COMPLETE_AUDIO_AUDIT
222566,2.56,IFA_85_38_3398.wav,44100,23-08-20 00:00,mosquito,an funestus ss,Female,f,Single,,LT,telinga,tascam,Tanzania,Kilombero District,Morogoro,Ifakara,cup,222566.wav,IFA_85_38_3398.wav,Tanzania|Ifakara|cup|23-08-20 00:00,excluded,date has only one eligible species; exclude date confound,anopheles_funestus_ss,raw/humbug_core/222566.wav,CANDIDATE_PENDING_COMPLETE_AUDIO_AUDIT
222568,2.56,IFA_85_38_3398.wav,44100,23-08-20 00:00,mosquito,an funestus ss,Female,f,Single,,LT,telinga,tascam,Tanzania,Kilombero District,Morogoro,Ifakara,cup,222568.wav,IFA_85_38_3398.wav,Tanzania|Ifakara|cup|23-08-20 00:00,excluded,date has only one eligible species; exclude date confound,anopheles_funestus_ss,raw/humbug_core/222568.wav,CANDIDATE_PENDING_COMPLETE_AUDIO_AUDIT
222578,25.54,IFA_85_40_3400.wav,44100,23-08-20 00:00,mosquito,an funestus ss,Female,f,Single,,LT,telinga,tascam,Tanzania,Kilombero District,Morogoro,Ifakara,cup,222578.wav,IFA_85_40_3400.wav,Tanzania|Ifakara|cup|23-08-20 00:00,excluded,date has only one eligible species; exclude date confound,anopheles_funestus_ss,raw/humbug_core/222578.wav,CANDIDATE_PENDING_COMPLETE_AUDIO_AUDIT
222577,5.12,IFA_85_40_3400.wav,44100,23-08-20 00:00,mosquito,an funestus ss,Female,f,Single,,LT,telinga,tascam,Tanzania,Kilombero District,Morogoro,Ifakara,cup,222577.wav,IFA_85_40_3400.wav,Tanzania|Ifakara|cup|23-08-20 00:00,excluded,date has only one eligible species; exclude date confound,anopheles_funestus_ss,raw/humbug_core/222577.wav,CANDIDATE_PENDING_COMPLETE_AUDIO_AUDIT
222607,28.16,IFA_86_10_3410.wav,44100,23-08-20 00:00,mosquito,an funestus ss,Female,f,Single,,LT,telinga,tascam,Tanzania,Kilombero District,Morogoro,Ifakara,cup,222607.wav,IFA_86_10_3410.wav,Tanzania|Ifakara|cup|23-08-20 00:00,excluded,date has only one eligible species; exclude date confound,anopheles_funestus_ss,raw/humbug_core/222607.wav,CANDIDATE_PENDING_COMPLETE_AUDIO_AUDIT
222612,7.62,IFA_86_11_3411.wav,44100,23-08-20 00:00,mosquito,an funestus ss,Female,f,Single,,LT,telinga,tascam,Tanzania,Kilombero District,Morogoro,Ifakara,cup,222612.wav,IFA_86_11_3411.wav,Tanzania|Ifakara|cup|23-08-20 00:00,excluded,date has only one eligible species; exclude date confound,anopheles_funestus_ss,raw/humbug_core/222612.wav,CANDIDATE_PENDING_COMPLETE_AUDIO_AUDIT
222611,25.6,IFA_86_11_3411.wav,44100,23-08-20 00:00,mosquito,an funestus ss,Female,f,Single,,LT,telinga,tascam,Tanzania,Kilombero District,Morogoro,Ifakara,cup,222611.wav,IFA_86_11_3411.wav,Tanzania|Ifakara|cup|23-08-20 00:00,excluded,date has only one eligible species; exclude date confound,anopheles_funestus_ss,raw/humbug_core/222611.wav,CANDIDATE_PENDING_COMPLETE_AUDIO_AUDIT
222610,30.66,IFA_86_12_3412.wav,44100,23-08-20 00:00,mosquito,an funestus ss,Female,f,Single,,LT,telinga,tascam,Tanzania,Kilombero District,Morogoro,Ifakara,cup,222610.wav,IFA_86_12_3412.wav,Tanzania|Ifakara|cup|23-08-20 00:00,excluded,date has only one eligible species; exclude date confound,anopheles_funestus_ss,raw/humbug_core/222610.wav,CANDIDATE_PENDING_COMPLETE_AUDIO_AUDIT
222593,40.96,IFA_86_13_3413.wav,44100,23-08-20 00:00,mosquito,an funestus ss,Female,f,Single,,LT,telinga,tascam,Tanzania,Kilombero District,Morogoro,Ifakara,cup,222593.wav,IFA_86_13_3413.wav,Tanzania|Ifakara|cup|23-08-20 00:00,excluded,date has only one eligible species; exclude date confound,anopheles_funestus_ss,raw/humbug_core/222593.wav,CANDIDATE_PENDING_COMPLETE_AUDIO_AUDIT
222605,25.6,IFA_86_14_3414.wav,44100,23-08-20 00:00,mosquito,an funestus ss,Female,f,Single,,LT,telinga,tascam,Tanzania,Kilombero District,Morogoro,Ifakara,cup,222605.wav,IFA_86_14_3414.wav,Tanzania|Ifakara|cup|23-08-20 00:00,excluded,date has only one eligible species; exclude date confound,anopheles_funestus_ss,raw/humbug_core/222605.wav,CANDIDATE_PENDING_COMPLETE_AUDIO_AUDIT
222601,33.28,IFA_86_15_3415.wav,44100,23-08-20 00:00,mosquito,an funestus ss,Female,f,Single,,LT,telinga,tascam,Tanzania,Kilombero District,Morogoro,Ifakara,cup,222601.wav,IFA_86_15_3415.wav,Tanzania|Ifakara|cup|23-08-20 00:00,excluded,date has only one eligible species; exclude date confound,anopheles_funestus_ss,raw/humbug_core/222601.wav,CANDIDATE_PENDING_COMPLETE_AUDIO_AUDIT
222588,35.78,IFA_86_16_3416.wav,44100,23-08-20 00:00,mosquito,an funestus ss,Female,f,Single,,LT,telinga,tascam,Tanzania,Kilombero District,Morogoro,Ifakara,cup,222588.wav,IFA_86_16_3416.wav,Tanzania|Ifakara|cup|23-08-20 00:00,excluded,date has only one eligible species; exclude date confound,anopheles_funestus_ss,raw/humbug_core/222588.wav,CANDIDATE_PENDING_COMPLETE_AUDIO_AUDIT
222587,10.24,IFA_86_16_3416.wav,44100,23-08-20 00:00,mosquito,an funestus ss,Female,f,Single,,LT,telinga,tascam,Tanzania,Kilombero District,Morogoro,Ifakara,cup,222587.wav,IFA_86_16_3416.wav,Tanzania|Ifakara|cup|23-08-20 00:00,excluded,date has only one eligible species; exclude date confound,anopheles_funestus_ss,raw/humbug_core/222587.wav,CANDIDATE_PENDING_COMPLETE_AUDIO_AUDIT
222590,30.66,IFA_86_17_3417.wav,44100,23-08-20 00:00,mosquito,an funestus ss,Female,f,Single,,LT,telinga,tascam,Tanzania,Kilombero District,Morogoro,Ifakara,cup,222590.wav,IFA_86_17_3417.wav,Tanzania|Ifakara|cup|23-08-20 00:00,excluded,date has only one eligible species; exclude date confound,anopheles_funestus_ss,raw/humbug_core/222590.wav,CANDIDATE_PENDING_COMPLETE_AUDIO_AUDIT
222589,25.6,IFA_86_18_3418.wav,44100,23-08-20 00:00,mosquito,an funestus ss,Female,f,Single,,LT,telinga,tascam,Tanzania,Kilombero District,Morogoro,Ifakara,cup,222589.wav,IFA_86_18_3418.wav,Tanzania|Ifakara|cup|23-08-20 00:00,excluded,date has only one eligible species; exclude date confound,anopheles_funestus_ss,raw/humbug_core/222589.wav,CANDIDATE_PENDING_COMPLETE_AUDIO_AUDIT
222595,40.96,IFA_86_19_3419.wav,44100,23-08-20 00:00,mosquito,an funestus ss,Female,f,Single,,LT,telinga,tascam,Tanzania,Kilombero District,Morogoro,Ifakara,cup,222595.wav,IFA_86_19_3419.wav,Tanzania|Ifakara|cup|23-08-20 00:00,excluded,date has only one eligible species; exclude date confound,anopheles_funestus_ss,raw/humbug_core/222595.wav,CANDIDATE_PENDING_COMPLETE_AUDIO_AUDIT
222613,28.16,IFA_86_20_3420.wav,44100,23-08-20 00:00,mosquito,an funestus ss,Female,f,Single,,LT,telinga,tascam,Tanzania,Kilombero District,Morogoro,Ifakara,cup,222613.wav,IFA_86_20_3420.wav,Tanzania|Ifakara|cup|23-08-20 00:00,excluded,date has only one eligible species; exclude date confound,anopheles_funestus_ss,raw/humbug_core/222613.wav,CANDIDATE_PENDING_COMPLETE_AUDIO_AUDIT
222597,33.28,IFA_86_21_3421.wav,44100,23-08-20 00:00,mosquito,an funestus ss,Female,f,Single,,LT,telinga,tascam,Tanzania,Kilombero District,Morogoro,Ifakara,cup,222597.wav,IFA_86_21_3421.wav,Tanzania|Ifakara|cup|23-08-20 00:00,excluded,date has only one eligible species; exclude date confound,anopheles_funestus_ss,raw/humbug_core/222597.wav,CANDIDATE_PENDING_COMPLETE_AUDIO_AUDIT
222592,30.72,IFA_86_22_3422.wav,44100,23-08-20 00:00,mosquito,an funestus ss,Female,f,Single,,LT,telinga,tascam,Tanzania,Kilombero District,Morogoro,Ifakara,cup,222592.wav,IFA_86_22_3422.wav,Tanzania|Ifakara|cup|23-08-20 00:00,excluded,date has only one eligible species; exclude date confound,anopheles_funestus_ss,raw/humbug_core/222592.wav,CANDIDATE_PENDING_COMPLETE_AUDIO_AUDIT
222608,10.24,IFA_86_23_3423.wav,44100,23-08-20 00:00,mosquito,an funestus ss,Female,f,Single,,LT,telinga,tascam,Tanzania,Kilombero District,Morogoro,Ifakara,cup,222608.wav,IFA_86_23_3423.wav,Tanzania|Ifakara|cup|23-08-20 00:00,excluded,date has only one eligible species; exclude date confound,anopheles_funestus_ss,raw/humbug_core/222608.wav,CANDIDATE_PENDING_COMPLETE_AUDIO_AUDIT
222609,12.8,IFA_86_23_3423.wav,44100,23-08-20 00:00,mosquito,an funestus ss,Female,f,Single,,LT,telinga,tascam,Tanzania,Kilombero District,Morogoro,Ifakara,cup,222609.wav,IFA_86_23_3423.wav,Tanzania|Ifakara|cup|23-08-20 00:00,excluded,date has only one eligible species; exclude date confound,anopheles_funestus_ss,raw/humbug_core/222609.wav,CANDIDATE_PENDING_COMPLETE_AUDIO_AUDIT
222594,48.58,IFA_86_24_3424.wav,44100,23-08-20 00:00,mosquito,an funestus ss,Female,f,Single,,LT,telinga,tascam,Tanzania,Kilombero District,Morogoro,Ifakara,cup,222594.wav,IFA_86_24_3424.wav,Tanzania|Ifakara|cup|23-08-20 00:00,excluded,date has only one eligible species; exclude date confound,anopheles_funestus_ss,raw/humbug_core/222594.wav,CANDIDATE_PENDING_COMPLETE_AUDIO_AUDIT
222620,30.72,IFA_86_25_3425.wav,44100,23-08-20 00:00,mosquito,an funestus ss,Female,f,Single,,LT,telinga,tascam,Tanzania,Kilombero District,Morogoro,Ifakara,cup,222620.wav,IFA_86_25_3425.wav,Tanzania|Ifakara|cup|23-08-20 00:00,excluded,date has only one eligible species; exclude date confound,anopheles_funestus_ss,raw/humbug_core/222620.wav,CANDIDATE_PENDING_COMPLETE_AUDIO_AUDIT
222621,30.72,IFA_86_26_3426.wav,44100,23-08-20 00:00,mosquito,an funestus ss,Female,f,Single,,LT,telinga,tascam,Tanzania,Kilombero District,Morogoro,Ifakara,cup,222621.wav,IFA_86_26_3426.wav,Tanzania|Ifakara|cup|23-08-20 00:00,excluded,date has only one eligible species; exclude date confound,anopheles_funestus_ss,raw/humbug_core/222621.wav,CANDIDATE_PENDING_COMPLETE_AUDIO_AUDIT
222606,56.26,IFA_86_27_3427.wav,44100,23-08-20 00:00,mosquito,an funestus ss,Female,f,Single,,LT,telinga,tascam,Tanzania,Kilombero District,Morogoro,Ifakara,cup,222606.wav,IFA_86_27_3427.wav,Tanzania|Ifakara|cup|23-08-20 00:00,excluded,date has only one eligible species; exclude date confound,anopheles_funestus_ss,raw/humbug_core/222606.wav,CANDIDATE_PENDING_COMPLETE_AUDIO_AUDIT
222599,23.04,IFA_86_28_3428.wav,44100,23-08-20 00:00,mosquito,an funestus ss,Female,f,Single,,LT,telinga,tascam,Tanzania,Kilombero District,Morogoro,Ifakara,cup,222599.wav,IFA_86_28_3428.wav,Tanzania|Ifakara|cup|23-08-20 00:00,excluded,date has only one eligible species; exclude date confound,anopheles_funestus_ss,raw/humbug_core/222599.wav,CANDIDATE_PENDING_COMPLETE_AUDIO_AUDIT
222617,38.34,IFA_86_29_3429.wav,44100,23-08-20 00:00,mosquito,an funestus ss,Female,f,Single,,LT,telinga,tascam,Tanzania,Kilombero District,Morogoro,Ifakara,cup,222617.wav,IFA_86_29_3429.wav,Tanzania|Ifakara|cup|23-08-20 00:00,excluded,date has only one eligible species; exclude date confound,anopheles_funestus_ss,raw/humbug_core/222617.wav,CANDIDATE_PENDING_COMPLETE_AUDIO_AUDIT
222602,38.34,IFA_86_30_3430.wav,44100,23-08-20 00:00,mosquito,an funestus ss,Female,t,Single,,LT,telinga,tascam,Tanzania,Kilombero District,Morogoro,Ifakara,cup,222602.wav,IFA_86_30_3430.wav,Tanzania|Ifakara|cup|23-08-20 00:00,excluded,outside prespecified Female / fed=f / LT / Single cohort,anopheles_funestus_ss,raw/humbug_core/222602.wav,CANDIDATE_PENDING_COMPLETE_AUDIO_AUDIT
222619,38.34,IFA_86_31_3431.wav,44100,23-08-20 00:00,mosquito,an funestus ss,Female,f,Single,,LT,telinga,tascam,Tanzania,Kilombero District,Morogoro,Ifakara,cup,222619.wav,IFA_86_31_3431.wav,Tanzania|Ifakara|cup|23-08-20 00:00,excluded,date has only one eligible species; exclude date confound,anopheles_funestus_ss,raw/humbug_core/222619.wav,CANDIDATE_PENDING_COMPLETE_AUDIO_AUDIT
222603,30.72,IFA_86_32_3432.wav,44100,23-08-20 00:00,mosquito,an funestus ss,Female,f,Single,,LT,telinga,tascam,Tanzania,Kilombero District,Morogoro,Ifakara,cup,222603.wav,IFA_86_32_3432.wav,Tanzania|Ifakara|cup|23-08-20 00:00,excluded,date has only one eligible species; exclude date confound,anopheles_funestus_ss,raw/humbug_core/222603.wav,CANDIDATE_PENDING_COMPLETE_AUDIO_AUDIT
222600,23.04,IFA_86_33_3433.wav,44100,23-08-20 00:00,mosquito,an funestus ss,Female,f,Single,,LT,telinga,tascam,Tanzania,Kilombero District,Morogoro,Ifakara,cup,222600.wav,IFA_86_33_3433.wav,Tanzania|Ifakara|cup|23-08-20 00:00,excluded,date has only one eligible species; exclude date confound,anopheles_funestus_ss,raw/humbug_core/222600.wav,CANDIDATE_PENDING_COMPLETE_AUDIO_AUDIT
222616,38.34,IFA_86_35_3435.wav,44100,23-08-20 00:00,mosquito,an funestus ss,Female,f,Single,,LT,telinga,tascam,Tanzania,Kilombero District,Morogoro,Ifakara,cup,222616.wav,IFA_86_35_3435.wav,Tanzania|Ifakara|cup|23-08-20 00:00,excluded,date has only one eligible species; exclude date confound,anopheles_funestus_ss,raw/humbug_core/222616.wav,CANDIDATE_PENDING_COMPLETE_AUDIO_AUDIT
222604,33.28,IFA_86_36_3436.wav,44100,23-08-20 00:00,mosquito,an funestus ss,Female,f,Single,,LT,telinga,tascam,Tanzania,Kilombero District,Morogoro,Ifakara,cup,222604.wav,IFA_86_36_3436.wav,Tanzania|Ifakara|cup|23-08-20 00:00,excluded,date has only one eligible species; exclude date confound,anopheles_funestus_ss,raw/humbug_core/222604.wav,CANDIDATE_PENDING_COMPLETE_AUDIO_AUDIT
222598,35.84,IFA_86_37_3437.wav,44100,23-08-20 00:00,mosquito,an funestus ss,Female,f,Single,,LT,telinga,tascam,Tanzania,Kilombero District,Morogoro,Ifakara,cup,222598.wav,IFA_86_37_3437.wav,Tanzania|Ifakara|cup|23-08-20 00:00,excluded,date has only one eligible species; exclude date confound,anopheles_funestus_ss,raw/humbug_core/222598.wav,CANDIDATE_PENDING_COMPLETE_AUDIO_AUDIT
222618,35.84,IFA_86_38_3438.wav,44100,23-08-20 00:00,mosquito,an funestus ss,Female,t,Single,,LT,telinga,tascam,Tanzania,Kilombero District,Morogoro,Ifakara,cup,222618.wav,IFA_86_38_3438.wav,Tanzania|Ifakara|cup|23-08-20 00:00,excluded,outside prespecified Female / fed=f / LT / Single cohort,anopheles_funestus_ss,raw/humbug_core/222618.wav,CANDIDATE_PENDING_COMPLETE_AUDIO_AUDIT
222615,30.72,IFA_86_39_3439.wav,44100,23-08-20 00:00,mosquito,an funestus ss,Female,f,Single,,LT,telinga,tascam,Tanzania,Kilombero District,Morogoro,Ifakara,cup,222615.wav,IFA_86_39_3439.wav,Tanzania|Ifakara|cup|23-08-20 00:00,excluded,date has only one eligible species; exclude date confound,anopheles_funestus_ss,raw/humbug_core/222615.wav,CANDIDATE_PENDING_COMPLETE_AUDIO_AUDIT
222585,25.6,IFA_86_40_3440.wav,44100,23-08-20 00:00,mosquito,an funestus ss,Female,f,Single,,LT,telinga,tascam,Tanzania,Kilombero District,Morogoro,Ifakara,cup,222585.wav,IFA_86_40_3440.wav,Tanzania|Ifakara|cup|23-08-20 00:00,excluded,date has only one eligible species; exclude date confound,anopheles_funestus_ss,raw/humbug_core/222585.wav,CANDIDATE_PENDING_COMPLETE_AUDIO_AUDIT
222586,40.9,IFA_87_10_3450.wav,44100,23-08-20 00:00,mosquito,an funestus ss,Female,f,Single,,LT,telinga,tascam,Tanzania,Kilombero District,Morogoro,Ifakara,cup,222586.wav,IFA_87_10_3450.wav,Tanzania|Ifakara|cup|23-08-20 00:00,excluded,date has only one eligible species; exclude date confound,anopheles_funestus_ss,raw/humbug_core/222586.wav,CANDIDATE_PENDING_COMPLETE_AUDIO_AUDIT
222596,40.9,IFA_87_11_3451.wav,44100,23-08-20 00:00,mosquito,an funestus ss,Female,f,Single,,LT,telinga,tascam,Tanzania,Kilombero District,Morogoro,Ifakara,cup,222596.wav,IFA_87_11_3451.wav,Tanzania|Ifakara|cup|23-08-20 00:00,excluded,date has only one eligible species; exclude date confound,anopheles_funestus_ss,raw/humbug_core/222596.wav,CANDIDATE_PENDING_COMPLETE_AUDIO_AUDIT
222614,38.4,IFA_87_12_3452.wav,44100,23-08-20 00:00,mosquito,an funestus ss,Female,f,Single,,LT,telinga,tascam,Tanzania,Kilombero District,Morogoro,Ifakara,cup,222614.wav,IFA_87_12_3452.wav,Tanzania|Ifakara|cup|23-08-20 00:00,excluded,date has only one eligible species; exclude date confound,anopheles_funestus_ss,raw/humbug_core/222614.wav,CANDIDATE_PENDING_COMPLETE_AUDIO_AUDIT
